性价比,价差,参考价,样本数,评分,标题,型号,品牌,类目,成色,价格,币种,购买方式,标记,所在地,卖家,好评率,上架时间,结束时间,链接,图片
抄底,-55%,177.75,80,116.0,[Near MINT] Mamiya Press Super 23 Back Medium Film Camera Body Only From JAPAN,mamiya 23,Mamiya,Film Cameras,Used,79.9,USD,FIXED_PRICE,grail:Mamiya Press;good-cond,JP,f1-camera,100.0,2026-08-08T14:14:19.000Z,,https://www.ebay.com/itm/336732902868?hash=item4e66d855d4:g:V4UAAeSwVjtqdzpy,https://i.ebayimg.com/images/g/V4UAAeSwVjtqdzpy/s-l225.jpg
抄底,-68%,284.94,80,116.0,[EXC+] CONTAX T2 genuine strap 68cm/ Focus Guide,contax t2,Contax,Film Cameras,Used,91.02,USD,"FIXED_PRICE,BEST_OFFER",grail:CONTAX T2;good-cond,JP,mgaaoetom10rbmjc-1,99.1,2026-08-08T16:17:52.000Z,,https://www.ebay.com/itm/236993948035?hash=item372df0a983:g:4JYAAeSw4VRqd1cu,https://i.ebayimg.com/images/g/4JYAAeSw4VRqd1cu/s-l225.jpg
抄底,-56%,113.0,80,106.0,"""EXC +5 Hood"" Mamiya Sekor Z 250mm f/4.5 W MF Lens RZ67 Pro Pro II D JAPAN 5243",mamiya sekor 250mm f4.5,Mamiya,Lenses,Used,49.9,USD,FIXED_PRICE,grail:RZ67;good-cond,JP,nexus_h_0,100.0,2026-08-08T22:12:22.000Z,,https://www.ebay.com/itm/377404344433?hash=item57df0d4871:g:23IAAeSwXudqd6jv,https://i.ebayimg.com/images/g/23IAAeSwXudqd6jv/s-l225.jpg
抄底,-56%,113.0,80,106.0,"""EXC +5 Hood"" Mamiya Sekor Z 250mm f/4.5 W MF Lens RZ67 Pro Pro II D JAPAN 5243",mamiya sekor 250mm f4.5,Mamiya,Lenses,Used,49.9,USD,FIXED_PRICE,grail:RZ67;good-cond,JP,dimex_llc,98.7,2026-08-08T22:12:08.000Z,,https://www.ebay.com/itm/327301307676?hash=item4c34ad9d1c:g:tSYAAeSwRpxqd6jx,https://i.ebayimg.com/images/g/tSYAAeSwRpxqd6jx/s-l225.jpg
抄底,-54%,129.44,80,106.0,Read! *Exc+5* Olympus mju μ stylus zoom 140 Point & Shoot Film Camera From JAPAN,olympus stylus 140,Olympus,Film Cameras,Used,59.9,USD,FIXED_PRICE,grail:mju;good-cond,JP,made-1n-japan,100.0,2026-08-09T04:29:52.000Z,,https://www.ebay.com/itm/336733614753?hash=item4e66e332a1:g:QFkAAeSwXudqeAK5,https://i.ebayimg.com/images/g/QFkAAeSwXudqeAK5/s-l225.jpg
抄底,-80%,482.42,80,106.0,■Good condition■ MAMIYA RZ67 PRO 220 film cartridge,mamiya rz67,Mamiya,Film Cameras,Used,97.34,USD,"FIXED_PRICE,BEST_OFFER",grail:RZ67,JP,mgaaoetom10rbmjc-1,99.1,2026-08-08T16:18:51.000Z,,https://www.ebay.com/itm/236993949012?hash=item372df0ad54:g:AIsAAeSw1yVqd1ge,https://i.ebayimg.com/images/g/AIsAAeSw1yVqd1ge/s-l225.jpg
抄底,-55%,379.99,80,106.0,[Top MINT] Voigtlander Angle Finder 15mm Attachment for Hasselblad SWC Japan,voigtlander 15mm,Voigtlander,Lenses,Used,169.99,USD,FIXED_PRICE,grail:SWC;good-cond,JP,omotenashi_shop_japan,99.4,2026-08-08T09:47:29.000Z,,https://www.ebay.com/itm/168597802237?hash=item2741364cfd:g:3KIAAeSwaJdqdvxg,https://i.ebayimg.com/images/g/3KIAAeSwaJdqdvxg/s-l225.jpg
抄底,-45%,709.5,18,106.0,LEITZ WETZLAR LEICA Elmarit-R 35mm f2.8 Wide Angle Lens 3 CAM [Near MINT] JAPAN,leitz elmarit 35mm f2.8,Leitz,Lenses,Used,389.0,USD,FIXED_PRICE,grail:Elmarit;good-cond,JP,samura1_camera_japan,99.5,2026-08-09T00:50:04.000Z,,https://www.ebay.com/itm/407130408586?hash=item5ecadd068a:g:wk4AAeSwrKZqd8~r,https://i.ebayimg.com/images/g/wk4AAeSwrKZqd8~r/s-l225.jpg
超值,-36%,899.99,80,105.0,Tested [Near MINT] Contax G1 Rangefinder Film Camera Sonnar 90mm f2.8 Lens JAPAN,contax g1,Contax,Film Cameras,Used,579.99,USD,FIXED_PRICE,grail:Contax G1;good-cond,JP,hakusan_camera,100.0,2026-08-08T09:45:48.000Z,,https://www.ebay.com/itm/198556094790?hash=item2e3add9146:g:x-cAAeSwUrdqdvvB,https://i.ebayimg.com/images/g/x-cAAeSwUrdqdvvB/s-l225.jpg
抄底,-64%,703.68,49,102.0,VINTAGE CAMERA LEICA ERNST LEITZ GERMANY PHOTO WETZLAR 35mm LENS ELMAR 1:4/90,leica ernst leitz,Leica,Vintage Cameras,,249.99,USD,"FIXED_PRICE,BEST_OFFER",grail:ELMAR,US,windycityraider94,99.2,2026-08-09T00:50:27.000Z,,https://www.ebay.com/itm/267751545759?hash=item3e573c5b9f:g:i9gAAeSw2L1qd86A,https://i.ebayimg.com/images/g/i9gAAeSw2L1qd86A/s-l225.jpg
抄底,-68%,863.62,80,102.0,Excellent Contax IIIa & 50mm Sonnar T f2,contax f2,Contax,Film Cameras,Used,275.0,USD,"FIXED_PRICE,BEST_OFFER",grail:Sonnar,US,joanf209,100.0,2026-08-08T20:51:36.000Z,,https://www.ebay.com/itm/336733312922?hash=item4e66de979a:g:AhcAAeSwiodqd5Lp,https://i.ebayimg.com/images/g/AhcAAeSwiodqd5Lp/s-l225.jpg
抄底,-57%,845.43,46,102.0,[ MINT ] SMC Pentax 645 A 75mm F/2.8 Standard MF Lens for 645 N NII From JAPAN,pentax smc 75mm f2.8,Pentax,Lenses,Used,359.99,USD,FIXED_PRICE,grail:645;mount:pentax k;good-cond,JP,aga-8114,100.0,2026-08-09T02:04:30.000Z,,https://www.ebay.com/itm/236994693120?hash=item372dfc0800:g:wBIAAeSwFz1qd-Dk,https://i.ebayimg.com/images/g/wBIAAeSwFz1qd-Dk/s-l225.jpg
抄底,-48%,845.43,46,102.0,Rare URUSHI [Top MINT] SMC Pentax A 645 75mm f/2.8 Lens for 645 N NII From JAPAN,pentax smc 75mm f2.8,Pentax,Lenses,Used,439.99,USD,FIXED_PRICE,grail:645;mount:pentax k;good-cond,JP,n-camera-japan,100.0,2026-08-08T09:46:03.000Z,,https://www.ebay.com/itm/800478229677?hash=itemba603874ad:g:s48AAeSwRpxqdvuV,https://i.ebayimg.com/images/g/s48AAeSwRpxqdvuV/s-l225.jpg
超值,-39%,899.99,80,100.0,Green Label【EXC+5 in Box】 Contax G1 Rangefinder 35mm Film Camera Body From JAPAN,contax g1,Contax,Film Cameras,Used,549.99,USD,FIXED_PRICE,grail:Contax G1;good-cond,JP,classic-camera-japan-harada,100.0,2026-08-09T02:26:20.000Z,,https://www.ebay.com/itm/257669993008?hash=item3bfe541230:g:cMAAAeSwIL9qIIFA,https://i.ebayimg.com/images/g/cMAAAeSwIL9qIIFA/s-l225.jpg
超值,-37%,899.99,80,100.0,📸 Contax G1 Green Label Rangefinder 35mm Film Camera Japan[Mint]0725m,contax g1,Contax,Film Cameras,Used,569.99,USD,"FIXED_PRICE,BEST_OFFER",grail:Contax G1;good-cond,JP,jp-craft-lab,100.0,2026-08-09T01:00:01.000Z,,https://www.ebay.com/itm/198555835765?hash=item2e3ad99d75:g:Cu4AAeSwcShqdtPN,https://i.ebayimg.com/images/g/Cu4AAeSwcShqdtPN/s-l225.jpg
抄底,-55%,1000.0,80,99.0,[N MINT] Voigtlander BESSA-R Black Rangefinder 35mm Film Camera Body JAPAN,voigtlander bessa-r,Voigtlander,Film Cameras,Used,449.99,USD,FIXED_PRICE,good-cond,JP,zakky-camera-japan,99.8,2026-08-08T21:00:37.000Z,,https://www.ebay.com/itm/800479675147?hash=itemba604e830b:g:UtYAAeSwaRZqd5k3,https://i.ebayimg.com/images/g/UtYAAeSwaRZqd5k3/s-l225.jpg
抄底,-54%,1000.0,80,99.0,[Near MINT] Voigtlander BESSA-R Silver Rangefinder Film Camera Body From JAPAN,voigtlander bessa-r,Voigtlander,Film Cameras,Used,459.99,USD,FIXED_PRICE,good-cond,JP,daihama_8,100.0,2026-08-08T23:59:58.000Z,,https://www.ebay.com/itm/407130346073?hash=item5ecadc1259:g:d1oAAeSwQzFqd8N5,https://i.ebayimg.com/images/g/d1oAAeSwQzFqd8N5/s-l225.jpg
抄底,-52%,4999.99,21,99.0,Leitz Leica M2 Chrome Lever Rewind With Box #1049175,leitz m2,Leitz,Film Cameras,Used,2421.14,USD,"FIXED_PRICE,BEST_OFFER",grail:Leica M2,AT,mintandrare,99.9,2026-08-08T20:36:00.000Z,,https://www.ebay.com/itm/147491791420?hash=item225732223c:g:nsUAAeSwjRtqdz9a,https://i.ebayimg.com/images/g/nsUAAeSwjRtqdz9a/s-l225.jpg
抄底,-47%,329.99,33,98.0,Carl Zeiss Vario-Sonnar 35-70mm F3.4 Zoom Lens Nikon F Mount,zeiss sonnar 35-70mm f3.4,Zeiss,Lenses,Used,175.0,USD,"FIXED_PRICE,BEST_OFFER",grail:Sonnar;mount:nikon f,US,robarm_5814,100.0,2026-08-08T23:48:50.000Z,,https://www.ebay.com/itm/336733449991?hash=item4e66e0af07:g:a0MAAeSwU4Zqd78U,https://i.ebayimg.com/images/g/a0MAAeSwU4Zqd78U/s-l225.jpg
抄底,-46%,599.0,35,98.0,Leica 65mm f/3.5 Elmar Canada M Mount Lens W/R-mount adapter 14167 US Stock,leica elmar 65mm f3.5,Leica,Lenses,Used,322.05,USD,FIXED_PRICE,grail:Elmar;mount:leica m,US,camera-honpo,99.6,2026-08-08T12:13:20.000Z,,https://www.ebay.com/itm/800478550516?hash=itemba603d59f4:g:998AAeSwtAZqdxvo,https://i.ebayimg.com/images/g/998AAeSwtAZqdxvo/s-l225.jpg
抄底,-72%,122.58,6,96.0,Near MINT in CASE》Konica Standa Big Mini Compact Zoom 35mm Film Camera JAPAN🚀🎁,konica standa big,Konica,Film Cameras,Used,34.45,USD,FIXED_PRICE,grail:Big Mini;good-cond,JP,rtmy19,100.0,2026-08-08T16:42:45.000Z,,https://www.ebay.com/itm/800479134667?hash=itemba604643cb:g:ywEAAOSwC5pmi9Jo,https://i.ebayimg.com/images/g/ywEAAOSwC5pmi9Jo/s-l225.jpg
超值,-31%,245.0,59,96.0,Contax Carl Zeiss Sonnar T* 180mm F2.8 Lens AEG C/Y JAPAN [Exc+5],contax sonnar 180mm f2.8,Contax,Lenses,Used,169.0,USD,FIXED_PRICE,grail:Sonnar;mount:contax/yashica;good-cond,JP,miraisecamera,99.9,2026-08-08T12:22:58.000Z,,https://www.ebay.com/itm/398263180464?hash=item5cba55dcb0:g:bCYAAeSwkB5qAzxz,https://i.ebayimg.com/images/g/bCYAAeSwkB5qAzxz/s-l225.jpg
超值,-27%,547.97,80,96.0,[Top MINT] Voigtlander Nokton 50mm f1.5 Aspherical Leica L39 LTM Lens From Japan,voigtlander nokton 50mm f1.5,Voigtlander,Lenses,Used,399.99,USD,FIXED_PRICE,grail:Nokton;mount:ltm/l39;good-cond,JP,t.watanabe0811,100.0,2026-08-08T05:45:12.000Z,,https://www.ebay.com/itm/366593212982?hash=item555aa88236:g:ehgAAeSwXudqdsNe,https://i.ebayimg.com/images/g/ehgAAeSwXudqdsNe/s-l225.jpg
超值,-26%,589.99,24,96.0,*Near Mint ++ w/ Hood* Hasselblad Tele Tessar C 350mm F/5.6 Lens for V System JP,hasselblad tessar 350mm f5.6,Hasselblad,Lenses,Used,434.69,USD,FIXED_PRICE,grail:Tessar;mount:hasselblad v;good-cond,JP,dub0804-55,100.0,2026-08-08T11:07:35.000Z,,https://www.ebay.com/itm/366593572315?hash=item555aadfddb:g:riYAAOSwsdBmC6z0,https://i.ebayimg.com/images/g/riYAAOSwsdBmC6z0/s-l225.jpg
超值,-34%,771.0,40,96.0,[TOP MINT in Box] Voigtlander NOKTON 35mm f/1.5 Aspherical TypeI VM Japan Lw70,voigtlander nokton 35mm f1.5,Voigtlander,Lenses,Used,509.99,USD,FIXED_PRICE,grail:NOKTON;mount:leica m;good-cond,JP,cooljapangoods,99.5,2026-08-08T08:05:25.000Z,,https://www.ebay.com/itm/178385509687?hash=item29889add37:g:TjUAAeSw2MlqPd6j,https://i.ebayimg.com/images/g/TjUAAeSw2MlqPd6j/s-l225.jpg
抄底,-48%,656.12,80,95.0,【 TOP MINT w/ Hood 】Voigtlander COLOR-SKOPAR 21mm f/4 P VM From JAPAN,voigtlander 21mm f4,Voigtlander,Lenses,Used,339.9,USD,FIXED_PRICE,mount:leica m;good-cond,JP,iseshima_japan_camera,100.0,2026-08-08T13:45:58.000Z,,https://www.ebay.com/itm/188761697125?hash=item2bf312eb65:g:rrMAAeSwXudqdzPQ,https://i.ebayimg.com/images/g/rrMAAeSwXudqdzPQ/s-l225.jpg
超值,-45%,5999.45,20,95.0,w/Hood [MINT In Box] Contax Carl Zeiss Planar T* 80mm f2 Lens For 645 From JAPAN,contax planar 80mm f2,Contax,Lenses,Used,3299.99,USD,FIXED_PRICE,grail:645;good-cond,JP,myon-38,99.7,2026-08-09T00:38:57.000Z,,https://www.ebay.com/itm/318699878424?hash=item4a33fe3818:g:pwMAAeSwyedqd80V,https://i.ebayimg.com/images/g/pwMAAeSwyedqd80V/s-l225.jpg
抄底,-77%,2649.99,10,93.0,Carl Zeiss Planar C T* 80mm f/2 for Hasselblad 500cm Medium Format film cameras,zeiss planar 80mm f2,Zeiss,Lenses,Used,599.95,USD,"FIXED_PRICE,BEST_OFFER",grail:500cm,US,heritage_camera,100.0,2026-08-08T14:01:01.000Z,,https://www.ebay.com/itm/287507993585?hash=item42f0cfd3f1:g:XccAAeSwMCBqdNnV,https://i.ebayimg.com/images/g/XccAAeSwMCBqdNnV/s-l225.jpg
偏低,-21%,3274.95,80,93.0,2 Lens ⏯️ [MINT+++] Contax G2 35mm Film Camera Planar 45mm 90mm Lens From Japan,contax g2,Contax,Film Cameras,Used,2599.99,USD,FIXED_PRICE,grail:Contax G2;good-cond,JP,1st_camera_tokyo,99.1,2026-08-08T05:16:32.000Z,,https://www.ebay.com/itm/377402805641?hash=item57def5cd89:g:MLAAAeSwtlZqdrwr,https://i.ebayimg.com/images/g/MLAAAeSwtlZqdrwr/s-l225.jpg
超值,-35%,866.72,8,92.0,Voigtlander NOKTON 40mm F/1.2 ASPH. (for Canon RF mount) #317 -Near Mint-,voigtlander rf 40mm f1.2,Voigtlander,Lenses,Very Good - Refurbished,566.0,USD,FIXED_PRICE,grail:NOKTON;mount:canon rf;good-cond,JP,mapcamera,100.0,2026-08-08T06:01:49.000Z,,https://www.ebay.com/itm/327300275528?hash=item4c349ddd48:g:k4kAAeSwOfRqdsZB,https://i.ebayimg.com/images/g/k4kAAeSwOfRqdsZB/s-l225.jpg
合理,-6%,2550.0,9,92.0,Meter works [N.MINT] Plaubel Makina W67 6x7 Film Camera Nikkor 55mm f/4.5 JAPAN,plaubel w67,Plaubel,Film Cameras,Used,2399.99,USD,"FIXED_PRICE,BEST_OFFER",grail:6x7;mount:nikon f;55mm;good-cond,JP,teriyaki.japan,99.6,2026-08-08T06:13:51.000Z,,https://www.ebay.com/itm/407128729293?hash=item5ecac366cd:g:CbwAAeSw3ehqR7Wv,https://i.ebayimg.com/images/g/CbwAAeSw3ehqR7Wv/s-l225.jpg
超值,-32%,177.5,36,91.0,[MINT +3] SMC Pentax 67 Soft 120mm f3.5 MF Lens for 6x7 II Film Camera JAPAN,pentax smc 120mm f3.5,Pentax,Lenses,Used,119.99,USD,FIXED_PRICE,grail:Pentax 67;mount:pentax k;good-cond,JP,kaya6610,99.6,2026-08-08T14:00:02.000Z,,https://www.ebay.com/itm/318697915426?hash=item4a33e04422:g:1GgAAeSwbiNqdzbd,https://i.ebayimg.com/images/g/1GgAAeSwbiNqdzbd/s-l225.jpg
抄底,-83%,875.0,8,91.0,HASSELBLAD Acute-Matte D Focusing Screen Split Image for V System Cameras,hasselblad acute-matte focusing,Hasselblad,Film Cameras,Open box,151.69,USD,FIXED_PRICE,mount:hasselblad v,JP,samuraipicksjapan,100.0,2026-08-08T14:00:38.000Z,,https://www.ebay.com/itm/178386373854?hash=item2988a80cde:g:xk4AAeSwKTRqdzbH,https://i.ebayimg.com/images/g/xk4AAeSwKTRqdzbH/s-l225.jpg
抄底,-81%,875.0,8,91.0,HASSELBLAD Acute-Matte D Focusing Screen for V System Cameras,hasselblad acute-matte focusing,Hasselblad,Film Cameras,Open box,162.5,USD,FIXED_PRICE,mount:hasselblad v,JP,samuraipicksjapan,100.0,2026-08-08T14:00:48.000Z,,https://www.ebay.com/itm/178386374087?hash=item2988a80dc7:g:0xAAAeSwdUJqdzfC,https://i.ebayimg.com/images/g/0xAAAeSwdUJqdzfC/s-l225.jpg
超值,-42%,164.97,38,90.0,[Top MINT] Zenza Bronica Zenzanon MC 150mm f/4 ETR S Si Lens for From JAPAN,bronica 150mm f4,Bronica,Lenses,Used,94.99,USD,FIXED_PRICE,grail:Bronica Zenzanon;good-cond,JP,yutacamerajapan,100.0,2026-08-08T04:32:13.000Z,,https://www.ebay.com/itm/298568521936?hash=item45841218d0:g:BEMAAeSw5VxqdrJ8,https://i.ebayimg.com/images/g/BEMAAeSw5VxqdrJ8/s-l225.jpg
超值,-27%,259.99,69,90.0,Mamiya Sekor C 65mm f/4.5 Wide Angle Lens for RB67 Pro S SD From JAPAN [Exc+5],mamiya sekor 65mm f4.5,Mamiya,Lenses,Used,189.99,USD,FIXED_PRICE,grail:RB67;good-cond,JP,rebirth_japan,100.0,2026-08-08T09:43:00.000Z,,https://www.ebay.com/itm/236993403352?hash=item372de859d8:g:srsAAeSw5UJqdvsX,https://i.ebayimg.com/images/g/srsAAeSw5UJqdvsX/s-l225.jpg
超值,-32%,589.99,24,90.0,[MINT] Hasselblad Carl Zeiss Tele-Tessar C 350mm f/5.6 T* Telephoto Lens JAPAN,hasselblad tessar 350mm f5.6,Hasselblad,Lenses,Used,399.99,USD,FIXED_PRICE,grail:Tessar;good-cond,JP,wasabi.camera_825,100.0,2026-08-08T09:44:24.000Z,,https://www.ebay.com/itm/188760816413?hash=item2bf3057b1d:g:j0wAAeSwgxZqYKH4,https://i.ebayimg.com/images/g/j0wAAeSwgxZqYKH4/s-l225.jpg
超值,-26%,684.99,50,90.0,Read [NEAR MINT w/Case] Ricoh GR1 Black Point & Shoot 35mm Film Camera JAPAN,ricoh gr1,Ricoh,Film Cameras,Used,509.99,USD,"FIXED_PRICE,BEST_OFFER",grail:GR1;good-cond,JP,happy-camera-japan,99.9,2026-08-08T08:43:34.000Z,,https://www.ebay.com/itm/336732576462?hash=item4e66d35ace:g:B-YAAeSw-MdqdwsO,https://i.ebayimg.com/images/g/B-YAAeSw-MdqdwsO/s-l225.jpg
超值,-29%,914.99,80,90.0,[NEAR MINT] FUJICA Fujifilm GW690 Pro 6x9 Medium Format Film Camera From Japan,fujifilm gw690,Fujifilm,Film Cameras,Used,649.99,USD,FIXED_PRICE,grail:GW690;good-cond,JP,unix-sta98,99.5,2026-08-08T10:26:49.000Z,,https://www.ebay.com/itm/800478332780?hash=itemba603a076c:g:F~8AAeSwsHRqaVYs,https://i.ebayimg.com/images/g/F~8AAeSwsHRqaVYs/s-l225.jpg
超值,-32%,949.99,39,90.0,*Near Mint* Pentax 6x7 M-Up TTL Medium Format Film Camera Body from JAPAN #4621,pentax m-up ttl,Pentax,Film Cameras,Used,650.0,USD,FIXED_PRICE,grail:6x7;good-cond,JP,qululu-plus123_jp,100.0,2026-08-08T06:44:12.000Z,,https://www.ebay.com/itm/188760199295?hash=item2bf2fc107f:g:x5EAAeSwg85pFUlV,https://i.ebayimg.com/images/g/x5EAAeSwg85pFUlV/s-l225.jpg
超值,-32%,1088.99,26,90.0,[Near MINT] Fuji Fujifilm Fujica GSW690 Pro Medium Format Film Camera From JAPAN,fuji gsw690,Fuji,Film Cameras,Used,744.99,USD,FIXED_PRICE,grail:GSW690;good-cond,JP,drea7370,100.0,2026-08-08T12:06:40.000Z,,https://www.ebay.com/itm/137598930355?hash=item2009890db3:g:89AAAeSwK~ZqdxxM,https://i.ebayimg.com/images/g/89AAAeSwK~ZqdxxM/s-l225.jpg
超值,-30%,1068.7,80,90.0,【N MINT+】 Hasselblad Carl Zeiss Planar T* C Black 80mm f/2.8 Lens from JAPAN #41,hasselblad planar 80mm f2.8,Hasselblad,Lenses,Used,749.99,USD,FIXED_PRICE,grail:Planar;good-cond,JP,camera_japan_kazu,100.0,2026-08-08T10:40:17.000Z,,https://www.ebay.com/itm/800478358529?hash=itemba603a6c01:g:GgwAAOSwWXVn92Sb,https://i.ebayimg.com/images/g/GgwAAOSwWXVn92Sb/s-l225.jpg
超值,-34%,1451.04,80,90.0,[Near MINT+++] Leica Summilux R 50mm f/1.4 3 cam Lens From JAPAN,leica summilux 50mm f1.4,Leica,Lenses,Used,949.99,USD,FIXED_PRICE,grail:Summilux;good-cond,JP,yamamoto_camera_japan,99.3,2026-08-08T08:06:49.000Z,,https://www.ebay.com/itm/366593361560?hash=item555aaac698:g:yv0AAeSwThVqduQa,https://i.ebayimg.com/images/g/yv0AAeSwThVqduQa/s-l225.jpg
超值,-27%,130.64,73,89.0,[Exc+5] Contax 167MT 35mm SLR Film Camera Body C/Y Mount JAPAN #2997555,contax 167mt,Contax,Film Cameras,Used,94.99,USD,FIXED_PRICE,mount:contax/yashica;good-cond,JP,gyuj-13,100.0,2026-08-08T14:57:39.000Z,,https://www.ebay.com/itm/398263552326?hash=item5cba5b8946:g:N2wAAeSwoTxqd0Gc,https://i.ebayimg.com/images/g/N2wAAeSwoTxqd0Gc/s-l225.jpg
超值,-33%,899.99,33,89.0,*Exc+5 w/ Grip* Linhof Super Technika IV 4x5 Large Format RF Film Camera From JP,linhof super technika,Linhof,Film Cameras,Used,603.74,USD,FIXED_PRICE,mount:canon rf;good-cond,JP,hitonaga-0,100.0,2026-08-08T11:34:15.000Z,,https://www.ebay.com/itm/407129237032?hash=item5ecacb2628:g:D5kAAOSwtcNlvX6a,https://i.ebayimg.com/images/g/D5kAAOSwtcNlvX6a/s-l225.jpg
偏低,-21%,177.75,80,88.0,[EXC] Mamiya Press 23 Standard w/Sekor 90mm F3.5 Lens from Japan #AFJC,mamiya 23,Mamiya,Film Cameras,Used,139.9,USD,FIXED_PRICE,grail:Mamiya Press;good-cond,JP,kat-satak6y,97.4,2026-08-09T01:07:00.000Z,,https://www.ebay.com/itm/327301443230?hash=item4c34afae9e:g:QG0AAeSwh-BpwmR8,https://i.ebayimg.com/images/g/QG0AAeSwh-BpwmR8/s-l225.jpg
偏低,-20%,305.99,81,88.0,[ Almost MINT ] Rollei 35 Silver 35mm Film Camera Tessar 40mm f/3.5 Japan #2718,rollei tessar 35mm f3.5,Rollei,Film Cameras,Used,244.99,USD,FIXED_PRICE,grail:Tessar;good-cond,JP,japan-collection-camera-take,100.0,2026-08-08T09:22:18.000Z,,https://www.ebay.com/itm/398262768873?hash=item5cba4f94e9:g:RzgAAeSwSqppwqPD,https://i.ebayimg.com/images/g/RzgAAeSwSqppwqPD/s-l225.jpg
偏低,-16%,299.0,35,88.0,[Exc+5] Leica Z2X Vario Elmar 35-70mm Lens Point & Shoot Film Camera From JAPAN,leica z2x,Leica,Film Cameras,Used,249.99,USD,"FIXED_PRICE,BEST_OFFER",grail:Elmar;good-cond,JP,happy-camera-japan,99.9,2026-08-08T20:59:55.000Z,,https://www.ebay.com/itm/336733321363?hash=item4e66deb893:g:XA4AAeSwlJNprpRg,https://i.ebayimg.com/images/g/XA4AAeSwlJNprpRg/s-l225.jpg
偏低,-13%,299.0,80,88.0,[Near MINT] Mamiya Universal Press Film Camera 6x9 6x7 back w/ grip From JAPAN,mamiya universal press,Mamiya,Film Cameras,Used,259.9,USD,FIXED_PRICE,grail:6x7;good-cond,JP,camera_port_japan,100.0,2026-08-08T07:04:44.000Z,,https://www.ebay.com/itm/236993195533?hash=item372de52e0d:g:3CkAAeSw3lhqdtWH,https://i.ebayimg.com/images/g/3CkAAeSw3lhqdtWH/s-l225.jpg
偏低,-17%,322.49,66,88.0,[Near MINT] Contax RTS III MF 35mm SLR Film Camera Body From JAPAN,contax rts iii,Contax,Film Cameras,Used,269.0,USD,FIXED_PRICE,grail:Contax RTS;good-cond,JP,samura1_camera_japan,99.5,2026-08-09T00:54:29.000Z,,https://www.ebay.com/itm/407130413121?hash=item5ecadd1841:g:Q-0AAeSwiX5qd9C3,https://i.ebayimg.com/images/g/Q-0AAeSwiX5qd9C3/s-l225.jpg
偏低,-8%,322.49,66,88.0,[MINT] Contax RTS III 35mm SLR Film Camera Body Only From JAPAN,contax rts iii,Contax,Film Cameras,Used,294.99,USD,FIXED_PRICE,grail:Contax RTS;good-cond,JP,camera_japan_chikami,99.7,2026-08-08T12:42:15.000Z,,https://www.ebay.com/itm/336732800975?hash=item4e66d6c7cf:g:OyEAAeSwFkJqdyWR,https://i.ebayimg.com/images/g/OyEAAeSwFkJqdyWR/s-l225.jpg
偏低,-17%,482.42,80,88.0,[Exc+4] Mamiya RZ67 Professional Medium Format Camera Body From JAPAN,mamiya rz67,Mamiya,Film Cameras,Used,399.99,USD,"FIXED_PRICE,BEST_OFFER",grail:RZ67;good-cond,JP,zuishop,100.0,2026-08-08T06:31:34.000Z,,https://www.ebay.com/itm/287512196956?hash=item42f10ff75c:g:4EkAAeSwSG9qducx,https://i.ebayimg.com/images/g/4EkAAeSwSG9qducx/s-l225.jpg
合理,-3%,494.99,81,88.0,【N MINT】 Zenza Bronica S2A Black 2 Film Backs Nikkor P 75mm F2.8 Lens From JAPAN,bronica s2a,Bronica,Film Cameras,Used,479.99,USD,FIXED_PRICE,grail:Bronica S2A;mount:nikon f;good-cond,JP,came_came_camera_from_japan,100.0,2026-08-08T09:06:29.000Z,,https://www.ebay.com/itm/318696982825?hash=item4a33d20929:g:POAAAeSwmiFqdvLF,https://i.ebayimg.com/images/g/POAAAeSwmiFqdvLF/s-l225.jpg
偏低,-22%,704.58,30,88.0,[After Paint Near MINT] Leitz Leica III Black Paint 35mm Rangefinder From JAPAN,leitz leica iii,Leitz,Film Cameras,Used,549.99,USD,FIXED_PRICE,grail:Leica III;good-cond,JP,yamamoto_camera_japan,99.3,2026-08-08T08:07:09.000Z,,https://www.ebay.com/itm/366593362057?hash=item555aaac889:g:wQwAAeSwRQxqduQu,https://i.ebayimg.com/images/g/wQwAAeSwRQxqduQu/s-l225.jpg
偏低,-18%,727.5,46,88.0,⏯️ [TOP MINT w/ Strap] Leica R8 Black 35mm SLR Film Camera Body JAPAN,leica r8,Leica,Film Cameras,Used,599.99,USD,"FIXED_PRICE,BEST_OFFER",grail:Leica R8;good-cond,JP,tomooka_49,100.0,2026-08-08T22:16:12.000Z,,https://www.ebay.com/itm/158168117823?hash=item24d38df23f:g:2-AAAeSw3CxqUwcn,https://i.ebayimg.com/images/g/2-AAAeSw3CxqUwcn/s-l225.jpg
偏低,-19%,2599.99,18,88.0,CLA Grid Screen [Near MINT] Mamiya 645 AFD Film Camera 80mm f2.8 Lens From JAPAN,mamiya afd,Mamiya,Film Cameras,Used,2099.99,USD,FIXED_PRICE,grail:645;good-cond,JP,myon-38,99.7,2026-08-09T00:51:26.000Z,,https://www.ebay.com/itm/318699920516?hash=item4a33fedc84:g:Yz0AAeSwiuJqd8-I,https://i.ebayimg.com/images/g/Yz0AAeSwiuJqd8-I/s-l225.jpg
合理,-7%,2699.99,80,88.0,⏯️LATE [MINT++] Hasselblad 500CM Film Camera Body CF 80mm f/2.8 Lens A12 From JP,hasselblad 80mm f2.8,Hasselblad,Film Cameras,Used,2499.99,USD,FIXED_PRICE,grail:500CM;mount:hasselblad v;good-cond,JP,1st_camera_tokyo,99.1,2026-08-08T05:05:45.000Z,,https://www.ebay.com/itm/377402790003?hash=item57def59073:g:acMAAeSwDO5qdrod,https://i.ebayimg.com/images/g/acMAAeSwDO5qdrod/s-l225.jpg
偏低,-8%,3274.95,80,88.0,3 Lens Tested [MINT] Contax G2 Film Camera 28mm 45mm 90mm Lens Caps From JAPAN,contax g2,Contax,Film Cameras,Used,2999.0,USD,FIXED_PRICE,grail:Contax G2;good-cond,JP,kawamura-camera,99.7,2026-08-09T00:05:44.000Z,,https://www.ebay.com/itm/117348046106?hash=item1b527d151a:g:C-UAAeSwmE9qdGBz,https://i.ebayimg.com/images/g/C-UAAeSwmE9qdGBz/s-l225.jpg
超值,-40%,4999.99,21,88.0,Leitz Leica M2 Chrome Button Rewind With Ultron 2/35Mm Asph II,leitz m2,Leitz,Film Cameras,Used,3026.73,USD,"FIXED_PRICE,BEST_OFFER",grail:Leica M2,AT,mintandrare,99.9,2026-08-08T20:36:05.000Z,,https://www.ebay.com/itm/147491791622?hash=item2257322306:g:IJ0AAeSwVopqdz2w,https://i.ebayimg.com/images/g/IJ0AAeSwVopqdz2w/s-l225.jpg
合理,+11%,899.99,80,87.0,[Top MINT] Contax G1 Rangefinder Film Camera Biogon 28mm f/2.8 Lens From JAPAN,contax g1,Contax,Film Cameras,Used,999.99,USD,FIXED_PRICE,grail:Contax G1;good-cond,JP,yuihitomi,100.0,2026-08-09T03:31:48.000Z,,https://www.ebay.com/itm/206476562631?hash=item3012f650c7:g:2RgAAeSwJoxqd~Vc,https://i.ebayimg.com/images/g/2RgAAeSwJoxqd~Vc/s-l225.jpg
合理,+1%,3274.95,80,87.0,[MINT] Contax G2 Rangefinder Film Camera G Planar 35mm F2 Lens TLA200 From JAPAN,contax g2,Contax,Film Cameras,Used,3300.0,USD,FIXED_PRICE,grail:Contax G2;good-cond,JP,zen-camera-japan,99.6,2026-08-08T07:05:08.000Z,,https://www.ebay.com/itm/188760270813?hash=item2bf2fd27dd:g:8t8AAeSwiiFqdtXg,https://i.ebayimg.com/images/g/8t8AAeSwiiFqdtXg/s-l225.jpg
合理,+9%,3274.95,80,87.0,[ MINT ] Contax G2 35mm Film Camera + Planar 45mm + TLA 200 w/ Strap From JAPAN,contax g2,Contax,Film Cameras,Used,3569.99,USD,FIXED_PRICE,grail:Contax G2;good-cond,JP,tarmanpuk_0,99.7,2026-08-09T03:44:56.000Z,,https://www.ebay.com/itm/287513845219?hash=item42f1291de3:g:-NQAAeSwDgxqAATS,https://i.ebayimg.com/images/g/-NQAAeSwDgxqAATS/s-l225.jpg
超值,-31%,274.51,41,86.0,[Top MINT +Hood] SMC Pentax FA 150-300mm F5.6 ED IF Lens for 645 N II From JAPAN,pentax smc 150-300mm f5.6,Pentax,Lenses,Used,189.99,USD,FIXED_PRICE,grail:645;mount:pentax k;good-cond,JP,daihama_8,100.0,2026-08-09T00:15:39.000Z,,https://www.ebay.com/itm/407130365100?hash=item5ecadc5cac:g:ZroAAeSw2L1qd8fZ,https://i.ebayimg.com/images/g/ZroAAeSw2L1qd8fZ/s-l225.jpg
超值,-37%,303.49,80,86.0,Rollei 35 Camera | Tessar 40mm f3.5 | Fairly Clean | READ | $190 | #6239xxx | #7,rollei tessar f3.5,Rollei,Film Cameras,Used,190.0,USD,FIXED_PRICE,grail:Tessar,US,vintagephotographica,99.8,2026-08-08T22:18:17.000Z,,https://www.ebay.com/itm/327301313870?hash=item4c34adb54e:g:b5QAAeSw3Bxqd6kI,https://i.ebayimg.com/images/g/b5QAAeSw3Bxqd6kI/s-l225.jpg
超值,-33%,727.5,46,86.0,Leica R8 Black/Silver 35mm Film SLR Camera Body R Mount USA Seller Tested W Box!,leica r8,Leica,Film Cameras,Used,487.3,USD,FIXED_PRICE,grail:Leica R8,US,secondhandshutterllc,99.8,2026-08-08T21:31:32.000Z,,https://www.ebay.com/itm/168599030704?hash=item2741490bb0:g:2nsAAeSwUKBqJ0Mg,https://i.ebayimg.com/images/g/2nsAAeSwUKBqJ0Mg/s-l225.jpg
超值,-34%,1024.99,80,86.0,Excellent Leica IIIf & Summitar 5cm f2 body #597560-Lens #860228,leica f2,Leica,Film Cameras,Used,675.0,USD,"FIXED_PRICE,BEST_OFFER",grail:Leica IIIf,US,joanf209,100.0,2026-08-08T19:55:34.000Z,,https://www.ebay.com/itm/336733255435?hash=item4e66ddb70b:g:o38AAeSwRpxqd4Sn,https://i.ebayimg.com/images/g/o38AAeSwRpxqd4Sn/s-l225.jpg
偏低,-21%,149.99,52,84.0,Carl Zeiss Vario-Sonnar 80-200mm F4 T* MMJ C/Y MF Lens from Japan [Exc+3],zeiss sonnar 80-200mm f4,Zeiss,Lenses,Used,119.0,USD,FIXED_PRICE,grail:Sonnar;mount:contax/yashica;good-cond,JP,aa2com,100.0,2026-08-08T08:25:33.000Z,,https://www.ebay.com/itm/236993282967?hash=item372de68397:g:8qkAAeSw-zVqdrTf,https://i.ebayimg.com/images/g/8qkAAeSw-zVqdrTf/s-l225.jpg
偏低,-8%,192.69,6,84.0,《 TOP MINT in BOX》SHARAN Leica IIIf Swedish Army Model Miniature Camera JAPAN✈🎁,leica iiif swedish,Leica,Film Cameras,Used,177.22,USD,FIXED_PRICE,grail:Leica IIIf;good-cond,JP,rtmy19,100.0,2026-08-08T16:42:45.000Z,,https://www.ebay.com/itm/800479134649?hash=itemba604643b9:g:3~IAAOSwP3dkrUPf,https://i.ebayimg.com/images/g/3~IAAOSwP3dkrUPf/s-l225.jpg
偏低,-24%,317.25,73,84.0,[MINT] Contax Carl Zeiss S-Planar T* 60mm f/2.8 AEJ MF Lens C/Y From JAPAN,contax planar 60mm f2.8,Contax,Lenses,Used,239.99,USD,FIXED_PRICE,grail:Planar;mount:contax/yashica;good-cond,JP,beryg_camera-japan,100.0,2026-08-08T11:09:12.000Z,,https://www.ebay.com/itm/800478410036?hash=itemba603b3534:g:cY0AAeSwvnpqdw7W,https://i.ebayimg.com/images/g/cY0AAeSwvnpqdw7W/s-l225.jpg
偏低,-13%,299.99,80,84.0,【MINT】 Contax Carl Zeiss Tessar T* 45mm f/2.8 Lens AEJ C/Y Mount from JAPAN #036,contax tessar 45mm f2.8,Contax,Lenses,Used,259.99,USD,FIXED_PRICE,grail:Tessar;mount:contax/yashica;good-cond,JP,camera_japan_kazu,100.0,2026-08-08T11:15:40.000Z,,https://www.ebay.com/itm/800478423436?hash=itemba603b698c:g:6tEAAeSwpHRp~80C,https://i.ebayimg.com/images/g/6tEAAeSwpHRp~80C/s-l225.jpg
偏低,-9%,294.5,70,84.0,Olympus OM-4 black With G.ZUIKO AUTO-S 50mm F1.4 [Almost MINT] JAPAN,olympus om-4,Olympus,Film Cameras,Used,269.0,USD,FIXED_PRICE,grail:OM-4;mount:olympus om;good-cond,JP,samura1_camera_japan,99.5,2026-08-09T00:51:32.000Z,,https://www.ebay.com/itm/407130409861?hash=item5ecadd0b85:g:PgYAAeSwMbhqd9AC,https://i.ebayimg.com/images/g/PgYAAeSwMbhqd9AC/s-l225.jpg
偏低,-20%,349.99,81,84.0,[Top MINT w/Cap] Contax Carl Zeiss Distagon 25mm f/2.8 AEG Lens C/Y From JAPAN,contax distagon 25mm f2.8,Contax,Lenses,Used,279.99,USD,FIXED_PRICE,grail:Distagon;mount:contax/yashica;good-cond,JP,camera_japan_chikami,99.7,2026-08-08T12:52:33.000Z,,https://www.ebay.com/itm/336732809179?hash=item4e66d6e7db:g:9iUAAeSwVNpqdydF,https://i.ebayimg.com/images/g/9iUAAeSwVNpqdydF/s-l225.jpg
偏低,-11%,379.99,80,84.0,Contax Carl Zeiss Planar T* 85mm f1.4 AEG Lens for C/Y Mount [Near Mint],contax planar 85mm f1.4,Contax,Lenses,Used,339.0,USD,FIXED_PRICE,grail:Planar;mount:contax/yashica;good-cond,JP,miraisecamera,99.9,2026-08-08T12:08:40.000Z,,https://www.ebay.com/itm/398263136544?hash=item5cba553120:g:VrYAAeSwGqFqDbES,https://i.ebayimg.com/images/g/VrYAAeSwGqFqDbES/s-l225.jpg
偏低,-21%,545.0,77,84.0,[MINT w/Case] Contax Carl Zeiss Distagon T* 18mm f4 MMJ Wide C/Y Lens From JAPAN,contax distagon 18mm f4,Contax,Lenses,Used,428.0,USD,FIXED_PRICE,grail:Distagon;mount:contax/yashica;good-cond,JP,ohmicamerajapan,100.0,2026-08-08T21:31:46.000Z,,https://www.ebay.com/itm/366594202977?hash=item555ab79d61:g:MLAAAeSwiuJqd6C7,https://i.ebayimg.com/images/g/MLAAAeSwiuJqd6C7/s-l225.jpg
偏低,-23%,653.0,19,84.0,Voigtlander HELIAR Classic 50mm F/1.5 for Leica M mount [Near Mint] #7367LJ,voigtlander heliar 50mm f1.5,Voigtlander,Lenses,Used,500.84,USD,FIXED_PRICE,grail:HELIAR;mount:leica m;good-cond,JP,suns_factory-camera_jp,100.0,2026-08-08T11:10:36.000Z,,https://www.ebay.com/itm/236993511536?hash=item372dea0070:g:G9QAAeSwA6tqdw6m,https://i.ebayimg.com/images/g/G9QAAeSwA6tqdw6m/s-l225.jpg
偏低,-18%,678.0,42,84.0,Carl Zeiss Biogon 35mm f/2 ZM T* Silver Lens Leica M Mount w/Original Box -Mint-,zeiss biogon 35mm f2,Zeiss,Lenses,Used,557.49,USD,FIXED_PRICE,grail:Biogon;mount:leica m;good-cond,JP,kobuta_camera0220,100.0,2026-08-08T23:24:17.000Z,,https://www.ebay.com/itm/358902370071?hash=item53903f8f17:g:4lUAAeSwT9VqLeX0,https://i.ebayimg.com/images/g/4lUAAeSwT9VqLeX0/s-l225.jpg
偏低,-21%,718.65,46,84.0,Voigtlander ULTRON 28mm F/2 VM (for Leica M mount) -Near Mint- #232,voigtlander ultron 28mm f2,Voigtlander,Lenses,Very Good - Refurbished,566.0,USD,FIXED_PRICE,grail:ULTRON;mount:leica m;good-cond,JP,mapcamera,100.0,2026-08-09T00:54:44.000Z,,https://www.ebay.com/itm/377404544673?hash=item57df1056a1:g:8BQAAeSw4ulqSFCV,https://i.ebayimg.com/images/g/8BQAAeSw4ulqSFCV/s-l225.jpg
偏低,-11%,1399.99,38,84.0,[NEAR MINT] Olympus OM-3 Ti 35mm SLR Film Camera Titanium Black Body From JAPAN,olympus om-3,Olympus,Film Cameras,Used,1249.99,USD,"FIXED_PRICE,BEST_OFFER",grail:OM-3;mount:olympus om;good-cond,JP,camera_watch.japan,100.0,2026-08-08T06:20:11.000Z,,https://www.ebay.com/itm/178385225576?hash=item2988968768:g:KRMAAeSwcVtp3waZ,https://i.ebayimg.com/images/g/KRMAAeSwcVtp3waZ/s-l225.jpg
超值,-28%,234.44,80,83.0,[Near MINT] Mamiya C220 Pro Medium FormatTLR Film Camera From JAPAN,mamiya c220,Mamiya,Film Cameras,Used,169.9,USD,FIXED_PRICE,good-cond,JP,daya_2548,100.0,2026-08-08T22:16:08.000Z,,https://www.ebay.com/itm/398264656937?hash=item5cba6c6429:g:088AAeSws3Nqd6th,https://i.ebayimg.com/images/g/088AAeSws3Nqd6th/s-l225.jpg
超值,-28%,234.44,80,83.0,🎦[Near MINT] Mamiya C220 Pro TLR 6x6 Medium Format Film Camera Body From JAPAN,mamiya c220,Mamiya,Film Cameras,Used,169.99,USD,"FIXED_PRICE,BEST_OFFER",good-cond,JP,sakesan_japan_collection,100.0,2026-08-08T05:32:17.000Z,,https://www.ebay.com/itm/128016359162?hash=item1dce5e9efa:g:EyIAAeSwDq5ps1qj,https://i.ebayimg.com/images/g/EyIAAeSwDq5ps1qj/s-l225.jpg
超值,-25%,600.7,81,83.0,【MINT+++】Leica Leitz Wetzlar If Red Dial 35mm Film Camera Body From JAPAN,leica leitz wetzlar,Leica,Film Cameras,Used,449.0,USD,FIXED_PRICE,good-cond,JP,ekd_japan,99.7,2026-08-08T04:55:24.000Z,,https://www.ebay.com/itm/178385034309?hash=item2988939c45:g:~y4AAeSwQ0Fqdrae,https://i.ebayimg.com/images/g/~y4AAeSwQ0Fqdrae/s-l225.jpg
超值,-35%,850.0,33,83.0,Meter works Leitz Minolta CL Rangefinder Film Camera From JAPAN Near Mint+++ #2,leitz minolta,Leitz,Film Cameras,Used,549.99,USD,FIXED_PRICE,good-cond,JP,harmony_lens_japan,100.0,2026-08-08T06:28:19.000Z,,https://www.ebay.com/itm/398262374422?hash=item5cba499016:g:W64AAeSwDp1qdsVd,https://i.ebayimg.com/images/g/W64AAeSwDp1qdsVd/s-l225.jpg
超值,-31%,822.46,43,83.0,[Exc+5] Voigtlander BESSA-T 35mm Rangefinder Film Camera Body From JAPAN,voigtlander bessa-t,Voigtlander,Film Cameras,Used,569.99,USD,"FIXED_PRICE,BEST_OFFER",good-cond,JP,zuishop,100.0,2026-08-08T07:11:04.000Z,,https://www.ebay.com/itm/287512228496?hash=item42f1107290:g:HxoAAeSwbjtqdtah,https://i.ebayimg.com/images/g/HxoAAeSwbjtqdtah/s-l225.jpg
超值,-33%,899.99,33,83.0,[Near Mint] Linhof Super Technika V 4x5 9x12 Large Format Camera Body From JAPAN,linhof super technika,Linhof,Film Cameras,Used,600.0,USD,"FIXED_PRICE,BEST_OFFER",good-cond,JP,rodia-aiko-japan,100.0,2026-08-08T14:13:18.000Z,,https://www.ebay.com/itm/398263466212?hash=item5cba5a38e4:g:1XkAAeSwjJxqdzhb,https://i.ebayimg.com/images/g/1XkAAeSwjJxqdzhb/s-l225.jpg
超值,-35%,999.99,26,83.0,Read!【 NEAR MINT 】 Leitz Minolta CL 35mm Film Camera 40mm f2 Lens From Japan,leitz f2,Leitz,Film Cameras,Used,650.0,USD,"FIXED_PRICE,BEST_OFFER",good-cond,JP,yu-na-camera-japan,99.6,2026-08-08T21:42:34.000Z,,https://www.ebay.com/itm/318699317448?hash=item4a33f5a8c8:g:IcYAAeSwvPRp5xjp,https://i.ebayimg.com/images/g/IcYAAeSwvPRp5xjp/s-l225.jpg
合理,-4%,187.0,80,82.0,【Exc+5】 Mamiya C330 Professional TLR 6x6 Film Camera Body WLF From JAPAN,mamiya c330,Mamiya,Film Cameras,Used,179.99,USD,FIXED_PRICE,grail:Mamiya C330;good-cond,JP,atsuin_88,98.9,2026-08-09T00:51:01.000Z,,https://www.ebay.com/itm/128017222641?hash=item1dce6bcbf1:g:zCsAAeSw-klqd9Ak,https://i.ebayimg.com/images/g/zCsAAeSw-klqd9Ak/s-l225.jpg
超值,-38%,399.99,80,82.0,Leica ELMARIT 90mm f/2.8 Leica M Mount Lens Germany,leica elmarit 90mm f2.8,Leica,Lenses,Used,250.0,USD,FIXED_PRICE,grail:ELMARIT;mount:leica m,US,toolsntech6,100.0,2026-08-08T20:35:09.000Z,,https://www.ebay.com/itm/178387263758?hash=item2988b5a10e:g:ysEAAeSwgvRqd5Kf,https://i.ebayimg.com/images/g/ysEAAeSwgvRqd5Kf/s-l225.jpg
合理,+5%,325.0,45,82.0,[Near MINT /Strap] Leica C1 Point & Shoot Film Camera Vario-Elmar 38-105mm JAPAN,leica c1,Leica,Film Cameras,Used,339.99,USD,FIXED_PRICE,grail:Elmar;good-cond,JP,drea7370,100.0,2026-08-08T12:03:24.000Z,,https://www.ebay.com/itm/137598927614?hash=item20098902fe:g:q7UAAeSwr-1qdxvD,https://i.ebayimg.com/images/g/q7UAAeSwr-1qdxvD/s-l225.jpg
合理,-6%,424.73,80,82.0,Late [ Near MINT ] Zenza Bronica S2 Film Camera P 75mm f2.8 Lens from JAPAN,bronica s2,Bronica,Film Cameras,Used,399.99,USD,FIXED_PRICE,grail:Bronica S2;good-cond,JP,kid1173,99.7,2026-08-08T16:07:09.000Z,,https://www.ebay.com/itm/188762201093?hash=item2bf31a9c05:g:gXkAAeSwCclqd1QE,https://i.ebayimg.com/images/g/gXkAAeSwCclqd1QE/s-l225.jpg
合理,+6%,424.73,80,82.0,⏯️Late [ N MINT w/2 Back ] Zenza Bronica S2 Black P 75mm f2.8 Lens from JAPAN,bronica s2,Bronica,Film Cameras,Used,449.99,USD,FIXED_PRICE,grail:Bronica S2;good-cond,JP,kid1173,99.7,2026-08-08T16:08:26.000Z,,https://www.ebay.com/itm/188762209873?hash=item2bf31abe51:g:ctQAAeSwZy5qd1RN,https://i.ebayimg.com/images/g/ctQAAeSwZy5qd1RN/s-l225.jpg
超值,-27%,723.44,16,82.0,Voigtländer Nokton 50mm f/1.1 Prime Manual Focus Lens for Leica M Mount,voigtländer nokton 50mm f1.1,Voigtländer,Lenses,Used,530.0,USD,"FIXED_PRICE,BEST_OFFER",grail:Nokton;mount:leica m,US,blya_5,100.0,2026-08-08T22:05:43.000Z,,https://www.ebay.com/itm/358902186125?hash=item53903cc08d:g:NhoAAeSwk-9qd6gJ,https://i.ebayimg.com/images/g/NhoAAeSwk-9qd6gJ/s-l225.jpg
合理,-4%,644.99,58,82.0,[TOP MINT in Box] Contax S2 60 Years Model 35mm SLR Film Camera From JAPAN,contax s2,Contax,Film Cameras,Used,619.99,USD,"FIXED_PRICE,BEST_OFFER",grail:Contax S2;good-cond,JP,teriyaki.japan,99.6,2026-08-08T06:24:02.000Z,,https://www.ebay.com/itm/407128736425?hash=item5ecac382a9:g:F48AAeSwxOBpLD1u,https://i.ebayimg.com/images/g/F48AAeSwxOBpLD1u/s-l225.jpg
合理,+8%,599.5,20,82.0,Read [ Near MINT ] Zenza Bronica ETR S AE II Zenzanon MC 75mm f/2.8 From JAPAN,bronica etr zenzanon,Bronica,Film Cameras,Used,649.9,USD,FIXED_PRICE,grail:Bronica ETR;good-cond,JP,yuni_camera_japan,100.0,2026-08-08T11:56:44.000Z,,https://www.ebay.com/itm/358900430832?hash=item539021f7f0:g:u98AAeSwBUdqdxpu,https://i.ebayimg.com/images/g/u98AAeSwBUdqdxpu/s-l225.jpg
超值,-27%,1006.0,20,82.0,Leica Leitz Wetzlar Summicron C 40mm f/2 M Mount READ [Excellent] US Stock,leica summicron 40mm f2,Leica,Lenses,Used,734.7,USD,FIXED_PRICE,grail:Summicron;mount:leica m,US,flagshipcamera,99.9,2026-08-09T01:54:38.000Z,,https://www.ebay.com/itm/307115293075?hash=item47817f7993:g:LgAAAeSwGYJqEQ9D,https://i.ebayimg.com/images/g/LgAAAeSwGYJqEQ9D/s-l225.jpg
合理,+11%,899.99,80,82.0,GREEN Label [MINT] Contax G1 35mm Film Camera 45mm Lens From JAPAN,contax g1,Contax,Film Cameras,Used,999.99,USD,FIXED_PRICE,grail:Contax G1;good-cond,JP,kaya6610,99.6,2026-08-08T15:16:42.000Z,,https://www.ebay.com/itm/318698136195?hash=item4a33e3a283:g:iGUAAeSw3C1qd0kT,https://i.ebayimg.com/images/g/iGUAAeSw3C1qd0kT/s-l225.jpg
超值,-27%,1440.26,62,82.0,Voigtlander NOKTON 50mm F/1 Aspherical (for SONY E mount),voigtlander nokton 50mm f1,Voigtlander,Lenses,Open box,1050.0,USD,FIXED_PRICE,grail:NOKTON;mount:sony e,US,nomad003,100.0,2026-08-08T13:22:30.000Z,,https://www.ebay.com/itm/188761612058?hash=item2bf3119f1a:g:vZ0AAeSwAbdqcQU1,https://i.ebayimg.com/images/g/vZ0AAeSwAbdqcQU1/s-l225.jpg
合理,+10%,999.99,25,82.0,[Near MINT] Zenza Bronica SQ-Ai AQ Ai 6x6 Camera PS 80mm f2.8 Lens From JAPAN,bronica sq-ai,Bronica,Film Cameras,Used,1099.99,USD,FIXED_PRICE,grail:Bronica SQ;good-cond,JP,nao_reuse_camera_japan,100.0,2026-08-08T17:09:43.000Z,,https://www.ebay.com/itm/147491489195?hash=item22572d85ab:g:dcQAAeSwAuVqd2OS,https://i.ebayimg.com/images/g/dcQAAeSwAuVqd2OS/s-l225.jpg
合理,+12%,1699.99,55,82.0,【Meter Work! N MINT 3 Lugs w/Strap】 Leica M5 Red Silver Chrome Camera from JAPAN,leica m5,Leica,Film Cameras,Used,1899.9,USD,FIXED_PRICE,grail:Leica M5;good-cond,JP,japanyuichi,100.0,2026-08-08T22:06:18.000Z,,https://www.ebay.com/itm/298570665789?hash=item458432cf3d:g:g08AAeSwWbdqRlI5,https://i.ebayimg.com/images/g/g08AAeSwWbdqRlI5/s-l225.jpg
合理,+12%,1699.99,55,82.0,⏯ [Top MINT w/ Case] Leica M5 Black Rangefinder 35mm Film Camera Body From JAPAN,leica m5,Leica,Film Cameras,Used,1899.99,USD,FIXED_PRICE,grail:Leica M5;good-cond,JP,ninja-camera,100.0,2026-08-08T04:39:54.000Z,,https://www.ebay.com/itm/358899353516?hash=item53901187ac:g:72oAAeSw6glqdrRK,https://i.ebayimg.com/images/g/72oAAeSw6glqdrRK/s-l225.jpg
合理,-2%,2749.49,16,82.0,[MINT] Hasselblad 501C Film Camera Black Body+ F 80mm f/2.8 C Lens From Japan,hasselblad 501c,Hasselblad,Film Cameras,Used,2699.99,USD,FIXED_PRICE,grail:501C;good-cond,JP,unix-sta98,99.5,2026-08-08T10:25:00.000Z,,https://www.ebay.com/itm/800478326732?hash=itemba6039efcc:g:shUAAOSwkyRoNF6d,https://i.ebayimg.com/images/g/shUAAOSwkyRoNF6d/s-l225.jpg
偏低,-10%,349.9,66,81.0,Near MINT Mamiya Sekor C 55mm f/2.8 MF Manual Focus Lens 645 1000S Pro TL JAPAN,mamiya sekor 55mm f2.8,Mamiya,Lenses,Used,313.49,USD,FIXED_PRICE,grail:645;55mm;good-cond,JP,ume-japan,99.7,2026-08-08T23:30:53.000Z,,https://www.ebay.com/itm/128017171598?hash=item1dce6b048e:g:UV0AAeSwdUJqd7wm,https://i.ebayimg.com/images/g/UV0AAeSwdUJqd7wm/s-l225.jpg
超值,-34%,58.73,80,80.0,Zeiss Ikon Contaflex I w/Zeiss-Opton Tessar 45mm f/2.8,zeiss ikon contaflex,Zeiss,Vintage Cameras,,39.0,USD,"FIXED_PRICE,BEST_OFFER",grail:Tessar,US,caramba207,100.0,2026-08-09T00:21:33.000Z,,https://www.ebay.com/itm/278260464957?hash=item40c99dbd3d:g:kOkAAeSw1yVqd8f3,https://i.ebayimg.com/images/g/kOkAAeSw1yVqd8f3/s-l225.jpg
超值,-41%,168.81,80,80.0,[Unused in Box] Nikon FA FE2 Focusing Screen Type E2 From JAPAN,nikon fe2,Nikon,Film Cameras,Used,99.99,USD,FIXED_PRICE,grail:FE2,JP,t.watanabe0811,100.0,2026-08-08T05:37:43.000Z,,https://www.ebay.com/itm/366593206161?hash=item555aa86791:g:cwMAAeSwMcpqdsFd,https://i.ebayimg.com/images/g/cwMAAeSwMcpqdsFd/s-l225.jpg
超值,-33%,149.99,35,80.0,[ EXC5＋ ] Contax Carl Zeiss Tele-Tessar T* 200mm f/3.5 Lens AEJ Japan #r13484,contax tessar 200mm f3.5,Contax,Lenses,Used,100.99,USD,FIXED_PRICE,grail:Tessar,JP,z1came-0,99.7,2026-08-08T15:41:22.000Z,,https://www.ebay.com/itm/407129659012?hash=item5ecad19684:g:2~gAAOSwRtpoLKkp,https://i.ebayimg.com/images/g/2~gAAOSwRtpoLKkp/s-l225.jpg
超值,-33%,299.0,36,80.0,Read!! [Excellent+3] Mamiya K/L 127mm f/3.5 L Lens for RB67 Pro S SD From JAPAN,mamiya 127mm f3.5,Mamiya,Lenses,Used,198.99,USD,"FIXED_PRICE,BEST_OFFER",grail:RB67,JP,camera_watch.japan,100.0,2026-08-08T06:49:10.000Z,,https://www.ebay.com/itm/178385290782?hash=item298897861e:g:SMMAAeSwqBVp4Gf0,https://i.ebayimg.com/images/g/SMMAAeSwqBVp4Gf0/s-l225.jpg
超值,-29%,461.29,80,80.0,[Very Good] Fujifilm Natura Classica 35mm Point & Shoot Film Camera ~ From JAPAN,fujifilm natura,Fujifilm,Film Cameras,Used,329.99,USD,"FIXED_PRICE,BEST_OFFER",grail:Natura,JP,zuishop,100.0,2026-08-08T10:52:28.000Z,,https://www.ebay.com/itm/287512554833?hash=item42f1156d51:g:StMAAeSwSJFqdwrm,https://i.ebayimg.com/images/g/StMAAeSwSJFqdwrm/s-l225.jpg
超值,-42%,687.73,29,80.0,[Excellent+5] Nikon New FM2/T Titan 35mm SLR Film Camera Body from JAPAN,nikon fm2/t titan,Nikon,Film Cameras,Used,399.99,USD,"FIXED_PRICE,BEST_OFFER",grail:FM2,JP,teriyaki.japan,99.6,2026-08-08T05:07:41.000Z,,https://www.ebay.com/itm/407128622822?hash=item5ecac1c6e6:g:D-0AAeSwBVhqdrkT,https://i.ebayimg.com/images/g/D-0AAeSwBVhqdrkT/s-l225.jpg
超值,-28%,628.71,56,80.0,Voigtlander Heliar 50mm f/3.5 Lens From JAPAN,voigtlander heliar 50mm f3.5,Voigtlander,Lenses,Used,449.99,USD,FIXED_PRICE,grail:Heliar,JP,miyuki1_75,100.0,2026-08-08T04:36:06.000Z,,https://www.ebay.com/itm/377402759082?hash=item57def517aa:g:5dwAAeSwnCZqdrGy,https://i.ebayimg.com/images/g/5dwAAeSwnCZqdrGy/s-l225.jpg
偏高,+18%,424.73,80,80.0,Late Model [MINT w/ Case] Zenza Bronica S2 S2A Nikkor P 75mm f/2.8 Lens JAPAN,bronica s2,Bronica,Film Cameras,Used,499.99,USD,FIXED_PRICE,grail:Bronica S2;mount:nikon f;good-cond,JP,ty_camera_japan,100.0,2026-08-08T13:17:55.000Z,,https://www.ebay.com/itm/358900683288?hash=item539025d218:g:giUAAeSw65pqdy07,https://i.ebayimg.com/images/g/giUAAeSw65pqdy07/s-l225.jpg
偏高,+19%,424.73,80,80.0,[ MINT w/Strap ] Zenza Bronica S2 Film Camera Nikkor-PC 75mm f/2.8 From JAPAN,bronica s2,Bronica,Film Cameras,Used,504.59,USD,FIXED_PRICE,grail:Bronica S2;mount:nikon f;good-cond,JP,vintagehighqualitycamerashopymmmcamera,100.0,2026-08-09T02:34:49.000Z,,https://www.ebay.com/itm/398265219871?hash=item5cba74fb1f:g:AO4AAeSwg5hqd-g7,https://i.ebayimg.com/images/g/AO4AAeSwg5hqd-g7/s-l225.jpg
偏高,+19%,494.99,81,80.0,[Exc+5] Zenza Bronica S2A 6x6 Film Camera NIKKOR-P 75mm f/2.8 Lens | From JAPAN,bronica s2a,Bronica,Film Cameras,Used,587.0,USD,FIXED_PRICE,grail:Bronica S2A;mount:nikon f;good-cond,JP,japanhiddengems-12,100.0,2026-08-09T01:00:52.000Z,,https://www.ebay.com/itm/227467886605?hash=item34f624800d:g:2lEAAeSwXudqd9DV,https://i.ebayimg.com/images/g/2lEAAeSwXudqd9DV/s-l225.jpg
超值,-25%,1069.4,16,80.0,Voigtlander HELIAR Classic 50mm F2 Black Manual Focus Lens from Japan D0808,voigtlander heliar 50mm f2,Voigtlander,Lenses,Used,800.18,USD,FIXED_PRICE,grail:HELIAR,JP,kyoto_camera,99.7,2026-08-08T07:23:17.000Z,,https://www.ebay.com/itm/287512238034?hash=item42f11097d2:g:WF8AAeSwd8VqdtkX,https://i.ebayimg.com/images/g/WF8AAeSwd8VqdtkX/s-l225.jpg
超值,-35%,199.9,43,79.0,[Near MINT] Nikon F80D 35mm Film Camera AF Nikkor 35-70mm F3.3-4.5 Lens JAPAN,nikon f80d,Nikon,Film Cameras,Used,129.99,USD,FIXED_PRICE,mount:nikon f;good-cond,JP,echigo-camera-japan,100.0,2026-08-08T22:47:09.000Z,,https://www.ebay.com/itm/318699568743?hash=item4a33f97e67:g:IqUAAeSw5Vxqd7Kh,https://i.ebayimg.com/images/g/IqUAAeSw5Vxqd7Kh/s-l225.jpg
超值,-26%,174.94,80,79.0,[Near MINT] Canon VT Deluxe Rangefinder Film Camera L39 LTM Mount From JAPAN,canon l39,Canon,Film Cameras,Used,129.99,USD,FIXED_PRICE,mount:ltm/l39;good-cond,JP,kaya6610,99.6,2026-08-08T14:24:25.000Z,,https://www.ebay.com/itm/318697971462?hash=item4a33e11f06:g:uxoAAeSwnCZqdzzQ,https://i.ebayimg.com/images/g/uxoAAeSwnCZqdzzQ/s-l225.jpg
超值,-27%,186.74,80,79.0,Nikon F Eyelevel Silver Film Camera Body 35mm SLR from Japan【Near Mint】,nikon eyelevel,Nikon,Film Cameras,Used,135.99,USD,FIXED_PRICE,mount:nikon f;good-cond,JP,katsunorijapan,98.1,2026-08-08T14:30:32.000Z,,https://www.ebay.com/itm/147491242440?hash=item225729c1c8:g:ySAAAeSw1yhpcVAd,https://i.ebayimg.com/images/g/ySAAAeSw1yhpcVAd/s-l225.jpg
超值,-31%,569.99,35,79.0,Voigtlander APO-SKOPAR 90mm F/2.8 SL IIs Black for Nikon F [Near Mint] #7857LJ,voigtlander 90mm f2.8,Voigtlander,Lenses,Used,393.02,USD,FIXED_PRICE,mount:nikon f;good-cond,JP,suns_factory-camera_jp,100.0,2026-08-08T11:19:02.000Z,,https://www.ebay.com/itm/236993517199?hash=item372dea168f:g:KGoAAeSwgYVqdxCg,https://i.ebayimg.com/images/g/KGoAAeSwgYVqdxCg/s-l225.jpg
超值,-28%,839.5,64,79.0,Leitz Leica M Summicron 2/90Mm Black #2246586,leitz summicron 90mm,Leitz,Lenses,Used,604.38,USD,"FIXED_PRICE,BEST_OFFER",grail:Summicron;mount:leica m,AT,mintandrare,99.9,2026-08-08T20:36:21.000Z,,https://www.ebay.com/itm/147491792084?hash=item22573224d4:g:Z9UAAeSwPTdqd0R7,https://i.ebayimg.com/images/g/Z9UAAeSwPTdqd0R7/s-l225.jpg
超值,-32%,1185.49,14,79.0,[Near MINT] Leica Leitz IIIg Rangefinder 35mm Film Camera Chrome Body from JAPAN,leica leitz iiig,Leica,Film Cameras,Used,799.9,USD,FIXED_PRICE,good-cond,JP,daihir_56,100.0,2026-08-08T06:03:20.000Z,,https://www.ebay.com/itm/407128707019?hash=item5ecac30fcb:g:ngcAAeSwn~xqdscm,https://i.ebayimg.com/images/g/ngcAAeSwn~xqdscm/s-l225.jpg
超值,-35%,3321.72,7,79.0,[MINT-] Leica Elmar-M 24mm F/3.8 ASPH. E46 Lens Black 11648,leica elmar 24mm f3.8,Leica,Lenses,Used,2149.0,USD,FIXED_PRICE,grail:Elmar;good-cond,HK,allaroundcamera,100.0,2026-08-08T08:06:27.000Z,,https://www.ebay.com/itm/178385511171?hash=item29889ae303:g:BbEAAeSwaYlqNgGt,https://i.ebayimg.com/images/g/BbEAAeSwaYlqNgGt/s-l225.jpg
偏低,-17%,90.49,42,78.0,[Near MINT w/Cap]Minolta Hi-Matic AF-D 35mm Point & Shoot Film Camera From JAPAN,minolta hi-matic af-d,Minolta,Film Cameras,Used,74.99,USD,FIXED_PRICE,grail:Hi-Matic;good-cond,JP,piece-beats-camera-japan,100.0,2026-08-08T18:33:57.000Z,,https://www.ebay.com/itm/128016966737?hash=item1dce67e451:g:opUAAeSwGs1qUbZP,https://i.ebayimg.com/images/g/opUAAeSwGs1qUbZP/s-l225.jpg
偏低,-18%,109.99,80,78.0,[Excellent+5] Contax RTS SLR 35mm Film Camera Black Body Only From JAPAN,contax rts,Contax,Film Cameras,Used,89.99,USD,"FIXED_PRICE,BEST_OFFER",grail:Contax RTS,JP,samurai_collection_japan,100.0,2026-08-08T21:44:50.000Z,,https://www.ebay.com/itm/407130165290?hash=item5ecad9502a:g:OX4AAeSw0v1pr~k4,https://i.ebayimg.com/images/g/OX4AAeSw0v1pr~k4/s-l225.jpg
偏低,-20%,124.18,80,78.0,[Near Mint] OLYMPUS μ mju ZOOM 115 DELUXE Point & Shoot Film Camera | From JAPAN,olympus mju 115,Olympus,Film Cameras,Used,99.0,USD,FIXED_PRICE,grail:mju;good-cond,JP,japanhiddengems-12,100.0,2026-08-08T11:32:53.000Z,,https://www.ebay.com/itm/227467247423?hash=item34f61abf3f:g:UGYAAeSwhP1qdxQR,https://i.ebayimg.com/images/g/UGYAAeSwhP1qdxQR/s-l225.jpg
偏低,-15%,129.94,80,78.0,[NEAR MINT] Olympus μ mju Zoom 140 VF 38-140mm Film Camera FROM JAPAN,olympus mju 140,Olympus,Film Cameras,Used,110.99,USD,FIXED_PRICE,grail:mju;good-cond,JP,rodia-aiko-japan,100.0,2026-08-08T14:23:57.000Z,,https://www.ebay.com/itm/398263477890?hash=item5cba5a6682:g:ZOEAAeSw5ptqD30a,https://i.ebayimg.com/images/g/ZOEAAeSw5ptqD30a/s-l225.jpg
偏低,-11%,124.18,80,78.0,[Mint IN Case] Olympus Mju Zoom 115 Deluxe Gold 35mm Film Camera From JAPAN,olympus mju 115,Olympus,Film Cameras,Used,110.99,USD,FIXED_PRICE,grail:Mju;good-cond,JP,rodia-aiko-japan,100.0,2026-08-08T14:19:41.000Z,,https://www.ebay.com/itm/398263471812?hash=item5cba5a4ec4:g:204AAeSww5Nqdzo2,https://i.ebayimg.com/images/g/204AAeSww5Nqdzo2/s-l225.jpg
偏低,-14%,151.03,80,78.0,[ MINT ] Contax Carl Zeiss Sonnar T* 90mm f2.8 G Lens for G1 G2 from JAPAN,contax sonnar 90mm f2.8,Contax,Lenses,Used,129.99,USD,FIXED_PRICE,grail:Sonnar;good-cond,JP,aiyama_metsa_camera_japan,100.0,2026-08-08T23:24:30.000Z,,https://www.ebay.com/itm/358902370207?hash=item53903f8f9f:g:8g8AAeSwYlFqZGbk,https://i.ebayimg.com/images/g/8g8AAeSwYlFqZGbk/s-l225.jpg
偏低,-10%,143.98,66,78.0,[MINT] Zenza Bronica MC E 250mm f5.6 Telephoto Lens for ETR Series From JAPAN,bronica 250mm f5.6,Bronica,Lenses,Used,129.99,USD,FIXED_PRICE,grail:Bronica MC;good-cond,JP,hajimyokoyam_0,100.0,2026-08-08T04:05:33.000Z,,https://www.ebay.com/itm/227466811430?hash=item34f6141826:g:9ocAAeSwxkhqdZQ4,https://i.ebayimg.com/images/g/9ocAAeSwxkhqdZQ4/s-l225.jpg
偏低,-18%,170.0,70,78.0,[EXC+++++] Konica Big Mini BM-201 Point & Shoot 35mm Film Camera From Japan,konica bm-201,Konica,Film Cameras,Used,140.0,USD,"FIXED_PRICE,BEST_OFFER",grail:Big Mini;good-cond,JP,fromjapanselect,100.0,2026-08-09T02:47:40.000Z,,https://www.ebay.com/itm/147492271727?hash=item225739766f:g:Ot0AAeSwF~xqd-ji,https://i.ebayimg.com/images/g/Ot0AAeSwF~xqd-ji/s-l225.jpg
超值,-27%,196.0,6,78.0,*Near Mint* Nikon Nikomat EL Black Camera Micro Nikkor Auto 55mm F/3.5 Lens /JPN,nikon nikomat micro,Nikon,Film Cameras,Used,142.5,USD,FIXED_PRICE,mount:nikon f;55mm;good-cond,JP,dub0804-55,100.0,2026-08-08T11:07:34.000Z,,https://www.ebay.com/itm/366593572277?hash=item555aadfdb5:g:PR4AAeSwmT1qFX~W,https://i.ebayimg.com/images/g/PR4AAeSwmT1qFX~W/s-l225.jpg
合理,+5%,144.95,80,78.0,[N MINT-] CONTAX Carl Zeiss Sonnar 135mm f/2.8 T* #9804 AEJ C/Y Mount MF Lens JP,contax sonnar 135mm f2.8,Contax,Lenses,Used,152.1,USD,"FIXED_PRICE,BEST_OFFER",grail:Sonnar;mount:contax/yashica;good-cond,JP,mochi_jp,100.0,2026-08-08T08:20:52.000Z,,https://www.ebay.com/itm/366593376215?hash=item555aaaffd7:g:D2YAAeSwMc9p8g5a,https://i.ebayimg.com/images/g/D2YAAeSwMc9p8g5a/s-l225.jpg
合理,+4%,154.99,58,78.0,MINT Contax Carl Zeiss Vario-Sonnar 80-200mm f/4 MMJ MF Zoom Lens C/Y JAPAN,contax sonnar 80-200mm f4,Contax,Lenses,Used,161.49,USD,FIXED_PRICE,grail:Sonnar;mount:contax/yashica;good-cond,JP,ume-japan,99.7,2026-08-08T22:52:37.000Z,,https://www.ebay.com/itm/128017150320?hash=item1dce6ab170:g:jqAAAeSwtCNqRwMo,https://i.ebayimg.com/images/g/jqAAAeSwtCNqRwMo/s-l225.jpg
偏低,-8%,191.99,69,78.0,LCD OK! [Near MINT] Konica BiG mini BM-301 Point & Shoot 35mm Film Camera JAPAN,konica bm-301,Konica,Film Cameras,Used,175.99,USD,FIXED_PRICE,grail:BiG mini;good-cond,JP,samurai_opticscam_jp,99.6,2026-08-08T15:51:08.000Z,,https://www.ebay.com/itm/336733009403?hash=item4e66d9f5fb:g:KaAAAeSwFU5qd1Dr,https://i.ebayimg.com/images/g/KaAAAeSwFU5qd1Dr/s-l225.jpg
偏低,-24%,249.0,80,78.0,Contax Carl Zeiss Planar T* 50mm F/1.4 Lens AEJ CY Mount Read* [Near MINT] JAPAN,contax planar 50mm f1.4,Contax,Lenses,Used,189.0,USD,FIXED_PRICE,grail:Planar;good-cond,JP,samura1_camera_japan,99.5,2026-08-08T09:16:40.000Z,,https://www.ebay.com/itm/407128994614?hash=item5ecac77336:g:J1wAAeSwa2dqdvSw,https://i.ebayimg.com/images/g/J1wAAeSwa2dqdvSw/s-l225.jpg
无基准,,125.5,80,78.0,"ZEISS IKON SUPER IKONTA B 532/16 120 RF FILM CAMERA. ZEISS JENA TESSAR 80mm, 2.8",zeiss ikon super,Zeiss,Vintage Cameras,,194.99,USD,"FIXED_PRICE,AUCTION",grail:TESSAR;mount:canon rf;auction,US,cb.,99.2,2026-08-09T05:59:03.000Z,2026-08-14T05:59:03.000Z,https://www.ebay.com/itm/236994948481?hash=item372dffed81:g:znwAAeSw~RxqEphS,https://i.ebayimg.com/images/g/znwAAeSw~RxqEphS/s-l225.jpg
偏低,-14%,232.49,80,78.0,[Exc+5] Olympus mju μ II 170 VF 35mm Point & Shoot Film Camera From Japan,olympus mju 170,Olympus,Film Cameras,Used,199.99,USD,"FIXED_PRICE,BEST_OFFER",grail:mju;good-cond,JP,d-camera-tokyo,98.8,2026-08-08T15:50:41.000Z,,https://www.ebay.com/itm/206475372013?hash=item3012e425ed:g:-gIAAeSwBb1p8eIZ,https://i.ebayimg.com/images/g/-gIAAeSwBb1p8eIZ/s-l225.jpg
偏低,-9%,219.0,17,78.0,[Exc+4] CONTAX Carl Zeiss Vario-Sonnar T* 70-200mm F3.5-4.5 AF N From JAPAN,contax sonnar 70-200mm f3.5,Contax,Lenses,New,199.99,USD,"FIXED_PRICE,BEST_OFFER",grail:Sonnar;good-cond,JP,zuishop,100.0,2026-08-08T06:53:52.000Z,,https://www.ebay.com/itm/287512213453?hash=item42f11037cd:g:7UUAAeSwJoxqdtKe,https://i.ebayimg.com/images/g/7UUAAeSwJoxqdtKe/s-l225.jpg
偏低,-21%,272.0,80,78.0,[Near Mint] Contax Carl Zeiss Distagon 35mm f/2.8 AEJ MF Lens Mount from Japan,contax distagon 35mm f2.8,Contax,Lenses,Used,213.99,USD,FIXED_PRICE,grail:Distagon;good-cond,JP,zero0s1-camera-hub-japan,100.0,2026-08-08T14:23:31.000Z,,https://www.ebay.com/itm/358900839454?hash=item539028341e:g:bPoAAeSwGFlqLBPf,https://i.ebayimg.com/images/g/bPoAAeSwGFlqLBPf/s-l225.jpg
偏低,-8%,239.99,32,78.0,[Top MINT] Olympus μ mju III 135 AF 35mm Film Camera Point & Shoot From JAPAN,olympus mju 135,Olympus,Film Cameras,Used,219.99,USD,FIXED_PRICE,grail:mju;good-cond,JP,beryg_camera-japan,100.0,2026-08-08T11:25:27.000Z,,https://www.ebay.com/itm/800478435516?hash=itemba603b98bc:g:hNUAAeSwAVhqdxNU,https://i.ebayimg.com/images/g/hNUAAeSwAVhqdxNU/s-l225.jpg
合理,+4%,215.4,28,78.0,MMJ [Top MINT] CONTAX Carl Zeiss Vario Sonnar 28-70mm F/3.5-4.5 Lens C/Y JAPAN,contax sonnar 28-70mm f3.5,Contax,Lenses,Used,224.99,USD,FIXED_PRICE,grail:Sonnar;mount:contax/yashica;good-cond,JP,drea7370,100.0,2026-08-08T10:57:31.000Z,,https://www.ebay.com/itm/137598787936?hash=item200986e160:g:~yoAAeSwSLlqdwvb,https://i.ebayimg.com/images/g/~yoAAeSwSLlqdwvb/s-l225.jpg
偏低,-9%,257.5,80,78.0,Contax Carl Zeiss Distagon T* 28mm F/2.8 AEJ #629591 MF Lens Tested! Exc+5 JAPAN,contax distagon 28mm f2.8,Contax,Lenses,Used,233.1,USD,"FIXED_PRICE,BEST_OFFER",grail:Distagon;good-cond,JP,mochi_jp,100.0,2026-08-08T08:20:45.000Z,,https://www.ebay.com/itm/366593376110?hash=item555aaaff6e:g:GWYAAeSwANhpUPr1,https://i.ebayimg.com/images/g/GWYAAeSwANhpUPr1/s-l225.jpg
合理,-4%,249.5,16,78.0,[Top MINT] Contax Carl Zeiss Sonnar T* 100mm f3.5 AEJ C/Y camera lens From JAPAN,contax sonnar 100mm f3.5,Contax,Lenses,Used,239.99,USD,FIXED_PRICE,grail:Sonnar;mount:contax/yashica;good-cond,JP,camera_japan_chikami,99.7,2026-08-08T12:54:01.000Z,,https://www.ebay.com/itm/336732810123?hash=item4e66d6eb8b:g:QhMAAeSwNSNqdyej,https://i.ebayimg.com/images/g/QhMAAeSwNSNqdyej/s-l225.jpg
合理,-2%,245.0,59,78.0,Contax Carl Zeiss Sonnar T* 180mm F2.8 MMJ C/Y Telephoto Lens Japan [Top MINT],contax sonnar 180mm f2.8,Contax,Lenses,Used,239.99,USD,FIXED_PRICE,grail:Sonnar;mount:contax/yashica;good-cond,JP,ssu_camera_japan,100.0,2026-08-08T07:29:13.000Z,,https://www.ebay.com/itm/318696655142?hash=item4a33cd0926:g:RL4AAeSw8vxqdtv3,https://i.ebayimg.com/images/g/RL4AAeSw8vxqdtv3/s-l225.jpg
偏低,-18%,299.0,36,78.0,Mamiya K/L KL 127mm f/3.5 L Lens For RB67 Pro S SD From Japan Exc+5,mamiya 127mm f3.5,Mamiya,Lenses,Used,244.99,USD,FIXED_PRICE,grail:RB67;good-cond,JP,rytag50,100.0,2026-08-08T23:07:41.000Z,,https://www.ebay.com/itm/377404411508?hash=item57df0e4e74:g:Mb0AAOSwnCxoPYJ1,https://i.ebayimg.com/images/g/Mb0AAOSwnCxoPYJ1/s-l225.jpg
偏低,-14%,289.99,80,78.0,"""Near Mint"" Mamiya Sekor Z 50mm F/4.5 W Lens For RZ67 Pro II IID From JP # 2430",mamiya sekor 50mm f4.5,Mamiya,Lenses,Used,249.0,USD,FIXED_PRICE,grail:RZ67;good-cond,JP,shounan2012,100.0,2026-08-08T11:46:53.000Z,,https://www.ebay.com/itm/198556269341?hash=item2e3ae03b1d:g:ldMAAeSwli9qdxaz,https://i.ebayimg.com/images/g/ldMAAeSwli9qdxaz/s-l225.jpg
合理,-5%,272.0,80,78.0,[ MINT ] Contax Carl Zeiss Distagon 35mm f/2.8 AEJ Lens C/Y From JAPAN,contax distagon 35mm f2.8,Contax,Lenses,Used,259.88,USD,FIXED_PRICE,grail:Distagon;mount:contax/yashica;good-cond,JP,zeroportjapan,100.0,2026-08-08T08:07:45.000Z,,https://www.ebay.com/itm/236993262627?hash=item372de63423:g:oi8AAeSw6z1qduSV,https://i.ebayimg.com/images/g/oi8AAeSw6z1qduSV/s-l225.jpg
偏低,-18%,330.0,34,78.0,MMJ [N MINT] Contax Carl Zeiss Sonnar T* 85mm f/2.8 Lens For CY Mount From JAPAN,contax sonnar 85mm f2.8,Contax,Lenses,Used,269.99,USD,FIXED_PRICE,grail:Sonnar;good-cond,JP,ty_camera_japan,100.0,2026-08-08T13:20:05.000Z,,https://www.ebay.com/itm/358900686372?hash=item539025de24:g:l6UAAeSwbqVqdy37,https://i.ebayimg.com/images/g/l6UAAeSwbqVqdy37/s-l225.jpg
合理,+6%,257.5,80,78.0,[Tested!/N MINT] Contax Carl Zeiss Distagon T* 28mm F/2.8 MMJ Lens C/Y JAPAN #46,contax distagon 28mm f2.8,Contax,Lenses,Used,271.8,USD,"FIXED_PRICE,BEST_OFFER",grail:Distagon;mount:contax/yashica;good-cond,JP,mochi_jp,100.0,2026-08-08T08:21:33.000Z,,https://www.ebay.com/itm/366593376844?hash=item555aab024c:g:9tIAAeSwA91oa7kz,https://i.ebayimg.com/images/g/9tIAAeSwA91oa7kz/s-l225.jpg
合理,+7%,257.5,80,78.0,[MINT+] Contax Carl Zeiss Distagon T* 28mm F2.8 MMJ MF Lens C/Y Mount From JAPAN,contax distagon 28mm f2.8,Contax,Lenses,Used,274.99,USD,FIXED_PRICE,grail:Distagon;mount:contax/yashica;good-cond,JP,ranta8823,100.0,2026-08-08T06:54:24.000Z,,https://www.ebay.com/itm/800477748009?hash=itemba60311b29:g:DaMAAeSw1~lqdtPR,https://i.ebayimg.com/images/g/DaMAAeSw1~lqdtPR/s-l225.jpg
合理,+9%,265.0,80,78.0,[MINT] Hasselblad Carl Zeiss Sonnar CF f/5.6 250mm lens T*From JAPAN,hasselblad sonnar 250mm f5.6,Hasselblad,Lenses,Used,290.0,USD,FIXED_PRICE,grail:Sonnar;mount:hasselblad v;good-cond,JP,daishu_0,100.0,2026-08-09T00:16:15.000Z,,https://www.ebay.com/itm/137600455630?hash=item2009a053ce:g:iUkAAeSwd8Vqd8eC,https://i.ebayimg.com/images/g/iUkAAeSwd8Vqd8eC/s-l225.jpg
合理,-3%,303.49,80,78.0,[CLA'd] Rollei 35 Camera | Tessar 40mm f3.5 | READ | E+/E++ | $295 | #6221xxx #6,rollei tessar f3.5,Rollei,Film Cameras,Used,295.0,USD,FIXED_PRICE,grail:Tessar;good-cond,US,vintagephotographica,99.8,2026-08-08T21:51:42.000Z,,https://www.ebay.com/itm/327301289660?hash=item4c34ad56bc:g:OzoAAeSwr-1qd6FF,https://i.ebayimg.com/images/g/OzoAAeSwr-1qd6FF/s-l225.jpg
偏低,-9%,325.0,45,78.0,LEICA C1 VARIO-ELMAR 38-105 ASPH film camera [Excellent],leica c1,Leica,Film Cameras,Used,295.78,USD,FIXED_PRICE,grail:ELMAR,JP,altemo-31,98.8,2026-08-08T04:16:04.000Z,,https://www.ebay.com/itm/398262119054?hash=item5cba45aa8e:g:SEEAAeSwzg5pXltg,https://i.ebayimg.com/images/g/SEEAAeSwzg5pXltg/s-l225.jpg
合理,+2%,293.45,16,78.0,[Near MINT in Box] Contax Carl Zeiss Vario-Sonnar T* 70-210mm f3.5 AEG C/Y JAPAN,contax sonnar 70-210mm f3.5,Contax,Lenses,Used,299.9,USD,FIXED_PRICE,grail:Sonnar;mount:contax/yashica;good-cond,JP,f1-camera,100.0,2026-08-08T14:08:11.000Z,,https://www.ebay.com/itm/336732897292?hash=item4e66d8400c:g:brEAAeSwv-JqdzjH,https://i.ebayimg.com/images/g/brEAAeSwv-JqdzjH/s-l225.jpg
合理,+6%,317.25,73,78.0,[TOP MINT] Contax Carl Zeiss Makro-Planar T* 60mm f/2.8 AEJ Macro C/Y Japan,contax planar 60mm f2.8,Contax,Lenses,Used,337.24,USD,"FIXED_PRICE,BEST_OFFER",grail:Planar;mount:contax/yashica;good-cond,JP,hj_camera_japan,99.8,2026-08-08T04:20:39.000Z,,https://www.ebay.com/itm/327300211494?hash=item4c349ce326:g:N1MAAeSwcxppRT3f,https://i.ebayimg.com/images/g/N1MAAeSwcxppRT3f/s-l225.jpg
偏低,-16%,461.29,80,78.0,[MINT+] Fujifilm NATURA NS Silver Point & Shoot Film Camera From JAPAN,fujifilm natura,Fujifilm,Film Cameras,Used,389.99,USD,FIXED_PRICE,grail:NATURA;good-cond,JP,star-store-japan,100.0,2026-08-09T03:12:38.000Z,,https://www.ebay.com/itm/307115352629?hash=item4781806235:g:zaYAAeSwdh5qd~Ck,https://i.ebayimg.com/images/g/zaYAAeSwdh5qd~Ck/s-l225.jpg
合理,+12%,357.55,80,78.0,[MINT] Leica Elmar 50mm f/3.5 Collapsible Lens LTM L39 Screw Mount From JAPAN,leica elmar 50mm f3.5,Leica,Lenses,Used,399.99,USD,FIXED_PRICE,grail:Elmar;mount:ltm/l39;good-cond,JP,isshin39,100.0,2026-08-08T15:01:35.000Z,,https://www.ebay.com/itm/198556676442?hash=item2e3ae6715a:g:DpoAAeSwiuJqd0X-,https://i.ebayimg.com/images/g/DpoAAeSwiuJqd0X-/s-l225.jpg
偏低,-9%,459.48,17,78.0,Rare!!! [MINT] Voigtlander ULTRON 35mm F1.7 Silver Lens Aspherical From JAPAN,voigtlander ultron 35mm f1.7,Voigtlander,Lenses,Used,419.99,USD,FIXED_PRICE,grail:ULTRON;good-cond,JP,yutacamerajapan,100.0,2026-08-08T04:30:46.000Z,,https://www.ebay.com/itm/298568516595?hash=item45841203f3:g:zq4AAeSw4qpqdrGs,https://i.ebayimg.com/images/g/zq4AAeSw4qpqdrGs/s-l225.jpg
偏低,-12%,490.83,80,78.0,[MINT w/ Strap] Nikon F5 SLR 35mm Film Camera Black Body From JAPAN,nikon f5,Nikon,Film Cameras,Used,429.99,USD,FIXED_PRICE,grail:Nikon F5;good-cond,JP,shima-0201,99.8,2026-08-08T06:15:39.000Z,,https://www.ebay.com/itm/287512182160?hash=item42f10fbd90:g:uMMAAeSwSUhqdsq7,https://i.ebayimg.com/images/g/uMMAAeSwSUhqdsq7/s-l225.jpg
合理,+3%,428.0,41,78.0,▶️[Near MINT] Voigtlander Ultron 40mm f2 SL Aspherical Lens M42 Mount From JAPAN,voigtlander ultron 40mm f2,Voigtlander,Lenses,Used,439.99,USD,FIXED_PRICE,grail:Ultron;mount:m42;good-cond,JP,sunshine_camera,99.7,2026-08-09T01:48:21.000Z,,https://www.ebay.com/itm/206476337337?hash=item3012f2e0b9:g:JSQAAeSwb5ZqL2gy,https://i.ebayimg.com/images/g/JSQAAeSwb5ZqL2gy/s-l225.jpg
合理,+1%,494.99,81,78.0,[Late Model] ZENZA BRONICA S2A 6x6 Film Camera S2 w/ Nikkor-P 75mm f/2.8 3013365,bronica s2a,Bronica,Film Cameras,Used,499.9,USD,FIXED_PRICE,grail:BRONICA S2A;mount:nikon f,JP,sunlit_camera_tokyo,100.0,2026-08-08T13:01:36.000Z,,https://www.ebay.com/itm/407129383185?hash=item5ecacd6111:g:x9UAAeSwSLlqdyIh,https://i.ebayimg.com/images/g/x9UAAeSwSLlqdyIh/s-l225.jpg
合理,-0%,501.75,80,78.0,[Near Mint] Carl Zeiss C Sonnar T * 50mm f/1.5 ZM Leica M From JAPAN,zeiss sonnar 50mm f1.5,Zeiss,Lenses,Used,499.99,USD,"FIXED_PRICE,BEST_OFFER",grail:Sonnar;mount:leica m;good-cond,JP,camera_japan-store88,99.7,2026-08-08T14:00:46.000Z,,https://www.ebay.com/itm/366593774633?hash=item555ab11429:g:jXsAAeSwDTBqc~fd,https://i.ebayimg.com/images/g/jXsAAeSwDTBqc~fd/s-l225.jpg
偏低,-16%,617.49,65,78.0,[Almost MINT] Contax Planar Carl Zeiss T* 45mm F2 AF Lens for G1 G2 from JAPAN,contax planar 45mm f2,Contax,Lenses,Used,519.99,USD,FIXED_PRICE,grail:Planar;good-cond,JP,japan_camera_select,100.0,2026-08-09T02:04:58.000Z,,https://www.ebay.com/itm/398265144283?hash=item5cba73d3db:g:OJEAAeSw3T9qd-D~,https://i.ebayimg.com/images/g/OJEAAeSw3T9qd-D~/s-l225.jpg
偏低,-13%,599.99,31,78.0,[MINT] Mamiya Sekor C 35mm F/3.5 MF Lens For 645 1000S Super Pro TL From JAPAN,mamiya sekor 35mm f3.5,Mamiya,Lenses,Used,519.99,USD,FIXED_PRICE,grail:645;good-cond,JP,japan.camera.like,100.0,2026-08-08T14:43:34.000Z,,https://www.ebay.com/itm/178386469417?hash=item2988a98229:g:C74AAeSwWatqd0FP,https://i.ebayimg.com/images/g/C74AAeSwWatqd0FP/s-l225.jpg
合理,-3%,547.97,80,78.0,[Top MINT] Voigtlander NOKTON 50mm f/1.5 Aspherical L39 LTM Screw Mount Lens JPN,voigtlander nokton 50mm f1.5,Voigtlander,Lenses,Used,529.99,USD,FIXED_PRICE,grail:NOKTON;mount:ltm/l39;good-cond,JP,ken-ken_camera_japan,100.0,2026-08-08T07:58:33.000Z,,https://www.ebay.com/itm/407128855658?hash=item5ecac5546a:g:b70AAeSwhyNqduIl,https://i.ebayimg.com/images/g/b70AAeSwhyNqduIl/s-l225.jpg
偏低,-8%,597.5,64,78.0,w/ Finder [UNUSED BOXED] Contax Carl Zeiss Biogon T* 21mm f/2.8 Lens G1 G2 JAPAN,contax biogon 21mm f2.8,Contax,Lenses,Used,549.0,USD,FIXED_PRICE,grail:Biogon;good-cond,JP,camera_taro,100.0,2026-08-08T23:05:44.000Z,,https://www.ebay.com/itm/398264741362?hash=item5cba6dadf2:g:ajoAAeSwtWZpMOxf,https://i.ebayimg.com/images/g/ajoAAeSwtWZpMOxf/s-l225.jpg
偏低,-9%,617.49,65,78.0,[Top MINT Hood] Contax Carl Zeiss Planar T* 45mm f2 Lens For G1 G2 From JAPAN,contax planar 45mm f2,Contax,Lenses,Used,559.99,USD,FIXED_PRICE,grail:Planar;good-cond,JP,kobayashi-camera,100.0,2026-08-08T11:18:53.000Z,,https://www.ebay.com/itm/398263041391?hash=item5cba53bd6f:g:mzUAAeSwRYJqdxGD,https://i.ebayimg.com/images/g/mzUAAeSwRYJqdxGD/s-l225.jpg
合理,+6%,545.0,77,78.0,【TOP MINT in box】 Contax Carl Zeiss Distagon T* 18mm f/4 MMJ MF Lens C/Y JAPAN,contax distagon 18mm f4,Contax,Lenses,Used,579.99,USD,"FIXED_PRICE,BEST_OFFER",grail:Distagon;mount:contax/yashica;good-cond,JP,camera_japan_kazu,100.0,2026-08-08T11:06:02.000Z,,https://www.ebay.com/itm/800478403010?hash=itemba603b19c2:g:v~wAAeSwhjxo4GDt,https://i.ebayimg.com/images/g/v~wAAeSwhjxo4GDt/s-l225.jpg
超值,-33%,904.31,80,78.0,Carl Zeiss For Rolleiflex SL66 2.8/80Mm Planar Rollei-HFT,zeiss planar 80mm,Zeiss,Lenses,Used,604.38,USD,"FIXED_PRICE,BEST_OFFER",grail:SL66,AT,mintandrare,99.9,2026-08-08T20:36:24.000Z,,https://www.ebay.com/itm/147491792234?hash=item225732256a:g:M44AAeSwT4dqd0Tn,https://i.ebayimg.com/images/g/M44AAeSwT4dqd0Tn/s-l225.jpg
合理,+3%,609.74,6,78.0,[MINT w/finder] Voigtlander Bessa L Film Camera Wide HELIAR 15mm F4.5 From JAPAN,voigtlander bessa wide,Voigtlander,Film Cameras,Used,629.99,USD,FIXED_PRICE,grail:HELIAR;good-cond,JP,island_snow_888_japan,100.0,2026-08-09T02:26:24.000Z,,https://www.ebay.com/itm/358902819450?hash=item5390466a7a:g:5AgAAeSwT0pqd-WP,https://i.ebayimg.com/images/g/5AgAAeSwT0pqd-WP/s-l225.jpg
合理,+10%,575.0,33,78.0,Carl Zeiss C Biogon T* 35mm f/2.8 ZM for Leica M Silver Lens [Top Mint],zeiss biogon 35mm f2.8,Zeiss,Lenses,Used,630.0,USD,FIXED_PRICE,grail:Biogon;mount:leica m;good-cond,JP,united_camera,99.9,2026-08-08T07:00:01.000Z,,https://www.ebay.com/itm/307112106533?hash=item47814eda25:g:ISIAAeSwli9qdXm8,https://i.ebayimg.com/images/g/ISIAAeSwli9qdXm8/s-l225.jpg
合理,-3%,689.94,38,78.0,[MINT] Hasselblad Carl Zeiss T* Makro Planar CF 120mm f/4 Macro Lens From JAPAN,hasselblad planar 120mm f4,Hasselblad,Lenses,Used,669.99,USD,FIXED_PRICE,grail:Planar;mount:hasselblad v;good-cond,JP,ty_camera_japan,100.0,2026-08-08T13:19:00.000Z,,https://www.ebay.com/itm/358900684582?hash=item539025d726:g:IjYAAeSwQGhqdy1D,https://i.ebayimg.com/images/g/IjYAAeSwQGhqdy1D/s-l225.jpg
合理,+5%,665.0,37,78.0,Milvus ZF.2 【 MINT w/ Hood 】 Zeiss Distagon 35mm f/2 T* Nikon F Lens From Japan,zeiss distagon 35mm f2,Zeiss,Lenses,Used,699.0,USD,FIXED_PRICE,grail:Distagon;mount:nikon f;good-cond,JP,cjmk-77,100.0,2026-08-08T14:42:39.000Z,,https://www.ebay.com/itm/407129582093?hash=item5ecad06a0d:g:uNMAAeSwjZxqdz-8,https://i.ebayimg.com/images/g/uNMAAeSwjZxqdz-8/s-l225.jpg
偏低,-25%,929.99,77,78.0,[Near MINT +++] FUJICA Fuji Fujifilm GW690 Pro Medium Format Film Camera JAPAN,fuji gw690,Fuji,Film Cameras,Used,699.99,USD,FIXED_PRICE,grail:GW690;good-cond,JP,kaya6610,99.6,2026-08-08T15:13:38.000Z,,https://www.ebay.com/itm/318698130952?hash=item4a33e38e08:g:jRgAAeSwdh5qd0iS,https://i.ebayimg.com/images/g/jRgAAeSwdh5qd0iS/s-l225.jpg
偏低,-19%,929.99,77,78.0,Tested [MINT w/ Hood] Fuji Fujica Fujifilm GW690 Pro 6x9 Film Camera From JAPAN,fuji gw690,Fuji,Film Cameras,Used,749.99,USD,FIXED_PRICE,grail:GW690;good-cond,JP,camera_japan_chiba,100.0,2026-08-08T15:34:47.000Z,,https://www.ebay.com/itm/128016849406?hash=item1dce6619fe:g:MBYAAeSwg5hqd00T,https://i.ebayimg.com/images/g/MBYAAeSwg5hqd00T/s-l225.jpg
合理,+6%,751.61,80,78.0,[MINT in box] Leica Summicron-M 90mm f/2 Lens Leitz Canada Leica M Mount JAPAN,leica summicron 90mm f2,Leica,Lenses,Used,799.99,USD,FIXED_PRICE,grail:Summicron;mount:leica m;good-cond,JP,yamamoto_camera_japan,99.3,2026-08-08T08:08:34.000Z,,https://www.ebay.com/itm/366593363883?hash=item555aaacfab:g:y~gAAeSwSG9qduUB,https://i.ebayimg.com/images/g/y~gAAeSwSG9qduUB/s-l225.jpg
偏低,-10%,1059.99,49,78.0,[Almost MINT] Contax Carl Zeiss Distagon T* 35mm F1.4 MMJ Lens From Japan,contax distagon 35mm f1.4,Contax,Lenses,Used,949.99,USD,FIXED_PRICE,grail:Distagon;good-cond,JP,linksjapan,100.0,2026-08-08T10:08:47.000Z,,https://www.ebay.com/itm/318697173904?hash=item4a33d4f390:g:0hkAAeSwAuVqdv92,https://i.ebayimg.com/images/g/0hkAAeSwAuVqdv92/s-l225.jpg
偏低,-20%,1216.56,43,78.0,[Top MINT] Nikon F3/T HP Titanium 35mm Film Camera SLR Body From JAPAN,nikon f3/t titanium,Nikon,Film Cameras,Used,969.99,USD,FIXED_PRICE,grail:Nikon F3;good-cond,JP,yamamoto_camera_japan,99.3,2026-08-08T07:56:22.000Z,,https://www.ebay.com/itm/366593350661?hash=item555aaa9c05:g:3AcAAeSw1yVqduJW,https://i.ebayimg.com/images/g/3AcAAeSw1yVqduJW/s-l225.jpg
偏低,-11%,1122.5,80,78.0,[Optical MINT] Leica Leitz ELMARIT-M 28mm f/2.8 3rd Ver.3 E49 Lens From JAPAN,leica elmarit 28mm f2.8,Leica,Lenses,Used,999.99,USD,FIXED_PRICE,grail:ELMARIT;good-cond,JP,zeroportjapan,100.0,2026-08-08T22:08:46.000Z,,https://www.ebay.com/itm/236994454013?hash=item372df861fd:g:tSYAAeSw7-lqd6mr,https://i.ebayimg.com/images/g/tSYAAeSw7-lqd6mr/s-l225.jpg
偏低,-22%,1350.0,47,78.0,[Near MINT] Minolta TC-1 Point & Shoot 35mm Compact Film Camera From JAPAN,minolta tc-1,Minolta,Film Cameras,Used,1050.0,USD,FIXED_PRICE,grail:TC-1;good-cond,JP,hiroshimakamera,100.0,2026-08-08T10:02:59.000Z,,https://www.ebay.com/itm/287512499281?hash=item42f1149451:g:lJkAAeSwvgtqdv8V,https://i.ebayimg.com/images/g/lJkAAeSwvgtqdv8V/s-l225.jpg
合理,+4%,1059.99,49,78.0,[ Top MINT w/ Case ] Contax Carl Zeiss Distagon T* 35mm f/1.4 AEG C/Y From JAPAN,contax distagon 35mm f1.4,Contax,Lenses,Used,1099.9,USD,FIXED_PRICE,grail:Distagon;mount:contax/yashica;good-cond,JP,tpjgad67,100.0,2026-08-08T14:47:08.000Z,,https://www.ebay.com/itm/307114509880?hash=item4781738638:g:S0cAAeSw8TRqd0Kf,https://i.ebayimg.com/images/g/S0cAAeSw8TRqd0Kf/s-l225.jpg
合理,+0%,1099.99,72,78.0,*NEAR MINT* Leica Minilux Summarit 40mm F2.4 35mm Film Camera,leica minilux,Leica,Film Cameras,Used,1100.0,USD,"FIXED_PRICE,BEST_OFFER",grail:Minilux;good-cond,US,mattinasi,100.0,2026-08-08T16:48:56.000Z,,https://www.ebay.com/itm/158167323809?hash=item24d381d4a1:g:3UsAAeSw~uRqd10i,https://i.ebayimg.com/images/g/3UsAAeSw~uRqd10i/s-l225.jpg
偏低,-15%,1407.85,24,78.0,SilverRim T* [Top MINT] Hasselblad Carl Zeiss Planar C 100mm f/3.5 T* From JAPAN,hasselblad planar 100mm f3.5,Hasselblad,Lenses,Used,1199.99,USD,FIXED_PRICE,grail:Planar;good-cond,JP,zen-camera-japan,99.6,2026-08-08T06:46:05.000Z,,https://www.ebay.com/itm/188760200806?hash=item2bf2fc1666:g:2AkAAeSwJgVqdtFn,https://i.ebayimg.com/images/g/2AkAAeSwJgVqdtFn/s-l225.jpg
偏低,-19%,1599.99,80,78.0,Count 006 [NEAR MINT w/ Hood] Fujifilm GA645 Pro 6x4.5cm Medium Format JAPAN,fujifilm ga645,Fujifilm,Film Cameras,Used,1289.99,USD,"FIXED_PRICE,BEST_OFFER",grail:GA645;good-cond,JP,happy-camera-japan,99.9,2026-08-08T20:56:33.000Z,,https://www.ebay.com/itm/336733318282?hash=item4e66deac8a:g:qbcAAeSwmvtqFRc-,https://i.ebayimg.com/images/g/qbcAAeSwmvtqFRc-/s-l225.jpg
合理,+8%,1199.99,10,78.0,Special Edition [NEAR MINT] Zenza Bronica ETR Si AE-III PE 75mm Lens From JAPAN,bronica etr ae-iii,Bronica,Film Cameras,Used,1299.99,USD,FIXED_PRICE,grail:Bronica ETR;good-cond,JP,ht-smile,100.0,2026-08-08T16:32:27.000Z,,https://www.ebay.com/itm/128016884909?hash=item1dce66a4ad:g:NVMAAeSwUg1p8N10,https://i.ebayimg.com/images/g/NVMAAeSwUg1p8N10/s-l225.jpg
偏低,-12%,1599.99,65,78.0,Count 005 [MINT] Fuji Fujifilm GA645 Pro 6x4.5 Medium Format Camera From Japan,fuji ga645,Fuji,Film Cameras,Used,1399.99,USD,FIXED_PRICE,grail:GA645;good-cond,JP,unix-sta98,99.5,2026-08-08T10:11:38.000Z,,https://www.ebay.com/itm/800478306664?hash=itemba6039a168:g:0LAAAeSwvnpqdv47,https://i.ebayimg.com/images/g/0LAAAeSwvnpqdv47/s-l225.jpg
偏低,-11%,1899.99,71,78.0,⏯️ New Firmware [ MINT +++] Nikon F6 35mm Film Camera AF 50mm f1.4 D Lens JAPAN,nikon f6,Nikon,Film Cameras,Used,1689.99,USD,FIXED_PRICE,grail:Nikon F6;good-cond,JP,good_time_camera,100.0,2026-08-08T04:51:18.000Z,,https://www.ebay.com/itm/407128600638?hash=item5ecac1703e:g:GK0AAeSw-BBqdrb0,https://i.ebayimg.com/images/g/GK0AAeSw-BBqdrb0/s-l225.jpg
偏低,-13%,1949.99,25,78.0,[TOP MINT w/ Strap] Pentax 645 NII + A 75mm 2.8 Lens + 120 Film Back from JAPAN,pentax nii 2.8,Pentax,Film Cameras,Used,1699.99,USD,FIXED_PRICE,grail:645;good-cond,JP,happy-cameras-jp,100.0,2026-08-08T10:02:47.000Z,,https://www.ebay.com/itm/407129075526?hash=item5ecac8af46:g:5s8AAeSwocpqdv-~,https://i.ebayimg.com/images/g/5s8AAeSwocpqdv-~/s-l225.jpg
合理,+6%,1699.99,33,78.0,[ TOP MINT ] Hasselblad Carl Zeiss T* Distagon CF 40mm F4 FLE MF Lens From JAPAN,hasselblad distagon 40mm f4,Hasselblad,Lenses,Used,1799.99,USD,FIXED_PRICE,grail:Distagon;mount:hasselblad v;good-cond,JP,ohana_camera_tokyo,99.6,2026-08-08T11:38:14.000Z,,https://www.ebay.com/itm/198556263055?hash=item2e3ae0228f:g:yQcAAeSwxxdqdxVq,https://i.ebayimg.com/images/g/yQcAAeSwxxdqdxVq/s-l225.jpg
偏低,-21%,124.0,77,77.0,《Near MINT》Contax 137 MD Quartz 35mm SLR MF Film Camera Body From JAPAN✈✈✈✈✈🚀🎁,contax 137,Contax,Film Cameras,Used,98.45,USD,FIXED_PRICE,mount:minolta md;good-cond,JP,rtmy19,100.0,2026-08-08T16:42:45.000Z,,https://www.ebay.com/itm/800479134552?hash=itemba60464358:g:qzkAAeSwVCBpalVc,https://i.ebayimg.com/images/g/qzkAAeSwVCBpalVc/s-l225.jpg
偏低,-18%,5351.86,14,77.0,[Top MINT] Contax Carl Zeiss Planar 55mm F1.2 T* 100th MMG Prime Lens From Japan,contax planar 55mm f1.2,Contax,Lenses,Used,4399.99,USD,FIXED_PRICE,grail:Planar;55mm;good-cond,JP,classic.camera.japan,100.0,2026-08-08T23:15:18.000Z,,https://www.ebay.com/itm/236994519472?hash=item372df961b0:g:HbUAAeSwTHhqd7lA,https://i.ebayimg.com/images/g/HbUAAeSwTHhqd7lA/s-l225.jpg
超值,-32%,44.28,80,76.0,*VINTAGE* CARL ZEISS JENA 50MM F/2.8 TESSAR PRIME LENS-EXA/EXAKTA MT-PARTS-READ,zeiss tessar 50mm f2.8,Zeiss,Vintage Lenses,,29.99,USD,"FIXED_PRICE,BEST_OFFER",grail:TESSAR,US,clix,100.0,2026-08-08T14:19:51.000Z,,https://www.ebay.com/itm/117347358728?hash=item1b52729808:g:jxUAAeSwg5hqdzsF,https://i.ebayimg.com/images/g/jxUAAeSwg5hqdzsF/s-l225.jpg
超值,-44%,244.84,22,76.0,Carl Zeiss T Vario Sonnar 70-300mm f/4-5.6 [Excellent+++] US STOCK,zeiss sonnar 70-300mm f4,Zeiss,Lenses,Used,136.38,USD,FIXED_PRICE,grail:Sonnar,US,altemo-31,98.8,2026-08-08T05:13:37.000Z,,https://www.ebay.com/itm/398262238387?hash=item5cba477cb3:g:spgAAeSwhtJqSbDX,https://i.ebayimg.com/images/g/spgAAeSwhtJqSbDX/s-l225.jpg
超值,-34%,349.9,66,76.0,[NEAR MINT] Mamiya Sekor C 55mm F2.8 S Lens for M645 1000s Super Pro TL JAPAN,mamiya sekor 55mm f2.8,Mamiya,Lenses,Used,229.99,USD,"FIXED_PRICE,BEST_OFFER",55mm;good-cond,JP,tomooka_49,100.0,2026-08-08T22:11:05.000Z,,https://www.ebay.com/itm/158168115828?hash=item24d38dea74:g:wN4AAeSwRT9qd6gk,https://i.ebayimg.com/images/g/wN4AAeSwRT9qd6gk/s-l225.jpg
偏低,-9%,202.49,16,74.0,[MINT w/ Hood] SMC Pentax FA 645 55-110mm f/5.6 AF Lens For 645 N NII From JAPAN,pentax smc 55-110mm f5.6,Pentax,Lenses,Used,184.99,USD,FIXED_PRICE,grail:645;mount:pentax k;good-cond,JP,nobumoto96,100.0,2026-08-08T06:25:18.000Z,,https://www.ebay.com/itm/236993145037?hash=item372de468cd:g:kw8AAeSw3DNqdsWf,https://i.ebayimg.com/images/g/kw8AAeSw3DNqdsWf/s-l225.jpg
偏低,-14%,232.08,80,74.0,CLA'd [Opt Top MINT] Nikon Ai-s Ais Nikkor 35mm f/2 MF Lens for F3 FM3A JAPAN,nikon ai-s 35mm f2,Nikon,Lenses,Used,199.99,USD,FIXED_PRICE,grail:FM3A;mount:nikon f;good-cond,JP,kaya6610,99.6,2026-08-08T14:42:16.000Z,,https://www.ebay.com/itm/318698025080?hash=item4a33e1f078:g:1boAAeSwC-Fqd0CH,https://i.ebayimg.com/images/g/1boAAeSwC-Fqd0CH/s-l225.jpg
偏低,-24%,274.51,41,74.0,[MINT w/ Case] SMC Pentax FA 645 150-300mm f5.6 Lens For 645 N NII From JAPAN #2,pentax smc 150-300mm f5.6,Pentax,Lenses,Used,209.99,USD,FIXED_PRICE,grail:645;mount:pentax k;good-cond,JP,nobumoto96,100.0,2026-08-08T06:25:30.000Z,,https://www.ebay.com/itm/236993145175?hash=item372de46957:g:HtAAAeSwsnZqdrt6,https://i.ebayimg.com/images/g/HtAAAeSwsnZqdrt6/s-l225.jpg
偏低,-10%,232.49,80,74.0,Olympus mju II 170 VF Point & Shoot 35mm Film Camera | NEAR MINT,olympus mju 170,Olympus,Film Cameras,Used,210.0,USD,"FIXED_PRICE,BEST_OFFER",grail:mju;good-cond,US,tatc1088,100.0,2026-08-08T23:10:38.000Z,,https://www.ebay.com/itm/227467814901?hash=item34f62367f5:g:LlYAAeSw5fZqd7ck,https://i.ebayimg.com/images/g/LlYAAeSw5fZqd7ck/s-l225.jpg
偏低,-20%,299.74,80,74.0,[N MINT] Canon New FD NFD 85mm f/1.8 Portrait MF Lens for F-1 A-1 AE-1 SLR JAPAN,canon fd 85mm f1.8,Canon,Lenses,Used,239.99,USD,FIXED_PRICE,grail:AE-1;mount:canon fd;good-cond,JP,japancamera_au,100.0,2026-08-08T21:17:28.000Z,,https://www.ebay.com/itm/227467744648?hash=item34f6225588:g:4VUAAeSwWKNqd51k,https://i.ebayimg.com/images/g/4VUAAeSwWKNqd51k/s-l225.jpg
偏低,-10%,309.99,81,74.0,Tested!【MINT】SMC Pentax A 645 Macro 120mm f/4 MF Lens For 645 645N 645NII JAPAN,pentax smc 120mm f4,Pentax,Lenses,Used,279.99,USD,"FIXED_PRICE,BEST_OFFER",grail:645;mount:pentax k;good-cond,JP,nacamera_japan,100.0,2026-08-09T01:36:20.000Z,,https://www.ebay.com/itm/800480213997?hash=itemba6056bbed:g:COwAAeSwsIxqXX4d,https://i.ebayimg.com/images/g/COwAAeSwsIxqXX4d/s-l225.jpg
偏低,-17%,349.04,80,74.0,Voigtlander NOKTON Classic 40mm F/1.4 SC VM (for Leica M mount) #322,voigtlander nokton 40mm f1.4,Voigtlander,Lenses,Very Good - Refurbished,291.0,USD,FIXED_PRICE,grail:NOKTON;mount:leica m,JP,mapcamera,100.0,2026-08-08T06:33:03.000Z,,https://www.ebay.com/itm/327300305176?hash=item4c349e5118:g:2aQAAeSwxvxqds2V,https://i.ebayimg.com/images/g/2aQAAeSwxvxqds2V/s-l225.jpg
偏低,-25%,589.99,25,74.0,ZENZA BRONICA ETRS 120 film back AE-II prism Anniversary Brown US STOCK,bronica etrs back,Bronica,Film Cameras,Used,443.48,USD,FIXED_PRICE,grail:BRONICA ETRS,US,altemo-31,98.8,2026-08-08T04:41:19.000Z,,https://www.ebay.com/itm/398262161237?hash=item5cba464f55:g:6hUAAeSwyKBpvMxs,https://i.ebayimg.com/images/g/6hUAAeSwyKBpvMxs/s-l225.jpg
偏低,-10%,589.99,25,74.0,ZENZA BRONICA ETRS 120 film back AE-II prism Anniversary Brown US STOCK,bronica etrs back,Bronica,Film Cameras,Used,528.08,USD,FIXED_PRICE,grail:BRONICA ETRS,US,altemo-31,98.8,2026-08-09T01:02:37.000Z,,https://www.ebay.com/itm/398264999427?hash=item5cba719e03:g:6hUAAeSwyKBpvMxs,https://i.ebayimg.com/images/g/6hUAAeSwyKBpvMxs/s-l225.jpg
偏高,+26%,420.6,80,74.0,Shutter adjusted [EXC+5 Mamiya 645 Pro AE Finder Medium Format Camera from Japan,mamiya pro finder,Mamiya,Film Cameras,Used,529.99,USD,FIXED_PRICE,grail:645;good-cond,JP,tarmanpuk_0,99.7,2026-08-09T03:41:25.000Z,,https://www.ebay.com/itm/287513840327?hash=item42f1290ac7:g:5acAAeSwXXhqM6Uv,https://i.ebayimg.com/images/g/5acAAeSwXXhqM6Uv/s-l225.jpg
偏高,+16%,464.99,28,74.0,[N MINT] Zenza Bronica EC-TL 6x6 Medium Format Camera 75mm f2.8 Lens from JAPAN,bronica ec-tl,Bronica,Film Cameras,Used,539.99,USD,FIXED_PRICE,grail:Bronica EC;good-cond,JP,daihir_56,100.0,2026-08-09T01:06:31.000Z,,https://www.ebay.com/itm/407130426468?hash=item5ecadd4c64:g:rIUAAeSwYEVqd9NN,https://i.ebayimg.com/images/g/rIUAAeSwYEVqd9NN/s-l225.jpg
偏低,-8%,653.0,19,74.0,[Almost Unused] Voigtlander HELIAR Classic 50mm f/1.5 S.C Lens Leica M JAPAN 955,voigtlander heliar 50mm f1.5,Voigtlander,Lenses,Used,599.99,USD,FIXED_PRICE,grail:HELIAR;mount:leica m,JP,camera_journey_japan17,100.0,2026-08-08T10:15:46.000Z,,https://www.ebay.com/itm/800478312871?hash=itemba6039b9a7:g:GO8AAeSw0hNqdwLL,https://i.ebayimg.com/images/g/GO8AAeSw0hNqdwLL/s-l225.jpg
偏低,-12%,809.19,35,74.0,Voigtlander NOKTON 50mm F1.2 Aspherical SE Sony E Mount Lens from Japan D0808,voigtlander nokton 50mm f1.2,Voigtlander,Lenses,Used,715.73,USD,FIXED_PRICE,grail:NOKTON;mount:sony e,JP,kyoto_camera,99.7,2026-08-08T07:46:00.000Z,,https://www.ebay.com/itm/278258231354?hash=item40c97ba83a:g:QSgAAeSwiX5qdt5s,https://i.ebayimg.com/images/g/QSgAAeSwiX5qdt5s/s-l225.jpg
偏低,-19%,940.42,18,74.0,Voigtlander NOKTON 21mm F/1.4 ASPH. VM (for Leica M mount) #316,voigtlander nokton 21mm f1.4,Voigtlander,Lenses,Good - Refurbished,761.0,USD,FIXED_PRICE,grail:NOKTON;mount:leica m,JP,mapcamera,100.0,2026-08-08T06:15:36.000Z,,https://www.ebay.com/itm/327300292560?hash=item4c349e1fd0:g:miIAAeSw6qlqdsl7,https://i.ebayimg.com/images/g/miIAAeSw6qlqdsl7/s-l225.jpg
偏低,-14%,1059.99,49,74.0,CONTAX Carl Zeiss Distagon T* 35mm F/1.4 AEG Lens [Near Mint] US Stock,contax distagon 35mm f1.4,Contax,Lenses,Very Good - Refurbished,908.61,USD,FIXED_PRICE,grail:Distagon;good-cond,US,flagshipcamera,99.9,2026-08-09T00:58:33.000Z,,https://www.ebay.com/itm/307115248138?hash=item47817eca0a:g:94wAAeSwLpRqLlNv,https://i.ebayimg.com/images/g/94wAAeSwLpRqLlNv/s-l225.jpg
偏高,+22%,899.99,80,74.0,2 Lens [NEAR MINT w/2 Hood] Contax G1 35mm Film camera 28mm 45mm From JAPAN,contax g1,Contax,Film Cameras,Used,1099.99,USD,"FIXED_PRICE,BEST_OFFER",grail:Contax G1;good-cond,JP,happy-camera-japan,99.9,2026-08-08T09:05:26.000Z,,https://www.ebay.com/itm/336732601224?hash=item4e66d3bb88:g:PFIAAeSwqmpqc8cQ,https://i.ebayimg.com/images/g/PFIAAeSwqmpqc8cQ/s-l225.jpg
偏高,+13%,999.9,80,74.0,Acute Matte [Exc+5] Hasselblad 500C/M 500CM Medium Format Camera from Japan,hasselblad 500c/m,Hasselblad,Film Cameras,Used,1134.0,USD,FIXED_PRICE,grail:500C;good-cond,JP,yumikoui2012,97.1,2026-08-08T06:18:22.000Z,,https://www.ebay.com/itm/168597459450?hash=item27413111fa:g:1zIAAOSwDuNnkd~q,https://i.ebayimg.com/images/g/1zIAAOSwDuNnkd~q/s-l225.jpg
偏高,+33%,899.99,80,74.0,[MINT +++ / Boxed] Contax G1 35mm Film Camera Body + 28mm Lens From JAPAN,contax g1,Contax,Film Cameras,Used,1199.99,USD,FIXED_PRICE,grail:Contax G1;good-cond,JP,kaya6610,99.6,2026-08-08T15:26:11.000Z,,https://www.ebay.com/itm/318698145558?hash=item4a33e3c716:g:ZyUAAeSwgGdqd0rU,https://i.ebayimg.com/images/g/ZyUAAeSwgGdqd0rU/s-l225.jpg
偏高,+33%,899.99,80,74.0,[ MINT w/ Hood ] Contax G1 Film Camera 45mm f/2 Lens TLA140 Flash From JAPAN,contax g1,Contax,Film Cameras,Used,1199.99,USD,FIXED_PRICE,grail:Contax G1;good-cond,JP,hakusan_camera,100.0,2026-08-08T09:58:13.000Z,,https://www.ebay.com/itm/198556119889?hash=item2e3addf351:g:fL0AAeSwUp5qdv4w,https://i.ebayimg.com/images/g/fL0AAeSwUp5qdv4w/s-l225.jpg
偏低,-12%,1499.99,80,74.0,Hasselblad 500CM Camera Body A12 Film Back body [Excellent++] US STOCK,hasselblad a12,Hasselblad,Film Cameras,Used,1315.5,USD,FIXED_PRICE,grail:500CM,US,altemo-31,98.8,2026-08-08T06:08:51.000Z,,https://www.ebay.com/itm/398262337525?hash=item5cba48fff5:g:eP0AAeSwcQBqZwY1,https://i.ebayimg.com/images/g/eP0AAeSwcQBqZwY1/s-l225.jpg
偏高,+35%,1099.99,72,74.0,Case [Opt Mint] Leica minilux Point & Shoot Camera Summarit 40mm F2.4 from Japan,leica minilux,Leica,Film Cameras,Used,1482.0,USD,FIXED_PRICE,grail:minilux;good-cond,JP,yumikoui2012,97.1,2026-08-08T06:18:22.000Z,,https://www.ebay.com/itm/168597459455?hash=item27413111ff:g:NZAAAOSwloZoEvd1,https://i.ebayimg.com/images/g/NZAAAOSwloZoEvd1/s-l225.jpg
偏高,+17%,3334.99,66,74.0,Double Teeth [N MINT w/ Case] Contax T3 Titan Black 35mm Film Camera From JAPAN,contax t3,Contax,Film Cameras,Used,3899.99,USD,FIXED_PRICE,grail:Contax T3;good-cond,JP,megalithjapancamera,100.0,2026-08-09T00:25:38.000Z,,https://www.ebay.com/itm/398264919129?hash=item5cba706459:g:HVoAAeSwvFVqd8l8,https://i.ebayimg.com/images/g/HVoAAeSwvFVqd8l8/s-l225.jpg
偏高,+20%,3334.99,66,74.0,[ MINT in Box Case ] Contax T3 70th Limited Edition 35mm Film Camera From JAPAN,contax t3,Contax,Film Cameras,Used,3999.99,USD,FIXED_PRICE,grail:Contax T3;good-cond,JP,ageha.b-48,100.0,2026-08-08T14:13:04.000Z,,https://www.ebay.com/itm/800478832456?hash=itemba6041a748:g:J6MAAeSwqZ9qQHp4,https://i.ebayimg.com/images/g/J6MAAeSwqZ9qQHp4/s-l225.jpg
偏高,+20%,3334.99,66,74.0,[Top MINT w/ Case] Contax T3 Titan Black Point & Shoot Film Camera From JAPAN,contax t3,Contax,Film Cameras,Used,3999.99,USD,FIXED_PRICE,grail:Contax T3;good-cond,JP,kaho_camera,100.0,2026-08-08T04:09:14.000Z,,https://www.ebay.com/itm/188759716360?hash=item2bf2f4b208:g:kREAAeSw75ZqdFG~,https://i.ebayimg.com/images/g/kREAAeSw75ZqdFG~/s-l225.jpg
合理,+7%,450.0,65,73.0,Late Model [MINT +++] SMC Pentax 67 90mm f/2.8 Lens for 6x7 67II From JAPAN,pentax smc 90mm f2.8,Pentax,Lenses,Used,479.99,USD,FIXED_PRICE,grail:Pentax 67;mount:pentax k;good-cond,JP,kaya6610,99.6,2026-08-08T13:58:41.000Z,,https://www.ebay.com/itm/318697913549?hash=item4a33e03ccd:g:w8MAAeSwJgVqdzbG,https://i.ebayimg.com/images/g/w8MAAeSwJgVqdzbG/s-l225.jpg
合理,-8%,1299.99,7,73.0,[MINT+++ w/ Strap] Minolta CLE 35mm Film Camera Nokton 40mm f1.4 Lens From JAPAN,minolta cle nokton,Minolta,Film Cameras,Used,1199.99,USD,FIXED_PRICE,grail:Minolta CLE;good-cond,JP,ty_camera_japan,100.0,2026-08-08T13:14:50.000Z,,https://www.ebay.com/itm/358900679907?hash=item539025c4e3:g:JmMAAeSw-zVqdyyD,https://i.ebayimg.com/images/g/JmMAAeSw-zVqdyyD/s-l225.jpg
合理,+11%,89.87,65,72.0,[Exc+5] Minolta SRT Super SRT102 Black SLR Film Camera + MC 50mm F1.7 from Japan,minolta srt102,Minolta,Film Cameras,Used,99.99,USD,FIXED_PRICE,grail:SRT102;good-cond,JP,hib9357,100.0,2026-08-08T04:06:20.000Z,,https://www.ebay.com/itm/158165703933?hash=item24d3691cfd:g:fKsAAeSwgntqBr-U,https://i.ebayimg.com/images/g/fKsAAeSwgntqBr-U/s-l225.jpg
合理,+1%,103.9,80,72.0,Tested!【Exc+5】Olympus μ mju Zoom 105 Deluxe 35mm Compact Film Camera JAPAN,olympus mju 105,Olympus,Film Cameras,Used,104.99,USD,"FIXED_PRICE,BEST_OFFER",grail:mju;good-cond,JP,nacamera_japan,100.0,2026-08-09T01:37:59.000Z,,https://www.ebay.com/itm/800480217265?hash=itemba6056c8b1:g:A0IAAeSwD-BqXXuk,https://i.ebayimg.com/images/g/A0IAAeSwD-BqXXuk/s-l225.jpg
合理,-0%,109.99,80,72.0,CONTAX RTS body film SLR camera,contax rts,Contax,Film Cameras,Used,109.73,USD,"FIXED_PRICE,BEST_OFFER",grail:CONTAX RTS,JP,mgaaoetom10rbmjc-1,99.1,2026-08-08T16:32:16.000Z,,https://www.ebay.com/itm/236993969978?hash=item372df0ff3a:g:~AYAAeSwsZdqd1qO,https://i.ebayimg.com/images/g/~AYAAeSwsZdqd1qO/s-l225.jpg
合理,+6%,103.9,80,72.0,Olympus µ Mju Zoom 105 Deluxe Point&Shoot 35mm Film Camera JPN [Exc+++] #2940795,olympus mju 105,Olympus,Film Cameras,Used,109.99,USD,FIXED_PRICE,grail:Mju;good-cond,JP,jcamgarage,100.0,2026-08-09T02:31:45.000Z,,https://www.ebay.com/itm/358902837772?hash=item539046b20c:g:yFAAAeSwW4tqd-J4,https://i.ebayimg.com/images/g/yFAAAeSwW4tqd-J4/s-l225.jpg
合理,-3%,124.18,80,72.0,【NEAR MINT】OLYMPUS μ mju ZOOM 115 DELUXE Point & Shoot Film Camera From JAPAN,olympus mju 115,Olympus,Film Cameras,Used,119.99,USD,FIXED_PRICE,grail:mju;good-cond,JP,classic-camera-japan-harada,100.0,2026-08-09T02:40:22.000Z,,https://www.ebay.com/itm/257670010583?hash=item3bfe5456d7:g:7VEAAeSw53ZpjrBr,https://i.ebayimg.com/images/g/7VEAAeSw53ZpjrBr/s-l225.jpg
合理,-8%,129.94,80,72.0,[MINT+] Olympus Mju Zoom 140 Zoom 38-140mm 35mm Film Camera From JAPAN,olympus mju 140,Olympus,Film Cameras,Used,119.99,USD,FIXED_PRICE,grail:Mju;good-cond,JP,ranta8823,100.0,2026-08-08T06:56:03.000Z,,https://www.ebay.com/itm/800477760954?hash=itemba60314dba:g:BKsAAeSwtAZqdtO6,https://i.ebayimg.com/images/g/BKsAAeSwtAZqdtO6/s-l225.jpg
合理,-2%,132.5,80,72.0,* Near MINT * Olympus μ mju stylus Zoom 105 Point & Shoot Film Camera From JAPAN,olympus stylus 105,Olympus,Film Cameras,Used,129.9,USD,FIXED_PRICE,grail:mju;good-cond,JP,made-1n-japan,100.0,2026-08-09T03:52:19.000Z,,https://www.ebay.com/itm/336733594423?hash=item4e66e2e337:g:llYAAeSwa2dqd~qg,https://i.ebayimg.com/images/g/llYAAeSwa2dqd~qg/s-l225.jpg
合理,+0%,129.44,80,72.0,*MINT w/Case* Olympus mju μ stylus zoom 140 Point & Shoot Film Camera From JAPAN,olympus stylus 140,Olympus,Film Cameras,Used,129.9,USD,FIXED_PRICE,grail:mju;good-cond,JP,made-1n-japan,100.0,2026-08-09T03:50:47.000Z,,https://www.ebay.com/itm/336733593805?hash=item4e66e2e0cd:g:4D0AAeSwYPFqd~nP,https://i.ebayimg.com/images/g/4D0AAeSwYPFqd~nP/s-l225.jpg
合理,+5%,124.18,80,72.0,[Top Mint] OLYMPUS μ mju ZOOM 115 DELUXE film camera Point & Shoot From Japan,olympus mju 115,Olympus,Film Cameras,Used,129.99,USD,FIXED_PRICE,grail:mju;good-cond,JP,star-store-japan,100.0,2026-08-09T03:15:48.000Z,,https://www.ebay.com/itm/307115354786?hash=item4781806aa2:g:PYsAAeSwjRtqd~IX,https://i.ebayimg.com/images/g/PYsAAeSwjRtqd~IX/s-l225.jpg
合理,-7%,139.99,64,72.0,【NEAR MINT】Olympus μ mju zoom 130 Point & Shoot 35mm Film Camera From JAPAN,olympus mju 130,Olympus,Film Cameras,Used,129.99,USD,FIXED_PRICE,grail:mju;good-cond,JP,classic-camera-japan-harada,100.0,2026-08-09T02:30:11.000Z,,https://www.ebay.com/itm/257670001764?hash=item3bfe543464:g:iDYAAeSwhzBp10cc,https://i.ebayimg.com/images/g/iDYAAeSwhzBp10cc/s-l225.jpg
合理,+0%,129.94,80,72.0,[MINT Case] Olympus Mju μ Zoom 140 VF 35mm Point & Shoot Film Camera From JAPAN,olympus mju 140,Olympus,Film Cameras,Used,129.99,USD,FIXED_PRICE,grail:Mju;good-cond,JP,beryg_camera-japan,100.0,2026-08-08T11:14:43.000Z,,https://www.ebay.com/itm/800478421653?hash=itemba603b6295:g:YdAAAeSwSG9qdxAd,https://i.ebayimg.com/images/g/YdAAAeSwSG9qdxAd/s-l225.jpg
合理,+0%,129.94,80,72.0,[MINT w/case] OLYMPUS mju zoom 140 VF point & shoot 35mm Film Camera From JAPAN,olympus mju 140,Olympus,Film Cameras,Used,129.99,USD,"FIXED_PRICE,BEST_OFFER",grail:mju;good-cond,JP,matsu-vintage-japan,100.0,2026-08-08T04:13:11.000Z,,https://www.ebay.com/itm/407128551572?hash=item5ecac0b094:g:h~8AAeSw8p9qICcS,https://i.ebayimg.com/images/g/h~8AAeSw8p9qICcS/s-l225.jpg
合理,-2%,141.36,80,72.0,Read!! ** Exc+5 ** Pentax MX Silver 35mm Film Camera SMC M 50mm f1.7 Lens JAPAN,pentax smc 35mm f1.7,Pentax,Film Cameras,Used,138.0,USD,FIXED_PRICE,grail:Pentax MX;good-cond,JP,made-1n-japan,100.0,2026-08-09T04:23:53.000Z,,https://www.ebay.com/itm/336733610262?hash=item4e66e32116:g:wK8AAeSwvmNqeAIH,https://i.ebayimg.com/images/g/wK8AAeSwvmNqeAIH/s-l225.jpg
合理,+8%,129.44,80,72.0,** MINT ** Olympus mju µ stylus zoom 140 VF Point & Shoot Film Camera From JAPAN,olympus stylus 140,Olympus,Film Cameras,Used,139.9,USD,FIXED_PRICE,grail:mju;good-cond,JP,made-1n-japan,100.0,2026-08-09T03:58:41.000Z,,https://www.ebay.com/itm/336733597271?hash=item4e66e2ee57:g:DMcAAeSw8TRqd~up,https://i.ebayimg.com/images/g/DMcAAeSw8TRqd~up/s-l225.jpg
合理,+8%,129.94,80,72.0,OLYMPUS μ mju Zoom 140 Point & Shoot 35mm Film Camera [Near MINT] from Japan,olympus mju 140,Olympus,Film Cameras,Used,139.99,USD,FIXED_PRICE,grail:mju;good-cond,JP,takara_camera_japan,99.7,2026-08-08T09:57:43.000Z,,https://www.ebay.com/itm/206474667519?hash=item3012d965ff:g:r2AAAeSwtqtqdv1e,https://i.ebayimg.com/images/g/r2AAAeSwtqtqdv1e/s-l225.jpg
合理,+12%,129.94,80,72.0,▶[N MINT+ w/Case] Olympus μ mju zoom 140 VF 35mm Point & Shoot Film Camera JAPAN,olympus mju 140,Olympus,Film Cameras,Used,144.99,USD,"FIXED_PRICE,BEST_OFFER",grail:mju;good-cond,JP,manaco_shop_japan,99.6,2026-08-08T21:41:50.000Z,,https://www.ebay.com/itm/298570625747?hash=item45843232d3:g:NHYAAeSwh5Vp8oPh,https://i.ebayimg.com/images/g/NHYAAeSwh5Vp8oPh/s-l225.jpg
合理,+4%,143.98,66,72.0,【 Top MINT 】 Zenza Bronica ZENZANON-PG 250mm F5.6 Telephoto Lens GS-1 From JAPAN,bronica 250mm f5.6,Bronica,Lenses,Used,149.9,USD,FIXED_PRICE,grail:Bronica ZENZANON;good-cond,JP,iseshima_japan_camera,100.0,2026-08-08T13:36:45.000Z,,https://www.ebay.com/itm/188761689598?hash=item2bf312cdfe:g:mMYAAeSwvl9qdzHj,https://i.ebayimg.com/images/g/mMYAAeSwvl9qdzHj/s-l225.jpg
合理,+8%,143.98,66,72.0,[MINT w/Hood] BRONICA ZENZANON PG 250mm f/5.6 Telephoto Lens for GS-1 From Japan,bronica 250mm f5.6,Bronica,Lenses,Used,155.55,USD,FIXED_PRICE,grail:BRONICA ZENZANON;good-cond,JP,ku2ko1_76,100.0,2026-08-08T17:45:02.000Z,,https://www.ebay.com/itm/800479269864?hash=itemba604853e8:g:uEUAAeSwXI1qd2ua,https://i.ebayimg.com/images/g/uEUAAeSwXI1qd2ua/s-l225.jpg
合理,+6%,170.0,70,72.0,[NEAR MINT ] Konica Big Mini BM-201 Point & Shoot 35mm Compact Film Camera JAPAN,konica bm-201,Konica,Film Cameras,Used,179.99,USD,"FIXED_PRICE,BEST_OFFER",grail:Big Mini;good-cond,JP,wazze_camera.jpn,100.0,2026-08-08T23:52:03.000Z,,https://www.ebay.com/itm/358902444158?hash=item539040b07e:g:AisAAeSwtGBqd8A0,https://i.ebayimg.com/images/g/AisAAeSwtGBqd8A0/s-l225.jpg
合理,-1%,191.99,69,72.0,[MINT] Konica Big Mini BM-301 Point & Shoot Compact 35mm Film Camera Japan #2940,konica bm-301,Konica,Film Cameras,Used,189.99,USD,FIXED_PRICE,grail:Big Mini;good-cond,JP,japan-collection-camera-take,100.0,2026-08-08T09:22:18.000Z,,https://www.ebay.com/itm/398262768872?hash=item5cba4f94e8:g:jn0AAeSwHYhqKYBv,https://i.ebayimg.com/images/g/jn0AAeSwHYhqKYBv/s-l225.jpg
超值,-29%,277.0,6,72.0,《Near MINT》Konica Autorex P Full & Half Frame Film Camera 52mm F/1.8 JAPAN✈✈🚀🎁,konica autorex full,Konica,Film Cameras,Used,196.91,USD,FIXED_PRICE,52mm;good-cond,JP,rtmy19,100.0,2026-08-08T16:42:45.000Z,,https://www.ebay.com/itm/800479134617?hash=itemba60464399:g:oxQAAOSwyuJoTEp2,https://i.ebayimg.com/images/g/oxQAAOSwyuJoTEp2/s-l225.jpg
合理,-5%,209.9,27,72.0,⏯️[ Near MINT ] Olympus XA Film Rangefinder w/ flash A16 From JAPAN,olympus a16,Olympus,Film Cameras,Used,199.99,USD,FIXED_PRICE,grail:Olympus XA;good-cond,JP,kid1173,99.7,2026-08-08T11:51:54.000Z,,https://www.ebay.com/itm/188761298433?hash=item2bf30cd601:g:q0EAAeSw~wRqdxg7,https://i.ebayimg.com/images/g/q0EAAeSw~wRqdxg7/s-l225.jpg
合理,-7%,214.5,28,72.0,[Near MINT] Mamiya Sekor Macro Z 140mm f4.5 W Lens For RZ67 Pro II D From JAPAN,mamiya sekor 140mm f4.5,Mamiya,Lenses,Used,199.99,USD,FIXED_PRICE,grail:RZ67;good-cond,JP,zeroportjapan,100.0,2026-08-08T08:04:52.000Z,,https://www.ebay.com/itm/236993260204?hash=item372de62aac:g:xIsAAeSwSUhqduOl,https://i.ebayimg.com/images/g/xIsAAeSwSUhqduOl/s-l225.jpg
合理,-6%,228.82,80,72.0,LCD Works OLYMPUS μ mju II 80 VF Point & Shoot 35mm Film Camera JAPAN [Opt MINT],olympus mju 80,Olympus,Film Cameras,Used,214.99,USD,"FIXED_PRICE,BEST_OFFER",grail:mju;good-cond,JP,watanabe-camera-japan,100.0,2026-08-08T12:19:24.000Z,,https://www.ebay.com/itm/407129301517?hash=item5ecacc220d:g:nHgAAeSwJy5p3z2B,https://i.ebayimg.com/images/g/nHgAAeSwJy5p3z2B/s-l225.jpg
合理,+12%,214.5,28,72.0,No Fog *Almost MINT* Mamiya Sekor Macro C 140mm f/4.5 For RB67 Pro S SD From JPN,mamiya sekor 140mm f4.5,Mamiya,Lenses,Used,239.99,USD,FIXED_PRICE,grail:RB67;good-cond,JP,harry_camera_japan,100.0,2026-08-09T01:00:01.000Z,,https://www.ebay.com/itm/137595524626?hash=item2009551612:g:FjYAAeSwFKNqdB8f,https://i.ebayimg.com/images/g/FjYAAeSwFKNqdB8f/s-l225.jpg
合理,-6%,259.99,16,72.0,[NEAR MINT] Zenza Bronica Zenzanon PS Macro 110mm F/4 for SQ A Ai Am From JAPAN,bronica 110mm f4,Bronica,Lenses,Used,244.99,USD,FIXED_PRICE,grail:Bronica Zenzanon;good-cond,JP,ht-smile,100.0,2026-08-08T16:32:27.000Z,,https://www.ebay.com/itm/128016884914?hash=item1dce66a4b2:g:yZwAAeSwpFBpxXC7,https://i.ebayimg.com/images/g/yZwAAeSwpFBpxXC7/s-l225.jpg
合理,+2%,239.99,44,72.0,[MINT] Mamiya M/L-A Macro 140mm f/4.5 Lens for RZ67 From JAPAN,mamiya 140mm f4.5,Mamiya,Lenses,Used,244.99,USD,FIXED_PRICE,grail:RZ67;good-cond,JP,camera_japan_chikami,99.7,2026-08-08T12:43:43.000Z,,https://www.ebay.com/itm/336732801631?hash=item4e66d6ca5f:g:FQoAAeSwseNqdyV0,https://i.ebayimg.com/images/g/FQoAAeSwseNqdyV0/s-l225.jpg
合理,-4%,259.99,69,72.0,[N MINT /Cap] Mamiya Sekor C 65mm f/4.5 Wide Angle Lens RB67 Pro S SD From JAPAN,mamiya sekor 65mm f4.5,Mamiya,Lenses,Used,249.99,USD,FIXED_PRICE,grail:RB67;good-cond,JP,shoyama_japan,100.0,2026-08-08T10:18:20.000Z,,https://www.ebay.com/itm/307114136419?hash=item47816dd363:g:CZcAAeSwMCBqdwOg,https://i.ebayimg.com/images/g/CZcAAeSwMCBqdwOg/s-l225.jpg
无基准,,125.5,80,72.0,Zeiss Ikon Super Ikonta Camera Folding A 531/16 Tessar f3.5 1937 Pre War 531 USA,zeiss ikon super,Zeiss,Film Cameras,Used,255.0,USD,"FIXED_PRICE,AUCTION",grail:Tessar;auction,US,birdbr-10,100.0,2026-08-08T15:04:22.000Z,2026-08-15T15:04:22.000Z,https://www.ebay.com/itm/377403698423?hash=item57df036cf7:g:blkAAeSwBDpqbgpF,https://i.ebayimg.com/images/g/blkAAeSwBDpqbgpF/s-l225.jpg
合理,+0%,259.99,69,72.0,▶️[Near MINT+] Mamiya Sekor C 65mm F4.5 Wide Angle Lens for RB67 Pro S SD JAPAN,mamiya sekor 65mm f4.5,Mamiya,Lenses,Used,259.99,USD,FIXED_PRICE,grail:RB67;good-cond,JP,sunshine_camera,99.7,2026-08-09T01:48:21.000Z,,https://www.ebay.com/itm/206476337329?hash=item3012f2e0b1:g:u90AAeSw6FJqcSlq,https://i.ebayimg.com/images/g/u90AAeSw6FJqcSlq/s-l225.jpg
合理,+3%,289.99,80,72.0,▶️Cla'd [N/MINT++] Mamiya Sekor C 50mm F/4.5 Wide Angle Lens for RB67 S SD JAPAN,mamiya sekor 50mm f4.5,Mamiya,Lenses,Used,299.99,USD,FIXED_PRICE,grail:RB67;good-cond,JP,sunshine_camera,99.7,2026-08-09T01:48:21.000Z,,https://www.ebay.com/itm/206476337330?hash=item3012f2e0b2:g:baQAAeSwr6JqT0HZ,https://i.ebayimg.com/images/g/baQAAeSwr6JqT0HZ/s-l225.jpg
合理,+0%,299.99,80,72.0,[Top MINT] Contax Carl Zeiss Tessar T* 45mm F/2.8 MMJ Lens CY Mount From JAPAN,contax tessar 45mm f2.8,Contax,Lenses,Used,299.99,USD,FIXED_PRICE,grail:Tessar;good-cond,JP,hiroshimakamera,100.0,2026-08-08T10:18:32.000Z,,https://www.ebay.com/itm/287512517416?hash=item42f114db28:g:BEUAAeSwbqVqdwL2,https://i.ebayimg.com/images/g/BEUAAeSwbqVqdwL2/s-l225.jpg
无基准,,271.5,72,72.0,Leica R4 35mm SLR Film Camera Body Only,leica r4,Leica,Film Cameras,Used,325.0,USD,"FIXED_PRICE,AUCTION",grail:Leica R4;auction,US,luluny75,100.0,2026-08-08T20:31:52.000Z,2026-08-15T20:31:52.000Z,https://www.ebay.com/itm/158167915317?hash=item24d38adb35:g:qc8AAeSwQGhqd5FL,https://i.ebayimg.com/images/g/qc8AAeSwQGhqd5FL/s-l225.jpg
合理,-8%,379.99,80,72.0,[Near MINT] Contax Carl Zeiss Planar T* 85mm F1.4 Lens AEG From JAPAN,contax planar 85mm f1.4,Contax,Lenses,Used,349.99,USD,FIXED_PRICE,grail:Planar;good-cond,JP,ma88_9646,100.0,2026-08-08T14:43:44.000Z,,https://www.ebay.com/itm/178386469627?hash=item2988a982fb:g:Q0oAAeSwlP5qd0Fd,https://i.ebayimg.com/images/g/Q0oAAeSwlP5qd0Fd/s-l225.jpg
合理,-7%,399.99,80,72.0,[Exc+5] Pentax 6x7 67 Early Medium Format Film Camera body Eye Level From JAPAN,pentax 67,Pentax,Film Cameras,Used,369.99,USD,"FIXED_PRICE,BEST_OFFER",grail:6x7;good-cond,JP,sakesan_japan_collection,100.0,2026-08-08T05:28:07.000Z,,https://www.ebay.com/itm/128016356943?hash=item1dce5e964f:g:XfQAAeSwXOhqKmM2,https://i.ebayimg.com/images/g/XfQAAeSwXOhqKmM2/s-l225.jpg
合理,+11%,359.99,58,72.0,[Almost MINT] Mamiya 645 AF 45mm F/2.8 Wide Angle AF Lens for 645AF From JAPAN,mamiya 45mm f2.8,Mamiya,Lenses,Used,399.9,USD,FIXED_PRICE,grail:645;good-cond,JP,tokyosnapshot,99.7,2026-08-08T23:07:55.000Z,,https://www.ebay.com/itm/128017160238?hash=item1dce6ad82e:g:BcAAAeSwIVVqd7e8,https://i.ebayimg.com/images/g/BcAAAeSwIVVqd7e8/s-l225.jpg
合理,-6%,428.0,41,72.0,▶️[Near MINT] Voigtlander Ultron 40mm f/2 SL Aspherical CY Mount From JAPAN,voigtlander ultron 40mm f2,Voigtlander,Lenses,Used,399.99,USD,FIXED_PRICE,grail:Ultron;good-cond,JP,sunshine_camera,99.7,2026-08-09T01:48:21.000Z,,https://www.ebay.com/itm/206476337332?hash=item3012f2e0b4:g:FUYAAeSwuPFqL9Sj,https://i.ebayimg.com/images/g/FUYAAeSwuPFqL9Sj/s-l225.jpg
合理,-8%,433.16,43,72.0,w/Hood [Top MINT] Mamiya N 150mm f4.5 L Telephoto Lens For Mamiya 7 II FromJAPAN,mamiya 150mm f4.5,Mamiya,Lenses,Used,399.99,USD,FIXED_PRICE,grail:Mamiya 7 II;good-cond,JP,myon-38,99.7,2026-08-09T00:26:03.000Z,,https://www.ebay.com/itm/318699832408?hash=item4a33fd8458:g:KA0AAeSwZy5qd8lZ,https://i.ebayimg.com/images/g/KA0AAeSwZy5qd8lZ/s-l225.jpg
合理,+1%,434.56,80,72.0,Meter OK[Top MINT] Pentax 6x7 TTL Medium Format Film Camera Body from JAPAN #24,pentax ttl,Pentax,Film Cameras,Used,439.0,USD,FIXED_PRICE,grail:6x7;good-cond,JP,hanna_from_japan,100.0,2026-08-08T08:22:39.000Z,,https://www.ebay.com/itm/398262620447?hash=item5cba4d511f:g:7j0AAeSwfjZqdui2,https://i.ebayimg.com/images/g/7j0AAeSwfjZqdui2/s-l225.jpg
合理,+6%,424.93,21,72.0,[Near MINT] Asahi Pentax 6x7 TTL MirrorUp Medium Format Body SLR From JAPAN,asahi pentax ttl,Asahi,Film Cameras,Used,449.99,USD,FIXED_PRICE,grail:6x7;good-cond,JP,jj0731ssh65,99.7,2026-08-08T19:29:54.000Z,,https://www.ebay.com/itm/407129994990?hash=item5ecad6b6ee:g:yAgAAeSweu9qd4Rq,https://i.ebayimg.com/images/g/yAgAAeSweu9qd4Rq/s-l225.jpg
合理,-2%,461.29,80,72.0,[Top MINT] Fujifilm Natura Classica Point & Shoot 35mm Film Camera From JAPAN,fujifilm natura,Fujifilm,Film Cameras,Used,449.99,USD,FIXED_PRICE,grail:Natura;good-cond,JP,yamamoto_camera_japan,99.3,2026-08-08T08:15:48.000Z,,https://www.ebay.com/itm/366593370444?hash=item555aaae94c:g:1EYAAeSwIVVqduax,https://i.ebayimg.com/images/g/1EYAAeSwIVVqduax/s-l225.jpg
合理,+12%,402.5,80,72.0,[TOP MINT w/Hood] Leica Leitz Summicron R 50mm f2 R-Only MF Lens From JAPAN,leica summicron 50mm f2,Leica,Lenses,Used,449.99,USD,FIXED_PRICE,grail:Summicron;good-cond,JP,1st_camera_tokyo,99.1,2026-08-08T05:14:47.000Z,,https://www.ebay.com/itm/377402802565?hash=item57def5c185:g:GMwAAeSwR01qdrvJ,https://i.ebayimg.com/images/g/GMwAAeSwR01qdrvJ/s-l225.jpg
合理,-6%,490.83,80,72.0,Tested [MINT w/ Pro Strap] Nikon F5 SLR 35mm Film Camera Body DP-30 From JAPAN,nikon f5,Nikon,Film Cameras,Used,459.99,USD,FIXED_PRICE,grail:Nikon F5;good-cond,JP,ty_camera_japan,100.0,2026-08-08T13:22:18.000Z,,https://www.ebay.com/itm/358900692109?hash=item539025f48d:g:cAUAAeSwmE9qdy5O,https://i.ebayimg.com/images/g/cAUAAeSwmE9qdy5O/s-l225.jpg
合理,-0%,490.83,80,72.0,[ MINT w/ Original Strap ] Nikon F5 SLR 35mm Film Camera Black Body From JAPAN,nikon f5,Nikon,Film Cameras,Used,489.9,USD,FIXED_PRICE,grail:Nikon F5;good-cond,JP,kanazaway,100.0,2026-08-08T15:51:28.000Z,,https://www.ebay.com/itm/407129670027?hash=item5ecad1c18b:g:TXsAAeSw1~Nqd1Fw,https://i.ebayimg.com/images/g/TXsAAeSw1~Nqd1Fw/s-l225.jpg
合理,+2%,490.83,80,72.0,All Works! [ Top MINT w/ Strap ] Nikon F5 35mm SLR Film Camera Body From JAPAN,nikon f5,Nikon,Film Cameras,Used,499.9,USD,FIXED_PRICE,grail:Nikon F5;good-cond,JP,tpjgad67,100.0,2026-08-08T14:24:35.000Z,,https://www.ebay.com/itm/307114481528?hash=item4781731778:g:-tUAAeSwd3dqdz0a,https://i.ebayimg.com/images/g/-tUAAeSwd3dqdz0a/s-l225.jpg
合理,+2%,490.83,80,72.0,[Near MINT w/ Strap] Nikon F5 SLR Film Camera w/ AF 50mm F1.4 Lens From JAPAN,nikon f5,Nikon,Film Cameras,Used,499.99,USD,FIXED_PRICE,grail:Nikon F5;good-cond,JP,zeroportjapan,100.0,2026-08-09T00:34:16.000Z,,https://www.ebay.com/itm/236994614528?hash=item372dfad500:g:py4AAeSwrKZqd8vA,https://i.ebayimg.com/images/g/py4AAeSwrKZqd8vA/s-l225.jpg
合理,+10%,490.83,80,72.0,[ MINT w / Strap ] Nikon F5 35mm SLR Film Camera AF 50mm F/1.8 D Lens From JAPAN,nikon f5,Nikon,Film Cameras,Used,539.99,USD,FIXED_PRICE,grail:Nikon F5;good-cond,JP,shoyama_japan,100.0,2026-08-08T10:31:44.000Z,,https://www.ebay.com/itm/307114158879?hash=item47816e2b1f:g:CUkAAeSw6fRqdwYP,https://i.ebayimg.com/images/g/CUkAAeSw6fRqdwYP/s-l225.jpg
合理,-5%,609.0,31,72.0,CLA'd Jul 2026 [Near MINT] Mamiya Sekor C 80mm f1.9 Lens For M645 645 From JAPAN,mamiya sekor 80mm f1.9,Mamiya,Lenses,Used,579.85,USD,FIXED_PRICE,grail:645;good-cond,JP,shop365tokyo,100.0,2026-08-09T00:54:42.000Z,,https://www.ebay.com/itm/158168426315?hash=item24d392a74b:g:OrEAAeSwjRtqd9CI,https://i.ebayimg.com/images/g/OrEAAeSwjRtqd9CI/s-l225.jpg
合理,-3%,617.49,65,72.0,[MINT in Box] Contax Carl Zeiss Planar T* 45mm f/2 Lens for G1 G2 From JAPAN,contax planar 45mm f2,Contax,Lenses,Used,599.99,USD,FIXED_PRICE,grail:Planar;good-cond,JP,hiroshima-camera,100.0,2026-08-08T13:29:40.000Z,,https://www.ebay.com/itm/800478720913?hash=itemba603ff391:g:RocAAeSwUulqdy~A,https://i.ebayimg.com/images/g/RocAAeSwUulqdy~A/s-l225.jpg
合理,+6%,709.5,18,72.0,[MINT] Leitz Leica Elmarit-R 35mm f/2.8 3-CAM Ver.III Wide Angle Lens From JAPAN,leitz elmarit 35mm f2.8,Leitz,Lenses,Used,749.99,USD,FIXED_PRICE,grail:Elmarit;good-cond,JP,ty_camera_japan,100.0,2026-08-08T13:23:23.000Z,,https://www.ebay.com/itm/358900693477?hash=item539025f9e5:g:kD0AAeSwvnpqdy4K,https://i.ebayimg.com/images/g/kD0AAeSwvnpqdy4K/s-l225.jpg
合理,+7%,934.99,38,72.0,[NEAR MINT w/ Grip Case] Pentax 6x7 TTL M-Up Takumar 105mm F/2.4 Lens From JAPAN,pentax ttl m-up,Pentax,Film Cameras,Used,999.99,USD,"FIXED_PRICE,BEST_OFFER",grail:6x7;good-cond,JP,happy-camera-japan,99.9,2026-08-08T20:55:41.000Z,,https://www.ebay.com/itm/336733316852?hash=item4e66dea6f4:g:peQAAeSwBeNp8U~~,https://i.ebayimg.com/images/g/peQAAeSwBeNp8U~~/s-l225.jpg
合理,-5%,1299.99,41,72.0,[Top MINT+] Pentax 645N Medium Format Camera Body 120&220 Film Back From JAPAN,pentax 645n,Pentax,Film Cameras,Used,1229.99,USD,FIXED_PRICE,grail:645N;good-cond,JP,japan_camera_select,100.0,2026-08-09T02:03:19.000Z,,https://www.ebay.com/itm/398265140704?hash=item5cba73c5e0:g:Nr4AAeSwFN5qd-EW,https://i.ebayimg.com/images/g/Nr4AAeSwFN5qd-EW/s-l225.jpg
合理,+8%,1299.99,41,72.0,[Top MINT w/ Strap] Pentax 645N Camera A 75mm f2.8 Lens 120 Film Back From JAPAN,pentax 645n,Pentax,Film Cameras,Used,1399.99,USD,FIXED_PRICE,grail:645N;good-cond,JP,camera_japan_chiba,100.0,2026-08-09T03:55:47.000Z,,https://www.ebay.com/itm/128017329197?hash=item1dce6d6c2d:g:E0cAAeSwYVRqd~r7,https://i.ebayimg.com/images/g/E0cAAeSwYVRqd~r7/s-l225.jpg
合理,+0%,1399.49,60,72.0,[TOP MINT] Fujifilm Klasse W Silver Point & Shoot 35mm Film Camera From JAPAN,fujifilm klasse,Fujifilm,Film Cameras,Used,1399.99,USD,"FIXED_PRICE,BEST_OFFER",grail:Klasse;good-cond,JP,teriyaki.japan,99.6,2026-08-08T06:24:02.000Z,,https://www.ebay.com/itm/407128736423?hash=item5ecac382a7:g:lJYAAeSw-Qxpu8os,https://i.ebayimg.com/images/g/lJYAAeSw-Qxpu8os/s-l225.jpg
合理,-6%,1599.99,80,72.0,"Count:008 [MINT w/ Case, Strap] Fujifilm Fuji GA645 Film Camera From JAPAN",fujifilm ga645,Fujifilm,Film Cameras,Used,1499.99,USD,FIXED_PRICE,grail:GA645;good-cond,JP,megalithjapancamera,100.0,2026-08-09T00:18:41.000Z,,https://www.ebay.com/itm/398264911329?hash=item5cba7045e1:g:Lv4AAeSw5glqd8hU,https://i.ebayimg.com/images/g/Lv4AAeSw5glqd8hU/s-l225.jpg
合理,-6%,1599.99,80,72.0,Count 004 CLA'd [Top MINT] Fujifilm GA645 Pro 6x4.5 Medium Format Camera JAPAN,fujifilm ga645,Fujifilm,Film Cameras,Used,1499.99,USD,FIXED_PRICE,grail:GA645;good-cond,JP,kaho_camera,100.0,2026-08-08T04:21:04.000Z,,https://www.ebay.com/itm/188759756373?hash=item2bf2f54e55:g:KvQAAeSwa3tqcqf1,https://i.ebayimg.com/images/g/KvQAAeSwa3tqcqf1/s-l225.jpg
高价,+77%,1409.99,80,72.0,Late [NEAR MINT] Hasselblad 500CM C/M 6x6 Camera CF 80mm F2.8 A12 III From JAPAN,hasselblad c/m,Hasselblad,Film Cameras,Used,2494.99,USD,FIXED_PRICE,grail:500CM;mount:hasselblad v;good-cond,JP,ht-smile,100.0,2026-08-08T16:32:27.000Z,,https://www.ebay.com/itm/128016884910?hash=item1dce66a4ae:g:rLAAAeSw2MlqMsth,https://i.ebayimg.com/images/g/rLAAAeSw2MlqMsth/s-l225.jpg
无基准,,67.83,80,72.0,"ROLLEIFLEX TLR Mod 3 PLANAR F3.5 75mm CARL ZEISS Case, Box, Books Doctor Camera",rolleiflex rolleiflex,Rolleiflex,Vintage Cameras,,2750.0,USD,"FIXED_PRICE,AUCTION",grail:PLANAR;auction,US,frank2020,100.0,2026-08-09T01:20:55.000Z,2026-08-16T01:20:55.000Z,https://www.ebay.com/itm/236994648007?hash=item372dfb57c7:g:7tYAAeSwFuJqbiRZ,https://i.ebayimg.com/images/g/7tYAAeSwFuJqbiRZ/s-l225.jpg
偏低,-22%,229.99,71,71.0,[ NEAR MINT w / Strap ] Voigtlander BESSA-L BESSA L Film Camera Body From JAPAN,voigtlander bessa-l bessa,Voigtlander,Film Cameras,Used,179.99,USD,FIXED_PRICE,good-cond,JP,ohana_camera_tokyo,99.6,2026-08-08T11:27:25.000Z,,https://www.ebay.com/itm/198556244957?hash=item2e3adfdbdd:g:RnQAAeSwtH5qdxMY,https://i.ebayimg.com/images/g/RnQAAeSwtH5qdxMY/s-l225.jpg
偏低,-15%,234.44,80,71.0,Pro F 【Exc+5】 Mamiya C220 TLR 6x6 Medium Format Film Camera Body Only from JAPAN,mamiya c220,Mamiya,Film Cameras,Used,199.99,USD,FIXED_PRICE,good-cond,JP,altay_camera_japan,100.0,2026-08-08T10:46:48.000Z,,https://www.ebay.com/itm/236993481846?hash=item372de98c76:g:EWcAAeSwKe9pVeoM,https://i.ebayimg.com/images/g/EWcAAeSwKe9pVeoM/s-l225.jpg
高价,+52%,177.75,80,71.0,[EXC+++] Mamiya Press Super 23 Black + 100mm f3.5 + 6x7 & 6x9 Film Backs JAPAN,mamiya 23,Mamiya,Film Cameras,Used,269.99,USD,FIXED_PRICE,grail:6x7;good-cond,JP,noma6724,100.0,2026-08-08T04:43:17.000Z,,https://www.ebay.com/itm/188759819352?hash=item2bf2f64458:g:co0AAeSwyRFqdrQp,https://i.ebayimg.com/images/g/co0AAeSwyRFqdrQp/s-l225.jpg
偏低,-24%,396.43,17,71.0,RARE Orange《MINT》Leica Sofort Instant Camera Model 2754 Polaroid JAPAN✈✈✈✈✈✈🚀🎁,leica 2754,Leica,Film Cameras,Used,300.79,USD,FIXED_PRICE,good-cond,JP,rtmy19,100.0,2026-08-08T16:42:44.000Z,,https://www.ebay.com/itm/800479134556?hash=itemba6046435c:g:-J8AAOSwCqpmGBKT,https://i.ebayimg.com/images/g/-J8AAOSwCqpmGBKT/s-l225.jpg
合理,+0%,449.99,25,71.0,Meter Works [MINT] Voigtlander BESSA-R Black Rangefinder Film Camera L39 JAPAN,voigtlander l39,Voigtlander,Film Cameras,Used,449.99,USD,"FIXED_PRICE,BEST_OFFER",mount:ltm/l39;good-cond,JP,shoham_36,99.3,2026-08-08T15:56:12.000Z,,https://www.ebay.com/itm/318698240686?hash=item4a33e53aae:g:dbAAAeSwtEFqd1Lg,https://i.ebayimg.com/images/g/dbAAAeSwtEFqd1Lg/s-l225.jpg
偏低,-12%,568.39,16,71.0,[ Near MINT In Box ] Voigtlander BESSA L Black Skopar 25mm F4 MC Lens From JAPAN,voigtlander f4,Voigtlander,Film Cameras,Used,499.9,USD,FIXED_PRICE,good-cond,JP,tpjgad67,100.0,2026-08-08T14:31:13.000Z,,https://www.ebay.com/itm/307114489345?hash=item4781733601:g:DU4AAeSwfoNqdz7i,https://i.ebayimg.com/images/g/DU4AAeSwfoNqdz7i/s-l225.jpg
偏低,-12%,569.99,31,71.0,Works! [ N MINT ] Mamiya 645E Medium Film Camera Sekor C f2.8 80mm N Lens JAPAN,mamiya 645e,Mamiya,Film Cameras,Used,499.99,USD,"FIXED_PRICE,BEST_OFFER",good-cond,JP,asami-camerashop-japan,100.0,2026-08-09T00:31:38.000Z,,https://www.ebay.com/itm/800480068506?hash=itemba6054839a:g:9TYAAeSwRklo8H48,https://i.ebayimg.com/images/g/9TYAAeSwRklo8H48/s-l225.jpg
合理,+11%,550.0,16,71.0,Voigtlander NOKTON 55mm F1.2 SLIIs Ai-S Manual Focus Lens from Japan D0808,voigtlander ai-s 55mm f1.2,Voigtlander,Lenses,Used,611.54,USD,FIXED_PRICE,grail:NOKTON;mount:nikon f;55mm,JP,kyoto_camera,99.7,2026-08-08T13:50:14.000Z,,https://www.ebay.com/itm/287512767772?hash=item42f118ad1c:g:pOoAAeSwF~xqdzPO,https://i.ebayimg.com/images/g/pOoAAeSwF~xqdzPO/s-l225.jpg
高价,+237%,284.94,80,71.0,Exc+4 : Contax T2 Titanium Black Carl Zeiss Sonnar 38mm f2.8 Film Camera JAPAN,contax t2,Contax,Film Cameras,Used,959.99,USD,FIXED_PRICE,grail:Contax T2;good-cond,JP,naruzo369,100.0,2026-08-09T02:53:06.000Z,,https://www.ebay.com/itm/800480378903?hash=itemba60594017:g:snQAAeSwEx9qd-xN,https://i.ebayimg.com/images/g/snQAAeSwEx9qd-xN/s-l225.jpg
偏低,-12%,1249.99,17,71.0,All Works Exc+5 : Contax T2D Titanium 35mm Point Shoot Compact Film Camera JAPAN,contax t2d,Contax,Film Cameras,Used,1099.99,USD,FIXED_PRICE,good-cond,JP,naruzo369,100.0,2026-08-09T02:54:37.000Z,,https://www.ebay.com/itm/800480382370?hash=itemba60594da2:g:gyYAAeSw6glqd-xt,https://i.ebayimg.com/images/g/gyYAAeSw6glqd-xt/s-l225.jpg
合理,-5%,1777.95,50,71.0,[MINT] Linhof Master Technika 45 RF Rangefinder Body 4x5 Large Format From JAPAN,linhof 45,Linhof,Film Cameras,Used,1689.8,USD,FIXED_PRICE,mount:canon rf;good-cond,JP,shop365tokyo,100.0,2026-08-08T11:45:08.000Z,,https://www.ebay.com/itm/158166662301?hash=item24d377bc9d:g:wVkAAeSwFkJqdxd6,https://i.ebayimg.com/images/g/wVkAAeSwFkJqdxd6/s-l225.jpg
高价,+1309%,127.75,80,71.0,CLA'd [ N MINT ] Rollei Rolleiflex 2.8F Film Camera Planar 80mm f/2.8 From JAPAN,rollei rolleiflex,Rollei,Film Cameras,Used,1799.99,USD,FIXED_PRICE,grail:Rolleiflex 2.8F;good-cond,JP,zeroportjapan,100.0,2026-08-08T08:10:50.000Z,,https://www.ebay.com/itm/236993263883?hash=item372de6390b:g:xv4AAeSwH-NqduTK,https://i.ebayimg.com/images/g/xv4AAeSwH-NqduTK/s-l225.jpg
高价,+3438%,67.83,80,71.0,⏯️Meter Works Xenotar [ N MINT ] Rolleiflex 2.8F Film Camera 80mm From JAPAN,rolleiflex rolleiflex,Rolleiflex,Film Cameras,Used,2399.99,USD,FIXED_PRICE,grail:Rolleiflex 2.8F;good-cond,JP,kid1173,99.7,2026-08-08T16:04:30.000Z,,https://www.ebay.com/itm/188762198086?hash=item2bf31a9046:g:gKQAAeSwHdJqd1Ny,https://i.ebayimg.com/images/g/gKQAAeSwHdJqd1Ny/s-l225.jpg
偏低,-23%,3632.32,17,71.0,Leitz Leica M6 Chrome 10414 #2235604,leitz m6,Leitz,Film Cameras,Used,2784.5,USD,FIXED_PRICE,grail:Leica M6,AT,mintandrare,99.9,2026-08-08T20:36:01.000Z,,https://www.ebay.com/itm/147491791453?hash=item225732225d:g:nfQAAeSwyedqd02U,https://i.ebayimg.com/images/g/nfQAAeSwyedqd02U/s-l225.jpg
合理,+3%,2924.99,26,71.0,⏯️[MINT / Hood] Hasselblad 503CXi Camera Body CF 80mm F2.8 Lens A12 III JAPAN,hasselblad 503cxi,Hasselblad,Film Cameras,Used,2999.99,USD,"FIXED_PRICE,BEST_OFFER",mount:hasselblad v;good-cond,JP,tomooka_49,100.0,2026-08-08T22:19:46.000Z,,https://www.ebay.com/itm/158168120213?hash=item24d38dfb95:g:NpgAAeSw7AxqKhhA,https://i.ebayimg.com/images/g/NpgAAeSw7AxqKhhA/s-l225.jpg
高价,+595%,863.62,80,71.0,[ TOP MINT w/ MP-1 ] Contax 645 AE Finder Planar 80mm F2 Lens MFB-1A From JAPAN,contax f2,Contax,Film Cameras,Used,5999.99,USD,FIXED_PRICE,grail:645;good-cond,JP,tarmanpuk_0,99.7,2026-08-08T15:37:52.000Z,,https://www.ebay.com/itm/287512889685?hash=item42f11a8955:g:pwMAAeSwuvdqd0xD,https://i.ebayimg.com/images/g/pwMAAeSwuvdqd0xD/s-l225.jpg
偏低,-20%,49.99,80,70.0,Olympus OM-2 35mm SLR Film Camera Body Only Tested includes strap,olympus om-2,Olympus,Film Cameras,Used,40.0,USD,"FIXED_PRICE,BEST_OFFER",grail:OM-2;mount:olympus om,US,thestonetrove,0.0,2026-08-08T18:44:36.000Z,,https://www.ebay.com/itm/407129935575?hash=item5ecad5ced7:g:7GMAAeSw~uRqd3j-,https://i.ebayimg.com/images/g/7GMAAeSw~uRqd3j-/s-l225.jpg
偏低,-17%,71.2,33,70.0,《EXC+5 in CASE》Minolta SR-1s SLR MC Rokkor PF 55mm F/1.7 Lens From JAPAN🚀🎁,minolta sr-1s,Minolta,Film Cameras,Used,59.07,USD,FIXED_PRICE,mount:minolta md;55mm;good-cond,JP,rtmy19,100.0,2026-08-08T16:42:44.000Z,,https://www.ebay.com/itm/800479134507?hash=itemba6046432b:g:StoAAOSwVE5l2K-x,https://i.ebayimg.com/images/g/StoAAOSwVE5l2K-x/s-l225.jpg
偏高,+45%,99.99,80,70.0,[ NEAR MINT ] CANON A-1 + FD 28mm f/3.5 S.C. 35mm Film Camera from JAPAN,canon a-1,Canon,Film Cameras,Used,144.9,USD,FIXED_PRICE,grail:CANON A-1;mount:canon fd;good-cond,JP,oi_b24,98.8,2026-08-09T02:12:43.000Z,,https://www.ebay.com/itm/800480288477?hash=itemba6057dedd:g:7OUAAOSwW6RoSYG9,https://i.ebayimg.com/images/g/7OUAAOSwW6RoSYG9/s-l225.jpg
偏低,-11%,265.0,80,70.0,Hasselblad Carl Zeiss T* CF Sonnar 250mm f/5.6 MF Lens [Excellent+++] US STOCK,hasselblad sonnar 250mm f5.6,Hasselblad,Lenses,Used,236.42,USD,FIXED_PRICE,grail:Sonnar;mount:hasselblad v,US,altemo-31,98.8,2026-08-08T05:13:12.000Z,,https://www.ebay.com/itm/398262237944?hash=item5cba477af8:g:y0MAAeSwy~JqJ9r2,https://i.ebayimg.com/images/g/y0MAAeSwy~JqJ9r2/s-l225.jpg
偏高,+30%,249.0,80,70.0,【Top Mint】Contax Carl Zeiss Planar T* 50mm F1.4 Lens C/Y Mount MMJ JAPAN #255,contax planar 50mm f1.4,Contax,Lenses,Used,324.99,USD,FIXED_PRICE,grail:Planar;mount:contax/yashica;good-cond,JP,yamkun_camera_japan,100.0,2026-08-09T01:13:52.000Z,,https://www.ebay.com/itm/377404568122?hash=item57df10b23a:g:-K0AAeSwazxqd9U7,https://i.ebayimg.com/images/g/-K0AAeSwazxqd9U7/s-l225.jpg
偏高,+27%,315.31,10,70.0,[Opt MINT] Contax RX 35mm SLR Film camera Body 50mm F1.7 AEJ Lens From JAPAN,contax 35mm f1.7,Contax,Film Cameras,Used,399.99,USD,FIXED_PRICE,grail:Contax RX;good-cond,JP,toyo_camera_japan,99.8,2026-08-08T22:19:12.000Z,,https://www.ebay.com/itm/377404351654?hash=item57df0d64a6:g:4fcAAeSwRT9qd6yP,https://i.ebayimg.com/images/g/4fcAAeSwRT9qd6yP/s-l225.jpg
偏高,+14%,353.0,80,70.0,Voigtlander NOKTON Classic 35mm F/1.4 II MC VM (Leica M) #320 -Near Mint-,voigtlander nokton 35mm f1.4,Voigtlander,Lenses,Very Good - Refurbished,404.0,USD,FIXED_PRICE,grail:NOKTON;mount:leica m;good-cond,JP,mapcamera,100.0,2026-08-08T06:28:41.000Z,,https://www.ebay.com/itm/358899600979?hash=item5390154e53:g:tykAAeSwa4FqdsyP,https://i.ebayimg.com/images/g/tykAAeSwa4FqdsyP/s-l225.jpg
偏高,+14%,353.0,80,70.0,Voigtlander NOKTON Classic 35mm F/1.4 II MC VM (Leica M) #319 -Near Mint-,voigtlander nokton 35mm f1.4,Voigtlander,Lenses,Very Good - Refurbished,404.0,USD,FIXED_PRICE,grail:NOKTON;mount:leica m;good-cond,JP,mapcamera,100.0,2026-08-08T06:22:26.000Z,,https://www.ebay.com/itm/358899591687?hash=item5390152a07:g:h9cAAeSwfwBqdssX,https://i.ebayimg.com/images/g/h9cAAeSwfwBqdssX/s-l225.jpg
偏高,+19%,353.0,80,70.0,[Top MINT] Voigtlander Nokton Classic 35mm F1.4 SC For Leica VM Mount From JAPAN,voigtlander nokton 35mm f1.4,Voigtlander,Lenses,Used,419.99,USD,FIXED_PRICE,grail:Nokton;mount:leica m;good-cond,JP,japan.camera.like,100.0,2026-08-08T15:30:32.000Z,,https://www.ebay.com/itm/178386583345?hash=item2988ab3f31:g:IR4AAeSwFz1qd0xS,https://i.ebayimg.com/images/g/IR4AAeSwFz1qd0xS/s-l225.jpg
偏低,-11%,486.95,24,70.0,Voigtlander 12mm f5.6 Ultra Wide-Heliar Aspherical Lens LTM M39,voigtlander heliar 12mm f5.6,Voigtlander,Lenses,Used,435.0,USD,"FIXED_PRICE,BEST_OFFER",grail:Heliar;mount:ltm/l39,US,variablevacancy,100.0,2026-08-08T09:16:21.000Z,,https://www.ebay.com/itm/318697027504?hash=item4a33d2b7b0:g:Ep4AAeSwZy5qdvON,https://i.ebayimg.com/images/g/Ep4AAeSwZy5qdvON/s-l225.jpg
偏高,+42%,322.49,66,70.0,CONTAX RTS III Black 35mm SLR Film Camera RTS lll 3 Body #08541 C/Y mount NM- JP,contax rts iii,Contax,Film Cameras,Used,459.0,USD,"FIXED_PRICE,BEST_OFFER",grail:CONTAX RTS;mount:contax/yashica,JP,mochi_jp,100.0,2026-08-08T08:21:59.000Z,,https://www.ebay.com/itm/366593377305?hash=item555aab0419:g:wuoAAeSwr~to5Pl6,https://i.ebayimg.com/images/g/wuoAAeSwr~to5Pl6/s-l225.jpg
偏高,+25%,393.95,80,70.0,Voigtlander SUPER WIDE-HELIAR 15mm F/4.5 ASPH. III VM (Leica M) #326 -Near Mint-,voigtlander heliar 15mm f4.5,Voigtlander,Lenses,Very Good - Refurbished,491.0,USD,FIXED_PRICE,grail:HELIAR;mount:leica m;good-cond,JP,mapcamera,100.0,2026-08-08T06:22:56.000Z,,https://www.ebay.com/itm/327300297431?hash=item4c349e32d7:g:HcUAAeSwyRFqdssz,https://i.ebayimg.com/images/g/HcUAAeSwyRFqdssz/s-l225.jpg
偏高,+24%,402.5,80,70.0,[Near MINT+++] Leica Summicron L 50mm f2 2 Lens Collapsible L39 LTM From JAPAN,leica summicron 50mm f2,Leica,Lenses,Used,499.99,USD,FIXED_PRICE,grail:Summicron;mount:ltm/l39;good-cond,JP,yamamoto_camera_japan,99.3,2026-08-08T08:05:11.000Z,,https://www.ebay.com/itm/366593357082?hash=item555aaab51a:g:oloAAeSwQ0FqduRo,https://i.ebayimg.com/images/g/oloAAeSwQ0FqduRo/s-l225.jpg
偏低,-18%,883.49,58,70.0,Voigtlander Nokton 28mm f/1.5 Type II Leica M VM,voigtlander nokton 28mm f1.5,Voigtlander,Lenses,Used,725.0,USD,FIXED_PRICE,grail:Nokton;mount:leica m,US,motorhead9999,100.0,2026-08-08T21:16:52.000Z,,https://www.ebay.com/itm/398264528907?hash=item5cba6a700b:g:Y3AAAeSw6qlqd5zD,https://i.ebayimg.com/images/g/Y3AAAeSw6qlqd5zD/s-l225.jpg
偏高,+13%,644.99,58,70.0,Contax S2 35mm SLR Film Camera Body Titanium Mechanical C/Y Excellent from Japan,contax s2,Contax,Film Cameras,Used,728.0,USD,FIXED_PRICE,grail:Contax S2;mount:contax/yashica,JP,mashtosh,100.0,2026-08-08T08:09:27.000Z,,https://www.ebay.com/itm/267751033516?hash=item3e57348aac:g:vngAAeSwtAZqduJd,https://i.ebayimg.com/images/g/vngAAeSwtAZqduJd/s-l225.jpg
偏低,-10%,833.88,30,70.0,Voigtlander 90mm f/2 Ultron APO silver chrome Leica M VM,voigtlander ultron 90mm f2,Voigtlander,Lenses,Used,749.99,USD,FIXED_PRICE,grail:Ultron;mount:leica m,US,motorhead9999,100.0,2026-08-08T21:20:56.000Z,,https://www.ebay.com/itm/398264533977?hash=item5cba6a83d9:g:E~cAAeSwvgtqd523,https://i.ebayimg.com/images/g/E~cAAeSwvgtqd523/s-l225.jpg
偏高,+38%,580.49,30,70.0,[Top MINT] Carl Zeiss Distagon T* 25mm f/2 ZF.2 Nikon F Mount Lens From JAPAN,zeiss distagon 25mm f2,Zeiss,Lenses,Used,799.99,USD,FIXED_PRICE,grail:Distagon;mount:nikon f;good-cond,JP,zakky-camera-japan,99.8,2026-08-08T21:04:50.000Z,,https://www.ebay.com/itm/800479688660?hash=itemba604eb7d4:g:ORMAAeSwIDhqd5rj,https://i.ebayimg.com/images/g/ORMAAeSwIDhqd5rj/s-l225.jpg
偏低,-12%,904.15,14,70.0,Voigtlander HELIAR-HYPER WIDE 10mm F5.6 Aspherical Sony E Mount from Japan D0808,voigtlander heliar 10mm f5.6,Voigtlander,Lenses,Used,800.18,USD,FIXED_PRICE,grail:HELIAR;mount:sony e,JP,kyoto_camera,99.7,2026-08-08T07:21:26.000Z,,https://www.ebay.com/itm/287512237097?hash=item42f1109429:g:LlEAAeSwXudqdti2,https://i.ebayimg.com/images/g/LlEAAeSwXudqdti2/s-l225.jpg
偏高,+25%,687.73,29,70.0,【NEAR MINT】 Nikon New FM2/T Titan 35mm SLR Film Camera SIC Ai-s 28mm f/2.8 Lens,nikon fm2/t titan,Nikon,Film Cameras,Used,859.0,USD,FIXED_PRICE,grail:FM2;mount:nikon f;good-cond,JP,ichiro-camera,100.0,2026-08-08T22:15:23.000Z,,https://www.ebay.com/itm/178387475489?hash=item2988b8dc21:g:CYoAAeSwEclpUwyT,https://i.ebayimg.com/images/g/CYoAAeSwEclpUwyT/s-l225.jpg
偏高,+15%,999.99,80,70.0,Tested [ Top MINT ] Nikon FM3A Silver 35mm Film Camera Ai-s 50mm f1.8 Lens JAPAN,nikon fm3a,Nikon,Film Cameras,Used,1149.99,USD,FIXED_PRICE,grail:FM3A;mount:nikon f;good-cond,JP,shibainu_camera_japan,100.0,2026-08-08T17:43:31.000Z,,https://www.ebay.com/itm/398264014730?hash=item5cba62978a:g:YLIAAeSws4lqd2vv,https://i.ebayimg.com/images/g/YLIAAeSws4lqd2vv/s-l225.jpg
偏高,+26%,1022.5,22,70.0,Voigtlander Bessa T 101 Years Model Navy Heliar 50mm F3.5 [Top Mint] US STOCK,voigtlander 101,Voigtlander,Film Cameras,Used,1293.17,USD,FIXED_PRICE,grail:Heliar;good-cond,US,altemo-31,98.8,2026-08-08T05:52:06.000Z,,https://www.ebay.com/itm/398262307572?hash=item5cba488af4:g:haoAAeSwqMFqUJnC,https://i.ebayimg.com/images/g/haoAAeSwqMFqUJnC/s-l225.jpg
偏高,+44%,1068.7,80,70.0,[CLA'd Mint] Hasselblad Carl Zeiss Planar CF 80mm F2.8 T* MF Lens from Japan,hasselblad planar 80mm f2.8,Hasselblad,Lenses,Used,1542.0,USD,FIXED_PRICE,grail:Planar;mount:hasselblad v;good-cond,JP,yumikoui2012,97.1,2026-08-08T06:18:22.000Z,,https://www.ebay.com/itm/168597459447?hash=item27413111f7:g:kNEAAOSwOrpnaRwf,https://i.ebayimg.com/images/g/kNEAAOSwOrpnaRwf/s-l225.jpg
偏高,+42%,1407.85,24,70.0,[TOP MINT] Hasselblad Carl Zeiss Planar T* CF 100mm F/3.5 Camera Lens From JAPAN,hasselblad planar 100mm f3.5,Hasselblad,Lenses,Used,1999.99,USD,FIXED_PRICE,grail:Planar;mount:hasselblad v;good-cond,JP,saycheese8,99.8,2026-08-08T14:40:30.000Z,,https://www.ebay.com/itm/407129576016?hash=item5ecad05250:g:MBoAAeSw1yVqd0EP,https://i.ebayimg.com/images/g/MBoAAeSw1yVqd0EP/s-l225.jpg
无基准,,299.99,71,69.0,Mint Like New Condition Olympus OM4 Film Camera 75-150mm f3.5,olympus om4,Olympus,Film Cameras,Used,413.41,USD,"FIXED_PRICE,AUCTION",grail:OM4;good-cond;auction,AU,smev,100.0,2026-08-09T04:40:04.000Z,2026-08-16T04:40:04.000Z,https://www.ebay.com/itm/227468028331?hash=item34f626a9ab:g:hRAAAeSwcM9p7JTT,https://i.ebayimg.com/images/g/hRAAAeSwcM9p7JTT/s-l225.jpg
偏高,+25%,399.99,80,69.0,Late [Near MINT] Pentax 67 Mirror Up Medium Format 6x7 Film Camera From JAPAN,pentax 67,Pentax,Film Cameras,Used,499.99,USD,FIXED_PRICE,grail:Pentax 67;good-cond,JP,island_snow_888_japan,100.0,2026-08-08T08:39:13.000Z,,https://www.ebay.com/itm/358899911607?hash=item53901a0bb7:g:IEEAAeSwYEVqduxf,https://i.ebayimg.com/images/g/IEEAAeSwYEVqduxf/s-l225.jpg
合理,+4%,527.99,12,69.0,Leica IIf Red Dial 35mm Camera Elmar 50mm f/3.5 Lens [Excellent+++] US STOCK,leica iif red,Leica,Film Cameras,Used,549.88,USD,FIXED_PRICE,grail:Leica IIf,US,altemo-31,98.8,2026-08-08T05:06:49.000Z,,https://www.ebay.com/itm/398262213059?hash=item5cba4719c3:g:J7cAAeSwKZVqHocx,https://i.ebayimg.com/images/g/J7cAAeSwKZVqHocx/s-l225.jpg
高价,+756%,187.0,80,69.0,Pro F & 3 Lens [MINT in Box] Mamiya C330 TLR Camera Body S 80mm 55mm 180mm JAPAN,mamiya c330,Mamiya,Film Cameras,Used,1599.99,USD,"FIXED_PRICE,BEST_OFFER",grail:Mamiya C330;55mm;good-cond,JP,tomooka_49,100.0,2026-08-08T22:21:47.000Z,,https://www.ebay.com/itm/158168125908?hash=item24d38e11d4:g:TAoAAeSwKE5p2s1o,https://i.ebayimg.com/images/g/TAoAAeSwKE5p2s1o/s-l225.jpg
无基准,,99.0,80,68.0,Mint Canon F-1 Film 35mm Camera Body W/ L Type E Screen 50mm F/1.8 FD Lens S.C.,canon f-1,Canon,Film Cameras,Used,0.0,USD,"AUCTION,BEST_OFFER",grail:Canon F-1;mount:canon fd;good-cond;auction,US,quickshippingwithcare,98.8,2026-08-09T03:21:47.000Z,2026-08-16T03:21:47.000Z,https://www.ebay.com/itm/137600823387?hash=item2009a5f05b:g:vWEAAeSwd8Vqd~GO,https://i.ebayimg.com/images/g/vWEAAeSwd8Vqd~GO/s-l225.jpg
无基准,,505.0,80,68.0,Leitz Wetzlar Summicron 50mm f/2 Standard Lens Leica M Mount Manual Focus Mint,leitz summicron 50mm f2,Leitz,Lenses,Used,0.0,USD,"AUCTION,BEST_OFFER",grail:Summicron;mount:leica m;good-cond;auction,US,claire*a*belle,100.0,2026-08-08T19:36:57.000Z,2026-08-15T19:36:57.000Z,https://www.ebay.com/itm/398264279519?hash=item5cba66a1df:g:WYEAAeSwgblqZQxA,https://i.ebayimg.com/images/g/WYEAAeSwgblqZQxA/s-l225.jpg
无基准,,59.97,80,68.0,Minolta Hi-Matic 7s 35mm Rangefinder Camera Rokkor-PF 45mm f1.8 Lens Exc Cond!,minolta 7s,Minolta,Vintage Cameras,,0.0,USD,AUCTION,grail:Hi-Matic;mount:minolta md;good-cond;auction,US,lwilkerson,100.0,2026-08-08T16:00:47.000Z,2026-08-15T16:00:47.000Z,https://www.ebay.com/itm/158167210504?hash=item24d3801a08:g:HP8AAeSwwnlqUEzi,https://i.ebayimg.com/images/g/HP8AAeSwwnlqUEzi/s-l225.jpg
无基准,,40.0,80,68.0,"Canon AE-1 PROGRAM Camera / Canon Lens FD 50mm 1.8, BS-52 Lens Hood, c-1985",canon ae-1,Canon,Vintage Cameras,,120.45,USD,"FIXED_PRICE,AUCTION",grail:AE-1;mount:canon fd;auction,US,redfoto,100.0,2026-08-08T19:30:01.000Z,2026-08-15T19:30:01.000Z,https://www.ebay.com/itm/117347492801?hash=item1b5274a3c1:g:y~oAAeSw9apqYjDn,https://i.ebayimg.com/images/g/y~oAAeSw9apqYjDn/s-l225.jpg
合理,-6%,151.03,80,68.0,Contax G 90mm f/2.8 Carl Zeiss Sonnar T* Lens For G1 G2 [Near Mint] US Stock,contax sonnar 90mm f2.8,Contax,Lenses,Used,141.55,USD,FIXED_PRICE,grail:Sonnar;good-cond,US,camera-honpo,99.6,2026-08-08T11:42:46.000Z,,https://www.ebay.com/itm/227467256983?hash=item34f61ae497:g:KWUAAeSwts9qS6IS,https://i.ebayimg.com/images/g/KWUAAeSwts9qS6IS/s-l225.jpg
合理,-7%,157.0,12,68.0,【EXC】 Carl Zeiss Tele-Tessar 200mm F4 T* w/cap&Filter For Contax YC #my994,zeiss tessar 200mm f4,Zeiss,Lenses,Used,146.2,USD,FIXED_PRICE,grail:Tessar;good-cond,JP,somtom_9,99.3,2026-08-08T12:03:53.000Z,,https://www.ebay.com/itm/188761319138?hash=item2bf30d26e2:g:yNQAAeSwgIBqdxvk,https://i.ebayimg.com/images/g/yNQAAeSwgIBqdxvk/s-l225.jpg
合理,-7%,157.0,12,68.0,【EXC】 Carl Zeiss Tele-Tessar 200mm F4 T* w/cap&Filter&Case For Contax #my965,zeiss tessar 200mm f4,Zeiss,Lenses,Used,146.2,USD,FIXED_PRICE,grail:Tessar;good-cond,JP,somtom_9,99.3,2026-08-08T12:03:45.000Z,,https://www.ebay.com/itm/188761318982?hash=item2bf30d2646:g:k64AAeSwk71qdxwU,https://i.ebayimg.com/images/g/k64AAeSwk71qdxwU/s-l225.jpg
合理,-6%,212.44,10,68.0,* Near MINT * Olympus mju µ stylus III 135 Point & Shoot Film Camera From JAPAN,olympus stylus 135,Olympus,Film Cameras,Used,199.9,USD,FIXED_PRICE,grail:mju;good-cond,JP,made-1n-japan,100.0,2026-08-09T04:22:07.000Z,,https://www.ebay.com/itm/336733609191?hash=item4e66e31ce7:g:pgUAAeSwFz1qeAEo,https://i.ebayimg.com/images/g/pgUAAeSwFz1qeAEo/s-l225.jpg
合理,-2%,274.51,41,68.0,[MINT+++ w/ Hood] SMC Pentax FA 645 150-300mm F/5.6 ED IF Zoom Lens From JAPAN,pentax smc 150-300mm f5.6,Pentax,Lenses,Used,269.99,USD,FIXED_PRICE,grail:645;mount:pentax k;good-cond,JP,japan.camera.like,100.0,2026-08-08T15:29:02.000Z,,https://www.ebay.com/itm/178386571745?hash=item2988ab11e1:g:gzAAAeSwmE9qd0v2,https://i.ebayimg.com/images/g/gzAAAeSwmE9qd0v2/s-l225.jpg
合理,-0%,299.99,80,68.0,[Almost Unused] Contax Carl Zeiss Tessar 45mm f2.8 AEJ C/Y Mount Lens From JAPAN,contax tessar 45mm f2.8,Contax,Lenses,Used,298.99,USD,FIXED_PRICE,grail:Tessar;mount:contax/yashica,JP,akyama_71,100.0,2026-08-08T13:47:18.000Z,,https://www.ebay.com/itm/318697859450?hash=item4a33df697a:g:zhwAAeSwocpqdzSa,https://i.ebayimg.com/images/g/zhwAAeSwocpqdzSa/s-l225.jpg
合理,+11%,269.99,34,68.0,[Top MINT /Cap] SMC Pentax FA 645 Zoom 45-85mm F4.5 Lens For 645N NII From JAPAN,pentax smc 45-85mm f4.5,Pentax,Lenses,Used,299.99,USD,FIXED_PRICE,grail:645;mount:pentax k;good-cond,JP,shoyama_japan,100.0,2026-08-08T10:33:16.000Z,,https://www.ebay.com/itm/307114159709?hash=item47816e2e5d:g:yY8AAeSwtH5qdwZn,https://i.ebayimg.com/images/g/yY8AAeSwtH5qdwZn/s-l225.jpg
无基准,,101.25,12,68.0,"Certo Six - Carl Zeiss Jena - Tessar 2,8/80 mm",zeiss 2,Zeiss,Vintage Cameras,,350.0,USD,"FIXED_PRICE,AUCTION",grail:Tessar;auction,US,pregaelic,100.0,2026-08-08T19:04:37.000Z,2026-08-15T19:04:37.000Z,https://www.ebay.com/itm/147491659878?hash=item2257302066:g:gaUAAeSwKXpqLaa8,https://i.ebayimg.com/images/g/gaUAAeSwKXpqLaa8/s-l225.jpg
合理,+9%,329.99,57,68.0,[MINT] SMC Pentax 6x7 45mm f/4 Wide Angle MF Lens For 6x7 67 67II From JAPAN,pentax smc 45mm f4,Pentax,Lenses,Used,359.9,USD,FIXED_PRICE,grail:6x7;mount:pentax k;good-cond,JP,kyomjp96,100.0,2026-08-08T15:27:32.000Z,,https://www.ebay.com/itm/147491327744?hash=item22572b0f00:g:QVsAAeSwMwFqd0uc,https://i.ebayimg.com/images/g/QVsAAeSwMwFqd0uc/s-l225.jpg
合理,+10%,393.95,80,68.0,Voigtlander SUPER WIDE-HELIAR 15mm F/4.5 ASPH. Black (Leica L39) #325,voigtlander heliar 15mm f4.5,Voigtlander,Lenses,Good - Refurbished,433.0,USD,FIXED_PRICE,grail:HELIAR;mount:ltm/l39,JP,mapcamera,100.0,2026-08-08T06:23:08.000Z,,https://www.ebay.com/itm/377402883192?hash=item57def6fc78:g:sCwAAeSwYEVqdstC,https://i.ebayimg.com/images/g/sCwAAeSwYEVqdstC/s-l225.jpg
偏高,+36%,329.99,63,68.0,Late Model [MINT] SMC Pentax 67 55mm f/4 Wide Angle Lens 6x7 67 II From JAPAN,pentax smc 55mm f4,Pentax,Lenses,Used,449.99,USD,FIXED_PRICE,grail:Pentax 67;mount:pentax k;55mm;good-cond,JP,ht-smile,100.0,2026-08-08T16:16:35.000Z,,https://www.ebay.com/itm/128016875685?hash=item1dce6680a5:g:vD0AAeSwWUhqd1Tl,https://i.ebayimg.com/images/g/vD0AAeSwWUhqd1Tl/s-l225.jpg
合理,+3%,547.97,80,68.0,Voigtlander NOKTON Vintage Line 50mm F/1.5 ASPH II VM MC Black #323,voigtlander nokton 50mm f1.5,Voigtlander,Lenses,Very Good - Refurbished,566.0,USD,FIXED_PRICE,grail:NOKTON;mount:leica m,JP,mapcamera,100.0,2026-08-08T06:16:46.000Z,,https://www.ebay.com/itm/377402878596?hash=item57def6ea84:g:imMAAeSw5glqdsnD,https://i.ebayimg.com/images/g/imMAAeSw5glqdsnD/s-l225.jpg
合理,+11%,587.5,72,68.0,[Almost Unused in Box] ZEISS Biogon T* 28mm f2.8 ZM Black Lens Leica M JAPAN 954,zeiss biogon 28mm f2.8,Zeiss,Lenses,Used,649.99,USD,FIXED_PRICE,grail:Biogon;mount:leica m,JP,camera_journey_japan17,100.0,2026-08-08T10:14:26.000Z,,https://www.ebay.com/itm/800478311242?hash=itemba6039b34a:g:FkQAAeSw0hNqdwJv,https://i.ebayimg.com/images/g/FkQAAeSw0hNqdwJv/s-l225.jpg
偏低,-20%,849.99,25,68.0,Leica VARIO-ELMAR-TL 18-56mm F3.5-5.6 ASPH. Zoom Lens L Mount from Japan E0808,leica elmar 18-56mm f3.5,Leica,Lenses,Used,681.66,USD,FIXED_PRICE,grail:ELMAR,JP,kyoto_camera,99.7,2026-08-08T12:25:45.000Z,,https://www.ebay.com/itm/287512665474?hash=item42f1171d82:g:8XYAAeSwOLpqdx9N,https://i.ebayimg.com/images/g/8XYAAeSwOLpqdx9N/s-l225.jpg
合理,-2%,766.0,71,68.0,Voigtlander NOKTON 40mm F1.2 Aspherical Nikon Z Mount Lens from Japan D0808,voigtlander nokton 40mm f1.2,Voigtlander,Lenses,Used,750.52,USD,FIXED_PRICE,grail:NOKTON;mount:nikon z,JP,kyoto_camera,99.7,2026-08-08T07:33:20.000Z,,https://www.ebay.com/itm/287512253225?hash=item42f110d329:g:GsMAAeSwiX5qdtt2,https://i.ebayimg.com/images/g/GsMAAeSwiX5qdtt2/s-l225.jpg
合理,+6%,766.0,71,68.0,Voigtlander NOKTON 40mm F1.2 Aspherical Sony E Mount Lens from Japan D0808,voigtlander nokton 40mm f1.2,Voigtlander,Lenses,Used,815.03,USD,FIXED_PRICE,grail:NOKTON;mount:sony e,JP,kyoto_camera,99.7,2026-08-08T07:19:52.000Z,,https://www.ebay.com/itm/287512236255?hash=item42f11090df:g:Fp8AAeSwCGNqdtg2,https://i.ebayimg.com/images/g/Fp8AAeSwCGNqdtg2/s-l225.jpg
合理,-6%,863.83,50,68.0,Voigtlander NOKTON 75mm F1.5 Aspherical Nikon Z Mount Lens from Japan D0808,voigtlander nokton 75mm f1.5,Voigtlander,Lenses,Used,815.03,USD,FIXED_PRICE,grail:NOKTON;mount:nikon z,JP,kyoto_camera,99.7,2026-08-08T07:17:47.000Z,,https://www.ebay.com/itm/278258180554?hash=item40c97ae1ca:g:AMoAAeSw6glqdte4,https://i.ebayimg.com/images/g/AMoAAeSw6glqdte4/s-l225.jpg
合理,-2%,833.88,30,68.0,Voigtlander APO-ULTRON 90mm F2 VM Black Manual Focus Lens from Japan D0808,voigtlander ultron 90mm f2,Voigtlander,Lenses,Used,820.11,USD,FIXED_PRICE,grail:ULTRON;mount:leica m,JP,kyoto_camera,99.7,2026-08-08T07:09:43.000Z,,https://www.ebay.com/itm/287512223327?hash=item42f1105e5f:g:PAAAAeSwMyRqdtVQ,https://i.ebayimg.com/images/g/PAAAAeSwMyRqdtVQ/s-l225.jpg
合理,+0%,833.88,30,68.0,Voigtlander APO-ULTRON 90mm F2 VM Black Manual Focus Lens from Japan D0808,voigtlander ultron 90mm f2,Voigtlander,Lenses,Used,834.96,USD,FIXED_PRICE,grail:ULTRON;mount:leica m,JP,kyoto_camera,99.7,2026-08-08T07:09:41.000Z,,https://www.ebay.com/itm/278258166161?hash=item40c97aa991:g:~R0AAeSw6fRqdtVB,https://i.ebayimg.com/images/g/~R0AAeSw6fRqdtVB/s-l225.jpg
合理,+1%,833.88,30,68.0,Voigtlander APO-ULTRON 90mm F2 VM Black Manual Focus Lens from Japan D0808,voigtlander ultron 90mm f2,Voigtlander,Lenses,Used,840.04,USD,FIXED_PRICE,grail:ULTRON;mount:leica m,JP,kyoto_camera,99.7,2026-08-08T07:09:42.000Z,,https://www.ebay.com/itm/287512223318?hash=item42f1105e56:g:B88AAeSwLxRqdtUq,https://i.ebayimg.com/images/g/B88AAeSwLxRqdtUq/s-l225.jpg
合理,+2%,833.88,30,68.0,Voigtlander APO-ULTRON 90mm F2 VM Black Manual Focus Lens from Japan D0808,voigtlander ultron 90mm f2,Voigtlander,Lenses,Used,849.82,USD,FIXED_PRICE,grail:ULTRON;mount:leica m,JP,kyoto_camera,99.7,2026-08-08T07:09:43.000Z,,https://www.ebay.com/itm/287512223335?hash=item42f1105e67:g:OCoAAeSwIGNqdtUO,https://i.ebayimg.com/images/g/OCoAAeSwIGNqdtUO/s-l225.jpg
合理,+2%,833.88,30,68.0,Voigtlander APO-ULTRON 90mm F2 VM Silver Manual Focus Lens from Japan D0808,voigtlander ultron 90mm f2,Voigtlander,Lenses,Used,849.82,USD,FIXED_PRICE,grail:ULTRON;mount:leica m,JP,kyoto_camera,99.7,2026-08-08T07:04:23.000Z,,https://www.ebay.com/itm/278258146551?hash=item40c97a5cf7:g:~eMAAeSwYEVqdtSy,https://i.ebayimg.com/images/g/~eMAAeSwYEVqdtSy/s-l225.jpg
偏低,-21%,1122.5,80,68.0,Leica Elmarit-R 28mm F2.8 3-Cam R Mount Wide Angle Lens w/ Case,leica elmarit 28mm f2.8,Leica,Lenses,Used,884.0,USD,"FIXED_PRICE,BEST_OFFER",grail:Elmarit,JP,japan-goods-from-tokyo,100.0,2026-08-08T13:27:00.000Z,,https://www.ebay.com/itm/158166882738?hash=item24d37b19b2:g:kOAAAeSwocpqdy2k,https://i.ebayimg.com/images/g/kOAAAeSwocpqdy2k/s-l225.jpg
合理,-2%,940.42,18,68.0,Voigtlander NOKTON 21mm F1.4 Aspherical VM Manual Focus Lens from Japan D0808,voigtlander nokton 21mm f1.4,Voigtlander,Lenses,Used,924.29,USD,FIXED_PRICE,grail:NOKTON;mount:leica m,JP,kyoto_camera,99.7,2026-08-08T06:53:40.000Z,,https://www.ebay.com/itm/287512213379?hash=item42f1103783:g:36gAAeSwndBqdtIo,https://i.ebayimg.com/images/g/36gAAeSwndBqdtIo/s-l225.jpg
合理,+9%,863.83,50,68.0,Voigtlander NOKTON 75mm F1.5 Aspherical Sony E Mount Lens from Japan D0808,voigtlander nokton 75mm f1.5,Voigtlander,Lenses,Used,939.33,USD,FIXED_PRICE,grail:NOKTON;mount:sony e,JP,kyoto_camera,99.7,2026-08-08T06:46:07.000Z,,https://www.ebay.com/itm/278258105256?hash=item40c979bba8:g:wLgAAeSwyJFqdtBo,https://i.ebayimg.com/images/g/wLgAAeSwyJFqdtBo/s-l225.jpg
合理,+3%,1440.26,62,68.0,Voigtlander NOKTON 50mm F1.0 ASPHERICAL VM Mount MF Lens from Japan E0808,voigtlander nokton 50mm f1,Voigtlander,Lenses,Used,1480.76,USD,FIXED_PRICE,grail:NOKTON;mount:leica m,JP,kyoto_camera,99.7,2026-08-08T12:08:09.000Z,,https://www.ebay.com/itm/278258806942?hash=item40c984709e:g:8scAAeSwMcpqdxtw,https://i.ebayimg.com/images/g/8scAAeSwMcpqdxtw/s-l225.jpg
高价,+83%,1499.99,80,68.0,HASSELBLAD 500C/M 80MM CF f/2.8 T* A12 Exc+++ Mint Glass Ships today,hasselblad a12,Hasselblad,Film Cameras,Used,2748.0,USD,FIXED_PRICE,grail:500C;mount:hasselblad v;good-cond,US,marcmiller29,100.0,2026-08-08T17:47:25.000Z,,https://www.ebay.com/itm/117347639392?hash=item1b5276e060:g:NNQAAeSwvgtqd2d8,https://i.ebayimg.com/images/g/NNQAAeSwvgtqd2d8/s-l225.jpg
合理,+11%,3589.5,12,68.0,"""Mint+++ w/ Box"" Leica Vario-APO-Elmarit-R 70-180mm f/2.8 ROM Lens 11279 JAPAN",leica elmarit 70-180mm f2.8,Leica,Lenses,Used,3999.99,USD,"FIXED_PRICE,BEST_OFFER",grail:Elmarit;good-cond,JP,kawashima-camera,100.0,2026-08-08T20:28:18.000Z,,https://www.ebay.com/itm/147491781783?hash=item225731fc97:g:ATUAAeSwPZVqd45Y,https://i.ebayimg.com/images/g/ATUAAeSwPZVqd45Y/s-l225.jpg
无基准,,28.88,80,67.0,Canon Canonet QL17 GIII Silver 35mm Rangefinder Film Camera Kit | Near Mint!,canon canonet,Canon,Vintage Cameras,,0.0,USD,AUCTION,grail:Canonet;good-cond;auction,US,lwilkerson,100.0,2026-08-08T16:00:46.000Z,2026-08-15T16:00:46.000Z,https://www.ebay.com/itm/158167210461?hash=item24d38019dd:g:6UsAAeSwNRxqVTwC,https://i.ebayimg.com/images/g/6UsAAeSwNRxqVTwC/s-l225.jpg
偏低,-20%,99.99,80,67.0,Pentax K1000 35mm SLR Camera Body w/ JCPenney 55mm Prime Lens,pentax k1000,Pentax,Film Cameras,Used,80.0,USD,"FIXED_PRICE,BEST_OFFER",grail:K1000;55mm,US,brnhll,100.0,2026-08-08T20:34:27.000Z,,https://www.ebay.com/itm/227467711341?hash=item34f621d36d:g:HxEAAeSwa4Fqd5E-,https://i.ebayimg.com/images/g/HxEAAeSwa4Fqd5E-/s-l225.jpg
偏低,-18%,103.0,40,67.0,[NEAR MINT w/Strap] OLYMPUS XA1 D.ZUIKO 35mm F4 Compact Film Camera From Japan,olympus xa1,Olympus,Film Cameras,Used,84.99,USD,"FIXED_PRICE,BEST_OFFER",mount:olympus om;good-cond,JP,koumatsu,100.0,2026-08-08T13:49:09.000Z,,https://www.ebay.com/itm/800478772291?hash=itemba6040bc43:g:KzkAAeSwh05qLRYg,https://i.ebayimg.com/images/g/KzkAAeSwh05qLRYg/s-l225.jpg
无基准,,28.88,80,67.0,Canon Canonet QL17 35mm Rangefinder Camera 40mm f/1.7 Lens w/ Canon Case,canon canonet,Canon,Film Cameras,Used,150.0,USD,"FIXED_PRICE,AUCTION",grail:Canonet;auction,US,tsac7260,100.0,2026-08-08T09:30:01.000Z,2026-08-15T09:30:01.000Z,https://www.ebay.com/itm/117346471431?hash=item1b52650e07:g:6oMAAeSw0sdqcUd1,https://i.ebayimg.com/images/g/6oMAAeSw0sdqcUd1/s-l225.jpg
合理,+0%,475.0,7,67.0,Leica iiiC 3C Black Repainted Camera 35mm Rangefinder LTM/L39 Mount Sharkskin,leica 3c,Leica,Film Cameras,Used,475.0,USD,FIXED_PRICE,grail:Leica iiiC;mount:ltm/l39,VN,phu-777555333,100.0,2026-08-09T04:03:49.000Z,,https://www.ebay.com/itm/358903079754?hash=item53904a634a:g:dPsAAeSwE-hqdqKA,https://i.ebayimg.com/images/g/dPsAAeSwE-hqdqKA/s-l225.jpg
偏低,-11%,539.99,49,67.0,[N MINT] Canon P Repaint Black 35mm Rangefinder Film Camera SLR Body L39 JAPAN,canon repaint,Canon,Film Cameras,Used,479.99,USD,"FIXED_PRICE,BEST_OFFER",mount:ltm/l39;good-cond,JP,japan_camera_select_kizuna,100.0,2026-08-09T01:25:41.000Z,,https://www.ebay.com/itm/287510348185?hash=item42f0f3c199:g:LqQAAeSwpx9qbgEg,https://i.ebayimg.com/images/g/LqQAAeSwpx9qbgEg/s-l225.jpg
合理,+9%,544.99,10,67.0,[Near MINT] Voigtlander Bessaflex TM Silver M42 SLR 35mm Film Camera w/Box JAPAN,voigtlander m42,Voigtlander,Film Cameras,Used,594.0,USD,FIXED_PRICE,mount:m42;good-cond,JP,miyuki1_75,100.0,2026-08-09T02:34:56.000Z,,https://www.ebay.com/itm/377404666894?hash=item57df12340e:g:71AAAeSw1cJqd-ar,https://i.ebayimg.com/images/g/71AAAeSw1cJqd-ar/s-l225.jpg
高价,+58%,475.57,80,67.0,[MINT w Hood] Hasselblad Carl Zeiss Distagon CF 50mm F4 T* Lens 500CM From JAPAN,hasselblad distagon 50mm f4,Hasselblad,Lenses,Used,749.99,USD,FIXED_PRICE,grail:500CM;mount:hasselblad v;good-cond,JP,konny_camera_japan,99.7,2026-08-08T12:01:25.000Z,,https://www.ebay.com/itm/318697527702?hash=item4a33da5996:g:66cAAeSwnu5qdxtJ,https://i.ebayimg.com/images/g/66cAAeSwnu5qdxtJ/s-l225.jpg
偏低,-19%,2099.0,76,67.0,Leitz Leica M Summicron 2/35Mm 11309 #2484050,leitz summicron 35mm,Leitz,Lenses,Used,1694.44,USD,FIXED_PRICE,grail:Summicron;mount:leica m,AT,mintandrare,99.9,2026-08-08T20:36:04.000Z,,https://www.ebay.com/itm/147491791583?hash=item22573222df:g:BkkAAeSwhyNqd0i9,https://i.ebayimg.com/images/g/BkkAAeSwhyNqd0i9/s-l225.jpg
偏低,-14%,2099.0,76,67.0,Leitz Leica M Summicron 2/35Mm 11309 #2447181,leitz summicron 35mm,Leitz,Lenses,Used,1815.56,USD,FIXED_PRICE,grail:Summicron;mount:leica m,AT,mintandrare,99.9,2026-08-08T20:36:03.000Z,,https://www.ebay.com/itm/147491791557?hash=item22573222c5:g:HVIAAeSw-zVqd0ik,https://i.ebayimg.com/images/g/HVIAAeSw-zVqd0ik/s-l225.jpg
高价,+2339%,127.75,80,67.0,Rollei Rolleiflex 2.8F Planar 80mm F2.8 White face *READ* [Near Mint] US Stock,rollei rolleiflex,Rollei,Film Cameras,Excellent - Refurbished,3115.5,USD,FIXED_PRICE,grail:Rolleiflex 2.8F;good-cond,US,flagshipcamera,99.9,2026-08-09T01:50:32.000Z,,https://www.ebay.com/itm/307115290778?hash=item47817f709a:g:pfUAAeSwG11qOzPw,https://i.ebayimg.com/images/g/pfUAAeSwG11qOzPw/s-l225.jpg
高价,+186%,69.99,80,66.0,[Exc+5] Mamiya M645 1000S Body Only 120 Film Insert Medium Format SLR 645 Camera,mamiya m645,Mamiya,Film Cameras,Used,199.99,USD,"FIXED_PRICE,BEST_OFFER",grail:645;good-cond,JP,samurai_collection_japan,100.0,2026-08-09T04:48:00.000Z,,https://www.ebay.com/itm/407130670112?hash=item5ecae10420:g:fbUAAeSwyRFqeASk,https://i.ebayimg.com/images/g/fbUAAeSwyRFqeASk/s-l225.jpg
高价,+316%,50.0,80,66.0,[Top MINT] ALL Work!! Contax RX SLR 35mm Film Camera Body From JAPAN,contax 35mm,Contax,Film Cameras,Used,208.0,USD,"FIXED_PRICE,BEST_OFFER",grail:Contax RX;good-cond,JP,ab.japan.market,100.0,2026-08-08T06:10:08.000Z,,https://www.ebay.com/itm/318696414642?hash=item4a33c95db2:g:570AAeSwoTxqdslx,https://i.ebayimg.com/images/g/570AAeSwoTxqdslx/s-l225.jpg
高价,+91%,110.02,80,66.0,New Light Seals [Near MINT] Mamiya RB67 Pro Medium Format Camera Body From JAPAN,mamiya rb67,Mamiya,Film Cameras,Used,209.99,USD,FIXED_PRICE,grail:RB67;good-cond,JP,yorozuya_japan.en,100.0,2026-08-08T14:54:27.000Z,,https://www.ebay.com/itm/257669085803?hash=item3bfe463a6b:g:J3MAAeSwWatqd0Oh,https://i.ebayimg.com/images/g/J3MAAeSwWatqd0Oh/s-l225.jpg
高价,+52%,177.75,80,66.0,[EXC+5] Mamiya Press Super 23 Film Camera Sekor 100mm f/3.5 Lens 6x9 From Japan,mamiya 23,Mamiya,Film Cameras,Used,269.99,USD,FIXED_PRICE,grail:Mamiya Press;good-cond,JP,samurai-1173-cam,100.0,2026-08-08T22:36:00.000Z,,https://www.ebay.com/itm/318699547628?hash=item4a33f92bec:g:gYsAAeSw9h5qK7sG,https://i.ebayimg.com/images/g/gYsAAeSw9h5qK7sG/s-l225.jpg
高价,+135%,125.5,80,66.0,《Near MINT》ZEISS IKON Super Ikonta 532/16 Tessar 80mm F/2.8 Film Camera Japan🎁,zeiss ikon super,Zeiss,Film Cameras,Used,295.37,USD,FIXED_PRICE,grail:Tessar;good-cond,JP,rtmy19,100.0,2026-08-08T16:42:45.000Z,,https://www.ebay.com/itm/800479134638?hash=itemba604643ae:g:MsIAAeSwbWRpFypq,https://i.ebayimg.com/images/g/MsIAAeSwbWRpFypq/s-l225.jpg
高价,+69%,177.75,80,66.0,[N MINT w Grip] Mamiya Press Super 23 Film Camera 100mm f3.5 Lens 6x9 back JAPAN,mamiya 23,Mamiya,Film Cameras,Used,299.99,USD,FIXED_PRICE,grail:Mamiya Press;good-cond,JP,japancamera_au,100.0,2026-08-08T21:20:32.000Z,,https://www.ebay.com/itm/227467746054?hash=item34f6225b06:g:~V8AAeSwBXxqd55V,https://i.ebayimg.com/images/g/~V8AAeSwBXxqd55V/s-l225.jpg
高价,+173%,110.02,80,66.0,[Almost MINT] Mamiya RB67 Pro Medium Format Camera Body From Japan,mamiya rb67,Mamiya,Film Cameras,Used,299.99,USD,FIXED_PRICE,grail:RB67;good-cond,JP,linksjapan,100.0,2026-08-08T09:52:53.000Z,,https://www.ebay.com/itm/318697138340?hash=item4a33d468a4:g:noAAAeSwWUhqdvud,https://i.ebayimg.com/images/g/noAAAeSwWUhqdvud/s-l225.jpg
高价,+200%,110.02,80,66.0,[Exc+5] Mamiya RB67 Pro S Film Camera Body + 6x8 Motorized Film Back From JAPAN,mamiya rb67,Mamiya,Film Cameras,Used,329.99,USD,FIXED_PRICE,grail:RB67;good-cond,JP,takosuke_camera_japan,100.0,2026-08-08T21:49:20.000Z,,https://www.ebay.com/itm/188763395332?hash=item2bf32cd504:g:jtcAAeSwzrlqA5-r,https://i.ebayimg.com/images/g/jtcAAeSwzrlqA5-r/s-l225.jpg
高价,+383%,76.45,80,66.0,"""Near Mint"" Contax TVS 35mm Point & Shoot Film Camera 28-56mm Lens From JP #2433",contax tvs,Contax,Film Cameras,Used,369.0,USD,FIXED_PRICE,grail:Contax TVS;good-cond,JP,shounan2012,100.0,2026-08-08T12:00:27.000Z,,https://www.ebay.com/itm/206474879418?hash=item3012dca1ba:g:ci8AAeSwHgFqdxmh,https://i.ebayimg.com/images/g/ci8AAeSwHgFqdxmh/s-l225.jpg
高价,+114%,187.0,80,66.0,Pro F [MINT] Mamiya C330 Professional 6x6 TLR Film Camera w/ Strap From JAPAN,mamiya c330,Mamiya,Film Cameras,Used,399.99,USD,FIXED_PRICE,grail:Mamiya C330;good-cond,JP,japanese-store-two-sheep,100.0,2026-08-08T23:11:18.000Z,,https://www.ebay.com/itm/358902346068?hash=item53903f3154:g:Cp8AAeSw~wRqd7iK,https://i.ebayimg.com/images/g/Cp8AAeSw~wRqd7iK/s-l225.jpg
高价,+114%,187.0,80,66.0,[Near MINT-] Mamiya C330 Pro TLR Camera Sekor 105mm f3.5 Lens From JAPAN,mamiya c330,Mamiya,Film Cameras,Used,399.99,USD,FIXED_PRICE,grail:Mamiya C330;good-cond,JP,authentic.heritage.japan,100.0,2026-08-08T15:26:12.000Z,,https://www.ebay.com/itm/307114586034?hash=item478174afb2:g:rUwAAeSwtAZqd0vD,https://i.ebayimg.com/images/g/rUwAAeSwtAZqd0vD/s-l225.jpg
高价,+436%,76.45,80,66.0,All Works [ MINT in Case ] Contax TVS Point & Shoot 35mm Film Camera From JAPAN,contax tvs,Contax,Film Cameras,Used,409.99,USD,FIXED_PRICE,grail:Contax TVS;good-cond,JP,hakusan_camera,100.0,2026-08-08T09:50:28.000Z,,https://www.ebay.com/itm/198556108827?hash=item2e3addc81b:g:dFAAAeSwQGhqdvyg,https://i.ebayimg.com/images/g/dFAAAeSwQGhqdvyg/s-l225.jpg
高价,+122%,187.0,80,66.0,[Near MINT] Mamiya C330 Professional TLR Film Camera Sekor DS 105mm f3.5 JAPAN,mamiya c330,Mamiya,Film Cameras,Used,414.99,USD,FIXED_PRICE,grail:Mamiya C330;good-cond,JP,aiyama_metsa_camera_japan,100.0,2026-08-08T23:31:35.000Z,,https://www.ebay.com/itm/358902381218?hash=item53903fbaa2:g:6~wAAeSwnN9qU3RX,https://i.ebayimg.com/images/g/6~wAAeSwnN9qU3RX/s-l225.jpg
高价,+291%,110.02,80,66.0,[NEAR MINT] Mamiya RB67 Pro CdS Chimney Finder SEKOR 127mm f3.8 Lens 120 JAPAN,mamiya rb67,Mamiya,Film Cameras,Used,429.99,USD,"FIXED_PRICE,BEST_OFFER",grail:RB67;good-cond,JP,betty.camera.tokyo,100.0,2026-08-09T02:56:50.000Z,,https://www.ebay.com/itm/137600784346?hash=item2009a557da:g:BG0AAeSwSJ9pSUsb,https://i.ebayimg.com/images/g/BG0AAeSwSJ9pSUsb/s-l225.jpg
高价,+462%,76.45,80,66.0,LCD Works [Top MINT] Contax TVS Point & Shoot 35mm Compact Film Camera JAPAN,contax tvs,Contax,Film Cameras,Used,429.99,USD,FIXED_PRICE,grail:Contax TVS;good-cond,JP,wasabi.camera_825,100.0,2026-08-08T12:37:49.000Z,,https://www.ebay.com/itm/188761455898?hash=item2bf30f3d1a:g:O1YAAeSw-h9qdyOb,https://i.ebayimg.com/images/g/O1YAAeSw-h9qdyOb/s-l225.jpg
高价,+476%,76.45,80,66.0,Read! [Top MINT] Contax TVS Point & Shoot 35mm Film Camera From JAPAN,contax tvs,Contax,Film Cameras,Used,439.99,USD,FIXED_PRICE,grail:Contax TVS;good-cond,JP,sakura_photograph_japan,100.0,2026-08-08T07:36:17.000Z,,https://www.ebay.com/itm/377402975660?hash=item57def865ac:g:ML0AAeSwjZxqdty2,https://i.ebayimg.com/images/g/ML0AAeSwjZxqdty2/s-l225.jpg
高价,+563%,67.83,80,66.0,[N MINT] Rolleiflex 3.5A TYPE1 Tessar 75mm f/3.5 TLR 6X6 Film Camera From JAPAN,rolleiflex rolleiflex,Rolleiflex,Film Cameras,Used,449.99,USD,FIXED_PRICE,grail:Tessar;good-cond,JP,gionkyotocamera,100.0,2026-08-08T10:28:41.000Z,,https://www.ebay.com/itm/398262930022?hash=item5cba520a66:g:x10AAeSwZy5qdwYI,https://i.ebayimg.com/images/g/x10AAeSwZy5qdwYI/s-l225.jpg
高价,+502%,76.45,80,66.0,LCD Works Contax TVS Point & Shoot 35mm Compact Film Camera [MINT] From JAPAN,contax tvs,Contax,Film Cameras,Used,459.99,USD,FIXED_PRICE,grail:Contax TVS;good-cond,JP,takara_camera_japan,99.7,2026-08-08T23:06:14.000Z,,https://www.ebay.com/itm/206476083470?hash=item3012ef010e:g:Dc0AAeSwxthqd7Yv,https://i.ebayimg.com/images/g/Dc0AAeSwxthqd7Yv/s-l225.jpg
高价,+502%,76.45,80,66.0,LCD OK [Top MINT w/Case] Contax TVS Point & Shoot 35mm Film Camera From JAPAN,contax tvs,Contax,Film Cameras,Used,459.99,USD,FIXED_PRICE,grail:Contax TVS;good-cond,JP,crossdym,100.0,2026-08-08T18:09:20.000Z,,https://www.ebay.com/itm/137599695313?hash=item200994b9d1:g:pqkAAeSw2RBqd3IH,https://i.ebayimg.com/images/g/pqkAAeSw2RBqd3IH/s-l225.jpg
高价,+554%,76.45,80,66.0,No Leak [ Near MINT w/ Hood ] Contax TVS II Point & Shoot Film Camera From JAPAN,contax tvs,Contax,Film Cameras,Used,499.99,USD,FIXED_PRICE,grail:Contax TVS;good-cond,JP,fullsun.shop,100.0,2026-08-09T02:36:25.000Z,,https://www.ebay.com/itm/188764340184?hash=item2bf33b3fd8:g:HVQAAeSw2RBqd-jS,https://i.ebayimg.com/images/g/HVQAAeSw2RBqd-jS/s-l225.jpg
高价,+637%,67.83,80,66.0,[Near MINT] Rolleiflex Automat MX TLR Film Camera Tessar 75mm f/3.5 From JAPAN,rolleiflex rolleiflex,Rolleiflex,Film Cameras,Used,499.99,USD,FIXED_PRICE,grail:Tessar;good-cond,JP,ty_camera_japan,100.0,2026-08-08T12:53:12.000Z,,https://www.ebay.com/itm/358900626754?hash=item539024f542:g:WVwAAeSwUiNqdyes,https://i.ebayimg.com/images/g/WVwAAeSwUiNqdyes/s-l225.jpg
高价,+400%,110.02,80,66.0,[Near MINT] Mamiya RB67 Pro S Film Camera Sekor C 127mm f3.8 Lens 120 from JAPAN,mamiya rb67,Mamiya,Film Cameras,Used,549.99,USD,FIXED_PRICE,grail:RB67;good-cond,JP,aiyama_metsa_camera_japan,100.0,2026-08-08T23:36:15.000Z,,https://www.ebay.com/itm/358902389527?hash=item53903fdb17:g:MgYAAeSwL2xqUxQc,https://i.ebayimg.com/images/g/MgYAAeSwL2xqUxQc/s-l225.jpg
高价,+659%,76.45,80,66.0,Tested Contax TVS II Point & Shoot 35mm Film Camera Body w/case [MINT] JAPAN,contax tvs,Contax,Film Cameras,Used,579.99,USD,FIXED_PRICE,grail:Contax TVS;good-cond,JP,takara_camera_japan,99.7,2026-08-08T23:09:54.000Z,,https://www.ebay.com/itm/206476091504?hash=item3012ef2070:g:oMcAAeSwjRtqd7aU,https://i.ebayimg.com/images/g/oMcAAeSwjRtqd7aU/s-l225.jpg
高价,+757%,69.99,80,66.0,▶️【MINT w/ Waist Level Finder】 Mamiya 645 M645 1000S + C 80mm F2.8 from JAPAN,mamiya m645,Mamiya,Film Cameras,Used,599.9,USD,FIXED_PRICE,grail:645;good-cond,JP,japanyuichi,100.0,2026-08-08T23:09:53.000Z,,https://www.ebay.com/itm/298570794648?hash=item458434c698:g:BVoAAeSwWcdqd7CU,https://i.ebayimg.com/images/g/BVoAAeSwWcdqd7CU/s-l225.jpg
高价,+685%,76.45,80,66.0,Contax TVS II Point & Shoot 35mm Film Camera Body w/case [MINT] From JAPAN,contax tvs,Contax,Film Cameras,Used,599.99,USD,FIXED_PRICE,grail:Contax TVS;good-cond,JP,takara_camera_japan,99.7,2026-08-08T09:31:52.000Z,,https://www.ebay.com/itm/206474627324?hash=item3012d8c8fc:g:luEAAeSwFW1qdvdL,https://i.ebayimg.com/images/g/luEAAeSwFW1qdvdL/s-l225.jpg
高价,+221%,187.0,80,66.0,[Exc+5] Mamiya C330 Pro F TLR Film Camera w/ 135mm F4.5 Blue Dot Lens From JAPAN,mamiya c330,Mamiya,Film Cameras,Used,599.99,USD,FIXED_PRICE,grail:Mamiya C330;good-cond,JP,sunsethill_81,100.0,2026-08-08T08:55:42.000Z,,https://www.ebay.com/itm/168597733439?hash=item274135403f:g:laUAAeSwU3ZqNWWu,https://i.ebayimg.com/images/g/laUAAeSwU3ZqNWWu/s-l225.jpg
高价,+232%,187.0,80,66.0,[Near MINT] Mamiya C330 Pro F TLR Camera 80mm F/2.8 Blue Dot Lens From Japan,mamiya c330,Mamiya,Film Cameras,Used,619.99,USD,"FIXED_PRICE,BEST_OFFER",grail:Mamiya C330;good-cond,JP,shonan_vintage_japan,100.0,2026-08-08T04:22:30.000Z,,https://www.ebay.com/itm/147490385419?hash=item22571cae0b:g:trYAAeSwsvBqLSJB,https://i.ebayimg.com/images/g/trYAAeSwsvBqLSJB/s-l225.jpg
高价,+591%,92.58,80,66.0,[MINT+] Mamiya 645 Pro TL Medium Format Film Camera Body FK402 Finder From JAPAN,mamiya pro,Mamiya,Film Cameras,Used,639.9,USD,FIXED_PRICE,grail:645;good-cond,JP,tokyosnapshot,99.7,2026-08-08T23:10:42.000Z,,https://www.ebay.com/itm/128017161361?hash=item1dce6adc91:g:G70AAeSwwyJqd7ij,https://i.ebayimg.com/images/g/G70AAeSwwyJqd7ij/s-l225.jpg
高价,+491%,110.02,80,66.0,[MINT] Mamiya RB67 Pro SD Film Camera 6x8 Motorized 120 220 Film Back From JAPAN,mamiya rb67,Mamiya,Film Cameras,Used,649.9,USD,FIXED_PRICE,grail:RB67;good-cond,JP,vintagehighqualitycamerashopymmmcamera,100.0,2026-08-09T02:32:09.000Z,,https://www.ebay.com/itm/398265215266?hash=item5cba74e922:g:PdIAAeSwOwdqd-bo,https://i.ebayimg.com/images/g/PdIAAeSwOwdqd-bo/s-l225.jpg
高价,+491%,110.02,80,66.0,[Near MINT] Mamiya RB67 S Pro Film Camera Sekor C 90mm f3.8 Lens 120 From JAPAN,mamiya rb67,Mamiya,Film Cameras,Used,649.99,USD,FIXED_PRICE,grail:RB67;good-cond,JP,lc.consu-8,99.9,2026-08-09T03:13:51.000Z,,https://www.ebay.com/itm/398265302497?hash=item5cba763de1:g:aRYAAeSwr-1qd~Ge,https://i.ebayimg.com/images/g/aRYAAeSwr-1qd~Ge/s-l225.jpg
高价,+694%,92.58,80,66.0,[NEAR MINT] Mamiya 645 Pro Film Camera AE Finder Sekor C 80mm F2.8 N Lens JAPAN,mamiya pro,Mamiya,Film Cameras,Used,734.99,USD,FIXED_PRICE,grail:645;good-cond,JP,ht-smile,100.0,2026-08-08T16:32:27.000Z,,https://www.ebay.com/itm/128016884915?hash=item1dce66a4b3:g:CN0AAeSwOnVqJZap,https://i.ebayimg.com/images/g/CN0AAeSwOnVqJZap/s-l225.jpg
高价,+60%,482.42,80,66.0,[NEAR MINT] Mamiya RZ67 Professional Mamiya-Sekor Z 90mm lens Winder II JAPAN,mamiya rz67,Mamiya,Film Cameras,Used,769.99,USD,"FIXED_PRICE,BEST_OFFER",grail:RZ67;good-cond,JP,happy-camera-japan,99.9,2026-08-08T20:46:21.000Z,,https://www.ebay.com/itm/336733306714?hash=item4e66de7f5a:g:BMAAAeSw9ABqZzJw,https://i.ebayimg.com/images/g/BMAAAeSw9ABqZzJw/s-l225.jpg
高价,+526%,127.75,80,66.0,[N MINT] Rollei Rolleiflex T Type 1 TLR Film Camera Tessar 75mm f/3.5 From JAPAN,rollei rolleiflex,Rollei,Film Cameras,Used,799.99,USD,FIXED_PRICE,grail:Tessar;good-cond,JP,ty_camera_japan,100.0,2026-08-08T12:56:16.000Z,,https://www.ebay.com/itm/358900635201?hash=item5390251641:g:Q7AAAeSwdUJqdyfr,https://i.ebayimg.com/images/g/Q7AAAeSwdUJqdyfr/s-l225.jpg
高价,+66%,482.42,80,66.0,*Exc+5 : READ* Mamiya RZ67 Pro Film Camera w/ Sekor Z 127mm F/3.5 W Lens From JP,mamiya rz67,Mamiya,Film Cameras,Used,800.39,USD,FIXED_PRICE,grail:RZ67;good-cond,JP,dub0804-55,100.0,2026-08-08T11:07:35.000Z,,https://www.ebay.com/itm/366593572314?hash=item555aadfdda:g:Se4AAOSwyg9hZ7Eu,https://i.ebayimg.com/images/g/Se4AAOSwyg9hZ7Eu/s-l225.jpg
高价,+1300%,67.83,80,66.0,[Exc+5 Meter] Rolleiflex 3.5E 3.5C TLR Film Camera Zeiss PLANAR 75mm Lens Japan,rolleiflex rolleiflex,Rolleiflex,Film Cameras,Used,949.99,USD,FIXED_PRICE,grail:PLANAR;good-cond,JP,camera-lady777,100.0,2026-08-08T21:09:16.000Z,,https://www.ebay.com/itm/158167991771?hash=item24d38c05db:g:-BwAAeSwbspqd5vr,https://i.ebayimg.com/images/g/-BwAAeSwbspqd5vr/s-l225.jpg
高价,+488%,187.0,80,66.0,CLA'd Pro S [ MINT ] Mamiya C330 TLR 6x6 Film Camera Sekor 80mm 2.8 From Japan,mamiya c330,Mamiya,Film Cameras,Used,1099.99,USD,FIXED_PRICE,grail:Mamiya C330;good-cond,JP,tarmanpuk_0,99.7,2026-08-09T03:44:55.000Z,,https://www.ebay.com/itm/287513845215?hash=item42f1291ddf:g:gQEAAeSwATdqAZjw,https://i.ebayimg.com/images/g/gQEAAeSwATdqAZjw/s-l225.jpg
高价,+286%,284.94,80,66.0,[Near MINT +3 / Case] Contax T2 Titan Silver 35mm Point Shoot Film Camera JAPAN,contax t2,Contax,Film Cameras,Used,1099.99,USD,FIXED_PRICE,grail:Contax T2;good-cond,JP,kaya6610,99.6,2026-08-08T19:32:33.000Z,,https://www.ebay.com/itm/318698917869?hash=item4a33ef8fed:g:onMAAeSw6z1qd4UH,https://i.ebayimg.com/images/g/onMAAeSw6z1qd4UH/s-l225.jpg
高价,+488%,187.0,80,66.0,All S Model [TOP MINT] Mamiya C330 Pro Sekor 80mm F/2.8 Blue Dot Lens Hood JAPAN,mamiya c330,Mamiya,Film Cameras,Used,1099.99,USD,FIXED_PRICE,grail:Mamiya C330;good-cond,JP,saycheese8,99.8,2026-08-08T15:07:54.000Z,,https://www.ebay.com/itm/407129613563?hash=item5ecad0e4fb:g:WFwAAeSw64Zqd0d3,https://i.ebayimg.com/images/g/WFwAAeSw64Zqd0d3/s-l225.jpg
高价,+286%,284.94,80,66.0,[NEAR MINT] Contax T2 Titan Silver 35mm Point & Shoot Film Camera From JAPAN,contax t2,Contax,Film Cameras,Used,1099.99,USD,"FIXED_PRICE,BEST_OFFER",grail:Contax T2;good-cond,JP,happy-camera-japan,99.9,2026-08-08T11:10:58.000Z,,https://www.ebay.com/itm/336732725437?hash=item4e66d5a0bd:g:UZYAAeSwWatqdw58,https://i.ebayimg.com/images/g/UZYAAeSwWatqdw58/s-l225.jpg
高价,+296%,284.94,80,66.0,[Top MINT] Contax T2 Silver Point & Shoot 35mm Film Camera+Deta Pac From JAPAN,contax t2,Contax,Film Cameras,Used,1129.0,USD,FIXED_PRICE,grail:Contax T2;good-cond,JP,origami-camera_japan,100.0,2026-08-09T04:51:19.000Z,,https://www.ebay.com/itm/407130679584?hash=item5ecae12920:g:UawAAeSwNSNqeAfC,https://i.ebayimg.com/images/g/UawAAeSwNSNqeAfC/s-l225.jpg
高价,+297%,284.94,80,66.0,All Works!! [Top MINT] Contax T2 Gold Point & Shoot Film Camera From JAPAN,contax t2,Contax,Film Cameras,Used,1129.99,USD,FIXED_PRICE,grail:Contax T2;good-cond,JP,origami-camera_japan,100.0,2026-08-09T03:58:32.000Z,,https://www.ebay.com/itm/407130618098?hash=item5ecae038f2:g:65IAAeSwsnZqd~tk,https://i.ebayimg.com/images/g/65IAAeSwsnZqd~tk/s-l225.jpg
高价,+297%,284.94,80,66.0,⏯️ All Works [Top MINT] Contax T2 Titan Silver 35mm Point & Shoot Camera JAPAN,contax t2,Contax,Film Cameras,Used,1129.99,USD,FIXED_PRICE,grail:Contax T2;good-cond,JP,pocketjapan_store,100.0,2026-08-08T17:09:24.000Z,,https://www.ebay.com/itm/287513008757?hash=item42f11c5a75:g:gekAAeSwCYxqd2NB,https://i.ebayimg.com/images/g/gekAAeSwCYxqd2NB/s-l225.jpg
高价,+321%,284.94,80,66.0,Read!! [Near MINT] Contax T2 Gold & Black T2 60th Anniversary Film Camera JAPAN,contax t2,Contax,Film Cameras,Used,1199.0,USD,FIXED_PRICE,grail:Contax T2;good-cond,JP,pocketjapan_store,100.0,2026-08-08T16:52:28.000Z,,https://www.ebay.com/itm/287512988944?hash=item42f11c0d10:g:TzEAAeSwQzFqd1~D,https://i.ebayimg.com/images/g/TzEAAeSwQzFqd1~D/s-l225.jpg
高价,+991%,110.02,80,66.0,[MINT] Mamiya RB67 Pro SD Camera K/L KL 90mm f/3.5 Lens 120 Film Back From JAPAN,mamiya rb67,Mamiya,Film Cameras,Used,1199.99,USD,FIXED_PRICE,grail:RB67;good-cond,JP,ty_camera_japan,100.0,2026-08-08T12:48:38.000Z,,https://www.ebay.com/itm/358900590181?hash=item5390246665:g:VPMAAeSwlP5qdyab,https://i.ebayimg.com/images/g/VPMAAeSwlP5qdyab/s-l225.jpg
高价,+321%,284.94,80,66.0,[NEAR MINT w/Case] CONTAX T2 Silver 35mm Point & Shoot Film Camera From Japan,contax t2,Contax,Film Cameras,Used,1199.99,USD,FIXED_PRICE,grail:CONTAX T2;good-cond,JP,tokiocamera,100.0,2026-08-08T09:12:00.000Z,,https://www.ebay.com/itm/318697022938?hash=item4a33d2a5da:g:O6wAAeSwFW1qdu7t,https://i.ebayimg.com/images/g/O6wAAeSwFW1qdu7t/s-l225.jpg
高价,+1743%,67.83,80,66.0,rare!![Near MINT] Rolleiflex 3.5F TLR Camera Planar 75mm F3.5 From JAPAN,rolleiflex rolleiflex,Rolleiflex,Film Cameras,Used,1249.99,USD,FIXED_PRICE,grail:Planar;good-cond,JP,camera_japan_chikami,99.7,2026-08-08T12:58:26.000Z,,https://www.ebay.com/itm/336732814111?hash=item4e66d6fb1f:g:M~kAAeSw-V9qdykh,https://i.ebayimg.com/images/g/M~kAAeSw-V9qdykh/s-l225.jpg
高价,+352%,284.94,80,66.0,[Near MInt ] Contax T2 D Titan Silver 35mm Film Camera in Box w/Case From JAPAN,contax t2,Contax,Film Cameras,Used,1287.0,USD,FIXED_PRICE,grail:Contax T2;good-cond,JP,yokohama_camera,100.0,2026-08-08T22:39:58.000Z,,https://www.ebay.com/itm/407130243618?hash=item5ecada8222:g:5DQAAeSwLQ5qMOn9,https://i.ebayimg.com/images/g/5DQAAeSwLQ5qMOn9/s-l225.jpg
高价,+374%,284.94,80,66.0,[Top MINT in Box] CONTAX T2 Titan 35mm Film Camera Fully Working From JAPAN,contax t2,Contax,Film Cameras,Used,1349.99,USD,FIXED_PRICE,grail:CONTAX T2;good-cond,JP,takara_camera_japan,99.7,2026-08-08T23:10:31.000Z,,https://www.ebay.com/itm/206476093118?hash=item3012ef26be:g:fvQAAeSwuKZqd7cx,https://i.ebayimg.com/images/g/fvQAAeSwuKZqd7cx/s-l225.jpg
高价,+7076%,19.51,80,66.0,CLA'd Black Lizard [ALMOST MINT] Leica M3 SS Single St 35mm Rangefinder Camera,leica m3,Leica,Film Cameras,Used,1399.99,USD,FIXED_PRICE,grail:Leica M3;good-cond,JP,honest-jpn,99.7,2026-08-09T02:22:39.000Z,,https://www.ebay.com/itm/377404647026?hash=item57df11e672:g:LMsAAeSwy0Vqd-To,https://i.ebayimg.com/images/g/LMsAAeSwy0Vqd-To/s-l225.jpg
高价,+461%,284.94,80,66.0,⏯ [Top MINT in Box] Contax T2 Titan Black 35mm Point & Shoot Film Camera JAPAN,contax t2,Contax,Film Cameras,Used,1599.0,USD,FIXED_PRICE,grail:Contax T2;good-cond,JP,rx1478,99.3,2026-08-08T18:26:51.000Z,,https://www.ebay.com/itm/198556957898?hash=item2e3aeabcca:g:0BwAAeSwVf1qd3Wh,https://i.ebayimg.com/images/g/0BwAAeSwVf1qd3Wh/s-l225.jpg
高价,+462%,284.94,80,66.0,[TOP MINT w/BOX] CONTAX T2 Titanium Black 35mm Point & Shoot Film Camera Japan,contax t2,Contax,Film Cameras,Used,1599.99,USD,FIXED_PRICE,grail:CONTAX T2;good-cond,JP,tokiocamera,100.0,2026-08-08T08:50:55.000Z,,https://www.ebay.com/itm/318696953627?hash=item4a33d1971b:g:QdMAAeSw6S5qJVeL,https://i.ebayimg.com/images/g/QdMAAeSw6S5qJVeL/s-l225.jpg
高价,+54%,1099.99,72,66.0,Leica Minilux Black Summarit 40mm f/2.4 with case Box [Top Mint],leica minilux,Leica,Film Cameras,Used,1699.0,USD,FIXED_PRICE,grail:Minilux;good-cond,JP,miraisecamera,99.8,2026-08-08T12:04:57.000Z,,https://www.ebay.com/itm/398263129374?hash=item5cba55151e:g:KsoAAeSwf8FqE7fz,https://i.ebayimg.com/images/g/KsoAAeSwf8FqE7fz/s-l225.jpg
高价,+252%,482.42,80,66.0,[MINT] Mamiya RZ67 Pro II Camera 110mm 250mm Lens 120 Film Back II From JAPAN,mamiya rz67,Mamiya,Film Cameras,Used,1699.99,USD,FIXED_PRICE,grail:RZ67;good-cond,JP,myon-38,99.7,2026-08-09T01:03:24.000Z,,https://www.ebay.com/itm/318699942269?hash=item4a33ff317d:g:cDsAAeSwtGBqd9ML,https://i.ebayimg.com/images/g/cDsAAeSwtGBqd9ML/s-l225.jpg
高价,+252%,482.42,80,66.0,[ MINT ] Mamiya RZ67 Pro II D IID Medium Format Body From JAPAN,mamiya rz67,Mamiya,Film Cameras,Used,1699.99,USD,FIXED_PRICE,grail:RZ67;good-cond,JP,aga-8114,100.0,2026-08-08T22:35:44.000Z,,https://www.ebay.com/itm/236994483400?hash=item372df8d4c8:g:j30AAeSwvmNqd6~2,https://i.ebayimg.com/images/g/j30AAeSwvmNqd6~2/s-l225.jpg
高价,+273%,482.42,80,66.0,⏯Grid Screen [MINT] Mamiya RZ67 Pro II Film Camera 110mm f/2.8 W Lens From JAPAN,mamiya rz67,Mamiya,Film Cameras,Used,1799.9,USD,FIXED_PRICE,grail:RZ67;good-cond,JP,tommy_camera_japan,100.0,2026-08-08T04:37:40.000Z,,https://www.ebay.com/itm/407128581030?hash=item5ecac123a6:g:Ez8AAeSwEG1qdrOH,https://i.ebayimg.com/images/g/Ez8AAeSwEG1qdrOH/s-l225.jpg
高价,+9582%,19.51,80,66.0,[MINT] Leica M3 Double Stroke Rangefinder 35mm Film Camera Body From JAPAN,leica m3,Leica,Film Cameras,Used,1888.88,USD,FIXED_PRICE,grail:Leica M3;good-cond,JP,ohmicamerajapan,100.0,2026-08-08T21:28:27.000Z,,https://www.ebay.com/itm/366594200202?hash=item555ab7928a:g:cVwAAeSwcflqd6Bv,https://i.ebayimg.com/images/g/cVwAAeSwcflqd6Bv/s-l225.jpg
高价,+73%,1099.99,72,66.0,⏯️Rare Black [TOP MINT w/Case] Leica Minilux 35mm Film Camera 40mm f/2.4 Lens JP,leica minilux,Leica,Film Cameras,Used,1899.99,USD,FIXED_PRICE,grail:Minilux;good-cond,JP,1st_camera_tokyo,99.1,2026-08-08T05:07:18.000Z,,https://www.ebay.com/itm/377402790761?hash=item57def59369:g:aSMAAeSwBclqdroC,https://i.ebayimg.com/images/g/aSMAAeSwBclqdroC/s-l225.jpg
高价,+569%,284.94,80,66.0,CONTAX(CONTAX) CONTAX T2 TitanChrome -EXC- 5293,contax t2,Contax,Film Cameras,Used,1906.39,USD,FIXED_PRICE,grail:CONTAX T2;good-cond,JP,kitamura_camera,100.0,2026-08-08T15:27:09.000Z,,https://www.ebay.com/itm/358900976617?hash=item53902a4be9:g:sBwAAeSwlP5qd0vB,https://i.ebayimg.com/images/g/sBwAAeSwlP5qd0vB/s-l225.jpg
高价,+335%,482.42,80,66.0,[ALL Top MINT] Mamiya RZ67 Pro II Film Camera FE701 Z 110mm f2.8 Lens From JAPAN,mamiya rz67,Mamiya,Film Cameras,Used,2099.99,USD,FIXED_PRICE,grail:RZ67;good-cond,JP,myon-38,99.7,2026-08-09T00:22:26.000Z,,https://www.ebay.com/itm/318699827962?hash=item4a33fd72fa:g:qbsAAeSwvnpqd8lr,https://i.ebayimg.com/images/g/qbsAAeSwvnpqd8lr/s-l225.jpg
高价,+377%,482.42,80,66.0,Lens TOP MINT In Case Mamiya RZ67 Pro II Film Camera Z 110mm w FE701 From JAPAN,mamiya rz67,Mamiya,Film Cameras,Used,2299.99,USD,FIXED_PRICE,grail:RZ67;good-cond,JP,myon-38,99.7,2026-08-09T00:59:33.000Z,,https://www.ebay.com/itm/318699925419?hash=item4a33feefab:g:5hIAAeSwUrdqd9E0,https://i.ebayimg.com/images/g/5hIAAeSwUrdqd9E0/s-l225.jpg
高价,+418%,482.42,80,66.0,2 Film Hoders [N Mint] Mamiya RZ67 Pro II Camera Sekor Z 110mm F2.8 W from Japan,mamiya rz67,Mamiya,Film Cameras,Used,2500.0,USD,FIXED_PRICE,grail:RZ67;good-cond,JP,yumikoui2012,97.1,2026-08-08T06:18:22.000Z,,https://www.ebay.com/itm/168597459437?hash=item27413111ed:g:RTwAAOSwYihmUajs,https://i.ebayimg.com/images/g/RTwAAOSwYihmUajs/s-l225.jpg
高价,+5463%,48.53,80,66.0,[Top MINT] Hasselblad SWC Super Wide C Camera 38mm f4.5 Lens A12 II From JAPAN,hasselblad swc,Hasselblad,Film Cameras,Used,2699.9,USD,FIXED_PRICE,grail:SWC;good-cond,JP,masakeithi,100.0,2026-08-09T02:41:48.000Z,,https://www.ebay.com/itm/178387984885?hash=item2988c0a1f5:g:gLMAAeSwDjZqd-ng,https://i.ebayimg.com/images/g/gLMAAeSwDjZqd-ng/s-l225.jpg
高价,+80%,1499.99,80,66.0,[MINT] Hasselblad 501CM 6x6cm Medium Format Camera + A12 ll Film Back From Japan,hasselblad a12,Hasselblad,Film Cameras,Used,2699.99,USD,FIXED_PRICE,grail:501CM;good-cond,JP,unix-sta98,99.5,2026-08-09T03:33:07.000Z,,https://www.ebay.com/itm/800480483457?hash=itemba605ad881:g:u2YAAeSw8TRqd--W,https://i.ebayimg.com/images/g/u2YAAeSw8TRqd--W/s-l225.jpg
高价,+17840%,19.51,80,66.0,"S/N 703xxxx ""Top Mint+++"" Leica M3 Double Stroke Silver 35mm Film Camera JAPAN",leica m3,Leica,Film Cameras,Used,3499.99,USD,"FIXED_PRICE,BEST_OFFER",grail:Leica M3;good-cond,JP,kawashima-camera,100.0,2026-08-08T20:51:29.000Z,,https://www.ebay.com/itm/147491814015?hash=item2257327a7f:g:CukAAeSwQhRqLJmj,https://i.ebayimg.com/images/g/CukAAeSwQhRqLJmj/s-l225.jpg
高价,+53%,3274.95,80,66.0,⏯️ [Unused] Contax G2 35mm Camera NOS Collector's Set 45mm 90mm Boxed From Japan,contax g2,Contax,Film Cameras,Used,4999.99,USD,FIXED_PRICE,grail:Contax G2;good-cond,JP,1st_camera_tokyo,99.1,2026-08-08T05:11:43.000Z,,https://www.ebay.com/itm/377402800182?hash=item57def5b836:g:TLwAAeSwtqtqdrvD,https://i.ebayimg.com/images/g/TLwAAeSwtqtqdrvD/s-l225.jpg
高价,+2187%,240.5,80,66.0,[Top MINT In Box] Mamiya 7 II 7II Black Medium Rangefnder Film Camera From JAPAN,mamiya 7,Mamiya,Film Cameras,Used,5499.99,USD,FIXED_PRICE,grail:Mamiya 7 II;good-cond,JP,myon-38,99.7,2026-08-09T00:27:03.000Z,,https://www.ebay.com/itm/318699833530?hash=item4a33fd88ba:g:N44AAeSwGbJqd8mW,https://i.ebayimg.com/images/g/N44AAeSwGbJqd8mW/s-l225.jpg
合理,-6%,124.0,77,65.0,[MINT] Contax 137 MA Quartz Camera Tested Clean Cond Manual From Japan #272,contax 137,Contax,Film Cameras,Used,115.99,USD,FIXED_PRICE,good-cond,JP,samurai_opticscam_jp,99.6,2026-08-08T15:46:45.000Z,,https://www.ebay.com/itm/336733004888?hash=item4e66d9e458:g:0R8AAeSwRYJqd0~h,https://i.ebayimg.com/images/g/0R8AAeSwRYJqd0~h/s-l225.jpg
无基准,,35.99,80,65.0,1969 ASAHI Pentax Spotmatic with 55mm F1.8 Super Takumar Lens with Leather Case,asahi spotmatic,Asahi,Film Cameras,Used,125.0,USD,"FIXED_PRICE,AUCTION",grail:Spotmatic;55mm;auction,US,jupai_4911,100.0,2026-08-08T21:53:02.000Z,2026-08-15T21:53:02.000Z,https://www.ebay.com/itm/336733372389?hash=item4e66df7fe5:g:IzMAAeSwWKxpl5WO,https://i.ebayimg.com/images/g/IzMAAeSwWKxpl5WO/s-l225.jpg
合理,+7%,130.64,73,65.0,[MINT] CONTAX 167MT Black 35mm Film SLR Camera Body w/ Strap from JAPAN,contax 167mt,Contax,Film Cameras,Used,139.9,USD,FIXED_PRICE,good-cond,JP,daihir_56,100.0,2026-08-08T06:04:52.000Z,,https://www.ebay.com/itm/407128710263?hash=item5ecac31c77:g:igYAAeSwa4Fqdse8,https://i.ebayimg.com/images/g/igYAAeSwa4Fqdse8/s-l225.jpg
合理,+7%,234.44,80,65.0,[Near MINT]Mamiya C220 Pro TLR 120 Film Camera + 80mm f/3.7 Lens From JAPAN,mamiya c220,Mamiya,Film Cameras,Used,249.99,USD,FIXED_PRICE,good-cond,JP,modern-classics-camera-shop,99.2,2026-08-09T03:25:04.000Z,,https://www.ebay.com/itm/318700491958?hash=item4a340794b6:g:zB4AAeSw~bxqd~OK,https://i.ebayimg.com/images/g/zB4AAeSw~bxqd~OK/s-l225.jpg
合理,+7%,299.0,80,65.0,[ NEAR MINT ]Mamiya Universal Press w/ Sekor P 127mm f/4.7 6x9 Back From JAPAN,mamiya universal press,Mamiya,Film Cameras,Used,319.99,USD,FIXED_PRICE,good-cond,JP,toshi-japan-camera,100.0,2026-08-08T15:25:24.000Z,,https://www.ebay.com/itm/377403750277?hash=item57df043785:g:SvQAAeSwk2dp0hmR,https://i.ebayimg.com/images/g/SvQAAeSwk2dp0hmR/s-l225.jpg
高价,+798%,49.99,80,65.0,*Near MINT* Olympus OM-2 Black SLR Film Camera w/ 55mm F1.2 Lens From JAPAN,olympus om-2,Olympus,Film Cameras,Used,449.0,USD,FIXED_PRICE,grail:OM-2;mount:olympus om;55mm;good-cond,JP,yama-store2018,99.7,2026-08-08T13:27:42.000Z,,https://www.ebay.com/itm/168598183087?hash=item27413c1caf:g:OfkAAeSwvgtqdy6d,https://i.ebayimg.com/images/g/OfkAAeSwvgtqdy6d/s-l225.jpg
合理,-1%,1950.27,20,65.0,Leitz Leica M3 Chrome Single Stroke #958207,leitz m3,Leitz,Film Cameras,Used,1936.67,USD,FIXED_PRICE,grail:Leica M3,AT,mintandrare,99.9,2026-08-08T20:36:03.000Z,,https://www.ebay.com/itm/147491791538?hash=item22573222b2:g:gf8AAeSwMCBqd0hP,https://i.ebayimg.com/images/g/gf8AAeSwMCBqd0hP/s-l225.jpg
合理,-1%,1950.27,20,65.0,Leitz Leica M3 Chrome Single Stroke #1024837 Analog Camera,leitz m3,Leitz,Film Cameras,Used,1936.67,USD,"FIXED_PRICE,BEST_OFFER",grail:Leica M3,AT,mintandrare,99.9,2026-08-08T20:36:00.000Z,,https://www.ebay.com/itm/147491791429?hash=item2257322245:g:-0sAAeSwawdqd1PD,https://i.ebayimg.com/images/g/-0sAAeSwawdqd1PD/s-l225.jpg
合理,+0%,3632.32,17,65.0,Leitz Leica M6 Chrome 10414 #1756004,leitz m6,Leitz,Film Cameras,Used,3632.32,USD,FIXED_PRICE,grail:Leica M6,AT,mintandrare,99.9,2026-08-08T20:36:04.000Z,,https://www.ebay.com/itm/147491791585?hash=item22573222e1:g:IUUAAeSwnCZqd0fM,https://i.ebayimg.com/images/g/IUUAAeSwnCZqd0fM/s-l225.jpg
合理,+0%,3632.32,17,65.0,Leitz Leica M6 Black 10404 With Box #1680560,leitz m6,Leitz,Film Cameras,Used,3632.32,USD,FIXED_PRICE,grail:Leica M6,AT,mintandrare,99.9,2026-08-08T20:36:00.000Z,,https://www.ebay.com/itm/147491791428?hash=item2257322244:g:UEAAAeSw-Mdqd05e,https://i.ebayimg.com/images/g/UEAAAeSw-Mdqd05e/s-l225.jpg
合理,+0%,3632.32,17,65.0,Leitz Leica M6 Chrome 10414 #1713680,leitz m6,Leitz,Film Cameras,Used,3632.32,USD,FIXED_PRICE,grail:Leica M6,AT,mintandrare,99.9,2026-08-08T20:36:00.000Z,,https://www.ebay.com/itm/147491791431?hash=item2257322247:g:H18AAeSwFz1qd0wW,https://i.ebayimg.com/images/g/H18AAeSwFz1qd0wW/s-l225.jpg
偏高,+20%,50.0,80,64.0,Read! *Exc+5* Olympus µ mju stylus Zoom 115 Point & Shoot Film Camera From JAPAN,olympus stylus 115,Olympus,Film Cameras,Used,59.9,USD,FIXED_PRICE,grail:mju;good-cond,JP,made-1n-japan,100.0,2026-08-09T03:53:53.000Z,,https://www.ebay.com/itm/336733595148?hash=item4e66e2e60c:g:knsAAeSwjZxqd~rE,https://i.ebayimg.com/images/g/knsAAeSwjZxqd~rE/s-l225.jpg
偏低,-25%,99.99,80,64.0,Pentax K1000 35mm SLR Film Camera with 28-70mm Lens,pentax k1000,Pentax,Film Cameras,Used,75.0,USD,FIXED_PRICE,grail:K1000,US,ja365648,100.0,2026-08-08T21:12:02.000Z,,https://www.ebay.com/itm/158168005383?hash=item24d38c3b07:g:Su0AAeSwcflqd5tM,https://i.ebayimg.com/images/g/Su0AAeSwcflqd5tM/s-l225.jpg
高价,+303%,27.1,80,64.0,*Exc+5* Pentax SP Spotmatic Film Camera SMC Takumar 55mm F/1.8 Lens From Japan,pentax spotmatic,Pentax,Film Cameras,Used,109.3,USD,FIXED_PRICE,grail:Pentax SP;55mm;good-cond,JP,dub0804-55,100.0,2026-08-08T11:07:35.000Z,,https://www.ebay.com/itm/366593572279?hash=item555aadfdb7:g:gYwAAOSwSZlmYRk5,https://i.ebayimg.com/images/g/gYwAAOSwSZlmYRk5/s-l225.jpg
偏低,-21%,149.18,20,64.0,《Near MINT in CASE》Pentax S3 SLR 35mm Film Camera 55mm F/1.8 Lens JAPAN✈✈✈✈✈🚀🎁,pentax s3,Pentax,Film Cameras,Used,118.14,USD,FIXED_PRICE,55mm;good-cond,JP,rtmy19,100.0,2026-08-08T16:42:44.000Z,,https://www.ebay.com/itm/800479134564?hash=itemba60464364:g:C5sAAeSwvuNozqAG,https://i.ebayimg.com/images/g/C5sAAeSwvuNozqAG/s-l225.jpg
偏高,+20%,99.99,80,64.0,Read [Exc+5 with Strap] Canon A-1 Black Body 35mm SLR Film Camera From JAPAN,canon a-1,Canon,Film Cameras,Used,119.9,USD,FIXED_PRICE,grail:Canon A-1;good-cond,JP,f1-camera,100.0,2026-08-08T14:20:53.000Z,,https://www.ebay.com/itm/336732916111?hash=item4e66d8898f:g:q48AAeSwCclqdzvA,https://i.ebayimg.com/images/g/q48AAeSwCclqdzvA/s-l225.jpg
偏高,+16%,103.9,80,64.0,[ MINT ] Olympus μ mju Zoom 105 Deluxe 35mm Point & Shoot Film From JAPAN,olympus mju 105,Olympus,Film Cameras,Used,119.99,USD,"FIXED_PRICE,BEST_OFFER",grail:mju;good-cond,JP,japan_camera_sippo,100.0,2026-08-08T07:01:37.000Z,,https://www.ebay.com/itm/398262444090?hash=item5cba4aa03a:g:Hw0AAeSw59dqT0Jk,https://i.ebayimg.com/images/g/Hw0AAeSw59dqT0Jk/s-l225.jpg
偏高,+26%,109.99,80,64.0,Meter works! Contax RTS 35mm SLR Film Camera Body Black From Japan,contax rts,Contax,Film Cameras,Used,138.99,USD,FIXED_PRICE,grail:Contax RTS,JP,miyuki1_75,100.0,2026-08-09T01:16:49.000Z,,https://www.ebay.com/itm/377404572673?hash=item57df10c401:g:1a0AAeSwCGNqd9SF,https://i.ebayimg.com/images/g/1a0AAeSwCGNqd9SF/s-l225.jpg
偏高,+34%,103.9,80,64.0,"""Mint"" Olympus Mju Zoom 105 Deluxe 35mm Point & Shoot Film Camera From JP # 2439",olympus mju 105,Olympus,Film Cameras,Used,139.0,USD,FIXED_PRICE,grail:Mju;good-cond,JP,shounan2012,100.0,2026-08-08T13:39:03.000Z,,https://www.ebay.com/itm/198556493180?hash=item2e3ae3a57c:g:RvQAAeSw87BqdzEc,https://i.ebayimg.com/images/g/RvQAAeSw87BqdzEc/s-l225.jpg
偏高,+27%,109.99,33,64.0,[Near MINT w/Case] Kyocera TD Yashica T2D Carl Zeiss Tessar T* Film Camera JAPAN,yashica t2d,Yashica,Film Cameras,Used,139.99,USD,FIXED_PRICE,grail:Tessar;good-cond,JP,aiyama_metsa_camera_japan,100.0,2026-08-08T23:13:01.000Z,,https://www.ebay.com/itm/358902348592?hash=item53903f3b30:g:1tcAAeSwEChqcDCI,https://i.ebayimg.com/images/g/1tcAAeSwEChqcDCI/s-l225.jpg
偏高,+40%,99.99,80,64.0,[MINT+++] Canon A-1 35mm SLR Film Camera Black Body Only From JAPAN,canon a-1,Canon,Film Cameras,Used,139.99,USD,FIXED_PRICE,grail:Canon A-1;good-cond,JP,vintage-brand-jpn,100.0,2026-08-08T18:24:46.000Z,,https://www.ebay.com/itm/398264123573?hash=item5cba6440b5:g:F8gAAeSw64Zqd3We,https://i.ebayimg.com/images/g/F8gAAeSw64Zqd3We/s-l225.jpg
高价,+417%,27.1,80,64.0,Video! Tested【EXC＋5 】Pentax SP Spotmatic Electro Film Camera 55mm f/1.8 Japan,pentax spotmatic,Pentax,Film Cameras,Used,139.99,USD,FIXED_PRICE,grail:Pentax SP;55mm;good-cond,JP,kyoto.premium,100.0,2026-08-08T14:32:15.000Z,,https://www.ebay.com/itm/800478883891?hash=itemba60427033:g:uMQAAeSweT5oyrkD,https://i.ebayimg.com/images/g/uMQAAeSweT5oyrkD/s-l225.jpg
偏高,+35%,103.9,80,64.0,[Near MINT] Olympus μ mju Zoom 105 Deluxe Point&Shoot 35mm Film Camera JAPAN,olympus mju 105,Olympus,Film Cameras,Used,139.99,USD,FIXED_PRICE,grail:mju;good-cond,JP,fujiyamacamera_japan,100.0,2026-08-08T09:40:26.000Z,,https://www.ebay.com/itm/366593473872?hash=item555aac7d50:g:sjgAAeSwCN1qdvps,https://i.ebayimg.com/images/g/sjgAAeSwCN1qdvps/s-l225.jpg
偏高,+40%,99.99,80,64.0,[Tested] Canon A-1 A1 35mm SLR Film Camera Black Body Only Near Mint from JAPAN,canon a-1,Canon,Film Cameras,Used,139.99,USD,FIXED_PRICE,grail:Canon A-1;good-cond,JP,camerafactoryjapan,100.0,2026-08-08T09:21:29.000Z,,https://www.ebay.com/itm/800478167642?hash=itemba6037825a:g:aAUAAeSwvLhqdvYS,https://i.ebayimg.com/images/g/aAUAAeSwvLhqdvYS/s-l225.jpg
偏高,+16%,129.44,80,64.0,*MINT w/Case* Olympus mju μ stylus zoom 140 Point & Shoot Film Camera From JAPAN,olympus stylus 140,Olympus,Film Cameras,Used,149.9,USD,FIXED_PRICE,grail:mju;good-cond,JP,made-1n-japan,100.0,2026-08-09T04:06:52.000Z,,https://www.ebay.com/itm/336733600132?hash=item4e66e2f984:g:3LMAAeSwqvlqd~1V,https://i.ebayimg.com/images/g/3LMAAeSwqvlqd~1V/s-l225.jpg
偏高,+21%,124.18,80,64.0,[MINT in Box] Olympus μ mju Zoom 115 Deluxe Point & Shoot 35m Film Camera Japan,olympus mju 115,Olympus,Film Cameras,Used,149.99,USD,"FIXED_PRICE,BEST_OFFER",grail:mju;good-cond,JP,matsu-vintage-japan,100.0,2026-08-09T03:06:33.000Z,,https://www.ebay.com/itm/407130567810?hash=item5ecadf7482:g:--YAAeSw9SlqPeVO,https://i.ebayimg.com/images/g/--YAAeSw9SlqPeVO/s-l225.jpg
偏高,+33%,113.0,80,64.0,[Near MINT+] Mamiya Sekor 250mm f4.5 Telephoto Lens for RB67 Pro S SD From JAPAN,mamiya sekor 250mm f4.5,Mamiya,Lenses,Used,149.99,USD,FIXED_PRICE,grail:RB67;good-cond,JP,japanese-store-two-sheep,100.0,2026-08-08T23:12:51.000Z,,https://www.ebay.com/itm/358902348524?hash=item53903f3aec:g:O3UAAeSw-BBqd7jZ,https://i.ebayimg.com/images/g/O3UAAeSw-BBqd7jZ/s-l225.jpg
偏高,+38%,108.9,21,64.0,[MINT in Box] Mamiya Sekor 150mm f5.6 for Mamiya Press From JAPAN,mamiya sekor 150mm f5.6,Mamiya,Lenses,Used,149.99,USD,FIXED_PRICE,grail:Mamiya Press;good-cond,JP,kaya6610,99.6,2026-08-08T14:38:59.000Z,,https://www.ebay.com/itm/318698021793?hash=item4a33e1e3a1:g:AC0AAeSwSG9qdz~-,https://i.ebayimg.com/images/g/AC0AAeSwSG9qdz~-/s-l225.jpg
偏高,+15%,129.94,80,64.0,Olympus μ mju Zoom 140 Deluxe Point & Shoot 35mm Film Camera [MINT] From Japan,olympus mju 140,Olympus,Film Cameras,Used,149.99,USD,FIXED_PRICE,grail:mju;good-cond,JP,sevenpark,100.0,2026-08-08T13:50:25.000Z,,https://www.ebay.com/itm/178386358541?hash=item2988a7d10d:g:H3gAAeSw2RBqdw04,https://i.ebayimg.com/images/g/H3gAAeSw2RBqdw04/s-l225.jpg
偏高,+44%,103.9,80,64.0,[MINT] Olympus μ mju Zoom 105 Point & Shoot 35mm Film Camera From JAPAN,olympus mju 105,Olympus,Film Cameras,Used,149.99,USD,FIXED_PRICE,grail:mju;good-cond,JP,yamamoto_camera_japan,99.3,2026-08-08T08:11:58.000Z,,https://www.ebay.com/itm/366593367274?hash=item555aaadcea:g:rhkAAeSw6glqduWI,https://i.ebayimg.com/images/g/rhkAAeSw6glqduWI/s-l225.jpg
偏高,+14%,140.0,80,64.0,HOOD [Exc+5] Pentax MX 35mm SLR Film Camera 50mm F1.4 Lens From JAPAN,pentax 35mm f1.4,Pentax,Film Cameras,Used,159.99,USD,FIXED_PRICE,grail:Pentax MX;good-cond,JP,kaya6610,99.6,2026-08-08T14:32:34.000Z,,https://www.ebay.com/itm/318698014794?hash=item4a33e1c84a:g:IPIAAeSwTrRqdz5B,https://i.ebayimg.com/images/g/IPIAAeSwTrRqdz5B/s-l225.jpg
偏高,+23%,129.94,80,64.0,[Top MINT] Olympus mju Zoom 140 VF Point & Shoot 35mm Film Camera JAPAN,olympus mju 140,Olympus,Film Cameras,Used,159.99,USD,FIXED_PRICE,grail:mju;good-cond,JP,riceball_90,100.0,2026-08-08T12:42:39.000Z,,https://www.ebay.com/itm/128016706427?hash=item1dce63eb7b:g:5x4AAeSwtGBqdyUE,https://i.ebayimg.com/images/g/5x4AAeSwtGBqdyUE/s-l225.jpg
偏高,+26%,126.78,80,64.0,[Top MINT] Zenza Bronica Zenzanon MC 75mm f/2.8 Lens For ETR S Si From JAPAN,bronica 75mm f2.8,Bronica,Lenses,Used,159.99,USD,FIXED_PRICE,grail:Bronica Zenzanon;good-cond,JP,wasabi.camera_825,100.0,2026-08-08T09:46:15.000Z,,https://www.ebay.com/itm/188760818654?hash=item2bf30583de:g:~F0AAeSw6JVqYKL~,https://i.ebayimg.com/images/g/~F0AAeSw6JVqYKL~/s-l225.jpg
偏高,+45%,124.18,80,64.0,[NEAR MINT in Box] Olympus Mju μ Zoom 115 Deluxe Compact Film Camera from JAPAN,olympus mju 115,Olympus,Film Cameras,Used,179.99,USD,FIXED_PRICE,grail:Mju;good-cond,JP,tarmanpuk_0,99.7,2026-08-09T03:41:25.000Z,,https://www.ebay.com/itm/287513840317?hash=item42f1290abd:g:PooAAeSwXM9qUN1N,https://i.ebayimg.com/images/g/PooAAeSwXM9qUN1N/s-l225.jpg
偏高,+38%,129.94,80,64.0,【NEAR MINT】Olympus mju Zoom 140 DELUXE Point & Shoot 35mm Film Camera From JAPAN,olympus mju 140,Olympus,Film Cameras,Used,179.99,USD,FIXED_PRICE,grail:mju;good-cond,JP,classic-camera-japan-harada,100.0,2026-08-09T02:29:11.000Z,,https://www.ebay.com/itm/257669997105?hash=item3bfe542231:g:gDkAAeSwRzRprBHY,https://i.ebayimg.com/images/g/gDkAAeSwRzRprBHY/s-l225.jpg
偏高,+22%,151.03,80,64.0,[ Top MINT ] CONTAX Carl Zeiss Sonnar T* 90mm f/2.8 Lens For G1 G2 From JAPAN,contax sonnar 90mm f2.8,Contax,Lenses,Used,184.8,USD,FIXED_PRICE,grail:Sonnar;good-cond,JP,ohmicamerajapan,100.0,2026-08-08T21:25:10.000Z,,https://www.ebay.com/itm/366594197243?hash=item555ab786fb:g:IkUAAeSwPoZqd59w,https://i.ebayimg.com/images/g/IkUAAeSwPoZqd59w/s-l225.jpg
偏高,+14%,163.0,48,64.0,[Near MINT] ZENZA BRONICA ZENZANON S 50mm f3.5 LENS FOR SQ A Ai Am B From JAPAN,bronica 50mm f3.5,Bronica,Lenses,Used,184.99,USD,FIXED_PRICE,grail:BRONICA ZENZANON;good-cond,JP,camera_japan_chikami,99.7,2026-08-08T12:40:46.000Z,,https://www.ebay.com/itm/336732800362?hash=item4e66d6c56a:g:PbwAAeSwMk1qdyRL,https://i.ebayimg.com/images/g/PbwAAeSwMk1qdyRL/s-l225.jpg
偏高,+32%,151.03,80,64.0,[UNUSED BOXED] Contax Carl Zeiss Sonnar T* 90mm f/2.8 Lens G1 G2 from JAPAN,contax sonnar 90mm f2.8,Contax,Lenses,Used,199.0,USD,FIXED_PRICE,grail:Sonnar;good-cond,JP,camera_taro,100.0,2026-08-08T23:02:59.000Z,,https://www.ebay.com/itm/398264737517?hash=item5cba6d9eed:g:~K4AAeSwVKVqEvor,https://i.ebayimg.com/images/g/~K4AAeSwVKVqEvor/s-l225.jpg
高价,+638%,27.1,80,64.0,Tested【 Near Mint 】Pentax SP Spotmatic Film Camera Super Takmar 55mm f/1.8 Japan,pentax spotmatic,Pentax,Film Cameras,Used,199.9,USD,FIXED_PRICE,grail:Pentax SP;55mm;good-cond,JP,kyoto.premium,100.0,2026-08-08T11:10:26.000Z,,https://www.ebay.com/itm/800478413974?hash=itemba603b4496:g:YFoAAeSwBclqdwrM,https://i.ebayimg.com/images/g/YFoAAeSwBclqdwrM/s-l225.jpg
偏高,+27%,164.97,38,64.0,Zenza Bronica ZENZANON-PG 150mm f/4 GS-1 Mount Lens from Japan [Mint],bronica 150mm f4,Bronica,Lenses,Used,209.8,USD,FIXED_PRICE,grail:Bronica ZENZANON;good-cond,JP,sakura_camera06,100.0,2026-08-08T07:35:20.000Z,,https://www.ebay.com/itm/287512254465?hash=item42f110d801:g:XgUAAeSw9jhqdtvQ,https://i.ebayimg.com/images/g/XgUAAeSw9jhqdtvQ/s-l225.jpg
偏高,+29%,170.0,70,64.0,[MINT] Konica Big Mini BM-201 Silver Point & Shoot 35mm Film Camera From JAPAN,konica bm-201,Konica,Film Cameras,Used,219.99,USD,FIXED_PRICE,grail:Big Mini;good-cond,JP,peace.camera.japan,100.0,2026-08-09T01:41:09.000Z,,https://www.ebay.com/itm/398265088119?hash=item5cba72f877:g:7dYAAeSw7-lqd9un,https://i.ebayimg.com/images/g/7dYAAeSw7-lqd9un/s-l225.jpg
偏高,+26%,214.5,28,64.0,[NEAR MINT] Mamiya Sekor Macro Z 140mm f/4.5 Lens For RZ67 Pro II D From JAPAN,mamiya sekor 140mm f4.5,Mamiya,Lenses,Used,269.99,USD,FIXED_PRICE,grail:RZ67;good-cond,JP,myon-38,99.7,2026-08-09T00:45:07.000Z,,https://www.ebay.com/itm/318699882670?hash=item4a33fe48ae:g:oR0AAeSww5Nqd85L,https://i.ebayimg.com/images/g/oR0AAeSww5Nqd85L/s-l225.jpg
偏高,+15%,259.99,69,64.0,【MINT】 Mamiya Sekor C 65mm f/4.5 Wide Angle Lens for RB67 S SD From JAPAN,mamiya sekor 65mm f4.5,Mamiya,Lenses,Used,299.99,USD,FIXED_PRICE,grail:RB67;good-cond,JP,atsuin_88,98.9,2026-08-09T00:42:01.000Z,,https://www.ebay.com/itm/128017218514?hash=item1dce6bbbd2:g:QVcAAeSwtH5qd83O,https://i.ebayimg.com/images/g/QVcAAeSwtH5qd83O/s-l225.jpg
偏高,+41%,227.31,80,64.0,Honeycomb 【Exc+5】 Nikon FM2 Black SLR 35mm Film Camera Body w/ Strap From JAPAN,nikon fm2,Nikon,Film Cameras,Used,319.99,USD,FIXED_PRICE,grail:FM2;good-cond,JP,atsuin_88,98.9,2026-08-09T00:45:38.000Z,,https://www.ebay.com/itm/128017220259?hash=item1dce6bc2a3:g:1bQAAeSwUrdqd87Z,https://i.ebayimg.com/images/g/1bQAAeSwUrdqd87Z/s-l225.jpg
偏低,-21%,419.99,9,64.0,[Exc+5] ASAHI Pentax SMC Takumar 6x7 105mm f/2.4 For 6x7 67 67II From JAPAN,asahi takumar 105mm f2.4,Asahi,Lenses,Used,329.9,USD,FIXED_PRICE,grail:6x7;good-cond,JP,mitsig-10,100.0,2026-08-08T13:01:04.000Z,,https://www.ebay.com/itm/358900643564?hash=item53902536ec:g:SpcAAeSwyedqdylN,https://i.ebayimg.com/images/g/SpcAAeSwyedqdylN/s-l225.jpg
偏高,+18%,289.99,80,64.0,*Almost Mint* Mamiya Sekor C 50mm F/4.5 Wide Angle Lens for RB67 Pro S SD /Japan,mamiya sekor 50mm f4.5,Mamiya,Lenses,Used,341.99,USD,FIXED_PRICE,grail:RB67;good-cond,JP,dub0804-55,100.0,2026-08-08T11:07:35.000Z,,https://www.ebay.com/itm/366593572324?hash=item555aadfde4:g:mGMAAeSwMs1qNdFB,https://i.ebayimg.com/images/g/mGMAAeSwMs1qNdFB/s-l225.jpg
偏高,+13%,328.06,48,64.0,[TOP MINT] Contax Carl Zeiss Makro-Planar 100mm f/2.8 T AEG MF Macro Lens Japan,contax planar 100mm f2.8,Contax,Lenses,Used,369.99,USD,FIXED_PRICE,grail:Planar;good-cond,JP,tokiocamera,100.0,2026-08-08T04:07:57.000Z,,https://www.ebay.com/itm/318696034006?hash=item4a33c38ed6:g:6AUAAeSwArRqN7D3,https://i.ebayimg.com/images/g/6AUAAeSwArRqN7D3/s-l225.jpg
偏高,+29%,287.49,80,64.0,[Top MINT] Nikon F3 Eye Level Black 35mm SLR Film Camera Body From JAPAN #245,nikon f3,Nikon,Film Cameras,Used,370.99,USD,FIXED_PRICE,grail:Nikon F3;good-cond,JP,samurai_opticscam_jp,99.6,2026-08-08T15:40:37.000Z,,https://www.ebay.com/itm/336733000931?hash=item4e66d9d4e3:g:uIAAAeSw-klqd08m,https://i.ebayimg.com/images/g/uIAAAeSw-klqd08m/s-l225.jpg
偏高,+15%,339.5,48,64.0,[Top MINT / Cap] Mamiya Sekor Z 90mm f/3.5 W Lens For RZ67 Pro II IID From JAPAN,mamiya sekor 90mm f3.5,Mamiya,Lenses,Used,389.99,USD,FIXED_PRICE,grail:RZ67;good-cond,JP,shoyama_japan,100.0,2026-08-08T10:30:13.000Z,,https://www.ebay.com/itm/307114157213?hash=item47816e249d:g:3WQAAeSwMwFqdwZf,https://i.ebayimg.com/images/g/3WQAAeSwMwFqdwZf/s-l225.jpg
偏高,+36%,287.49,80,64.0,[ Exc+5 ] Nikon F3 Eye Level SLR 35mm Film Camera Ai 50mm f/1.4 Lens From JAPAN,nikon f3,Nikon,Film Cameras,Used,389.99,USD,FIXED_PRICE,grail:Nikon F3;good-cond,JP,hakusan_camera,100.0,2026-08-08T09:47:21.000Z,,https://www.ebay.com/itm/198556096337?hash=item2e3add9751:g:bYwAAeSw3lhqdvul,https://i.ebayimg.com/images/g/bYwAAeSw3lhqdvul/s-l225.jpg
偏高,+26%,317.25,73,64.0,[ Near MINT ] Contax Carl Zeiss Makro Planar 60mm f/2.8 C T* MMJ Lens From JAPAN,contax planar 60mm f2.8,Contax,Lenses,Used,399.9,USD,FIXED_PRICE,grail:Planar;good-cond,JP,mitsig-10,100.0,2026-08-08T12:57:01.000Z,,https://www.ebay.com/itm/358900636316?hash=item5390251a9c:g:RKoAAeSwa4FqdyiT,https://i.ebayimg.com/images/g/RKoAAeSwa4FqdyiT/s-l225.jpg
偏高,+39%,287.49,80,64.0,S/N 187xxxx [Near MINT+++] Nikon F3 HP SLR 35mm Film Camera body From JAPAN,nikon f3,Nikon,Film Cameras,Used,399.99,USD,FIXED_PRICE,grail:Nikon F3;good-cond,JP,yamamoto_camera_japan,99.3,2026-08-08T08:06:06.000Z,,https://www.ebay.com/itm/366593359641?hash=item555aaabf19:g:jCoAAeSws4lqduQq,https://i.ebayimg.com/images/g/jCoAAeSws4lqduQq/s-l225.jpg
偏高,+18%,379.99,17,64.0,RARE w/Filter [Near MINT] Mamiya Sekor Shift Z 75mm f4.5 W Lens For RZ67 Pro II,mamiya sekor 75mm f4.5,Mamiya,Lenses,Used,449.99,USD,FIXED_PRICE,grail:RZ67;good-cond,JP,myon-38,99.7,2026-08-09T00:32:23.000Z,,https://www.ebay.com/itm/318699870940?hash=item4a33fe1adc:g:tV8AAeSwYVRqd8tN,https://i.ebayimg.com/images/g/tV8AAeSwYVRqd8tN/s-l225.jpg
偏高,+42%,317.25,73,64.0,[Top MINT] Contax Carl Zeiss Makro Planar T* 60mm f/2.8 C MMJ Lens from JAPAN,contax planar 60mm f2.8,Contax,Lenses,Used,449.99,USD,FIXED_PRICE,grail:Planar;good-cond,JP,ken-ken_camera_japan,100.0,2026-08-08T08:57:32.000Z,,https://www.ebay.com/itm/407128959767?hash=item5ecac6eb17:g:QbUAAeSwCYxqdvBu,https://i.ebayimg.com/images/g/QbUAAeSwCYxqdvBu/s-l225.jpg
偏高,+25%,399.99,80,64.0,Meter Works [MINT w/ Strap] Pentax 6x7 67 TTL Mirror Up Camera Body From JAPAN,pentax 67,Pentax,Film Cameras,Used,499.99,USD,FIXED_PRICE,grail:6x7;good-cond,JP,yamamoto_camera_japan,99.3,2026-08-08T08:07:15.000Z,,https://www.ebay.com/itm/366593362326?hash=item555aaac996:g:pNEAAeSwQQxqduTj,https://i.ebayimg.com/images/g/pNEAAeSwQQxqduTj/s-l225.jpg
偏高,+32%,379.99,17,64.0,[MINT w/ Caps] Mamiya Sekor Z 75mm f/4.5 W Shift Lens for RZ67 Pro II From JAPAN,mamiya sekor 75mm f4.5,Mamiya,Lenses,Used,499.99,USD,"FIXED_PRICE,BEST_OFFER",grail:RZ67;good-cond,JP,teriyaki.japan,99.6,2026-08-08T06:18:33.000Z,,https://www.ebay.com/itm/407128732370?hash=item5ecac372d2:g:utUAAeSws3xpu8GM,https://i.ebayimg.com/images/g/utUAAeSws3xpu8GM/s-l225.jpg
偏高,+38%,384.99,60,64.0,[TOP MINT] Mamiya K/L KL 90mm f/3.5 L Lens Floating for RB67 Pro S SD from JAPAN,mamiya 90mm f3.5,Mamiya,Lenses,Used,529.9,USD,FIXED_PRICE,grail:RB67;good-cond,JP,daihir_56,100.0,2026-08-09T01:03:11.000Z,,https://www.ebay.com/itm/407130423051?hash=item5ecadd3f0b:g:zcoAAeSwMk1qd9IQ,https://i.ebayimg.com/images/g/zcoAAeSwMk1qd9IQ/s-l225.jpg
偏高,+12%,472.49,40,64.0,Late S/N 535xxxx [MINT] Pentax LX FA-1 Film Camera 50mm f1.4 Lens From JAPAN,pentax fa-1,Pentax,Film Cameras,Used,529.99,USD,FIXED_PRICE,grail:Pentax LX;good-cond,JP,marcury-29,100.0,2026-08-08T23:59:46.000Z,,https://www.ebay.com/itm/398264869581?hash=item5cba6fa2cd:g:StoAAeSwOwdqd8Nt,https://i.ebayimg.com/images/g/StoAAeSwOwdqd8Nt/s-l225.jpg
偏高,+38%,399.99,80,64.0,[EXC+5] Pentax 67 Body + TTL Prism Finder Clean Finder Medium Format From JAPAN,pentax 67,Pentax,Film Cameras,Used,549.99,USD,FIXED_PRICE,grail:Pentax 67;good-cond,JP,samurai-1173-cam,100.0,2026-08-08T22:04:44.000Z,,https://www.ebay.com/itm/318699405836?hash=item4a33f7020c:g:er4AAeSw9zdo7~4Z,https://i.ebayimg.com/images/g/er4AAeSw9zdo7~4Z/s-l225.jpg
偏低,-22%,751.61,80,64.0,Leica Summicron 90mm f/2 LEITZ CANADA [Excellent+++] US STOCK,leica summicron 90mm f2,Leica,Lenses,Used,586.71,USD,FIXED_PRICE,grail:Summicron,US,altemo-31,98.8,2026-08-08T16:44:08.000Z,,https://www.ebay.com/itm/398263790656?hash=item5cba5f2c40:g:I74AAeSwadlpP-QB,https://i.ebayimg.com/images/g/I74AAeSwadlpP-QB/s-l225.jpg
偏高,+22%,490.83,80,64.0,[N MINT+++ w/ MF-28 ] Nikon F5 SLR 35mm Film Camera AF 50mm f1.4 Lens From JAPAN,nikon f5,Nikon,Film Cameras,Used,599.99,USD,FIXED_PRICE,grail:Nikon F5;good-cond,JP,myu_camera_szok_japan,99.7,2026-08-08T16:45:44.000Z,,https://www.ebay.com/itm/318698368240?hash=item4a33e72cf0:g:NhkAAeSwhKZqd14r,https://i.ebayimg.com/images/g/NhkAAeSwhKZqd14r/s-l225.jpg
合理,+3%,757.0,8,64.0,Carl Zeiss Makro-Planar T* 100mm F/2 ZE (for Canon EF mount) #128,zeiss ef 100mm f2,Zeiss,Lenses,Very Good - Refurbished,783.0,USD,FIXED_PRICE,grail:Planar;mount:canon ef,JP,mapcamera,100.0,2026-08-08T05:49:23.000Z,,https://www.ebay.com/itm/377402843611?hash=item57def661db:g:jQoAAeSwm6tqdsNZ,https://i.ebayimg.com/images/g/jQoAAeSwm6tqdsNZ/s-l225.jpg
偏高,+27%,619.99,80,64.0,Meter Works [Near MINT ] Pentax 6x7 TTL Mirror Up SMC T 105mm f2.4 From Japan,pentax ttl mirror,Pentax,Film Cameras,Used,787.99,USD,"FIXED_PRICE,BEST_OFFER",grail:6x7;good-cond,JP,shonan_vintage_japan,100.0,2026-08-08T04:21:38.000Z,,https://www.ebay.com/itm/147490385014?hash=item22571cac76:g:d3oAAeSwLodqLR9T,https://i.ebayimg.com/images/g/d3oAAeSwLodqLR9T/s-l225.jpg
合理,+1%,990.49,8,64.0,Hasselblad Carl Zeiss Sonnar T* 150mm F/2.8 FE Lens [Almost Unused]From JAPAN,hasselblad sonnar 150mm f2.8,Hasselblad,Lenses,Used,999.99,USD,FIXED_PRICE,grail:Sonnar;mount:sony e,JP,takara_camera_japan,99.7,2026-08-08T11:18:06.000Z,,https://www.ebay.com/itm/206474805232?hash=item3012db7ff0:g:d3MAAeSwRpxqdxAy,https://i.ebayimg.com/images/g/d3MAAeSwRpxqdxAy/s-l225.jpg
偏高,+18%,929.99,77,64.0,【NEAR MINT w/Strap】Fuji Fujifilm GW690 II Pro Film Camera 90mm f3.5 From JAPAN,fuji gw690,Fuji,Film Cameras,Used,1099.99,USD,FIXED_PRICE,grail:GW690;good-cond,JP,classic-camera-japan-harada,100.0,2026-08-09T02:26:50.000Z,,https://www.ebay.com/itm/257669993264?hash=item3bfe541330:g:TKYAAeSwYi9qEktP,https://i.ebayimg.com/images/g/TKYAAeSwYi9qEktP/s-l225.jpg
偏低,-18%,1451.04,80,64.0,Leica Summilux-R 50mm F/1.4 Leitz Wetzlar 3CAM US STOCK [Excellent+++],leica summilux 50mm f1.4,Leica,Lenses,Used,1192.42,USD,FIXED_PRICE,grail:Summilux,US,altemo-31,98.8,2026-08-08T16:40:12.000Z,,https://www.ebay.com/itm/398263784555?hash=item5cba5f146b:g:QWQAAeSwlURpKroJ,https://i.ebayimg.com/images/g/QWQAAeSwlURpKroJ/s-l225.jpg
偏高,+17%,1122.5,80,64.0,70th Anniversary [Top MINT] Leica Elmarit M 28mm f/2.8 E48 2nd 11804 70 Jahre,leica elmarit 28mm f2.8,Leica,Lenses,Used,1309.99,USD,FIXED_PRICE,grail:Elmarit;good-cond,JP,ken-ken_camera_japan,100.0,2026-08-08T08:53:22.000Z,,https://www.ebay.com/itm/407128954571?hash=item5ecac6d6cb:g:9zcAAeSws4lqdu-w,https://i.ebayimg.com/images/g/9zcAAeSws4lqdu-w/s-l225.jpg
合理,-6%,1425.12,14,64.0,Voigtlander NOKTON 50mm F1 Aspherical Canon RF Mount Lens from Japan D0808,voigtlander rf 50mm f1,Voigtlander,Lenses,Used,1346.3,USD,FIXED_PRICE,grail:NOKTON;mount:canon rf,JP,kyoto_camera,99.7,2026-08-08T06:32:41.000Z,,https://www.ebay.com/itm/278258094516?hash=item40c97991b4:g:ABoAAeSwsqlqdsy9,https://i.ebayimg.com/images/g/ABoAAeSwsqlqdsy9/s-l225.jpg
合理,-1%,1425.12,14,64.0,Voigtlander NOKTON 50mm F1 Aspherical Canon RF Mount Lens from Japan D0808,voigtlander rf 50mm f1,Voigtlander,Lenses,Used,1415.52,USD,FIXED_PRICE,grail:NOKTON;mount:canon rf,JP,kyoto_camera,99.7,2026-08-08T06:32:41.000Z,,https://www.ebay.com/itm/278258094514?hash=item40c97991b2:g:~WwAAeSwMyRqdsyp,https://i.ebayimg.com/images/g/~WwAAeSwMyRqdsyp/s-l225.jpg
合理,+0%,1425.12,14,64.0,Voigtlander NOKTON 50mm F1 Aspherical Canon RF Mount Lens from Japan D0808,voigtlander rf 50mm f1,Voigtlander,Lenses,Used,1425.67,USD,FIXED_PRICE,grail:NOKTON;mount:canon rf,JP,kyoto_camera,99.7,2026-08-08T06:32:42.000Z,,https://www.ebay.com/itm/287512197655?hash=item42f10ffa17:g:02sAAeSwoUJqdsyY,https://i.ebayimg.com/images/g/02sAAeSwoUJqdsyY/s-l225.jpg
偏高,+24%,1449.99,16,64.0,CLA'D Rare [Top MINT] Mamiya Sekor Fisheye Z 37mm f4.5 W Lens For RZ67 FromJAPAN,mamiya sekor 37mm f4.5,Mamiya,Lenses,Used,1799.99,USD,FIXED_PRICE,grail:RZ67;good-cond,JP,myon-38,99.7,2026-08-09T00:56:27.000Z,,https://www.ebay.com/itm/318699923123?hash=item4a33fee6b3:g:42IAAeSwxxdqd9D0,https://i.ebayimg.com/images/g/42IAAeSwxxdqd9D0/s-l225.jpg
偏高,+12%,1599.99,80,64.0,LCD Perfect Count 002[MINT] Fujifilm GA645 Pro 6x4.5 Film Camera From JAPAN,fujifilm ga645,Fujifilm,Film Cameras,Used,1799.99,USD,FIXED_PRICE,grail:GA645;good-cond,JP,airu55,100.0,2026-08-08T15:04:30.000Z,,https://www.ebay.com/itm/800478938833?hash=itemba604346d1:g:CuIAAeSw5glqd0Y9,https://i.ebayimg.com/images/g/CuIAAeSw5glqd0Y9/s-l225.jpg
高价,+301%,755.0,80,64.0,Hasselblad 500 C Chrome w Planar 2.8/80mm & Mag. 12 Serviced,hasselblad 500,Hasselblad,Film Cameras,Used,3026.73,USD,"FIXED_PRICE,BEST_OFFER",grail:500 C;good-cond,AT,mintandrare,99.9,2026-08-08T20:36:00.000Z,,https://www.ebay.com/itm/147491791432?hash=item2257322248:g:vO0AAeSwWUhqd1T5,https://i.ebayimg.com/images/g/vO0AAeSwWUhqd1T5/s-l225.jpg
偏高,+25%,2500.0,33,64.0,PLAUBEL Makina 67 Medium Format Camera #F170 Pre-owned,plaubel 67,Plaubel,Film Cameras,Used,3136.26,USD,FIXED_PRICE,grail:PLAUBEL Makina,JP,samuraipicksjapan,100.0,2026-08-08T14:17:54.000Z,,https://www.ebay.com/itm/178386418715?hash=item2988a8bc1b:g:7XgAAeSwFplqdztJ,https://i.ebayimg.com/images/g/7XgAAeSwFplqdztJ/s-l225.jpg
偏高,+40%,3274.95,80,64.0,ALL In Box [Almost Unused] Contax G2 Film Camera 45 28 90 Lens TLA200 From JAPAN,contax g2,Contax,Film Cameras,Used,4599.99,USD,FIXED_PRICE,grail:Contax G2,JP,myon-38,99.7,2026-08-08T23:55:00.000Z,,https://www.ebay.com/itm/318699773229?hash=item4a33fc9d2d:g:aoMAAeSwPZVqd8IU,https://i.ebayimg.com/images/g/aoMAAeSwPZVqd8IU/s-l225.jpg
偏低,-22%,243.18,10,63.0,[Exc+5] Nikon FA Black SLR Film Camera Ai-s 35-105mm f3.5-4.5 Lens JAPAN 3746,nikon ai-s 35-105mm f3.5,Nikon,Film Cameras,Used,189.99,USD,"FIXED_PRICE,BEST_OFFER",mount:nikon f;good-cond,JP,yoshshi_48,100.0,2026-08-09T04:46:07.000Z,,https://www.ebay.com/itm/377404810636?hash=item57df14658c:g:MxUAAeSwjSBqeAUX,https://i.ebayimg.com/images/g/MxUAAeSwjSBqeAUX/s-l225.jpg
偏高,+18%,850.0,33,63.0,▶️[N/MINT] Leitz Minolta CL Rangefinder Film Camera M-Rokkor 40mm f2 Lens JAPAN,leitz minolta,Leitz,Film Cameras,Used,1000.0,USD,FIXED_PRICE,mount:minolta md;good-cond,JP,sunshine_camera,99.7,2026-08-09T01:48:21.000Z,,https://www.ebay.com/itm/206476337336?hash=item3012f2e0b8:g:x2QAAeSwUD9qSHHZ,https://i.ebayimg.com/images/g/x2QAAeSwUD9qSHHZ/s-l225.jpg
无基准,,999.9,80,62.0,Hasselblad 500C/M Medium Format Film Camera Back,hasselblad 500c/m,Hasselblad,Vintage Cameras,,0.0,USD,AUCTION,grail:500C;auction,US,zorn10000,100.0,2026-08-09T02:12:07.000Z,2026-08-16T02:12:07.000Z,https://www.ebay.com/itm/198557680861?hash=item2e3af5c4dd:g:ZHIAAeSwKDVqEJQ9,https://i.ebayimg.com/images/g/ZHIAAeSwKDVqEJQ9/s-l225.jpg
无基准,,99.99,80,62.0,"[Mint] Canon A-1 SLR Film Camera Canon 50mm F1.8 lens,andViv.28/85 macro WORKING",canon a-1,Canon,Film Cameras,Used,0.0,USD,"AUCTION,BEST_OFFER",grail:Canon A-1;good-cond;auction,US,art23fish,99.0,2026-08-08T22:05:34.000Z,2026-08-18T22:05:34.000Z,https://www.ebay.com/itm/257669707853?hash=item3bfe4fb84d:g:BRAAAeSwBGxqancZ,https://i.ebayimg.com/images/g/BRAAAeSwBGxqancZ/s-l225.jpg
无基准,,61.55,80,62.0,"GAUMONT Stereo Camera Grand Prix 1900 GLASS PLATE CAMERA 1:6,3 F-84 Zeiss Tessar",zeiss tessar,Zeiss,Vintage Cameras,,0.0,USD,AUCTION,grail:Tessar;auction,US,purple_haney,100.0,2026-08-08T19:52:37.000Z,2026-08-15T19:52:37.000Z,https://www.ebay.com/itm/158167827808?hash=item24d3898560:g:npoAAeSwJaRqaOml,https://i.ebayimg.com/images/g/npoAAeSwJaRqaOml/s-l225.jpg
无基准,,40.0,80,62.0,Canon AE-1 Program 35mm Film Camera With Canon 50mm f/1.8 Lens | Exc Condition!,canon ae-1,Canon,Film Cameras,Used,0.0,USD,AUCTION,grail:AE-1;good-cond;auction,US,lwilkerson,100.0,2026-08-08T16:00:35.000Z,2026-08-15T16:00:35.000Z,https://www.ebay.com/itm/158167209994?hash=item24d380180a:g:nKAAAeSwlOZqUFcX,https://i.ebayimg.com/images/g/nKAAAeSwlOZqUFcX/s-l225.jpg
无基准,,1699.99,55,62.0,Leica M5 35mm Rangefinder Body Only Silver/Black,leica m5,Leica,Film Cameras,Used,0.0,USD,"AUCTION,BEST_OFFER",grail:Leica M5;auction,US,claire*a*belle,100.0,2026-08-08T15:32:31.000Z,2026-08-15T15:32:31.000Z,https://www.ebay.com/itm/318698185275?hash=item4a33e4623b:g:KzkAAeSweXxqW5v6,https://i.ebayimg.com/images/g/KzkAAeSweXxqW5v6/s-l225.jpg
无基准,,187.0,80,62.0,Mamiya C330 Camera Body with focusing screen,mamiya c330,Mamiya,Vintage Cameras,,0.0,USD,AUCTION,grail:Mamiya C330;auction,US,cameraexchange,99.9,2026-08-08T14:02:21.000Z,2026-08-15T14:02:21.000Z,https://www.ebay.com/itm/318697917732?hash=item4a33e04d24:g:cVoAAeSwoTZo7rFS,https://i.ebayimg.com/images/g/cVoAAeSwoTZo7rFS/s-l225.jpg
合理,+2%,54.0,80,62.0,[ Exc+5 ] Pentax 645 Rear Converter-A 1.4x For 300mm f/4 ED IF From JAPAN,pentax 300mm f4,Pentax,Lenses,Used,54.99,USD,FIXED_PRICE,grail:645;good-cond,JP,japan.sadacamera,100.0,2026-08-08T12:14:16.000Z,,https://www.ebay.com/itm/377403368702?hash=item57defe64fe:g:DX0AAeSwBsFqMABh,https://i.ebayimg.com/images/g/DX0AAeSwBsFqMABh/s-l225.jpg
高价,+116%,40.0,80,62.0,【Top Mint】Canon AE-1 35mm film camera SLR +New FD 50mm f/2 from Japan #E0105,canon ae-1,Canon,Film Cameras,Used,86.4,USD,"FIXED_PRICE,BEST_OFFER",grail:AE-1;mount:canon fd;good-cond,JP,espressivo,99.9,2026-08-08T04:15:13.000Z,,https://www.ebay.com/itm/358899310695?hash=item539010e067:g:hxgAAeSwvqJqUdrj,https://i.ebayimg.com/images/g/hxgAAeSwvqJqUdrj/s-l225.jpg
高价,+75%,51.38,80,62.0,[Exc+5] Olympus OM-1 Silver 35mm SLR Film Camera From JAPAN,olympus om-1,Olympus,Film Cameras,Used,89.99,USD,FIXED_PRICE,grail:OM-1;mount:olympus om;good-cond,JP,harumi-14,100.0,2026-08-08T13:52:53.000Z,,https://www.ebay.com/itm/188761750174?hash=item2bf313ba9e:g:2QsAAeSwSUhqdzXk,https://i.ebayimg.com/images/g/2QsAAeSwSUhqdzXk/s-l225.jpg
无基准,,102.94,60,62.0,Yashica T2 Black 35mm Point & Shoot Film Camera Carl Zeiss Tessar w/ Case,yashica t2,Yashica,Vintage Cameras,,95.95,USD,"FIXED_PRICE,AUCTION",grail:Tessar;auction,US,floreztorrez760,100.0,2026-08-08T22:38:05.000Z,2026-08-15T22:38:05.000Z,https://www.ebay.com/itm/358902278334?hash=item53903e28be:g:KJEAAeSwWptqNxU3,https://i.ebayimg.com/images/g/KJEAAeSwWptqNxU3/s-l225.jpg
合理,+7%,102.94,60,62.0,[Excellent+5] Kyocera TD Yashica T2 D Carl Zeiss Tessar T* 35mm F3.5 From JAPAN,yashica t2,Yashica,Film Cameras,Used,109.99,USD,"FIXED_PRICE,BEST_OFFER",grail:Tessar,JP,d-camera-tokyo,98.8,2026-08-08T15:46:27.000Z,,https://www.ebay.com/itm/206475356193?hash=item3012e3e821:g:DuwAAeSwvQ9qEuWy,https://i.ebayimg.com/images/g/DuwAAeSwvQ9qEuWy/s-l225.jpg
高价,+198%,40.0,80,62.0,Canon AE-1 Black / Zoom Lens New FD 35-70mm f/4 Exc+5 SLR Z1575,canon ae-1,Canon,Film Cameras,Used,119.03,USD,"FIXED_PRICE,BEST_OFFER",grail:AE-1;mount:canon fd;good-cond,JP,tsurujapan532,100.0,2026-08-08T21:08:49.000Z,,https://www.ebay.com/itm/178387321070?hash=item2988b680ee:g:5PQAAeSwiY5p5wpj,https://i.ebayimg.com/images/g/5PQAAeSwiY5p5wpj/s-l225.jpg
高价,+144%,49.15,80,62.0,[Near MINT] Nikon Nikonos II UW Film Camera W-NIKKOR 28mm f/3.5 Lens From JAPAN,nikon nikonos,Nikon,Film Cameras,Used,119.99,USD,FIXED_PRICE,grail:Nikonos;mount:nikon f;good-cond,JP,ma88_9646,100.0,2026-08-08T14:42:05.000Z,,https://www.ebay.com/itm/178386467432?hash=item2988a97a68:g:JhUAAeSwOwdqd0Ew,https://i.ebayimg.com/images/g/JhUAAeSwOwdqd0Ew/s-l225.jpg
高价,+184%,44.28,80,62.0,CARL ZEISS JENA DDR TESSAR 50mm F2.8 M42 Mount [Top Mint],zeiss tessar 50mm f2.8,Zeiss,Lenses,Used,125.69,USD,FIXED_PRICE,grail:TESSAR;mount:m42;good-cond,JP,altemo-31,98.8,2026-08-08T04:39:57.000Z,,https://www.ebay.com/itm/398262159982?hash=item5cba464a6e:g:wtQAAeSwdvRpafh7,https://i.ebayimg.com/images/g/wtQAAeSwdvRpafh7/s-l225.jpg
高价,+220%,40.0,80,62.0,[Almost MINT] Canon AE-1 35mm SLR Film Camera New FD 50mm f1.4 Lens From JAPAN,canon ae-1,Canon,Film Cameras,Used,127.9,USD,FIXED_PRICE,grail:AE-1;mount:canon fd;good-cond,JP,camera_port_japan,100.0,2026-08-08T22:31:18.000Z,,https://www.ebay.com/itm/236994472821?hash=item372df8ab75:g:9t8AAeSwj-Vqd655,https://i.ebayimg.com/images/g/9t8AAeSwj-Vqd655/s-l225.jpg
高价,+153%,51.38,80,62.0,[EXC+5] Olympus OM-1 Black 35mm Film SLR Camera + F.Zuiko 50mm f/1.8 from Japan,olympus om-1,Olympus,Film Cameras,Used,129.99,USD,FIXED_PRICE,grail:OM-1;mount:olympus om;good-cond,JP,tarmanpuk_0,99.7,2026-08-09T03:41:25.000Z,,https://www.ebay.com/itm/287513840326?hash=item42f1290ac6:g:sxEAAeSwZeRqBtSH,https://i.ebayimg.com/images/g/sxEAAeSwZeRqBtSH/s-l225.jpg
合理,+5%,124.18,80,62.0,Olympus μ mju Zoom 115 Deluxe 35mm Gold w/Case Film Camera From Japan,olympus mju 115,Olympus,Film Cameras,Used,129.99,USD,FIXED_PRICE,grail:mju,JP,miyuki1_75,100.0,2026-08-09T01:38:58.000Z,,https://www.ebay.com/itm/377404597460?hash=item57df1124d4:g:~GkAAeSwhnxqd9mj,https://i.ebayimg.com/images/g/~GkAAeSwhnxqd9mj/s-l225.jpg
高价,+225%,39.99,80,62.0,Tested[Near MINT]Minolta Hi-Matic AF2-MD Point & Shoot Film Camera From JAPAN,minolta hi-matic af2-md,Minolta,Film Cameras,Used,129.99,USD,FIXED_PRICE,grail:Hi-Matic;mount:minolta md;good-cond,JP,ma88_9646,100.0,2026-08-08T14:37:42.000Z,,https://www.ebay.com/itm/178386462766?hash=item2988a9682e:g:LZEAAeSwOfRqd0An,https://i.ebayimg.com/images/g/LZEAAeSwOfRqd0An/s-l225.jpg
高价,+225%,40.0,80,62.0,[N MINT] Canon AE-1 ae1 silver 35mm SLR Film Camera body FD 50mm f1.4 lens JAPAN,canon ae-1,Canon,Film Cameras,Used,129.99,USD,FIXED_PRICE,grail:AE-1;mount:canon fd;good-cond,JP,dreamers_camera_japan,99.5,2026-08-08T05:40:37.000Z,,https://www.ebay.com/itm/366593207768?hash=item555aa86dd8:g:WacAAeSws3NqdsHQ,https://i.ebayimg.com/images/g/WacAAeSws3NqdsHQ/s-l225.jpg
高价,+225%,40.0,80,62.0,[Exc+5] Canon AE-1 Program SLR Film Camera body FD 50mm f1.8 s.c lens From JAPAN,canon ae-1,Canon,Film Cameras,Used,129.99,USD,FIXED_PRICE,grail:AE-1;mount:canon fd;good-cond,JP,dreamers_camera_japan,99.5,2026-08-08T05:37:30.000Z,,https://www.ebay.com/itm/366593206133?hash=item555aa86775:g:oWMAAeSwDO5qdsHL,https://i.ebayimg.com/images/g/oWMAAeSwDO5qdsHL/s-l225.jpg
无基准,,59.97,80,62.0,Minolta Hi-Matic 7S Vintage Film Camera,minolta 7s,Minolta,Film Cameras,Used,130.0,USD,"FIXED_PRICE,AUCTION",grail:Hi-Matic;auction,US,yorkmicha,100.0,2026-08-08T18:14:22.000Z,2026-08-18T18:14:22.000Z,https://www.ebay.com/itm/278259692490?hash=item40c991f3ca:g:IqYAAeSwX8RqDflO,https://i.ebayimg.com/images/g/IqYAAeSwX8RqDflO/s-l225.jpg
合理,+5%,127.0,62,62.0,OLYMPUS μ mju ZOOM 70 DELUXE 35mm Film Camera Tested Shutter Flash Working,olympus mju 70,Olympus,Film Cameras,Used,132.99,USD,"FIXED_PRICE,BEST_OFFER",grail:mju,JP,amatuki,100.0,2026-08-08T15:15:11.000Z,,https://www.ebay.com/itm/377403723589?hash=item57df03cf45:g:TssAAeSwWUhqd0f3,https://i.ebayimg.com/images/g/TssAAeSwWUhqd0f3/s-l225.jpg
高价,+172%,51.38,80,62.0,Perfect Finder **Exc+5** Olympus OM-1 SLR Film Camera 50mm f1.4 Lens From JAPAN,olympus om-1,Olympus,Film Cameras,Used,139.9,USD,FIXED_PRICE,grail:OM-1;mount:olympus om;good-cond,JP,made-1n-japan,100.0,2026-08-09T04:38:37.000Z,,https://www.ebay.com/itm/336733622755?hash=item4e66e351e3:g:CjEAAeSw~8JqeAVA,https://i.ebayimg.com/images/g/CjEAAeSw~8JqeAVA/s-l225.jpg
高价,+250%,40.0,80,62.0,[Near MINT] Canon AE-1 PROGRAM Black FD 50mm F1.8 S.C.188A Flash Film Camera,canon ae-1,Canon,Film Cameras,Used,139.9,USD,FIXED_PRICE,grail:AE-1;mount:canon fd;good-cond,JP,lucky_cat_camera_japan,100.0,2026-08-08T13:00:03.000Z,,https://www.ebay.com/itm/128016717934?hash=item1dce64186e:g:QjoAAeSwPZVqdykM,https://i.ebayimg.com/images/g/QjoAAeSwPZVqdykM/s-l225.jpg
高价,+250%,40.0,80,62.0,[Near MINT] Canon AE-1 35mm Film Camera Black FD 50mm F1.4 S.S.C Lens from JAPAN,canon ae-1,Canon,Film Cameras,Used,139.99,USD,FIXED_PRICE,grail:AE-1;mount:canon fd;good-cond,JP,kaya6610,99.6,2026-08-08T14:34:08.000Z,,https://www.ebay.com/itm/318698016410?hash=item4a33e1ce9a:g:BZcAAeSwLKlqdz9U,https://i.ebayimg.com/images/g/BZcAAeSwLKlqdz9U/s-l225.jpg
高价,+250%,40.0,80,62.0,[N MINT+] Canon AE-1 35mm SLR Film Camera black body FD 50mm f1.4 ssc lens JAPAN,canon ae-1,Canon,Film Cameras,Used,139.99,USD,FIXED_PRICE,grail:AE-1;mount:canon fd;good-cond,JP,dreamers_camera_japan,99.5,2026-08-08T05:35:59.000Z,,https://www.ebay.com/itm/366593205136?hash=item555aa86390:g:pAgAAeSweEtqdsC7,https://i.ebayimg.com/images/g/pAgAAeSweEtqdsC7/s-l225.jpg
合理,-6%,154.99,58,62.0,US Duty Paid Contax Carl Zeiss Vario-Sonnar T* 80-200mm F/4 MMJ #4578 Japan,contax sonnar 80-200mm f4,Contax,Lenses,Used,145.38,USD,FIXED_PRICE,grail:Sonnar,JP,japantreasuremarket,100.0,2026-08-09T00:03:20.000Z,,https://www.ebay.com/itm/336733457838?hash=item4e66e0cdae:g:~DsAAeSwT0pqd8O-,https://i.ebayimg.com/images/g/~DsAAeSwT0pqd8O-/s-l225.jpg
高价,+188%,51.38,80,62.0,[ NEAR MINT- ] Olympus OM-1 + G.Zuiko Auto-W 35mm f/2.8 SLR Film Camera,olympus om-1,Olympus,Film Cameras,Used,147.9,USD,FIXED_PRICE,grail:OM-1;mount:olympus om;good-cond,JP,oi_b24,98.8,2026-08-09T02:14:56.000Z,,https://www.ebay.com/itm/800480295911?hash=itemba6057fbe7:g:u3wAAeSwC6po9iHy,https://i.ebayimg.com/images/g/u3wAAeSwC6po9iHy/s-l225.jpg
高价,+272%,40.0,80,62.0,【Near MINT】Canon AE-1 35mm SLR Film Camera FD 50mm F1.4 S.S.C. From Japan,canon ae-1,Canon,Film Cameras,Used,148.99,USD,FIXED_PRICE,grail:AE-1;mount:canon fd;good-cond,JP,rytag50,100.0,2026-08-08T23:19:21.000Z,,https://www.ebay.com/itm/377404427510?hash=item57df0e8cf6:g:tysAAeSw25tp2aF0,https://i.ebayimg.com/images/g/tysAAeSw25tp2aF0/s-l225.jpg
高价,+245%,43.41,80,62.0,⏯️[Near MINT] MINOLTA NEW X-700 SLR Film Camera NEW MD 50mm f1.7 Lens From JAPAN,minolta x-700,Minolta,Film Cameras,Used,149.9,USD,FIXED_PRICE,grail:X-700;mount:minolta md;good-cond,JP,tmok95_camera_japan,100.0,2026-08-08T16:24:14.000Z,,https://www.ebay.com/itm/168598490075?hash=item274140cbdb:g:6McAAeSwbjtqd1lf,https://i.ebayimg.com/images/g/6McAAeSwbjtqd1lf/s-l225.jpg
高价,+275%,40.0,80,62.0,[Near MINT] Canon AE-1 Program SLR Film Camera New FD NFD 35-70mm F4 From JAPAN,canon ae-1,Canon,Film Cameras,Used,149.9,USD,FIXED_PRICE,grail:AE-1;mount:canon fd;good-cond,JP,shogun-market,100.0,2026-08-08T08:23:47.000Z,,https://www.ebay.com/itm/318696810186?hash=item4a33cf66ca:g:yR4AAeSwfn9qdugR,https://i.ebayimg.com/images/g/yR4AAeSwfn9qdugR/s-l225.jpg
高价,+205%,49.15,80,62.0,[Top MINT] Nikon Nikonos I Underwater Camera W-Nikkor 35mm f/2.5 Lens From JAPAN,nikon nikonos,Nikon,Film Cameras,Used,149.99,USD,FIXED_PRICE,grail:Nikonos;mount:nikon f;good-cond,JP,yamamoto_camera_japan,99.3,2026-08-08T08:15:54.000Z,,https://www.ebay.com/itm/366593370488?hash=item555aaae978:g:yTwAAeSwxthqduX5,https://i.ebayimg.com/images/g/yTwAAeSwxthqduX5/s-l225.jpg
高价,+275%,40.0,80,62.0,Read!! [Exc+5] Canon AE-1 Program Black new FD 50mm f/1.4 Film camera From JAPAN,canon ae-1,Canon,Film Cameras,Used,149.99,USD,"FIXED_PRICE,BEST_OFFER",grail:AE-1;mount:canon fd;good-cond,JP,camera_watch.japan,100.0,2026-08-08T06:50:08.000Z,,https://www.ebay.com/itm/178385297946?hash=item298897a21a:g:Pk0AAeSw--9p4G6s,https://i.ebayimg.com/images/g/Pk0AAeSw--9p4G6s/s-l225.jpg
无基准,,43.41,80,62.0,"Minolta X-700 Vintage 35mm SLR Film Camera Body, Silver SLR Body Only",minolta x-700,Minolta,Vintage Cameras,,150.0,USD,"FIXED_PRICE,AUCTION",grail:X-700;auction,US,wil_555447,0.0,2026-08-09T03:49:00.000Z,2026-08-16T03:49:00.000Z,https://www.ebay.com/itm/158168748470?hash=item24d39791b6:g:aMsAAeSwHgFqd~hC,https://i.ebayimg.com/images/g/aMsAAeSwHgFqd~hC/s-l225.jpg
合理,+9%,139.99,64,62.0,Olympus μ[mju:] ZOOM 130 film camera K691-1,olympus mju 130,Olympus,Film Cameras,Used,152.96,USD,"FIXED_PRICE,BEST_OFFER",grail:mju,JP,mgaaoetom10rbmjc-1,99.1,2026-08-08T16:58:47.000Z,,https://www.ebay.com/itm/236994009525?hash=item372df199b5:g:BrkAAeSwHiJqd2E4,https://i.ebayimg.com/images/g/BrkAAeSwHiJqd2E4/s-l225.jpg
高价,+288%,40.0,80,62.0,【Near MINT】Canon AE-1 35mm SLR Film Camera FD 50mm f1.4 S.S.C. SSC From Japan,canon ae-1,Canon,Film Cameras,Used,154.99,USD,FIXED_PRICE,grail:AE-1;mount:canon fd;good-cond,JP,rytag50,100.0,2026-08-08T22:58:26.000Z,,https://www.ebay.com/itm/377404402968?hash=item57df0e2d18:g:e4oAAeSw3w1p8sVw,https://i.ebayimg.com/images/g/e4oAAeSw3w1p8sVw/s-l225.jpg
高价,+297%,40.0,80,62.0,[Near MINT] Canon AE-1 Program Black Film Camera FD 50mm f1.8 S.C. From JAPAN,canon ae-1,Canon,Film Cameras,Used,158.9,USD,FIXED_PRICE,grail:AE-1;mount:canon fd;good-cond,JP,shogun-market,100.0,2026-08-08T08:15:25.000Z,,https://www.ebay.com/itm/318696796719?hash=item4a33cf322f:g:5XoAAeSwocpqduaM,https://i.ebayimg.com/images/g/5XoAAeSwocpqduaM/s-l225.jpg
高价,+298%,40.0,80,62.0,[Near MINT+] Canon AE-1 35mm Film Camera SLR New FD 50mm f1.8 Lens From JAPAN,canon ae-1,Canon,Film Cameras,Used,159.4,USD,FIXED_PRICE,grail:AE-1;mount:canon fd;good-cond,JP,misak8411,100.0,2026-08-09T03:34:26.000Z,,https://www.ebay.com/itm/800480484569?hash=itemba605adcd9:g:4ZoAAeSw1WFqd~WB,https://i.ebayimg.com/images/g/4ZoAAeSw1WFqd~WB/s-l225.jpg
高价,+300%,40.0,80,62.0,【N MINT】Canon AE-1 silver 35mm SLR Film Camera FD 50mm F1.4 ssc Lens From JAPAN,canon ae-1,Canon,Film Cameras,Used,159.99,USD,FIXED_PRICE,grail:AE-1;mount:canon fd;good-cond,JP,classic-camera-japan-harada,100.0,2026-08-09T02:36:56.000Z,,https://www.ebay.com/itm/257670008747?hash=item3bfe544fab:g:xq0AAeSwkXJpu6tZ,https://i.ebayimg.com/images/g/xq0AAeSwkXJpu6tZ/s-l225.jpg
高价,+300%,40.0,80,62.0,[NEAR MINT] Canon AE-1 Silver 35mm Film Camera New FD NFD 50mm F/1.8 Lens JAPAN,canon ae-1,Canon,Film Cameras,Used,159.99,USD,FIXED_PRICE,grail:AE-1;mount:canon fd;good-cond,JP,ky-camera.japan,100.0,2026-08-09T02:04:14.000Z,,https://www.ebay.com/itm/407130496375?hash=item5ecade5d77:g:6KwAAeSwsa1qN7O4,https://i.ebayimg.com/images/g/6KwAAeSwsa1qN7O4/s-l225.jpg
高价,+300%,40.0,80,62.0,(HOOD [Near MINT] Canon AE-1 Program Film Camera Black FD 50mm F1.4 Lens JAPAN,canon ae-1,Canon,Film Cameras,Used,159.99,USD,FIXED_PRICE,grail:AE-1;mount:canon fd;good-cond,JP,kaya6610,99.6,2026-08-08T14:22:52.000Z,,https://www.ebay.com/itm/318697969525?hash=item4a33e11775:g:3zcAAeSwoUJqdzv~,https://i.ebayimg.com/images/g/3zcAAeSwoUJqdzv~/s-l225.jpg
高价,+325%,40.0,80,62.0,Canon AE-1 Program Film Camera Black New FD 35-70mm F3.5-4.5 [EXC+5] From JAPAN,canon ae-1,Canon,Film Cameras,Used,169.99,USD,FIXED_PRICE,grail:AE-1;mount:canon fd;good-cond,JP,nico_camera.japan,100.0,2026-08-09T03:42:52.000Z,,https://www.ebay.com/itm/128017322309?hash=item1dce6d5145:g:~f0AAeSwEG1qd~cu,https://i.ebayimg.com/images/g/~f0AAeSwEG1qd~cu/s-l225.jpg
高价,+325%,40.0,80,62.0,[N MINT] Canon AE-1 Program Black 35mm SLR New FD NFD 50mm F1.8 Lens JAPAN #137,canon ae-1,Canon,Film Cameras,Used,169.99,USD,"FIXED_PRICE,BEST_OFFER",grail:AE-1;mount:canon fd;good-cond,JP,emk_930,100.0,2026-08-08T14:26:51.000Z,,https://www.ebay.com/itm/198556630485?hash=item2e3ae5bdd5:g:~G8AAeSwE55qbSZQ,https://i.ebayimg.com/images/g/~G8AAeSwE55qbSZQ/s-l225.jpg
高价,+325%,40.0,80,62.0,[Near MINT] Canon AE-1 35mm Film Camera FD 50mm f1.4 s.s.c. ssc from JAPAN,canon ae-1,Canon,Film Cameras,Used,169.99,USD,"FIXED_PRICE,BEST_OFFER",grail:AE-1;mount:canon fd;good-cond,JP,morita-camera,99.1,2026-08-08T08:39:49.000Z,,https://www.ebay.com/itm/398262662969?hash=item5cba4df739:g:OJwAAeSwsqlqduph,https://i.ebayimg.com/images/g/OJwAAeSwsqlqduph/s-l225.jpg
高价,+338%,40.0,80,62.0,▶️CLA'd[N MINT] Canon AE-1 Program Black Film Camera New FD 50mm f1.4 Lens JAPAN,canon ae-1,Canon,Film Cameras,Used,174.99,USD,"FIXED_PRICE,BEST_OFFER",grail:AE-1;mount:canon fd;good-cond,JP,manaco_shop_japan,99.6,2026-08-08T21:44:39.000Z,,https://www.ebay.com/itm/298570628371?hash=item4584323d13:g:c2YAAeSwwfFqNv~x,https://i.ebayimg.com/images/g/c2YAAeSwwfFqNv~x/s-l225.jpg
高价,+340%,40.0,80,62.0,⏯️ Canon AE-1 Silver 35mm Film SLR Camera New FD 50mmf/1.4 with Lens hood [MINT],canon ae-1,Canon,Film Cameras,Used,176.0,USD,FIXED_PRICE,grail:AE-1;mount:canon fd;good-cond,JP,arigato0602,100.0,2026-08-08T15:56:27.000Z,,https://www.ebay.com/itm/287512911540?hash=item42f11adeb4:g:czkAAeSwbEhqd1Hs,https://i.ebayimg.com/images/g/czkAAeSwbEhqd1Hs/s-l225.jpg
高价,+80%,99.99,80,62.0,[MINT] CANON A-1 35mm SLR Film Camera NFD New FD 50mm F/1.4 Lens From JAPAN,canon a-1,Canon,Film Cameras,Used,179.99,USD,FIXED_PRICE,grail:CANON A-1;mount:canon fd;good-cond,JP,main.uza-13,100.0,2026-08-09T03:28:41.000Z,,https://www.ebay.com/itm/318700499520?hash=item4a3407b240:g:3OkAAeSwMk1qd~UU,https://i.ebayimg.com/images/g/3OkAAeSwMk1qd~UU/s-l225.jpg
高价,+250%,51.38,80,62.0,[N MINT w/Strap] Olympus OM-1 Film Camera G.Zuiko Auto-W 28mm f3.5 From JAPAN,olympus om-1,Olympus,Film Cameras,Used,179.99,USD,FIXED_PRICE,grail:OM-1;mount:olympus om;good-cond,JP,rakuw_21,99.3,2026-08-09T00:37:37.000Z,,https://www.ebay.com/itm/318699877072?hash=item4a33fe32d0:g:qt8AAeSwls1qd8yI,https://i.ebayimg.com/images/g/qt8AAeSwls1qd8yI/s-l225.jpg
高价,+315%,43.41,80,62.0,[ MINT ] Minolta New X-700 35mm SLR Film Camera MD Rokkor 50mm f/1.7 Lens JAPAN,minolta x-700,Minolta,Film Cameras,Used,179.99,USD,"FIXED_PRICE,BEST_OFFER",grail:X-700;mount:minolta md;good-cond,JP,wazze_camera.jpn,100.0,2026-08-08T23:39:30.000Z,,https://www.ebay.com/itm/358902396020?hash=item53903ff474:g:r38AAeSwZPxqI27I,https://i.ebayimg.com/images/g/r38AAeSwZPxqI27I/s-l225.jpg
高价,+250%,51.38,80,62.0,[N MINT] Olympus OM-1 Silver 35mm Film Camera G.Zuiko 50mm f1.4 Lens From JAPAN,olympus om-1,Olympus,Film Cameras,Used,179.99,USD,FIXED_PRICE,grail:OM-1;mount:olympus om;good-cond,JP,myu_camera_szok_japan,99.7,2026-08-08T16:36:43.000Z,,https://www.ebay.com/itm/318698357800?hash=item4a33e70428:g:1UYAAeSwQQxqd1ta,https://i.ebayimg.com/images/g/1UYAAeSwQQxqd1ta/s-l225.jpg
高价,+350%,40.0,80,62.0,W/hood [MINT+] Canon AE-1 35mm SLR Film Camera body New FD 50mm f1.4 lens JAPAN,canon ae-1,Canon,Film Cameras,Used,179.99,USD,FIXED_PRICE,grail:AE-1;mount:canon fd;good-cond,JP,dreamers_camera_japan,99.5,2026-08-08T05:43:41.000Z,,https://www.ebay.com/itm/366593210520?hash=item555aa87898:g:6v4AAeSwDzRqdsKK,https://i.ebayimg.com/images/g/6v4AAeSwDzRqdsKK/s-l225.jpg
高价,+260%,51.38,80,62.0,▶️[NEAR MINT] Olympus OM-1 Film Camera F.Zuiko Auto-S 50mm f1.8 From JAPAN,olympus om-1,Olympus,Film Cameras,Used,184.99,USD,"FIXED_PRICE,BEST_OFFER",grail:OM-1;mount:olympus om;good-cond,JP,manaco_shop_japan,99.6,2026-08-08T13:08:52.000Z,,https://www.ebay.com/itm/298569476432?hash=item458420a950:g:sA0AAeSw2mBpxfVl,https://i.ebayimg.com/images/g/sA0AAeSw2mBpxfVl/s-l225.jpg
高价,+375%,40.0,80,62.0,[MINT w/Strap] Canon AE-1 Film Camera Black FD 50mm f/1.4 S.S.C. Lens From JAPAN,canon ae-1,Canon,Film Cameras,Used,189.9,USD,FIXED_PRICE,grail:AE-1;mount:canon fd;good-cond,JP,vintagehighqualitycamerashopymmmcamera,100.0,2026-08-09T02:41:18.000Z,,https://www.ebay.com/itm/398265224443?hash=item5cba750cfb:g:bqoAAeSwd3dqd-mD,https://i.ebayimg.com/images/g/bqoAAeSwd3dqd-mD/s-l225.jpg
高价,+338%,43.41,80,62.0,【NEAR MINT】Minolta New X-700 Black Film Camera MD Rokkor 50mm F/1.4 Lens JAPAN,minolta x-700,Minolta,Film Cameras,Used,189.99,USD,FIXED_PRICE,grail:X-700;mount:minolta md;good-cond,JP,classic-camera-japan-harada,100.0,2026-08-09T02:39:59.000Z,,https://www.ebay.com/itm/257670010489?hash=item3bfe545679:g:9~8AAeSw2jdpdP06,https://i.ebayimg.com/images/g/9~8AAeSw2jdpdP06/s-l225.jpg
高价,+375%,40.0,80,62.0,[Near MINT+]Canon AE-1 Program Black Film Camera FD 50mm F1.8 S.C. SC Lens JAPAN,canon ae-1,Canon,Film Cameras,Used,189.99,USD,FIXED_PRICE,grail:AE-1;mount:canon fd;good-cond,JP,aiyama_metsa_camera_japan,100.0,2026-08-08T23:21:45.000Z,,https://www.ebay.com/itm/358902367439?hash=item53903f84cf:g:ce8AAeSwXiNqZE10,https://i.ebayimg.com/images/g/ce8AAeSwXiNqZE10/s-l225.jpg
高价,+338%,43.41,80,62.0,[MINT w/ Strap] Minolta New X-700 35mm Film Camera MD 50mm f/1.7 Lens From JAPAN,minolta x-700,Minolta,Film Cameras,Used,189.99,USD,FIXED_PRICE,grail:X-700;mount:minolta md;good-cond,JP,miytam_0,100.0,2026-08-08T13:10:06.000Z,,https://www.ebay.com/itm/398263284993?hash=item5cba577501:g:enQAAeSwK~ZqdyxJ,https://i.ebayimg.com/images/g/enQAAeSwK~ZqdyxJ/s-l225.jpg
高价,+400%,40.0,80,62.0,⏯️ [MINT] Canon AE-1 Program 35mm Film Camera + NEW FD 50mm f1.4 Lens From JAPAN,canon ae-1,Canon,Film Cameras,Used,199.9,USD,FIXED_PRICE,grail:AE-1;mount:canon fd;good-cond,JP,tmok95_camera_japan,100.0,2026-08-08T16:31:46.000Z,,https://www.ebay.com/itm/168598509822?hash=item27414118fe:g:FdkAAeSwJgVqd1pw,https://i.ebayimg.com/images/g/FdkAAeSwJgVqd1pw/s-l225.jpg
高价,+400%,40.0,80,62.0,[N MINT] Canon AE-1 35mm Film Camera Black S.S.C. FD 50mm F/1.4 Lens From JAPAN,canon ae-1,Canon,Film Cameras,Used,199.9,USD,FIXED_PRICE,grail:AE-1;mount:canon fd;good-cond,JP,gionkyotocamera,100.0,2026-08-08T10:12:26.000Z,,https://www.ebay.com/itm/398262912882?hash=item5cba51c772:g:n3sAAeSwSLlqdwHB,https://i.ebayimg.com/images/g/n3sAAeSwSLlqdwHB/s-l225.jpg
合理,+0%,199.99,61,62.0,[Near MINT] PENTAX 645 SMC A 45mm F/2.8 Wide Angle Lens For 645 N NII From JAPAN,pentax smc 45mm f2.8,Pentax,Lenses,Used,199.99,USD,FIXED_PRICE,grail:645;good-cond,JP,megalithjapancamera,100.0,2026-08-09T00:32:24.000Z,,https://www.ebay.com/itm/398264944122?hash=item5cba70c5fa:g:KTYAAeSwFz1qd8uL,https://i.ebayimg.com/images/g/KTYAAeSwFz1qd8uL/s-l225.jpg
高价,+400%,40.0,80,62.0,[MINT] Canon AE-1 35mm SLR Film Camera New FD NFD 50mm f/1.8 Lens From JAPAN,canon ae-1,Canon,Film Cameras,Used,199.99,USD,FIXED_PRICE,grail:AE-1;mount:canon fd;good-cond,JP,yuk1camera-japan,100.0,2026-08-09T00:24:35.000Z,,https://www.ebay.com/itm/366594338575?hash=item555ab9af0f:g:fwsAAeSw6glqd8k-,https://i.ebayimg.com/images/g/fwsAAeSw6glqd8k-/s-l225.jpg
高价,+400%,40.0,80,62.0,[MINT] Canon AE-1 Silver SLR 35mm Film Camera FD NFD 50mm f/1.8 Lens From JAPAN,canon ae-1,Canon,Film Cameras,Used,199.99,USD,FIXED_PRICE,grail:AE-1;mount:canon fd;good-cond,JP,zeni-fly,100.0,2026-08-08T21:52:44.000Z,,https://www.ebay.com/itm/377404317477?hash=item57df0cdf25:g:xugAAeSwazxqd6Xi,https://i.ebayimg.com/images/g/xugAAeSwazxqd6Xi/s-l225.jpg
高价,+400%,40.0,80,62.0,HOOD [MINT] Canon AE-1 Program Film Camera Black New FD 50mm F1.4 Lens JAPAN,canon ae-1,Canon,Film Cameras,Used,199.99,USD,FIXED_PRICE,grail:AE-1;mount:canon fd;good-cond,JP,kaya6610,99.6,2026-08-08T14:31:00.000Z,,https://www.ebay.com/itm/318698012076?hash=item4a33e1bdac:g:soEAAeSwjZxqdz7R,https://i.ebayimg.com/images/g/soEAAeSwjZxqdz7R/s-l225.jpg
高价,+307%,49.15,80,62.0,[Exc+3] Nikon NIKONOS-Ⅲ Underwater 35mm W-NIKKOR 35mm f2.5 Lens From JAPAN,nikon nikonos,Nikon,Film Cameras,Used,199.99,USD,"FIXED_PRICE,BEST_OFFER",grail:NIKONOS;mount:nikon f;good-cond,JP,zuishop,100.0,2026-08-08T07:01:59.000Z,,https://www.ebay.com/itm/287512217866?hash=item42f110490a:g:K7EAAeSwbiNqdtSB,https://i.ebayimg.com/images/g/K7EAAeSwbiNqdtSB/s-l225.jpg
合理,+0%,199.99,61,62.0,[MINT] Pentax 645 SMC A 45mm f/2.8 Wide Angle MF Lens For 645N N NII From JAPAN,pentax smc 45mm f2.8,Pentax,Lenses,Used,199.99,USD,"FIXED_PRICE,BEST_OFFER",grail:645;good-cond,JP,teriyaki.japan,99.6,2026-08-08T06:13:51.000Z,,https://www.ebay.com/itm/407128729297?hash=item5ecac366d1:g:DFoAAeSwyeRqR7cH,https://i.ebayimg.com/images/g/DFoAAeSwyeRqR7cH/s-l225.jpg
无基准,,40.0,80,62.0,Canon AE-1 SLR Film Camera - Black,canon ae-1,Canon,Film Cameras,Used,200.0,USD,"FIXED_PRICE,AUCTION",grail:AE-1;auction,US,geoto7099,100.0,2026-08-08T16:50:11.000Z,2026-08-18T16:50:11.000Z,https://www.ebay.com/itm/358901247118?hash=item53902e6c8e:g:P1cAAeSwVnxqNXJW,https://i.ebayimg.com/images/g/P1cAAeSwVnxqNXJW/s-l225.jpg
高价,+108%,99.99,80,62.0,*Near Mint* Canon A-1 SLR Film Camera New FD NFD 50mm F/1.4 Prime Lens From JPN,canon a-1,Canon,Film Cameras,Used,208.08,USD,FIXED_PRICE,grail:Canon A-1;mount:canon fd;good-cond,JP,dub0804-55,100.0,2026-08-08T11:07:35.000Z,,https://www.ebay.com/itm/366593572295?hash=item555aadfdc7:g:Q-EAAeSwdt1oh~wI,https://i.ebayimg.com/images/g/Q-EAAeSwdt1oh~wI/s-l225.jpg
高价,+423%,40.0,80,62.0,Canon AE-1 35mm Film SLR Camera w/ Canon FD 50mm f/1.8 Tested Exc+ Japan,canon ae-1,Canon,Film Cameras,Used,209.0,USD,FIXED_PRICE,grail:AE-1;mount:canon fd;good-cond,JP,kyoto_sakura_store,100.0,2026-08-08T11:13:27.000Z,,https://www.ebay.com/itm/336732726671?hash=item4e66d5a58f:g:NyMAAeSw1clqdw9Q,https://i.ebayimg.com/images/g/NyMAAeSw1clqdw9Q/s-l225.jpg
高价,+110%,99.99,80,62.0,【MINT w/ Strap】CANON A-1 SLR 35mm Film Camera + FD 50mm f1.4 S.S.C. SSC JAPAN,canon a-1,Canon,Film Cameras,Used,209.99,USD,FIXED_PRICE,grail:CANON A-1;mount:canon fd;good-cond,JP,classic-camera-japan-harada,100.0,2026-08-09T02:27:17.000Z,,https://www.ebay.com/itm/257669993721?hash=item3bfe5414f9:g:4AQAAeSwE2hqNuhh,https://i.ebayimg.com/images/g/4AQAAeSwE2hqNuhh/s-l225.jpg
高价,+425%,40.0,80,62.0,[Exc+4] Canon AE-1 SLR Film Power Winder A FD 50mm f/1.4 S.S.C. Lens From JAPAN,canon ae-1,Canon,Film Cameras,Used,209.99,USD,"FIXED_PRICE,BEST_OFFER",grail:AE-1;mount:canon fd;good-cond,JP,zuishop,100.0,2026-08-08T09:43:51.000Z,,https://www.ebay.com/itm/287512396796?hash=item42f11303fc:g:m~QAAeSwd3dqdvqy,https://i.ebayimg.com/images/g/m~QAAeSwd3dqdvqy/s-l225.jpg
高价,+120%,99.99,80,62.0,[MINT] CANON A-1 35mm SLR Film Camera NFD New FD 50mm F/1.4 Lens From JAPAN,canon a-1,Canon,Film Cameras,Used,219.99,USD,FIXED_PRICE,grail:CANON A-1;mount:canon fd;good-cond,JP,main.uza-13,100.0,2026-08-09T03:21:34.000Z,,https://www.ebay.com/itm/318700489880?hash=item4a34078c98:g:4FMAAeSwtAZqd~K8,https://i.ebayimg.com/images/g/4FMAAeSwtAZqd~K8/s-l225.jpg
高价,+450%,40.0,80,62.0,▶️Confirmed!! [MINT] Canon AE-1 Program Black Film SLR New FD 50mm f1.4 JAPAN,canon ae-1,Canon,Film Cameras,Used,219.99,USD,"FIXED_PRICE,BEST_OFFER",grail:AE-1;mount:canon fd;good-cond,JP,manaco_shop_japan,99.6,2026-08-08T13:09:42.000Z,,https://www.ebay.com/itm/298569478613?hash=item458420b1d5:g:XFcAAeSwJ4pqJsBp,https://i.ebayimg.com/images/g/XFcAAeSwJ4pqJsBp/s-l225.jpg
高价,+450%,40.0,80,62.0,[ N MINT ] Canon AE-1 Program SLR Film Camera body FD 50mm f1.4 s.s.c lens JAPAN,canon ae-1,Canon,Film Cameras,Used,219.99,USD,FIXED_PRICE,grail:AE-1;mount:canon fd;good-cond,JP,dreamers_camera_japan,99.5,2026-08-08T05:45:25.000Z,,https://www.ebay.com/itm/366593213036?hash=item555aa8826c:g:VZ8AAeSwfn9qdsMt,https://i.ebayimg.com/images/g/VZ8AAeSwfn9qdsMt/s-l225.jpg
高价,+494%,40.0,80,62.0,*Mint* Canon AE-1 Program Black Film Camera New FD Zoom 35-70mm F/3.5-4.5 /Japan,canon ae-1,Canon,Film Cameras,Used,237.49,USD,FIXED_PRICE,grail:AE-1;mount:canon fd;good-cond,JP,dub0804-55,100.0,2026-08-08T11:07:34.000Z,,https://www.ebay.com/itm/366593572273?hash=item555aadfdb1:g:EUcAAeSwGYJp7cjY,https://i.ebayimg.com/images/g/EUcAAeSwGYJp7cjY/s-l225.jpg
高价,+365%,51.38,80,62.0,*Near Mint* Olympus OM-1 35mm SLR Film Camera w/ 50mm F1.4 Lens Hood From JAPAN,olympus om-1,Olympus,Film Cameras,Used,239.0,USD,FIXED_PRICE,grail:OM-1;mount:olympus om;good-cond,JP,yama-store2018,99.7,2026-08-08T13:25:05.000Z,,https://www.ebay.com/itm/168598176479?hash=item27413c02df:g:Z~0AAeSwgIBqdy4L,https://i.ebayimg.com/images/g/Z~0AAeSwgIBqdy4L/s-l225.jpg
高价,+140%,99.99,80,62.0,✾MINT✾ Canon A-1 35mm SLR Film Camera + New FD 50mm f/1.4 Lens From JAPAN,canon a-1,Canon,Film Cameras,Used,239.99,USD,FIXED_PRICE,grail:Canon A-1;mount:canon fd;good-cond,JP,zencamerajp,100.0,2026-08-09T00:53:00.000Z,,https://www.ebay.com/itm/398264986908?hash=item5cba716d1c:g:g1MAAeSwF~xqd8-u,https://i.ebayimg.com/images/g/g1MAAeSwF~xqd8-u/s-l225.jpg
高价,+140%,99.99,80,62.0,Canon A-1 Slr Film Camera Fd 50mm F1.4 S.S.C. New Light Seals 【N.Mint】 7827,canon a-1,Canon,Film Cameras,Used,240.0,USD,"FIXED_PRICE,BEST_OFFER",grail:Canon A-1;mount:canon fd;good-cond,JP,camera_love_jp,100.0,2026-08-08T12:19:24.000Z,,https://www.ebay.com/itm/227467292693?hash=item34f61b7015:g:GvkAAeSwsqlqdx5B,https://i.ebayimg.com/images/g/GvkAAeSwsqlqdx5B/s-l225.jpg
合理,+7%,232.49,80,62.0,OLYMPUS mju II 170 VF [mju:] Point & Shoot Film Camera from Japan #12184,olympus mju 170,Olympus,Film Cameras,Used,248.0,USD,FIXED_PRICE,grail:mju,JP,allforone-camera-jp,100.0,2026-08-08T08:17:15.000Z,,https://www.ebay.com/itm/358899865798?hash=item53901958c6:g:m44AAeSwbspqduYC,https://i.ebayimg.com/images/g/m44AAeSwbspqduYC/s-l225.jpg
高价,+386%,51.38,80,62.0,Perfect Finder *MINT w/Hood* Olympus OM-1 Film Camera 50mm f/1.4 Lens From JAPAN,olympus om-1,Olympus,Film Cameras,Used,249.9,USD,FIXED_PRICE,grail:OM-1;mount:olympus om;good-cond,JP,made-1n-japan,100.0,2026-08-09T04:41:43.000Z,,https://www.ebay.com/itm/336733624694?hash=item4e66e35976:g:YEcAAeSwMcpqeAY0,https://i.ebayimg.com/images/g/YEcAAeSwMcpqeAY0/s-l225.jpg
无基准,,399.99,80,62.0,Leica Leitz Wetzlar 90mm f2.8 Elmarit E39 M Chrome Lens w/Hood and Cap,leica elmarit 90mm f2.8,Leica,Lenses,Used,249.99,USD,"FIXED_PRICE,AUCTION",grail:Elmarit;auction,US,olympique0708,100.0,2026-08-09T01:30:01.000Z,2026-08-16T01:30:01.000Z,https://www.ebay.com/itm/336733496234?hash=item4e66e163aa:g:NzwAAeSwgYVqd85M,https://i.ebayimg.com/images/g/NzwAAeSwgYVqd85M/s-l225.jpg
高价,+150%,99.99,80,62.0,[N-MINT w/Winder] Canon A-1 35mm film Camera FD 50mm f3.5 MACRO S.S.C Lens JAPAN,canon a-1,Canon,Film Cameras,Used,250.0,USD,FIXED_PRICE,grail:Canon A-1;mount:canon fd;good-cond,JP,pirogress_japan,100.0,2026-08-08T22:06:17.000Z,,https://www.ebay.com/itm/227467770035?hash=item34f622b8b3:g:sBMAAeSwRT9qd6Wd,https://i.ebayimg.com/images/g/sBMAAeSwRT9qd6Wd/s-l225.jpg
合理,+7%,239.99,32,62.0,OLYMPUS mju III 135 [mju:] Point & Shoot Film Camera from Japan #12216,olympus mju 135,Olympus,Film Cameras,Used,258.0,USD,FIXED_PRICE,grail:mju,JP,allforone-camera-jp,100.0,2026-08-08T08:18:31.000Z,,https://www.ebay.com/itm/358899867698?hash=item5390196032:g:qMsAAeSwbEhqduZN,https://i.ebayimg.com/images/g/qMsAAeSwbEhqduZN/s-l225.jpg
高价,+173%,99.0,80,62.0,Canon F-1 / Lens FD 50mm f/1.4 SSC Exc+5 analog SLR camera Z2756,canon f-1,Canon,Film Cameras,Used,270.01,USD,FIXED_PRICE,grail:Canon F-1;mount:canon fd;good-cond,JP,tsurujapan532,100.0,2026-08-08T09:29:28.000Z,,https://www.ebay.com/itm/178385724969?hash=item29889e2629:g:W1oAAeSwinpqdvgr,https://i.ebayimg.com/images/g/W1oAAeSwinpqdvgr/s-l225.jpg
高价,+180%,99.99,80,62.0,[Top MINT] Canon A-1 SLR 35mm Film Camera Black New FD NFD 50mm f/1.4 Lens JAPAN,canon a-1,Canon,Film Cameras,Used,279.99,USD,FIXED_PRICE,grail:Canon A-1;mount:canon fd;good-cond,JP,beryg_camera-japan,100.0,2026-08-08T11:36:03.000Z,,https://www.ebay.com/itm/800478460768?hash=itemba603bfb60:g:s~gAAeSwRpxqdxXT,https://i.ebayimg.com/images/g/s~gAAeSwRpxqdxXT/s-l225.jpg
合理,+4%,269.9,27,62.0,[Unused in box] Olympus μ mju III 150 Point&Shoot Film Camera From JAPAN,olympus mju 150,Olympus,Film Cameras,Used,279.99,USD,FIXED_PRICE,grail:mju,JP,hiroshimakamera,100.0,2026-08-08T10:17:18.000Z,,https://www.ebay.com/itm/287512515933?hash=item42f114d55d:g:GfEAAeSw0hNqdwLp,https://i.ebayimg.com/images/g/GfEAAeSw0hNqdwLp/s-l225.jpg
高价,+455%,51.38,80,62.0,[Exc+4] OLYMPUS OM-1 35mm SLR F.Zuiko Auto-S 50mm f/1.8 Lens | From JAPAN,olympus om-1,Olympus,Film Cameras,Used,285.0,USD,FIXED_PRICE,grail:OM-1;mount:olympus om;good-cond,JP,japanhiddengems-12,100.0,2026-08-08T12:04:20.000Z,,https://www.ebay.com/itm/227467272310?hash=item34f61b2076:g:2g0AAeSw6fRqdxtt,https://i.ebayimg.com/images/g/2g0AAeSw6fRqdxtt/s-l225.jpg
高价,+464%,51.38,80,62.0,Meter Works [MINT] Olympus OM-1 Film Camera F. Zuiko 50mm F/1.8 Lens From JAPAN,olympus om-1,Olympus,Film Cameras,Used,289.9,USD,FIXED_PRICE,grail:OM-1;mount:olympus om;good-cond,JP,vintagehighqualitycamerashopymmmcamera,100.0,2026-08-09T02:46:02.000Z,,https://www.ebay.com/itm/398265227689?hash=item5cba7519a9:g:ZlAAAeSwm6tqd-or,https://i.ebayimg.com/images/g/ZlAAAeSwm6tqd-or/s-l225.jpg
高价,+203%,99.0,80,62.0,[NEAR MINT-] Canon F-1 Late Black Film Camera FD 50mm F1.4 SSC S.S.C. Lens Japan,canon f-1,Canon,Film Cameras,Used,299.9,USD,FIXED_PRICE,grail:Canon F-1;mount:canon fd;good-cond,JP,leaf_camera.watch_japan,100.0,2026-08-08T22:00:41.000Z,,https://www.ebay.com/itm/318699392444?hash=item4a33f6cdbc:g:x50AAeSw75ZqXcQy,https://i.ebayimg.com/images/g/x50AAeSw75ZqXcQy/s-l225.jpg
高价,+447%,54.87,80,62.0,READ [Near MINT] Nikon F2 Photomic Black + Nikkor Ai 50mm f/1.4 Lens From JAPAN,nikon f2,Nikon,Film Cameras,Used,299.95,USD,FIXED_PRICE,grail:Nikon F2;mount:nikon f;good-cond,JP,mintagecamerajapan,99.7,2026-08-09T01:14:10.000Z,,https://www.ebay.com/itm/366594375895?hash=item555aba40d7:g:fwgAAeSwVf1qd9Te,https://i.ebayimg.com/images/g/fwgAAeSwVf1qd9Te/s-l225.jpg
高价,+591%,43.41,80,62.0,CLA'd【MINT+】 Minolta New X-700 MPS Black Film Camera MD 50mm 1.7 Lens From JAPAN,minolta x-700,Minolta,Film Cameras,Used,299.99,USD,FIXED_PRICE,grail:X-700;mount:minolta md;good-cond,JP,osaka-camera-takeuchi,98.1,2026-08-08T15:47:01.000Z,,https://www.ebay.com/itm/257669158642?hash=item3bfe4756f2:g:FggAAeSwYG9qYQrx,https://i.ebayimg.com/images/g/FggAAeSwYG9qYQrx/s-l225.jpg
高价,+538%,54.87,80,62.0,[ Near Mint +++] Nikon F2 Photomic DP-1 Nikkor 50mm f1.4 Lens 3013375,nikon f2,Nikon,Film Cameras,Used,349.9,USD,FIXED_PRICE,grail:Nikon F2;mount:nikon f;good-cond,JP,sunlit_camera_tokyo,100.0,2026-08-09T03:33:20.000Z,,https://www.ebay.com/itm/407130593542?hash=item5ecadfd906:g:VXcAAeSwjZxqd~Gf,https://i.ebayimg.com/images/g/VXcAAeSwjZxqd~Gf/s-l225.jpg
合理,+3%,349.99,30,62.0,⏯️CLA'd[Near MINT ] Pentax 6x7 SMC Takumar 90mm F2.8 LS Lens for 6x7 67 II JAPAN,pentax takumar 90mm f2.8,Pentax,Lenses,Used,359.99,USD,FIXED_PRICE,grail:6x7;good-cond,JP,good_time_camera,100.0,2026-08-08T04:54:48.000Z,,https://www.ebay.com/itm/407128606667?hash=item5ecac187cb:g:B-YAAeSw19lqdrcQ,https://i.ebayimg.com/images/g/B-YAAeSw19lqdrcQ/s-l225.jpg
高价,+574%,54.87,80,62.0,Nikon F2 Photomic Black Dp-1 Nikkor S Auto 50mm New Light Seals 【Exc+5】 7839,nikon f2,Nikon,Film Cameras,Used,370.0,USD,"FIXED_PRICE,BEST_OFFER",grail:Nikon F2;mount:nikon f;good-cond,JP,camera_love_jp,100.0,2026-08-08T12:36:47.000Z,,https://www.ebay.com/itm/227467311266?hash=item34f61bb8a2:g:yHMAAeSwvFVqdyJV,https://i.ebayimg.com/images/g/yHMAAeSwvFVqdyJV/s-l225.jpg
高价,+864%,39.78,80,62.0,*CLA'd : Opt Mint* Pentax MX Film Camera SMC Pentax M 50mm F/2 Standard Lens /JP,pentax smc pentax,Pentax,Film Cameras,Used,383.32,USD,FIXED_PRICE,grail:Pentax MX;mount:pentax k;good-cond,JP,hitonaga-0,100.0,2026-08-08T12:00:25.000Z,,https://www.ebay.com/itm/407129267299?hash=item5ecacb9c63:g:gbQAAeSwNz9qdxq3,https://i.ebayimg.com/images/g/gbQAAeSwNz9qdxq3/s-l225.jpg
高价,+611%,54.87,80,62.0,Nikon F2 Photomic A DP-11 Black 35mm SLR Film Camera Ai Nikkor 50mm f1.4 N mint+,nikon f2,Nikon,Film Cameras,Used,389.99,USD,"FIXED_PRICE,BEST_OFFER",grail:Nikon F2;mount:nikon f;good-cond,JP,kids_selection,100.0,2026-08-08T08:02:19.000Z,,https://www.ebay.com/itm/398262570562?hash=item5cba4c8e42:g:frQAAeSwWS1qNtfm,https://i.ebayimg.com/images/g/frQAAeSwWS1qNtfm/s-l225.jpg
高价,+679%,51.38,80,62.0,[Near MINT/case] Olympus OM-1 filmCamera f4 50mm f3.5 135mm f1.4 50mm From JAPAN,olympus om-1,Olympus,Film Cameras,Used,399.99,USD,FIXED_PRICE,grail:OM-1;mount:olympus om;good-cond,JP,harumi-14,100.0,2026-08-08T14:10:45.000Z,,https://www.ebay.com/itm/188761812502?hash=item2bf314ae16:g:5mkAAeSwFN5qdzni,https://i.ebayimg.com/images/g/5mkAAeSwFN5qdzni/s-l225.jpg
高价,+53%,287.49,80,62.0,Tested [ Mint ] Nikon F3 HP + MD-4 Motor Drive SLR 35mm Film Camera From JAPAN,nikon f3,Nikon,Film Cameras,Used,439.9,USD,FIXED_PRICE,grail:Nikon F3;mount:minolta md;good-cond,JP,haruharu_2010,100.0,2026-08-08T08:08:26.000Z,,https://www.ebay.com/itm/318696764925?hash=item4a33ceb5fd:g:o6kAAeSwyJFqduR6,https://i.ebayimg.com/images/g/o6kAAeSwyJFqduR6/s-l225.jpg
高价,+344%,99.0,80,62.0,[N MINT] Canon NEW F-1 AE SLR 35mm Film Camera New FD NFD 50mm f1.4 Lens JAPAN,canon f-1,Canon,Film Cameras,Used,439.99,USD,FIXED_PRICE,grail:NEW F-1;mount:canon fd;good-cond,JP,daihir_56,100.0,2026-08-08T05:58:31.000Z,,https://www.ebay.com/itm/407128702039?hash=item5ecac2fc57:g:bYwAAeSwLKlqdsY-,https://i.ebayimg.com/images/g/bYwAAeSwLKlqdsY-/s-l225.jpg
高价,+111%,227.31,80,62.0,[MINT w/ Strap] Nikon FM2 Black 35mm SLR Ai-s Nikkor 50mm f1.8 Lens From JAPAN,nikon fm2,Nikon,Film Cameras,Used,479.99,USD,FIXED_PRICE,grail:FM2;mount:nikon f;good-cond,JP,tokyolensmarket,100.0,2026-08-08T22:32:51.000Z,,https://www.ebay.com/itm/398264690659?hash=item5cba6ce7e3:g:DnYAAeSwVopqd6-H,https://i.ebayimg.com/images/g/DnYAAeSwVopqd6-H/s-l225.jpg
高价,+90%,287.49,80,62.0,[MINT w/ Strap] Nikon F3 Eye Level SLR AIS Ai-s 50mm F1.4 Lens From JAPAN,nikon f3,Nikon,Film Cameras,Used,544.99,USD,FIXED_PRICE,grail:Nikon F3;mount:nikon f;good-cond,JP,kaminari_camera_japan,100.0,2026-08-08T05:04:37.000Z,,https://www.ebay.com/itm/398262210459?hash=item5cba470f9b:g:ODQAAeSwU4ZqdroS,https://i.ebayimg.com/images/g/ODQAAeSwU4ZqdroS/s-l225.jpg
高价,+902%,54.87,80,62.0,Nikon F2 Photomic Sb Dp-3 Black Nikkor S Auto 50mm New Light Seals 【Exc+5】 7802,nikon f2,Nikon,Film Cameras,Used,550.0,USD,"FIXED_PRICE,BEST_OFFER",grail:Nikon F2;mount:nikon f;good-cond,JP,camera_love_jp,100.0,2026-08-08T11:57:21.000Z,,https://www.ebay.com/itm/227467265888?hash=item34f61b0760:g:xfwAAeSw8fdqdxkS,https://i.ebayimg.com/images/g/xfwAAeSw8fdqdxkS/s-l225.jpg
高价,+116%,287.49,80,62.0,[Top MINT] Nikon F3 HP F3HP 35mm SLR Film Camera Body F Mount w/MD-4 From JAPAN,nikon f3,Nikon,Film Cameras,Used,619.99,USD,FIXED_PRICE,grail:Nikon F3;mount:nikon f;good-cond,JP,yamamoto_camera_japan,99.3,2026-08-08T08:05:04.000Z,,https://www.ebay.com/itm/366593356771?hash=item555aaab3e3:g:wakAAeSwWatqduOu,https://i.ebayimg.com/images/g/wakAAeSwWatqduOu/s-l225.jpg
高价,+153%,249.0,80,62.0,w/P-Filter🎦👀✨MINT✨ Contax Carl Zeiss Planar T* 50mm f1.4 MMJ C/Y mount JAPAN,contax planar 50mm f1.4,Contax,Lenses,Used,629.99,USD,FIXED_PRICE,grail:Planar;mount:contax/yashica;good-cond,JP,positive_star_camera,99.9,2026-08-08T14:53:18.000Z,,https://www.ebay.com/itm/407129596919?hash=item5ecad0a3f7:g:KzwAAeSwb-Jp~dHU,https://i.ebayimg.com/images/g/KzwAAeSwb-Jp~dHU/s-l225.jpg
高价,+166%,244.0,80,62.0,[Top MINT] Carl Zeiss Planar T* ZK 50mm f/1.4 MF Lens PENTAX K mount From JAPAN,zeiss planar 50mm f1.4,Zeiss,Lenses,Used,649.99,USD,FIXED_PRICE,grail:Planar;mount:pentax k;good-cond,JP,chiba_camera_japan,100.0,2026-08-08T13:22:00.000Z,,https://www.ebay.com/itm/800478707417?hash=itemba603fbed9:g:5pIAAeSwC1pqLCUU,https://i.ebayimg.com/images/g/5pIAAeSwC1pqLCUU/s-l225.jpg
合理,-4%,684.99,50,62.0,Ricoh GR1 28mm F2.8 Black Point & Shoot Camera JAPAN,ricoh gr1,Ricoh,Film Cameras,Used,659.99,USD,FIXED_PRICE,grail:GR1,JP,peekaboo0523,100.0,2026-08-08T05:56:31.000Z,,https://www.ebay.com/itm/800477635819?hash=itemba602f64eb:g:iIoAAeSwBEtqcu4R,https://i.ebayimg.com/images/g/iIoAAeSwBEtqcu4R/s-l225.jpg
高价,+199%,227.31,80,62.0,[ Top MINT ] Nikon New FM2 FM2N 35mm Film Camera Ais Ai-s 50mm f/1.8 Lens JAPAN,nikon fm2,Nikon,Film Cameras,Used,679.99,USD,FIXED_PRICE,grail:FM2;mount:nikon f;good-cond,JP,island_snow_888_japan,100.0,2026-08-08T08:35:53.000Z,,https://www.ebay.com/itm/358899908085?hash=item539019fdf5:g:ICIAAeSwMjhqduuT,https://i.ebayimg.com/images/g/ICIAAeSwMjhqduuT/s-l225.jpg
高价,+49%,525.0,21,62.0,Leica R7 Black 35mm SLR Film Camera Body [Top Mint] US Stock,leica r7,Leica,Film Cameras,Excellent - Refurbished,781.2,USD,FIXED_PRICE,grail:Leica R7;good-cond,US,flagshipcamera,99.9,2026-08-09T01:46:59.000Z,,https://www.ebay.com/itm/307115285771?hash=item47817f5d0b:g:grcAAeSwLlNqGPQU,https://i.ebayimg.com/images/g/grcAAeSwLlNqGPQU/s-l225.jpg
高价,+46%,547.97,80,62.0,[TOP MINT] Voigtlander Nokton 50mm f1.5 VM Vintage Line Asph Lens Leica M Japan,voigtlander nokton 50mm f1.5,Voigtlander,Lenses,Used,799.99,USD,FIXED_PRICE,grail:Nokton;mount:leica m;good-cond,JP,natane57,100.0,2026-08-08T11:42:47.000Z,,https://www.ebay.com/itm/206474844129?hash=item3012dc17e1:g:FtkAAeSwfj1ob7AX,https://i.ebayimg.com/images/g/FtkAAeSwfj1ob7AX/s-l225.jpg
合理,-6%,883.49,58,62.0,Voigtlander NOKTON 28mm F1.5 Aspherical Z-Mount Full Frame from Japan D0808,voigtlander nokton 28mm f1.5,Voigtlander,Lenses,Used,834.96,USD,FIXED_PRICE,grail:NOKTON,JP,kyoto_camera,99.7,2026-08-08T07:13:35.000Z,,https://www.ebay.com/itm/287512232793?hash=item42f1108359:g:~UkAAeSwmiFqdtbO,https://i.ebayimg.com/images/g/~UkAAeSwmiFqdtbO/s-l225.jpg
高价,+270%,227.31,80,62.0,Nikon NEW FM2 Black NIKKOR 50mm 1.4 Film Camera [Top Mint],nikon fm2,Nikon,Film Cameras,Used,840.29,USD,FIXED_PRICE,grail:FM2;mount:nikon f;good-cond,JP,altemo-31,98.8,2026-08-08T04:31:21.000Z,,https://www.ebay.com/itm/398262148057?hash=item5cba461bd9:g:53QAAeSwKuppVSeR,https://i.ebayimg.com/images/g/53QAAeSwKuppVSeR/s-l225.jpg
高价,+89%,475.57,80,62.0,[MINT] Hasselblad Carl Zeiss Distagon CF 50mm F/4 T* Wide Lens FLE From JAPAN,hasselblad distagon 50mm f4,Hasselblad,Lenses,Used,899.99,USD,FIXED_PRICE,grail:Distagon;mount:hasselblad v;good-cond,JP,megalithjapancamera,100.0,2026-08-09T00:22:13.000Z,,https://www.ebay.com/itm/398264916149?hash=item5cba7058b5:g:m-gAAeSwWcdqd8la,https://i.ebayimg.com/images/g/m-gAAeSwWcdqd8la/s-l225.jpg
合理,+10%,999.99,80,62.0,[UNUSED] Nikon FM3A Silver 35mm SLR Film Camera Body w/ Pro Strap From JAPAN,nikon fm3a,Nikon,Film Cameras,Used,1099.99,USD,"FIXED_PRICE,BEST_OFFER",grail:FM3A,JP,happy-camera-japan,99.9,2026-08-08T20:44:37.000Z,,https://www.ebay.com/itm/336733305298?hash=item4e66de79d2:g:rD8AAeSwlC9qJJw1,https://i.ebayimg.com/images/g/rD8AAeSwlC9qJJw1/s-l225.jpg
高价,+592%,260.0,80,62.0,【 MINT+++】 KONICA Hexar RF Rangefinder Film Camera M-Hexanon 50mm f/2 Lens JAPAN,konica hexar,Konica,Film Cameras,Used,1799.99,USD,FIXED_PRICE,grail:Hexar;mount:canon rf;good-cond,JP,camera_specialty_store-jpn,100.0,2026-08-08T13:31:03.000Z,,https://www.ebay.com/itm/236993686406?hash=item372decab86:g:pmoAAeSwhKZqdzDF,https://i.ebayimg.com/images/g/pmoAAeSwhKZqdzDF/s-l225.jpg
合理,+10%,1899.99,71,62.0,S/N 25xxx [ Almost Unused in Box ] Nikon F6 35mm SLR Film Camera Body From JAPAN,nikon f6,Nikon,Film Cameras,Used,2100.0,USD,FIXED_PRICE,grail:Nikon F6,JP,zen-camera-japan,99.6,2026-08-08T06:53:29.000Z,,https://www.ebay.com/itm/188760255576?hash=item2bf2fcec58:g:-kQAAeSw-klqdtOV,https://i.ebayimg.com/images/g/-kQAAeSw-klqdtOV/s-l225.jpg
高价,+115%,1068.7,80,62.0,Overhauled [ TOP MINT ] Hasselblad Carl Zeiss Planar CFE 80mm F2.8 T* From JAPAN,hasselblad planar 80mm f2.8,Hasselblad,Lenses,Used,2299.99,USD,FIXED_PRICE,grail:Planar;mount:hasselblad v;good-cond,JP,ohana_camera_tokyo,99.6,2026-08-08T11:43:18.000Z,,https://www.ebay.com/itm/198556266085?hash=item2e3ae02e65:g:cDwAAeSwOjlqdxdK,https://i.ebayimg.com/images/g/cDwAAeSwOjlqdxdK/s-l225.jpg
高价,+157%,1199.0,80,62.0,Leica Summicron-M 35mm F/2.0 ASPH. Silver #11674 (Leica M) #179 -Near Mint-,leica summicron 35mm f2,Leica,Lenses,Very Good - Refurbished,3085.0,USD,FIXED_PRICE,grail:Summicron;mount:leica m;good-cond,JP,mapcamera,100.0,2026-08-08T06:09:54.000Z,,https://www.ebay.com/itm/327300286817?hash=item4c349e0961:g:oK4AAeSw-h9qdsgn,https://i.ebayimg.com/images/g/oK4AAeSw-h9qdsgn/s-l225.jpg
高价,+1246%,260.0,80,62.0,Rare 【Top MINT w/Case】Konica HEXAR RF Limited /M-HEXANON 50mm F1.2 From JAPAN,konica hexar,Konica,Film Cameras,Used,3499.99,USD,FIXED_PRICE,grail:HEXAR;mount:canon rf;good-cond,JP,takosuke_camera_japan,100.0,2026-08-08T14:15:26.000Z,,https://www.ebay.com/itm/188761832806?hash=item2bf314fd66:g:KXwAAeSweUpp4iav,https://i.ebayimg.com/images/g/KXwAAeSweUpp4iav/s-l225.jpg
高价,+133%,1499.99,80,62.0,Late Body [Unused] Hasselblad 500CM C/M T* CF 80mm F2.8 A12 II From JAPAN,hasselblad a12,Hasselblad,Film Cameras,Used,3500.0,USD,FIXED_PRICE,grail:500CM;mount:hasselblad v,JP,toyo_camera_japan,99.8,2026-08-08T22:17:54.000Z,,https://www.ebay.com/itm/377404350985?hash=item57df0d6209:g:s8EAAeSw8vxqd6tR,https://i.ebayimg.com/images/g/s8EAAeSw8vxqd6tR/s-l225.jpg
无基准,,24.97,80,61.0,Minolta SRT-101 35mm SLR Film Camera + MC Rokkor-PF 55mm ƒ1.7 Lens Set #2,minolta srt-101,Minolta,Film Cameras,Used,0.0,USD,"AUCTION,BEST_OFFER",grail:SRT-101;mount:minolta md;55mm;auction,US,mach-go,100.0,2026-08-08T20:25:00.000Z,2026-08-15T20:25:00.000Z,https://www.ebay.com/itm/267751349268?hash=item3e57395c14:g:3nAAAeSwqrFqXQCq,https://i.ebayimg.com/images/g/3nAAAeSwqrFqXQCq/s-l225.jpg
无基准,,24.97,80,61.0,Minolta SRT-101 35mm SLR Film Camera + Auto Rokkor-PF 55mm ƒ1.8 Lens Set #3,minolta srt-101,Minolta,Film Cameras,Used,0.0,USD,"AUCTION,BEST_OFFER",grail:SRT-101;mount:minolta md;55mm;auction,US,mach-go,100.0,2026-08-08T20:20:00.000Z,2026-08-15T20:20:00.000Z,https://www.ebay.com/itm/267751349278?hash=item3e57395c1e:g:cF0AAeSwW1hqVEUu,https://i.ebayimg.com/images/g/cF0AAeSwW1hqVEUu/s-l225.jpg
无基准,,,,61.0,[NEAR MINT] Olympus OM-10 35mm SLR Film Camera Silver Body Only From JAPAN,olympus om-10,Olympus,Film Cameras,Used,40.0,USD,"FIXED_PRICE,BEST_OFFER",mount:olympus om;good-cond,JP,hagacamerajapan,100.0,2026-08-08T07:33:09.000Z,,https://www.ebay.com/itm/236993220425?hash=item372de58f49:g:Ap4AAeSwICVqBw6L,https://i.ebayimg.com/images/g/Ap4AAeSwICVqBw6L/s-l225.jpg
合理,+9%,54.87,80,61.0,[EXC+5] Nikon Nikomat EL Black + Nikkor-H Auto 50mm F2 Standard Prime Lens JAPAN,nikon f2,Nikon,Film Cameras,Used,59.99,USD,"FIXED_PRICE,BEST_OFFER",mount:nikon f;good-cond,JP,happy-camera-japan,99.9,2026-08-08T20:51:27.000Z,,https://www.ebay.com/itm/336733312672?hash=item4e66de96a0:g:V48AAeSw9cNqFQE0,https://i.ebayimg.com/images/g/V48AAeSw9cNqFQE0/s-l225.jpg
无基准,,,,61.0,▶️[Near Mint / Tested] Olympus AF-1 QD Zuiko 35㎜ Point & Shoot Film Camera JAPAN,olympus af-1,Olympus,Film Cameras,Used,86.99,USD,FIXED_PRICE,mount:olympus om;good-cond,JP,makyos40,100.0,2026-08-08T07:24:04.000Z,,https://www.ebay.com/itm/318696616314?hash=item4a33cc717a:g:JLQAAeSwOLpqdtoo,https://i.ebayimg.com/images/g/JLQAAeSwOLpqdtoo/s-l225.jpg
合理,+8%,90.95,80,61.0,《EXC+5》Ricoh Auto Half Frame EF 35mm Film Camera From JAPAN✈✈✈✈✈✈✈✈✈✈✈✈✈✈✈✈✈🚀🎁,ricoh half frame,Ricoh,Film Cameras,Used,98.45,USD,FIXED_PRICE,mount:canon ef;good-cond,JP,rtmy19,100.0,2026-08-08T16:42:45.000Z,,https://www.ebay.com/itm/800479134603?hash=itemba6046438b:g:cjcAAeSwwelp9F8o,https://i.ebayimg.com/images/g/cjcAAeSwwelp9F8o/s-l225.jpg
无基准,,,,61.0,[Exc+3] MINOLTA SR-1 SLR Film MC TELE ROKKOR-QF 200mm f/3.5 Lens ~ From JAPAN,minolta sr-1,Minolta,Film Cameras,Used,99.99,USD,"FIXED_PRICE,BEST_OFFER",mount:minolta md;good-cond,JP,zuishop,100.0,2026-08-08T08:07:51.000Z,,https://www.ebay.com/itm/287512290212?hash=item42f11163a4:g:i0gAAeSwDp1qduQt,https://i.ebayimg.com/images/g/i0gAAeSwDp1qduQt/s-l225.jpg
无基准,,,,61.0,*Near Mint* Nikon F70 Film Camera AF Zoom Nikkor 35-70mm F/3.3-4.5 Lens From JPN,nikon f70,Nikon,Film Cameras,Used,106.01,USD,FIXED_PRICE,mount:nikon f;good-cond,JP,hitonaga-0,100.0,2026-08-08T11:34:15.000Z,,https://www.ebay.com/itm/407129237056?hash=item5ecacb2640:g:5FoAAeSwvPlpU7Uo,https://i.ebayimg.com/images/g/5FoAAeSwvPlpU7Uo/s-l225.jpg
无基准,,,,61.0,*READ : Exc+5 * Canon EF Film Camera FD 50mm F/1.4 S.S.C Standard Lens From JPN,canon fd 50mm f1.4,Canon,Film Cameras,Used,108.56,USD,FIXED_PRICE,mount:canon fd;good-cond,JP,dub0804-55,100.0,2026-08-08T11:07:35.000Z,,https://www.ebay.com/itm/366593572329?hash=item555aadfde9:g:CywAAeSwRMFosl9C,https://i.ebayimg.com/images/g/CywAAeSwRMFosl9C/s-l225.jpg
无基准,,,,61.0,[Near MINT] Olympus OM-10 Film Camera M Adapter Zuiko 50mm F/1.8 From JAPAN,olympus om-10,Olympus,Film Cameras,Used,119.9,USD,FIXED_PRICE,mount:olympus om;good-cond,JP,shogun-market,100.0,2026-08-08T08:40:08.000Z,,https://www.ebay.com/itm/318696870114?hash=item4a33d050e2:g:IHAAAeSw-h9qduvp,https://i.ebayimg.com/images/g/IHAAAeSw-h9qduvp/s-l225.jpg
无基准,,,,61.0,[Near MINT] Nikon FE SLR 35mm Film Camera Silver w/ 35-105mm F3.5-4.5 Lens JAPAN,nikon 35mm f3.5,Nikon,Film Cameras,Used,119.99,USD,FIXED_PRICE,mount:sony e;good-cond,JP,yuichi_15,100.0,2026-08-08T09:35:51.000Z,,https://www.ebay.com/itm/398262814534?hash=item5cba504746:g:rEgAAeSw1Ktqdvml,https://i.ebayimg.com/images/g/rEgAAeSw1Ktqdvml/s-l225.jpg
无基准,,,,61.0,*Near Mint* Minolta SR-1 SLR Film Camera Auto Rokkor 200mm F/3.5 Lens From Japan,minolta sr-1,Minolta,Film Cameras,Used,123.49,USD,FIXED_PRICE,mount:minolta md;good-cond,JP,hitonaga-0,100.0,2026-08-08T11:34:14.000Z,,https://www.ebay.com/itm/407129237017?hash=item5ecacb2619:g:3GwAAeSwd-5qFYhC,https://i.ebayimg.com/images/g/3GwAAeSwd-5qFYhC/s-l225.jpg
无基准,,,,61.0,[Exc+4] Canon AV-1 SLR Film Camera New FD 35-70mm f/4 Zoom Lens ~ From JAPAN,canon av-1,Canon,Film Cameras,Used,125.99,USD,"FIXED_PRICE,BEST_OFFER",mount:canon fd;good-cond,JP,zuishop,100.0,2026-08-08T11:11:20.000Z,,https://www.ebay.com/itm/287512573044?hash=item42f115b474:g:JZ4AAeSwa2dqdw8v,https://i.ebayimg.com/images/g/JZ4AAeSwa2dqdw8v/s-l225.jpg
无基准,,,,61.0,Olympus 6 SIX Film Camera w/Zuiko F.C. 75mm f2.8 Lens [ Near MINT ] JAPAN #491,olympus 6,Olympus,Film Cameras,Used,129.99,USD,FIXED_PRICE,mount:olympus om;good-cond,JP,lingenterpr-0,100.0,2026-08-08T10:03:48.000Z,,https://www.ebay.com/itm/178385799523?hash=item29889f4963:g:2pkAAeSwYEVqdv-C,https://i.ebayimg.com/images/g/2pkAAeSwYEVqdv-C/s-l225.jpg
无基准,,,,61.0,[ Near MINT ] Pentax ME SMC PENTAX-M 50mm F/1.7 35mm SLR Film Camera From JAPAN,pentax smc pentax-m,Pentax,Film Cameras,Used,129.99,USD,FIXED_PRICE,mount:pentax k;good-cond,JP,hakusan_camera,100.0,2026-08-08T09:56:40.000Z,,https://www.ebay.com/itm/198556118388?hash=item2e3added74:g:wuoAAeSwjJxqdv3Z,https://i.ebayimg.com/images/g/wuoAAeSwjJxqdv3Z/s-l225.jpg
无基准,,,,61.0,[Near MINT] Canon IIIA 35mm Rangefinder Film Camera Leica L39 Mount From JAPAN,canon l39,Canon,Film Cameras,Used,129.99,USD,FIXED_PRICE,mount:ltm/l39;good-cond,JP,noma6724,100.0,2026-08-08T04:59:44.000Z,,https://www.ebay.com/itm/188759875664?hash=item2bf2f72050:g:DAgAAeSwtGBqdrjy,https://i.ebayimg.com/images/g/DAgAAeSwtGBqdrjy/s-l225.jpg
无基准,,,,61.0,*Exc+5* Canon FTb QL Film Camera FD 50mm F/1.4 S.S.C standard Lens From Japan,canon ftb,Canon,Film Cameras,Used,132.99,USD,FIXED_PRICE,mount:canon fd;good-cond,JP,dub0804-55,100.0,2026-08-08T11:07:35.000Z,,https://www.ebay.com/itm/366593572303?hash=item555aadfdcf:g:~~8AAeSw-dNqFYMw,https://i.ebayimg.com/images/g/~~8AAeSw-dNqFYMw/s-l225.jpg
合理,+8%,129.99,45,61.0,[NEAR MINT w/ Strap] Nikon F90X SLR w/ MF-26 + AF Nikkor 35-70mm f3.3-4.5 JAPAN,nikon f90x,Nikon,Film Cameras,Used,139.99,USD,FIXED_PRICE,mount:nikon f;good-cond,JP,toshi-japan-camera,100.0,2026-08-08T15:33:50.000Z,,https://www.ebay.com/itm/377403769278?hash=item57df0481be:g:hNYAAeSw8KJqWJza,https://i.ebayimg.com/images/g/hNYAAeSw8KJqWJza/s-l225.jpg
无基准,,,,61.0,[ MINT ] Olympus OM-10 OM10 35mm Film Camera Body + Manual Adapter From JAPAN,olympus om-10,Olympus,Film Cameras,Used,139.99,USD,FIXED_PRICE,mount:olympus om;good-cond,JP,aga-8114,100.0,2026-08-08T05:34:44.000Z,,https://www.ebay.com/itm/236993078544?hash=item372de36510:g:PYoAAeSw3lhqdsEh,https://i.ebayimg.com/images/g/PYoAAeSw3lhqdsEh/s-l225.jpg
高价,+419%,28.88,80,61.0,[ Near MINT w/Case ] Meter Works CANON Canonet QL17 Rangefinder 35mm Film camera,canon canonet,Canon,Film Cameras,Used,149.99,USD,FIXED_PRICE,grail:Canonet;good-cond,JP,peke-japan,100.0,2026-08-09T02:36:02.000Z,,https://www.ebay.com/itm/287513773713?hash=item42f1280691:g:iGgAAeSw3xtqd-gN,https://i.ebayimg.com/images/g/iGgAAeSw3xtqd-gN/s-l225.jpg
无基准,,,,61.0,[Near MINT w/cap] Nikon Ai NIKKOR 35mm f/2.8 Wide Angle MF Lens from JAPAN,nikon nikkor f/2.8,Nikon,Film Cameras,Used,149.99,USD,FIXED_PRICE,mount:nikon f;good-cond,JP,hiroshimakamera,100.0,2026-08-08T10:04:31.000Z,,https://www.ebay.com/itm/287512500490?hash=item42f114990a:g:zBYAAeSwIDhqdwAj,https://i.ebayimg.com/images/g/zBYAAeSwIDhqdwAj/s-l225.jpg
无基准,,,,61.0,[Top MINT] Nikon FE Black 35mm SLR Film Camera Body From JAPAN,nikon 35mm,Nikon,Film Cameras,Used,149.99,USD,FIXED_PRICE,mount:sony e;good-cond,JP,yamamoto_camera_japan,99.3,2026-08-08T08:12:32.000Z,,https://www.ebay.com/itm/366593367851?hash=item555aaadf2b:g:p8QAAeSwgvRqduXl,https://i.ebayimg.com/images/g/p8QAAeSwgvRqduXl/s-l225.jpg
无基准,,,,61.0,Rare Works Read【Exc+3】Olympus Wide S Film Rangefinder Camera H.Zuiko-W 35mm f2,olympus wide,Olympus,Film Cameras,Used,149.99,USD,"FIXED_PRICE,BEST_OFFER",mount:olympus om;good-cond,JP,yypeanuts-camera-japan,100.0,2026-08-08T06:42:18.000Z,,https://www.ebay.com/itm/318696494873?hash=item4a33ca9719:g:L2oAAeSwsphoi9ww,https://i.ebayimg.com/images/g/L2oAAeSwsphoi9ww/s-l225.jpg
无基准,,,,61.0,【Near MINT w/ Manual Adapter 】Olympus OM10 OM-10 Film Camera Body From JAPAN,olympus om10,Olympus,Film Cameras,Used,149.99,USD,FIXED_PRICE,mount:olympus om;good-cond,JP,t.watanabe0811,100.0,2026-08-08T05:31:41.000Z,,https://www.ebay.com/itm/366593197913?hash=item555aa84759:g:SFgAAeSwiuJqdsBw,https://i.ebayimg.com/images/g/SFgAAeSwiuJqdsBw/s-l225.jpg
合理,+10%,145.0,21,61.0,[Near MINT] MINOLTA X-500 35mm SLR Film Camera MD 50mm f1.4 Lens From JAPAN,minolta x-500,Minolta,Film Cameras,Used,159.99,USD,FIXED_PRICE,mount:minolta md;good-cond,JP,echigo-camera-japan,100.0,2026-08-08T22:42:58.000Z,,https://www.ebay.com/itm/318699561368?hash=item4a33f96198:g:o7QAAeSwUulqd7Hj,https://i.ebayimg.com/images/g/o7QAAeSwUulqd7Hj/s-l225.jpg
无基准,,,,61.0,All Works [Near MINT] Olympus OM-2N Silver SLR 35mm Film Camera Body From JAPAN,olympus om-2n,Olympus,Film Cameras,Used,159.99,USD,FIXED_PRICE,mount:olympus om;good-cond,JP,japan_nagoya_y.camera,100.0,2026-08-08T09:53:33.000Z,,https://www.ebay.com/itm/147490864634?hash=item225723fdfa:g:wXwAAeSwj-Vqdv2L,https://i.ebayimg.com/images/g/wXwAAeSwj-Vqdv2L/s-l225.jpg
偏低,-10%,179.99,35,61.0,CONTAX 137MA QUARTZ Body No prism corrosion,contax 137ma,Contax,Film Cameras,Used,161.81,USD,"FIXED_PRICE,BEST_OFFER",,JP,mgaaoetom10rbmjc-1,99.1,2026-08-08T16:58:49.000Z,,https://www.ebay.com/itm/236994009544?hash=item372df199c8:g:VfoAAeSw1WFqd2F8,https://i.ebayimg.com/images/g/VfoAAeSw1WFqd2F8/s-l225.jpg
无基准,,,,61.0,*CLA'd : Near Mint* Nikon FG Film Camera Ai-s Zoom Nikkor 35-70mm F/3.5-4.8 /JP,nikon ai-s,Nikon,Film Cameras,Used,171.89,USD,FIXED_PRICE,mount:nikon f;good-cond,JP,hitonaga-0,100.0,2026-08-08T11:34:15.000Z,,https://www.ebay.com/itm/407129237066?hash=item5ecacb264a:g:VVAAAeSwuC9p05pJ,https://i.ebayimg.com/images/g/VVAAAeSwuC9p05pJ/s-l225.jpg
高价,+499%,28.88,80,61.0,"[ Serviced, 7.2/10 ] CANON Canonet QL17 GIII | New Light Seals | Meter Works |",canon canonet,Canon,Film Cameras,Used,172.9,USD,FIXED_PRICE,grail:Canonet;good-cond,JP,oi_b24,98.8,2026-08-09T02:18:32.000Z,,https://www.ebay.com/itm/800480307436?hash=itemba605828ec:g:2ToAAeSwNwVqYCVw,https://i.ebayimg.com/images/g/2ToAAeSwNwVqYCVw/s-l225.jpg
无基准,,,,61.0,First Model [Near MINT] Asahi Pentax AP SLR M42 35mm Film Camera Body From JAPAN,asahi m42,Asahi,Film Cameras,Used,174.99,USD,FIXED_PRICE,mount:m42;good-cond,JP,ken-ken_camera_japan,100.0,2026-08-08T07:35:54.000Z,,https://www.ebay.com/itm/407128828789?hash=item5ecac4eb75:g:Pv4AAeSw87Bqdt2E,https://i.ebayimg.com/images/g/Pv4AAeSw87Bqdt2E/s-l225.jpg
无基准,,,,61.0,Minolta XD 35mm SLR Film Camera MD ROKKOR 50mm f1.4 Lens Read! [Near MINT] JAPAN,minolta rokkor 35mm f1.4,Minolta,Film Cameras,Used,179.0,USD,FIXED_PRICE,mount:minolta md;good-cond,JP,samura1_camera_japan,99.5,2026-08-08T09:13:44.000Z,,https://www.ebay.com/itm/407128987737?hash=item5ecac75859:g:ScQAAeSwmE9qdvRI,https://i.ebayimg.com/images/g/ScQAAeSwmE9qdvRI/s-l225.jpg
无基准,,,,61.0,*READ: Near Mint* Minolta SR505 Film Camera MC Rokkor 50mm F/1.4 Lens From Japan,minolta sr505,Minolta,Film Cameras,Used,180.49,USD,FIXED_PRICE,mount:minolta md;good-cond,JP,dub0804-55,100.0,2026-08-08T11:07:34.000Z,,https://www.ebay.com/itm/366593572272?hash=item555aadfdb0:g:7TwAAeSw0ZZqT4Xr,https://i.ebayimg.com/images/g/7TwAAeSw0ZZqT4Xr/s-l225.jpg
高价,+558%,28.88,80,61.0,Meter Works [Near MINT+]Canon Canonet QL17 GIII G III Silver 35mm Film Camera,canon canonet,Canon,Film Cameras,Used,189.99,USD,FIXED_PRICE,grail:Canonet;good-cond,JP,authentic.heritage.japan,100.0,2026-08-08T15:27:17.000Z,,https://www.ebay.com/itm/307114587356?hash=item478174b4dc:g:GeEAAeSwFz1qd0tR,https://i.ebayimg.com/images/g/GeEAAeSwFz1qd0tR/s-l225.jpg
无基准,,,,61.0,*Almost Mint* Canon EF Film Camera FD 28mm F/2.8 SC S.C Wide Angle Lens From JP,canon fd 28mm f2.8,Canon,Film Cameras,Used,189.99,USD,FIXED_PRICE,mount:canon fd;good-cond,JP,dub0804-55,100.0,2026-08-08T11:07:35.000Z,,https://www.ebay.com/itm/366593572311?hash=item555aadfdd7:g:LTYAAeSwsHRqbIWC,https://i.ebayimg.com/images/g/LTYAAeSwsHRqbIWC/s-l225.jpg
无基准,,,,61.0,S/N 701xxxx [ Near MINT ] NIKON F Eye Level 35mm SLR Film Camera Body From JAPAN,nikon eye level,Nikon,Film Cameras,Used,199.9,USD,FIXED_PRICE,mount:nikon f;good-cond,JP,mitsig-10,100.0,2026-08-08T12:30:10.000Z,,https://www.ebay.com/itm/358900519969?hash=item5390235421:g:es0AAeSwuKZqdyIN,https://i.ebayimg.com/images/g/es0AAeSwuKZqdyIN/s-l225.jpg
无基准,,,,61.0,[Near MINT+++] Canon EOS-1 SLR 35mm Film Camera EF 50mm f/1.8 II Lens From JAPAN,canon eos-1,Canon,Film Cameras,Used,199.99,USD,FIXED_PRICE,mount:canon ef;good-cond,JP,ty_camera_japan,100.0,2026-08-08T13:24:45.000Z,,https://www.ebay.com/itm/358900694698?hash=item539025feaa:g:YUcAAeSwUcpqdy7T,https://i.ebayimg.com/images/g/YUcAAeSwUcpqdy7T/s-l225.jpg
无基准,,,,61.0,〖MINT〗 Nikon FE SLR 35mm Film Camera Nikkor SC 50mm f1.4 S/N 380xxxx From JAPAN,nikon nikkor 35mm f1.4,Nikon,Film Cameras,Used,199.99,USD,"FIXED_PRICE,BEST_OFFER",mount:nikon f;good-cond,JP,msk_8665,100.0,2026-08-08T09:20:36.000Z,,https://www.ebay.com/itm/147490818712?hash=item2257234a98:g:ad0AAeSwxkhqdvVI,https://i.ebayimg.com/images/g/ad0AAeSwxkhqdvVI/s-l225.jpg
高价,+593%,28.88,80,61.0,[MINT] Canon CANONET QL17 GIII G3 Rangefinder 35mm Film Camera From JAPAN,canon canonet,Canon,Film Cameras,Used,199.99,USD,"FIXED_PRICE,BEST_OFFER",grail:CANONET;good-cond,JP,hagacamerajapan,100.0,2026-08-08T07:29:17.000Z,,https://www.ebay.com/itm/236993217361?hash=item372de58351:g:~-4AAeSwzM5qVvIf,https://i.ebayimg.com/images/g/~-4AAeSwzM5qVvIf/s-l225.jpg
无基准,,,,61.0,Meter Warks [N MINT] Canon Model 7 Film Camera + 50mm F1.8 L39 From JAPAN,canon 7,Canon,Film Cameras,Used,204.99,USD,FIXED_PRICE,mount:ltm/l39;good-cond,JP,zeroportjapan,100.0,2026-08-08T08:15:38.000Z,,https://www.ebay.com/itm/236993269530?hash=item372de64f1a:g:lhEAAeSwHgFqdubZ,https://i.ebayimg.com/images/g/lhEAAeSwHgFqdubZ/s-l225.jpg
无基准,,,,61.0,[Exc+3] Nikon EM Black 35mm SLR Film Camera NIKKOR 50mm f/1.4 Ai-S From JAPAN,nikon ai-s 35mm f1.4,Nikon,Film Cameras,Used,209.99,USD,"FIXED_PRICE,BEST_OFFER",mount:nikon f;good-cond,JP,zuishop,100.0,2026-08-08T07:54:31.000Z,,https://www.ebay.com/itm/287512271487?hash=item42f1111a7f:g:p~0AAeSwQOlqduE2,https://i.ebayimg.com/images/g/p~0AAeSwQOlqduE2/s-l225.jpg
无基准,,129.99,80,61.0,Vintage Mamiya Six IV 6X6 Rangefinder Film Camera Zuiko 7.5cm F3.5 with Case,mamiya six,Mamiya,Film Cameras,Used,229.0,USD,"FIXED_PRICE,AUCTION",mount:olympus om;auction,US,purut001,100.0,2026-08-08T19:28:32.000Z,2026-08-15T19:28:32.000Z,https://www.ebay.com/itm/128017011090?hash=item1dce689192:g:3RcAAeSwhyNqd3pd,https://i.ebayimg.com/images/g/3RcAAeSwhyNqd3pd/s-l225.jpg
无基准,,,,61.0,tested【NEAR MINT+++】Olympus OM-2N silver/ G.Zuiko auto-w 35mm F/2.8 From Japan,olympus om-2n,Olympus,Film Cameras,Used,238.99,USD,"FIXED_PRICE,BEST_OFFER",mount:olympus om;good-cond,JP,japan-vintage-collection,100.0,2026-08-08T13:42:25.000Z,,https://www.ebay.com/itm/398263382022?hash=item5cba58f006:g:TlQAAeSwtGBqdzEE,https://i.ebayimg.com/images/g/TlQAAeSwtGBqdzEE/s-l225.jpg
无基准,,,,61.0,[Near MINT /Strap] Nikon FE Black 35mm Film Camera Ai 50mm F/1.4 Lens From JAPAN,nikon 35mm f1.4,Nikon,Film Cameras,Used,239.99,USD,FIXED_PRICE,mount:sony e;good-cond,JP,shoyama_japan,100.0,2026-08-08T10:27:10.000Z,,https://www.ebay.com/itm/307114155521?hash=item47816e1e01:g:868AAeSwtqtqdwS-,https://i.ebayimg.com/images/g/868AAeSwtqtqdwS-/s-l225.jpg
无基准,,,,61.0,[Near MINT] Canon EF 28-80mm f/2.8-4 L USM AF Zoom Lens From JAPAN,canon f/2.8-4 usm,Canon,Film Cameras,Used,244.99,USD,FIXED_PRICE,mount:canon ef;good-cond,JP,vintage-brand-jpn,100.0,2026-08-08T04:58:41.000Z,,https://www.ebay.com/itm/398262202002?hash=item5cba46ee92:g:LYoAAeSw1Ktqdrit,https://i.ebayimg.com/images/g/LYoAAeSw1Ktqdrit/s-l225.jpg
无基准,,,,61.0,🌸[NEAR MINT] Olympus OM-2N 35mm SLR Film Camera w/ 50mm F1.4 Lens From JAPAN,olympus om-2n,Olympus,Film Cameras,Used,249.99,USD,"FIXED_PRICE,BEST_OFFER",mount:olympus om;good-cond,JP,sakura.camera.japan.37,100.0,2026-08-08T13:17:40.000Z,,https://www.ebay.com/itm/318697790840?hash=item4a33de5d78:g:7c0AAeSw7EFppD6H,https://i.ebayimg.com/images/g/7c0AAeSw7EFppD6H/s-l225.jpg
无基准,,,,61.0,S/N 684xxxx Near Mint Nikon F Eye Level 35mm Film Camera Body with Cap JAPAN,nikon eye level,Nikon,Film Cameras,Used,249.99,USD,"FIXED_PRICE,BEST_OFFER",mount:nikon f;good-cond,JP,itsuki.japan.camera,100.0,2026-08-08T08:40:45.000Z,,https://www.ebay.com/itm/358899912836?hash=item53901a1084:g:LPsAAeSw77hqMfsA,https://i.ebayimg.com/images/g/LPsAAeSw77hqMfsA/s-l225.jpg
无基准,,,,61.0,⏯️ *N MINT* Olympus OM-2N Black 35mm SLR Film Camera Zuiko 35-70mm f4 From JAPAN,olympus om-2n,Olympus,Film Cameras,Used,249.99,USD,FIXED_PRICE,mount:olympus om;good-cond,JP,tokyo_vintage_camera_select,100.0,2026-08-08T06:50:54.000Z,,https://www.ebay.com/itm/398262431404?hash=item5cba4a6eac:g:3g0AAeSwJhhqJmUX,https://i.ebayimg.com/images/g/3g0AAeSwJhhqJmUX/s-l225.jpg
无基准,,,,61.0,[N MINT] Canon 7 Rangefinder 35mm Film Camera 50mm f1.8 Lens Leica L39 LTM JAPAN,canon 7,Canon,Film Cameras,Used,249.99,USD,FIXED_PRICE,mount:ltm/l39;good-cond,JP,daihir_56,100.0,2026-08-08T05:55:21.000Z,,https://www.ebay.com/itm/407128691758?hash=item5ecac2d42e:g:vi8AAeSw0hNqdsVE,https://i.ebayimg.com/images/g/vi8AAeSw0hNqdsVE/s-l225.jpg
无基准,,,,61.0,*CLA'd : Near Mint ++ w/ Hood* Olympus OM-2N Film Camera Auto W 28mm F/3.5 / JPN,olympus om-2n,Olympus,Film Cameras,Used,250.79,USD,FIXED_PRICE,mount:olympus om;good-cond,JP,dub0804-55,100.0,2026-08-08T11:07:34.000Z,,https://www.ebay.com/itm/366593572269?hash=item555aadfdad:g:6VsAAeSwpttpmOKb,https://i.ebayimg.com/images/g/6VsAAeSwpttpmOKb/s-l225.jpg
偏低,-15%,329.0,80,61.0,[Exc+5] Nikon New FM2N Silver 35mm Film Camera + Ai 43-86mm Lens From JAPAN,nikon fm2n,Nikon,Film Cameras,Used,279.99,USD,FIXED_PRICE,good-cond,JP,kaya6610,99.6,2026-08-08T14:37:25.000Z,,https://www.ebay.com/itm/318698020079?hash=item4a33e1dcef:g:KRYAAeSw3xtqdz9k,https://i.ebayimg.com/images/g/KRYAAeSw3xtqdz9k/s-l225.jpg
高价,+870%,28.88,80,61.0,CLA'd [Near MINT + New Seals] Canon Canonet QL17 G-III G III Black From JAPAN,canon canonet,Canon,Film Cameras,Used,279.99,USD,FIXED_PRICE,grail:Canonet;good-cond,JP,mintagecamerajapan,99.7,2026-08-08T12:15:17.000Z,,https://www.ebay.com/itm/366593635253?hash=item555aaef3b5:g:6CcAAeSwYPFqdx5S,https://i.ebayimg.com/images/g/6CcAAeSwYPFqdx5S/s-l225.jpg
无基准,,,,61.0,[Top MINT] Canon eos 7 ELAN Film Camera 50mm f/1.8 EF II Lens w/Box From JAPAN,canon 7,Canon,Film Cameras,Used,289.99,USD,FIXED_PRICE,mount:canon ef;good-cond,JP,sakura_vintage_camera,100.0,2026-08-08T12:20:11.000Z,,https://www.ebay.com/itm/398263173416?hash=item5cba55c128:g:y5gAAeSwHdJqdyAu,https://i.ebayimg.com/images/g/y5gAAeSwHdJqdyAu/s-l225.jpg
合理,+0%,309.99,17,61.0,[TOP MINT] Voigtlander Snapshot Skopar 25mm f/4 Lens + Finder L39 LTM From JAPAN,voigtlander ltm 25mm f4,Voigtlander,Lenses,Used,309.99,USD,FIXED_PRICE,mount:ltm/l39;good-cond,JP,daihama_8,100.0,2026-08-09T00:06:18.000Z,,https://www.ebay.com/itm/407130354953?hash=item5ecadc3509:g:hjsAAeSwSJFqd8Uw,https://i.ebayimg.com/images/g/hjsAAeSwSJFqd8Uw/s-l225.jpg
无基准,,,,61.0,Nikon F Eye Level Nippon Kogaku Nikkor-S Auto 50mm New Light Seals 【Exc+5】 7811,nikon eye level,Nikon,Film Cameras,Used,320.0,USD,"FIXED_PRICE,BEST_OFFER",mount:nikon f;good-cond,JP,camera_love_jp,100.0,2026-08-08T12:13:37.000Z,,https://www.ebay.com/itm/227467286514?hash=item34f61b57f2:g:itwAAeSwhP1qdxsJ,https://i.ebayimg.com/images/g/itwAAeSwhP1qdxsJ/s-l225.jpg
合理,+0%,329.99,80,61.0,[Top MINT] Voigtlander COLOR-SKOPAR 35mm f/2.5 P II VM Lens Leica M From JAPAN,voigtlander 35mm f2.5,Voigtlander,Lenses,Used,329.99,USD,FIXED_PRICE,mount:leica m;good-cond,JP,teruiiz0,100.0,2026-08-08T15:51:40.000Z,,https://www.ebay.com/itm/336733009936?hash=item4e66d9f810:g:Xd4AAeSwk71qd1G7,https://i.ebayimg.com/images/g/Xd4AAeSwk71qd1G7/s-l225.jpg
合理,+0%,329.0,80,61.0,[Opt MINT] Nikon New FM2N Silver Film Camera Body + Ais 35mm F2.8 Lens JAPAN,nikon fm2n,Nikon,Film Cameras,Used,329.99,USD,FIXED_PRICE,mount:nikon f;good-cond,JP,kaya6610,99.6,2026-08-08T14:59:07.000Z,,https://www.ebay.com/itm/318698076084?hash=item4a33e2b7b4:g:NgQAAeSwY5dqd0Vr,https://i.ebayimg.com/images/g/NgQAAeSwY5dqd0Vr/s-l225.jpg
无基准,,,,61.0,Olympus Pen Ft F.Zuiko Auto-S 38mm F1.8 New Light Seals 【N.Mint】 7841,olympus pen f.zuiko,Olympus,Film Cameras,Used,330.0,USD,"FIXED_PRICE,BEST_OFFER",mount:olympus om;good-cond,JP,camera_love_jp,100.0,2026-08-08T12:50:09.000Z,,https://www.ebay.com/itm/227467320314?hash=item34f61bdbfa:g:HVYAAeSwBVhqdyUe,https://i.ebayimg.com/images/g/HVYAAeSwBVhqdyUe/s-l225.jpg
合理,+10%,330.0,58,61.0,Leitz Leica M Elmar 4/135mm 11850 #1908052 Lens,leitz elmar 135mm,Leitz,Lenses,Used,362.14,USD,FIXED_PRICE,grail:Elmar;mount:leica m,AT,mintandrare,99.9,2026-08-08T20:36:12.000Z,,https://www.ebay.com/itm/147491791897?hash=item2257322419:g:CWUAAeSwCYxqd1a4,https://i.ebayimg.com/images/g/CWUAAeSwCYxqd1a4/s-l225.jpg
无基准,,,,61.0,NEW Carl Zeiss Jena Tessar 300mm 4.5 Barrel Lens for Large Format Camera #1121,zeiss tessar 300mm,Zeiss,Vintage Lenses,,400.0,USD,FIXED_PRICE,grail:Tessar,BG,fobo8888,100.0,2026-08-08T11:48:23.000Z,,https://www.ebay.com/itm/287512621227?hash=item42f11670ab:g:nF0AAeSw6qlqdxXY,https://i.ebayimg.com/images/g/nF0AAeSw6qlqdxXY/s-l225.jpg
合理,+6%,404.94,16,61.0,⏯️ [MINT] Canon P Rangefinder 35mm Film Camera 50mm f1.4 L39 LTM Lens From JAPAN,canon ltm 35mm f1.4,Canon,Film Cameras,Used,429.9,USD,FIXED_PRICE,mount:ltm/l39;good-cond,JP,tmok95_camera_japan,100.0,2026-08-08T16:33:20.000Z,,https://www.ebay.com/itm/168598510727?hash=item2741411c87:g:J4QAAeSwdUJqd1tF,https://i.ebayimg.com/images/g/J4QAAeSwdUJqd1tF/s-l225.jpg
无基准,,,,61.0,Nikon FM2 35mm SLR Film Camera S/N- N 7277## With Micro 55mm Lens,nikon fm2,Nikon,Film Cameras,Used,449.99,USD,FIXED_PRICE,grail:FM2;55mm,US,flipty55,100.0,2026-08-08T05:33:43.000Z,,https://www.ebay.com/itm/227466890403?hash=item34f6154ca3:g:VxUAAeSwfLxp2C-D,https://i.ebayimg.com/images/g/VxUAAeSwfLxp2C-D/s-l225.jpg
合理,+9%,449.99,49,61.0,《MINT》Nicca 3-F Late Rangefinder Film Camera Nikkor H.C 50mm F/2 Lens JAPAN✈🚀🎁,nikkor h.c f/2,Nikkor,Film Cameras,Used,492.29,USD,FIXED_PRICE,mount:nikon f;good-cond,JP,rtmy19,100.0,2026-08-08T16:42:45.000Z,,https://www.ebay.com/itm/800479134549?hash=itemba60464355:g:vNsAAOSw8BdoNeU8,https://i.ebayimg.com/images/g/vNsAAOSw8BdoNeU8/s-l225.jpg
合理,+11%,449.99,80,61.0,No Sticky [MINT w/ Strap] Nikon F100 35mm Camera AF Nikkor 24mm f/2.8 From JAPAN,nikon f100,Nikon,Film Cameras,Used,499.99,USD,FIXED_PRICE,mount:nikon f;good-cond,JP,ht-smile,100.0,2026-08-08T16:32:27.000Z,,https://www.ebay.com/itm/128016884912?hash=item1dce66a4b0:g:izwAAeSwzXdqW6YK,https://i.ebayimg.com/images/g/izwAAeSwzXdqW6YK/s-l225.jpg
无基准,,,,61.0,Apollo S/N 731xxxx [ Top MINT ] Nikon F Photomic FTN SLR Film Camera From JAPAN,nikon photomic ftn,Nikon,Film Cameras,Used,499.99,USD,FIXED_PRICE,mount:nikon f;good-cond,JP,hideyo_88,100.0,2026-08-08T06:57:55.000Z,,https://www.ebay.com/itm/318696552412?hash=item4a33cb77dc:g:8SoAAeSw~8JqdtRo,https://i.ebayimg.com/images/g/8SoAAeSw~8JqdtRo/s-l225.jpg
无基准,,,,61.0,[N MINT w/Hood] Nikon S3 Year 2000 Limited Edition Nikkor-S 50mm f1.4 From Japan,nikon s3,Nikon,Film Cameras,Used,499.99,USD,FIXED_PRICE,mount:nikon f;good-cond,JP,1st_camera_tokyo,99.1,2026-08-08T05:04:12.000Z,,https://www.ebay.com/itm/377402788515?hash=item57def58aa3:g:PmAAAeSwsJVqdrn4,https://i.ebayimg.com/images/g/PmAAAeSwsJVqdrn4/s-l225.jpg
合理,+4%,499.99,80,61.0,[Near MINT] Nikon S2 Late Black Dial Rangefinder Nikkor S.C 5cm f/1.4 From JAPAN,nikon s2,Nikon,Film Cameras,Used,519.9,USD,FIXED_PRICE,mount:nikon f;good-cond,JP,kyomjp96,100.0,2026-08-08T15:29:05.000Z,,https://www.ebay.com/itm/147491329017?hash=item22572b13f9:g:ThoAAeSwQQxqd0w1,https://i.ebayimg.com/images/g/ThoAAeSwQQxqd0w1/s-l225.jpg
无基准,,,,61.0,Meter Works! [ MINT ] Minolta X-1 x1 Film Camera AE Finder + MD 50mm F1.4 Japan,minolta x-1,Minolta,Film Cameras,Used,529.99,USD,FIXED_PRICE,mount:minolta md;good-cond,JP,ku2ko1_76,100.0,2026-08-08T09:24:52.000Z,,https://www.ebay.com/itm/800478178591?hash=itemba6037ad1f:g:Tu4AAeSwCQJqdvcU,https://i.ebayimg.com/images/g/Tu4AAeSwCQJqdvcU/s-l225.jpg
无基准,,,,61.0,[ MINT ] Canon IV Sb Rangefinder 35mm Film Camera 50mm f/1.8 L39 From JAPAN,canon l39 35mm f1,Canon,Film Cameras,Used,538.99,USD,FIXED_PRICE,mount:ltm/l39;good-cond,JP,takoyaki-ai,100.0,2026-08-08T11:50:10.000Z,,https://www.ebay.com/itm/168598025024?hash=item274139b340:g:0XYAAeSw-klqdxhx,https://i.ebayimg.com/images/g/0XYAAeSw-klqdxhx/s-l225.jpg
无基准,,,,61.0,Repainted Black [MINT] Canon P Rangefinder 35mm Film Camera Body L39 From JAPAN,canon l39,Canon,Film Cameras,Used,549.99,USD,FIXED_PRICE,mount:ltm/l39;good-cond,JP,ty_camera_japan,100.0,2026-08-08T12:41:11.000Z,,https://www.ebay.com/itm/358900561500?hash=item539023f65c:g:544AAeSwP~VqdyRh,https://i.ebayimg.com/images/g/544AAeSwP~VqdyRh/s-l225.jpg
无基准,,,,61.0,[ Near MINT ] Nikon F3P Press HP w/ MD-4 Body 35mm Camera SLR Film from JAPAN,nikon f3p,Nikon,Film Cameras,Used,673.99,USD,"FIXED_PRICE,BEST_OFFER",mount:minolta md;good-cond,JP,camera_yu1010_japan,100.0,2026-08-08T12:25:37.000Z,,https://www.ebay.com/itm/287512665377?hash=item42f1171d21:g:KXkAAeSwI9VpoQAx,https://i.ebayimg.com/images/g/KXkAAeSwI9VpoQAx/s-l225.jpg
合理,+0%,699.0,37,61.0,Read 【Exc+5】 Nikon S4 Rangefinder Film Camera Nikkor H 5cm f/2 Lens From JAPAN,nikon s4,Nikon,Film Cameras,Used,699.0,USD,FIXED_PRICE,mount:nikon f;good-cond,JP,ichiro-camera,100.0,2026-08-08T22:14:47.000Z,,https://www.ebay.com/itm/178387475141?hash=item2988b8dac5:g:xz8AAeSw9mVqPHd8,https://i.ebayimg.com/images/g/xz8AAeSw9mVqPHd8/s-l225.jpg
高价,+75%,399.99,80,61.0,[Exc+5] Pentax 67 6x7 Medium Format Film Camera w/ Prism Finder Wood Grip JAPAN,pentax 67,Pentax,Film Cameras,Used,699.99,USD,"FIXED_PRICE,BEST_OFFER",grail:Pentax 67;good-cond,JP,camera_watch.japan,100.0,2026-08-08T06:40:40.000Z,,https://www.ebay.com/itm/178385270076?hash=item298897353c:g:DlIAAeSw-jdqVEbw,https://i.ebayimg.com/images/g/DlIAAeSw-jdqVEbw/s-l225.jpg
合理,-2%,740.7,80,61.0,Leica Leitz Leica M Summicron 2/90mm Black #2333368 Lens,leica summicron 90mm,Leica,Lenses,Used,725.5,USD,"FIXED_PRICE,BEST_OFFER",grail:Summicron;mount:leica m,AT,mintandrare,99.9,2026-08-08T20:36:23.000Z,,https://www.ebay.com/itm/147491792191?hash=item225732253f:g:-2UAAeSwuvdqd1XB,https://i.ebayimg.com/images/g/-2UAAeSwuvdqd1XB/s-l225.jpg
无基准,,,,61.0,NIKON F Photomic (FTn) Body Silver -EXC- 8864,nikon 8864,Nikon,Film Cameras,Used,731.68,USD,FIXED_PRICE,mount:nikon f;good-cond,JP,kitamura_camera,100.0,2026-08-08T06:17:38.000Z,,https://www.ebay.com/itm/358899580178?hash=item539014fd12:g:2RYAAeSwPZVqdtHt,https://i.ebayimg.com/images/g/2RYAAeSwPZVqdtHt/s-l225.jpg
合理,-3%,778.25,21,61.0,Carl Zeiss Batis 40mm F/2 CF (for SONY E mount) #120 -Near Mint-,zeiss zeiss 40mm f2,Zeiss,Lenses,Very Good - Refurbished,754.0,USD,FIXED_PRICE,mount:hasselblad v;good-cond,JP,mapcamera,100.0,2026-08-08T06:06:19.000Z,,https://www.ebay.com/itm/377402862248?hash=item57def6aaa8:g:ZlkAAeSwbspqdsdR,https://i.ebayimg.com/images/g/ZlkAAeSwbspqdsdR/s-l225.jpg
无基准,,,,61.0,[N MINT w/Strap] Canon EOS 3 EOS-3 35mm Film Camera EF 50mm f1.4 Lens From JAPAN,canon 3,Canon,Film Cameras,Used,779.99,USD,FIXED_PRICE,mount:canon ef;good-cond,JP,island_snow_888_japan,100.0,2026-08-08T08:28:00.000Z,,https://www.ebay.com/itm/358899885418?hash=item539019a56a:g:H0EAAeSwaRZqdujT,https://i.ebayimg.com/images/g/H0EAAeSwaRZqdujT/s-l225.jpg
无基准,,,,61.0,Tested [Top MINT] Canon EOS-3 35mm Film Camera EF 50mm f/1.8 II Lens From JAPAN,canon eos-3,Canon,Film Cameras,Used,799.99,USD,FIXED_PRICE,mount:canon ef;good-cond,JP,ty_camera_japan,100.0,2026-08-08T13:36:05.000Z,,https://www.ebay.com/itm/358900730199?hash=item5390268957:g:H3EAAeSwWKNqdzH3,https://i.ebayimg.com/images/g/H3EAAeSwWKNqdzH3/s-l225.jpg
无基准,,,,61.0,Tested [Top MINT] Canon EOS-3 SLR 35mm Film Camera EF 50mm f/1.4 Lens From JAPAN,canon eos-3,Canon,Film Cameras,Used,799.99,USD,FIXED_PRICE,mount:canon ef;good-cond,JP,ty_camera_japan,100.0,2026-08-08T13:11:40.000Z,,https://www.ebay.com/itm/358900671031?hash=item539025a237:g:U8wAAeSwOLpqdytR,https://i.ebayimg.com/images/g/U8wAAeSwOLpqdytR/s-l225.jpg
无基准,,,,61.0,Concorde Model CLA'd [MINT] Canon P 35mm Rangefinder Film Camera L39 Leica JAPAN,canon l39,Canon,Film Cameras,Used,799.99,USD,FIXED_PRICE,mount:ltm/l39;good-cond,JP,konny_camera_japan,99.7,2026-08-08T11:58:20.000Z,,https://www.ebay.com/itm/318697523357?hash=item4a33da489d:g:vCsAAeSwY5dqdxof,https://i.ebayimg.com/images/g/vCsAAeSwY5dqdxof/s-l225.jpg
无基准,,,,61.0,[ Top MINT w/ Box ] Nikon F100 + AF NIKKOR 50mm f/1.4 Film Camera From JAPAN 446,nikon f100,Nikon,Film Cameras,Used,849.9,USD,FIXED_PRICE,mount:nikon f;good-cond,JP,takashiharu,100.0,2026-08-08T07:56:34.000Z,,https://www.ebay.com/itm/117346947119?hash=item1b526c502f:g:UaUAAeSwXudqdtwz,https://i.ebayimg.com/images/g/UaUAAeSwXudqdtwz/s-l225.jpg
合理,+2%,1185.49,14,61.0,Leitz Leica IIIG Chrome Body #860648,leitz leica iiig,Leitz,Film Cameras,Used,1209.97,USD,FIXED_PRICE,grail:Leica IIIG,AT,mintandrare,99.9,2026-08-08T20:36:03.000Z,,https://www.ebay.com/itm/147491791522?hash=item22573222a2:g:UOUAAeSwSG9qd0fl,https://i.ebayimg.com/images/g/UOUAAeSwSG9qd0fl/s-l225.jpg
无基准,,,,61.0,SN 642xxxx [Mint+3] Nikon F Eye Level Prism Finder 35mm Film Camera from Japan,nikon eye level,Nikon,Film Cameras,Used,1240.0,USD,FIXED_PRICE,mount:nikon f;good-cond,JP,yumikoui2012,97.1,2026-08-08T06:18:22.000Z,,https://www.ebay.com/itm/168597459436?hash=item27413111ec:g:oM0AAOSww~hmUe~f,https://i.ebayimg.com/images/g/oM0AAOSww~hmUe~f/s-l225.jpg
合理,-6%,1389.99,73,61.0,STM Lens [MINT] C/T221 Canon EOS 1V SLR Film Camera EF 50mm f1.8 Lens From JAPAN,canon 1v,Canon,Film Cameras,Used,1299.99,USD,FIXED_PRICE,mount:canon ef;good-cond,JP,myon-38,99.7,2026-08-09T00:28:14.000Z,,https://www.ebay.com/itm/318699844114?hash=item4a33fdb212:g:qd8AAeSwU4Zqd8qE,https://i.ebayimg.com/images/g/qd8AAeSwU4Zqd8qE/s-l225.jpg
无基准,,,,61.0,SN 640xxx Kiitos CLA'd [N Mint] Nikon F Eye Level 35mm Film Camera from Japan,nikon eye level,Nikon,Film Cameras,Used,1302.0,USD,FIXED_PRICE,mount:nikon f;good-cond,JP,yumikoui2012,97.1,2026-08-08T06:18:22.000Z,,https://www.ebay.com/itm/168597459449?hash=item27413111f9:g:pEkAAOSwybVnmZMW,https://i.ebayimg.com/images/g/pEkAAOSwybVnmZMW/s-l225.jpg
合理,-4%,1399.99,71,61.0,C/T055 [NEAR MINT] Canon EOS1V HS Film Camera EF 50mm F1.8 Lens PB-E2 From JAPAN,canon eos1v,Canon,Film Cameras,Used,1349.99,USD,FIXED_PRICE,mount:canon ef;good-cond,JP,myon-38,99.7,2026-08-09T00:30:33.000Z,,https://www.ebay.com/itm/318699869527?hash=item4a33fe1557:g:ocQAAeSw5fZqd8re,https://i.ebayimg.com/images/g/ocQAAeSw5fZqd8re/s-l225.jpg
偏低,-16%,1599.99,79,61.0,READ [NEAR MINT] Fujifilm GA645Zi Pro Medium Format Film Camera from japan,fujifilm ga645zi,Fujifilm,Film Cameras,Used,1349.99,USD,FIXED_PRICE,good-cond,JP,harumi-14,100.0,2026-08-08T14:07:49.000Z,,https://www.ebay.com/itm/188761771944?hash=item2bf3140fa8:g:AjgAAeSw8Chqdzlp,https://i.ebayimg.com/images/g/AjgAAeSw8Chqdzlp/s-l225.jpg
高价,+124%,669.0,17,61.0,Leica R6 & Summicron-R 50mm f/2 Excellent+5 Tested Working Rare From Japan #0143,leica r6,Leica,Film Cameras,Excellent - Refurbished,1499.99,USD,FIXED_PRICE,grail:Leica R6,JP,kobe_snap_studio,100.0,2026-08-08T13:23:10.000Z,,https://www.ebay.com/itm/307114394534?hash=item478171c3a6:g:jLIAAeSw65pqdy51,https://i.ebayimg.com/images/g/jLIAAeSw65pqdy51/s-l225.jpg
合理,+4%,2099.0,76,61.0,Leitz Leica M Summicron 2/35Mm With Goggles For M3 #1780798,leitz summicron 35mm,Leitz,Lenses,Used,2178.91,USD,"FIXED_PRICE,BEST_OFFER",grail:Summicron;mount:leica m,AT,mintandrare,99.9,2026-08-08T20:36:11.000Z,,https://www.ebay.com/itm/147491791845?hash=item22573223e5:g:VsUAAeSw-klqd0R9,https://i.ebayimg.com/images/g/VsUAAeSw-klqd0R9/s-l225.jpg
合理,+9%,2224.0,67,61.0,Leitz Leica M Summilux 1.4/50Mm Chrome #1845276,leitz summilux 50mm,Leitz,Lenses,Used,2421.14,USD,"FIXED_PRICE,BEST_OFFER",grail:Summilux;mount:leica m,AT,mintandrare,99.9,2026-08-08T20:36:06.000Z,,https://www.ebay.com/itm/147491791676?hash=item225732233c:g:isEAAeSwAVhqd0wZ,https://i.ebayimg.com/images/g/isEAAeSwAVhqd0wZ/s-l225.jpg
偏高,+33%,67.83,80,60.0,"*VINTAGE* ROLLEIFLEX SL35 W?ZEISS 50MM F/1.8 PLANAR LENS, CAP & CASE",rolleiflex rolleiflex,Rolleiflex,Film Cameras,Used,89.99,USD,"FIXED_PRICE,BEST_OFFER",grail:PLANAR,US,clix,100.0,2026-08-08T16:36:43.000Z,,https://www.ebay.com/itm/198556805523?hash=item2e3ae86993:g:PpMAAeSwCsZqd1sZ,https://i.ebayimg.com/images/g/PpMAAeSwCsZqd1sZ/s-l225.jpg
偏高,+38%,79.98,80,60.0,Late [TOP MINT] SMC PENTAX 67 300mm f/4 MF Telephoto Lens For 6×7 67Ⅱ From JAPAN,pentax smc 300mm f4,Pentax,Lenses,Used,109.99,USD,"FIXED_PRICE,BEST_OFFER",grail:PENTAX 67;mount:pentax k;good-cond,JP,asami-camerashop-japan,100.0,2026-08-09T00:31:03.000Z,,https://www.ebay.com/itm/800480067326?hash=itemba60547efe:g:96MAAeSwplVqKy29,https://i.ebayimg.com/images/g/96MAAeSwplVqKy29/s-l225.jpg
偏低,-24%,149.0,11,60.0,67mm filter Kenko PL CONTAX 11 pieces collection,contax 11,Contax,Film Cameras,Used,113.77,USD,"FIXED_PRICE,BEST_OFFER",67mm,JP,mgaaoetom10rbmjc-1,99.1,2026-08-08T16:30:38.000Z,,https://www.ebay.com/itm/236993968806?hash=item372df0faa6:g:mwwAAeSwSOpqd1pp,https://i.ebayimg.com/images/g/mwwAAeSwSOpqd1pp/s-l225.jpg
偏高,+31%,129.99,80,60.0,[N MINT w/ Hood] SMC Pentax FA 645 Zoom 80-160mm f4.5 AF Lens 645N NII FromJAPAN,pentax smc 80-160mm f4.5,Pentax,Lenses,Used,169.99,USD,FIXED_PRICE,grail:645;mount:pentax k;good-cond,JP,massa-4656,100.0,2026-08-08T14:08:14.000Z,,https://www.ebay.com/itm/377403614492?hash=item57df02251c:g:HjsAAeSwWUhqZMsN,https://i.ebayimg.com/images/g/HjsAAeSwWUhqZMsN/s-l225.jpg
无基准,,,,60.0,Rolleiflex Old Standard #622 TLR with 75mm F/3.5 Tessar Original Type 3,rolleiflex rolleiflex,Rolleiflex,Vintage Cameras,,239.99,USD,"FIXED_PRICE,BEST_OFFER",grail:Tessar;low-feedback,US,pens59,50.0,2026-08-08T05:40:28.000Z,,https://www.ebay.com/itm/158165910036?hash=item24d36c4214:g:5lIAAeSwsqlqdl51,https://i.ebayimg.com/images/g/5lIAAeSwsqlqdl51/s-l225.jpg
偏高,+13%,309.99,81,60.0,[ N MINT w/ Hood ] SMC Pentax 645 Macro FA 120mm f4 AF Lens for N II From JAPAN,pentax smc 120mm f4,Pentax,Lenses,Used,349.99,USD,FIXED_PRICE,grail:645;mount:pentax k;good-cond,JP,marcury-29,100.0,2026-08-09T02:04:45.000Z,,https://www.ebay.com/itm/398265144048?hash=item5cba73d2f0:g:1ggAAeSwtGBqd-Fp,https://i.ebayimg.com/images/g/1ggAAeSwtGBqd-Fp/s-l225.jpg
偏高,+15%,349.04,80,60.0,[Unused w/Box] Voigtlander Nokton Classic 40mm f/1.4 MC VM Leica M Lens JAPAN,voigtlander nokton 40mm f1.4,Voigtlander,Lenses,Used,399.9,USD,FIXED_PRICE,grail:Nokton;mount:leica m,JP,zzzgun65,100.0,2026-08-08T08:34:08.000Z,,https://www.ebay.com/itm/318696856893?hash=item4a33d01d3d:g:Gf4AAeSw3xtqdusu,https://i.ebayimg.com/images/g/Gf4AAeSw3xtqdusu/s-l225.jpg
偏高,+39%,353.0,80,60.0,[Unused] Voigtlander NOKTON classic 35mm f1.4 II SC Leica M From JAPAN,voigtlander nokton 35mm f1.4,Voigtlander,Lenses,Used,489.9,USD,FIXED_PRICE,grail:NOKTON;mount:leica m,JP,masakeithi,100.0,2026-08-08T05:53:47.000Z,,https://www.ebay.com/itm/178385162878?hash=item298895927e:g:cLcAAeSwr-1qdsTp,https://i.ebayimg.com/images/g/cLcAAeSwr-1qdsTp/s-l225.jpg
偏高,+21%,547.97,80,60.0,Voigtlander NOKTON Vintage Line 50mm F1.5 Aspherical VM Black from Japan D0808,voigtlander nokton 50mm f1.5,Voigtlander,Lenses,Used,661.19,USD,FIXED_PRICE,grail:NOKTON;mount:leica m,JP,kyoto_camera,99.7,2026-08-08T13:46:30.000Z,,https://www.ebay.com/itm/287512762463?hash=item42f118985f:g:wdAAAeSwCsZqdzLw,https://i.ebayimg.com/images/g/wdAAAeSwCsZqdzLw/s-l225.jpg
偏高,+21%,547.97,80,60.0,Voigtlander NOKTON Vintage Line 50mm F1.5 Aspherical II VM from Japan D0808,voigtlander nokton 50mm f1.5,Voigtlander,Lenses,Used,661.19,USD,FIXED_PRICE,grail:NOKTON;mount:leica m,JP,kyoto_camera,99.7,2026-08-08T13:36:13.000Z,,https://www.ebay.com/itm/287512755368?hash=item42f1187ca8:g:qGIAAeSwtAZqdzA0,https://i.ebayimg.com/images/g/qGIAAeSwtAZqdzA0/s-l225.jpg
偏高,+39%,479.9,17,60.0,Voigtlander ULTRON 28mm F1.9 ASPHERICAL Silver L39 LTM from Japan E0808,voigtlander ultron 28mm f1.9,Voigtlander,Lenses,Used,668.44,USD,FIXED_PRICE,grail:ULTRON;mount:ltm/l39,JP,kyoto_camera,99.7,2026-08-08T07:43:59.000Z,,https://www.ebay.com/itm/287512260679?hash=item42f110f047:g:cVIAAeSwWQxqdt2U,https://i.ebayimg.com/images/g/cVIAAeSwWQxqdt2U/s-l225.jpg
偏高,+26%,547.97,80,60.0,Voigtlander NOKTON Vintage Line 50mm F1.5 Aspherical II VM from Japan D0808,voigtlander nokton 50mm f1.5,Voigtlander,Lenses,Used,691.09,USD,FIXED_PRICE,grail:NOKTON;mount:leica m,JP,kyoto_camera,99.7,2026-08-08T13:36:11.000Z,,https://www.ebay.com/itm/287512755352?hash=item42f1187c98:g:fLAAAeSwQ0FqdzAg,https://i.ebayimg.com/images/g/fLAAAeSwQ0FqdzAg/s-l225.jpg
偏高,+43%,547.97,80,60.0,Voigtlander NOKTON Vintage Line 50mm F1.5 Aspherical VM Silver from Japan D0808,voigtlander nokton 50mm f1.5,Voigtlander,Lenses,Used,785.31,USD,FIXED_PRICE,grail:NOKTON;mount:leica m,JP,kyoto_camera,99.7,2026-08-08T07:24:55.000Z,,https://www.ebay.com/itm/287512239593?hash=item42f1109de9:g:~qAAAeSw~cFqdtl9,https://i.ebayimg.com/images/g/~qAAAeSw~cFqdtl9/s-l225.jpg
偏高,+44%,633.65,80,60.0,Voigtlander NOKTON 35mm F1.2 Aspherical IV VM Manual Focus Lens from Japan D0808,voigtlander nokton 35mm f1.2,Voigtlander,Lenses,Used,909.43,USD,FIXED_PRICE,grail:NOKTON;mount:leica m,JP,kyoto_camera,99.7,2026-08-08T07:00:53.000Z,,https://www.ebay.com/itm/287512217061?hash=item42f11045e5:g:BGUAAeSwMcpqdtPc,https://i.ebayimg.com/images/g/BGUAAeSwMcpqdtPc/s-l225.jpg
偏高,+25%,766.0,71,60.0,Voigtlander NOKTON 40mm F1.2 Aspherical II VM Manual Focus Lens from Japan D0808,voigtlander nokton 40mm f1.2,Voigtlander,Lenses,Used,958.9,USD,FIXED_PRICE,grail:NOKTON;mount:leica m,JP,kyoto_camera,99.7,2026-08-08T06:44:21.000Z,,https://www.ebay.com/itm/278258103887?hash=item40c979b64f:g:oLgAAeSwiX5qds~L,https://i.ebayimg.com/images/g/oLgAAeSwiX5qds~L/s-l225.jpg
偏高,+45%,689.94,38,60.0,[ Unused w/ Hood ] Hasselblad Carl Zeiss Makro Planar T* CF 120mm f/4 Lens JAPAN,hasselblad planar 120mm f4,Hasselblad,Lenses,Used,999.99,USD,FIXED_PRICE,grail:Planar;mount:hasselblad v,JP,shibainu_camera_japan,100.0,2026-08-08T17:45:14.000Z,,https://www.ebay.com/itm/398264015927?hash=item5cba629c37:g:V4wAAeSwhP1qd2wf,https://i.ebayimg.com/images/g/V4wAAeSwhP1qd2wf/s-l225.jpg
偏高,+18%,845.43,46,60.0,[Top MINT] SMC PENTAX FA 75mm f2.8 AF Medium Format Standard Lens 645N NII JAPAN,pentax smc 75mm f2.8,Pentax,Lenses,Used,999.99,USD,FIXED_PRICE,grail:645N;mount:pentax k;good-cond,JP,ty_camera_japan,100.0,2026-08-08T13:45:40.000Z,,https://www.ebay.com/itm/358900752039?hash=item539026dea7:g:mGQAAeSwY5dqdzP8,https://i.ebayimg.com/images/g/mGQAAeSwY5dqdzP8/s-l225.jpg
偏高,+22%,845.43,46,60.0,[Top MINT] smc Pentax FA 645 75mm f/2.8 Standard Lens for 645 N NII from JAPAN,pentax smc 75mm f2.8,Pentax,Lenses,Used,1029.99,USD,FIXED_PRICE,grail:645;mount:pentax k;good-cond,JP,ken-ken_camera_japan,100.0,2026-08-08T08:56:29.000Z,,https://www.ebay.com/itm/407128958693?hash=item5ecac6e6e5:g:PA4AAeSwTHhqdvAw,https://i.ebayimg.com/images/g/PA4AAeSwTHhqdvAw/s-l225.jpg
高价,+188%,27.1,80,59.0,Read!! [Exc+5] PENTAX SPOTMATIC SP & Super Takumar 55mm f1.8 Exposure Not Tested,pentax spotmatic,Pentax,Film Cameras,Used,77.99,USD,"FIXED_PRICE,BEST_OFFER",grail:SPOTMATIC;55mm;good-cond,JP,camera_watch.japan,100.0,2026-08-08T07:13:55.000Z,,https://www.ebay.com/itm/178385380144?hash=item298898e330:g:FLgAAeSwdRNp4JB5,https://i.ebayimg.com/images/g/FLgAAeSwdRNp4JB5/s-l225.jpg
高价,+426%,27.1,80,59.0,*Near Mint* Pentax Spotmatic SP Black Film Camera Super Takumar 55mm F/1.8 Lens,pentax spotmatic,Pentax,Film Cameras,Used,142.49,USD,FIXED_PRICE,grail:Spotmatic;55mm;good-cond,JP,hitonaga-0,100.0,2026-08-08T11:34:15.000Z,,https://www.ebay.com/itm/407129237027?hash=item5ecacb2623:g:DUgAAOSwvLlnFgYD,https://i.ebayimg.com/images/g/DUgAAOSwvLlnFgYD/s-l225.jpg
高价,+426%,27.1,80,59.0,*CLA'd : Near Mint* Pentax Spotmatic SP Film Camera SMC Takumar 55mm F/1.8 / JPN,pentax spotmatic,Pentax,Film Cameras,Used,142.49,USD,FIXED_PRICE,grail:Spotmatic;55mm;good-cond,JP,hitonaga-0,100.0,2026-08-08T11:34:14.000Z,,https://www.ebay.com/itm/407129237015?hash=item5ecacb2617:g:9KoAAeSwaUtpLsgw,https://i.ebayimg.com/images/g/9KoAAeSwaUtpLsgw/s-l225.jpg
高价,+447%,27.1,80,59.0,*Near Mint* Pentax Spotmatic SP Black Film Camera Super Takumar 55mm F/1.8 Lens,pentax spotmatic,Pentax,Film Cameras,Used,148.19,USD,FIXED_PRICE,grail:Spotmatic;55mm;good-cond,JP,hitonaga-0,100.0,2026-08-08T11:34:15.000Z,,https://www.ebay.com/itm/407129237028?hash=item5ecacb2624:g:pGAAAOSwaDVmsrQP,https://i.ebayimg.com/images/g/pGAAAOSwaDVmsrQP/s-l225.jpg
高价,+501%,27.1,80,59.0,*Almost Mint w/ Case* Pentax Spotmatic SP Film Camera SMC Takumar 55mm F/1.8 /JP,pentax spotmatic,Pentax,Film Cameras,Used,162.84,USD,FIXED_PRICE,grail:Spotmatic;55mm;good-cond,JP,hitonaga-0,100.0,2026-08-08T11:34:15.000Z,,https://www.ebay.com/itm/407129237052?hash=item5ecacb263c:g:m-gAAeSw3UtqF3ju,https://i.ebayimg.com/images/g/m-gAAeSw3UtqF3ju/s-l225.jpg
高价,+554%,27.1,80,59.0,《N.MINT in CASE》Pentax Spotmatic F SPF Film Camera SMC Takumar 55mm F/1.8 JAPAN✈,pentax spotmatic,Pentax,Film Cameras,Used,177.23,USD,FIXED_PRICE,grail:Spotmatic;55mm;good-cond,JP,rtmy19,100.0,2026-08-08T16:42:45.000Z,,https://www.ebay.com/itm/800479134593?hash=itemba60464381:g:RJgAAeSwSgFqTR6Y,https://i.ebayimg.com/images/g/RJgAAeSwSgFqTR6Y/s-l225.jpg
高价,+447%,35.99,80,59.0,《MINT》Asahi Pentax Spotmatic SP Film Camera SMC Takumar 55mm F1.8 From JAPAN🚀🎁,asahi spotmatic,Asahi,Film Cameras,Used,196.92,USD,FIXED_PRICE,grail:Spotmatic;55mm;good-cond,JP,rtmy19,100.0,2026-08-08T16:42:45.000Z,,https://www.ebay.com/itm/800479134628?hash=itemba604643a4:g:pzIAAeSwtK1p5fFq,https://i.ebayimg.com/images/g/pzIAAeSwtK1p5fFq/s-l225.jpg
偏高,+14%,1049.99,18,59.0,[Almost Unused in Box] Contax Carl Zeiss Distagon T* 45mm f/2.8 Lens 645 JAPAN,contax distagon 45mm f2.8,Contax,Lenses,Used,1199.99,USD,FIXED_PRICE,grail:645,JP,ty_camera_japan,100.0,2026-08-08T12:59:37.000Z,,https://www.ebay.com/itm/358900642111?hash=item539025313f:g:-3sAAeSwvmNqdyh4,https://i.ebayimg.com/images/g/-3sAAeSwvmNqdyh4/s-l225.jpg
高价,+650%,399.99,80,59.0,6 Lenses [NEAR MINT+++] Pentax 67 45mm 55mm 75mm 105mm 200mm 300mm M-UP JAPAN,pentax 67,Pentax,Film Cameras,Used,2999.99,USD,"FIXED_PRICE,BEST_OFFER",grail:Pentax 67;55mm;good-cond,JP,happy-camera-japan,99.9,2026-08-08T20:58:10.000Z,,https://www.ebay.com/itm/336733319520?hash=item4e66deb160:g:CmgAAeSwNBlp8peE,https://i.ebayimg.com/images/g/CmgAAeSwNBlp8peE/s-l225.jpg
高价,+15410%,19.52,80,59.0,Leica M2 Chrome Lever Rewind #982274 SERVICED,leica m2,Leica,Film Cameras,Used,3026.73,USD,"FIXED_PRICE,BEST_OFFER",grail:Leica M2;good-cond,AT,mintandrare,99.9,2026-08-08T20:38:51.000Z,,https://www.ebay.com/itm/147491795871?hash=item225732339f:g:5PYAAeSw8fdqd1UC,https://i.ebayimg.com/images/g/5PYAAeSw8fdqd1UC/s-l225.jpg
无基准,,50.0,80,58.0,Minolta SRT201 SRT 201 35mm SLR Film Camera w/ Minolta Rokkor-X 50mm f/1.7 Lens,minolta srt201,Minolta,Film Cameras,Used,0.0,USD,AUCTION,grail:SRT201;mount:minolta md;auction,US,gela0409,100.0,2026-08-09T01:00:31.000Z,2026-08-16T01:00:31.000Z,https://www.ebay.com/itm/257669906127?hash=item3bfe52becf:g:rDMAAeSwwSNqd9CO,https://i.ebayimg.com/images/g/rDMAAeSwwSNqd9CO/s-l225.jpg
无基准,,,,58.0,Leica Elmarit-R 28mm f/2.8 Cinemod - Duclos Declick + Simmod Gears - EF Adapter,leica ef 28mm f2.8,Leica,Lenses,Used,0.0,USD,"AUCTION,BEST_OFFER",grail:Elmarit;mount:canon ef;auction,US,rawstreetkai,100.0,2026-08-08T23:59:17.000Z,2026-08-15T23:59:17.000Z,https://www.ebay.com/itm/168599240999?hash=item27414c4127:g:hb0AAeSw9h1qZUsN,https://i.ebayimg.com/images/g/hb0AAeSw9h1qZUsN/s-l225.jpg
无基准,,287.49,80,58.0,"Nikon F3 35mm SLR Film Camera plus 3 Nikkor lenses, Flash, Filters, Metal Case",nikon f3,Nikon,Film Cameras,Used,0.0,USD,"AUCTION,BEST_OFFER",grail:Nikon F3;mount:nikon f;auction,US,aurg_701,100.0,2026-08-08T22:14:26.000Z,2026-08-15T22:14:26.000Z,https://www.ebay.com/itm/307115110169?hash=item47817caf19:g:qh0AAeSwA11pYFp~,https://i.ebayimg.com/images/g/qh0AAeSwA11pYFp~/s-l225.jpg
无基准,,889.43,80,58.0,Leica Elmar 5cm F/2.8 Standard Prime 50mm Lens L39 Silver Leitz Set.,leica elmar 50mm f2.8,Leica,Lenses,Used,0.0,USD,"AUCTION,BEST_OFFER",grail:Elmar;mount:ltm/l39;auction,US,lstar7747,100.0,2026-08-08T21:17:21.000Z,2026-08-15T21:17:21.000Z,https://www.ebay.com/itm/178387350708?hash=item2988b6f4b4:g:BrMAAeSwr-1qd5os,https://i.ebayimg.com/images/g/BrMAAeSwr-1qd5os/s-l225.jpg
无基准,,,,58.0,Minolta XD 35mm SLR Film Camera + MC Rokkor-X PF 50mm ƒ1.7 Lens Set Kit XD7 XD11,minolta rokkor 35mm,Minolta,Film Cameras,Used,0.0,USD,"AUCTION,BEST_OFFER",grail:XD7;mount:minolta md;auction,US,mach-go,100.0,2026-08-08T20:35:00.000Z,2026-08-15T20:35:00.000Z,https://www.ebay.com/itm/267751349276?hash=item3e57395c1c:g:B5AAAeSwViVqTXKL,https://i.ebayimg.com/images/g/B5AAAeSwViVqTXKL/s-l225.jpg
无基准,,49.99,80,58.0,Olympus OM-2 Film Camera with 50mm f/1.8 Lens,olympus om-2,Olympus,Film Cameras,Used,0.0,USD,AUCTION,grail:OM-2;mount:olympus om;auction,US,norfolkpawn,99.5,2026-08-08T18:26:19.000Z,2026-08-18T18:26:19.000Z,https://www.ebay.com/itm/377404039592?hash=item57df08a1a8:g:I5oAAeSw9MVplfFV,https://i.ebayimg.com/images/g/I5oAAeSw9MVplfFV/s-l225.jpg
无基准,,,,58.0,[Leica M Modified] CONTAX Carl Zeiss G Planar 35mm f/2 T* Lens From USA,leica planar 35mm f2,Leica,Lenses,Used,0.0,USD,AUCTION,grail:Planar;mount:leica m;auction,US,exsul3,100.0,2026-08-08T17:30:14.000Z,2026-08-15T17:30:14.000Z,https://www.ebay.com/itm/278259561773?hash=item40c98ff52d:g:dIIAAeSw0Vtqa80G,https://i.ebayimg.com/images/g/dIIAAeSw0Vtqa80G/s-l225.jpg
无基准,,51.38,80,58.0,OLYMPUS OM-1 film camera & OM-SYSTEM ZULKO AUTO ZOOM 35-105 1:3.5-4.5. VINTAGE !,olympus om-1,Olympus,Film Cameras,Used,0.0,USD,AUCTION,grail:OM-1;mount:olympus om;auction,US,rcjf808,99.2,2026-08-08T17:19:06.000Z,2026-08-15T17:19:06.000Z,https://www.ebay.com/itm/298570057092?hash=item4584298584:g:kZIAAeSw9yVp4TKb,https://i.ebayimg.com/images/g/kZIAAeSw9yVp4TKb/s-l225.jpg
无基准,,24.32,80,58.0,Pentax ME Super 35mm Film Camera with SMC Pentax-A 50mm f/1.7 Lens,pentax super,Pentax,Film Cameras,Used,0.0,USD,AUCTION,grail:Pentax ME Super;mount:pentax k;auction,US,flemmo69,100.0,2026-08-08T15:52:02.000Z,2026-08-15T15:52:02.000Z,https://www.ebay.com/itm/158167201610?hash=item24d37ff74a:g:ScYAAeSwrthqTX4S,https://i.ebayimg.com/images/g/ScYAAeSwrthqTX4S/s-l225.jpg
无基准,,,,58.0,Leitz LEICA Summicron Lens M 35mm f/2 w/ Box & Hood Canada,leitz summicron 35mm f2,Leitz,Vintage Lenses,,0.0,USD,"AUCTION,BEST_OFFER",grail:Summicron;auction,US,claire*a*belle,100.0,2026-08-08T15:28:40.000Z,2026-08-15T15:28:40.000Z,https://www.ebay.com/itm/398263616903?hash=item5cba5c8587:g:btQAAeSwRT1qW6cZ,https://i.ebayimg.com/images/g/btQAAeSwRT1qW6cZ/s-l225.jpg
无基准,,,,58.0,Very Nice Used Film Door for Olympus OM-1 Film Camera,olympus om-1,Olympus,Film Cameras,Used,25.0,USD,"FIXED_PRICE,BEST_OFFER",grail:OM-1;mount:olympus om,US,nikkormad,100.0,2026-08-08T13:38:41.000Z,,https://www.ebay.com/itm/307114413298?hash=item4781720cf2:g:OXAAAeSwEiJqNDh2,https://i.ebayimg.com/images/g/OXAAAeSwEiJqNDh2/s-l225.jpg
无基准,,,,58.0,Minolta Hi-Matic G2 35mm Camera w/ 38mm f/2.8 Lens & Accessories – Works,minolta g2,Minolta,Film Cameras,Used,45.0,USD,FIXED_PRICE,grail:Hi-Matic,US,ifoundthis,99.7,2026-08-08T04:29:26.000Z,,https://www.ebay.com/itm/158165759682?hash=item24d369f6c2:g:78kAAeSwf8FpbTGJ,https://i.ebayimg.com/images/g/78kAAeSwf8FpbTGJ/s-l225.jpg
无基准,,,,58.0,Vintage Honeywell Pentax SP 500 35mm Camera Film WORKS Telephoto Zoom 80 200mm,pentax 500,Pentax,Film Cameras,Used,48.0,USD,FIXED_PRICE,grail:Pentax SP,US,bt_970,100.0,2026-08-08T21:53:08.000Z,,https://www.ebay.com/itm/227467763011?hash=item34f6229d43:g:UJwAAeSwiiFqd6To,https://i.ebayimg.com/images/g/UJwAAeSwiiFqd6To/s-l225.jpg
无基准,,,,58.0,Canon Canonet 28 Rangefinder w/ 40mm Lens 35mm Film Camera - Flip Case,canon canonet 28,Canon,Film Cameras,Used,48.0,USD,"FIXED_PRICE,BEST_OFFER",grail:Canonet,US,gre_4630,100.0,2026-08-08T21:22:54.000Z,,https://www.ebay.com/itm/318699235500?hash=item4a33f468ac:g:cXEAAeSwlC5qd538,https://i.ebayimg.com/images/g/cXEAAeSwlC5qd538/s-l225.jpg
无基准,,,,58.0,Pentax Spotmatic SP 1000 Black Body,pentax spotmatic 1000,Pentax,Film Cameras,Used,55.0,USD,FIXED_PRICE,grail:Spotmatic,US,cameratrader,99.9,2026-08-08T19:12:12.000Z,,https://www.ebay.com/itm/307114896437?hash=item4781796c35:g:WZMAAeSwYtBqd39f,https://i.ebayimg.com/images/g/WZMAAeSwYtBqd39f/s-l225.jpg
合理,+0%,73.79,25,58.0,《Optics MINT》Konica Acom-1 Film SLR Camera Hexanon AR 52mm F/1.8 Lens JAPAN✈🚀🎁,konica acom-1,Konica,Film Cameras,Used,73.79,USD,FIXED_PRICE,52mm;good-cond,JP,rtmy19,100.0,2026-08-08T16:42:45.000Z,,https://www.ebay.com/itm/800479134598?hash=itemba60464386:g:FL0AAOSwgtFmMna2,https://i.ebayimg.com/images/g/FL0AAOSwgtFmMna2/s-l225.jpg
无基准,,,,58.0,Rollei Zeiss Planar 50mm f1.8 QBM mount for Rolleiflex SL35 & Voigtlander VSL-1,rollei planar 50mm f1.8,Rollei,Lenses,Used,74.0,USD,FIXED_PRICE,grail:Planar,US,elskimino,100.0,2026-08-08T18:24:42.000Z,,https://www.ebay.com/itm/298570193293?hash=item45842b998d:g:JjcAAeSwYVRqd3Md,https://i.ebayimg.com/images/g/JjcAAeSwYVRqd3Md/s-l225.jpg
无基准,,,,58.0,Pentax Spotmatic SP 500 35mm Film SLR Manual Camera with Super Takumar 55/2 Lens,pentax spotmatic 500,Pentax,Film Cameras,Used,99.99,USD,"FIXED_PRICE,BEST_OFFER",grail:Spotmatic,US,buttercup2105,99.3,2026-08-08T17:13:08.000Z,,https://www.ebay.com/itm/168598589060?hash=item2741424e84:g:644AAeSw4PZqd2EE,https://i.ebayimg.com/images/g/644AAeSw4PZqd2EE/s-l225.jpg
无基准,,,,58.0,"Vintage Pentax Auto 110 24mm SLR Film Camera with 18mm, 40mm Lens and Autowinder",pentax 24mm,Pentax,Film Cameras,Used,100.0,USD,"FIXED_PRICE,BEST_OFFER",grail:Auto 110,US,penguin662001,100.0,2026-08-09T00:50:26.000Z,,https://www.ebay.com/itm/267751545753?hash=item3e573c5b99:g:fX4AAeSwwSNqd8jC,https://i.ebayimg.com/images/g/fX4AAeSwwSNqd8jC/s-l225.jpg
无基准,,,,58.0,Pentax auto 110 Film Camera Black With 50mm f/2.8 Lens Strap Case Vintage Tested,pentax 50mm f2.8,Pentax,Film Cameras,Used,119.72,USD,FIXED_PRICE,grail:auto 110,US,wantstuff,100.0,2026-08-08T22:29:44.000Z,,https://www.ebay.com/itm/137600202214?hash=item20099c75e6:g:5GwAAeSwbiNqd62Q,https://i.ebayimg.com/images/g/5GwAAeSwbiNqd62Q/s-l225.jpg
无基准,,,,58.0,PENTAX MX Silver 35mm SLR Film Camera Body w/ SMC 50mm Lens & Winder. Tested.,pentax smc 35mm,Pentax,Vintage Cameras,,120.0,USD,"FIXED_PRICE,BEST_OFFER",grail:PENTAX MX,US,starluxx_goods,100.0,2026-08-09T03:44:56.000Z,,https://www.ebay.com/itm/366594489429?hash=item555abbfc55:g:8EAAAeSwoTxqd~dD,https://i.ebayimg.com/images/g/8EAAAeSwoTxqd~dD/s-l225.jpg
无基准,,,,58.0,PENTAX K1000 Silver/Black 50mm SLR Film Camera Body Classic Manual SLR,pentax k1000,Pentax,Vintage Cameras,,125.0,USD,"FIXED_PRICE,BEST_OFFER",grail:K1000,US,josrodr_1284,100.0,2026-08-08T13:06:19.000Z,,https://www.ebay.com/itm/407129390017?hash=item5ecacd7bc1:g:7VYAAeSwiiFqdyR6,https://i.ebayimg.com/images/g/7VYAAeSwiiFqdyR6/s-l225.jpg
无基准,,,,58.0,⏯️ *N MINT* Pentax KM 35mm SLR Film Camera SMC 55mm f1.8 Lens Kit w/Case JAPAN,pentax smc 35mm f1.8,Pentax,Film Cameras,Used,126.99,USD,FIXED_PRICE,55mm;good-cond,JP,tokyo_vintage_camera_select,100.0,2026-08-08T23:11:51.000Z,,https://www.ebay.com/itm/398264764895?hash=item5cba6e09df:g:~eYAAeSw2-dqJnsi,https://i.ebayimg.com/images/g/~eYAAeSw2-dqJnsi/s-l225.jpg
合理,+4%,125.5,80,58.0,Vintage Asahi Pentax K1000 35mm SLR Film Camera with Focal MC Auto Zoom 70-210mm,asahi k1000,Asahi,Film Cameras,Used,129.98,USD,"FIXED_PRICE,BEST_OFFER",grail:K1000,US,ry0-32,99.9,2026-08-09T01:30:22.000Z,,https://www.ebay.com/itm/800480201287?hash=itemba60568a47:g:~DwAAeSwG5pqd8LL,https://i.ebayimg.com/images/g/~DwAAeSwG5pqd8LL/s-l225.jpg
无基准,,,,58.0,Asahi Pentax K1000 35mm SLR Camera Kit Tested Woking Sigma lens Flash Bag Meter,asahi k1000,Asahi,Film Cameras,Used,129.99,USD,"FIXED_PRICE,BEST_OFFER",grail:K1000,US,kashkart,99.4,2026-08-08T06:55:47.000Z,,https://www.ebay.com/itm/366593290060?hash=item555aa9af4c:g:qzcAAeSwgvRqdszW,https://i.ebayimg.com/images/g/qzcAAeSwgvRqdszW/s-l225.jpg
无基准,,,,58.0,Minolta X-700 35mm SLR Film Camera with 200mm Lens Used 31281,minolta x-700,Minolta,Film Cameras,Used,132.0,USD,FIXED_PRICE,grail:X-700,US,wedovintage,98.5,2026-08-08T13:03:35.000Z,,https://www.ebay.com/itm/257668931746?hash=item3bfe43e0a2:g:c1UAAeSwW8BpE1~s,https://i.ebayimg.com/images/g/c1UAAeSwW8BpE1~s/s-l225.jpg
无基准,,,,58.0,PENTAX KM 35mm SLR Film Camera SMC 55mm F1.8 Lens w/Strap [EXC+5] From JAPAN,pentax smc 35mm f1.8,Pentax,Film Cameras,Used,139.99,USD,"FIXED_PRICE,BEST_OFFER",55mm;good-cond,JP,happy-camera-japan,99.9,2026-08-08T20:43:48.000Z,,https://www.ebay.com/itm/336733304347?hash=item4e66de761b:g:95gAAeSwOrdqGtaT,https://i.ebayimg.com/images/g/95gAAeSwOrdqGtaT/s-l225.jpg
无基准,,,,58.0,USED Minolta X-700 35mm Camera w/ 50mmF/2 Lens (#1640247ACP),minolta x-700,Minolta,Film Cameras,Used,149.99,USD,FIXED_PRICE,grail:X-700,US,artscameras,100.0,2026-08-08T09:02:07.000Z,,https://www.ebay.com/itm/168597740099?hash=item2741355a43:g:KO4AAeSwB7tqdvVp,https://i.ebayimg.com/images/g/KO4AAeSwB7tqdvVp/s-l225.jpg
无基准,,,,58.0,[Top MINT Case] Konica FP 35mm SLR Film Camera Hexanon 52mm F1.8 Lens From JAPAN,konica hexanon 35mm f1.8,Konica,Film Cameras,Used,149.99,USD,FIXED_PRICE,52mm;good-cond,JP,yamamoto_camera_japan,99.3,2026-08-08T08:08:16.000Z,,https://www.ebay.com/itm/366593363687?hash=item555aaacee7:g:p7YAAeSwgIBqduVA,https://i.ebayimg.com/images/g/p7YAAeSwgIBqduVA/s-l225.jpg
无基准,,,,58.0,OLYMPUS Infinity Stylus Zoom 140 mju μ DLX 35mm Point & Shoot Film Camera Tested,olympus stylus 140,Olympus,Film Cameras,Used,159.99,USD,"FIXED_PRICE,BEST_OFFER",grail:mju,US,grikol0,99.9,2026-08-08T11:50:04.000Z,,https://www.ebay.com/itm/147491012134?hash=item2257263e26:g:-MgAAeSwLQFqYoOW,https://i.ebayimg.com/images/g/-MgAAeSwLQFqYoOW/s-l225.jpg
无基准,,,,58.0,"Beautiful Refurbished Minolta SRT-102 Camera with a 50mm f1.7 Lens, EX++ Cond.",minolta srt-102,Minolta,Film Cameras,Used,169.95,USD,FIXED_PRICE,grail:SRT-102,US,titterington,100.0,2026-08-08T21:40:37.000Z,,https://www.ebay.com/itm/800479780519?hash=itemba60501ea7:g:ELgAAeSwSOpqd6Gw,https://i.ebayimg.com/images/g/ELgAAeSwSOpqd6Gw/s-l225.jpg
无基准,,,,58.0,▶️[NEAR MINT+] ASAHI PENTAX SPF Silver Film Camera SMCT 55mm f1.8 Lens JAPAN,asahi pentax spf,Asahi,Film Cameras,Used,169.99,USD,"FIXED_PRICE,BEST_OFFER",55mm;good-cond,JP,manaco_shop_japan,99.6,2026-08-08T21:45:36.000Z,,https://www.ebay.com/itm/298570631471?hash=item458432492f:g:UHMAAeSwvdFptgjT,https://i.ebayimg.com/images/g/UHMAAeSwvdFptgjT/s-l225.jpg
无基准,,,,58.0,*Rare Black : Near Mint ++* Pentax SL Film Camera Super Takumar 55mm F/1.8 / JPN,pentax super takumar,Pentax,Film Cameras,Used,171.89,USD,FIXED_PRICE,55mm;good-cond,JP,hitonaga-0,100.0,2026-08-08T11:34:15.000Z,,https://www.ebay.com/itm/407129237063?hash=item5ecacb2647:g:LmwAAeSwrAhoo6Y9,https://i.ebayimg.com/images/g/LmwAAeSwrAhoo6Y9/s-l225.jpg
无基准,,,,58.0,VINTAGE Minolta XD11 Film Camera W/ 80-200mm Lense Used W/ Strap Lugs,minolta xd11,Minolta,Film Cameras,Used,175.0,USD,"FIXED_PRICE,BEST_OFFER",grail:XD11,US,adamshaley,100.0,2026-08-08T17:12:04.000Z,,https://www.ebay.com/itm/336733085957?hash=item4e66db2105:g:~pcAAeSwsJVqd1vV,https://i.ebayimg.com/images/g/~pcAAeSwsJVqd1vV/s-l225.jpg
无基准,,,,58.0,"Minolta X-700 & X-370 35mm SLR Camera w/ 3 Lenses, Vivitar 26-A Flash, + w/ Bag",minolta x-700,Minolta,Film Cameras,Used,199.99,USD,FIXED_PRICE,grail:X-700,US,lady_blazer,100.0,2026-08-08T13:41:38.000Z,,https://www.ebay.com/itm/168598229315?hash=item27413cd143:g:ckAAAeSwkDRqKAwX,https://i.ebayimg.com/images/g/ckAAAeSwkDRqKAwX/s-l225.jpg
无基准,,,,58.0,Pentax ME Super 35mm Film SLR Camera Kit w/ SMC 50mm f/1.7 + 80-205mm + 28mm,pentax super,Pentax,Film Cameras,Used,199.99,USD,FIXED_PRICE,grail:Pentax ME Super,US,madison-buy-sell-trade,99.2,2026-08-08T11:10:47.000Z,,https://www.ebay.com/itm/257668795167?hash=item3bfe41cb1f:g:A4YAAeSwKOdqBiLc,https://i.ebayimg.com/images/g/A4YAAeSwKOdqBiLc/s-l225.jpg
高价,+400%,40.0,80,58.0,MINT Canon AE-1 Camera w FD 50mm f1.8 Lens Japan w Case Strap Booklets,canon ae-1,Canon,Film Cameras,Used,200.0,USD,FIXED_PRICE,grail:AE-1;mount:canon fd;good-cond,US,trammellfan03,99.9,2026-08-08T16:04:10.000Z,,https://www.ebay.com/itm/398263697905?hash=item5cba5dc1f1:g:Z08AAeSwZoJqd1Lx,https://i.ebayimg.com/images/g/Z08AAeSwZoJqd1Lx/s-l225.jpg
无基准,,,,58.0,Olympus μ mju III 120 Stylus Point & Shoot Film Camera From Battery Tested Works,olympus stylus,Olympus,Film Cameras,Used,214.99,USD,"FIXED_PRICE,BEST_OFFER",grail:mju,US,jamiewku,99.4,2026-08-08T13:28:57.000Z,,https://www.ebay.com/itm/307114402339?hash=item478171e223:g:PnEAAeSwTF5qdylU,https://i.ebayimg.com/images/g/PnEAAeSwTF5qdylU/s-l225.jpg
合理,+5%,209.9,27,58.0,Olympus XA Film Camera with A16 Flash - New Light Seals - Film Tested,olympus a16,Olympus,Film Cameras,Used,219.79,USD,"FIXED_PRICE,BEST_OFFER",grail:Olympus XA,US,wthelenx27,100.0,2026-08-08T15:37:20.000Z,,https://www.ebay.com/itm/147491349737?hash=item22572b64e9:g:dtQAAeSw4U1qd0qU,https://i.ebayimg.com/images/g/dtQAAeSw4U1qd0qU/s-l225.jpg
无基准,,,,58.0,Olympus Stylus 80 mju III Zoom 35mm Point & Shoot Film Camera w/Case - TESTED,olympus stylus 80,Olympus,Film Cameras,Used,224.99,USD,FIXED_PRICE,grail:mju,US,pomskyman,100.0,2026-08-09T02:11:41.000Z,,https://www.ebay.com/itm/318700323113?hash=item4a34050129:g:tCEAAeSwSOpqd-HR,https://i.ebayimg.com/images/g/tCEAAeSwSOpqd-HR/s-l225.jpg
无基准,,,,58.0,[Exc+4] Konica Autorex P 35mm Film Camera Hexanon 52mm f/1.8 Lens ~ From JAPAN,konica autorex,Konica,Film Cameras,Used,239.99,USD,"FIXED_PRICE,BEST_OFFER",52mm;good-cond,JP,zuishop,100.0,2026-08-08T10:34:31.000Z,,https://www.ebay.com/itm/287512537424?hash=item42f1152950:g:AEkAAeSwVhJqdwZ4,https://i.ebayimg.com/images/g/AEkAAeSwVhJqdwZ4/s-l225.jpg
无基准,,,,58.0,Olympus Stylus Zoom 140 mju II 35mm Point & Shoot Film Camera. *Film Tested*,olympus stylus 140,Olympus,Film Cameras,Used,242.0,USD,FIXED_PRICE,grail:mju,US,emulsion15,100.0,2026-08-08T12:59:12.000Z,,https://www.ebay.com/itm/137599059862?hash=item20098b0796:g:hxUAAeSw7dlqcjeM,https://i.ebayimg.com/images/g/hxUAAeSw7dlqcjeM/s-l225.jpg
无基准,,,,58.0,Olympus Stylus Zoom 140 mju II 35mm Point & Shoot Film Camera Tested + Film,olympus stylus 140,Olympus,Film Cameras,Used,259.0,USD,FIXED_PRICE,grail:mju,US,anatkor-15,99.8,2026-08-08T05:49:57.000Z,,https://www.ebay.com/itm/188760049178?hash=item2bf2f9c61a:g:cgUAAeSwXudqdsIx,https://i.ebayimg.com/images/g/cgUAAeSwXudqdsIx/s-l225.jpg
无基准,,,,58.0,"Minolta X-700 & X-370 35mm SLR Camera w/ 3 Lenses, Vivitar 26-A Flash, + w/ Bag",minolta x-700,Minolta,Film Cameras,Used,263.99,USD,FIXED_PRICE,grail:X-700,US,lady_blazer,100.0,2026-08-08T13:42:54.000Z,,https://www.ebay.com/itm/168598230396?hash=item27413cd57c:g:ckAAAeSwkDRqKAwX,https://i.ebayimg.com/images/g/ckAAAeSwkDRqKAwX/s-l225.jpg
合理,+5%,279.99,21,58.0,CLA'd [Near MINT + Case] Mamiya Sekor 55mm f4.5 TLR C22 C220 C33 C330 From JAPAN,mamiya sekor 55mm f4.5,Mamiya,Lenses,Used,294.95,USD,FIXED_PRICE,55mm;good-cond,JP,mintagecamerajapan,99.7,2026-08-08T12:04:07.000Z,,https://www.ebay.com/itm/366593623958?hash=item555aaec796:g:y9YAAeSw5ctqdxu1,https://i.ebayimg.com/images/g/y9YAAeSw5ctqdxu1/s-l225.jpg
无基准,,,,58.0,Pentax Auto 110 Vintage Camera System Kit Lenses Filters Flash Winder Hard Case,pentax system,Pentax,Film Cameras,Used,295.0,USD,"FIXED_PRICE,BEST_OFFER",grail:Auto 110,US,modernvintagejunkie,99.7,2026-08-09T00:47:33.000Z,,https://www.ebay.com/itm/158168397784?hash=item24d39237d8:g:7q0AAeSwWXtqd5h2,https://i.ebayimg.com/images/g/7q0AAeSwWXtqd5h2/s-l225.jpg
无基准,,,,58.0,Nikon F2 35mm SLR Body only w/DP-1 Prism Finder,nikon f2,Nikon,Film Cameras,Used,299.99,USD,"FIXED_PRICE,BEST_OFFER",grail:Nikon F2,US,cameraexchange,99.9,2026-08-08T09:09:28.000Z,,https://www.ebay.com/itm/257668658564?hash=item3bfe3fb584:g:ZY4AAeSwcShqdvJD,https://i.ebayimg.com/images/g/ZY4AAeSwcShqdvJD/s-l225.jpg
无基准,,,,58.0,[Top MINT] Panasonic Leica DG Summilux 15mm f1.7 ASPH H-X015 MFT Lens from JAPAN,panasonic summilux 15mm f1.7,Panasonic,Lenses,Used,309.99,USD,FIXED_PRICE,grail:Summilux;mount:micro 4/3;good-cond,JP,isshin39,100.0,2026-08-08T15:07:28.000Z,,https://www.ebay.com/itm/198556683994?hash=item2e3ae68eda:g:~aEAAeSwtH5qd0di,https://i.ebayimg.com/images/g/~aEAAeSwtH5qd0di/s-l225.jpg
无基准,,,,58.0,Nikon F2 Photomic A 35mm SLR Film Camera 50mm F1.4 [Excellent++] US STOCK,nikon f2,Nikon,Film Cameras,Used,312.42,USD,FIXED_PRICE,grail:Nikon F2,US,altemo-31,98.8,2026-08-08T05:12:36.000Z,,https://www.ebay.com/itm/398262237617?hash=item5cba4779b1:g:ydQAAeSwtiZqJ9jq,https://i.ebayimg.com/images/g/ydQAAeSwtiZqJ9jq/s-l225.jpg
无基准,,,,58.0,*Rare Original Black : Exc+4* Pentax SV Film Camera Super Takumar 55mm F/2 / JPN,pentax super takumar,Pentax,Film Cameras,Used,316.65,USD,FIXED_PRICE,55mm;good-cond,JP,hitonaga-0,100.0,2026-08-08T11:34:15.000Z,,https://www.ebay.com/itm/407129237047?hash=item5ecacb2637:g:N3sAAeSw2YJn2PAq,https://i.ebayimg.com/images/g/N3sAAeSw2YJn2PAq/s-l225.jpg
无基准,,,,58.0,Zeiss 50mm Planar T1.4,zeiss planar 50mm,Zeiss,Lenses,Used,325.0,USD,"FIXED_PRICE,BEST_OFFER",grail:Planar,US,aujax,100.0,2026-08-08T22:13:58.000Z,,https://www.ebay.com/itm/278260216644?hash=item40c999f344:g:tzEAAeSwlShqd6lV,https://i.ebayimg.com/images/g/tzEAAeSwlShqd6lV/s-l225.jpg
无基准,,,,58.0,Rare [Near MINT] Pentax AP 35mm Film Camera Takumar 58mm F2 Lens From Japan,pentax f2,Pentax,Film Cameras,Used,328.6,USD,"FIXED_PRICE,BEST_OFFER",58mm;good-cond,JP,growz9652,100.0,2026-08-08T23:46:18.000Z,,https://www.ebay.com/itm/188763756859?hash=item2bf332593b:g:9T8AAeSweINqDsTe,https://i.ebayimg.com/images/g/9T8AAeSweINqDsTe/s-l225.jpg
合理,-8%,379.99,15,58.0,[Almost Unused w/ Hood] SMC Pentax Zoom 90-180mm f5.6 Lens For 6x7 67 II JAPAN,pentax smc 90-180mm f5.6,Pentax,Lenses,Used,349.99,USD,FIXED_PRICE,grail:6x7;mount:pentax k,JP,ty_camera_japan,100.0,2026-08-08T12:39:36.000Z,,https://www.ebay.com/itm/358900557253?hash=item539023e5c5:g:RawAAeSwPTdqdyPK,https://i.ebayimg.com/images/g/RawAAeSwPTdqdyPK/s-l225.jpg
无基准,,,,58.0,Pentax 645 Medium Format Film Camera + 75mm f/2.8 Lens + 120 & 220 Backs,pentax 75mm f2.8,Pentax,Film Cameras,Used,350.0,USD,"FIXED_PRICE,BEST_OFFER",grail:645,US,eric_strege,100.0,2026-08-09T03:08:09.000Z,,https://www.ebay.com/itm/188764416203?hash=item2bf33c68cb:g:SN0AAeSw~uRqd-5r,https://i.ebayimg.com/images/g/SN0AAeSw~uRqd-5r/s-l225.jpg
无基准,,,,58.0,"Vintage Nikon FE2 Black 35mm SLR Film Camera Body, Lens, and Strap",nikon fe2,Nikon,Film Cameras,Used,359.99,USD,FIXED_PRICE,grail:FE2,US,madison-buy-sell-trade,99.2,2026-08-08T10:53:43.000Z,,https://www.ebay.com/itm/257668775553?hash=item3bfe417e81:g:Y~sAAeSwRohp~Ohu,https://i.ebayimg.com/images/g/Y~sAAeSwRohp~Ohu/s-l225.jpg
合理,+9%,399.99,18,58.0,PENTAX LX (early model) 35mm film camera with PENTAX-M 100mm F/2.8 lens US STOCK,pentax early model,Pentax,Film Cameras,Used,437.12,USD,FIXED_PRICE,grail:PENTAX LX,US,altemo-31,98.8,2026-08-08T16:47:10.000Z,,https://www.ebay.com/itm/398263793407?hash=item5cba5f36ff:g:sA0AAeSwldpp4riX,https://i.ebayimg.com/images/g/sA0AAeSwldpp4riX/s-l225.jpg
无基准,,,,58.0,PENTAX LX (early model) 35mm film camera with PENTAX-M 100mm F/2.8 lens US STOCK,pentax early model,Pentax,Film Cameras,Used,441.09,USD,FIXED_PRICE,grail:PENTAX LX,US,altemo-31,98.8,2026-08-08T04:49:00.000Z,,https://www.ebay.com/itm/398262172575?hash=item5cba467b9f:g:sA0AAeSwldpp4riX,https://i.ebayimg.com/images/g/sA0AAeSwldpp4riX/s-l225.jpg
无基准,,,,58.0,*Rare Black : Near Mint* Pentax S2 Late Model Camera Super Takumar 55mm F/1.8 JP,pentax s2,Pentax,Film Cameras,Used,479.16,USD,FIXED_PRICE,55mm;good-cond,JP,hitonaga-0,100.0,2026-08-08T11:34:14.000Z,,https://www.ebay.com/itm/407129237019?hash=item5ecacb261b:g:~DsAAeSwpCxnrs~m,https://i.ebayimg.com/images/g/~DsAAeSwpCxnrs~m/s-l225.jpg
合理,+2%,490.83,80,58.0,NIKON F5 35MM SLR FILM CAMERA BODY (read desc),nikon f5,Nikon,Film Cameras,Used,500.0,USD,"FIXED_PRICE,BEST_OFFER",grail:NIKON F5,US,victormmartinez0331,100.0,2026-08-08T21:58:16.000Z,,https://www.ebay.com/itm/128017114271?hash=item1dce6a249f:g:ncIAAeSwhnxqd6PA,https://i.ebayimg.com/images/g/ncIAAeSwhnxqd6PA/s-l225.jpg
无基准,,,,58.0,SONY Vario-Tessar T* FE 16-35mm F4 ZA OSS (SEL1635Z) -EXC- 6156,sony tessar 16-35mm f4,Sony,Lenses,Used,545.62,USD,FIXED_PRICE,grail:Tessar;mount:sony e;good-cond,JP,kitamura_camera,100.0,2026-08-08T15:27:09.000Z,,https://www.ebay.com/itm/358900976597?hash=item53902a4bd5:g:i3IAAeSwbiNqd0tJ,https://i.ebayimg.com/images/g/i3IAAeSwbiNqd0tJ/s-l225.jpg
无基准,,,,58.0,Excellent Nikon New FM2 FM2N Silver SLR Camera With 50mm F1.4 Ai Lens Meter Work,nikon fm2,Nikon,Film Cameras,Used,550.0,USD,"FIXED_PRICE,BEST_OFFER",grail:FM2,US,muha779209,100.0,2026-08-08T04:34:53.000Z,,https://www.ebay.com/itm/366593146981?hash=item555aa78065:g:zscAAeSwv8xqdrDK,https://i.ebayimg.com/images/g/zscAAeSwv8xqdrDK/s-l225.jpg
无基准,,,,58.0,Nikon F3 Eye Level 35mm SLR Film Camera Body [Excellent+++] US STOCK,nikon f3,Nikon,Film Cameras,Used,557.96,USD,FIXED_PRICE,grail:Nikon F3,US,altemo-31,98.8,2026-08-08T05:46:13.000Z,,https://www.ebay.com/itm/398262283662?hash=item5cba482d8e:g:Wl4AAeSw3fxqRyWc,https://i.ebayimg.com/images/g/Wl4AAeSw3fxqRyWc/s-l225.jpg
无基准,,,,58.0,Nikon F3 35mm SLR Film Camera Body with AS-4 adapter and original box US STOCK,nikon f3,Nikon,Film Cameras,Used,612.2,USD,FIXED_PRICE,grail:Nikon F3,US,altemo-31,98.8,2026-08-08T04:52:10.000Z,,https://www.ebay.com/itm/398262193800?hash=item5cba46ce88:g:Y4MAAeSwLFVp5r74,https://i.ebayimg.com/images/g/Y4MAAeSwLFVp5r74/s-l225.jpg
无基准,,,,58.0,SONY Vario-Tessar T* FE 16-35mm F4 ZA OSS (SEL1635Z) -Near Mint- 8278,sony tessar 16-35mm f4,Sony,Lenses,Used,651.15,USD,FIXED_PRICE,grail:Tessar;mount:sony e;good-cond,JP,kitamura_camera,100.0,2026-08-08T15:27:09.000Z,,https://www.ebay.com/itm/358900976715?hash=item53902a4c4b:g:I54AAeSw1cJqd0uD,https://i.ebayimg.com/images/g/I54AAeSw1cJqd0uD/s-l225.jpg
无基准,,,,58.0,Panasonic LEICA DG VARIO-ELMARIT 8-18mm F2.8-4 ASPH. (MFT) #240 -Near Mint-,panasonic elmarit 8-18mm f2.8,Panasonic,Lenses,Very Good - Refurbished,654.0,USD,FIXED_PRICE,grail:ELMARIT;mount:micro 4/3;good-cond,JP,mapcamera,100.0,2026-08-08T05:55:58.000Z,,https://www.ebay.com/itm/377402851205?hash=item57def67f85:g:X8wAAeSw5glqdsTj,https://i.ebayimg.com/images/g/X8wAAeSw5glqdsTj/s-l225.jpg
无基准,,,,58.0,DDP SONY Sonnar T* FE 35mm F2.8 ZA SEL35F28Z E Mount Prime Lens Boxed EX JP,sony sonnar 35mm f2.8,Sony,Lenses,Used,814.35,USD,FIXED_PRICE,grail:Sonnar;mount:sony e;good-cond,JP,osaka-japan-202,100.0,2026-08-09T01:36:04.000Z,,https://www.ebay.com/itm/407130463499?hash=item5ecadddd0b:g:1XMAAeSwK~Zqd9pz,https://i.ebayimg.com/images/g/1XMAAeSwK~Zqd9pz/s-l225.jpg
无基准,,,,58.0,"Leitz Leica Summicron 90mm f/2 M-Mount Lens, 1974, SN 1817709",leitz summicron 90mm f2,Leitz,Lenses,Used,849.0,USD,"FIXED_PRICE,BEST_OFFER",grail:Summicron,US,kneesbreeze,100.0,2026-08-08T16:21:48.000Z,,https://www.ebay.com/itm/158167260547?hash=item24d380dd83:g:2xQAAeSwaJdqd1Qn,https://i.ebayimg.com/images/g/2xQAAeSwaJdqd1Qn/s-l225.jpg
无基准,,,,58.0,Nikon FM2N New FM2 Silver 35mm SLR Film Camera Body [Unused] US STOCK,nikon fm2n,Nikon,Film Cameras,Used,894.93,USD,FIXED_PRICE,grail:FM2,US,altemo-31,98.8,2026-08-08T05:30:10.000Z,,https://www.ebay.com/itm/398262266233?hash=item5cba47e979:g:qSgAAeSwMHJqPNGk,https://i.ebayimg.com/images/g/qSgAAeSwMHJqPNGk/s-l225.jpg
无基准,,,,58.0,Minolta XD11 Full Kit + 6 Lenses + Telephoto and Macro Adapters 35mm Film,minolta xd11,Minolta,Film Cameras,Used,900.0,USD,"FIXED_PRICE,BEST_OFFER",grail:XD11,US,eric_strege,100.0,2026-08-09T02:55:50.000Z,,https://www.ebay.com/itm/188764401962?hash=item2bf33c312a:g:hfYAAeSwyShqd-pb,https://i.ebayimg.com/images/g/hfYAAeSwyShqd-pb/s-l225.jpg
无基准,,,,58.0,LEITZ Leica Tele-Elmarit M 90mm/F2.8 Canada Silver Lens,leitz elmarit 90mm f2.8,Leitz,Lenses,Used,1500.0,USD,FIXED_PRICE,grail:Elmarit,US,toolsntech6,100.0,2026-08-08T21:08:21.000Z,,https://www.ebay.com/itm/178387318991?hash=item2988b678cf:g:J8gAAeSwgGdqd5nQ,https://i.ebayimg.com/images/g/J8gAAeSwgGdqd5nQ/s-l225.jpg
无基准,,,,58.0,Carl Zeiss Planar T* 135mm f/3.5 Lens in Compur 1 Shutter For Large Format 4x5,zeiss planar 135mm f3.5,Zeiss,Lenses,Used,2495.0,USD,"FIXED_PRICE,BEST_OFFER",grail:Planar,US,lifeandmylens,100.0,2026-08-08T18:05:10.000Z,,https://www.ebay.com/itm/267751346126?hash=item3e57394fce:g:cT4AAeSwgYVqd27T,https://i.ebayimg.com/images/g/cT4AAeSwgYVqd27T/s-l225.jpg
无基准,,28.88,80,57.0,Canon Canonet QL17 Silver 35mm Vintage Film Camera | Excellent Condition!,canon canonet,Canon,Vintage Cameras,,0.0,USD,AUCTION,grail:Canonet;auction,US,lwilkerson,100.0,2026-08-08T16:00:27.000Z,2026-08-15T16:00:27.000Z,https://www.ebay.com/itm/158167209859?hash=item24d3801783:g:5pAAAeSwW3hqUEb9,https://i.ebayimg.com/images/g/5pAAAeSwW3hqUEb9/s-l225.jpg
偏高,+20%,57.82,80,57.0,"Ancienne Zeiss Ikon Contaflex Synchro-Compur Tessar 1: 2,8 F ~45mm Appareil +Sac",zeiss 1,Zeiss,Vintage Cameras,,69.55,USD,"FIXED_PRICE,BEST_OFFER",grail:Tessar,DE,monamoure,99.9,2026-08-09T10:04:12.000Z,,https://www.ebay.com/itm/198558409078?hash=item2e3b00e176:g:8ggAAeSwRYJqeBlh,https://i.ebayimg.com/images/g/8ggAAeSwRYJqeBlh/s-l225.jpg
偏高,+24%,57.82,80,57.0,Zeiss Ikon Contaflex Synchro-Compur Tessar 1:2.8 f~45mm Camera + Bag,zeiss 1,Zeiss,Vintage Cameras,,71.8,USD,"FIXED_PRICE,BEST_OFFER",grail:Tessar,DE,monamoure,99.9,2026-08-09T09:44:09.000Z,,https://www.ebay.com/itm/407131032773?hash=item5ecae68cc5:g:8ggAAeSwRYJqeBlh,https://i.ebayimg.com/images/g/8ggAAeSwRYJqeBlh/s-l225.jpg
无基准,,,,57.0,Contax D Zeiss Ikon VEB 35mm SLR Film Camera Body East Germany Vintage M42 Mount,contax zeiss ikon,Contax,Film Cameras,Used,76.91,USD,"FIXED_PRICE,BEST_OFFER",mount:m42,US,secondhandshutterllc,99.8,2026-08-08T18:12:17.000Z,,https://www.ebay.com/itm/168598683356?hash=item274143bedc:g:nDsAAeSwJxVqTpoj,https://i.ebayimg.com/images/g/nDsAAeSwJxVqTpoj/s-l225.jpg
无基准,,,,57.0,"Nikon EM 35mm Film SLR Camera + Nikon AI-S 50mm f1.8 Pancake, TESTED [Mint] #930",nikon ai-s 35mm f1.8,Nikon,Film Cameras,Used,130.0,USD,FIXED_PRICE,mount:nikon f;good-cond,US,alserge.dct2,99.8,2026-08-08T22:13:30.000Z,,https://www.ebay.com/itm/307115109329?hash=item47817cabd1:g:1igAAeSwtAZqd6hP,https://i.ebayimg.com/images/g/1igAAeSwtAZqd6hP/s-l225.jpg
合理,+0%,133.0,6,57.0,*Near Mint* Minolta XG-E Film Camera MC Rokkor 50mm F/1.7 Lens From Japan,minolta xg-e rokkor,Minolta,Film Cameras,Used,133.0,USD,FIXED_PRICE,mount:minolta md;good-cond,JP,hitonaga-0,100.0,2026-08-09T04:46:22.000Z,,https://www.ebay.com/itm/407130667454?hash=item5ecae0f9be:g:O~kAAeSwkVdqeAZS,https://i.ebayimg.com/images/g/O~kAAeSwkVdqeAZS/s-l225.jpg
无基准,,,,57.0,Leica R4 MOT Electronic black body,leica r4,Leica,Film Cameras,Used,174.03,USD,"FIXED_PRICE,BEST_OFFER",grail:Leica R4;low-feedback,GB,mwclassic,93.3,2026-08-08T12:52:21.000Z,,https://www.ebay.com/itm/158166823495?hash=item24d37a3247:g:OZQAAeSwXyBqdyXO,https://i.ebayimg.com/images/g/OZQAAeSwXyBqdyXO/s-l225.jpg
无基准,,,,57.0,Soviet copy of Contax II Carl Zeiss Jena CHROME camera with Sonnar 2/50mm lens,contax carl zeiss,Contax,Film Cameras,Used,185.0,USD,FIXED_PRICE,grail:Sonnar;low-feedback,UA,grizzly33bear.den,96.6,2026-08-08T05:14:44.000Z,,https://www.ebay.com/itm/147490457383?hash=item22571dc727:g:IWUAAeSw4VRqdrsO,https://i.ebayimg.com/images/g/IWUAAeSw4VRqdrsO/s-l225.jpg
偏高,+16%,209.0,24,57.0,[Near MINT] Mamiya C22 Pro TLR 6x6 Film Camera Sekor 105mm f/3.5 Lens JAPAN #399,mamiya c22,Mamiya,Film Cameras,Used,242.99,USD,FIXED_PRICE,good-cond,JP,hosono_camera_japan,100.0,2026-08-08T23:50:38.000Z,,https://www.ebay.com/itm/366594309759?hash=item555ab93e7f:g:b1YAAeSw0vBpxaSL,https://i.ebayimg.com/images/g/b1YAAeSw0vBpxaSL/s-l225.jpg
偏高,+19%,234.44,80,57.0,Blue Dot [Near MINT] Mamiya C220 Pro TLR Sekor DS 105mm f/3.5 Lens From JAPAN,mamiya c220,Mamiya,Film Cameras,Used,279.99,USD,FIXED_PRICE,good-cond,JP,beryg_camera-japan,100.0,2026-08-09T04:56:53.000Z,,https://www.ebay.com/itm/800480632174?hash=itemba605d1d6e:g:fK0AAeSwVopqeAkP,https://i.ebayimg.com/images/g/fK0AAeSwVopqeAkP/s-l225.jpg
偏高,+30%,229.9,69,57.0,[Top MINT w/ Filter & Case] SMC Takumar 55mm f/3.5 Lens for Pentax 6x7 67 JAPAN,pentax takumar 55mm f3.5,Pentax,Lenses,Used,299.99,USD,FIXED_PRICE,grail:6x7;55mm;good-cond,JP,isshin39,100.0,2026-08-08T15:03:02.000Z,,https://www.ebay.com/itm/198556677864?hash=item2e3ae676e8:g:WBoAAeSwCGNqd0ZV,https://i.ebayimg.com/images/g/WBoAAeSwCGNqd0ZV/s-l225.jpg
偏高,+21%,259.99,80,57.0,[NEAR MINT] Rollei Rolleicord V TLR 6x6 Camera Krenzuach Xenar 75mm JAPAN#19,rollei rolleicord,Rollei,Film Cameras,Used,314.99,USD,FIXED_PRICE,good-cond,JP,hanna_from_japan,100.0,2026-08-08T08:25:35.000Z,,https://www.ebay.com/itm/398262623573?hash=item5cba4d5d55:g:yacAAeSw3BxqduhE,https://i.ebayimg.com/images/g/yacAAeSw3BxqduhE/s-l225.jpg
偏高,+15%,277.49,20,57.0,⏯[Top MINT w/ APS Film] Contax Tix Carl Zeiss 28mm f/2.8 Film Camera From JAPAN,contax tix carl,Contax,Film Cameras,Used,319.9,USD,FIXED_PRICE,good-cond,JP,tommy_camera_japan,100.0,2026-08-08T04:40:20.000Z,,https://www.ebay.com/itm/407128584248?hash=item5ecac13038:g:6uIAAeSwgIBqdrOu,https://i.ebayimg.com/images/g/6uIAAeSwgIBqdrOu/s-l225.jpg
偏高,+18%,279.9,80,57.0,[Exc+5] Rollei 35 Silver Body Compact Film Camera 40mm f3.5 Lens From JAPAN,rollei 40mm f3.5,Rollei,Film Cameras,Used,329.99,USD,FIXED_PRICE,good-cond,JP,sunsethill_81,100.0,2026-08-08T08:57:49.000Z,,https://www.ebay.com/itm/168597734849?hash=item27413545c1:g:AwsAAeSw4c1pqcWb,https://i.ebayimg.com/images/g/AwsAAeSw4c1pqcWb/s-l225.jpg
无基准,,,,57.0,Carl Zeiss Jena BIOTAR Red T Lens f2 58mm for Contax S Pentax M42 MINT #1123,zeiss m42 58mm f2,Zeiss,Lenses,Used,400.0,USD,FIXED_PRICE,mount:m42;58mm;good-cond,BG,fobo8888,100.0,2026-08-08T13:56:20.000Z,,https://www.ebay.com/itm/287512772472?hash=item42f118bf78:g:SpQAAeSwU79qdzKS,https://i.ebayimg.com/images/g/SpQAAeSwU79qdzKS/s-l225.jpg
无基准,,,,57.0,Carl Zeiss Batis 25mm F/2 Lens for Sony E Mount [Top Mint] US Stock,zeiss zeiss 25mm f2,Zeiss,Lenses,Excellent - Refurbished,478.95,USD,FIXED_PRICE,mount:sony e;good-cond,US,flagshipcamera,99.9,2026-08-09T01:56:22.000Z,,https://www.ebay.com/itm/307115294217?hash=item47817f7e09:g:X98AAeSwfCxqWDwt,https://i.ebayimg.com/images/g/X98AAeSwfCxqWDwt/s-l225.jpg
合理,+6%,454.0,9,57.0,Rollei HFT For M42 Sonnar 2.8/85Mm,rollei sonnar 85mm,Rollei,Lenses,Used,483.26,USD,"FIXED_PRICE,BEST_OFFER",grail:Sonnar;mount:m42,AT,mintandrare,99.9,2026-08-08T20:36:22.000Z,,https://www.ebay.com/itm/147491792133?hash=item2257322505:g:CioAAeSwtlZqd0Sq,https://i.ebayimg.com/images/g/CioAAeSwtlZqd0Sq/s-l225.jpg
无基准,,,,57.0,Carl Zeiss Jena BIOTAR Red T Lens f2 58mm M42 mount MINT #1122,zeiss m42 58mm f2,Zeiss,Lenses,Used,500.0,USD,FIXED_PRICE,mount:m42;58mm;good-cond,BG,fobo8888,100.0,2026-08-08T12:35:22.000Z,,https://www.ebay.com/itm/287512676263?hash=item42f11747a7:g:vqYAAeSwMbhqdyHt,https://i.ebayimg.com/images/g/vqYAAeSwMbhqdyHt/s-l225.jpg
高价,+830%,59.0,80,57.0,[TOP MINT w/ Hood] Minolta M Rokkor 28mm f/2.8 Wide Angle Lens Leica CL CLE,minolta rokkor 28mm f2.8,Minolta,Lenses,Used,549.0,USD,FIXED_PRICE,grail:Leica CL;mount:minolta md;good-cond,JP,camera_taro,100.0,2026-08-08T23:04:42.000Z,,https://www.ebay.com/itm/398264740670?hash=item5cba6dab3e:g:7O0AAeSwn8VpZudq,https://i.ebayimg.com/images/g/7O0AAeSwn8VpZudq/s-l225.jpg
偏高,+15%,525.0,21,57.0,Leica Leitz Leica R7 Chrome Body 10067 #1924905,leica r7,Leica,Film Cameras,Used,604.38,USD,"FIXED_PRICE,BEST_OFFER",grail:Leica R7,AT,mintandrare,99.9,2026-08-08T20:36:11.000Z,,https://www.ebay.com/itm/147491791858?hash=item22573223f2:g:wWIAAeSw19lqd1Mp,https://i.ebayimg.com/images/g/wWIAAeSw19lqd1Mp/s-l225.jpg
偏高,+17%,599.99,17,57.0,[Top MINT w/ BOX] Voigtlander Bessaflex TM Black 35mm SLR Film Camera From JAPAN,voigtlander bessaflex,Voigtlander,Film Cameras,Used,699.99,USD,FIXED_PRICE,good-cond,JP,konny_camera_japan,99.7,2026-08-08T11:55:30.000Z,,https://www.ebay.com/itm/318697519262?hash=item4a33da389e:g:5KsAAeSwn~xqdxom,https://i.ebayimg.com/images/g/5KsAAeSwn~xqdxom/s-l225.jpg
高价,+198%,284.94,80,57.0,Contax T2 35mm Point & Shoot Film Camera Carl Zeiss Sonnar 2.8/38 T SIGNS OF USE,contax t2,Contax,Film Cameras,Used,850.0,USD,"FIXED_PRICE,BEST_OFFER",grail:Contax T2,US,toysove-61,100.0,2026-08-08T13:17:05.000Z,,https://www.ebay.com/itm/287512738825?hash=item42f1183c09:g:zTAAAeSwGs1qbL1W,https://i.ebayimg.com/images/g/zTAAAeSwGs1qbL1W/s-l225.jpg
高价,+215%,284.94,80,57.0,Contax T2 35mm Point & Shoot Auto Focus w/ Zeiss Sonnar 38mm f/2.8 T*,contax t2,Contax,Film Cameras,Used,899.0,USD,"FIXED_PRICE,BEST_OFFER",grail:Contax T2,US,kspringle,100.0,2026-08-08T09:11:08.000Z,,https://www.ebay.com/itm/407128982157?hash=item5ecac7428d:g:O~0AAeSwbjtqdvFj,https://i.ebayimg.com/images/g/O~0AAeSwbjtqdvFj/s-l225.jpg
无基准,,,,57.0,MONOLTA Leitz Minolta CL M-ROKKOR 40mm f2 Lightmeter OK [Excellent+++] US STOCK,leitz f2,Leitz,Film Cameras,Used,984.92,USD,FIXED_PRICE,mount:minolta md,US,altemo-31,98.8,2026-08-08T05:16:27.000Z,,https://www.ebay.com/itm/398262240841?hash=item5cba478649:g:am8AAeSwbqtqK8Ux,https://i.ebayimg.com/images/g/am8AAeSwbqtqK8Ux/s-l225.jpg
偏高,+42%,722.98,16,57.0,Leitz Leica IIIc Chrome #433749 With Summitar 2/5Cm #618414 Set,leitz leica iiic,Leitz,Film Cameras,Used,1028.29,USD,"FIXED_PRICE,BEST_OFFER",grail:Leica IIIc,AT,mintandrare,99.9,2026-08-08T20:36:03.000Z,,https://www.ebay.com/itm/147491791532?hash=item22573222ac:g:K7wAAeSwNtZqdz5z,https://i.ebayimg.com/images/g/K7wAAeSwNtZqdz5z/s-l225.jpg
高价,+1022%,99.99,80,57.0,Late Model [CLA'd Opt Mint] Pentax smc Pentax 67 105mm F2.4 Lens 67II 6x7 Japan,pentax smc 105mm f2.4,Pentax,Lenses,Used,1122.0,USD,FIXED_PRICE,grail:Pentax 67;mount:pentax k;good-cond,JP,yumikoui2012,97.1,2026-08-08T06:18:22.000Z,,https://www.ebay.com/itm/168597459457?hash=item2741311201:g:Qs0AAOSw52NnaQ0u,https://i.ebayimg.com/images/g/Qs0AAOSw52NnaQ0u/s-l225.jpg
偏高,+24%,1950.27,20,57.0,Leitz Leica M3 Chrome Single Stroke #1129750,leitz m3,Leitz,Film Cameras,Used,2421.14,USD,FIXED_PRICE,grail:Leica M3,AT,mintandrare,99.9,2026-08-08T20:36:10.000Z,,https://www.ebay.com/itm/147491791829?hash=item22573223d5:g:jF0AAeSw8Chqd0hj,https://i.ebayimg.com/images/g/jF0AAeSw8Chqd0hj/s-l225.jpg
高价,+5876%,48.53,80,57.0,HASSELBLAD SWC 38mm Biogon f/4.5 C12 Rare 3rd SWC Built at the Factory CEW 3003,hasselblad swc,Hasselblad,Film Cameras,Used,2900.0,USD,"FIXED_PRICE,BEST_OFFER",grail:SWC,US,marcmiller29,100.0,2026-08-08T17:17:34.000Z,,https://www.ebay.com/itm/117347612096?hash=item1b527675c0:g:gksAAOSwKNtktaYr,https://i.ebayimg.com/images/g/gksAAOSwKNtktaYr/s-l225.jpg
无基准,,,,57.0,Contarex Carl Zeiss Mirotar 500mm F4.5 Lens with ZEISS IKON Body [Top Mint],zeiss zeiss 500mm f4.5,Zeiss,Vintage Lenses,,4562.62,USD,FIXED_PRICE,good-cond,US,altemo-31,98.8,2026-08-08T04:14:18.000Z,,https://www.ebay.com/itm/398262117797?hash=item5cba45a5a5:g:VBIAAeSwvZdo41ys,https://i.ebayimg.com/images/g/VBIAAeSwvZdo41ys/s-l225.jpg
无基准,,,,57.0,Leitz Leica M Summilux 1.4/35Mm Black Paint Stopper,leitz summilux 35mm,Leitz,Lenses,Used,9688.19,USD,"FIXED_PRICE,BEST_OFFER",grail:Summilux;mount:leica m,AT,mintandrare,99.9,2026-08-08T20:36:09.000Z,,https://www.ebay.com/itm/147491791790?hash=item22573223ae:g:mjQAAeSwSJFqd0t7,https://i.ebayimg.com/images/g/mjQAAeSwSJFqd0t7/s-l225.jpg
无基准,,,,57.0,Leitz Leica M Summilux 1.4/35Mm Steel Rim 11870,leitz summilux 35mm,Leitz,Lenses,Used,10899.37,USD,FIXED_PRICE,grail:Summilux;mount:leica m,AT,mintandrare,99.9,2026-08-08T20:36:09.000Z,,https://www.ebay.com/itm/147491791772?hash=item225732239c:g:hd4AAeSwxxdqd0eC,https://i.ebayimg.com/images/g/hd4AAeSwxxdqd0eC/s-l225.jpg
无基准,,,,57.0,Leitz Leica M Summilux-M 1.4/35Mm 11730 ASPHERICAL FLE,leitz summilux 35mm,Leitz,Lenses,Used,11989.42,USD,FIXED_PRICE,grail:Summilux;mount:leica m,AT,mintandrare,99.9,2026-08-08T20:36:01.000Z,,https://www.ebay.com/itm/147491791466?hash=item225732226a:g:3u4AAeSwiuJqd0GK,https://i.ebayimg.com/images/g/3u4AAeSwiuJqd0GK/s-l225.jpg
高价,+175%,21.77,80,56.0,Read‼︎ *Exc+5* OLYMPUS μ stylus mju ZOOM 105 DLX Compact Film Camera From JAPAN,olympus stylus,Olympus,Film Cameras,Used,59.9,USD,FIXED_PRICE,grail:mju;good-cond,JP,made-1n-japan,100.0,2026-08-09T04:11:18.000Z,,https://www.ebay.com/itm/336733603280?hash=item4e66e305d0:g:rhcAAeSw-Mdqd~6b,https://i.ebayimg.com/images/g/rhcAAeSw-Mdqd~6b/s-l225.jpg
高价,+125%,40.0,80,56.0,[Near MINT-] Canon AE-1 SLR 35mm Film Camera Body Only Chrome Silver From JAPAN,canon ae-1,Canon,Film Cameras,Used,89.9,USD,FIXED_PRICE,grail:AE-1;good-cond,JP,f1-camera,100.0,2026-08-08T14:19:21.000Z,,https://www.ebay.com/itm/336732911917?hash=item4e66d8792d:g:DhEAAeSwCsZqdzuf,https://i.ebayimg.com/images/g/DhEAAeSwCsZqdzuf/s-l225.jpg
高价,+90%,50.0,80,56.0,⏯️ [Exc+5] Olympus μ mju Zoom Deluxe 35mm Point & Shoot Film Camera From JAPAN,olympus mju,Olympus,Film Cameras,Used,94.9,USD,FIXED_PRICE,grail:mju;good-cond,JP,tmok95_camera_japan,100.0,2026-08-08T16:28:39.000Z,,https://www.ebay.com/itm/168598496945?hash=item274140e6b1:g:EgQAAeSwls1qd1nx,https://i.ebayimg.com/images/g/EgQAAeSwls1qd1nx/s-l225.jpg
高价,+142%,40.0,80,56.0,tested【ALMOST NEAR MINT】Canon AE-1 silver body only from Japan,canon ae-1,Canon,Film Cameras,Used,96.99,USD,"FIXED_PRICE,BEST_OFFER",grail:AE-1;good-cond,JP,japan-vintage-collection,100.0,2026-08-08T19:29:48.000Z,,https://www.ebay.com/itm/398264262068?hash=item5cba665db4:g:27IAAeSw9vJptH3y,https://i.ebayimg.com/images/g/27IAAeSw9vJptH3y/s-l225.jpg
高价,+241%,28.88,80,56.0,All Works《EXC+5 in CASE》Canon Canonet Silver 45mm F/1.9 Lens From JAPAN✈✈✈✈🚀🎁,canon canonet,Canon,Film Cameras,Used,98.45,USD,FIXED_PRICE,grail:Canonet;good-cond,JP,rtmy19,100.0,2026-08-08T16:42:45.000Z,,https://www.ebay.com/itm/800479134579?hash=itemba60464373:g:o4IAAOSw28ZlbdKl,https://i.ebayimg.com/images/g/o4IAAOSw28ZlbdKl/s-l225.jpg
高价,+150%,40.0,80,56.0,▶︎[N MINT+] Canon AE-1 Silver 35mm SLR Film Camera Body Only w/Strap From JAPAN,canon ae-1,Canon,Film Cameras,Used,99.99,USD,"FIXED_PRICE,BEST_OFFER",grail:AE-1;good-cond,JP,manaco_shop_japan,99.6,2026-08-08T13:06:56.000Z,,https://www.ebay.com/itm/298569472752?hash=item4584209af0:g:dn8AAeSwcD1pf~9t,https://i.ebayimg.com/images/g/dn8AAeSwcD1pf~9t/s-l225.jpg
高价,+175%,40.0,80,56.0,[ MINT ] Canon AE-1 Program 35mm Silver SLR Film Camera Body Only from Japan d46,canon ae-1,Canon,Film Cameras,Used,109.99,USD,FIXED_PRICE,grail:AE-1;good-cond,JP,tarmanpuk_0,99.7,2026-08-09T03:41:25.000Z,,https://www.ebay.com/itm/287513840334?hash=item42f1290ace:g:AAEAAeSwtcVqMUFa,https://i.ebayimg.com/images/g/AAEAAeSwtcVqMUFa/s-l225.jpg
高价,+140%,50.0,80,56.0,*N MINT* OLYMPUS µ mju stylus ZOOM 115 DLX point ＆ shoot Film Camera From JAPAN,olympus stylus 115,Olympus,Film Cameras,Used,119.9,USD,FIXED_PRICE,grail:mju;good-cond,JP,made-1n-japan,100.0,2026-08-09T04:26:47.000Z,,https://www.ebay.com/itm/336733612096?hash=item4e66e32840:g:N8MAAeSw0hNqeAJ6,https://i.ebayimg.com/images/g/N8MAAeSw0hNqeAJ6/s-l225.jpg
高价,+451%,21.77,80,56.0,*N MINT* OLYMPUS μ stylus mju ZOOM 105 DLX Point & Shoot Film Camera From JAPAN,olympus stylus,Olympus,Film Cameras,Used,119.9,USD,FIXED_PRICE,grail:mju;good-cond,JP,made-1n-japan,100.0,2026-08-09T04:25:14.000Z,,https://www.ebay.com/itm/336733611134?hash=item4e66e3247e:g:xToAAeSw-MdqeAIc,https://i.ebayimg.com/images/g/xToAAeSw-MdqeAIc/s-l225.jpg
高价,+140%,50.0,80,56.0,⏯️ [ MINT] Olympus μ mju Zoom Deluxe Point & Shoot 35mm Film Camera JAPAN,olympus mju,Olympus,Film Cameras,Used,119.99,USD,FIXED_PRICE,grail:mju;good-cond,JP,ky-camera.japan,100.0,2026-08-08T17:12:50.000Z,,https://www.ebay.com/itm/407129804349?hash=item5ecad3ce3d:g:TDQAAeSw8vxqd2Li,https://i.ebayimg.com/images/g/TDQAAeSw8vxqd2Li/s-l225.jpg
高价,+200%,40.0,80,56.0,[Almost MINT] Canon AE-1 35mm SLR Film Camera Black From JAPAN,canon ae-1,Canon,Film Cameras,Used,119.99,USD,FIXED_PRICE,grail:AE-1;good-cond,JP,japancamerapro,99.2,2026-08-08T16:10:31.000Z,,https://www.ebay.com/itm/398263714986?hash=item5cba5e04aa:g:bx4AAeSwFz1qd1Ww,https://i.ebayimg.com/images/g/bx4AAeSwFz1qd1Ww/s-l225.jpg
高价,+200%,40.0,80,56.0,(Meter Works [MINT / Strap] Canon AE-1 35mm Film Camera Silver Body From JAPAN,canon ae-1,Canon,Film Cameras,Used,119.99,USD,FIXED_PRICE,grail:AE-1;good-cond,JP,kaya6610,99.6,2026-08-08T14:16:24.000Z,,https://www.ebay.com/itm/318697962529?hash=item4a33e0fc21:g:3QcAAeSw4U1qdzqy,https://i.ebayimg.com/images/g/3QcAAeSw4U1qdzqy/s-l225.jpg
高价,+316%,28.88,80,56.0,[Exc+3] Canonet QL19 G-Ⅲ Rangefinder Camera Canon 45mm f/1.9 Lens From JAPAN,canon canonet,Canon,Film Cameras,Used,119.99,USD,"FIXED_PRICE,BEST_OFFER",grail:Canonet;good-cond,JP,zuishop,100.0,2026-08-08T06:17:33.000Z,,https://www.ebay.com/itm/287512183211?hash=item42f10fc1ab:g:uU8AAeSwL8lqdspR,https://i.ebayimg.com/images/g/uU8AAeSwL8lqdspR/s-l225.jpg
高价,+210%,40.0,80,56.0,[Near MINT] Near MINT Canon AE-1 Program Body 35mm Film Camera Black From JAPAN,canon ae-1,Canon,Film Cameras,Used,124.0,USD,FIXED_PRICE,grail:AE-1;good-cond,JP,peke-japan,100.0,2026-08-09T03:37:30.000Z,,https://www.ebay.com/itm/287513833621?hash=item42f128f095:g:9qUAAeSwbqVqd~cq,https://i.ebayimg.com/images/g/9qUAAeSwbqVqd~cq/s-l225.jpg
高价,+188%,43.41,80,56.0,[NEAR MINT] MINOLTA X-700 MPS Black SLR 35mm Film Camera Body : From JAPAN #0853,minolta x-700,Minolta,Film Cameras,Used,124.99,USD,"FIXED_PRICE,BEST_OFFER",grail:X-700;good-cond,JP,hisagi.camera.marketjp,100.0,2026-08-08T06:34:25.000Z,,https://www.ebay.com/itm/377402900146?hash=item57def73eb2:g:SJkAAeSwAuVqdH3q,https://i.ebayimg.com/images/g/SJkAAeSwAuVqdH3q/s-l225.jpg
高价,+225%,40.0,80,56.0,[Near MINT] Canon AE-1 Proglam 35mm SLR Film Camera Black Body Only From JAPAN,canon ae-1,Canon,Film Cameras,Used,129.9,USD,FIXED_PRICE,grail:AE-1;good-cond,JP,f1-camera,100.0,2026-08-08T14:01:49.000Z,,https://www.ebay.com/itm/336732891005?hash=item4e66d8277d:g:b7QAAeSwDp1qdzdJ,https://i.ebayimg.com/images/g/b7QAAeSwDp1qdzdJ/s-l225.jpg
高价,+225%,40.0,80,56.0,[Near MINT] Canon AE-1 35mm Film Camera Silver 28mm F2.8 Lens From JAPAN,canon ae-1,Canon,Film Cameras,Used,129.99,USD,FIXED_PRICE,grail:AE-1;good-cond,JP,kaya6610,99.6,2026-08-08T14:29:14.000Z,,https://www.ebay.com/itm/318697997176?hash=item4a33e18378:g:C-gAAeSwFN5qdz4t,https://i.ebayimg.com/images/g/C-gAAeSwFN5qdz4t/s-l225.jpg
高价,+164%,49.15,80,56.0,[Exc+5] Nikon Nikonos IV-A Underwater 35mm Film Camera 35mm F2.5 Lens From JAPAN,nikon nikonos,Nikon,Film Cameras,Used,129.99,USD,FIXED_PRICE,grail:Nikonos;good-cond,JP,hiroshima-camera,100.0,2026-08-08T13:13:25.000Z,,https://www.ebay.com/itm/800478672400?hash=itemba603f3610:g:aS0AAeSwNSNqdywv,https://i.ebayimg.com/images/g/aS0AAeSwNSNqdywv/s-l225.jpg
高价,+79%,73.84,80,56.0,[Top MINT] Mamiya Sekor C 210mm f/4 N Lens for 645 M645 1000S Pro TL JAPAN,mamiya sekor 210mm f4,Mamiya,Lenses,Used,131.99,USD,FIXED_PRICE,grail:645;good-cond,JP,positive_star_camera,99.9,2026-08-08T14:08:38.000Z,,https://www.ebay.com/itm/407129528986?hash=item5ecacf9a9a:g:08cAAeSwJgVqdzim,https://i.ebayimg.com/images/g/08cAAeSwJgVqdzim/s-l225.jpg
高价,+170%,50.0,80,56.0,READ![MINT] OLYMPUS μ mju Zoom PANORAMA Point Shoot 35mm Film Camera From JAPAN,olympus mju,Olympus,Film Cameras,Used,134.99,USD,FIXED_PRICE,grail:mju;good-cond,JP,star-store-japan,100.0,2026-08-09T03:09:42.000Z,,https://www.ebay.com/itm/307115350516?hash=item47818059f4:g:xx0AAeSwdh5qd--4,https://i.ebayimg.com/images/g/xx0AAeSwdh5qd--4/s-l225.jpg
高价,+250%,40.0,80,56.0,[Exc+5] Canon AE-1 Chrome Silver NFD 50mm f1.8 SLR 35mm Film Camera From JAPAN,canon ae-1,Canon,Film Cameras,Used,139.9,USD,FIXED_PRICE,grail:AE-1;good-cond,JP,f1-camera,100.0,2026-08-08T14:09:43.000Z,,https://www.ebay.com/itm/336732898665?hash=item4e66d84569:g:wv8AAeSw-V9qdzkm,https://i.ebayimg.com/images/g/wv8AAeSw-V9qdzkm/s-l225.jpg
高价,+250%,40.0,80,56.0,(HOOD [Near MINT] Canon AE-1 35mm SLR Film Camera Black 50mm F1.4 Lens JAPAN,canon ae-1,Canon,Film Cameras,Used,139.99,USD,FIXED_PRICE,grail:AE-1;good-cond,JP,kaya6610,99.6,2026-08-08T14:35:53.000Z,,https://www.ebay.com/itm/318698018421?hash=item4a33e1d675:g:9sgAAeSwiodqdz8L,https://i.ebayimg.com/images/g/9sgAAeSwiodqdz8L/s-l225.jpg
高价,+426%,27.1,80,56.0,*Near Mint* Pentax Spotmatic SP Film Camera SMC Takumar 35mm F/3.5 Lens From JPN,pentax spotmatic,Pentax,Film Cameras,Used,142.49,USD,FIXED_PRICE,grail:Spotmatic;good-cond,JP,dub0804-55,100.0,2026-08-08T11:07:35.000Z,,https://www.ebay.com/itm/366593572281?hash=item555aadfdb9:g:vnAAAOSwZytlSYN0,https://i.ebayimg.com/images/g/vnAAAOSwZytlSYN0/s-l225.jpg
高价,+589%,21.77,80,56.0,* Exc+5 * Olympus Stylus μ mju III 120 35mm Film Camera Point & Shoot From JAPAN,olympus stylus,Olympus,Film Cameras,Used,149.9,USD,FIXED_PRICE,grail:mju;good-cond,JP,made-1n-japan,100.0,2026-08-09T04:16:08.000Z,,https://www.ebay.com/itm/336733605982?hash=item4e66e3105e:g:K3wAAeSw1KtqeAAA,https://i.ebayimg.com/images/g/K3wAAeSw1KtqeAAA/s-l225.jpg
高价,+589%,21.77,80,56.0,[Near MINT] Olympus Stylus (mju) AF 35mm Point & Shoot Film Camera From JAPAN,olympus stylus,Olympus,Film Cameras,Used,149.99,USD,FIXED_PRICE,grail:mju;good-cond,JP,santarou,100.0,2026-08-08T13:36:59.000Z,,https://www.ebay.com/itm/377403571254?hash=item57df017c36:g:iEwAAeSwd3dqdzCa,https://i.ebayimg.com/images/g/iEwAAeSwd3dqdzCa/s-l225.jpg
高价,+67%,89.99,80,56.0,[ Exc+5 ] Mamiya Sekor Z 180mm f/4.5 W-N Lens for RZ67 Pro II IID From JAPAN,mamiya sekor 180mm f4.5,Mamiya,Lenses,Used,149.99,USD,FIXED_PRICE,grail:RZ67;good-cond,JP,sunsethill_81,100.0,2026-08-08T09:00:14.000Z,,https://www.ebay.com/itm/168597736779?hash=item2741354d4b:g:Ms8AAeSwCDZqCJOU,https://i.ebayimg.com/images/g/Ms8AAeSwCDZqCJOU/s-l225.jpg
高价,+200%,50.0,80,56.0,[ EXC+5 ] Olympus μ mju Black Point & Shoot 35mm Film Camera From JAPAN,olympus mju,Olympus,Film Cameras,Used,149.99,USD,"FIXED_PRICE,BEST_OFFER",grail:mju;good-cond,JP,japan_camera_sippo,100.0,2026-08-08T07:01:37.000Z,,https://www.ebay.com/itm/398262444093?hash=item5cba4aa03d:g:QT4AAeSwAzZqYdHG,https://i.ebayimg.com/images/g/QT4AAeSwAzZqYdHG/s-l225.jpg
高价,+634%,21.77,80,56.0,⏯ [MINT] Olympus stylus mju Zoom proof 105 Point & Shoot film Camera From JAPAN,olympus stylus,Olympus,Film Cameras,Used,159.9,USD,FIXED_PRICE,grail:mju;good-cond,JP,tommy_camera_japan,100.0,2026-08-08T04:39:14.000Z,,https://www.ebay.com/itm/407128583008?hash=item5ecac12b60:g:FiYAAeSwL8lqdrQg,https://i.ebayimg.com/images/g/FiYAAeSwL8lqdrQg/s-l225.jpg
高价,+496%,27.1,80,56.0,*Near Mint ++* Pentax Spotmatic SP Black Film Camera Super Takumar 35mm F/3.5 JP,pentax spotmatic,Pentax,Film Cameras,Used,161.49,USD,FIXED_PRICE,grail:Spotmatic;good-cond,JP,hitonaga-0,100.0,2026-08-08T11:34:15.000Z,,https://www.ebay.com/itm/407129237029?hash=item5ecacb2625:g:JDAAAeSwvaVqRPjH,https://i.ebayimg.com/images/g/JDAAAeSwvaVqRPjH/s-l225.jpg
高价,+49%,109.86,80,56.0,15846 Current special price CONTAX RTS Contax film camera body,contax rts contax,Contax,Film Cameras,Used,164.09,USD,"FIXED_PRICE,BEST_OFFER",grail:CONTAX RTS,JP,mgaaoetom10rbmjc-1,99.1,2026-08-08T16:58:50.000Z,,https://www.ebay.com/itm/236994009550?hash=item372df199ce:g:YtoAAeSwkOdqd2EK,https://i.ebayimg.com/images/g/YtoAAeSwkOdqd2EK/s-l225.jpg
高价,+85%,88.88,52,56.0,CONTAX CONTAX 139 Quartz body,contax 139,Contax,Film Cameras,Used,164.09,USD,"FIXED_PRICE,BEST_OFFER",grail:CONTAX 139,JP,mgaaoetom10rbmjc-1,99.1,2026-08-08T16:58:48.000Z,,https://www.ebay.com/itm/236994009540?hash=item372df199c4:g:xNEAAeSwFU5qd2E~,https://i.ebayimg.com/images/g/xNEAAeSwFU5qd2E~/s-l225.jpg
高价,+315%,40.0,80,56.0,tested【NEAR MINT++】Canon AE-1 Program black /canon NFD 50mm f/2 from japan,canon ae-1,Canon,Film Cameras,Used,165.99,USD,"FIXED_PRICE,BEST_OFFER",grail:AE-1;good-cond,JP,japan-vintage-collection,100.0,2026-08-08T17:53:20.000Z,,https://www.ebay.com/itm/398264053264?hash=item5cba632e10:g:HJMAAeSwjYdqU-BM,https://i.ebayimg.com/images/g/HJMAAeSwjYdqU-BM/s-l225.jpg
高价,+183%,59.99,80,56.0,READ [Exc+5] Nikon F4 SLR 35mm Film Camera DP-20 w/ MF-22 Data Back From JAPAN,nikon f4,Nikon,Film Cameras,Used,169.99,USD,FIXED_PRICE,grail:Nikon F4;good-cond,JP,megalithjapancamera,100.0,2026-08-09T00:30:09.000Z,,https://www.ebay.com/itm/398264934423?hash=item5cba70a017:g:huMAAeSwBVhqd8rH,https://i.ebayimg.com/images/g/huMAAeSwBVhqd8rH/s-l225.jpg
高价,+1318%,11.99,80,56.0,Meter Works! [Exc+5] Pentax MX Silver 35mm SLR Film Camera Body From JAPAN,pentax 35mm,Pentax,Film Cameras,Used,169.99,USD,FIXED_PRICE,grail:Pentax MX;good-cond,JP,ymmtk_43,100.0,2026-08-08T12:04:57.000Z,,https://www.ebay.com/itm/198556304218?hash=item2e3ae0c35a:g:2hAAAeSwVopqdxiK,https://i.ebayimg.com/images/g/2hAAAeSwVopqdxiK/s-l225.jpg
高价,+325%,40.0,80,56.0,*Near Mint ++* Canon AE-1 Program Black SLR 35mm Film Camera Body From Japan,canon ae-1,Canon,Film Cameras,Used,169.99,USD,FIXED_PRICE,grail:AE-1;good-cond,JP,dub0804-55,100.0,2026-08-08T11:07:35.000Z,,https://www.ebay.com/itm/366593572327?hash=item555aadfde7:g:BigAAeSwiJ5p8zzh,https://i.ebayimg.com/images/g/BigAAeSwiJ5p8zzh/s-l225.jpg
高价,+325%,40.0,80,56.0,Read [ NEAR MINT ] Canon AE-1 Program Black Body Only SLR 35mm Film Camera JAPAN,canon ae-1,Canon,Film Cameras,Used,170.0,USD,"FIXED_PRICE,BEST_OFFER",grail:AE-1;good-cond,JP,tiida_collection_japan,100.0,2026-08-08T08:41:54.000Z,,https://www.ebay.com/itm/358899914178?hash=item53901a15c2:g:sP0AAeSwfiVpn2vt,https://i.ebayimg.com/images/g/sP0AAeSwfiVpn2vt/s-l225.jpg
高价,+224%,54.0,21,56.0,New Light Seal [N MINT] Yashica T AF-D 35mm Film Camera Zeiss Tessar From JAPAN,yashica af-d,Yashica,Film Cameras,Used,174.99,USD,FIXED_PRICE,grail:Tessar;good-cond,JP,yorozuya_japan.en,100.0,2026-08-08T14:51:20.000Z,,https://www.ebay.com/itm/257669083844?hash=item3bfe4632c4:g:LgUAAeSw4U1qd0Nc,https://i.ebayimg.com/images/g/LgUAAeSw4U1qd0Nc/s-l225.jpg
高价,+260%,50.0,80,56.0,【 EXC+5 】 Olympus μ mju Black AF Point & Shoot 35mm Film Camera From JAPAN,olympus mju,Olympus,Film Cameras,Used,179.99,USD,FIXED_PRICE,grail:mju;good-cond,JP,ykond91-camera-japan,100.0,2026-08-08T15:44:05.000Z,,https://www.ebay.com/itm/800479021173?hash=itemba60448875:g:iNUAAeSwsnZqd0zd,https://i.ebayimg.com/images/g/iNUAAeSwsnZqd0zd/s-l225.jpg
高价,+395%,40.0,80,56.0,⏯️ Canon AE-1 Program Black 35mm Film SLR Camera 50mm f/1.4 Winder A2 [N MINT],canon ae-1,Canon,Film Cameras,Used,198.0,USD,FIXED_PRICE,grail:AE-1;good-cond,JP,arigato0602,100.0,2026-08-08T15:52:27.000Z,,https://www.ebay.com/itm/287512906368?hash=item42f11aca80:g:oGAAAeSwY5dqd1Fx,https://i.ebayimg.com/images/g/oGAAAeSwY5dqd1Fx/s-l225.jpg
高价,+547%,30.74,80,56.0,[ Near MINT W/strap] PENTAX MX 35mm Film Camera SMC-M 50mm f/1.7 Lens From JAPAN,pentax smc-m,Pentax,Film Cameras,Used,199.0,USD,FIXED_PRICE,grail:PENTAX MX;good-cond,JP,daya_2548,100.0,2026-08-08T22:28:14.000Z,,https://www.ebay.com/itm/398264667735?hash=item5cba6c8e57:g:91cAAeSwSJFqd643,https://i.ebayimg.com/images/g/91cAAeSwSJFqd643/s-l225.jpg
高价,+87%,106.6,81,56.0,[Near MINT] Mamiya Sekor SF C 150mm f4 w/ 3 Soft Focus Disk RB67 S SD From JAPAN,mamiya sekor 150mm f4,Mamiya,Lenses,Used,199.49,USD,FIXED_PRICE,grail:RB67;good-cond,JP,uummee0,100.0,2026-08-08T23:06:29.000Z,,https://www.ebay.com/itm/147491993819?hash=item22573538db:g:mn0AAOSwFcVoTL4M,https://i.ebayimg.com/images/g/mn0AAOSwFcVoTL4M/s-l225.jpg
高价,+264%,54.87,80,56.0,Read ! [ Near MINT ] Nikon F2 Photomic DP-1 35mm SLR Film Camera From JAPAN #2,nikon f2,Nikon,Film Cameras,Used,199.9,USD,FIXED_PRICE,grail:Nikon F2;good-cond,JP,hiro_hiro_1986,100.0,2026-08-08T22:15:39.000Z,,https://www.ebay.com/itm/257669727133?hash=item3bfe50039d:g:up8AAeSwPpdqYDij,https://i.ebayimg.com/images/g/up8AAeSwPpdqYDij/s-l225.jpg
高价,+100%,100.0,75,56.0,[ Top MINT ] Olympus mju μ Stylus II 170 VF Point & Shoot Film Camera From JAPAN,olympus stylus 170,Olympus,Film Cameras,Used,199.9,USD,FIXED_PRICE,grail:mju;good-cond,JP,tpjgad67,100.0,2026-08-08T14:39:10.000Z,,https://www.ebay.com/itm/307114499601?hash=item4781735e11:g:J~kAAeSwoTxqdz~O,https://i.ebayimg.com/images/g/J~kAAeSwoTxqdz~O/s-l225.jpg
高价,+195%,67.83,80,56.0,[ Unused in Box ] Sharan Rolleiflex 2.8F Megahouse Mini Film Camera From JAPAN,rolleiflex rolleiflex,Rolleiflex,Film Cameras,Used,199.99,USD,FIXED_PRICE,grail:Rolleiflex 2.8F,JP,sss.yyy.-57,100.0,2026-08-09T04:58:25.000Z,,https://www.ebay.com/itm/298571381084?hash=item45843db95c:g:9W4AAeSwvmNqeAlq,https://i.ebayimg.com/images/g/9W4AAeSwvmNqeAlq/s-l225.jpg
高价,+400%,40.0,80,56.0,CLA'd [N MINT] Canon AE-1 program 35mm Film Camera Black NFD 50mm f1.4 JAPAN,canon ae-1,Canon,Film Cameras,Used,199.99,USD,FIXED_PRICE,grail:AE-1;good-cond,JP,masakeithi,100.0,2026-08-09T02:43:02.000Z,,https://www.ebay.com/itm/178387986816?hash=item2988c0a980:g:XrYAAeSwtqtqd-ph,https://i.ebayimg.com/images/g/XrYAAeSwtqtqd-ph/s-l225.jpg
高价,+102%,99.0,80,56.0,Read!![EXC+5] Canon New F-1 AE Finder SLR 35mm Film Camera Body from Japan,canon f-1,Canon,Film Cameras,Used,199.99,USD,"FIXED_PRICE,BEST_OFFER",grail:New F-1;good-cond,JP,japan-vintage-cameras-and-watch,99.8,2026-08-09T01:57:11.000Z,,https://www.ebay.com/itm/137600648297?hash=item2009a34469:g:ZqcAAeSwBExpp56q,https://i.ebayimg.com/images/g/ZqcAAeSwBExpp56q/s-l225.jpg
高价,+300%,50.0,80,56.0,[EXC+5] Olympus µ mju II zoom 35mm Point & Shoot film Camera From JAPAN,olympus mju,Olympus,Film Cameras,Used,199.99,USD,"FIXED_PRICE,BEST_OFFER",grail:mju;good-cond,JP,d-camera-tokyo,98.8,2026-08-08T15:48:31.000Z,,https://www.ebay.com/itm/206475359738?hash=item3012e3f5fa:g:qCgAAeSwauxqEJo2,https://i.ebayimg.com/images/g/qCgAAeSwauxqEJo2/s-l225.jpg
高价,+300%,50.0,80,56.0,[NEAR MINT++] Olympus μ mju 35mm Point & Shoot Film Film Camera from JAPAN,olympus mju,Olympus,Film Cameras,Used,199.99,USD,FIXED_PRICE,grail:mju;good-cond,JP,seiji_japan_camera,100.0,2026-08-08T13:45:34.000Z,,https://www.ebay.com/itm/358900751895?hash=item539026de17:g:nNkAAeSw65pqdzB3,https://i.ebayimg.com/images/g/nNkAAeSw65pqdzB3/s-l225.jpg
高价,+67%,119.99,80,56.0,All Works [ Near MINT ] Olympus XA 35mm Rangefinder Film Camera A11 From JAPAN,olympus a11,Olympus,Film Cameras,Used,199.99,USD,FIXED_PRICE,grail:Olympus XA;good-cond,JP,aga-8114,100.0,2026-08-08T04:56:19.000Z,,https://www.ebay.com/itm/236993028833?hash=item372de2a2e1:g:fiwAAeSwFU5qdrdt,https://i.ebayimg.com/images/g/fiwAAeSwFU5qdrdt/s-l225.jpg
高价,+950%,19.51,80,56.0,MEGAHOUSE Leica M3 Mini Camera,leica m3,Leica,Film Cameras,Used,204.79,USD,"FIXED_PRICE,BEST_OFFER",grail:Leica M3,JP,mgaaoetom10rbmjc-1,99.1,2026-08-08T15:56:27.000Z,,https://www.ebay.com/itm/236993925713?hash=item372df05251:g:YfUAAeSwg5hqd1Kd,https://i.ebayimg.com/images/g/YfUAAeSwg5hqd1Kd/s-l225.jpg
高价,+864%,21.77,80,56.0,*N MINT * Olympus μ stylus mju Zoom Wide 80 Point & Shoot Film Camera From JAPAN,olympus stylus,Olympus,Film Cameras,Used,209.9,USD,FIXED_PRICE,grail:mju;good-cond,JP,made-1n-japan,100.0,2026-08-09T04:17:42.000Z,,https://www.ebay.com/itm/336733606747?hash=item4e66e3135b:g:L4kAAeSw3DNqd~-m,https://i.ebayimg.com/images/g/L4kAAeSw3DNqd~-m/s-l225.jpg
高价,+327%,49.15,80,56.0,Nikon Nikonos III Underwater Film Camera 35mm f/2.5 Lens from JAPAN [NEAR MINT],nikon nikonos,Nikon,Film Cameras,Used,209.99,USD,"FIXED_PRICE,BEST_OFFER",grail:Nikonos;good-cond,JP,dream.camera.tokyo,100.0,2026-08-09T00:07:47.000Z,,https://www.ebay.com/itm/318699781741?hash=item4a33fcbe6d:g:tU4AAeSwMm1qP2~m,https://i.ebayimg.com/images/g/tU4AAeSwMm1qP2~m/s-l225.jpg
高价,+75%,119.99,80,56.0,▶️New seal [NEAR MINT+] Olympus XA 35mm Rangefinder Film Camera A11 Flash JAPAN,olympus a11,Olympus,Film Cameras,Used,209.99,USD,"FIXED_PRICE,BEST_OFFER",grail:Olympus XA;good-cond,JP,manaco_shop_japan,99.6,2026-08-08T21:38:04.000Z,,https://www.ebay.com/itm/298570621657?hash=item45843222d9:g:4~wAAeSwUv5p~nxR,https://i.ebayimg.com/images/g/4~wAAeSwUv5p~nxR/s-l225.jpg
高价,+320%,50.0,80,56.0,[ Near MINT ] Olympus μ mju Panorama Point & Shoot 35mm Film Camera From JAPAN,olympus mju,Olympus,Film Cameras,Used,209.99,USD,"FIXED_PRICE,BEST_OFFER",grail:mju;good-cond,JP,camera_yu1010_japan,100.0,2026-08-08T18:00:01.000Z,,https://www.ebay.com/itm/287497695237?hash=item42f032b005:g:J9oAAeSwsHRqboz5,https://i.ebayimg.com/images/g/J9oAAeSwsHRqboz5/s-l225.jpg
高价,+320%,50.0,80,56.0,All works [ N MINT ] Olympus μ mju Black 35mm F/3.5 Lens Film Camera From JAPAN,olympus mju,Olympus,Film Cameras,Used,209.99,USD,FIXED_PRICE,grail:mju;good-cond,JP,ohana_camera_tokyo,99.6,2026-08-08T11:48:38.000Z,,https://www.ebay.com/itm/198556274627?hash=item2e3ae04fc3:g:g~kAAeSwWXtqdxhL,https://i.ebayimg.com/images/g/g~kAAeSwWXtqdxhL/s-l225.jpg
高价,+425%,40.0,80,56.0,[NEAR MINT] Canon AE-1 Program 35mm SLR Film Camera w/ NFD 50mm f1.4 & 200mm f4,canon ae-1,Canon,Film Cameras,Used,209.99,USD,FIXED_PRICE,grail:AE-1;good-cond,JP,kanazaway,100.0,2026-08-08T06:05:41.000Z,,https://www.ebay.com/itm/407128711851?hash=item5ecac322ab:g:nsEAAeSw3C1qdsgs,https://i.ebayimg.com/images/g/nsEAAeSw3C1qdsgs/s-l225.jpg
高价,+1002%,19.51,80,56.0,Collector's Item [Unopened] SHARAN Leica M3 Model Minox Film Camera from Japan,leica m3,Leica,Film Cameras,Used,215.0,USD,FIXED_PRICE,grail:Leica M3,JP,yumikoui2012,97.1,2026-08-08T06:18:22.000Z,,https://www.ebay.com/itm/168597459458?hash=item2741311202:g:VToAAOSwFA9na4ap,https://i.ebayimg.com/images/g/VToAAOSwFA9na4ap/s-l225.jpg
高价,+910%,21.77,80,56.0,*N MINT+* Olympus Stylus μ mju III 120 35mm Film Camera Point & Shoot From JAPAN,olympus stylus,Olympus,Film Cameras,Used,219.9,USD,FIXED_PRICE,grail:mju;good-cond,JP,made-1n-japan,100.0,2026-08-09T04:02:01.000Z,,https://www.ebay.com/itm/336733598342?hash=item4e66e2f286:g:pEwAAeSwWXtqd~zl,https://i.ebayimg.com/images/g/pEwAAeSwWXtqd~zl/s-l225.jpg
高价,+347%,49.15,80,56.0,[ Near MINT ] Nikon Nikonos V Orange Underwater Film Camera 28mm f3.5 From JAPAN,nikon nikonos,Nikon,Film Cameras,Used,219.9,USD,FIXED_PRICE,grail:Nikonos;good-cond,JP,haneul_2,100.0,2026-08-08T22:33:04.000Z,,https://www.ebay.com/itm/366594262323?hash=item555ab88533:g:wOIAAeSwUcpqd68c,https://i.ebayimg.com/images/g/wOIAAeSwUcpqd68c/s-l225.jpg
高价,+301%,54.87,80,56.0,▶️[Near MINT] Nikon F2 Photomic DP-1 Silver 35mm SLR Film Camera Body From JAPAN,nikon f2,Nikon,Film Cameras,Used,219.99,USD,FIXED_PRICE,grail:Nikon F2;good-cond,JP,sunshine_camera,99.7,2026-08-09T01:48:21.000Z,,https://www.ebay.com/itm/206476337335?hash=item3012f2e0b7:g:uOkAAeSwFuJqVy6T,https://i.ebayimg.com/images/g/uOkAAeSwFuJqVy6T/s-l225.jpg
高价,+83%,119.99,80,56.0,All Works [Near MINT w/Case] Olympus XA Rangefinder + A11 Film Camera From JAPAN,olympus a11,Olympus,Film Cameras,Used,219.99,USD,FIXED_PRICE,grail:Olympus XA;good-cond,JP,beryg_camera-japan,100.0,2026-08-09T00:18:54.000Z,,https://www.ebay.com/itm/800480048783?hash=itemba6054368f:g:qEQAAeSwEG1qd8iS,https://i.ebayimg.com/images/g/qEQAAeSwEG1qd8iS/s-l225.jpg
高价,+910%,21.77,80,56.0,[Almost MINT] Olympus μ Mju ii 115 VF Stylus 35mm Point & Shoot Film Camera JP,olympus stylus,Olympus,Film Cameras,Used,219.99,USD,"FIXED_PRICE,BEST_OFFER",grail:Mju;good-cond,JP,d-camera-tokyo,98.8,2026-08-08T15:51:38.000Z,,https://www.ebay.com/itm/206475376557?hash=item3012e437ad:g:os0AAeSw1URp3jUc,https://i.ebayimg.com/images/g/os0AAeSw1URp3jUc/s-l225.jpg
高价,+120%,100.0,75,56.0,[MINT] Olympus mju μ stylus II 170 VF Point & Shoot Film Camera From JAPAN,olympus stylus 170,Olympus,Film Cameras,Used,219.99,USD,"FIXED_PRICE,BEST_OFFER",grail:mju;good-cond,JP,hagacamerajapan,100.0,2026-08-08T07:35:34.000Z,,https://www.ebay.com/itm/236993229270?hash=item372de5b1d6:g:cwYAAeSwvQ9qBbDM,https://i.ebayimg.com/images/g/cwYAAeSwvQ9qBbDM/s-l225.jpg
高价,+83%,119.99,80,56.0,"[NEAR MINT, ALL WORKS] Olympus XA Point & Shoot Camera + A11 Flash JAPAN #306",olympus a11,Olympus,Film Cameras,Used,220.0,USD,FIXED_PRICE,grail:Olympus XA;good-cond,JP,takanocom,100.0,2026-08-08T06:37:47.000Z,,https://www.ebay.com/itm/407128750717?hash=item5ecac3ba7d:g:04IAAeSwMcpqds1u,https://i.ebayimg.com/images/g/04IAAeSwMcpqds1u/s-l225.jpg
高价,+131%,99.0,80,56.0,Canon New F-1 AE Finder 35mm SLR Film Camera Body Tested from Japan [Exc+3],canon f-1,Canon,Film Cameras,Used,229.0,USD,FIXED_PRICE,grail:New F-1;good-cond,JP,aa2com,100.0,2026-08-08T08:34:47.000Z,,https://www.ebay.com/itm/236993306688?hash=item372de6e040:g:3PIAAeSw3lhqdrLt,https://i.ebayimg.com/images/g/3PIAAeSw3lhqdrLt/s-l225.jpg
高价,+956%,21.77,80,56.0,**MINT** Olympus Stylus μ mju III 120 35mm Film Camera Point & Shoot From JAPAN,olympus stylus,Olympus,Film Cameras,Used,229.9,USD,FIXED_PRICE,grail:mju;good-cond,JP,made-1n-japan,100.0,2026-08-09T04:20:34.000Z,,https://www.ebay.com/itm/336733608058?hash=item4e66e3187a:g:CuMAAeSwyJFqeAEI,https://i.ebayimg.com/images/g/CuMAAeSwyJFqeAEI/s-l225.jpg
高价,+360%,50.0,80,56.0,*MINT w/Case* Olympus μ mju stylus II 115 VF 35mm Compact Film Camera From JAPAN,olympus stylus 115,Olympus,Film Cameras,Used,229.9,USD,FIXED_PRICE,grail:mju;good-cond,JP,made-1n-japan,100.0,2026-08-09T04:03:35.000Z,,https://www.ebay.com/itm/336733598748?hash=item4e66e2f41c:g:Bh8AAeSwAuVqd~0I,https://i.ebayimg.com/images/g/Bh8AAeSwAuVqd~0I/s-l225.jpg
高价,+360%,50.0,80,56.0,⏯️[MINT w/case] Olympus μ mju Black AF Point & Shoot 35mm Film Camera From JAPAN,olympus mju,Olympus,Film Cameras,Used,229.9,USD,FIXED_PRICE,grail:mju;good-cond,JP,tmok95_camera_japan,100.0,2026-08-08T16:22:37.000Z,,https://www.ebay.com/itm/168598484623?hash=item274140b68f:g:6zgAAeSwgIBqd1iI,https://i.ebayimg.com/images/g/6zgAAeSwgIBqd1iI/s-l225.jpg
高价,+156%,89.97,80,56.0,[N MINT+] Mamiya K/L 180mm F4.5 L-A Telephoto Lens for RB67 S SD From JAPAN,mamiya 180mm f4.5,Mamiya,Lenses,Used,229.99,USD,FIXED_PRICE,grail:RB67;good-cond,JP,japancamera_au,100.0,2026-08-08T21:15:55.000Z,,https://www.ebay.com/itm/227467744011?hash=item34f622530b:g:gbMAAeSwnu5qd523,https://i.ebayimg.com/images/g/gbMAAeSwnu5qd523/s-l225.jpg
高价,+360%,50.0,80,56.0,Read! Olympus mju μ II Zoom VF Point & Shoot 35mm Film Camera JAPAN [Opt MINT],olympus mju,Olympus,Film Cameras,Used,229.99,USD,"FIXED_PRICE,BEST_OFFER",grail:mju;good-cond,JP,watanabe-camera-japan,100.0,2026-08-08T12:19:24.000Z,,https://www.ebay.com/itm/407129301518?hash=item5ecacc220e:g:970AAeSwrdVpx9EE,https://i.ebayimg.com/images/g/970AAeSwrdVpx9EE/s-l225.jpg
高价,+64%,140.0,80,56.0,[Near MINT] Meter Ok Pentax MX Black 35mm SLR Film Camera A50mm F/1.4 From JAPAN,pentax 35mm f1.4,Pentax,Film Cameras,Used,229.99,USD,FIXED_PRICE,grail:Pentax MX;good-cond,JP,gionkyotocamera,100.0,2026-08-08T10:07:49.000Z,,https://www.ebay.com/itm/398262887004?hash=item5cba51625c:g:muUAAeSwvmNqdwDu,https://i.ebayimg.com/images/g/muUAAeSwvmNqdwDu/s-l225.jpg
高价,+2200%,10.0,80,56.0,[MINT] Olympus XA Rangefinder 35mm Film Camera From JAPAN,olympus 35mm,Olympus,Film Cameras,Used,229.99,USD,FIXED_PRICE,grail:Olympus XA;good-cond,JP,yuk1camera-japan,100.0,2026-08-08T07:11:06.000Z,,https://www.ebay.com/itm/366593302921?hash=item555aa9e189:g:BUIAAeSw3BxqdtdF,https://i.ebayimg.com/images/g/BUIAAeSw3BxqdtdF/s-l225.jpg
高价,+93%,124.18,80,56.0,[Top MINT] Olympus μ mju II 115 VF Point & Shoot 35mm Film Camera From JAPAN,olympus mju 115,Olympus,Film Cameras,Used,239.99,USD,FIXED_PRICE,grail:mju;good-cond,JP,star-store-japan,100.0,2026-08-09T03:20:02.000Z,,https://www.ebay.com/itm/307115356877?hash=item47818072cd:g:yWQAAeSwbiNqd~MU,https://i.ebayimg.com/images/g/yWQAAeSwbiNqd~MU/s-l225.jpg
高价,+300%,59.99,80,56.0,No Leak!! [MINT] Nikon F4 w/DP-20 35mm SLR Film From JAPAN,nikon f4,Nikon,Film Cameras,Used,239.99,USD,FIXED_PRICE,grail:Nikon F4;good-cond,JP,casasar-61,99.7,2026-08-08T13:54:24.000Z,,https://www.ebay.com/itm/318697906509?hash=item4a33e0214d:g:0EkAAeSwbiNqdzY~,https://i.ebayimg.com/images/g/0EkAAeSwbiNqdzY~/s-l225.jpg
高价,+152%,99.0,80,56.0,[ Near MINT ] Canon F-1 Early Body35mm SLR Film Camera From JAPAN,canon f-1,Canon,Film Cameras,Used,248.99,USD,"FIXED_PRICE,BEST_OFFER",grail:Canon F-1;good-cond,JP,camera_yu1010_japan,100.0,2026-08-08T12:25:31.000Z,,https://www.ebay.com/itm/287512665294?hash=item42f1171cce:g:eC8AAeSwI8dp6YBF,https://i.ebayimg.com/images/g/eC8AAeSwI8dp6YBF/s-l225.jpg
高价,+63%,152.49,80,56.0,[TOP MINT w/ Hood] Mamiya Sekor C 127mm f/3.8 Standard Lens RB67 Pro S SD JAPAN,mamiya sekor 127mm f3.8,Mamiya,Lenses,Used,249.0,USD,FIXED_PRICE,grail:RB67;good-cond,JP,camera_taro,100.0,2026-08-08T23:04:57.000Z,,https://www.ebay.com/itm/398264740826?hash=item5cba6dabda:g:6cEAAeSw9QJqJ6b0,https://i.ebayimg.com/images/g/6cEAAeSw9QJqJ6b0/s-l225.jpg
高价,+356%,54.87,80,56.0,Final Late 802xxxx [Near MINT] Nikon F2 Photomic A DP-11 35mm Film Camera JAPAN,nikon f2,Nikon,Film Cameras,Used,249.99,USD,FIXED_PRICE,grail:Nikon F2;good-cond,JP,echigo-camera-japan,100.0,2026-08-08T22:48:41.000Z,,https://www.ebay.com/itm/318699588428?hash=item4a33f9cb4c:g:LvgAAeSwawdqd7M9,https://i.ebayimg.com/images/g/LvgAAeSwawdqd7M9/s-l225.jpg
高价,+400%,50.0,80,56.0,Rare [MINT] Olympus Mju μ Zoom Deluxe 5 million sold 35mm Film Camera From JAPAN,olympus mju,Olympus,Film Cameras,Used,249.99,USD,FIXED_PRICE,grail:Mju;good-cond,JP,shoyama_japan,100.0,2026-08-08T10:19:58.000Z,,https://www.ebay.com/itm/307114138031?hash=item47816dd9af:g:7m8AAeSwWatqdwP0,https://i.ebayimg.com/images/g/7m8AAeSwWatqdwP0/s-l225.jpg
高价,+317%,59.99,80,56.0,LCD No Leak! [TOP MINT] Nikon F4 Body Only 35mm Film Camera From Japan,nikon f4,Nikon,Film Cameras,Used,249.99,USD,FIXED_PRICE,grail:Nikon F4;good-cond,JP,linksjapan,100.0,2026-08-08T10:02:15.000Z,,https://www.ebay.com/itm/318697149146?hash=item4a33d492da:g:b9wAAeSwFz1qdv2G,https://i.ebayimg.com/images/g/b9wAAeSwFz1qdv2G/s-l225.jpg
高价,+152%,99.0,80,56.0,Meter Works [N MINT] Late Model Canon F-1 35mm SLR Film Camera Black Body JAPAN,canon f-1,Canon,Film Cameras,Used,249.99,USD,FIXED_PRICE,grail:Canon F-1;good-cond,JP,japan_nagoya_y.camera,100.0,2026-08-08T09:55:06.000Z,,https://www.ebay.com/itm/147490865188?hash=item2257240024:g:k6UAAeSwgvRqdv3v,https://i.ebayimg.com/images/g/k6UAAeSwgvRqdv3v/s-l225.jpg
高价,+550%,40.0,80,56.0,Rare Olympic Box Strap [MINT] Canon AE-1 Program Black Film Camera From JAPAN,canon ae-1,Canon,Film Cameras,Used,259.99,USD,FIXED_PRICE,grail:AE-1;good-cond,JP,ty_camera_japan,100.0,2026-08-08T13:10:19.000Z,,https://www.ebay.com/itm/358900663744?hash=item53902585c0:g:XCgAAeSwyedqdyt0,https://i.ebayimg.com/images/g/XCgAAeSwyedqdyt0/s-l225.jpg
高价,+440%,50.0,80,56.0,[Top MINT] Olympus μ mju II 110 Point & Shoot 35mm Film Camera From JAPAN,olympus mju,Olympus,Film Cameras,Used,269.99,USD,FIXED_PRICE,grail:mju;good-cond,JP,star-store-japan,100.0,2026-08-09T03:05:05.000Z,,https://www.ebay.com/itm/307115347855?hash=item4781804f8f:g:rZwAAeSwhnxqd-8e,https://i.ebayimg.com/images/g/rZwAAeSwhnxqd-8e/s-l225.jpg
高价,+170%,99.99,80,56.0,[ Near MINT /Hood ] Pentax K1000 SLR Film Camera 50mm M f/1.4 Lens From JAPAN,pentax k1000,Pentax,Film Cameras,Used,269.99,USD,FIXED_PRICE,grail:K1000;good-cond,JP,kid1173,99.7,2026-08-08T16:21:19.000Z,,https://www.ebay.com/itm/188762262640?hash=item2bf31b8c70:g:jboAAeSwQGhqd1dT,https://i.ebayimg.com/images/g/jboAAeSwQGhqd1dT/s-l225.jpg
高价,+350%,59.99,80,56.0,"S/N 251xxxx [MINT w/ MF-22, Strap ] Nikon F4 SLR 35mm Film Camera From JAPAN",nikon f4,Nikon,Film Cameras,Used,269.99,USD,FIXED_PRICE,grail:Nikon F4;good-cond,JP,island_snow_888_japan,100.0,2026-08-08T08:49:54.000Z,,https://www.ebay.com/itm/358899934050?hash=item53901a6362:g:QSUAAeSwawdqdu7m,https://i.ebayimg.com/images/g/QSUAAeSwawdqdu7m/s-l225.jpg
高价,+79%,151.03,80,56.0,[Top Mint in Box] Contax Carl Zeiss Sonnar 90mm 2.8 T* Lens for G1 G2 from Japan,contax sonnar 90mm,Contax,Lenses,Used,270.0,USD,FIXED_PRICE,grail:Sonnar;good-cond,JP,yumikoui2012,97.1,2026-08-08T06:18:22.000Z,,https://www.ebay.com/itm/168597459438?hash=item27413111ee:g:ymQAAOSwqpRlqz1r,https://i.ebayimg.com/images/g/ymQAAOSwqpRlqz1r/s-l225.jpg
高价,+460%,50.0,80,56.0,[Near MINT w/Strap] Olympus μ mju III 120 Point & Shoot Film Camera From JAPAN,olympus mju,Olympus,Film Cameras,Used,279.9,USD,FIXED_PRICE,grail:mju;good-cond,JP,vintagehighqualitycamerashopymmmcamera,100.0,2026-08-09T02:44:29.000Z,,https://www.ebay.com/itm/398265226703?hash=item5cba7515cf:g:fmMAAeSwSJFqd-nO,https://i.ebayimg.com/images/g/fmMAAeSwSJFqd-nO/s-l225.jpg
高价,+367%,59.99,80,56.0,[Near MINT +3] Nikon F4 SLR 35mm Film Camera AF 50mm F1.8 Lens From JAPAN,nikon f4,Nikon,Film Cameras,Used,279.99,USD,FIXED_PRICE,grail:Nikon F4;good-cond,JP,kaya6610,99.6,2026-08-08T13:50:52.000Z,,https://www.ebay.com/itm/318697897402?hash=item4a33dffdba:g:sNIAAeSw64ZqdzVt,https://i.ebayimg.com/images/g/sNIAAeSw64ZqdzVt/s-l225.jpg
高价,+367%,59.99,80,56.0,[Near MINT] Nikon F4 F4E 35mm SLR Film Camera Body w/MB-23 Grip From JAPAN,nikon f4,Nikon,Film Cameras,Used,279.99,USD,"FIXED_PRICE,BEST_OFFER",grail:Nikon F4;good-cond,JP,teriyaki.japan,99.6,2026-08-08T12:43:55.000Z,,https://www.ebay.com/itm/407129335802?hash=item5ecacca7fa:g:5RoAAeSwbEhqdyQP,https://i.ebayimg.com/images/g/5RoAAeSwbEhqdyQP/s-l225.jpg
高价,+138%,124.18,80,56.0,[Near MINT] Olympus μ mju II 115 VF Point & Shoot Film Camera From JAPAN,olympus mju 115,Olympus,Film Cameras,Used,294.99,USD,FIXED_PRICE,grail:mju;good-cond,JP,sat-camera-japan,100.0,2026-08-08T12:39:19.000Z,,https://www.ebay.com/itm/147491092901?hash=item22572779a5:g:2DgAAeSwa2dqdyPy,https://i.ebayimg.com/images/g/2DgAAeSwa2dqdyPy/s-l225.jpg
高价,+50%,199.99,58,56.0,[TOP MINT w/ Hood] Mamiya Sekor C 90mm f/3.8 Standard Lens RB67 Pro S SD JAPAN,mamiya sekor 90mm f3.8,Mamiya,Lenses,Used,299.0,USD,"FIXED_PRICE,BEST_OFFER",grail:RB67;good-cond,JP,camera_taro,100.0,2026-08-08T23:04:26.000Z,,https://www.ebay.com/itm/398264740494?hash=item5cba6daa8e:g:C4UAAeSw0x1psVPE,https://i.ebayimg.com/images/g/C4UAAeSw0x1psVPE/s-l225.jpg
高价,+500%,50.0,80,56.0,[N MINT case] Konica Big Mini F Silver Body Point & Shoot Film Camera From JAPAN,konica big mini,Konica,Film Cameras,Used,299.99,USD,FIXED_PRICE,grail:Big Mini;good-cond,JP,daihama_8,100.0,2026-08-08T23:55:45.000Z,,https://www.ebay.com/itm/407130336263?hash=item5ecadbec07:g:8N4AAeSwpoNqd8J8,https://i.ebayimg.com/images/g/8N4AAeSwpoNqd8J8/s-l225.jpg
高价,+510%,49.15,80,56.0,[MINT +Finder] Nikon Nikonos V Underwater Film Camera UW 20mm F2.8 From JAPAN,nikon nikonos,Nikon,Film Cameras,Used,299.99,USD,"FIXED_PRICE,BEST_OFFER",grail:Nikonos;good-cond,JP,d-camera-tokyo,98.8,2026-08-08T15:45:17.000Z,,https://www.ebay.com/itm/206475355239?hash=item3012e3e467:g:tkcAAeSwnc1prNot,https://i.ebayimg.com/images/g/tkcAAeSwnc1prNot/s-l225.jpg
高价,+50%,200.0,80,56.0,[N.MINT] Pentax Auto 110 SLR Film Camera 18 24 50mm Lens Winder Set in Box JAPAN,pentax 18,Pentax,Film Cameras,Used,299.99,USD,FIXED_PRICE,grail:Auto 110;good-cond,JP,path_of_th28,100.0,2026-08-08T13:53:08.000Z,,https://www.ebay.com/itm/188761750724?hash=item2bf313bcc4:g:1x4AAeSw9~xqdzW4,https://i.ebayimg.com/images/g/1x4AAeSw9~xqdzW4/s-l225.jpg
高价,+447%,54.87,80,56.0,Nikon F2 Photomic A Black 35mm SLR Film Camera Body 【EXC+5】 From JAPAN #519,nikon f2,Nikon,Film Cameras,Used,299.99,USD,"FIXED_PRICE,BEST_OFFER",grail:Nikon F2;good-cond,JP,m.kt.r1,100.0,2026-08-08T10:24:51.000Z,,https://www.ebay.com/itm/398262926778?hash=item5cba51fdba:g:rxoAAeSwfwBqdwPl,https://i.ebayimg.com/images/g/rxoAAeSwfwBqdwPl/s-l225.jpg
高价,+203%,99.0,80,56.0,Meter Works [MINT] Canon F-1 35mm Film Camera Body From JAPAN,canon f-1,Canon,Film Cameras,Used,299.99,USD,FIXED_PRICE,grail:Canon F-1;good-cond,JP,t.watanabe0811,100.0,2026-08-08T05:25:32.000Z,,https://www.ebay.com/itm/366593189104?hash=item555aa824f0:g:KacAAeSwQGhqdr69,https://i.ebayimg.com/images/g/KacAAeSwQGhqdr69/s-l225.jpg
高价,+223%,99.0,80,56.0,《Near MINT+》Leica Leitz Wetzlar Tele-Elmar M 135mm F/4 MF Lens From JAPAN✈✈✈🚀🎁,leica elmar 135mm f4,Leica,Lenses,Used,319.99,USD,FIXED_PRICE,grail:Elmar;good-cond,JP,rtmy19,100.0,2026-08-08T16:43:41.000Z,,https://www.ebay.com/itm/800479135374?hash=itemba6046468e:g:o~UAAOSwAhZnYFAB,https://i.ebayimg.com/images/g/o~UAAOSwAhZnYFAB/s-l225.jpg
高价,+90%,168.81,80,56.0,All Works [NEAR MINT] Nikon FE2 Zoom ai 43-86mm F/3.5 Lens From JAPAN,nikon fe2,Nikon,Film Cameras,Used,319.99,USD,"FIXED_PRICE,BEST_OFFER",grail:FE2;good-cond,JP,happy-camera-japan,99.9,2026-08-08T09:04:13.000Z,,https://www.ebay.com/itm/336732597146?hash=item4e66d3ab9a:g:DnUAAeSwWkBqc8P2,https://i.ebayimg.com/images/g/DnUAAeSwWkBqc8P2/s-l225.jpg
高价,+233%,99.0,80,56.0,[N MINT w/ Case] Canon F-1 Early Model SLR Film Camera 50mm f/1.4 SSC Lens JAPAN,canon f-1,Canon,Film Cameras,Used,329.99,USD,FIXED_PRICE,grail:Canon F-1;good-cond,JP,zeni-fly,100.0,2026-08-08T21:56:14.000Z,,https://www.ebay.com/itm/377404319983?hash=item57df0ce8ef:g:SuAAAeSwDp1qd6bu,https://i.ebayimg.com/images/g/SuAAAeSwDp1qd6bu/s-l225.jpg
高价,+450%,59.99,80,56.0,[N MINT w/Strap] Nikon F4 Film Camera 35mm SLR 35-70mm Lens From JAPAN,nikon f4,Nikon,Film Cameras,Used,329.99,USD,FIXED_PRICE,grail:Nikon F4;good-cond,JP,sakura_vintage_camera,100.0,2026-08-08T12:22:54.000Z,,https://www.ebay.com/itm/398263180406?hash=item5cba55dc76:g:sKcAAeSwSOpqdyBh,https://i.ebayimg.com/images/g/sKcAAeSwSOpqdyBh/s-l225.jpg
高价,+501%,54.87,80,56.0,[MINT] Nikon F2 Photomic Black SLR Film Camera Non Ai 50mm f/1.4 Lens From JAPAN,nikon f2,Nikon,Film Cameras,Used,329.99,USD,FIXED_PRICE,grail:Nikon F2;good-cond,JP,japan_camera_0511,100.0,2026-08-08T09:28:35.000Z,,https://www.ebay.com/itm/227467105462?hash=item34f61894b6:g:eT4AAeSwseNqdvfx,https://i.ebayimg.com/images/g/eT4AAeSwseNqdvfx/s-l225.jpg
高价,+50%,227.31,80,56.0,Late S/N 859xx *Near MINT* Nikon New FM2 FM2N Silver 35mm Film Camera Body JAPAN,nikon fm2,Nikon,Film Cameras,Used,339.9,USD,FIXED_PRICE,grail:FM2;good-cond,JP,made-1n-japan,100.0,2026-08-09T03:47:42.000Z,,https://www.ebay.com/itm/336733591593?hash=item4e66e2d829:g:yL8AAeSwFkJqd~lT,https://i.ebayimg.com/images/g/yL8AAeSwFkJqd~lT/s-l225.jpg
高价,+50%,227.31,80,56.0,Late [Near MINT w/case] Nikon New FM2 Black 35mm Film Camera Body From JAPAN,nikon fm2,Nikon,Film Cameras,Used,339.99,USD,FIXED_PRICE,grail:FM2;good-cond,JP,shima-0201,99.8,2026-08-08T05:51:14.000Z,,https://www.ebay.com/itm/287512158204?hash=item42f10f5ffc:g:hfgAAeSw3DNqdsQT,https://i.ebayimg.com/images/g/hfgAAeSw3DNqdsQT/s-l225.jpg
高价,+327%,79.99,80,56.0,Yashica FX-3 Super 2000 Carl Zeiss Vario-Sonnar 28-70mm f3.5-4.5 Serviced Japan,yashica fx-3,Yashica,Film Cameras,Used,341.22,USD,FIXED_PRICE,grail:Sonnar;good-cond,JP,yua21japan,100.0,2026-08-08T12:32:26.000Z,,https://www.ebay.com/itm/198556358724?hash=item2e3ae19844:g:LW8AAeSwlC5qdyHP,https://i.ebayimg.com/images/g/LW8AAeSwlC5qdyHP/s-l225.jpg
高价,+602%,49.15,80,56.0,[NEAR MINT] Nikon Nikonos V Orange Under Water Camera 35mm 16mm w/ Finder JAPAN,nikon nikonos,Nikon,Film Cameras,Used,344.99,USD,FIXED_PRICE,grail:Nikonos;good-cond,JP,ht-smile,100.0,2026-08-08T16:32:27.000Z,,https://www.ebay.com/itm/128016884918?hash=item1dce66a4b6:g:j18AAeSwYlFqaNZv,https://i.ebayimg.com/images/g/j18AAeSwYlFqaNZv/s-l225.jpg
高价,+84%,187.0,80,56.0,[ EXC5+ ] Mamiya C330 Pro TLR Film Camera DS 105mm F3.5 Lens JAPAN #D012508,mamiya c330,Mamiya,Film Cameras,Used,344.99,USD,FIXED_PRICE,grail:Mamiya C330,JP,z1came-0,99.7,2026-08-08T15:40:54.000Z,,https://www.ebay.com/itm/407129658656?hash=item5ecad19520:g:2xIAAOSwXuRnzTpo,https://i.ebayimg.com/images/g/2xIAAOSwXuRnzTpo/s-l225.jpg
高价,+54%,227.31,80,56.0,[Near MINT] Nikon New FM2 FM2n 35mm SLR Film Camera Ai 50mm F1.8 Lens JAPAN #132,nikon fm2,Nikon,Film Cameras,Used,349.99,USD,"FIXED_PRICE,BEST_OFFER",grail:FM2;good-cond,JP,emk_930,100.0,2026-08-08T23:10:39.000Z,,https://www.ebay.com/itm/198557453108?hash=item2e3af24b34:g:FdUAAeSw3jFqX1Ya,https://i.ebayimg.com/images/g/FdUAAeSw3jFqX1Ya/s-l225.jpg
高价,+54%,227.31,80,56.0,[ MINT w/ Strap ] Nikon New FM2 FM2N Silver 35mm SLR Film Camera Body From JAPAN,nikon fm2,Nikon,Film Cameras,Used,349.99,USD,"FIXED_PRICE,BEST_OFFER",grail:FM2;good-cond,JP,toshi-japan-camera,100.0,2026-08-08T15:37:07.000Z,,https://www.ebay.com/itm/377403773471?hash=item57df04921f:g:BaMAAeSwrWdp6hgn,https://i.ebayimg.com/images/g/BaMAAeSwrWdp6hgn/s-l225.jpg
高价,+254%,99.0,80,56.0,[Top MINT / Case] Canon F-1 Eye level Finder SLR Film Camera Body From JAPAN,canon f-1,Canon,Film Cameras,Used,349.99,USD,FIXED_PRICE,grail:Canon F-1;good-cond,JP,kaya6610,99.6,2026-08-08T14:21:07.000Z,,https://www.ebay.com/itm/318697966735?hash=item4a33e10c8f:g:o4IAAeSwvmNqdzyD,https://i.ebayimg.com/images/g/o4IAAeSwvmNqdzyD/s-l225.jpg
高价,+538%,54.87,80,56.0,[Exc+5 S/N803xxxx] Nikon F2 SLR Silver Film Camera Ai 50mm f1.4 Lens From JAPAN,nikon f2,Nikon,Film Cameras,Used,349.99,USD,FIXED_PRICE,grail:Nikon F2;good-cond,JP,rebirth_japan,100.0,2026-08-08T09:49:07.000Z,,https://www.ebay.com/itm/236993408929?hash=item372de86fa1:g:w60AAeSwFJ1qdvvU,https://i.ebayimg.com/images/g/w60AAeSwFJ1qdvvU/s-l225.jpg
偏高,+17%,299.99,80,56.0,Hasselblad Carl Zeiss Sonnar 150mm F4 Lens 1000f/1600f Series 2706913 Shutter,hasselblad sonnar 150mm f4,Hasselblad,Vintage Lenses,,350.0,USD,FIXED_PRICE,grail:Sonnar,US,katdome_0,100.0,2026-08-08T12:48:45.000Z,,https://www.ebay.com/itm/398263232793?hash=item5cba56a919:g:J6YAAeSwafFpnIw5,https://i.ebayimg.com/images/g/J6YAAeSwafFpnIw5/s-l225.jpg
高价,+517%,59.99,80,56.0,No Leak *MINT+* Late SN 259xxxx Nikon F4 Film Camera + AF 50mm F1.4 D From JAPAN,nikon f4,Nikon,Film Cameras,Used,369.9,USD,FIXED_PRICE,grail:Nikon F4;good-cond,JP,made-1n-japan,100.0,2026-08-09T04:31:26.000Z,,https://www.ebay.com/itm/336733616336?hash=item4e66e338d0:g:Fd4AAeSwbjtqeANV,https://i.ebayimg.com/images/g/Fd4AAeSwbjtqeANV/s-l225.jpg
高价,+63%,227.31,80,56.0,[MINT] Nikon New FM2 FM2N Silver 35mm SLR Film Camera Body from Japan #N4328,nikon fm2,Nikon,Film Cameras,Used,369.9,USD,"FIXED_PRICE,BEST_OFFER",grail:FM2;good-cond,JP,jp2017_yamabay,100.0,2026-08-08T17:32:04.000Z,,https://www.ebay.com/itm/137599603232?hash=item2009935220:g:kzcAAeSwMyRqd2eE,https://i.ebayimg.com/images/g/kzcAAeSwMyRqd2eE/s-l225.jpg
高价,+125%,168.81,80,56.0,[Near MINT+++] Nikon FE2 Black 35mm SLR Film Camera Ai 50mm f1.4 Lens From JAPAN,nikon fe2,Nikon,Film Cameras,Used,379.99,USD,FIXED_PRICE,grail:FE2;good-cond,JP,shoyama_japan,100.0,2026-08-08T10:03:01.000Z,,https://www.ebay.com/itm/307114106609?hash=item47816d5ef1:g:jHsAAeSwDp1qdv-R,https://i.ebayimg.com/images/g/jHsAAeSwDp1qdv-R/s-l225.jpg
高价,+114%,182.49,80,56.0,CLA'd [MINT + Hood & SD Adapter] Mamiya K/L KL 150mm f3.5 L Lens RB67 From JAPAN,mamiya 150mm f3.5,Mamiya,Lenses,Used,389.85,USD,FIXED_PRICE,grail:RB67;good-cond,JP,shop365tokyo,100.0,2026-08-08T11:52:08.000Z,,https://www.ebay.com/itm/158166691407?hash=item24d3782e4f:g:t2AAAeSwqylqdxmU,https://i.ebayimg.com/images/g/t2AAAeSwqylqdxmU/s-l225.jpg
高价,+76%,227.31,80,56.0,Late SN864xxx *Near MINT w/Strap* Nikon NEW FM2 FM2N 35mm Film Camera From JAPAN,nikon fm2,Nikon,Film Cameras,Used,399.9,USD,FIXED_PRICE,grail:FM2;good-cond,JP,made-1n-japan,100.0,2026-08-09T04:19:03.000Z,,https://www.ebay.com/itm/336733607415?hash=item4e66e315f7:g:IhEAAeSwbiNqeADj,https://i.ebayimg.com/images/g/IhEAAeSwbiNqeADj/s-l225.jpg
高价,+629%,54.87,80,56.0,S/N790xxxx 【MINT】 Nikon F2 Photomic A F2A Black 35mm SLR Film Camera from JAPAN,nikon f2,Nikon,Film Cameras,Used,399.9,USD,FIXED_PRICE,grail:Nikon F2;good-cond,JP,kyotomura_japan,100.0,2026-08-09T01:20:01.000Z,,https://www.ebay.com/itm/278260466400?hash=item40c99dc2e0:g:FGAAAeSw1cJqd8dV,https://i.ebayimg.com/images/g/FGAAAeSw1cJqd8dV/s-l225.jpg
高价,+137%,168.81,80,56.0,Honeycomb [MINT] Nikon FE2 35mm Film Camera SLR w/ 50mm f1.4 Ai Lens From JAPAN,nikon fe2,Nikon,Film Cameras,Used,399.99,USD,FIXED_PRICE,grail:FE2;good-cond,JP,zeroportjapan,100.0,2026-08-08T07:48:11.000Z,,https://www.ebay.com/itm/236993238362?hash=item372de5d55a:g:mZkAAeSwxghqduB4,https://i.ebayimg.com/images/g/mZkAAeSwxghqduB4/s-l225.jpg
高价,+76%,227.31,80,56.0,Honeycomb [N MINT] Nikon FM2 Silver SLR Film Camera body 50mm F/1.4 Lens JAPAN,nikon fm2,Nikon,Film Cameras,Used,399.99,USD,FIXED_PRICE,grail:FM2;good-cond,JP,dreamers_camera_japan,99.5,2026-08-08T05:39:16.000Z,,https://www.ebay.com/itm/366593206813?hash=item555aa86a1d:g:dT0AAeSwgGdqdsG5,https://i.ebayimg.com/images/g/dT0AAeSwgGdqdsG5/s-l225.jpg
高价,+567%,59.99,80,56.0,⏯️ 2Lens /No Leak [MINT] Nikon F4 S 35mm Camera AF 50mm F1.4 D 28-70mm Japan,nikon f4,Nikon,Film Cameras,Used,399.99,USD,FIXED_PRICE,grail:Nikon F4;good-cond,JP,1st_camera_tokyo,99.1,2026-08-08T05:10:11.000Z,,https://www.ebay.com/itm/377402796835?hash=item57def5ab23:g:L8QAAeSwqhJqdrti,https://i.ebayimg.com/images/g/L8QAAeSwqhJqdrti/s-l225.jpg
高价,+324%,99.0,80,56.0,[NEAR MINT] Canon New F-1 AE finder SLR Film Camera Body FN Power Winder JAPAN,canon f-1,Canon,Film Cameras,Used,419.99,USD,"FIXED_PRICE,BEST_OFFER",grail:New F-1;good-cond,JP,happy-camera-japan,99.9,2026-08-08T20:53:11.000Z,,https://www.ebay.com/itm/336733315115?hash=item4e66dea02b:g:FLEAAeSw2Cpp7huF,https://i.ebayimg.com/images/g/FLEAAeSw2Cpp7huF/s-l225.jpg
高价,+89%,227.31,80,56.0,[NEAR MINT] Nikon FM2 Silver 35mm SLR Film Camera Body w/ MF-16 Data Back JAPAN,nikon fm2,Nikon,Film Cameras,Used,429.99,USD,FIXED_PRICE,grail:FM2;good-cond,JP,manpuku_papa,100.0,2026-08-09T02:17:15.000Z,,https://www.ebay.com/itm/358902807446?hash=item5390463b96:g:a4gAAeSwU4Zqd-WO,https://i.ebayimg.com/images/g/a4gAAeSwU4Zqd-WO/s-l225.jpg
高价,+684%,54.87,80,56.0,[MINT] Nikon F2 Photomic A Black 35mm Film Camera Body From Japan,nikon f2,Nikon,Film Cameras,Used,429.99,USD,FIXED_PRICE,grail:Nikon F2;good-cond,JP,leilanipo_65,99.6,2026-08-08T23:36:45.000Z,,https://www.ebay.com/itm/178387609339?hash=item2988bae6fb:g:YHUAAeSwj-Vqd76A,https://i.ebayimg.com/images/g/YHUAAeSwj-Vqd76A/s-l225.jpg
高价,+795%,49.15,80,56.0,[ MINT in Box ] Nikon Nikonos-V Underater Camera Olive Green 35mm f2.5 Fr JAPAN,nikon nikonos,Nikon,Film Cameras,Used,439.99,USD,FIXED_PRICE,grail:Nikonos;good-cond,JP,kid1173,99.7,2026-08-08T11:48:55.000Z,,https://www.ebay.com/itm/188761264110?hash=item2bf30c4fee:g:eF4AAeSwinpqdxd7,https://i.ebayimg.com/images/g/eF4AAeSwinpqdxd7/s-l225.jpg
高价,+780%,50.0,80,56.0,READ!! [NEAR MINT-] Olympus mju μ ii Silver Point & Shoot 35mm Film Camera JAPAN,olympus mju,Olympus,Film Cameras,Used,439.99,USD,"FIXED_PRICE,BEST_OFFER",grail:mju;good-cond,JP,happy-camera-japan,99.9,2026-08-08T11:00:46.000Z,,https://www.ebay.com/itm/336732716974?hash=item4e66d57fae:g:cPUAAeSw3T9qdwv9,https://i.ebayimg.com/images/g/cPUAAeSw3T9qdwv9/s-l225.jpg
高价,+53%,287.49,80,56.0,S/N196xxxx [Near MINT] Nikon F3 HP 35mm SLR Film Camera Body From JAPAN,nikon f3,Nikon,Film Cameras,Used,439.99,USD,"FIXED_PRICE,BEST_OFFER",grail:Nikon F3;good-cond,JP,teriyaki.japan,99.6,2026-08-08T06:13:51.000Z,,https://www.ebay.com/itm/407128729292?hash=item5ecac366cc:g:YrwAAeSw1-hqNoqO,https://i.ebayimg.com/images/g/YrwAAeSw1-hqNoqO/s-l225.jpg
高价,+166%,168.81,80,56.0,Honeycomb[MINT w/Strap] Nikon FE2 35mm Film Camera Ai 50mm f1.8 Lens From JAPAN,nikon fe2,Nikon,Film Cameras,Used,449.9,USD,FIXED_PRICE,grail:FE2;good-cond,JP,vintagehighqualitycamerashopymmmcamera,100.0,2026-08-09T02:37:07.000Z,,https://www.ebay.com/itm/398265221537?hash=item5cba7501a1:g:-yQAAeSwW4tqd-jJ,https://i.ebayimg.com/images/g/-yQAAeSwW4tqd-jJ/s-l225.jpg
高价,+720%,54.87,80,56.0,[MINT w / Case] Nikon F2 Photomic A Film Camera + Ai 50mm f/1.4 Lens From JAPAN,nikon f2,Nikon,Film Cameras,Used,449.99,USD,FIXED_PRICE,grail:Nikon F2;good-cond,JP,japan_camera_0511,100.0,2026-08-09T01:33:01.000Z,,https://www.ebay.com/itm/227467913912?hash=item34f624eab8:g:EpcAAeSw3xtqd9nC,https://i.ebayimg.com/images/g/EpcAAeSw3xtqd9nC/s-l225.jpg
高价,+50%,299.99,80,56.0,Chrome 【Opt MINT】 Hasselblad Carl Zeiss Sonnar C 150mm f/4 MF Lens From JAPAN,hasselblad sonnar 150mm f4,Hasselblad,Lenses,Used,449.99,USD,FIXED_PRICE,grail:Sonnar;good-cond,JP,atsuin_camera,100.0,2026-08-09T00:35:39.000Z,,https://www.ebay.com/itm/398264949022?hash=item5cba70d91e:g:v8cAAeSwlP5qd8yM,https://i.ebayimg.com/images/g/v8cAAeSwlP5qd8yM/s-l225.jpg
高价,+56%,287.49,80,56.0,[Near MINT] Nikon F3 Eye Level SLR 35mm Film Camera Ai 50mm F1.4 Lens from JAPAN,nikon f3,Nikon,Film Cameras,Used,449.99,USD,FIXED_PRICE,grail:Nikon F3;good-cond,JP,kaya6610,99.6,2026-08-08T13:56:57.000Z,,https://www.ebay.com/itm/318697911269?hash=item4a33e033e5:g:vowAAeSwPZVqdzac,https://i.ebayimg.com/images/g/vowAAeSwPZVqdzac/s-l225.jpg
高价,+720%,54.87,80,56.0,[N MINT w/ Case] Nikon F2 Photomic A Film Camera + Ai 50mm f/1.4 Lens From JAPAN,nikon f2,Nikon,Film Cameras,Used,449.99,USD,FIXED_PRICE,grail:Nikon F2;good-cond,JP,japan_camera_0511,100.0,2026-08-08T11:30:16.000Z,,https://www.ebay.com/itm/227467246378?hash=item34f61abb2a:g:XuEAAeSw-MdqdxQ7,https://i.ebayimg.com/images/g/XuEAAeSw-MdqdxQ7/s-l225.jpg
高价,+650%,59.99,80,56.0,No Leak [MINT in Box] Nikon F4 Late Model SLR 35mm Film Camera Body From JAPAN,nikon f4,Nikon,Film Cameras,Used,449.99,USD,FIXED_PRICE,grail:Nikon F4;good-cond,JP,hiroshimakamera,100.0,2026-08-08T10:20:10.000Z,,https://www.ebay.com/itm/287512518980?hash=item42f114e144:g:8EQAAeSwm6tqdwNa,https://i.ebayimg.com/images/g/8EQAAeSwm6tqdwNa/s-l225.jpg
高价,+1967%,21.77,80,56.0,Tested [ N MINT ] Olympus µ mju II Stylus 35mm Point & Shoot Film Camera JAPAN,olympus stylus,Olympus,Film Cameras,Used,449.99,USD,FIXED_PRICE,grail:mju;good-cond,JP,echigo-camera-japan,100.0,2026-08-08T09:07:37.000Z,,https://www.ebay.com/itm/318696984548?hash=item4a33d20fe4:g:OQkAAeSwn1JqdvKW,https://i.ebayimg.com/images/g/OQkAAeSwn1JqdvKW/s-l225.jpg
高价,+102%,227.31,80,56.0,[Honeycomb/N MINT-] Nikon New FM2 FM2N 35mm SLR Film Camera Black Body JP #40401,nikon fm2,Nikon,Film Cameras,Used,459.0,USD,"FIXED_PRICE,BEST_OFFER",grail:FM2;good-cond,JP,mochi_jp,100.0,2026-08-08T08:20:32.000Z,,https://www.ebay.com/itm/366593375933?hash=item555aaafebd:g:SSMAAeSwD~BokB9K,https://i.ebayimg.com/images/g/SSMAAeSwD~BokB9K/s-l225.jpg
高价,+107%,227.31,80,56.0,[ MINT w/ Strap ] Nikon New FM2 FM2N Black Film Camera Ai 50mm f/1.4 Lens JAPAN,nikon fm2,Nikon,Film Cameras,Used,469.99,USD,FIXED_PRICE,grail:FM2;good-cond,JP,hakusan_camera,100.0,2026-08-08T09:48:55.000Z,,https://www.ebay.com/itm/198556099418?hash=item2e3adda35a:g:aZ0AAeSwpoNqdvxA,https://i.ebayimg.com/images/g/aZ0AAeSwpoNqdvxA/s-l225.jpg
高价,+111%,227.31,80,56.0,⏯ Honeycomb [MINT] Nikon New FM2 Black 35mm SLR Fim Camera All Works From Japan,nikon fm2,Nikon,Film Cameras,Used,479.99,USD,FIXED_PRICE,grail:FM2;good-cond,JP,tommy_camera_japan,100.0,2026-08-08T04:48:10.000Z,,https://www.ebay.com/itm/407128593985?hash=item5ecac15641:g:9AoAAeSwsZdqdrVL,https://i.ebayimg.com/images/g/9AoAAeSwsZdqdrVL/s-l225.jpg
高价,+734%,59.99,80,56.0,Read! [MINT in Box] Nikon F4 F4E 3Body 5mm SLR Film Camera Body From JAPAN,nikon f4,Nikon,Film Cameras,Used,499.99,USD,FIXED_PRICE,grail:Nikon F4;good-cond,JP,hiroshima-camera,100.0,2026-08-08T13:59:09.000Z,,https://www.ebay.com/itm/800478789600?hash=itemba6040ffe0:g:0aQAAeSwRpxqdzcd,https://i.ebayimg.com/images/g/0aQAAeSwRpxqdzcd/s-l225.jpg
高价,+811%,54.87,80,56.0,SN:804xxx[Top MINT] Nikon F2 Eye Level Late Model SLR 35mm Film Camera JAPAN,nikon f2,Nikon,Film Cameras,Used,499.99,USD,FIXED_PRICE,grail:Nikon F2;good-cond,JP,t.watanabe0811,100.0,2026-08-08T05:29:44.000Z,,https://www.ebay.com/itm/366593193997?hash=item555aa8380d:g:RrMAAeSwgsZqdr~B,https://i.ebayimg.com/images/g/RrMAAeSwgsZqdr~B/s-l225.jpg
高价,+55%,339.5,48,56.0,M77 Hood [Opt Mint] Mamiya Sekor Z 90mm F3.5 W Lens for RZ67 Pro II D from Japan,mamiya sekor 90mm f3.5,Mamiya,Lenses,Used,528.0,USD,FIXED_PRICE,grail:RZ67;good-cond,JP,yumikoui2012,97.1,2026-08-08T06:18:22.000Z,,https://www.ebay.com/itm/168597459444?hash=item27413111f4:g:d54AAOSwpOxicPC3,https://i.ebayimg.com/images/g/d54AAOSwpOxicPC3/s-l225.jpg
高价,+133%,227.31,80,56.0,[MINT w/Strap] Nikon New FM2 FM2N Black 35mm SLR Film Camera Body From JAPAN,nikon fm2,Nikon,Film Cameras,Used,529.9,USD,FIXED_PRICE,grail:FM2;good-cond,JP,vintagehighqualitycamerashopymmmcamera,100.0,2026-08-08T09:27:43.000Z,,https://www.ebay.com/itm/398262772520?hash=item5cba4fa328:g:RJMAAeSw87BqdvcS,https://i.ebayimg.com/images/g/RJMAAeSw87BqdvcS/s-l225.jpg
高价,+88%,287.49,80,56.0,[MINT w/Case HS-9] Nikon F3 Eye Level SLR with Ai 50mm f/1.4 JAPAN,nikon f3,Nikon,Film Cameras,Used,539.99,USD,FIXED_PRICE,grail:Nikon F3;good-cond,JP,sakura.camera,100.0,2026-08-08T23:58:17.000Z,,https://www.ebay.com/itm/137600415798?hash=item20099fb836:g:BrwAAeSwU79qd8PG,https://i.ebayimg.com/images/g/BrwAAeSwU79qd8PG/s-l225.jpg
高价,+91%,287.49,80,56.0,[Near MINT] Nikon F3 Eye level 35mm Film Camera + Ai 50mm f1.4 Lens From JAPAN,nikon f3,Nikon,Film Cameras,Used,549.0,USD,FIXED_PRICE,grail:Nikon F3;good-cond,JP,daya_2548,100.0,2026-08-08T22:22:06.000Z,,https://www.ebay.com/itm/398264663020?hash=item5cba6c7bec:g:7rAAAeSwAuVqd607,https://i.ebayimg.com/images/g/7rAAAeSwAuVqd607/s-l225.jpg
高价,+902%,54.87,80,56.0,Meter Works [MINT] Nikon F2 Photomic AS Black 35mm Film Camera Body From JAPAN,nikon f2,Nikon,Film Cameras,Used,549.99,USD,FIXED_PRICE,grail:Nikon F2;good-cond,JP,kaya6610,99.6,2026-08-08T15:02:11.000Z,,https://www.ebay.com/itm/318698079500?hash=item4a33e2c50c:g:VKQAAeSwvl9qd0Yg,https://i.ebayimg.com/images/g/VKQAAeSwvl9qd0Yg/s-l225.jpg
高价,+456%,99.0,80,56.0,【TOP MINT w/ Power Winder FN】 Canon New F-1 AE Finder 35mm SLR Film Camera Body,canon f-1,Canon,Film Cameras,Used,549.99,USD,FIXED_PRICE,grail:New F-1;good-cond,JP,harutovski,99.7,2026-08-08T11:38:06.000Z,,https://www.ebay.com/itm/358900359073?hash=item539020dfa1:g:8PwAAeSw1vZqVCpF,https://i.ebayimg.com/images/g/8PwAAeSw1vZqVCpF/s-l225.jpg
高价,+1000%,50.0,80,56.0,[TOP MINT w/Box] Limited Olympus μ Mju Point & Shoot 35mm Film Camera From JAPAN,olympus mju,Olympus,Film Cameras,Used,550.0,USD,"FIXED_PRICE,BEST_OFFER",grail:Mju;good-cond,JP,bridgestore_japan,100.0,2026-08-09T01:51:52.000Z,,https://www.ebay.com/itm/188764206279?hash=item2bf33934c7:g:6iYAAeSw6glqd9rv,https://i.ebayimg.com/images/g/6iYAAeSw6glqd9rv/s-l225.jpg
高价,+485%,99.0,80,56.0,[MINT w/ Case] Canon F-1 Montreal 1976 Olympic 35mm SLR 50mm F1.4 S.S.C. JAPAN,canon f-1,Canon,Film Cameras,Used,579.0,USD,"FIXED_PRICE,BEST_OFFER",grail:Canon F-1;good-cond,JP,ab.japan.market,100.0,2026-08-09T02:46:42.000Z,,https://www.ebay.com/itm/318700397878?hash=item4a34062536:g:U5QAAeSwU21qd-pS,https://i.ebayimg.com/images/g/U5QAAeSwU21qd-pS/s-l225.jpg
高价,+45%,399.99,80,56.0,⏯️[ N MINT ] Pentax 6x7 67 Eye Level finder Camera T 75mm f4.5 lens From JAPAN,pentax 67,Pentax,Film Cameras,Used,579.99,USD,FIXED_PRICE,grail:6x7;good-cond,JP,kid1173,99.7,2026-08-08T16:11:07.000Z,,https://www.ebay.com/itm/188762253077?hash=item2bf31b6715:g:3dwAAeSwO2lqd1Tw,https://i.ebayimg.com/images/g/3dwAAeSwO2lqd1Tw/s-l225.jpg
高价,+46%,399.99,80,56.0,Meter Works [TOP MINT] Pentax 6x7 67 TTL Mirror Up Camera Body From JAPAN #772,pentax 67,Pentax,Film Cameras,Used,584.99,USD,"FIXED_PRICE,BEST_OFFER",grail:6x7;good-cond,JP,sawasamurai-camera-japan,100.0,2026-08-08T13:50:32.000Z,,https://www.ebay.com/itm/128016752797?hash=item1dce64a09d:g:IcQAAeSwVjtqeBoP,https://i.ebayimg.com/images/g/IcQAAeSwVjtqeBoP/s-l225.jpg
高价,+47%,402.5,80,56.0,Leica Summicron R 50mm f2 E55 R Only MF Lens 【MINT+++】JAPAN #730,leica summicron 50mm f2,Leica,Lenses,Used,589.99,USD,"FIXED_PRICE,BEST_OFFER",grail:Summicron;good-cond,JP,km_japan_camera,100.0,2026-08-08T12:52:01.000Z,,https://www.ebay.com/itm/198556396907?hash=item2e3ae22d6b:g:GB4AAeSwmE9qdyRc,https://i.ebayimg.com/images/g/GB4AAeSwmE9qdyRc/s-l225.jpg
高价,+445%,110.02,80,56.0,Mamiya rb67 proS Medium Format Camera with 120mm FB CdS Chimney Finder and Sekor,mamiya rb67,Mamiya,Film Cameras,Used,599.44,USD,FIXED_PRICE,grail:rb67,JP,samuraipicksjapan,100.0,2026-08-08T14:17:18.000Z,,https://www.ebay.com/itm/178386417343?hash=item2988a8b6bf:g:DGUAAeSwp49qdzqt,https://i.ebayimg.com/images/g/DGUAAeSwp49qdzqt/s-l225.jpg
高价,+164%,227.31,80,56.0,【N MINT+++】 Nikon New FM2/T FM2 T Titan SLR 35mm Film Camera Body From JAPAN,nikon fm2,Nikon,Film Cameras,Used,599.99,USD,FIXED_PRICE,grail:FM2;good-cond,JP,atsuin_camera,100.0,2026-08-09T00:30:50.000Z,,https://www.ebay.com/itm/398264939212?hash=item5cba70b2cc:g:RlkAAeSwJHdqd8q2,https://i.ebayimg.com/images/g/RlkAAeSwJHdqd8q2/s-l225.jpg
高价,+109%,287.49,80,56.0,w/ Strap Hood [MINT] Nikon F3 35mm SLR Film Camera Ai 50mm F1.8 Lens From JAPAN,nikon f3,Nikon,Film Cameras,Used,599.99,USD,FIXED_PRICE,grail:Nikon F3;good-cond,JP,zeroportjapan,100.0,2026-08-08T22:14:17.000Z,,https://www.ebay.com/itm/236994459092?hash=item372df875d4:g:rp8AAeSwIDhqd6rw,https://i.ebayimg.com/images/g/rp8AAeSwIDhqd6rw/s-l225.jpg
高价,+50%,399.99,80,56.0,Meter Works [ Exc+5 ] Pentax 6x7 67 MUP TTL Camera Body 75mm F4.5 Lens JAPAN,pentax 67,Pentax,Film Cameras,Used,600.0,USD,"FIXED_PRICE,BEST_OFFER",grail:6x7;good-cond,JP,tiida_collection_japan,100.0,2026-08-08T08:30:09.000Z,,https://www.ebay.com/itm/358899897640?hash=item539019d528:g:EkIAAeSwPKtqCRzw,https://i.ebayimg.com/images/g/EkIAAeSwPKtqCRzw/s-l225.jpg
高价,+810%,67.83,80,56.0,Rolleiflex Automat MX TLR Camera Carl Zeiss Tessar 75mm F3.5 Vintage,rolleiflex rolleiflex,Rolleiflex,Film Cameras,Used,617.22,USD,FIXED_PRICE,grail:Tessar,JP,samuraipicksjapan,100.0,2026-08-08T14:15:02.000Z,,https://www.ebay.com/itm/178386414768?hash=item2988a8acb0:g:Ai4AAeSwUiNqdzre,https://i.ebayimg.com/images/g/Ai4AAeSwUiNqdzre/s-l225.jpg
偏高,+33%,499.0,21,56.0,Voigtländer Nokton 1.4/58Mm SLII-S AIS Black For Nikon F DEMO,voigtländer ais 58mm,Voigtländer,Lenses,New,664.93,USD,FIXED_PRICE,grail:Nokton;mount:nikon f;58mm,AT,mintandrare,99.9,2026-08-08T20:36:05.000Z,,https://www.ebay.com/itm/147491791642?hash=item225732231a:g:9xEAAeSwDRtqdzuR,https://i.ebayimg.com/images/g/9xEAAeSwDRtqdzuR/s-l225.jpg
高价,+1176%,54.87,80,56.0,Final Late S/N 802xxxx [ Top MINT ] Nikon F2 Photomic AS DP-12 Silver From JAPAN,nikon f2,Nikon,Film Cameras,Used,699.99,USD,FIXED_PRICE,grail:Nikon F2;good-cond,JP,myu_camera_szok_japan,99.7,2026-08-08T16:44:12.000Z,,https://www.ebay.com/itm/318698366343?hash=item4a33e72587:g:D~oAAeSwseNqd13S,https://i.ebayimg.com/images/g/D~oAAeSwseNqd13S/s-l225.jpg
偏高,+40%,499.0,21,56.0,Voigtländer Nokton 1.4/58Mm Slii-S Ais Black Nikon F-Mount,voigtländer ais 58mm,Voigtländer,Lenses,New,701.27,USD,"FIXED_PRICE,BEST_OFFER",grail:Nokton;mount:nikon f;58mm,AT,mintandrare,99.9,2026-08-08T14:34:05.000Z,,https://www.ebay.com/itm/147491250097?hash=item225729dfb1:g:T2kAAeSwvl9qdynx,https://i.ebayimg.com/images/g/T2kAAeSwvl9qdynx/s-l225.jpg
高价,+76%,399.99,80,56.0,EXC+5 Pentax 6x7 67 MUP Film Camera TTL Finder T 105mm f2.4 Lens Strap JAPAN,pentax 67,Pentax,Film Cameras,Used,702.99,USD,FIXED_PRICE,grail:6x7;good-cond,JP,ume-japan,99.7,2026-08-08T22:52:37.000Z,,https://www.ebay.com/itm/128017150321?hash=item1dce6ab171:g:cQwAAeSwUFpqYUtn,https://i.ebayimg.com/images/g/cQwAAeSwUFpqYUtn/s-l225.jpg
高价,+683%,92.58,80,56.0,Tested 2 120Roll Back Mamiya 645 Pro TL Film Camera Body From JAPAN C-2019,mamiya pro,Mamiya,Film Cameras,Used,725.0,USD,FIXED_PRICE,grail:645,JP,taako-m,100.0,2026-08-08T19:00:01.000Z,,https://www.ebay.com/itm/298566547314?hash=item4583f3f772:g:eQoAAeSwYVRqdcMf,https://i.ebayimg.com/images/g/eQoAAeSwYVRqdcMf/s-l225.jpg
偏高,+43%,550.0,16,56.0,Voigtlander Nokton 55mm f/1.2 SLIIs AIS Black Lens Nikon F Mount Manual,voigtlander ais 55mm f1.2,Voigtlander,Lenses,New,786.05,USD,FIXED_PRICE,grail:Nokton;mount:nikon f;55mm,AT,mintandrare,99.9,2026-08-08T20:36:11.000Z,,https://www.ebay.com/itm/147491791846?hash=item22573223e6:g:B9kAAeSwxkhqdz55,https://i.ebayimg.com/images/g/B9kAAeSwxkhqdz55/s-l225.jpg
高价,+100%,399.99,80,56.0,Meter Works [Near MINT] Pentax 6x7 67 TTL Mirror Up Camera 105mm F2.4 Lens JAPAN,pentax 67,Pentax,Film Cameras,Used,799.99,USD,FIXED_PRICE,grail:6x7;good-cond,JP,kaya6610,99.6,2026-08-08T15:03:45.000Z,,https://www.ebay.com/itm/318698081658?hash=item4a33e2cd7a:g:OYAAAeSwtqtqd0XQ,https://i.ebayimg.com/images/g/OYAAAeSwtqtqd0XQ/s-l225.jpg
高价,+112%,399.99,80,56.0,Late Model [ MINT +] Pentax 67 TTL Mirror Up Body Film Camera From JAPAN,pentax 67,Pentax,Film Cameras,Used,849.99,USD,FIXED_PRICE,grail:Pentax 67;good-cond,JP,dreamers_camera_japan,99.5,2026-08-08T05:25:16.000Z,,https://www.ebay.com/itm/366593188997?hash=item555aa82485:g:QnsAAeSwQQxqdr5y,https://i.ebayimg.com/images/g/QnsAAeSwQQxqdr5y/s-l225.jpg
高价,+104%,420.99,15,56.0,Asahi PENTAX 67 TTL Medium Format Film Camera Body [EXC+5] From Japan,asahi 67,Asahi,Film Cameras,Used,859.99,USD,FIXED_PRICE,grail:PENTAX 67;good-cond,JP,amfour_201810,99.2,2026-08-08T09:11:20.000Z,,https://www.ebay.com/itm/407128982395?hash=item5ecac7437b:g:e-IAAeSweEtqdvKO,https://i.ebayimg.com/images/g/e-IAAeSweEtqdvKO/s-l225.jpg
高价,+51%,594.95,80,56.0,[ MINT w/ Grip Strap ] Pentax 6x7 Eye Level SMC T Takumar 105mm f/2.4 From JAPAN,pentax eye level,Pentax,Film Cameras,Used,899.9,USD,FIXED_PRICE,grail:6x7;good-cond,JP,yuni_camera_japan,100.0,2026-08-08T12:03:55.000Z,,https://www.ebay.com/itm/358900439742?hash=item5390221abe:g:8LYAAeSwvnpqdxuq,https://i.ebayimg.com/images/g/8LYAAeSwvnpqdxuq/s-l225.jpg
高价,+125%,399.99,80,56.0,[N MINT] Pentax 6x7 67 TTL Mirror UP Film Camera T 105mm f2.4 200mm Lens JAPAN,pentax 67,Pentax,Film Cameras,Used,899.99,USD,FIXED_PRICE,grail:6x7;good-cond,JP,camera_japan_chiba,100.0,2026-08-08T15:31:10.000Z,,https://www.ebay.com/itm/128016846435?hash=item1dce660e63:g:iKIAAeSwQ0Fqd0zu,https://i.ebayimg.com/images/g/iKIAAeSwQ0Fqd0zu/s-l225.jpg
高价,+1562%,54.87,80,56.0,New Seal [CLA'd N Mint in Box] Nikon F2 Photomic S Silver 35mm Camera from Japan,nikon f2,Nikon,Film Cameras,Used,912.0,USD,FIXED_PRICE,grail:Nikon F2;good-cond,JP,yumikoui2012,97.1,2026-08-08T06:18:22.000Z,,https://www.ebay.com/itm/168597459445?hash=item27413111f5:g:zMYAAeSwi5lpCEUY,https://i.ebayimg.com/images/g/zMYAAeSwi5lpCEUY/s-l225.jpg
高价,+133%,399.99,80,56.0,Read!! [Exc+5 w/Grip] Pentax 6x7 67 TTL Mirror Up + SMC 105mm f/2.4 Lens JAPAN,pentax 67,Pentax,Film Cameras,Used,929.99,USD,"FIXED_PRICE,BEST_OFFER",grail:6x7;good-cond,JP,camera_watch.japan,100.0,2026-08-08T06:21:43.000Z,,https://www.ebay.com/itm/178385227615?hash=item2988968f5f:g:FJ0AAeSwrmRp3wkO,https://i.ebayimg.com/images/g/FJ0AAeSwrmRp3wkO/s-l225.jpg
高价,+746%,110.02,80,56.0,Mamiya RB67 PRO S Medium Format Camera Set with SEKOR C 127mm and 50mm Lenses,mamiya rb67,Mamiya,Film Cameras,Used,930.78,USD,FIXED_PRICE,grail:RB67,JP,samuraipicksjapan,100.0,2026-08-08T14:14:56.000Z,,https://www.ebay.com/itm/178386414617?hash=item2988a8ac19:g:2HUAAeSwjgRqdzqY,https://i.ebayimg.com/images/g/2HUAAeSwjgRqdzqY/s-l225.jpg
高价,+98%,490.83,80,56.0,Nikon F5 50th Anniversary Film Camera [Top Mint],nikon f5,Nikon,Film Cameras,Used,971.19,USD,FIXED_PRICE,grail:Nikon F5;good-cond,JP,altemo-31,98.8,2026-08-08T04:15:08.000Z,,https://www.ebay.com/itm/398262118192?hash=item5cba45a730:g:hnIAAeSwpvZpTldu,https://i.ebayimg.com/images/g/hnIAAeSwpvZpTldu/s-l225.jpg
高价,+148%,399.99,80,56.0,Meter Works [MINT] Pentax 6x7 67 TTL film camera T 105mm f/2.4 Lens from japan,pentax 67,Pentax,Film Cameras,Used,989.9,USD,FIXED_PRICE,grail:6x7;good-cond,JP,vintagehighqualitycamerashopymmmcamera,100.0,2026-08-08T09:32:04.000Z,,https://www.ebay.com/itm/398262788142?hash=item5cba4fe02e:g:pIkAAeSwTrRqdvjE,https://i.ebayimg.com/images/g/pIkAAeSwTrRqdvjE/s-l225.jpg
高价,+251%,284.94,80,56.0,CONTAX T2 Titan Film Camera 3013374,contax t2,Contax,Film Cameras,Used,999.9,USD,FIXED_PRICE,grail:CONTAX T2,JP,sunlit_camera_tokyo,100.0,2026-08-08T14:05:38.000Z,,https://www.ebay.com/itm/407129524840?hash=item5ecacf8a68:g:cw0AAeSwAfJqdypW,https://i.ebayimg.com/images/g/cw0AAeSwAfJqdypW/s-l225.jpg
高价,+150%,399.99,80,56.0,[N MINT w/ Grip] Pentax 6x7 67 TTL Mirror Up SMC Takumar 105mm f/2.4 Lens JAPAN,pentax 67,Pentax,Film Cameras,Used,999.99,USD,FIXED_PRICE,grail:6x7;good-cond,JP,zakky-camera-japan,99.8,2026-08-08T21:09:04.000Z,,https://www.ebay.com/itm/800479697802?hash=itemba604edb8a:g:9swAAeSwSLlqd5vl,https://i.ebayimg.com/images/g/9swAAeSwSLlqd5vl/s-l225.jpg
高价,+117%,461.29,80,56.0,【 TOP MINT in Box 】 Fujifilm Fuji Natura Black F1.9 35mm Film Camera From JAPAN,fujifilm natura,Fujifilm,Film Cameras,Used,999.99,USD,FIXED_PRICE,grail:Natura;good-cond,JP,jun0-73,99.6,2026-08-08T19:16:21.000Z,,https://www.ebay.com/itm/358901687169?hash=item5390352381:g:EM4AAeSwZqJp9K4c,https://i.ebayimg.com/images/g/EM4AAeSwZqJp9K4c/s-l225.jpg
高价,+285%,260.0,80,56.0,[Top MINT] Konica Hexar AF 35mm Silver Rangefinder Film Camera From JAPAN,konica hexar,Konica,Film Cameras,Used,999.99,USD,FIXED_PRICE,grail:Hexar;good-cond,JP,kazu_camera_yamanashi_japan,99.8,2026-08-08T18:30:00.000Z,,https://www.ebay.com/itm/168598708665?hash=item27414421b9:g:1-AAAeSwP~Vqd3Zh,https://i.ebayimg.com/images/g/1-AAAeSwP~Vqd3Zh/s-l225.jpg
高价,+285%,260.0,80,56.0,Tested [Top MINT] Konica Hexar AF Black 35mm Film Camera HX-14 Flash From JAPAN,konica hexar,Konica,Film Cameras,Used,999.99,USD,FIXED_PRICE,grail:Hexar;good-cond,JP,shibainu_camera_japan,100.0,2026-08-08T09:42:34.000Z,,https://www.ebay.com/itm/398262821320?hash=item5cba5061c8:g:z8QAAeSwIGNqdvrE,https://i.ebayimg.com/images/g/z8QAAeSwIGNqdvrE/s-l225.jpg
高价,+158%,399.99,80,56.0,Meter Works [Near MINT] Pentax 6x7 67 TTL film camera T 105mm f/2.4 Lens JAPAN,pentax 67,Pentax,Film Cameras,Used,1029.9,USD,FIXED_PRICE,grail:6x7;good-cond,JP,vintagehighqualitycamerashopymmmcamera,100.0,2026-08-08T09:23:07.000Z,,https://www.ebay.com/itm/398262769491?hash=item5cba4f9753:g:pHwAAeSw0hNqdvYv,https://i.ebayimg.com/images/g/pHwAAeSw0hNqdvYv/s-l225.jpg
高价,+9074%,11.99,80,56.0,Super Rare Color Dial [ MINT in Box ] Pentax LX 35mm SLR Film Camera From JAPAN,pentax 35mm,Pentax,Film Cameras,Used,1099.99,USD,FIXED_PRICE,grail:Pentax LX;good-cond,JP,aga-8114,100.0,2026-08-08T05:33:10.000Z,,https://www.ebay.com/itm/236993070828?hash=item372de346ec:g:cRkAAeSwTF5qdsCK,https://i.ebayimg.com/images/g/cRkAAeSwTF5qdsCK/s-l225.jpg
高价,+152%,475.57,80,56.0,CFi FLE [MINT w/ Cap] Hasselblad Carl Zeiss Distagon T* 50mm F/4 Lens From JAPAN,hasselblad distagon 50mm f4,Hasselblad,Lenses,Used,1199.99,USD,FIXED_PRICE,grail:Distagon;good-cond,JP,ohana_camera_tokyo,99.6,2026-08-08T11:53:40.000Z,,https://www.ebay.com/itm/198556287578?hash=item2e3ae0825a:g:42AAAeSwd8VqdxkD,https://i.ebayimg.com/images/g/42AAAeSwd8VqdxkD/s-l225.jpg
高价,+202%,399.99,80,56.0,[Near MINT w/Grip] Pentax 6x7 67 Late M/Up Film Camera SMC T 105mm f2.4 JAPAN,pentax 67,Pentax,Film Cameras,Used,1209.9,USD,FIXED_PRICE,grail:6x7;good-cond,JP,vintagehighqualitycamerashopymmmcamera,100.0,2026-08-08T09:26:11.000Z,,https://www.ebay.com/itm/398262771391?hash=item5cba4f9ebf:g:dBEAAeSwJtNqdvZ4,https://i.ebayimg.com/images/g/dBEAAeSwJtNqdvZ4/s-l225.jpg
高价,+81%,689.94,38,56.0,RARE! CFI [Top MINT+] Hasselblad Carl Zeiss T* Makro-Planar 120mm F/4 Lens JAPAN,hasselblad planar 120mm f4,Hasselblad,Lenses,Used,1249.0,USD,FIXED_PRICE,grail:Planar;good-cond,JP,classic.camera.japan,100.0,2026-08-08T23:13:50.000Z,,https://www.ebay.com/itm/236994518477?hash=item372df95dcd:g:IU8AAeSw5Tlqd7jn,https://i.ebayimg.com/images/g/IU8AAeSw5Tlqd7jn/s-l225.jpg
高价,+1082%,110.02,80,56.0,[Unused in Box] Mamiya RB67 Pro SD Medium Format From JAPAN,mamiya rb67,Mamiya,Film Cameras,Used,1299.99,USD,FIXED_PRICE,grail:RB67,JP,dreamers_camera_japan,99.5,2026-08-08T05:23:46.000Z,,https://www.ebay.com/itm/366593188259?hash=item555aa821a3:g:LiQAAeSwqXxqdr3c,https://i.ebayimg.com/images/g/LiQAAeSwqXxqdr3c/s-l225.jpg
高价,+230%,402.5,80,56.0,【MINT】 Leica Summicron M 50mm F2 Black Lens 2nd. Germany Leitz from JAPAN M17,leica summicron 50mm f2,Leica,Lenses,Used,1329.9,USD,FIXED_PRICE,grail:Summicron;good-cond,JP,japanyuichi,100.0,2026-08-08T22:18:05.000Z,,https://www.ebay.com/itm/298570696378?hash=item45843346ba:g:P08AAOSwj4hn5xXc,https://i.ebayimg.com/images/g/P08AAOSwj4hn5xXc/s-l225.jpg
高价,+2324%,54.87,80,56.0,[Almost MINT] Nikon F2 Titan Name Eye Level 35mm SLR Film Camera From JAPAN,nikon f2,Nikon,Film Cameras,Used,1329.99,USD,FIXED_PRICE,grail:Nikon F2;good-cond,JP,japan.camera.like,100.0,2026-08-08T14:51:26.000Z,,https://www.ebay.com/itm/178386501215?hash=item2988a9fe5f:g:HB0AAeSwoUJqd0Kv,https://i.ebayimg.com/images/g/HB0AAeSwoUJqd0Kv/s-l225.jpg
高价,+371%,287.49,80,56.0,Nikon F3 T (Titan) Body -Near Mint- 9754,nikon f3,Nikon,Film Cameras,Used,1353.75,USD,FIXED_PRICE,grail:Nikon F3;good-cond,JP,kitamura_camera,100.0,2026-08-08T15:27:09.000Z,,https://www.ebay.com/itm/358900976702?hash=item53902a4c3e:g:rUoAAeSwMcpqd0wC,https://i.ebayimg.com/images/g/rUoAAeSwMcpqd0wC/s-l225.jpg
高价,+262%,399.99,80,56.0,Late Body [ MINT In Case w/ Grip ] Pentax 67 TTL MUP + T 105mm F/2.4 From JAPAN,pentax 67,Pentax,Film Cameras,Used,1449.9,USD,FIXED_PRICE,grail:Pentax 67;good-cond,JP,tpjgad67,100.0,2026-08-08T14:42:28.000Z,,https://www.ebay.com/itm/307114503112?hash=item4781736bc8:g:xDoAAeSwYTBqd0FD,https://i.ebayimg.com/images/g/xDoAAeSwYTBqd0FD/s-l225.jpg
高价,+221%,482.42,80,56.0,Mamiya RZ67 Medium Format Film Camera with Sekor Z 65mm F4 Lens,mamiya rz67,Mamiya,Film Cameras,Used,1547.48,USD,FIXED_PRICE,grail:RZ67,JP,samuraipicksjapan,100.0,2026-08-08T14:17:13.000Z,,https://www.ebay.com/itm/178386417265?hash=item2988a8b671:g:23oAAeSw3bJqdzsh,https://i.ebayimg.com/images/g/23oAAeSw3bJqdzsh/s-l225.jpg
高价,+50%,1064.99,32,56.0,C/T 003 [ Top MINT / New Seal ] Fujifilm Fuji GSW690 III Film Camera From JAPAN,fujifilm gsw690,Fujifilm,Film Cameras,Used,1599.99,USD,FIXED_PRICE,grail:GSW690;good-cond,JP,shibainu_camera_japan,100.0,2026-08-08T17:39:21.000Z,,https://www.ebay.com/itm/398264011269?hash=item5cba628a05:g:s04AAeSw5Tlqd2r6,https://i.ebayimg.com/images/g/s04AAeSw5Tlqd2r6/s-l225.jpg
高价,+251%,475.57,80,56.0,888xx Top Mint Hasselblad Carl Zeiss Distagon CFi 50mm F4 T* FLE Lens from Japan,hasselblad distagon 50mm f4,Hasselblad,Lenses,Used,1668.0,USD,FIXED_PRICE,grail:Distagon;good-cond,JP,yumikoui2012,97.1,2026-08-08T06:18:22.000Z,,https://www.ebay.com/itm/168597459439?hash=item27413111ef:g:nwcAAOSwqppnf9Z5,https://i.ebayimg.com/images/g/nwcAAOSwqppnf9Z5/s-l225.jpg
高价,+2998%,54.87,80,56.0,[TOP MINT] Nikon F2 Titan F2T Name Eyelevel SLR 35mm Film Camera Body From JAPAN,nikon f2,Nikon,Film Cameras,Used,1699.99,USD,FIXED_PRICE,grail:Nikon F2;good-cond,JP,saycheese8,99.8,2026-08-08T15:17:14.000Z,,https://www.ebay.com/itm/407129624124?hash=item5ecad10e3c:g:ZJgAAeSwwSNqd0i6,https://i.ebayimg.com/images/g/ZJgAAeSwwSNqd0i6/s-l225.jpg
高价,+14912%,11.99,80,56.0,Rare!! CLA'd [TOP MINT in Box] PENTAX LX 2000 35mm SLR Film Camera Body JAPAN,pentax 35mm,Pentax,Film Cameras,Used,1799.99,USD,FIXED_PRICE,grail:PENTAX LX;good-cond,JP,honest-jpn,99.7,2026-08-09T02:27:04.000Z,,https://www.ebay.com/itm/377404650087?hash=item57df11f267:g:XaIAAeSws3Nqd-ae,https://i.ebayimg.com/images/g/XaIAAeSws3Nqd-ae/s-l225.jpg
高价,+78%,1122.5,80,56.0,"""TOP MINT+++"" Leica Elmarit-R 28mm F/2.8 ROM Ver II E55 Wide Angle Lens JAPAN",leica elmarit 28mm f2.8,Leica,Lenses,Used,1999.99,USD,"FIXED_PRICE,BEST_OFFER",grail:Elmarit;good-cond,JP,kawashima-camera,100.0,2026-08-08T20:51:00.000Z,,https://www.ebay.com/itm/147491811636?hash=item2257327134:g:HU0AAeSwEfZpchdd,https://i.ebayimg.com/images/g/HU0AAeSwEfZpchdd/s-l225.jpg
高价,+92%,1122.5,80,56.0,Leica Elmarit-M 28mm f/2.8 ASPH E39 Lens 6Bit #11606 Near mint,leica elmarit 28mm f2.8,Leica,Lenses,Used,2150.0,USD,FIXED_PRICE,grail:Elmarit;good-cond,JP,yonten_opto,100.0,2026-08-08T13:48:48.000Z,,https://www.ebay.com/itm/398263394130?hash=item5cba591f52:g:ShUAAeSwiuJqdvYj,https://i.ebayimg.com/images/g/ShUAAeSwiuJqdvYj/s-l225.jpg
高价,+57%,1399.99,49,56.0,S Model [ Top MINT w/ Case ] Fuji Fujifilm KLASSE S Black Film Camera From JAPAN,fuji klasse,Fuji,Film Cameras,Used,2199.9,USD,FIXED_PRICE,grail:KLASSE;good-cond,JP,tpjgad67,100.0,2026-08-08T14:35:54.000Z,,https://www.ebay.com/itm/307114494816?hash=item4781734b60:g:C34AAeSws3Nqdz-D,https://i.ebayimg.com/images/g/C34AAeSws3Nqdz-D/s-l225.jpg
高价,+88%,1199.0,80,56.0,Very Rare ROM [MINT] Leica Summicron R 35mm f2 E55 Lens R Mount 11339 From JAPAN,leica summicron 35mm f2,Leica,Lenses,Used,2249.99,USD,FIXED_PRICE,grail:Summicron;good-cond,JP,beryg_camera-japan,100.0,2026-08-08T11:30:29.000Z,,https://www.ebay.com/itm/800478442679?hash=itemba603bb4b7:g:Sa0AAeSwJvdqdxRL,https://i.ebayimg.com/images/g/Sa0AAeSwJvdqdxRL/s-l225.jpg
高价,+2223%,99.0,80,56.0,BOXED [Unused] Canon F-1 Olive Drab 3000 Limited 35mm SLR Film Camera from JAPAN,canon f-1,Canon,Film Cameras,Used,2299.9,USD,FIXED_PRICE,grail:Canon F-1;good-cond,JP,daihir_56,100.0,2026-08-08T06:07:38.000Z,,https://www.ebay.com/itm/407128715778?hash=item5ecac33202:g:rHAAAeSwfjZqdsik,https://i.ebayimg.com/images/g/rHAAAeSwfjZqdsik/s-l225.jpg
高价,+108%,1199.0,80,56.0,[ MINT in Box w/ Case ] Leica Summicron M 35mm F2 ASPH E39 Black Lens From JAPAN,leica summicron 35mm f2,Leica,Lenses,Used,2499.9,USD,FIXED_PRICE,grail:Summicron;good-cond,JP,mitsig-10,100.0,2026-08-08T12:59:20.000Z,,https://www.ebay.com/itm/358900641829?hash=item5390253025:g:DiYAAeSwVf1qdykb,https://i.ebayimg.com/images/g/DiYAAeSwVf1qdykb/s-l225.jpg
高价,+847%,284.94,80,56.0,Contax T2 Titanium Black Compact Point-and-Shoot Film Camera from Japan E0808,contax t2,Contax,Film Cameras,Used,2698.52,USD,FIXED_PRICE,grail:Contax T2,JP,kyoto_camera,99.7,2026-08-08T12:43:19.000Z,,https://www.ebay.com/itm/278258892290?hash=item40c985be02:g:xkIAAeSw1~NqdyOM,https://i.ebayimg.com/images/g/xkIAAeSw1~NqdyOM/s-l225.jpg
高价,+172%,1064.99,32,56.0,CT 013[Top MINT] Fujifilm Fuji GSW690 III Medium Format Film Camera From JAPAN,fujifilm gsw690,Fujifilm,Film Cameras,Used,2899.99,USD,FIXED_PRICE,grail:GSW690;good-cond,JP,hiroshima-camera,100.0,2026-08-08T13:34:21.000Z,,https://www.ebay.com/itm/800478733541?hash=itemba604024e5:g:lzoAAeSwSKxqdzGO,https://i.ebayimg.com/images/g/lzoAAeSwSKxqdzGO/s-l225.jpg
高价,+150%,1199.0,80,56.0,Rare!! Canada 4th [TOP MINT] Leica Summicron M 35mm f/2 Lens pre ASPH 7pcs Bokeh,leica summicron 35mm f2,Leica,Lenses,Used,2999.99,USD,FIXED_PRICE,grail:Summicron;good-cond,JP,honest-jpn,99.7,2026-08-09T02:16:36.000Z,,https://www.ebay.com/itm/377404642970?hash=item57df11d69a:g:ZCsAAeSweu9qd-P5,https://i.ebayimg.com/images/g/ZCsAAeSweu9qd-P5/s-l225.jpg
高价,+3265%,92.58,80,56.0,Mamiya 645 Pro Medium Format Film Camera Set with 4 Lenses and Accessories,mamiya pro,Mamiya,Film Cameras,Open box,3115.37,USD,FIXED_PRICE,grail:645,JP,samuraipicksjapan,100.0,2026-08-08T14:15:48.000Z,,https://www.ebay.com/itm/178386415719?hash=item2988a8b067:g:6JgAAeSwa4FqdzqQ,https://i.ebayimg.com/images/g/6JgAAeSwa4FqdzqQ/s-l225.jpg
高价,+5060%,67.83,80,56.0,Collectible [Unused] Tele Rolleiflex Zwischenmodel 135mm f/4 Sonnar TLR Camera,rolleiflex rolleiflex,Rolleiflex,Film Cameras,Used,3499.99,USD,FIXED_PRICE,grail:Sonnar,JP,camera-lady777,100.0,2026-08-08T21:50:46.000Z,,https://www.ebay.com/itm/158168077206?hash=item24d38d5396:g:ri4AAeSwgsZqd6a0,https://i.ebayimg.com/images/g/ri4AAeSwgsZqd6a0/s-l225.jpg
高价,+1577%,240.5,80,56.0,Mamiya 7 Medium Format 6x7 Rangefinder Film Camera Body from Japan E0808,mamiya 7,Mamiya,Film Cameras,Used,4034.42,USD,FIXED_PRICE,grail:6x7,JP,kyoto_camera,99.7,2026-08-08T08:03:53.000Z,,https://www.ebay.com/itm/287512285864?hash=item42f11152a8:g:fmgAAeSwR-FqduIP,https://i.ebayimg.com/images/g/fmgAAeSwR-FqduIP/s-l225.jpg
高价,+2187%,240.5,80,56.0,RARE [Unused] Mamiya 7 II 7II Black Medium Rangefnder 120 Film Camera From JAPAN,mamiya 7,Mamiya,Film Cameras,Used,5499.99,USD,FIXED_PRICE,grail:Mamiya 7 II,JP,myon-38,99.7,2026-08-09T00:23:30.000Z,,https://www.ebay.com/itm/318699829298?hash=item4a33fd7832:g:mCEAAeSwfoNqd8ly,https://i.ebayimg.com/images/g/mCEAAeSwfoNqd8ly/s-l225.jpg
无基准,,,,55.0,"Canon AE-1 35mm SLR Film Camera 52mm f/2.8, strobe flash, filters, zoom lens",canon ae-1,Canon,Film Cameras,Used,0.0,USD,AUCTION,grail:AE-1;52mm;auction,US,greatwhite1944,98.6,2026-08-08T23:23:55.000Z,2026-08-15T23:23:55.000Z,https://www.ebay.com/itm/257669802452?hash=item3bfe5129d4:g:pSIAAeSwrFRqT1a1,https://i.ebayimg.com/images/g/pSIAAeSwrFRqT1a1/s-l225.jpg
无基准,,,,55.0,Asahi Pentax Spotmatic F SPF Film Camera SMC Takumar 55mm F/1.8,asahi spotmatic,Asahi,Film Cameras,Used,0.0,USD,AUCTION,grail:Spotmatic;55mm;auction,US,happyfan15,100.0,2026-08-08T22:40:42.000Z,2026-08-15T22:40:42.000Z,https://www.ebay.com/itm/336733406539?hash=item4e66e0054b:g:aTEAAeSw0k5qFkUP,https://i.ebayimg.com/images/g/aTEAAeSw0k5qFkUP/s-l225.jpg
无基准,,,,55.0,Olympus OM-1 Camera and Sigma 1:3.5-4.5/28-85mm Lens,olympus om-1,Olympus,Film Cameras,Used,0.0,USD,AUCTION,grail:OM-1;mount:olympus om;auction,CA,divetrip,97.3,2026-08-08T15:55:46.000Z,2026-08-13T15:55:46.000Z,https://www.ebay.com/itm/206475380391?hash=item3012e446a7:g:cn0AAeSwms5qcLIW,https://i.ebayimg.com/images/g/cn0AAeSwms5qcLIW/s-l225.jpg
无基准,,,,55.0,*Near Mint* Fuji Tele Cardia Super DATE Point & Shoot Film Camera 35-70mm Lens,fuji tele cardia,Fuji,Film Cameras,Used,42.74,USD,FIXED_PRICE,good-cond,JP,dub0804-55,100.0,2026-08-08T11:07:35.000Z,,https://www.ebay.com/itm/366593572297?hash=item555aadfdc9:g:VNgAAOSwRsNnYjsi,https://i.ebayimg.com/images/g/VNgAAOSwRsNnYjsi/s-l225.jpg
无基准,,,,55.0,Read [Near Mint Tested] Pentax Espio 125M Point & Shoot 35mm Film Camera JAPAN,pentax 125m,Pentax,Film Cameras,Used,44.99,USD,FIXED_PRICE,good-cond,JP,ku-camera-japan,100.0,2026-08-08T12:16:48.000Z,,https://www.ebay.com/itm/366593636920?hash=item555aaefa38:g:1RgAAeSwseNqdx1P,https://i.ebayimg.com/images/g/1RgAAeSwseNqdx1P/s-l225.jpg
无基准,,,,55.0,Mamiya/Sekor 1000 DTL,mamiya 1000,Mamiya,Vintage Cameras,,45.0,USD,"FIXED_PRICE,AUCTION",auction,US,juli.verd,100.0,2026-08-08T16:55:35.000Z,2026-08-15T16:55:35.000Z,https://www.ebay.com/itm/158167337214?hash=item24d38208fe:g:nKIAAeSwQ7dqW67L,https://i.ebayimg.com/images/g/nKIAAeSwQ7dqW67L/s-l225.jpg
无基准,,,,55.0,《Near MINT++ w/BODY CAP》Minolta SR-1 Silver SLR 35mm Film Camera From JAPAN✈🚀🎁,minolta sr-1,Minolta,Film Cameras,Used,45.28,USD,FIXED_PRICE,good-cond,JP,rtmy19,100.0,2026-08-08T16:42:44.000Z,,https://www.ebay.com/itm/800479134502?hash=itemba60464326:g:quIAAOSwReBoI-ij,https://i.ebayimg.com/images/g/quIAAOSwReBoI-ij/s-l225.jpg
无基准,,,,55.0,[Exc+5] MINOLTA Capios 25 Point & Shoot 35mm Film Camera Silver From JAPAN ##116,minolta 25,Minolta,Film Cameras,Used,47.99,USD,FIXED_PRICE,good-cond,JP,mimoss.shop,100.0,2026-08-08T08:33:31.000Z,,https://www.ebay.com/itm/398262654104?hash=item5cba4dd498:g:Y5IAAeSwjSBqdp1S,https://i.ebayimg.com/images/g/Y5IAAeSwjSBqdp1S/s-l225.jpg
无基准,,,,55.0,《MINT》Nikon TW Zoom Quartz Date 35-80mm Macro Lens 35mm Film Camera JAPAN✈✈✈🚀🎁,nikon quartz date,Nikon,Film Cameras,Used,49.22,USD,FIXED_PRICE,good-cond,JP,rtmy19,100.0,2026-08-08T16:42:45.000Z,,https://www.ebay.com/itm/800479134613?hash=itemba60464395:g:0tUAAeSwEQho2mer,https://i.ebayimg.com/images/g/0tUAAeSwEQho2mer/s-l225.jpg
无基准,,,,55.0,READ《APP MINT》Pentax KM 35mm SLR Film Camera Body From JAPAN✈✈✈✈✈✈✈✈✈✈✈✈✈✈✈✈🚀🎁,pentax 35mm,Pentax,Film Cameras,Used,49.22,USD,FIXED_PRICE,good-cond,JP,rtmy19,100.0,2026-08-08T16:42:44.000Z,,https://www.ebay.com/itm/800479134479?hash=itemba6046430f:g:S4QAAOSwLudoLo9X,https://i.ebayimg.com/images/g/S4QAAOSwLudoLo9X/s-l225.jpg
无基准,,,,55.0,No Sticky [Almost MINT] Nikon F60D SLR 35mm Film Camera Black Body From JAPAN,nikon f60d,Nikon,Film Cameras,Used,49.9,USD,FIXED_PRICE,good-cond,JP,f1-camera,100.0,2026-08-08T14:22:39.000Z,,https://www.ebay.com/itm/336732920636?hash=item4e66d89b3c:g:E-8AAeSwUiNqdzzb,https://i.ebayimg.com/images/g/E-8AAeSwUiNqdzzb/s-l225.jpg
无基准,,,,55.0,[NEAR MINT] Olympus PEN EES EE-S 35mm Half Frame Film Camera Red Flag OK JAPAN,olympus pen ees,Olympus,Film Cameras,Used,49.99,USD,"FIXED_PRICE,BEST_OFFER",good-cond,JP,happy-camera-japan,99.9,2026-08-08T20:52:22.000Z,,https://www.ebay.com/itm/336733314040?hash=item4e66de9bf8:g:kt4AAeSwO6Vp7hMk,https://i.ebayimg.com/images/g/kt4AAeSwO6Vp7hMk/s-l225.jpg
无基准,,,,55.0,[MINT w/Box] Minolta Maxxum 350si alpha a-101 si 35mm SLR Film Camera Body black,minolta 350si,Minolta,Film Cameras,Used,49.99,USD,"FIXED_PRICE,BEST_OFFER",good-cond,JP,camera_watch.japan,100.0,2026-08-08T07:15:06.000Z,,https://www.ebay.com/itm/178385382616?hash=item298898ecd8:g:aNUAAeSwcM9p4JaA,https://i.ebayimg.com/images/g/aNUAAeSwcM9p4JaA/s-l225.jpg
无基准,,,,55.0,[ NEAR MINT w/Strap ] Nikon FM10 35mm SLR Film Camera Body From JAPAN,nikon fm10,Nikon,Film Cameras,Used,49.99,USD,"FIXED_PRICE,BEST_OFFER",good-cond,JP,japan_camera_sippo,100.0,2026-08-08T07:01:37.000Z,,https://www.ebay.com/itm/398262444088?hash=item5cba4aa038:g:vaYAAeSwMoRpwNY9,https://i.ebayimg.com/images/g/vaYAAeSwMoRpwNY9/s-l225.jpg
无基准,,,,55.0,【Rare】[EX] 1956 Mamiya-35 II Rangefinder Film Camera Sekor 50mm f/2.8 #A102080,mamiya mamiya-35,Mamiya,Film Cameras,Used,53.1,USD,FIXED_PRICE,,JP,george.-5078,100.0,2026-08-08T15:34:51.000Z,,https://www.ebay.com/itm/287512885814?hash=item42f11a7a36:g:ClcAAeSwLQ9pgXD5,https://i.ebayimg.com/images/g/ClcAAeSwLQ9pgXD5/s-l225.jpg
无基准,,,,55.0,[NEAR MINT] Canon Autoboy Luna PANPRAMA Ai AF/28-70mm 1:5.6-7.8 From JAPAN,canon 1,Canon,Film Cameras,Used,54.99,USD,"FIXED_PRICE,BEST_OFFER",good-cond,JP,happy-camera-japan,99.9,2026-08-08T09:08:51.000Z,,https://www.ebay.com/itm/336732605508?hash=item4e66d3cc44:g:~ycAAeSwYG9qc8wa,https://i.ebayimg.com/images/g/~ycAAeSwYG9qc8wa/s-l225.jpg
高价,+190%,19.52,80,55.0,"LEICA M2, M3 M4P, M4, MD, MDa, M1 chrome time setting knob. (New)",leica m2,Leica,Film Cameras,Usato,56.64,USD,"FIXED_PRICE,BEST_OFFER",grail:LEICA M2;mount:minolta md,IT,gabrcala-80,100.0,2026-08-08T12:52:53.000Z,,https://www.ebay.com/itm/147491114771?hash=item225727cf13:g:RQoAAOSwfddnvyqD,https://i.ebayimg.com/images/g/RQoAAOSwfddnvyqD/s-l225.jpg
无基准,,,,55.0,Minolta XD11 35mm Film Camera Black hanimex f2.8 28mm lens,minolta xd11,Minolta,Film Cameras,Used,57.39,USD,"FIXED_PRICE,BEST_OFFER",grail:XD11,CA,sylto_3186,100.0,2026-08-08T18:00:52.000Z,,https://www.ebay.com/itm/358901447117?hash=item53903179cd:g:5KQAAeSwNSNqd25Z,https://i.ebayimg.com/images/g/5KQAAeSwNSNqd25Z/s-l225.jpg
无基准,,,,55.0,[Exc+3] Pentax ME 35mm Film Camera body silver from working from japan,pentax 35mm,Pentax,Film Cameras,Used,58.0,USD,FIXED_PRICE,good-cond,JP,sakiho_store,99.8,2026-08-08T20:20:43.000Z,,https://www.ebay.com/itm/800479593351?hash=itemba604d4387:g:GGQAAeSwnu5qd49x,https://i.ebayimg.com/images/g/GGQAAeSwnu5qd49x/s-l225.jpg
无基准,,,,55.0,Carl Zeiss Jena 2.8/50Mm Tessar T 1Q Lens Head,zeiss tessar 50mm,Zeiss,Lenses,Used,59.35,USD,"FIXED_PRICE,BEST_OFFER",grail:Tessar,AT,mintandrare,99.9,2026-08-08T14:34:08.000Z,,https://www.ebay.com/itm/147491250273?hash=item225729e061:g:IsAAAeSwBCJqdyvB,https://i.ebayimg.com/images/g/IsAAAeSwBCJqdyvB/s-l225.jpg
无基准,,,,55.0,Red Flag Works《Near MINT》Olympus Pen EE Half Frame 35mm Film Camera JAPAN✈✈✈🚀🎁,olympus pen half,Olympus,Film Cameras,Used,64.0,USD,FIXED_PRICE,good-cond,JP,rtmy19,100.0,2026-08-08T16:42:45.000Z,,https://www.ebay.com/itm/800479134551?hash=itemba60464357:g:N50AAeSwRhJo0qFo,https://i.ebayimg.com/images/g/N50AAeSwRhJo0qFo/s-l225.jpg
无基准,,,,55.0,[Near MINT] Tested MINOLTA Capios 150S Point & Shoot 35mm Film Camera From JAPAN,minolta 150s,Minolta,Film Cameras,Used,64.99,USD,FIXED_PRICE,good-cond,JP,ozis923,100.0,2026-08-08T22:51:19.000Z,,https://www.ebay.com/itm/407130264243?hash=item5ecadad2b3:g:wbYAAeSwiiFqd7QW,https://i.ebayimg.com/images/g/wbYAAeSwiiFqd7QW/s-l225.jpg
无基准,,,,55.0,[Exc+5] Nikon FE10 35mm SLR Film Camera Body From Japan #6832,nikon fe10,Nikon,Film Cameras,Used,66.86,USD,FIXED_PRICE,good-cond,JP,bluebirdjapan,100.0,2026-08-08T17:00:00.000Z,,https://www.ebay.com/itm/158130495399?hash=item24d14fdfa7:g:z68AAeSw2OhqaZ3Y,https://i.ebayimg.com/images/g/z68AAeSw2OhqaZ3Y/s-l225.jpg
无基准,,,,55.0,▶️[Near Mint / Tested] Ricoh FF-9S Date Black 35㎜ f/3.5 Film Camera from JAPAN,ricoh ff-9s,Ricoh,Film Cameras,Used,66.99,USD,FIXED_PRICE,good-cond,JP,makyos40,100.0,2026-08-08T08:07:57.000Z,,https://www.ebay.com/itm/318696754324?hash=item4a33ce8c94:g:6wMAAeSwuvdqdufW,https://i.ebayimg.com/images/g/6wMAAeSwuvdqdufW/s-l225.jpg
无基准,,,,55.0,《Near MINT》Olympus AF-10 TWIN QD 35mm Point & Shoot Film Camera From JAPAN✈✈🚀🎁,olympus af-10,Olympus,Film Cameras,Used,67.94,USD,FIXED_PRICE,good-cond,JP,rtmy19,100.0,2026-08-08T16:42:44.000Z,,https://www.ebay.com/itm/800479134471?hash=itemba60464307:g:4X0AAeSw8oNqAeeT,https://i.ebayimg.com/images/g/4X0AAeSw8oNqAeeT/s-l225.jpg
无基准,,,,55.0,Pentax K1000 SE 35mm SLR Film Camera Body Only Tested Working No Lens Read,pentax k1000,Pentax,Film Cameras,Used,68.15,USD,FIXED_PRICE,grail:K1000,CA,c_ertman,99.6,2026-08-08T17:24:04.000Z,,https://www.ebay.com/itm/168598600198?hash=item2741427a06:g:e8kAAeSwjSBqd2WK,https://i.ebayimg.com/images/g/e8kAAeSwjSBqd2WK/s-l225.jpg
无基准,,,,55.0,[Near Mint] Genuine Olympus AFL-T QD 35mm Point & Shoot Film Camera From Japan,olympus afl-t,Olympus,Film Cameras,Used,68.2,USD,"FIXED_PRICE,BEST_OFFER",good-cond,JP,growz9652,100.0,2026-08-08T23:46:18.000Z,,https://www.ebay.com/itm/188763756845?hash=item2bf332592d:g:7i4AAeSwQw5qUXA6,https://i.ebayimg.com/images/g/7i4AAeSwQw5qUXA6/s-l225.jpg
无基准,,,,55.0,[Near Mint] Rare!! Ricoh TF-500D Automatic 35mm Film Point & Shoot Camera JAPAN#,ricoh tf-500d,Ricoh,Film Cameras,Used,68.99,USD,FIXED_PRICE,good-cond,JP,mimoss.shop,100.0,2026-08-08T23:18:18.000Z,,https://www.ebay.com/itm/398264770887?hash=item5cba6e2147:g:AUEAAeSwli9qd7gd,https://i.ebayimg.com/images/g/AUEAAeSwli9qd7gd/s-l225.jpg
无基准,,,,55.0,[ALL WORKS / NEAR MINT] Minolta Capios 150s Point Shoot 35mm Film Camera JAPAN,minolta 150s,Minolta,Film Cameras,Used,68.99,USD,FIXED_PRICE,good-cond,JP,japa-ninja,99.9,2026-08-08T14:57:16.000Z,,https://www.ebay.com/itm/318698074148?hash=item4a33e2b024:g:fJkAAeSw9h1qUiAx,https://i.ebayimg.com/images/g/fJkAAeSw9h1qUiAx/s-l225.jpg
无基准,,,,55.0,Near MINT Canon AiAF 105 Pont&Shoot 35mm Film Camera 35-105mm Lens From JAPAN,canon 105,Canon,Film Cameras,Used,69.99,USD,FIXED_PRICE,good-cond,JP,munakata_camera_jp,99.4,2026-08-09T03:46:58.000Z,,https://www.ebay.com/itm/137600857168?hash=item2009a67450:g:n8EAAOSwATZnWj3D,https://i.ebayimg.com/images/g/n8EAAOSwATZnWj3D/s-l225.jpg
无基准,,,,55.0,Read![Almost MINT] Canon AF35ML Black Point & Shoot 35mm Film Camera From JAPAN,canon af35ml,Canon,Film Cameras,Used,69.99,USD,FIXED_PRICE,good-cond,JP,riceball_90,100.0,2026-08-08T23:58:30.000Z,,https://www.ebay.com/itm/128017190387?hash=item1dce6b4df3:g:d38AAeSwoTxqd8Mi,https://i.ebayimg.com/images/g/d38AAeSwoTxqd8Mi/s-l225.jpg
无基准,,,,55.0,[ NEAR MINT ] Fujica Fujifilm Auto-7 Date Point & Shoot 35mm Film Camera JAPAN,fujifilm auto-7,Fujifilm,Film Cameras,Used,69.99,USD,"FIXED_PRICE,BEST_OFFER",good-cond,JP,wazze_camera.jpn,100.0,2026-08-08T23:36:10.000Z,,https://www.ebay.com/itm/358902389418?hash=item53903fdaaa:g:RIgAAOSwFQpoKwt3,https://i.ebayimg.com/images/g/RIgAAOSwFQpoKwt3/s-l225.jpg
无基准,,,,55.0,[NEAR MINT] Canon Aceboy Panorama Autoboy 38-76mm Point&Shoot Film Camera JAPAN,canon aceboy panorama,Canon,Film Cameras,Used,69.99,USD,FIXED_PRICE,good-cond,JP,japa-ninja,99.9,2026-08-08T14:58:31.000Z,,https://www.ebay.com/itm/318698075250?hash=item4a33e2b472:g:ln8AAeSwVktqVIl4,https://i.ebayimg.com/images/g/ln8AAeSwVktqVIl4/s-l225.jpg
无基准,,,,55.0,[Exc +5] Pentax Espio 115M 35mm Point & Shoot Film Camera Tested from Japan,pentax 115m,Pentax,Film Cameras,Used,74.0,USD,FIXED_PRICE,good-cond,JP,ku-camera-japan,100.0,2026-08-08T12:28:41.000Z,,https://www.ebay.com/itm/366593652464?hash=item555aaf36f0:g:pScAAeSwk-9qdyBY,https://i.ebayimg.com/images/g/pScAAeSwk-9qdyBY/s-l225.jpg
无基准,,,,55.0,*READ : Near Mint* Yashica FR I FRI SLR Film Camera Body Contax / Yashica Mount,yashica fri,Yashica,Film Cameras,Used,74.09,USD,FIXED_PRICE,good-cond,JP,hitonaga-0,100.0,2026-08-08T11:34:14.000Z,,https://www.ebay.com/itm/407129237013?hash=item5ecacb2615:g:U3AAAeSwZ3VoNUun,https://i.ebayimg.com/images/g/U3AAAeSwZ3VoNUun/s-l225.jpg
无基准,,,,55.0,Canon Autoboy TELE Point & Shoot 35mm Film Camera [ NEAR MINT ] From JAPAN,canon autoboy tele,Canon,Film Cameras,Used,74.99,USD,"FIXED_PRICE,BEST_OFFER",good-cond,JP,camera_yu1010_japan,100.0,2026-08-08T12:25:25.000Z,,https://www.ebay.com/itm/287512665215?hash=item42f1171c7f:g:D94AAeSwZ1dqUeOf,https://i.ebayimg.com/images/g/D94AAeSwZ1dqUeOf/s-l225.jpg
无基准,,,,55.0,ROLLEIFLEX SL35M CAMERA,rolleiflex rolleiflex,Rolleiflex,Film Cameras,Used,75.0,USD,"FIXED_PRICE,AUCTION",auction,US,longwalker265,100.0,2026-08-08T17:15:13.000Z,2026-08-13T17:15:13.000Z,https://www.ebay.com/itm/128016911830?hash=item1dce670dd6:g:W~cAAeSwYEVqd2LD,https://i.ebayimg.com/images/g/W~cAAeSwYEVqd2LD/s-l225.jpg
无基准,,,,55.0,Red Flag OK《Near MINT》Olympus Pen EE Half Frame 35mm Film Camera JAPAN✈✈✈✈✈✈🚀🎁,olympus pen half,Olympus,Film Cameras,Used,78.76,USD,FIXED_PRICE,good-cond,JP,rtmy19,100.0,2026-08-08T16:42:45.000Z,,https://www.ebay.com/itm/800479134588?hash=itemba6046437c:g:ARwAAeSwhJFpoZ0B,https://i.ebayimg.com/images/g/ARwAAeSwhJFpoZ0B/s-l225.jpg
无基准,,,,55.0,RARE《EXC+5》Nikon Nikomat ELW EL W Black SLR Film Camera Body From JAPAN✈✈✈✈🚀🎁,nikon nikomat elw,Nikon,Film Cameras,Used,78.76,USD,FIXED_PRICE,good-cond,JP,rtmy19,100.0,2026-08-08T16:42:45.000Z,,https://www.ebay.com/itm/800479134645?hash=itemba604643b5:g:aJ0AAOSw709mrQdd,https://i.ebayimg.com/images/g/aJ0AAOSw709mrQdd/s-l225.jpg
无基准,,,,55.0,[A MINT w/Case] Nikon Zoom 300 AF PANORAMA Point & Shoot 35mm Film Camera JAPAN,nikon 300,Nikon,Film Cameras,Used,79.0,USD,FIXED_PRICE,good-cond,JP,classic.camera.japan,100.0,2026-08-08T23:06:26.000Z,,https://www.ebay.com/itm/236994512262?hash=item372df94586:g:y-IAAeSwEe9qd7el,https://i.ebayimg.com/images/g/y-IAAeSwEe9qd7el/s-l225.jpg
无基准,,,,55.0,[Near MINT] Pentax Espio 115M 35mm Point & Shoot Film Camera Tested From JAPAN,pentax 115m,Pentax,Film Cameras,Used,79.0,USD,FIXED_PRICE,good-cond,JP,daya_2548,100.0,2026-08-08T22:14:31.000Z,,https://www.ebay.com/itm/398264655879?hash=item5cba6c6007:g:aFsAAeSwv8xqd6rA,https://i.ebayimg.com/images/g/aFsAAeSwv8xqd6rA/s-l225.jpg
无基准,,,,55.0,[Exc+5] Canon FTb QL Black SLR 35mm Film Camera Body Only From JAPAN 3013744,canon ftb,Canon,Film Cameras,Used,79.99,USD,"FIXED_PRICE,BEST_OFFER",good-cond,JP,yoshshi_48,100.0,2026-08-09T04:41:09.000Z,,https://www.ebay.com/itm/377404805000?hash=item57df144f88:g:2OwAAeSwgvRqeAQF,https://i.ebayimg.com/images/g/2OwAAeSwgvRqeAQF/s-l225.jpg
无基准,,,,55.0,**MINT** Minolta Capios 125S Multi AF Point & Shoot Film Camera From Japan J0071,minolta 125s,Minolta,Film Cameras,Used,79.99,USD,FIXED_PRICE,good-cond,JP,japan_super-sales,98.9,2026-08-08T19:18:29.000Z,,https://www.ebay.com/itm/227467662252?hash=item34f62113ac:g:m-cAAeSw8iBp-BSU,https://i.ebayimg.com/images/g/m-cAAeSw8iBp-BSU/s-l225.jpg
无基准,,,,55.0,Red Frag OK [Near MINT] Olympus Pen EE-S Half Frame 35mm Film Camera From JAPAN,olympus pen ee-s,Olympus,Film Cameras,Used,79.99,USD,FIXED_PRICE,good-cond,JP,authentic.heritage.japan,100.0,2026-08-08T15:32:27.000Z,,https://www.ebay.com/itm/307114596374?hash=item478174d816:g:rvUAAeSw5UJqd0zC,https://i.ebayimg.com/images/g/rvUAAeSw5UJqd0zC/s-l225.jpg
无基准,,,,55.0,[Near MINT] PENTAX ESPIO 105SW Silver 35mm Point & Shoot Film Camera From JAPAN,pentax 105sw,Pentax,Film Cameras,Used,79.99,USD,FIXED_PRICE,good-cond,JP,ebiz-wpc,100.0,2026-08-08T09:13:06.000Z,,https://www.ebay.com/itm/398262748818?hash=item5cba4f4692:g:o1IAAeSww-VpuDc9,https://i.ebayimg.com/images/g/o1IAAeSww-VpuDc9/s-l225.jpg
无基准,,,,55.0,tested【EXC+4】Mamiya Sekor C 150mm f/4 lens for M645 1000S Super Pro From Japan,mamiya sekor 150mm f4,Mamiya,Lenses,Used,80.99,USD,"FIXED_PRICE,BEST_OFFER",good-cond,JP,japan-vintage-collection,100.0,2026-08-08T19:05:11.000Z,,https://www.ebay.com/itm/398264208961?hash=item5cba658e41:g:PKAAAeSwgiZpSsl0,https://i.ebayimg.com/images/g/PKAAAeSwgiZpSsl0/s-l225.jpg
无基准,,,,55.0,[Unused] CONTAX Focusing screen Yashica era early model,contax focusing screen,Contax,Film Cameras,New,82.17,USD,"FIXED_PRICE,BEST_OFFER",,JP,mgaaoetom10rbmjc-1,99.1,2026-08-08T16:18:56.000Z,,https://www.ebay.com/itm/236993949112?hash=item372df0adb8:g:VbkAAeSwuKZqd1dw,https://i.ebayimg.com/images/g/VbkAAeSwuKZqd1dw/s-l225.jpg
高价,+236%,24.97,80,55.0,[Very Good] MINOLTA SRT101 SLR 35mm MC ROKKOR-PF 58mm f/1.4 ~ From JAPAN,minolta srt101,Minolta,Film Cameras,Used,83.99,USD,"FIXED_PRICE,BEST_OFFER",grail:SRT101;mount:minolta md;58mm,JP,zuishop,100.0,2026-08-08T08:12:25.000Z,,https://www.ebay.com/itm/287512296526?hash=item42f1117c4e:g:lP8AAeSwk71qduW3,https://i.ebayimg.com/images/g/lP8AAeSwk71qduW3/s-l225.jpg
无基准,,,,55.0,[Exc+5] MINOLTA P'S Point & Shoot 35mm Film Camera ~ From JAPAN,minolta 35mm,Minolta,Film Cameras,Used,85.99,USD,"FIXED_PRICE,BEST_OFFER",good-cond,JP,zuishop,100.0,2026-08-08T07:07:57.000Z,,https://www.ebay.com/itm/287512221139?hash=item42f11055d3:g:~g8AAeSwJtNqdtX4,https://i.ebayimg.com/images/g/~g8AAeSwJtNqdtX4/s-l225.jpg
无基准,,,,55.0,OPT Mint Olympus SUPERZOOM INFINITY ZOOM STYLUS 70G 35mm Film Camera Japan 3352,olympus stylus,Olympus,Film Cameras,Used,89.0,USD,FIXED_PRICE,good-cond,JP,sakuracamera,100.0,2026-08-08T20:28:29.000Z,,https://www.ebay.com/itm/407130074521?hash=item5ecad7ed99:g:maAAAeSwOfRqdl2C,https://i.ebayimg.com/images/g/maAAAeSwOfRqdl2C/s-l225.jpg
无基准,,,,55.0,Red Flag Works Near MINT Olympus Pen EE-3 EE3 Half Frame Film Camera From JAPAN,olympus ee-3,Olympus,Film Cameras,Used,89.99,USD,FIXED_PRICE,good-cond,JP,munakata_camera_jp,99.4,2026-08-09T03:46:58.000Z,,https://www.ebay.com/itm/137600857167?hash=item2009a6744f:g:M-4AAeSwlexpnV~0,https://i.ebayimg.com/images/g/M-4AAeSwlexpnV~0/s-l225.jpg
无基准,,,,55.0,All works[Near Mint] Olympus TRIP 35 Point & Shoot 35mm Film Camera From JAPAN,olympus trip,Olympus,Film Cameras,Used,89.99,USD,FIXED_PRICE,good-cond,JP,samurai-1173-cam,100.0,2026-08-08T23:11:43.000Z,,https://www.ebay.com/itm/318699660931?hash=item4a33fae683:g:xDwAAeSwrBNqY8eg,https://i.ebayimg.com/images/g/xDwAAeSwrBNqY8eg/s-l225.jpg
无基准,,,,55.0,[MINT w/ Strap Cap] Canon EOS 55 Black SLR 35mm Film Camera Body Only From JAPAN,canon 55,Canon,Film Cameras,Used,89.99,USD,FIXED_PRICE,good-cond,JP,ty_camera_japan,100.0,2026-08-08T13:34:20.000Z,,https://www.ebay.com/itm/358900725476?hash=item53902676e4:g:n9kAAeSwqvlqdzET,https://i.ebayimg.com/images/g/n9kAAeSwqvlqdzET/s-l225.jpg
无基准,,,,55.0,[Exc+4] MINOLTA P's Panorama 35mm Point & Shoot Film Camera ~ From JAPAN,minolta panorama,Minolta,Film Cameras,Used,89.99,USD,"FIXED_PRICE,BEST_OFFER",good-cond,JP,zuishop,100.0,2026-08-08T10:41:48.000Z,,https://www.ebay.com/itm/287512543990?hash=item42f11542f6:g:hUwAAeSwFU5qdwhu,https://i.ebayimg.com/images/g/hUwAAeSwFU5qdwhu/s-l225.jpg
无基准,,,,55.0,[Exc+4] Canon Demi Half Frame 35mm Film Camera 28mm f/2.8 Lens From JAPAN,canon demi half,Canon,Film Cameras,Used,93.99,USD,"FIXED_PRICE,BEST_OFFER",good-cond,JP,zuishop,100.0,2026-08-08T11:19:07.000Z,,https://www.ebay.com/itm/287512585044?hash=item42f115e354:g:j2UAAeSw5VxqdxEJ,https://i.ebayimg.com/images/g/j2UAAeSw5VxqdxEJ/s-l225.jpg
无基准,,,,55.0,Meter OK!![Near MINT] Pentax K2 Silver 35mm SLR Film Camera Body From JAPAN,pentax k2,Pentax,Film Cameras,Used,94.0,USD,FIXED_PRICE,good-cond,JP,samura1_camera_japan,99.5,2026-08-09T00:55:57.000Z,,https://www.ebay.com/itm/407130413918?hash=item5ecadd1b5e:g:3lQAAeSwMjhqd9Bd,https://i.ebayimg.com/images/g/3lQAAeSwMjhqd9Bd/s-l225.jpg
无基准,,,,55.0,*Near Mint ++* Pentax MZ-30 Film Camera SMC FA 35-80mm Lens w/ Bonus 100-300mm,pentax mz-30,Pentax,Film Cameras,Used,94.99,USD,FIXED_PRICE,good-cond,JP,dub0804-55,100.0,2026-08-08T11:07:35.000Z,,https://www.ebay.com/itm/366593572287?hash=item555aadfdbf:g:5zgAAeSwVuJpzKyX,https://i.ebayimg.com/images/g/5zgAAeSwVuJpzKyX/s-l225.jpg
无基准,,,,55.0,Rollei HFT Planar 1.8/50Mm #1228050,rollei planar 50mm,Rollei,Lenses,Used,95.69,USD,"FIXED_PRICE,BEST_OFFER",grail:Planar,AT,mintandrare,99.9,2026-08-08T20:37:13.000Z,,https://www.ebay.com/itm/147491794111?hash=item2257322cbf:g:B2UAAeSwfjZqd0Ed,https://i.ebayimg.com/images/g/B2UAAeSwfjZqd0Ed/s-l225.jpg
无基准,,,,55.0,Mamiya-35 SEKOR 5cm F2.8 Rangefinder Camera,mamiya mamiya-35 sekor,Mamiya,Film Cameras,Used,97.34,USD,"FIXED_PRICE,BEST_OFFER",,JP,mgaaoetom10rbmjc-1,99.1,2026-08-08T16:17:43.000Z,,https://www.ebay.com/itm/236993947968?hash=item372df0a940:g:rAcAAeSwHiJqd1eg,https://i.ebayimg.com/images/g/rAcAAeSwHiJqd1eg/s-l225.jpg
无基准,,,,55.0,《Near MINT in CASE》Ricoh 300 S 300S Rangefinder 35mm Film Camera From JAPAN✈🚀🎁,ricoh 300,Ricoh,Film Cameras,Used,97.91,USD,FIXED_PRICE,good-cond,JP,rtmy19,100.0,2026-08-08T16:42:44.000Z,,https://www.ebay.com/itm/800479134495?hash=itemba6046431f:g:joEAAOSwyN5oHB5f,https://i.ebayimg.com/images/g/joEAAOSwyN5oHB5f/s-l225.jpg
无基准,,,,55.0,[NEAR MINT] Canon AF35M Autoboy Film Camera Black 38mm F/2.8 Lens From JAPAN,canon af35m,Canon,Film Cameras,Used,97.99,USD,"FIXED_PRICE,BEST_OFFER",good-cond,JP,koumatsu,100.0,2026-08-08T21:08:57.000Z,,https://www.ebay.com/itm/800479697498?hash=itemba604eda5a:g:OFoAAeSwd51qIBxT,https://i.ebayimg.com/images/g/OFoAAeSwd51qIBxT/s-l225.jpg
无基准,,,,55.0,RARE!!《EXC+5 in CASE》Minolta SR-1 LATE SLR Black 35mm Film Camera From JAPAN✈✈✈✈,minolta sr-1,Minolta,Film Cameras,Used,98.45,USD,FIXED_PRICE,good-cond,JP,rtmy19,100.0,2026-08-08T16:43:41.000Z,,https://www.ebay.com/itm/800479135376?hash=itemba60464690:g:XswAAOSwoThmda5z,https://i.ebayimg.com/images/g/XswAAOSwoThmda5z/s-l225.jpg
无基准,,,,55.0,《Near MINT in CASE》Konica IIB-m II B-m Rangefinder 35mm Film Camera JAPA✈✈✈✈🚀🎁,konica iib-m b-m,Konica,Film Cameras,Used,98.45,USD,FIXED_PRICE,good-cond,JP,rtmy19,100.0,2026-08-08T16:42:45.000Z,,https://www.ebay.com/itm/800479134573?hash=itemba6046436d:g:5dcAAOSwHetnTI8p,https://i.ebayimg.com/images/g/5dcAAOSwHetnTI8p/s-l225.jpg
无基准,,,,55.0,《Near MINT》Konica IIB-m II B-m Rangefinder 35mm Film Camera From JAPAN✈✈✈✈✈✈🚀🎁,konica iib-m b-m,Konica,Film Cameras,Used,98.45,USD,FIXED_PRICE,good-cond,JP,rtmy19,100.0,2026-08-08T16:42:45.000Z,,https://www.ebay.com/itm/800479134610?hash=itemba60464392:g:nvQAAOSwG99oNdZG,https://i.ebayimg.com/images/g/nvQAAOSwG99oNdZG/s-l225.jpg
无基准,,,,55.0,《Near MINT》Konica FTA SLR Film Camera Hexanon AR 35mm f/2.8 Lens From JAPAN✈🚀🎁,konica fta hexanon,Konica,Film Cameras,Used,98.45,USD,FIXED_PRICE,good-cond,JP,rtmy19,100.0,2026-08-08T16:42:45.000Z,,https://www.ebay.com/itm/800479134636?hash=itemba604643ac:g:tv0AAeSwur5p9hBh,https://i.ebayimg.com/images/g/tv0AAeSwur5p9hBh/s-l225.jpg
无基准,,,,55.0,《NEAR MINT in Case》Fuji Fujifilm Flash Fujica Date 35mm Film Camera JAPAN✈✈✈🚀🎁,fuji fujifilm flash,Fuji,Film Cameras,Used,98.45,USD,FIXED_PRICE,good-cond,JP,rtmy19,100.0,2026-08-08T16:42:45.000Z,,https://www.ebay.com/itm/800479134670?hash=itemba604643ce:g:tAEAAeSw3mlqWjSJ,https://i.ebayimg.com/images/g/tAEAAeSw3mlqWjSJ/s-l225.jpg
无基准,,,,55.0,《MINT》Mamiya Sekor C 210mm F/4 Lens For M645 1000S Super Pro TL From JAPAN✈✈🚀🎁,mamiya sekor 210mm f4,Mamiya,Lenses,Used,98.45,USD,FIXED_PRICE,good-cond,JP,rtmy19,100.0,2026-08-08T16:42:45.000Z,,https://www.ebay.com/itm/800479134622?hash=itemba6046439e:g:Nn0AAOSw4vRku-O2,https://i.ebayimg.com/images/g/Nn0AAOSw4vRku-O2/s-l225.jpg
无基准,,,,55.0,《EXC+5 in CASE》Mamiya Sekor Super 180mm F/4.5 TLR Lens C330 C220 C33 JAPAN✈✈🚀🎁,mamiya sekor 180mm f4.5,Mamiya,Lenses,Used,98.45,USD,FIXED_PRICE,good-cond,JP,rtmy19,100.0,2026-08-08T16:42:45.000Z,,https://www.ebay.com/itm/800479134637?hash=itemba604643ad:g:NgUAAOSwm-BoRZoq,https://i.ebayimg.com/images/g/NgUAAOSwm-BoRZoq/s-l225.jpg
无基准,,,,55.0,RARE AII works《EXC+5》Olympus-Auto Electro-Set 42mm F/1.8 Lens JAPAN✈✈✈✈✈✈✈✈✈🚀🎁,olympus electro,Olympus,Film Cameras,Used,98.45,USD,FIXED_PRICE,good-cond,JP,rtmy19,100.0,2026-08-08T16:42:44.000Z,,https://www.ebay.com/itm/800479134488?hash=itemba60464318:g:BbQAAOSw-XJoIv9E,https://i.ebayimg.com/images/g/BbQAAOSw-XJoIv9E/s-l225.jpg
无基准,,,,55.0,MAMIYA SEKOR F.C. 4.8cm film camera body,mamiya sekor f.c.,Mamiya,Film Cameras,Used,98.6,USD,"FIXED_PRICE,BEST_OFFER",,JP,mgaaoetom10rbmjc-1,99.1,2026-08-08T16:18:25.000Z,,https://www.ebay.com/itm/236993948404?hash=item372df0aaf4:g:--MAAeSwdSZqd1fM,https://i.ebayimg.com/images/g/--MAAeSwdSZqd1fM/s-l225.jpg
无基准,,,,55.0,"Mamiya Sekor 500TL 35mm Film Camera w/ 50mm Lens, Vivitar 90–230 Zoom & Bag",mamiya 500tl,Mamiya,Vintage Cameras,,99.0,USD,"FIXED_PRICE,AUCTION",auction,US,moderngbshop,100.0,2026-08-09T05:36:36.000Z,2026-08-16T05:36:36.000Z,https://www.ebay.com/itm/298571447726?hash=item45843ebdae:g:7oAAAeSwFVNp0X99,https://i.ebayimg.com/images/g/7oAAAeSwFVNp0X99/s-l225.jpg
无基准,,,,55.0,Meter OK *MINT* Pentax ME 35mm SLR Film Camera SMC M 50mm F/1.7 Lens From JAPAN,pentax smc 35mm f1.7,Pentax,Film Cameras,Used,99.9,USD,FIXED_PRICE,good-cond,JP,made-1n-japan,100.0,2026-08-09T04:44:48.000Z,,https://www.ebay.com/itm/336733628000?hash=item4e66e36660:g:2fkAAeSw1cJqeAZz,https://i.ebayimg.com/images/g/2fkAAeSw1cJqeAZz/s-l225.jpg
无基准,,,,55.0,[Near MINT] Konica BigMini A4 Point & Shoot 35mm Film Camera From JAPAN,konica a4,Konica,Film Cameras,Used,99.9,USD,FIXED_PRICE,good-cond,JP,tokyosnapshot,99.7,2026-08-08T23:09:25.000Z,,https://www.ebay.com/itm/128017160930?hash=item1dce6adae2:g:1YEAAeSw~uRqd7ek,https://i.ebayimg.com/images/g/1YEAAeSw~uRqd7ek/s-l225.jpg
无基准,,,,55.0,[ Exc+5 W/Hood ] Canon FTb QL35mm Film Camera 50mm F/1.8 Lens From JAPAN,canon ftb,Canon,Film Cameras,Used,99.9,USD,FIXED_PRICE,good-cond,JP,daya_2548,100.0,2026-08-08T22:29:47.000Z,,https://www.ebay.com/itm/398264675006?hash=item5cba6caabe:g:4n8AAeSww5Nqd68K,https://i.ebayimg.com/images/g/4n8AAeSww5Nqd68K/s-l225.jpg
无基准,,,,55.0,"2. PRAKTICA MTL5B + TESSAR 2,8/50 + Lens Caps, (M 42)",praktica mtl5b,Praktica,Film Cameras,Used,99.9,USD,"FIXED_PRICE,BEST_OFFER",grail:TESSAR,CZ,figafot,100.0,2026-08-08T16:03:43.000Z,,https://www.ebay.com/itm/168598451284?hash=item2741403454:g:wjEAAeSweEtqd1D1,https://i.ebayimg.com/images/g/wjEAAeSweEtqd1D1/s-l225.jpg
无基准,,,,55.0,"1. PRAKTICA MTL5B + TESSAR 2,8/50 + Lens Caps, (M 42)",praktica mtl5b,Praktica,Film Cameras,Used,99.9,USD,"FIXED_PRICE,BEST_OFFER",grail:TESSAR,CZ,figafot,100.0,2026-08-08T16:01:25.000Z,,https://www.ebay.com/itm/377403812757?hash=item57df052b95:g:wjEAAeSweEtqd1D1,https://i.ebayimg.com/images/g/wjEAAeSweEtqd1D1/s-l225.jpg
无基准,,,,55.0,[NEAR MINT] Ricoh TF-500D 35mm Film Camera w/ TC-105 Tele Conversion Lens JAPAN,ricoh tf-500d,Ricoh,Film Cameras,Used,99.99,USD,FIXED_PRICE,good-cond,JP,manpuku_papa,100.0,2026-08-09T04:22:29.000Z,,https://www.ebay.com/itm/358903118466?hash=item53904afa82:g:QaQAAeSw7DdqeAMY,https://i.ebayimg.com/images/g/QaQAAeSw7DdqeAMY/s-l225.jpg
无基准,,,,55.0,Near Mint w/ Case Canon Autoboy 2 QD AF35M II Point & Shoot 35mm From JAPAN,canon 2,Canon,Film Cameras,Used,99.99,USD,FIXED_PRICE,good-cond,JP,arute0311,100.0,2026-08-09T03:28:44.000Z,,https://www.ebay.com/itm/198557773009?hash=item2e3af72cd1:g:OP8AAeSw6XlqUs-x,https://i.ebayimg.com/images/g/OP8AAeSw6XlqUs-x/s-l225.jpg
无基准,,,,55.0,Red Flag OK! [ MINT] Olympus PEN EE-3 35mm Half Frame Film Camera From JAPAN,olympus ee-3,Olympus,Film Cameras,Used,99.99,USD,FIXED_PRICE,good-cond,JP,star-store-japan,100.0,2026-08-09T03:14:07.000Z,,https://www.ebay.com/itm/307115353289?hash=item47818064c9:g:rd0AAeSww5Nqd~Fz,https://i.ebayimg.com/images/g/rd0AAeSww5Nqd~Fz/s-l225.jpg
无基准,,,,55.0,Red Flag OK [Near MINT] Olympus Trip 35 Point & Shoot 35mm Film Camera JAPAN,olympus trip,Olympus,Film Cameras,Used,99.99,USD,"FIXED_PRICE,BEST_OFFER",good-cond,JP,matsu-vintage-japan,100.0,2026-08-09T03:06:33.000Z,,https://www.ebay.com/itm/407130567778?hash=item5ecadf7462:g:WS4AAeSwapBqWbM8,https://i.ebayimg.com/images/g/WS4AAeSwapBqWbM8/s-l225.jpg
无基准,,,,55.0,▶️ Exc Canon Demi EE17 Dark Green 30mm F1.7 35mm Half Film Camera JAPAN 3014070,canon ee17,Canon,Film Cameras,Used,99.99,USD,FIXED_PRICE,good-cond,JP,momo_and_ai_japan,100.0,2026-08-09T00:15:56.000Z,,https://www.ebay.com/itm/318699821168?hash=item4a33fd5870:g:3IEAAeSwWQxqd6pZ,https://i.ebayimg.com/images/g/3IEAAeSwWQxqd6pZ/s-l225.jpg
无基准,,,,55.0,▶️ Exc Canon Demi EE17 Dark Green 30mm F1.7 35mm Half Film Camera JAPAN 3014069,canon ee17,Canon,Film Cameras,Used,99.99,USD,FIXED_PRICE,good-cond,JP,momo_and_ai_japan,100.0,2026-08-09T00:14:38.000Z,,https://www.ebay.com/itm/318699820276?hash=item4a33fd54f4:g:xfcAAeSwmiFqd6rO,https://i.ebayimg.com/images/g/xfcAAeSwmiFqd6rO/s-l225.jpg
无基准,,,,55.0,[Almost MINT] Fuji Fujica Six 6 6x4.5 6x6 Medium Format Film Camera From JAPAN,fuji 6,Fuji,Film Cameras,Used,99.99,USD,FIXED_PRICE,good-cond,JP,cheemaru-camera-japan,100.0,2026-08-08T14:42:16.000Z,,https://www.ebay.com/itm/800478907028?hash=itemba6042ca94:g:LTAAAeSwLxRqd0EC,https://i.ebayimg.com/images/g/LTAAAeSwLxRqd0EC/s-l225.jpg
无基准,,,,55.0,[Top MINT/case] Minolta Capios 25 Point & Shoot 35mm Film Camera From JAPAN,minolta 25,Minolta,Film Cameras,Used,99.99,USD,FIXED_PRICE,good-cond,JP,harumi-14,100.0,2026-08-08T14:01:56.000Z,,https://www.ebay.com/itm/188761761456?hash=item2bf313e6b0:g:4I4AAeSw9~xqdzcU,https://i.ebayimg.com/images/g/4I4AAeSw9~xqdzcU/s-l225.jpg
无基准,,,,55.0,[Exc+3] Konica III Rangefinder Hexanon 48mm f/2 Film Camera From JAPAN,konica iii hexanon,Konica,Film Cameras,Used,99.99,USD,"FIXED_PRICE,BEST_OFFER",good-cond,JP,zuishop,100.0,2026-08-08T07:04:34.000Z,,https://www.ebay.com/itm/287512219061?hash=item42f1104db5:g:6V8AAeSwMwFqdtUc,https://i.ebayimg.com/images/g/6V8AAeSwMwFqdtUc/s-l225.jpg
无基准,,,,55.0,[Almost MINT] Minolta SRT 101 35mm Film Camera Body Only New Seal From Japan,minolta 101,Minolta,Film Cameras,Used,99.99,USD,FIXED_PRICE,good-cond,JP,stellarcamera,100.0,2026-08-08T04:55:28.000Z,,https://www.ebay.com/itm/377402780997?hash=item57def56d45:g:-~cAAeSwEe9qdrc8,https://i.ebayimg.com/images/g/-~cAAeSwEe9qdrc8/s-l225.jpg
无基准,,,,55.0,[US Duty Paid] Mint PENTAX efina T 35mm Point & Shoot Film Camera JAPAN #L406,pentax efina,Pentax,Film Cameras,Excellent - Refurbished,99.99,USD,FIXED_PRICE,good-cond,JP,youhei_camera_japan,100.0,2026-08-08T04:12:55.000Z,,https://www.ebay.com/itm/198555555085?hash=item2e3ad5550d:g:ukEAAeSwP~VqdqsQ,https://i.ebayimg.com/images/g/ukEAAeSwP~VqdqsQ/s-l225.jpg
无基准,,,,55.0,[Meer works / NEAR MINT+] Konica C35 Flash matic flashmatic BLACK for oca_9377,konica c35,Konica,Film Cameras,Used,101.0,USD,FIXED_PRICE,good-cond,JP,soulcamera,99.6,2026-08-08T22:51:12.000Z,,https://www.ebay.com/itm/287513510127?hash=item42f12400ef:g:1voAAeSw87xqadKA,https://i.ebayimg.com/images/g/1voAAeSw87xqadKA/s-l225.jpg
无基准,,,,55.0,[N-Mint] Canon Sure Shot AF35M II Autoboy 2 Quartz Date Tested Working #3006216,canon af35m,Canon,Film Cameras,Used,102.0,USD,FIXED_PRICE,good-cond,JP,kongoh_optics_japan,100.0,2026-08-09T01:44:52.000Z,,https://www.ebay.com/itm/366594400703?hash=item555abaa1bf:g:he0AAeSwSLlqd9na,https://i.ebayimg.com/images/g/he0AAeSwSLlqd9na/s-l225.jpg
无基准,,,,55.0,[NEAR MINT] Olympus Super Zoom 105G 35mm Point & Shoot Film Camera JAPAN,olympus 105g,Olympus,Film Cameras,Used,104.99,USD,"FIXED_PRICE,BEST_OFFER",good-cond,JP,majime_camera.watch_japan,100.0,2026-08-09T03:24:14.000Z,,https://www.ebay.com/itm/377404721066?hash=item57df1307aa:g:IGsAAeSwtWFqaVhy,https://i.ebayimg.com/images/g/IGsAAeSwtWFqaVhy/s-l225.jpg
无基准,,,,55.0,CONTAX PREVIEW POLAROID CAMERA film camera [Excellent++],contax preview polaroid,Contax,Film Cameras,Used,105.3,USD,FIXED_PRICE,,JP,altemo-31,98.8,2026-08-08T04:24:38.000Z,,https://www.ebay.com/itm/398262127984?hash=item5cba45cd70:g:3AoAAeSw7hBpfYhm,https://i.ebayimg.com/images/g/3AoAAeSw7hBpfYhm/s-l225.jpg
无基准,,,,55.0,[Exc+3] Olympus 35 Copal Manual Film Camera Vintage ~ From Japan,olympus copal,Olympus,Film Cameras,Used,105.99,USD,"FIXED_PRICE,BEST_OFFER",good-cond,JP,zuishop,100.0,2026-08-08T08:29:02.000Z,,https://www.ebay.com/itm/287512310164?hash=item42f111b194:g:8SwAAeSwgERpzp9K,https://i.ebayimg.com/images/g/8SwAAeSwgERpzp9K/s-l225.jpg
无基准,,,,55.0,[ MINT w/ BOX & Cace ] Konica C35 AF Point & Shoot Film Camera Hexanon 38mm f2.8,konica c35,Konica,Film Cameras,Used,107.0,USD,FIXED_PRICE,good-cond,JP,peke-japan,100.0,2026-08-09T03:40:36.000Z,,https://www.ebay.com/itm/287513838033?hash=item42f12901d1:g:BtIAAeSwp49qd~c2,https://i.ebayimg.com/images/g/BtIAAeSwp49qd~c2/s-l225.jpg
无基准,,,,55.0,Meter Works [ Near MINT ] Canon Demi S Half Frame 35mm Film Camera 30mm F1.7 Red,canon demi half,Canon,Film Cameras,Used,108.0,USD,FIXED_PRICE,good-cond,JP,peke-japan,100.0,2026-08-09T02:38:30.000Z,,https://www.ebay.com/itm/287513777274?hash=item42f128147a:g:h~oAAeSwCN1qd-hl,https://i.ebayimg.com/images/g/h~oAAeSwCN1qd-hl/s-l225.jpg
无基准,,,,55.0,*Rare Funny Shape : Near Mint* Olympus IZM 400 Super Zoom P & S Film Camera /JP,olympus 400,Olympus,Film Cameras,Used,108.29,USD,FIXED_PRICE,good-cond,JP,hitonaga-0,100.0,2026-08-08T11:34:15.000Z,,https://www.ebay.com/itm/407129237058?hash=item5ecacb2642:g:kmgAAOSwhZBl8PEi,https://i.ebayimg.com/images/g/kmgAAOSwhZBl8PEi/s-l225.jpg
无基准,,,,55.0,Leica Ernst Leitz Wetzlar UVa filter e39,leica e39,Leica,Film Cameras,Used,108.72,USD,"FIXED_PRICE,BEST_OFFER",,JP,mgaaoetom10rbmjc-1,99.1,2026-08-08T16:31:06.000Z,,https://www.ebay.com/itm/236993969096?hash=item372df0fbc8:g:MewAAeSw3DNqd1pJ,https://i.ebayimg.com/images/g/MewAAeSw3DNqd1pJ/s-l225.jpg
无基准,,,,55.0,Meter Works [MINT] PENTAX ESPIO 115M Point and Shoot 35mm Film Camera From JAPAN,pentax 115m,Pentax,Film Cameras,Used,108.99,USD,"FIXED_PRICE,BEST_OFFER",good-cond,JP,happy-camera-japan,99.9,2026-08-08T20:50:34.000Z,,https://www.ebay.com/itm/336733311456?hash=item4e66de91e0:g:vQMAAeSwe5lp7go7,https://i.ebayimg.com/images/g/vQMAAeSwe5lp7go7/s-l225.jpg
无基准,,,,55.0,Video [Near MINT] W/Case Fujifilm Fuji Rensha Cardia Byu-N 8 35mm Film camera,fujifilm 8,Fujifilm,Film Cameras,Used,109.0,USD,FIXED_PRICE,good-cond,JP,peke-japan,100.0,2026-08-09T03:45:17.000Z,,https://www.ebay.com/itm/287513845631?hash=item42f1291f7f:g:AnkAAeSwFJ1qd~j8,https://i.ebayimg.com/images/g/AnkAAeSwFJ1qd~j8/s-l225.jpg
无基准,,,,55.0,[Near MINT] OLYMPUS SUPER ZOOM 105G Point Shoot 35mm Film Camera From JAPAN,olympus 105g,Olympus,Film Cameras,Used,109.99,USD,FIXED_PRICE,good-cond,JP,ymmtk_43,100.0,2026-08-09T00:56:00.000Z,,https://www.ebay.com/itm/198557571968?hash=item2e3af41b80:g:tnkAAeSwixZqRv7o,https://i.ebayimg.com/images/g/tnkAAeSwixZqRv7o/s-l225.jpg
无基准,,,,55.0,[Exc+5 w/Case] Pentax PC35 AF-M DATE 35mm Point & Shoot Film Camera From JAPAN,pentax pc35,Pentax,Film Cameras,Used,109.99,USD,"FIXED_PRICE,BEST_OFFER",good-cond,JP,d-camera-tokyo,98.8,2026-08-08T15:51:16.000Z,,https://www.ebay.com/itm/206475375541?hash=item3012e433b5:g:Uw0AAeSw~JxqIVg7,https://i.ebayimg.com/images/g/Uw0AAeSw~JxqIVg7/s-l225.jpg
无基准,,,,55.0,[Exc+3] PENTAX SV 35mm Film Sun Tele-Zoom 85-210mm f/4.8 Lens From JAPAN,pentax sun tele-zoom,Pentax,Film Cameras,Used,109.99,USD,"FIXED_PRICE,BEST_OFFER",good-cond,JP,zuishop,100.0,2026-08-08T10:14:01.000Z,,https://www.ebay.com/itm/287512512772?hash=item42f114c904:g:zdAAAeSw7-lqdwGx,https://i.ebayimg.com/images/g/zdAAAeSw7-lqdwGx/s-l225.jpg
无基准,,,,55.0,All works [Near MINT] Olympus Trip 35 35mm Point & Shoot Film Camera From JAPAN,olympus trip,Olympus,Film Cameras,Used,109.99,USD,FIXED_PRICE,good-cond,JP,fujiyamacamera_japan,100.0,2026-08-08T09:34:52.000Z,,https://www.ebay.com/itm/366593469461?hash=item555aac6c15:g:e~wAAeSwyJFqdvkp,https://i.ebayimg.com/images/g/e~wAAeSwyJFqdvkp/s-l225.jpg
无基准,,,,55.0,[Near MINT] Konica Genba Kantoku 28 WB 35mm Film Camera Data Back JAPAN,konica 28,Konica,Film Cameras,Used,109.99,USD,FIXED_PRICE,good-cond,JP,dreamers_camera_japan,99.5,2026-08-08T08:47:26.000Z,,https://www.ebay.com/itm/366593407845?hash=item555aab7b65:g:VkYAAeSweEtqdu5Q,https://i.ebayimg.com/images/g/VkYAAeSweEtqdu5Q/s-l225.jpg
无基准,,,,55.0,CONTAX 137 MA QUARTZ Film SLR Camera Body #276,contax 137,Contax,Film Cameras,Used,111.24,USD,"FIXED_PRICE,BEST_OFFER",,JP,mgaaoetom10rbmjc-1,99.1,2026-08-08T16:30:37.000Z,,https://www.ebay.com/itm/236993968802?hash=item372df0faa2:g:GgUAAeSw5fZqd1ri,https://i.ebayimg.com/images/g/GgUAAeSw5fZqd1ri/s-l225.jpg
无基准,,,,55.0,[Boxed Tested] Kyocera Yashica Samurai X3.0 Half Frame Camera Strap Cap Manual,yashica samurai x3.0,Yashica,Film Cameras,Used,112.0,USD,FIXED_PRICE,good-cond,JP,origin_camera_jp,100.0,2026-08-08T12:57:15.000Z,,https://www.ebay.com/itm/128016716787?hash=item1dce6413f3:g:LGcAAeSwfoNqdyWG,https://i.ebayimg.com/images/g/LGcAAeSwfoNqdyWG/s-l225.jpg
无基准,,,,55.0,Leica diglux 2 filter E 69 UVa,leica 2,Leica,Film Cameras,Used,112.51,USD,"FIXED_PRICE,BEST_OFFER",,JP,mgaaoetom10rbmjc-1,99.1,2026-08-08T16:31:05.000Z,,https://www.ebay.com/itm/236993969093?hash=item372df0fbc5:g:KmgAAeSwuvdqd1pJ,https://i.ebayimg.com/images/g/KmgAAeSwuvdqd1pJ/s-l225.jpg
无基准,,,,55.0,New Rollei 2.8 bay3 III lens shade hood,rollei bay3,Rollei,Film Cameras,New,113.52,USD,"FIXED_PRICE,BEST_OFFER",,JP,mgaaoetom10rbmjc-1,99.1,2026-08-08T16:31:58.000Z,,https://www.ebay.com/itm/236993969778?hash=item372df0fe72:g:OXUAAeSwEx9qd1ry,https://i.ebayimg.com/images/g/OXUAAeSwEx9qd1ry/s-l225.jpg
无基准,,,,55.0,[Exc+5] Konica III 35mm Rangefinder Camera Hexanon 48mm F2 Seikosha-MXL From JPN,konica f2,Konica,Film Cameras,Used,114.99,USD,FIXED_PRICE,good-cond,JP,camera_japan_chikami,99.7,2026-08-08T12:59:54.000Z,,https://www.ebay.com/itm/336732815534?hash=item4e66d700ae:g:9BgAAeSwUp5qdykE,https://i.ebayimg.com/images/g/9BgAAeSwUp5qdykE/s-l225.jpg
无基准,,,,55.0,《MINT》Konica IIB-m II B-m Rangefinder 35mm Film Camera 45mm F/3.5 Lens JAPAN🚀🎁,konica iib-m b-m,Konica,Film Cameras,Used,115.19,USD,FIXED_PRICE,good-cond,JP,rtmy19,100.0,2026-08-08T16:42:45.000Z,,https://www.ebay.com/itm/800479134606?hash=itemba6046438e:g:XTEAAOSwWLJnh8f8,https://i.ebayimg.com/images/g/XTEAAOSwWLJnh8f8/s-l225.jpg
无基准,,,,55.0,Red Flag OK 《Near MINT》Olympus Trip 35 Point & Shoot 35mm Film Camera JAPAN✈🚀🎁,olympus trip,Olympus,Film Cameras,Used,118.14,USD,FIXED_PRICE,good-cond,JP,rtmy19,100.0,2026-08-08T16:42:45.000Z,,https://www.ebay.com/itm/800479134546?hash=itemba60464352:g:1wEAAeSw8klptsOA,https://i.ebayimg.com/images/g/1wEAAeSw8klptsOA/s-l225.jpg
无基准,,,,55.0,Red Flag OK 《Near MINT》Olympus Trip 35 Point & Shoot 35mm Film Camera JAPAN✈🚀🎁,olympus trip,Olympus,Film Cameras,Used,118.15,USD,FIXED_PRICE,good-cond,JP,rtmy19,100.0,2026-08-08T16:42:45.000Z,,https://www.ebay.com/itm/800479134575?hash=itemba6046436f:g:uA0AAeSwOjppwWSo,https://i.ebayimg.com/images/g/uA0AAeSwOjppwWSo/s-l225.jpg
无基准,,,,55.0,[Near MINT] PENTAX ESPIO 120SW Point & Shoot 35mm Film Camera From JAPAN,pentax 120sw,Pentax,Film Cameras,Used,119.0,USD,FIXED_PRICE,good-cond,JP,daya_2548,100.0,2026-08-08T22:17:39.000Z,,https://www.ebay.com/itm/398264658023?hash=item5cba6c6867:g:2gkAAeSwbiNqd6wx,https://i.ebayimg.com/images/g/2gkAAeSwbiNqd6wx/s-l225.jpg
无基准,,,,55.0,[ MINT ] Canon Autoboy S PANORAMA 35mm Point & Shoot Film Camera From JAPAN,canon autoboy panorama,Canon,Film Cameras,Used,119.9,USD,FIXED_PRICE,good-cond,JP,kanazaway,100.0,2026-08-08T06:09:03.000Z,,https://www.ebay.com/itm/407128719812?hash=item5ecac341c4:g:mVYAAeSw65pqdsi4,https://i.ebayimg.com/images/g/mVYAAeSw65pqdsi4/s-l225.jpg
无基准,,,,55.0,[Almost MINT] Olympus XA2 35mm Rangefinder Film Camera A11 Flash From JAPAN,olympus xa2,Olympus,Film Cameras,Used,119.99,USD,FIXED_PRICE,good-cond,JP,japancamerapro,99.2,2026-08-08T16:02:27.000Z,,https://www.ebay.com/itm/398263694260?hash=item5cba5db3b4:g:h6YAAeSwHn1qd1NU,https://i.ebayimg.com/images/g/h6YAAeSwHn1qd1NU/s-l225.jpg
无基准,,,,55.0,[Exc+3] Nikon Nikomat FTN 50mm f/1.4 Non-Ai Lens Film Camera ~ From JAPAN,nikon nikomat ftn,Nikon,Film Cameras,Used,119.99,USD,"FIXED_PRICE,BEST_OFFER",good-cond,JP,zuishop,100.0,2026-08-08T12:01:41.000Z,,https://www.ebay.com/itm/287512632860?hash=item42f1169e1c:g:5wgAAeSwkJNp7IGd,https://i.ebayimg.com/images/g/5wgAAeSwkJNp7IGd/s-l225.jpg
无基准,,,,55.0,[Exc+3] RICOHFLEX MODEL Ⅵ TLR Film RICOH ANASTIGMAT 80mm f3.5 ~ From JAPAN,ricoh anastigmat f3.5,Ricoh,Film Cameras,Used,119.99,USD,"FIXED_PRICE,BEST_OFFER",good-cond,JP,zuishop,100.0,2026-08-08T11:50:31.000Z,,https://www.ebay.com/itm/287512624740?hash=item42f1167e64:g:qV4AAeSwQ0FqdxhD,https://i.ebayimg.com/images/g/qV4AAeSwQ0FqdxhD/s-l225.jpg
无基准,,,,55.0,Top Mint Fujifilm TIARA Ix-Z Nexia 2000 ixz MRC APS Film Camera in BOX JAPAN,fujifilm tiara ix-z,Fujifilm,Film Cameras,Used,119.99,USD,"FIXED_PRICE,BEST_OFFER",good-cond,JP,itsuki.japan.camera,100.0,2026-08-08T08:38:00.000Z,,https://www.ebay.com/itm/358899910039?hash=item53901a0597:g:-7wAAeSwlf1psjNS,https://i.ebayimg.com/images/g/-7wAAeSwlf1psjNS/s-l225.jpg
无基准,,,,55.0,All Works! [MINT] Nikon FG Black 35mm SLR Film Camera Body From JAPAN,nikon 35mm,Nikon,Film Cameras,Used,119.99,USD,FIXED_PRICE,good-cond,JP,kurogane_optics_tokyo,100.0,2026-08-08T06:47:47.000Z,,https://www.ebay.com/itm/298568739495?hash=item4584156aa7:g:75oAAeSwH-NqdtJA,https://i.ebayimg.com/images/g/75oAAeSwH-NqdtJA/s-l225.jpg
无基准,,,,55.0,MAMIYA-16 AUTOMATIC Mamiya film camera body miniature camera,mamiya miniature,Mamiya,Film Cameras,Used,120.09,USD,"FIXED_PRICE,BEST_OFFER",,JP,mgaaoetom10rbmjc-1,99.1,2026-08-08T16:31:10.000Z,,https://www.ebay.com/itm/236993969143?hash=item372df0fbf7:g:IoYAAeSwQzFqd1r~,https://i.ebayimg.com/images/g/IoYAAeSwQzFqd1r~/s-l225.jpg
无基准,,,,55.0,[Near MINT w/Case] PENTAX ESPIO 120SW Compact Film Camera From Japan,pentax 120sw,Pentax,Film Cameras,Used,121.99,USD,"FIXED_PRICE,BEST_OFFER",good-cond,JP,shonan_vintage_japan,100.0,2026-08-08T04:19:41.000Z,,https://www.ebay.com/itm/147490383952?hash=item22571ca850:g:PToAAeSw1WNqLVWJ,https://i.ebayimg.com/images/g/PToAAeSw1WNqLVWJ/s-l225.jpg
无基准,,,,55.0,Very Early Model Rare! 🎦[MINT] Minolta Repo Silver Half Frame Camera from Japan,minolta repo half,Minolta,Film Cameras,Used,122.99,USD,FIXED_PRICE,good-cond,JP,hib9357,100.0,2026-08-08T04:05:44.000Z,,https://www.ebay.com/itm/158165701703?hash=item24d3691447:g:OXQAAeSwKTVpEYjT,https://i.ebayimg.com/images/g/OXQAAeSwKTVpEYjT/s-l225.jpg
无基准,,,,55.0,*Near Mint ++* Pentax ME Film Camera Tefnon Zoom 75-300mm F/5.6 Lens From Japan,pentax tefnon,Pentax,Film Cameras,Used,123.49,USD,FIXED_PRICE,good-cond,JP,dub0804-55,100.0,2026-08-08T11:07:35.000Z,,https://www.ebay.com/itm/366593572284?hash=item555aadfdbc:g:kpwAAeSw1x1pJk56,https://i.ebayimg.com/images/g/kpwAAeSw1x1pJk56/s-l225.jpg
无基准,,,,55.0,[MINT w/Case] Canon Autoboy S Panorama Point & Shoot 35mm Film Camera From JAPAN,canon autoboy panorama,Canon,Film Cameras,Used,124.99,USD,FIXED_PRICE,good-cond,JP,japan.sadacamera,100.0,2026-08-08T11:55:45.000Z,,https://www.ebay.com/itm/377403343553?hash=item57defe02c1:g:iY4AAeSwvgtqdxkP,https://i.ebayimg.com/images/g/iY4AAeSwvgtqdxkP/s-l225.jpg
无基准,,,,55.0,[Mint] Canon AF35M Sure Shot Autoboy 35mm Point & Shoot Film Camera #3006218,canon af35m,Canon,Film Cameras,Used,125.0,USD,FIXED_PRICE,good-cond,JP,kongoh_optics_japan,100.0,2026-08-09T02:14:47.000Z,,https://www.ebay.com/itm/366594420787?hash=item555abaf033:g:~tAAAeSwSKxqd-Cz,https://i.ebayimg.com/images/g/~tAAAeSwSKxqd-Cz/s-l225.jpg
无基准,,,,55.0,Leica E39 Skylight Filter Silver SL Double Name,leica e39,Leica,Film Cameras,Used,126.41,USD,"FIXED_PRICE,BEST_OFFER",,JP,mgaaoetom10rbmjc-1,99.1,2026-08-08T16:31:05.000Z,,https://www.ebay.com/itm/236993969094?hash=item372df0fbc6:g:GLwAAeSwRT9qd1pE,https://i.ebayimg.com/images/g/GLwAAeSwRT9qd1pE/s-l225.jpg
无基准,,,,55.0,Red Flag OK 《Near MINT》Olympus Trip 35 Point & Shoot 35mm Film Camera JAPAN✈🚀🎁,olympus trip,Olympus,Film Cameras,Used,127.99,USD,FIXED_PRICE,good-cond,JP,rtmy19,100.0,2026-08-08T16:42:45.000Z,,https://www.ebay.com/itm/800479134651?hash=itemba604643bb:g:UgUAAeSw65tpv9S1,https://i.ebayimg.com/images/g/UgUAAeSw65tpv9S1/s-l225.jpg
无基准,,,,55.0,《Near MINT》Konica III L1 Rangefinder Film Camera 48mm F/2 From JAPAN✈✈✈✈✈✈✈✈🚀🎁,konica l1,Konica,Film Cameras,Used,127.99,USD,FIXED_PRICE,good-cond,JP,rtmy19,100.0,2026-08-08T16:42:44.000Z,,https://www.ebay.com/itm/800479134481?hash=itemba60464311:g:EAwAAeSw3rtpvXRx,https://i.ebayimg.com/images/g/EAwAAeSw3rtpvXRx/s-l225.jpg
无基准,,,,55.0,[Near MINT] Nikon Lite Touch Zoom 140 AF 35mm Point&Shoot Film Camera From JAPAN,nikon 140,Nikon,Film Cameras,Used,129.0,USD,FIXED_PRICE,good-cond,JP,daya_2548,100.0,2026-08-08T21:58:53.000Z,,https://www.ebay.com/itm/398264620429?hash=item5cba6bd58d:g:xyMAAeSwnu5qd6dP,https://i.ebayimg.com/images/g/xyMAAeSwnu5qd6dP/s-l225.jpg
无基准,,,,55.0,Canon AF35M Autoboy point & shoot 35mm Film Camera [NEAR MINT] From JAPAN #329,canon af35m,Canon,Film Cameras,Used,129.98,USD,"FIXED_PRICE,BEST_OFFER",good-cond,JP,shun-camera.japan,100.0,2026-08-09T00:29:09.000Z,,https://www.ebay.com/itm/366594340634?hash=item555ab9b71a:g:hskAAeSwmiFqd8k6,https://i.ebayimg.com/images/g/hskAAeSwmiFqd8k6/s-l225.jpg
无基准,,,,55.0,Mamiya SUPER 23 6x9 Body,mamiya 23,Mamiya,Film Cameras,Used,129.99,USD,FIXED_PRICE,,JP,japan_camera_777,100.0,2026-08-09T03:41:07.000Z,,https://www.ebay.com/itm/257670073897?hash=item3bfe554e29:g:vZ0AAeSwOwdqd~fK,https://i.ebayimg.com/images/g/vZ0AAeSwOwdqd~fK/s-l225.jpg
无基准,,,,55.0,▶️ MINT OLYMPUS TRIP 35 Dark Red Point & Shoot 35mm Film Camera Japan 3014068,olympus trip dark,Olympus,Film Cameras,Used,129.99,USD,FIXED_PRICE,good-cond,JP,momo_and_ai_japan,100.0,2026-08-09T00:13:48.000Z,,https://www.ebay.com/itm/318699819041?hash=item4a33fd5021:g:cmIAAeSwkVdqd8Yr,https://i.ebayimg.com/images/g/cmIAAeSwkVdqd8Yr/s-l225.jpg
无基准,,,,55.0,▶️ MINT OLYMPUS TRIP 35 Yellow Point & Shoot 35mm Film Camera Japan 3014067,olympus trip yellow,Olympus,Film Cameras,Used,129.99,USD,FIXED_PRICE,good-cond,JP,momo_and_ai_japan,100.0,2026-08-09T00:12:44.000Z,,https://www.ebay.com/itm/318699817362?hash=item4a33fd4992:g:FLUAAeSwZoJqd8Xj,https://i.ebayimg.com/images/g/FLUAAeSwZoJqd8Xj/s-l225.jpg
无基准,,,,55.0,▶️ MINT OLYMPUS TRIP 35 Dark Green Point & Shoot 35mm Film Camera Japan 3014066,olympus trip dark,Olympus,Film Cameras,Used,129.99,USD,FIXED_PRICE,good-cond,JP,momo_and_ai_japan,100.0,2026-08-09T00:11:44.000Z,,https://www.ebay.com/itm/318699816767?hash=item4a33fd473f:g:-aEAAeSwQGhqd8Cw,https://i.ebayimg.com/images/g/-aEAAeSwQGhqd8Cw/s-l225.jpg
无基准,,,,55.0,[ NEAR MINT ] Pentax MV-1 35mm SLR Film Camera Black SMC M 50mm F/1.7 Lens JAPAN,pentax mv-1,Pentax,Film Cameras,Used,129.99,USD,"FIXED_PRICE,BEST_OFFER",good-cond,JP,wazze_camera.jpn,100.0,2026-08-08T23:41:59.000Z,,https://www.ebay.com/itm/358902397756?hash=item53903ffb3c:g:HcoAAeSwqg1psKxt,https://i.ebayimg.com/images/g/HcoAAeSwqg1psKxt/s-l225.jpg
无基准,,,,55.0,Tested [Near MINT] Ricoh Auto Half E Half Frame Four-leaf clover From JAPAN #413,ricoh half half,Ricoh,Film Cameras,Used,129.99,USD,FIXED_PRICE,good-cond,JP,jp_camera,100.0,2026-08-08T19:22:22.000Z,,https://www.ebay.com/itm/800479487921?hash=itemba604ba7b1:g:JVwAAeSwBUdqd3fP,https://i.ebayimg.com/images/g/JVwAAeSwBUdqd3fP/s-l225.jpg
无基准,,,,55.0,Read [Near MINT] Meter Works Nikon FM Silver 35mm SLR Film Camera JAPAN #853,nikon 35mm,Nikon,Film Cameras,Used,129.99,USD,FIXED_PRICE,good-cond,JP,japan.camera.like,100.0,2026-08-08T17:26:14.000Z,,https://www.ebay.com/itm/178386829150?hash=item2988aeff5e:g:k8QAAeSwL~Nqd2hK,https://i.ebayimg.com/images/g/k8QAAeSwL~Nqd2hK/s-l225.jpg
无基准,,,,55.0,[Top MINT] Canon T70 35mm SLR Film Camera Body From JAPAN,canon t70,Canon,Film Cameras,Used,129.99,USD,FIXED_PRICE,good-cond,JP,ma88_9646,100.0,2026-08-08T14:39:09.000Z,,https://www.ebay.com/itm/178386464230?hash=item2988a96de6:g:0qEAAeSwbEhqd0DH,https://i.ebayimg.com/images/g/0qEAAeSwbEhqd0DH/s-l225.jpg
无基准,,,,55.0,Leica UV filter E 60,leica 60,Leica,Film Cameras,Used,130.21,USD,"FIXED_PRICE,BEST_OFFER",,JP,mgaaoetom10rbmjc-1,99.1,2026-08-08T16:47:52.000Z,,https://www.ebay.com/itm/236993991885?hash=item372df154cd:g:PdQAAeSwg3Nqd153,https://i.ebayimg.com/images/g/PdQAAeSwg3Nqd153/s-l225.jpg
无基准,,,,55.0,"YASHICA Electoro35, 2 conversion lenses, serviced",yashica 2,Yashica,Film Cameras,Used,132.73,USD,"FIXED_PRICE,BEST_OFFER",good-cond,JP,mgaaoetom10rbmjc-1,99.1,2026-08-08T16:48:48.000Z,,https://www.ebay.com/itm/236993993541?hash=item372df15b45:g:VNgAAeSwWQxqd15u,https://i.ebayimg.com/images/g/VNgAAeSwWQxqd15u/s-l225.jpg
无基准,,,,55.0,Mamiya SEKOR z 180mm f4.5 lens,mamiya sekor f4.5,Mamiya,Film Cameras,Used,132.73,USD,"FIXED_PRICE,BEST_OFFER",,JP,mgaaoetom10rbmjc-1,99.1,2026-08-08T16:48:07.000Z,,https://www.ebay.com/itm/236993992462?hash=item372df1570e:g:6zoAAeSw3Bxqd15D,https://i.ebayimg.com/images/g/6zoAAeSw3Bxqd15D/s-l225.jpg
无基准,,,,55.0,*Almost Mint* Minolta XG-S ( XG-9 ) Film Camera Body From Japan,minolta xg-9,Minolta,Film Cameras,Used,132.99,USD,FIXED_PRICE,good-cond,JP,dub0804-55,100.0,2026-08-08T11:07:34.000Z,,https://www.ebay.com/itm/366593572265?hash=item555aadfda9:g:GR8AAeSwD11pO4SS,https://i.ebayimg.com/images/g/GR8AAeSwD11pO4SS/s-l225.jpg
无基准,,,,55.0,[Near Mint] Canon EOS 5 QD 35mm SLR Film Camera w/Vertical Grip VG10 From Japan,canon 5,Canon,Film Cameras,Used,133.3,USD,"FIXED_PRICE,BEST_OFFER",good-cond,JP,growz9652,100.0,2026-08-08T23:35:34.000Z,,https://www.ebay.com/itm/188763749463?hash=item2bf3323c57:g:7JgAAeSwa2dqd701,https://i.ebayimg.com/images/g/7JgAAeSwa2dqd701/s-l225.jpg
无基准,,,,55.0,CONTAX 137 MA QUARTZ Main unit works OK ♯45,contax 137,Contax,Film Cameras,Used,134.0,USD,"FIXED_PRICE,BEST_OFFER",,JP,mgaaoetom10rbmjc-1,99.1,2026-08-08T16:47:09.000Z,,https://www.ebay.com/itm/236993991154?hash=item372df151f2:g:3bYAAeSw87Bqd17A,https://i.ebayimg.com/images/g/3bYAAeSw87Bqd17A/s-l225.jpg
无基准,,,,55.0,Kyocera TD Yashica T2D Carl Zeiss T* 35mm Film Camera 【NEAR MINT】From Japan #341,yashica t2d,Yashica,Film Cameras,Used,134.99,USD,"FIXED_PRICE,BEST_OFFER",good-cond,JP,jumari-japan-vintage,100.0,2026-08-08T12:49:45.000Z,,https://www.ebay.com/itm/366593672596?hash=item555aaf8594:g:S4gAAeSwazxqdyXQ,https://i.ebayimg.com/images/g/S4gAAeSwazxqdyXQ/s-l225.jpg
无基准,,,,55.0,[Near MINT] OLYMPUS 35 DC Rangefinder Film Camera 40mm F1.7 Lens From JAPAN,olympus 40mm f1.7,Olympus,Film Cameras,Used,135.99,USD,"FIXED_PRICE,BEST_OFFER",good-cond,JP,morita-camera,99.1,2026-08-08T21:33:30.000Z,,https://www.ebay.com/itm/398264572737?hash=item5cba6b1b41:g:hh4AAeSwtixqd6BM,https://i.ebayimg.com/images/g/hh4AAeSwtixqd6BM/s-l225.jpg
无基准,,,,55.0,[Near MINT] Canon Autoboy S PANORAMA 35mm Point & Shoot Film Camera Japan #134,canon autoboy panorama,Canon,Film Cameras,Used,136.7,USD,FIXED_PRICE,good-cond,JP,his50s,100.0,2026-08-08T05:52:03.000Z,,https://www.ebay.com/itm/188760062940?hash=item2bf2f9fbdc:g:lmwAAeSw-3lpc3kl,https://i.ebayimg.com/images/g/lmwAAeSw-3lpc3kl/s-l225.jpg
无基准,,,,55.0,《Near MINT》Konica III L1 Rangefinder Film Camera 48mm F/2 From JAPAN✈✈✈✈✈✈✈✈🚀🎁,konica l1,Konica,Film Cameras,Used,137.59,USD,FIXED_PRICE,good-cond,JP,rtmy19,100.0,2026-08-08T16:42:44.000Z,,https://www.ebay.com/itm/800479134486?hash=itemba60464316:g:lu4AAOSw25FncsvS,https://i.ebayimg.com/images/g/lu4AAOSw25FncsvS/s-l225.jpg
无基准,,,,55.0,《MINT》Olympus AF-1 Quartzdate + Teleconverter Lens 35mm Film Camera From JAPAN✈,olympus af-1,Olympus,Film Cameras,Used,137.83,USD,FIXED_PRICE,good-cond,JP,rtmy19,100.0,2026-08-08T16:42:44.000Z,,https://www.ebay.com/itm/800479134511?hash=itemba6046432f:g:9SMAAeSwOxtpalx~,https://i.ebayimg.com/images/g/9SMAAeSwOxtpalx~/s-l225.jpg
无基准,,,,55.0,Red Flag OK 《Near MINT+》Olympus Trip 35 Point & Shoot 35mm Film Camera JAPAN🚀🎁,olympus trip,Olympus,Film Cameras,Used,137.83,USD,FIXED_PRICE,good-cond,JP,rtmy19,100.0,2026-08-08T16:42:44.000Z,,https://www.ebay.com/itm/800479134570?hash=itemba6046436a:g:TNEAAeSwlvBpsYA2,https://i.ebayimg.com/images/g/TNEAAeSwlvBpsYA2/s-l225.jpg
无基准,,,,55.0,No Sticky **MINT w/Strap** Nikon F80D F80 D SLR 35mm Film Camera Body From JAPAN,nikon f80d,Nikon,Film Cameras,Used,138.0,USD,FIXED_PRICE,good-cond,JP,made-1n-japan,100.0,2026-08-09T04:50:58.000Z,,https://www.ebay.com/itm/336733632537?hash=item4e66e37819:g:dzcAAeSwMjhqeAhh,https://i.ebayimg.com/images/g/dzcAAeSwMjhqeAhh/s-l225.jpg
无基准,,,,55.0,[Top MINT+++] OLYMPUS SUPER zoom 105G Point & Shoot 35mm Film Camera From JAPAN,olympus 105g,Olympus,Film Cameras,Used,139.0,USD,FIXED_PRICE,good-cond,JP,classic.camera.japan,100.0,2026-08-08T23:02:11.000Z,,https://www.ebay.com/itm/236994505866?hash=item372df92c8a:g:OJ8AAeSwbqVqd7Yv,https://i.ebayimg.com/images/g/OJ8AAeSwbqVqd7Yv/s-l225.jpg
无基准,,,,55.0,Leica E39 genuine UV filter 13131,leica e39,Leica,Film Cameras,Used,139.06,USD,"FIXED_PRICE,BEST_OFFER",,JP,mgaaoetom10rbmjc-1,99.1,2026-08-08T16:48:34.000Z,,https://www.ebay.com/itm/236993993149?hash=item372df159bd:g:UwcAAeSwU4Zqd14o,https://i.ebayimg.com/images/g/UwcAAeSwU4Zqd14o/s-l225.jpg
无基准,,,,55.0,Mamiya SUPER 16 main body,mamiya 16,Mamiya,Film Cameras,Used,139.06,USD,"FIXED_PRICE,BEST_OFFER",,JP,mgaaoetom10rbmjc-1,99.1,2026-08-08T16:47:52.000Z,,https://www.ebay.com/itm/236993991907?hash=item372df154e3:g:WoIAAeSwRYJqd143,https://i.ebayimg.com/images/g/WoIAAeSwRYJqd143/s-l225.jpg
无基准,,,,55.0,Fotopro x Rollei 1920 mini camera body unopened,rollei mini unopened,Rollei,Film Cameras,New,139.06,USD,"FIXED_PRICE,BEST_OFFER",,JP,mgaaoetom10rbmjc-1,99.1,2026-08-08T16:47:30.000Z,,https://www.ebay.com/itm/236993991472?hash=item372df15330:g:LhUAAeSwxkhqd14h,https://i.ebayimg.com/images/g/LhUAAeSwxkhqd14h/s-l225.jpg
无基准,,,,55.0,Meter Works [Exc+5] Olympus 35 SP Rangefinder 35mm Film Camera Black From JAPAN,olympus 35mm,Olympus,Film Cameras,Used,139.99,USD,FIXED_PRICE,good-cond,JP,japan-camera-kita55,100.0,2026-08-09T04:00:01.000Z,,https://www.ebay.com/itm/800480527845?hash=itemba605b85e5:g:e5YAAeSwf-hpA3fS,https://i.ebayimg.com/images/g/e5YAAeSwf-hpA3fS/s-l225.jpg
无基准,,,,55.0,⏯️[ NEAR MINT ] Nikon L35 AD2 PIKAICHI 35mm F2.8 Point & Shoot Film Camera JAPAN,nikon l35,Nikon,Film Cameras,Used,139.99,USD,FIXED_PRICE,good-cond,JP,ky-camera.japan,100.0,2026-08-09T02:05:23.000Z,,https://www.ebay.com/itm/407130497322?hash=item5ecade612a:g:GjoAAeSwt8NqQ8Fe,https://i.ebayimg.com/images/g/GjoAAeSwt8NqQ8Fe/s-l225.jpg
无基准,,,,55.0,[Near MINT] Nikon L35 AD2 Pikaichi 35mm Film Camera Point & Shoot From JAPAN,nikon l35,Nikon,Film Cameras,Used,139.99,USD,FIXED_PRICE,good-cond,JP,ymmtk_43,100.0,2026-08-09T01:00:41.000Z,,https://www.ebay.com/itm/198557574579?hash=item2e3af425b3:g:tpcAAeSwjwJqL1NK,https://i.ebayimg.com/images/g/tpcAAeSwjwJqL1NK/s-l225.jpg
