寻宝类型,评分,标题,品牌,类目,成色,价格,币种,购买方式,图片数,图片像素,标记,所在地,卖家,好评率,上架时间,结束时间,链接,图片
型号不明,106.0,[Top MINT] ZENZA BRONICA TELE CONVERTER TELECONVERTER E 2X for ETR S Si C JAPAN,Bronica,Lenses,Used,49.99,USD,FIXED_PRICE,11,1600,grail:BRONICA TELE;good-cond;underpriced(med 185),JP,narita-usedcamera-estore,100.0,2026-08-16T17:05:01.000Z,,https://www.ebay.com/itm/168618376102?hash=item2742703ba6:g:mD0AAeSwvnpqge7p,https://i.ebayimg.com/images/g/mD0AAeSwvnpqge7p/s-l225.jpg
型号不明,102.0,"Hasselblad Carl Zeiss Planar Front Name Ring, Mint",Hasselblad,Lenses,Used,25.0,USD,FIXED_PRICE,1,1600,grail:Planar;good-cond;underpriced(med 982),US,plainvisual,100.0,2026-08-16T20:53:10.000Z,,https://www.ebay.com/itm/267759341960?hash=item3e57b35188:g:rTsAAeSwZy5qgiHg,https://i.ebayimg.com/images/g/rTsAAeSwZy5qgiHg/s-l225.jpg
残件/按现状,102.0,Zeiss Ikon CONTESSA CAMERA w/ Tessar 45mm f2.8 Lens & CASE,Zeiss,Film Cameras,For parts or not working,49.99,USD,"FIXED_PRICE,BEST_OFFER",14,1600,grail:Tessar;underpriced(med 250),US,54598387,99.6,2026-08-16T15:20:01.000Z,,https://www.ebay.com/itm/267754011432?hash=item3e5761fb28:g:ejcAAeSw1~lqe1d8,https://i.ebayimg.com/images/g/ejcAAeSw1~lqe1d8/s-l225.jpg
残件/按现状,102.0,【AS IS】 Olympus OM-2 black FromJapan #am9477,Olympus,Film Cameras,For parts or not working,58.71,USD,FIXED_PRICE,4,1196,grail:OM-2;mount:olympus om;as-is;underpriced(med 160),JP,somtom_9,99.3,2026-08-17T02:15:42.000Z,,https://www.ebay.com/itm/188804356119?hash=item2bf59dd817:g:IU8AAeSwEG1qgm9O,https://i.ebayimg.com/images/g/IU8AAeSwEG1qgm9O/s-l225.jpg
残件/按现状,100.0,Read [For Parts Repair] Zenza Bronica S2 Film Camera Body From JAPAN,Bronica,Film Cameras,For parts or not working,72.99,USD,FIXED_PRICE,10,1600,grail:Bronica S2;as-is;underpriced(med 600),JP,ysj830,100.0,2026-08-16T23:24:01.000Z,,https://www.ebay.com/itm/820011551521?hash=itembeec7f4b21:g:c8MAAeSwxthqgkfC,https://i.ebayimg.com/images/g/c8MAAeSwxthqgkfC/s-l225.jpg
残件/按现状,100.0,[As-is] Shuttter Not work / Mirror Up Zenza Bronica EC-TL Film Camera From JAPAN,Bronica,Film Cameras,Used,128.99,USD,FIXED_PRICE,12,1600,grail:Bronica EC;as-is;underpriced(med 600),JP,beryg_camera-japan,100.0,2026-08-16T22:28:20.000Z,,https://www.ebay.com/itm/800520076537?hash=itemba62b6fcf9:g:iScAAeSwvl9qgjqx,https://i.ebayimg.com/images/g/iScAAeSwvl9qgjqx/s-l225.jpg
残件/按现状,100.0,CONTAX Rx Film DSLR Camera YASHICA Lens Untested,Contax,Film Cameras,Used,131.57,USD,FIXED_PRICE,4,1080,grail:CONTAX Rx;as-is;underpriced(med 600),JP,keibun,100.0,2026-08-17T02:56:25.000Z,,https://www.ebay.com/itm/287529710592?hash=item42f21b3400:g:RLYAAeSwlShqgnlH,https://i.ebayimg.com/images/g/RLYAAeSwlShqgnlH/s-l225.jpg
残件/按现状,99.0,EasyBuy Zeiss Ikon Contaflex SLR 35mm Analog SLR Body (Tessar 1:2.8/50) Defect,Zeiss,Film Cameras,For parts or not working,25.43,USD,"FIXED_PRICE,BEST_OFFER",3,1099,grail:Tessar;underpriced(med 250),DE,easybuyshop,99.9,2026-08-17T11:41:23.000Z,,https://www.ebay.com/itm/820013862998?hash=itembeeca29056:g:nuMAAeSw6fRqgpLb,https://i.ebayimg.com/images/g/nuMAAeSw6fRqgpLb/s-l225.jpg
残件/按现状,98.0,"Hasselblad Carl Zeiss Planar 100mm CF f/3.5 T* Lens Aperture Ring, Part Only.",Hasselblad,Lenses,For parts or not working,35.0,USD,"FIXED_PRICE,BEST_OFFER",6,1600,grail:Planar;mount:hasselblad v;underpriced(med 982),US,plainvisual,100.0,2026-08-16T20:45:13.000Z,,https://www.ebay.com/itm/267759336085?hash=item3e57b33a95:g:jt8AAeSwvl9qgh~N,https://i.ebayimg.com/images/g/jt8AAeSwvl9qgh~N/s-l225.jpg
残件/按现状,96.0,Pentax ME Super Film Camera with SMC 50mm 1:2 Lens. Vintage- Untested,Pentax,Film Cameras,For parts or not working,40.0,USD,"FIXED_PRICE,AUCTION",11,1600,grail:Pentax ME Super;as-is;underpriced(med 150);auction,US,sulin-6230,100.0,2026-08-16T22:31:50.000Z,2026-08-23T22:31:50.000Z,https://www.ebay.com/itm/407149724391?hash=item5ecc03c2e7:g:UpAAAeSwVNpqgjkB,https://i.ebayimg.com/images/g/UpAAAeSwVNpqgjkB/s-l225.jpg
残件/按现状,96.0,🍙For Parts🍙 Mamiya Sekor 127mm f/3.8 Lens for Mamiya RB67 from Japan,Mamiya,Lenses,For parts or not working,49.99,USD,FIXED_PRICE,18,1600,grail:RB67;as-is;underpriced(med 270),JP,nokik_0,99.4,2026-08-16T09:33:37.000Z,,https://www.ebay.com/itm/188800853244?hash=item2bf56864fc:g:kwIAAeSwFdNqW416,https://i.ebayimg.com/images/g/kwIAAeSwFdNqW416/s-l225.jpg
残件/按现状,96.0,【AS IS】 Olympus OM-2 silver FromJapan #am9486,Olympus,Film Cameras,For parts or not working,69.6,USD,FIXED_PRICE,4,1196,grail:OM-2;mount:olympus om;as-is;underpriced(med 160),JP,somtom_9,99.3,2026-08-17T02:16:00.000Z,,https://www.ebay.com/itm/188804356325?hash=item2bf59dd8e5:g:owcAAeSw1cJqgm-X,https://i.ebayimg.com/images/g/owcAAeSw1cJqgm-X/s-l225.jpg
残件/按现状,96.0,Mamiya RB67 Body Only And Accessories - For Parts/AS-IS - 120 Film Camera,Mamiya,Film Cameras,For parts or not working,84.99,USD,"FIXED_PRICE,BEST_OFFER",23,1600,grail:RB67;as-is;underpriced(med 450),US,tor-her,0.0,2026-08-16T20:20:20.000Z,,https://www.ebay.com/itm/318740250324?hash=item4a36663ed4:g:SL0AAeSwQGhqghEL,https://i.ebayimg.com/images/g/SL0AAeSwQGhqghEL/s-l225.jpg
残件/按现状,95.0,Leitz Wetzlar Elmarit P-CF 120Mm 1:2.8 Projector Lens (Snail Thread),Leitz,Lenses,For parts or not working,38.16,USD,"FIXED_PRICE,BEST_OFFER",4,1600,grail:Elmarit;mount:hasselblad v;underpriced(med 726),DE,easybuyshop,99.9,2026-08-16T05:41:23.000Z,,https://www.ebay.com/itm/318737362440?hash=item4a363a2e08:g:HuAAAeSwEe9qgTYg,https://i.ebayimg.com/images/g/HuAAAeSwEe9qgTYg/s-l225.jpg
残件/按现状,95.0,Asahi Pentax MX 35mm SLR Analog Camera Body Pentax K Mount Silver Defect,Asahi,Film Cameras,For parts or not working,50.89,USD,"FIXED_PRICE,BEST_OFFER",3,1600,grail:Pentax MX;mount:pentax k;underpriced(med 135),DE,easybuyshop,99.9,2026-08-16T12:38:57.000Z,,https://www.ebay.com/itm/318738730200?hash=item4a364f0cd8:g:ngIAAeSwVopqgUhc,https://i.ebayimg.com/images/g/ngIAAeSwVopqgUhc/s-l225.jpg
残件/按现状,94.0,[For Parts] Zenza Bronica EC-TL Medium Format Film Camera Body Only From JAPAN,Bronica,Film Cameras,For parts or not working,159.63,USD,FIXED_PRICE,11,1600,grail:Bronica EC;as-is;underpriced(med 600),JP,wakaz_0,100.0,2026-08-17T07:11:02.000Z,,https://www.ebay.com/itm/147510211022?hash=item22584b31ce:g:kSQAAeSwMk1qgrT-,https://i.ebayimg.com/images/g/kSQAAeSwMk1qgrT-/s-l225.jpg
残件/按现状,94.0,[For Parts]Bronica S2 black late model Waist level finder w/Film Back From JAPAN,Bronica,Film Cameras,For parts or not working,252.99,USD,FIXED_PRICE,11,1600,grail:Bronica S2;as-is;underpriced(med 600),JP,narita-usedcamera-estore,100.0,2026-08-16T16:56:35.000Z,,https://www.ebay.com/itm/168618367480?hash=item27427019f8:g:YfQAAeSwBJRqgex~,https://i.ebayimg.com/images/g/YfQAAeSwBJRqgex~/s-l225.jpg
查无市价,94.0,[Near MINT] PLAUBEL MAKINA FRANKFURT A/M 4x5 Large Format Camera From JAPAN,Plaubel,Film Cameras,Used,419.9,USD,FIXED_PRICE,18,1600,grail:PLAUBEL MAKINA;good-cond;underpriced(med 2044),JP,lc.consu-8,99.9,2026-08-17T11:46:04.000Z,,https://www.ebay.com/itm/398295701730?hash=item5cbc4618e2:g:2Q0AAeSw3B1qgvW8,https://i.ebayimg.com/images/g/2Q0AAeSw3B1qgvW8/s-l225.jpg
查无市价,93.0,▶️[Near Mint / Tested] Mamiya135EF Mamiya-Sekor 38㎜ f/2.8 Film Camera From Japan,Mamiya,Film Cameras,Used,73.99,USD,FIXED_PRICE,14,1257,good-cond;underpriced(med 450),JP,makyos40,100.0,2026-08-17T07:57:58.000Z,,https://www.ebay.com/itm/318742663147?hash=item4a368b0feb:g:TBYAAeSw9IdqgsSF,https://i.ebayimg.com/images/g/TBYAAeSw9IdqgsSF/s-l225.jpg
查无市价,93.0,Contax RTS SLR 35Mm Film Reflex Camera Body (Yashica/Contax),Contax,Film Cameras,Used,114.5,USD,"FIXED_PRICE,BEST_OFFER",3,1278,grail:Contax RTS;underpriced(med 600),DE,easybuyshop,99.9,2026-08-17T11:41:22.000Z,,https://www.ebay.com/itm/318743482855?hash=item4a369791e7:g:cQkAAeSwcXFqgqLj,https://i.ebayimg.com/images/g/cQkAAeSwcXFqgqLj/s-l225.jpg
残件/按现状,93.0,Leica Z2X Defect Silver Point&Shoot Analog Compact Camera Vario-Elmar 35-70mm,Leica,Film Cameras,For parts or not working,127.23,USD,"FIXED_PRICE,BEST_OFFER",3,1348,grail:Elmar;underpriced(med 872),DE,easybuyshop,99.9,2026-08-17T11:41:25.000Z,,https://www.ebay.com/itm/318743483047?hash=item4a369792a7:g:pCcAAeSwEQFqgr2y,https://i.ebayimg.com/images/g/pCcAAeSwEQFqgr2y/s-l225.jpg
查无市价,93.0,▶️[Near Mint / Tested] Mamiya M Time Memory 38mm f/2.8 Auto Focus Camera JAPAN,Mamiya,Film Cameras,Used,149.99,USD,FIXED_PRICE,15,1322,good-cond;underpriced(med 460),JP,makyos40,100.0,2026-08-16T05:18:22.000Z,,https://www.ebay.com/itm/318737298776?hash=item4a36393558:g:w5IAAeSwSJFqgUnQ,https://i.ebayimg.com/images/g/w5IAAeSwSJFqgUnQ/s-l225.jpg
残件/按现状,92.0,Minolta X-700 MPS Body 35mm for Parts or Repair,Minolta,Film Cameras,For parts or not working,25.0,USD,FIXED_PRICE,12,1562,grail:X-700;as-is;underpriced(med 100),US,hobbytimeflipz,99.8,2026-08-16T21:35:06.000Z,,https://www.ebay.com/itm/327313619134?hash=item4c356978be:g:8K0AAeSw64Zqgiz7,https://i.ebayimg.com/images/g/8K0AAeSw64Zqgiz7/s-l225.jpg
残件/按现状,92.0,Canon AE-1 Program Film Camera Body *Repair/Parts* AS IS,Canon,Film Cameras,For parts or not working,29.99,USD,FIXED_PRICE,3,1600,grail:AE-1;as-is;underpriced(med 161),US,concourse,99.3,2026-08-16T21:41:08.000Z,,https://www.ebay.com/itm/178414333515?hash=item298a52ae4b:g:E~EAAeSwhP1qgi4p,https://i.ebayimg.com/images/g/E~EAAeSwhP1qgi4p/s-l225.jpg
残件/按现状,92.0,Minolta Hi-Matic 7s Rangefinder Camera 45mm 1.8 Silver w/ Leather Case - READ,Minolta,Film Cameras,For parts or not working,30.0,USD,FIXED_PRICE,18,1599,grail:Hi-Matic;underpriced(med 100),US,majoe.ma.xgxm5e,98.9,2026-08-17T05:05:31.000Z,,https://www.ebay.com/itm/267759691621?hash=item3e57b8a765:g:LqkAAeSwoTxqgpaW,https://i.ebayimg.com/images/g/LqkAAeSwoTxqgpaW/s-l225.jpg
残件/按现状,92.0,Canon AE-1 35mm Film camera Body ONLY UNTESTED,Canon,Film Cameras,For parts or not working,37.49,USD,FIXED_PRICE,4,1600,grail:AE-1;as-is;underpriced(med 161),US,darsei-70,99.1,2026-08-17T11:01:33.000Z,,https://www.ebay.com/itm/820013722428?hash=itembeeca06b3c:g:YAMAAeSwEQFqgun~,https://i.ebayimg.com/images/g/YAMAAeSwEQFqgun~/s-l225.jpg
残件/按现状,92.0,NIKON NIKONOS IV-A *Parts/Repair* AS IS,Nikon,Film Cameras,For parts or not working,39.99,USD,FIXED_PRICE,2,1600,grail:NIKONOS;as-is;underpriced(med 259),US,concourse,99.3,2026-08-16T21:25:52.000Z,,https://www.ebay.com/itm/178414290406?hash=item298a5205e6:g:KUIAAeSwTF5qgiqL,https://i.ebayimg.com/images/g/KUIAAeSwTF5qgiqL/s-l225.jpg
残件/按现状,92.0,Olympus Stylus Epic Zoom 115 AF 35mm Point and Shoot FIlm Camera NOT WORKING,Olympus,Film Cameras,For parts or not working,49.87,USD,"FIXED_PRICE,BEST_OFFER",0,946,grail:Stylus Epic;as-is;underpriced(med 160),US,bills3d,100.0,2026-08-17T01:03:14.000Z,,https://www.ebay.com/itm/820011852840?hash=itembeec83e428:g:NDcAAeSwOjlqgl0j,https://i.ebayimg.com/images/g/NDcAAeSwOjlqgl0j/s-l225.jpg
残件/按现状,92.0,Canon AE-1 Program 35mm Film Camera Body – For Parts / Not Working,Canon,Vintage Cameras,,50.0,USD,"FIXED_PRICE,BEST_OFFER",8,1600,grail:AE-1;as-is;underpriced(med 200),US,sus_79877194,0.0,2026-08-16T19:34:28.000Z,,https://www.ebay.com/itm/318740122440?hash=item4a36644b48:g:mUIAAeSwyShqgg9B,https://i.ebayimg.com/images/g/mUIAAeSwyShqgg9B/s-l225.jpg
残件/按现状,92.0,Canon Canonet GIII G3 Camera - meter does not work,Canon,Film Cameras,Used,60.0,USD,"FIXED_PRICE,BEST_OFFER",6,1394,grail:Canonet;underpriced(med 161),US,jarvis56,100.0,2026-08-16T23:55:41.000Z,,https://www.ebay.com/itm/117363412964?hash=item1b53678fe4:g:d68AAeSwDzRqgk2O,https://i.ebayimg.com/images/g/d68AAeSwDzRqgk2O/s-l225.jpg
残件/按现状,91.0,Rollei XF 35 Rangefinder Film Camera XF35 40mm F2.3 Lens - Untested / For Parts,Rollei,Film Cameras,For parts or not working,49.99,USD,FIXED_PRICE,7,1222,mount:fuji x;as-is;underpriced(med 402),US,brotheroliverllc,99.9,2026-08-16T19:26:41.000Z,,https://www.ebay.com/itm/137629002872?hash=item200b53ec78:g:FV0AAeSwE-hqgg55,https://i.ebayimg.com/images/g/FV0AAeSwE-hqgg55/s-l225.jpg
残件/按现状,90.0,Rollei Rolleiflex 3.5 TLR w/Tessar 75mm f/3.5 Lens: PARTS/NOT WORKING,Rollei,Film Cameras,Used,160.0,USD,"FIXED_PRICE,BEST_OFFER",5,1600,grail:Tessar;as-is;underpriced(med 402),US,pinholeblender,100.0,2026-08-16T22:56:57.000Z,,https://www.ebay.com/itm/278287524033?hash=item40cb3aa0c1:g:dWQAAeSwGbJqgj2~,https://i.ebayimg.com/images/g/dWQAAeSwGbJqgj2~/s-l225.jpg
残件/按现状,90.0,Contax III Zeiss Ikon Film Camera rangefinder body w/ 5cm f2 sonnar collapsible,Contax,Film Cameras,For parts or not working,232.0,USD,"FIXED_PRICE,BEST_OFFER",0,1600,grail:sonnar;underpriced(med 599),US,cardinalcameraused,99.7,2026-08-16T05:58:37.000Z,,https://www.ebay.com/itm/147507993439?hash=item2258295b5f:g:HhUAAeSwgYVqfySb,https://i.ebayimg.com/images/g/HhUAAeSwgYVqfySb/s-l225.jpg
残件/按现状,90.0,Rolleiflex 3.5C 3.5E TLR Film Camera Carl Zeiss Planar 75/3.5 75 Lens AS IS Read,Rolleiflex,Film Cameras,For parts or not working,320.0,USD,"FIXED_PRICE,BEST_OFFER",23,1600,grail:Planar;as-is;underpriced(med 985),US,well-cam,100.0,2026-08-16T15:41:10.000Z,,https://www.ebay.com/itm/820010116108?hash=itembeec69640c:g:x1YAAeSwxxdqgdcI,https://i.ebayimg.com/images/g/x1YAAeSwxxdqgdcI/s-l225.jpg
残件/按现状,89.0,EasyBuy Carl Zeiss Jena Tessar 50mm f/2.8 EXA Prime Lens (Defekt),Zeiss,Lenses,For parts or not working,25.43,USD,"FIXED_PRICE,BEST_OFFER",4,1600,grail:Tessar;underpriced(med 521),DE,easybuyshop,99.9,2026-08-16T23:00:58.000Z,,https://www.ebay.com/itm/820011490910?hash=itembeec7e5e5e:g:FmMAAeSwJ2dqgjvr,https://i.ebayimg.com/images/g/FmMAAeSwJ2dqgjvr/s-l225.jpg
残件/按现状,89.0,EasyBuy Carl Zeiss Jena Q1 Sonnar 135mm f/4 EXA Fixed-Focus Lens (Defekt),Zeiss,Lenses,For parts or not working,25.43,USD,"FIXED_PRICE,BEST_OFFER",4,1600,grail:Sonnar;underpriced(med 521),DE,easybuyshop,99.9,2026-08-16T17:39:41.000Z,,https://www.ebay.com/itm/820010576050?hash=itembeec7068b2:g:3OsAAeSwLxRqgIo9,https://i.ebayimg.com/images/g/3OsAAeSwLxRqgIo9/s-l225.jpg
型号不明,89.0,Carl Zeiss Jena Large Format Lens Tessar 1:4.5 F/15CM,Zeiss,Lenses,Used,33.0,USD,"FIXED_PRICE,BEST_OFFER",9,736,grail:Tessar;underpriced(med 521),UA,vitcher_52,100.0,2026-08-16T20:14:47.000Z,,https://www.ebay.com/itm/198575802637?hash=item2e3c0a490d:g:Q~EAAOSwwpJlTKYM,https://i.ebayimg.com/images/g/Q~EAAOSwwpJlTKYM/s-l225.jpg
残件/按现状,89.0,"Canon Canonet Junior 35mm Rangefinder 40mm f/2.8 Manual Focus, 1960s vintage",Canon,Film Cameras,For parts or not working,56.67,USD,FIXED_PRICE,8,1530,grail:Canonet;underpriced(med 160),AU,c_mine_79,100.0,2026-08-16T10:20:24.000Z,,https://www.ebay.com/itm/158194062140?hash=item24d519d33c:g:oycAAeSwP~VqgY4n,https://i.ebayimg.com/images/g/oycAAeSwP~VqgY4n/s-l225.jpg
残件/按现状,89.0,【AS IS】 Mamiya Prismat NP FromJapan #am9442,Mamiya,Film Cameras,For parts or not working,58.71,USD,FIXED_PRICE,4,1196,as-is;underpriced(med 450),JP,somtom_9,99.3,2026-08-17T02:14:40.000Z,,https://www.ebay.com/itm/188804355306?hash=item2bf59dd4ea:g:z-4AAeSwL~Nqgm-1,https://i.ebayimg.com/images/g/z-4AAeSwL~Nqgm-1/s-l225.jpg
残件/按现状,89.0,[For Parts] Mamiya Six 6 Model IV 6x6 Medium Format Zuiko F.C. 75mm f3.5 JAPAN,Mamiya,Film Cameras,For parts or not working,109.99,USD,FIXED_PRICE,11,1600,mount:olympus om;as-is;underpriced(med 450),JP,sunsethill_81,100.0,2026-08-16T14:16:00.000Z,,https://www.ebay.com/itm/168618104742?hash=item27426c17a6:g:r3wAAeSwiG5pEWTb,https://i.ebayimg.com/images/g/r3wAAeSwiG5pEWTb/s-l225.jpg
残件/按现状,88.0,Zeiss Ikon Contax D SLR 35Mm Reflex Camera Analog Body Case (M42),Zeiss,Film Cameras,For parts or not working,38.16,USD,"FIXED_PRICE,BEST_OFFER",3,1155,mount:m42;underpriced(med 250),DE,easybuyshop,99.9,2026-08-17T11:41:24.000Z,,https://www.ebay.com/itm/820013863099?hash=itembeeca290bb:g:ZzYAAeSwp05qgpuT,https://i.ebayimg.com/images/g/ZzYAAeSwp05qgpuT/s-l225.jpg
残件/按现状,88.0,Leica M: a set of six small spare parts (as new),Leica,Film Cameras,Aperto - mai usato,40.5,USD,"FIXED_PRICE,BEST_OFFER",2,682,mount:leica m;underpriced(med 855),IT,foto-9698,100.0,2026-08-16T07:59:32.000Z,,https://www.ebay.com/itm/377422264230?hash=item57e01eb7a6:g:QvsAAeSwyMZp-57u,https://i.ebayimg.com/images/g/QvsAAeSwyMZp-57u/s-l225.jpg
无图,87.0,[MINT] Pentax Spotmatic SP Black + SMC Takumar 55mm f/1.8 M42 Lens From JAPAN,Pentax,Film Cameras,Used,149.99,USD,FIXED_PRICE,0,0,grail:Spotmatic;mount:m42;55mm;good-cond,JP,sakurafocus,100.0,2026-08-16T11:27:05.000Z,,https://www.ebay.com/itm/128029322799?hash=item1dcf246e2f:i:128029322799,
型号不明,86.0,🎦👀✨Unused✨ Nikon Nikonos Lens Protector for 28 3.5 From JAPAN,Nikon,Lenses,Used,39.59,USD,FIXED_PRICE,14,1209,grail:Nikonos;underpriced(med 240),JP,positive_star_camera,99.9,2026-08-16T22:04:02.000Z,,https://www.ebay.com/itm/407149670607?hash=item5ecc02f0cf:g:HjIAAeSwAzZqWXil,https://i.ebayimg.com/images/g/HjIAAeSwAzZqWXil/s-l225.jpg
型号不明,86.0,Zenza Bronica Teleconverter G 2X for GS-1 [MINT] From JAPAN #525,Bronica,Lenses,Used,119.99,USD,FIXED_PRICE,11,1600,grail:Bronica Teleconverter;good-cond,JP,lingenterpr-0,100.0,2026-08-16T07:49:39.000Z,,https://www.ebay.com/itm/178412210261?hash=item298a324855:g:T5gAAeSwj0VqgWwV,https://i.ebayimg.com/images/g/T5gAAeSwj0VqgWwV/s-l225.jpg
残件/按现状,85.0,35mm Film Camera Mamiya Sekor 1000 TL For Repair W Case,Mamiya,Film Cameras,For parts or not working,35.0,USD,"FIXED_PRICE,BEST_OFFER",22,1599,as-is;underpriced(med 450),US,itemsanew,100.0,2026-08-17T11:31:13.000Z,,https://www.ebay.com/itm/407150942919?hash=item5ecc165ac7:g:Nm0AAeSw9wVpbASw,https://i.ebayimg.com/images/g/Nm0AAeSw9wVpbASw/s-l225.jpg
残件/按现状,85.0,Graflex Ciro 35 Camera Graftar 50mm f/3.5 w/ Leather Case - MCM Display AS-IS,Graflex,Vintage Cameras,,35.0,USD,"FIXED_PRICE,BEST_OFFER",16,1600,as-is;underpriced(med 250),US,jeeptopless,97.4,2026-08-16T17:40:17.000Z,,https://www.ebay.com/itm/336745707684?hash=item4e679bb8a4:g:zNsAAeSwMjhqgfWH,https://i.ebayimg.com/images/g/zNsAAeSwMjhqgfWH/s-l225.jpg
残件/按现状,85.0,Vintage Zeiss Ikon Telma Folding Film Camera As Is Untested Rare With Case,Zeiss,Film Cameras,For parts or not working,39.99,USD,FIXED_PRICE,7,1562,as-is;underpriced(med 250),US,dwight.777,99.9,2026-08-17T00:36:26.000Z,,https://www.ebay.com/itm/267759555093?hash=item3e57b69215:g:-YYAAeSwxkhqgldj,https://i.ebayimg.com/images/g/-YYAAeSwxkhqgldj/s-l225.jpg
型号不明,83.0,[Near MINT+++] Contax Carl Zeiss Mutar II 2x T* Teleconverter Lens From Japan,Contax,Lenses,Used,62.0,USD,"FIXED_PRICE,BEST_OFFER",12,1600,good-cond;underpriced(med 322),JP,growz9652,100.0,2026-08-16T19:59:09.000Z,,https://www.ebay.com/itm/188803032552?hash=item2bf589a5e8:g:4tAAAeSwYudqDozw,https://i.ebayimg.com/images/g/4tAAAeSwYudqDozw/s-l225.jpg
型号不明,83.0,[MINT] Nikon EM SLR From JAPAN,Nikon,Film Cameras,Used,75.99,USD,FIXED_PRICE,23,1600,good-cond;underpriced(med 259),JP,ichi_camera_jp,100.0,2026-08-16T17:58:03.000Z,,https://www.ebay.com/itm/820010649229?hash=itembeec71868d:g:soUAAeSwMwFqgfsl,https://i.ebayimg.com/images/g/soUAAeSwMwFqgfsl/s-l225.jpg
残件/按现状,83.0,"Carl Zeiss Jena Sonnar 300mm f/4 Pentacon Six Manual Lens, Black",Zeiss,Lenses,For parts or not working,127.23,USD,"FIXED_PRICE,BEST_OFFER",4,1600,grail:Sonnar;underpriced(med 521),DE,easybuyshop,99.9,2026-08-16T23:00:55.000Z,,https://www.ebay.com/itm/820011490809?hash=itembeec7e5df9:g:bfQAAeSwEG1qgjzN,https://i.ebayimg.com/images/g/bfQAAeSwEG1qgjzN/s-l225.jpg
查无市价,83.0,Carl Zeiss 75Mm 1:3.5 Lens Tessar Prontor-S Camera Lens (M42),Zeiss,Lenses,Used,152.67,USD,"FIXED_PRICE,BEST_OFFER",4,0,grail:Tessar;mount:m42;underpriced(med 521),DE,easybuyshop,99.9,2026-08-16T12:38:53.000Z,,https://www.ebay.com/itm/820009543315?hash=itembeec60a693:g:0QQAAeSwSJFqgUub,https://i.ebayimg.com/images/g/0QQAAeSwSJFqgUub/s-l225.jpg
型号不明,83.0,"""Top Mint+++ w/ Box"" Hasselblad Carl Zeiss T* Mutar 2x CF Teleconverter JAPAN",Hasselblad,Lenses,Used,249.99,USD,"FIXED_PRICE,BEST_OFFER",8,1600,mount:hasselblad v;good-cond;underpriced(med 982),JP,irodori-store,99.7,2026-08-17T01:14:16.000Z,,https://www.ebay.com/itm/227478920212?hash=item34f6ccdc14:g:oRUAAeSwJoxqgl3n,https://i.ebayimg.com/images/g/oRUAAeSwJoxqgl3n/s-l225.jpg
残件/按现状,82.0,Voigtländer Vitomatic 70 Defect Color-Zoomar 35-70mm Super Macro Point&Shoot,Voigtländer,Film Cameras,For parts or not working,25.43,USD,"FIXED_PRICE,BEST_OFFER",3,1200,underpriced(med 115),DE,easybuyshop,99.9,2026-08-17T11:41:28.000Z,,https://www.ebay.com/itm/820013863532?hash=itembeeca2926c:g:p9MAAeSwuxVqgr2S,https://i.ebayimg.com/images/g/p9MAAeSwuxVqgr2S/s-l225.jpg
残件/按现状,82.0,Mamiya ZE Quartz SLR 35Mm Film Camera Body (Mamiya ZE),Mamiya,Film Cameras,For parts or not working,25.43,USD,"FIXED_PRICE,BEST_OFFER",3,1063,underpriced(med 450),DE,easybuyshop,99.9,2026-08-17T11:41:24.000Z,,https://www.ebay.com/itm/820013863138?hash=itembeeca290e2:g:2nkAAeSwvLhqgpK-,https://i.ebayimg.com/images/g/2nkAAeSwvLhqgpK-/s-l225.jpg
残件/按现状,82.0,Voigtländer Vitomatic 115 Point&shoot Of Zoom-Lanthar 38-115mm Vmv Analog Camera,Voigtländer,Film Cameras,For parts or not working,25.43,USD,"FIXED_PRICE,BEST_OFFER",3,1316,underpriced(med 115),DE,easybuyshop,99.9,2026-08-17T11:41:23.000Z,,https://www.ebay.com/itm/820013863009?hash=itembeeca29061:g:YeQAAeSwhq5qguc5,https://i.ebayimg.com/images/g/YeQAAeSwhq5qguc5/s-l225.jpg
残件/按现状,82.0,EasyBuy Zeiss Ikon Contaflex SLR 35mm Analog SLR Camera Body Defect,Zeiss,Film Cameras,For parts or not working,25.43,USD,"FIXED_PRICE,BEST_OFFER",3,1600,underpriced(med 250),DE,easybuyshop,99.9,2026-08-16T12:38:59.000Z,,https://www.ebay.com/itm/318738730336?hash=item4a364f0d60:g:S74AAeSwhKZqgVsC,https://i.ebayimg.com/images/g/S74AAeSwhKZqgVsC/s-l225.jpg
残件/按现状,82.0,Konica Hexar AR 28mm f3.5 Manual Focus Wide Angle Prime Lens,Konica,Lenses,For parts or not working,27.07,USD,FIXED_PRICE,4,1600,grail:Hexar;underpriced(med 128),US,ho579005,99.6,2026-08-16T16:57:57.000Z,,https://www.ebay.com/itm/287528913573?hash=item42f20f0aa5:g:ZpkAAeSwn2JqWRQc,https://i.ebayimg.com/images/g/ZpkAAeSwn2JqWRQc/s-l225.jpg
残件/按现状,82.0,Voigtländer Bessamatic SLR 35mm Analog SLR Camera Body Defect Silver,Voigtländer,Film Cameras,For parts or not working,38.16,USD,"FIXED_PRICE,BEST_OFFER",3,1290,underpriced(med 115),DE,easybuyshop,99.9,2026-08-17T11:41:23.000Z,,https://www.ebay.com/itm/318743482891?hash=item4a3697920b:g:X60AAeSwFJZqgprk,https://i.ebayimg.com/images/g/X60AAeSwFJZqgprk/s-l225.jpg
残件/按现状,82.0,Mamiya ZE-2 Quartz SLR 35Mm SLR Camera Analog Body,Mamiya,Film Cameras,For parts or not working,38.16,USD,"FIXED_PRICE,BEST_OFFER",3,1600,underpriced(med 450),DE,easybuyshop,99.9,2026-08-16T23:01:53.000Z,,https://www.ebay.com/itm/318740695726?hash=item4a366d0aae:g:dJ0AAeSwB7tqgfSQ,https://i.ebayimg.com/images/g/dJ0AAeSwB7tqgfSQ/s-l225.jpg
残件/按现状,82.0,Voigtländer VSL 2 Automatic SLR 35mm Analog SLR Body Rollei QBM Black Defect,Voigtländer,Film Cameras,For parts or not working,44.52,USD,"FIXED_PRICE,BEST_OFFER",3,1600,underpriced(med 115),DE,easybuyshop,99.9,2026-08-16T12:38:56.000Z,,https://www.ebay.com/itm/820009543614?hash=itembeec60a7be:g:12YAAeSwgYVqgVnx,https://i.ebayimg.com/images/g/12YAAeSwgYVqgVnx/s-l225.jpg
残件/按现状,81.0,*PARTS/REPAIR* Nikon FE 35mm SLR Film Camera (READ DESCRIPTION),Nikon,Film Cameras,For parts or not working,45.0,USD,FIXED_PRICE,4,1600,mount:sony e;underpriced(med 259),US,ca_431666,98.5,2026-08-16T15:45:22.000Z,,https://www.ebay.com/itm/318739307957?hash=item4a3657ddb5:g:sGQAAeSwEe9qgdrG,https://i.ebayimg.com/images/g/sGQAAeSwEe9qgdrG/s-l225.jpg
残件/按现状,81.0,Olympus OM-10 SLR 35mm Film Camera Good Condition W/50mm Lens Used Untested,Olympus,Film Cameras,Used,46.5,USD,FIXED_PRICE,5,1600,mount:olympus om;as-is;underpriced(med 160),US,gtwhe_59,98.2,2026-08-16T18:21:35.000Z,,https://www.ebay.com/itm/820010705326?hash=itembeec7261ae:g:aRoAAeSwj-Vqgf9w,https://i.ebayimg.com/images/g/aRoAAeSwj-Vqgf9w/s-l225.jpg
残件/按现状,81.0,Canon AL-1 QF w/ Canon Lens FD 28mm 1:2.8 - Camera Untested - Lens Is Tested,Canon,Film Cameras,For parts or not working,50.0,USD,"FIXED_PRICE,BEST_OFFER",5,1600,mount:canon fd;as-is;underpriced(med 161),US,smalltow_41,100.0,2026-08-17T11:42:00.000Z,,https://www.ebay.com/itm/336746851319?hash=item4e67ad2bf7:g:pi0AAeSw131qgvMJ,https://i.ebayimg.com/images/g/pi0AAeSw131qgvMJ/s-l225.jpg
查无市价,80.0,1914 CARL ZEISS IKON 105mm F/4.5 Compur Rapid Folding Camera Tessar,Zeiss,Vintage Cameras,,32.5,USD,"FIXED_PRICE,BEST_OFFER",10,0,grail:Tessar,US,rgish2012,99.9,2026-08-16T12:42:41.000Z,,https://www.ebay.com/itm/298592865596?hash=item4585858d3c:g:~Y0AAeSwe41qZRgV,https://i.ebayimg.com/images/g/~Y0AAeSwe41qZRgV/s-l225.jpg
查无市价,80.0,Rollei HFT Sonnar 150mm f/1.4 Telephoto Manual Focus Lens QBM Mount w/ case,Rollei,Lenses,Used,175.0,USD,"FIXED_PRICE,BEST_OFFER",9,0,grail:Sonnar;underpriced(med 432),US,daemion_af,100.0,2026-08-16T23:32:46.000Z,,https://www.ebay.com/itm/287529401088?hash=item42f2167b00:g:wDsAAeSwB7tqgkha,https://i.ebayimg.com/images/g/wDsAAeSwB7tqgkha/s-l225.jpg
残件/按现状,79.0,Konica MR.70 Compact 35mm Film Camera HEXANON 38/70mm JAPAN For Parts,Konica,Film Cameras,Used,30.0,USD,FIXED_PRICE,22,1600,as-is;underpriced(med 135),JP,japanese.wholesaler.oden,99.5,2026-08-16T13:03:21.000Z,,https://www.ebay.com/itm/377422838988?hash=item57e0277ccc:g:HnIAAeSwi1JqViIm,https://i.ebayimg.com/images/g/HnIAAeSwi1JqViIm/s-l225.jpg
残件/按现状,79.0,Vintage Konica C35 35mm Rangefinder Camera Hexanon 38mm F2.8 Untested Repair,Konica,Film Cameras,Used,31.51,USD,FIXED_PRICE,3,1200,as-is;underpriced(med 135),JP,hiro165r,99.2,2026-08-16T12:41:10.000Z,,https://www.ebay.com/itm/237009659688?hash=item372ee06728:g:TxUAAeSwxxdqgbCa,https://i.ebayimg.com/images/g/TxUAAeSwxxdqgbCa/s-l225.jpg
残件/按现状,79.0,FUJIFILM Flash Fujica Date Fujinon 38mm f2.8 Film Camera JAPAN For Parts,Fujifilm,Film Cameras,Used,35.0,USD,FIXED_PRICE,22,1600,as-is;underpriced(med 120),JP,japanese.wholesaler.oden,99.5,2026-08-16T13:03:27.000Z,,https://www.ebay.com/itm/377422839143?hash=item57e0277d67:g:2sgAAeSwqNVqUO3R,https://i.ebayimg.com/images/g/2sgAAeSwqNVqUO3R/s-l225.jpg
残件/按现状,79.0,FUJIFILM DL-200 DATE Compact Fujinon 32mm F2.8 lens JAPAN For Parts,Fujifilm,Film Cameras,Used,35.0,USD,FIXED_PRICE,18,1600,as-is;underpriced(med 120),JP,japanese.wholesaler.oden,99.5,2026-08-16T13:03:10.000Z,,https://www.ebay.com/itm/377422838786?hash=item57e0277c02:g:7JUAAeSwWc5qUO~M,https://i.ebayimg.com/images/g/7JUAAeSwWc5qUO~M/s-l225.jpg
型号不明,79.0,❋Near MINT in Box❋ CANON EXTENDER FD2x Type A with Box and Case From JAPAN,Canon,Lenses,Used,39.99,USD,FIXED_PRICE,23,1600,good-cond;underpriced(med 300),JP,zencamerajp,100.0,2026-08-16T21:57:18.000Z,,https://www.ebay.com/itm/398293567579?hash=item5cbc25885b:g:TloAAeSw2RBqgjL4,https://i.ebayimg.com/images/g/TloAAeSw2RBqgjL4/s-l225.jpg
残件/按现状,79.0,YASHICA ELECTRO 35 GSN Film Camera 1:1.7 f =45 mm w/ Case UNTESTED,Yashica,Film Cameras,Used,45.5,USD,"FIXED_PRICE,AUCTION",8,1599,as-is;underpriced(med 130);auction,US,z_standig,100.0,2026-08-16T21:35:38.000Z,2026-08-26T21:35:38.000Z,https://www.ebay.com/itm/278287359504?hash=item40cb381e10:g:8HAAAeSwAfJqgiyT,https://i.ebayimg.com/images/g/8HAAAeSwAfJqgiyT/s-l225.jpg
残件/按现状,79.0,[For Parts] Nikon L35AD Pikaichi ISO1000 35mm film camera From JAPAN,Nikon,Film Cameras,Used,54.99,USD,"FIXED_PRICE,BEST_OFFER",9,1600,as-is;underpriced(med 259),JP,koumatsu,100.0,2026-08-17T00:01:48.000Z,,https://www.ebay.com/itm/800520408713?hash=itemba62bc0e89:g:EAAAAeSwTrRqgk09,https://i.ebayimg.com/images/g/EAAAAeSwTrRqgk09/s-l225.jpg
残件/按现状,79.0,Canon Autoboy S Panorama 35mm Film Camera Freezes After One Shot For Parts Japan,Canon,Film Cameras,For parts or not working,54.99,USD,"FIXED_PRICE,BEST_OFFER",19,1600,as-is;underpriced(med 161),JP,white-mountain.japan,100.0,2026-08-16T13:57:45.000Z,,https://www.ebay.com/itm/158194572436?hash=item24d5219c94:g:fr4AAeSwCclqga9U,https://i.ebayimg.com/images/g/fr4AAeSwCclqga9U/s-l225.jpg
残件/按现状,79.0,【AS IS】 Canon EOS 5 FromJapan #am9446,Canon,Film Cameras,For parts or not working,58.71,USD,FIXED_PRICE,4,1196,as-is;underpriced(med 161),JP,somtom_9,99.3,2026-08-17T02:14:48.000Z,,https://www.ebay.com/itm/188804355471?hash=item2bf59dd58f:g:7Z4AAeSwsJVqgm7Y,https://i.ebayimg.com/images/g/7Z4AAeSwsJVqgm7Y/s-l225.jpg
残件/按现状,79.0,【AS IS】 Canon Autoboy TELE QUARTZ DATE 40/70mm F2.8/4.9 FromJapan #am9369,Canon,Film Cameras,For parts or not working,58.71,USD,FIXED_PRICE,4,1196,as-is;underpriced(med 161),JP,somtom_9,99.3,2026-08-17T02:13:46.000Z,,https://www.ebay.com/itm/188804354448?hash=item2bf59dd190:g:VAoAAeSwThVqgm7S,https://i.ebayimg.com/images/g/VAoAAeSwThVqgm7S/s-l225.jpg
残件/按现状,79.0,【AS IS】 PENTAX ME FromJapan #am9368,Pentax,Film Cameras,For parts or not working,58.71,USD,FIXED_PRICE,4,1196,as-is;underpriced(med 150),JP,somtom_9,99.3,2026-08-17T02:13:44.000Z,,https://www.ebay.com/itm/188804354423?hash=item2bf59dd177:g:O9IAAeSwJoxqgm8R,https://i.ebayimg.com/images/g/O9IAAeSwJoxqgm8R/s-l225.jpg
打包杂件,79.0,Nikon & Vivitar Camera Parts Lot,Nikon,Film Cameras,Used,60.0,USD,"FIXED_PRICE,AUCTION",2,1600,underpriced(med 255);auction,US,autumnshutterbug,100.0,2026-08-16T06:08:06.000Z,2026-08-23T06:08:06.000Z,https://www.ebay.com/itm/227477828477?hash=item34f6bc337d:g:vQoAAeSwwyJqgVJ8,https://i.ebayimg.com/images/g/vQoAAeSwwyJqgVJ8/s-l225.jpg
型号不明,79.0,🎦 [MINT w/Cap] Canon Extender EF 2X Teleconverter Lens for EF Mount From JAPAN,Canon,Lenses,Used,99.98,USD,FIXED_PRICE,15,1114,mount:canon ef;good-cond;underpriced(med 300),JP,win-win_camera_japan,100.0,2026-08-16T16:00:01.000Z,,https://www.ebay.com/itm/336737982373?hash=item4e6725d7a5:g:glEAAeSwLKlqe8wO,https://i.ebayimg.com/images/g/glEAAeSwLKlqe8wO/s-l225.jpg
残件/按现状,79.0,Leica Mini Zoom 35mm Point & Shoot Film Camera Auto Focus Flash Black Case,Leica,Film Cameras,For parts or not working,100.0,USD,"FIXED_PRICE,BEST_OFFER",6,1030,underpriced(med 872),US,snipersaurusrex,100.0,2026-08-17T01:03:21.000Z,,https://www.ebay.com/itm/298594270896?hash=item45859afeb0:g:Z6IAAeSwYtBqgl2d,https://i.ebayimg.com/images/g/Z6IAAeSwYtBqgl2d/s-l225.jpg
型号不明,79.0,MAMIYA 6 medium format film camera Olympus Zuiko 7.5cm F3.5,Mamiya,Lenses,Used,119.23,USD,FIXED_PRICE,5,1080,mount:olympus om;underpriced(med 270),JP,zet_on,100.0,2026-08-16T23:08:19.000Z,,https://www.ebay.com/itm/407149756832?hash=item5ecc0441a0:g:YL8AAeSwqvlqgkPV,https://i.ebayimg.com/images/g/YL8AAeSwqvlqgkPV/s-l225.jpg
查无市价,78.0,"Hasselblad 500 c/m f/4 50mm T* with A12 back, JUST CLA'd with New Seals",Hasselblad,Film Cameras,Used,0.0,USD,AUCTION,23,1600,grail:500 c;good-cond;auction,US,benjrblant0,100.0,2026-08-17T02:00:01.000Z,2026-08-24T02:00:01.000Z,https://www.ebay.com/itm/117356266020?hash=item1b52fa8224:g:xEgAAeSw7-lqfQWc,https://i.ebayimg.com/images/g/xEgAAeSw7-lqfQWc/s-l225.jpg
残件/按现状,78.0,Asahi Pentax SV Defect SLR 35mm Analog Camera Body (M42) Silver,Asahi,Film Cameras,For parts or not working,25.43,USD,"FIXED_PRICE,BEST_OFFER",3,1236,mount:m42;underpriced(med 135),DE,easybuyshop,99.9,2026-08-17T11:41:28.000Z,,https://www.ebay.com/itm/318743483197?hash=item4a3697933d:g:dYAAAeSwqvlqgpsI,https://i.ebayimg.com/images/g/dYAAAeSwqvlqgpsI/s-l225.jpg
残件/按现状,78.0,Canon EF-M EF 35mm SLR Analog Film Camera Body Housing - Black,Canon,Film Cameras,For parts or not working,25.43,USD,"FIXED_PRICE,BEST_OFFER",3,1600,mount:canon ef;underpriced(med 161),DE,easybuyshop,99.9,2026-08-16T17:01:42.000Z,,https://www.ebay.com/itm/318739579070?hash=item4a365c00be:g:KBQAAeSw1clqgcfY,https://i.ebayimg.com/images/g/KBQAAeSw1clqgcfY/s-l225.jpg
残件/按现状,78.0,RICOH KR-10x SLR 35mm Analog SLR Camera Body Pentax K Mount Black Defect,Ricoh,Film Cameras,For parts or not working,25.43,USD,"FIXED_PRICE,BEST_OFFER",3,1600,mount:pentax k;underpriced(med 110),DE,easybuyshop,99.9,2026-08-16T12:39:00.000Z,,https://www.ebay.com/itm/820009543958?hash=itembeec60a916:g:XnIAAeSwDO5qgVoS,https://i.ebayimg.com/images/g/XnIAAeSwDO5qgVoS/s-l225.jpg
残件/按现状,78.0,"Cosina CT-2 SLR 35mm Analog Camera Body, Pentax K Mount, Black, Defect",Pentax,Film Cameras,For parts or not working,25.43,USD,"FIXED_PRICE,BEST_OFFER",3,1600,mount:pentax k;underpriced(med 150),DE,easybuyshop,99.9,2026-08-16T12:38:57.000Z,,https://www.ebay.com/itm/318738730204?hash=item4a364f0cdc:g:RXAAAeSwEG1qgVoj,https://i.ebayimg.com/images/g/RXAAAeSwEG1qgVoj/s-l225.jpg
残件/按现状,78.0,EasyBuy Yashica J-5 Defect SLR 35mm Analog Camera Body (M42) Silver,Yashica,Film Cameras,For parts or not working,31.8,USD,"FIXED_PRICE,BEST_OFFER",3,1292,mount:m42;underpriced(med 130),DE,easybuyshop,99.9,2026-08-17T11:41:21.000Z,,https://www.ebay.com/itm/318743482786?hash=item4a369791a2:g:2ngAAeSw9Idqgqkb,https://i.ebayimg.com/images/g/2ngAAeSw9Idqgqkb/s-l225.jpg
残件/按现状,78.0,Canon EOS 3000V SLR 35Mm Film Camera Body (Canon EF),Canon,Film Cameras,For parts or not working,31.8,USD,"FIXED_PRICE,BEST_OFFER",3,1600,mount:canon ef;underpriced(med 161),DE,easybuyshop,99.9,2026-08-16T17:01:42.000Z,,https://www.ebay.com/itm/318739579082?hash=item4a365c00ca:g:V9cAAeSwfjZqgcfs,https://i.ebayimg.com/images/g/V9cAAeSwfjZqgcfs/s-l225.jpg
残件/按现状,78.0,KMZ Jupiter-8M 50Mm 1:2 Lens Fixed Focal Length (Contax RF),Contax,Lenses,For parts or not working,31.8,USD,"FIXED_PRICE,BEST_OFFER",4,1600,mount:canon rf;underpriced(med 322),DE,easybuyshop,99.9,2026-08-16T05:41:21.000Z,,https://www.ebay.com/itm/820008405551?hash=itembeec4f4a2f:g:arwAAeSwDO5qgTLK,https://i.ebayimg.com/images/g/arwAAeSwDO5qgTLK/s-l225.jpg
残件/按现状,78.0,Canon EOS 50E SLR 35Mm SLR Camera Analog Body Case (Canon EF),Canon,Film Cameras,For parts or not working,38.16,USD,"FIXED_PRICE,BEST_OFFER",3,1600,mount:canon ef;underpriced(med 161),DE,easybuyshop,99.9,2026-08-16T23:00:56.000Z,,https://www.ebay.com/itm/820011490826?hash=itembeec7e5e0a:g:1xsAAeSwyudqggHQ,https://i.ebayimg.com/images/g/1xsAAeSwyudqggHQ/s-l225.jpg
残件/按现状,78.0,Olympus XA1 mit Electronic Flash A9M Point&shoot With D.Zuiko 35mm 1:4,Olympus,Film Cameras,For parts or not working,44.52,USD,"FIXED_PRICE,BEST_OFFER",3,1423,mount:olympus om;underpriced(med 160),DE,easybuyshop,99.9,2026-08-17T11:41:26.000Z,,https://www.ebay.com/itm/318743483145?hash=item4a36979309:g:51gAAeSwzVlqguLj,https://i.ebayimg.com/images/g/51gAAeSwzVlqguLj/s-l225.jpg
残件/按现状,78.0,Canon AL-1 QF SLR 35mm Analog SLR Camera Body (Canon FD) - Black - Defect,Canon,Film Cameras,For parts or not working,44.52,USD,"FIXED_PRICE,BEST_OFFER",3,1196,mount:canon fd;underpriced(med 161),DE,easybuyshop,99.9,2026-08-17T11:41:24.000Z,,https://www.ebay.com/itm/820013863261?hash=itembeeca2915d:g:qk0AAeSwbp5qgqRL,https://i.ebayimg.com/images/g/qk0AAeSwbp5qgqRL/s-l225.jpg
残件/按现状,78.0,Minolta Hi-Matic 9 35mm Rangefinder Camera with Case Untested,Minolta,Film Cameras,Used,49.95,USD,"FIXED_PRICE,BEST_OFFER",11,1600,grail:Hi-Matic;as-is,US,white7008,100.0,2026-08-17T00:09:33.000Z,,https://www.ebay.com/itm/117363424984?hash=item1b5367bed8:g:0AEAAeSwcflqglCt,https://i.ebayimg.com/images/g/0AEAAeSwcflqglCt/s-l225.jpg
残件/按现状,78.0,Minolta Hi-Matic AF2 35mm Film Camera w/ Case JAPAN f/2.8 Untested,Minolta,Film Cameras,Used,49.95,USD,FIXED_PRICE,6,1600,grail:Hi-Matic;as-is,US,resellerfrommichigan,100.0,2026-08-16T21:43:39.000Z,,https://www.ebay.com/itm/147509334617?hash=item22583dd259:g:BRoAAeSwAfJqgi6L,https://i.ebayimg.com/images/g/BRoAAeSwAfJqgi6L/s-l225.jpg
残件/按现状,78.0,Asahi Pentax S3 Defect 35mm SLR Analog Camera Body (M42),Asahi,Film Cameras,For parts or not working,50.89,USD,"FIXED_PRICE,BEST_OFFER",3,1160,mount:m42;underpriced(med 135),DE,easybuyshop,99.9,2026-08-16T23:00:57.000Z,,https://www.ebay.com/itm/820011490861?hash=itembeec7e5e2d:g:uIUAAeSwsJVqghhG,https://i.ebayimg.com/images/g/uIUAAeSwsJVqghhG/s-l225.jpg
残件/按现状,78.0,Minolta HI-Matic AF2 35mm Film Camera (38mm f/2.8 Lens) W/case,Minolta,Film Cameras,For parts or not working,54.99,USD,"FIXED_PRICE,BEST_OFFER",18,1600,grail:HI-Matic,US,goose-collectibles,99.8,2026-08-16T19:38:15.000Z,,https://www.ebay.com/itm/287529120331?hash=item42f212324b:g:VcsAAeSwsXNqQrWf,https://i.ebayimg.com/images/g/VcsAAeSwsXNqQrWf/s-l225.jpg
残件/按现状,78.0,Konica TC 35mm Camera W/ Hexanon 55mm Haze 1 w/ Extras Untested,Konica,Film Cameras,Used,59.99,USD,"FIXED_PRICE,BEST_OFFER",13,1600,55mm;as-is;underpriced(med 135),US,stuff-1349,99.7,2026-08-16T12:59:07.000Z,,https://www.ebay.com/itm/820009601215?hash=itembeec6188bf:g:hIMAAeSwxbxpf4CK,https://i.ebayimg.com/images/g/hIMAAeSwxbxpf4CK/s-l225.jpg
残件/按现状,78.0,Konica Autoreflex T 35mm SLR Film Camera Hexanon AR 52mm f/1.8 Lens Vintage,Konica,Film Cameras,For parts or not working,60.0,USD,FIXED_PRICE,4,1600,52mm;underpriced(med 135),US,blindboxlove,100.0,2026-08-16T14:24:41.000Z,,https://www.ebay.com/itm/267759055519?hash=item3e57aef29f:g:TTwAAeSwCz5qgcij,https://i.ebayimg.com/images/g/TTwAAeSwCz5qgcij/s-l225.jpg
型号不明,78.0,Carl Zeiss Jena Tessar 21cm f/6.5 Brass Large Format Lens,Zeiss,Vintage Lenses,,99.99,USD,FIXED_PRICE,3,1600,grail:Tessar,US,shoptristansantiques,99.7,2026-08-16T13:55:01.000Z,,https://www.ebay.com/itm/237009784772?hash=item372ee24fc4:g:gTIAAeSwD7RppyBA,https://i.ebayimg.com/images/g/gTIAAeSwD7RppyBA/s-l225.jpg
无图,78.0,[MINT] Canon AE-1 Body 35mm SLR Film Camera Tested From Japan,Canon,Film Cameras,Used,143.14,USD,"FIXED_PRICE,BEST_OFFER",0,0,grail:AE-1;good-cond,JP,yama-4448,100.0,2026-08-16T11:28:39.000Z,,https://www.ebay.com/itm/318738479716?hash=item4a364b3a64:i:318738479716,
查无市价,78.0,[MINT] Hasselblad 503CW Film Camera Acute D CF 80mm f2.8 Lens A12 IV Back JAPAN,Hasselblad,Film Cameras,Used,4899.9,USD,FIXED_PRICE,19,1600,grail:503CW;mount:hasselblad v;good-cond,JP,shinhisa-0,100.0,2026-08-17T02:51:14.000Z,,https://www.ebay.com/itm/407150128349?hash=item5ecc09ecdd:g:93cAAeSw~cFqgndh,https://i.ebayimg.com/images/g/93cAAeSw~cFqgndh/s-l225.jpg
查无市价,78.0,"Yellow [Near MINT] Hasselblad 503CW Camera CF 80mm Lens, PME3, A24 IV from JAPAN",Hasselblad,Film Cameras,Used,4988.0,USD,FIXED_PRICE,18,1600,grail:503CW;mount:hasselblad v;good-cond,JP,taabo93,100.0,2026-08-17T11:11:30.000Z,,https://www.ebay.com/itm/137631412910?hash=item200b78b2ae:g:c1EAAeSwiIVqguz~,https://i.ebayimg.com/images/g/c1EAAeSwiIVqguz~/s-l225.jpg
残件/按现状,77.0,EasyBuy Carl Zeiss Jena Sonnar 180mm f/2.8 Lens (Pentacon Six),Zeiss,Lenses,For parts or not working,190.84,USD,"FIXED_PRICE,BEST_OFFER",4,1600,grail:Sonnar;underpriced(med 521),DE,easybuyshop,99.9,2026-08-16T22:59:56.000Z,,https://www.ebay.com/itm/318740694243?hash=item4a366d04e3:g:jZIAAeSwQOlqgjzc,https://i.ebayimg.com/images/g/jZIAAeSwQOlqgjzc/s-l225.jpg
残件/按现状,76.0,Asahi Pentax Spotmatic F SPF Camera Case Strap SMC Takumar 50mm F1.4 For Parts,Asahi,Film Cameras,Used,70.0,USD,FIXED_PRICE,22,1600,grail:Spotmatic;as-is,JP,japanese.wholesaler.oden,99.5,2026-08-16T13:03:13.000Z,,https://www.ebay.com/itm/377422838821?hash=item57e0277c25:g:w8EAAeSww~9qTP9j,https://i.ebayimg.com/images/g/w8EAAeSww~9qTP9j/s-l225.jpg
残件/按现状;打包杂件,76.0,PENTAX Auto 110 Film SLR Camera Body 2 Camera Lot 110 Film ( Untested ) Japan,Pentax,Film Cameras,Used,74.0,USD,"FIXED_PRICE,BEST_OFFER",5,1206,grail:Auto 110;as-is,JP,optic.fable.tokyo,100.0,2026-08-17T06:13:02.000Z,,https://www.ebay.com/itm/298594809785?hash=item4585a337b9:g:uM8AAeSwAnRqgqWU,https://i.ebayimg.com/images/g/uM8AAeSwAnRqgqWU/s-l225.jpg
型号不明,76.0,【 MINT 】 PENTAX Rear Converter-A 645 2x Tele Converter Lens From JAPAN,Pentax,Lenses,Used,79.99,USD,FIXED_PRICE,7,1600,grail:645;good-cond,JP,majestic_edo-tokyo_camera,100.0,2026-08-16T10:56:13.000Z,,https://www.ebay.com/itm/298592668115?hash=item45858289d3:g:4JsAAeSwEe9qgZeN,https://i.ebayimg.com/images/g/4JsAAeSwEe9qgZeN/s-l225.jpg
残件/按现状,76.0,[For Parts] Canon AE-1 Program SLR 35mm Film Camera Body From JAPAN,Canon,Film Cameras,Used,89.99,USD,FIXED_PRICE,9,1600,grail:AE-1;as-is,JP,orihika-at,100.0,2026-08-16T09:53:02.000Z,,https://www.ebay.com/itm/318738143360?hash=item4a36461880:g:HcIAAeSwKWdqL0Ay,https://i.ebayimg.com/images/g/HcIAAeSwKWdqL0Ay/s-l225.jpg
残件/按现状,76.0,Olympus mju Zoom Panorama Infinity Stylus 35mm Film Camera Power On Untested,Olympus,Film Cameras,Used,94.02,USD,FIXED_PRICE,10,1200,grail:mju;as-is,JP,hiro165r,99.2,2026-08-16T12:45:21.000Z,,https://www.ebay.com/itm/237009665481?hash=item372ee07dc9:g:i3EAAeSwiiFqgbIU,https://i.ebayimg.com/images/g/i3EAAeSwiiFqgbIU/s-l225.jpg
残件/按现状,75.0,Olympus Stylus Infinity Zoom 35mm Film Camera With 35-70mm Lens for Parts/Repair,Olympus,Film Cameras,For parts or not working,25.0,USD,"FIXED_PRICE,BEST_OFFER",13,1324,as-is;underpriced(med 160),US,needs.enterprise,99.2,2026-08-16T23:02:25.000Z,,https://www.ebay.com/itm/287529364817?hash=item42f215ed51:g:VMUAAeSwjQJpXIR1,https://i.ebayimg.com/images/g/VMUAAeSwjQJpXIR1/s-l225.jpg
残件/按现状,75.0,MINOLTA X-370 N CMAERA 35MM SLR FILM CAMERA BODY USED UNTESTED,Minolta,Film Cameras,Used,25.0,USD,FIXED_PRICE,3,1600,as-is;underpriced(med 100),US,rm23p_48,99.1,2026-08-16T22:24:12.000Z,,https://www.ebay.com/itm/307130378886?hash=item478265aa86:g:PoQAAeSwVNpqgjX8,https://i.ebayimg.com/images/g/PoQAAeSwVNpqgjX8/s-l225.jpg
残件/按现状,75.0,OLYMPUS INFINITY ZOOM 2000 AF 38-70mm POINT & SHOOT 35mm FILM CAMERA For Parts,Olympus,Film Cameras,For parts or not working,25.0,USD,"FIXED_PRICE,BEST_OFFER",9,1600,as-is;underpriced(med 160),US,donfel-86,99.9,2026-08-16T19:41:33.000Z,,https://www.ebay.com/itm/318740130013?hash=item4a366468dd:g:Sl0AAeSwAbdqcyz9,https://i.ebayimg.com/images/g/Sl0AAeSwAbdqcyz9/s-l225.jpg
残件/按现状,75.0,Canon Sure Shot Supreme 35mm Film Camera - PARTS / REPAIR ONLY,Canon,Film Cameras,For parts or not working,25.0,USD,"FIXED_PRICE,BEST_OFFER",6,1600,underpriced(med 161),US,thehop4487,100.0,2026-08-16T19:15:28.000Z,,https://www.ebay.com/itm/398293201748?hash=item5cbc1ff354:g:FocAAeSwJHdqggmG,https://i.ebayimg.com/images/g/FocAAeSwJHdqggmG/s-l225.jpg
残件/按现状,75.0,"KONICA FS - 1 , Camera Body for FILM very clean. Not Tested.",Konica,Film Cameras,For parts or not working,25.0,USD,FIXED_PRICE,5,1600,underpriced(med 135),US,amrkeal,99.4,2026-08-16T07:43:24.000Z,,https://www.ebay.com/itm/307129135387?hash=item478252b11b:g:Ax0AAeSwEG1qgWnB,https://i.ebayimg.com/images/g/Ax0AAeSwEG1qgWnB/s-l225.jpg
残件/按现状,75.0,canon t70 35mm slr film camera body Only Tested Working Conditions,Canon,Film Cameras,For parts or not working,25.49,USD,"FIXED_PRICE,BEST_OFFER",6,1600,underpriced(med 161),US,treasureislandusa,99.9,2026-08-16T18:51:46.000Z,,https://www.ebay.com/itm/318739980335?hash=item4a3662202f:g:mpUAAeSwDTBqWS88,https://i.ebayimg.com/images/g/mpUAAeSwDTBqWS88/s-l225.jpg
打包杂件,75.0,Fujifilm Instax Mini 8 Instant Film Camera Lot Mixed Colors 2 Pieces Tested,Fujifilm,Film Cameras,Used,25.49,USD,FIXED_PRICE,7,1600,underpriced(med 124),US,goodwillsocalshop,99.7,2026-08-16T09:40:21.000Z,,https://www.ebay.com/itm/267758882448?hash=item3e57ac4e90:g:9y8AAeSwMHJqQR5Z,https://i.ebayimg.com/images/g/9y8AAeSwMHJqQR5Z/s-l225.jpg
残件/按现状,75.0,Nikon Nuvis 200 APS Point & Shoot Film Camera 24-48mm Zoom Box Manual Untested,Nikon,Film Cameras,Used,26.99,USD,"FIXED_PRICE,BEST_OFFER",3,1600,as-is;underpriced(med 259),US,ciccue_0,99.4,2026-08-16T13:41:23.000Z,,https://www.ebay.com/itm/800518063243?hash=itemba6298448b:g:YKAAAeSwdzRpl20K,https://i.ebayimg.com/images/g/YKAAAeSwdzRpl20K/s-l225.jpg
残件/按现状,75.0,Vintage Konica Autoreflex TC 35mm Camera Body Only Made In Japan As Is,Konica,Film Cameras,For parts or not working,27.5,USD,"FIXED_PRICE,BEST_OFFER",7,1600,as-is;underpriced(med 135),US,madelin522,100.0,2026-08-16T21:15:04.000Z,,https://www.ebay.com/itm/267759362619?hash=item3e57b3a23b:g:yN8AAeSwOjlqgiWO,https://i.ebayimg.com/images/g/yN8AAeSwOjlqgiWO/s-l225.jpg
残件/按现状,75.0,Vintage Yashica MG-1 35mm Rangefinder Camera Black/Chrome- Untested,Yashica,Film Cameras,Used,27.99,USD,"FIXED_PRICE,BEST_OFFER",10,1600,as-is;underpriced(med 130),US,nicfor_92,100.0,2026-08-16T20:34:01.000Z,,https://www.ebay.com/itm/407149444574?hash=item5ecbff7dde:g:YiwAAeSwV8lpuEXr,https://i.ebayimg.com/images/g/YiwAAeSwV8lpuEXr/s-l225.jpg
残件/按现状;打包杂件,75.0,Mixed Lot Of Cameras: 35mm Film Canon Minolta Quantaray Ansco. Untested As-Is.,Canon,Film Cameras,For parts or not working,28.84,USD,"FIXED_PRICE,BEST_OFFER",21,1600,as-is;underpriced(med 161),US,whoknowsstore,100.0,2026-08-17T00:31:22.000Z,,https://www.ebay.com/itm/147509547795?hash=item2258411313:g:7QEAAeSwQERqO2hL,https://i.ebayimg.com/images/g/7QEAAeSwQERqO2hL/s-l225.jpg
残件/按现状,75.0,Pentax Zoom 90WR 35mm Point & Shoot Film Camera missing remote UNTESTED READ,Pentax,Film Cameras,Used,28.97,USD,FIXED_PRICE,8,1600,as-is;underpriced(med 155),US,girlgarage,100.0,2026-08-16T09:01:12.000Z,,https://www.ebay.com/itm/307129241098?hash=item4782544e0a:g:ploAAeSwFONqLtcF,https://i.ebayimg.com/images/g/ploAAeSwFONqLtcF/s-l225.jpg
残件/按现状,75.0,Vintage Olympus Rangefinder Camera 35 EC 35mm Film ~ Untested ~ Japan,Olympus,Vintage Cameras,,28.99,USD,FIXED_PRICE,11,1438,as-is;underpriced(med 120),US,bargainqueen21,100.0,2026-08-17T05:18:17.000Z,,https://www.ebay.com/itm/287529861286?hash=item42f21d80a6:g:zm8AAOSwSrhkDUUd,https://i.ebayimg.com/images/g/zm8AAOSwSrhkDUUd/s-l225.jpg
残件/按现状,75.0,Konica C35 Automatic 35mm Film 38mm Hexanon Lens UNTESTED MISSING BATTERY COVER,Konica,Film Cameras,For parts or not working,29.0,USD,"FIXED_PRICE,BEST_OFFER",13,1600,as-is;underpriced(med 135),US,spie_6359,100.0,2026-08-16T23:02:53.000Z,,https://www.ebay.com/itm/800520202516?hash=itemba62b8e914:g:SOgAAeSwHgFqgkCb,https://i.ebayimg.com/images/g/SOgAAeSwHgFqgkCb/s-l225.jpg
残件/按现状,75.0,Pentax IQZoom EZY-80 35mm Film Camera – Untested – With Case,Pentax,Film Cameras,Used,29.15,USD,"FIXED_PRICE,BEST_OFFER",5,1600,as-is;underpriced(med 150),US,moss_and_meadow,99.6,2026-08-16T13:37:33.000Z,,https://www.ebay.com/itm/800518050414?hash=itemba6298126e:g:n~gAAeSwn4Npk0BF,https://i.ebayimg.com/images/g/n~gAAeSwn4Npk0BF/s-l225.jpg
残件/按现状,75.0,Yashica EZ-Matic 126 Film Camera Yashinon 37mm f/2.7 Lens w/Case Untested,Yashica,Film Cameras,Used,29.99,USD,"FIXED_PRICE,BEST_OFFER",18,1600,as-is;underpriced(med 130),US,tylodeals,100.0,2026-08-17T02:26:29.000Z,,https://www.ebay.com/itm/407150059267?hash=item5ecc08df03:g:8-oAAeSwEx9qgmty,https://i.ebayimg.com/images/g/8-oAAeSwEx9qgmty/s-l225.jpg
残件/按现状,75.0,Pentax Espio 200 Silver 48-200mm Point & Shoot 35mm Film Camera Not Working,Pentax,Film Cameras,For parts or not working,29.99,USD,"FIXED_PRICE,BEST_OFFER",23,1600,as-is;underpriced(med 155),US,pricesproducts,99.8,2026-08-16T11:02:33.000Z,,https://www.ebay.com/itm/168617737590?hash=item2742667d76:g:Ep0AAOSwn-5mIZH4,https://i.ebayimg.com/images/g/Ep0AAOSwn-5mIZH4/s-l225.jpg
残件/按现状,75.0,Canon AF35M 35mm Point & Shoot Film Camera Black - For Parts/ Not Working,Canon,Film Cameras,For parts or not working,29.99,USD,"FIXED_PRICE,BEST_OFFER",19,1600,as-is;underpriced(med 160),US,pricesproducts,99.8,2026-08-16T11:02:33.000Z,,https://www.ebay.com/itm/168617737634?hash=item2742667da2:g:2qIAAeSwNV1oMEEx,https://i.ebayimg.com/images/g/2qIAAeSwNV1oMEEx/s-l225.jpg
残件/按现状,75.0,Pentax IQZoom 140 35mm Film Camera 38-140mm Zoom Autofocus Untested,Pentax,Film Cameras,Used,30.0,USD,"FIXED_PRICE,BEST_OFFER",11,1600,as-is;underpriced(med 150),US,png1976,100.0,2026-08-17T01:51:53.000Z,,https://www.ebay.com/itm/178414991535?hash=item298a5cb8af:g:xGsAAeSw~bxqgmgK,https://i.ebayimg.com/images/g/xGsAAeSw~bxqgmgK/s-l225.jpg
残件/按现状,75.0,Nikon N80 Camera Parts,Nikon,Film Cameras,For parts or not working,30.0,USD,"FIXED_PRICE,BEST_OFFER",8,1113,underpriced(med 259),US,boyerbrothers,99.5,2026-08-16T22:44:28.000Z,,https://www.ebay.com/itm/227478803074?hash=item34f6cb1282:g:l-EAAeSwJgVqgjzy,https://i.ebayimg.com/images/g/l-EAAeSwJgVqgjzy/s-l225.jpg
残件/按现状,75.0,Ricoh 126C-Flex TLS SLR 35mm Analog SLR Camera Body (Rikenon 55mm 1:2.8) Defekt,Ricoh,Film Cameras,For parts or not working,31.8,USD,"FIXED_PRICE,BEST_OFFER",3,1203,55mm;underpriced(med 110),DE,easybuyshop,99.9,2026-08-17T11:41:24.000Z,,https://www.ebay.com/itm/820013863205?hash=itembeeca29125:g:zOsAAeSwQQxqgpLL,https://i.ebayimg.com/images/g/zOsAAeSwQQxqgpLL/s-l225.jpg
残件/按现状,75.0,Yashica TL Electro X Camera with Auto-Yashinon DX 50mm Untested,Yashica,Film Cameras,For parts or not working,32.0,USD,"FIXED_PRICE,BEST_OFFER",11,1600,as-is;underpriced(med 130),US,spotforprez,100.0,2026-08-16T17:57:04.000Z,,https://www.ebay.com/itm/257684375590?hash=item3bff2f8826:g:0RUAAeSwYlFqZ4xA,https://i.ebayimg.com/images/g/0RUAAeSwYlFqZ4xA/s-l225.jpg
型号不明,75.0,🎦👀✨Unused✨ Nikon Auto Extension Ring PK-11A For Ai Nikkor From JAPAN,Nikon,Lenses,Used,32.99,USD,FIXED_PRICE,10,1297,mount:nikon f;underpriced(med 240),JP,positive_star_camera,99.9,2026-08-16T14:02:34.000Z,,https://www.ebay.com/itm/407148915207?hash=item5ecbf76a07:g:05UAAeSwwilp4kNn,https://i.ebayimg.com/images/g/05UAAeSwwilp4kNn/s-l225.jpg
残件/按现状,75.0,Minolta Maxxum 3000i 35mm Camera with Sigma Zoom Master Lens 35-70mm *Untested*,Minolta,Film Cameras,Used,33.96,USD,"FIXED_PRICE,BEST_OFFER",8,1600,as-is;underpriced(med 100),US,egore156,100.0,2026-08-16T14:09:09.000Z,,https://www.ebay.com/itm/278286336189?hash=item40cb2880bd:g:03YAAeSwNINpGk3D,https://i.ebayimg.com/images/g/03YAAeSwNINpGk3D/s-l225.jpg
残件/按现状,75.0,MINOLTA AUTOPAK 470 Camera With POCKET FLASH 110 *UNTESTED,Minolta,Film Cameras,Used,33.99,USD,"FIXED_PRICE,BEST_OFFER",1,1574,as-is;underpriced(med 100),US,jringo2000,100.0,2026-08-17T05:28:43.000Z,,https://www.ebay.com/itm/307130836526?hash=item47826ca62e:g:i1EAAeSwXyBqgps~,https://i.ebayimg.com/images/g/i1EAAeSwXyBqgps~/s-l225.jpg
残件/按现状,75.0,1984 Olympic Los Angeles Canon Snappy Point & Shoot Compact Camera Untested,Canon,Film Cameras,Used,34.99,USD,"FIXED_PRICE,BEST_OFFER",5,1600,as-is;underpriced(med 161),US,timelessantiquesandcollectibles,99.4,2026-08-16T14:51:14.000Z,,https://www.ebay.com/itm/178413260694?hash=item298a424f96:g:~UwAAeSwseNqfVAa,https://i.ebayimg.com/images/g/~UwAAeSwseNqfVAa/s-l225.jpg
残件/按现状,75.0,Nikon Em Black Manual Focus 35mm SLR Film Camera with Strap and Case Untested,Nikon,Film Cameras,For parts or not working,34.99,USD,FIXED_PRICE,5,1600,as-is;underpriced(med 259),US,pickerhawk,98.7,2026-08-16T14:40:49.000Z,,https://www.ebay.com/itm/820009917726?hash=itembeec665d1e:g:OjQAAeSwgsZqgcsu,https://i.ebayimg.com/images/g/OjQAAeSwgsZqgcsu/s-l225.jpg
残件/按现状;打包杂件,75.0,Vintage 35mm Film Camera Lot: Olympus SuperZoom 3000 & Kodak S900 Tele + Bag,Olympus,Film Cameras,For parts or not working,35.0,USD,"FIXED_PRICE,BEST_OFFER",21,1599,underpriced(med 160),US,itemsanew,100.0,2026-08-17T11:39:07.000Z,,https://www.ebay.com/itm/407150950294?hash=item5ecc167796:g:TAcAAeSwW25pbAZi,https://i.ebayimg.com/images/g/TAcAAeSwW25pbAZi/s-l225.jpg
残件/按现状,75.0,Vintage Nikon Pronea S Silver APS Film Camera - For Parts (Read Description),Nikon,Vintage Cameras,,35.0,USD,"FIXED_PRICE,BEST_OFFER",5,1600,as-is;underpriced(med 130),US,ledagee_0,100.0,2026-08-16T22:48:46.000Z,,https://www.ebay.com/itm/407149736528?hash=item5ecc03f250:g:aXAAAeSwbspqgj01,https://i.ebayimg.com/images/g/aXAAAeSwbspqgj01/s-l225.jpg
残件/按现状,75.0,Canon SureShot Auto Focus CAFS 35mm Film Camera Canon 38mm 1:2.8 - FOR PARTS,Canon,Film Cameras,For parts or not working,35.0,USD,"FIXED_PRICE,BEST_OFFER",11,1600,as-is;underpriced(med 161),US,flippy_mcflipperson,99.9,2026-08-16T17:26:33.000Z,,https://www.ebay.com/itm/278286811672?hash=item40cb2fc218:g:NO0AAOSwTgNifVhq,https://i.ebayimg.com/images/g/NO0AAOSwTgNifVhq/s-l225.jpg
残件/按现状,75.0,Vintage Canon Sure Shot ZOOM-S 35mm Point & Shoot Film Camera,Canon,Film Cameras,For parts or not working,35.0,USD,"FIXED_PRICE,BEST_OFFER",9,960,underpriced(med 161),US,savethatjunk,99.5,2026-08-16T15:43:07.000Z,,https://www.ebay.com/itm/147508832587?hash=item225836294b:g:tH4AAeSwVf1qgdom,https://i.ebayimg.com/images/g/tH4AAeSwVf1qgdom/s-l225.jpg
残件/按现状,75.0,Vintage Yashica L AF DX 35mm Film Camera Kyocera with Case and Strap,Yashica,Film Cameras,For parts or not working,35.0,USD,"FIXED_PRICE,BEST_OFFER",10,1600,underpriced(med 130),US,savethatjunk,99.5,2026-08-16T15:32:49.000Z,,https://www.ebay.com/itm/147508823836?hash=item225836071c:g:AIcAAeSwaRZqgddN,https://i.ebayimg.com/images/g/AIcAAeSwaRZqgddN/s-l225.jpg
残件/按现状,75.0,Minolta Maxxum 5 35mm SLR 28-280mm Lens Kit Parts/Repair - No Film Advance,Minolta,Film Cameras,Used,35.14,USD,"FIXED_PRICE,BEST_OFFER",10,1600,underpriced(med 100),US,estuarysupplycompany,99.2,2026-08-16T19:02:08.000Z,,https://www.ebay.com/itm/206496062967?hash=item30141fddf7:g:kGcAAeSw4~9pmGrE,https://i.ebayimg.com/images/g/kGcAAeSw4~9pmGrE/s-l225.jpg
残件/按现状,75.0,Nikon Action Touch camera Black 35mm 1:2.8 For Parts Only As Is,Nikon,Film Cameras,For parts or not working,37.61,USD,"FIXED_PRICE,BEST_OFFER",7,1600,as-is;underpriced(med 259),US,carochern-0,99.8,2026-08-16T22:16:59.000Z,,https://www.ebay.com/itm/237010546527?hash=item372eedef5f:g:k34AAOSwzqVnOoFA,https://i.ebayimg.com/images/g/k34AAOSwzqVnOoFA/s-l225.jpg
残件/按现状,75.0,Canon Sure Shot AF35M CAFS Black Point & Shoot 35mm Auto Focus Film Camera Japan,Canon,Film Cameras,For parts or not working,38.99,USD,"FIXED_PRICE,BEST_OFFER",14,1600,underpriced(med 160),US,mccoyflips,99.9,2026-08-16T06:16:09.000Z,,https://www.ebay.com/itm/318737469192?hash=item4a363bcf08:g:CxQAAeSwKWppamkW,https://i.ebayimg.com/images/g/CxQAAeSwKWppamkW/s-l225.jpg
残件/按现状,75.0,Canon EOS A2 35mm SLR Film Camera Body Parts Repair ON/OFF Dial Stuck,Canon,Film Cameras,For parts or not working,39.95,USD,"FIXED_PRICE,BEST_OFFER",19,1600,underpriced(med 161),US,vintagecollaborative,100.0,2026-08-17T05:14:27.000Z,,https://www.ebay.com/itm/237011144802?hash=item372ef71062:g:tW4AAeSwOLpqgpYY,https://i.ebayimg.com/images/g/tW4AAeSwOLpqgpYY/s-l225.jpg
残件/按现状,75.0,Canon Sure Shot 80 Tele 35mm Point and Shoot Film Camera PARTS/REPAIR,Canon,Film Cameras,For parts or not working,39.99,USD,FIXED_PRICE,7,1600,underpriced(med 161),US,flippingoodness,99.7,2026-08-17T03:13:31.000Z,,https://www.ebay.com/itm/158196545579?hash=item24d53fb82b:g:1c0AAeSwPTdqgnvX,https://i.ebayimg.com/images/g/1c0AAeSwPTdqgnvX/s-l225.jpg
打包杂件,75.0,Fujifilm Instax Mini 11 & Mini 9 Instant Film Camera Lot Tested 2 Pieces,Fujifilm,Film Cameras,Used,39.99,USD,FIXED_PRICE,7,1600,underpriced(med 120),US,goodwillsocalshop,99.7,2026-08-16T13:58:19.000Z,,https://www.ebay.com/itm/267759038105?hash=item3e57aeae99:g:FbgAAeSwIVVqeIfw,https://i.ebayimg.com/images/g/FbgAAeSwIVVqeIfw/s-l225.jpg
残件/按现状,75.0,FujiFilm Zoomdate 1300 Camera With Fujinon 28-130mm for parts or repair,Fujifilm,Film Cameras,Used,40.0,USD,"FIXED_PRICE,BEST_OFFER",3,1600,as-is;underpriced(med 124),US,kel_503278,98.1,2026-08-16T08:04:21.000Z,,https://www.ebay.com/itm/318737794903?hash=item4a3640c757:g:sSYAAeSw3lhqgW7U,https://i.ebayimg.com/images/g/sSYAAeSw3lhqgW7U/s-l225.jpg
残件/按现状;打包杂件,75.0,Lot of 3 Yashica TL-Electro & TL Super 35mm Film SLR Camera Body For Parts,Yashica,Film Cameras,For parts or not working,40.33,USD,FIXED_PRICE,17,1600,as-is;underpriced(med 130),US,secondhandshutterllc,99.9,2026-08-16T22:06:45.000Z,,https://www.ebay.com/itm/168618876708?hash=item274277df24:g:kfMAAeSwn2JqWVz5,https://i.ebayimg.com/images/g/kfMAAeSwn2JqWVz5/s-l225.jpg
打包杂件,75.0,Fujifilm Instax Mini 7+ Light Blue Instant Camera Bundle + 10 Film,Fujifilm,Film Cameras,Used,44.99,USD,FIXED_PRICE,5,1600,underpriced(med 120),US,unturned,99.5,2026-08-17T08:59:23.000Z,,https://www.ebay.com/itm/407150680915?hash=item5ecc125b53:g:wBAAAeSwiipqgs6f,https://i.ebayimg.com/images/g/wBAAAeSwiipqgs6f/s-l225.jpg
残件/按现状;打包杂件,75.0,Konica SLR Camera Body Lot Autoreflex T3 FT-1 Motor TC 35mm Film Parts Repair,Konica,Film Cameras,For parts or not working,48.41,USD,"FIXED_PRICE,BEST_OFFER",20,1600,underpriced(med 135),US,secondhandshutterllc,99.9,2026-08-16T22:10:43.000Z,,https://www.ebay.com/itm/168618889482?hash=item274278110a:g:gckAAeSwYelqWV3o,https://i.ebayimg.com/images/g/gckAAeSwYelqWV3o/s-l225.jpg
残件/按现状;打包杂件,75.0,"LOT OF 5 - 35mm SLR Film for parts LOT READ ( Nikon , canon pentax + more)",Nikon,Film Cameras,For parts or not working,49.0,USD,"FIXED_PRICE,BEST_OFFER",19,1600,as-is;underpriced(med 259),US,missingcord,100.0,2026-08-16T20:36:57.000Z,,https://www.ebay.com/itm/278287240003?hash=item40cb364b43:g:Ol4AAeSw~wdqgh2s,https://i.ebayimg.com/images/g/Ol4AAeSw~wdqgh2s/s-l225.jpg
残件/按现状,75.0,Ricoh XR-7 35mm SLR Film Camera Kit With Manual and Camera Bag Untested,Ricoh,Film Cameras,For parts or not working,49.0,USD,"FIXED_PRICE,BEST_OFFER",6,1600,as-is;underpriced(med 118),US,a2ndchancetreasure,99.7,2026-08-16T04:48:32.000Z,,https://www.ebay.com/itm/257683256217?hash=item3bff1e7399:g:Zc4AAeSwaJdqgTK7,https://i.ebayimg.com/images/g/Zc4AAeSwaJdqgTK7/s-l225.jpg
残件/按现状,75.0,Nikon One Touch Film Camera 35mm 1:2.8 Lens For Parts Or Repair As Is,Nikon,Film Cameras,For parts or not working,49.76,USD,FIXED_PRICE,9,1600,as-is;underpriced(med 259),US,sfg_sports,99.9,2026-08-17T04:48:20.000Z,,https://www.ebay.com/itm/820012652489?hash=itembeec9017c9:g:OkUAAOSwvJpim6sL,https://i.ebayimg.com/images/g/OkUAAOSwvJpim6sL/s-l225.jpg
残件/按现状,75.0,RICOH KR-30SP 35mm SLR W/ 50mm 2.0 LENS (1985) – EXCELLENT CONDITION – UNTESTED,Ricoh,Film Cameras,Used,49.95,USD,"FIXED_PRICE,BEST_OFFER",5,1600,as-is;underpriced(med 118),US,cosmicjon,100.0,2026-08-16T05:25:00.000Z,,https://www.ebay.com/itm/278285053772?hash=item40cb14ef4c:g:c8YAAeSwvFVqgUfj,https://i.ebayimg.com/images/g/c8YAAeSwvFVqgUfj/s-l225.jpg
残件/按现状,75.0,Canon EOS Rebel 2000 35mm SLR Film Camera with 28-80mm Lens Kit UNTESTED,Canon,Film Cameras,Used,49.99,USD,"FIXED_PRICE,BEST_OFFER",1,1599,as-is;underpriced(med 161),US,jodallenbac-0,100.0,2026-08-16T22:28:39.000Z,,https://www.ebay.com/itm/298593979768?hash=item4585968d78:g:j~gAAeSw5ctqgjku,https://i.ebayimg.com/images/g/j~gAAeSw5ctqgjku/s-l225.jpg
残件/按现状,75.0,"Nikon Action Touch 35mm AF Point & Shoot Film Camera w/38mm f/2.8, Black",Nikon,Film Cameras,For parts or not working,50.0,USD,"FIXED_PRICE,BEST_OFFER",6,1600,underpriced(med 259),US,kar_521151,100.0,2026-08-16T19:47:53.000Z,,https://www.ebay.com/itm/820010932869?hash=itembeec75da85:g:qXUAAeSwMyRqghPK,https://i.ebayimg.com/images/g/qXUAAeSwMyRqghPK/s-l225.jpg
残件/按现状,75.0,"Nikon Action Touch 35mm AF Point & Shoot Film Camera w/ Built-In Flash, Black",Nikon,Film Cameras,For parts or not working,50.0,USD,"FIXED_PRICE,BEST_OFFER",5,1363,underpriced(med 259),US,kar_521151,100.0,2026-08-16T19:43:46.000Z,,https://www.ebay.com/itm/820010928584?hash=itembeec75c9c8:g:QXwAAeSwbspqghKa,https://i.ebayimg.com/images/g/QXwAAeSwbspqghKa/s-l225.jpg
残件/按现状,75.0,Canon AF35M Autoboy 35mm Film Camera Black Point & Shoot,Canon,Film Cameras,For parts or not working,50.0,USD,"FIXED_PRICE,BEST_OFFER",2,1600,underpriced(med 161),US,emd7590,100.0,2026-08-16T16:22:24.000Z,,https://www.ebay.com/itm/398292710529?hash=item5cbc187481:g:XyEAAeSweEtqgeMz,https://i.ebayimg.com/images/g/XyEAAeSweEtqgeMz/s-l225.jpg
残件/按现状,75.0,smc PENTAX-F 80-200mm F4.7-5.6 AF [Junk] Shipped from Japan,Pentax,Lenses,Used,50.07,USD,FIXED_PRICE,5,1080,mount:pentax k;as-is;underpriced(med 176),JP,rinrin_29,100.0,2026-08-16T09:56:15.000Z,,https://www.ebay.com/itm/168617643091?hash=item2742650c53:g:IjoAAeSwndBqgYpt,https://i.ebayimg.com/images/g/IjoAAeSwndBqgYpt/s-l225.jpg
打包杂件,75.0,Fujifilm Instax Mini 7s Instant Camera Bundle (Lavender) Excellent Condition,Fujifilm,Film Cameras,Used,51.99,USD,"FIXED_PRICE,BEST_OFFER",10,1164,underpriced(med 124),US,dasresaletrove,99.3,2026-08-16T10:36:55.000Z,,https://www.ebay.com/itm/307129406597?hash=item478256d485:g:s68AAeSwTy5qUTx7,https://i.ebayimg.com/images/g/s68AAeSwTy5qUTx7/s-l225.jpg
残件/按现状;打包杂件,75.0,Pentax Slr ME SUPER Camera Gear Lot As Is For Parts,Pentax,Film Cameras,For parts or not working,52.0,USD,"FIXED_PRICE,BEST_OFFER",10,1600,as-is;underpriced(med 150),US,vintageowlshoppe,98.0,2026-08-16T15:24:03.000Z,,https://www.ebay.com/itm/267759100763?hash=item3e57afa35b:g:d9UAAeSwCYxqgdUz,https://i.ebayimg.com/images/g/d9UAAeSwCYxqgdUz/s-l225.jpg
打包杂件,75.0,Fujifilm instax mini SE Instant Camera + Film Bundle Purple,Fujifilm,Film Cameras,New,52.99,USD,FIXED_PRICE,8,1600,underpriced(med 120),US,pawnamerica,99.8,2026-08-17T02:10:51.000Z,,https://www.ebay.com/itm/237010861863?hash=item372ef2bf27:g:ie4AAeSwuKZqgm2m,https://i.ebayimg.com/images/g/ie4AAeSwuKZqgm2m/s-l225.jpg
残件/按现状,75.0,Nikon N6006 F601 AF SLR Film Camera Body Only Made In Japan Vintage Untested,Nikon,Vintage Cameras,,54.95,USD,"FIXED_PRICE,BEST_OFFER",3,1532,as-is;underpriced(med 130),US,jhpdeec,100.0,2026-08-16T21:04:00.000Z,,https://www.ebay.com/itm/257683985011?hash=item3bff299273:g:uq8AAOSw465iROT8,https://i.ebayimg.com/images/g/uq8AAOSw465iROT8/s-l225.jpg
型号不明,75.0,Canon Extender FD 2x-A Teleconverter Converter Lens FD Mount Manual Focus Japan,Canon,Lenses,Used,54.99,USD,FIXED_PRICE,13,1024,mount:canon fd;underpriced(med 300),JP,osaka-camera,100.0,2026-08-17T01:31:36.000Z,,https://www.ebay.com/itm/800520789401?hash=itemba62c1dd99:g:pVYAAeSwvtpqKXAS,https://i.ebayimg.com/images/g/pVYAAeSwvtpqKXAS/s-l225.jpg
残件/按现状,75.0,Canon FT 35mm SLR Film Camera Silver With Lens As Is Untested,Canon,Film Cameras,For parts or not working,59.99,USD,FIXED_PRICE,3,1599,as-is;underpriced(med 161),US,electrik_entertainment,99.4,2026-08-16T14:10:28.000Z,,https://www.ebay.com/itm/278286352810?hash=item40cb28c1aa:g:ihAAAeSweEtqgcS-,https://i.ebayimg.com/images/g/ihAAAeSweEtqgcS-/s-l225.jpg
残件/按现状,75.0,Nikon N80 35mm SLR Film Camera Body Untested,Nikon,Film Cameras,Used,60.0,USD,"FIXED_PRICE,BEST_OFFER",7,1600,as-is;underpriced(med 259),US,rv_retro,100.0,2026-08-16T16:13:09.000Z,,https://www.ebay.com/itm/820010181736?hash=itembeec6a6468:g:5K8AAeSwR-FqgeEm,https://i.ebayimg.com/images/g/5K8AAeSwR-FqgeEm/s-l225.jpg
型号不明,75.0,Carl Zeiss Jena Triotar red T 13.5cm f/4 M42 Manual Focus Prime Lens,Zeiss,Lenses,Used,75.0,USD,FIXED_PRICE,9,1600,mount:m42;underpriced(med 521),US,vegas112307,99.7,2026-08-16T18:54:40.000Z,,https://www.ebay.com/itm/307130174853?hash=item4782628d85:g:AXoAAeSwC-Fqggcm,https://i.ebayimg.com/images/g/AXoAAeSwC-Fqggcm/s-l225.jpg
残件/按现状,75.0,Nikon N80 F80 35mm SLR Film Camera w/ AF Nikkor 28-80mm Lens - Untested,Nikon,Film Cameras,Used,89.0,USD,"FIXED_PRICE,BEST_OFFER",14,1600,mount:nikon f;as-is;underpriced(med 259),US,pawnshopsteve406,99.6,2026-08-16T16:30:01.000Z,,https://www.ebay.com/itm/407106509711?hash=item5ec9705b8f:g:KKoAAeSwINxqajWq,https://i.ebayimg.com/images/g/KKoAAeSwINxqajWq/s-l225.jpg
残件/按现状,75.0,Nikon FE 35mm Film SLR Camera + Tamron 28-70mm f/3.5-4.5 Macro Lens - Repair,Nikon,Film Cameras,For parts or not working,89.99,USD,"FIXED_PRICE,BEST_OFFER",3,1600,mount:sony e;underpriced(med 259),US,vintage_cameras_23,100.0,2026-08-16T21:04:28.000Z,,https://www.ebay.com/itm/237010465812?hash=item372eecb414:g:kqQAAeSwn~xqgiXE,https://i.ebayimg.com/images/g/kqQAAeSwn~xqgiXE/s-l225.jpg
残件/按现状,74.0,Canon EF-S 18-55mm f/3.5-5.6 IS II Zoom Lens 58mm FOR PARTS,Canon,Lenses,For parts or not working,34.99,USD,FIXED_PRICE,7,1600,mount:canon ef;55mm;as-is;underpriced(med 300),US,tech_revived,99.9,2026-08-16T16:08:48.000Z,,https://www.ebay.com/itm/800518648201?hash=itemba62a13189:g:slMAAeSwn~xqe7PK,https://i.ebayimg.com/images/g/slMAAeSwn~xqe7PK/s-l225.jpg
残件/按现状,74.0,Nikon AF NIKKOR 55mm f/2.8 Micro Autofocus Lens {62} for PARTS or REPAIR,Nikon,Lenses,For parts or not working,57.99,USD,FIXED_PRICE,3,1600,mount:nikon f;55mm;as-is;underpriced(med 240),US,thecameraoutlet,99.8,2026-08-16T21:36:14.000Z,,https://www.ebay.com/itm/298593897071?hash=item4585954a6f:g:wf4AAeSwYJRo0tIn,https://i.ebayimg.com/images/g/wf4AAeSwYJRo0tIn/s-l225.jpg
残件/按现状,74.0,Carl Zeiss Jena Tessar 2.8cm f/8 28mm Contax RF 1936 Chrome - FOR PARTS/REPAIR,Zeiss,Film Cameras,For parts or not working,300.0,USD,"FIXED_PRICE,BEST_OFFER",14,1600,grail:Tessar;mount:canon rf;as-is,US,wturner9,100.0,2026-08-17T04:20:44.000Z,,https://www.ebay.com/itm/278288219318?hash=item40cb453cb6:g:VYEAAeSw1~Nqgom-,https://i.ebayimg.com/images/g/VYEAAeSw1~Nqgom-/s-l225.jpg
残件/按现状,73.0,【AS IS】 Olympus 35 DC 40mm F1.7 FromJapan #am9458,Olympus,Film Cameras,For parts or not working,64.64,USD,FIXED_PRICE,4,1196,as-is;underpriced(med 160),JP,somtom_9,99.3,2026-08-17T02:15:05.000Z,,https://www.ebay.com/itm/188804355632?hash=item2bf59dd630:g:9N8AAeSwm6tqgm-a,https://i.ebayimg.com/images/g/9N8AAeSwm6tqgm-a/s-l225.jpg
型号不明,73.0,[Almost MINT] Olympus Teleconverter 2x-A From JAPAN,Olympus,Lenses,Used,65.0,USD,FIXED_PRICE,23,1600,good-cond;underpriced(med 215),JP,ichi_camera_jp,100.0,2026-08-16T18:22:06.000Z,,https://www.ebay.com/itm/820010705747?hash=itembeec726353:g:YHUAAeSwAuVqggCH,https://i.ebayimg.com/images/g/YHUAAeSwAuVqggCH/s-l225.jpg
残件/按现状,73.0,【AS IS】 PENTAX K2 FromJapan #am9439,Pentax,Film Cameras,For parts or not working,65.28,USD,FIXED_PRICE,4,1196,as-is;underpriced(med 150),JP,somtom_9,99.3,2026-08-17T02:14:34.000Z,,https://www.ebay.com/itm/188804355241?hash=item2bf59dd4a9:g:1l8AAeSw2RBqgm9B,https://i.ebayimg.com/images/g/1l8AAeSw2RBqgm9B/s-l225.jpg
型号不明,73.0,Canon LENS SE Working,Canon,Film Cameras,Used,72.22,USD,FIXED_PRICE,5,720,underpriced(med 161),JP,tukemai,100.0,2026-08-16T15:33:45.000Z,,https://www.ebay.com/itm/407149038808?hash=item5ecbf94cd8:g:3IcAAeSwDjZqgdkR,https://i.ebayimg.com/images/g/3IcAAeSwDjZqgdkR/s-l225.jpg
打包杂件,73.0,"Nikon Nikormat Camera With 2 Lenses & Filters, Lot 430",Nikon,Film Cameras,Used,90.99,USD,"FIXED_PRICE,AUCTION",8,1600,underpriced(med 259);auction,US,toys4steve1,99.8,2026-08-17T00:00:01.000Z,2026-08-24T00:00:01.000Z,https://www.ebay.com/itm/800509894023?hash=itemba621b9d87:g:RfUAAeSwrKZqf8Cp,https://i.ebayimg.com/images/g/RfUAAeSwrKZqf8Cp/s-l225.jpg
残件/按现状,73.0,【AS IS】 Nikon F80 FromJapan #am9445,Nikon,Film Cameras,For parts or not working,95.13,USD,FIXED_PRICE,4,1196,as-is;underpriced(med 259),JP,somtom_9,99.3,2026-08-17T02:14:46.000Z,,https://www.ebay.com/itm/188804355457?hash=item2bf59dd581:g:UcgAAeSwUrdqgm8U,https://i.ebayimg.com/images/g/UcgAAeSwUrdqgm8U/s-l225.jpg
残件/按现状,73.0,【AS IS】 Nikon F80 FromJapan #am9443,Nikon,Film Cameras,For parts or not working,95.13,USD,FIXED_PRICE,4,1196,as-is;underpriced(med 259),JP,somtom_9,99.3,2026-08-17T02:14:42.000Z,,https://www.ebay.com/itm/188804355360?hash=item2bf59dd520:g:uj0AAeSwjZxqgm8K,https://i.ebayimg.com/images/g/uj0AAeSwjZxqgm8K/s-l225.jpg
残件/按现状,73.0,Canon Canonet QL17 Silver 35mm Rangefinder Camera 40mm F1.7 Lens Untested AS-IS,Canon,Film Cameras,Used,137.24,USD,FIXED_PRICE,2,1200,grail:Canonet;as-is,JP,hiro165r,99.2,2026-08-16T13:09:39.000Z,,https://www.ebay.com/itm/237009703920?hash=item372ee113f0:g:fq8AAeSwvnpqgbfA,https://i.ebayimg.com/images/g/fq8AAeSwvnpqgbfA/s-l225.jpg
残件/按现状,73.0,RARE Mamiya U Auto Focus point & shoot camera Sekor 35mm F2.8 broken door latch,Mamiya,Film Cameras,For parts or not working,175.0,USD,"FIXED_PRICE,BEST_OFFER",19,1600,as-is;underpriced(med 450),US,phil_1231,98.4,2026-08-16T18:36:41.000Z,,https://www.ebay.com/itm/227478597904?hash=item34f6c7f110:g:RMEAAOSw5rpj~d1A,https://i.ebayimg.com/images/g/RMEAAOSw5rpj~d1A/s-l225.jpg
图片过小,73.0,[Near MINT] Mamiya M645 Waist Level Finder Medium Format Film Camera Body JAPAN,Mamiya,Film Cameras,Used,272.99,USD,"FIXED_PRICE,BEST_OFFER",11,500,good-cond,JP,w.a.t.k.r.japan.camera,100.0,2026-08-16T14:15:40.000Z,,https://www.ebay.com/itm/377422982149?hash=item57e029ac05:g:zIMAAeSwNSNqgb6s,https://i.ebayimg.com/images/g/zIMAAeSwNSNqgb6s/s-l225.jpg
残件/按现状,73.0,Linhof Super Technika III 4×5 Camera Only - For Parts or Repair - USA Seller,Linhof,Film Cameras,For parts or not working,399.99,USD,"FIXED_PRICE,BEST_OFFER",17,1600,as-is;underpriced(med 1312),US,rick2726,99.3,2026-08-16T18:44:50.000Z,,https://www.ebay.com/itm/307130166600?hash=item4782626d48:g:8KkAAeSwPoZqggRb,https://i.ebayimg.com/images/g/8KkAAeSwPoZqggRb/s-l225.jpg
残件/按现状,72.0,Fujifilm Zoom 90S Defect Silver Point-and-Shoot 35mm Analog Camera,Fujifilm,Film Cameras,For parts or not working,25.43,USD,"FIXED_PRICE,BEST_OFFER",3,1223,underpriced(med 120),DE,easybuyshop,99.9,2026-08-17T11:41:29.000Z,,https://www.ebay.com/itm/318743483250?hash=item4a36979372:g:5q0AAeSwaHVqgt-8,https://i.ebayimg.com/images/g/5q0AAeSwaHVqgt-8/s-l225.jpg
残件/按现状,72.0,EasyBuy Konica Z-Up 70 VP Point&Shoot 35-70mm Compact Analog Camera,Konica,Film Cameras,For parts or not working,25.43,USD,"FIXED_PRICE,BEST_OFFER",3,1343,underpriced(med 135),DE,easybuyshop,99.9,2026-08-17T11:41:25.000Z,,https://www.ebay.com/itm/820013863315?hash=itembeeca29193:g:JNwAAeSwQKZqguNE,https://i.ebayimg.com/images/g/JNwAAeSwQKZqguNE/s-l225.jpg
残件/按现状,72.0,Minolta AF Zoom 65 Point & Shoot With Minolta Zoom Lens 38-65Mm Film Camera,Minolta,Film Cameras,For parts or not working,25.43,USD,"FIXED_PRICE,BEST_OFFER",3,1207,underpriced(med 100),DE,easybuyshop,99.9,2026-08-17T11:41:24.000Z,,https://www.ebay.com/itm/318743482975?hash=item4a3697925f:g:J2gAAeSw9XJqgsNV,https://i.ebayimg.com/images/g/J2gAAeSw9XJqgsNV/s-l225.jpg
残件/按现状,72.0,Canon Prima Zoom 76 Caption 35mm Point&Shoot Defect 38-76mm 1:3.8-7.8 AiAF,Canon,Film Cameras,For parts or not working,25.43,USD,"FIXED_PRICE,BEST_OFFER",3,1157,underpriced(med 161),DE,easybuyshop,99.9,2026-08-17T11:41:24.000Z,,https://www.ebay.com/itm/318743482986?hash=item4a3697926a:g:HYUAAeSw6xpqgs8A,https://i.ebayimg.com/images/g/HYUAAeSw6xpqgs8A/s-l225.jpg
残件/按现状,72.0,Canon Snappy 50 Defect Point-and-Shoot 35mm 1:3.5 Compact Film Camera Black,Canon,Film Cameras,For parts or not working,25.43,USD,"FIXED_PRICE,BEST_OFFER",3,1369,underpriced(med 161),DE,easybuyshop,99.9,2026-08-17T11:41:24.000Z,,https://www.ebay.com/itm/318743483019?hash=item4a3697928b:g:OagAAeSwTgpqgudO,https://i.ebayimg.com/images/g/OagAAeSwTgpqgudO/s-l225.jpg
残件/按现状,72.0,Pentax Espio AF Zoom Point & Shoot With 35-70Mm Full Macro Film Camera,Pentax,Film Cameras,For parts or not working,25.43,USD,"FIXED_PRICE,BEST_OFFER",3,1466,underpriced(med 150),DE,easybuyshop,99.9,2026-08-17T11:41:24.000Z,,https://www.ebay.com/itm/820013863266?hash=itembeeca29162:g:kLUAAeSwYtNqgt96,https://i.ebayimg.com/images/g/kLUAAeSwYtNqgt96/s-l225.jpg
残件/按现状,72.0,EasyBuy Minolta AF-Big Finder Defect Point&Shoot Analog 35mm Camera Grey,Minolta,Film Cameras,For parts or not working,25.43,USD,"FIXED_PRICE,BEST_OFFER",3,1167,underpriced(med 100),DE,easybuyshop,99.9,2026-08-17T11:41:23.000Z,,https://www.ebay.com/itm/820013862936?hash=itembeeca29018:g:wcYAAeSwz0Jqgr6y,https://i.ebayimg.com/images/g/wcYAAeSwz0Jqgr6y/s-l225.jpg
残件/按现状,72.0,Carl Zeiss Jena Q1 Biotar 25mm f/2 Pentaka 8 Manual Focus Lens (Fog),Zeiss,Lenses,For parts or not working,25.43,USD,"FIXED_PRICE,BEST_OFFER",4,1600,underpriced(med 521),DE,easybuyshop,99.9,2026-08-16T23:01:52.000Z,,https://www.ebay.com/itm/318740695717?hash=item4a366d0aa5:g:57EAAeSwSOpqgi9v,https://i.ebayimg.com/images/g/57EAAeSwSOpqgi9v/s-l225.jpg
残件/按现状,72.0,Pentax P30T SLR 35mm Reflex Camera Analogue Body Housing (Pentax K-Af ),Pentax,Film Cameras,For parts or not working,25.43,USD,"FIXED_PRICE,BEST_OFFER",3,1600,underpriced(med 150),DE,easybuyshop,99.9,2026-08-16T17:02:39.000Z,,https://www.ebay.com/itm/820010450339?hash=itembeec6e7da3:g:I5oAAeSwCQJqgciA,https://i.ebayimg.com/images/g/I5oAAeSwCQJqgciA/s-l225.jpg
残件/按现状,72.0,Yashica 300AF SLR 35mm Analog SLR Camera Body Housing (Yashica AF) Defective,Yashica,Film Cameras,For parts or not working,25.43,USD,"FIXED_PRICE,BEST_OFFER",3,1600,as-is;underpriced(med 130),DE,easybuyshop,99.9,2026-08-16T17:01:41.000Z,,https://www.ebay.com/itm/318739578886?hash=item4a365c0006:g:HvIAAeSwvnpqgciO,https://i.ebayimg.com/images/g/HvIAAeSwvnpqgciO/s-l225.jpg
残件/按现状,72.0,Yashica 200 AF SLR 35mm Analog Black Defective SLR Camera Body (Yashica AF),Yashica,Film Cameras,For parts or not working,25.43,USD,"FIXED_PRICE,BEST_OFFER",3,1600,as-is;underpriced(med 130),DE,easybuyshop,99.9,2026-08-16T17:01:40.000Z,,https://www.ebay.com/itm/820010446394?hash=itembeec6e6e3a:g:WyEAAeSwVnNqgcic,https://i.ebayimg.com/images/g/WyEAAeSwVnNqgcic/s-l225.jpg
残件/按现状,72.0,Pentax Super Program 35mm Film Camera Body (For Parts OR Repair),Pentax,Film Cameras,For parts or not working,26.12,USD,FIXED_PRICE,4,1077,as-is;underpriced(med 155),CA,artisanalleyca,100.0,2026-08-16T04:44:26.000Z,,https://www.ebay.com/itm/820008268545?hash=itembeec4d3301:g:zRMAAeSwU69pl6J7,https://i.ebayimg.com/images/g/zRMAAeSwU69pl6J7/s-l225.jpg
残件/按现状,72.0,Canon Super Shot Supreme Defect Point&Shoot 38mm f/2.8 35mm Compact Camera Black,Canon,Film Cameras,For parts or not working,29.25,USD,"FIXED_PRICE,BEST_OFFER",3,1600,underpriced(med 161),DE,easybuyshop,99.9,2026-08-17T11:41:25.000Z,,https://www.ebay.com/itm/820013863283?hash=itembeeca29173:g:2oMAAeSw2npqgt77,https://i.ebayimg.com/images/g/2oMAAeSw2npqgt77/s-l225.jpg
残件/按现状,72.0,Canon Sure Shot AF-7 Defect Point&Shoot 35mm 1:4.5 AF Compact Film Camera,Canon,Film Cameras,For parts or not working,31.8,USD,"FIXED_PRICE,BEST_OFFER",3,1304,underpriced(med 161),DE,easybuyshop,99.9,2026-08-17T11:41:24.000Z,,https://www.ebay.com/itm/820013863208?hash=itembeeca29128:g:n9wAAeSw2DJqgr6g,https://i.ebayimg.com/images/g/n9wAAeSw2DJqgr6g/s-l225.jpg
残件/按现状,72.0,RICOH XR-2 SLR 35mm Analog Spiegelreflex Camera Body (Pentax K) Black Defekt,Ricoh,Film Cameras,For parts or not working,31.8,USD,"FIXED_PRICE,BEST_OFFER",3,1137,underpriced(med 110),DE,easybuyshop,99.9,2026-08-17T11:41:21.000Z,,https://www.ebay.com/itm/318743482753?hash=item4a36979181:g:gewAAeSwFh9qgqNK,https://i.ebayimg.com/images/g/gewAAeSwFh9qgqNK/s-l225.jpg
残件/按现状,72.0,Minolta 7000 AF SLR 35Mm SLR Analog Body (Minolta AF/Sony A),Minolta,Film Cameras,For parts or not working,31.8,USD,"FIXED_PRICE,BEST_OFFER",3,1600,underpriced(med 100),DE,easybuyshop,99.9,2026-08-16T23:00:57.000Z,,https://www.ebay.com/itm/820011490893?hash=itembeec7e5e4d:g:bcsAAeSwwyJqgfSE,https://i.ebayimg.com/images/g/bcsAAeSwwyJqgfSE/s-l225.jpg
残件/按现状,72.0,"Yashica FX-D Quartz 35mm SLR Analog Camera Body, Black (Yashica/Contax)",Yashica,Film Cameras,For parts or not working,31.8,USD,"FIXED_PRICE,BEST_OFFER",3,1600,underpriced(med 133),DE,easybuyshop,99.9,2026-08-16T05:29:15.000Z,,https://www.ebay.com/itm/820008368195?hash=itembeec4eb843:g:t6MAAeSwg3NqgSdm,https://i.ebayimg.com/images/g/t6MAAeSwg3NqgSdm/s-l225.jpg
残件/按现状,72.0,Yashica FX-103 Program SLR 35Mm Analog Camera Body,Yashica,Film Cameras,For parts or not working,38.16,USD,"FIXED_PRICE,BEST_OFFER",3,1600,underpriced(med 130),DE,easybuyshop,99.9,2026-08-17T11:41:26.000Z,,https://www.ebay.com/itm/820013863380?hash=itembeeca291d4:g:ffUAAeSwxkhqgpxk,https://i.ebayimg.com/images/g/ffUAAeSwxkhqgpxk/s-l225.jpg
残件/按现状,72.0,Canon EX EE QL SLR 35mm Analog Defective Mirrorless Camera Body 50mm 1:1.8,Canon,Film Cameras,For parts or not working,38.16,USD,"FIXED_PRICE,BEST_OFFER",3,1230,as-is;underpriced(med 161),DE,easybuyshop,99.9,2026-08-17T11:41:22.000Z,,https://www.ebay.com/itm/318743482864?hash=item4a369791f0:g:j4kAAeSwSUlqgqQ4,https://i.ebayimg.com/images/g/j4kAAeSwSUlqgqQ4/s-l225.jpg
残件/按现状,72.0,Ricoh FF-3AF Super With Rikenon 3.2/35Mm Film Camera AF Autofocus,Ricoh,Film Cameras,For parts or not working,38.16,USD,"FIXED_PRICE,BEST_OFFER",3,1600,underpriced(med 110),DE,easybuyshop,99.9,2026-08-16T17:01:35.000Z,,https://www.ebay.com/itm/820010446056?hash=itembeec6e6ce8:g:7pMAAeSw6glqgasJ,https://i.ebayimg.com/images/g/7pMAAeSw6glqgasJ/s-l225.jpg
残件/按现状,72.0,Olympus Trip 100! Blitz Defective! Compact Camera Point & Shoot Analogue Af,Olympus,Film Cameras,Used,38.16,USD,FIXED_PRICE,3,1600,as-is;underpriced(med 160),DE,easybuyshop,99.9,2026-08-16T05:29:14.000Z,,https://www.ebay.com/itm/820008368165?hash=itembeec4eb825:g:mzUAAeSwyRFqgSGo,https://i.ebayimg.com/images/g/mzUAAeSwyRFqgSGo/s-l225.jpg
残件/按现状,72.0,Minolta Dynax 800si SLR 35mm Analog Camera Body (Minolta AF/Sony A) Black,Minolta,Film Cameras,For parts or not working,44.52,USD,"FIXED_PRICE,BEST_OFFER",3,1600,underpriced(med 100),DE,easybuyshop,99.9,2026-08-16T17:00:38.000Z,,https://www.ebay.com/itm/820010442339?hash=itembeec6e5e63:g:tOUAAeSwO2lqgcj8,https://i.ebayimg.com/images/g/tOUAAeSwO2lqgcj8/s-l225.jpg
型号不明,72.0,Leitz 8.5Cm 1:2.5 Projector Lens Hektor Camera Lens (Threaded Mount),Leitz,Lenses,Used,50.89,USD,"FIXED_PRICE,BEST_OFFER",4,1600,underpriced(med 726),DE,easybuyshop,99.9,2026-08-16T12:38:57.000Z,,https://www.ebay.com/itm/820009543712?hash=itembeec60a820:g:92wAAeSww5NqgU8F,https://i.ebayimg.com/images/g/92wAAeSww5NqgU8F/s-l225.jpg
残件/按现状,72.0,Canon EOS 10s Defective Black 35mm SLR 35mm Analog Camera Body (Canon EF),Canon,Film Cameras,For parts or not working,63.6,USD,"FIXED_PRICE,BEST_OFFER",3,1600,mount:canon ef;as-is;underpriced(med 161),DE,easybuyshop,99.9,2026-08-16T17:00:39.000Z,,https://www.ebay.com/itm/318739577206?hash=item4a365bf976:g:Ne8AAeSwB7tqgcjf,https://i.ebayimg.com/images/g/Ne8AAeSwB7tqgcjf/s-l225.jpg
残件/按现状,72.0,Canon A-1 35mm SLR Untested Camera,Canon,Film Cameras,Used,89.99,USD,"FIXED_PRICE,BEST_OFFER",5,1600,grail:Canon A-1;as-is,US,zaka_vintage,99.8,2026-08-17T05:27:52.000Z,,https://www.ebay.com/itm/377424916082?hash=item57e0472e72:g:ZycAAeSwo8JqgpuV,https://i.ebayimg.com/images/g/ZycAAeSwo8JqgpuV/s-l225.jpg
型号不明,72.0,KMZ Jupiter-11 13.5Cm 1:4 Lens Red P In OVP Fixed Focal Length (Contax RF),Contax,Lenses,Used,101.77,USD,"FIXED_PRICE,BEST_OFFER",4,1600,mount:canon rf;underpriced(med 322),DE,easybuyshop,99.9,2026-08-16T05:26:46.000Z,,https://www.ebay.com/itm/820008361336?hash=itembeec4e9d78:g:6RwAAeSw4PZqgTEC,https://i.ebayimg.com/images/g/6RwAAeSw4PZqgTEC/s-l225.jpg
残件/按现状,72.0,Nikon Nikonos IV-A Underwater Film Camera 35mm f2.5 Black [Read Description],Nikon,Film Cameras,Used,118.75,USD,"FIXED_PRICE,BEST_OFFER",7,1599,grail:Nikonos,US,joemax18,99.9,2026-08-16T15:42:34.000Z,,https://www.ebay.com/itm/398292630042?hash=item5cbc173a1a:g:DLYAAeSwvqJqX7O~,https://i.ebayimg.com/images/g/DLYAAeSwvqJqX7O~/s-l225.jpg
残件/按现状,72.0,Nikon Black FE2 35mm Film Camera Untested With Lens And Strap,Nikon,Film Cameras,Used,149.99,USD,"FIXED_PRICE,BEST_OFFER",12,1600,grail:FE2;as-is,US,dusksale,100.0,2026-08-16T17:16:54.000Z,,https://www.ebay.com/itm/820010507103?hash=itembeec6f5b5f:g:BigAAeSwBCJqge3p,https://i.ebayimg.com/images/g/BigAAeSwBCJqge3p/s-l225.jpg
无图,72.0,[EXC+] Canon AE-1 Black Body 35mm SLR Film Camera Tested From Japan,Canon,Film Cameras,Used,160.42,USD,"FIXED_PRICE,BEST_OFFER",0,0,grail:AE-1;good-cond,JP,yama-4448,100.0,2026-08-16T11:25:19.000Z,,https://www.ebay.com/itm/318738471467?hash=item4a364b1a2b:i:318738471467,
查无市价,72.0,Bronica Zoom Zenzanon-E Variogon 125-250mm F/5.6 For ETRS [Exc+] #12126,Bronica,Lenses,Used,209.0,USD,FIXED_PRICE,8,768,grail:Bronica Zoom;good-cond,JP,camera-honpo,99.5,2026-08-16T11:57:17.000Z,,https://www.ebay.com/itm/336745303929?hash=item4e67958f79:g:QvcAAeSwPbVpCT0-,https://i.ebayimg.com/images/g/QvcAAeSwPbVpCT0-/s-l225.jpg
型号不明,72.0,[Optical Near MINT] Pentax 6x7 Medium Format Film Camera Body Only From JAPAN,Pentax,Film Cameras,Used,238.99,USD,FIXED_PRICE,23,870,grail:6x7;good-cond,JP,yakochan8,100.0,2026-08-16T14:39:54.000Z,,https://www.ebay.com/itm/227478352875?hash=item34f6c433eb:g:TUEAAeSwyudqgcyr,https://i.ebayimg.com/images/g/TUEAAeSwyudqgcyr/s-l225.jpg
型号不明,72.0,[ TOP MINT w/ A16 Flash + Case ] Olympus XA Rangefinder Film Camera From JAPAN,Olympus,Film Cameras,Used,279.99,USD,FIXED_PRICE,14,1600,grail:Olympus XA;good-cond,JP,ohana_camera_tokyo,99.6,2026-08-17T07:28:28.000Z,,https://www.ebay.com/itm/198576820424?hash=item2e3c19d0c8:g:YOgAAeSw9OVqgriW,https://i.ebayimg.com/images/g/YOgAAeSw9OVqgriW/s-l225.jpg
查无市价,72.0,🍙Exc+8🍙 Pentax Auto 110 Maroon SLR Film Camera 20-40mm Lens from Japan,Pentax,Film Cameras,Used,299.99,USD,FIXED_PRICE,20,1600,grail:Auto 110;good-cond,JP,nokik_0,99.4,2026-08-16T07:34:18.000Z,,https://www.ebay.com/itm/188800463225?hash=item2bf5627179:g:1xQAAeSwiLRphdmj,https://i.ebayimg.com/images/g/1xQAAeSwiLRphdmj/s-l225.jpg
查无市价,72.0,⏯️ [NEAR MINT w/ Crank] Mamiya 645 Pro Body FE401 AE Finder 55-110mm Lens JAPAN,Mamiya,Film Cameras,Used,599.99,USD,"FIXED_PRICE,BEST_OFFER",23,1068,grail:645;good-cond,JP,tomooka_49,99.8,2026-08-16T22:52:02.000Z,,https://www.ebay.com/itm/158195939188?hash=item24d5367774:g:c7kAAeSw~F1qBPwH,https://i.ebayimg.com/images/g/c7kAAeSw~F1qBPwH/s-l225.jpg
查无市价,72.0,[N MINT] Bronica SQ-A Manual Prism Finder + Zenzanon S 80mm f2.8 Lens From JAPAN,Bronica,Film Cameras,Used,829.99,USD,FIXED_PRICE,23,1600,grail:Bronica SQ;good-cond,JP,kyoto_mio_nest,100.0,2026-08-16T10:37:27.000Z,,https://www.ebay.com/itm/128029270308?hash=item1dcf23a124:g:HiAAAeSw1WFqgZPW,https://i.ebayimg.com/images/g/HiAAAeSw1WFqgZPW/s-l225.jpg
查无市价,72.0,Super Rare[Near MINT++] Zenza Bronica ETR-Si 40th Anniversary Limited Edition JP,Bronica,Film Cameras,Used,1499.99,USD,FIXED_PRICE,23,1600,grail:Bronica ETR;good-cond,JP,airu55,100.0,2026-08-17T09:48:06.000Z,,https://www.ebay.com/itm/800522841107?hash=itemba62e12c13:g:w1gAAeSwja9qgtmP,https://i.ebayimg.com/images/g/w1gAAeSwja9qgtmP/s-l225.jpg
查无市价,72.0,[MINT] Leica M4 Silver 35mm Rangefinder Film Camera Body From JAPAN,Leica,Film Cameras,Used,1949.99,USD,FIXED_PRICE,23,1600,grail:Leica M4;good-cond,JP,ninnincamera,100.0,2026-08-16T23:43:12.000Z,,https://www.ebay.com/itm/318740798909?hash=item4a366e9dbd:g:N5IAAeSwA9FqgktU,https://i.ebayimg.com/images/g/N5IAAeSwA9FqgktU/s-l225.jpg
查无市价,72.0,【TOP MINT w/ strap】 Leica M6 0.58 TTL Silver Rangefinder 35mm Film Camera JAPAN,Leica,Film Cameras,Used,4399.99,USD,FIXED_PRICE,12,1600,grail:Leica M6;good-cond,JP,camera_japan_kazu,100.0,2026-08-17T04:41:48.000Z,,https://www.ebay.com/itm/800521545598?hash=itemba62cd677e:g:RDAAAeSwKXpqL0y4,https://i.ebayimg.com/images/g/RDAAAeSwKXpqL0y4/s-l225.jpg
残件/按现状,71.0,"Nikon Nikkor 10-30mm f/3.5-5.6 VR Lens for Nikon 1 , Red FOR PARTS. DARK FAINT",Nikon,Lenses,For parts or not working,26.0,USD,FIXED_PRICE,5,1024,mount:nikon f;as-is;underpriced(med 240),US,silaguilard-0,99.5,2026-08-16T04:27:05.000Z,,https://www.ebay.com/itm/227477767442?hash=item34f6bb4512:g:WwYAAeSw-BBqgTud,https://i.ebayimg.com/images/g/WwYAAeSw-BBqgTud/s-l225.jpg
残件/按现状,71.0,Nikon 1 Nikkor 10-30mm 3.5-5.6 VR Zoom Lens With Front Cap For Parts. LENS ERROR,Nikon,Lenses,For parts or not working,26.0,USD,FIXED_PRICE,4,1024,mount:nikon f;as-is;underpriced(med 240),US,silaguilard-0,99.5,2026-08-16T04:24:16.000Z,,https://www.ebay.com/itm/227477765860?hash=item34f6bb3ee4:g:kcYAAeSwdSZqgTr7,https://i.ebayimg.com/images/g/kcYAAeSwdSZqgTr7/s-l225.jpg
残件/按现状,71.0,Nikon NIKKOR-Q.C Auto 135mm 1:2.8 Telephoto Lens Untested atqs,Nikon,Lenses,Used,44.86,USD,FIXED_PRICE,7,1599,mount:nikon f;as-is;underpriced(med 240),US,click-itz,100.0,2026-08-16T12:47:11.000Z,,https://www.ebay.com/itm/227478254493?hash=item34f6c2b39d:g:dvsAAeSwm7Zph63T,https://i.ebayimg.com/images/g/dvsAAeSwm7Zph63T/s-l225.jpg
型号不明,71.0,camera lens for canon ef mount,Canon,Lenses,Used,45.0,USD,FIXED_PRICE,3,882,mount:canon ef;underpriced(med 300),US,reliance247,100.0,2026-08-16T18:47:51.000Z,,https://www.ebay.com/itm/128029858677?hash=item1dcf2c9b75:g:frMAAeSwJdRpyUrI,https://i.ebayimg.com/images/g/frMAAeSwJdRpyUrI/s-l225.jpg
残件/按现状,71.0,Canon EF-S 55-250mm f/4-5.6 IS lens NO AF manual focus only READ for EOS DSLR,Canon,Lenses,For parts or not working,48.85,USD,FIXED_PRICE,5,1600,mount:canon ef;underpriced(med 300),US,lukavakeli,99.9,2026-08-16T11:35:17.000Z,,https://www.ebay.com/itm/318738515554?hash=item4a364bc662:g:4X4AAeSwli9qdwPi,https://i.ebayimg.com/images/g/4X4AAeSwli9qdwPi/s-l225.jpg
残件/按现状,71.0,Canon EF-S 17-85mm F4-5.6 IS USM Zoom Lens Image Stabilizer AF issue,Canon,Lenses,For parts or not working,49.95,USD,"FIXED_PRICE,BEST_OFFER",6,1600,mount:canon ef;underpriced(med 300),US,phil_1231,98.4,2026-08-16T18:36:41.000Z,,https://www.ebay.com/itm/327313430232?hash=item4c356696d8:g:4EIAAeSwG5Vp9eLz,https://i.ebayimg.com/images/g/4EIAAeSwG5Vp9eLz/s-l225.jpg
残件/按现状,71.0,Voighander Vito B Camera with Voigtlander Color Skopar 1:3.5/50 Lens UNTESTED,Voigtlander,Vintage Cameras,,49.99,USD,"FIXED_PRICE,BEST_OFFER",4,700,as-is,US,lllcubed,100.0,2026-08-16T18:10:53.000Z,,https://www.ebay.com/itm/366609649657?hash=item555ba34ff9:g:IaMAAeSwXRhqgfym,https://i.ebayimg.com/images/g/IaMAAeSwXRhqgfym/s-l225.jpg
残件/按现状,71.0,tested【for parts】RICOH XR500 SLR /smc pentax-m 50mm f/2 Lens from Japan,Ricoh,Film Cameras,Used,52.99,USD,"FIXED_PRICE,BEST_OFFER",14,1593,mount:pentax k;as-is,JP,japan-vintage-collection,100.0,2026-08-16T17:28:29.000Z,,https://www.ebay.com/itm/398292940765?hash=item5cbc1bf7dd:g:TYkAAeSwlK5pxu6c,https://i.ebayimg.com/images/g/TYkAAeSwlK5pxu6c/s-l225.jpg
残件/按现状;型号不明,71.0,Parts Only Canon EF 100-400 f/4.5-5.6L IS II USM Zoom BOX & CASE ONLY (See Desc),Canon,Lenses,For parts or not working,59.99,USD,"FIXED_PRICE,BEST_OFFER",16,1600,mount:canon ef;as-is;underpriced(med 300),US,robinsnest-n-themagnolia,100.0,2026-08-16T12:51:38.000Z,,https://www.ebay.com/itm/198575130634?hash=item2e3c00080a:g:ofMAAeSw6fRqdMvh,https://i.ebayimg.com/images/g/ofMAAeSw6fRqdMvh/s-l225.jpg
查无市价,71.0,"Zeiss Ikon S 312 Messsucherkamera With Carl Tessar 40mm 1:2,8 Analog Camera",Zeiss,Vintage Cameras,,127.23,USD,"FIXED_PRICE,BEST_OFFER",3,1600,grail:Tessar,DE,easybuyshop,99.9,2026-08-17T11:41:20.000Z,,https://www.ebay.com/itm/318743482674?hash=item4a36979132:g:RBYAAeSwS3Bqgp-a,https://i.ebayimg.com/images/g/RBYAAeSwS3Bqgp-a/s-l225.jpg
查无市价,71.0,Near MINT SMC Pentax FA 645 33-55mm f4.5 AL AF Wide Angle Zoom Lens Hood Japan,Pentax,Lenses,Used,332.49,USD,FIXED_PRICE,11,1600,grail:645;mount:pentax k;55mm;good-cond,JP,ume-japan,99.7,2026-08-16T22:35:21.000Z,,https://www.ebay.com/itm/128030131114?hash=item1dcf30c3aa:g:SXYAAeSwntxp8ebT,https://i.ebayimg.com/images/g/SXYAAeSwntxp8ebT/s-l225.jpg
残件/按现状,70.0,Minolta X-700 Black 35mm SLR Film Camera w/ MD Rokkor-X 50mm f/1.4 Lens UNTESTED,Minolta,Vintage Cameras,,89.52,USD,"FIXED_PRICE,BEST_OFFER",17,1600,grail:X-700;mount:minolta md;as-is,US,anntony,100.0,2026-08-16T22:56:03.000Z,,https://www.ebay.com/itm/318740691860?hash=item4a366cfb94:g:hmcAAeSwQGhqgj64,https://i.ebayimg.com/images/g/hmcAAeSwQGhqgj64/s-l225.jpg
残件/按现状,70.0,Olympus OM-2 35mm Film Camera w/ G.Zuiko 28mm f/3.5 Lens – Parts/Repair,Olympus,Vintage Cameras,,89.99,USD,"FIXED_PRICE,BEST_OFFER",9,1600,grail:OM-2;mount:olympus om,US,sus_79877194,0.0,2026-08-16T19:38:19.000Z,,https://www.ebay.com/itm/318740126038?hash=item4a36645956:g:BWAAAeSwvl9qghEm,https://i.ebayimg.com/images/g/BWAAAeSwvl9qghEm/s-l225.jpg
残件/按现状,70.0,Hasselblad 500 EL/M Camera Body w Original Box + Body Cap - Untested,Hasselblad,Film Cameras,For parts or not working,179.46,USD,"FIXED_PRICE,BEST_OFFER",15,1600,as-is;underpriced(med 1496),CA,andronic,100.0,2026-08-16T05:10:47.000Z,,https://www.ebay.com/itm/198574415157?hash=item2e3bf51d35:g:WsMAAeSwOQFqJJjc,https://i.ebayimg.com/images/g/WsMAAeSwOQFqJJjc/s-l225.jpg
型号不明,69.0,[MINT] Kenko Mx-AF 1.5x teleplus SHQ Teleconverter For Minolta Sony A Japan 2992,Sony,Lenses,Used,44.99,USD,FIXED_PRICE,15,1600,good-cond;underpriced(med 361),JP,japan-collection-camera-take,100.0,2026-08-16T22:55:27.000Z,,https://www.ebay.com/itm/398293684207?hash=item5cbc274fef:g:lYsAAeSw505qRTC~,https://i.ebayimg.com/images/g/lYsAAeSw505qRTC~/s-l225.jpg
残件/按现状,69.0,Canon Autoboy TELE Quartz Date Point & Shoot 35mm Film Camera not Tested,Canon,Film Cameras,For parts or not working,69.99,USD,"FIXED_PRICE,BEST_OFFER",6,1600,underpriced(med 161),US,houseofawesome,100.0,2026-08-17T05:20:00.000Z,,https://www.ebay.com/itm/137614903462?hash=item200a7cc8a6:g:1LwAAeSw1clqfI5m,https://i.ebayimg.com/images/g/1LwAAeSw1clqfI5m/s-l225.jpg
查无市价,69.0,[N MINT] CANON Aceboy PANORAMA AiAF QD Gold 35mm Point & shoot Film Camera JAPAN,Canon,Film Cameras,Used,72.99,USD,FIXED_PRICE,23,0,good-cond,JP,dartsl_0,100.0,2026-08-16T16:06:12.000Z,,https://www.ebay.com/itm/366609449651?hash=item555ba042b3:g:0kcAAeSw-V9qgd9d,https://i.ebayimg.com/images/g/0kcAAeSw-V9qgd9d/s-l225.jpg
查无市价,69.0,[N MINT] CANON Aceboy PANORAMA AiAF QD Gold 35mm Point & shoot Film Camera JAPAN,Canon,Film Cameras,Used,74.99,USD,FIXED_PRICE,23,0,good-cond,JP,dartsl_0,100.0,2026-08-16T16:31:01.000Z,,https://www.ebay.com/itm/366609494388?hash=item555ba0f174:g:JHsAAeSwqylqgeU5,https://i.ebayimg.com/images/g/JHsAAeSwqylqgeU5/s-l225.jpg
查无市价,69.0,Pentax ME Super SLR! Defect! 35Mm SLR Analog Body (Pentax K),Pentax,Film Cameras,Used,82.69,USD,"FIXED_PRICE,BEST_OFFER",3,0,grail:Pentax ME Super,DE,easybuyshop,99.9,2026-08-16T22:59:55.000Z,,https://www.ebay.com/itm/318740694229?hash=item4a366d04d5:g:1JUAAeSwyRFqgfRF,https://i.ebayimg.com/images/g/1JUAAeSwyRFqgfRF/s-l225.jpg
型号不明,69.0,Nikon AF NIKKOR 70-300ｍｍ f4.5-5.6 Zoom Lens With Bag And Hood,Nikon,Lenses,Used,89.99,USD,"FIXED_PRICE,AUCTION",8,1600,mount:nikon f;underpriced(med 240);auction,US,shibuya-pac,99.4,2026-08-16T21:26:02.000Z,2026-08-23T21:26:02.000Z,https://www.ebay.com/itm/278287326409?hash=item40cb379cc9:g:IfQAAeSwAY9qbSQZ,https://i.ebayimg.com/images/g/IfQAAeSwAY9qbSQZ/s-l225.jpg
残件/按现状;打包杂件,69.0,Nikon Lot Of 12 Point-And-Shoot 35mm Film Cameras For PARTS OR REPAIR,Nikon,Film Cameras,For parts or not working,90.0,USD,"FIXED_PRICE,BEST_OFFER",15,1200,as-is;underpriced(med 259),US,themidwestcollective,100.0,2026-08-16T16:25:39.000Z,,https://www.ebay.com/itm/278286659666?hash=item40cb2d7052:g:-rAAAeSw6PpqW~3q,https://i.ebayimg.com/images/g/-rAAAeSw6PpqW~3q/s-l225.jpg
型号不明,69.0,Leica 3.5cm f/3.5 Summaron Wide Angle L39 LTM Lens Germany,Leica,Lenses,Used,350.0,USD,"FIXED_PRICE,BEST_OFFER",3,1600,mount:ltm/l39;underpriced(med 1220),US,mathiaeigen-zucch0,100.0,2026-08-16T17:58:39.000Z,,https://www.ebay.com/itm/307130121726?hash=item478261bdfe:g:yjoAAeSw6JVqanZH,https://i.ebayimg.com/images/g/yjoAAeSw6JVqanZH/s-l225.jpg
残件/按现状,68.0,Mamiya Rz67 Waist Level Finder ( Untested ),Mamiya,Film Cameras,Used,0.0,USD,AUCTION,4,1600,grail:Rz67;as-is;auction,US,vivavegasseller,100.0,2026-08-17T01:26:06.000Z,2026-08-24T01:26:06.000Z,https://www.ebay.com/itm/336746215291?hash=item4e67a3777b:g:9-AAAeSwxxdqgmMh,https://i.ebayimg.com/images/g/9-AAAeSwxxdqgmMh/s-l225.jpg
查无市价,68.0,Mamiya 645 Pro TL Medium Format SLR Film Camera with 45 mm lens xtra film back,Mamiya,Film Cameras,Used,0.0,USD,AUCTION,3,0,grail:645;auction,US,saltlickarts,100.0,2026-08-17T00:33:12.000Z,2026-08-20T00:33:12.000Z,https://www.ebay.com/itm/800520549656?hash=itemba62be3518:g:SZgAAeSwfoNqglMM,https://i.ebayimg.com/images/g/SZgAAeSwfoNqglMM/s-l225.jpg
查无市价,68.0,Contax II Rangefinder 35mm Film Camera w/ Sonnar 50mm f2 Lens + Zeiss Ikon Hood,Contax,Vintage Cameras,,0.0,USD,AUCTION,23,0,grail:Sonnar;auction,US,jeremyk15,99.9,2026-08-17T00:30:01.000Z,2026-08-24T00:30:01.000Z,https://www.ebay.com/itm/198569038017?hash=item2e3ba310c1:g:iz8AAeSwFJ1qfisk,https://i.ebayimg.com/images/g/iz8AAeSwFJ1qfisk/s-l225.jpg
查无市价,68.0,ZEISS IKON IKOFLEX COMPUR-RAPID Karl Zeiss Jena Tessar 1:3.5 f=7.5cm Teronar,Zeiss,Vintage Cameras,,0.0,USD,AUCTION,19,0,grail:Tessar;auction,US,therock,100.0,2026-08-17T00:13:41.000Z,2026-08-24T00:13:41.000Z,https://www.ebay.com/itm/227478875835?hash=item34f6cc2ebb:g:7ssAAeSwa2dqglDm,https://i.ebayimg.com/images/g/7ssAAeSwa2dqglDm/s-l225.jpg
查无市价,68.0,Vintage ROLLEIFLEX Camera Rolleiflex Photography Xenotar,Rolleiflex,Vintage Cameras,,0.0,USD,AUCTION,19,0,grail:Xenotar;auction,US,simo_9199,100.0,2026-08-17T00:00:01.000Z,2026-08-24T00:00:01.000Z,https://www.ebay.com/itm/307129866680?hash=item47825dd9b8:g:jXwAAeSwoTxqgcax,https://i.ebayimg.com/images/g/jXwAAeSwoTxqgcax/s-l225.jpg
查无市价,68.0,Phase One 645 AF/ Mamiya 645 AFD III with lens,Mamiya,Film Cameras,Used,0.0,USD,"AUCTION,BEST_OFFER",7,0,grail:645;auction,US,pictorapilota,100.0,2026-08-16T12:08:42.000Z,2026-08-23T12:08:42.000Z,https://www.ebay.com/itm/287528453207?hash=item42f2080457:g:E2gAAeSwvBFqMbfb,https://i.ebayimg.com/images/g/E2gAAeSwvBFqMbfb/s-l225.jpg
残件/按现状,68.0,EasyBuy Soligor Zoom 90-230mm f/4.5 Canon FD Manual Focus Lens (Broken),Canon,Lenses,For parts or not working,25.43,USD,"FIXED_PRICE,BEST_OFFER",4,1600,mount:canon fd;as-is;underpriced(med 300),DE,easybuyshop,99.9,2026-08-16T23:01:53.000Z,,https://www.ebay.com/itm/318740695741?hash=item4a366d0abd:g:X7wAAeSwQOlqgjhN,https://i.ebayimg.com/images/g/X7wAAeSwQOlqgjhN/s-l225.jpg
残件/按现状,68.0,EasyBuy Soligor Telephoto 300mm f/5.5 Canon FD Manual Focus Lens (Defekt) Black,Canon,Lenses,For parts or not working,25.43,USD,"FIXED_PRICE,BEST_OFFER",4,1600,mount:canon fd;underpriced(med 300),DE,easybuyshop,99.9,2026-08-16T23:00:58.000Z,,https://www.ebay.com/itm/318740695043?hash=item4a366d0803:g:UiQAAeSwT0pqgjym,https://i.ebayimg.com/images/g/UiQAAeSwT0pqgjym/s-l225.jpg
残件/按现状,68.0,EasyBuy Serie E MC Auto Zoom 80-200mm f/4 Manual Zoom Lens Olympus OM,Olympus,Lenses,For parts or not working,25.43,USD,"FIXED_PRICE,BEST_OFFER",4,1600,mount:olympus om;underpriced(med 215),DE,easybuyshop,99.9,2026-08-16T23:00:57.000Z,,https://www.ebay.com/itm/318740694990?hash=item4a366d07ce:g:UioAAeSww5NqgjdH,https://i.ebayimg.com/images/g/UioAAeSww5NqgjdH/s-l225.jpg
残件/按现状,68.0,EasyBuy Kiron Macro MC 70-210mm f/4.5 Canon FD Manual Zoom Lens Defekt,Canon,Lenses,For parts or not working,25.43,USD,"FIXED_PRICE,BEST_OFFER",4,1600,mount:canon fd;underpriced(med 300),DE,easybuyshop,99.9,2026-08-16T23:00:57.000Z,,https://www.ebay.com/itm/318740695013?hash=item4a366d07e5:g:-2cAAeSw-V9qgjAY,https://i.ebayimg.com/images/g/-2cAAeSw-V9qgjAY/s-l225.jpg
残件/按现状,68.0,Canon MC Auto Zoom 70-210mm f/4-5.6 52mm + Tele-Tanar 135mm f/3.5,Canon,Lenses,For parts or not working,30.0,USD,"FIXED_PRICE,BEST_OFFER",5,1600,52mm;underpriced(med 300),US,ffra_79,100.0,2026-08-16T20:56:17.000Z,,https://www.ebay.com/itm/800519788800?hash=itemba62b29900:g:nQ4AAeSwIvJqgiNc,https://i.ebayimg.com/images/g/nQ4AAeSwIvJqgiNc/s-l225.jpg
残件/按现状,68.0,EasyBuy EEC 135mm f/2.8 Manual Canon FD Prime Lens (Aperture Defect),Canon,Lenses,For parts or not working,31.8,USD,"FIXED_PRICE,BEST_OFFER",4,1600,mount:canon fd;underpriced(med 300),DE,easybuyshop,99.9,2026-08-16T23:00:57.000Z,,https://www.ebay.com/itm/318740694987?hash=item4a366d07cb:g:WwwAAeSwkOdqgjfh,https://i.ebayimg.com/images/g/WwwAAeSwkOdqgjfh/s-l225.jpg
残件/按现状,68.0,EasyBuy Close Focusing Auto Zoom 75-205mm f/3.8 Lens Minolta MD Defekt,Minolta,Lenses,For parts or not working,31.8,USD,"FIXED_PRICE,BEST_OFFER",4,1600,mount:minolta md;underpriced(med 121),DE,easybuyshop,99.9,2026-08-16T23:00:57.000Z,,https://www.ebay.com/itm/318740695022?hash=item4a366d07ee:g:47gAAeSwCN1qgi6l,https://i.ebayimg.com/images/g/47gAAeSwCN1qgi6l/s-l225.jpg
残件/按现状,68.0,Olympus Zuiko Auto-Zoom 75-150Mm 1:4 Lens Zoom Lens (Olympus Om) Mushroom!,Olympus,Lenses,For parts or not working,31.8,USD,"FIXED_PRICE,BEST_OFFER",4,1600,mount:olympus om;underpriced(med 215),DE,easybuyshop,99.9,2026-08-16T05:41:31.000Z,,https://www.ebay.com/itm/318737362598?hash=item4a363a2ea6:g:ObcAAeSw2SRqgTaF,https://i.ebayimg.com/images/g/ObcAAeSw2SRqgTaF/s-l225.jpg
残件/按现状,68.0,Minolta MC Tele Rokkor-QD 135Mm 1:3.5 Prime Lens (Minolta MD) Mushroom!,Minolta,Lenses,For parts or not working,31.8,USD,"FIXED_PRICE,BEST_OFFER",4,1600,mount:minolta md;underpriced(med 121),DE,easybuyshop,99.9,2026-08-16T05:41:23.000Z,,https://www.ebay.com/itm/318737362454?hash=item4a363a2e16:g:AmsAAeSwyJFqgTMO,https://i.ebayimg.com/images/g/AmsAAeSwyJFqgTMO/s-l225.jpg
残件/按现状,68.0,Minolta MC Tele Rokkor-QD 135Mm 1:3.5 Lens Fixed Focal Length (Minolta MD),Minolta,Lenses,For parts or not working,31.8,USD,"FIXED_PRICE,BEST_OFFER",4,1600,mount:minolta md;underpriced(med 121),DE,easybuyshop,99.9,2026-08-16T05:41:21.000Z,,https://www.ebay.com/itm/318737362355?hash=item4a363a2db3:g:HGQAAeSwdh5qgTN0,https://i.ebayimg.com/images/g/HGQAAeSwdh5qgTN0/s-l225.jpg
残件/按现状,68.0,Minolta MD Rokkor 50Mm 1:1.7 Lens Fixed Focal Length (Minolta MD) Mold!,Minolta,Lenses,For parts or not working,31.8,USD,"FIXED_PRICE,BEST_OFFER",4,1600,mount:minolta md;underpriced(med 121),DE,easybuyshop,99.9,2026-08-16T05:41:21.000Z,,https://www.ebay.com/itm/318737362378?hash=item4a363a2dca:g:-jYAAeSwpoNqgTdL,https://i.ebayimg.com/images/g/-jYAAeSwpoNqgTdL/s-l225.jpg
残件/按现状,68.0,Minolta MC Rokkor-PF 50Mm 1:1.7 Prime Lens (Minolta MD) Fog!,Minolta,Lenses,For parts or not working,31.8,USD,"FIXED_PRICE,BEST_OFFER",4,1600,mount:minolta md;underpriced(med 121),DE,easybuyshop,99.9,2026-08-16T05:31:11.000Z,,https://www.ebay.com/itm/820008386512?hash=itembeec4effd0:g:Ol8AAeSwCz5qgTVe,https://i.ebayimg.com/images/g/Ol8AAeSwCz5qgTVe/s-l225.jpg
残件/按现状,68.0,Seagull DF-300 SLR 35mm Analog SLR Camera Body Minolta MD Mount Silver Defect,Seagull,Film Cameras,For parts or not working,38.16,USD,"FIXED_PRICE,BEST_OFFER",3,1150,mount:minolta md;underpriced(med 160),DE,easybuyshop,99.9,2026-08-17T11:41:23.000Z,,https://www.ebay.com/itm/318743482921?hash=item4a36979229:g:jFcAAeSwZEFqgqM2,https://i.ebayimg.com/images/g/jFcAAeSwZEFqgqM2/s-l225.jpg
残件/按现状,68.0,Olympus E.Zuiko Auto-T 135Mm 1:3.5 Lens Prime (Olympus OM) Mushroom!,Olympus,Lenses,For parts or not working,38.16,USD,"FIXED_PRICE,BEST_OFFER",4,1600,mount:olympus om;underpriced(med 215),DE,easybuyshop,99.9,2026-08-16T05:41:23.000Z,,https://www.ebay.com/itm/318737362458?hash=item4a363a2e1a:g:Oa4AAeSwU21qgTIC,https://i.ebayimg.com/images/g/Oa4AAeSwU21qgTIC/s-l225.jpg
残件/按现状,68.0,Minolta MC W.Rokkor-SG 28Mm 1:3.5 Prime Lens (Minolta MD),Minolta,Lenses,For parts or not working,38.16,USD,"FIXED_PRICE,BEST_OFFER",4,1600,mount:minolta md;underpriced(med 121),DE,easybuyshop,99.9,2026-08-16T05:26:54.000Z,,https://www.ebay.com/itm/318737309008?hash=item4a36395d50:g:FYYAAeSwa4FqgS~c,https://i.ebayimg.com/images/g/FYYAAeSwa4FqgS~c/s-l225.jpg
残件/按现状,68.0,Minolta MC W.Rokkor-HG 35Mm 1:2.8 Fixed Focal Length Lens (Minolta MD),Minolta,Lenses,For parts or not working,44.52,USD,"FIXED_PRICE,BEST_OFFER",4,1600,mount:minolta md;underpriced(med 121),DE,easybuyshop,99.9,2026-08-16T05:41:21.000Z,,https://www.ebay.com/itm/318737362381?hash=item4a363a2dcd:g:XrsAAeSwtixqgTW4,https://i.ebayimg.com/images/g/XrsAAeSwtixqgTW4/s-l225.jpg
残件/按现状,68.0,Soligor MC Zoom Macro C/D 35-200mm Minolta MD Manual Zoom Lens f/3.8-5.3,Minolta,Lenses,For parts or not working,50.89,USD,"FIXED_PRICE,BEST_OFFER",4,1600,mount:minolta md;underpriced(med 121),DE,easybuyshop,99.9,2026-08-16T23:00:57.000Z,,https://www.ebay.com/itm/318740695021?hash=item4a366d07ed:g:0lMAAeSwk-9qgi7f,https://i.ebayimg.com/images/g/0lMAAeSwk-9qgi7f/s-l225.jpg
残件/按现状,68.0,Micro-Nikkor 55/2.8 ais 55mm Macro f2.8 AI-S Nikon Lens Dslr PARTS APERTURE BAD,Nikkor,Lenses,For parts or not working,70.0,USD,"FIXED_PRICE,BEST_OFFER",16,1600,mount:nikon f;55mm;underpriced(med 241),US,well-cam,100.0,2026-08-16T15:51:04.000Z,,https://www.ebay.com/itm/318739346944?hash=item4a36587600:g:q0sAAeSwnu5qgdvE,https://i.ebayimg.com/images/g/q0sAAeSwnu5qgdvE/s-l225.jpg
残件/按现状,68.0,【AS IS】 KONICA BiG mini BM-201 35mm F3.5 FromJapan #am9422,Konica,Film Cameras,For parts or not working,113.94,USD,FIXED_PRICE,4,1196,grail:BiG mini;as-is,JP,somtom_9,99.3,2026-08-17T02:14:10.000Z,,https://www.ebay.com/itm/188804354926?hash=item2bf59dd36e:g:KNYAAeSweEtqgm9l,https://i.ebayimg.com/images/g/KNYAAeSweEtqgm9l/s-l225.jpg
残件/按现状,68.0,Canon EF-S 17-55mm f/2.8 IS USM EF-S Mount Standard Zoom Lens - For Parts,Canon,Lenses,For parts or not working,129.99,USD,"FIXED_PRICE,BEST_OFFER",11,1600,mount:canon ef;55mm;as-is;underpriced(med 300),US,diaz_electronics,99.8,2026-08-16T13:21:18.000Z,,https://www.ebay.com/itm/318738861593?hash=item4a36510e19:g:wIEAAeSw7DdqgKGh,https://i.ebayimg.com/images/g/wIEAAeSw7DdqgKGh/s-l225.jpg
残件/按现状,68.0,【AS IS】 Olympus μ mju 35mm F3.5 FromJapan #my1292,Olympus,Film Cameras,For parts or not working,141.14,USD,FIXED_PRICE,4,1196,grail:mju;as-is,JP,somtom_9,99.3,2026-08-17T02:18:04.000Z,,https://www.ebay.com/itm/188804357784?hash=item2bf59dde98:g:YnMAAeSwj0VqgnAZ,https://i.ebayimg.com/images/g/YnMAAeSwj0VqgnAZ/s-l225.jpg
型号不明,68.0,[TOP MINT] PENTAX REAR CONVERTER A 645 2X Tele Converter for 645N NII From JAPAN,Pentax,Lenses,Used,149.9,USD,FIXED_PRICE,8,1600,grail:645;good-cond,JP,whitrade-46,100.0,2026-08-16T08:12:35.000Z,,https://www.ebay.com/itm/398291498884?hash=item5cbc05f784:g:mMUAAeSwNSNqgXIt,https://i.ebayimg.com/images/g/mMUAAeSwNSNqgXIt/s-l225.jpg
查无市价,68.0,Zeiss Ikon COMPUR-RAPID IKONTA 520 CAMERA w/ Tessar 7cm f3.5 Lens & CASE,Zeiss,Film Cameras,Used,199.99,USD,"FIXED_PRICE,BEST_OFFER",13,1600,grail:Tessar,US,54598387,99.6,2026-08-16T15:15:01.000Z,,https://www.ebay.com/itm/358913941308?hash=item5390f01f3c:g:IScAAeSwX0Zqe1ss,https://i.ebayimg.com/images/g/IScAAeSwX0Zqe1ss/s-l225.jpg
残件/按现状,68.0,Zeiss Ikon Contax IIIa Film Camera w/ Sonnar 50mm f/1.5 With Case. Read,Zeiss,Film Cameras,For parts or not working,249.99,USD,FIXED_PRICE,18,1600,grail:Sonnar,US,blackslackslawn-7,100.0,2026-08-16T19:17:19.000Z,,https://www.ebay.com/itm/318740047304?hash=item4a366325c8:g:aCUAAeSwtb5qMcmi,https://i.ebayimg.com/images/g/aCUAAeSwtb5qMcmi/s-l225.jpg
残件/按现状,68.0,Zeiss Ikon Contarex Bullseye Planar Lens & Case - Film Advance Loose - For Parts,Zeiss,Film Cameras,For parts or not working,299.99,USD,FIXED_PRICE,23,1600,grail:Planar;as-is,US,jon1515,100.0,2026-08-16T12:32:11.000Z,,https://www.ebay.com/itm/137627904659?hash=item200b432a93:g:QlIAAeSwkNxqgRgu,https://i.ebayimg.com/images/g/QlIAAeSwkNxqgRgu/s-l225.jpg
查无市价,68.0,"Nikon F Mount ""Near Mint"" Leica Leitz Macro Elmarit R 60mm F/2.8 MF Lens JAPAN",Nikon,Lenses,Used,399.99,USD,"FIXED_PRICE,BEST_OFFER",9,1600,grail:Elmarit;mount:nikon f;good-cond,JP,kawashima-camera,100.0,2026-08-16T10:02:04.000Z,,https://www.ebay.com/itm/147508340129?hash=item22582ea5a1:g:HkwAAeSwO-RofIl1,https://i.ebayimg.com/images/g/HkwAAeSwO-RofIl1/s-l225.jpg
查无市价,68.0,COSINA Voigtlander NOKTON 25mm F0.95 for M4/3 mount -Near Mint- 4000,Voigtlander,Lenses,Used,491.93,USD,FIXED_PRICE,2,1200,grail:NOKTON;mount:micro 4/3;good-cond,JP,kitamura_camera,100.0,2026-08-16T15:27:18.000Z,,https://www.ebay.com/itm/820010077449?hash=itembeec68cd09:g:M3sAAeSwIK1qgtUq,https://i.ebayimg.com/images/g/M3sAAeSwIK1qgtUq/s-l225.jpg
残件/按现状,67.0,Olympus AF1-Twin Black Weatherproof 35mm Point & Shoot Film Camera For Parts,Olympus,Film Cameras,For parts or not working,25.69,USD,"FIXED_PRICE,BEST_OFFER",3,1600,as-is;underpriced(med 160);low-feedback,US,thetechfacility,96.8,2026-08-16T05:04:44.000Z,,https://www.ebay.com/itm/178411728226?hash=item298a2aed62:g:CFwAAOSw3KRi3D8w,https://i.ebayimg.com/images/g/CFwAAOSw3KRi3D8w/s-l225.jpg
残件/按现状,67.0,Canon AF35M Black Handheld 35mm CAFS Self-Timer Pre Focus Film Camera For Parts,Canon,Film Cameras,For parts or not working,32.09,USD,"FIXED_PRICE,BEST_OFFER",4,1600,as-is;underpriced(med 160);low-feedback,US,thetechfacility,96.8,2026-08-16T05:09:08.000Z,,https://www.ebay.com/itm/178411734047?hash=item298a2b041f:g:dPkAAOSwyt5i3rym,https://i.ebayimg.com/images/g/dPkAAOSwyt5i3rym/s-l225.jpg
残件/按现状,67.0,Olympus Infinity Mini Weatherproof 35mm Point & Shoot Film Camera - For Parts,Olympus,Film Cameras,For parts or not working,59.39,USD,"FIXED_PRICE,BEST_OFFER",4,1600,as-is;underpriced(med 160);low-feedback,US,thetechfacility,96.8,2026-08-16T18:15:04.000Z,,https://www.ebay.com/itm/178413802660?hash=item298a4a94a4:g:EBsAAeSwllxpVKe4,https://i.ebayimg.com/images/g/EBsAAeSwllxpVKe4/s-l225.jpg
残件/按现状,66.0,Pentax MV SLR! Defective! 35Mm SLR Analog Body (Pentax K),Pentax,Film Cameras,Used,63.6,USD,"FIXED_PRICE,BEST_OFFER",3,1600,as-is;underpriced(med 155),DE,easybuyshop,99.9,2026-08-16T05:28:13.000Z,,https://www.ebay.com/itm/820008365027?hash=itembeec4eabe3:g:7S8AAeSwpoNqgQpl,https://i.ebayimg.com/images/g/7S8AAeSwpoNqgQpl/s-l225.jpg
残件/按现状,66.0,Nikon EM With 80-200mm Lens. Black Film Camera Untested READ,Nikon,Film Cameras,Used,86.49,USD,FIXED_PRICE,4,1599,as-is;underpriced(med 259),CA,tada64646,100.0,2026-08-17T11:28:31.000Z,,https://www.ebay.com/itm/407150940351?hash=item5ecc1650bf:g:If4AAeSwF~xqgbzl,https://i.ebayimg.com/images/g/If4AAeSwF~xqgbzl/s-l225.jpg
残件/按现状,66.0,Vintage Nikon FM 35mm Film Camera with MF-12 Data Back Untested Mechanical SLR,Nikon,Film Cameras,Used,115.28,USD,"FIXED_PRICE,BEST_OFFER",14,1600,as-is;underpriced(med 259),CA,rustedrobottoys,100.0,2026-08-16T19:13:52.000Z,,https://www.ebay.com/itm/227478633916?hash=item34f6c87dbc:g:IpUAAeSwgvRqggrl,https://i.ebayimg.com/images/g/IpUAAeSwgvRqggrl/s-l225.jpg
查无市价,65.0,Leica IIIa 182423 owned by Dr. Hugh Cane,Leica,Film Cameras,Usato,0.0,USD,"AUCTION,BEST_OFFER",6,0,grail:Leica IIIa;auction,IT,pepita14,100.0,2026-08-16T08:47:11.000Z,2026-08-26T08:47:11.000Z,https://www.ebay.com/itm/158193827040?hash=item24d5163ce0:g:7f8AAeSwEi9qgXbH,https://i.ebayimg.com/images/g/7f8AAeSwEi9qgXbH/s-l225.jpg
残件/按现状,65.0,Sony Cyber-Shot Camera 5.0 Mega Pixels,Sony,Film Cameras,For parts or not working,25.0,USD,FIXED_PRICE,1,1600,underpriced(med 232),US,thetanc_24,99.8,2026-08-17T01:09:19.000Z,,https://www.ebay.com/itm/800520704468?hash=itemba62c091d4:g:1p8AAeSwizNplNLE,https://i.ebayimg.com/images/g/1p8AAeSwizNplNLE/s-l225.jpg
型号不明,65.0,Sakar 35-75 F3.5 Macro Zoom Lens Compact One Touch for Canon Cameras - CR,Canon,Lenses,Used,28.89,USD,"FIXED_PRICE,BEST_OFFER",5,1198,underpriced(med 300),US,treasureislandusa,99.9,2026-08-16T19:58:43.000Z,,https://www.ebay.com/itm/318740189032?hash=item4a36654f68:g:D4gAAeSwZjlqMbhM,https://i.ebayimg.com/images/g/D4gAAeSwZjlqMbhM/s-l225.jpg
残件/按现状,65.0,PETRI 7S CIRCLE EYE SYSTEM 35MM CAMERA 45MM F2.8 LENS LEATHER CASE UNTESTED MM,Petri,Film Cameras,For parts or not working,30.0,USD,FIXED_PRICE,11,1599,as-is;underpriced(med 99),US,teeezeee,100.0,2026-08-16T19:41:14.000Z,,https://www.ebay.com/itm/267759293918?hash=item3e57b295de:g:Gl0AAeSwOcNqghIa,https://i.ebayimg.com/images/g/Gl0AAeSwOcNqghIa/s-l225.jpg
残件/按现状,65.0,Kimunor 500mm 1:8 Lens With Pentax Adapter,Pentax,Lenses,For parts or not working,44.5,USD,FIXED_PRICE,9,1600,underpriced(med 176),US,meas.stl,99.8,2026-08-16T05:10:54.000Z,,https://www.ebay.com/itm/206494656024?hash=item30140a6618:g:klEAAeSwlP5qgUTz,https://i.ebayimg.com/images/g/klEAAeSwlP5qgUTz/s-l225.jpg
型号不明,65.0,Digital Concepts 2x AF for Canon EOS with Carry Pouch,Canon,Lenses,Used,46.55,USD,"FIXED_PRICE,BEST_OFFER",11,1600,underpriced(med 300),US,remarket100,99.9,2026-08-16T22:16:04.000Z,,https://www.ebay.com/itm/178414424748?hash=item298a5412ac:g:g6IAAeSwHnVoycDg,https://i.ebayimg.com/images/g/g6IAAeSwHnVoycDg/s-l225.jpg
型号不明,65.0,Nikon Af Teleconverter TC-16A 1.6x AF no Scratches,Nikon,Lenses,Used,49.0,USD,"FIXED_PRICE,BEST_OFFER",4,1600,underpriced(med 240),US,bayareavendorllc,100.0,2026-08-16T08:15:00.000Z,,https://www.ebay.com/itm/407120349813?hash=item5eca438a75:g:LB8AAeSw-4NqcO9W,https://i.ebayimg.com/images/g/LB8AAeSw-4NqcO9W/s-l225.jpg
残件/按现状,65.0,Canon 18-45mm Zoom Lens - Broken,Canon,Lenses,For parts or not working,50.0,USD,FIXED_PRICE,2,973,as-is;underpriced(med 300),US,techgaragesells,99.6,2026-08-16T20:56:24.000Z,,https://www.ebay.com/itm/366609829494?hash=item555ba60e76:g:1AQAAeSwr-1qgiPK,https://i.ebayimg.com/images/g/1AQAAeSwr-1qgiPK/s-l225.jpg
残件/按现状,65.0,【AS IS】 KYOCERA YASHICA EZ ZOOM 38-70mm AA battery powered FromJapan #am9557,Yashica,Film Cameras,For parts or not working,58.71,USD,FIXED_PRICE,4,1196,as-is,JP,somtom_9,99.3,2026-08-17T02:16:59.000Z,,https://www.ebay.com/itm/188804357045?hash=item2bf59ddbb5:g:sigAAeSwtH5qgnAN,https://i.ebayimg.com/images/g/sigAAeSwtH5qgnAN/s-l225.jpg
残件/按现状,65.0,【AS IS】 FUJIFILM DL-501 PANORAMA 28/45mm FromJapan #am9461,Fujifilm,Film Cameras,For parts or not working,58.71,USD,FIXED_PRICE,4,1196,as-is,JP,somtom_9,99.3,2026-08-17T02:15:12.000Z,,https://www.ebay.com/itm/188804355705?hash=item2bf59dd679:g:PesAAeSwfoNqgm~i,https://i.ebayimg.com/images/g/PesAAeSwfoNqgm~i/s-l225.jpg
残件/按现状,65.0,【AS IS】 RICOH SINGLEX TLS FromJapan #am9444,Ricoh,Film Cameras,For parts or not working,58.71,USD,FIXED_PRICE,4,1196,as-is,JP,somtom_9,99.3,2026-08-17T02:14:44.000Z,,https://www.ebay.com/itm/188804355422?hash=item2bf59dd55e:g:ET4AAeSw3DNqgm7X,https://i.ebayimg.com/images/g/ET4AAeSw3DNqgm7X/s-l225.jpg
型号不明,65.0,Olympus OM-System 40-150 F/4-5.6 R ED Telephoto Lens,Olympus,Lenses,Used,74.99,USD,"FIXED_PRICE,BEST_OFFER",3,1600,mount:olympus om;underpriced(med 215),US,flimsymonkey,100.0,2026-08-16T21:16:35.000Z,,https://www.ebay.com/itm/227478739662?hash=item34f6ca1ace:g:C2kAAeSwWUhqgidD,https://i.ebayimg.com/images/g/C2kAAeSwWUhqgidD/s-l225.jpg
残件/按现状,65.0,parts repair Nikon Nikkor DX AF-S 55-300mm F4.5-5.6 VR ED HRI Lens,Nikon,Lenses,For parts or not working,78.0,USD,"FIXED_PRICE,BEST_OFFER",5,1600,mount:nikon f;underpriced(med 240),US,phil_1231,98.4,2026-08-16T18:36:41.000Z,,https://www.ebay.com/itm/227478597900?hash=item34f6c7f10c:g:XysAAeSwEpNp9kI6,https://i.ebayimg.com/images/g/XysAAeSwEpNp9kI6/s-l225.jpg
残件/按现状,65.0,Nikon NIKKOR 24mm f/2.8 Manual Focus Wide Angle Lens Nikon F Mount UNTESTED,Nikon,Lenses,For parts or not working,80.99,USD,"FIXED_PRICE,BEST_OFFER",4,1600,mount:nikon f;as-is;underpriced(med 240),US,lockerlife,99.7,2026-08-16T18:56:52.000Z,,https://www.ebay.com/itm/336745798569?hash=item4e679d1ba9:g:Mf4AAeSwwyJqggca,https://i.ebayimg.com/images/g/Mf4AAeSwwyJqggca/s-l225.jpg
型号不明,65.0,Canon EF 1.4X Extender Teleconverter #259,Canon,Lenses,Good - Refurbished,82.39,USD,"FIXED_PRICE,BEST_OFFER",8,1600,mount:canon ef;underpriced(med 300),US,robertscamera,99.8,2026-08-16T18:38:37.000Z,,https://www.ebay.com/itm/407149432006?hash=item5ecbff4cc6:g:aUIAAeSw64ZqggOk,https://i.ebayimg.com/images/g/aUIAAeSw64ZqggOk/s-l225.jpg
型号不明,65.0,"Nikon Nikkor AF-S DX VR 55-200 f/4-5.6G IF-ED Lens Hood, Caps, With Original Box",Nikon,Lenses,Used,99.0,USD,FIXED_PRICE,9,1600,mount:nikon f;underpriced(med 240),US,snocan,100.0,2026-08-16T22:32:25.000Z,,https://www.ebay.com/itm/178414462380?hash=item298a54a5ac:g:YkkAAeSwvgtqgjnb,https://i.ebayimg.com/images/g/YkkAAeSwvgtqgjnb/s-l225.jpg
残件/按现状,65.0,Olympus OM-1N Silver 35mm SLR Camera Zuiko MC Auto Macro 50mm F3.5 Untested,Olympus,Film Cameras,Used,101.46,USD,FIXED_PRICE,5,1200,mount:olympus om;as-is,JP,hiro165r,99.2,2026-08-16T13:19:30.000Z,,https://www.ebay.com/itm/237009715422?hash=item372ee140de:g:2yAAAeSw3lhqgbnT,https://i.ebayimg.com/images/g/2yAAAeSw3lhqgbnT/s-l225.jpg
型号不明,65.0,Canon EF 1.4X Extender Teleconverter #813,Canon,Lenses,Very Good - Refurbished,111.63,USD,"FIXED_PRICE,BEST_OFFER",5,1600,mount:canon ef;underpriced(med 300),US,robertscamera,99.8,2026-08-16T18:39:03.000Z,,https://www.ebay.com/itm/407149432466?hash=item5ecbff4e92:g:TKMAAeSwA9FqggPD,https://i.ebayimg.com/images/g/TKMAAeSwA9FqggPD/s-l225.jpg
型号不明,65.0,🎬 [MINT] Nikon Teleconverter TC-201 2x MF Lens for Ai-s Ais F Mount Caps JAPAN,Nikon,Lenses,Used,119.99,USD,"FIXED_PRICE,BEST_OFFER",12,1600,mount:nikon f;good-cond,JP,g.v.international,98.4,2026-08-16T14:49:41.000Z,,https://www.ebay.com/itm/366609318526?hash=item555b9e427e:g:nfYAAeSw3uFp6O-P,https://i.ebayimg.com/images/g/nfYAAeSw3uFp6O-P/s-l225.jpg
查无市价,65.0,Voigtländer Vito III Folding Camera With Ultron 1:2 50Mm Compur Rapid + Bag,Voigtländer,Vintage Cameras,,279.91,USD,"FIXED_PRICE,BEST_OFFER",3,1600,grail:Ultron,DE,easybuyshop,99.9,2026-08-16T05:26:44.000Z,,https://www.ebay.com/itm/318737308655?hash=item4a36395bef:g:~a8AAeSwbspqgQeV,https://i.ebayimg.com/images/g/~a8AAeSwbspqgQeV/s-l225.jpg
查无市价,65.0,Leica LEICA IIIc Remote Camera Body 1946 Ernst Leitz Wetzlar D.R.P.,Leica,Vintage Cameras,,289.09,USD,"FIXED_PRICE,BEST_OFFER",7,1600,grail:LEICA IIIc,GB,vintagefotos,100.0,2026-08-16T10:37:15.000Z,,https://www.ebay.com/itm/117362424518?hash=item1b53587ac6:g:xMIAAeSwWUhqdv-j,https://i.ebayimg.com/images/g/xMIAAeSwWUhqdv-j/s-l225.jpg
查无市价,65.0,Voigtländer VC Meter II Chrome For Leica M2 M3 M4,Voigtländer,Film Cameras,New,351.0,USD,"FIXED_PRICE,BEST_OFFER",1,1024,grail:Leica M2,AT,mintandrare,99.9,2026-08-17T09:01:16.000Z,,https://www.ebay.com/itm/147510374051?hash=item22584daea3:g:NBgAAeSwHrZqgs5e,https://i.ebayimg.com/images/g/NBgAAeSwHrZqgs5e/s-l225.jpg
查无市价,65.0,"Leica M6 #2174732 Chrome 10414 Made in Germany 1995, papers, MINT BOXED",Leica,Film Cameras,Aperto - mai usato,3401.58,USD,FIXED_PRICE,22,1024,grail:Leica M6;good-cond,IT,fotodozzese,100.0,2026-08-16T08:32:08.000Z,,https://www.ebay.com/itm/366608760878?hash=item555b95c02e:g:zskAAeSwWXtqgXQr,https://i.ebayimg.com/images/g/zskAAeSwWXtqgXQr/s-l225.jpg
查无市价,64.0,Voigtlander Ultron 40mm f/2 SL IIS Aspherical Lens for Nikon F,Voigtlander,Lenses,Used,0.0,USD,AUCTION,6,0,grail:Ultron;mount:nikon f;auction,US,benjrblant0,100.0,2026-08-17T02:07:01.000Z,2026-08-24T02:07:01.000Z,https://www.ebay.com/itm/117356287749?hash=item1b52fad705:g:LjUAAeSwNtZqfQ3I,https://i.ebayimg.com/images/g/LjUAAeSwNtZqfQ3I/s-l225.jpg
残件/按现状,64.0,Canon New F-1 SLR 35mm Film Camera w/ Canon Lens FD 50mm f1.4 + Eye Level Finder,Canon,Film Cameras,For parts or not working,0.0,USD,AUCTION,21,1600,grail:New F-1;mount:canon fd;auction,US,jeremyk15,99.9,2026-08-17T00:39:01.000Z,2026-08-24T00:39:01.000Z,https://www.ebay.com/itm/198571346540?hash=item2e3bc64a6c:g:sM0AAeSwFz1qf21J,https://i.ebayimg.com/images/g/sM0AAeSwFz1qf21J/s-l225.jpg
打包杂件,64.0,"Vintage Olympus OM-1 35mm SLR film camera lot, flash, Filter lens",Olympus,Film Cameras,Used,0.0,USD,AUCTION,10,1600,grail:OM-1;mount:olympus om;auction,US,mainely-antiques,100.0,2026-08-17T00:00:00.000Z,2026-08-24T00:00:00.000Z,https://www.ebay.com/itm/147509280065?hash=item22583cfd41:g:THUAAeSw3BxqeTcR,https://i.ebayimg.com/images/g/THUAAeSw3BxqeTcR/s-l225.jpg
打包杂件,64.0,Vintage Minolta SRT-101 35mm Film Camera Lot *Tested But READ*,Minolta,Film Cameras,Used,75.0,USD,"FIXED_PRICE,BEST_OFFER",23,1458,grail:SRT-101,US,alittlebitofthisalittlebitofthat-918,100.0,2026-08-16T16:11:28.000Z,,https://www.ebay.com/itm/267759137144?hash=item3e57b03178:g:W-4AAeSwZy5qgWaW,https://i.ebayimg.com/images/g/W-4AAeSwZy5qgWaW/s-l225.jpg
残件/按现状,64.0,Minolta Hi-Matic AF2 35mm Film Camera Flash Untested B2,Minolta,Film Cameras,Used,89.95,USD,"FIXED_PRICE,BEST_OFFER",7,1600,grail:Hi-Matic;as-is,US,redbeard_flips,99.8,2026-08-16T22:59:15.000Z,,https://www.ebay.com/itm/267759466897?hash=item3e57b53991:g:mcIAAeSwgvRqgkCU,https://i.ebayimg.com/images/g/mcIAAeSwgvRqgkCU/s-l225.jpg
残件/按现状,64.0,2 Minolta X-700 & X-300 body Cameras Untested W Lens & Manuals,Minolta,Film Cameras,Used,89.99,USD,FIXED_PRICE,10,1600,grail:X-700;as-is,US,1quickfastshop1,100.0,2026-08-16T22:28:54.000Z,,https://www.ebay.com/itm/168618914472?hash=item27427872a8:g:VCsAAeSwyudqgjho,https://i.ebayimg.com/images/g/VCsAAeSwyudqgjho/s-l225.jpg
打包杂件,64.0,"Lot Minolta X-700 35mm SLR Camera with 3 Lens, Flashes, Bag & 4 Rolls Of Film",Minolta,Film Cameras,Used,95.0,USD,FIXED_PRICE,7,1600,grail:X-700,US,keckmyster,100.0,2026-08-16T17:21:33.000Z,,https://www.ebay.com/itm/117362940991?hash=item1b53605c3f:g:434AAeSwk-9qgetL,https://i.ebayimg.com/images/g/434AAeSwk-9qgetL/s-l225.jpg
残件/按现状,64.0,Vintage Canon AE-1 35mm Film Camera w/ 1:1.8 50mm Lens & Strap Untested Clean,Canon,Film Cameras,Used,127.99,USD,"FIXED_PRICE,BEST_OFFER",21,1600,grail:AE-1;as-is,US,westparkstreetmarket,100.0,2026-08-16T07:38:38.000Z,,https://www.ebay.com/itm/237009239177?hash=item372ed9fc89:g:Dp4AAeSw6fRqgWdQ,https://i.ebayimg.com/images/g/Dp4AAeSw6fRqgWdQ/s-l225.jpg
残件/按现状;型号不明,64.0,FRONT OPTICAL UNIT FOR ROLLEIFLEX PLANAR 80/2.8 LENS,Rolleiflex,Lenses,For parts or not working,135.0,USD,"FIXED_PRICE,BEST_OFFER",1,1600,grail:PLANAR,US,wizcam,99.5,2026-08-16T19:45:24.000Z,,https://www.ebay.com/itm/198575757540?hash=item2e3c0998e4:g:-~kAAeSw6glqghHe,https://i.ebayimg.com/images/g/-~kAAeSw6glqghHe/s-l225.jpg
残件/按现状,64.0,Canon A-1 A1 35mm Camera w/extra Zoom LensKit - Untested,Canon,Film Cameras,Used,139.99,USD,FIXED_PRICE,9,1600,grail:Canon A-1;as-is,US,randomgoodiesbyjess,100.0,2026-08-17T07:25:17.000Z,,https://www.ebay.com/itm/188805389540?hash=item2bf5ad9ce4:g:ddoAAeSwLBFqgrZ6,https://i.ebayimg.com/images/g/ddoAAeSwLBFqgrZ6/s-l225.jpg
残件/按现状;打包杂件,64.0,Canon AE-1 Program 35mm SLR Camera-BODY UNTESTED Vintage Rare Great Bundle,Canon,Film Cameras,For parts or not working,149.99,USD,FIXED_PRICE,14,1599,grail:AE-1;as-is,US,geminisupply_29,100.0,2026-08-16T15:12:59.000Z,,https://www.ebay.com/itm/206495646026?hash=item301419814a:g:4soAAeSwsr5pyuBc,https://i.ebayimg.com/images/g/4soAAeSwsr5pyuBc/s-l225.jpg
残件/按现状,64.0,Pentax K1000 35mm SLR Camera Kit w/Extras Asahi Zoom Lens Flash Untested LOOK!!,Pentax,Film Cameras,Used,150.0,USD,"FIXED_PRICE,BEST_OFFER",17,1600,grail:K1000;as-is,US,mushroomgroovy,100.0,2026-08-16T18:58:12.000Z,,https://www.ebay.com/itm/128029870898?hash=item1dcf2ccb32:g:YJMAAeSw1yVqggYp,https://i.ebayimg.com/images/g/YJMAAeSw1yVqggYp/s-l225.jpg
打包杂件,64.0,"Olympus OM-1 Bundle SLR Film Camera w/ Lenses, Flash Grip, Manuals & Camera Bag",Olympus,Vintage Cameras,,179.99,USD,"FIXED_PRICE,BEST_OFFER",15,1600,grail:OM-1;mount:olympus om,US,bensbountyshop,100.0,2026-08-17T01:37:35.000Z,,https://www.ebay.com/itm/198576353517?hash=item2e3c12b0ed:g:v2kAAeSwQBhqWY31,https://i.ebayimg.com/images/g/v2kAAeSwQBhqWY31/s-l225.jpg
打包杂件,64.0,"Vintage Olympus OM-1 35mm Film Camera w/ 50mm f/1.8 Lens, Extras, Bundle",Olympus,Film Cameras,Used,225.0,USD,"FIXED_PRICE,BEST_OFFER",22,1600,grail:OM-1;mount:olympus om,US,joey_deals585,100.0,2026-08-16T23:17:40.000Z,,https://www.ebay.com/itm/366609986378?hash=item555ba8734a:g:UQAAAeSwk-9qgkHi,https://i.ebayimg.com/images/g/UQAAAeSwk-9qgkHi/s-l225.jpg
型号不明,64.0,Leica Elmar m 5cm f/2.8 collapsible TESTED READ,Leica,Vintage Lenses,,310.0,USD,"FIXED_PRICE,BEST_OFFER",5,1600,grail:Elmar,US,leo_1058,100.0,2026-08-16T20:58:38.000Z,,https://www.ebay.com/itm/237010458795?hash=item372eec98ab:g:vMEAAeSwhP1qgiIi,https://i.ebayimg.com/images/g/vMEAAeSwhP1qgiIi/s-l225.jpg
查无市价,64.0,Zeiss Ikon Stuttgart RF CONTAX IIIa camera + Zeiss Opton Sonnar f1.5 50mm + Case,Zeiss,Vintage Cameras,,769.99,USD,"FIXED_PRICE,BEST_OFFER",21,942,grail:Sonnar;mount:canon rf,US,cyberducksupply,99.5,2026-08-16T18:50:45.000Z,,https://www.ebay.com/itm/398293138622?hash=item5cbc1efcbe:g:fkIAAeSwnhxovzYR,https://i.ebayimg.com/images/g/fkIAAeSwnhxovzYR/s-l225.jpg
残件/按现状,63.0,canon canonet ql17 giii 35mm rangefinder camera,Canon,Film Cameras,For parts or not working,0.0,USD,AUCTION,6,1600,grail:canonet;auction,US,brad-a.,100.0,2026-08-17T00:23:35.000Z,2026-08-24T00:23:35.000Z,https://www.ebay.com/itm/307130515990?hash=item478267c216:g:F~MAAeSwgIBqglAm,https://i.ebayimg.com/images/g/F~MAAeSwgIBqglAm/s-l225.jpg
残件/按现状,63.0,Canon Canonet QL17 GIII G3 40mm f/1.7 UNTESTED,Canon,Film Cameras,Used,0.0,USD,"AUCTION,BEST_OFFER",6,1600,grail:Canonet;as-is;auction,US,slairkoss,100.0,2026-08-16T18:39:46.000Z,2026-08-23T18:39:46.000Z,https://www.ebay.com/itm/287529048801?hash=item42f2111ae1:g:15oAAeSwVRdqCkoW,https://i.ebayimg.com/images/g/15oAAeSwVRdqCkoW/s-l225.jpg
打包杂件,63.0,Nikon Coolpix S9 6.1MP Digital Point & Shoot Camera Silver Bundle Tested Boxed,Nikon,Digital Cameras,Used,39.99,USD,FIXED_PRICE,7,1600,good-cond;underpriced(med 246),US,goodwillsocalshop,99.7,2026-08-16T13:58:23.000Z,,https://www.ebay.com/itm/267759038132?hash=item3e57aeaeb4:g:1scAAeSwiiFqeIb6,https://i.ebayimg.com/images/g/1scAAeSwiiFqeIb6/s-l225.jpg
型号不明,63.0,CANON lens Used,Canon,Lenses,Used,97.66,USD,FIXED_PRICE,5,1200,underpriced(med 300),JP,beecruise04,98.5,2026-08-16T18:38:43.000Z,,https://www.ebay.com/itm/318739931248?hash=item4a36616070:g:gN4AAeSw8TRqggQx,https://i.ebayimg.com/images/g/gN4AAeSw8TRqggQx/s-l225.jpg
型号不明,63.0,CANON LENS EF50mm F1.8 II Used,Canon,Lenses,Used,108.25,USD,FIXED_PRICE,5,1200,underpriced(med 300),JP,beecruise04,98.5,2026-08-16T20:39:45.000Z,,https://www.ebay.com/itm/318740309088?hash=item4a36672460:g:tlwAAeSwVNpqgiJw,https://i.ebayimg.com/images/g/tlwAAeSwVNpqgiJw/s-l225.jpg
型号不明,63.0,CANON lens efs18-55 Used,Canon,Lenses,Used,108.25,USD,FIXED_PRICE,5,1200,underpriced(med 300),JP,beecruise04,98.5,2026-08-16T18:38:47.000Z,,https://www.ebay.com/itm/318739931326?hash=item4a366160be:g:TKsAAeSw3DNqggQx,https://i.ebayimg.com/images/g/TKsAAeSw3DNqggQx/s-l225.jpg
型号不明,63.0,CANON Lens 1:5.6 Used,Canon,Lenses,Used,118.83,USD,FIXED_PRICE,5,1200,underpriced(med 300),JP,beecruise04,98.5,2026-08-16T20:39:54.000Z,,https://www.ebay.com/itm/318740309239?hash=item4a366724f7:g:mlEAAeSwjWhqgiEL,https://i.ebayimg.com/images/g/mlEAAeSwjWhqgiEL/s-l225.jpg
查无市价,63.0,[Near MINT] Wista Rittreck View 4x5 Large Format Field Camera Body From JAPAN,Wista,Film Cameras,Used,499.0,USD,FIXED_PRICE,17,1600,good-cond,JP,lc.consu-8,99.9,2026-08-16T15:54:26.000Z,,https://www.ebay.com/itm/398292657712?hash=item5cbc17a630:g:zrgAAeSw19lqgd2v,https://i.ebayimg.com/images/g/zrgAAeSw19lqgd2v/s-l225.jpg
残件/按现状,63.0,"Contax G1 ""Silver Label"" w/ Sonnar 90mm f2.8 & Spare Parts Body",Contax,Film Cameras,Used,750.0,USD,"FIXED_PRICE,BEST_OFFER",14,1204,grail:Contax G1,US,josriv25,100.0,2026-08-16T19:05:52.000Z,,https://www.ebay.com/itm/168618575327?hash=item27427345df:g:t0wAAeSwXudqggk8,https://i.ebayimg.com/images/g/t0wAAeSwXudqggk8/s-l225.jpg
查无市价,63.0,Rare 🎦 [UNUSED] LEICA M6 Ein Stuck w/SUMMILUX-M 35mm F1.4 APSH. Lens From Japan,Leica,Film Cameras,Used,8699.49,USD,FIXED_PRICE,23,1600,grail:LEICA M6,JP,kobe_japan_camera,99.2,2026-08-16T12:41:22.000Z,,https://www.ebay.com/itm/318738734874?hash=item4a364f1f1a:g:CjcAAeSwBdhqLWzU,https://i.ebayimg.com/images/g/CjcAAeSwBdhqLWzU/s-l225.jpg
型号不明,62.0,Nikon Nippon Kogaku Nikkor-Q 20Cm 1:4 Lens Fixed Focal Length (Nikon F),Nikon,Lenses,Used,101.77,USD,"FIXED_PRICE,BEST_OFFER",4,1600,mount:nikon f;underpriced(med 240),DE,easybuyshop,99.9,2026-08-16T05:26:46.000Z,,https://www.ebay.com/itm/820008361379?hash=itembeec4e9da3:g:KpEAAeSw3lhqgTXj,https://i.ebayimg.com/images/g/KpEAAeSw3lhqgTXj/s-l225.jpg
残件/按现状,62.0,[For Parts/Junk] Nikon F2 Photomic Silver DP-1 35mm SLR Film Camera Body #261,Nikon,Film Cameras,Used,200.42,USD,FIXED_PRICE,23,1600,grail:Nikon F2;as-is,JP,his50s,100.0,2026-08-17T00:52:03.000Z,,https://www.ebay.com/itm/188804061231?hash=item2bf599582f:g:4qoAAeSwNbRqMOLY,https://i.ebayimg.com/images/g/4qoAAeSwNbRqMOLY/s-l225.jpg
打包杂件,62.0,"Canon AE-1 (Black) With 2 Lenses, Flash, Grip, & Filters, Lot 434",Canon,Film Cameras,Used,227.5,USD,"FIXED_PRICE,AUCTION",17,1600,grail:AE-1;auction,US,toys4steve1,99.8,2026-08-17T00:00:01.000Z,2026-08-24T00:00:01.000Z,https://www.ebay.com/itm/800519940683?hash=itemba62b4ea4b:g:LlMAAeSwQQxqgi8S,https://i.ebayimg.com/images/g/LlMAAeSwQQxqgi8S/s-l225.jpg
查无市价,62.0,PENTAX LX Ebony Grip Pimp_my_pentax Custom Order,Pentax,Film Cameras,Used,228.91,USD,FIXED_PRICE,3,0,grail:PENTAX LX,JP,keibun,100.0,2026-08-17T04:32:10.000Z,,https://www.ebay.com/itm/287529814588?hash=item42f21cca3c:g:7qsAAeSwls1qgo8J,https://i.ebayimg.com/images/g/7qsAAeSwls1qgo8J/s-l225.jpg
残件/按现状,62.0,【For repair】Pentax LX 35mm Film Camera Late Model From Japan #1076,Pentax,Film Cameras,Used,262.99,USD,FIXED_PRICE,15,1600,grail:Pentax LX;as-is,JP,koji_kkjapan,99.7,2026-08-16T23:46:54.000Z,,https://www.ebay.com/itm/227478839556?hash=item34f6cba104:g:ObEAAeSw0sdqcu4h,https://i.ebayimg.com/images/g/ObEAAeSw0sdqcu4h/s-l225.jpg
残件/按现状,62.0,【AS IS】 Nikon F4 AA battery powered FromJapan #am9457,Nikon,Film Cameras,For parts or not working,284.42,USD,FIXED_PRICE,4,1196,grail:Nikon F4;as-is,JP,somtom_9,99.3,2026-08-17T02:15:03.000Z,,https://www.ebay.com/itm/188804355607?hash=item2bf59dd617:g:zMwAAeSwKTRqgm7o,https://i.ebayimg.com/images/g/zMwAAeSwKTRqgm7o/s-l225.jpg
查无市价,62.0,[MINT] Asahi Pentax SMC T Takumar 6x7 67 400mm f/4 Telephoto P67 Lens From JAPAN,Asahi,Lenses,Used,348.99,USD,FIXED_PRICE,14,0,grail:6x7;good-cond,JP,immmmm_30,100.0,2026-08-17T01:59:43.000Z,,https://www.ebay.com/itm/398294166707?hash=item5cbc2eacb3:g:ig8AAeSw8vxqgmuM,https://i.ebayimg.com/images/g/ig8AAeSw8vxqgmuM/s-l225.jpg
打包杂件,62.0,"TESTED Canon AE-1 Program 35mm Film Camera Kit + 4 Lenses, Gemini Bag BUNDLE",Canon,Film Cameras,Used,400.0,USD,"FIXED_PRICE,AUCTION",11,1600,grail:AE-1;auction,US,thysnthat,100.0,2026-08-17T02:15:06.000Z,2026-08-24T02:15:06.000Z,https://www.ebay.com/itm/198576399383?hash=item2e3c136417:g:0GsAAeSwMeVqgm5Y,https://i.ebayimg.com/images/g/0GsAAeSwMeVqgm5Y/s-l225.jpg
型号不明,62.0,Voigtlander NOKTON D23mm F/1.2 ASPH. (for Nikon Z / APS-C) -Near Mint- #82,Voigtlander,Lenses,Very Good - Refurbished,438.0,USD,FIXED_PRICE,23,700,grail:NOKTON;good-cond,JP,mapcamera,100.0,2026-08-16T07:52:03.000Z,,https://www.ebay.com/itm/377422258399?hash=item57e01ea0df:g:YOUAAeSwSOpqgWwW,https://i.ebayimg.com/images/g/YOUAAeSwSOpqgWwW/s-l225.jpg
型号不明,62.0,Pentax 645 [Near MINT] Medium Format Film Camera Body 120 Film Back Tested,Pentax,Film Cameras,Used,488.0,USD,FIXED_PRICE,23,1600,grail:645;good-cond,JP,tokyoberry-camera,100.0,2026-08-17T06:12:30.000Z,,https://www.ebay.com/itm/407150447648?hash=item5ecc0ecc20:g:lUoAAeSwXMpqP85v,https://i.ebayimg.com/images/g/lUoAAeSwXMpqP85v/s-l225.jpg
图片过小,62.0,MAMIYA 645 1000S film Camera Mamiya-Sekor C 80mm f2.8 233829,Mamiya,Film Cameras,Used,599.63,USD,FIXED_PRICE,9,600,grail:645,JP,digree_japan,99.7,2026-08-16T16:02:47.000Z,,https://www.ebay.com/itm/307129963287?hash=item47825f5317:g:A9MAAeSw5Vxqgd-j,https://i.ebayimg.com/images/g/A9MAAeSw5Vxqgd-j/s-l225.jpg
查无市价,62.0,Mamiya 645 PRO BODY 879263,Mamiya,Film Cameras,Used,705.24,USD,FIXED_PRICE,9,1200,grail:645,JP,digree_japan,99.7,2026-08-16T16:02:47.000Z,,https://www.ebay.com/itm/307129963291?hash=item47825f531b:g:98UAAeSw1KtqgeBV,https://i.ebayimg.com/images/g/98UAAeSw1KtqgeBV/s-l225.jpg
查无市价,62.0,Rare! [MINT in Case] Mamiya Apo Sekor Z 500mm f6 Lens for RZ67 II IID From JAPAN,Mamiya,Lenses,Used,899.99,USD,FIXED_PRICE,8,1600,grail:RZ67;good-cond,JP,hideyo_88,100.0,2026-08-16T09:47:48.000Z,,https://www.ebay.com/itm/318738110506?hash=item4a3645982a:g:hzEAAeSwg3NqgYfC,https://i.ebayimg.com/images/g/hzEAAeSwg3NqgYfC/s-l225.jpg
查无市价,62.0,[Exc+5] LCD Works Ricoh GR1V 35mm Point Shoot Film Camera From JAPAN,Ricoh,Film Cameras,Used,999.99,USD,"FIXED_PRICE,BEST_OFFER",12,1600,grail:GR1V;good-cond,JP,himeji-japan-collection,99.4,2026-08-17T03:52:18.000Z,,https://www.ebay.com/itm/366610352008?hash=item555bae0788:g:exEAAeSw0Plp5HPB,https://i.ebayimg.com/images/g/exEAAeSw0Plp5HPB/s-l225.jpg
查无市价,62.0,Hasselblad 500C/M BODY 813930,Hasselblad,Film Cameras,Used,1054.67,USD,FIXED_PRICE,9,1200,grail:500C,JP,digree_japan,99.7,2026-08-16T16:02:47.000Z,,https://www.ebay.com/itm/307129963292?hash=item47825f531c:g:h90AAeSwSKxqgd9n,https://i.ebayimg.com/images/g/h90AAeSwSKxqgd9n/s-l225.jpg
型号不明,62.0,🎦S/N 621xxxx【 Near MINT 】Nikon SP Black Rangefinder Camera + 5cm f/2 From JAPAN,Nikon,Film Cameras,Used,1199.98,USD,FIXED_PRICE,21,1600,grail:Nikon SP;good-cond,JP,full-moon_camera_tokyo,99.8,2026-08-16T13:04:03.000Z,,https://www.ebay.com/itm/366609148591?hash=item555b9baaaf:g:rE0AAeSw9vlpADwD,https://i.ebayimg.com/images/g/rE0AAeSw9vlpADwD/s-l225.jpg
型号不明,62.0,🎦【 Near MINT 】Nikon SP Black Rangefinder Film Camera + 5cm f/2 Lens From JAPAN,Nikon,Film Cameras,Used,1199.98,USD,FIXED_PRICE,20,1600,grail:Nikon SP;good-cond,JP,full-moon_camera_tokyo,99.8,2026-08-16T13:03:29.000Z,,https://www.ebay.com/itm/366609147859?hash=item555b9ba7d3:g:D8QAAeSwdwtpEYBm,https://i.ebayimg.com/images/g/D8QAAeSwdwtpEYBm/s-l225.jpg
型号不明,62.0,🎦S/N 623xxxx【 Near MINT 】Nikon SP Black Rangefinder Camera 5cm f/2 Silver JAPAN,Nikon,Film Cameras,Used,1199.98,USD,FIXED_PRICE,18,1600,grail:Nikon SP;good-cond,JP,full-moon_camera_tokyo,99.8,2026-08-16T13:02:45.000Z,,https://www.ebay.com/itm/366609146780?hash=item555b9ba39c:g:NxoAAeSwHeJpFTOx,https://i.ebayimg.com/images/g/NxoAAeSwHeJpFTOx/s-l225.jpg
查无市价,62.0,LCD Perfect! [ Top MINT w/ Case ] Ricoh GR1V Black 35mm Film Camera From JAPAN,Ricoh,Film Cameras,Used,1599.9,USD,FIXED_PRICE,11,1000,grail:GR1V;good-cond,JP,tpjgad67,100.0,2026-08-16T14:49:34.000Z,,https://www.ebay.com/itm/307129829363?hash=item47825d47f3:g:5noAAeSwL~Nqgc59,https://i.ebayimg.com/images/g/5noAAeSwL~Nqgc59/s-l225.jpg
查无市价,62.0,[UNUSED in Box] Hasselblad 503CW Black Body 6x6 Medium Format Film Camera JAPAN,Hasselblad,Film Cameras,Used,3799.99,USD,FIXED_PRICE,17,1600,grail:503CW,JP,camera-lady777,100.0,2026-08-16T23:45:10.000Z,,https://www.ebay.com/itm/158196031416?hash=item24d537dfb8:g:9R4AAeSwn~xqgkwE,https://i.ebayimg.com/images/g/9R4AAeSwn~xqgkwE/s-l225.jpg
残件/按现状,61.0,Asahi Pentax Spotmatic 35mm SLR Film Camera With 55mm Lens for Parts/Repair,Asahi,Vintage Cameras,,0.0,USD,AUCTION,11,1600,grail:Spotmatic;55mm;as-is;auction,US,laurakim3,100.0,2026-08-16T23:51:31.000Z,2026-08-26T23:51:31.000Z,https://www.ebay.com/itm/278287634742?hash=item40cb3c5136:g:7qYAAeSwhLBqJHf4,https://i.ebayimg.com/images/g/7qYAAeSwhLBqJHf4/s-l225.jpg
残件/按现状;打包杂件,61.0,Lot Of 9 Minolta 35mm Point And Shoot Film Cameras For PARTS OR REPAIR Only,Minolta,Film Cameras,For parts or not working,45.0,USD,"FIXED_PRICE,BEST_OFFER",16,1200,as-is,US,themidwestcollective,100.0,2026-08-16T16:17:37.000Z,,https://www.ebay.com/itm/278286649224?hash=item40cb2d4788:g:aLgAAeSwcGlqWWNX,https://i.ebayimg.com/images/g/aLgAAeSwcGlqWWNX/s-l225.jpg
残件/按现状,61.0,Minolta SR T 101 Kalimar 80-200mm lens - SHUTTER FIRES untested with film,Minolta,Film Cameras,For parts or not working,46.52,USD,"FIXED_PRICE,BEST_OFFER",9,1600,as-is,US,smallbatchfarms,99.9,2026-08-16T09:23:24.000Z,,https://www.ebay.com/itm/377422405664?hash=item57e020e020:g:Mo0AAeSwCGpptcXv,https://i.ebayimg.com/images/g/Mo0AAeSwCGpptcXv/s-l225.jpg
残件/按现状,61.0,Vintage Minolta X-9 35mm Camera w/35-70mm lens | Untested,Minolta,Film Cameras,Used,51.99,USD,FIXED_PRICE,8,1600,as-is,US,southwestereaders,99.9,2026-08-17T11:47:24.000Z,,https://www.ebay.com/itm/137631516410?hash=item200b7a46fa:g:MqsAAeSw6QhqaoI8,https://i.ebayimg.com/images/g/MqsAAeSw6QhqaoI8/s-l225.jpg
残件/按现状,61.0,Minolta Maxxum 7 / Dynax 7 / a-7 35mm Film Camera Body - for parts (READ),Minolta,Film Cameras,For parts or not working,55.99,USD,FIXED_PRICE,7,1600,as-is,US,madtabula,100.0,2026-08-17T02:07:01.000Z,,https://www.ebay.com/itm/147509672858?hash=item225842fb9a:g:VYgAAeSwAuVqghj3,https://i.ebayimg.com/images/g/VYgAAeSwAuVqghj3/s-l225.jpg
打包杂件,61.0,Fujifilm Instax Mini 9 Instant Camera Purple Pink Two-Tone Bundle with Case New,Fujifilm,Film Cameras,Used,56.48,USD,"FIXED_PRICE,BEST_OFFER",13,1600,,US,secondhandshutterllc,99.9,2026-08-16T18:55:28.000Z,,https://www.ebay.com/itm/168618560524?hash=item2742730c0c:g:8MEAAeSwjYdqWTAl,https://i.ebayimg.com/images/g/8MEAAeSwjYdqWTAl/s-l225.jpg
型号不明,61.0,Minolta 110 Zoom SLR Vintage Film Camera with Case - Japan - Not Film Tested,Minolta,Film Cameras,Used,59.99,USD,FIXED_PRICE,12,1600,,US,michaelx64,99.9,2026-08-16T17:38:10.000Z,,https://www.ebay.com/itm/366609610903?hash=item555ba2b897:g:tToAAeSw3bJqgfTr,https://i.ebayimg.com/images/g/tToAAeSw3bJqgfTr/s-l225.jpg
残件/按现状,61.0,Ricoh XR7 35mm SLR Camera w/ Rokinon 80-200 mm lens & Sunpak 422 Flash UNTESTED,Ricoh,Film Cameras,Used,59.99,USD,"FIXED_PRICE,BEST_OFFER",12,1304,as-is,US,guyusaf,100.0,2026-08-16T14:23:12.000Z,,https://www.ebay.com/itm/327313096969?hash=item4c35618109:g:uAEAAeSwZSxpatrx,https://i.ebayimg.com/images/g/uAEAAeSwZSxpatrx/s-l225.jpg
残件/按现状,61.0,Nikon FE 35mm SLR Film Camera Chrome Kit w/ 50mm f/1.8 Lens,Nikon,Film Cameras,For parts or not working,120.0,USD,FIXED_PRICE,8,1599,mount:sony e,US,prez342,100.0,2026-08-16T23:05:49.000Z,,https://www.ebay.com/itm/287529368294?hash=item42f215fae6:g:n9EAAeSwfDJqgkGS,https://i.ebayimg.com/images/g/n9EAAeSwfDJqgkGS/s-l225.jpg
残件/按现状,61.0,Nikon FM10 Camera With Zoom-NIKKOR 35-70mm F/3.5-4.8 MF Lens,Nikon,Film Cameras,For parts or not working,125.0,USD,"FIXED_PRICE,BEST_OFFER",13,1600,mount:nikon f,US,themartinmerchants,99.7,2026-08-16T21:09:18.000Z,,https://www.ebay.com/itm/366609844289?hash=item555ba64841:g:pG8AAeSwBXxqgiZw,https://i.ebayimg.com/images/g/pG8AAeSwBXxqgiZw/s-l225.jpg
查无市价,61.0,[ TOP MINT ] Fujifilm EPION Safety First 安全第一 APS Film Camera JP #r17181/82,Fujifilm,Film Cameras,Used,136.99,USD,FIXED_PRICE,19,0,good-cond,JP,z1came-0,99.7,2026-08-16T14:29:14.000Z,,https://www.ebay.com/itm/407148953819?hash=item5ecbf800db:g:hWYAAeSwctZp3z0W,https://i.ebayimg.com/images/g/hWYAAeSwctZp3z0W/s-l225.jpg
残件/按现状,61.0,🎬 [MINT-] Konica Autoreflex T3 SLR Film Camera Body From JAPAN,Konica,Film Cameras,For parts or not working,139.99,USD,"FIXED_PRICE,BEST_OFFER",20,720,good-cond,JP,ikut_jp2014,98.1,2026-08-17T01:42:29.000Z,,https://www.ebay.com/itm/158196327210?hash=item24d53c632a:g:lbUAAeSw~wRqgmPC,https://i.ebayimg.com/images/g/lbUAAeSw~wRqgmPC/s-l225.jpg
查无市价,61.0,【EXC】 Nikon FE silver FromJapan #am9559,Nikon,Film Cameras,Used,180.59,USD,FIXED_PRICE,4,0,mount:sony e;good-cond,JP,somtom_9,99.3,2026-08-17T02:17:05.000Z,,https://www.ebay.com/itm/188804357102?hash=item2bf59ddbee:g:udYAAeSwEi9qgnBQ,https://i.ebayimg.com/images/g/udYAAeSwEi9qgnBQ/s-l225.jpg
型号不明,61.0,SHARAN MegaHouse Nikon F Silver [Near MINT in Box] Mini Classic Film Camera,Nikon,Film Cameras,Used,238.0,USD,FIXED_PRICE,19,1600,mount:nikon f;good-cond,JP,tokyoberry-camera,100.0,2026-08-17T06:02:53.000Z,,https://www.ebay.com/itm/407150427517?hash=item5ecc0e7d7d:g:zUEAAOSwQXxmJnPp,https://i.ebayimg.com/images/g/zUEAAOSwQXxmJnPp/s-l225.jpg
查无市价,61.0,[MINT] CANON LENS 50mm f/1.4 Leica Screw Mount LTM L39 From JAPAN 3018851,Canon,Film Cameras,Used,239.99,USD,FIXED_PRICE,11,0,mount:ltm/l39;good-cond,JP,sakurafocus,100.0,2026-08-16T13:10:46.000Z,,https://www.ebay.com/itm/128029453666?hash=item1dcf266d62:g:oyAAAeSwDp1qgbdT,https://i.ebayimg.com/images/g/oyAAAeSwDp1qgbdT/s-l225.jpg
查无市价,61.0,RARE!! Nikkor-Q.C [Exc+5] Airesflex Z TLR Film Camera 75mm f3.5 Lens From JAPAN,Nikkor,Film Cameras,Used,264.8,USD,FIXED_PRICE,11,0,mount:nikon f;good-cond,JP,arigato-jpn,100.0,2026-08-16T08:16:25.000Z,,https://www.ebay.com/itm/137627200673?hash=item200b386ca1:g:P-kAAeSwAlppyjZX,https://i.ebayimg.com/images/g/P-kAAeSwAlppyjZX/s-l225.jpg
查无市价,61.0,[MINT] Canon VI-L VIL 35mm Rangefinder Film Camera Body L39 LTM Mount From JAPAN,Canon,Film Cameras,Used,349.99,USD,FIXED_PRICE,13,0,mount:ltm/l39;good-cond,JP,dka.232,100.0,2026-08-17T01:56:25.000Z,,https://www.ebay.com/itm/820012023770?hash=itembeec867fda:g:ZOMAAeSwhrBqgmsA,https://i.ebayimg.com/images/g/ZOMAAeSwhrBqgmsA/s-l225.jpg
查无市价,61.0,Leitz Leica IIIf No. 627858 Rangefinder Camera Housing Body Screw Leica (L39),Leitz,Vintage Cameras,,763.41,USD,"FIXED_PRICE,BEST_OFFER",3,1600,grail:Leica IIIf;mount:ltm/l39,DE,easybuyshop,99.9,2026-08-17T05:00:14.000Z,,https://www.ebay.com/itm/318742035190?hash=item4a36817af6:g:DCwAAeSwCN1qglBA,https://i.ebayimg.com/images/g/DCwAAeSwCN1qglBA/s-l225.jpg
查无市价,60.0,LEICA III Rangefinder Camera with Elmar Lens by Ernst Leitz Wetzlar D.R.P.,Leica,Vintage Cameras,,502.46,USD,"FIXED_PRICE,BEST_OFFER",14,1600,grail:LEICA III,GB,vintagefotos,100.0,2026-08-16T10:37:15.000Z,,https://www.ebay.com/itm/117362424523?hash=item1b53587acb:g:~e0AAeSwjSBqdwVJ,https://i.ebayimg.com/images/g/~e0AAeSwjSBqdwVJ/s-l225.jpg
查无市价,60.0,Vintage Leica LEICA IIIc Rangefinder Camera With Elmar Lens,Leica,Vintage Cameras,,521.73,USD,"FIXED_PRICE,BEST_OFFER",15,1600,grail:LEICA IIIc,GB,vintagefotos,100.0,2026-08-16T10:37:15.000Z,,https://www.ebay.com/itm/117362424532?hash=item1b53587ad4:g:4C0AAeSwIGNqdvxM,https://i.ebayimg.com/images/g/4C0AAeSwIGNqdvxM/s-l225.jpg
残件/按现状,59.0,Olympus FE-230 7.1 MP Digital Camera Silver Compact For Parts Repair Untested,Olympus,Digital Cameras,For parts or not working,25.95,USD,"FIXED_PRICE,BEST_OFFER",23,1033,mount:sony e;as-is;underpriced(med 206),US,vamp_undertaking,99.5,2026-08-16T17:11:20.000Z,,https://www.ebay.com/itm/168618394388?hash=item2742708314:g:KPUAAeSw-BhqCOzL,https://i.ebayimg.com/images/g/KPUAAeSw-BhqCOzL/s-l225.jpg
残件/按现状,59.0,Olympus Digital Camera FE 370 8MP Point-and-Shoot AF Zoom 6.3-31.5mm PARTS ONLY,Olympus,Digital Cameras,For parts or not working,34.98,USD,"FIXED_PRICE,BEST_OFFER",5,1600,mount:sony e;as-is;underpriced(med 206),US,naiyema,100.0,2026-08-16T14:21:08.000Z,,https://www.ebay.com/itm/366609269311?hash=item555b9d823f:g:r7IAAeSw3e1pF1ah,https://i.ebayimg.com/images/g/r7IAAeSw3e1pF1ah/s-l225.jpg
打包杂件,59.0,Olympus FE-46 12MP Compact Digital Camera Black 5x Optical Zoom Flash: Bundle,Olympus,Digital Cameras,Used,39.99,USD,"FIXED_PRICE,BEST_OFFER",14,1600,mount:sony e;underpriced(med 206),US,bargains4u54,100.0,2026-08-16T11:51:42.000Z,,https://www.ebay.com/itm/227478191494?hash=item34f6c1bd86:g:K50AAeSwvgtqgaLa,https://i.ebayimg.com/images/g/K50AAeSwvgtqgaLa/s-l225.jpg
打包杂件,59.0,Rollei Projar Lens 85mm f/2.8 + Remote Cables + Accessories Lot,Rollei,Vintage Lenses,,49.99,USD,"FIXED_PRICE,BEST_OFFER",8,1600,,US,venturay1803,99.8,2026-08-16T09:50:08.000Z,,https://www.ebay.com/itm/206495112102?hash=item3014115ba6:g:HLgAAeSwqdxozjQE,https://i.ebayimg.com/images/g/HLgAAeSwqdxozjQE/s-l225.jpg
残件/按现状,59.0,Canon Xti camera Canon EF 75-300 1:4-5.6 II lens set . Working but for parts,Canon,Digital Cameras,For parts or not working,50.0,USD,"FIXED_PRICE,BEST_OFFER",12,1600,mount:canon ef;as-is;underpriced(med 338),US,aelvitct,100.0,2026-08-16T21:51:08.000Z,,https://www.ebay.com/itm/137629408861?hash=item200b5a1e5d:g:Dn8AAeSwMjhqgjDD,https://i.ebayimg.com/images/g/Dn8AAeSwMjhqgjDD/s-l225.jpg
残件/按现状,59.0,【AS IS】 RICOH A-2 35mm F2.8 FromJapan #am9436,Ricoh,Film Cameras,For parts or not working,68.39,USD,FIXED_PRICE,4,1196,as-is,JP,somtom_9,99.3,2026-08-17T02:14:27.000Z,,https://www.ebay.com/itm/188804355168?hash=item2bf59dd460:g:W1UAAeSwThVqgm-v,https://i.ebayimg.com/images/g/W1UAAeSwThVqgm-v/s-l225.jpg
残件/按现状,59.0,【AS IS】 Olympus TRIP 35 40mm F2.8 FromJapan #am9560,Olympus,Film Cameras,For parts or not working,75.69,USD,FIXED_PRICE,4,1196,as-is,JP,somtom_9,99.3,2026-08-17T02:17:06.000Z,,https://www.ebay.com/itm/188804357112?hash=item2bf59ddbf8:g:370AAeSwK~Zqgm-f,https://i.ebayimg.com/images/g/370AAeSwK~Zqgm-f/s-l225.jpg
残件/按现状,59.0,Canon Autoboy 3 Quartz Date Sure Shot Top Shot 35mm Film Camera Untested Case,Canon,Film Cameras,Used,77.26,USD,FIXED_PRICE,14,1200,as-is,JP,hiro165r,99.2,2026-08-16T13:15:50.000Z,,https://www.ebay.com/itm/237009710367?hash=item372ee12d1f:g:AWoAAeSwWatqgbhF,https://i.ebayimg.com/images/g/AWoAAeSwWatqgbhF/s-l225.jpg
残件/按现状,59.0,Vintage Yashica Electro 35 GT Black 35mm Film Camera 45mm F1.7 Lens Untested,Yashica,Film Cameras,Used,77.26,USD,FIXED_PRICE,4,1200,as-is,JP,hiro165r,99.2,2026-08-16T13:01:14.000Z,,https://www.ebay.com/itm/237009688612?hash=item372ee0d824:g:UMgAAeSww5NqgbXG,https://i.ebayimg.com/images/g/UMgAAeSww5NqgbXG/s-l225.jpg
型号不明,59.0,canon zoom lens,Canon,Lenses,Used,80.0,USD,"FIXED_PRICE,BEST_OFFER",5,1600,underpriced(med 300),US,jemaywe4,100.0,2026-08-16T20:08:01.000Z,,https://www.ebay.com/itm/398289833473?hash=item5cbbec8e01:g:X6oAAeSwBclqgMY9,https://i.ebayimg.com/images/g/X6oAAeSwBclqgMY9/s-l225.jpg
型号不明,59.0,Showa Retro! Rare Item! Canon QL,Canon,Film Cameras,Used,82.43,USD,FIXED_PRICE,8,1080,,JP,tukemai,100.0,2026-08-16T15:35:11.000Z,,https://www.ebay.com/itm/407149040055?hash=item5ecbf951b7:g:MOsAAeSwFU5qgdmd,https://i.ebayimg.com/images/g/MOsAAeSwFU5qgdmd/s-l225.jpg
残件/按现状;打包杂件,59.0,"Lot of Vintage Camera Lenses Canon, Yashica, Vivid, Hanimar, Gemini ~ Untested",Canon,Lenses,Used,85.0,USD,FIXED_PRICE,12,1599,as-is;underpriced(med 300),US,drcross12x12,99.8,2026-08-16T21:56:17.000Z,,https://www.ebay.com/itm/377424024966?hash=item57e0399586:g:NEcAAeSw5fZqggCl,https://i.ebayimg.com/images/g/NEcAAeSw5fZqggCl/s-l225.jpg
残件/按现状,59.0,【AS IS】 Canon Autoboy TELE 6 DATE 35/60mm F3.5/5.6 FromJapan #am9460,Canon,Film Cameras,For parts or not working,87.23,USD,FIXED_PRICE,4,1196,as-is,JP,somtom_9,99.3,2026-08-17T02:15:10.000Z,,https://www.ebay.com/itm/188804355684?hash=item2bf59dd664:g:tZcAAeSwIDhqgm8q,https://i.ebayimg.com/images/g/tZcAAeSwIDhqgm8q/s-l225.jpg
型号不明,59.0,Canon Vintage Film Camera,Canon,Film Cameras,Used,95.46,USD,FIXED_PRICE,7,1080,,JP,tukemai,100.0,2026-08-16T15:40:07.000Z,,https://www.ebay.com/itm/407149045005?hash=item5ecbf9650d:g:v0wAAeSwVhJqgdpV,https://i.ebayimg.com/images/g/v0wAAeSwVhJqgdpV/s-l225.jpg
型号不明,59.0,Nikon AF-S Teleconverter TC-17EII,Nikon,Lenses,Used,100.0,USD,"FIXED_PRICE,BEST_OFFER",0,1299,underpriced(med 240),US,nikongearfrombob,0.0,2026-08-16T13:00:01.000Z,,https://www.ebay.com/itm/377421468702?hash=item57e012941e:g:zYgAAeSwUrdqgOvR,https://i.ebayimg.com/images/g/zYgAAeSwUrdqgOvR/s-l225.jpg
残件/按现状,59.0,Mamiya C3 Professional TLR Camera 135mm f/4.5 Sekor Porroflex Untested AS-IS,Mamiya,Film Cameras,For parts or not working,249.99,USD,"FIXED_PRICE,BEST_OFFER",7,1600,as-is,US,hannasado,100.0,2026-08-16T07:34:18.000Z,,https://www.ebay.com/itm/820008698287?hash=itembeec53c1af:g:CUwAAeSwvnpqgWb9,https://i.ebayimg.com/images/g/CUwAAeSwvnpqgWb9/s-l225.jpg
残件/按现状,58.0,Minolta SRT-101 35MM film camera,Minolta,Film Cameras,For parts or not working,0.0,USD,AUCTION,4,1600,grail:SRT-101;auction,US,wynon-75,100.0,2026-08-17T11:38:50.000Z,2026-08-22T11:38:50.000Z,https://www.ebay.com/itm/188806269584?hash=item2bf5bb0a90:g:uLAAAeSwehZqgvFR,https://i.ebayimg.com/images/g/uLAAAeSwehZqgvFR/s-l225.jpg
打包杂件,58.0,Asahi Pentax Spotmatic SP11 SLR Camera Takumar 1.4/50mm Bundle,Asahi,Vintage Cameras,,0.0,USD,AUCTION,13,1600,grail:Spotmatic;auction,US,jtslim519,100.0,2026-08-17T01:55:01.000Z,2026-08-24T01:55:01.000Z,https://www.ebay.com/itm/178413987344?hash=item298a4d6610:g:OfoAAOSw8blmeC0v,https://i.ebayimg.com/images/g/OfoAAOSw8blmeC0v/s-l225.jpg
残件/按现状,58.0,BRONICA ETR 150MM F/4 FOR PARTS ONLY,Bronica,Lenses,For parts or not working,0.0,USD,AUCTION,3,1000,grail:BRONICA ETR;as-is;auction,US,huntsphotoandvideo.com,99.8,2026-08-17T01:30:24.000Z,2026-08-24T01:30:24.000Z,https://www.ebay.com/itm/377424460481?hash=item57e0403ac1:g:kZUAAeSwHiJqgmTq,https://i.ebayimg.com/images/g/kZUAAeSwHiJqgmTq/s-l225.jpg
残件/按现状,58.0,Nikon FE2 SLR 35mm Film Camera Body in Black + Manuals in Box *Read Description*,Nikon,Film Cameras,For parts or not working,0.0,USD,AUCTION,20,1600,grail:FE2;auction,US,jeremyk15,99.9,2026-08-17T01:09:01.000Z,2026-08-24T01:09:01.000Z,https://www.ebay.com/itm/198576115432?hash=item2e3c0f0ee8:g:~44AAeSwm6tqgkkL,https://i.ebayimg.com/images/g/~44AAeSwm6tqgkkL/s-l225.jpg
型号不明,58.0,BRONICA S2 CAMERA 66 X2 TELE CONVERTER lens doubles focal length EXCELLENT,Bronica,Lenses,Used,0.0,USD,AUCTION,3,1600,grail:BRONICA S2;auction,US,tkometk,100.0,2026-08-17T00:42:45.000Z,2026-08-24T00:42:45.000Z,https://www.ebay.com/itm/287529489235?hash=item42f217d353:g:hqUAAeSwmmlp~9xG,https://i.ebayimg.com/images/g/hqUAAeSwmmlp~9xG/s-l225.jpg
残件/按现状,58.0,Vintage Asahi Pentax K-1000 Camera & Manual Untested Parts Estate Find,Asahi,Vintage Cameras,,0.0,USD,AUCTION,8,1600,grail:K-1000;as-is;auction,US,nicksestatefinds,100.0,2026-08-17T00:14:05.000Z,2026-08-22T00:14:05.000Z,https://www.ebay.com/itm/168619086954?hash=item27427b146a:g:RvYAAeSwC-FqgIV1,https://i.ebayimg.com/images/g/RvYAAeSwC-FqgIV1/s-l225.jpg
残件/按现状,58.0,VTG Nikon F2 Photomic 35mm SLR Film Camera Body - Silver/Chrome Untested As Is,Nikon,Film Cameras,Used,0.0,USD,AUCTION,8,1600,grail:Nikon F2;as-is;auction,US,loot-n-trade,100.0,2026-08-16T23:15:01.000Z,2026-08-21T23:15:01.000Z,https://www.ebay.com/itm/820004064294?hash=itembeec0d0c26:g:5ZwAAeSw1~Nqf-tP,https://i.ebayimg.com/images/g/5ZwAAeSw1~Nqf-tP/s-l225.jpg
残件/按现状,58.0,NIKON F3 Body UNTESTED,Nikon,Film Cameras,Used,0.0,USD,"AUCTION,BEST_OFFER",6,958,grail:NIKON F3;as-is;auction,US,gregorygrc1,100.0,2026-08-16T14:47:30.000Z,2026-08-23T14:47:30.000Z,https://www.ebay.com/itm/800518316671?hash=itemba629c227f:g:QvEAAeSwtH5qgc0t,https://i.ebayimg.com/images/g/QvEAAeSwtH5qgc0t/s-l225.jpg
残件/按现状,58.0,SIGMA Zoom MC 75-250mm 1:4-5 Manual Zoom Lens (M42) Fungal,Sigma,Lenses,For parts or not working,25.43,USD,"FIXED_PRICE,BEST_OFFER",4,1600,mount:m42;underpriced(med 359),DE,easybuyshop,99.9,2026-08-16T23:01:53.000Z,,https://www.ebay.com/itm/318740695740?hash=item4a366d0abc:g:s2wAAeSw0hNqgje4,https://i.ebayimg.com/images/g/s2wAAeSw0hNqgje4/s-l225.jpg
残件/按现状,58.0,Sigma Zoom K MC 100-200mm f/4.5 Zoom Lens Olympus OM (Defect),Sigma,Lenses,For parts or not working,25.43,USD,"FIXED_PRICE,BEST_OFFER",4,1600,mount:olympus om;underpriced(med 359),DE,easybuyshop,99.9,2026-08-16T23:01:52.000Z,,https://www.ebay.com/itm/318740695715?hash=item4a366d0aa3:g:MvkAAeSwOcNqgi~q,https://i.ebayimg.com/images/g/MvkAAeSwOcNqgi~q/s-l225.jpg
残件/按现状,58.0,SIGMA Zoom-K II MC Macro 70-210mm f/4.5 Canon FD Zoom Lens (Mold),Sigma,Lenses,For parts or not working,25.43,USD,"FIXED_PRICE,BEST_OFFER",4,1600,mount:canon fd;underpriced(med 359),DE,easybuyshop,99.9,2026-08-16T23:00:57.000Z,,https://www.ebay.com/itm/820011490879?hash=itembeec7e5e3f:g:izwAAeSwQQxqgjyX,https://i.ebayimg.com/images/g/izwAAeSwQQxqgjyX/s-l225.jpg
残件/按现状,58.0,Tokina Black DWC-5865 58mm Professional 0.65X Wide Angle Lens Untested,Tokina,Lenses,Used,29.99,USD,FIXED_PRICE,5,1200,58mm;as-is;underpriced(med 155),US,goodwillsouthflorida,99.6,2026-08-17T01:20:55.000Z,,https://www.ebay.com/itm/800520739207?hash=itemba62c11987:g:vvQAAeSw6z1qgmI3,https://i.ebayimg.com/images/g/vvQAAeSw6z1qgmI3/s-l225.jpg
残件/按现状,58.0,Tokina RMC II 80-200mm f/4 Manual Zoom Lens (Canon FD) Haze,Tokina,Lenses,For parts or not working,31.8,USD,"FIXED_PRICE,BEST_OFFER",4,1600,mount:canon fd;as-is;underpriced(med 155),DE,easybuyshop,99.9,2026-08-16T23:01:53.000Z,,https://www.ebay.com/itm/820011491857?hash=itembeec7e6211:g:jxgAAeSwY5dqgjx0,https://i.ebayimg.com/images/g/jxgAAeSwY5dqgjx0/s-l225.jpg
残件/按现状,58.0,EasyBuy Tokina Macro SD 70-210mm f/4-5.6 Zoom Lens (Canon FD) Foggy,Tokina,Lenses,For parts or not working,31.8,USD,"FIXED_PRICE,BEST_OFFER",4,1600,mount:canon fd;underpriced(med 155),DE,easybuyshop,99.9,2026-08-16T23:00:57.000Z,,https://www.ebay.com/itm/318740695011?hash=item4a366d07e3:g:RJkAAeSw7OJqgjfL,https://i.ebayimg.com/images/g/RJkAAeSw7OJqgjfL/s-l225.jpg
残件/按现状,58.0,Sigma Zoom-ß MC 70-150mm f/3.5 Manual Zoom Lens Olympus OM Mount Black,Sigma,Lenses,For parts or not working,31.8,USD,"FIXED_PRICE,BEST_OFFER",4,1600,mount:olympus om;underpriced(med 359),DE,easybuyshop,99.9,2026-08-16T23:00:57.000Z,,https://www.ebay.com/itm/820011490882?hash=itembeec7e5e42:g:q48AAeSwyShqgjcy,https://i.ebayimg.com/images/g/q48AAeSwyShqgjcy/s-l225.jpg
残件/按现状,58.0,EasyBuy Tokina RMC Macro 80-200mm f/4 Manual Zoom Lens Minolta MD Black,Tokina,Lenses,For parts or not working,31.8,USD,"FIXED_PRICE,BEST_OFFER",4,1600,mount:minolta md;underpriced(med 155),DE,easybuyshop,99.9,2026-08-16T23:00:56.000Z,,https://www.ebay.com/itm/318740694962?hash=item4a366d07b2:g:JsUAAeSwP~Vqgi7x,https://i.ebayimg.com/images/g/JsUAAeSwP~Vqgi7x/s-l225.jpg
残件/按现状,58.0,Sigma XQ 24mm f/2.8 Fixed Prime Lens Nikon F Mount (Defect) Manual Focus Black,Sigma,Lenses,For parts or not working,38.16,USD,"FIXED_PRICE,BEST_OFFER",4,1600,mount:nikon f;underpriced(med 359),DE,easybuyshop,99.9,2026-08-16T05:26:54.000Z,,https://www.ebay.com/itm/318737309019?hash=item4a36395d5b:g:I~QAAeSwCz5qgTBn,https://i.ebayimg.com/images/g/I~QAAeSwCz5qgTBn/s-l225.jpg
残件/按现状,58.0,Minolta XE-1 SLR 35Mm Reflex Camera Analog Body Case (Minolta MD),Minolta,Film Cameras,For parts or not working,63.6,USD,"FIXED_PRICE,BEST_OFFER",3,1600,mount:minolta md,DE,easybuyshop,99.9,2026-08-17T11:41:22.000Z,,https://www.ebay.com/itm/820013862825?hash=itembeeca28fa9:g:ejEAAeSwO6xqgp7j,https://i.ebayimg.com/images/g/ejEAAeSwO6xqgp7j/s-l225.jpg
残件/按现状,58.0,Canon EF SLR! Defective! 35Mm SLR Analog Body (Canon FD),Canon,Film Cameras,Used,89.06,USD,"FIXED_PRICE,BEST_OFFER",3,1600,mount:canon fd;as-is,DE,easybuyshop,99.9,2026-08-16T05:26:46.000Z,,https://www.ebay.com/itm/318737308694?hash=item4a36395c16:g:ZdEAAeSwDO5qgQpB,https://i.ebayimg.com/images/g/ZdEAAeSwDO5qgQpB/s-l225.jpg
残件/按现状,58.0,Original Vintage Asahi Pentax K1000 35mm SLR With Accessories Untested,Asahi,Film Cameras,Used,155.0,USD,FIXED_PRICE,9,1600,grail:K1000;as-is,US,bunnbunn1218,100.0,2026-08-16T17:42:22.000Z,,https://www.ebay.com/itm/237010194390?hash=item372ee88fd6:g:w6kAAeSwm6tqgfYP,https://i.ebayimg.com/images/g/w6kAAeSwm6tqgfYP/s-l225.jpg
残件/按现状,58.0,"Minolta SRT202 Camera w/ 50 mm lens and 35-80 lens, Untested",Minolta,Film Cameras,Used,159.0,USD,"FIXED_PRICE,BEST_OFFER",7,1600,grail:SRT202;as-is,US,gobuffs3,100.0,2026-08-16T22:24:33.000Z,,https://www.ebay.com/itm/206496383297?hash=item301424c141:g:YAoAAeSwg3Nqgjbg,https://i.ebayimg.com/images/g/YAoAAeSwg3Nqgjbg/s-l225.jpg
残件/按现状,58.0,Olympus MJU Limited Edition 35mm Point & Shoot Film Camera UNTESTED AS IS,Olympus,Film Cameras,Used,162.03,USD,FIXED_PRICE,6,1600,grail:MJU;as-is,US,valuerecycledllc,99.7,2026-08-17T01:13:44.000Z,,https://www.ebay.com/itm/188804144044?hash=item2bf59a9bac:g:-xkAAeSwfNxo5Xnf,https://i.ebayimg.com/images/g/-xkAAeSwfNxo5Xnf/s-l225.jpg
打包杂件,58.0,Asahi Pentax Spotmatic SP 35mm Film Camera 3 Lens Lot ROKNON Flash Case,Asahi,Film Cameras,Used,199.99,USD,"FIXED_PRICE,BEST_OFFER",14,1600,grail:Spotmatic,US,joemax18,99.9,2026-08-16T11:10:49.000Z,,https://www.ebay.com/itm/398291947275?hash=item5cbc0ccf0b:g:zmEAAeSwUulqgZog,https://i.ebayimg.com/images/g/zmEAAeSwUulqgZog/s-l225.jpg
打包杂件,58.0,canon ae-1 Lot,Canon,Film Cameras,Used,200.0,USD,"FIXED_PRICE,BEST_OFFER",7,1599,grail:ae-1,US,foundnflipped,98.6,2026-08-16T23:18:19.000Z,,https://www.ebay.com/itm/820011537788?hash=itembeec7f157c:g:plgAAeSwYTBqgkUw,https://i.ebayimg.com/images/g/plgAAeSwYTBqgkUw/s-l225.jpg
打包杂件,58.0,Minolta XD11 35mm Film SLR Camera With Autowinder Lot,Minolta,Film Cameras,Used,325.0,USD,"FIXED_PRICE,BEST_OFFER",13,1600,grail:XD11,US,coehorn1864,100.0,2026-08-16T20:29:45.000Z,,https://www.ebay.com/itm/237010423725?hash=item372eec0fad:g:02AAAeSwU4Jpwy3U,https://i.ebayimg.com/images/g/02AAAeSwU4Jpwy3U/s-l225.jpg
残件/按现状;型号不明,58.0,Mamiya 645 Film Camera - Black - Working Condition Unknown,Mamiya,Film Cameras,For parts or not working,417.0,USD,"FIXED_PRICE,BEST_OFFER",7,1460,grail:645,US,fab1984_coin,100.0,2026-08-16T12:23:25.000Z,,https://www.ebay.com/itm/227478235863?hash=item34f6c26ad7:g:bl8AAeSwCclqeTwl,https://i.ebayimg.com/images/g/bl8AAeSwCclqeTwl/s-l225.jpg
查无市价,58.0,Voigtlander Bergheil 6.5x9 cm Medium Format Film Camera Heliar 13.5cm f4.5 Lens,Voigtlander,Film Cameras,Used,500.0,USD,"FIXED_PRICE,BEST_OFFER",23,1600,grail:Heliar,US,well-cam,100.0,2026-08-16T16:56:36.000Z,,https://www.ebay.com/itm/820010420735?hash=itembeec6e09ff:g:-9gAAeSwWXtqgeV3,https://i.ebayimg.com/images/g/-9gAAeSwWXtqgeV3/s-l225.jpg
描述含糊,58.0,"Voigtlander Prominent Camera Dynaron, Ultron, Skoparon leather bag misc",Voigtlander,Vintage Cameras,,549.0,USD,"FIXED_PRICE,BEST_OFFER",10,1600,grail:Ultron,US,ss00blueyooper,100.0,2026-08-16T18:36:12.000Z,,https://www.ebay.com/itm/198575667892?hash=item2e3c083ab4:g:qE0AAeSwtGBqgf6T,https://i.ebayimg.com/images/g/qE0AAeSwtGBqgf6T/s-l225.jpg
图片过小,58.0,Voigtlander Ultron 75mm F1.9 for Leica M Mount 463489,Voigtlander,Lenses,Used,693.53,USD,FIXED_PRICE,4,600,grail:Ultron;mount:leica m,JP,digree_japan,99.7,2026-08-16T16:16:47.000Z,,https://www.ebay.com/itm/307129977299?hash=item47825f89d3:g:mAEAAeSw8vxqgeOg,https://i.ebayimg.com/images/g/mAEAAeSw8vxqgeOg/s-l225.jpg
查无市价,58.0,[Near MINT] Graflex XLW 6x9 Medium Format Grandagon 58mm f5.6 Lens From JAPAN,Graflex,Film Cameras,Used,799.99,USD,FIXED_PRICE,22,1600,58mm;good-cond,JP,rebirth_japan,100.0,2026-08-17T09:53:57.000Z,,https://www.ebay.com/itm/237011506606?hash=item372efc95ae:g:g44AAeSwcJ1qgtqy,https://i.ebayimg.com/images/g/g44AAeSwcJ1qgtqy/s-l225.jpg
查无市价,58.0,[Opt MINT w/Trunk] SMC Pentax-A* 645 600mm f5.6 ED IF GREEN STAR Lens From JAPAN,Pentax,Lenses,Used,1209.99,USD,FIXED_PRICE,12,1600,grail:645;mount:pentax k;good-cond,JP,onda03,99.4,2026-08-16T15:24:12.000Z,,https://www.ebay.com/itm/137628370209?hash=item200b4a4521:g:rqIAAeSwg3NqgdaY,https://i.ebayimg.com/images/g/rqIAAeSwg3NqgdaY/s-l225.jpg
查无市价,58.0,Leica IIIc with Summitar 50mm 1945,Leica,Vintage Cameras,,1500.0,USD,"FIXED_PRICE,BEST_OFFER",12,1600,grail:Leica IIIc,US,macrules,100.0,2026-08-16T16:25:18.000Z,,https://www.ebay.com/itm/336745619121?hash=item4e679a5eb1:g:UuEAAeSwk-9qgdcB,https://i.ebayimg.com/images/g/UuEAAeSwk-9qgdcB/s-l225.jpg
查无市价,58.0,Leica M6 Non-TTL 35mm 0.72 Range Finder Camera Body - Black,Leica,Film Cameras,Used,2840.0,USD,"FIXED_PRICE,BEST_OFFER",3,1600,grail:Leica M6,US,trentoteiner0,100.0,2026-08-17T00:49:21.000Z,,https://www.ebay.com/itm/237010742959?hash=item372ef0eeaf:g:Zw0AAeSwxvxqglnZ,https://i.ebayimg.com/images/g/Zw0AAeSwxvxqglnZ/s-l225.jpg
查无市价,58.0,"Leica SL 16-35mm f2.8-4 Vario Elmar, Boxed 4690977",Leica,Lenses,Used,4489.0,USD,"FIXED_PRICE,BEST_OFFER",0,1600,grail:Elmar;good-cond,US,camerawestsf,100.0,2026-08-16T05:24:56.000Z,,https://www.ebay.com/itm/188800006060?hash=item2bf55b77ac:g:4-4AAeSwAuVqgUma,https://i.ebayimg.com/images/g/4-4AAeSwAuVqgUma/s-l225.jpg
查无市价,58.0,Contax 645 ALTERNATIVE,Contax,Film Cameras,Used,5000.0,USD,"FIXED_PRICE,BEST_OFFER",16,1600,grail:645,US,getteen09,100.0,2026-08-17T00:24:42.000Z,,https://www.ebay.com/itm/198576236129?hash=item2e3c10e661:g:2Y4AAeSwDp1qglI8,https://i.ebayimg.com/images/g/2Y4AAeSwDp1qglI8/s-l225.jpg
查无市价,58.0,⏯️Rare 1000 JAPAN[UNUSED BOX] Leica M6 0.72 TTL Titanium Titan Film Camera 10435,Leica,Film Cameras,Used,7500.0,USD,"FIXED_PRICE,BEST_OFFER",23,1600,grail:Leica M6,JP,tomooka_49,99.8,2026-08-16T23:00:07.000Z,,https://www.ebay.com/itm/158195942989?hash=item24d536864d:g:tVcAAeSw1KtqgkDg,https://i.ebayimg.com/images/g/tVcAAeSw1KtqgkDg/s-l225.jpg
残件/按现状,57.0,Vintage Contax S 35mm SLR Camera With Carl Zeiss Jena Tessar 50mm f/2.8 Lens,Contax,Film Cameras,For parts or not working,0.0,USD,AUCTION,15,1600,grail:Tessar;auction;low-feedback,AU,techchoice14,95.7,2026-08-16T08:57:54.000Z,2026-08-23T08:57:54.000Z,https://www.ebay.com/itm/117362286433?hash=item1b53565f61:g:8LUAAeSw7-lqgXsc,https://i.ebayimg.com/images/g/8LUAAeSw7-lqgXsc/s-l225.jpg
残件/按现状,57.0,Nikon DSLR Camera D70 Junk Used,Nikon,Digital Cameras,Used,29.31,USD,FIXED_PRICE,6,1280,as-is;underpriced(med 246),JP,hard-off-japan-in-au,99.2,2026-08-16T12:44:24.000Z,,https://www.ebay.com/itm/318738740950?hash=item4a364f36d6:g:s1QAAeSwL8lqgbHV,https://i.ebayimg.com/images/g/s1QAAeSwL8lqgbHV/s-l225.jpg
残件/按现状,57.0,Canon L2 Hi8 8mm Camcorder CL 8-120 Zoom Lens Parts Or Repair Untested,Canon,Camcorders,For parts or not working,45.0,USD,FIXED_PRICE,7,1600,as-is;underpriced(med 125),US,autyger89,100.0,2026-08-16T22:06:04.000Z,,https://www.ebay.com/itm/178414395236?hash=item298a539f64:g:MA0AAeSw-MdqgjMh,https://i.ebayimg.com/images/g/MA0AAeSw-MdqgjMh/s-l225.jpg
打包杂件,57.0,"NIKON COOLPIX L110 12.1MP Digital Camera Bundle,tested,original box, cords& disk",Nikon,Digital Cameras,Used,45.5,USD,"FIXED_PRICE,AUCTION",18,1600,underpriced(med 246);auction,US,firstplate5,100.0,2026-08-16T21:29:23.000Z,2026-08-23T21:29:23.000Z,https://www.ebay.com/itm/257684709919?hash=item3bff34a21f:g:fTMAAeSwyudqghkC,https://i.ebayimg.com/images/g/fTMAAeSwyudqghkC/s-l225.jpg
残件/按现状,57.0,Canon VIXIA HF R300 HD Camcorder Full HD 51x Zoom w/ Battery,Canon,Camcorders,For parts or not working,52.24,USD,"FIXED_PRICE,BEST_OFFER",4,1599,underpriced(med 125),US,dks_powersports,99.9,2026-08-17T13:04:58.000Z,,https://www.ebay.com/itm/188806600571?hash=item2bf5c0177b:g:susAAeSwf1FqMqI2,https://i.ebayimg.com/images/g/susAAeSwf1FqMqI2/s-l225.jpg
打包杂件,57.0,Canon PowerShot A570 IS Digital Camera 7.1MP Silver 4x Zoom Bundle Boxed Tested,Canon,Digital Cameras,Used,110.0,USD,"FIXED_PRICE,BEST_OFFER",14,1600,good-cond;underpriced(med 338),US,builtontrustco,100.0,2026-08-16T22:22:30.000Z,,https://www.ebay.com/itm/287529315787?hash=item42f2152dcb:g:aDcAAeSwUZFqgjgm,https://i.ebayimg.com/images/g/aDcAAeSwUZFqgjgm/s-l225.jpg
打包杂件,57.0,Fujifilm Instax Mini 12 Instant Camera Mint Green Bundle w/ Film & Accessories,Fujifilm,Film Cameras,New,113.95,USD,FIXED_PRICE,4,1600,good-cond,US,with-love-from-iowa,99.5,2026-08-16T14:29:30.000Z,,https://www.ebay.com/itm/377423008367?hash=item57e02a126f:g:lcoAAeSw-wlqgck7,https://i.ebayimg.com/images/g/lcoAAeSw-wlqgck7/s-l225.jpg
残件/按现状,57.0,As-Is Canon EOS-1 HS EF Mount From JAPAN,Canon,Film Cameras,Used,127.0,USD,FIXED_PRICE,14,1200,mount:canon ef;as-is,JP,tokyo-shashinki,100.0,2026-08-16T09:08:48.000Z,,https://www.ebay.com/itm/198574723208?hash=item2e3bf9d088:g:lKwAAeSweEtqgX3C,https://i.ebayimg.com/images/g/lKwAAeSweEtqgX3C/s-l225.jpg
残件/按现状,57.0,"Carl Zeiss Ikon Ikoflex Camera Klio Novar Teronar Anastigmat Vintage, Untested",Zeiss,Vintage Cameras,,150.0,USD,"FIXED_PRICE,BEST_OFFER",3,1600,as-is,US,roseknanc,100.0,2026-08-17T02:59:17.000Z,,https://www.ebay.com/itm/800521142224?hash=itemba62c73fd0:g:FTEAAeSwQQxqgncy,https://i.ebayimg.com/images/g/FTEAAeSwQQxqgncy/s-l225.jpg
残件/按现状,56.0,Defekt EasyBuy PRAKTICA MTL 50 SLR 35mm Analog Mirrorless Camera Body (M42),Praktica,Film Cameras,For parts or not working,25.43,USD,"FIXED_PRICE,BEST_OFFER",3,1600,mount:m42,DE,easybuyshop,99.9,2026-08-16T12:39:01.000Z,,https://www.ebay.com/itm/318738730452?hash=item4a364f0dd4:g:BpUAAeSwA6tqgVry,https://i.ebayimg.com/images/g/BpUAAeSwA6tqgVry/s-l225.jpg
残件/按现状,56.0,EasyBuy Praktica LLC Defect Analog SLR 35mm Mirror Camera Body (M42),Praktica,Film Cameras,For parts or not working,31.8,USD,"FIXED_PRICE,BEST_OFFER",3,1600,mount:m42,DE,easybuyshop,99.9,2026-08-16T12:38:59.000Z,,https://www.ebay.com/itm/318738730287?hash=item4a364f0d2f:g:ASUAAeSwJ2dqgVkx,https://i.ebayimg.com/images/g/ASUAAeSwJ2dqgVkx/s-l225.jpg
打包杂件,56.0,Olympus Digital Camera FE-190 6.0MP Tested Charger Extra Battery Bundle VGC,Olympus,Digital Cameras,Used,44.63,USD,FIXED_PRICE,12,1600,mount:sony e;underpriced(med 206),GB,windyhug,99.7,2026-08-16T17:25:17.000Z,,https://www.ebay.com/itm/188802475025?hash=item2bf5812411:g:SKgAAeSwKTRqgfHB,https://i.ebayimg.com/images/g/SKgAAeSwKTRqgfHB/s-l225.jpg
查无市价,56.0,Carl Zeiss Jena Tessar 135mm F4.5 lens in Compur #1 shutter Mint Condition,Zeiss,Digital Cameras,New,155.0,USD,"FIXED_PRICE,BEST_OFFER",5,0,grail:Tessar;good-cond,US,chrisko-0,100.0,2026-08-16T05:48:00.000Z,,https://www.ebay.com/itm/178411842429?hash=item298a2cab7d:g:uOoAAeSwU4ZqgU2S,https://i.ebayimg.com/images/g/uOoAAeSwU4ZqgU2S/s-l225.jpg
型号不明,55.0,Sony Wide Conversion Lens VCL-0637H With Lens Cap and Bag,Sony,Lenses,Used,25.0,USD,FIXED_PRICE,4,1599,underpriced(med 361),US,hjkl,100.0,2026-08-16T18:42:16.000Z,,https://www.ebay.com/itm/206496028421?hash=item30141f5705:g:5zQAAeSwFplqggBs,https://i.ebayimg.com/images/g/5zQAAeSwFplqggBs/s-l225.jpg
型号不明,55.0,"Vintage Kodak ""WEITWINKEL-OPTIK WIDE ANGLE LENS",Kodak,Lenses,Used,28.99,USD,FIXED_PRICE,5,1600,underpriced(med 95),US,jam92451,100.0,2026-08-16T21:27:44.000Z,,https://www.ebay.com/itm/128030055167?hash=item1dcf2f9aff:g:q-sAAeSwH-Nqgih9,https://i.ebayimg.com/images/g/q-sAAeSwH-Nqgih9/s-l225.jpg
型号不明,55.0,"Rokinon 650 - 1300mm LR 1300 F/8-16 zoom Lens w/ Shoulder Bag, Adaptor for Canon",Rokinon,Lenses,Used,38.0,USD,"FIXED_PRICE,BEST_OFFER",5,1301,underpriced(med 170),US,katydolls,100.0,2026-08-16T18:33:44.000Z,,https://www.ebay.com/itm/307130157526?hash=item47826249d6:g:Pn8AAeSwn~xqggHT,https://i.ebayimg.com/images/g/Pn8AAeSwn~xqggHT/s-l225.jpg
型号不明,55.0,Antique Vintage Eastman Kodak Ball Bearing Shutter Lens Jan 1910 1913,Kodak,Lenses,Used,40.0,USD,"FIXED_PRICE,BEST_OFFER",9,1600,underpriced(med 95),US,joey_deals585,100.0,2026-08-16T20:51:18.000Z,,https://www.ebay.com/itm/366609823159?hash=item555ba5f5b7:g:nUIAAeSwtlZqghyE,https://i.ebayimg.com/images/g/nUIAAeSwtlZqghyE/s-l225.jpg
残件/按现状,55.0,YASHICA FX-3 Camera Lens and Strap UNTESTED Advance Lever Stuck 35MM,Yashica,Film Cameras,Used,69.99,USD,"FIXED_PRICE,BEST_OFFER",9,1338,as-is,US,buyfromjesse,100.0,2026-08-16T15:10:36.000Z,,https://www.ebay.com/itm/298593190700?hash=item45858a832c:g:4VQAAeSwoTxqgdIj,https://i.ebayimg.com/images/g/4VQAAeSwoTxqgdIj/s-l225.jpg
残件/按现状,55.0,Pentax PZ-1 35mm Film Camera w/ 28-105mm Lens & Manual Untested,Pentax,Film Cameras,Used,70.0,USD,"FIXED_PRICE,BEST_OFFER",7,1600,as-is,US,beb-minaca,100.0,2026-08-16T20:39:04.000Z,,https://www.ebay.com/itm/147509253012?hash=item22583c9394:g:zFsAAeSwY5dqgh85,https://i.ebayimg.com/images/g/zFsAAeSwY5dqgh85/s-l225.jpg
残件/按现状,55.0,"Vintage KONICA TC-X DX 35mm Film Camera Hexanon ar 50mm F1.8 Lens, Made in Japan",Konica,Film Cameras,For parts or not working,72.2,USD,FIXED_PRICE,3,1600,,US,ho579005,99.6,2026-08-16T17:54:45.000Z,,https://www.ebay.com/itm/287528989593?hash=item42f2103399:g:05gAAeSwz-BqWSFl,https://i.ebayimg.com/images/g/05gAAeSwz-BqWSFl/s-l225.jpg
残件/按现状,55.0,OLYMPUS PEN-D3 HALF FRAME COMPACT CAMERA,Olympus,Film Cameras,For parts or not working,75.0,USD,FIXED_PRICE,4,1600,,US,wizcam,99.5,2026-08-16T19:16:36.000Z,,https://www.ebay.com/itm/198575717985?hash=item2e3c08fe61:g:GQkAAeSwFU5qgglj,https://i.ebayimg.com/images/g/GQkAAeSwFU5qgglj/s-l225.jpg
打包杂件,55.0,"Canon Cameras, Lens, Paperwork, Power Winder, Covers, Mixed Assorted Lot Working",Canon,Film Cameras,Used,79.95,USD,"FIXED_PRICE,BEST_OFFER",23,1600,,US,deftones_elite,100.0,2026-08-16T16:02:41.000Z,,https://www.ebay.com/itm/147508857139?hash=item2258368933:g:nOkAAeSwKNZqNzYi,https://i.ebayimg.com/images/g/nOkAAeSwKNZqNzYi/s-l225.jpg
打包杂件,55.0,Pentax 35mm SLR film camera accessories lot Black silver Multiple lenses flash,Pentax,Film Cameras,Used,80.99,USD,"FIXED_PRICE,BEST_OFFER",1,1500,,US,kc.solo,100.0,2026-08-17T09:27:33.000Z,,https://www.ebay.com/itm/366610825099?hash=item555bb53f8b:g:cL8AAeSwoxhqgtQD,https://i.ebayimg.com/images/g/cL8AAeSwoxhqgtQD/s-l225.jpg
打包杂件,55.0,"Vintage Pentax P3 35mm Film SLR Camera Bundle with Lenses, and Original Manuals",Pentax,Film Cameras,Used,99.0,USD,"FIXED_PRICE,BEST_OFFER",5,1600,,US,shamanism111,99.0,2026-08-16T05:21:54.000Z,,https://www.ebay.com/itm/318737301716?hash=item4a363940d4:g:nScAAeSwHiJqgUhi,https://i.ebayimg.com/images/g/nScAAeSwHiJqgUhi/s-l225.jpg
残件/按现状,55.0,Vintage Canon Auto Zoom 518 Super 8 Camera – Untested Retro Film Camera,Canon,Vintage Cameras,,120.0,USD,FIXED_PRICE,6,1600,as-is,US,pugetsoundauctions,99.6,2026-08-16T05:09:34.000Z,,https://www.ebay.com/itm/287527899062?hash=item42f1ff8fb6:g:uhUAAeSwMyRqgUVj,https://i.ebayimg.com/images/g/uhUAAeSwMyRqgUVj/s-l225.jpg
型号不明,55.0,1-Month Warranty On Operation. Fully Serviced And Fully Functional. / OLYMPUS,Olympus,Film Cameras,Used,197.76,USD,FIXED_PRICE,15,1080,good-cond,JP,keibun,100.0,2026-08-17T02:32:38.000Z,,https://www.ebay.com/itm/287529671966?hash=item42f21a9d1e:g:vT8AAeSws4lqgnN8,https://i.ebayimg.com/images/g/vT8AAeSws4lqgnN8/s-l225.jpg
查无市价,55.0,[N MINT] Fuji Work Record Panorama 28mm Lens Water Proof Film Camera From JAPAN,Fuji,Film Cameras,Used,199.9,USD,FIXED_PRICE,14,0,good-cond,JP,milyenb_64,100.0,2026-08-17T02:01:27.000Z,,https://www.ebay.com/itm/298594380634?hash=item45859cab5a:g:Fe0AAeSwBUdqgmvr,https://i.ebayimg.com/images/g/Fe0AAeSwBUdqgmvr/s-l225.jpg
查无市价,55.0,READ [NEAR MINT] Ricoh GR10 Silver Point Shoot Film Camera From JAPAN,Ricoh,Film Cameras,Used,210.0,USD,FIXED_PRICE,16,0,good-cond,JP,rodia-aiko-japan,100.0,2026-08-17T02:01:30.000Z,,https://www.ebay.com/itm/398294169789?hash=item5cbc2eb8bd:g:5lMAAeSwawdqgmhq,https://i.ebayimg.com/images/g/5lMAAeSwawdqgmhq/s-l225.jpg
查无市价,55.0,Rollei 35 LED Compact Film Camera Point & Shoot Excellent Condition JP,Rollei,Vintage Cameras,,249.9,USD,"FIXED_PRICE,BEST_OFFER",15,0,,JP,japan4ever,98.0,2026-08-16T07:58:06.000Z,,https://www.ebay.com/itm/158193721548?hash=item24d514a0cc:g:XCQAAeSwJgVqgW62,https://i.ebayimg.com/images/g/XCQAAeSwJgVqgW62/s-l225.jpg
查无市价,55.0,[MINT] Canon IXY 640 20.2MP PowerShot ELPH 350 HS IXUS Digital Camera Black,Canon,Film Cameras,Used,249.99,USD,FIXED_PRICE,11,0,good-cond,JP,arorin-camera-tokyo-japan,99.5,2026-08-16T09:51:36.000Z,,https://www.ebay.com/itm/158193997920?hash=item24d518d860:g:fYIAAeSwp49qgYje,https://i.ebayimg.com/images/g/fYIAAeSwp49qgYje/s-l225.jpg
查无市价,55.0,[Near MINT] KONICA IIIM Rangefinder 35mm Film Hexanon 50mm f/1.8 From JAPAN,Konica,Film Cameras,Used,329.0,USD,FIXED_PRICE,12,0,good-cond,JP,syashinkiten_japan,100.0,2026-08-16T14:45:15.000Z,,https://www.ebay.com/itm/327313118067?hash=item4c3561d373:g:T8IAAeSwkNxqgc15,https://i.ebayimg.com/images/g/T8IAAeSwkNxqgc15/s-l225.jpg
查无市价,55.0,Canon P Body Silver -EXC- 4031,Canon,Film Cameras,Used,337.34,USD,FIXED_PRICE,2,0,good-cond,JP,kitamura_camera,100.0,2026-08-16T15:27:18.000Z,,https://www.ebay.com/itm/820010077390?hash=itembeec68ccce:g:bqcAAeSww45qgtRi,https://i.ebayimg.com/images/g/bqcAAeSww45qgtRi/s-l225.jpg
查无市价,55.0,Rare only 2625 were made 1955 [ N MINT ] Canon II-F2 rangefinder 35mm From Japan,Canon,Film Cameras,Used,339.9,USD,FIXED_PRICE,9,0,good-cond,JP,daisu19,99.0,2026-08-16T09:27:50.000Z,,https://www.ebay.com/itm/800517032917?hash=itemba62888bd5:g:oXUAAeSwIGNqgYOJ,https://i.ebayimg.com/images/g/oXUAAeSwIGNqgYOJ/s-l225.jpg
查无市价,55.0,Graflex Crown Graphic Special 4x5 Press Camera Schnieder-Kreuznach Lens VINTAGE,Graflex,Film Cameras,Used,399.99,USD,"FIXED_PRICE,AUCTION",23,0,auction,US,montehouse,100.0,2026-08-17T00:40:13.000Z,2026-08-27T00:40:13.000Z,https://www.ebay.com/itm/147509557109?hash=item2258413775:g:~lAAAeSwqvlqggJr,https://i.ebayimg.com/images/g/~lAAAeSwqvlqggJr/s-l225.jpg
查无市价,55.0,Zeiss Ikon Contessa S 312 With Cal Zeiss Tessar 40Mm 1:2.8 Rangefinder Camera,Zeiss,Vintage Cameras,,508.94,USD,"FIXED_PRICE,BEST_OFFER",3,1600,grail:Tessar,DE,easybuyshop,99.9,2026-08-16T05:26:46.000Z,,https://www.ebay.com/itm/820008361361?hash=itembeec4e9d91:g:lfQAAeSwmiFqgQR2,https://i.ebayimg.com/images/g/lfQAAeSwmiFqgQR2/s-l225.jpg
查无市价,55.0,[NEAR MINT] Sinar C. Koch System 4x5 monorail camera From JAPAN,Sinar,Film Cameras,Used,620.0,USD,"FIXED_PRICE,BEST_OFFER",15,1600,good-cond,JP,betty.camera.tokyo,100.0,2026-08-16T14:44:13.000Z,,https://www.ebay.com/itm/137628260843?hash=item200b4899eb:g:X8UAAeSwtZBp8hK8,https://i.ebayimg.com/images/g/X8UAAeSwtZBp8hK8/s-l225.jpg
查无市价,55.0,Vintage LEICA IIIf Rangefinder Camera with Summaron Lens,Leica,Vintage Cameras,,626.35,USD,"FIXED_PRICE,BEST_OFFER",14,1600,grail:LEICA IIIf,GB,vintagefotos,100.0,2026-08-16T10:37:15.000Z,,https://www.ebay.com/itm/117362424533?hash=item1b53587ad5:g:WyAAAeSw3DNqdwvf,https://i.ebayimg.com/images/g/WyAAAeSw3DNqdwvf/s-l225.jpg
查无市价,55.0,[ Top MINT ] Wista 45VX 45 VX 4x5 Large Format Field Film Camera Body From JAPAN,Wista,Film Cameras,Used,999.9,USD,FIXED_PRICE,12,1600,good-cond,JP,tpjgad67,100.0,2026-08-16T14:59:18.000Z,,https://www.ebay.com/itm/307129847558?hash=item47825d8f06:g:eoAAAeSw5VxqgdD~,https://i.ebayimg.com/images/g/eoAAAeSw5VxqgdD~/s-l225.jpg
查无市价,55.0,[Near MINT] Linhof Kardan Master TL 4x5 Large Format View Type Camera From JAPAN,Linhof,Film Cameras,Used,1999.0,USD,FIXED_PRICE,20,1600,good-cond,JP,lc.consu-8,99.9,2026-08-17T11:41:34.000Z,,https://www.ebay.com/itm/398295694696?hash=item5cbc45fd68:g:tM4AAeSwSytqgvPt,https://i.ebayimg.com/images/g/tM4AAeSwSytqgvPt/s-l225.jpg
查无市价,55.0,[Vintage MINT] Linhof Super Technika V23 6x9 Schneider Symmar S 100mm f/5.6 MC,Linhof,Film Cameras,Used,2699.99,USD,FIXED_PRICE,23,1600,good-cond,JP,ken-ken_camera_japan,100.0,2026-08-16T08:08:13.000Z,,https://www.ebay.com/itm/407148345869?hash=item5ecbeeba0d:g:fAkAAeSwvnpqgXFM,https://i.ebayimg.com/images/g/fAkAAeSwvnpqgXFM/s-l225.jpg
查无市价,55.0,8x10 Deardorff View Camera with (3) 8x10 film holders. All Near Mint Condition,Deardorff,Film Cameras,Used,4290.0,USD,"FIXED_PRICE,AUCTION",14,1600,good-cond;auction,US,oliwaphoto,0.0,2026-08-16T16:55:40.000Z,2026-08-26T16:55:40.000Z,https://www.ebay.com/itm/237010111456?hash=item372ee74be0:g:3wYAAeSwLQ1qB4u1,https://i.ebayimg.com/images/g/3wYAAeSwLQ1qB4u1/s-l225.jpg
残件/按现状,54.0,Canon DMMV600 E MiniDV Digital Video Camcorder Retro Silver untested sold as is,Canon,Camcorders,Used,40.61,USD,"FIXED_PRICE,BEST_OFFER",6,1600,as-is;underpriced(med 125),GB,sebastian_low_co,99.4,2026-08-16T11:12:28.000Z,,https://www.ebay.com/itm/407148627671?hash=item5ecbf306d7:g:sZ0AAeSwAQ9qcD-P,https://i.ebayimg.com/images/g/sZ0AAeSwAQ9qcD-P/s-l225.jpg
残件/按现状,54.0,Petri FTI 35mm SLR Film Camera w/ 55mm f1.8 Lens Untested,Petri,Film Cameras,Used,45.0,USD,FIXED_PRICE,8,1599,55mm;as-is,US,drcross12x12,99.8,2026-08-17T01:46:51.000Z,,https://www.ebay.com/itm/820011979454?hash=itembeec85d2be:g:J9oAAeSwEi9qgevU,https://i.ebayimg.com/images/g/J9oAAeSwEi9qgevU/s-l225.jpg
残件/按现状,54.0,Vintage USSR Zenit TTL 35mm SLR Camera + Helios-44M 58mm f/2 Lens – For Repair,Zenit,Film Cameras,For parts or not working,59.99,USD,"FIXED_PRICE,BEST_OFFER",3,1600,58mm;as-is,US,vintage_cameras_23,100.0,2026-08-16T20:59:09.000Z,,https://www.ebay.com/itm/237010459065?hash=item372eec99b9:g:jZoAAeSw19lqgiOe,https://i.ebayimg.com/images/g/jZoAAeSw19lqgiOe/s-l225.jpg
查无市价,54.0,Carl Zeiss Jena BIOTESSAR 17cm 170mm 2.9 - 4x5 camera lens. Xenotar Aero Ektar,Zeiss,Vintage Lenses,,1245.0,USD,FIXED_PRICE,7,0,grail:Xenotar,US,anastigmatf64,99.3,2026-08-16T12:07:17.000Z,,https://www.ebay.com/itm/178412803404?hash=item298a3b554c:g:sN4AAeSwCYxqgaY8,https://i.ebayimg.com/images/g/sN4AAeSwCYxqgaY8/s-l225.jpg
查无市价,54.0,Leica Noctilux-M 50mm F0.95 ASPH Standard Prime Lens M Mount From Japan H0816,Leica,Lenses,Used,10187.69,USD,FIXED_PRICE,2,0,grail:Noctilux;mount:leica m,JP,kyoto_camera,99.7,2026-08-16T10:49:30.000Z,,https://www.ebay.com/itm/287528357482?hash=item42f2068e6a:g:BkwAAeSwTF5qgZVV,https://i.ebayimg.com/images/g/BkwAAeSwTF5qgZVV/s-l225.jpg
查无市价,54.0,Leica Noctilux-M 50mm F0.95 ASPH Standard Prime Lens M Mount From Japan H0816,Leica,Lenses,Used,10205.08,USD,FIXED_PRICE,2,0,grail:Noctilux;mount:leica m,JP,kyoto_camera,99.7,2026-08-16T10:47:26.000Z,,https://www.ebay.com/itm/278285853707?hash=item40cb21240b:g:7BsAAeSw2RBqgZTT,https://i.ebayimg.com/images/g/7BsAAeSw2RBqgZTT/s-l225.jpg
残件/按现状,53.0,Nikon D3000 10.2MP DX DSLR F-mount Camera Body Only FOR PARTS NOT WORKING,Nikon,Digital Cameras,For parts or not working,25.0,USD,"FIXED_PRICE,BEST_OFFER",6,0,as-is;underpriced(med 246),US,mendota-motherboard,99.9,2026-08-16T13:53:12.000Z,,https://www.ebay.com/itm/257684010083?hash=item3bff29f463:g:KgwAAeSwCsZqgVdP,https://i.ebayimg.com/images/g/KgwAAeSwCsZqgVdP/s-l225.jpg
残件/按现状,53.0,Canon PowerShot A590 8.0MP Digital Camera For Parts or Repair *See Description,Canon,Digital Cameras,For parts or not working,25.6,USD,"FIXED_PRICE,BEST_OFFER",10,0,as-is;underpriced(med 338),US,sunriseshelley,100.0,2026-08-16T11:09:38.000Z,,https://www.ebay.com/itm/820009238819?hash=itembeec5c0123:g:--oAAeSwLy1paltV,https://i.ebayimg.com/images/g/--oAAeSwLy1paltV/s-l225.jpg
残件/按现状,53.0,Canon IXUS 2.1MP Silver Compact 2x Optical 4x Flash w/ Case,Canon,Digital Cameras,For parts or not working,26.5,USD,"FIXED_PRICE,BEST_OFFER",5,0,underpriced(med 338),US,olibo-7473,100.0,2026-08-16T19:11:28.000Z,,https://www.ebay.com/itm/298593642344?hash=item4585916768:g:xNAAAeSw6fRqggsZ,https://i.ebayimg.com/images/g/xNAAAeSw6fRqggsZ/s-l225.jpg
残件/按现状,53.0,"Canon ZR700 MiniDV Camcorder Video Camera, has Battery but NO Charger [4 PARTS]",Canon,Digital Cameras,For parts or not working,26.89,USD,"FIXED_PRICE,BEST_OFFER",8,0,underpriced(med 338),US,nikks-little-store,99.2,2026-08-16T18:33:16.000Z,,https://www.ebay.com/itm/278286977011?hash=item40cb3247f3:g:tyYAAeSwZhNo9GTj,https://i.ebayimg.com/images/g/tyYAAeSwZhNo9GTj/s-l225.jpg
残件/按现状,53.0,Nikon COOLPIX L610 16MP 14x Zoom Digital Camera Black For Parts/Not Working,Nikon,Digital Cameras,For parts or not working,27.0,USD,FIXED_PRICE,2,0,as-is;underpriced(med 246),US,raichutrainer12,100.0,2026-08-17T00:29:12.000Z,,https://www.ebay.com/itm/267759549612?hash=item3e57b67cac:g:EUUAAeSw~uRqglVg,https://i.ebayimg.com/images/g/EUUAAeSw~uRqglVg/s-l225.jpg
残件/按现状,53.0,PENTAX K-x Digital SLR Body Only 12-13.9MP Black IS Flash USB 2.7in,Pentax,Digital Cameras,For parts or not working,27.0,USD,"FIXED_PRICE,BEST_OFFER",5,0,underpriced(med 224),US,olibo-7473,100.0,2026-08-16T19:14:24.000Z,,https://www.ebay.com/itm/298593646147?hash=item4585917643:g:9pQAAeSwjRtqggvl,https://i.ebayimg.com/images/g/9pQAAeSwjRtqggvl/s-l225.jpg
残件/按现状,53.0,​Vintage Ricoh 500 GX 35mm Rangefinder Camera Color Rikenon 40mm f/2.8 UNTESTED,Ricoh,Vintage Cameras,,29.0,USD,"FIXED_PRICE,BEST_OFFER",7,0,as-is,US,juggl-76,100.0,2026-08-17T01:33:56.000Z,,https://www.ebay.com/itm/398294110995?hash=item5cbc2dd313:g:zcQAAeSwCYxqgmSw,https://i.ebayimg.com/images/g/zcQAAeSwCYxqgmSw/s-l225.jpg
残件/按现状,53.0,Canon PowerShot SD450 & Panasonic LUMIX DMC-TZ3 Digital Cameras - Parts/Repair,Canon,Digital Cameras,For parts or not working,29.99,USD,"FIXED_PRICE,BEST_OFFER",5,0,underpriced(med 338),US,harring99,100.0,2026-08-16T22:29:24.000Z,,https://www.ebay.com/itm/267759443513?hash=item3e57b4de39:g:cUsAAeSwlShqdTay,https://i.ebayimg.com/images/g/cUsAAeSwlShqdTay/s-l225.jpg
残件/按现状,53.0,Canon Powershot A520 Nikon Coolpix L22 For Parts or Repair,Canon,Digital Cameras,For parts or not working,29.99,USD,FIXED_PRICE,7,0,as-is;underpriced(med 338),US,dond0357,99.6,2026-08-16T21:29:30.000Z,,https://www.ebay.com/itm/800519878083?hash=itemba62b3f5c3:g:Y8oAAeSwXRhqgisX,https://i.ebayimg.com/images/g/Y8oAAeSwXRhqgisX/s-l225.jpg
残件/按现状,53.0,Canon EOS Rebel T3 DSLR Camera Body For Parts / Repair,Canon,Digital Cameras,For parts or not working,29.99,USD,"FIXED_PRICE,BEST_OFFER",8,0,as-is;underpriced(med 338),US,mccmac2,100.0,2026-08-16T20:17:58.000Z,,https://www.ebay.com/itm/327313535748?hash=item4c35683304:g:514AAeSwdSZqghqB,https://i.ebayimg.com/images/g/514AAeSwdSZqghqB/s-l225.jpg
残件/按现状,53.0,Canon PowerShot SD1100 IS Blue 8MP Digital Camera PC1271 Repair Donor AS IS READ,Canon,Digital Cameras,For parts or not working,29.99,USD,FIXED_PRICE,11,0,as-is;underpriced(med 338),US,panda101010,99.8,2026-08-16T04:10:14.000Z,,https://www.ebay.com/itm/117361997036?hash=item1b5351f4ec:g:6l4AAeSwMeVqgTfD,https://i.ebayimg.com/images/g/6l4AAeSwMeVqgTfD/s-l225.jpg
残件/按现状,53.0,Nikon COOLPIX S4100 Digital Camera 14.0 MP 5X Optical Zoom For Parts Or Repair,Nikon,Digital Cameras,For parts or not working,30.0,USD,"FIXED_PRICE,BEST_OFFER",6,0,as-is;underpriced(med 246),US,needs.enterprise,99.2,2026-08-16T23:02:25.000Z,,https://www.ebay.com/itm/287529364819?hash=item42f215ed53:g:ypcAAeSwqHdpYI0g,https://i.ebayimg.com/images/g/ypcAAeSwqHdpYI0g/s-l225.jpg
残件/按现状,53.0,"Nikon Coolpix S570 Digital Camera, Black",Nikon,Digital Cameras,For parts or not working,30.0,USD,"FIXED_PRICE,BEST_OFFER",15,0,underpriced(med 246),US,celfore97,99.9,2026-08-16T22:41:50.000Z,,https://www.ebay.com/itm/407149731531?hash=item5ecc03decb:g:FHgAAeSwCldpRFb0,https://i.ebayimg.com/images/g/FHgAAeSwCldpRFb0/s-l225.jpg
残件/按现状,53.0,Canon PowerShot S5 IS 8.0MP Digital Camera PARTS ONLY READ DESCRIPTION,Canon,Digital Cameras,For parts or not working,30.0,USD,"FIXED_PRICE,BEST_OFFER",10,0,as-is;underpriced(med 338),US,liquili,100.0,2026-08-16T12:29:12.000Z,,https://www.ebay.com/itm/267758982774?hash=item3e57add676:g:TV0AAeSwjRtqgayu,https://i.ebayimg.com/images/g/TV0AAeSwjRtqgayu/s-l225.jpg
残件/按现状,53.0,Nikon COOLPIX S8100 12.1MP Black Digital Camera 10X Lens Error For Parts Repair,Nikon,Digital Cameras,For parts or not working,32.95,USD,FIXED_PRICE,5,0,as-is;underpriced(med 246),US,rhzig_93,99.8,2026-08-16T08:07:06.000Z,,https://www.ebay.com/itm/336745063010?hash=item4e6791e262:g:b0AAAeSw6YZqF5d-,https://i.ebayimg.com/images/g/b0AAAeSw6YZqF5d-/s-l225.jpg
残件/按现状,53.0,Olympus SZ-14 Digital Camera Red – 14MP 24x Zoom UNTESTED - SOLD AS IS,Olympus,Digital Cameras,Used,33.99,USD,FIXED_PRICE,15,0,as-is;underpriced(med 206),US,westwaycollectors,100.0,2026-08-16T19:00:01.000Z,,https://www.ebay.com/itm/147508851025?hash=item2258367151:g:Tk4AAeSwD-lqWTI8,https://i.ebayimg.com/images/g/Tk4AAeSwD-lqWTI8/s-l225.jpg
残件/按现状,53.0,Fujifilm FinePix Z85wm Digital Camera 12MP 5x Zoom Red Read Description,Fujifilm,Digital Cameras,For parts or not working,34.99,USD,FIXED_PRICE,1,0,underpriced(med 248),US,techtradersfl,99.3,2026-08-16T17:42:13.000Z,,https://www.ebay.com/itm/366609613241?hash=item555ba2c1b9:g:vuIAAeSwxvxqgfUm,https://i.ebayimg.com/images/g/vuIAAeSwxvxqgfUm/s-l225.jpg
残件/按现状,53.0,Nikon COOLPIX S9050 12.1MP Digital Camera - Silver For parts.,Nikon,Digital Cameras,For parts or not working,35.0,USD,"FIXED_PRICE,BEST_OFFER",9,0,as-is;underpriced(med 246),US,ts2543e24,99.5,2026-08-16T23:28:17.000Z,,https://www.ebay.com/itm/820011561820?hash=itembeec7f735c:g:uzcAAeSwnCZqgkSm,https://i.ebayimg.com/images/g/uzcAAeSwnCZqgkSm/s-l225.jpg
残件/按现状,53.0,Olympus Camedia E-10 4.0 Megapixel Digital Camera Part/Repair Untested,Olympus,Digital Cameras,For parts or not working,35.0,USD,"FIXED_PRICE,BEST_OFFER",4,0,as-is;underpriced(med 206),US,777onlinesales,100.0,2026-08-16T20:21:11.000Z,,https://www.ebay.com/itm/327313536947?hash=item4c356837b3:g:TNkAAeSwdbtqWVGY,https://i.ebayimg.com/images/g/TNkAAeSwdbtqWVGY/s-l225.jpg
残件/按现状,53.0,Nikon Coolpix L810 16.1 MP Digital Camera - Batt Door Won’t Open - Untested,Nikon,Digital Cameras,For parts or not working,35.0,USD,"FIXED_PRICE,BEST_OFFER",13,0,as-is;underpriced(med 246),US,lykrah,100.0,2026-08-16T14:57:24.000Z,,https://www.ebay.com/itm/198575295485?hash=item2e3c028bfd:g:RJ4AAeSw3YRqFb1i,https://i.ebayimg.com/images/g/RJ4AAeSw3YRqFb1i/s-l225.jpg
残件/按现状,53.0,Camera CANON EOS Rebel 72 [Y115d2] Untested Not Sure If Works Parts Strap,Canon,Digital Cameras,For parts or not working,35.0,USD,FIXED_PRICE,10,0,as-is;underpriced(med 338),US,bobhaze69,99.6,2026-08-16T11:24:54.000Z,,https://www.ebay.com/itm/820009278706?hash=itembeec5c9cf2:g:-8cAAeSwNSJod7vM,https://i.ebayimg.com/images/g/-8cAAeSwNSJod7vM/s-l225.jpg
残件/按现状,53.0,"Nikon Coolpix L14 Digital Camera 7.1 MP LCD 3x Zoom Silver Untested 2.4"" LCD",Nikon,Digital Cameras,Used,39.0,USD,"FIXED_PRICE,BEST_OFFER",5,0,as-is;underpriced(med 246),US,atouchofeverythingmam,99.9,2026-08-16T22:27:52.000Z,,https://www.ebay.com/itm/237010555694?hash=item372eee132e:g:Vg0AAeSwb5ZplzwQ,https://i.ebayimg.com/images/g/Vg0AAeSwb5ZplzwQ/s-l225.jpg
残件/按现状,53.0,"Nikon COOLPIX S3000 Purple BROKEN Lens Error Parts Repair + 3 Batteries, Charger",Nikon,Digital Cameras,For parts or not working,39.99,USD,"FIXED_PRICE,BEST_OFFER",4,0,as-is;underpriced(med 246),US,clar6132,100.0,2026-08-16T23:40:07.000Z,,https://www.ebay.com/itm/377424221875?hash=item57e03c96b3:g:HAkAAeSwRYJqgkpD,https://i.ebayimg.com/images/g/HAkAAeSwRYJqgkpD/s-l225.jpg
型号不明,53.0,Exakta VX SLR Camera Body with Leather Half Case,Exakta,Film Cameras,Used,39.99,USD,"FIXED_PRICE,BEST_OFFER",6,0,,US,abrvin89,100.0,2026-08-16T22:39:27.000Z,,https://www.ebay.com/itm/318740643327?hash=item4a366c3dff:g:lwMAAeSw5Tlqf1MJ,https://i.ebayimg.com/images/g/lwMAAeSw5Tlqf1MJ/s-l225.jpg
残件/按现状,53.0,"Canon EOS 50D DSLR Camera- Body Only, No Battery (untested)",Canon,Digital Cameras,For parts or not working,39.99,USD,FIXED_PRICE,6,0,as-is;underpriced(med 338),US,mygametrader,99.7,2026-08-16T21:46:28.000Z,,https://www.ebay.com/itm/820011289019?hash=itembeec7b49bb:g:Ty8AAeSwBJRqdKk9,https://i.ebayimg.com/images/g/Ty8AAeSwBJRqdKk9/s-l225.jpg
残件/按现状;打包杂件,53.0,Fujifilm FinePix F700 Digital Camera Bundle - Powers On Includes CP-FX700 Cradle,Fujifilm,Digital Cameras,For parts or not working,39.99,USD,"FIXED_PRICE,BEST_OFFER",11,0,underpriced(med 248),US,lobster1,99.2,2026-08-16T18:35:26.000Z,,https://www.ebay.com/itm/407149429201?hash=item5ecbff41d1:g:d0YAAeSwvl9qggKd,https://i.ebayimg.com/images/g/d0YAAeSwvl9qggKd/s-l225.jpg
残件/按现状,53.0,Canon EOS Rebel XSi Camera Body w/ Canon BG-E5 Battery Grip ONLY -UNTESTED AS-IS,Canon,Digital Cameras,For parts or not working,39.99,USD,"FIXED_PRICE,BEST_OFFER",7,0,as-is;underpriced(med 338),US,mostvaluableplayersportscards,100.0,2026-08-16T16:03:37.000Z,,https://www.ebay.com/itm/227478438833?hash=item34f6c583b1:g:1RkAAeSwR-Fqgd8k,https://i.ebayimg.com/images/g/1RkAAeSwR-Fqgd8k/s-l225.jpg
残件/按现状,53.0,Canon EOS Digital Rebel XT cannon DS126071,Canon,Digital Cameras,For parts or not working,43.5,USD,"FIXED_PRICE,BEST_OFFER",8,0,underpriced(med 338),US,al154827,0.0,2026-08-16T17:27:20.000Z,,https://www.ebay.com/itm/800518973229?hash=itemba62a6272d:g:DrQAAeSwuKZqgfIS,https://i.ebayimg.com/images/g/DrQAAeSwuKZqgfIS/s-l225.jpg
残件/按现状,53.0,Canon EOS Rebel XSi 450D 12.2MP Body + Battery + Lens (Lens AF is broken - READ),Canon,Digital Cameras,Used,44.99,USD,"FIXED_PRICE,BEST_OFFER",5,0,as-is;underpriced(med 338),US,whale1123,100.0,2026-08-16T19:26:03.000Z,,https://www.ebay.com/itm/206496095833?hash=item3014205e59:g:31UAAeSwn1JqggzS,https://i.ebayimg.com/images/g/31UAAeSwn1JqggzS/s-l225.jpg
残件/按现状,53.0,NOT WORKING/PARTS ONLY CANON PowerShot ELPH 180 DIGITAL CAMERA PC2275 8X,Canon,Digital Cameras,For parts or not working,45.0,USD,"FIXED_PRICE,BEST_OFFER",4,0,as-is;underpriced(med 338),US,robmen_pmoyl7,100.0,2026-08-17T00:26:06.000Z,,https://www.ebay.com/itm/168619106182?hash=item27427b5f86:g:CpEAAeSwk71qglS0,https://i.ebayimg.com/images/g/CpEAAeSwk71qglS0/s-l225.jpg
残件/按现状,53.0,Canon powershot g3 4.0MP Compact Digital Camera untested missing battery,Canon,Digital Cameras,Used,45.0,USD,"FIXED_PRICE,BEST_OFFER",9,0,as-is;underpriced(med 338),US,br_brabo_7oqa9hzcp,100.0,2026-08-16T22:25:31.000Z,,https://www.ebay.com/itm/128030118416?hash=item1dcf309210:g:ulMAAeSwWcdqgjhh,https://i.ebayimg.com/images/g/ulMAAeSwWcdqgjhh/s-l225.jpg
残件/按现状,53.0,Canon PowerShot Digital ELPH SD600 6.0MP “lens Error “ Sold As Is,Canon,Digital Cameras,For parts or not working,45.0,USD,FIXED_PRICE,5,0,as-is;underpriced(med 338),US,haiah_5,100.0,2026-08-16T19:32:00.000Z,,https://www.ebay.com/itm/820010903972?hash=itembeec7569a4:g:eYwAAeSwOwdqghAO,https://i.ebayimg.com/images/g/eYwAAeSwOwdqghAO/s-l225.jpg
残件/按现状,53.0,VTG Olympus Stylus 1050 SW 10.1MP Waterproof Digital Camera Untested w/ Case Bat,Olympus,Digital Cameras,Used,45.99,USD,"FIXED_PRICE,BEST_OFFER",20,0,as-is;underpriced(med 206),US,lemonsunshine,100.0,2026-08-16T17:01:46.000Z,,https://www.ebay.com/itm/820010446853?hash=itembeec6e7005:g:ktQAAeSw~8JqfSDf,https://i.ebayimg.com/images/g/ktQAAeSw~8JqfSDf/s-l225.jpg
残件/按现状,53.0,Nikon D3100 DSLR Camera Body – Broken / For Parts or Repair,Nikon,Digital Cameras,For parts or not working,48.5,USD,"FIXED_PRICE,BEST_OFFER",6,0,as-is;underpriced(med 246),US,sus_79877194,0.0,2026-08-16T19:46:28.000Z,,https://www.ebay.com/itm/318740144454?hash=item4a3664a146:g:TJ0AAeSwg5hqghNS,https://i.ebayimg.com/images/g/TJ0AAeSwg5hqghNS/s-l225.jpg
残件/按现状,53.0,"Canon PowerShot G2 Digital Camera 4.0MP, Untested No Battery charger",Canon,Digital Cameras,Used,49.0,USD,FIXED_PRICE,11,0,as-is;underpriced(med 338),US,bigdig,99.8,2026-08-16T19:16:28.000Z,,https://www.ebay.com/itm/820010868079?hash=itembeec74dd6f:g:KD4AAeSwJHdqggvS,https://i.ebayimg.com/images/g/KD4AAeSwJHdqggvS/s-l225.jpg
残件/按现状,53.0,Yashica 25 Super 8 Camera with Film & Yashica Super 8 Movie Light (Untested),Yashica,Vintage Cameras,,50.0,USD,FIXED_PRICE,11,0,as-is,US,prettylilbug,100.0,2026-08-17T02:12:12.000Z,,https://www.ebay.com/itm/287529649779?hash=item42f21a4673:g:o3kAAeSwEi9qgm2x,https://i.ebayimg.com/images/g/o3kAAeSwEi9qgm2x/s-l225.jpg
残件/按现状,53.0,"Nikon COOLPIX L6 Silver 6.0MP Compact Camera 3x Zoom 2.5"" - *SEE DESCRIPTION*",Nikon,Digital Cameras,Used,50.0,USD,"FIXED_PRICE,BEST_OFFER",6,0,underpriced(med 246),US,seangump21,100.0,2026-08-16T18:33:36.000Z,,https://www.ebay.com/itm/407149428003?hash=item5ecbff3d23:g:WIYAAeSw6z1qggG3,https://i.ebayimg.com/images/g/WIYAAeSw6z1qggG3/s-l225.jpg
残件/按现状,53.0,Olympus PEN E-P2 Digital Camera - Parts/Repair,Olympus,Digital Cameras,Used,50.0,USD,FIXED_PRICE,6,0,underpriced(med 206),US,robert6305,100.0,2026-08-16T16:00:58.000Z,,https://www.ebay.com/itm/237010011114?hash=item372ee5c3ea:g:hQ4AAeSw~8Jqgd6q,https://i.ebayimg.com/images/g/hQ4AAeSw~8Jqgd6q/s-l225.jpg
残件/按现状,53.0,Nikon D50 DSLR Camera 18-55mm AF-S DX Lens Kit Untested For Parts Repair,Nikon,Digital Cameras,For parts or not working,52.61,USD,"FIXED_PRICE,BEST_OFFER",12,0,55mm;as-is;underpriced(med 246),CA,d2bstore,100.0,2026-08-16T14:48:04.000Z,,https://www.ebay.com/itm/407148978402?hash=item5ecbf860e2:g:KmYAAeSwYVRqgcz2,https://i.ebayimg.com/images/g/KmYAAeSwYVRqgcz2/s-l225.jpg
残件/按现状,53.0,Yashica Lynx 14 35mm Film Camera (Untested),Yashica,Vintage Cameras,,54.95,USD,"FIXED_PRICE,BEST_OFFER",5,0,as-is,US,fuzzylumpkins35,100.0,2026-08-17T03:22:15.000Z,,https://www.ebay.com/itm/168619431179?hash=item274280550b:g:gbAAAeSwaRZqgnz6,https://i.ebayimg.com/images/g/gbAAAeSwaRZqgnz6/s-l225.jpg
残件/按现状,53.0,PARTS OR REPAIRS Nikon Coolpix L22 Red Digital Camera 12MP 3.6x Zoom *LENS ERROR,Nikon,Digital Cameras,For parts or not working,56.45,USD,"FIXED_PRICE,BEST_OFFER",3,0,underpriced(med 246),US,tommyb1101,99.3,2026-08-16T10:27:39.000Z,,https://www.ebay.com/itm/158194077846?hash=item24d51a1096:g:7YEAAeSwW0ZqX86Z,https://i.ebayimg.com/images/g/7YEAAeSwW0ZqX86Z/s-l225.jpg
残件/按现状;打包杂件,53.0,"17 Digital Camera Lot for Parts Or Repair Only ( Nikon , canon + more)",Nikon,Digital Cameras,For parts or not working,59.0,USD,"FIXED_PRICE,BEST_OFFER",15,0,as-is;underpriced(med 246),US,missingcord,100.0,2026-08-17T00:03:29.000Z,,https://www.ebay.com/itm/278287652207?hash=item40cb3c956f:g:IsEAAeSwjgRqgk-F,https://i.ebayimg.com/images/g/IsEAAeSwjgRqgk-F/s-l225.jpg
打包杂件,53.0,Canon PowerShot A590 IS 8.0MP Digital Camera Gray w/4x Zoom Bundle,Canon,Digital Cameras,Used,59.95,USD,FIXED_PRICE,8,0,underpriced(med 338),US,rosecityresell.pdx,99.6,2026-08-16T20:19:12.000Z,,https://www.ebay.com/itm/267759318372?hash=item3e57b2f564:g:pz0AAeSw2RBqghpk,https://i.ebayimg.com/images/g/pz0AAeSw2RBqghpk/s-l225.jpg
残件/按现状;打包杂件,53.0,"Camera Lot Of 5 UNTESTED Fujifilm, Vivitar, Olympus, Pentax",Fujifilm,Digital Cameras,Used,59.99,USD,FIXED_PRICE,10,0,as-is;underpriced(med 248),US,monta987,100.0,2026-08-16T22:32:25.000Z,,https://www.ebay.com/itm/318740633280?hash=item4a366c16c0:g:rE4AAeSwlC5qgjlw,https://i.ebayimg.com/images/g/rE4AAeSwlC5qgjlw/s-l225.jpg
残件/按现状;打包杂件,53.0,Nikon s6200 Coolpix Digital Camera 16.0 MP 10X Zoom Black LCD VR LOT PARTS ONLY,Nikon,Digital Cameras,For parts or not working,59.99,USD,"FIXED_PRICE,BEST_OFFER",9,0,as-is;underpriced(med 246),US,djbl-97,99.9,2026-08-16T15:41:27.000Z,,https://www.ebay.com/itm/206495680085?hash=item30141a0655:g:iskAAeSwDTBqUpN1,https://i.ebayimg.com/images/g/iskAAeSwDTBqUpN1/s-l225.jpg
残件/按现状,53.0,Nikon Coolpix S800c White 16MP (Camera is password Locked) (For Parts or Repair),Nikon,Digital Cameras,For parts or not working,59.99,USD,"FIXED_PRICE,BEST_OFFER",10,0,as-is;underpriced(med 246),US,smitys,100.0,2026-08-16T05:19:58.000Z,,https://www.ebay.com/itm/128028947018?hash=item1dcf1eb24a:g:voAAAeSw7cFpt3N-,https://i.ebayimg.com/images/g/voAAAeSw7cFpt3N-/s-l225.jpg
残件/按现状,53.0,Fujifilm FinePix Z30 Orange Compact Digital Camera 10MP 3x Optical Zoom,Fujifilm,Digital Cameras,For parts or not working,60.0,USD,"FIXED_PRICE,BEST_OFFER",4,0,underpriced(med 248),US,welovetrash,0.0,2026-08-16T06:45:13.000Z,,https://www.ebay.com/itm/820008542003?hash=itembeec515f33:g:hl8AAeSwFN5qgVwY,https://i.ebayimg.com/images/g/hl8AAeSwFN5qgVwY/s-l225.jpg
型号不明,53.0,Kenko Tokina lenses Used,Tokina,Lenses,Used,65.91,USD,FIXED_PRICE,4,0,underpriced(med 155),JP,beecruise04,98.5,2026-08-16T20:40:02.000Z,,https://www.ebay.com/itm/318740309441?hash=item4a366725c1:g:KcsAAeSwsqlqgiFQ,https://i.ebayimg.com/images/g/KcsAAeSwsqlqgiFQ/s-l225.jpg
残件/按现状,53.0,(Read) Canon EOS 450D Digital SLR Black Body + EF-S 18-55mm f/3.5-5.6 IS Lens,Canon,Digital Cameras,For parts or not working,66.36,USD,"FIXED_PRICE,BEST_OFFER",8,0,mount:canon ef;55mm;underpriced(med 338),AU,sherminator_of_resale,100.0,2026-08-16T09:04:50.000Z,,https://www.ebay.com/itm/257683609187?hash=item3bff23d663:g:WnEAAeSwyShqgXnN,https://i.ebayimg.com/images/g/WnEAAeSwyShqgXnN/s-l225.jpg
打包杂件,53.0,Olympus FE FE-4000 12.0MP Digital Camera - Gray Bundle,Olympus,Digital Cameras,Used,70.0,USD,FIXED_PRICE,2,0,mount:sony e;underpriced(med 206),US,blsshot,100.0,2026-08-16T21:21:11.000Z,,https://www.ebay.com/itm/307130310677?hash=item478264a015:g:200AAeSw5glqgily,https://i.ebayimg.com/images/g/200AAeSw5glqgily/s-l225.jpg
残件/按现状,53.0,2x Nikon D100 + 2x MB-D100 Grips + MS-D100 AA Tray + Charger + 1GB CF (FOR PARTS,Nikon,Digital Cameras,For parts or not working,74.95,USD,"FIXED_PRICE,BEST_OFFER",16,0,mount:hasselblad v;as-is;underpriced(med 246),US,whale1123,100.0,2026-08-16T22:21:00.000Z,,https://www.ebay.com/itm/206496381406?hash=item301424b9de:g:~2cAAeSwvnpqgivm,https://i.ebayimg.com/images/g/~2cAAeSwvnpqgivm/s-l225.jpg
打包杂件,53.0,"Nikon Coolpix 8700 Bundle W/Case, Batt & Charger, 2GB CF Tested & Works #34",Nikon,Digital Cameras,Used,75.0,USD,"FIXED_PRICE,BEST_OFFER",22,0,mount:hasselblad v;underpriced(med 246),US,ilike2buy818,99.6,2026-08-16T21:31:39.000Z,,https://www.ebay.com/itm/178414312197?hash=item298a525b05:g:sIEAAeSwHgFqgiqO,https://i.ebayimg.com/images/g/sIEAAeSwHgFqgiqO/s-l225.jpg
型号不明,53.0,SIGMA lens 70-300mmF4-5.6 DL MACRO SUPER Used,Sigma,Lenses,Used,76.49,USD,FIXED_PRICE,5,0,underpriced(med 359),JP,beecruise04,98.5,2026-08-16T20:39:58.000Z,,https://www.ebay.com/itm/318740309362?hash=item4a36672572:g:K~0AAeSwcflqgiEU,https://i.ebayimg.com/images/g/K~0AAeSwcflqgiEU/s-l225.jpg
型号不明,53.0,TAMRON lens Used,Tamron,Lenses,Used,97.66,USD,FIXED_PRICE,5,0,underpriced(med 227),JP,beecruise04,98.5,2026-08-16T20:40:02.000Z,,https://www.ebay.com/itm/318740309444?hash=item4a366725c4:g:aBcAAeSwEx9qgiCd,https://i.ebayimg.com/images/g/aBcAAeSwEx9qgiCd/s-l225.jpg
残件/按现状,53.0,Konica C35 EF 35mm Film Camera Untested,Konica,Film Cameras,For parts or not working,100.0,USD,FIXED_PRICE,7,0,mount:canon ef;as-is,US,jdmz-50,100.0,2026-08-17T01:16:35.000Z,,https://www.ebay.com/itm/168619205559?hash=item27427ce3b7:g:M60AAeSwDp1qgmDN,https://i.ebayimg.com/images/g/M60AAeSwDp1qgmDN/s-l225.jpg
型号不明,53.0,Leica Leitz Stereoly STereo Attachment NO MOUNTING ARM / FINDER,Leica,Vintage Lenses,,125.0,USD,"FIXED_PRICE,BEST_OFFER",10,0,,US,palindromeda,99.8,2026-08-17T03:04:02.000Z,,https://www.ebay.com/itm/307130722835?hash=item47826aea13:g:WM8AAeSwBidqgng0,https://i.ebayimg.com/images/g/WM8AAeSwBidqgng0/s-l225.jpg
打包杂件,53.0,Minolta X-370 35mm SLR Camera Lot 135mm f/2.8 + MD 50mm f/1.7 Lens Flash,Minolta,Film Cameras,Used,129.99,USD,"FIXED_PRICE,BEST_OFFER",10,1600,mount:minolta md,US,hawknationia,99.3,2026-08-16T18:00:31.000Z,,https://www.ebay.com/itm/267759219209?hash=item3e57b17209:g:33oAAeSwsJVqgfps,https://i.ebayimg.com/images/g/33oAAeSwsJVqgfps/s-l225.jpg
型号不明,53.0,SONY Lens DT 1.8 50 SAM φ49 Used,Sony,Lenses,Used,140.0,USD,FIXED_PRICE,4,0,underpriced(med 361),JP,beecruise04,98.5,2026-08-16T18:38:43.000Z,,https://www.ebay.com/itm/318739931255?hash=item4a36616077:g:8gcAAeSwfDJqggRt,https://i.ebayimg.com/images/g/8gcAAeSwfDJqggRt/s-l225.jpg
打包杂件,53.0,"Canon EOS Rebel XTi (400D) + BG-E3 Grip Bundle 2 Batteries, 4GB CF Card, Charger",Canon,Digital Cameras,Used,149.0,USD,FIXED_PRICE,11,0,mount:hasselblad v;underpriced(med 338),US,wayner385,100.0,2026-08-16T19:36:58.000Z,,https://www.ebay.com/itm/206496123599?hash=item301420cacf:g:SPsAAeSwC-FqghDI,https://i.ebayimg.com/images/g/SPsAAeSwC-FqghDI/s-l225.jpg
打包杂件,53.0,"Vintage Olympus OM-F 35mm SLR Camera w/ 50mm, 28-85mm & 70-210mm Lenses Lot",Olympus,Vintage Cameras,,150.0,USD,"FIXED_PRICE,BEST_OFFER",11,1600,mount:olympus om,US,meschel_0,99.6,2026-08-16T11:25:32.000Z,,https://www.ebay.com/itm/366608986600?hash=item555b9931e8:g:8Q8AAeSwKvpo~pia,https://i.ebayimg.com/images/g/8Q8AAeSwKvpo~pia/s-l225.jpg
型号不明,53.0,Leica Leitz Canada Telyt 1 : 4.8 / 280 Lens . Original Box,Leica,Lenses,Used,498.0,USD,"FIXED_PRICE,BEST_OFFER",3,0,underpriced(med 1220),US,trebla119,99.5,2026-08-16T22:06:28.000Z,,https://www.ebay.com/itm/327313641853?hash=item4c3569d17d:g:R~EAAOSwYGFUyS8N,https://i.ebayimg.com/images/g/R~EAAOSwYGFUyS8N/s-l225.jpg
型号不明,52.0,Zenit HT1-2X Cine Lens Video Lens - Quartz DS8-M For Super 8 Video Camera,Zenit,Lenses,Used,38.16,USD,FIXED_PRICE,4,0,underpriced(med 112),DE,easybuyshop,99.9,2026-08-16T05:29:14.000Z,,https://www.ebay.com/itm/318737334206?hash=item4a3639bfbe:g:OfkAAeSwlShqgSJp,https://i.ebayimg.com/images/g/OfkAAeSwlShqgSJp/s-l225.jpg
残件/按现状,52.0,"Tamron BBAR Multi C Auto Zoom Lens 70-150mm f/3.8 Topcon RE, Silver",Tamron,Lenses,For parts or not working,50.89,USD,"FIXED_PRICE,BEST_OFFER",4,0,underpriced(med 227),DE,easybuyshop,99.9,2026-08-16T23:00:58.000Z,,https://www.ebay.com/itm/318740695033?hash=item4a366d07f9:g:~i4AAeSwCYxqgi8K,https://i.ebayimg.com/images/g/~i4AAeSwCYxqgi8K/s-l225.jpg
残件/按现状,52.0,Sigma Zoom 28-70Mm 1:2.8 Lens Zoom Lens (Minolta Af/Sony A) Mushroom!,Sigma,Lenses,For parts or not working,50.89,USD,"FIXED_PRICE,BEST_OFFER",4,0,underpriced(med 359),DE,easybuyshop,99.9,2026-08-16T05:26:52.000Z,,https://www.ebay.com/itm/820008361640?hash=itembeec4e9ea8:g:FIwAAeSw6fRqgTGs,https://i.ebayimg.com/images/g/FIwAAeSw6fRqgTGs/s-l225.jpg
残件/按现状,52.0,RICOH IMAGING EUROPE SAS Pentax A3000 Defective 35mm SLR Analog Camera Body,Ricoh,Film Cameras,For parts or not working,63.6,USD,"FIXED_PRICE,BEST_OFFER",3,0,as-is,DE,easybuyshop,99.9,2026-08-16T17:00:41.000Z,,https://www.ebay.com/itm/820010442470?hash=itembeec6e5ee6:g:k4AAAeSwndBqgcjM,https://i.ebayimg.com/images/g/k4AAAeSwndBqgcjM/s-l225.jpg
型号不明,52.0,Operation confirmed Olympus XA G07 0515 198 1v,Olympus,Lenses,Used,198.72,USD,FIXED_PRICE,13,0,grail:Olympus XA,JP,zet_on,100.0,2026-08-16T23:08:24.000Z,,https://www.ebay.com/itm/407149757235?hash=item5ecc044333:g:5qAAAeSw2SRqgkPb,https://i.ebayimg.com/images/g/5qAAAeSw2SRqgkPb/s-l225.jpg
型号不明,52.0,Excellent condition Olympus OLYMPUS mju ZOOM 140 VF,Olympus,Lenses,Used,210.55,USD,FIXED_PRICE,18,0,grail:mju,JP,zet_on,100.0,2026-08-16T23:08:20.000Z,,https://www.ebay.com/itm/407149756875?hash=item5ecc0441cb:g:4w0AAeSw5VxqgkPX,https://i.ebayimg.com/images/g/4w0AAeSw5VxqgkPX/s-l225.jpg
型号不明,52.0,Working condition Olympus III mju iii 120 film camera,Olympus,Lenses,Used,252.38,USD,FIXED_PRICE,16,0,grail:mju,JP,zet_on,100.0,2026-08-16T23:08:20.000Z,,https://www.ebay.com/itm/407149756948?hash=item5ecc044214:g:PB4AAeSwFU5qgkOd,https://i.ebayimg.com/images/g/PB4AAeSwFU5qgkOd/s-l225.jpg
型号不明,52.0,Working OK OLYMPUS mju II 80 VF Olympus compact film camera,Olympus,Lenses,Used,278.21,USD,FIXED_PRICE,14,0,grail:mju,JP,zet_on,100.0,2026-08-16T23:08:24.000Z,,https://www.ebay.com/itm/407149757223?hash=item5ecc044327:g:qP8AAeSwtlZqgkPT,https://i.ebayimg.com/images/g/qP8AAeSwtlZqgkPT/s-l225.jpg
型号不明,52.0,OLYMPUS mju ZOOM 115 DELUXE main unit,Olympus,Lenses,Used,278.21,USD,FIXED_PRICE,9,0,grail:mju,JP,zet_on,100.0,2026-08-16T23:08:22.000Z,,https://www.ebay.com/itm/407149757139?hash=item5ecc0442d3:g:~MEAAeSw8ChqgkQV,https://i.ebayimg.com/images/g/~MEAAeSw8ChqgkQV/s-l225.jpg
型号不明,52.0,OLYMPUS mju III WIDE 100,Olympus,Lenses,Used,287.15,USD,FIXED_PRICE,12,0,grail:mju,JP,zet_on,100.0,2026-08-16T23:08:25.000Z,,https://www.ebay.com/itm/407149757277?hash=item5ecc04435d:g:1r8AAeSw-BBqgkNk,https://i.ebayimg.com/images/g/1r8AAeSw-BBqgkNk/s-l225.jpg
型号不明,52.0,OLYMPUS mju II ZOOM Film Camera Body,Olympus,Lenses,Used,290.13,USD,FIXED_PRICE,13,0,grail:mju,JP,zet_on,100.0,2026-08-16T23:08:25.000Z,,https://www.ebay.com/itm/407149757294?hash=item5ecc04436e:g:YyIAAeSwqvlqgkQV,https://i.ebayimg.com/images/g/YyIAAeSwqvlqgkQV/s-l225.jpg
型号不明,52.0,Excellent condition OLYMPUS mju III 150 Camera,Olympus,Lenses,Used,327.89,USD,FIXED_PRICE,11,0,grail:mju,JP,zet_on,100.0,2026-08-16T23:08:19.000Z,,https://www.ebay.com/itm/407149756777?hash=item5ecc044169:g:1RQAAeSwd3dqgkQQ,https://i.ebayimg.com/images/g/1RQAAeSwd3dqgkQQ/s-l225.jpg
型号不明,52.0,Excellent Condition Box OLYMPUS XA A11 Flash Set (Operational),Olympus,Lenses,Used,331.87,USD,FIXED_PRICE,9,0,grail:OLYMPUS XA,JP,zet_on,100.0,2026-08-16T23:08:21.000Z,,https://www.ebay.com/itm/407149757005?hash=item5ecc04424d:g:VSQAAeSwFplqgkMl,https://i.ebayimg.com/images/g/VSQAAeSwFplqgkMl/s-l225.jpg
型号不明,52.0,With original box Fully functional OLYMPUS mju II 115 VF Body,Olympus,Lenses,Used,332.45,USD,FIXED_PRICE,12,0,grail:mju,JP,zet_on,100.0,2026-08-16T23:08:20.000Z,,https://www.ebay.com/itm/407149756862?hash=item5ecc0441be:g:4q8AAeSwDRtqgkNe,https://i.ebayimg.com/images/g/4q8AAeSwDRtqgkNe/s-l225.jpg
型号不明,52.0,Carl Zeiss Lens Planar T* 1.4 50 Used,Zeiss,Lenses,Used,404.61,USD,FIXED_PRICE,6,0,grail:Planar,JP,beecruise04,98.5,2026-08-16T14:38:19.000Z,,https://www.ebay.com/itm/318739113383?hash=item4a3654e5a7:g:qiEAAeSwyShqgcyF,https://i.ebayimg.com/images/g/qiEAAeSwyShqgcyF/s-l225.jpg
查无市价,52.0,Voigtlander Heliar 210mm f/4.5 Brass Barrel Large Format Lens Germany,Voigtlander,Lenses,Used,494.99,USD,FIXED_PRICE,10,0,grail:Heliar,JP,osaka-camera,100.0,2026-08-17T01:31:35.000Z,,https://www.ebay.com/itm/800520789375?hash=itemba62c1dd7f:g:AH4AAeSwARRqY4yn,https://i.ebayimg.com/images/g/AH4AAeSwARRqY4yn/s-l225.jpg
型号不明,52.0,Leica Elmarit M90mm F2.8 605983,Leica,Lenses,Used,1184.98,USD,FIXED_PRICE,6,0,grail:Elmarit,JP,digree_japan,99.7,2026-08-16T16:16:47.000Z,,https://www.ebay.com/itm/307129977302?hash=item47825f89d6:g:C3wAAeSwY5dqgeNi,https://i.ebayimg.com/images/g/C3wAAeSwY5dqgeNi/s-l225.jpg
残件/按现状;打包杂件,51.0,Graflex Graphic 2x3 camera parts lot,Graflex,Film Cameras,For parts or not working,0.0,USD,AUCTION,0,0,auction,US,kfritch4ajs,100.0,2026-08-16T20:23:13.000Z,2026-08-23T20:23:13.000Z,https://www.ebay.com/itm/307130262745?hash=item478263e4d9:g:kSYAAeSwqXxqghqK,https://i.ebayimg.com/images/g/kSYAAeSwqXxqghqK/s-l225.jpg
残件/按现状,51.0,Vintage Voigtlander Virtus Bellows Camera with Skopar Lens AS-IS In Case,Voigtlander,Film Cameras,For parts or not working,0.0,USD,AUCTION,12,0,as-is;auction,US,lincoln5187,100.0,2026-08-16T16:06:31.000Z,2026-08-23T16:06:31.000Z,https://www.ebay.com/itm/178413451868?hash=item298a453a5c:g:HRAAAeSw0KxqgdxP,https://i.ebayimg.com/images/g/HRAAAeSw0KxqgdxP/s-l225.jpg
残件/按现状,51.0,Rolleiflex T Model 1 Twin Lens Reflex Camera Clean Untested Nice Medium Format,Rolleiflex,Vintage Cameras,,0.0,USD,AUCTION,10,0,as-is;auction,US,palenese55,99.4,2026-08-16T14:29:11.000Z,2026-08-23T14:29:11.000Z,https://www.ebay.com/itm/227478346020?hash=item34f6c41924:g:NMEAAeSwyRFqgcuf,https://i.ebayimg.com/images/g/NMEAAeSwyRFqgcuf/s-l225.jpg
残件/按现状,51.0,Vtg Petri FT II 35mm SLR Film Camera w/ CC Auto 35mm f/2.8 Lens - Japan AS-IS,Petri,Film Cameras,Used,45.0,USD,FIXED_PRICE,18,0,as-is,US,alias2a,100.0,2026-08-16T21:22:24.000Z,,https://www.ebay.com/itm/307130311480?hash=item478264a338:g:SgUAAeSwd8Vqginz,https://i.ebayimg.com/images/g/SgUAAeSwd8Vqginz/s-l225.jpg
残件/按现状,51.0,Vintage Soviet Zenit-B 35mm SLR Film Camera + Soviet Lens Industar f/3.5 50mm,Zenit,Film Cameras,For parts or not working,49.99,USD,"FIXED_PRICE,BEST_OFFER",13,0,,US,959400,100.0,2026-08-16T16:58:44.000Z,,https://www.ebay.com/itm/278286752348?hash=item40cb2eda5c:g:I9oAAeSwGbJqgew1,https://i.ebayimg.com/images/g/I9oAAeSwGbJqgew1/s-l225.jpg
残件/按现状,51.0,【AS IS】 SONY Handycam DCR-HC40 FromJapan #am9527,Sony,Camcorders,For parts or not working,58.71,USD,FIXED_PRICE,4,0,as-is;underpriced(med 159),JP,somtom_9,99.3,2026-08-17T02:16:20.000Z,,https://www.ebay.com/itm/188804356648?hash=item2bf59dda28:g:MCgAAeSwYVRqgm~n,https://i.ebayimg.com/images/g/MCgAAeSwYVRqgm~n/s-l225.jpg
残件/按现状,51.0,Canon EOS D60 digital camera with extra lens - 2002 model,Canon,Digital Cameras,For parts or not working,62.0,USD,"FIXED_PRICE,AUCTION",6,0,underpriced(med 338);auction,US,cpro5565,100.0,2026-08-16T17:17:01.000Z,2026-08-23T17:17:01.000Z,https://www.ebay.com/itm/178413639402?hash=item298a4816ea:g:newAAeSw3C1qgfBX,https://i.ebayimg.com/images/g/newAAeSw3C1qgfBX/s-l225.jpg
残件/按现状,51.0,【AS IS】 RICOH XR-P MULTI-PROGRAM FromJapan #am9440,Ricoh,Film Cameras,For parts or not working,100.28,USD,FIXED_PRICE,4,0,as-is,JP,somtom_9,99.3,2026-08-17T02:14:36.000Z,,https://www.ebay.com/itm/188804355264?hash=item2bf59dd4c0:g:0lEAAeSwqvlqgm-8,https://i.ebayimg.com/images/g/0lEAAeSwqvlqgm-8/s-l225.jpg
残件/按现状,51.0,Junk Canon Autoboy S PANORAMA Sure Shot Z115 35mm Film Camera Untested,Canon,Film Cameras,Used,110.62,USD,FIXED_PRICE,10,0,as-is,JP,hiro165r,99.2,2026-08-16T12:29:06.000Z,,https://www.ebay.com/itm/237009628691?hash=item372edfee13:g:7mUAAeSwOfRqga1S,https://i.ebayimg.com/images/g/7mUAAeSwOfRqga1S/s-l225.jpg
残件/按现状,51.0,* PLEASE READ DES.!* Nikon AF-S Nikkor 70-300mm f/4.5-5.6G IF-ED VR Zoom Lens,Nikon,Lenses,For parts or not working,114.99,USD,"FIXED_PRICE,BEST_OFFER",3,0,mount:nikon f,US,bg31497,100.0,2026-08-16T19:01:26.000Z,,https://www.ebay.com/itm/188802819372?hash=item2bf586652c:g:2LcAAeSw4qpqggjj,https://i.ebayimg.com/images/g/2LcAAeSw4qpqggjj/s-l225.jpg
型号不明,51.0,Vintage Canon FT QL 35 Film Camera,Canon,Film Cameras,Used,135.02,USD,FIXED_PRICE,4,0,,JP,tukemai,100.0,2026-08-16T15:45:52.000Z,,https://www.ebay.com/itm/407149049877?hash=item5ecbf97815:g:qy0AAeSwtH5qgdvm,https://i.ebayimg.com/images/g/qy0AAeSwtH5qgdvm/s-l225.jpg
打包杂件,51.0,Canon EF 75-300mm f/4-5.6 II Ultrasonic Lens Flash and Bag Bundle,Canon,Lenses,Used,140.0,USD,FIXED_PRICE,12,0,mount:canon ef,US,klb4062,100.0,2026-08-16T15:01:00.000Z,,https://www.ebay.com/itm/117362746349?hash=item1b535d63ed:g:OZEAAeSwmOFpk1au,https://i.ebayimg.com/images/g/OZEAAeSwmOFpk1au/s-l225.jpg
型号不明,51.0,OLYMPUS M.ZUIKO DIGITAL 1.4x TELECOVERTER MC-14 [Top Mint] #3016336,Olympus,Lenses,Used,199.0,USD,FIXED_PRICE,13,0,mount:olympus om;good-cond,JP,aoscamera_97,100.0,2026-08-16T09:08:29.000Z,,https://www.ebay.com/itm/366608804557?hash=item555b966acd:g:CSEAAeSwk-9qgRJ0,https://i.ebayimg.com/images/g/CSEAAeSwk-9qgRJ0/s-l225.jpg
型号不明,51.0,[MINT] Nikon Nippon Kogaku Nikkor-S 5cm F1.4 Black Lens for S Mount from JAPAN,Nikon,Lenses,Used,199.99,USD,"FIXED_PRICE,BEST_OFFER",12,0,mount:nikon f;good-cond,JP,tomooka_49,99.8,2026-08-16T22:48:30.000Z,,https://www.ebay.com/itm/158195931678?hash=item24d5365a1e:g:jXgAAeSwCmBqBkzR,https://i.ebayimg.com/images/g/jXgAAeSwCmBqBkzR/s-l225.jpg
型号不明,51.0,Olympus M.Zuiko Digital 1.4x Teleconverter MC-14 w/Case -Near Mint-,Olympus,Lenses,Used,217.49,USD,FIXED_PRICE,10,0,mount:olympus om;good-cond,JP,kobuta_camera0220,100.0,2026-08-16T21:52:42.000Z,,https://www.ebay.com/itm/820011311019?hash=itembeec7b9fab:g:SFwAAeSwvl9qfPV1,https://i.ebayimg.com/images/g/SFwAAeSwvl9qfPV1/s-l225.jpg
型号不明,51.0,[MINT in Box] Canon Extender EF 2x III Teleconverter Lens From JAPAN,Canon,Lenses,Used,239.99,USD,FIXED_PRICE,7,0,mount:canon ef;good-cond,JP,sevenseascamera_japan,100.0,2026-08-16T15:04:22.000Z,,https://www.ebay.com/itm/128029590813?hash=item1dcf28851d:g:eKgAAeSwXBNqDc2U,https://i.ebayimg.com/images/g/eKgAAeSwXBNqDc2U/s-l225.jpg
打包杂件,51.0,Leica V-LUX 4 12.1MP 24x Zoom Bridge Digital Camera BUNDLE - Works Good!,Leica,Digital Cameras,Used,349.99,USD,"FIXED_PRICE,BEST_OFFER",11,0,underpriced(med 1731),US,dutchgirlventura,99.6,2026-08-16T18:53:53.000Z,,https://www.ebay.com/itm/137628936095?hash=item200b52e79f:g:fQYAAeSwQOlqggWW,https://i.ebayimg.com/images/g/fQYAAeSwQOlqggWW/s-l225.jpg
型号不明,51.0,[MINT] Lomography Lomo LC-A MINITAR-1 Art f/2.8 32m Black for Leica M From JAPAN,Lomo,Lenses,Used,379.99,USD,FIXED_PRICE,11,0,mount:leica m;good-cond,JP,onda03,99.4,2026-08-16T15:30:04.000Z,,https://www.ebay.com/itm/137628388681?hash=item200b4a8d49:g:dF4AAeSwBXxqgdg1,https://i.ebayimg.com/images/g/dF4AAeSwBXxqgdg1/s-l225.jpg
型号不明,51.0,[Mint] Canon Drop-in Filter Mount Adapter EF-EOS R Lens w/ Cap Tested Japan TB04,Canon,Lenses,Used,381.35,USD,FIXED_PRICE,9,0,mount:canon ef;good-cond,JP,dannysjapancollectable,100.0,2026-08-16T05:47:49.000Z,,https://www.ebay.com/itm/287527941324?hash=item42f20034cc:g:BhQAAeSw1WFqgU~7,https://i.ebayimg.com/images/g/BhQAAeSw1WFqgU~7/s-l225.jpg
查无市价,51.0,Leica IVZOO 14056 M Mount Body Cap Black Genuine From Japan,Leica,Film Cameras,Used,710.0,USD,FIXED_PRICE,4,0,mount:leica m,JP,miyuki1_75,100.0,2026-08-17T06:12:01.000Z,,https://www.ebay.com/itm/377424994447?hash=item57e048608f:g:mvQAAeSwpN5qgqUH,https://i.ebayimg.com/images/g/mvQAAeSwpN5qgqUH/s-l225.jpg
查无市价,51.0,[Near MINT] Nikon Nippon Kogaku NIKKOR-Q 450mm f9 Lens COPAL No.3 8x10 Format JP,Nikon,Film Cameras,Used,749.99,USD,FIXED_PRICE,12,0,mount:nikon f;good-cond,JP,onda03,99.4,2026-08-16T08:40:28.000Z,,https://www.ebay.com/itm/137627261567?hash=item200b395a7f:g:-G0AAeSw8ChqgXg1,https://i.ebayimg.com/images/g/-G0AAeSw8ChqgXg1/s-l225.jpg
型号不明,51.0,⭐️Near MINT⭐️ Leica Leitz Summar 5cm f/2 Nickel L39 Standard MF Lens From JAPAN,Leica,Lenses,Used,1009.99,USD,FIXED_PRICE,9,0,mount:ltm/l39;good-cond,JP,orihika-at,100.0,2026-08-16T09:53:03.000Z,,https://www.ebay.com/itm/318738143363?hash=item4a36461883:g:CcwAAeSwpp1qGlfS,https://i.ebayimg.com/images/g/CcwAAeSwpp1qGlfS/s-l225.jpg
型号不明,51.0,⭐️Top MINT⭐️ Leica Leitz Summaron 2.8cm f/5.6 L39 MF Lens From JAPAN,Leica,Lenses,Used,2029.99,USD,FIXED_PRICE,9,0,mount:ltm/l39;good-cond,JP,orihika-at,100.0,2026-08-16T09:53:02.000Z,,https://www.ebay.com/itm/318738143357?hash=item4a3646187d:g:8qYAAeSwmGpqLWKC,https://i.ebayimg.com/images/g/8qYAAeSwmGpqLWKC/s-l225.jpg
查无市价,51.0,Leica Compur B Dial Set w. Elmar 3.5/50mm original condition,Leica,Film Cameras,Used,8905.31,USD,FIXED_PRICE,13,0,grail:Elmar,DE,jbv-foto,100.0,2026-08-17T07:08:42.000Z,,https://www.ebay.com/itm/287529985605?hash=item42f21f6645:g:MnsAAeSwpfhqgrRR,https://i.ebayimg.com/images/g/MnsAAeSwpfhqgrRR/s-l225.jpg
残件/按现状,50.0,Canon Digital Camera IXUS 300 2.1MP Silver Dead Batteries Untested,Canon,Digital Cameras,For parts or not working,27.01,USD,FIXED_PRICE,10,0,as-is;underpriced(med 338),GB,mardav_9527,99.6,2026-08-16T17:02:54.000Z,,https://www.ebay.com/itm/820010451819?hash=itembeec6e836b:g:mF0AAeSwxxdqgezP,https://i.ebayimg.com/images/g/mF0AAeSwxxdqgezP/s-l225.jpg
残件/按现状;打包杂件,50.0,"8X Fujifilm Digital Cameras Lot Finepix F460, F470, JZ300, Z10FD, Z20FD, F70 EXR",Fujifilm,Digital Cameras,For parts or not working,29.95,USD,FIXED_PRICE,19,0,underpriced(med 248),ES,kopite71,100.0,2026-08-16T11:16:44.000Z,,https://www.ebay.com/itm/137627673452?hash=item200b3fa36c:g:xRYAAeSwrJFqgY2y,https://i.ebayimg.com/images/g/xRYAAeSwrJFqgY2y/s-l225.jpg
残件/按现状,50.0,Yashica Full automatic Compact Camera With Lens 38mm 1:2.8 35mm Defective,Yashica,Vintage Cameras,,31.8,USD,"FIXED_PRICE,BEST_OFFER",5,0,as-is,DE,easybuyshop,99.9,2026-08-16T17:01:40.000Z,,https://www.ebay.com/itm/318739578820?hash=item4a365bffc4:g:kToAAeSwjJxqga2j,https://i.ebayimg.com/images/g/kToAAeSwjJxqga2j/s-l225.jpg
残件/按现状,50.0,Olympus Stylus Verve 4.0 Megapixel Camera No Battery Or Charger Parts Only,Olympus,Digital Cameras,For parts or not working,32.9,USD,"FIXED_PRICE,BEST_OFFER",5,0,as-is;underpriced(med 206),CA,natmacd_75,100.0,2026-08-16T05:51:33.000Z,,https://www.ebay.com/itm/307129032051?hash=item4782511d73:g:o2cAAeSwJ2dqgU-U,https://i.ebayimg.com/images/g/o2cAAeSwJ2dqgU-U/s-l225.jpg
残件/按现状,50.0,Ricoh R8 Digital Camera 10.2MP Black - Working - Read Description,Ricoh,Digital Cameras,Used,33.85,USD,"FIXED_PRICE,BEST_OFFER",9,0,underpriced(med 345),GB,ianericson,100.0,2026-08-16T13:49:24.000Z,,https://www.ebay.com/itm/206495492076?hash=item30141727ec:g:M8YAAeSwndBqgb86,https://i.ebayimg.com/images/g/M8YAAeSwndBqgb86/s-l225.jpg
残件/按现状,50.0,Olympus SZ-12 14MP 24x Wide Zoom Digital Camera Red UNTESTED FOR PARTS No Batt,Olympus,Digital Cameras,For parts or not working,35.06,USD,"FIXED_PRICE,BEST_OFFER",7,0,as-is;underpriced(med 206),CA,natmacd_75,100.0,2026-08-16T05:32:04.000Z,,https://www.ebay.com/itm/307129014106?hash=item478250d75a:g:mREAAeSwVNpqgUou,https://i.ebayimg.com/images/g/mREAAeSwVNpqgUou/s-l225.jpg
残件/按现状,50.0,FUJIFILM FINEPIX JX650 16.0 MP Black COMPACT DIGITAL CAMERA,Fujifilm,Digital Cameras,For parts or not working,36.04,USD,"FIXED_PRICE,BEST_OFFER",4,0,underpriced(med 248),CA,the_elmstead,100.0,2026-08-16T14:07:47.000Z,,https://www.ebay.com/itm/198575223174?hash=item2e3c017186:g:A8kAAeSwv8xqgcJc,https://i.ebayimg.com/images/g/A8kAAeSwv8xqgcJc/s-l225.jpg
残件/按现状,50.0,EasyBuy BCS Electronic 35mm Analog SLR Camera Body Red SLR (Praktica B),Praktica,Film Cameras,For parts or not working,38.16,USD,"FIXED_PRICE,BEST_OFFER",3,0,,DE,easybuyshop,99.9,2026-08-17T11:41:23.000Z,,https://www.ebay.com/itm/318743482877?hash=item4a369791fd:g:eIMAAeSwaGNqgqQK,https://i.ebayimg.com/images/g/eIMAAeSwaGNqgqQK/s-l225.jpg
残件/按现状,50.0,Ricoh 35 ZF Compact Camera With 1:2.8/40mm Analog Camera! Beli Defective,Ricoh,Vintage Cameras,,38.16,USD,"FIXED_PRICE,BEST_OFFER",3,0,as-is,DE,easybuyshop,99.9,2026-08-16T23:00:57.000Z,,https://www.ebay.com/itm/318740695004?hash=item4a366d07dc:g:hIQAAeSwVf1qghgA,https://i.ebayimg.com/images/g/hIQAAeSwVf1qghgA/s-l225.jpg
打包杂件,50.0,Lot Of 3 Fuji Film Quick Snap Disposable Flash Cameras Brand New Sealed,Fuji,Film Cameras,Open box,39.99,USD,"FIXED_PRICE,BEST_OFFER",0,0,neg;underpriced(med 250),US,griffithsgl2012,99.5,2026-08-16T05:13:21.000Z,,https://www.ebay.com/itm/147507948858?hash=item225828ad3a:g:PB0AAeSwOvlpkNbV,https://i.ebayimg.com/images/g/PB0AAeSwOvlpkNbV/s-l225.jpg
打包杂件,50.0,Fujifilm Instax Mini 9 Instant Film Camera Lot of 3 Tested + 4 packs of film,Fujifilm,Film Cameras,Used,40.0,USD,FIXED_PRICE,1,0,neg;underpriced(med 120),US,onoiou2,99.7,2026-08-16T21:01:41.000Z,,https://www.ebay.com/itm/188803257510?hash=item2bf58d14a6:g:w~UAAeSw9~xqgiSz,https://i.ebayimg.com/images/g/w~UAAeSw9~xqgiSz/s-l225.jpg
残件/按现状,50.0,Pentax Digital Camera Optio P70 12.0MP + Box and Charger - Read Description,Pentax,Digital Cameras,Used,44.63,USD,"FIXED_PRICE,BEST_OFFER",21,0,underpriced(med 224),GB,terbium65,100.0,2026-08-16T10:51:02.000Z,,https://www.ebay.com/itm/158194141427?hash=item24d51b08f3:g:QkwAAeSwKs5qU7zB,https://i.ebayimg.com/images/g/QkwAAeSwKs5qU7zB/s-l225.jpg
残件/按现状,50.0,Read Description Canon PowerShot A810 HD Digital Camera 16MP 5x Zoom Red Works,Canon,Digital Cameras,Used,47.37,USD,FIXED_PRICE,16,0,underpriced(med 338),GB,luke78.online.store,99.9,2026-08-16T17:15:56.000Z,,https://www.ebay.com/itm/287528939017?hash=item42f20f6e09:g:eqsAAeSwn0ZqQ8ru,https://i.ebayimg.com/images/g/eqsAAeSwn0ZqQ8ru/s-l225.jpg
残件/按现状,50.0,1960s Vintage FED-3 35mm Camera. For Parts or Repair,Fed,Vintage Cameras,,49.0,USD,"FIXED_PRICE,BEST_OFFER",12,0,as-is,LV,gennadij46,100.0,2026-08-16T10:54:47.000Z,,https://www.ebay.com/itm/278285885231?hash=item40cb219f2f:g:q2EAAOSw3YRkuqjg,https://i.ebayimg.com/images/g/q2EAAOSw3YRkuqjg/s-l225.jpg
残件/按现状,50.0,Ricoh TLS 401 Black 35mm SLR Film Camera Body 1970s Model TLS401,Ricoh,Vintage Cameras,For parts or not working,49.59,USD,FIXED_PRICE,5,0,,AU,c_mine_79,100.0,2026-08-16T10:44:58.000Z,,https://www.ebay.com/itm/158194110552?hash=item24d51a9058:g:KPgAAeSw5fZqgZP8,https://i.ebayimg.com/images/g/KPgAAeSw5fZqgZP8/s-l225.jpg
残件/按现状,50.0,Nikon Digital Camera Coolpix S2550 12.0MP Red - Focus Issue,Nikon,Digital Cameras,For parts or not working,54.14,USD,"FIXED_PRICE,BEST_OFFER",9,0,underpriced(med 246),GB,buck718,99.9,2026-08-16T08:12:36.000Z,,https://www.ebay.com/itm/800516769273?hash=itemba628485f9:g:nYQAAeSwl5xp56Oh,https://i.ebayimg.com/images/g/nYQAAeSwl5xp56Oh/s-l225.jpg
查无市价,50.0,[Top MINT w/Case] Contax TVS Digital Titan Black 5.0MP Compact Camera From JAPAN,Contax,Digital Cameras,Used,514.99,USD,FIXED_PRICE,11,0,grail:Contax TVS;good-cond,JP,onda03,99.4,2026-08-16T15:06:09.000Z,,https://www.ebay.com/itm/137628309087?hash=item200b49565f:g:Es0AAeSwDzRqgdKa,https://i.ebayimg.com/images/g/Es0AAeSwDzRqgdKa/s-l225.jpg
型号不明,50.0,Rare! [MINT in Box] Mamiya 645 DF Medium Format Camera Body Only From JAPAN #806,Mamiya,Digital Cameras,Used,1099.99,USD,FIXED_PRICE,23,0,grail:645;good-cond,JP,japan.camera.like,100.0,2026-08-16T08:58:52.000Z,,https://www.ebay.com/itm/178412364409?hash=item298a34a279:g:CogAAeSw-MdqgXxP,https://i.ebayimg.com/images/g/CogAAeSw-MdqgXxP/s-l225.jpg
型号不明,49.0,MINOLTA lens AF75-300 Used,Minolta,Lenses,Used,76.49,USD,FIXED_PRICE,4,0,,JP,beecruise04,98.5,2026-08-16T20:40:02.000Z,,https://www.ebay.com/itm/318740309456?hash=item4a366725d0:g:oAkAAeSwdUJqgiCd,https://i.ebayimg.com/images/g/oAkAAeSwdUJqgiCd/s-l225.jpg
残件/按现状,49.0,Sony SAL75300 75-300mm f/4.5-5.6 A-Mount Alpha Telephoto Zoom Lens Untested,Sony,Lenses,Used,79.99,USD,"FIXED_PRICE,BEST_OFFER",5,0,as-is;underpriced(med 361),US,greatitemsatgreatprices,100.0,2026-08-16T16:06:46.000Z,,https://www.ebay.com/itm/366609450382?hash=item555ba0458e:g:CIsAAeSwm6tqgd7x,https://i.ebayimg.com/images/g/CIsAAeSwm6tqgd7x/s-l225.jpg
型号不明,49.0,Sigma 2x EX DG APO Tele Converter Nikon AF Teleconverter #952,Sigma,Lenses,Excellent - Refurbished,101.3,USD,"FIXED_PRICE,BEST_OFFER",7,0,underpriced(med 359),US,robertscamera,99.8,2026-08-16T16:39:54.000Z,,https://www.ebay.com/itm/206495803082?hash=item30141be6ca:g:sqkAAeSw0QpqPUb0,https://i.ebayimg.com/images/g/sqkAAeSw0QpqPUb0/s-l225.jpg
型号不明,49.0,Sigma AF APO Tele Converter 1.4x EX DG Teleconverter Nikon #778,Sigma,Lenses,Excellent - Refurbished,107.0,USD,"FIXED_PRICE,BEST_OFFER",6,0,underpriced(med 359),US,robertscamera,99.8,2026-08-16T16:40:10.000Z,,https://www.ebay.com/itm/147508909537?hash=item22583755e1:g:rTEAAeSwkhNqKZ2p,https://i.ebayimg.com/images/g/rTEAAeSwkhNqKZ2p/s-l225.jpg
型号不明,49.0,"TAMRON 18-270 F/3.5-6.3 canon Lens Near MINT w/ Front and Rear Caps, Hood",Tamron,Lenses,Used,118.99,USD,FIXED_PRICE,14,0,good-cond,JP,kaz_camera,99.2,2026-08-16T13:00:55.000Z,,https://www.ebay.com/itm/137627966945?hash=item200b441de1:g:7I4AAeSwLuxqcucJ,https://i.ebayimg.com/images/g/7I4AAeSwLuxqcucJ/s-l225.jpg
型号不明,49.0,Nikon Telecon Tc-14eii Used,Nikon,Lenses,Used,127.86,USD,FIXED_PRICE,11,0,,JP,hard-off-japan-in-au,99.2,2026-08-16T16:53:57.000Z,,https://www.ebay.com/itm/318739555819?hash=item4a365ba5eb:g:Z3cAAeSwBVhqgewb,https://i.ebayimg.com/images/g/Z3cAAeSwBVhqgewb/s-l225.jpg
型号不明,49.0,[Good+ w/ Box] Nikon Amusing Lenses Complete Set Fisheye Soft Dotto 400 JAPAN,Nikon,Lenses,Used,129.99,USD,FIXED_PRICE,18,0,,JP,tokyocameraworks,100.0,2026-08-16T15:26:59.000Z,,https://www.ebay.com/itm/407149026276?hash=item5ecbf91be4:g:5H0AAeSwBZ1qMoiS,https://i.ebayimg.com/images/g/5H0AAeSwBZ1qMoiS/s-l225.jpg
残件/按现状,49.0,Nikon One Touch L35AF3 Point & Shoot 35mm Film Camera With Box And Manual,Nikon,Film Cameras,For parts or not working,154.0,USD,"FIXED_PRICE,BEST_OFFER",5,0,,US,lockwoodnh,99.6,2026-08-16T11:44:40.000Z,,https://www.ebay.com/itm/158194241432?hash=item24d51c8f98:g:csoAAeSwOk1qWRue,https://i.ebayimg.com/images/g/csoAAeSwOk1qWRue/s-l225.jpg
型号不明,49.0,[Excellent+++++] Canon Extender EF 1.4X II Teleconverter Lens from japan,Canon,Lenses,Used,169.9,USD,FIXED_PRICE,8,0,mount:canon ef,JP,masakeithi,100.0,2026-08-17T00:19:59.000Z,,https://www.ebay.com/itm/178414723294?hash=item298a58a0de:g:R80AAeSwm6tqglSb,https://i.ebayimg.com/images/g/R80AAeSwm6tqglSb/s-l225.jpg
型号不明,49.0,Canon EF-S 24 F2.8 STM,Canon,Lenses,Used,172.7,USD,FIXED_PRICE,3,0,mount:canon ef,JP,tukemai,100.0,2026-08-16T23:22:35.000Z,,https://www.ebay.com/itm/407149772187?hash=item5ecc047d9b:g:148AAeSwHiJqgkcu,https://i.ebayimg.com/images/g/148AAeSwHiJqgkcu/s-l225.jpg
型号不明,49.0,Canon EF-S 24 F2.8 STM Pancake Lens,Canon,Lenses,Used,172.7,USD,FIXED_PRICE,4,0,mount:canon ef,JP,tukemai,100.0,2026-08-16T23:21:45.000Z,,https://www.ebay.com/itm/407149771215?hash=item5ecc0479cf:g:bQ8AAeSwHgFqgkaI,https://i.ebayimg.com/images/g/bQ8AAeSwHgFqgkaI/s-l225.jpg
型号不明,49.0,With Box Excellent Canon EF-S 24 F2.8 STM Pancake Lens,Canon,Lenses,Used,172.7,USD,FIXED_PRICE,5,0,mount:canon ef,JP,tukemai,100.0,2026-08-16T23:21:07.000Z,,https://www.ebay.com/itm/407149770467?hash=item5ecc0476e3:g:-CkAAeSwNSNqgkZZ,https://i.ebayimg.com/images/g/-CkAAeSwNSNqgkZZ/s-l225.jpg
型号不明,49.0,Canon EF-S24F2.8 STM Pancake Lens,Canon,Lenses,Used,182.12,USD,FIXED_PRICE,2,0,mount:canon ef,JP,tukemai,100.0,2026-08-16T23:23:14.000Z,,https://www.ebay.com/itm/407149772613?hash=item5ecc047f45:g:~QkAAeSw2SRqgkaf,https://i.ebayimg.com/images/g/~QkAAeSw2SRqgkaf/s-l225.jpg
型号不明,49.0,Canon EF-S24F2.8 STM,Canon,Lenses,Used,191.53,USD,FIXED_PRICE,4,0,mount:canon ef,JP,tukemai,100.0,2026-08-16T23:20:50.000Z,,https://www.ebay.com/itm/407149770277?hash=item5ecc047625:g:168AAeSwqgRqgkZK,https://i.ebayimg.com/images/g/168AAeSwqgRqgkZK/s-l225.jpg
型号不明,49.0,Enjoy The Exquisite Bokeh Effect With The Canon EF-M 22 STM Prime Lens.,Canon,Lenses,Used,191.54,USD,FIXED_PRICE,3,0,mount:canon ef,JP,tukemai,100.0,2026-08-16T23:20:32.000Z,,https://www.ebay.com/itm/407149770066?hash=item5ecc047552:g:924AAeSwkNxqgkbv,https://i.ebayimg.com/images/g/924AAeSwkNxqgkbv/s-l225.jpg
型号不明,49.0,Carl Zeiss Jena Flektogon 2.8/35 Lens Exakta Mount,Zeiss,Lenses,Used,279.99,USD,FIXED_PRICE,10,0,,US,chtho_6834,100.0,2026-08-16T21:18:51.000Z,,https://www.ebay.com/itm/298593863912?hash=item458594c8e8:g:9cUAAeSwnCZqgiiQ,https://i.ebayimg.com/images/g/9cUAAeSwnCZqgiiQ/s-l225.jpg
残件/按现状,49.0,Linhof Super Technika III 4×5 Camera w/ Xenar 150mm F4.5 Lens - USA Seller,Linhof,Film Cameras,For parts or not working,849.99,USD,"FIXED_PRICE,BEST_OFFER",20,0,,US,rick2726,99.3,2026-08-16T18:52:11.000Z,,https://www.ebay.com/itm/307130172680?hash=item4782628508:g:i6cAAeSwgsZqggWT,https://i.ebayimg.com/images/g/i6cAAeSwgsZqggWT/s-l225.jpg
型号不明,48.0,Salut S 6x6cm Vintage Russian Medium Format Camera Lens Vega-12B copy HASSELBLAD,Hasselblad,Film Cameras,Used,0.0,USD,AUCTION,23,0,auction,UA,antique_store,100.0,2026-08-16T18:12:28.000Z,2026-08-26T18:12:28.000Z,https://www.ebay.com/itm/168618491836?hash=item274271ffbc:g:dUgAAeSwAU9p4LDZ,https://i.ebayimg.com/images/g/dUgAAeSwAU9p4LDZ/s-l225.jpg
打包杂件,48.0,Rollei XF35 + Maxwell M200C + Kolimat 932TCZ + Instruction Box Lot,Rollei,Film Cameras,Usato,0.0,USD,AUCTION,14,0,auction,IT,grande.abbuffata,100.0,2026-08-16T12:09:34.000Z,2026-08-26T12:09:34.000Z,https://www.ebay.com/itm/800517671695?hash=itemba62924b0f:g:E2kAAeSwdkBqFDg5,https://i.ebayimg.com/images/g/E2kAAeSwdkBqFDg5/s-l225.jpg
型号不明,47.0,Leica Summaron f=3.5cm 1:3.5 Lens 1951 screw mount s/n 843716 w/Bayonet Adapter,Leica,Lenses,Used,0.0,USD,AUCTION,12,0,mount:ltm/l39;auction,US,sideoftheroad,100.0,2026-08-16T16:11:53.000Z,2026-08-23T16:11:53.000Z,https://www.ebay.com/itm/327313239303?hash=item4c3563ad07:g:0AEAAeSwmiFqgdvi,https://i.ebayimg.com/images/g/0AEAAeSwmiFqgdvi/s-l225.jpg
残件/按现状,47.0,Sony DV700 Digital Video Camcorder 4.1MP NTSC/PAL UNTESTED No Battery Charger,Sony,Camcorders,Used,29.0,USD,"FIXED_PRICE,BEST_OFFER",6,0,as-is;underpriced(med 159),US,telexry,100.0,2026-08-16T18:31:13.000Z,,https://www.ebay.com/itm/318739918710?hash=item4a36612f76:g:a8sAAeSwOcNqggCX,https://i.ebayimg.com/images/g/a8sAAeSwOcNqggCX/s-l225.jpg
残件/按现状,47.0,Camcorder Panasonic Palmcorder PV-D308D VHSC Has Battery (NO Charger) UNTESTED!,Panasonic,Camcorders,For parts or not working,29.99,USD,FIXED_PRICE,17,0,as-is;underpriced(med 108),US,popand_74,99.0,2026-08-16T11:47:20.000Z,,https://www.ebay.com/itm/198575008351?hash=item2e3bfe2a5f:g:QpAAAeSw33poP5Pe,https://i.ebayimg.com/images/g/QpAAAeSw33poP5Pe/s-l225.jpg
残件/按现状,47.0,Panasonic Palmcorder IQ VHS-C Camcorder 10x Zoom LCD “Untested” w/remote,Panasonic,Camcorders,Used,33.98,USD,"FIXED_PRICE,BEST_OFFER",6,0,as-is;underpriced(med 108),US,silverskyfinds,100.0,2026-08-17T03:46:26.000Z,,https://www.ebay.com/itm/307130758452?hash=item47826b7534:g:pO0AAeSwhnxqgoPb,https://i.ebayimg.com/images/g/pO0AAeSwhnxqgoPb/s-l225.jpg
残件/按现状,47.0,Sony CCD-TR101 Hi8 8mm Video Camera Camcorder Non-Working Powers Up-Parts Only,Sony,Camcorders,Used,36.5,USD,"FIXED_PRICE,BEST_OFFER",12,0,as-is;underpriced(med 159),US,fiestabug,99.9,2026-08-16T14:41:32.000Z,,https://www.ebay.com/itm/158194664707?hash=item24d5230503:g:nZEAAeSwcSpp5YD4,https://i.ebayimg.com/images/g/nZEAAeSwcSpp5YD4/s-l225.jpg
打包杂件,47.0,🍁 Sony CCD-TR4 Video8 Handycam Camcorder Bundle w Charger Battery WORKS - N2,Sony,Camcorders,Used,39.99,USD,"FIXED_PRICE,BEST_OFFER",11,0,underpriced(med 159),US,sallysfinevintagetoys,98.4,2026-08-17T05:15:54.000Z,,https://www.ebay.com/itm/137630527363?hash=item200b6b2f83:g:beUAAeSwAQ9qdDsP,https://i.ebayimg.com/images/g/beUAAeSwAQ9qdDsP/s-l225.jpg
残件/按现状,47.0,Panasonic HDC-TM10 Full HD 1920x1080 Camcorder 8GB Internal Memory 16x Zoom,Panasonic,Camcorders,For parts or not working,39.99,USD,FIXED_PRICE,7,0,underpriced(med 108),US,goodwillsocalshop,99.7,2026-08-16T13:58:10.000Z,,https://www.ebay.com/itm/267759037989?hash=item3e57aeae25:g:fDUAAeSwCsZqeIcz,https://i.ebayimg.com/images/g/fDUAAeSwCsZqeIcz/s-l225.jpg
残件/按现状,47.0,Sony CCD-TRV138 Hi8 Handycam Video Camcorder 20x 990x Silver FOR PARTS ONLY,Sony,Camcorders,For parts or not working,42.46,USD,"FIXED_PRICE,BEST_OFFER",10,0,as-is;underpriced(med 159),US,a_store_online,99.8,2026-08-17T03:19:57.000Z,,https://www.ebay.com/itm/206496948528?hash=item30142d6130:g:~c8AAeSwr-1qgnU9,https://i.ebayimg.com/images/g/~c8AAeSwr-1qgnU9/s-l225.jpg
残件/按现状,47.0,Sony CCD-TRV212 Video8 Handycam Camcorder Video Transfer FOR PARTS/REPAIR-READ,Sony,Camcorders,For parts or not working,49.69,USD,FIXED_PRICE,11,0,as-is;underpriced(med 159),US,lika531,100.0,2026-08-16T14:30:15.000Z,,https://www.ebay.com/itm/298593090757?hash=item458588fcc5:g:F8MAAeSwgDZoWH0h,https://i.ebayimg.com/images/g/F8MAAeSwgDZoWH0h/s-l225.jpg
残件/按现状,47.0,Sony Handycam CCD -V5 Video 8 Video Camera In Case (UNTESTED),Sony,Camcorders,Used,49.99,USD,FIXED_PRICE,9,0,as-is;underpriced(med 159),US,nexster,100.0,2026-08-16T18:18:54.000Z,,https://www.ebay.com/itm/137628843126?hash=item200b517c76:g:kzwAAeSwBXxqgf3e,https://i.ebayimg.com/images/g/kzwAAeSwBXxqgf3e/s-l225.jpg
残件/按现状,47.0,Sony Handycam DCR-DVD105 USED WORKS See Description,Sony,Camcorders,Used,50.0,USD,"FIXED_PRICE,BEST_OFFER",8,0,underpriced(med 159),US,cassandrboar-0,99.8,2026-08-16T20:24:16.000Z,,https://www.ebay.com/itm/158195530305?hash=item24d5303a41:g:uzwAAeSwvLhqgho9,https://i.ebayimg.com/images/g/uzwAAeSwvLhqgho9/s-l225.jpg
残件/按现状,47.0,Sony Handycam DCR-SR100 3.0MP 30GB HDD Digital Camcorder Carl Zeiss Lens,Sony,Camcorders,For parts or not working,50.99,USD,FIXED_PRICE,6,0,underpriced(med 159),US,goodwillsocalshop,99.7,2026-08-17T09:41:44.000Z,,https://www.ebay.com/itm/267759825861?hash=item3e57bab3c5:g:0LsAAeSwtZFqPFIQ,https://i.ebayimg.com/images/g/0LsAAeSwtZFqPFIQ/s-l225.jpg
残件/按现状,47.0,Sony Handycam DCR-SX45 Video Digital Camcorder 70x Zoom With Battery Read,Sony,Camcorders,For parts or not working,52.99,USD,"FIXED_PRICE,BEST_OFFER",5,0,underpriced(med 159),US,addictive-thrift,100.0,2026-08-16T20:49:29.000Z,,https://www.ebay.com/itm/318740350912?hash=item4a3667c7c0:g:8rkAAeSwZ81qcTbB,https://i.ebayimg.com/images/g/8rkAAeSwZ81qcTbB/s-l225.jpg
打包杂件,47.0,Sony Handycam DCR-DVD101 Digital Camcorder Bundle - Tested - NightShot - Extras,Sony,Camcorders,Used,54.99,USD,FIXED_PRICE,15,0,underpriced(med 159),US,styxkicks,100.0,2026-08-17T03:01:24.000Z,,https://www.ebay.com/itm/398294328987?hash=item5cbc31269b:g:odMAAeSwkNxqgncz,https://i.ebayimg.com/images/g/odMAAeSwkNxqgncz/s-l225.jpg
残件/按现状,47.0,"PANOSONIC LUMIX DMC ZS20, WORKING, DEAD BATTERY, NO CHARGER, BROKEN BATTERY DOOR",Lumix,Digital Cameras,Used,55.0,USD,"FIXED_PRICE,AUCTION",5,0,as-is;underpriced(med 209);auction,US,georgem4348,99.3,2026-08-16T18:39:01.000Z,2026-08-23T18:39:01.000Z,https://www.ebay.com/itm/188802753014?hash=item2bf58561f6:g:cSMAAeSwvnpqggJk,https://i.ebayimg.com/images/g/cSMAAeSwvnpqggJk/s-l225.jpg
残件/按现状;打包杂件,47.0,Sharp Viewcam VL-E610U Camcorder Bundle w/ Sony Case - For Parts or Repair,Sony,Camcorders,For parts or not working,59.95,USD,"FIXED_PRICE,BEST_OFFER",8,0,as-is;underpriced(med 159),US,timelesssurprises,99.9,2026-08-16T13:36:45.000Z,,https://www.ebay.com/itm/117362652966?hash=item1b535bf726:g:-n0AAeSwEWdp2a20,https://i.ebayimg.com/images/g/-n0AAeSwEWdp2a20/s-l225.jpg
打包杂件,47.0,"Fujifilm Instax Mini 8 & Mini 9 Instant Camera Lot, White & Gray",Fujifilm,Vintage Cameras,,65.0,USD,"FIXED_PRICE,BEST_OFFER",1,0,,US,carowhe_9934,0.0,2026-08-17T01:55:19.000Z,,https://www.ebay.com/itm/287529623823?hash=item42f219e10f:g:nwUAAeSwnCZqgmjW,https://i.ebayimg.com/images/g/nwUAAeSwnCZqgmjW/s-l225.jpg
残件/按现状;打包杂件,47.0,Minolta Maxxum 5000i 35mm Film Camera with Lens Bag Manuals + Untested Lot As Is,Minolta,Film Cameras,For parts or not working,66.5,USD,"FIXED_PRICE,BEST_OFFER",5,0,as-is,US,vintage_collectibles_and_rare_finds,99.2,2026-08-16T05:41:39.000Z,,https://www.ebay.com/itm/257683341391?hash=item3bff1fc04f:g:AF0AAeSwXudqgUz0,https://i.ebayimg.com/images/g/AF0AAeSwXudqgUz0/s-l225.jpg
打包杂件,47.0,Minolta Maxxum 400si 35mm SLR Camera Bundle with 35-70mm Lens Flash and Bag,Minolta,Film Cameras,Used,69.0,USD,"FIXED_PRICE,BEST_OFFER",14,0,,US,sandysarasota,100.0,2026-08-16T21:56:54.000Z,,https://www.ebay.com/itm/820011314008?hash=itembeec7bab58:g:Lp4AAeSwCGNqgjIl,https://i.ebayimg.com/images/g/Lp4AAeSwCGNqgjIl/s-l225.jpg
残件/按现状;打包杂件,47.0,Lot of 9 - Digital Cameras - NIKON COOLPIX - Untested - As Is Parts Or Repair,Nikon,Digital Cameras,For parts or not working,69.99,USD,"FIXED_PRICE,BEST_OFFER",5,0,as-is;underpriced(med 246),US,pausedmoments,100.0,2026-08-16T20:37:32.000Z,,https://www.ebay.com/itm/318740306658?hash=item4a36671ae2:g:crYAAeSwBVhqgh9a,https://i.ebayimg.com/images/g/crYAAeSwBVhqgh9a/s-l225.jpg
打包杂件,47.0,Nikon COOLPIX L810 16.1MP Digital Camera Bundle 16GB Memory Card + Case,Nikon,Digital Cameras,Used,69.99,USD,FIXED_PRICE,5,0,underpriced(med 246),US,kent92blue,99.8,2026-08-16T06:56:21.000Z,,https://www.ebay.com/itm/117362157631?hash=item1b5354683f:g:ScYAAeSwvLhqgV8K,https://i.ebayimg.com/images/g/ScYAAeSwvLhqgV8K/s-l225.jpg
残件/按现状,47.0,"Canon EOS 20D DSLR Camera BODY, Battery Grip, and Case UNTESTED - USED",Canon,Digital Cameras,For parts or not working,70.0,USD,FIXED_PRICE,7,0,as-is;underpriced(med 338),US,isellelectronicsandcds,100.0,2026-08-16T20:57:07.000Z,,https://www.ebay.com/itm/267759345340?hash=item3e57b35ebc:g:JfEAAeSw0hNqgiPS,https://i.ebayimg.com/images/g/JfEAAeSw0hNqgiPS/s-l225.jpg
残件/按现状,47.0,"Canon PowerShot A2300 HD Camera (Black) / Untested, No Battery",Canon,Digital Cameras,Used,70.0,USD,"FIXED_PRICE,BEST_OFFER",10,0,as-is;underpriced(med 338),US,midwaymercantile,100.0,2026-08-16T19:47:18.000Z,,https://www.ebay.com/itm/188802969860?hash=item2bf588b104:g:gYEAAeSwX0ZqghFO,https://i.ebayimg.com/images/g/gYEAAeSwX0ZqghFO/s-l225.jpg
残件/按现状,47.0,CANON G9 Digital Camera PARTS REPAIR,Canon,Digital Cameras,For parts or not working,70.0,USD,FIXED_PRICE,4,0,underpriced(med 338),US,afrosandaltan,100.0,2026-08-16T10:15:31.000Z,,https://www.ebay.com/itm/327312808100?hash=item4c355d18a4:g:SsMAAeSw3bJqRxmr,https://i.ebayimg.com/images/g/SsMAAeSw3bJqRxmr/s-l225.jpg
残件/按现状,47.0,Canon Rebel XT And Rebel T1i,Canon,Digital Cameras,For parts or not working,75.0,USD,"FIXED_PRICE,BEST_OFFER",5,0,underpriced(med 338),US,littlepea,100.0,2026-08-17T00:11:19.000Z,,https://www.ebay.com/itm/287529445614?hash=item42f21728ee:g:uTgAAeSwSOpqglBc,https://i.ebayimg.com/images/g/uTgAAeSwSOpqglBc/s-l225.jpg
残件/按现状,47.0,Untested Nikon Coolpix S6300 Digital Camera with Box for Parts Or Repair,Nikon,Digital Cameras,For parts or not working,75.0,USD,"FIXED_PRICE,BEST_OFFER",4,0,as-is;underpriced(med 246),US,staticvintageut,100.0,2026-08-16T21:49:48.000Z,,https://www.ebay.com/itm/318740495043?hash=item4a3669fac3:g:IMgAAeSwPZVqgi~y,https://i.ebayimg.com/images/g/IMgAAeSwPZVqgi~y/s-l225.jpg
残件/按现状;打包杂件,47.0,"VTG Digital Cam Lot: Casio Exifilm Ex-40, Nikon Coolpix 4300, Kodak Z700- Parts",Nikon,Digital Cameras,For parts or not working,75.0,USD,"FIXED_PRICE,BEST_OFFER",16,0,underpriced(med 246),US,bethannb_929,100.0,2026-08-16T21:39:03.000Z,,https://www.ebay.com/itm/398293526379?hash=item5cbc24e76b:g:Xc0AAeSw3T9qgi0A,https://i.ebayimg.com/images/g/Xc0AAeSw3T9qgi0A/s-l225.jpg
打包杂件,47.0,"Nikon Coolpix L320 16.1MP Digital Camera Black Bundle-Bag, Strap, Manual, USB",Nikon,Digital Cameras,Used,75.0,USD,"FIXED_PRICE,BEST_OFFER",4,0,underpriced(med 246),US,zimzoo5,100.0,2026-08-16T17:24:18.000Z,,https://www.ebay.com/itm/307130080152?hash=item4782611b98:g:6ZsAAeSwxghqgehW,https://i.ebayimg.com/images/g/6ZsAAeSwxghqgehW/s-l225.jpg
打包杂件,47.0,Olympus Stylus Tough 6020 14MP Blue Camera Bundle Charger 3 Batteries SD Card,Olympus,Digital Cameras,Used,75.15,USD,"FIXED_PRICE,BEST_OFFER",23,0,underpriced(med 206),US,twistedurbanreseller,100.0,2026-08-16T23:23:08.000Z,,https://www.ebay.com/itm/318740750632?hash=item4a366de128:g:epAAAeSw8ShqMgKp,https://i.ebayimg.com/images/g/epAAAeSw8ShqMgKp/s-l225.jpg
残件/按现状,47.0,Canon PowerShot SD1300 IS Digital Camera AS-IS Parts or Repair,Canon,Digital Cameras,For parts or not working,79.9,USD,FIXED_PRICE,22,0,as-is;underpriced(med 338),US,marro77,99.7,2026-08-16T06:29:21.000Z,,https://www.ebay.com/itm/237009132318?hash=item372ed85b1e:g:AnUAAeSwSG9qgVeh,https://i.ebayimg.com/images/g/AnUAAeSwSG9qgVeh/s-l225.jpg
残件/按现状,47.0,CANON PowerShot A3400 IS Blue HD Point & Shoot Camera FOR PARTS OR REPAIR!,Canon,Digital Cameras,For parts or not working,79.99,USD,"FIXED_PRICE,BEST_OFFER",4,0,as-is;underpriced(med 338),US,lonestartrading-74,100.0,2026-08-16T20:33:18.000Z,,https://www.ebay.com/itm/307130272705?hash=item4782640bc1:g:mNoAAeSwZy5qgh58,https://i.ebayimg.com/images/g/mNoAAeSwZy5qgh58/s-l225.jpg
打包杂件,47.0,"Canon 5D mark II accessory bundle- 420EX flash, Battery Grip & Remote switch",Canon,Digital Cameras,Used,80.0,USD,"FIXED_PRICE,BEST_OFFER",7,0,underpriced(med 338),US,cflursch,100.0,2026-08-16T21:55:21.000Z,,https://www.ebay.com/itm/307130343484?hash=item478265203c:g:A7gAAeSwT0pqgjDJ,https://i.ebayimg.com/images/g/A7gAAeSwT0pqgjDJ/s-l225.jpg
打包杂件,47.0,Canon PowerShot ELPH SD700 Is 6.0MP Digital Camera Bundle Silver W/ 2 Batteries,Canon,Digital Cameras,Used,80.0,USD,"FIXED_PRICE,BEST_OFFER",6,0,underpriced(med 338),US,spe2535,99.6,2026-08-16T21:46:22.000Z,,https://www.ebay.com/itm/198575984366?hash=item2e3c0d0eee:g:UbEAAeSwWatqgi8X,https://i.ebayimg.com/images/g/UbEAAeSwWatqgi8X/s-l225.jpg
残件/按现状,47.0,Canon EOS 10D Camera W/ Lens Remote And Bag - Untested - AS IS,Canon,Digital Cameras,For parts or not working,80.0,USD,"FIXED_PRICE,BEST_OFFER",6,0,as-is;underpriced(med 338),US,remember2k0,100.0,2026-08-16T18:22:19.000Z,,https://www.ebay.com/itm/267759236385?hash=item3e57b1b521:g:9NoAAeSwVnNqgf-y,https://i.ebayimg.com/images/g/9NoAAeSwVnNqgf-y/s-l225.jpg
打包杂件,47.0,Fujifilm Instax Mini SE Instant Camera Bundle Purple,Fujifilm,Film Cameras,New,83.99,USD,FIXED_PRICE,8,0,,US,pawnamerica,99.8,2026-08-17T02:10:32.000Z,,https://www.ebay.com/itm/377424534605?hash=item57e0415c4d:g:TeAAAeSwSUhqgm2U,https://i.ebayimg.com/images/g/TeAAAeSwSUhqgm2U/s-l225.jpg
残件/按现状,47.0,Nikon COOLPIX S800c 16.0MP Digital Camera White w/Battery NO Charger 8gb card,Nikon,Digital Cameras,For parts or not working,84.99,USD,"FIXED_PRICE,BEST_OFFER",7,0,underpriced(med 246),US,houseofawesome,100.0,2026-08-16T16:20:00.000Z,,https://www.ebay.com/itm/147501043034?hash=item2257bf4d5a:g:a6QAAeSwGbJqfOHH,https://i.ebayimg.com/images/g/a6QAAeSwGbJqfOHH/s-l225.jpg
残件/按现状,47.0,Canon PowerShot A2500 16.0MP Digital Camera Silver w/5x Zoom READ,Canon,Digital Cameras,For parts or not working,84.99,USD,"FIXED_PRICE,BEST_OFFER",11,0,underpriced(med 338),US,tyleolmste0,100.0,2026-08-16T15:05:54.000Z,,https://www.ebay.com/itm/298593170219?hash=item45858a332b:g:au0AAeSwJoxqgdEm,https://i.ebayimg.com/images/g/au0AAeSwJoxqgdEm/s-l225.jpg
残件/按现状,47.0,Minolta XL-400 Super 8 Movie Cinema Film Camera From JAPAN Parts Only,Minolta,Vintage Cameras,,89.99,USD,"FIXED_PRICE,BEST_OFFER",7,0,as-is,US,djh2014,100.0,2026-08-16T23:10:40.000Z,,https://www.ebay.com/itm/377424166546?hash=item57e03bbe92:g:dMkAAeSw8ohqCfk1,https://i.ebayimg.com/images/g/dMkAAeSw8ohqCfk1/s-l225.jpg
残件/按现状,47.0,Canon PowerShot A650 IS Digital Compact Camera w/ 6x Optical Zoom Lens UN-TESTED,Canon,Digital Cameras,For parts or not working,89.99,USD,FIXED_PRICE,10,0,underpriced(med 338),US,dealgiant111,99.8,2026-08-16T22:49:47.000Z,,https://www.ebay.com/itm/318740680668?hash=item4a366ccfdc:g:ZGYAAeSw5glqgjy6,https://i.ebayimg.com/images/g/ZGYAAeSw5glqgjy6/s-l225.jpg
残件/按现状,47.0,Vintage Minolta Maxxum 7000 SLR Camera w/ 2 Lenses Starblitz Flash Bag *Untested,Minolta,Film Cameras,Used,89.99,USD,"FIXED_PRICE,BEST_OFFER",19,0,as-is,US,dfwdealdepo,100.0,2026-08-16T06:25:12.000Z,,https://www.ebay.com/itm/398291256931?hash=item5cbc024663:g:OaAAAeSwCGNqgVTE,https://i.ebayimg.com/images/g/OaAAAeSwCGNqgVTE/s-l225.jpg
打包杂件,47.0,Fujifilm INSTAX PAL & MINI LINK 3 Smart Phone Printer Film Bundle. NEW!!,Fujifilm,Film Cameras,New,95.0,USD,FIXED_PRICE,2,0,,US,newu.s.a,100.0,2026-08-17T00:55:01.000Z,,https://www.ebay.com/itm/206496640927?hash=item301428af9f:g:9DYAAeSwiX5qglu9,https://i.ebayimg.com/images/g/9DYAAeSwiX5qglu9/s-l225.jpg
残件/按现状,47.0,"Nikon D D2Xs 12.4MP Digital SLR Camera - As/is Issues Shutter Count 5,736",Nikon,Digital Cameras,For parts or not working,99.0,USD,"FIXED_PRICE,BEST_OFFER",7,0,underpriced(med 246),US,shanemstuff,99.7,2026-08-16T04:27:26.000Z,,https://www.ebay.com/itm/336744814401?hash=item4e678e1741:g:Ml4AAeSw-zVqgTvV,https://i.ebayimg.com/images/g/Ml4AAeSw-zVqgTvV/s-l225.jpg
残件/按现状,47.0,"Nikon D D2Xs 12.4MP Digital SLR Camera - As/is Issues Shutter Count 44,431",Nikon,Digital Cameras,For parts or not working,99.0,USD,"FIXED_PRICE,BEST_OFFER",8,0,underpriced(med 246),US,shanemstuff,99.7,2026-08-16T04:20:51.000Z,,https://www.ebay.com/itm/267758663459?hash=item3e57a8f723:g:WvUAAeSwCz5qgToX,https://i.ebayimg.com/images/g/WvUAAeSwCz5qgToX/s-l225.jpg
残件/按现状,47.0,"Nikon D D2Xs 12.4MP Digital SLR Camera - As/is Focus Issue. Shutter Count 14,047",Nikon,Digital Cameras,For parts or not working,99.0,USD,"FIXED_PRICE,BEST_OFFER",8,0,underpriced(med 246),US,shanemstuff,99.7,2026-08-16T04:11:46.000Z,,https://www.ebay.com/itm/336744802175?hash=item4e678de77f:g:AvoAAeSw1~NqgTdD,https://i.ebayimg.com/images/g/AvoAAeSw1~NqgTdD/s-l225.jpg
打包杂件,47.0,Fujifilm Instax Mini 12 Instant Camera Holiday Bundle 2025 Pastel Blue Film NEW,Fujifilm,Film Cameras,New,99.95,USD,FIXED_PRICE,1,0,,US,haithahali0,100.0,2026-08-17T04:05:13.000Z,,https://www.ebay.com/itm/188804698744?hash=item2bf5a31278:g:RgUAAeSwBCJqgohg,https://i.ebayimg.com/images/g/RgUAAeSwBCJqgohg/s-l225.jpg
残件/按现状,47.0,"Nikon COOLPIX S210 8.0MP Digital Camera WORKING , READ DESCRIPTION",Nikon,Digital Cameras,Used,99.99,USD,"FIXED_PRICE,BEST_OFFER",3,0,underpriced(med 246),US,anothergreatdeal88,100.0,2026-08-16T14:38:59.000Z,,https://www.ebay.com/itm/307129804412?hash=item47825ce67c:g:qPAAAeSwXRhqgcra,https://i.ebayimg.com/images/g/qPAAAeSwXRhqgcra/s-l225.jpg
残件/按现状,47.0,Nikon D5300 Digital SLR Camera 24.2MP for Parts or Repair,Nikon,Digital Cameras,For parts or not working,100.0,USD,"FIXED_PRICE,BEST_OFFER",5,0,as-is;underpriced(med 246),US,gnargnar64,100.0,2026-08-16T14:19:09.000Z,,https://www.ebay.com/itm/188801853118?hash=item2bf577a6be:g:VsUAAeSwTF5qgcXy,https://i.ebayimg.com/images/g/VsUAAeSwTF5qgcXy/s-l225.jpg
打包杂件,47.0,Nikon Coolpix L22 12.0MP Digital Camera Red w/3.6x Zoom Bundle,Nikon,Digital Cameras,Used,104.99,USD,"FIXED_PRICE,BEST_OFFER",11,0,underpriced(med 246),US,tyleolmste0,100.0,2026-08-16T15:33:45.000Z,,https://www.ebay.com/itm/298593242574?hash=item45858b4dce:g:xrgAAeSwwhdqgdfy,https://i.ebayimg.com/images/g/xrgAAeSwwhdqgdfy/s-l225.jpg
打包杂件,47.0,Nikon D70 DSLR Camera Bundle 18-70mm & 70-300mm Lenses Battery Charger Tested,Nikon,Digital Cameras,Used,105.0,USD,FIXED_PRICE,8,0,underpriced(med 246),US,rutle-20,99.7,2026-08-16T22:45:35.000Z,,https://www.ebay.com/itm/800520147121?hash=itemba62b810b1:g:S-4AAeSwBCJqgj1a,https://i.ebayimg.com/images/g/S-4AAeSwBCJqgj1a/s-l225.jpg
型号不明,47.0,Olympus 35 SP Vintage Film Rangefinder Camera in Silver Finish,Olympus,Vintage Cameras,,105.0,USD,"FIXED_PRICE,BEST_OFFER",0,0,,US,t2njv-46,0.0,2026-08-16T19:09:55.000Z,,https://www.ebay.com/itm/398293180667?hash=item5cbc1fa0fb:g:OQwAAeSwY5dqggqL,https://i.ebayimg.com/images/g/OQwAAeSwY5dqggqL/s-l225.jpg
残件/按现状,47.0,Olympus Stylus Zoom 35mm Point & Shoot Film Camera Japan Made Works AS-IS,Olympus,Film Cameras,Used,110.0,USD,"FIXED_PRICE,BEST_OFFER",9,0,as-is,US,empyre_n_mind,100.0,2026-08-16T22:12:34.000Z,,https://www.ebay.com/itm/137629465279?hash=item200b5afabf:g:UKIAAeSwQQxqgjSC,https://i.ebayimg.com/images/g/UKIAAeSwQQxqgjSC/s-l225.jpg
残件/按现状,47.0,Canon T-70 35mm SLR Film Camera + Sears KS 2 Camera Lenses Filters Tripod As Is,Canon,Film Cameras,For parts or not working,119.0,USD,"FIXED_PRICE,BEST_OFFER",20,0,as-is,US,dakotsearc-0,99.8,2026-08-16T19:52:28.000Z,,https://www.ebay.com/itm/800519568400?hash=itemba62af3c10:g:kYsAAeSwUcpqghQg,https://i.ebayimg.com/images/g/kYsAAeSwUcpqghQg/s-l225.jpg
残件/按现状,47.0,Vtg Ricoh FF-1 Point & Shoot 35mm Film Camera w box As-Is/Sakar Auto 27B Flash,Ricoh,Film Cameras,For parts or not working,120.0,USD,"FIXED_PRICE,BEST_OFFER",23,0,as-is,US,rafam-68,100.0,2026-08-16T22:16:12.000Z,,https://www.ebay.com/itm/407149699766?hash=item5ecc0362b6:g:drsAAeSwtqtqgjW8,https://i.ebayimg.com/images/g/drsAAeSwtqtqgjW8/s-l225.jpg
残件/按现状,47.0,Nikon 35mm SLR Film Camera Body Untested,Nikon,Vintage Cameras,,120.0,USD,"FIXED_PRICE,BEST_OFFER",8,0,as-is,US,6s2sr_30,100.0,2026-08-16T17:35:50.000Z,,https://www.ebay.com/itm/800519027561?hash=itemba62a6fb69:g:aVkAAeSwnCZqgfJA,https://i.ebayimg.com/images/g/aVkAAeSwnCZqgfJA/s-l225.jpg
残件/按现状,47.0,CANON EOS 1N SLR 35MM FILM CAMERA w/BP-E1 POWER BOOSTER,Canon,Film Cameras,For parts or not working,129.0,USD,"FIXED_PRICE,BEST_OFFER",10,0,,US,thedrivinggame,100.0,2026-08-16T19:16:17.000Z,,https://www.ebay.com/itm/800519425547?hash=itemba62ad0e0b:g:HA4AAeSwU79qggwf,https://i.ebayimg.com/images/g/HA4AAeSwU79qggwf/s-l225.jpg
残件/按现状;打包杂件,47.0,Lot of 11 - Digital Cameras - Olympus - For Parts/Repair,Olympus,Film Cameras,For parts or not working,139.99,USD,"FIXED_PRICE,BEST_OFFER",9,0,as-is,US,pausedmoments,100.0,2026-08-16T23:24:45.000Z,,https://www.ebay.com/itm/318740752266?hash=item4a366de78a:g:zYEAAeSwL8lqgkZF,https://i.ebayimg.com/images/g/zYEAAeSwL8lqgkZF/s-l225.jpg
残件/按现状;打包杂件,47.0,Lot of 4 digital cameras (for parts) CANON POWERSHOT SD550/A3000 IS- Non Tested,Canon,Digital Cameras,For parts or not working,140.0,USD,"FIXED_PRICE,BEST_OFFER",12,0,as-is;underpriced(med 338),US,thedropshop1,100.0,2026-08-17T00:08:26.000Z,,https://www.ebay.com/itm/287529439375?hash=item42f217108f:g:GHAAAeSw5fZqgiEx,https://i.ebayimg.com/images/g/GHAAAeSw5fZqgiEx/s-l225.jpg
打包杂件,47.0,"Konica FS-1 35mm SLR Camera w/40mm F1.8, Saitex 200m, 80mm Topman Lense Bundle",Konica,Film Cameras,Used,140.0,USD,"FIXED_PRICE,BEST_OFFER",8,0,,US,staticvintageut,100.0,2026-08-16T23:27:24.000Z,,https://www.ebay.com/itm/318740754058?hash=item4a366dee8a:g:G1wAAeSwWcdqgkdB,https://i.ebayimg.com/images/g/G1wAAeSwWcdqgkdB/s-l225.jpg
残件/按现状;打包杂件,47.0,Digital Camera Video Camcorder Lot 17 Parts/Repair Canon Powershot Nikon Coolpix,Canon,Digital Cameras,For parts or not working,144.99,USD,FIXED_PRICE,23,0,underpriced(med 338),US,geminisupply_29,100.0,2026-08-16T15:12:06.000Z,,https://www.ebay.com/itm/206495645433?hash=item3014197ef9:g:jHYAAeSwjqtpWpzp,https://i.ebayimg.com/images/g/jHYAAeSwjqtpWpzp/s-l225.jpg
残件/按现状,47.0,Canon PowerShot SX700 HS 16.1MP 30x Digital Camera Black FOR PARTS Lens Issue,Canon,Digital Cameras,For parts or not working,149.95,USD,"FIXED_PRICE,BEST_OFFER",3,0,as-is;underpriced(med 338),US,chotchkahsales,100.0,2026-08-16T19:04:15.000Z,,https://www.ebay.com/itm/257684475856?hash=item3bff310fd0:g:yX0AAeSwk-9qggkK,https://i.ebayimg.com/images/g/yX0AAeSwk-9qggkK/s-l225.jpg
残件/按现状,47.0,Canon PowerShot SX620 HS 20.2MP 25x Zoom WiFi NFC Camera Parts Or Repair P2,Canon,Digital Cameras,For parts or not working,150.0,USD,"FIXED_PRICE,BEST_OFFER",18,0,underpriced(med 338),US,jbetoretroandpc,99.6,2026-08-16T22:50:19.000Z,,https://www.ebay.com/itm/278287507131?hash=item40cb3a5ebb:g:ReMAAeSwpoNqgj2n,https://i.ebayimg.com/images/g/ReMAAeSwpoNqgj2n/s-l225.jpg
查无市价,47.0,Pentax LX Gold SMC Pentax 50mm f1.2 SLR Limited Edition 18 Karat Gold,Pentax,Film Cameras,Used,6361.84,USD,"FIXED_PRICE,BEST_OFFER",3,0,grail:Pentax LX;mount:pentax k,DE,easybuyshop,99.9,2026-08-16T23:00:56.000Z,,https://www.ebay.com/itm/820011490829?hash=itembeec7e5e0d:g:Ml0AAeSwBUdqghgO,https://i.ebayimg.com/images/g/Ml0AAeSwBUdqghgO/s-l225.jpg
残件/按现状,46.0,Chinon CP-7m SLR 35mm Analog SLR Camera Body (Pentax K Mount) Black Defect,Chinon,Film Cameras,For parts or not working,25.43,USD,"FIXED_PRICE,BEST_OFFER",3,0,mount:pentax k,DE,easybuyshop,99.9,2026-08-17T11:41:25.000Z,,https://www.ebay.com/itm/318743483097?hash=item4a369792d9:g:lrAAAeSwhDJqgqQn,https://i.ebayimg.com/images/g/lrAAAeSwhDJqgqQn/s-l225.jpg
残件/按现状,46.0,"Vtg Kodak Duaflex II 620 Film Camera w KODAR 72mm/8 Lens, Strap, Flash UNTESTED",Kodak,Vintage Cameras,,34.99,USD,"FIXED_PRICE,BEST_OFFER",12,0,72mm;as-is,US,2ndstoryfinds,0.0,2026-08-16T23:56:54.000Z,,https://www.ebay.com/itm/820011636894?hash=itembeec80989e:g:SssAAeSwoTxqgk4U,https://i.ebayimg.com/images/g/SssAAeSwoTxqgk4U/s-l225.jpg
残件/按现状,45.0,Canon PowerShot SX210 Digital Camera Black,Canon,Digital Cameras,For parts or not working,30.0,USD,"FIXED_PRICE,BEST_OFFER",3,0,underpriced(med 338);low-feedback,US,wil-755261,94.9,2026-08-16T20:51:14.000Z,,https://www.ebay.com/itm/307130289455?hash=item4782644d2f:g:jJMAAeSwBCJqgiJQ,https://i.ebayimg.com/images/g/jJMAAeSwBCJqgiJQ/s-l225.jpg
残件/按现状,45.0,Canon EOS Rebel XSi DS126181 Black Portable 12.2-MP Digital SLR Camera For Parts,Canon,Digital Cameras,For parts or not working,30.52,USD,"FIXED_PRICE,BEST_OFFER",5,0,as-is;underpriced(med 338);low-feedback,US,thetechfacility,96.8,2026-08-16T05:04:44.000Z,,https://www.ebay.com/itm/178411728311?hash=item298a2aedb7:g:JhsAAOSweNtjBRCP,https://i.ebayimg.com/images/g/JhsAAOSweNtjBRCP/s-l225.jpg
残件/按现状,45.0,【AS IS】 SONY Handycam DCR-PC350 battery FromJapan #am9383,Sony,Camcorders,For parts or not working,66.56,USD,FIXED_PRICE,4,0,as-is;underpriced(med 159),JP,somtom_9,99.3,2026-08-17T02:13:59.000Z,,https://www.ebay.com/itm/188804354656?hash=item2bf59dd260:g:XZ4AAeSwj-Vqgm9b,https://i.ebayimg.com/images/g/XZ4AAeSwj-Vqgm9b/s-l225.jpg
残件/按现状;型号不明,45.0,"Soviet Mir-38B 3.5/65 Arsenal lens for Kiev 88, Salyut or Arri PL cameras",Kiev,Lenses,For parts or not working,108.3,USD,FIXED_PRICE,4,0,,US,ho579005,99.6,2026-08-16T16:36:17.000Z,,https://www.ebay.com/itm/287528884724?hash=item42f20e99f4:g:~FwAAeSwxUxqWQ6z,https://i.ebayimg.com/images/g/~FwAAeSwxUxqWQ6z/s-l225.jpg
型号不明,45.0,Nikon TC-20E II 2x AF-S Teleconverter TC20EII AFS #584,Nikon,Lenses,Very Good - Refurbished,116.63,USD,"FIXED_PRICE,BEST_OFFER",7,0,,US,robertscamera,99.8,2026-08-16T18:30:08.000Z,,https://www.ebay.com/itm/206496005100?hash=item30141efbec:g:Ax4AAeSwwhdqggGq,https://i.ebayimg.com/images/g/Ax4AAeSwwhdqggGq/s-l225.jpg
型号不明,45.0,Nikon Teleconverter AF-S TC-17EII,Nikon,Lenses,Used,125.0,USD,"FIXED_PRICE,BEST_OFFER",0,0,,US,nikongearfrombob,0.0,2026-08-16T13:00:01.000Z,,https://www.ebay.com/itm/377421462015?hash=item57e01279ff:g:rGEAAeSwQOlqgOrY,https://i.ebayimg.com/images/g/rGEAAeSwQOlqgOrY/s-l225.jpg
型号不明,45.0,Lensbaby Optic Swap Kit Canon EF Composer II Pro Sweet 35 50 Edge 80 Optic Case,Canon,Lenses,Used,159.99,USD,FIXED_PRICE,14,0,mount:canon ef,US,pitysakes,100.0,2026-08-16T21:45:12.000Z,,https://www.ebay.com/itm/237010519808?hash=item372eed8700:g:EiIAAeSwQOlqgi9E,https://i.ebayimg.com/images/g/EiIAAeSwQOlqgi9E/s-l225.jpg
型号不明,45.0,MINT Olympus 3CON P01 Lens Converter Set MCON P01 WCON P01 FCON P01 Japan,Olympus,Lenses,Used,161.49,USD,FIXED_PRICE,7,0,good-cond,JP,uummee0,100.0,2026-08-16T22:37:35.000Z,,https://www.ebay.com/itm/147509400371?hash=item22583ed333:g:nFwAAeSwS1dp-7Tn,https://i.ebayimg.com/images/g/nFwAAeSwS1dp-7Tn/s-l225.jpg
残件/按现状,45.0,"Canon RF 24-105mm f4-7.1 IS STM Mirrorless RF Mount Lens, Inoperable #009",Canon,Lenses,For parts or not working,173.43,USD,"FIXED_PRICE,BEST_OFFER",7,0,mount:canon rf,US,robertscamera,99.8,2026-08-16T18:27:47.000Z,,https://www.ebay.com/itm/407149421269?hash=item5ecbff22d5:g:en0AAeSwxxdqggEd,https://i.ebayimg.com/images/g/en0AAeSwxxdqggEd/s-l225.jpg
型号不明,45.0,⚠ Rare Item ⚠ Supreme Yashica Camera,Yashica,Film Cameras,Used,218.2,USD,FIXED_PRICE,2,0,,JP,keibun,100.0,2026-08-17T07:50:58.000Z,,https://www.ebay.com/itm/287530052750?hash=item42f2206c8e:g:pOoAAeSwhYZqgr3d,https://i.ebayimg.com/images/g/pOoAAeSwhYZqgr3d/s-l225.jpg
残件/按现状,45.0,【AS IS】 Nikon FA FromJapan #am9555,Nikon,Film Cameras,For parts or not working,232.91,USD,FIXED_PRICE,4,0,as-is,JP,somtom_9,99.3,2026-08-17T02:16:54.000Z,,https://www.ebay.com/itm/188804356983?hash=item2bf59ddb77:g:c2AAAeSw8ChqgnBJ,https://i.ebayimg.com/images/g/c2AAAeSw8ChqgnBJ/s-l225.jpg
型号不明,45.0,OLYMPUS TRIP35 Orange Serviced and Tested,Olympus,Lenses,Used,248.4,USD,FIXED_PRICE,18,0,good-cond,JP,zet_on,100.0,2026-08-16T23:08:18.000Z,,https://www.ebay.com/itm/407149756740?hash=item5ecc044144:g:sfAAAeSwPoZqgkQR,https://i.ebayimg.com/images/g/sfAAAeSwPoZqgkQR/s-l225.jpg
型号不明,45.0,⭐️Near MINT⭐️ Nikon Nippon Kogaku W-Niikor C 3.5cm f/3.5 S Mount Lens From JAPAN,Nikon,Lenses,Used,279.99,USD,FIXED_PRICE,9,0,good-cond,JP,orihika-at,100.0,2026-08-16T09:53:25.000Z,,https://www.ebay.com/itm/318738143662?hash=item4a364619ae:g:d~EAAeSwAbNqL0BY,https://i.ebayimg.com/images/g/d~EAAeSwAbNqL0BY/s-l225.jpg
型号不明,45.0,[EXCELLENT++] Canon P Body Rangefinder Film Camera,Canon,Film Cameras,Used,289.99,USD,FIXED_PRICE,9,0,,JP,japan_camera_777,100.0,2026-08-17T03:48:45.000Z,,https://www.ebay.com/itm/257685246435?hash=item3bff3cd1e3:g:jcsAAeSwpAlqgoXM,https://i.ebayimg.com/images/g/jcsAAeSwpAlqgoXM/s-l225.jpg
型号不明,45.0,FUJIFILM XF23mm F2 R WR Graphite -Mint- 3724,Fujifilm,Lenses,Used,347.61,USD,FIXED_PRICE,2,0,good-cond,JP,kitamura_camera,100.0,2026-08-16T15:27:18.000Z,,https://www.ebay.com/itm/820010077372?hash=itembeec68ccbc:g:o0YAAeSwLKlqgddU,https://i.ebayimg.com/images/g/o0YAAeSwLKlqgddU/s-l225.jpg
残件/按现状,45.0,Yashica T4 35mm Tested *Flash not Working*,Yashica,Film Cameras,Used,363.99,USD,"FIXED_PRICE,AUCTION",2,0,as-is;auction,US,heltimo,100.0,2026-08-16T21:59:07.000Z,2026-08-21T21:59:07.000Z,https://www.ebay.com/itm/206496347718?hash=item3014243646:g:ISoAAeSwiiFqgjFG,https://i.ebayimg.com/images/g/ISoAAeSwiiFqgjFG/s-l225.jpg
型号不明,45.0,Excellent condition Olympus 35 SP Rangefinder Film Camera Serviced,Olympus,Lenses,Used,370.61,USD,FIXED_PRICE,19,0,good-cond,JP,zet_on,100.0,2026-08-16T23:08:20.000Z,,https://www.ebay.com/itm/407149756872?hash=item5ecc0441c8:g:by4AAeSwSOpqgkPT,https://i.ebayimg.com/images/g/by4AAeSwSOpqgkPT/s-l225.jpg
查无市价,45.0,Tested [ MINT ] Canon Auto Zoom 518 SV Super8 8mm Film Movie Camera From JAPAN,Canon,Vintage Cameras,,419.99,USD,FIXED_PRICE,16,0,good-cond,JP,kanazaway,100.0,2026-08-16T08:33:58.000Z,,https://www.ebay.com/itm/407148386968?hash=item5ecbef5a98:g:0G4AAeSw7DdqgXY3,https://i.ebayimg.com/images/g/0G4AAeSw7DdqgXY3/s-l225.jpg
残件/按现状,45.0,[As-is] Voigtlander Bessa II 6x9 Film Camera 105mm f/3.5 Color Skopar From JAPAN,Voigtlander,Film Cameras,Used,557.0,USD,"FIXED_PRICE,BEST_OFFER",19,0,as-is,JP,blueprint-films_japan,99.1,2026-08-16T19:05:36.000Z,,https://www.ebay.com/itm/206496065676?hash=item30141fe88c:g:W~oAAeSwXyBqggm5,https://i.ebayimg.com/images/g/W~oAAeSwXyBqggm5/s-l225.jpg
残件/按现状,45.0,"Contax T Silver 35mm Point & Shoot Rangefinder Film Camera Japan, BROKEN LATCH",Contax,Film Cameras,Used,767.0,USD,"FIXED_PRICE,AUCTION",9,0,as-is;auction,US,peace_matters,98.8,2026-08-16T16:21:10.000Z,2026-08-23T16:21:10.000Z,https://www.ebay.com/itm/188802261377?hash=item2bf57de181:g:vK0AAeSwp49qdLMP,https://i.ebayimg.com/images/g/vK0AAeSwp49qdLMP/s-l225.jpg
查无市价,45.0,"[Opt MINT] Fuji HD-M Film Camera, Waterproof 2m From Japan #2114",Fuji,Film Cameras,Used,1026.47,USD,FIXED_PRICE,9,0,good-cond,JP,forty_twenty_japan13,100.0,2026-08-16T09:08:59.000Z,,https://www.ebay.com/itm/178412380634?hash=item298a34e1da:g:7IAAAeSwpoNqgXvB,https://i.ebayimg.com/images/g/7IAAAeSwpoNqgXvB/s-l225.jpg
查无市价,45.0,Sinar P2 4x5 camera and accessories.,Sinar,Film Cameras,Used,1500.0,USD,"FIXED_PRICE,AUCTION",11,0,auction,US,joeatalpena,100.0,2026-08-16T22:45:10.000Z,2026-08-23T22:45:10.000Z,https://www.ebay.com/itm/158195907433?hash=item24d535fb69:g:XpIAAeSwawdqgjox,https://i.ebayimg.com/images/g/XpIAAeSwawdqgjox/s-l225.jpg
型号不明,44.0,CARL ZEISS JENA TRIOTAR 1:4 f=8.5cm M40-RARE LENS-RARE LENS! EXCELLENT!,Zeiss,Vintage Lenses,Usato,0.0,USD,AUCTION,3,0,auction,IT,lucertola0_1,100.0,2026-08-17T07:33:51.000Z,2026-08-24T07:33:51.000Z,https://www.ebay.com/itm/237011325767?hash=item372ef9d347:g:TbMAAeSw2bRqQVGL,https://i.ebayimg.com/images/g/TbMAAeSw2bRqQVGL/s-l225.jpg
残件/按现状,44.0,"Sony Handycam DCR-HC40 Silver 2.5"" LCD 120x Digital Zoom MiniDV Camcorder PARTS",Sony,Camcorders,For parts or not working,40.16,USD,"FIXED_PRICE,BEST_OFFER",10,0,underpriced(med 159),CA,jenniferscollectibles,100.0,2026-08-17T01:04:34.000Z,,https://www.ebay.com/itm/398294025278?hash=item5cbc2c843e:g:xuoAAeSwTEpo8anN,https://i.ebayimg.com/images/g/xuoAAeSwTEpo8anN/s-l225.jpg
残件/按现状,44.0,"Olympus Stylus Tough TG-850 16.0MP Digital Camera, Spare Or Repair",Olympus,Digital Cameras,For parts or not working,64.16,USD,"FIXED_PRICE,BEST_OFFER",5,0,underpriced(med 206),GB,nahidrahman,100.0,2026-08-16T20:09:33.000Z,,https://www.ebay.com/itm/227478680550?hash=item34f6c933e6:g:vL0AAeSwIDhqghfQ,https://i.ebayimg.com/images/g/vL0AAeSwIDhqghfQ/s-l225.jpg
打包杂件,44.0,Fujifilm FinePix XP70 Digital Camera Blue w/5x Zoom Water/Shock Proof Bundle 1gb,Fujifilm,Digital Cameras,Used,90.09,USD,"FIXED_PRICE,BEST_OFFER",8,0,underpriced(med 248),CA,brooksie_71,99.6,2026-08-16T21:38:30.000Z,,https://www.ebay.com/itm/287529260459?hash=item42f21455ab:g:luMAAeSwL~Nqgi1y,https://i.ebayimg.com/images/g/luMAAeSwL~Nqgi1y/s-l225.jpg
残件/按现状,44.0,Soviet KIEV-10 Automatic Camera HELIOS-81 50mm f/2 USSR Not Working,Kiev,Vintage Cameras,,100.0,USD,"FIXED_PRICE,BEST_OFFER",11,0,as-is,UA,vintagephotostore_ua,99.5,2026-08-17T07:16:12.000Z,,https://www.ebay.com/itm/237011300806?hash=item372ef971c6:g:dXQAAeSwLOBqgrUm,https://i.ebayimg.com/images/g/dXQAAeSwLOBqgrUm/s-l225.jpg
残件/按现状,44.0,Canon / Sony / Panasonic / Casio / Kodak Digital Camera **Spares Or Repair** X22,Canon,Digital Cameras,For parts or not working,116.24,USD,FIXED_PRICE,7,0,underpriced(med 338),GB,chocomelt,100.0,2026-08-16T17:19:48.000Z,,https://www.ebay.com/itm/198575524755?hash=item2e3c060b93:g:mFYAAeSwYPFqgfB0,https://i.ebayimg.com/images/g/mFYAAeSwYPFqgfB0/s-l225.jpg
型号不明,44.0,SERVICED! 1986 USSR MC VOLNA-3 f2.8/80 LENS for KIEV-60/PENTACON-6 (2),Kiev,Lenses,Used,134.99,USD,FIXED_PRICE,7,0,good-cond,UA,salefromdollar,99.7,2026-08-16T12:29:40.000Z,,https://www.ebay.com/itm/178412870059?hash=item298a3c59ab:g:6LgAAOSwEixkPXFM,https://i.ebayimg.com/images/g/6LgAAOSwEixkPXFM/s-l225.jpg
残件/按现状,44.0,OLYMPUS OM SYSTEM G.Zuiko AUTO S 55mm f 1.2 lens (defective item),Olympus,Lenses,Used,308.02,USD,FIXED_PRICE,4,0,mount:olympus om;55mm;as-is,JP,zeton_ec,100.0,2026-08-16T23:08:29.000Z,,https://www.ebay.com/itm/158195956557?hash=item24d536bb4d:g:tHMAAeSwG~VqgkOq,https://i.ebayimg.com/images/g/tHMAAeSwG~VqgkOq/s-l225.jpg
打包杂件,44.0,Vintage Exakta Varex IIa Camera Biotar 58mm F2 Travenar 135mm Lens Lot Cases,Exakta,Vintage Cameras,,399.95,USD,"FIXED_PRICE,BEST_OFFER",18,0,58mm,US,teammathryn,99.8,2026-08-17T00:20:03.000Z,,https://www.ebay.com/itm/198576231544?hash=item2e3c10d478:g:cT4AAeSwj-VqglNA,https://i.ebayimg.com/images/g/cT4AAeSwj-VqglNA/s-l225.jpg
打包杂件,43.0,Vintage Canon FD Mount Lens Lot 4 Pieces Vivitar Mixed Brands,Canon,Vintage Lenses,,0.0,USD,AUCTION,6,0,mount:canon fd;auction,US,goodwillsocalshop,99.7,2026-08-16T13:19:52.000Z,2026-08-23T13:19:52.000Z,https://www.ebay.com/itm/267759017762?hash=item3e57ae5f22:g:Y3MAAeSwgIBqgbly,https://i.ebayimg.com/images/g/Y3MAAeSwgIBqgbly/s-l225.jpg
残件/按现状,43.0,Polaroid Sun 600 LMS Instant Land Camera 600 Film Camera Black Silver UNTESTED,Polaroid,Vintage Cameras,,25.0,USD,"FIXED_PRICE,BEST_OFFER",3,0,as-is,US,jasues_88,100.0,2026-08-17T05:16:38.000Z,,https://www.ebay.com/itm/137630529604?hash=item200b6b3844:g:5ncAAeSwGbJqgpkA,https://i.ebayimg.com/images/g/5ncAAeSwGbJqgpkA/s-l225.jpg
型号不明,43.0,Agfa Box Camera,Agfa,Vintage Cameras,,25.0,USD,FIXED_PRICE,6,0,,US,duma_jerom,97.1,2026-08-17T00:34:12.000Z,,https://www.ebay.com/itm/327313802391?hash=item4c356c4497:g:I-cAAeSwfGdqViiP,https://i.ebayimg.com/images/g/I-cAAeSwfGdqViiP/s-l225.jpg
残件/按现状,43.0,Polaroid 600 Land Camera Autofocus 660 U.S.A. 600 Film Untested Garage Sale Find,Polaroid,Vintage Cameras,,25.0,USD,"FIXED_PRICE,BEST_OFFER",5,0,as-is,US,usa*sales,99.9,2026-08-17T00:15:40.000Z,,https://www.ebay.com/itm/278287695798?hash=item40cb3d3fb6:g:z-sAAeSwxthqglKA,https://i.ebayimg.com/images/g/z-sAAeSwxthqglKA/s-l225.jpg
残件/按现状,43.0,Panasonic LUMIX DMC-TZ3 7.2MP Digital Camera Leica Lens Untested No Charger,Panasonic,Digital Cameras,For parts or not working,25.0,USD,"FIXED_PRICE,BEST_OFFER",8,0,as-is;underpriced(med 183),US,steph98,99.8,2026-08-17T00:13:46.000Z,,https://www.ebay.com/itm/307130496438?hash=item47826775b6:g:Ph0AAeSwWQxqglMu,https://i.ebayimg.com/images/g/Ph0AAeSwWQxqglMu/s-l225.jpg
残件/按现状,43.0,Polaroid OneStep Closeup U.S.A. 600 Film Untested Yard Sale Find,Polaroid,Vintage Cameras,,25.0,USD,"FIXED_PRICE,BEST_OFFER",5,0,as-is,US,usa*sales,99.9,2026-08-17T00:13:34.000Z,,https://www.ebay.com/itm/287529449190?hash=item42f21736e6:g:VYcAAeSwn1JqglHs,https://i.ebayimg.com/images/g/VYcAAeSwn1JqglHs/s-l225.jpg
残件/按现状,43.0,Polaroid 600 Land Camera Autofocus 660 SE U.S.A. Untested Yard Sale Find,Polaroid,Vintage Cameras,,25.0,USD,"FIXED_PRICE,BEST_OFFER",5,0,as-is,US,usa*sales,99.9,2026-08-17T00:10:55.000Z,,https://www.ebay.com/itm/278287680277?hash=item40cb3d0315:g:UIcAAeSwd8VqglD7,https://i.ebayimg.com/images/g/UIcAAeSwd8VqglD7/s-l225.jpg
残件/按现状,43.0,Vintage Polaroid The Button Camera with Flashbulbs Untested,Polaroid,Vintage Cameras,,25.0,USD,"FIXED_PRICE,BEST_OFFER",5,0,as-is,US,collidingcats,100.0,2026-08-16T22:35:58.000Z,,https://www.ebay.com/itm/168618936986?hash=item274278ca9a:g:khEAAOSw7ZNnRh48,https://i.ebayimg.com/images/g/khEAAOSw7ZNnRh48/s-l225.jpg
残件/按现状,43.0,Vintage Polaroid Colorpack IV Land Camera w/ Box & Manual 1970s Untested,Polaroid,Vintage Cameras,,25.0,USD,"FIXED_PRICE,BEST_OFFER",7,0,as-is,US,dr.grindandfind,99.4,2026-08-16T19:54:53.000Z,,https://www.ebay.com/itm/188803022308?hash=item2bf5897de4:g:TjQAAeSw~cFqghMw,https://i.ebayimg.com/images/g/TjQAAeSw~cFqghMw/s-l225.jpg
残件/按现状,43.0,Vintage Kodak Instamatic 404 Film Camera With Box Made in USA Untested,Kodak,Vintage Cameras,,25.0,USD,"FIXED_PRICE,BEST_OFFER",9,0,as-is,US,drgo6832,100.0,2026-08-16T05:58:26.000Z,,https://www.ebay.com/itm/366608569430?hash=item555b92d456:g:VWcAAeSwuf1ooOZc,https://i.ebayimg.com/images/g/VWcAAeSwuf1ooOZc/s-l225.jpg
残件/按现状,43.0,Vintage Polaroid Super Shooter Land Camera W/Flash Untested Instant Film 70’s,Polaroid,Vintage Cameras,,25.48,USD,"FIXED_PRICE,BEST_OFFER",14,0,as-is,US,klbooks,100.0,2026-08-16T17:47:43.000Z,,https://www.ebay.com/itm/198575560842?hash=item2e3c06988a:g:RWcAAeSwnCdpuGPn,https://i.ebayimg.com/images/g/RWcAAeSwnCdpuGPn/s-l225.jpg
残件/按现状,43.0,Vintage Polaroid Automatic 320 Land Camera Folding Instant Packfilm untested,Polaroid,Vintage Cameras,,25.77,USD,"FIXED_PRICE,BEST_OFFER",6,0,as-is,US,lasmith5982,100.0,2026-08-16T15:50:28.000Z,,https://www.ebay.com/itm/398292649951?hash=item5cbc1787df:g:VfgAAeSwIDhqgdv3,https://i.ebayimg.com/images/g/VfgAAeSwIDhqgdv3/s-l225.jpg
残件/按现状,43.0,Kodak Six-16 Brownie Special Trapezoid 616 Roll Film Camera Vintage Untested,Kodak,Film Cameras,Used,26.09,USD,FIXED_PRICE,9,0,as-is,US,va_vintage,99.8,2026-08-16T11:02:41.000Z,,https://www.ebay.com/itm/257683749793?hash=item3bff25fba1:g:H38AAOSw1d9lpt4d,https://i.ebayimg.com/images/g/H38AAOSw1d9lpt4d/s-l225.jpg
残件/按现状,43.0,UNTESTED Polaroid Spectra AF Camera System SE Instant Film Autofocus Special Ed.,Polaroid,Vintage Cameras,,26.99,USD,"FIXED_PRICE,BEST_OFFER",8,0,as-is,US,undergroundretailers,99.6,2026-08-17T11:18:10.000Z,,https://www.ebay.com/itm/287530346342?hash=item42f224e766:g:4d4AAeSwSjtookst,https://i.ebayimg.com/images/g/4d4AAeSwSjtookst/s-l225.jpg
残件/按现状,43.0,Untested Polaroid land camera j66 w/case & instruction cards on use & load,Polaroid,Vintage Cameras,,26.99,USD,"FIXED_PRICE,BEST_OFFER",20,0,as-is,US,kisara358,100.0,2026-08-16T17:07:15.000Z,,https://www.ebay.com/itm/198575502133?hash=item2e3c05b335:g:9EQAAeSwNnNqB1Nb,https://i.ebayimg.com/images/g/9EQAAeSwNnNqB1Nb/s-l225.jpg
残件/按现状,43.0,Polaroid Sun 660 Autofocus Camera 600 Series Untested,Polaroid,Vintage Cameras,,27.69,USD,FIXED_PRICE,4,0,as-is,US,brsh_863525,100.0,2026-08-16T12:18:01.000Z,,https://www.ebay.com/itm/398292122927?hash=item5cbc0f7d2f:g:1cwAAeSwDO5qgapi,https://i.ebayimg.com/images/g/1cwAAeSwDO5qgapi/s-l225.jpg
残件/按现状,43.0,Vtg Polaroid Camera Spirit One Step 600 Land Instant Rainbow Stripe Untested,Polaroid,Vintage Cameras,,27.95,USD,"FIXED_PRICE,BEST_OFFER",7,0,as-is,US,pestypoochtreasureco,99.1,2026-08-17T07:02:40.000Z,,https://www.ebay.com/itm/147510191055?hash=item22584ae3cf:g:-IoAAeSw14Bo9Isb,https://i.ebayimg.com/images/g/-IoAAeSw14Bo9Isb/s-l225.jpg
残件/按现状,43.0,Vintage Polaroid Pronto! B Land Camera UNTESTED,Polaroid,Vintage Cameras,,27.99,USD,"FIXED_PRICE,BEST_OFFER",6,0,as-is,US,sodone123,100.0,2026-08-16T11:48:42.000Z,,https://www.ebay.com/itm/227478189962?hash=item34f6c1b78a:g:JX4AAOSwrkJk3kOe,https://i.ebayimg.com/images/g/JX4AAOSwrkJk3kOe/s-l225.jpg
型号不明,43.0,CLEAN MIRANDA 50/1.8 LENS,Miranda,Lenses,Used,28.0,USD,FIXED_PRICE,1,0,,US,wizcam,99.5,2026-08-16T21:15:38.000Z,,https://www.ebay.com/itm/198575954639?hash=item2e3c0c9acf:g:tpQAAeSwYVRqgiep,https://i.ebayimg.com/images/g/tpQAAeSwYVRqgiep/s-l225.jpg
残件/按现状,43.0,"Sony Cyber-shot DSC-W190 Silver 12.1MP Compact 3x Zoom Flash 2.7"" USB",Sony,Digital Cameras,For parts or not working,28.0,USD,"FIXED_PRICE,BEST_OFFER",5,0,underpriced(med 238),US,washington_irving,100.0,2026-08-16T18:51:15.000Z,,https://www.ebay.com/itm/206496044907?hash=item30141f976b:g:3REAAeSwtH5qggT4,https://i.ebayimg.com/images/g/3REAAeSwtH5qggT4/s-l225.jpg
残件/按现状,43.0,Vintage Polaroid Land Camera Model 80B UNTESTED,Polaroid,Vintage Cameras,,28.49,USD,"FIXED_PRICE,BEST_OFFER",8,0,as-is,US,the.preloved.collection,100.0,2026-08-16T21:10:14.000Z,,https://www.ebay.com/itm/278287306964?hash=item40cb3750d4:g:iv4AAeSwIRdpar2b,https://i.ebayimg.com/images/g/iv4AAeSwIRdpar2b/s-l225.jpg
残件/按现状,43.0,Kodak Brownie Super 27 Camera Outfit w/ Box AG-1 Flash Bulbs Untested READ,Kodak,Vintage Cameras,,29.0,USD,"FIXED_PRICE,BEST_OFFER",13,0,as-is,US,tasaun_36,100.0,2026-08-16T21:41:30.000Z,,https://www.ebay.com/itm/318740464389?hash=item4a36698305:g:y0wAAeSwMDlqWWRc,https://i.ebayimg.com/images/g/y0wAAeSwMDlqWWRc/s-l225.jpg
残件/按现状,43.0,Kodak Instamatic 104 Vintage Camera with Carry Strap - Made In USA Untested .,Kodak,Film Cameras,Used,29.92,USD,FIXED_PRICE,9,0,as-is,US,wagarswest,100.0,2026-08-16T07:00:01.000Z,,https://www.ebay.com/itm/267755235321?hash=item3e5774a7f9:g:CsAAAeSwDjZqfLo-,https://i.ebayimg.com/images/g/CsAAAeSwDjZqfLo-/s-l225.jpg
残件/按现状,43.0,Sony Cyber-Shot DSC-T1 5.0MP 3x Digital Camera Battery Charger AV Cord~For Parts,Sony,Digital Cameras,Used,29.95,USD,"FIXED_PRICE,BEST_OFFER",18,0,as-is;underpriced(med 238),US,hirs_cons,100.0,2026-08-16T23:44:18.000Z,,https://www.ebay.com/itm/257684893390?hash=item3bff376ece:g:aYgAAeSw9tRqPqML,https://i.ebayimg.com/images/g/aYgAAeSw9tRqPqML/s-l225.jpg
残件/按现状,43.0,Vintage Kodak Duaflex IV 620 Film Camera Kodet Lens Kodalite IV Flash Untested,Kodak,Vintage Cameras,,29.99,USD,"FIXED_PRICE,BEST_OFFER",11,0,as-is,US,mjsfindstreasures,99.8,2026-08-17T12:28:49.000Z,,https://www.ebay.com/itm/366611116437?hash=item555bb9b195:g:BioAAeSw~cFqgnln,https://i.ebayimg.com/images/g/BioAAeSw~cFqgnln/s-l225.jpg
残件/按现状,43.0,Sony Cybershot DSC-P92 5.0MP Digital Camera MPEG Movie VX Case Card *Parts Only*,Sony,Digital Cameras,For parts or not working,29.99,USD,"FIXED_PRICE,BEST_OFFER",21,0,as-is;underpriced(med 238),US,crowncitysalvage,99.9,2026-08-16T23:56:13.000Z,,https://www.ebay.com/itm/287529419132?hash=item42f216c17c:g:LlEAAeSwTF5qf1ZE,https://i.ebayimg.com/images/g/LlEAAeSwTF5qf1ZE/s-l225.jpg
残件/按现状,43.0,Vintage Polaroid Land Camera Model 800 Folding Instant Camera Untested,Polaroid,Film Cameras,Used,29.99,USD,"FIXED_PRICE,BEST_OFFER",11,0,as-is,US,ks_-50,99.9,2026-08-16T23:14:37.000Z,,https://www.ebay.com/itm/307130429598?hash=item478266709e:g:Xg0AAeSwocpqejac,https://i.ebayimg.com/images/g/Xg0AAeSwocpqejac/s-l225.jpg
残件/按现状,43.0,Sony Cyber-shot DSC-W80 7.2MP Digital Camera Lens Issue For Parts READ,Sony,Digital Cameras,For parts or not working,29.99,USD,"FIXED_PRICE,BEST_OFFER",9,0,as-is;underpriced(med 238),US,solesofnodak,99.9,2026-08-16T16:58:18.000Z,,https://www.ebay.com/itm/168618368861?hash=item2742701f5d:g:xnAAAeSw~wdqgevd,https://i.ebayimg.com/images/g/xnAAAeSw~wdqgevd/s-l225.jpg
残件/按现状;打包杂件,43.0,Vintage Lot of 4 Polaroid Cameras 2 Wink-Light Flash w/ dead batteries UNTESTED,Polaroid,Vintage Cameras,,29.99,USD,FIXED_PRICE,11,0,as-is,US,fast2send,100.0,2026-08-16T15:07:36.000Z,,https://www.ebay.com/itm/820009991843?hash=itembeec677ea3:g:M~QAAOSwf-tjTs8R,https://i.ebayimg.com/images/g/M~QAAOSwf-tjTs8R/s-l225.jpg
残件/按现状,43.0,Chinon 20 P XL Direct Sound Vintage Super 8 Movie Camera -Parts Only-Not Tested,Chinon,Vintage Cameras,,29.99,USD,FIXED_PRICE,3,0,as-is,US,tagonemore,100.0,2026-08-16T12:53:49.000Z,,https://www.ebay.com/itm/237009678429?hash=item372ee0b05d:g:bI4AAeSw4qpqgbKm,https://i.ebayimg.com/images/g/bI4AAeSw4qpqgbKm/s-l225.jpg
残件/按现状,43.0,Vintage Green Polaroid One Step Express 600 Camera (Broken Strap),Polaroid,Vintage Cameras,,29.99,USD,"FIXED_PRICE,BEST_OFFER",5,0,as-is,US,corner-branch-shop,99.9,2026-08-16T05:58:32.000Z,,https://www.ebay.com/itm/188800127835?hash=item2bf55d535b:g:-58AAeSwFFRoADlH,https://i.ebayimg.com/images/g/-58AAeSwFFRoADlH/s-l225.jpg
残件/按现状,43.0,Vintage Polaroid Impulse Autofocus 35mm Film Camera - Untested,Polaroid,Vintage Cameras,,29.99,USD,"FIXED_PRICE,BEST_OFFER",3,0,as-is,US,jadonl-2,100.0,2026-08-16T05:02:02.000Z,,https://www.ebay.com/itm/820008303827?hash=itembeec4dbcd3:g:0d8AAeSwpAlqe~R3,https://i.ebayimg.com/images/g/0d8AAeSwpAlqe~R3/s-l225.jpg
残件/按现状,43.0,Kodak Tourist II Camera W/92F Flash Holder in original boxes. (Untested),Kodak,Film Cameras,Used,30.0,USD,"FIXED_PRICE,BEST_OFFER",15,0,as-is,US,gmpartsman04,100.0,2026-08-17T11:00:01.000Z,,https://www.ebay.com/itm/178416218270?hash=item298a6f709e:g:xdYAAeSww45qgtzF,https://i.ebayimg.com/images/g/xdYAAeSww45qgtzF/s-l225.jpg
残件/按现状,43.0,"Kodak Brownie Hawkeye Flash Model Vintage Box Camera – Untested, Rustic",Kodak,Vintage Cameras,,30.0,USD,"FIXED_PRICE,BEST_OFFER",6,0,as-is,US,alexstoragegems,100.0,2026-08-17T07:35:31.000Z,,https://www.ebay.com/itm/336746557052?hash=item4e67a8ae7c:g:c2EAAeSwoAxpGiQv,https://i.ebayimg.com/images/g/c2EAAeSwoAxpGiQv/s-l225.jpg
残件/按现状,43.0,VTG Eastman Kodak Brownie Box Camera Untested,Kodak,Vintage Cameras,,30.0,USD,"FIXED_PRICE,BEST_OFFER",7,0,as-is,US,bfftreasures,100.0,2026-08-17T01:23:57.000Z,,https://www.ebay.com/itm/206496688897?hash=item3014296b01:g:FDsAAeSwfh9oLgXy,https://i.ebayimg.com/images/g/FDsAAeSwfh9oLgXy/s-l225.jpg
残件/按现状,43.0,Vintage 1950s Kodak Holiday Brownie Camera - Untested - W Box And Tags,Kodak,Vintage Cameras,,30.0,USD,"FIXED_PRICE,BEST_OFFER",5,0,as-is,US,ktc-55,100.0,2026-08-16T22:03:11.000Z,,https://www.ebay.com/itm/206496350539?hash=item301424414b:g:in0AAeSw1WFqgjMP,https://i.ebayimg.com/images/g/in0AAeSw1WFqgjMP/s-l225.jpg
残件/按现状,43.0,VTG 1950s Kodak Brownie Starmeter W/Flash Kodar Lens F/8 Camera Made USA *AS IS*,Kodak,Vintage Cameras,,30.0,USD,"FIXED_PRICE,BEST_OFFER",10,0,as-is,US,nanini77,100.0,2026-08-16T21:33:14.000Z,,https://www.ebay.com/itm/168618829839?hash=item274277280f:g:W8AAAOSwX0BmxiJa,https://i.ebayimg.com/images/g/W8AAAOSwX0BmxiJa/s-l225.jpg
残件/按现状,43.0,"AGFA SOLINETTE ll F:3,5/50mm PRONTOR-SV tested AS-IS",Agfa,Vintage Cameras,,30.0,USD,FIXED_PRICE,10,0,as-is,US,eastwestphoto,100.0,2026-08-16T18:40:20.000Z,,https://www.ebay.com/itm/158194842130?hash=item24d525ba12:g:oqUAAeSwA6tqgdfs,https://i.ebayimg.com/images/g/oqUAAeSwA6tqgdfs/s-l225.jpg
残件/按现状,43.0,"Kodak Instamatic X-15 Vintage Camera, Black w/ Instruction Manual UNTESTED",Kodak,Vintage Cameras,,30.55,USD,"FIXED_PRICE,BEST_OFFER",5,0,as-is,US,anntony,100.0,2026-08-16T23:33:24.000Z,,https://www.ebay.com/itm/318740790919?hash=item4a366e7e87:g:6R8AAeSwvLhqgkgz,https://i.ebayimg.com/images/g/6R8AAeSwvLhqgkgz/s-l225.jpg
残件/按现状,43.0,Polaroid Sun 600 LMS Instant Camera Black Silver Vintage Photography Untested,Polaroid,Vintage Cameras,,31.96,USD,"FIXED_PRICE,BEST_OFFER",5,0,as-is,US,brookston1960,99.3,2026-08-16T14:15:16.000Z,,https://www.ebay.com/itm/287528639895?hash=item42f20add97:g:UVsAAeSwTF5qgcUy,https://i.ebayimg.com/images/g/UVsAAeSwTF5qgcUy/s-l225.jpg
残件/按现状,43.0,Kodak Signet 50 35mm Film Camera with Brown Kodak Leather Case – Untested,Kodak,Vintage Cameras,,32.5,USD,"FIXED_PRICE,BEST_OFFER",10,0,as-is,US,cipr-4993,99.4,2026-08-17T12:53:35.000Z,,https://www.ebay.com/itm/820014186012?hash=itembeeca77e1c:g:~O8AAeSwR01qggvt,https://i.ebayimg.com/images/g/~O8AAeSwR01qggvt/s-l225.jpg
残件/按现状,43.0,Vintage Polaroid Sun 600 LMS Instant Film Camera ~ Untested ~ With Strap,Polaroid,Vintage Cameras,,34.95,USD,"FIXED_PRICE,BEST_OFFER",6,0,as-is,US,obscured78,100.0,2026-08-17T01:49:55.000Z,,https://www.ebay.com/itm/147509647700?hash=item2258429954:g:lf0AAeSwi1JqWsZA,https://i.ebayimg.com/images/g/lf0AAeSwi1JqWsZA/s-l225.jpg
残件/按现状,43.0,Polaroid One Step Express Green 600 Instant Film Camera Vintage- strap Is Broken,Polaroid,Vintage Cameras,,34.95,USD,FIXED_PRICE,5,0,as-is,US,fly_bug,100.0,2026-08-16T11:40:12.000Z,,https://www.ebay.com/itm/198574997009?hash=item2e3bfdfe11:g:iMIAAeSwJ2dqgPBv,https://i.ebayimg.com/images/g/iMIAAeSwJ2dqgPBv/s-l225.jpg
残件/按现状,43.0,Polaroid Cool Cam 600 Red With Strap - UNTESTED As-Is U.S.A. Thrift Store Find,Polaroid,Vintage Cameras,,34.98,USD,"FIXED_PRICE,BEST_OFFER",4,0,as-is,US,usa*sales,99.9,2026-08-17T00:07:54.000Z,,https://www.ebay.com/itm/287529438696?hash=item42f2170de8:g:xPkAAeSwL~NqglCZ,https://i.ebayimg.com/images/g/xPkAAeSwL~NqglCZ/s-l225.jpg
残件/按现状,43.0,Vintage Kodak Brownie Hawkeye Flash Model Box Camera Black Bakelite Untested,Kodak,Vintage Cameras,,34.99,USD,"FIXED_PRICE,BEST_OFFER",2,0,as-is,US,hawknationia,99.3,2026-08-16T17:37:39.000Z,,https://www.ebay.com/itm/267759204309?hash=item3e57b137d5:g:5psAAeSwdh5qgfUx,https://i.ebayimg.com/images/g/5psAAeSwdh5qgfUx/s-l225.jpg
残件/按现状,43.0,Cine Kodak Magazine 8A 1940s Movie Camera W/ Original Leather Case - Untested,Kodak,Film Cameras,For parts or not working,35.0,USD,"FIXED_PRICE,BEST_OFFER",12,0,as-is,US,rixtreasurehunt,100.0,2026-08-16T22:41:22.000Z,,https://www.ebay.com/itm/307130401329?hash=item4782660231:g:phAAAeSwMPVqOK6h,https://i.ebayimg.com/images/g/phAAAeSwMPVqOK6h/s-l225.jpg
残件/按现状,43.0,Vintage Kodak Instamatic 100 Outfit Camera - With Box - Untested - Circa 1960s,Kodak,Vintage Cameras,,35.0,USD,"FIXED_PRICE,BEST_OFFER",5,0,as-is,US,ktc-55,100.0,2026-08-16T22:09:50.000Z,,https://www.ebay.com/itm/206496361813?hash=item3014246d55:g:NvwAAeSwEe9qgjRV,https://i.ebayimg.com/images/g/NvwAAeSwEe9qgjRV/s-l225.jpg
残件/按现状,43.0,1970s Polaroid Countdown 90 Automatic Land Camera Kit w/ Hard Case Untested,Polaroid,Vintage Cameras,,35.0,USD,"FIXED_PRICE,BEST_OFFER",7,0,as-is,US,dr.grindandfind,99.4,2026-08-16T19:28:33.000Z,,https://www.ebay.com/itm/188802899445?hash=item2bf5879df5:g:ayoAAeSwWatqgg2D,https://i.ebayimg.com/images/g/ayoAAeSwWatqgg2D/s-l225.jpg
残件/按现状,43.0,Vintage Blue POLAROID IMPULSE 600 Instant Camera Retro Photo UNTESTED,Polaroid,Vintage Cameras,,35.0,USD,"FIXED_PRICE,BEST_OFFER",10,0,as-is,US,stom2006,99.9,2026-08-16T15:21:03.000Z,,https://www.ebay.com/itm/237009948297?hash=item372ee4ce89:g:jHcAAeSwkOdqgdU7,https://i.ebayimg.com/images/g/jHcAAeSwkOdqgdU7/s-l225.jpg
残件/按现状,43.0,Polaroid Spectra System Instant Film Camera With Case UNTESTED.,Polaroid,Vintage Cameras,,35.97,USD,FIXED_PRICE,7,0,as-is,US,bullfrogbite,99.8,2026-08-16T19:49:55.000Z,,https://www.ebay.com/itm/398293288899?hash=item5cbc2147c3:g:4ogAAeSw9AZqMa-6,https://i.ebayimg.com/images/g/4ogAAeSw9AZqMa-6/s-l225.jpg
残件/按现状;打包杂件,43.0,Lot Of 4 Polaroid Kodak Land Cameras Impulse For Parts Repair As-Is Vintage,Polaroid,Vintage Cameras,,35.99,USD,"FIXED_PRICE,BEST_OFFER",16,0,as-is,US,conniescountryfinds,99.7,2026-08-16T17:41:14.000Z,,https://www.ebay.com/itm/178413696394?hash=item298a48f58a:g:GLcAAeSwQDVplLkb,https://i.ebayimg.com/images/g/GLcAAeSwQDVplLkb/s-l225.jpg
残件/按现状,43.0,VTG Panasonic Omnimovie VHS PV-3200 Camera 1987 UNTESTED,Panasonic,Vintage Cameras,,35.99,USD,"FIXED_PRICE,BEST_OFFER",7,0,as-is,US,martyjackpot,99.6,2026-08-16T10:04:11.000Z,,https://www.ebay.com/itm/407148532880?hash=item5ecbf19490:g:mNoAAeSw6z1qgYsD,https://i.ebayimg.com/images/g/mNoAAeSw6z1qgYsD/s-l225.jpg
残件/按现状,43.0,"Sony Cyber-Shot DSC-W150, 8.1 MP Digital Camera - No Charger For Parts",Sony,Digital Cameras,For parts or not working,36.0,USD,"FIXED_PRICE,BEST_OFFER",2,0,as-is;underpriced(med 238),US,gukg-8167,100.0,2026-08-16T21:04:42.000Z,,https://www.ebay.com/itm/227478723502?hash=item34f6c9dbae:g:zl8AAeSw6qlqgig8,https://i.ebayimg.com/images/g/zl8AAeSw6qlqgig8/s-l225.jpg
残件/按现状,43.0,Polaroid One Step Close Up Instant 600 Film Vintage Camera Untested,Polaroid,Vintage Cameras,,38.0,USD,FIXED_PRICE,2,0,as-is,US,poppaj2k,100.0,2026-08-16T15:29:18.000Z,,https://www.ebay.com/itm/237009957936?hash=item372ee4f430:g:dZUAAeSwDp1qgdaN,https://i.ebayimg.com/images/g/dZUAAeSwDp1qgdaN/s-l225.jpg
残件/按现状,43.0,Vintage Kodak Brownie Starflex Outfit Camera with Original Box & Film (UNTESTED),Kodak,Vintage Cameras,,38.0,USD,"FIXED_PRICE,BEST_OFFER",5,0,as-is,US,ambor_38,99.9,2026-08-16T07:27:10.000Z,,https://www.ebay.com/itm/366608674666?hash=item555b946f6a:g:FnAAAOSwMW9nkt2L,https://i.ebayimg.com/images/g/FnAAAOSwMW9nkt2L/s-l225.jpg
残件/按现状,43.0,Sony DSC-W50 Silver Digital Camera (Parts/Repair),Sony,Digital Cameras,For parts or not working,38.17,USD,"FIXED_PRICE,BEST_OFFER",7,0,underpriced(med 238),US,joemax18,99.9,2026-08-16T15:42:35.000Z,,https://www.ebay.com/itm/398292630102?hash=item5cbc173a56:g:uzsAAeSwA65qKFad,https://i.ebayimg.com/images/g/uzsAAeSwA65qKFad/s-l225.jpg
打包杂件,43.0,Bundle Polaroid One Step Close Up 600 Film Instant Camera Vintage Strap & Film,Polaroid,Vintage Cameras,,38.99,USD,FIXED_PRICE,15,0,,US,needitgifts,100.0,2026-08-17T07:00:01.000Z,,https://www.ebay.com/itm/128025096682?hash=item1dcee3f1ea:g:MfEAAeSwYTJpioCJ,https://i.ebayimg.com/images/g/MfEAAeSwYTJpioCJ/s-l225.jpg
残件/按现状,43.0,Sony Mavica MVC-FD91 0.8MP Compact Digital Camera 14x Zoom 2.5in LCD Untested,Sony,Digital Cameras,For parts or not working,39.99,USD,"FIXED_PRICE,BEST_OFFER",7,0,as-is;underpriced(med 238),US,kelleycollectibles,98.8,2026-08-16T22:12:22.000Z,,https://www.ebay.com/itm/198576021448?hash=item2e3c0d9fc8:g:KIYAAeSwEx9qgjWw,https://i.ebayimg.com/images/g/KIYAAeSwEx9qgjWw/s-l225.jpg
残件/按现状,43.0,"Used Sony Cyber-shot DSC-W290 12.1MP Digital Camera - Silver, No Battery/charger",Sony,Digital Cameras,For parts or not working,39.99,USD,"FIXED_PRICE,BEST_OFFER",2,0,underpriced(med 238),US,jjfinds12,100.0,2026-08-16T20:43:30.000Z,,https://www.ebay.com/itm/407149566519?hash=item5ecc015a37:g:haoAAeSwv-JqgiBC,https://i.ebayimg.com/images/g/haoAAeSwv-JqgiBC/s-l225.jpg
描述含糊,43.0,Vintage Polaroid Land Camera Automatic 210 With Case and Extras (see photos),Polaroid,Vintage Cameras,,39.99,USD,FIXED_PRICE,11,0,,US,spigot8,100.0,2026-08-16T12:40:19.000Z,,https://www.ebay.com/itm/298592863537?hash=item4585858531:g:XcMAAOSw3ydVv5yL,https://i.ebayimg.com/images/g/XcMAAOSw3ydVv5yL/s-l225.jpg
残件/按现状;打包杂件,43.0,Vintage Polaroid OneStep Closeup + One Step Flash 600 Lot *Untested*,Polaroid,Vintage Cameras,,40.0,USD,FIXED_PRICE,3,0,as-is,US,blaokscollection,100.0,2026-08-16T23:57:26.000Z,,https://www.ebay.com/itm/318740844786?hash=item4a366f50f2:g:4EEAAeSwvgtqgk3l,https://i.ebayimg.com/images/g/4EEAAeSwvgtqgk3l/s-l225.jpg
残件/按现状,43.0,"Polaroid automatic 103 land camera, case w/ strap - Untested",Polaroid,Vintage Cameras,,40.0,USD,FIXED_PRICE,7,0,as-is,US,jacckz,100.0,2026-08-16T20:27:09.000Z,,https://www.ebay.com/itm/287529178783?hash=item42f213169f:g:8yAAAeSwyShqghwH,https://i.ebayimg.com/images/g/8yAAAeSwyShqghwH/s-l225.jpg
残件/按现状,43.0,Polaroid 600 Business Edition Instant Film Camera w/ Case & Strap - Untested,Polaroid,Vintage Cameras,,40.0,USD,FIXED_PRICE,7,0,as-is,US,josnor_3000,99.3,2026-08-16T16:32:11.000Z,,https://www.ebay.com/itm/398292739773?hash=item5cbc18e6bd:g:Ea8AAeSwG~VqgeX4,https://i.ebayimg.com/images/g/Ea8AAeSwG~VqgeX4/s-l225.jpg
残件/按现状,43.0,Vintage Polaroid Sun 660 Autofocus Instant Camera Untested,Polaroid,Vintage Cameras,,40.0,USD,"FIXED_PRICE,BEST_OFFER",9,0,as-is,US,mels.vintage.finds,99.5,2026-08-16T15:46:01.000Z,,https://www.ebay.com/itm/318739308957?hash=item4a3657e19d:g:GRAAAeSwXRhqgdrW,https://i.ebayimg.com/images/g/GRAAAeSwXRhqgdrW/s-l225.jpg
打包杂件,43.0,"Vintage Photography Lot Kodak Instamatic 400 + Flash Units, Bulbs & Film",Kodak,Vintage Cameras,,40.7,USD,FIXED_PRICE,9,0,,US,outlawreseller,99.5,2026-08-17T10:55:20.000Z,,https://www.ebay.com/itm/117364148180?hash=item1b5372c7d4:g:sHQAAeSwPwZo0oaj,https://i.ebayimg.com/images/g/sHQAAeSwPwZo0oaj/s-l225.jpg
打包杂件,43.0,Polaroid Spectra System Camera Gray Good Vintage Bundle with Accessories,Polaroid,Film Cameras,Used,43.2,USD,"FIXED_PRICE,BEST_OFFER",12,0,,US,mojoeresell,99.2,2026-08-16T13:41:10.000Z,,https://www.ebay.com/itm/820009722092?hash=itembeec6360ec:g:pwcAAeSwK9ZpuCuE,https://i.ebayimg.com/images/g/pwcAAeSwK9ZpuCuE/s-l225.jpg
残件/按现状,43.0,AGFA Compact Electronic Winder 35mm Point & Shoot Film Camera - Parts or Repair,Agfa,Film Cameras,For parts or not working,44.99,USD,FIXED_PRICE,20,0,,US,chanman157,99.7,2026-08-17T07:46:23.000Z,,https://www.ebay.com/itm/327314253382?hash=item4c35732646:g:rjcAAeSwXHJoCzGf,https://i.ebayimg.com/images/g/rjcAAeSwXHJoCzGf/s-l225.jpg
残件/按现状,43.0,"Kodak XL330 Super 8 Movie Camera – Powers On, Untested, Vintage",Kodak,Vintage Cameras,,45.0,USD,"FIXED_PRICE,BEST_OFFER",6,0,as-is,US,alexstoragegems,100.0,2026-08-16T19:21:10.000Z,,https://www.ebay.com/itm/336745830847?hash=item4e679d99bf:g:fDAAAeSw71lpGTtI,https://i.ebayimg.com/images/g/fDAAAeSw71lpGTtI/s-l225.jpg
残件/按现状;打包杂件,43.0,Lot of Digital Cameras For Parts/Untested Kodak Polaroid More,Kodak,Vintage Cameras,,45.0,USD,"FIXED_PRICE,BEST_OFFER",9,0,as-is,US,newy,100.0,2026-08-16T17:42:12.000Z,,https://www.ebay.com/itm/188802544799?hash=item2bf582349f:g:tK8AAeSwbjtqgfXR,https://i.ebayimg.com/images/g/tK8AAeSwbjtqgfXR/s-l225.jpg
打包杂件,43.0,Polaroid One Step Close Up Instant 600 Film Vintage Camera READ lot x 2,Polaroid,Vintage Cameras,,48.0,USD,FIXED_PRICE,8,0,,US,jayfy30,99.7,2026-08-17T00:23:18.000Z,,https://www.ebay.com/itm/198576234877?hash=item2e3c10e17d:g:6uQAAeSwW4tqglQh,https://i.ebayimg.com/images/g/6uQAAeSwW4tqglQh/s-l225.jpg
残件/按现状,43.0,Kodak Retina IIa 35mm Film Camera w/ Schneider Xenon 50mm f/2 Lens - Untested,Kodak,Film Cameras,For parts or not working,48.0,USD,"FIXED_PRICE,BEST_OFFER",12,0,as-is,US,mpcollects625,99.4,2026-08-16T21:48:07.000Z,,https://www.ebay.com/itm/407149646713?hash=item5ecc029379:g:A64AAeSwtGBqgi9b,https://i.ebayimg.com/images/g/A64AAeSwtGBqgi9b/s-l225.jpg
残件/按现状,43.0,Sony Cyber‑shot DSC‑P1 Digital Camera 3.3MP –Tested & Working Flash Not Working,Sony,Digital Cameras,Used,48.0,USD,"FIXED_PRICE,BEST_OFFER",23,0,as-is;underpriced(med 238),US,pops-sells-stuff,100.0,2026-08-16T16:47:54.000Z,,https://www.ebay.com/itm/407149190961?hash=item5ecbfb9f31:g:Mr8AAeSwDRtqgeMV,https://i.ebayimg.com/images/g/Mr8AAeSwDRtqgeMV/s-l225.jpg
残件/按现状;打包杂件,43.0,2x LOT Vintage Polaroid Sun 600 LMS Instant Film Camera w Straps AS IS READ,Polaroid,Vintage Cameras,,49.95,USD,FIXED_PRICE,7,0,as-is,US,wooftersresale,99.7,2026-08-16T22:56:09.000Z,,https://www.ebay.com/itm/318740691919?hash=item4a366cfbcf:g:c0MAAeSw1cJqgj-7,https://i.ebayimg.com/images/g/c0MAAeSw1cJqgj-7/s-l225.jpg
残件/按现状,43.0,Vivitar Tele 603 110 Film Camera w/ Box Manuals Case Untested AS-IS,Vivitar,Film Cameras,For parts or not working,49.95,USD,"FIXED_PRICE,BEST_OFFER",13,0,as-is,US,timelesssurprises,99.9,2026-08-16T13:36:45.000Z,,https://www.ebay.com/itm/117362652947?hash=item1b535bf713:g:ez4AAeSw86lpzIj4,https://i.ebayimg.com/images/g/ez4AAeSw86lpzIj4/s-l225.jpg
残件/按现状,43.0,Kodak Camera Model no 2A Autographid Kodak Jr.. Vintage Parts Untested,Kodak,Vintage Cameras,,49.99,USD,"FIXED_PRICE,BEST_OFFER",9,0,as-is,US,barbescraftsplus,100.0,2026-08-16T21:13:19.000Z,,https://www.ebay.com/itm/267759360397?hash=item3e57b3998d:g:yGAAAeSw-h9qgidd,https://i.ebayimg.com/images/g/yGAAAeSw-h9qgidd/s-l225.jpg
残件/按现状,43.0,Vintage Kodak Jiffy Six-20 Series II Camera Twindar Lens Case Manuals Untested,Kodak,Vintage Cameras,,49.99,USD,"FIXED_PRICE,BEST_OFFER",4,0,as-is,US,hawknationia,99.3,2026-08-16T17:41:09.000Z,,https://www.ebay.com/itm/267759206641?hash=item3e57b140f1:g:79YAAeSwAuVqgfWr,https://i.ebayimg.com/images/g/79YAAeSwAuVqgfWr/s-l225.jpg
残件/按现状,43.0,Sony Cyber-Shot DSC-W55 7.2MP Compact Digital Camera- Pink Needs Repair,Sony,Digital Cameras,For parts or not working,49.99,USD,FIXED_PRICE,8,0,underpriced(med 238),US,midwest_physical_media,100.0,2026-08-16T13:20:05.000Z,,https://www.ebay.com/itm/318738859469?hash=item4a365105cd:g:rbYAAeSwErFqaLLf,https://i.ebayimg.com/images/g/rbYAAeSwErFqaLLf/s-l225.jpg
残件/按现状,43.0,Sony Cyber-shot DSC-WX150 Black READ - Back Screen Broken - For Parts Repair,Sony,Digital Cameras,For parts or not working,49.99,USD,FIXED_PRICE,6,0,as-is;underpriced(med 238),US,buffalocentric,99.9,2026-08-16T11:22:55.000Z,,https://www.ebay.com/itm/407148637604?hash=item5ecbf32da4:g:g1YAAeSwbspqfklx,https://i.ebayimg.com/images/g/g1YAAeSwbspqfklx/s-l225.jpg
打包杂件,43.0,3 Vintage Camera Lot Kodak Brownie 127 Argus Seventy-Five Instamatic 154,Kodak,Vintage Cameras,,49.99,USD,"FIXED_PRICE,BEST_OFFER",12,0,,US,rosecity.artistsalliance,100.0,2026-08-16T06:46:49.000Z,,https://www.ebay.com/itm/237009168986?hash=item372ed8ea5a:g:~5wAAeSwqXxqgVws,https://i.ebayimg.com/images/g/~5wAAeSwqXxqgVws/s-l225.jpg
残件/按现状,43.0,Vintage Polaroid SX-70 Land Camera -PARTS REPAIR AS-IS,Polaroid,Vintage Cameras,,50.0,USD,"FIXED_PRICE,BEST_OFFER",15,0,as-is,US,hanks.goods.32,100.0,2026-08-17T01:16:22.000Z,,https://www.ebay.com/itm/366610134189?hash=item555baab4ad:g:VKwAAeSwyudqgmCt,https://i.ebayimg.com/images/g/VKwAAeSwyudqgmCt/s-l225.jpg
残件/按现状,43.0,"Sony Mavica MVC-FD91 Digital Camera, (2)BATTERY UNTESTED Case",Sony,Digital Cameras,Used,50.0,USD,"FIXED_PRICE,BEST_OFFER",18,0,as-is;underpriced(med 238),US,nissabella,100.0,2026-08-17T00:05:24.000Z,,https://www.ebay.com/itm/800520423092?hash=itemba62bc46b4:g:D5EAAeSwli9qgk7b,https://i.ebayimg.com/images/g/D5EAAeSwli9qgk7b/s-l225.jpg
打包杂件,43.0,"Spectra System Polaroid Camera Instant Film Camera Bundle-Bag, Film, Effects",Polaroid,Vintage Cameras,,51.31,USD,"FIXED_PRICE,BEST_OFFER",5,0,,US,mcauctions,99.8,2026-08-16T12:34:37.000Z,,https://www.ebay.com/itm/147508553831?hash=item225831e867:g:IXAAAeSwMq5qIv5q,https://i.ebayimg.com/images/g/IXAAAeSwMq5qIv5q/s-l225.jpg
残件/按现状,43.0,Polaroid Cameras (3) Vinatage-Collectible-Untested,Polaroid,Vintage Cameras,,54.0,USD,"FIXED_PRICE,BEST_OFFER",16,0,as-is,US,peoplesplacekingston,99.7,2026-08-16T15:27:24.000Z,,https://www.ebay.com/itm/128029633885?hash=item1dcf292d5d:g:hKcAAeSw7-lqgdOu,https://i.ebayimg.com/images/g/hKcAAeSw7-lqgdOu/s-l225.jpg
残件/按现状,43.0,Polaroid Now+ Instant Film Camera | Blue Gray | PRD9063 - UNTESTED,Polaroid,Film Cameras,Used,54.99,USD,FIXED_PRICE,4,0,as-is,US,jagresalewhatnot,100.0,2026-08-16T16:51:33.000Z,,https://www.ebay.com/itm/366609529684?hash=item555ba17b54:g:9BYAAeSwBXxqgepJ,https://i.ebayimg.com/images/g/9BYAAeSwBXxqgepJ/s-l225.jpg
残件/按现状,43.0,Polaroid SX-70 Land Camera NOT WORKING! REPAIR/PARTS ONLY,Polaroid,Vintage Cameras,,59.99,USD,"FIXED_PRICE,BEST_OFFER",5,0,as-is,US,stereodevil,100.0,2026-08-17T02:49:45.000Z,,https://www.ebay.com/itm/188804472287?hash=item2bf59f9ddf:g:~XsAAeSwQGhqgnax,https://i.ebayimg.com/images/g/~XsAAeSwQGhqgnax/s-l225.jpg
残件/按现状,43.0,Untested Vintage Polaroid Land Camera Model 95B Camera With Case And Accessories,Polaroid,Vintage Cameras,,59.99,USD,"FIXED_PRICE,BEST_OFFER",21,0,as-is,US,ortecus,99.6,2026-08-16T20:51:46.000Z,,https://www.ebay.com/itm/407149573926?hash=item5ecc017726:g:d9cAAeSw4vtqgh9I,https://i.ebayimg.com/images/g/d9cAAeSw4vtqgh9I/s-l225.jpg
残件/按现状,43.0,Sony Cyber-shot DSC-W510 12.1MP Compact Digital Camera Red Untested Read VGC,Sony,Digital Cameras,For parts or not working,59.99,USD,"FIXED_PRICE,BEST_OFFER",7,0,as-is;underpriced(med 238),US,svdpecomm,99.6,2026-08-16T20:00:45.000Z,,https://www.ebay.com/itm/358913276628?hash=item5390e5fad4:g:dXsAAeSwseNqey4S,https://i.ebayimg.com/images/g/dXsAAeSwseNqey4S/s-l225.jpg
残件/按现状,43.0,*VINTAGE* EASTMAN KODAK RETINA TYPE 1 W/FITTED CASE-PARTS/REPAIR-READ,Kodak,Vintage Cameras,,59.99,USD,"FIXED_PRICE,BEST_OFFER",6,0,,US,clix,100.0,2026-08-16T19:19:22.000Z,,https://www.ebay.com/itm/117363089947?hash=item1b5362a21b:g:B3QAAeSwLxRqgg05,https://i.ebayimg.com/images/g/B3QAAeSwLxRqgg05/s-l225.jpg
残件/按现状,43.0,Kodak Signet 35 35mm Rangefinder Vintage Camera Untested with Leather Case,Kodak,Vintage Cameras,,60.0,USD,FIXED_PRICE,21,0,as-is,US,lifesgood.shugg,100.0,2026-08-16T07:05:07.000Z,,https://www.ebay.com/itm/287528076295?hash=item42f2024407:g:RG0AAeSwR05o9FEY,https://i.ebayimg.com/images/g/RG0AAeSwR05o9FEY/s-l225.jpg
型号不明,43.0,"Minolta Tele Rokkor-QD 1:4.5 F=30cm 1100333 Camera Lens, Early Model.",Minolta,Lenses,Used,99.0,USD,FIXED_PRICE,13,0,mount:minolta md,US,gotosol,99.8,2026-08-17T00:30:00.000Z,,https://www.ebay.com/itm/257684278336?hash=item3bff2e0c40:g:~o0AAeSw7MRpZTTY,https://i.ebayimg.com/images/g/~o0AAeSw7MRpZTTY/s-l225.jpg
残件/按现状,43.0,"Olympus Digital 75-300mm f4.8-6.7 II ED MSC M.Zuiko AF Lens MFT, Inoperable #292",Olympus,Lenses,For parts or not working,140.94,USD,"FIXED_PRICE,BEST_OFFER",7,0,mount:olympus om,US,robertscamera,99.8,2026-08-16T17:23:16.000Z,,https://www.ebay.com/itm/206495870721?hash=item30141cef01:g:Q60AAeSwxkhqgfH-,https://i.ebayimg.com/images/g/Q60AAeSwxkhqgfH-/s-l225.jpg
残件/按现状,43.0,Canon Super-Canomatic R 100mm f/2 MF Telephoto Portrait Lens [As Is] From JAPAN,Canon,Lenses,Used,189.9,USD,"FIXED_PRICE,BEST_OFFER",15,0,as-is,JP,questers_jp,100.0,2026-08-16T20:43:26.000Z,,https://www.ebay.com/itm/398293392416?hash=item5cbc22dc20:g:jJUAAeSwNtZqgh4J,https://i.ebayimg.com/images/g/jJUAAeSwNtZqgh4J/s-l225.jpg
型号不明,43.0,Leica 18767 Electronic Viewfinder Visoflex Typ 020 Black 470148,Leica,Lenses,Used,713.58,USD,FIXED_PRICE,7,0,,JP,digree_japan,99.7,2026-08-16T16:16:47.000Z,,https://www.ebay.com/itm/307129977310?hash=item47825f89de:g:-JAAAeSwCYxqgeKw,https://i.ebayimg.com/images/g/-JAAAeSwCYxqgeKw/s-l225.jpg
残件/按现状,41.0,Minolta XG~1 35mm film camera,Minolta,Film Cameras,For parts or not working,0.0,USD,AUCTION,2,0,auction,US,wynon-75,100.0,2026-08-17T10:46:09.000Z,2026-08-22T10:46:09.000Z,https://www.ebay.com/itm/188806075687?hash=item2bf5b81527:g:NxwAAeSwFLNqguWT,https://i.ebayimg.com/images/g/NxwAAeSwFLNqguWT/s-l225.jpg
打包杂件,41.0,Minolta Maxxum 300si Film Camera Bundle 35-80mm/70-210mm 1:4(22) 5.6 Zoom Lens,Minolta,Film Cameras,Used,0.0,USD,AUCTION,9,0,auction,US,chippt621,100.0,2026-08-17T04:33:49.000Z,2026-08-24T04:33:49.000Z,https://www.ebay.com/itm/128030605560?hash=item1dcf3800f8:g:DWIAAeSwVopqgobq,https://i.ebayimg.com/images/g/DWIAAeSwVopqgobq/s-l225.jpg
打包杂件,41.0,"TRIO VINTAGE NIKON FILM ERA LENSES 70-210MM, 35MM, 28-85MM...NICE LOT!",Nikon,Film Cameras,Used,0.0,USD,"AUCTION,BEST_OFFER",13,0,auction,US,joewokc,99.7,2026-08-17T03:27:06.000Z,2026-08-24T03:27:06.000Z,https://www.ebay.com/itm/227479025390?hash=item34f6ce76ee:g:-R0AAeSwh91pyJ3v,https://i.ebayimg.com/images/g/-R0AAeSwh91pyJ3v/s-l225.jpg
残件/按现状,41.0,Olympus XA3 XA Series 35mm Black With Flash - Untested,Olympus,Film Cameras,Used,0.0,USD,AUCTION,10,0,as-is;auction,US,cpceeee,100.0,2026-08-17T02:55:21.000Z,2026-08-24T02:55:21.000Z,https://www.ebay.com/itm/128030442508?hash=item1dcf35840c:g:gRQAAeSwHdJqeT09,https://i.ebayimg.com/images/g/gRQAAeSwHdJqeT09/s-l225.jpg
残件/按现状;打包杂件,41.0,"Lot of 17 FOR PARTS or REPAIR Film & Digital Camera - Canon Sony Nikon, Kodak",Canon,Film Cameras,For parts or not working,0.0,USD,AUCTION,15,0,as-is;auction,US,baldemarcortez2009,98.1,2026-08-17T02:48:54.000Z,2026-08-22T02:48:54.000Z,https://www.ebay.com/itm/327313944141?hash=item4c356e6e4d:g:y7YAAeSwgGdqgmym,https://i.ebayimg.com/images/g/y7YAAeSwgGdqgmym/s-l225.jpg
残件/按现状,41.0,RICOH MIRAI 35 MM CAMERA AND A RICOH MIRAI ZOOM 35 MM CAMERA. ONE FOR PARTS ONLY,Ricoh,Film Cameras,Used,0.0,USD,"AUCTION,BEST_OFFER",19,0,as-is;auction,US,alma31510,100.0,2026-08-17T01:37:11.000Z,2026-08-27T01:37:11.000Z,https://www.ebay.com/itm/278287882119?hash=item40cb401787:g:w38AAeSwPd5qdOHq,https://i.ebayimg.com/images/g/w38AAeSwPd5qdOHq/s-l225.jpg
残件/按现状;打包杂件,41.0,Minolta Maxxum 7000i 35mm AF Film Camera + 28-70mm & 70-210mm Lens Bundle,Minolta,Film Cameras,For parts or not working,0.0,USD,AUCTION,23,0,auction,US,ccdg,100.0,2026-08-17T00:30:00.000Z,2026-08-24T00:30:00.000Z,https://www.ebay.com/itm/307124487996?hash=item47820bc73c:g:bjsAAeSwcrlpqey0,https://i.ebayimg.com/images/g/bjsAAeSwcrlpqey0/s-l225.jpg
打包杂件,41.0,Camera Lot Vintage Konica Lenses Minolta Camera Easy Share,Konica,Film Cameras,Used,0.0,USD,AUCTION,22,0,auction,US,janespace,99.2,2026-08-17T00:28:00.000Z,2026-08-24T00:28:00.000Z,https://www.ebay.com/itm/117363445740?hash=item1b53680fec:g:jQcAAeSwd8VqgWJO,https://i.ebayimg.com/images/g/jQcAAeSwd8VqgWJO/s-l225.jpg
打包杂件,41.0,Topcon RE Super 35mm SLR Camera with 5 Lens 3 Lens Hoods and Accessories BIG LOT,Topcon,Film Cameras,Used,0.0,USD,AUCTION,16,0,auction,US,caleb_222,100.0,2026-08-17T00:00:23.000Z,2026-08-24T00:00:23.000Z,https://www.ebay.com/itm/398293841173?hash=item5cbc29b515:g:kr0AAeSwWKNqgkfJ,https://i.ebayimg.com/images/g/kr0AAeSwWKNqgkfJ/s-l225.jpg
型号不明,41.0,Nikon AF-S TELECONVERTER TC-14E III for AF-S lenses - Mint,Nikon,Lenses,Used,0.0,USD,AUCTION,6,0,good-cond;auction,US,shadow_kaylas_place,100.0,2026-08-16T19:08:05.000Z,2026-08-23T19:08:05.000Z,https://www.ebay.com/itm/298593621394?hash=item4585911592:g:kvYAAeSwndBqgPO~,https://i.ebayimg.com/images/g/kvYAAeSwndBqgPO~/s-l225.jpg
型号不明,41.0,"Vintage Pentacon Praktica LB SLR Camera w/ Lenses, Flashes, Manual & Case",Praktica,Vintage Cameras,,0.0,USD,AUCTION,14,0,auction,US,hereuhavit,100.0,2026-08-16T17:46:25.000Z,2026-08-23T17:46:25.000Z,https://www.ebay.com/itm/267759209557?hash=item3e57b14c55:g:~jEAAeSwUrdqgfY4,https://i.ebayimg.com/images/g/~jEAAeSwUrdqgfY4/s-l225.jpg
打包杂件,41.0,"Minolta Maxxum 7000 Tested, Works Bundle - Multiple lenses, exposure meter, case",Minolta,Film Cameras,Used,0.0,USD,"AUCTION,BEST_OFFER",19,0,auction,US,gulf81star,100.0,2026-08-16T16:35:28.000Z,2026-08-26T16:35:28.000Z,https://www.ebay.com/itm/206495800138?hash=item30141bdb4a:g:BX8AAeSwzOhqVnLd,https://i.ebayimg.com/images/g/BX8AAeSwzOhqVnLd/s-l225.jpg
描述含糊,41.0,Pentax Super Program 35mm Film Camera with Extras as Shown,Pentax,Film Cameras,Used,0.0,USD,AUCTION,16,0,auction,US,eb1072,100.0,2026-08-16T16:35:21.000Z,2026-08-23T16:35:21.000Z,https://www.ebay.com/itm/307130004069?hash=item47825ff265:g:tl4AAeSwy0VqgeLy,https://i.ebayimg.com/images/g/tl4AAeSwy0VqgeLy/s-l225.jpg
残件/按现状,41.0,CANON AUTO ZOOM 318M Super 8 8mm Movie Film Camera Bag Untested For Parts,Canon,Vintage Cameras,,0.0,USD,AUCTION,7,0,as-is;auction,US,ellenwood2015,100.0,2026-08-16T15:10:56.000Z,2026-08-23T15:10:56.000Z,https://www.ebay.com/itm/147508781992?hash=item22583563a8:g:ekMAAeSw3BxqgdIv,https://i.ebayimg.com/images/g/ekMAAeSw3BxqgdIv/s-l225.jpg
残件/按现状;型号不明,41.0,NIKON FA Body UNTESTED,Nikon,Film Cameras,Used,0.0,USD,"AUCTION,BEST_OFFER",5,0,as-is;auction,US,gregorygrc1,100.0,2026-08-16T14:45:05.000Z,2026-08-23T14:45:05.000Z,https://www.ebay.com/itm/800518312469?hash=itemba629c1215:g:rLcAAeSwBidqgcxm,https://i.ebayimg.com/images/g/rLcAAeSwBidqgcxm/s-l225.jpg
残件/按现状,41.0,Sony Handycam DCR-SX65 Digital Camcorder Video Camera Parts Repair,Sony,Camcorders,For parts or not working,69.99,USD,"FIXED_PRICE,BEST_OFFER",8,0,underpriced(med 159),US,the-jp13-hub,100.0,2026-08-17T05:08:12.000Z,,https://www.ebay.com/itm/366610445105?hash=item555baf7331:g:QnIAAeSw9fxqMlOv,https://i.ebayimg.com/images/g/QnIAAeSw9fxqMlOv/s-l225.jpg
残件/按现状,41.0,Sony Handycam CCD-TR71 Video 8 Camcorder Camera w Bag FOR PARTS OR REPAIR ONLY,Sony,Camcorders,For parts or not working,69.99,USD,"FIXED_PRICE,BEST_OFFER",13,0,as-is;underpriced(med 159),US,modreams,100.0,2026-08-16T17:28:46.000Z,,https://www.ebay.com/itm/287528948059?hash=item42f20f915b:g:KhYAAeSwAr9nskIN,https://i.ebayimg.com/images/g/KhYAAeSwAr9nskIN/s-l225.jpg
型号不明,41.0,ASAHI Lens Used,Asahi,Lenses,Used,76.49,USD,FIXED_PRICE,4,0,,JP,beecruise04,98.5,2026-08-16T20:39:54.000Z,,https://www.ebay.com/itm/318740309246?hash=item4a366724fe:g:Hk0AAeSwxkhqgiDP,https://i.ebayimg.com/images/g/Hk0AAeSwxkhqgiDP/s-l225.jpg
型号不明,41.0,MINOLTA lenses Used,Minolta,Lenses,Used,87.08,USD,FIXED_PRICE,6,0,,JP,beecruise04,98.5,2026-08-16T20:39:49.000Z,,https://www.ebay.com/itm/318740309160?hash=item4a366724a8:g:ozMAAeSwbEhqgiDP,https://i.ebayimg.com/images/g/ozMAAeSwbEhqgiDP/s-l225.jpg
型号不明,41.0,MINOLTA lenses Used,Minolta,Lenses,Used,97.66,USD,FIXED_PRICE,4,0,,JP,beecruise04,98.5,2026-08-16T20:40:02.000Z,,https://www.ebay.com/itm/318740309445?hash=item4a366725c5:g:4cUAAeSwli9qgiDb,https://i.ebayimg.com/images/g/4cUAAeSwli9qgiDb/s-l225.jpg
残件/按现状,41.0,"Panasonic Lumix G 12-35mm, For Parts. Inoperable",Panasonic,Lenses,For parts or not working,125.0,USD,FIXED_PRICE,4,0,as-is;underpriced(med 355);low-feedback,US,b_cordova,96.2,2026-08-16T23:55:19.000Z,,https://www.ebay.com/itm/178414660376?hash=item298a57ab18:g:K2IAAeSwbqVqgk15,https://i.ebayimg.com/images/g/K2IAAeSwbqVqgk15/s-l225.jpg
型号不明,41.0,RICOH lens GW-3 Used,Ricoh,Lenses,Used,140.0,USD,FIXED_PRICE,5,0,,JP,beecruise04,98.5,2026-08-16T10:38:35.000Z,,https://www.ebay.com/itm/318738318231?hash=item4a3648c397:g:nIQAAeSw4qpqgZOn,https://i.ebayimg.com/images/g/nIQAAeSw4qpqgZOn/s-l225.jpg
型号不明,41.0,OLYMPUS Compact Film Camera Body ' Please Read Profile mamama R T',Olympus,Lenses,Used,149.04,USD,FIXED_PRICE,9,0,,JP,zet_on,100.0,2026-08-16T23:08:25.000Z,,https://www.ebay.com/itm/407149757292?hash=item5ecc04436c:g:qf8AAeSwWXtqgkPc,https://i.ebayimg.com/images/g/qf8AAeSwWXtqgkPc/s-l225.jpg
型号不明,41.0,FUJIFILM GX680 Professional MAGNIFIER 0D Lens New Standard Camera JP,Fujifilm,Vintage Lenses,,154.9,USD,"FIXED_PRICE,BEST_OFFER",3,0,,JP,japan4ever,98.0,2026-08-16T08:24:29.000Z,,https://www.ebay.com/itm/158193775761?hash=item24d5157491:g:RVYAAeSwcflqgXR2,https://i.ebayimg.com/images/g/RVYAAeSwcflqgXR2/s-l225.jpg
残件/按现状,41.0,"Minolta XD 11 Silver 35mm SLR Film Camera, Lens, Tripod, Case & Strap - UNTESTED",Minolta,Vintage Cameras,,190.0,USD,"FIXED_PRICE,BEST_OFFER",4,0,as-is,US,jj(bear)11,100.0,2026-08-16T22:41:55.000Z,,https://www.ebay.com/itm/137629519420?hash=item200b5bce3c:g:W1EAAeSwEx9qgjs0,https://i.ebayimg.com/images/g/W1EAAeSwEx9qgjs0/s-l225.jpg
残件/按现状,41.0,Fastest OLYMPUS OM 4 Black G.ZUIKO AUTO S 50mm F1.4 Defective,Olympus,Lenses,Used,192.76,USD,FIXED_PRICE,5,0,mount:olympus om;as-is,JP,zet_on,100.0,2026-08-16T23:08:23.000Z,,https://www.ebay.com/itm/407149757177?hash=item5ecc0442f9:g:y3QAAeSwWUhqgkOe,https://i.ebayimg.com/images/g/y3QAAeSwWUhqgkOe/s-l225.jpg
型号不明,41.0,OLYMPUS OM 2 Film Camera with 2 Lenses,Olympus,Lenses,Used,196.73,USD,FIXED_PRICE,16,0,mount:olympus om,JP,zet_on,100.0,2026-08-16T23:08:17.000Z,,https://www.ebay.com/itm/407149756692?hash=item5ecc044114:g:rwcAAeSwjZxqgkUB,https://i.ebayimg.com/images/g/rwcAAeSwjZxqgkUB/s-l225.jpg
型号不明,41.0,Canon EF 40 F2.8 STM Full-Frame Compatible Prime Lens,Canon,Lenses,Used,200.96,USD,FIXED_PRICE,4,0,mount:canon ef,JP,tukemai,100.0,2026-08-16T23:22:57.000Z,,https://www.ebay.com/itm/407149772398?hash=item5ecc047e6e:g:i~AAAeSwv-Jqgkd9,https://i.ebayimg.com/images/g/i~AAAeSwv-Jqgkd9/s-l225.jpg
型号不明,41.0,Canon EF 40 F2.8 STM Prime Lens Console,Canon,Lenses,Used,200.96,USD,FIXED_PRICE,3,0,mount:canon ef,JP,tukemai,100.0,2026-08-16T23:22:17.000Z,,https://www.ebay.com/itm/407149771891?hash=item5ecc047c73:g:1iUAAeSwBVhqgkZn,https://i.ebayimg.com/images/g/1iUAAeSwBVhqgkZn/s-l225.jpg
型号不明,41.0,OLYMPUS PL1 Mirrorless Camera Body with M.ZUIKO Lens,Olympus,Lenses,Used,206.67,USD,FIXED_PRICE,5,0,mount:olympus om,JP,zet_on,100.0,2026-08-16T23:08:18.000Z,,https://www.ebay.com/itm/407149756761?hash=item5ecc044159:g:0yYAAeSw5ctqgkNf,https://i.ebayimg.com/images/g/0yYAAeSw5ctqgkNf/s-l225.jpg
型号不明,41.0,A0105) Olympus OM PEN F Lens Mount Adapter,Olympus,Lenses,Used,207.67,USD,FIXED_PRICE,8,0,mount:olympus om,JP,zet_on,100.0,2026-08-16T23:08:25.000Z,,https://www.ebay.com/itm/407149757282?hash=item5ecc044362:g:trAAAeSwHn1qgkQa,https://i.ebayimg.com/images/g/trAAAeSwHn1qgkQa/s-l225.jpg
型号不明,41.0,OLYMPUS OM 1MD Black Standard Telephoto Lens,Olympus,Lenses,Used,208.66,USD,FIXED_PRICE,16,0,mount:olympus om,JP,zet_on,100.0,2026-08-16T23:08:17.000Z,,https://www.ebay.com/itm/407149756720?hash=item5ecc044130:g:fgYAAeSwT0pqgkMj,https://i.ebayimg.com/images/g/fgYAAeSwT0pqgkMj/s-l225.jpg
型号不明,41.0,Olympus OM 10 Two OM System Lenses Appearance Excellent condition Shutter Workin,Olympus,Lenses,Used,213.62,USD,FIXED_PRICE,17,0,mount:olympus om,JP,zet_on,100.0,2026-08-16T23:08:18.000Z,,https://www.ebay.com/itm/407149756731?hash=item5ecc04413b:g:uE8AAeSwQQxqgkOa,https://i.ebayimg.com/images/g/uE8AAeSwQQxqgkOa/s-l225.jpg
型号不明,41.0,Olympus M.Zuiko Digital 1.4x Teleconverter MC-14,Olympus,Lenses,Used,218.0,USD,FIXED_PRICE,9,0,mount:olympus om,JP,mikazuki-jpn05,100.0,2026-08-16T09:33:51.000Z,,https://www.ebay.com/itm/287528287913?hash=item42f2057ea9:g:eQ8AAeSwTF5qgYGo,https://i.ebayimg.com/images/g/eQ8AAeSwTF5qgYGo/s-l225.jpg
打包杂件,41.0,Vintage Yashica Electro 35 GT Film Camera Bundle W/ Flash Case Accessories Japan,Yashica,Film Cameras,Used,220.0,USD,"FIXED_PRICE,BEST_OFFER",23,0,,US,nisov_9,100.0,2026-08-16T20:05:47.000Z,,https://www.ebay.com/itm/137629120970?hash=item200b55b9ca:g:DQ8AAeSwCN1qghc7,https://i.ebayimg.com/images/g/DQ8AAeSwCN1qghc7/s-l225.jpg
型号不明,41.0,Kenko Camera Conversion Lens Teleplus HD 2X DGX Canon EOS EF/EF-S Mount 835661,Canon,Lenses,New,222.38,USD,FIXED_PRICE,4,0,mount:canon ef,JP,japan-recommend,99.6,2026-08-16T13:27:31.000Z,,https://www.ebay.com/itm/287528578034?hash=item42f209ebf2:g:dQ4AAeSwS4pqgna-,https://i.ebayimg.com/images/g/dQ4AAeSwS4pqgna-/s-l225.jpg
型号不明,41.0,IDX 1 Working condition Olympus OM 2N 50 1.4 lens,Olympus,Lenses,Used,226.54,USD,FIXED_PRICE,12,0,mount:olympus om,JP,zet_on,100.0,2026-08-16T23:08:22.000Z,,https://www.ebay.com/itm/407149757125?hash=item5ecc0442c5:g:DlgAAeSwoTxqgkPb,https://i.ebayimg.com/images/g/DlgAAeSwoTxqgkPb/s-l225.jpg
型号不明,41.0,Used (Olympus) OLYMPUS OM LENS MOUNT ADAPTER PEN F,Olympus,Lenses,Used,228.53,USD,FIXED_PRICE,1,0,mount:olympus om,JP,zet_on,100.0,2026-08-16T23:08:25.000Z,,https://www.ebay.com/itm/407149757283?hash=item5ecc044363:g:o4wAAeSw-MdqgkPd,https://i.ebayimg.com/images/g/o4wAAeSw-MdqgkPd/s-l225.jpg
残件/按现状;型号不明,41.0,"Meyer-Optik Gorlitz Telemegor 4.5/300 Mamiya 500 DTL Lens, Camera, Tripod Mount",Mamiya,Lenses,For parts or not working,229.99,USD,"FIXED_PRICE,BEST_OFFER",11,0,,US,freespirit625,99.5,2026-08-16T13:10:12.000Z,,https://www.ebay.com/itm/188801632929?hash=item2bf5744aa1:g:MJoAAeSwvaRoycN8,https://i.ebayimg.com/images/g/MJoAAeSwvaRoycN8/s-l225.jpg
型号不明,41.0,Brand New RAYQUAL Mount Adapter OM S E (Lens) Olympus OM (Body) Sony E (Made in,Olympus,Lenses,New,236.2,USD,FIXED_PRICE,2,0,mount:olympus om,JP,zet_on,100.0,2026-08-16T23:08:18.000Z,,https://www.ebay.com/itm/407149756739?hash=item5ecc044143:g:eIQAAeSwBCJqgkQT,https://i.ebayimg.com/images/g/eIQAAeSwBCJqgkQT/s-l225.jpg
型号不明,41.0,Olympus Zuiko Digital 18 180 f3.5 6.3 ED,Olympus,Lenses,Used,236.48,USD,FIXED_PRICE,12,0,mount:olympus om,JP,zet_on,100.0,2026-08-16T23:08:19.000Z,,https://www.ebay.com/itm/407149756831?hash=item5ecc04419f:g:okAAAeSwyudqgkOa,https://i.ebayimg.com/images/g/okAAAeSwyudqgkOa/s-l225.jpg
型号不明,41.0,olympus m zuiko digital 45 1.8,Olympus,Lenses,Used,278.21,USD,FIXED_PRICE,9,0,mount:olympus om,JP,zeton_ec,100.0,2026-08-16T23:08:29.000Z,,https://www.ebay.com/itm/158195956552?hash=item24d536bb48:g:zSMAAeSwkOdqgkPc,https://i.ebayimg.com/images/g/zSMAAeSwkOdqgkPc/s-l225.jpg
型号不明,41.0,OLYMPUS Ultra Wide Zoom Lens M.ZUIKO DIGITAL ED,Olympus,Lenses,New,278.21,USD,FIXED_PRICE,8,0,mount:olympus om,JP,zet_on,100.0,2026-08-16T23:08:21.000Z,,https://www.ebay.com/itm/407149756980?hash=item5ecc044234:g:wIEAAeSwSJFqgkNj,https://i.ebayimg.com/images/g/wIEAAeSwSJFqgkNj/s-l225.jpg
型号不明,41.0,condition Olympus Olympus MC 14 M.Zuiko Digital 1.4x Teleconverter Teleconverter,Olympus,Lenses,Used,282.19,USD,FIXED_PRICE,7,0,mount:olympus om,JP,zeton_ec,100.0,2026-08-16T23:08:29.000Z,,https://www.ebay.com/itm/158195956661?hash=item24d536bbb5:g:gp4AAeSwt99qgkNo,https://i.ebayimg.com/images/g/gp4AAeSwt99qgkNo/s-l225.jpg
型号不明,41.0,OLYMPUS OM 1 Telephoto lens Flash Lens hood UV filter,Olympus,Lenses,Used,288.14,USD,FIXED_PRICE,19,0,mount:olympus om,JP,zet_on,100.0,2026-08-16T23:08:20.000Z,,https://www.ebay.com/itm/407149756883?hash=item5ecc0441d3:g:rV4AAeSwEG1qgkNf,https://i.ebayimg.com/images/g/rV4AAeSwEG1qgkNf/s-l225.jpg
型号不明,41.0,Fully functional OLYMPUS PEN F G.Zuiko Auto S40mm F1.4,Olympus,Lenses,Used,288.14,USD,FIXED_PRICE,9,0,mount:olympus om,JP,zet_on,100.0,2026-08-16T23:08:19.000Z,,https://www.ebay.com/itm/407149756837?hash=item5ecc0441a5:g:qlQAAeSw87BqgkOc,https://i.ebayimg.com/images/g/qlQAAeSw87BqgkOc/s-l225.jpg
型号不明,41.0,Used Excellent condition OLYMPUS MF 2 Olympus OM Lens Micro Four Thirds Body,Olympus,Lenses,Used,290.86,USD,FIXED_PRICE,0,0,mount:olympus om,JP,zeton_ec,100.0,2026-08-16T23:08:30.000Z,,https://www.ebay.com/itm/158195956962?hash=item24d536bce2:g:VegAAeSwxthqgkQR,https://i.ebayimg.com/images/g/VegAAeSwxthqgkQR/s-l225.jpg
型号不明,41.0,OLYMPUS Mirrorless Camera OM D Body Only No Box,Olympus,Lenses,Used,291.12,USD,FIXED_PRICE,4,0,mount:olympus om,JP,zet_on,100.0,2026-08-16T23:08:22.000Z,,https://www.ebay.com/itm/407149757100?hash=item5ecc0442ac:g:~XYAAeSwhKZqgkQX,https://i.ebayimg.com/images/g/~XYAAeSwhKZqgkQX/s-l225.jpg
型号不明,41.0,Excellent condition hood Disassembled and cleaned OLYMPUS ZUIKO MC AUTO MACRO 13,Olympus,Lenses,Used,298.98,USD,FIXED_PRICE,9,0,mount:olympus om,JP,zeton_ec,100.0,2026-08-16T23:08:29.000Z,,https://www.ebay.com/itm/158195956551?hash=item24d536bb47:g:2n8AAeSwsJVqgkPW,https://i.ebayimg.com/images/g/2n8AAeSwsJVqgkPW/s-l225.jpg
型号不明,41.0,Used OLYMPUS Teleconverter ZUIKO DIGITAL EC 14,Olympus,Lenses,Used,299.88,USD,FIXED_PRICE,1,0,mount:olympus om,JP,zeton_ec,100.0,2026-08-16T23:08:29.000Z,,https://www.ebay.com/itm/158195956437?hash=item24d536bad5:g:t9oAAeSw19lqgkOi,https://i.ebayimg.com/images/g/t9oAAeSw19lqgkOi/s-l225.jpg
型号不明,41.0,Working OLYMPUS PEN FT F.Zuiko Auto S,Olympus,Lenses,Used,325.9,USD,FIXED_PRICE,13,0,mount:olympus om,JP,zet_on,100.0,2026-08-16T23:08:17.000Z,,https://www.ebay.com/itm/407149756710?hash=item5ecc044126:g:1hwAAeSwJgVqgkOY,https://i.ebayimg.com/images/g/1hwAAeSwJgVqgkOY/s-l225.jpg
型号不明,41.0,Unopened Item OLYMPUS Micro Four Thirds 1.4X Teleconverter M.ZUIKO DIGITAL 1.4x,Olympus,Lenses,New,326.8,USD,FIXED_PRICE,6,0,mount:olympus om,JP,zeton_ec,100.0,2026-08-16T23:08:30.000Z,,https://www.ebay.com/itm/158195956958?hash=item24d536bcde:g:wXsAAeSwiodqgkMw,https://i.ebayimg.com/images/g/wXsAAeSwiodqgkMw/s-l225.jpg
型号不明,41.0,Used Brand New Level OLYMPUS M.ZUIKO DIGITAL 1.4x Teleconverter MC 14,Olympus,Lenses,Used,336.02,USD,FIXED_PRICE,0,0,mount:olympus om,JP,zeton_ec,100.0,2026-08-16T23:08:31.000Z,,https://www.ebay.com/itm/158195957167?hash=item24d536bdaf:g:sDwAAeSwnu5qgkPj,https://i.ebayimg.com/images/g/sDwAAeSwnu5qgkPj/s-l225.jpg
型号不明,41.0,Excellent condition OLYMPUS E 500 ZUIKO DIGITAL lens kit,Olympus,Lenses,Used,337.53,USD,FIXED_PRICE,7,0,mount:olympus om,JP,zet_on,100.0,2026-08-16T23:08:24.000Z,,https://www.ebay.com/itm/407149757213?hash=item5ecc04431d:g:5I8AAeSwRQxqgkQX,https://i.ebayimg.com/images/g/5I8AAeSwRQxqgkQX/s-l225.jpg
型号不明,41.0,OLYMPUS micro four thirds PEN E P5,Olympus,Lenses,Used,337.82,USD,FIXED_PRICE,6,0,mount:micro 4/3,JP,zet_on,100.0,2026-08-16T23:08:24.000Z,,https://www.ebay.com/itm/407149757226?hash=item5ecc04432a:g:Zd4AAeSwy0VqgkPb,https://i.ebayimg.com/images/g/Zd4AAeSwy0VqgkPb/s-l225.jpg
型号不明,41.0,OLYMPUS E 510 Digital Single Lens Reflex Body Lens CF Bag Set,Olympus,Lenses,Used,337.82,USD,FIXED_PRICE,12,0,mount:hasselblad v,JP,zet_on,100.0,2026-08-16T23:08:20.000Z,,https://www.ebay.com/itm/407149756867?hash=item5ecc0441c3:g:yesAAeSw1KtqgkMi,https://i.ebayimg.com/images/g/yesAAeSw1KtqgkMi/s-l225.jpg
残件/按现状;打包杂件,41.0,Huge Lot Nikon FG Slr 35mm Film Camera and More Made Japan Read Description,Nikon,Film Cameras,For parts or not working,345.0,USD,"FIXED_PRICE,BEST_OFFER",23,0,,US,florida.seller,100.0,2026-08-16T14:13:43.000Z,,https://www.ebay.com/itm/128029520714?hash=item1dcf27734a:g:ZQIAAeSwhKZqgcP1,https://i.ebayimg.com/images/g/ZQIAAeSwhKZqgcP1/s-l225.jpg
型号不明,41.0,OLYMPUS OM D E M10 double lens set silver confirmed working,Olympus,Lenses,Used,347.76,USD,FIXED_PRICE,8,0,mount:olympus om,JP,zet_on,100.0,2026-08-16T23:08:19.000Z,,https://www.ebay.com/itm/407149756826?hash=item5ecc04419a:g:BuYAAeSw0hNqgkPW,https://i.ebayimg.com/images/g/BuYAAeSw0hNqgkPW/s-l225.jpg
型号不明,41.0,OLYMPUS OM D mirrorless camera,Olympus,Lenses,Used,352.73,USD,FIXED_PRICE,10,0,mount:olympus om,JP,zet_on,100.0,2026-08-16T23:08:24.000Z,,https://www.ebay.com/itm/407149757207?hash=item5ecc044317:g:5aEAAeSws3NqgkQU,https://i.ebayimg.com/images/g/5aEAAeSws3NqgkQU/s-l225.jpg
型号不明,41.0,Used Excellent condition OLYMPUS M.ZUIKO DIGITAL 1.4x Teleconverter MC 14,Olympus,Lenses,Used,363.11,USD,FIXED_PRICE,0,0,mount:olympus om,JP,zeton_ec,100.0,2026-08-16T23:08:29.000Z,,https://www.ebay.com/itm/158195956631?hash=item24d536bb97:g:wyYAAeSwiodqgkNq,https://i.ebayimg.com/images/g/wyYAAeSwiodqgkNq/s-l225.jpg
型号不明,41.0,A (Excellent condition) OLYMPUS Olympus M.ZUIKO DIGITAL 2x Teleconverter MC 20 I,Olympus,Lenses,Used,365.64,USD,FIXED_PRICE,5,0,mount:olympus om,JP,zeton_ec,100.0,2026-08-16T23:08:29.000Z,,https://www.ebay.com/itm/158195956531?hash=item24d536bb33:g:3j4AAeSwdUJqgkOk,https://i.ebayimg.com/images/g/3j4AAeSwdUJqgkOk/s-l225.jpg
型号不明,41.0,OLYMPUS OM D E M5 M.ZUIKO DIGITAL,Olympus,Lenses,Used,367.63,USD,FIXED_PRICE,17,0,mount:olympus om,JP,zet_on,100.0,2026-08-16T23:08:23.000Z,,https://www.ebay.com/itm/407149757176?hash=item5ecc0442f8:g:zZ4AAeSwQzFqgkNj,https://i.ebayimg.com/images/g/zZ4AAeSwQzFqgkNj/s-l225.jpg
型号不明,41.0,OLYMPUS Single Lens Reflex Camera E M5 M.ZUIKO DIGITAL ED,Olympus,Lenses,Used,375.58,USD,FIXED_PRICE,19,0,mount:olympus om,JP,zet_on,100.0,2026-08-16T23:08:17.000Z,,https://www.ebay.com/itm/407149756715?hash=item5ecc04412b:g:IW8AAeSwuKZqgkNe,https://i.ebayimg.com/images/g/IW8AAeSwuKZqgkNe/s-l225.jpg
型号不明,41.0,Excellent condition OLYMPUS Micro Four Thirds 2.0X Teleconverter MC 20 Black (R8,Olympus,Lenses,Used,385.51,USD,FIXED_PRICE,6,0,mount:micro 4/3,JP,zeton_ec,100.0,2026-08-16T23:08:30.000Z,,https://www.ebay.com/itm/158195956815?hash=item24d536bc4f:g:aRYAAeSwO2lqgkPi,https://i.ebayimg.com/images/g/aRYAAeSwO2lqgkPi/s-l225.jpg
型号不明,41.0,OLYMPUS OM D E M10 Mark II Mirrorless Camera,Olympus,Lenses,Used,397.44,USD,FIXED_PRICE,19,0,mount:olympus om,JP,zet_on,100.0,2026-08-16T23:08:26.000Z,,https://www.ebay.com/itm/407149757341?hash=item5ecc04439d:g:mpAAAeSwiuJqgkMo,https://i.ebayimg.com/images/g/mpAAAeSwiuJqgkMo/s-l225.jpg
型号不明,41.0,Used Excellent condition OLYMPUS ZUIKO DIGITAL EC 20 Teleconverter,Olympus,Lenses,Used,399.24,USD,FIXED_PRICE,1,0,mount:olympus om,JP,zeton_ec,100.0,2026-08-16T23:08:30.000Z,,https://www.ebay.com/itm/158195956877?hash=item24d536bc8d:g:rnIAAeSwVf1qgkOo,https://i.ebayimg.com/images/g/rnIAAeSwVf1qgkOo/s-l225.jpg
型号不明,41.0,OLYMPUS G ZUIKO AUTO S 50mmF1.4 M42 Olympus Zuiko Old Lens,Olympus,Lenses,Used,399.24,USD,FIXED_PRICE,3,0,mount:m42,JP,zeton_ec,100.0,2026-08-16T23:08:30.000Z,,https://www.ebay.com/itm/158195957025?hash=item24d536bd21:g:yDYAAeSwkVdqgkNq,https://i.ebayimg.com/images/g/yDYAAeSwkVdqgkNq/s-l225.jpg
型号不明,41.0,CANON EF100mm F2.8 Macro USM for Canon EF mount -EXC- 9819,Canon,Lenses,Used,416.95,USD,FIXED_PRICE,2,0,mount:canon ef;good-cond,JP,kitamura_camera,100.0,2026-08-16T15:27:18.000Z,,https://www.ebay.com/itm/820010077442?hash=itembeec68cd02:g:yUMAAeSwcShqgddS,https://i.ebayimg.com/images/g/yUMAAeSwcShqgddS/s-l225.jpg
型号不明,41.0,[ Top MINT ] Canon EF 70-300 F/4-5.6 IS II USM AF Zoom Lens Used in JAPAN #420,Canon,Lenses,Used,429.99,USD,FIXED_PRICE,11,0,mount:canon ef;good-cond,JP,kazumula-0,99.8,2026-08-17T02:03:48.000Z,,https://www.ebay.com/itm/820012063852?hash=itembeec871c6c:g:9oIAAeSw3T9qgmy5,https://i.ebayimg.com/images/g/9oIAAeSw3T9qgmy5/s-l225.jpg
型号不明,41.0,FUJIFILM XF27mm F2.8 for Fujifilm X mount -Near Mint- 9307,Fujifilm,Lenses,Used,454.9,USD,FIXED_PRICE,2,0,mount:fuji x;good-cond,JP,kitamura_camera,100.0,2026-08-16T15:27:18.000Z,,https://www.ebay.com/itm/820010077410?hash=itembeec68cce2:g:Bn8AAeSwaJdqgdcX,https://i.ebayimg.com/images/g/Bn8AAeSwaJdqgdcX/s-l225.jpg
描述含糊,41.0,✨ Zeiss Ikon Contax III a Camera Germany w/ case xtra Lens & all Items Pictured,Zeiss,Film Cameras,Used,480.0,USD,FIXED_PRICE,22,0,,US,sheneversaid,100.0,2026-08-16T20:48:17.000Z,,https://www.ebay.com/itm/237010447894?hash=item372eec6e16:g:p-cAAeSwt81qQCuI,https://i.ebayimg.com/images/g/p-cAAeSwt81qQCuI/s-l225.jpg
型号不明,41.0,FUJIFILM XF90mm F2 R LM WR for Fujifilm X mount -EXC- 0996,Fujifilm,Lenses,Used,487.41,USD,FIXED_PRICE,2,0,mount:fuji x;good-cond,JP,kitamura_camera,100.0,2026-08-16T15:27:18.000Z,,https://www.ebay.com/itm/820010077389?hash=itembeec68cccd:g:Bv8AAeSw1yVqgdeN,https://i.ebayimg.com/images/g/Bv8AAeSw1yVqgdeN/s-l225.jpg
型号不明,41.0,[Top Mint w/Hood] CANON ZOOM LENS EF 24-105ｍｍ F/4 L IS USM From JAPAN 3018852,Canon,Lenses,Used,519.99,USD,FIXED_PRICE,11,0,mount:canon ef;good-cond,JP,sakurafocus,100.0,2026-08-16T13:18:44.000Z,,https://www.ebay.com/itm/128029463010?hash=item1dcf2691e2:g:f80AAeSw6z1qgbow,https://i.ebayimg.com/images/g/f80AAeSw6z1qgbow/s-l225.jpg
型号不明,41.0,CANON EF100mm F2.8L Macro IS USM for Canon EF mount -Near Mint- 1828,Canon,Lenses,Used,533.92,USD,FIXED_PRICE,2,0,mount:canon ef;good-cond,JP,kitamura_camera,100.0,2026-08-16T15:27:18.000Z,,https://www.ebay.com/itm/820010077411?hash=itembeec68cce3:g:cY0AAeSwBXxqgdfJ,https://i.ebayimg.com/images/g/cY0AAeSwBXxqgdfJ/s-l225.jpg
型号不明,41.0,[Mint] Canon Extender RF1.4X Teleconverter for RF Mount Lens w/ Cap Tested TB04,Canon,Lenses,Used,589.44,USD,FIXED_PRICE,9,0,mount:canon rf;good-cond,JP,dannysjapancollectable,100.0,2026-08-16T06:05:37.000Z,,https://www.ebay.com/itm/287527953560?hash=item42f2006498:g:1VsAAeSwEe9qgVRh,https://i.ebayimg.com/images/g/1VsAAeSwEe9qgVRh/s-l225.jpg
型号不明,41.0,CANON EF35mm F2 IS USM for Canon EF mount -Mint- 4117,Canon,Lenses,Used,602.08,USD,FIXED_PRICE,2,0,mount:canon ef;good-cond,JP,kitamura_camera,100.0,2026-08-16T15:27:17.000Z,,https://www.ebay.com/itm/820010077304?hash=itembeec68cc78:g:jeUAAeSwdABqgtTr,https://i.ebayimg.com/images/g/jeUAAeSwdABqgtTr/s-l225.jpg
型号不明,41.0,Carl Zeiss Lens Batis 2 40 CF Used,Zeiss,Lenses,Used,775.07,USD,FIXED_PRICE,7,0,mount:hasselblad v,JP,beecruise04,98.5,2026-08-16T10:38:30.000Z,,https://www.ebay.com/itm/318738318142?hash=item4a3648c33e:g:vLMAAeSwZy5qgZRY,https://i.ebayimg.com/images/g/vLMAAeSwZy5qgZRY/s-l225.jpg
型号不明,41.0,⏯️Rare M4 Original Black [ALMOST UNUSED Box S/N 1380120] Leica Camera Body JAPAN,Leica,Film Cameras,Used,7000.0,USD,"FIXED_PRICE,BEST_OFFER",21,0,,JP,tomooka_49,99.8,2026-08-16T22:54:28.000Z,,https://www.ebay.com/itm/158195940564?hash=item24d5367cd4:g:ktAAAeSw7LFp6ibF,https://i.ebayimg.com/images/g/ktAAAeSw7LFp6ibF/s-l225.jpg
残件/按现状,40.0,Sony Cybershot DSC-S2100 Digital Camera Silver With Case *READ* Powers On Parts,Sony,Digital Cameras,For parts or not working,25.19,USD,"FIXED_PRICE,BEST_OFFER",6,0,underpriced(med 238),CA,repurpo62,99.3,2026-08-16T16:19:26.000Z,,https://www.ebay.com/itm/336745611664?hash=item4e679a4190:g:9HkAAeSwp49qgeG3,https://i.ebayimg.com/images/g/9HkAAeSwp49qgeG3/s-l225.jpg
残件/按现状,40.0,EasyBuy Chinon CP-5 Twin Program SLR Analog 35mm Body Pentax K (Defekt),Chinon,Film Cameras,For parts or not working,25.43,USD,"FIXED_PRICE,BEST_OFFER",3,0,,DE,easybuyshop,99.9,2026-08-17T11:41:25.000Z,,https://www.ebay.com/itm/318743483068?hash=item4a369792bc:g:tQQAAeSwRHNqgqgP,https://i.ebayimg.com/images/g/tQQAAeSwRHNqgqgP/s-l225.jpg
残件/按现状,40.0,Kodak 35 AF1 35mm Point&Shoot Analog Camera Black Ektanar 35mm 1:4.0 Lens Defect,Kodak,Film Cameras,For parts or not working,25.43,USD,"FIXED_PRICE,BEST_OFFER",3,0,,DE,easybuyshop,99.9,2026-08-17T11:41:22.000Z,,https://www.ebay.com/itm/318743482858?hash=item4a369791ea:g:3PYAAeSw8rhqgsTQ,https://i.ebayimg.com/images/g/3PYAAeSw8rhqgsTQ/s-l225.jpg
残件/按现状,40.0,Kodak Retina Reflex S SLR 35mm Silver Analog SLR Camera Body (DKL) Defect,Kodak,Film Cameras,For parts or not working,25.43,USD,"FIXED_PRICE,BEST_OFFER",3,0,,DE,easybuyshop,99.9,2026-08-16T12:38:56.000Z,,https://www.ebay.com/itm/318738730123?hash=item4a364f0c8b:g:ywsAAeSwjRtqgVli,https://i.ebayimg.com/images/g/ywsAAeSwjRtqgVli/s-l225.jpg
残件/按现状,40.0,EasyBuy Auto 135mm f/2.8 Miranda Mount Manual Focus Lens (Mold Damage),Miranda,Lenses,For parts or not working,31.8,USD,"FIXED_PRICE,BEST_OFFER",4,0,,DE,easybuyshop,99.9,2026-08-16T23:29:14.000Z,,https://www.ebay.com/itm/820011563846?hash=itembeec7f7b46:g:uDMAAeSwPZVqgKPP,https://i.ebayimg.com/images/g/uDMAAeSwPZVqgKPP/s-l225.jpg
残件/按现状,40.0,Soligor C/D Zoom+Macro Macro Zoom Lens 70-210mm f/3.5 Yashica/Contax Black,Yashica,Lenses,For parts or not working,31.8,USD,"FIXED_PRICE,BEST_OFFER",4,0,,DE,easybuyshop,99.9,2026-08-16T23:00:57.000Z,,https://www.ebay.com/itm/318740694989?hash=item4a366d07cd:g:hCUAAeSwTF5qgjcc,https://i.ebayimg.com/images/g/hCUAAeSwTF5qgjcc/s-l225.jpg
残件/按现状,40.0,Yashica ML 50Mm 1:2 Prime Lens (Yashica / Contax) Fog!,Yashica,Lenses,For parts or not working,31.8,USD,"FIXED_PRICE,BEST_OFFER",4,0,,DE,easybuyshop,99.9,2026-08-16T05:42:35.000Z,,https://www.ebay.com/itm/820008407042?hash=itembeec4f5002:g:ZogAAeSwMk1qgTQF,https://i.ebayimg.com/images/g/ZogAAeSwMk1qgTQF/s-l225.jpg
残件/按现状,40.0,Yashica ML 50Mm 1:2 Fixed Focal Length Lens (Yashica / Contax) Read Text!,Yashica,Lenses,For parts or not working,31.8,USD,"FIXED_PRICE,BEST_OFFER",4,0,,DE,easybuyshop,99.9,2026-08-16T05:41:21.000Z,,https://www.ebay.com/itm/318737362360?hash=item4a363a2db8:g:7aAAAeSws4lqgTFV,https://i.ebayimg.com/images/g/7aAAAeSws4lqgTFV/s-l225.jpg
残件/按现状,40.0,Sony Cyber-shot DSC-W15 5.1MP Compact Digital Camera Black Spares Repair,Sony,Digital Cameras,For parts or not working,31.81,USD,"FIXED_PRICE,BEST_OFFER",17,0,underpriced(med 238),GB,reownit,99.9,2026-08-16T09:13:42.000Z,,https://www.ebay.com/itm/188800784656?hash=item2bf5675910:g:i78AAeSw0KxqgX9G,https://i.ebayimg.com/images/g/i78AAeSw0KxqgX9G/s-l225.jpg
型号不明,40.0,Yashinon-S Zoom Lens 1:1.8 F=12-30 YASHICA JAPAN Lens For Yashica Video 8,Yashica,Lenses,Used,38.16,USD,FIXED_PRICE,3,0,,DE,easybuyshop,99.9,2026-08-16T05:27:15.000Z,,https://www.ebay.com/itm/318737309822?hash=item4a3639607e:g:654AAeSwCclqgS-f,https://i.ebayimg.com/images/g/654AAeSwCclqgS-f/s-l225.jpg
残件/按现状,40.0,Sony Cyber-shot DSC-T300 Black Vintage CCD Camera Working BUT SEE DESCRIPTION,Sony,Digital Cameras,Used,47.38,USD,"FIXED_PRICE,BEST_OFFER",5,0,underpriced(med 238),GB,the_original_curiosity_shop,100.0,2026-08-16T18:20:52.000Z,,https://www.ebay.com/itm/188802687760?hash=item2bf5846310:g:QnwAAeSww5Nqgf9i,https://i.ebayimg.com/images/g/QnwAAeSww5Nqgf9i/s-l225.jpg
残件/按现状,40.0,Panasonic VHS-C Movie Camera NV-S250 Palmcorder Video Camera Recorder 8X Wide,Panasonic,Vintage Cameras,For parts or not working,53.52,USD,"FIXED_PRICE,BEST_OFFER",8,0,,AU,stevemacwin,100.0,2026-08-17T01:54:36.000Z,,https://www.ebay.com/itm/278287920892?hash=item40cb40aefc:g:OicAAOSw51NkLhzP,https://i.ebayimg.com/images/g/OicAAOSw51NkLhzP/s-l225.jpg
型号不明,40.0,Vintage FED 6.3/100 tele Rangefinder LENS M39 L39 for Fed Zorki Leica telephoto,Fed,Lenses,Used,115.0,USD,"FIXED_PRICE,BEST_OFFER",23,0,mount:ltm/l39,UA,ukraineshopstudio,100.0,2026-08-16T07:28:58.000Z,,https://www.ebay.com/itm/318737715786?hash=item4a363f924a:g:PgoAAeSwC1VptV9X,https://i.ebayimg.com/images/g/PgoAAeSwC1VptV9X/s-l225.jpg
残件/按现状,40.0,"Canon EF 28-70mm f/2.8L USM Zoom Macro Lens, 77mm Filter, Auto/Manual READ Desc.",Canon,Lenses,For parts or not working,200.0,USD,"FIXED_PRICE,BEST_OFFER",2,0,mount:canon ef;77mm,US,dcrispell,0.0,2026-08-16T08:54:30.000Z,,https://www.ebay.com/itm/307129232905?hash=item4782542e09:g:xS0AAeSwdixqgXeI,https://i.ebayimg.com/images/g/xS0AAeSwdixqgXeI/s-l225.jpg
残件/按现状,39.0,"Panasonic PV-DV102D 2.5"" Color LCD MiniDV Multicam Digital Camcorder for Parts",Panasonic,Camcorders,For parts or not working,27.29,USD,"FIXED_PRICE,BEST_OFFER",7,0,as-is;underpriced(med 110);low-feedback,US,thetechfacility,96.8,2026-08-16T04:51:26.000Z,,https://www.ebay.com/itm/178411712414?hash=item298a2aaf9e:g:QFQAAOSwTnpjnKuP,https://i.ebayimg.com/images/g/QFQAAOSwTnpjnKuP/s-l225.jpg
残件/按现状,39.0,Vintage Sony Video 8 Handycam CCD-M8U Black/Gray 8mm Video Camcorder - For parts,Sony,Camcorders,For parts or not working,31.22,USD,"FIXED_PRICE,BEST_OFFER",5,0,as-is;underpriced(med 160);low-feedback,US,thetechfacility,96.8,2026-08-16T05:12:30.000Z,,https://www.ebay.com/itm/178411759474?hash=item298a2b6772:g:oX0AAOSw6ttlYoa4,https://i.ebayimg.com/images/g/oX0AAOSw6ttlYoa4/s-l225.jpg
残件/按现状,39.0,Sony Handycam CCD-TR51 Video8 Camcorder Black Auto Focus Hi-Fi Stereo For Parts,Sony,Camcorders,For parts or not working,32.49,USD,"FIXED_PRICE,BEST_OFFER",4,0,as-is;underpriced(med 159);low-feedback,US,thetechfacility,96.8,2026-08-16T18:10:49.000Z,,https://www.ebay.com/itm/178413788539?hash=item298a4a5d7b:g:SW0AAOSw4mFoBTIb,https://i.ebayimg.com/images/g/SW0AAOSw4mFoBTIb/s-l225.jpg
型号不明,39.0,Optimo 1A Wollensak 1910 Shutter & Eastman Kodak Kodamatic 1921 Slide Shutter!￼,Kodak,Vintage Lenses,,45.99,USD,"FIXED_PRICE,BEST_OFFER",6,0,,US,joey_deals585,100.0,2026-08-16T22:23:37.000Z,,https://www.ebay.com/itm/366609927236?hash=item555ba78c44:g:a0MAAeSw2RBqgjcM,https://i.ebayimg.com/images/g/a0MAAeSw2RBqgjcM/s-l225.jpg
型号不明,39.0,Kenko Tokina lenses Used,Tokina,Lenses,Used,70.14,USD,FIXED_PRICE,4,0,,JP,beecruise04,98.5,2026-08-16T20:39:54.000Z,,https://www.ebay.com/itm/318740309236?hash=item4a366724f4:g:jtsAAeSw6qlqgiDP,https://i.ebayimg.com/images/g/jtsAAeSw6qlqgiDP/s-l225.jpg
型号不明,38.0,Canon HD Wide Angle KJ10ex4.5B IRSE A 10X Mint As New,Canon,Lenses,Used,0.0,USD,AUCTION,7,0,good-cond;auction,AU,rawai11,100.0,2026-08-16T10:33:54.000Z,2026-08-23T10:33:54.000Z,https://www.ebay.com/itm/257683725885?hash=item3bff259e3d:g:Ub8AAeSwzdhp7zBK,https://i.ebayimg.com/images/g/Ub8AAeSwzdhp7zBK/s-l225.jpg
打包杂件,38.0,Nikon F70 + Nikon F80 Lot,Nikon,Film Cameras,Usato,172.97,USD,"FIXED_PRICE,BEST_OFFER",16,0,,IT,klihmann,97.3,2026-08-16T10:47:33.000Z,,https://www.ebay.com/itm/257683734950?hash=item3bff25c1a6:g:7mIAAeSwyJFqgZQ~,https://i.ebayimg.com/images/g/7mIAAeSwyJFqgZQ~/s-l225.jpg
打包杂件,38.0,Pentax ME-F SLR Film Camera Bundle 3 Lenses 50mm 28mm Flash Working,Pentax,Film Cameras,Used,251.52,USD,"FIXED_PRICE,BEST_OFFER",9,0,,CA,dylanthomascollectibles,99.0,2026-08-16T18:19:05.000Z,,https://www.ebay.com/itm/327313405140?hash=item4c356634d4:g:KAYAAeSw0Kxqgf8M,https://i.ebayimg.com/images/g/KAYAAeSw0Kxqgf8M/s-l225.jpg
型号不明,38.0,Voigtländer Braunschweig APO-LANTHAR 1:4.5 / 21cm for LINHOF. EXC+++,Voigtländer,Lenses,Usato,1145.43,USD,FIXED_PRICE,9,0,good-cond,IT,fotodozzese,100.0,2026-08-16T09:51:14.000Z,,https://www.ebay.com/itm/366608875312?hash=item555b977f30:g:K30AAeSwaU9pRqZ4,https://i.ebayimg.com/images/g/K30AAeSwaU9pRqZ4/s-l225.jpg
型号不明,38.0,"Voigtländer APO-LANTHAR 1:4.5 / 15cm, Synchro Compur shutter, NEAR MINT!",Voigtländer,Lenses,Usato,1203.28,USD,"FIXED_PRICE,BEST_OFFER",12,0,good-cond,IT,fotodozzese,100.0,2026-08-16T09:48:47.000Z,,https://www.ebay.com/itm/366608869899?hash=item555b976a0b:g:cvQAAeSwbcxpeHtB,https://i.ebayimg.com/images/g/cvQAAeSwbcxpeHtB/s-l225.jpg
残件/按现状,37.0,Nikon NIKKOR AF-S 200-500mm f/5.6 Zoom Telephoto Lens Nikon BROKEN,Nikon,Lenses,For parts or not working,0.0,USD,"AUCTION,BEST_OFFER",1,0,mount:nikon f;as-is;auction,US,mepeterser2451,0.0,2026-08-16T16:34:34.000Z,2026-08-23T16:34:34.000Z,https://www.ebay.com/itm/227478472344?hash=item34f6c60698:g:7QYAAeSwocpqgeUt,https://i.ebayimg.com/images/g/7QYAAeSwocpqgeUt/s-l225.jpg
残件/按现状,37.0,Canon 8 MM Video Recorder Flex Zone Optimal Image Stabilizer Hi Fi Stereo Model,Canon,Camcorders,For parts or not working,63.78,USD,"FIXED_PRICE,BEST_OFFER",8,0,,US,jacarms_13,99.3,2026-08-17T02:26:02.000Z,,https://www.ebay.com/itm/137630112033?hash=item200b64d921:g:I5gAAeSwdbdpxGCf,https://i.ebayimg.com/images/g/I5gAAeSwdbdpxGCf/s-l225.jpg
残件/按现状,37.0,"VINTAGE POLAROID LAND CAMERA TOMBSTONE SPEEDLINER MODEL 95A UNTESTED, BROWN",Polaroid,Vintage Cameras,,65.0,USD,"FIXED_PRICE,BEST_OFFER",2,0,as-is,US,midd-1002,100.0,2026-08-17T00:11:06.000Z,,https://www.ebay.com/itm/800520470458?hash=itemba62bcffba:g:IIYAAeSwn~xqglFc,https://i.ebayimg.com/images/g/IIYAAeSwn~xqglFc/s-l225.jpg
残件/按现状,37.0,Sony Cyber-shot DSC-W800 20.1 MP Digital Camera - Silver,Sony,Digital Cameras,For parts or not working,65.0,USD,"FIXED_PRICE,BEST_OFFER",3,0,underpriced(med 238),US,yas_1485,0.0,2026-08-16T16:50:30.000Z,,https://www.ebay.com/itm/366609527775?hash=item555ba173df:g:P4kAAeSwxvxqgenQ,https://i.ebayimg.com/images/g/P4kAAeSwxvxqgenQ/s-l225.jpg
打包杂件,37.0,VTG Polaroid SX-70 Camera OneStep Rainbow Stripe Flash Case Manual LOT Retro,Polaroid,Vintage Cameras,,69.78,USD,"FIXED_PRICE,BEST_OFFER",20,0,,US,lolaokeeffe,98.6,2026-08-16T13:18:06.000Z,,https://www.ebay.com/itm/278286219853?hash=item40cb26ba4d:g:bEQAAOSw7uRl423Z,https://i.ebayimg.com/images/g/bEQAAOSw7uRl423Z/s-l225.jpg
残件/按现状,37.0,SONY Cyber-shot DSC-W570 16.1MP 5x Optical Zoom Digital Camera -PARTS ONLY,Sony,Digital Cameras,For parts or not working,69.98,USD,"FIXED_PRICE,BEST_OFFER",10,0,as-is;underpriced(med 238),US,corey_pops,99.8,2026-08-16T16:40:03.000Z,,https://www.ebay.com/itm/168618341135?hash=item27426fb30f:g:RckAAeSwJtNqgedi,https://i.ebayimg.com/images/g/RckAAeSwJtNqgedi/s-l225.jpg
残件/按现状,37.0,Sony Cyber-shot DSC-W730 16.1MP Digital Camera Blue FOR PARTS REPAIR,Sony,Digital Cameras,Used,69.99,USD,"FIXED_PRICE,BEST_OFFER",5,0,as-is;underpriced(med 238),US,yomr-75,99.5,2026-08-16T18:06:16.000Z,,https://www.ebay.com/itm/307130128185?hash=item478261d739:g:qU8AAeSwYTBqgfwX,https://i.ebayimg.com/images/g/qU8AAeSwYTBqgfwX/s-l225.jpg
型号不明,37.0,polaroid camera,Polaroid,Vintage Cameras,,70.0,USD,"FIXED_PRICE,BEST_OFFER",1,0,,US,natblyz0,100.0,2026-08-17T00:43:24.000Z,,https://www.ebay.com/itm/318741013179?hash=item4a3671e2bb:g:I1oAAeSwvgtqgljw,https://i.ebayimg.com/images/g/I1oAAeSwvgtqgljw/s-l225.jpg
残件/按现状,37.0,Polaroid Spectra AF Instant Camera - Quintic Lens f10/125mm - Untested,Polaroid,Vintage Cameras,,70.0,USD,"FIXED_PRICE,BEST_OFFER",4,0,as-is,US,patmetro,98.9,2026-08-16T22:26:54.000Z,,https://www.ebay.com/itm/206496384399?hash=item301424c58f:g:TccAAeSwMcpqgjjg,https://i.ebayimg.com/images/g/TccAAeSwMcpqgjjg/s-l225.jpg
残件/按现状,37.0,"VINTAGE - Ihagee Exa II Dresden ""USSR OCCUPIED"" 35mm w/ Meyer Lens Untested",Ihagee,Film Cameras,Used,70.0,USD,FIXED_PRICE,8,0,as-is,US,jensenbc1026,99.7,2026-08-16T13:58:43.000Z,,https://www.ebay.com/itm/188801790244?hash=item2bf576b124:g:jrsAAeSwU4ZqgcBb,https://i.ebayimg.com/images/g/jrsAAeSwU4ZqgcBb/s-l225.jpg
型号不明,37.0,Minolta Lens Collection Package,Minolta,Lenses,Used,74.0,USD,FIXED_PRICE,0,0,low-feedback,US,saher-4735,92.9,2026-08-16T16:27:09.000Z,,https://www.ebay.com/itm/336745620953?hash=item4e679a65d9:g:XNUAAeSwjRtqgNDE,https://i.ebayimg.com/images/g/XNUAAeSwjRtqgNDE/s-l225.jpg
残件/按现状,37.0,"Vintage 1970's Polaroid SX-70 Land Camera Untested, not guaranteed to work.",Polaroid,Vintage Cameras,,75.0,USD,"FIXED_PRICE,BEST_OFFER",10,0,as-is,US,pamyla123,100.0,2026-08-17T03:58:24.000Z,,https://www.ebay.com/itm/227479041582?hash=item34f6ceb62e:g:e0oAAeSwQQxqgoXG,https://i.ebayimg.com/images/g/e0oAAeSwQQxqgoXG/s-l225.jpg
残件/按现状,37.0,"Vintage 1970's Polaroid SX-70 Land Camera Untested, not guaranteed to work.",Polaroid,Vintage Cameras,,75.0,USD,FIXED_PRICE,11,0,as-is,US,pierotti61,100.0,2026-08-16T22:27:42.000Z,,https://www.ebay.com/itm/206496376300?hash=item301424a5ec:g:TvkAAeSwVf1qgjWv,https://i.ebayimg.com/images/g/TvkAAeSwVf1qgjWv/s-l225.jpg
残件/按现状,37.0,Polaroid Automatic 250 Land Camera Vintage Bellows Zeiss Ikon Glass Lens As-Is,Polaroid,Vintage Cameras,,75.0,USD,"FIXED_PRICE,BEST_OFFER",12,0,as-is,US,bobbyscarmen,100.0,2026-08-16T15:53:33.000Z,,https://www.ebay.com/itm/820010148729?hash=itembeec69e379:g:CGwAAeSwn~xqgTcP,https://i.ebayimg.com/images/g/CGwAAeSwn~xqgTcP/s-l225.jpg
打包杂件,37.0,Panasonic Lumix DMC-FH20 Digital Camera Bundle - Tested,Panasonic,Digital Cameras,Used,79.99,USD,FIXED_PRICE,14,0,underpriced(med 183),US,wonder_trove,99.8,2026-08-16T05:16:20.000Z,,https://www.ebay.com/itm/327312532861?hash=item4c3558e57d:g:L~4AAeSwIvJqgT6u,https://i.ebayimg.com/images/g/L~4AAeSwIvJqgT6u/s-l225.jpg
残件/按现状,37.0,Canon ES6500V Hi8 8mm Video Camcorder Digital Zoom 440x,Canon,Camcorders,For parts or not working,80.0,USD,"FIXED_PRICE,BEST_OFFER",8,0,,US,rosstice,99.9,2026-08-16T21:13:23.000Z,,https://www.ebay.com/itm/227478737065?hash=item34f6ca10a9:g:uygAAeSw4VRqgifw,https://i.ebayimg.com/images/g/uygAAeSw4VRqgifw/s-l225.jpg
残件/按现状,37.0,Victorian Eastman Kodak Antique Box Camera **Selling As Parts Only**,Kodak,Vintage Cameras,,83.83,USD,"FIXED_PRICE,BEST_OFFER",16,0,as-is,US,cheesesavers,100.0,2026-08-17T09:23:25.000Z,,https://www.ebay.com/itm/168620120379?hash=item27428ad93b:g:26EAAOSwiAZnDaZB,https://i.ebayimg.com/images/g/26EAAOSwiAZnDaZB/s-l225.jpg
残件/按现状;打包杂件,37.0,"Digital Camera Lot Sony, Nikon Etc. Untested As Is",Sony,Digital Cameras,For parts or not working,89.99,USD,"FIXED_PRICE,BEST_OFFER",2,0,as-is;underpriced(med 238),US,classicfinds21,99.5,2026-08-16T19:10:15.000Z,,https://www.ebay.com/itm/168618582293?hash=item2742736115:g:DWkAAeSwVNpqggqL,https://i.ebayimg.com/images/g/DWkAAeSwVNpqggqL/s-l225.jpg
残件/按现状;打包杂件,37.0,Lot of 2 Vintage Kodak Signet 35 Cameras Ektar 44mm f/3.5 Synchro 300 Untested,Kodak,Vintage Cameras,,89.99,USD,"FIXED_PRICE,BEST_OFFER",3,0,as-is,US,hawknationia,99.3,2026-08-16T17:30:24.000Z,,https://www.ebay.com/itm/267759198434?hash=item3e57b120e2:g:Zv0AAeSwinpqgfNt,https://i.ebayimg.com/images/g/Zv0AAeSwinpqgfNt/s-l225.jpg
残件/按现状,37.0,Kodak 1A Autographic Special RARE Early Camera With Case Nice Appeal Untested,Kodak,Vintage Cameras,,99.5,USD,"FIXED_PRICE,BEST_OFFER",20,0,as-is,US,lakeclub3,99.8,2026-08-16T10:55:42.000Z,,https://www.ebay.com/itm/117362449749?hash=item1b5358dd55:g:AIcAAeSw8hBpQYBx,https://i.ebayimg.com/images/g/AIcAAeSw8hBpQYBx/s-l225.jpg
残件/按现状,37.0,Vintage Kodak Folding Film Camera – Kodak Anastigmat Lens – Antique UNTESTED,Kodak,Vintage Cameras,,99.99,USD,"FIXED_PRICE,BEST_OFFER",5,0,as-is,US,hacemore,100.0,2026-08-16T21:29:54.000Z,,https://www.ebay.com/itm/398293502653?hash=item5cbc248abd:g:1RQAAeSwR01qgitu,https://i.ebayimg.com/images/g/1RQAAeSwR01qgitu/s-l225.jpg
打包杂件,37.0,"Vintage Camera Lot - Polaroid, Kodak, AGFA, Bentley & 2 unused 3mm film",Polaroid,Vintage Cameras,,100.0,USD,"FIXED_PRICE,BEST_OFFER",23,0,,US,c-tiger94,0.0,2026-08-17T00:25:59.000Z,,https://www.ebay.com/itm/366610065445?hash=item555ba9a825:g:OZAAAeSwQ0FqglHU,https://i.ebayimg.com/images/g/OZAAAeSwQ0FqglHU/s-l225.jpg
打包杂件,37.0,"Vintage Camera Lot Collection - Argus C3, Kodak Pony, Retro Photo Decor Prop",Kodak,Vintage Cameras,,100.0,USD,"FIXED_PRICE,BEST_OFFER",11,0,,US,julescollective,99.6,2026-08-16T04:33:45.000Z,,https://www.ebay.com/itm/128028908553?hash=item1dcf1e1c09:g:IYwAAeSwpoNqgT2o,https://i.ebayimg.com/images/g/IYwAAeSwpoNqgT2o/s-l225.jpg
型号不明,37.0,Strangers things Polaroid Camera,Polaroid,Vintage Cameras,,125.0,USD,"FIXED_PRICE,BEST_OFFER",8,0,,US,msmeli1983,100.0,2026-08-16T22:03:28.000Z,,https://www.ebay.com/itm/278287403156?hash=item40cb38c894:g:QZwAAeSwr-1qgjNh,https://i.ebayimg.com/images/g/QZwAAeSwr-1qgjNh/s-l225.jpg
残件/按现状,37.0,Vintage Polaroid Automatic 100 Land Camera w case and accessories Untested,Polaroid,Vintage Cameras,,149.99,USD,"FIXED_PRICE,BEST_OFFER",23,0,as-is,US,ortecus,99.6,2026-08-16T19:38:09.000Z,,https://www.ebay.com/itm/407149491037?hash=item5ecc00335d:g:zxoAAeSw3DNqghFA,https://i.ebayimg.com/images/g/zxoAAeSw3DNqghFA/s-l225.jpg
型号不明,37.0,Nikon/NIKKOR-Q Auto 1:28 f=135 #235507 W/leather Case,Nikon,Lenses,Used,170.99,USD,"FIXED_PRICE,BEST_OFFER",11,0,mount:nikon f,US,chrisryantreasurehunter_17,99.4,2026-08-16T16:54:09.000Z,,https://www.ebay.com/itm/137628624969?hash=item200b4e2849:g:30cAAeSwHJ5qMYXQ,https://i.ebayimg.com/images/g/30cAAeSwHJ5qMYXQ/s-l225.jpg
型号不明,37.0,CANON Film Camera Used Japan,Canon,Film Cameras,Used,190.39,USD,"FIXED_PRICE,BEST_OFFER",0,0,low-feedback,JP,nissn_3,95.0,2026-08-17T05:21:38.000Z,,https://www.ebay.com/itm/366610460071?hash=item555bafada7:g:6SQAAeSwkOdqgptV,https://i.ebayimg.com/images/g/6SQAAeSwkOdqgptV/s-l225.jpg
型号不明,37.0,Nikon Nikkor Z DX 50-250 f4.5-6.3 Lens — Perfect!,Nikon,Lenses,Used,224.99,USD,"FIXED_PRICE,BEST_OFFER",6,0,mount:nikon f,US,wvhyperboy,100.0,2026-08-16T15:39:33.000Z,,https://www.ebay.com/itm/206495679313?hash=item30141a0351:g:93AAAeSwndBqgdKx,https://i.ebayimg.com/images/g/93AAAeSwndBqgdKx/s-l225.jpg
残件/按现状,37.0,(Read) Olympus M.Zuiko Digital Pro 12-40mm F/2.8 AF ED Zoom Lens - Black,Olympus,Lenses,For parts or not working,250.0,USD,FIXED_PRICE,4,0,mount:olympus om,US,omnicorr_sales,100.0,2026-08-16T15:37:14.000Z,,https://www.ebay.com/itm/147508827339?hash=item22583614cb:g:lCAAAeSwbEhqgdl3,https://i.ebayimg.com/images/g/lCAAAeSwbEhqgdl3/s-l225.jpg
型号不明,37.0,"VINTAGE NIPPON KOGAKU NIKKOR P.C 1:2.5 F=10.5CM LENS ""LEGENDARY SHARP LENS""",Nikkor,Lenses,Used,252.65,USD,FIXED_PRICE,14,0,mount:nikon f,US,mariesresalestore,99.8,2026-08-16T18:09:59.000Z,,https://www.ebay.com/itm/227478573546?hash=item34f6c791ea:g:-6IAAeSw~4xqQDi6,https://i.ebayimg.com/images/g/-6IAAeSw~4xqQDi6/s-l225.jpg
打包杂件,37.0,FUJIFILM Film 4 Pack Lot Photographic Camera Used Japan,Fujifilm,Film Cameras,Used,266.6,USD,"FIXED_PRICE,BEST_OFFER",4,0,low-feedback,JP,nissn_3,95.0,2026-08-16T22:32:39.000Z,,https://www.ebay.com/itm/366609940611?hash=item555ba7c083:g:Dz0AAeSwxkhqgjtB,https://i.ebayimg.com/images/g/Dz0AAeSwxkhqgjtB/s-l225.jpg
型号不明,37.0,Olympus 2x MC-20 M.Zuiko Pro Teleconverter Micro 4/3 #622,Olympus,Lenses,Excellent - Refurbished,267.15,USD,"FIXED_PRICE,BEST_OFFER",8,0,mount:olympus om,US,robertscamera,99.8,2026-08-16T18:44:50.000Z,,https://www.ebay.com/itm/147509089871?hash=item22583a164f:g:3dYAAeSwtH5qggUa,https://i.ebayimg.com/images/g/3dYAAeSwtH5qggUa/s-l225.jpg
打包杂件,37.0,FUJIFILM Film 4 Pack Lot Photographic Camera Used Japan #7260810,Fujifilm,Film Cameras,Used,291.98,USD,"FIXED_PRICE,BEST_OFFER",4,0,low-feedback,JP,nissn_3,95.0,2026-08-16T22:33:43.000Z,,https://www.ebay.com/itm/366609941892?hash=item555ba7c584:g:cqkAAeSwQGhqgjt9,https://i.ebayimg.com/images/g/cqkAAeSwQGhqgjt9/s-l225.jpg
打包杂件,37.0,VTG Nikon F Photomic FTn & FA 35mm Camera Bundle Nikkor Lenses Manuals Bag Kit,Nikon,Film Cameras,Used,655.49,USD,"FIXED_PRICE,BEST_OFFER",23,0,mount:nikon f,US,chrisryantreasurehunter_17,99.4,2026-08-16T17:59:40.000Z,,https://www.ebay.com/itm/137628808590?hash=item200b50f58e:g:~WYAAeSwf55qMZTg,https://i.ebayimg.com/images/g/~WYAAeSwf55qMZTg/s-l225.jpg
残件/按现状,36.0,EasyBuy Vivitar Tele 300mm f/5.6 M42 Manual Focus Prime Lens (Foggy/Has Haze),Vivitar,Lenses,For parts or not working,31.8,USD,"FIXED_PRICE,BEST_OFFER",4,0,mount:m42;as-is,DE,easybuyshop,99.9,2026-08-16T23:01:52.000Z,,https://www.ebay.com/itm/820011491841?hash=itembeec7e6201:g:GsYAAeSwSOpqgjdz,https://i.ebayimg.com/images/g/GsYAAeSwSOpqgjdz/s-l225.jpg
型号不明,35.0,Instant Film Camera Spectra System Polaroid With Case And Manual Vintage,Polaroid,Vintage Cameras,,33.99,USD,"FIXED_PRICE,BEST_OFFER",9,0,low-feedback,US,cmoore5882,96.8,2026-08-16T18:19:29.000Z,,https://www.ebay.com/itm/267759234645?hash=item3e57b1ae55:g:zDkAAeSwtbtpdWL7,https://i.ebayimg.com/images/g/zDkAAeSwtbtpdWL7/s-l225.jpg
型号不明,35.0,[TOP MINT in Box] Lomography SP200ACP La Sardina Acapulco 35mm Camera from Japan,,Film Cameras,Used,49.99,USD,"FIXED_PRICE,BEST_OFFER",20,0,good-cond,JP,hib9357,100.0,2026-08-16T05:54:38.000Z,,https://www.ebay.com/itm/158193432079?hash=item24d510360f:g:YQUAAeSwpzNp5Ygj,https://i.ebayimg.com/images/g/YQUAAeSwpzNp5Ygj/s-l225.jpg
型号不明,35.0,Vintage Fujica Compact 35 35mm Film Camera Fujinon Lens From Japan [Exc],,Film Cameras,Used,59.99,USD,"FIXED_PRICE,BEST_OFFER",11,0,good-cond,JP,nipponadventureshop,100.0,2026-08-16T13:04:30.000Z,,https://www.ebay.com/itm/800517914888?hash=itemba62960108:g:V88AAeSwiX5qgWtY,https://i.ebayimg.com/images/g/V88AAeSwiX5qgWtY/s-l225.jpg
型号不明,35.0,Rare OLYMPUS metal microscope objective lens ULWD MSPlan 50,Olympus,Lenses,Used,158.98,USD,FIXED_PRICE,3,0,,JP,zet_on,100.0,2026-08-16T23:08:23.000Z,,https://www.ebay.com/itm/407149757150?hash=item5ecc0442de:g:CaYAAeSwDO5qgkNh,https://i.ebayimg.com/images/g/CaYAAeSwDO5qgkNh/s-l225.jpg
型号不明,35.0,OLYMPUS FTL body with lens hood case film SLR camera,Olympus,Lenses,Used,163.94,USD,FIXED_PRICE,16,0,,JP,zet_on,100.0,2026-08-16T23:08:23.000Z,,https://www.ebay.com/itm/407149757196?hash=item5ecc04430c:g:318AAeSwdh5qgkQY,https://i.ebayimg.com/images/g/318AAeSwdh5qgkQY/s-l225.jpg
型号不明,35.0,PENTAX lens Used,Pentax,Lenses,Used,171.75,USD,FIXED_PRICE,4,0,,JP,beecruise04,98.5,2026-08-16T20:40:02.000Z,,https://www.ebay.com/itm/318740309461?hash=item4a366725d5:g:JrAAAeSw~8JqgiFK,https://i.ebayimg.com/images/g/JrAAAeSw~8JqgiFK/s-l225.jpg
型号不明,35.0,Working Excellent condition Olympus PL1 Standard Lens Set Battery Charger,Olympus,Lenses,Used,181.83,USD,FIXED_PRICE,9,0,,JP,zet_on,100.0,2026-08-16T23:08:20.000Z,,https://www.ebay.com/itm/407149756902?hash=item5ecc0441e6:g:lhUAAeSwtH5qgkQJ,https://i.ebayimg.com/images/g/lhUAAeSwtH5qgkQJ/s-l225.jpg
型号不明,35.0,OLYMPUS 10 DIGITAL Body,Olympus,Lenses,Used,182.28,USD,FIXED_PRICE,15,0,,JP,zet_on,100.0,2026-08-16T23:08:17.000Z,,https://www.ebay.com/itm/407149756711?hash=item5ecc044127:g:17oAAeSwOT5qgkPR,https://i.ebayimg.com/images/g/17oAAeSwOT5qgkPR/s-l225.jpg
型号不明,35.0,Working Condition OLYMPUS PEN E PL2 Zoom Lens Kit With Original Box,Olympus,Lenses,Used,183.82,USD,FIXED_PRICE,19,0,,JP,zet_on,100.0,2026-08-16T23:08:18.000Z,,https://www.ebay.com/itm/407149756738?hash=item5ecc044142:g:sEsAAeSwtBlqgkQR,https://i.ebayimg.com/images/g/sEsAAeSwtBlqgkQR/s-l225.jpg
型号不明,35.0,Working condition OLYMPUS OM10 standard ZOOM lens a416,Olympus,Lenses,Used,186.8,USD,FIXED_PRICE,19,0,,JP,zet_on,100.0,2026-08-16T23:08:22.000Z,,https://www.ebay.com/itm/407149757138?hash=item5ecc0442d2:g:-lsAAeSw8ChqgkPY,https://i.ebayimg.com/images/g/-lsAAeSw8ChqgkPY/s-l225.jpg
型号不明,35.0,OLYMPUS Single Lens Reflex Camera E 330 Lens Kit,Olympus,Lenses,Used,188.78,USD,FIXED_PRICE,9,0,,JP,zet_on,100.0,2026-08-16T23:08:25.000Z,,https://www.ebay.com/itm/407149757303?hash=item5ecc044377:g:CUUAAeSw5fZqgkQN,https://i.ebayimg.com/images/g/CUUAAeSw5fZqgkQN/s-l225.jpg
型号不明,35.0,Operational Check Completed Olympus AM 100 G20 07 0709 1p,Olympus,Lenses,Used,188.78,USD,FIXED_PRICE,11,0,,JP,zet_on,100.0,2026-08-16T23:08:21.000Z,,https://www.ebay.com/itm/407149756975?hash=item5ecc04422f:g:1UAAAeSwVjtqgkNh,https://i.ebayimg.com/images/g/1UAAAeSwVjtqgkNh/s-l225.jpg
型号不明,35.0,OLYMPUS STYLUS SP 820UZ Body with Case,Olympus,Lenses,Used,188.78,USD,FIXED_PRICE,8,0,,JP,zet_on,100.0,2026-08-16T23:08:21.000Z,,https://www.ebay.com/itm/407149757023?hash=item5ecc04425f:g:BjwAAeSw5fZqgkOf,https://i.ebayimg.com/images/g/BjwAAeSw5fZqgkOf/s-l225.jpg
型号不明,35.0,Practical Optical Excellent condition Olympus Pen Lite E PL6 Body White Mirrorle,Olympus,Lenses,Used,191.07,USD,FIXED_PRICE,10,0,,JP,zet_on,100.0,2026-08-16T23:08:17.000Z,,https://www.ebay.com/itm/407149756690?hash=item5ecc044112:g:0b8AAeSwCGNqgkQH,https://i.ebayimg.com/images/g/0b8AAeSwCGNqgkQH/s-l225.jpg
型号不明,35.0,OLYMPUS STYLUS SP 820UZ compact camera with 40x optical zoom Excellent condition,Olympus,Lenses,Used,193.55,USD,FIXED_PRICE,9,0,,JP,zet_on,100.0,2026-08-16T23:08:23.000Z,,https://www.ebay.com/itm/407149757163?hash=item5ecc0442eb:g:DYIAAeSwDO5qgkPX,https://i.ebayimg.com/images/g/DYIAAeSwDO5qgkPX/s-l225.jpg
型号不明,35.0,Good condition Classic OLYMPUS PEN EE 3 Film Camera Retro,Olympus,Lenses,Used,194.54,USD,FIXED_PRICE,12,0,,JP,zet_on,100.0,2026-08-16T23:08:17.000Z,,https://www.ebay.com/itm/407149756706?hash=item5ecc044122:g:OUsAAeSw~wdqgkNd,https://i.ebayimg.com/images/g/OUsAAeSw~wdqgkNd/s-l225.jpg
型号不明,35.0,1 Month Operation Refurbished Fully Functional OLYMPUS 35DC Olympus,Olympus,Lenses,Used,196.73,USD,FIXED_PRICE,15,0,,JP,zet_on,100.0,2026-08-16T23:08:25.000Z,,https://www.ebay.com/itm/407149757274?hash=item5ecc04435a:g:zXkAAeSwUcpqgkNo,https://i.ebayimg.com/images/g/zXkAAeSwUcpqgkNo/s-l225.jpg
型号不明,35.0,Good condition OLYMPUS PEN E PL3 Lens Kit,Olympus,Lenses,Used,196.73,USD,FIXED_PRICE,10,0,,JP,zet_on,100.0,2026-08-16T23:08:22.000Z,,https://www.ebay.com/itm/407149757087?hash=item5ecc04429f:g:oAIAAeSwiuJqgkPc,https://i.ebayimg.com/images/g/oAIAAeSwiuJqgkPc/s-l225.jpg
型号不明,35.0,OLYMPUS PEN S body rare full equipment half size camera working item,Olympus,Lenses,Used,198.52,USD,FIXED_PRICE,19,0,,JP,zet_on,100.0,2026-08-16T23:08:23.000Z,,https://www.ebay.com/itm/407149757193?hash=item5ecc044309:g:0vQAAeSwn1JqgkMp,https://i.ebayimg.com/images/g/0vQAAeSwn1JqgkMp/s-l225.jpg
型号不明,35.0,OLYMPUS PEN E P1 Body and Lens,Olympus,Lenses,Used,198.72,USD,FIXED_PRICE,9,0,,JP,zet_on,100.0,2026-08-16T23:08:25.000Z,,https://www.ebay.com/itm/407149757316?hash=item5ecc044384:g:uPkAAeSwyJFqgkQY,https://i.ebayimg.com/images/g/uPkAAeSwyJFqgkQY/s-l225.jpg
型号不明,35.0,OLYMPUS digital camera STYLUS SZ 16 silver,Olympus,Lenses,Used,198.72,USD,FIXED_PRICE,5,0,,JP,zet_on,100.0,2026-08-16T23:08:24.000Z,,https://www.ebay.com/itm/407149757225?hash=item5ecc044329:g:SMQAAeSwndBqgkQP,https://i.ebayimg.com/images/g/SMQAAeSwndBqgkQP/s-l225.jpg
型号不明,35.0,OLYMPUS STYLUS SH 50 body charger set tested and working,Olympus,Lenses,Used,198.72,USD,FIXED_PRICE,9,0,,JP,zet_on,100.0,2026-08-16T23:08:19.000Z,,https://www.ebay.com/itm/407149756810?hash=item5ecc04418a:g:5OoAAeSwDRtqgkOX,https://i.ebayimg.com/images/g/5OoAAeSwDRtqgkOX/s-l225.jpg
型号不明,35.0,OLYMPUS Compact TG 850 Tough Body Battery USB Cable,Olympus,Lenses,Used,198.72,USD,FIXED_PRICE,13,0,,JP,zet_on,100.0,2026-08-16T23:08:18.000Z,,https://www.ebay.com/itm/407149756760?hash=item5ecc044158:g:u4cAAeSwL8lqgkNd,https://i.ebayimg.com/images/g/u4cAAeSwL8lqgkNd/s-l225.jpg
型号不明,35.0,OLYMPUS PEN Lite E PL6 with flash and two types of straps,Olympus,Lenses,Used,204.68,USD,FIXED_PRICE,19,0,,JP,zet_on,100.0,2026-08-16T23:08:17.000Z,,https://www.ebay.com/itm/407149756688?hash=item5ecc044110:g:sLUAAeSw3xtqgkOc,https://i.ebayimg.com/images/g/sLUAAeSw3xtqgkOc/s-l225.jpg
型号不明,35.0,OLYMPUS E PL3 RED Mirrorless,Olympus,Lenses,Used,205.33,USD,FIXED_PRICE,3,0,,JP,zet_on,100.0,2026-08-16T23:08:24.000Z,,https://www.ebay.com/itm/407149757249?hash=item5ecc044341:g:slsAAeSwuvdqgkQU,https://i.ebayimg.com/images/g/slsAAeSwuvdqgkQU/s-l225.jpg
型号不明,35.0,Test shot taken Olympus 35S,Olympus,Lenses,Used,205.47,USD,FIXED_PRICE,8,0,,JP,zet_on,100.0,2026-08-16T23:08:24.000Z,,https://www.ebay.com/itm/407149757257?hash=item5ecc044349:g:4MUAAeSwOcNqgkNm,https://i.ebayimg.com/images/g/4MUAAeSwOcNqgkNm/s-l225.jpg
型号不明,35.0,OLYMPUS PEN E PL1s Red Lens Set with Original Box Working Condition,Olympus,Lenses,Used,206.67,USD,FIXED_PRICE,9,0,,JP,zet_on,100.0,2026-08-16T23:08:19.000Z,,https://www.ebay.com/itm/407149756779?hash=item5ecc04416b:g:oYcAAeSwinpqgkPS,https://i.ebayimg.com/images/g/oYcAAeSwinpqgkPS/s-l225.jpg
型号不明,35.0,Some Issues OLYMPUS Digital SLR Camera E 520 Double Zoom Kit,Olympus,Lenses,Used,206.67,USD,FIXED_PRICE,5,0,,JP,zet_on,100.0,2026-08-16T23:08:18.000Z,,https://www.ebay.com/itm/407149756749?hash=item5ecc04414d:g:3ncAAeSwRT9qgkPR,https://i.ebayimg.com/images/g/3ncAAeSwRT9qgkPR/s-l225.jpg
型号不明,35.0,Excellent condition OLYMPUS II ZOOM 130 Body with Case,Olympus,Lenses,Used,208.64,USD,FIXED_PRICE,6,0,,JP,zet_on,100.0,2026-08-16T23:08:19.000Z,,https://www.ebay.com/itm/407149756780?hash=item5ecc04416c:g:adwAAeSwK~ZqgkNd,https://i.ebayimg.com/images/g/adwAAeSwK~ZqgkNd/s-l225.jpg
型号不明,35.0,136 Olympus Lens 3 Piece Set Separately,Olympus,Lenses,Used,208.66,USD,FIXED_PRICE,10,0,,JP,zet_on,100.0,2026-08-16T23:08:26.000Z,,https://www.ebay.com/itm/407149757326?hash=item5ecc04438e:g:cdUAAeSwK~ZqgkQY,https://i.ebayimg.com/images/g/cdUAAeSwK~ZqgkQY/s-l225.jpg
型号不明,35.0,OLYMPUS Microscope Objective Lens A 100 1.30 Oil,Olympus,Lenses,Used,208.66,USD,FIXED_PRICE,2,0,,JP,zet_on,100.0,2026-08-16T23:08:17.000Z,,https://www.ebay.com/itm/407149756695?hash=item5ecc044117:g:9owAAeSwIGNqgkOZ,https://i.ebayimg.com/images/g/9owAAeSwIGNqgkOZ/s-l225.jpg
型号不明,35.0,OLYMPUS PEN E PL2 Lens Kit Mirrorless Camera,Olympus,Lenses,Used,212.63,USD,FIXED_PRICE,19,0,,JP,zet_on,100.0,2026-08-16T23:08:21.000Z,,https://www.ebay.com/itm/407149757010?hash=item5ecc044252:g:qIkAAeSwJHdqgkOc,https://i.ebayimg.com/images/g/qIkAAeSwJHdqgkOc/s-l225.jpg
型号不明,35.0,Excellent condition Olympus ZOOM 115 DELUXE Fully functional Complete Set,Olympus,Lenses,Used,213.62,USD,FIXED_PRICE,16,0,,JP,zet_on,100.0,2026-08-16T23:08:22.000Z,,https://www.ebay.com/itm/407149757111?hash=item5ecc0442b7:g:z6wAAeSw~wRqgkPX,https://i.ebayimg.com/images/g/z6wAAeSw~wRqgkPX/s-l225.jpg
型号不明,35.0,Rare OLYMPUS MO 1 strap with case Retro,Olympus,Lenses,Used,214.61,USD,FIXED_PRICE,18,0,,JP,zet_on,100.0,2026-08-16T23:08:25.000Z,,https://www.ebay.com/itm/407149757275?hash=item5ecc04435b:g:tVMAAeSwMcpqgkPh,https://i.ebayimg.com/images/g/tVMAAeSwMcpqgkPh/s-l225.jpg
型号不明,35.0,OLYMPUS PEN Lite E PL5 double lens kit S number 4606,Olympus,Lenses,Used,214.61,USD,FIXED_PRICE,9,0,,JP,zet_on,100.0,2026-08-16T23:08:19.000Z,,https://www.ebay.com/itm/407149756795?hash=item5ecc04417b:g:lxAAAeSwbspqgkQV,https://i.ebayimg.com/images/g/lxAAAeSwbspqgkQV/s-l225.jpg
型号不明,35.0,OLYMPUS PEN E P2 Lens Kit Black with Charger and Battery,Olympus,Lenses,Used,215.91,USD,FIXED_PRICE,15,0,,JP,zet_on,100.0,2026-08-16T23:08:18.000Z,,https://www.ebay.com/itm/407149756732?hash=item5ecc04413c:g:yhYAAeSwseNqgkOf,https://i.ebayimg.com/images/g/yhYAAeSwseNqgkOf/s-l225.jpg
型号不明,35.0,Transfer to Smartphone Olympus PL1 Mirrorless Camera,Olympus,Lenses,Used,216.6,USD,FIXED_PRICE,13,0,,JP,zet_on,100.0,2026-08-16T23:08:25.000Z,,https://www.ebay.com/itm/407149757320?hash=item5ecc044388:g:0XEAAeSwyRFqgkQW,https://i.ebayimg.com/images/g/0XEAAeSwyRFqgkQW/s-l225.jpg
型号不明,35.0,Brand New OLYMPUS Olympus MMF 3 Four Thirds M4 3 Mount Adapter 2974450,Olympus,Lenses,Used,217.89,USD,FIXED_PRICE,9,0,,JP,zeton_ec,100.0,2026-08-16T23:08:30.000Z,,https://www.ebay.com/itm/158195956969?hash=item24d536bce9:g:kykAAeSw5glqgkPk,https://i.ebayimg.com/images/g/kykAAeSw5glqgkPk/s-l225.jpg
残件/按现状;型号不明,35.0,C (some issues) OLYMPUS STYLUS SP 100EE No Returns 44 250,Olympus,Lenses,Used,218.39,USD,FIXED_PRICE,7,0,,JP,zet_on,100.0,2026-08-16T23:08:19.000Z,,https://www.ebay.com/itm/407149756787?hash=item5ecc044173:g:qNwAAeSwtlZqgkPP,https://i.ebayimg.com/images/g/qNwAAeSwtlZqgkPP/s-l225.jpg
型号不明,35.0,OLYMPUS AIR A01 Body,Olympus,Lenses,Used,218.59,USD,FIXED_PRICE,5,0,,JP,zet_on,100.0,2026-08-16T23:08:25.000Z,,https://www.ebay.com/itm/407149757311?hash=item5ecc04437f:g:odMAAeSw~uRqgkPe,https://i.ebayimg.com/images/g/odMAAeSw~uRqgkPe/s-l225.jpg
型号不明,35.0,Olympus DPlanApo 40UVPL 20UV objective lens,Olympus,Lenses,Used,218.59,USD,FIXED_PRICE,4,0,,JP,zet_on,100.0,2026-08-16T23:08:22.000Z,,https://www.ebay.com/itm/407149757137?hash=item5ecc0442d1:g:~HAAAeSwLxRqgkNe,https://i.ebayimg.com/images/g/~HAAAeSwLxRqgkNe/s-l225.jpg
型号不明,35.0,Waterproof Shockproof OLYMPUS STYLUS TG 3 Specially Designed for Construction Si,Olympus,Lenses,Used,219.58,USD,FIXED_PRICE,19,0,,JP,zet_on,100.0,2026-08-16T23:08:25.000Z,,https://www.ebay.com/itm/407149757312?hash=item5ecc044380:g:yCYAAeSwYtBqgkMq,https://i.ebayimg.com/images/g/yCYAAeSwYtBqgkMq/s-l225.jpg
型号不明,35.0,Olympus E PL1s Smartphone transfer 71224,Olympus,Lenses,Used,220.37,USD,FIXED_PRICE,16,0,,JP,zet_on,100.0,2026-08-16T23:08:23.000Z,,https://www.ebay.com/itm/407149757201?hash=item5ecc044311:g:u-gAAeSwL8lqgkNo,https://i.ebayimg.com/images/g/u-gAAeSwL8lqgkNo/s-l225.jpg
型号不明,35.0,OLYMPUS SZ 11,Olympus,Lenses,Used,223.56,USD,FIXED_PRICE,10,0,,JP,zet_on,100.0,2026-08-16T23:08:23.000Z,,https://www.ebay.com/itm/407149757172?hash=item5ecc0442f4:g:VVoAAeSwFplqgkMp,https://i.ebayimg.com/images/g/VVoAAeSwFplqgkMp/s-l225.jpg
型号不明,35.0,Operation Olympus OLYMPUS 10 3x Battery my255,Olympus,Lenses,Used,224.65,USD,FIXED_PRICE,4,0,,JP,zet_on,100.0,2026-08-16T23:08:17.000Z,,https://www.ebay.com/itm/407149756696?hash=item5ecc044118:g:vIQAAeSwCYxqgkPV,https://i.ebayimg.com/images/g/vIQAAeSwCYxqgkPV/s-l225.jpg
型号不明,35.0,Low shutter count Olympus E PL6 Smartphone transfer Mirrorless Camera,Olympus,Lenses,Used,226.52,USD,FIXED_PRICE,12,0,,JP,zet_on,100.0,2026-08-16T23:08:18.000Z,,https://www.ebay.com/itm/407149756764?hash=item5ecc04415c:g:Zb0AAeSwYEVqgkNf,https://i.ebayimg.com/images/g/Zb0AAeSwYEVqgkNf/s-l225.jpg
型号不明,35.0,OLYMPUS XA2 film camera A11 flash set,Olympus,Lenses,Used,226.54,USD,FIXED_PRICE,14,0,,JP,zet_on,100.0,2026-08-16T23:08:23.000Z,,https://www.ebay.com/itm/407149757185?hash=item5ecc044301:g:x8oAAeSwVhJqgkNl,https://i.ebayimg.com/images/g/x8oAAeSwVhJqgkNl/s-l225.jpg
型号不明,35.0,Excellent condition with box Olympus OZ 120 zoom Film Camera with Remote,Olympus,Lenses,Used,226.64,USD,FIXED_PRICE,12,0,,JP,zet_on,100.0,2026-08-16T23:08:22.000Z,,https://www.ebay.com/itm/407149757103?hash=item5ecc0442af:g:2EgAAeSwn1JqgkOg,https://i.ebayimg.com/images/g/2EgAAeSwn1JqgkOg/s-l225.jpg
型号不明,35.0,OLYMPUS E PM1 Smartphone transfer R163 80604,Olympus,Lenses,Used,228.33,USD,FIXED_PRICE,17,0,,JP,zet_on,100.0,2026-08-16T23:08:22.000Z,,https://www.ebay.com/itm/407149757126?hash=item5ecc0442c6:g:vbEAAeSw4VRqgkNh,https://i.ebayimg.com/images/g/vbEAAeSw4VRqgkNh/s-l225.jpg
型号不明,35.0,OLYMPUS E PM1 Excellent Condition Smartphone Transfer 80606,Olympus,Lenses,Used,228.33,USD,FIXED_PRICE,16,0,,JP,zet_on,100.0,2026-08-16T23:08:21.000Z,,https://www.ebay.com/itm/407149757014?hash=item5ecc044256:g:VuwAAeSw~8JqgkMk,https://i.ebayimg.com/images/g/VuwAAeSw~8JqgkMk/s-l225.jpg
型号不明,35.0,OLYMPUS XA4 MACRO Body,Olympus,Lenses,Used,228.53,USD,FIXED_PRICE,19,0,,JP,zet_on,100.0,2026-08-16T23:08:24.000Z,,https://www.ebay.com/itm/407149757253?hash=item5ecc044345:g:T9EAAeSwOwdqgkMo,https://i.ebayimg.com/images/g/T9EAAeSwOwdqgkMo/s-l225.jpg
型号不明,35.0,Excellent Condition Shot Count 1 959 Olympus OLYMPUS E PL3 White Mirrorless 0965,Olympus,Lenses,Used,229.52,USD,FIXED_PRICE,12,0,,JP,zet_on,100.0,2026-08-16T23:08:21.000Z,,https://www.ebay.com/itm/407149757067?hash=item5ecc04428b:g:h28AAeSwt99qgkQW,https://i.ebayimg.com/images/g/h28AAeSwt99qgkQW/s-l225.jpg
型号不明,35.0,OLYMPUS PEN E PL1S W Lens Kit 3876,Olympus,Lenses,Used,233.5,USD,FIXED_PRICE,19,0,,JP,zet_on,100.0,2026-08-16T23:08:21.000Z,,https://www.ebay.com/itm/407149756956?hash=item5ecc04421c:g:RtYAAeSwndBqgkPb,https://i.ebayimg.com/images/g/RtYAAeSwndBqgkPb/s-l225.jpg
型号不明,35.0,OLYMPUS E PM2 Smartphone transfer 80606,Olympus,Lenses,Used,236.48,USD,FIXED_PRICE,15,0,,JP,zet_on,100.0,2026-08-16T23:08:22.000Z,,https://www.ebay.com/itm/407149757122?hash=item5ecc0442c2:g:vdsAAeSwHdJqgkQO,https://i.ebayimg.com/images/g/vdsAAeSwHdJqgkQO/s-l225.jpg
型号不明,35.0,OLYMPUS E PL3 Smartphone Transfer 80606,Olympus,Lenses,Used,236.48,USD,FIXED_PRICE,16,0,,JP,zet_on,100.0,2026-08-16T23:08:21.000Z,,https://www.ebay.com/itm/407149757024?hash=item5ecc044260:g:7J0AAeSwMyRqgkMp,https://i.ebayimg.com/images/g/7J0AAeSwMyRqgkMp/s-l225.jpg
型号不明,35.0,OLYMPUS E PL2 Double Lens,Olympus,Lenses,Used,236.48,USD,FIXED_PRICE,13,0,,JP,zet_on,100.0,2026-08-16T23:08:20.000Z,,https://www.ebay.com/itm/407149756882?hash=item5ecc0441d2:g:0UoAAeSwU21qgkOd,https://i.ebayimg.com/images/g/0UoAAeSwU21qgkOd/s-l225.jpg
型号不明,35.0,OLYMPUS PEN E P3 Mirrorless Camera Body and Battery,Olympus,Lenses,Used,236.48,USD,FIXED_PRICE,9,0,,JP,zet_on,100.0,2026-08-16T23:08:20.000Z,,https://www.ebay.com/itm/407149756949?hash=item5ecc044215:g:hfgAAeSws4lqgkPX,https://i.ebayimg.com/images/g/hfgAAeSws4lqgkPX/s-l225.jpg
型号不明,35.0,OLYMPUS Digital Camera SH 25MR Red 16 Megapixels Optical 12.5x Zoom 3.0 inch Tou,Olympus,Lenses,Used,236.48,USD,FIXED_PRICE,9,0,,JP,zet_on,100.0,2026-08-16T23:08:18.000Z,,https://www.ebay.com/itm/407149756725?hash=item5ecc044135:g:YJwAAeSwO2lqgkMi,https://i.ebayimg.com/images/g/YJwAAeSwO2lqgkMi/s-l225.jpg
型号不明,35.0,Excellent condition Return Olympus Olympus Tele Converter TCON 17X Panasonic DMW,Olympus,Lenses,Used,237.37,USD,FIXED_PRICE,6,0,,JP,zeton_ec,100.0,2026-08-16T23:08:30.000Z,,https://www.ebay.com/itm/158195956994?hash=item24d536bd02:g:zioAAeSwgGdqgkQW,https://i.ebayimg.com/images/g/zioAAeSwgGdqgkQW/s-l225.jpg
型号不明,35.0,Lensbaby Composer Pro Sweet 50 For Olympus Four Thirds ( item),Olympus,Lenses,New,238.46,USD,FIXED_PRICE,5,0,,JP,zeton_ec,100.0,2026-08-16T23:08:29.000Z,,https://www.ebay.com/itm/158195956663?hash=item24d536bbb7:g:PMcAAeSwFU5qgkOp,https://i.ebayimg.com/images/g/PMcAAeSwFU5qgkOp/s-l225.jpg
型号不明,35.0,Excellent condition OLYMPUS E PL1 with 3 Lenses and Accessories,Olympus,Lenses,Used,238.46,USD,FIXED_PRICE,16,0,,JP,zet_on,100.0,2026-08-16T23:08:21.000Z,,https://www.ebay.com/itm/407149757001?hash=item5ecc044249:g:-IIAAeSwBclqgkQM,https://i.ebayimg.com/images/g/-IIAAeSwBclqgkQM/s-l225.jpg
型号不明,35.0,Excellent condition Return Olympus Olympus Digital 2X Tele Converter EC 20 Conve,Olympus,Lenses,Used,238.96,USD,FIXED_PRICE,6,0,,JP,zeton_ec,100.0,2026-08-16T23:08:30.000Z,,https://www.ebay.com/itm/158195956986?hash=item24d536bcfa:g:wjwAAeSw6z1qgkOl,https://i.ebayimg.com/images/g/wjwAAeSw6z1qgkOl/s-l225.jpg
型号不明,35.0,Excellent condition Return Olympus U TV0.63XC Microscope Camera Adapter e13371,Olympus,Lenses,Used,242.94,USD,FIXED_PRICE,6,0,,JP,zeton_ec,100.0,2026-08-16T23:08:30.000Z,,https://www.ebay.com/itm/158195956803?hash=item24d536bc43:g:32AAAeSw76lqgkQc,https://i.ebayimg.com/images/g/32AAAeSw76lqgkQc/s-l225.jpg
型号不明,35.0,CANON LENS EXTENDER EF2x II Used,Canon,Lenses,Used,245.84,USD,FIXED_PRICE,6,0,,JP,beecruise04,98.5,2026-08-16T20:39:54.000Z,,https://www.ebay.com/itm/318740309244?hash=item4a366724fc:g:is8AAeSwVhJqgiDS,https://i.ebayimg.com/images/g/is8AAeSwVhJqgiDS/s-l225.jpg
型号不明,35.0,OLYMPUS PEN mini E PM1 lens kit,Olympus,Lenses,Used,252.38,USD,FIXED_PRICE,6,0,,JP,zet_on,100.0,2026-08-16T23:08:24.000Z,,https://www.ebay.com/itm/407149757231?hash=item5ecc04432f:g:DnUAAeSwaJdqgkOg,https://i.ebayimg.com/images/g/DnUAAeSwaJdqgkOg/s-l225.jpg
型号不明,35.0,Olympus Ecru body only Shutter timer flash working OK Dust in viewfinder,Olympus,Lenses,Used,256.35,USD,FIXED_PRICE,5,0,,JP,zet_on,100.0,2026-08-16T23:08:23.000Z,,https://www.ebay.com/itm/407149757186?hash=item5ecc044302:g:cGAAAeSwBXxqgkOe,https://i.ebayimg.com/images/g/cGAAAeSwBXxqgkOe/s-l225.jpg
型号不明,35.0,Olympus PEN Lite E PL2 Transfer to smartphone Gold Mirrorless camera,Olympus,Lenses,Used,256.35,USD,FIXED_PRICE,7,0,,JP,zet_on,100.0,2026-08-16T23:08:20.000Z,,https://www.ebay.com/itm/407149756878?hash=item5ecc0441ce:g:tpEAAeSwHn1qgkQU,https://i.ebayimg.com/images/g/tpEAAeSwHn1qgkQU/s-l225.jpg
型号不明,35.0,OLYMPUS Microscope Objective Lens Set of 4,Olympus,Lenses,Used,258.34,USD,FIXED_PRICE,5,0,,JP,zet_on,100.0,2026-08-16T23:08:18.000Z,,https://www.ebay.com/itm/407149756755?hash=item5ecc044153:g:agAAAeSw4vtqgkMh,https://i.ebayimg.com/images/g/agAAAeSw4vtqgkMh/s-l225.jpg
型号不明,35.0,Good condition OLYMPUS SH 2 Silver with Charger ARYM6818 972,Olympus,Lenses,Used,264.29,USD,FIXED_PRICE,9,0,,JP,zet_on,100.0,2026-08-16T23:08:18.000Z,,https://www.ebay.com/itm/407149756730?hash=item5ecc04413a:g:npsAAeSwk71qgkOX,https://i.ebayimg.com/images/g/npsAAeSwk71qgkOX/s-l225.jpg
型号不明,35.0,1519 Good condition OLYMPUS Digital Camera STYLUS SH 60 White SH 60 WHT,Olympus,Lenses,Used,268.07,USD,FIXED_PRICE,9,0,,JP,zet_on,100.0,2026-08-16T23:08:19.000Z,,https://www.ebay.com/itm/407149756841?hash=item5ecc0441a9:g:AxUAAeSw0hNqgkNi,https://i.ebayimg.com/images/g/AxUAAeSw0hNqgkNi/s-l225.jpg
型号不明,35.0,OLYMPUS Tough TG 5 main unit,Olympus,Lenses,Used,268.27,USD,FIXED_PRICE,7,0,,JP,zet_on,100.0,2026-08-16T23:08:23.000Z,,https://www.ebay.com/itm/407149757143?hash=item5ecc0442d7:g:z8kAAeSwrJFqgkPX,https://i.ebayimg.com/images/g/z8kAAeSwrJFqgkPX/s-l225.jpg
型号不明,35.0,Good condition OLYMPUS STYLUS SH 1 white Optical 5 axis image stabilization Opti,Olympus,Lenses,Used,274.03,USD,FIXED_PRICE,9,0,,JP,zet_on,100.0,2026-08-16T23:08:24.000Z,,https://www.ebay.com/itm/407149757218?hash=item5ecc044322:g:y44AAeSwyedqgkOp,https://i.ebayimg.com/images/g/y44AAeSwyedqgkOp/s-l225.jpg
型号不明,35.0,white OLYMPUS PEN E PL5 emotional mirrorless with movable LCD,Olympus,Lenses,Used,274.22,USD,FIXED_PRICE,18,0,,JP,zet_on,100.0,2026-08-16T23:08:24.000Z,,https://www.ebay.com/itm/407149757212?hash=item5ecc04431c:g:o4gAAeSwinpqgkQZ,https://i.ebayimg.com/images/g/o4gAAeSwinpqgkQZ/s-l225.jpg
型号不明,35.0,bn 13 OLYMPUS Digital Camera CAMEDIA 10 DIGITAL Silver 3.2 Megapixels No Battery,Olympus,Lenses,Used,280.2,USD,FIXED_PRICE,1,0,,JP,zet_on,100.0,2026-08-16T23:08:21.000Z,,https://www.ebay.com/itm/407149757049?hash=item5ecc044279:g:0mMAAeSwd3dqgkPV,https://i.ebayimg.com/images/g/0mMAAeSwd3dqgkPV/s-l225.jpg
型号不明,35.0,OLYMPUS XZ 10 White Digital Camera Working Accessories,Olympus,Lenses,Used,286.15,USD,FIXED_PRICE,19,0,,JP,zet_on,100.0,2026-08-16T23:08:24.000Z,,https://www.ebay.com/itm/407149757245?hash=item5ecc04433d:g:g-AAAeSw1~NqgkQX,https://i.ebayimg.com/images/g/g-AAAeSw1~NqgkQX/s-l225.jpg
型号不明,35.0,Transfer to smartphone OLYMPUS PEN E PL6 Mirrorless Camera,Olympus,Lenses,Used,286.15,USD,FIXED_PRICE,9,0,,JP,zet_on,100.0,2026-08-16T23:08:24.000Z,,https://www.ebay.com/itm/407149757252?hash=item5ecc044344:g:qiwAAeSwJHdqgkPQ,https://i.ebayimg.com/images/g/qiwAAeSwJHdqgkPQ/s-l225.jpg
型号不明,35.0,Olympus PEN lite E PL7 transfer to smartphone,Olympus,Lenses,Used,286.15,USD,FIXED_PRICE,12,0,,JP,zet_on,100.0,2026-08-16T23:08:23.000Z,,https://www.ebay.com/itm/407149757167?hash=item5ecc0442ef:g:xH4AAeSwsnZqgkPa,https://i.ebayimg.com/images/g/xH4AAeSwsnZqgkPa/s-l225.jpg
型号不明,35.0,OLYMPUS PEN E P2 Pancake Lens Set Strap Please read profile,Olympus,Lenses,Used,286.15,USD,FIXED_PRICE,9,0,,JP,zet_on,100.0,2026-08-16T23:08:22.000Z,,https://www.ebay.com/itm/407149757113?hash=item5ecc0442b9:g:rOoAAeSwgIBqgkNh,https://i.ebayimg.com/images/g/rOoAAeSwgIBqgkNh/s-l225.jpg
型号不明,35.0,Used Excellent condition OLYMPUS Teleconverter TCON 17X,Olympus,Lenses,Used,290.86,USD,FIXED_PRICE,0,0,,JP,zeton_ec,100.0,2026-08-16T23:08:30.000Z,,https://www.ebay.com/itm/158195956984?hash=item24d536bcf8:g:sEsAAeSwCsZqgkMu,https://i.ebayimg.com/images/g/sEsAAeSwCsZqgkMu/s-l225.jpg
型号不明,35.0,OLYMPUS XA2 Electronic Flash A16 1472,Olympus,Lenses,Used,296.09,USD,FIXED_PRICE,16,0,,JP,zet_on,100.0,2026-08-16T23:08:24.000Z,,https://www.ebay.com/itm/407149757239?hash=item5ecc044337:g:4IEAAeSwNtZqgkMm,https://i.ebayimg.com/images/g/4IEAAeSwNtZqgkMm/s-l225.jpg
型号不明,35.0,Comes with 2 Zoom Lenses OLYMPUS E 300 Digital Single Lens Reflex Camera Body,Olympus,Lenses,Used,298.08,USD,FIXED_PRICE,16,0,,JP,zet_on,100.0,2026-08-16T23:08:26.000Z,,https://www.ebay.com/itm/407149757325?hash=item5ecc04438d:g:Zs4AAeSwO2lqgkOg,https://i.ebayimg.com/images/g/Zs4AAeSwO2lqgkOg/s-l225.jpg
型号不明,35.0,Used Excellent condition OLYMPUS Four Thirds Adapter MMF 3,Olympus,Lenses,Used,299.88,USD,FIXED_PRICE,1,0,,JP,zeton_ec,100.0,2026-08-16T23:08:30.000Z,,https://www.ebay.com/itm/158195957005?hash=item24d536bd0d:g:2uMAAeSwqhJqgkPf,https://i.ebayimg.com/images/g/2uMAAeSwqhJqgkPf/s-l225.jpg
型号不明,35.0,Excellent condition OLYMPUS PEN Lite E PL6 Double Zoom Kit with Cover,Olympus,Lenses,Used,302.06,USD,FIXED_PRICE,11,0,,JP,zet_on,100.0,2026-08-16T23:08:20.000Z,,https://www.ebay.com/itm/407149756944?hash=item5ecc044210:g:BTgAAeSwk3lqgkNj,https://i.ebayimg.com/images/g/BTgAAeSwk3lqgkNj/s-l225.jpg
型号不明,35.0,C311326) Olympus Objective Lens UPlanFL N 10 0.30 Ph1,Olympus,Lenses,Used,303.05,USD,FIXED_PRICE,7,0,,JP,zet_on,100.0,2026-08-16T23:08:21.000Z,,https://www.ebay.com/itm/407149756994?hash=item5ecc044242:g:2LsAAeSwvl9qgkOZ,https://i.ebayimg.com/images/g/2LsAAeSwvl9qgkOZ/s-l225.jpg
型号不明,35.0,OLYMPUS E PL6 Smartphone Transfer Image Stabilization Normal 80120,Olympus,Lenses,Used,306.03,USD,FIXED_PRICE,13,0,,JP,zet_on,100.0,2026-08-16T23:08:24.000Z,,https://www.ebay.com/itm/407149757215?hash=item5ecc04431f:g:rC4AAeSwxvxqgkNi,https://i.ebayimg.com/images/g/rC4AAeSwxvxqgkNi/s-l225.jpg
型号不明,35.0,Olympus Canon Camera Lens Filter Accessories and Other Set,Olympus,Lenses,Used,308.02,USD,FIXED_PRICE,18,0,,JP,zet_on,100.0,2026-08-16T23:08:20.000Z,,https://www.ebay.com/itm/407149756947?hash=item5ecc044213:g:x7IAAeSw4U1qgkOh,https://i.ebayimg.com/images/g/x7IAAeSw4U1qgkOh/s-l225.jpg
型号不明,35.0,Item with issues OLYMPUS Old Lens 6 piece Set,Olympus,Lenses,Used,310.73,USD,FIXED_PRICE,8,0,,JP,zeton_ec,100.0,2026-08-16T23:08:30.000Z,,https://www.ebay.com/itm/158195957027?hash=item24d536bd23:g:AaoAAeSwBidqgkNp,https://i.ebayimg.com/images/g/AaoAAeSwBidqgkNp/s-l225.jpg
型号不明,35.0,OLYMPUS Teleconversion Lens 1.7x for Digital Cameras TCON 17X,Olympus,Lenses,New,315.96,USD,FIXED_PRICE,9,0,,JP,zeton_ec,100.0,2026-08-16T23:08:29.000Z,,https://www.ebay.com/itm/158195956608?hash=item24d536bb80:g:3ykAAeSwRT9qgkPg,https://i.ebayimg.com/images/g/3ykAAeSwRT9qgkPg/s-l225.jpg
型号不明,35.0,Brand New Olympus OLYMPUS STYLUS SH 2 with SD,Olympus,Lenses,Used,315.96,USD,FIXED_PRICE,10,0,,JP,zet_on,100.0,2026-08-16T23:08:25.000Z,,https://www.ebay.com/itm/407149757314?hash=item5ecc044382:g:tlEAAeSwyJFqgkPU,https://i.ebayimg.com/images/g/tlEAAeSwyJFqgkPU/s-l225.jpg
型号不明,35.0,OLYMPUS E 620 Double Zoom Kit,Olympus,Lenses,Used,316.96,USD,FIXED_PRICE,14,0,,JP,zet_on,100.0,2026-08-16T23:08:18.000Z,,https://www.ebay.com/itm/407149756733?hash=item5ecc04413d:g:5x8AAeSwUrdqgkQR,https://i.ebayimg.com/images/g/5x8AAeSwUrdqgkQR/s-l225.jpg
型号不明,35.0,OLYMPUS Tough TG 4 Body and Accessories,Olympus,Lenses,Used,317.95,USD,FIXED_PRICE,5,0,,JP,zet_on,100.0,2026-08-16T23:08:17.000Z,,https://www.ebay.com/itm/407149756717?hash=item5ecc04412d:g:f4AAAeSwT0pqgkNc,https://i.ebayimg.com/images/g/f4AAAeSwT0pqgkNc/s-l225.jpg
型号不明,35.0,Tested and working OLYMPUS Tough TG 5 Body Velbon,Olympus,Lenses,Used,322.92,USD,FIXED_PRICE,10,0,,JP,zet_on,100.0,2026-08-16T23:08:17.000Z,,https://www.ebay.com/itm/407149756705?hash=item5ecc044121:g:rbIAAeSwtBlqgkPM,https://i.ebayimg.com/images/g/rbIAAeSwtBlqgkPM/s-l225.jpg
型号不明,35.0,Nikon COOLPIX P6000 Compact Digital Camera with GPS and Hot Shoe,Nikon,Lenses,Used,330.82,USD,"FIXED_PRICE,BEST_OFFER",7,0,,JP,martake53,98.5,2026-08-16T14:43:41.000Z,,https://www.ebay.com/itm/168618140648?hash=item27426ca3e8:g:TpIAAeSwdh5qgc0c,https://i.ebayimg.com/images/g/TpIAAeSwdh5qgc0c/s-l225.jpg
型号不明,35.0,OLYMPUS PEN Lite E PL6 Double Lens Kit,Olympus,Lenses,Used,332.86,USD,FIXED_PRICE,5,0,,JP,zet_on,100.0,2026-08-16T23:08:21.000Z,,https://www.ebay.com/itm/407149757029?hash=item5ecc044265:g:9BMAAeSwlC5qgkQU,https://i.ebayimg.com/images/g/9BMAAeSwlC5qgkQU/s-l225.jpg
型号不明,35.0,Cosmetic with original box Excellent condition OLYMPUS Olympus ultra wide zoom l,Olympus,Lenses,Used,336.02,USD,FIXED_PRICE,7,0,,JP,zeton_ec,100.0,2026-08-16T23:08:29.000Z,,https://www.ebay.com/itm/158195956569?hash=item24d536bb59:g:o30AAeSwyudqgkPX,https://i.ebayimg.com/images/g/o30AAeSwyudqgkPX/s-l225.jpg
型号不明,35.0,(JT2608) OLYMPUS SWTLU C Lens unit MADE IN JAPAN Used All photos are of the actu,Olympus,Lenses,Used,337.82,USD,FIXED_PRICE,8,0,,JP,zeton_ec,100.0,2026-08-16T23:08:31.000Z,,https://www.ebay.com/itm/158195957204?hash=item24d536bdd4:g:AdoAAeSw-wlqgkOo,https://i.ebayimg.com/images/g/AdoAAeSw-wlqgkOo/s-l225.jpg
型号不明,35.0,OLYMPUS SH 60 Digital Camera Body,Olympus,Lenses,Used,337.82,USD,FIXED_PRICE,1,0,,JP,zet_on,100.0,2026-08-16T23:08:17.000Z,,https://www.ebay.com/itm/407149756698?hash=item5ecc04411a:g:1Q0AAeSwbqVqgkNi,https://i.ebayimg.com/images/g/1Q0AAeSwbqVqgkNi/s-l225.jpg
型号不明,35.0,Tested and working Includes Guidebook OLYMPUS E PL7 Mirrorless Camera,Olympus,Lenses,Used,355.71,USD,FIXED_PRICE,5,0,,JP,zet_on,100.0,2026-08-16T23:08:20.000Z,,https://www.ebay.com/itm/407149756932?hash=item5ecc044204:g:g74AAeSw1~NqgkQQ,https://i.ebayimg.com/images/g/g74AAeSw1~NqgkQQ/s-l225.jpg
型号不明,35.0,Super excellent condition Olympus STYLUS XZ 2 with many accessories,Olympus,Lenses,Used,357.7,USD,FIXED_PRICE,8,0,,JP,zet_on,100.0,2026-08-16T23:08:24.000Z,,https://www.ebay.com/itm/407149757230?hash=item5ecc04432e:g:5bUAAeSwOcNqgkPW,https://i.ebayimg.com/images/g/5bUAAeSwOcNqgkPW/s-l225.jpg
型号不明,35.0,OLYMPUS PEN Lite E PL7 mirrorless camera body,Olympus,Lenses,Used,357.7,USD,FIXED_PRICE,5,0,,JP,zet_on,100.0,2026-08-16T23:08:23.000Z,,https://www.ebay.com/itm/407149757203?hash=item5ecc044313:g:EdUAAeSwaJdqgkQd,https://i.ebayimg.com/images/g/EdUAAeSwaJdqgkQd/s-l225.jpg
型号不明,35.0,OLYMPUS PEN E PL6 Double Zoom Kit White,Olympus,Lenses,Used,357.7,USD,FIXED_PRICE,11,0,,JP,zet_on,100.0,2026-08-16T23:08:17.000Z,,https://www.ebay.com/itm/407149756703?hash=item5ecc04411f:g:148AAeSwX0ZqgkNc,https://i.ebayimg.com/images/g/148AAeSwX0ZqgkNc/s-l225.jpg
型号不明,35.0,OLYMPUS STYLUS XZ 2 Body,Olympus,Lenses,Used,357.7,USD,FIXED_PRICE,8,0,,JP,zet_on,100.0,2026-08-16T23:08:17.000Z,,https://www.ebay.com/itm/407149756719?hash=item5ecc04412f:g:-XQAAeSwrKZqgkPc,https://i.ebayimg.com/images/g/-XQAAeSwrKZqgkPc/s-l225.jpg
型号不明,35.0,Used Olympus Camera Lens,Olympus,Lenses,Used,370.93,USD,FIXED_PRICE,3,0,,JP,zet_on,100.0,2026-08-16T23:08:17.000Z,,https://www.ebay.com/itm/407149756702?hash=item5ecc04411e:g:sfgAAeSwxvxqgkQK,https://i.ebayimg.com/images/g/sfgAAeSwxvxqgkQK/s-l225.jpg
型号不明,35.0,Excellent condition OLYMPUS Olympus waterproof protector PT EP08 for underwater,Olympus,Lenses,Used,375.58,USD,FIXED_PRICE,9,0,,JP,zeton_ec,100.0,2026-08-16T23:08:29.000Z,,https://www.ebay.com/itm/158195956514?hash=item24d536bb22:g:qQAAAeSw5UJqgkMu,https://i.ebayimg.com/images/g/qQAAAeSw5UJqgkMu/s-l225.jpg
型号不明,35.0,OLYMPUS PEN E PL9 Body Lens Kit,Olympus,Lenses,Used,377.57,USD,FIXED_PRICE,12,0,,JP,zet_on,100.0,2026-08-16T23:08:19.000Z,,https://www.ebay.com/itm/407149756847?hash=item5ecc0441af:g:5G8AAeSwbqVqgkUL,https://i.ebayimg.com/images/g/5G8AAeSwbqVqgkUL/s-l225.jpg
型号不明,35.0,Excellent condition OLYMPUS PRO EP01 Waterproof Lens Port,Olympus,Lenses,Used,381.55,USD,FIXED_PRICE,9,0,,JP,zet_on,100.0,2026-08-16T23:08:22.000Z,,https://www.ebay.com/itm/407149757118?hash=item5ecc0442be:g:vJ8AAeSwY5dqgkNg,https://i.ebayimg.com/images/g/vJ8AAeSwY5dqgkNg/s-l225.jpg
型号不明,35.0,AE 1 Canon Film Cameras,Canon,Film Cameras,Used,501.95,USD,"FIXED_PRICE,BEST_OFFER",6,0,,JP,manmaru42,100.0,2026-08-16T14:36:43.000Z,,https://www.ebay.com/itm/398292473660?hash=item5cbc14d73c:g:ph0AAeSw8vxqgct0,https://i.ebayimg.com/images/g/ph0AAeSw8vxqgct0/s-l225.jpg
型号不明,35.0,FUJIFILM XF23mm F1.4 R -Near Mint- 9027,Fujifilm,Lenses,Used,625.23,USD,FIXED_PRICE,2,0,good-cond,JP,kitamura_camera,100.0,2026-08-16T15:27:18.000Z,,https://www.ebay.com/itm/820010077421?hash=itembeec68cced:g:dGUAAeSwzadqgtKr,https://i.ebayimg.com/images/g/dGUAAeSwzadqgtKr/s-l225.jpg
型号不明,35.0,FUJIFILM XF23mm F1.4 R -Near Mint- 3068,Fujifilm,Lenses,Used,625.23,USD,FIXED_PRICE,2,0,good-cond,JP,kitamura_camera,100.0,2026-08-16T15:27:18.000Z,,https://www.ebay.com/itm/820010077427?hash=itembeec68ccf3:g:Wy4AAeSwWhdqgtVe,https://i.ebayimg.com/images/g/Wy4AAeSwWhdqgtVe/s-l225.jpg
残件/按现状,35.0,as is Excellent condition With original box Canon AF 514XL S 8mm,Canon,Film Cameras,Used,678.78,USD,"FIXED_PRICE,BEST_OFFER",13,0,as-is,JP,manmaru42,100.0,2026-08-16T14:36:43.000Z,,https://www.ebay.com/itm/398292473648?hash=item5cbc14d730:g:OnIAAeSw9jhqgcu6,https://i.ebayimg.com/images/g/OnIAAeSw9jhqgcu6/s-l225.jpg
型号不明,35.0,1950s Canon Rangefinder Lens Set Excellent Condition,Canon,Film Cameras,Used,764.34,USD,"FIXED_PRICE,BEST_OFFER",16,0,,JP,manmaru42,100.0,2026-08-16T14:36:43.000Z,,https://www.ebay.com/itm/398292473656?hash=item5cbc14d738:g:UxsAAeSwMwFqgcxh,https://i.ebayimg.com/images/g/UxsAAeSwMwFqgcxh/s-l225.jpg
型号不明,35.0,Canon P Black,Canon,Film Cameras,Used,878.42,USD,"FIXED_PRICE,BEST_OFFER",12,0,,JP,manmaru42,100.0,2026-08-16T14:36:43.000Z,,https://www.ebay.com/itm/398292473680?hash=item5cbc14d750:g:N5cAAeSw9jhqgct1,https://i.ebayimg.com/images/g/N5cAAeSw9jhqgct1/s-l225.jpg
型号不明,35.0,⏯️ S3 Repainted Blue [ALMOST UNUSED] Nikon Rangefinder Film Camera Body JAPAN,Nikon,Film Cameras,Used,899.99,USD,"FIXED_PRICE,BEST_OFFER",19,0,,JP,tomooka_49,99.8,2026-08-16T22:50:07.000Z,,https://www.ebay.com/itm/158195936236?hash=item24d5366bec:g:hPAAAeSweFVqA9rd,https://i.ebayimg.com/images/g/hPAAAeSweFVqA9rd/s-l225.jpg
型号不明,35.0,FUJIFILM GF50mm F3.5 R LM WR for Fujifilm G mount -Mint- 9216,Fujifilm,Lenses,Used,1007.54,USD,FIXED_PRICE,2,0,good-cond,JP,kitamura_camera,100.0,2026-08-16T15:27:17.000Z,,https://www.ebay.com/itm/820010077305?hash=itembeec68cc79:g:Ht4AAeSwpEtqgtJz,https://i.ebayimg.com/images/g/Ht4AAeSwpEtqgtJz/s-l225.jpg
型号不明,35.0,Leica Leitz Summarit 5cm f1.5 184515,Leica,Lenses,Used,1394.86,USD,FIXED_PRICE,6,0,,JP,digree_japan,99.7,2026-08-16T15:20:49.000Z,,https://www.ebay.com/itm/307129884909?hash=item47825e20ed:g:5kEAAeSw5rdqgwOs,https://i.ebayimg.com/images/g/5kEAAeSw5rdqgwOs/s-l225.jpg
残件/按现状,34.0,Sony Cybershot Camera 12.1MP- Untested,Sony,Digital Cameras,Used,60.92,USD,FIXED_PRICE,14,0,as-is;underpriced(med 238),GB,one_mans_trash_1989,100.0,2026-08-16T13:07:43.000Z,,https://www.ebay.com/itm/298592911052?hash=item4585863ecc:g:cXsAAeSwNtZqgbWy,https://i.ebayimg.com/images/g/cXsAAeSwNtZqgbWy/s-l225.jpg
残件/按现状,34.0,Sony Cybershot DSC-W560 Purple + SD card 4GB Faulty,Sony,Digital Cameras,For parts or not working,67.68,USD,"FIXED_PRICE,BEST_OFFER",3,0,underpriced(med 238),GB,ncg2005,100.0,2026-08-16T11:40:33.000Z,,https://www.ebay.com/itm/298592746849?hash=item458583bd61:g:tIQAAeSw3t1qHAlC,https://i.ebayimg.com/images/g/tIQAAeSw3t1qHAlC/s-l225.jpg
残件/按现状,34.0,"Seagull DF-300A - Vintage Film Camera with Lens, Untested",Seagull,Vintage Cameras,For parts or not working,70.84,USD,FIXED_PRICE,6,0,as-is,AU,debiasnz,99.6,2026-08-17T10:44:12.000Z,,https://www.ebay.com/itm/287530298307?hash=item42f2242bc3:g:84gAAeSw3EVqguPM,https://i.ebayimg.com/images/g/84gAAeSw3EVqguPM/s-l225.jpg
残件/按现状,34.0,Polaroid SX-70 Model 2 Land Camera With Box - Untested,Polaroid,Vintage Cameras,,100.9,USD,"FIXED_PRICE,BEST_OFFER",12,0,as-is,CA,thefehrs08,100.0,2026-08-17T02:29:24.000Z,,https://www.ebay.com/itm/227478974739?hash=item34f6cdb113:g:89sAAeSwBXxqfRzD,https://i.ebayimg.com/images/g/89sAAeSwBXxqfRzD/s-l225.jpg
型号不明,34.0,Heine Dermaphot Lens Macro Skin Lens Fixed Focal Length (Canon EF),Canon,Lenses,Used,254.46,USD,"FIXED_PRICE,BEST_OFFER",4,0,mount:canon ef,DE,easybuyshop,99.9,2026-08-16T05:26:47.000Z,,https://www.ebay.com/itm/820008361413?hash=itembeec4e9dc5:g:2bEAAeSwH-NqgTAX,https://i.ebayimg.com/images/g/2bEAAeSwH-NqgTAX/s-l225.jpg
残件/按现状,33.0,Canon P Rangefinder - Chrome - Has Light Issues / Needs CLA - Excellent Shape,Canon,Film Cameras,For parts or not working,0.0,USD,"AUCTION,BEST_OFFER",7,0,auction;low-feedback,US,cnhirciksels1,94.7,2026-08-16T18:29:26.000Z,2026-08-21T18:29:26.000Z,https://www.ebay.com/itm/278286945257?hash=item40cb31cbe9:g:SooAAeSw3C1qgf9n,https://i.ebayimg.com/images/g/SooAAeSw3C1qgf9n/s-l225.jpg
型号不明,33.0,Series 1 Vivitar 340 Series 1,Vivitar,Lenses,New,30.0,USD,"FIXED_PRICE,BEST_OFFER",4,0,,US,lisalei33,100.0,2026-08-16T14:46:49.000Z,,https://www.ebay.com/itm/307129797640?hash=item47825ccc08:g:jlUAAeSwaRZqgceU,https://i.ebayimg.com/images/g/jlUAAeSwaRZqgceU/s-l225.jpg
型号不明,33.0,Vintage Kodak Anastigmat 6⅜” F/4.5 Lens No. 3 Supermatic Shutter Large Format,Kodak,Vintage Lenses,,85.0,USD,"FIXED_PRICE,BEST_OFFER",4,0,,US,grabbitnow,99.8,2026-08-17T02:50:18.000Z,,https://www.ebay.com/itm/307130705201?hash=item47826aa531:g:LKYAAeSwEHxqMpF7,https://i.ebayimg.com/images/g/LKYAAeSwEHxqMpF7/s-l225.jpg
型号不明,33.0,"Antique Vintage Eastman Kodak Automatic Lens Shutter May 7, 1907 Lens",Kodak,Vintage Lenses,,99.99,USD,"FIXED_PRICE,BEST_OFFER",13,0,,US,joey_deals585,100.0,2026-08-16T21:52:34.000Z,,https://www.ebay.com/itm/366609893310?hash=item555ba707be:g:M6cAAeSw2SRqgjA6,https://i.ebayimg.com/images/g/M6cAAeSw2SRqgjA6/s-l225.jpg
打包杂件,33.0,Vintage Nikon Coolpix Bundle,Nikon,Digital Cameras,Used,111.0,USD,"FIXED_PRICE,BEST_OFFER",9,0,,US,tra_732178,100.0,2026-08-16T22:07:42.000Z,,https://www.ebay.com/itm/178414396305?hash=item298a53a391:g:Yd8AAeSwT4dqgjKD,https://i.ebayimg.com/images/g/Yd8AAeSwT4dqgjKD/s-l225.jpg
打包杂件,33.0,Nikon Coolpix S6100 16.0MP Digital Camera - Silver - TESTED & WORKING Bundle,Nikon,Digital Cameras,Used,143.0,USD,"FIXED_PRICE,BEST_OFFER",7,0,,US,caskirc_40,100.0,2026-08-16T22:56:41.000Z,,https://www.ebay.com/itm/407149746294?hash=item5ecc041876:g:mioAAeSwqhJqgj08,https://i.ebayimg.com/images/g/mioAAeSwqhJqgj08/s-l225.jpg
残件/按现状,33.0,"Nikon D600 24.3MP Digital SLR Camera Body, Inoperable #063",Nikon,Digital Cameras,For parts or not working,149.31,USD,"FIXED_PRICE,BEST_OFFER",5,0,,US,robertscamera,99.8,2026-08-16T17:55:04.000Z,,https://www.ebay.com/itm/206495927810?hash=item30141dce02:g:~l0AAeSwQCppzTcf,https://i.ebayimg.com/images/g/~l0AAeSwQCppzTcf/s-l225.jpg
打包杂件,33.0,Nikon COOLPIX S4100 Digital Camera with 14.0 MP 5X Optical Zoom - Bundle Tested,Nikon,Digital Cameras,Used,149.99,USD,FIXED_PRICE,16,0,,US,estatefindsct2013,100.0,2026-08-16T16:14:14.000Z,,https://www.ebay.com/itm/137628481031?hash=item200b4bf607:g:wUwAAeSwSLlqgeHD,https://i.ebayimg.com/images/g/wUwAAeSwSLlqgeHD/s-l225.jpg
打包杂件,33.0,Nikon Coolpix S4300 Plum 6x Zoom Camera w/ Box Charger Bundle,Nikon,Digital Cameras,Open box,150.0,USD,FIXED_PRICE,5,0,,US,scooby662,99.7,2026-08-16T20:03:56.000Z,,https://www.ebay.com/itm/407149531682?hash=item5ecc00d222:g:btwAAeSwB7tqghbT,https://i.ebayimg.com/images/g/btwAAeSwB7tqghbT/s-l225.jpg
型号不明,33.0,SIGMA lenses Used,Sigma,Lenses,Used,224.67,USD,FIXED_PRICE,6,0,,JP,beecruise04,98.5,2026-08-16T20:39:49.000Z,,https://www.ebay.com/itm/318740309139?hash=item4a36672493:g:pawAAeSws3NqgiEJ,https://i.ebayimg.com/images/g/pawAAeSws3NqgiEJ/s-l225.jpg
残件/按现状;打包杂件,31.0,PREOWNED/UNTESTED/PARTS Lot Polaroid Land Camera Model 80 95A ARGUS BELL HOWELL,Polaroid,Vintage Cameras,,0.0,USD,AUCTION,12,0,as-is;auction,US,rosytozy,99.5,2026-08-17T13:06:51.000Z,2026-08-24T13:06:51.000Z,https://www.ebay.com/itm/206498032029?hash=item30143de99d:g:7CYAAeSwBO5qgwcI,https://i.ebayimg.com/images/g/7CYAAeSwBO5qgwcI/s-l225.jpg
残件/按现状,31.0,Vintage Polaroid Speedliner Land Camera Model 95A UNTESTED,Polaroid,Vintage Cameras,,0.0,USD,AUCTION,5,0,as-is;auction,US,cookeam,100.0,2026-08-17T03:00:01.000Z,2026-08-24T03:00:01.000Z,https://www.ebay.com/itm/158196087031?hash=item24d538b8f7:g:WqEAAeSwsqlqgk9T,https://i.ebayimg.com/images/g/WqEAAeSwsqlqgk9T/s-l225.jpg
残件/按现状,31.0,Ansco Super Memar Rangefinder Camera Agfa Lens Not Tested,Agfa,Film Cameras,For parts or not working,0.0,USD,AUCTION,3,0,auction,US,northeastestatefinds8,100.0,2026-08-17T01:00:01.000Z,2026-08-24T01:00:01.000Z,https://www.ebay.com/itm/820011311778?hash=itembeec7ba2a2:g:TYcAAeSwWUhqgjDT,https://i.ebayimg.com/images/g/TYcAAeSwWUhqgjDT/s-l225.jpg
打包杂件,31.0,Polaroid VINTAGE Lot Vintage Cameras One Step Shooter Land Camera,Polaroid,Vintage Cameras,,0.0,USD,"AUCTION,BEST_OFFER",6,0,auction,US,conwayfan22,100.0,2026-08-16T22:31:07.000Z,2026-08-23T22:31:07.000Z,https://www.ebay.com/itm/198576041215?hash=item2e3c0decff:g:UMYAAeSwS4pqgjlI,https://i.ebayimg.com/images/g/UMYAAeSwS4pqgjlI/s-l225.jpg
残件/按现状,31.0,Polaroid Big Shot Portrait Land Camera Warhol Broken Shutter Lever Read Works,Polaroid,Vintage Cameras,,0.0,USD,AUCTION,10,0,as-is;auction,US,crdkpr,100.0,2026-08-16T22:21:38.000Z,2026-08-23T22:21:38.000Z,https://www.ebay.com/itm/158195861746?hash=item24d53548f2:g:VgQAAeSwLKlqgjeZ,https://i.ebayimg.com/images/g/VgQAAeSwLKlqgjeZ/s-l225.jpg
型号不明,31.0,MINOLTA AF 75-300 AF ZOOM 1.5m/4.9 ft MACRO LENS 1.5m 4.9ft,Minolta,Lenses,Used,0.0,USD,"AUCTION,BEST_OFFER",5,0,auction,US,toddconst,100.0,2026-08-16T21:27:49.000Z,2026-08-23T21:27:49.000Z,https://www.ebay.com/itm/287529248816?hash=item42f2142830:g:mAEAAeSwAxBp3qOb,https://i.ebayimg.com/images/g/mAEAAeSwAxBp3qOb/s-l225.jpg
残件/按现状,31.0,Polaroid 660 Land Camera Autofocus with strap~Instant Photos-vtg untested-As Is,Polaroid,Vintage Cameras,,0.0,USD,AUCTION,5,0,as-is;auction,US,scsm-9877,100.0,2026-08-16T19:50:46.000Z,2026-08-21T19:50:46.000Z,https://www.ebay.com/itm/800519564784?hash=itemba62af2df0:g:KJIAAeSwj-VqghKL,https://i.ebayimg.com/images/g/KJIAAeSwj-VqghKL/s-l225.jpg
残件/按现状,31.0,Vintage Polaroid SX-70 Land Camera with Leather Case / Strap UNTESTED,Polaroid,Vintage Cameras,,0.0,USD,AUCTION,6,0,as-is;auction,US,10npit,100.0,2026-08-16T17:09:05.000Z,2026-08-26T17:09:05.000Z,https://www.ebay.com/itm/298593405507?hash=item45858dca43:g:MCoAAeSwtEFqge51,https://i.ebayimg.com/images/g/MCoAAeSwtEFqge51/s-l225.jpg
型号不明,31.0,Vintage Savoy Camera Mint Seafoam Green Mid Century Atomic Logo,,Vintage Cameras,,27.3,USD,"FIXED_PRICE,BEST_OFFER",11,0,good-cond,US,clonetrooper99,100.0,2026-08-17T12:24:10.000Z,,https://www.ebay.com/itm/307131475310?hash=item478276656e:g:Aw4AAeSwkUtpa8vb,https://i.ebayimg.com/images/g/Aw4AAeSwkUtpa8vb/s-l225.jpg
型号不明,31.0,WOW MINT Chrome Vintage 1937 Ansco B-2 Cadet Box Camera-Collector Grade works,,Vintage Cameras,,28.0,USD,"FIXED_PRICE,BEST_OFFER",14,0,good-cond,US,wtanner4,99.9,2026-08-17T02:07:24.000Z,,https://www.ebay.com/itm/168619278110?hash=item27427dff1e:g:SPIAAeSwxxdqgmyQ,https://i.ebayimg.com/images/g/SPIAAeSwxxdqgmyQ/s-l225.jpg
型号不明,31.0,Vintage Le Clic Camera Easy Point N Shoot/ 3 Sizes / LC250 EV Camera NIB,,Vintage Cameras,,39.0,USD,"FIXED_PRICE,BEST_OFFER",5,0,good-cond,US,bluemoonvault,99.5,2026-08-16T07:35:00.000Z,,https://www.ebay.com/itm/137627109586?hash=item200b3708d2:g:-AEAAOSwWHNnLmQt,https://i.ebayimg.com/images/g/-AEAAOSwWHNnLmQt/s-l225.jpg
型号不明,31.0,Diana Mini Film Camera NEW UNUSED NEAR MINT,,Film Cameras,New,55.0,USD,"FIXED_PRICE,BEST_OFFER",6,0,good-cond,US,hobbsthedog08,100.0,2026-08-17T03:08:11.000Z,,https://www.ebay.com/itm/327313968077?hash=item4c356ecbcd:g:oZYAAeSwuvdqgnru,https://i.ebayimg.com/images/g/oZYAAeSwuvdqgnru/s-l225.jpg
残件/按现状,31.0,【AS IS】 SONY Handycam CCD-TRV126 20x battery FromJapan #am9382,Sony,Camcorders,For parts or not working,98.16,USD,FIXED_PRICE,4,0,as-is,JP,somtom_9,99.3,2026-08-17T02:13:57.000Z,,https://www.ebay.com/itm/188804354639?hash=item2bf59dd24f:g:5OEAAeSwXyBqgm-I,https://i.ebayimg.com/images/g/5OEAAeSwXyBqgm-I/s-l225.jpg
打包杂件,31.0,Sony CCD-TR94 Video8 Handycam Camcorder Bundle Tested,Sony,Camcorders,Used,100.0,USD,"FIXED_PRICE,AUCTION",18,0,auction,US,pecan4,100.0,2026-08-16T16:11:55.000Z,2026-08-21T16:11:55.000Z,https://www.ebay.com/itm/168618292168?hash=item27426ef3c8:g:yzMAAeSw-zVqgeAi,https://i.ebayimg.com/images/g/yzMAAeSw-zVqgeAi/s-l225.jpg
型号不明,31.0,Kenko Tokina lenses Used,Tokina,Lenses,Used,118.83,USD,FIXED_PRICE,5,0,,JP,beecruise04,98.5,2026-08-16T20:39:58.000Z,,https://www.ebay.com/itm/318740309366?hash=item4a36672576:g:4BIAAeSwVnNqgiEI,https://i.ebayimg.com/images/g/4BIAAeSwVnNqgiEI/s-l225.jpg
型号不明,31.0,Nikon AF-S Teleconverter TC-20Eii,Nikon,Lenses,Used,169.0,USD,"FIXED_PRICE,BEST_OFFER",1,0,,US,nikongearfrombob,0.0,2026-08-16T13:00:01.000Z,,https://www.ebay.com/itm/377421231352?hash=item57e00ef4f8:g:AMgAAeSwyudqgMFi,https://i.ebayimg.com/images/g/AMgAAeSwyudqgMFi/s-l225.jpg
型号不明,31.0,Nikon AF-S Teleconverter TC-20E III *USED*,Nikon,Lenses,Used,175.0,USD,"FIXED_PRICE,BEST_OFFER",6,0,,US,jb10235,100.0,2026-08-16T14:50:04.000Z,,https://www.ebay.com/itm/128029561189?hash=item1dcf281165:g:VV0AAeSwyudqgc3I,https://i.ebayimg.com/images/g/VV0AAeSwyudqgc3I/s-l225.jpg
打包杂件,31.0,"📸BUNDLE 📸Canon 75-200 4.4, vivitar 52 mm 2.8. 50mm 1.8, adapter",Canon,Lenses,Used,200.0,USD,"FIXED_PRICE,BEST_OFFER",7,0,,US,a.leigh87,0.0,2026-08-16T14:09:50.000Z,,https://www.ebay.com/itm/137622632883?hash=item200af2b9b3:g:ISsAAeSwa2dqf8eb,https://i.ebayimg.com/images/g/ISsAAeSwa2dqf8eb/s-l225.jpg
打包杂件,31.0,Fluke 179 Multimeter Sony Mavica Camera Kodak Film Electronics Mixed Estate Lot,Sony,Vintage Cameras,Used,274.99,USD,"FIXED_PRICE,BEST_OFFER",19,0,,US,avcollective,100.0,2026-08-17T01:30:46.000Z,,https://www.ebay.com/itm/287529546703?hash=item42f218b3cf:g:ShwAAeSw1clqgl5G,https://i.ebayimg.com/images/g/ShwAAeSw1clqgl5G/s-l225.jpg
型号不明,31.0,Pentax 1.4x HD Pentax-DA AF Rear Converter AW #253,Pentax,Lenses,Excellent - Refurbished,278.2,USD,"FIXED_PRICE,BEST_OFFER",6,0,,US,robertscamera,99.8,2026-08-16T18:44:58.000Z,,https://www.ebay.com/itm/407149438541?hash=item5ecbff664d:g:GvcAAeSwcflqggUk,https://i.ebayimg.com/images/g/GvcAAeSwcflqggUk/s-l225.jpg
型号不明,31.0,Sigma TELE CONVERTER TC-2001 for Nikon F #0002,Sigma,Lenses,Used,282.0,USD,FIXED_PRICE,9,0,mount:nikon f,JP,step-f,98.6,2026-08-17T00:15:24.000Z,,https://www.ebay.com/itm/820011724905?hash=itembeec81f069:g:ZQsAAeSw8TRqglPF,https://i.ebayimg.com/images/g/ZQsAAeSw8TRqglPF/s-l225.jpg
型号不明,31.0,Sigma TELE CONVERTER TC-2001 for Nikon F #0001,Sigma,Lenses,Used,282.0,USD,FIXED_PRICE,5,0,mount:nikon f,JP,step-f,98.6,2026-08-17T00:15:24.000Z,,https://www.ebay.com/itm/820011724917?hash=itembeec81f075:g:ZzkAAeSwaRZqglNT,https://i.ebayimg.com/images/g/ZzkAAeSwaRZqglNT/s-l225.jpg
型号不明,31.0,Limited Edition Stranger Things Polaroid & Film [New in Box],Polaroid,Vintage Cameras,,300.0,USD,"FIXED_PRICE,BEST_OFFER",5,0,,US,artistinaambulance,100.0,2026-08-16T14:59:53.000Z,,https://www.ebay.com/itm/278286476347?hash=item40cb2aa43b:g:aUIAAeSwPZVqgR4R,https://i.ebayimg.com/images/g/aUIAAeSwPZVqgR4R/s-l225.jpg
残件/按现状,31.0,VINTAGE POLAROID 190 LAND CAMERA RARE - NO COVER - UNTESTED,Polaroid,Vintage Cameras,,349.99,USD,FIXED_PRICE,10,0,as-is,US,leaveit2usthree,100.0,2026-08-16T20:34:53.000Z,,https://www.ebay.com/itm/318740303002?hash=item4a36670c9a:g:nwAAAeSw~uRqgh2m,https://i.ebayimg.com/images/g/nwAAAeSw~uRqgh2m/s-l225.jpg
残件/按现状,31.0,Used Fujifilm 35mm f/1.4 R Lens - SEE DESCRIPTION,Fujifilm,Lenses,Used,350.0,USD,"FIXED_PRICE,BEST_OFFER",3,0,,US,ant_jenna,100.0,2026-08-17T00:01:48.000Z,,https://www.ebay.com/itm/336746124452?hash=item4e67a214a4:g:4iEAAeSwyudqgk53,https://i.ebayimg.com/images/g/4iEAAeSwyudqgk53/s-l225.jpg
型号不明,31.0,OLYMPUS M.ZUIKO D 75 300 F4.8 6.7 ED II AB,Olympus,Lenses,Used,401.21,USD,FIXED_PRICE,6,0,mount:olympus om,JP,zeton_ec,100.0,2026-08-16T23:08:29.000Z,,https://www.ebay.com/itm/158195956535?hash=item24d536bb37:g:wUcAAeSwXI1qgkNo,https://i.ebayimg.com/images/g/wUcAAeSwXI1qgkNo/s-l225.jpg
型号不明,31.0,Nikon NIKKOR-S C 5cm F1.4 286772,Nikon,Lenses,Used,402.39,USD,FIXED_PRICE,9,0,mount:nikon f,JP,digree_japan,99.7,2026-08-16T15:58:32.000Z,,https://www.ebay.com/itm/307129958569?hash=item47825f40a9:g:7e0AAeSwiodqgd6n,https://i.ebayimg.com/images/g/7e0AAeSwiodqgd6n/s-l225.jpg
型号不明,31.0,Olympus M ZUIKO DIGITAL 14 150 f4.0 5.6 ED II,Olympus,Lenses,Used,407.38,USD,FIXED_PRICE,9,0,mount:olympus om,JP,zeton_ec,100.0,2026-08-16T23:08:29.000Z,,https://www.ebay.com/itm/158195956692?hash=item24d536bbd4:g:XiUAAeSwFkJqgkNs,https://i.ebayimg.com/images/g/XiUAAeSwFkJqgkNs/s-l225.jpg
型号不明,31.0,Excellent condition OLYMPUS M.ZUIKO DIGITAL ED 14 150mmF4.0 5.6II EZ M14150F4.0,Olympus,Lenses,Used,411.04,USD,FIXED_PRICE,9,0,mount:olympus om,JP,zeton_ec,100.0,2026-08-16T23:08:30.000Z,,https://www.ebay.com/itm/158195956865?hash=item24d536bc81:g:4OoAAeSwOcNqgkNp,https://i.ebayimg.com/images/g/4OoAAeSwOcNqgkNp/s-l225.jpg
型号不明,31.0,Canon EF85mm F1.8 USM Prime Lens EF Mount Immediate Shipping,Canon,Lenses,Used,449.99,USD,FIXED_PRICE,0,0,mount:canon ef,JP,info_tanikawa,97.8,2026-08-16T17:51:01.000Z,,https://www.ebay.com/itm/227478548579?hash=item34f6c73063:g:JvwAAeSw8fBqY7Vg,https://i.ebayimg.com/images/g/JvwAAeSw8fBqY7Vg/s-l225.jpg
型号不明,31.0,OLYMPUS OM D E M10 Body Zoom Lens Kit,Olympus,Lenses,Used,457.06,USD,FIXED_PRICE,8,0,mount:olympus om,JP,zet_on,100.0,2026-08-16T23:08:18.000Z,,https://www.ebay.com/itm/407149756736?hash=item5ecc044140:g:pqAAAeSwjZxqgkOX,https://i.ebayimg.com/images/g/pqAAAeSwjZxqgkOX/s-l225.jpg
型号不明,31.0,Fujifilm Lens Fujinon XF23mmF2 R WR Black Used,Fujifilm,Lenses,Used,457.53,USD,FIXED_PRICE,4,0,mount:fuji x,JP,beecruise04,98.5,2026-08-16T20:39:54.000Z,,https://www.ebay.com/itm/318740309233?hash=item4a366724f1:g:ySoAAeSwHn1qgiFF,https://i.ebayimg.com/images/g/ySoAAeSwHn1qgiFF/s-l225.jpg
型号不明,31.0,Canon EF85mm F1.8 USM | Canon EF Mount | With Filter,Canon,Lenses,Used,499.99,USD,FIXED_PRICE,18,0,mount:canon ef,JP,info_tanikawa,97.8,2026-08-16T17:52:05.000Z,,https://www.ebay.com/itm/227478549566?hash=item34f6c7343e:g:bK0AAeSwtWFqY7ZX,https://i.ebayimg.com/images/g/bK0AAeSwtWFqY7ZX/s-l225.jpg
型号不明,31.0,Fully operational Excellent condition Olympus OLYMPUS OM D E M10 Double Zoom Len,Olympus,Lenses,Used,526.46,USD,FIXED_PRICE,18,0,mount:olympus om,JP,zet_on,100.0,2026-08-16T23:08:17.000Z,,https://www.ebay.com/itm/407149756700?hash=item5ecc04411c:g:Uu4AAeSwTHhqgkNa,https://i.ebayimg.com/images/g/Uu4AAeSwTHhqgkNa/s-l225.jpg
打包杂件,31.0,Olympus OM D E M10 Mark3 Mirrorless Camera with Additional Lens Bundle,Olympus,Lenses,Used,526.61,USD,FIXED_PRICE,11,0,mount:olympus om,JP,zet_on,100.0,2026-08-16T23:08:18.000Z,,https://www.ebay.com/itm/407149756727?hash=item5ecc044137:g:rqwAAeSwyJFqgkMm,https://i.ebayimg.com/images/g/rqwAAeSwyJFqgkMm/s-l225.jpg
型号不明,31.0,OLYMPUS OM D E M5 Mark II Black Body Lens Set,Olympus,Lenses,Used,635.9,USD,FIXED_PRICE,15,0,mount:olympus om,JP,zet_on,100.0,2026-08-16T23:08:17.000Z,,https://www.ebay.com/itm/407149756699?hash=item5ecc04411b:g:W7oAAeSwL~NqgkOW,https://i.ebayimg.com/images/g/W7oAAeSwL~NqgkOW/s-l225.jpg
型号不明,31.0,OLYMPUS OM D E M10 Mark III Lens Set,Olympus,Lenses,Used,670.68,USD,FIXED_PRICE,6,0,mount:olympus om,JP,zet_on,100.0,2026-08-16T23:08:22.000Z,,https://www.ebay.com/itm/407149757090?hash=item5ecc0442a2:g:ffsAAeSwE-hqgkMl,https://i.ebayimg.com/images/g/ffsAAeSwE-hqgkMl/s-l225.jpg
型号不明,31.0,1916 Shots Olympus OM D E M10 Mark II 397,Olympus,Lenses,Used,683.6,USD,FIXED_PRICE,13,0,mount:olympus om,JP,zet_on,100.0,2026-08-16T23:08:25.000Z,,https://www.ebay.com/itm/407149757289?hash=item5ecc044369:g:-HoAAeSwIGNqgkPa,https://i.ebayimg.com/images/g/-HoAAeSwIGNqgkPa/s-l225.jpg
型号不明,31.0,Olympus OM 2 spot program film camera 6 piece set,Olympus,Lenses,Used,715.39,USD,FIXED_PRICE,19,0,mount:olympus om,JP,zet_on,100.0,2026-08-16T23:08:22.000Z,,https://www.ebay.com/itm/407149757132?hash=item5ecc0442cc:g:nLIAAeSwCQJqgkPa,https://i.ebayimg.com/images/g/nLIAAeSwCQJqgkPa/s-l225.jpg
型号不明,31.0,Canon Extender RF 2x Teleconverter 2.0x RF Mount Lens Accessory from Japan D0817,Canon,Lenses,Used,719.36,USD,FIXED_PRICE,2,0,mount:canon rf,JP,kyoto_camera,99.7,2026-08-16T16:25:07.000Z,,https://www.ebay.com/itm/278286659401?hash=item40cb2d6f49:g:~GMAAeSw7OJqgeN9,https://i.ebayimg.com/images/g/~GMAAeSw7OJqgeN9/s-l225.jpg
型号不明,31.0,Canon Extender RF 2x Teleconverter 2.0x RF Mount Lens from Japan D0817,Canon,Lenses,Used,721.9,USD,FIXED_PRICE,2,0,mount:canon rf,JP,kyoto_camera,99.7,2026-08-16T16:18:58.000Z,,https://www.ebay.com/itm/287528853935?hash=item42f20e21af:g:BNoAAeSwsnZqgeJO,https://i.ebayimg.com/images/g/BNoAAeSwsnZqgeJO/s-l225.jpg
型号不明,31.0,Excellent condition OLYMPUS OM D E M10 Mark III lens kit camera 480 shots E7K 49,Olympus,Lenses,Used,735.26,USD,FIXED_PRICE,11,0,mount:olympus om,JP,zet_on,100.0,2026-08-16T23:08:19.000Z,,https://www.ebay.com/itm/407149756790?hash=item5ecc044176:g:rvEAAeSwfDJqgkQY,https://i.ebayimg.com/images/g/rvEAAeSwfDJqgkQY/s-l225.jpg
型号不明,31.0,Canon TS-E24mm F3.5L Tilt Shift Lens Manual Focus Wide Angle EF from Japan D0817,Canon,Lenses,Used,785.68,USD,FIXED_PRICE,2,0,mount:canon ef,JP,kyoto_camera,99.7,2026-08-16T15:16:04.000Z,,https://www.ebay.com/itm/287528730076?hash=item42f20c3ddc:g:chwAAeSwp49qgdPJ,https://i.ebayimg.com/images/g/chwAAeSwp49qgdPJ/s-l225.jpg
型号不明,31.0,OLYMPUS OM D E M10 MARK III Double Zoom Kit,Olympus,Lenses,Used,830.2,USD,FIXED_PRICE,14,0,mount:olympus om,JP,zet_on,100.0,2026-08-16T23:08:25.000Z,,https://www.ebay.com/itm/407149757276?hash=item5ecc04435c:g:XNkAAeSwSKxqgkOi,https://i.ebayimg.com/images/g/XNkAAeSwSKxqgkOi/s-l225.jpg
型号不明,31.0,Canon RF800mm F11 IS STM Super Telephoto Lens RF Mount Wildlife from Japan D0816,Canon,Lenses,Used,871.2,USD,FIXED_PRICE,2,0,mount:canon rf,JP,kyoto_camera,99.7,2026-08-16T14:46:49.000Z,,https://www.ebay.com/itm/287528681349?hash=item42f20b7f85:g:HUsAAeSwUp5qgcy9,https://i.ebayimg.com/images/g/HUsAAeSwUp5qgcy9/s-l225.jpg
型号不明,31.0,Canon RF800mm F11 IS STM Super Telephoto Lens RF Mount from Japan D0816,Canon,Lenses,Used,881.34,USD,FIXED_PRICE,2,0,mount:canon rf,JP,kyoto_camera,99.7,2026-08-16T14:25:39.000Z,,https://www.ebay.com/itm/287528655876?hash=item42f20b1c04:g:LZgAAeSwvgtqgcfu,https://i.ebayimg.com/images/g/LZgAAeSwvgtqgcfu/s-l225.jpg
型号不明,31.0,Canon EF85mm F1.2L USM Lens Portrait Prime Fast Aperture EF from Japan D0816,Canon,Lenses,Used,888.59,USD,FIXED_PRICE,2,0,mount:canon ef,JP,kyoto_camera,99.7,2026-08-16T14:21:01.000Z,,https://www.ebay.com/itm/278286375887?hash=item40cb291bcf:g:iv8AAeSwk3lqgcbo,https://i.ebayimg.com/images/g/iv8AAeSwk3lqgcbo/s-l225.jpg
型号不明,31.0,Canon EF100mm F2.8L Macro IS USM Lens 1:1 Macro EF Mount from Japan D0816,Canon,Lenses,Used,908.71,USD,FIXED_PRICE,2,0,mount:canon ef,JP,kyoto_camera,99.7,2026-08-16T14:16:54.000Z,,https://www.ebay.com/itm/278286365227?hash=item40cb28f22b:g:3VsAAeSwEG1qgcXv,https://i.ebayimg.com/images/g/3VsAAeSwEG1qgcXv/s-l225.jpg
型号不明,31.0,OLYMPUS M.ZUIKO D 17 F1.2 ED PRO AB,Olympus,Lenses,Used,996.58,USD,FIXED_PRICE,6,0,mount:olympus om,JP,zeton_ec,100.0,2026-08-16T23:08:29.000Z,,https://www.ebay.com/itm/158195956636?hash=item24d536bb9c:g:5ZgAAeSwXudqgkQQ,https://i.ebayimg.com/images/g/5ZgAAeSwXudqgkQQ/s-l225.jpg
型号不明,31.0,Excellent condition With high quality filter OLYMPUS M.ZUIKO DIGITAL ED 100 400m,Olympus,Lenses,Used,1037.86,USD,FIXED_PRICE,9,0,mount:olympus om,JP,zeton_ec,100.0,2026-08-16T23:08:29.000Z,,https://www.ebay.com/itm/158195956688?hash=item24d536bbd0:g:orYAAeSwB7tqgkNp,https://i.ebayimg.com/images/g/orYAAeSwB7tqgkNp/s-l225.jpg
型号不明,31.0,ZEISS CONTAX/YASHICA MOUNT (ALL MMJ ) LENS SET/ 50 1.4/35 2.8/28 2.8!!! LEGENDS!,Zeiss,Lenses,Used,1199.0,USD,"FIXED_PRICE,BEST_OFFER",20,0,,US,kijedi,100.0,2026-08-16T20:25:15.000Z,,https://www.ebay.com/itm/267759321559?hash=item3e57b301d7:g:vL4AAeSwj0VqgiNc,https://i.ebayimg.com/images/g/vL4AAeSwj0VqgiNc/s-l225.jpg
型号不明,31.0,OLYMPUS OM D E M1 Mark II Set with 2 Lenses and Accessories,Olympus,Lenses,Used,1528.16,USD,FIXED_PRICE,13,0,mount:olympus om,JP,zet_on,100.0,2026-08-16T23:08:26.000Z,,https://www.ebay.com/itm/407149757327?hash=item5ecc04438f:g:oJAAAeSwiiFqgkQW,https://i.ebayimg.com/images/g/oJAAAeSwiiFqgkQW/s-l225.jpg
型号不明,31.0,OLYMPUS OM 1 Digital Single Lens Reflex Camera Body Only,Olympus,Lenses,Used,1579.82,USD,FIXED_PRICE,4,0,mount:olympus om,JP,zet_on,100.0,2026-08-16T23:08:24.000Z,,https://www.ebay.com/itm/407149757266?hash=item5ecc044352:g:6xwAAeSwSUhqgkNk,https://i.ebayimg.com/images/g/6xwAAeSwSUhqgkNk/s-l225.jpg
型号不明,31.0,OLYMPUS OM D E M10 with other lenses,Olympus,Lenses,Used,1828.22,USD,FIXED_PRICE,12,0,mount:olympus om,JP,zet_on,100.0,2026-08-16T23:08:23.000Z,,https://www.ebay.com/itm/407149757161?hash=item5ecc0442e9:g:gSYAAeSwT0pqgkOe,https://i.ebayimg.com/images/g/gSYAAeSwT0pqgkOe/s-l225.jpg
残件/按现状,30.0,Panasonic NV-MX5 Digital Video Camera SD/ MiniDV - Not Tested- Read Description,Panasonic,Camcorders,For parts or not working,54.15,USD,"FIXED_PRICE,BEST_OFFER",11,0,,GB,andreww1996,100.0,2026-08-16T12:24:00.000Z,,https://www.ebay.com/itm/267758962884?hash=item3e57ad88c4:g:HVYAAeSw7ztp5LLZ,https://i.ebayimg.com/images/g/HVYAAeSw7ztp5LLZ/s-l225.jpg
打包杂件,30.0,Nikon 1 J2 10.1MP Digital Camera White Kit Bundle (Description),Nikon,Digital Cameras,Used,135.38,USD,"FIXED_PRICE,BEST_OFFER",5,0,,GB,hazzatothed,100.0,2026-08-16T19:15:10.000Z,,https://www.ebay.com/itm/298593646792?hash=item45859178c8:g:31oAAeSwDRtqggvd,https://i.ebayimg.com/images/g/31oAAeSwDRtqggvd/s-l225.jpg
残件/按现状,30.0,Sony Cyber-shot RX100II DSC-RX100M2 Vario-Sonnar Digital Camera,Sony,Digital Cameras,For parts or not working,384.0,USD,"FIXED_PRICE,BEST_OFFER",9,0,grail:Sonnar,JP,treasurefeeling,98.8,2026-08-17T00:33:36.000Z,,https://www.ebay.com/itm/820011797396?hash=itembeec830b94:g:kZsAAeSwj-VqgleV,https://i.ebayimg.com/images/g/kZsAAeSwj-VqgleV/s-l225.jpg
残件/按现状;打包杂件,29.0,Canon EOS 400D Digital DSLR Camera 18-55mm Lens Boxed Bundle Untested - Preloved,Canon,Digital Cameras,Used,0.0,USD,AUCTION,14,0,55mm;good-cond;as-is;auction,GB,britishredcross,99.9,2026-08-16T18:43:12.000Z,2026-08-23T18:43:12.000Z,https://www.ebay.com/itm/188777054068?hash=item2bf3fd3f74:g:IjkAAeSwiuJqe0Hl,https://i.ebayimg.com/images/g/IjkAAeSwiuJqe0Hl/s-l225.jpg
残件/按现状,29.0,Vintage Canon VM-E2N Canovision 8 8mm Video Camera Camcorder Powers On Manual,Canon,Camcorders,For parts or not working,0.0,USD,AUCTION,8,0,mount:leica m;auction,US,goodwillsocalshop,99.7,2026-08-16T09:40:54.000Z,2026-08-23T09:40:54.000Z,https://www.ebay.com/itm/267758882819?hash=item3e57ac5003:g:Dt0AAeSw-lpqQR8N,https://i.ebayimg.com/images/g/Dt0AAeSw-lpqQR8N/s-l225.jpg
残件/按现状,29.0,Sony Cybershot DSC-S90 Digital Camera Silver 4.1 MP 3x Optical Zoom For Parts,Sony,Digital Cameras,For parts or not working,60.98,USD,"FIXED_PRICE,BEST_OFFER",4,0,as-is;underpriced(med 238);low-feedback,US,thetechfacility,96.8,2026-08-16T17:59:59.000Z,,https://www.ebay.com/itm/178413756231?hash=item298a49df47:g:ws0AAOSwMRhmn~RS,https://i.ebayimg.com/images/g/ws0AAOSwMRhmn~RS/s-l225.jpg
型号不明,29.0,READ Rare 🎦 [N MINT] Fujica Compact D Rangefinder 35mm Film Camera from Japan,,Film Cameras,Used,69.99,USD,FIXED_PRICE,18,0,good-cond,JP,hib9357,100.0,2026-08-16T05:47:31.000Z,,https://www.ebay.com/itm/158193401194?hash=item24d50fbd6a:g:NNsAAeSwZZBqE502,https://i.ebayimg.com/images/g/NNsAAeSwZZBqE502/s-l225.jpg
型号不明,29.0,All Works!! [Exc+5] Kyocera Samurai X3.0 Half Flame Camera From JAPAN,,Film Cameras,Used,84.99,USD,FIXED_PRICE,23,0,good-cond,JP,kazu_camera_yamanashi_japan,99.8,2026-08-16T08:31:26.000Z,,https://www.ebay.com/itm/168617524106?hash=item2742633b8a:g:k3AAAeSwMcpqgXWi,https://i.ebayimg.com/images/g/k3AAAeSwMcpqgXWi/s-l225.jpg
残件/按现状,29.0,Canon GL1 3ccd NTSC Mini DV Camcorder Untested No Battery,Canon,Camcorders,For parts or not working,85.0,USD,FIXED_PRICE,10,0,as-is,US,pel_4389,100.0,2026-08-17T03:00:21.000Z,,https://www.ebay.com/itm/398290817081?hash=item5cbbfb9039:g:i-8AAeSwEG1qgSeL,https://i.ebayimg.com/images/g/i-8AAeSwEG1qgSeL/s-l225.jpg
打包杂件,29.0,"Canon NTSC ZR60 Digital Video Camcorder 360x Digital Zoom, Tested, Bundle, READ!",Canon,Camcorders,Used,90.0,USD,FIXED_PRICE,5,0,,US,pitkin_pal,100.0,2026-08-16T17:39:23.000Z,,https://www.ebay.com/itm/267759205675?hash=item3e57b13d2b:g:pGQAAeSwTF5qgfP7,https://i.ebayimg.com/images/g/pGQAAeSwTF5qgfP7/s-l225.jpg
型号不明,29.0,▶️ Kyocera Samurai Z2 35mm Half Frame AF Zoom Film Camera [NEAR MINT] From JAPAN,,Film Cameras,Used,92.99,USD,FIXED_PRICE,17,0,good-cond,JP,nico_camera.japan,100.0,2026-08-16T13:51:50.000Z,,https://www.ebay.com/itm/128029497787?hash=item1dcf2719bb:g:GuwAAeSwYtBqgb7q,https://i.ebayimg.com/images/g/GuwAAeSwYtBqgb7q/s-l225.jpg
型号不明,29.0,Very Rare! [N MINT+++ w/ Case] Kowa Kallo 35F2 Rangefinder 50mm f/2 from Japan,,Film Cameras,Used,93.99,USD,FIXED_PRICE,15,0,good-cond,JP,hib9357,100.0,2026-08-16T05:55:37.000Z,,https://www.ebay.com/itm/158193432376?hash=item24d5103738:g:FbgAAeSw2zhpm6x3,https://i.ebayimg.com/images/g/FbgAAeSw2zhpm6x3/s-l225.jpg
打包杂件,29.0,Canon VIXIA HF200 Full HD Camcorder BUNDLE – Tested – New Battery – SD Card,Canon,Camcorders,Used,94.0,USD,"FIXED_PRICE,BEST_OFFER",20,0,,US,ispydeals,100.0,2026-08-16T11:29:59.000Z,,https://www.ebay.com/itm/287528401523?hash=item42f2073a73:g:TYAAAeSwuvdqgZ3u,https://i.ebayimg.com/images/g/TYAAAeSwuvdqgZ3u/s-l225.jpg
型号不明,29.0,[ Near Mint+ ] AIRES 35 Rangefinder CLAd Rare for Collectors JAPAN C832,,Film Cameras,Used,99.99,USD,FIXED_PRICE,11,0,good-cond,JP,nakan_44,100.0,2026-08-17T00:50:45.000Z,,https://www.ebay.com/itm/800520629267?hash=itemba62bf6c13:g:SlsAAeSwAQBpiYU0,https://i.ebayimg.com/images/g/SlsAAeSwAQBpiYU0/s-l225.jpg
残件/按现状,29.0,Canon VIXIA HF R52 Handcam Camcorder 57X Advanced zoom HD - See Description,Canon,Camcorders,Used,100.0,USD,"FIXED_PRICE,BEST_OFFER",6,0,,US,samwal31,99.9,2026-08-16T15:38:31.000Z,,https://www.ebay.com/itm/267759112918?hash=item3e57afd2d6:g:gEkAAeSwUulqgdjh,https://i.ebayimg.com/images/g/gEkAAeSwUulqgdjh/s-l225.jpg
型号不明,29.0,Fully Serviced And Fully Functional Zerobia Film Camera.,,Film Cameras,Used,102.36,USD,FIXED_PRICE,8,0,good-cond,JP,keibun,100.0,2026-08-17T02:29:05.000Z,,https://www.ebay.com/itm/287529667169?hash=item42f21a8a61:g:o7wAAeSwfwBqgnJq,https://i.ebayimg.com/images/g/o7wAAeSwfwBqgnJq/s-l225.jpg
残件/按现状,29.0,SONY NEX 6 Digital Camera BODY w/ Battery & Charger PARTS ONLY Bad Motherboard,Sony,Digital Cameras,For parts or not working,109.79,USD,FIXED_PRICE,4,0,mount:sony e;as-is,US,toycrazy123,99.7,2026-08-16T18:06:17.000Z,,https://www.ebay.com/itm/158195198589?hash=item24d52b2a7d:g:1aYAAeSw2L1qgftw,https://i.ebayimg.com/images/g/1aYAAeSw2L1qgftw/s-l225.jpg
型号不明,29.0,【EXC】 KYOCERA SAMURAI X3.0 25-75mm F3.5-4.3 FromJapan #am9423,,Film Cameras,Used,127.95,USD,FIXED_PRICE,4,0,good-cond,JP,somtom_9,99.3,2026-08-17T02:14:13.000Z,,https://www.ebay.com/itm/188804354973?hash=item2bf59dd39d:g:WSIAAeSwa4Fqgm-m,https://i.ebayimg.com/images/g/WSIAAeSwa4Fqgm-m/s-l225.jpg
打包杂件,29.0,Canon VIXIA HF R40 Full HD Camcorder 1080p 60fps MP4 8GB Flash Black Bundle,Canon,Camcorders,Used,136.99,USD,"FIXED_PRICE,BEST_OFFER",10,0,,US,tyleolmste0,100.0,2026-08-16T16:06:34.000Z,,https://www.ebay.com/itm/298593296572?hash=item45858c20bc:g:tWsAAeSwtGBqgd~R,https://i.ebayimg.com/images/g/tWsAAeSwtGBqgd~R/s-l225.jpg
型号不明,29.0,[Top MINT] Nikomat ELW 35mm SLR Film Camera with AW-1 Winder From JAPAN,,Film Cameras,Used,139.99,USD,FIXED_PRICE,23,0,good-cond,JP,ichi_camera_jp,100.0,2026-08-16T18:12:07.000Z,,https://www.ebay.com/itm/820010689690?hash=itembeec72249a:g:IW4AAeSwMcpqgf31,https://i.ebayimg.com/images/g/IW4AAeSwMcpqgf31/s-l225.jpg
型号不明,29.0,[Near MINT] Horseman Focusing Magnifier 6x Long Loupe Large Format From JAPAN,,Film Cameras,Used,139.99,USD,FIXED_PRICE,4,0,good-cond,JP,tictak-niseko,100.0,2026-08-16T10:19:29.000Z,,https://www.ebay.com/itm/298592571529?hash=item4585811089:g:zEwAAeSw6qlqgY8u,https://i.ebayimg.com/images/g/zEwAAeSw6qlqgY8u/s-l225.jpg
型号不明,29.0,[Near MINT] Kyocera Samurai x3.0 35mm Half Flame Film Camera from Japan #140,,Film Cameras,Used,142.12,USD,FIXED_PRICE,23,0,good-cond,JP,his50s,100.0,2026-08-17T05:52:03.000Z,,https://www.ebay.com/itm/188805081456?hash=item2bf5a8e970:g:GgYAAeSwxBZpc320,https://i.ebayimg.com/images/g/GgYAAeSwxBZpc320/s-l225.jpg
型号不明,29.0,[Near MINT] Kyocera Samurai x3.0 35mm Half Flame Film Camera from Japan #1223,,Film Cameras,Used,145.1,USD,FIXED_PRICE,23,0,good-cond,JP,his50s,100.0,2026-08-16T16:52:02.000Z,,https://www.ebay.com/itm/188802374005?hash=item2bf57f9975:g:ISAAAeSwJMBpV1Zc,https://i.ebayimg.com/images/g/ISAAAeSwJMBpV1Zc/s-l225.jpg
型号不明,29.0,Serviced 1976 Canonet QL17 Camera G-III Converted to use a 1.5 volt battery,,Film Cameras,Used,146.99,USD,"FIXED_PRICE,AUCTION",10,0,good-cond;auction,US,wolfmancameras,100.0,2026-08-16T21:40:46.000Z,2026-08-23T21:40:46.000Z,https://www.ebay.com/itm/267759406779?hash=item3e57b44ebb:g:45cAAeSw1Ktqgiqb,https://i.ebayimg.com/images/g/45cAAeSw1Ktqgiqb/s-l225.jpg
型号不明,29.0,*Near Mint ++* Tokyo Kogaku Primoflex IVA 4A TLR Camera Toko 75mm Lens From JPN,,Film Cameras,Used,149.99,USD,FIXED_PRICE,18,0,good-cond,JP,dub0804-55,100.0,2026-08-16T12:48:05.000Z,,https://www.ebay.com/itm/366609111674?hash=item555b9b1a7a:g:l8YAAeSwB7tqgbHM,https://i.ebayimg.com/images/g/l8YAAeSwB7tqgbHM/s-l225.jpg
型号不明,29.0,SONY SEL55210/B Interchangeable lens,Sony,Lenses,Used,179.0,USD,FIXED_PRICE,2,0,,US,shesellsseashells61,100.0,2026-08-16T13:48:32.000Z,,https://www.ebay.com/itm/336745418861?hash=item4e6797506d:g:QqUAAeSwFplqgb5x,https://i.ebayimg.com/images/g/QqUAAeSwFplqgb5x/s-l225.jpg
残件/按现状,29.0,Nikon FE Black Body No.3557029 With Lens Button Untested From Japan,Nikon,Digital Cameras,Used,184.69,USD,"FIXED_PRICE,BEST_OFFER",12,0,mount:sony e;as-is,JP,tanigawa-shokai4,100.0,2026-08-16T13:37:46.000Z,,https://www.ebay.com/itm/178413074710?hash=item298a3f7916:g:QmUAAeSw1WFqgb4c,https://i.ebayimg.com/images/g/QmUAAeSw1WFqgb4c/s-l225.jpg
型号不明,29.0,PANASONIC LUMIX H-FS12060 12-60 LENS PRE-OWNED (P23018099),Panasonic,Lenses,Used,199.99,USD,"FIXED_PRICE,BEST_OFFER",8,0,,US,pawn1_23,99.2,2026-08-16T23:41:18.000Z,,https://www.ebay.com/itm/377424222911?hash=item57e03c9abf:g:EbkAAeSwg3NqgkqZ,https://i.ebayimg.com/images/g/EbkAAeSwg3NqgkqZ/s-l225.jpg
打包杂件,29.0,Canon PowerShot A3400 IS Silver 16.0MP Digital Camera 5x Zoom Bundle Boxed,Canon,Digital Cameras,Used,219.99,USD,"FIXED_PRICE,BEST_OFFER",14,0,good-cond,US,goose.games,100.0,2026-08-16T22:06:45.000Z,,https://www.ebay.com/itm/800520005442?hash=itemba62b5e742:g:N24AAeSwG5pqgjR1,https://i.ebayimg.com/images/g/N24AAeSwG5pqgjR1/s-l225.jpg
残件/按现状,29.0,186000 as is Nikon D5000 Digital Single Lens Reflex Camera with AF S DX NIKKOR 1,Nikon,Digital Cameras,Used,270.18,USD,"FIXED_PRICE,BEST_OFFER",12,0,mount:nikon f;as-is,JP,tanigawa-shokai4,100.0,2026-08-16T13:37:47.000Z,,https://www.ebay.com/itm/178413074742?hash=item298a3f7936:g:r3MAAeSwQzFqgb3g,https://i.ebayimg.com/images/g/r3MAAeSwQzFqgb3g/s-l225.jpg
打包杂件,29.0,Canon PowerShot ELPH 180 20.0MP Digital Camera Silver w/8x Zoom Bundle MINT,Canon,Digital Cameras,Used,294.99,USD,"FIXED_PRICE,BEST_OFFER",11,0,good-cond,US,tyleolmste0,100.0,2026-08-16T15:19:55.000Z,,https://www.ebay.com/itm/298593205195?hash=item45858abbcb:g:Yp0AAeSwCN1qgdTj,https://i.ebayimg.com/images/g/Yp0AAeSwCN1qgdTj/s-l225.jpg
型号不明,29.0,[ALMOST MINT] Meguro Kogaku Melcon I 35mm Rangefinder Film Camera Body L39 Japan,,Film Cameras,Used,389.99,USD,"FIXED_PRICE,BEST_OFFER",10,0,mount:ltm/l39;good-cond,JP,matsunami_camera_japan,100.0,2026-08-16T19:46:01.000Z,,https://www.ebay.com/itm/820010930835?hash=itembeec75d293:g:JfQAAeSwSOpqghNs,https://i.ebayimg.com/images/g/JfQAAeSwSOpqghNs/s-l225.jpg
打包杂件,28.0,Canon EOS Digital Rebel DSLR Camera Body EF-S 18-55mm II Lens Bundle Tested,Canon,Digital Cameras,Used,0.0,USD,AUCTION,7,0,mount:canon ef;55mm;auction,US,goodwillsocalshop,99.7,2026-08-16T13:19:50.000Z,2026-08-23T13:19:50.000Z,https://www.ebay.com/itm/267759017752?hash=item3e57ae5f18:g:kKQAAeSwg3Nqgblx,https://i.ebayimg.com/images/g/kKQAAeSwg3Nqgblx/s-l225.jpg
型号不明,28.0,Fischer Price Perfect Shot Camera Point&shoot With New Boxed Analog Camera,,Film Cameras,Used,50.89,USD,"FIXED_PRICE,BEST_OFFER",3,0,good-cond,DE,easybuyshop,99.9,2026-08-16T23:00:56.000Z,,https://www.ebay.com/itm/318740694976?hash=item4a366d07c0:g:cyIAAeSwEi9qgfU0,https://i.ebayimg.com/images/g/cyIAAeSwEi9qgfU0/s-l225.jpg
型号不明,28.0,[Near MINT] Super-Multi-Coated TAKUMAR 55mm F1.8 M42 MF Lens From JAPAN,,Lenses,Used,64.98,USD,"FIXED_PRICE,BEST_OFFER",9,0,mount:m42;55mm;good-cond,JP,taroaichi_k609,100.0,2026-08-16T06:40:53.000Z,,https://www.ebay.com/itm/407148221340?hash=item5ecbecd39c:g:~ogAAeSwMwFqgVpr,https://i.ebayimg.com/images/g/~ogAAeSwMwFqgVpr/s-l225.jpg
型号不明,28.0,[MINT] Super-Multi-Coated TAKUMAR 55mm F1.8 M42 MF Lens From JAPAN,,Lenses,Used,74.98,USD,"FIXED_PRICE,BEST_OFFER",7,0,mount:m42;55mm;good-cond,JP,taroaichi_k609,100.0,2026-08-16T06:44:46.000Z,,https://www.ebay.com/itm/407148224390?hash=item5ecbecdf86:g:MbkAAeSwpAlqgVwg,https://i.ebayimg.com/images/g/MbkAAeSwpAlqgVwg/s-l225.jpg
型号不明,28.0,[MINT] Russia Helios 44M 58mm f/2 Manual Portrait Lens For M42 Mount from JAPAN,,Lenses,Used,139.9,USD,FIXED_PRICE,23,0,mount:m42;58mm;good-cond,JP,tokyosnapshot,99.7,2026-08-16T10:08:55.000Z,,https://www.ebay.com/itm/128029241656?hash=item1dcf233138:g:sHMAAeSwCz5qgY1i,https://i.ebayimg.com/images/g/sHMAAeSwCz5qgY1i/s-l225.jpg
型号不明,27.0,Sony SEL20TC FE 2.0x Teleconverter Used Excellent Condition,Sony,Lenses,Used,0.0,USD,AUCTION,10,0,mount:sony e;auction,US,mathias8682,100.0,2026-08-17T01:30:01.000Z,2026-08-24T01:30:01.000Z,https://www.ebay.com/itm/336745316378?hash=item4e6795c01a:g:SqsAAeSwOjlqgaej,https://i.ebayimg.com/images/g/SqsAAeSwOjlqgaej/s-l225.jpg
型号不明,27.0,"Vintage Kodak Retina ""TELEOPTIK TELEPHOTO LENS TELEOBJECTIF",Kodak,Lenses,Used,68.99,USD,"FIXED_PRICE,BEST_OFFER",8,0,,US,jam92451,100.0,2026-08-16T21:38:05.000Z,,https://www.ebay.com/itm/128030074411?hash=item1dcf2fe62b:g:~SIAAeSw8fdqgit6,https://i.ebayimg.com/images/g/~SIAAeSw8fdqgit6/s-l225.jpg
残件/按现状,27.0,Panasonic AG-DVC7P MiniDV Camcorder Only Untested,Panasonic,Camcorders,Used,69.99,USD,"FIXED_PRICE,BEST_OFFER",11,0,as-is,US,rkrager,99.6,2026-08-17T03:09:24.000Z,,https://www.ebay.com/itm/318741686099?hash=item4a367c2753:g:7ngAAeSwBCJqgnsr,https://i.ebayimg.com/images/g/7ngAAeSwBCJqgnsr/s-l225.jpg
残件/按现状,27.0,PANASONIC VHS VIDEO RECORDER CAMERA AG-160 PIEZO A/F REPORTER Untested Parts/rep,Panasonic,Camcorders,For parts or not working,69.99,USD,"FIXED_PRICE,BEST_OFFER",23,0,as-is,US,rekiem_trove,100.0,2026-08-16T12:16:10.000Z,,https://www.ebay.com/itm/168617902731?hash=item274269028b:g:bK4AAeSw7Npn2OEI,https://i.ebayimg.com/images/g/bK4AAeSw7Npn2OEI/s-l225.jpg
残件/按现状,27.0,"Sony Handycam CCD-TRV37 With Bag, Manual, Tapes And Cords For Parts And Repair",Sony,Camcorders,For parts or not working,79.99,USD,FIXED_PRICE,13,0,as-is,US,npayne17,99.9,2026-08-17T03:53:54.000Z,,https://www.ebay.com/itm/318741828209?hash=item4a367e5271:g:MUgAAeSwjWhqgoNC,https://i.ebayimg.com/images/g/MUgAAeSwjWhqgoNC/s-l225.jpg
打包杂件,27.0,SONY CyberShot DSC-S70 Compact Digital CAMERA 2Battery CarryCase MemoryStick Lot,Sony,Camcorders,Used,88.88,USD,"FIXED_PRICE,BEST_OFFER",21,0,,US,lotsofstuff4unme,97.0,2026-08-16T13:48:07.000Z,,https://www.ebay.com/itm/278286277180?hash=item40cb279a3c:g:-u4AAeSwMwFqgb-V,https://i.ebayimg.com/images/g/-u4AAeSwMwFqgb-V/s-l225.jpg
打包杂件,27.0,Sony Handycam HDR-UX5 High Definition DVD Camcorder Bundle,Sony,Camcorders,Used,100.0,USD,"FIXED_PRICE,BEST_OFFER",11,0,,US,paguyinsd,100.0,2026-08-16T18:42:30.000Z,,https://www.ebay.com/itm/336745783199?hash=item4e679cdf9f:g:Eu8AAeSwMeVqggOt,https://i.ebayimg.com/images/g/Eu8AAeSwMeVqggOt/s-l225.jpg
打包杂件,27.0,Sony Handycam DCR-DVD308 Mini DVD Disc Digital Video Recorder Camcorder Bundle,Sony,Camcorders,Used,100.0,USD,"FIXED_PRICE,BEST_OFFER",9,0,,US,paguyinsd,100.0,2026-08-16T18:04:40.000Z,,https://www.ebay.com/itm/336745746383?hash=item4e679c4fcf:g:B98AAeSws3Nqgfcy,https://i.ebayimg.com/images/g/B98AAeSws3Nqgfcy/s-l225.jpg
型号不明,27.0,"2 - Vivitar & 1-Deitz Lens W/ Bag, Filters & More - SEE DETAILS FOR EACH LENSE",Vivitar,Lenses,Used,149.99,USD,"FIXED_PRICE,BEST_OFFER",23,0,,US,tugssportscards,99.9,2026-08-16T18:39:08.000Z,,https://www.ebay.com/itm/800519262989?hash=itemba62aa930d:g:-kcAAeSwrFJqWTKF,https://i.ebayimg.com/images/g/-kcAAeSwrFJqWTKF/s-l225.jpg
残件/按现状;打包杂件,27.0,Canon EOS 70D DSLR Camera Body Shutter Curtain Issue For Parts or Repair Bundle,Canon,Digital Cameras,For parts or not working,155.0,USD,FIXED_PRICE,11,0,as-is,US,jenxgen,99.1,2026-08-16T17:46:02.000Z,,https://www.ebay.com/itm/318739750836?hash=item4a365e9fb4:g:4PoAAeSwls1qgfYq,https://i.ebayimg.com/images/g/4PoAAeSwls1qgfYq/s-l225.jpg
残件/按现状,27.0,For Parts/Repair Nikon D1X Digital Camera - 3 Batteries - Lens - Bag- No Charger,Nikon,Digital Cameras,For parts or not working,159.0,USD,"FIXED_PRICE,BEST_OFFER",11,0,as-is,US,buffyzero,99.9,2026-08-16T19:40:46.000Z,,https://www.ebay.com/itm/168618640157?hash=item274274431d:g:x5UAAeSw7UBqMb5D,https://i.ebayimg.com/images/g/x5UAAeSw7UBqMb5D/s-l225.jpg
打包杂件,27.0,Canon PowerShot A610 5.0MP Digital Camera Silver w/4x Zoom Bundle,Canon,Digital Cameras,Used,159.99,USD,"FIXED_PRICE,BEST_OFFER",13,0,,US,tyleolmste0,100.0,2026-08-16T15:16:03.000Z,,https://www.ebay.com/itm/298593200658?hash=item45858aaa12:g:fjEAAeSwUiNqgdPp,https://i.ebayimg.com/images/g/fjEAAeSwUiNqgdPp/s-l225.jpg
打包杂件,27.0,"Canon Camera Bundle | 400D, 430EX, accessories - FREE SHIPPING",Canon,Digital Cameras,Used,175.0,USD,"FIXED_PRICE,BEST_OFFER",13,0,,US,d-jam,100.0,2026-08-16T23:30:19.000Z,,https://www.ebay.com/itm/237010617510?hash=item372eef04a6:g:rYQAAeSwvmNqgkQv,https://i.ebayimg.com/images/g/rYQAAeSwvmNqgkQv/s-l225.jpg
打包杂件,27.0,Canon PowerShot SX170 IS 16.0MP Digital Camera Red w/16x Zoom Bundle,Canon,Digital Cameras,Used,184.99,USD,"FIXED_PRICE,BEST_OFFER",10,0,,US,tyleolmste0,100.0,2026-08-16T15:11:11.000Z,,https://www.ebay.com/itm/298593193272?hash=item45858a8d38:g:U4sAAeSwv-JqgdLJ,https://i.ebayimg.com/images/g/U4sAAeSwv-JqgdLJ/s-l225.jpg
打包杂件,27.0,"Canon EOS Rebel T5 Bundle - Camera, Batteries, Charger, 2 Straps, 16 GB SD Card",Canon,Digital Cameras,Used,199.95,USD,"FIXED_PRICE,BEST_OFFER",23,0,,US,jogotit,100.0,2026-08-16T07:07:36.000Z,,https://www.ebay.com/itm/398291342652?hash=item5cbc03953c:g:djQAAeSw4PZqgEKY,https://i.ebayimg.com/images/g/djQAAeSw4PZqgEKY/s-l225.jpg
打包杂件,27.0,Canon PowerShot SD1300 IS Digital ELPH 12.1MP Camera Silver Tested Bundle CIB,Canon,Digital Cameras,Used,199.99,USD,FIXED_PRICE,7,0,,US,goodwillsocalshop,99.7,2026-08-16T13:58:26.000Z,,https://www.ebay.com/itm/267759038257?hash=item3e57aeaf31:g:XuEAAeSwJtNqeIc-,https://i.ebayimg.com/images/g/XuEAAeSwJtNqeIc-/s-l225.jpg
打包杂件,27.0,Canon EOS 60D 18MP Digital SLR Camera Body Bundle 3 Batteries Charger Manuals,Canon,Digital Cameras,Used,199.99,USD,"FIXED_PRICE,BEST_OFFER",15,0,,US,mat-843153,0.0,2026-08-16T04:52:46.000Z,,https://www.ebay.com/itm/800515967891?hash=itemba62784b93:g:vzcAAeSw19lqe5Yl,https://i.ebayimg.com/images/g/vzcAAeSw19lqe5Yl/s-l225.jpg
打包杂件,27.0,Canon EOS Rebel XTi DS126151 Digital Camera Bundle,Canon,Digital Cameras,Used,200.0,USD,"FIXED_PRICE,BEST_OFFER",8,0,,US,cubs5michael,100.0,2026-08-16T05:45:39.000Z,,https://www.ebay.com/itm/257683343727?hash=item3bff1fc96f:g:40IAAeSwX0ZqgU2p,https://i.ebayimg.com/images/g/40IAAeSwX0ZqgU2p/s-l225.jpg
型号不明,27.0,NIKON Lens Camera Lens Used From Japan #9260811,Nikon,Lenses,Used,259.74,USD,"FIXED_PRICE,BEST_OFFER",6,0,low-feedback,JP,nissn_3,95.0,2026-08-16T07:31:03.000Z,,https://www.ebay.com/itm/366608685599?hash=item555b949a1f:g:aQIAAeSwFz1qgWhp,https://i.ebayimg.com/images/g/aQIAAeSwFz1qgWhp/s-l225.jpg
型号不明,27.0,Tamron TC-X14 1.4X Teleconverter Converter f/Canon EF *Read Notes #000,Tamron,Lenses,Excellent - Refurbished,302.81,USD,"FIXED_PRICE,BEST_OFFER",8,0,mount:canon ef,US,robertscamera,99.8,2026-08-16T18:37:17.000Z,,https://www.ebay.com/itm/407149430681?hash=item5ecbff4799:g:ufEAAeSwWKNqggNV,https://i.ebayimg.com/images/g/ufEAAeSwWKNqggNV/s-l225.jpg
残件/按现状,27.0,【AS IS】 Canon 310XL FromJapan #am9547,Canon,Camcorders,For parts or not working,308.46,USD,FIXED_PRICE,4,0,as-is,JP,somtom_9,99.3,2026-08-17T02:16:37.000Z,,https://www.ebay.com/itm/188804356829?hash=item2bf59ddadd:g:xCsAAeSwfDJqgm-7,https://i.ebayimg.com/images/g/xCsAAeSwfDJqgm-7/s-l225.jpg
型号不明,27.0,Tamron Fotovix Editor FE-100U & Film Video Processor TF-60WU EXCELLENT SHAPE,Tamron,Lenses,Used,319.95,USD,FIXED_PRICE,13,0,mount:sony e,US,rhzig_93,99.8,2026-08-16T07:16:41.000Z,,https://www.ebay.com/itm/336744994846?hash=item4e6790d81e:g:BYgAAeSwQkNqOjKV,https://i.ebayimg.com/images/g/BYgAAeSwQkNqOjKV/s-l225.jpg
残件/按现状,27.0,Canon XL1 3CCD MiniDV Camcorder 16x XL Lens Mic 2 Batteries Manual UNTESTED,Canon,Camcorders,Used,400.0,USD,"FIXED_PRICE,AUCTION",8,0,as-is;auction,US,coestateantiques,98.8,2026-08-16T22:38:52.000Z,2026-08-23T22:38:52.000Z,https://www.ebay.com/itm/298594005859?hash=item458596f363:g:JfkAAeSwkOdqgVSd,https://i.ebayimg.com/images/g/JfkAAeSwkOdqgVSd/s-l225.jpg
型号不明,27.0,Canon Extender RF 2x #357,Canon,Lenses,Excellent - Refurbished,535.35,USD,"FIXED_PRICE,BEST_OFFER",6,0,mount:canon rf,US,robertscamera,99.8,2026-08-16T16:01:57.000Z,,https://www.ebay.com/itm/147508856611?hash=item2258368723:g:47sAAeSwBUdqgd7v,https://i.ebayimg.com/images/g/47sAAeSwBUdqgd7v/s-l225.jpg
残件/按现状,27.0,Canon RF 24-70mm f2.8 L IS USM Mirrorless Lens (READ DESCRIPTION),Canon,Lenses,Used,1699.0,USD,"FIXED_PRICE,BEST_OFFER",7,0,mount:canon rf,US,alec_rfish,100.0,2026-08-16T18:16:31.000Z,,https://www.ebay.com/itm/407149408743?hash=item5ecbfef1e7:g:nacAAeSw1~Nqgf2j,https://i.ebayimg.com/images/g/nacAAeSw1~Nqgf2j/s-l225.jpg
型号不明,26.0,Rollei QZ 35 Camera,Rollei,Digital Cameras,Used,0.0,USD,"AUCTION,BEST_OFFER",3,0,auction,AU,mydogdoesntbite,100.0,2026-08-17T00:17:26.000Z,2026-08-24T00:17:26.000Z,https://www.ebay.com/itm/267759538182?hash=item3e57b65006:g:aB0AAOSwpH9mtV6K,https://i.ebayimg.com/images/g/aB0AAOSwpH9mtV6K/s-l225.jpg
型号不明,26.0,Nikon Nikkor-Q.C Auto 135 F2.8,Nikon,Lenses,Used,0.0,USD,AUCTION,7,0,mount:nikon f;auction;low-feedback,HK,kepascope_hk,83.3,2026-08-16T09:43:33.000Z,2026-08-26T09:43:33.000Z,https://www.ebay.com/itm/366608859752?hash=item555b974268:g:O6kAAOSwrfNndaWO,https://i.ebayimg.com/images/g/O6kAAOSwrfNndaWO/s-l225.jpg
打包杂件,26.0,Vintage Canon UC8000 8mm Video Camcorder Bundle - Tested Working,Canon,Camcorders,Used,128.6,USD,FIXED_PRICE,10,0,,GB,too-zoo,99.7,2026-08-17T11:37:15.000Z,,https://www.ebay.com/itm/267759901118?hash=item3e57bbd9be:g:5twAAeSwLBFqgvKL,https://i.ebayimg.com/images/g/5twAAeSwLBFqgvKL/s-l225.jpg
打包杂件,26.0,Canon EOS Kiss X2 DSLR Camera with 18-55mm Lens and Accessories Bundle,Canon,Digital Cameras,Used,229.04,USD,"FIXED_PRICE,BEST_OFFER",11,0,55mm,JP,toshiro-eguchi,99.7,2026-08-16T13:33:08.000Z,,https://www.ebay.com/itm/307129692914?hash=item47825b32f2:g:rJEAAeSwUZFqgbyT,https://i.ebayimg.com/images/g/rJEAAeSwUZFqgbyT/s-l225.jpg
打包杂件,26.0,"Big Lot of Cameras and Lenses, mostly Nikon F, in varying conditions. READ!!",Nikon,Film Cameras,Used,240.0,USD,"FIXED_PRICE,AUCTION",19,0,mount:nikon f;neg;auction,US,birdbr-10,100.0,2026-08-16T18:35:49.000Z,2026-08-23T18:35:49.000Z,https://www.ebay.com/itm/377423652706?hash=item57e033e762:g:be4AAeSwrptqb4nX,https://i.ebayimg.com/images/g/be4AAeSwrptqb4nX/s-l225.jpg
型号不明,25.0,[Excellent+++] Kyocera ULTIMA 300 APS Fim Camera,,Film Cameras,Used,29.0,USD,FIXED_PRICE,15,0,,JP,bummesasak_0,99.8,2026-08-16T04:27:29.000Z,,https://www.ebay.com/itm/117362008644?hash=item1b53522244:g:5twAAeSwr-1qgStw,https://i.ebayimg.com/images/g/5twAAeSwr-1qgStw/s-l225.jpg
残件/按现状;打包杂件,25.0,"Vivitar DVR782 Bundle - 2"" LCD Video Action Camera Bundle - Read Description",Vivitar,Camcorders,For parts or not working,29.99,USD,"FIXED_PRICE,BEST_OFFER",23,0,,US,thriftswiththrills,99.9,2026-08-16T11:40:04.000Z,,https://www.ebay.com/itm/318738521927?hash=item4a364bdf47:g:XzQAAeSwQOlp5Roy,https://i.ebayimg.com/images/g/XzQAAeSwQOlp5Roy/s-l225.jpg
型号不明,25.0,Vintage FUJICA Pocket Fujica 350 Flash 110 Film Camera Fujinon 20mm Japan,,Film Cameras,Used,35.99,USD,FIXED_PRICE,3,0,,JP,yuki7jp,100.0,2026-08-17T09:39:31.000Z,,https://www.ebay.com/itm/407150760138?hash=item5ecc1390ca:g:QVkAAeSwmKhqgtZR,https://i.ebayimg.com/images/g/QVkAAeSwmKhqgtZR/s-l225.jpg
型号不明,25.0,Rare 1940s Haneel Tri-Vision 3D Stereo w/Case ane 1 Roll of Film,,Vintage Cameras,,39.0,USD,"FIXED_PRICE,AUCTION",5,0,auction,US,wussweiler,100.0,2026-08-16T23:25:23.000Z,2026-08-23T23:25:23.000Z,https://www.ebay.com/itm/147509448798?hash=item22583f905e:g:xn0AAeSw4vtqeOdQ,https://i.ebayimg.com/images/g/xn0AAeSw4vtqeOdQ/s-l225.jpg
型号不明,25.0,Vintage Keystone K-25 Capri 8mm Rollfilm Movie Camera,,Vintage Cameras,,40.0,USD,"FIXED_PRICE,AUCTION",2,0,auction,US,abzurdity,100.0,2026-08-17T00:56:34.000Z,2026-08-22T00:56:34.000Z,https://www.ebay.com/itm/327313823295?hash=item4c356c963f:g:AnUAAeSw7OJqd4pW,https://i.ebayimg.com/images/g/AnUAAeSw7OJqd4pW/s-l225.jpg
残件/按现状,25.0,"Panasonic PV-GS29 Silver 2.5"" LCD MiniDV Camcorder w/ 30x Optical Zoom For Parts",Panasonic,Camcorders,For parts or not working,52.78,USD,"FIXED_PRICE,BEST_OFFER",5,0,as-is;low-feedback,US,thetechfacility,96.8,2026-08-16T05:06:55.000Z,,https://www.ebay.com/itm/178411730655?hash=item298a2af6df:g:AwUAAOSwBNNkbj9G,https://i.ebayimg.com/images/g/AwUAAOSwBNNkbj9G/s-l225.jpg
型号不明,25.0,[Near MINT] Raynox Super Wide Pro-5050 0.5X Wide Angle Lens Video From Japan,,Lenses,Used,55.8,USD,"FIXED_PRICE,BEST_OFFER",15,0,good-cond,JP,growz9652,100.0,2026-08-16T19:59:09.000Z,,https://www.ebay.com/itm/188803032564?hash=item2bf589a5f4:g:BTcAAeSwhPFqDo-O,https://i.ebayimg.com/images/g/BTcAAeSwhPFqDo-O/s-l225.jpg
残件/按现状;型号不明,25.0,【AS IS】 HOEI INDUSTRIAL Anny-10 Super 5cm F8 FromJapan #am9455,,Film Cameras,For parts or not working,58.71,USD,FIXED_PRICE,4,0,as-is,JP,somtom_9,99.3,2026-08-17T02:15:01.000Z,,https://www.ebay.com/itm/188804355594?hash=item2bf59dd60a:g:JAEAAeSwOfRqgm-Y,https://i.ebayimg.com/images/g/JAEAAeSwOfRqgm-Y/s-l225.jpg
残件/按现状,25.0,Olympus Tough TG-5 Black Underwater Camera 12MP 4x Zoom Wi-Fi 3in Screen,Olympus,Digital Cameras,For parts or not working,150.0,USD,"FIXED_PRICE,BEST_OFFER",2,0,,US,kasch-9486,100.0,2026-08-16T20:04:12.000Z,,https://www.ebay.com/itm/800519597791?hash=itemba62afaedf:g:POQAAeSwSOpqghZr,https://i.ebayimg.com/images/g/POQAAeSwSOpqghZr/s-l225.jpg
型号不明,25.0,TAMRON Lens SP AF10-24mmF for 3.5-4.5 Di II LD AsphericalIF Sony Used,Tamron,Lenses,Used,150.58,USD,FIXED_PRICE,4,0,,JP,beecruise04,98.5,2026-08-16T20:39:54.000Z,,https://www.ebay.com/itm/318740309256?hash=item4a36672508:g:hPcAAeSwjRtqgiCW,https://i.ebayimg.com/images/g/hPcAAeSwjRtqgiCW/s-l225.jpg
残件/按现状,25.0,AS IS Tokina AF AT-X 100-300mm f4 Zoom Lens,Tokina,Lenses,Used,199.0,USD,"FIXED_PRICE,BEST_OFFER",19,0,as-is,JP,best-film-camera,99.9,2026-08-16T23:05:30.000Z,,https://www.ebay.com/itm/137629586365?hash=item200b5cd3bd:g:gRsAAeSwJM5qT66z,https://i.ebayimg.com/images/g/gRsAAeSwJM5qT66z/s-l225.jpg
型号不明,25.0,TAMRON Lens SP AF60mm F 2 Di II LD IF MACRO 1:1 for Sony Used,Tamron,Lenses,Used,224.67,USD,FIXED_PRICE,4,0,,JP,beecruise04,98.5,2026-08-16T20:40:02.000Z,,https://www.ebay.com/itm/318740309451?hash=item4a366725cb:g:sJkAAeSwB7tqgiBi,https://i.ebayimg.com/images/g/sJkAAeSwB7tqgiBi/s-l225.jpg
型号不明,25.0,TAMRON Lens SP AF17-50mmF for 2.8 XR Di II VC LD Aspherical IF Nikon Used,Tamron,Lenses,Used,224.67,USD,FIXED_PRICE,7,0,,JP,beecruise04,98.5,2026-08-16T18:38:43.000Z,,https://www.ebay.com/itm/318739931240?hash=item4a36616068:g:5FoAAeSwG5pqggRp,https://i.ebayimg.com/images/g/5FoAAeSwG5pqggRp/s-l225.jpg
型号不明,25.0,TAMRON Lens SP AF60mm F 2 Di II LD IF MACRO 1:1 for Nikon Used,Tamron,Lenses,Used,245.84,USD,FIXED_PRICE,5,0,,JP,beecruise04,98.5,2026-08-16T20:39:58.000Z,,https://www.ebay.com/itm/318740309373?hash=item4a3667257d:g:onMAAeSwXudqgiFJ,https://i.ebayimg.com/images/g/onMAAeSwXudqgiFJ/s-l225.jpg
型号不明,25.0,S number 1546 Sony 5000 with image stabilization power zoom lens Wi Fi,Sony,Lenses,Used,377.57,USD,FIXED_PRICE,19,0,,JP,zet_on,100.0,2026-08-16T23:08:19.000Z,,https://www.ebay.com/itm/407149756791?hash=item5ecc044177:g:8mMAAeSwcShqgkPV,https://i.ebayimg.com/images/g/8mMAAeSwcShqgkPV/s-l225.jpg
