寻宝类型,评分,标题,品牌,类目,成色,价格,币种,购买方式,图片数,图片像素,标记,所在地,卖家,好评率,上架时间,结束时间,链接,图片
残件/按现状,102.0,Contax 139 Quartz 35mm SLR Film Camera w/ 80-200mm Tokina Lens | Untested,Contax,Film Cameras,Used,29.99,USD,FIXED_PRICE,23,1600,grail:Contax 139;as-is;underpriced(med 658),US,collegefuel,99.7,2026-08-09T09:46:54.000Z,,https://www.ebay.com/itm/188765713835?hash=item2bf35035ab:g:6owAAeSwEFNqYhnc,https://i.ebayimg.com/images/g/6owAAeSwEFNqYhnc/s-l225.jpg
残件/按现状,100.0,[As-is For parts] Zeiss Ikon Super Ikonta 530 Carl Zeiss Tessar 70mm f/3.5 JAPAN,Zeiss,Film Cameras,For parts or not working,69.99,USD,FIXED_PRICE,15,1280,grail:Tessar;as-is;underpriced(med 295),JP,maui_camera_japan,100.0,2026-08-09T23:27:17.000Z,,https://www.ebay.com/itm/287515415894?hash=item42f1411556:g:r7QAAeSwARRqbBQ2,https://i.ebayimg.com/images/g/r7QAAeSwARRqbBQ2/s-l225.jpg
型号不明,100.0,[Exc+4] Mamiya Sekor150mm f5.6 Lens for Mamiya Press / Super 23 From JAPAN,Mamiya,Lenses,Used,74.9,USD,FIXED_PRICE,8,1600,grail:Mamiya Press;good-cond;underpriced(med 280),JP,f1-camera,100.0,2026-08-09T14:21:26.000Z,,https://www.ebay.com/itm/336734152696?hash=item4e66eb67f8:g:RHsAAeSwVnNqeI0p,https://i.ebayimg.com/images/g/RHsAAeSwVnNqeI0p/s-l225.jpg
查无市价,100.0,Contax RTS Body (Excellent+3) Working Item (Significant peeling on the exterior),Contax,Film Cameras,Used,104.92,USD,FIXED_PRICE,9,1200,grail:Contax RTS;underpriced(med 658),JP,quorefl-53,100.0,2026-08-10T00:12:24.000Z,,https://www.ebay.com/itm/800483899666?hash=itemba608ef912:g:63YAAeSwBUdqeRep,https://i.ebayimg.com/images/g/63YAAeSwBUdqeRep/s-l225.jpg
残件/按现状,100.0,CONTAX RTS Film SLR Body with Real Time Winder Junk Item O11483086 From Japan,Contax,Film Cameras,For parts or not working,112.74,USD,FIXED_PRICE,8,1200,grail:CONTAX RTS;as-is;underpriced(med 658),JP,quorefl-53,100.0,2026-08-10T00:33:46.000Z,,https://www.ebay.com/itm/800483944389?hash=itemba608fa7c5:g:1H8AAeSwbiNqeRzj,https://i.ebayimg.com/images/g/1H8AAeSwbiNqeRzj/s-l225.jpg
查无市价,100.0,(Excellent+3) Contax RTS body Working OK(Self-timer malfunction)#D487 From Japan,Contax,Film Cameras,Used,119.04,USD,FIXED_PRICE,6,1200,grail:Contax RTS;underpriced(med 658),JP,quorefl-53,100.0,2026-08-10T00:39:36.000Z,,https://www.ebay.com/itm/800483956515?hash=itemba608fd723:g:49gAAeSwhKZqeR74,https://i.ebayimg.com/images/g/49gAAeSwhKZqeR74/s-l225.jpg
残件/按现状,96.0,[ As-Is ] Mamiya Sekor C 210mm f/4 Lens for M645 1000s 645 super Pro From JAPAN,Mamiya,Lenses,Used,29.9,USD,FIXED_PRICE,8,1600,grail:645;as-is;underpriced(med 280),JP,f1-camera,100.0,2026-08-09T14:22:53.000Z,,https://www.ebay.com/itm/336734154613?hash=item4e66eb6f75:g:R10AAeSwUcpqeI23,https://i.ebayimg.com/images/g/R10AAeSwUcpqeI23/s-l225.jpg
残件/按现状,96.0,*For Parts* Pentax Spotmatic SP & ESII Black Film Camera From Japan #C12-2,Pentax,Film Cameras,Used,45.22,USD,FIXED_PRICE,14,1600,grail:Spotmatic;as-is;underpriced(med 155),JP,dub0804-55,100.0,2026-08-09T11:51:54.000Z,,https://www.ebay.com/itm/366594964283?hash=item555ac33b3b:g:pLIAAeSwRw5pP~Ac,https://i.ebayimg.com/images/g/pLIAAeSwRw5pP~Ac/s-l225.jpg
残件/按现状,96.0,Mamiya RB67 Body only FOR PARTS,Mamiya,Film Cameras,For parts or not working,110.0,USD,"FIXED_PRICE,BEST_OFFER",7,1306,grail:RB67;as-is;underpriced(med 499),US,drlotts0,100.0,2026-08-09T20:29:30.000Z,,https://www.ebay.com/itm/318703592622?hash=item4a3436e4ae:g:aI8AAeSwOT5qeOHd,https://i.ebayimg.com/images/g/aI8AAeSwOT5qeOHd/s-l225.jpg
残件/按现状,96.0,"Leitz Leica R4 MADE IN PORTUGAL, BODY ONLY-Untested",Leitz,Film Cameras,Used,125.0,USD,"FIXED_PRICE,BEST_OFFER",16,1600,grail:Leica R4;as-is;underpriced(med 1392),US,philsfan73,100.0,2026-08-09T19:56:50.000Z,,https://www.ebay.com/itm/298573224110?hash=item458459d8ae:g:AgYAAeSwPC5qJtZk,https://i.ebayimg.com/images/g/AgYAAeSwPC5qJtZk/s-l225.jpg
查无市价,94.0,(Excellent+5) Contax RX Body Working Item (LCD bleeding) K770 #5486 From Japan,Contax,Film Cameras,Used,184.58,USD,FIXED_PRICE,9,1200,grail:Contax RX;underpriced(med 658),JP,quorefl-53,100.0,2026-08-09T23:43:23.000Z,,https://www.ebay.com/itm/800483801769?hash=itemba608d7aa9:g:xyEAAeSwFW1qeREZ,https://i.ebayimg.com/images/g/xyEAAeSwFW1qeREZ/s-l225.jpg
查无市价,94.0,Contax RX Body(Excellent+3) Contax Film SLR Camera Fully Functional From Japan,Contax,Film Cameras,Used,194.3,USD,FIXED_PRICE,9,1200,grail:Contax RX;underpriced(med 658),JP,quorefl-53,100.0,2026-08-10T01:25:17.000Z,,https://www.ebay.com/itm/800484073499?hash=itemba6091a01b:g:ZwAAAeSwfn9qeSlu,https://i.ebayimg.com/images/g/ZwAAAeSwfn9qeSlu/s-l225.jpg
查无市价,94.0,Mamiya 645 Crank Part Camera Accessory No Damage From Japan,Mamiya,Film Cameras,Used,197.99,USD,FIXED_PRICE,9,1080,grail:645;underpriced(med 499),JP,niigata-japan,99.3,2026-08-09T12:10:29.000Z,,https://www.ebay.com/itm/128017664361?hash=item1dce728969:g:RakAAeSw-wlqeG9l,https://i.ebayimg.com/images/g/RakAAeSw-wlqeG9l/s-l225.jpg
查无市价,94.0,Contax RTS Camera Tested and Confirmed From Japan,Contax,Film Cameras,Used,210.99,USD,FIXED_PRICE,9,1080,grail:Contax RTS;underpriced(med 658),JP,niigata-japan,99.3,2026-08-09T12:10:31.000Z,,https://www.ebay.com/itm/128017664493?hash=item1dce7289ed:g:dvEAAeSwNtZqeG9o,https://i.ebayimg.com/images/g/dvEAAeSwNtZqeG9o/s-l225.jpg
型号不明,94.0,Contax RX Film SLR Camera Used From Japan,Contax,Film Cameras,Used,271.99,USD,FIXED_PRICE,10,800,grail:Contax RX;underpriced(med 658),JP,niigata-japan,99.3,2026-08-09T12:19:38.000Z,,https://www.ebay.com/itm/117348624829?hash=item1b5285e9bd:g:bCoAAeSwAVhqeHEQ,https://i.ebayimg.com/images/g/bCoAAeSwAVhqeHEQ/s-l225.jpg
查无市价,93.0,Leica IIF LOOEL box only,Leica,Film Cameras,Usato,68.2,USD,"FIXED_PRICE,BEST_OFFER",6,0,grail:Leica IIF;underpriced(med 835),IT,gabrcala-80,100.0,2026-08-09T07:42:50.000Z,,https://www.ebay.com/itm/147492697046?hash=item22573ff3d6:g:ol4AAOSwujFn96wM,https://i.ebayimg.com/images/g/ol4AAOSwujFn96wM/s-l225.jpg
残件/按现状,92.0,"Pentax ME Super 35mm Film Camera Body, Chrome (For Parts and Repair)",Pentax,Film Cameras,For parts or not working,25.0,USD,"FIXED_PRICE,BEST_OFFER",5,1599,grail:Pentax ME Super;as-is;underpriced(med 155),US,essinkphotoandvideo,99.1,2026-08-09T17:03:23.000Z,,https://www.ebay.com/itm/336734310267?hash=item4e66edcf7b:g:IScAAeSwLKlqeLLJ,https://i.ebayimg.com/images/g/IScAAeSwLKlqeLLJ/s-l225.jpg
残件/按现状,92.0,Asahi Pentax Spotmatic SP 35mm SLR Film Camera Body Only - Not Film Tested,Asahi,Film Cameras,For parts or not working,29.58,USD,"FIXED_PRICE,BEST_OFFER",10,1600,grail:Spotmatic;underpriced(med 131),US,secondhandshutterllc,99.8,2026-08-09T18:33:02.000Z,,https://www.ebay.com/itm/168601131004?hash=item27416917fc:g:N1sAAeSwZp9o6CKY,https://i.ebayimg.com/images/g/N1sAAeSwZp9o6CKY/s-l225.jpg
残件/按现状,92.0,*PARTS/REPAIR* Honeywell Pentax Spotmatic 35mm Film Camera Body (READ),Pentax,Film Cameras,For parts or not working,29.99,USD,FIXED_PRICE,10,1600,grail:Spotmatic;underpriced(med 155),US,jna_distributions,99.5,2026-08-09T08:53:04.000Z,,https://www.ebay.com/itm/227468214144?hash=item34f6297f80:g:iSQAAeSw1cJqeByR,https://i.ebayimg.com/images/g/iSQAAeSw1cJqeByR/s-l225.jpg
残件/按现状,92.0,PENTAX Asahi K1000 Lens 35MM FILM CAMERA W/ 50mm Lens - FOR PARTS - AS IS READ,Pentax,Film Cameras,For parts or not working,49.99,USD,FIXED_PRICE,4,1600,grail:K1000;as-is;underpriced(med 155),US,716_sports.cards,99.8,2026-08-10T02:37:44.000Z,,https://www.ebay.com/itm/366596061818?hash=item555ad3fa7a:g:SYYAAeSwfwBqeTkC,https://i.ebayimg.com/images/g/SYYAAeSwfwBqeTkC/s-l225.jpg
残件/按现状,92.0,Canon Canonet QL25 35mm Rangefinder Film Camera with 45mm Lens *UNTESTED*,Canon,Film Cameras,For parts or not working,49.99,USD,"FIXED_PRICE,BEST_OFFER",8,984,grail:Canonet;as-is;underpriced(med 160),US,griffithsgl2012,99.5,2026-08-09T13:04:54.000Z,,https://www.ebay.com/itm/147493138972?hash=item225746b21c:g:Zy8AAeSw4JZpsG0Y,https://i.ebayimg.com/images/g/Zy8AAeSw4JZpsG0Y/s-l225.jpg
残件/按现状,92.0,Konica Autoreflex TC 35mm SLR + Hexar AR 28mm f/3.5 Tested Meter Untested,Konica,Film Cameras,Open box,50.0,USD,"FIXED_PRICE,BEST_OFFER",12,1600,grail:Hexar;as-is;underpriced(med 128),US,domchom,100.0,2026-08-09T23:51:32.000Z,,https://www.ebay.com/itm/407132295241?hash=item5ecaf9d049:g:nToAAeSweEtqeRJp,https://i.ebayimg.com/images/g/nToAAeSweEtqeRJp/s-l225.jpg
残件/按现状,92.0,Pentax ME Super 35mm SLR Film Camera w/ 50mm f1.2 Lens - Vintage Untested,Pentax,Film Cameras,Used,50.0,USD,"FIXED_PRICE,BEST_OFFER",9,1599,grail:Pentax ME Super;as-is;underpriced(med 155),US,pauaceved-0,100.0,2026-08-09T05:17:48.000Z,,https://www.ebay.com/itm/318700810264?hash=item4a340c7018:g:gS4AAeSwBclqeA1k,https://i.ebayimg.com/images/g/gS4AAeSwBclqeA1k/s-l225.jpg
残件/按现状,88.0,Olympus OM-1 35mm Film SLR Camera Body READ Untested JAPAN #290,Olympus,Film Cameras,Used,67.23,USD,FIXED_PRICE,4,1080,grail:OM-1;mount:olympus om;as-is;underpriced(med 150);low-feedback,JP,vipress,75.0,2026-08-09T09:02:22.000Z,,https://www.ebay.com/itm/206477106306?hash=item3012fe9c82:g:FckAAeSwv8xqeEIa,https://i.ebayimg.com/images/g/FckAAeSwv8xqeEIa/s-l225.jpg
型号不明,88.0,4x Leitz leather cases for Leica Lens Summicron 35 50 90 Summilux 35 50 Leica M,Leitz,Lenses,Used,155.0,USD,"FIXED_PRICE,BEST_OFFER",2,1579,grail:Summicron;mount:leica m;underpriced(med 968),PL,foto-hobby,99.7,2026-08-09T18:06:17.000Z,,https://www.ebay.com/itm/358905239838?hash=item53906b591e:g:34MAAeSwUcpqeMFt,https://i.ebayimg.com/images/g/34MAAeSwUcpqeMFt/s-l225.jpg
型号不明,88.0,4x Leitz Plastic Hard Case for Leica Lens Summicron 35 50 Summilux 35 50 Leica M,Leitz,Lenses,Used,155.0,USD,"FIXED_PRICE,BEST_OFFER",1,1579,grail:Summicron;mount:leica m;underpriced(med 968),PL,foto-hobby,99.7,2026-08-09T17:53:45.000Z,,https://www.ebay.com/itm/358905203169?hash=item53906ac9e1:g:FtgAAeSwlShqeL5c,https://i.ebayimg.com/images/g/FtgAAeSwlShqeL5c/s-l225.jpg
残件/按现状,86.0,Canon A-1 with Canon 50mm f/1.8,Canon,Film Cameras,For parts or not working,65.0,USD,"FIXED_PRICE,BEST_OFFER",10,1600,grail:Canon A-1;underpriced(med 160),US,atashako,99.0,2026-08-09T23:32:15.000Z,,https://www.ebay.com/itm/128018343964?hash=item1dce7ce81c:g:KEEAAeSwvM9qXAUX,https://i.ebayimg.com/images/g/KEEAAeSwvM9qXAUX/s-l225.jpg
残件/按现状,86.0,"Olympus XA rangefinder clean but meter issues, original model READ",Olympus,Film Cameras,For parts or not working,65.0,USD,"FIXED_PRICE,BEST_OFFER",12,1600,grail:Olympus XA;underpriced(med 150),US,daveyrocket,100.0,2026-08-09T20:36:12.000Z,,https://www.ebay.com/itm/287515209136?hash=item42f13dedb0:g:-V8AAeSwIVVqeON3,https://i.ebayimg.com/images/g/-V8AAeSwIVVqeON3/s-l225.jpg
残件/按现状,86.0,:Nikon F3 HP F3HP 35mm Film SLR Camera Body Only (2123) - For Parts/Repair,Nikon,Film Cameras,For parts or not working,99.99,USD,FIXED_PRICE,5,1600,grail:Nikon F3;as-is;underpriced(med 280),US,westborncam2,99.9,2026-08-09T04:47:09.000Z,,https://www.ebay.com/itm/227468035238?hash=item34f626c4a6:g:qEoAAeSwwvJqY4E3,https://i.ebayimg.com/images/g/qEoAAeSwwvJqY4E3/s-l225.jpg
查无市价,86.0,Carl Zeiss Jena DDR Tessar 50mm F2.8 Cine Mod Prime Portrait Lens | Canon EF!,Zeiss,Lenses,Very Good - Refurbished,179.99,USD,FIXED_PRICE,8,0,grail:Tessar;mount:canon ef;underpriced(med 599),US,terphotostore,100.0,2026-08-09T11:58:04.000Z,,https://www.ebay.com/itm/178389413051?hash=item2988d66cbb:g:TysAAeSwj-VqeGwH,https://i.ebayimg.com/images/g/TysAAeSwj-VqeGwH/s-l225.jpg
型号不明,86.0,Carl Zeiss PLANAR T*1.4/50 ZE for Canon EF mount -EXC- 5639,Zeiss,Lenses,Used,366.03,USD,FIXED_PRICE,2,1200,grail:PLANAR;mount:canon ef;good-cond,JP,kitamura_camera,100.0,2026-08-09T15:27:38.000Z,,https://www.ebay.com/itm/358904773692?hash=item5390643c3c:g:npUAAeSwk3lqeTY8,https://i.ebayimg.com/images/g/npUAAeSwk3lqeTY8/s-l225.jpg
残件/按现状,85.0,Vintage Mamiya / Sekor 1000 DTL 35mm SLR Camera Untested,Mamiya,Film Cameras,For parts or not working,25.0,USD,"FIXED_PRICE,BEST_OFFER",6,1599,as-is;underpriced(med 499),US,essinkphotoandvideo,99.1,2026-08-09T16:50:14.000Z,,https://www.ebay.com/itm/336734298637?hash=item4e66eda20d:g:rPcAAeSwWatqeK-2,https://i.ebayimg.com/images/g/rPcAAeSwWatqeK-2/s-l225.jpg
残件/按现状,85.0,Vintage German Made Voigtlander VITO II Camera w/separated Leather Case. As Is,Voigtlander,Vintage Cameras,,29.99,USD,FIXED_PRICE,4,1599,as-is;underpriced(med 97),US,brits1,100.0,2026-08-09T19:57:54.000Z,,https://www.ebay.com/itm/377406254555?hash=item57df2a6ddb:g:dwQAAeSwIvJqeNtP,https://i.ebayimg.com/images/g/dwQAAeSwIvJqeNtP/s-l225.jpg
残件/按现状,85.0,ZEISS IKON CONTAFLEX FOR PARTS,Zeiss,Film Cameras,For parts or not working,29.99,USD,"FIXED_PRICE,BEST_OFFER",6,1600,as-is;underpriced(med 295),US,fruitscamera,100.0,2026-08-09T18:35:19.000Z,,https://www.ebay.com/itm/188767613262?hash=item2bf36d314e:g:jpUAAeSw19lqeMf5,https://i.ebayimg.com/images/g/jpUAAeSw19lqeMf5/s-l225.jpg
残件/按现状,85.0,Mamiya M645 1000s *PARTS/REPAIR* AS IS,Mamiya,Film Cameras,For parts or not working,29.99,USD,FIXED_PRICE,2,1600,as-is;underpriced(med 499),US,concourse,99.3,2026-08-09T07:07:34.000Z,,https://www.ebay.com/itm/178388683220?hash=item2988cb49d4:g:~Z0AAeSwVNpqeCcB,https://i.ebayimg.com/images/g/~Z0AAeSwVNpqeCcB/s-l225.jpg
残件/按现状,85.0,:Rolleiflex SL35 E (Black) 35mm Film SLR Camera Body Only (For Parts),Rolleiflex,Film Cameras,For parts or not working,29.99,USD,FIXED_PRICE,5,1600,as-is;underpriced(med 1050),US,westborncam2,99.9,2026-08-09T04:45:31.000Z,,https://www.ebay.com/itm/198557866130?hash=item2e3af89892:g:IcYAAeSwe41qchwW,https://i.ebayimg.com/images/g/IcYAAeSwe41qchwW/s-l225.jpg
型号不明,85.0,*Almost Mint* Konica Pleasant Auto Up No.2 Close Up Lens for Konica II RF /Japan,Konica,Lenses,Used,41.29,USD,FIXED_PRICE,8,1600,mount:canon rf;good-cond;underpriced(med 127),JP,hitonaga-0,100.0,2026-08-09T11:56:34.000Z,,https://www.ebay.com/itm/407131202650?hash=item5ecae9245a:g:WAAAAOSw5QFnMq43,https://i.ebayimg.com/images/g/WAAAAOSw5QFnMq43/s-l225.jpg
残件/按现状,85.0,Mamiya Sekor 1:2.8 f=8cm No.273225 Lens Untested Sold As Is,Mamiya,Film Cameras,Used,50.0,USD,"FIXED_PRICE,BEST_OFFER",6,1600,as-is;underpriced(med 499),US,littlebitjohnson,100.0,2026-08-09T15:09:14.000Z,,https://www.ebay.com/itm/128017860943?hash=item1dce75894f:g:7QQAAeSwli9qd1sD,https://i.ebayimg.com/images/g/7QQAAeSwli9qd1sD/s-l225.jpg
残件/按现状,85.0,Voigtlander VSL1 TM m42 35mm SLR untested/READ,Voigtlander,Film Cameras,For parts or not working,75.0,USD,"FIXED_PRICE,BEST_OFFER",10,1600,mount:m42;as-is;underpriced(med 574),US,daveyrocket,100.0,2026-08-09T20:28:58.000Z,,https://www.ebay.com/itm/287515199618?hash=item42f13dc882:g:NMQAAeSwxvxqeN~U,https://i.ebayimg.com/images/g/NMQAAeSwxvxqeN~U/s-l225.jpg
残件/按现状,84.0,"Minolta X-700 35mm SLR Film Camera w/ MD 50mm f/1.7 Lens, Auto Exposure, As Is",Minolta,Film Cameras,For parts or not working,49.99,USD,"FIXED_PRICE,BEST_OFFER",14,1600,grail:X-700;mount:minolta md;as-is,US,zenroshi,99.7,2026-08-09T19:18:24.000Z,,https://www.ebay.com/itm/267752156922?hash=item3e5745aefa:g:dgUAAeSw~wRqeNJJ,https://i.ebayimg.com/images/g/dgUAAeSw~wRqeNJJ/s-l225.jpg
型号不明,84.0,[Near MINT] Leica Summicron M 50 f/2 Collapsible Lens for Rangefinder From JAPAN,Leica,Lenses,Used,514.99,USD,FIXED_PRICE,23,1600,grail:Summicron;good-cond;underpriced(med 1366),JP,noma6724,100.0,2026-08-09T14:17:01.000Z,,https://www.ebay.com/itm/188766672462?hash=item2bf35ed64e:g:ZxAAAeSwMeVqeIxc,https://i.ebayimg.com/images/g/ZxAAAeSwMeVqeIxc/s-l225.jpg
残件/按现状,83.0,AS-IS Canon Single-8 518 Movie Camera – Motor & Zoom Tested Made in Japan,Canon,Vintage Cameras,,51.99,USD,"FIXED_PRICE,AUCTION",19,1477,as-is;underpriced(med 200);auction,JP,rt2308,100.0,2026-08-10T09:54:24.000Z,2026-08-17T09:54:24.000Z,https://www.ebay.com/itm/278264998068?hash=item40c9e2e8b4:g:QiwAAeSw-ABqcGVn,https://i.ebayimg.com/images/g/QiwAAeSw-ABqcGVn/s-l225.jpg
型号不明,83.0,[MINT] Mamiya M645 Teleconverter 2X N For M645 Super Pro TL From Japan,Mamiya,Lenses,Used,79.6,USD,"FIXED_PRICE,BEST_OFFER",15,1254,good-cond;underpriced(med 280),JP,akatsuki3054,99.2,2026-08-09T17:21:00.000Z,,https://www.ebay.com/itm/137602594570?hash=item2009c0f70a:g:1VkAAeSwvgtqeLdC,https://i.ebayimg.com/images/g/1VkAAeSwvgtqeLdC/s-l225.jpg
查无市价,83.0,[It's over!! ︎! Good condition】Leica CF strobe Flash 18541,Leica,Film Cameras,Used,215.13,USD,"FIXED_PRICE,BEST_OFFER",5,0,mount:hasselblad v;underpriced(med 835),JP,mgaaoetom10rbmjc-1,99.1,2026-08-09T13:57:13.000Z,,https://www.ebay.com/itm/236995635522?hash=item372e0a6942:g:e-kAAeSwPTdqeIhr,https://i.ebayimg.com/images/g/e-kAAeSwPTdqeIhr/s-l225.jpg
查无市价,83.0,[Good condition] Hasselblad-Contax Yashica mount adapter (with CY-EOS),Hasselblad,Film Cameras,Used,220.45,USD,"FIXED_PRICE,BEST_OFFER",11,0,mount:contax/yashica;underpriced(med 1137),JP,mgaaoetom10rbmjc-1,99.1,2026-08-09T14:20:19.000Z,,https://www.ebay.com/itm/236995670700?hash=item372e0af2ac:g:m-gAAeSwVhJqeI1e,https://i.ebayimg.com/images/g/m-gAAeSwVhJqeI1e/s-l225.jpg
残件/按现状,82.0,Voigtlander Vito Automatic 35mm Film Camera Leather Case Manual Untested Vintage,Voigtlander,Vintage Cameras,,37.16,USD,"FIXED_PRICE,BEST_OFFER",16,1600,as-is;underpriced(med 98),CA,zenkatcanada,99.3,2026-08-09T04:20:12.000Z,,https://www.ebay.com/itm/298571320403?hash=item45843ccc53:g:xj0AAeSw92doK~pz,https://i.ebayimg.com/images/g/xj0AAeSw92doK~pz/s-l225.jpg
残件/按现状,82.0,Canon AE-1 35mm Film SLR Camera Body READ Untested JAPAN #210,Canon,Film Cameras,Used,76.59,USD,FIXED_PRICE,3,1080,grail:AE-1;as-is;underpriced(med 182);low-feedback,JP,vipress,72.7,2026-08-09T04:33:53.000Z,,https://www.ebay.com/itm/206476663749?hash=item3012f7dbc5:g:MKUAAeSwAuVqeAMu,https://i.ebayimg.com/images/g/MKUAAeSwAuVqeAMu/s-l225.jpg
图片过小,82.0,Meter Works [Near MINT] Rollei 35 Black Film Camera Tessar 40mm F3.5 From JAPAN,Rollei,Film Cameras,Used,300.99,USD,"FIXED_PRICE,BEST_OFFER",9,500,grail:Tessar;good-cond,JP,w.a.t.k.r.japan.camera,100.0,2026-08-10T02:15:03.000Z,,https://www.ebay.com/itm/377406790095?hash=item57df3299cf:g:ec4AAeSwGnFpyvZt,https://i.ebayimg.com/images/g/ec4AAeSwGnFpyvZt/s-l225.jpg
型号不明,81.0,Nikon FE OEM New CHROME SILVER ASA Dial (nos) Made In Japan By Nikon USA Seller,Nikon,Film Cameras,New,29.0,USD,FIXED_PRICE,4,1600,mount:sony e;underpriced(med 250),US,finerystein,100.0,2026-08-09T16:42:37.000Z,,https://www.ebay.com/itm/267752044684?hash=item3e5743f88c:g:NeIAAeSw1~NqeKx6,https://i.ebayimg.com/images/g/NeIAAeSw1~NqeKx6/s-l225.jpg
残件/按现状,81.0,*PARTS/REPAIR* Nikon FE 35mm SLR Film Camera (READ DESCRIPTION),Nikon,Film Cameras,For parts or not working,32.99,USD,FIXED_PRICE,7,1600,mount:sony e;underpriced(med 250),US,jna_distributions,99.5,2026-08-09T08:53:08.000Z,,https://www.ebay.com/itm/227468214181?hash=item34f6297fa5:g:o1EAAeSwP~VqeB1S,https://i.ebayimg.com/images/g/o1EAAeSwP~VqeB1S/s-l225.jpg
残件/按现状,81.0,Yashica Electro AX M42 SLR Vintage Auto Exposure Manual Camera 1970s,Yashica,Film Cameras,For parts or not working,40.0,USD,"FIXED_PRICE,BEST_OFFER",6,1600,mount:m42;underpriced(med 130),US,kyle88ta,100.0,2026-08-09T17:57:58.000Z,,https://www.ebay.com/itm/327302282748?hash=item4c34bc7dfc:g:3PEAAeSw3bJqeL4q,https://i.ebayimg.com/images/g/3PEAAeSw3bJqeL4q/s-l225.jpg
残件/按现状,81.0,VINTAGE OLYMPUS SIX 6 FOLDING RANGEFINDER CAMERA WITH ZUIKO LENS UNTESTED CLEAN,Olympus,Film Cameras,For parts or not working,49.99,USD,FIXED_PRICE,17,1600,mount:olympus om;as-is;underpriced(med 150),US,taboo4evr,100.0,2026-08-10T01:07:40.000Z,,https://www.ebay.com/itm/257671815392?hash=item3bfe6fe0e0:g:EI8AAeSwi1JqYtkY,https://i.ebayimg.com/images/g/EI8AAeSwi1JqYtkY/s-l225.jpg
残件/按现状,81.0,:Nikon FE (Silver) 35mm Film SLR Camera Body Only (8041) - Jammed Advance,Nikon,Film Cameras,For parts or not working,49.99,USD,FIXED_PRICE,4,1600,mount:sony e;underpriced(med 280),US,westborncam2,99.9,2026-08-09T04:47:09.000Z,,https://www.ebay.com/itm/206476673252?hash=item3012f800e4:g:Lp4AAeSw-4NqY4OP,https://i.ebayimg.com/images/g/Lp4AAeSw-4NqY4OP/s-l225.jpg
残件/按现状,81.0,:Nikon FE (Black) 35mm Film SLR Camera Body Only (7745) - For Parts/Repair,Nikon,Film Cameras,For parts or not working,49.99,USD,FIXED_PRICE,4,1600,mount:sony e;as-is;underpriced(med 280),US,westborncam2,99.9,2026-08-09T04:47:09.000Z,,https://www.ebay.com/itm/206476673258?hash=item3012f800ea:g:SrkAAeSwiBtqY4Ko,https://i.ebayimg.com/images/g/SrkAAeSwiBtqY4Ko/s-l225.jpg
残件/按现状,81.0,:Nikon FE (Black) 35mm Film SLR Camera Body Only (3659) - For Parts/Repair,Nikon,Film Cameras,For parts or not working,49.99,USD,FIXED_PRICE,3,1600,mount:sony e;as-is;underpriced(med 280),US,westborncam2,99.9,2026-08-09T04:47:09.000Z,,https://www.ebay.com/itm/227468035239?hash=item34f626c4a7:g:wyQAAeSwuZlqY4ME,https://i.ebayimg.com/images/g/wyQAAeSwuZlqY4ME/s-l225.jpg
残件/按现状,81.0,Ricoh XF-30 35mm Compact Film Camera Rikenon Lens and Strap Untested,Ricoh,Film Cameras,Used,55.0,USD,"FIXED_PRICE,BEST_OFFER",8,1600,mount:fuji x;as-is;underpriced(med 147),US,chippy3247,100.0,2026-08-09T20:32:59.000Z,,https://www.ebay.com/itm/168601316708?hash=item27416bed64:g:YOMAAeSwgsZqeOMa,https://i.ebayimg.com/images/g/YOMAAeSwgsZqeOMa/s-l225.jpg
残件/按现状,81.0,Vintage Canon T50 35mm SLR Film Camera & FD 50mm f/1.8 Lens SLR. Please read.,Canon,Film Cameras,For parts or not working,60.0,USD,"FIXED_PRICE,BEST_OFFER",16,1599,mount:canon fd;underpriced(med 160),US,logmacjax,100.0,2026-08-09T17:03:17.000Z,,https://www.ebay.com/itm/287514950238?hash=item42f139fa5e:g:hrUAAeSw~uRqeLHf,https://i.ebayimg.com/images/g/hrUAAeSw~uRqeLHf/s-l225.jpg
残件/按现状,80.0,Zeiss Ikon Contessa 35mm Carl Tessar Film Camera Silver Germany Untested,Zeiss,Vintage Cameras,,51.3,USD,FIXED_PRICE,7,1600,grail:Tessar;as-is,US,kaddles,100.0,2026-08-09T23:32:08.000Z,,https://www.ebay.com/itm/198559784419?hash=item2e3b15dde3:g:1pQAAeSwUr5qUEKB,https://i.ebayimg.com/images/g/1pQAAeSwUr5qUEKB/s-l225.jpg
型号不明,80.0,[MINT] Contax Carl Zeiss Mutar 1.4x T* Teleconverter for 645 LensFrom JAPAN,Contax,Lenses,Used,169.99,USD,FIXED_PRICE,11,1600,grail:645;good-cond,JP,daishu_0,100.0,2026-08-09T14:06:42.000Z,,https://www.ebay.com/itm/137602151187?hash=item2009ba3313:g:gYkAAeSwXudqeIpm,https://i.ebayimg.com/images/g/gYkAAeSwXudqeIpm/s-l225.jpg
型号不明,80.0,COSINA ZEISS PLANAR T*1.4/50 ZF -Near Mint- 3857,Zeiss,Lenses,Used,360.61,USD,FIXED_PRICE,2,1200,grail:PLANAR;good-cond,JP,kitamura_camera,100.0,2026-08-09T15:27:38.000Z,,https://www.ebay.com/itm/358904773703?hash=item5390643c47:g:z5cAAeSwyJFqeTZG,https://i.ebayimg.com/images/g/z5cAAeSwyJFqeTZG/s-l225.jpg
残件/按现状,79.0,[As-is/Not Working] Canon Autoboy 2 AF35M f2.8 Point & Shoot 35mm Film JAPAN,Canon,Film Cameras,Used,32.99,USD,FIXED_PRICE,10,1600,as-is;underpriced(med 160),JP,kurmas-12,99.5,2026-08-09T11:23:17.000Z,,https://www.ebay.com/itm/336733995616?hash=item4e66e90260:g:eaoAAeSwWUhqXDMF,https://i.ebayimg.com/images/g/eaoAAeSwWUhqXDMF/s-l225.jpg
残件/按现状,79.0,ricoh FF-70d RIKENON 35mm F2.8 Film Camera For Parts,Ricoh,Film Cameras,Used,35.0,USD,FIXED_PRICE,19,1600,as-is;underpriced(med 147),JP,japanese.wholesaler.oden,99.5,2026-08-09T13:24:50.000Z,,https://www.ebay.com/itm/377405555297?hash=item57df1fc261:g:5OAAAeSwKzZqUET6,https://i.ebayimg.com/images/g/5OAAAeSwKzZqUET6/s-l225.jpg
残件/按现状,79.0,Canon Sure Shot TELEMAX 35mm Film Camera 38/70mm Lens for PARTS Only but Working,Canon,Film Cameras,For parts or not working,44.99,USD,"FIXED_PRICE,AUCTION",15,1159,as-is;underpriced(med 160);auction,US,chancejordan271,100.0,2026-08-10T02:34:28.000Z,2026-08-17T02:34:28.000Z,https://www.ebay.com/itm/198560036316?hash=item2e3b19b5dc:g:MecAAeSwsIxqbqGr,https://i.ebayimg.com/images/g/MecAAeSwsIxqbqGr/s-l225.jpg
残件/按现状,79.0,Canon Sure Shot Z115 Panorama Caption 35mm Point & Shoot Film Camera Untested,Canon,Film Cameras,Used,49.89,USD,"FIXED_PRICE,AUCTION",6,1600,as-is;underpriced(med 160);auction,US,crprofusion303,100.0,2026-08-10T01:03:17.000Z,2026-08-15T01:03:17.000Z,https://www.ebay.com/itm/168601716846?hash=item274172086e:g:~O4AAeSwUXxqcosf,https://i.ebayimg.com/images/g/~O4AAeSwUXxqcosf/s-l225.jpg
残件/按现状,79.0,tested【for parts】RICOH XR500 SLR /smc pentax-m 50mm f/2 Lens from Japan,Ricoh,Film Cameras,Used,62.99,USD,"FIXED_PRICE,BEST_OFFER",14,1593,mount:pentax k;as-is;underpriced(med 147),JP,japan-vintage-collection,100.0,2026-08-09T15:11:47.000Z,,https://www.ebay.com/itm/398266965015?hash=item5cba8f9c17:g:TYkAAeSwlK5pxu6c,https://i.ebayimg.com/images/g/TYkAAeSwlK5pxu6c/s-l225.jpg
残件/按现状,79.0,Rollei Rolleimatic 35mm Film camera - Parts or Repair,Rollei,Film Cameras,For parts or not working,65.0,USD,"FIXED_PRICE,BEST_OFFER",6,1600,underpriced(med 450),US,mass495,100.0,2026-08-10T01:55:24.000Z,,https://www.ebay.com/itm/147494318262?hash=item225758b0b6:g:2xcAAeSw~gZqZQ6N,https://i.ebayimg.com/images/g/2xcAAeSw~gZqZQ6N/s-l225.jpg
残件/按现状;打包杂件,79.0,Mamiya Sekor 1000 DTL 528TL 35mm SLR Camera Lens Bundle Flash Manuals,Mamiya,Film Cameras,For parts or not working,75.0,USD,FIXED_PRICE,19,1600,underpriced(med 499),US,jlbresellers,99.6,2026-08-09T09:00:01.000Z,,https://www.ebay.com/itm/198557099485?hash=item2e3aece5dd:g:B7sAAeSwAVhqd4-W,https://i.ebayimg.com/images/g/B7sAAeSwAVhqd4-W/s-l225.jpg
型号不明,79.0,[MINT] Nikon AF-S DX NIKKOR 16-85/3.5-5.6G ED VR Auto foucs Zoom lens From JAPAN,Nikon,Lenses,Used,99.99,USD,FIXED_PRICE,7,1600,mount:nikon f;good-cond;underpriced(med 229),JP,awesome_cameras.japan,100.0,2026-08-09T04:05:04.000Z,,https://www.ebay.com/itm/336733599609?hash=item4e66e2f779:g:6Y8AAeSwSG9qd~2g,https://i.ebayimg.com/images/g/6Y8AAeSwSG9qd~2g/s-l225.jpg
型号不明,79.0,[Top MINT] Canon Extender EF 2X Teleconverter Lens for EF Mount From JAPAN,Canon,Lenses,Used,114.99,USD,FIXED_PRICE,23,1600,mount:canon ef;good-cond;underpriced(med 300),JP,camera_japan_chikami,99.7,2026-08-09T12:29:16.000Z,,https://www.ebay.com/itm/336734044355?hash=item4e66e9c0c3:g:gq0AAeSw7-lqeHOZ,https://i.ebayimg.com/images/g/gq0AAeSw7-lqeHOZ/s-l225.jpg
型号不明,79.0,[Almost MINT] Canon Extender EF 1.4x II Teleconverter for EF Mount Lens From JP,Canon,Lenses,Used,115.99,USD,FIXED_PRICE,23,1600,mount:canon ef;good-cond;underpriced(med 300),JP,sososee-store,100.0,2026-08-09T11:14:07.000Z,,https://www.ebay.com/itm/198558517716?hash=item2e3b0289d4:g:43UAAeSwqhJqeGIt,https://i.ebayimg.com/images/g/43UAAeSwqhJqeGIt/s-l225.jpg
型号不明,79.0,Canon Extender EF 1.4x Teleconverter Lens for EF Mount EOS [MINT] From Japan,Canon,Lenses,Used,119.99,USD,FIXED_PRICE,17,1600,mount:canon ef;good-cond;underpriced(med 300),JP,sevenpark,100.0,2026-08-09T21:24:54.000Z,,https://www.ebay.com/itm/178390857298?hash=item2988ec7652:g:n2sAAeSwfn9qeO0O,https://i.ebayimg.com/images/g/n2sAAeSwfn9qeO0O/s-l225.jpg
残件/按现状,78.0,Asahi Pentax K1000 35mm Film Camera Body Only Untested,Asahi,Film Cameras,For parts or not working,59.95,USD,FIXED_PRICE,14,1600,grail:K1000;as-is,US,anthonyw829,100.0,2026-08-09T14:14:19.000Z,,https://www.ebay.com/itm/137602168510?hash=item2009ba76be:g:AbcAAeSwC-FqeIrA,https://i.ebayimg.com/images/g/AbcAAeSwC-FqeIrA/s-l225.jpg
残件/按现状,78.0,Vintage Minolta X-700 35MM camera With Extra Lenses and Manuals UNTESTED!,Minolta,Film Cameras,Used,59.99,USD,"FIXED_PRICE,BEST_OFFER",16,1274,grail:X-700;as-is,US,mr.culp,100.0,2026-08-09T17:37:35.000Z,,https://www.ebay.com/itm/336734343959?hash=item4e66ee5317:g:tEAAAeSwW4tqeLW9,https://i.ebayimg.com/images/g/tEAAAeSwW4tqeLW9/s-l225.jpg
残件/按现状,78.0,Canon AE-1 FD Sigma 70mm 3.5-4.5 Lens And Strap. Read Description,Canon,Film Cameras,Used,80.85,USD,FIXED_PRICE,12,1599,grail:AE-1;mount:canon fd,US,rdharrisfireman,100.0,2026-08-09T14:15:27.000Z,,https://www.ebay.com/itm/327302078073?hash=item4c34b95e79:g:NZEAAeSwqgRqeIsl,https://i.ebayimg.com/images/g/NZEAAeSwqgRqeIsl/s-l225.jpg
查无市价,78.0,[Near MINT] Zenza Bronica ZENZANON MC 200mm f/3.5 for EC S S2 From JAPAN,Bronica,Lenses,Used,104.99,USD,FIXED_PRICE,23,1600,grail:Bronica ZENZANON;good-cond,JP,kazu_camera_yamanashi_japan,99.8,2026-08-09T16:05:07.000Z,,https://www.ebay.com/itm/168600864190?hash=item27416505be:g:vuEAAeSwCsZqeKZh,https://i.ebayimg.com/images/g/vuEAAeSwCsZqeKZh/s-l225.jpg
型号不明,77.0,Contax NX Film SLR Camera Body From Japan,Contax,Film Cameras,Used,168.99,USD,FIXED_PRICE,6,1080,underpriced(med 658),JP,niigata-japan,99.3,2026-08-09T12:10:30.000Z,,https://www.ebay.com/itm/117348613012?hash=item1b5285bb94:g:I00AAeSwF~xqeG7t,https://i.ebayimg.com/images/g/I00AAeSwF~xqeG7t/s-l225.jpg
型号不明,77.0,Contax F Film Camera Body Only Clear Shutter From Japan,Contax,Film Cameras,Used,177.99,USD,FIXED_PRICE,19,1080,underpriced(med 658),JP,niigata-japan,99.3,2026-08-09T12:10:29.000Z,,https://www.ebay.com/itm/117348612911?hash=item1b5285bb2f:g:Pn8AAeSwk3lqeG6z,https://i.ebayimg.com/images/g/Pn8AAeSwk3lqeG6z/s-l225.jpg
型号不明,77.0,CONTAX NX black body in working condition,Contax,Film Cameras,Used,196.36,USD,"FIXED_PRICE,BEST_OFFER",8,1080,underpriced(med 658),JP,mgaaoetom10rbmjc-1,99.1,2026-08-09T13:56:56.000Z,,https://www.ebay.com/itm/236995635210?hash=item372e0a680a:g:YZkAAeSwQ0FqeIhc,https://i.ebayimg.com/images/g/YZkAAeSwQ0FqeIhc/s-l225.jpg
型号不明,77.0,15857 Top quality Kenko KF-3 YC Contax mount camera,Contax,Film Cameras,Used,288.86,USD,"FIXED_PRICE,BEST_OFFER",9,720,underpriced(med 658),JP,mgaaoetom10rbmjc-1,99.1,2026-08-09T14:37:23.000Z,,https://www.ebay.com/itm/236995708203?hash=item372e0b852b:g:yJwAAeSws3NqeJGb,https://i.ebayimg.com/images/g/yJwAAeSws3NqeJGb/s-l225.jpg
查无市价,77.0,🎦👀✨MINT✨ Linhof 9x12 4x5 Universal Zoom Finder for 75-360mm Lens From JAPAN,Linhof,Film Cameras,Used,439.99,USD,FIXED_PRICE,8,0,good-cond;underpriced(med 1200),JP,positive_star_camera,99.9,2026-08-09T22:57:45.000Z,,https://www.ebay.com/itm/407132229895?hash=item5ecaf8d107:g:z7EAAeSwfE5qUNRx,https://i.ebayimg.com/images/g/z7EAAeSwfE5qUNRx/s-l225.jpg
残件/按现状,76.0,Nikon F3 Body SLR Film Camera For Parts,Nikon,Film Cameras,For parts or not working,124.99,USD,"FIXED_PRICE,AUCTION",10,1600,grail:Nikon F3;as-is;auction,US,bartleby000,100.0,2026-08-09T20:17:34.000Z,2026-08-16T20:17:34.000Z,https://www.ebay.com/itm/236996251932?hash=item372e13d11c:g:KjUAAeSwEbBqb6RX,https://i.ebayimg.com/images/g/KjUAAeSwEbBqb6RX/s-l225.jpg
残件/按现状,76.0,"Zenza Bronica ETRS Medium Format Camera w/ AE-II Prism, 75mm f/2.8 - for repair",Bronica,Film Cameras,Used,299.99,USD,FIXED_PRICE,17,1600,grail:Bronica ETRS;as-is,US,nickelsndiamonds1013,100.0,2026-08-10T01:42:01.000Z,,https://www.ebay.com/itm/227469104826?hash=item34f63716ba:g:8r0AAeSwD-BqaoM-,https://i.ebayimg.com/images/g/8r0AAeSwD-BqaoM-/s-l225.jpg
型号不明,76.0,⭐️Top MINT⭐️ Leica Leitz Elmar 5cm f/3.5 L39 LTM Screw Mount Lens From JAPAN,Leica,Lenses,Used,679.99,USD,FIXED_PRICE,9,1600,grail:Elmar;mount:ltm/l39;good-cond,JP,orihika-at,100.0,2026-08-09T07:09:44.000Z,,https://www.ebay.com/itm/318701123764?hash=item4a341138b4:g:EN8AAeSwWtdqL4Ba,https://i.ebayimg.com/images/g/EN8AAeSwWtdqL4Ba/s-l225.jpg
残件/按现状,75.0,Yashica Auto Focus Motor 35mm Film Camera 38mm f/2.8 Flash Not Working AS-IS,Yashica,Film Cameras,For parts or not working,25.0,USD,"FIXED_PRICE,BEST_OFFER",4,1600,as-is;underpriced(med 130),US,mason_tx,100.0,2026-08-10T01:54:56.000Z,,https://www.ebay.com/itm/278263975218?hash=item40c9d34d32:g:AAsAAeSwKTRqeSLd,https://i.ebayimg.com/images/g/AAsAAeSwKTRqeSLd/s-l225.jpg
残件/按现状,75.0,"Pentax IQZoom 160 35mm Film Point and Shoot Camera, Untested",Pentax,Film Cameras,Used,25.0,USD,FIXED_PRICE,5,1600,as-is;underpriced(med 155),US,kassa517,99.8,2026-08-09T23:40:41.000Z,,https://www.ebay.com/itm/287515429420?hash=item42f1414a2c:g:BpYAAeSwW4tqeQ4a,https://i.ebayimg.com/images/g/BpYAAeSwW4tqeQ4a/s-l225.jpg
残件/按现状,75.0,Minolta Freedom XT 35mm Film Camera,Minolta,Film Cameras,For parts or not working,25.0,USD,FIXED_PRICE,4,1600,underpriced(med 95),US,ghoststash26,100.0,2026-08-09T21:17:59.000Z,,https://www.ebay.com/itm/267752230810?hash=item3e5746cf9a:g:9HUAAeSwhyNqeO5X,https://i.ebayimg.com/images/g/9HUAAeSwhyNqeO5X/s-l225.jpg
残件/按现状,75.0,Olympus Accura Zoom 105 35mm Film Camera Black Untested,Olympus,Film Cameras,For parts or not working,25.0,USD,FIXED_PRICE,3,1600,as-is;underpriced(med 150),US,ghoststash26,100.0,2026-08-09T20:34:41.000Z,,https://www.ebay.com/itm/257671453579?hash=item3bfe6a5b8b:g:b6gAAeSwThVqeOQs,https://i.ebayimg.com/images/g/b6gAAeSwThVqeOQs/s-l225.jpg
残件/按现状,75.0,Olympus Quick Shooter Zoom 2 Point & Shoot Camera Untested,Olympus,Film Cameras,Used,25.0,USD,FIXED_PRICE,5,1600,as-is;underpriced(med 150),US,ghoststash26,100.0,2026-08-09T19:42:40.000Z,,https://www.ebay.com/itm/257671331405?hash=item3bfe687e4d:g:UmsAAeSwhyNqeNeV,https://i.ebayimg.com/images/g/UmsAAeSwhyNqeNeV/s-l225.jpg
残件/按现状,75.0,(UNTESTED) Canon EOS Rebel 2000 35mm SLR Film Camera Body W/ Strap NO BATTERY,Canon,Film Cameras,For parts or not working,25.49,USD,"FIXED_PRICE,BEST_OFFER",5,1600,as-is;underpriced(med 160),US,treasureislandusa,99.9,2026-08-09T22:28:23.000Z,,https://www.ebay.com/itm/318703940364?hash=item4a343c330c:g:nSoAAeSwiBtqUCdz,https://i.ebayimg.com/images/g/nSoAAeSwiBtqUCdz/s-l225.jpg
残件/按现状,75.0,Yashica TL Electro X 35mm Film SLR Camera Body Silver Vintage Japan FOR PARTS,Yashica,Film Cameras,For parts or not working,25.6,USD,FIXED_PRICE,11,1600,as-is;underpriced(med 130),US,secondhandshutterllc,99.8,2026-08-09T23:33:31.000Z,,https://www.ebay.com/itm/168601593657?hash=item2741702739:g:likAAeSwBu9qUDbP,https://i.ebayimg.com/images/g/likAAeSwBu9qUDbP/s-l225.jpg
残件/按现状,75.0,Canon Sure Shot Z155 Caption 35mm Film Camera Works For Parts,Canon,Film Cameras,For parts or not working,27.2,USD,FIXED_PRICE,4,1600,as-is;underpriced(med 160),US,gregmoney,99.8,2026-08-09T20:59:33.000Z,,https://www.ebay.com/itm/298573331299?hash=item45845b7b63:g:YvAAAeSwJ2dqeOol,https://i.ebayimg.com/images/g/YvAAAeSwJ2dqeOol/s-l225.jpg
残件/按现状,75.0,"Canon EOS 650 35mm Film SLR Camera Body, Black (Made in Japan) for parts",Canon,Film Cameras,For parts or not working,27.95,USD,FIXED_PRICE,10,1425,as-is;underpriced(med 160),US,aguar_122,99.8,2026-08-09T23:38:55.000Z,,https://www.ebay.com/itm/188768615566?hash=item2bf37c7c8e:g:E0UAAeSwoUJqeQWO,https://i.ebayimg.com/images/g/E0UAAeSwoUJqeQWO/s-l225.jpg
残件/按现状,75.0,Vintage Canon Reflex Zoom 8-2 8mm Movie Camera 10-40mm f1.4 Lens UNTESTED,Canon,Vintage Cameras,,27.99,USD,"FIXED_PRICE,BEST_OFFER",10,1600,as-is;underpriced(med 200),US,luba8888,100.0,2026-08-10T11:56:22.000Z,,https://www.ebay.com/itm/168602927977?hash=item2741848369:g:E~MAAeSwCDZqFK3Z,https://i.ebayimg.com/images/g/E~MAAeSwCDZqFK3Z/s-l225.jpg
残件/按现状,75.0,Canon Sure Shot AF35M 35mm Film Camera CAFS Auto Focus 38mm f/2.8 Lens for parts,Canon,Film Cameras,For parts or not working,27.99,USD,"FIXED_PRICE,BEST_OFFER",2,1314,as-is;underpriced(med 160),US,osca589,99.8,2026-08-09T16:25:35.000Z,,https://www.ebay.com/itm/158170318065?hash=item24d3af84f1:g:VYAAAeSwvFVqdnzz,https://i.ebayimg.com/images/g/VYAAAeSwvFVqdnzz/s-l225.jpg
残件/按现状,75.0,Canon Sure Shot Owl Point & Shoot 35mm Film Camera w/ Canon 35mm F/4.5 AF Lens,Canon,Film Cameras,For parts or not working,29.0,USD,"FIXED_PRICE,BEST_OFFER",10,1600,underpriced(med 160),US,akerbo12,99.8,2026-08-10T00:21:12.000Z,,https://www.ebay.com/itm/307117005056?hash=item4781999900:g:wAEAAeSw1WFqeRlJ,https://i.ebayimg.com/images/g/wAEAAeSw1WFqeRlJ/s-l225.jpg
残件/按现状,75.0,Minolta SRT 101 35mm Film Camera Body Only No Lens Parts Or Repair,Minolta,Film Cameras,For parts or not working,29.0,USD,"FIXED_PRICE,BEST_OFFER",8,1600,underpriced(med 95),US,omegac.a.d,99.6,2026-08-09T17:01:50.000Z,,https://www.ebay.com/itm/117348971322?hash=item1b528b333a:g:iAMAAeSw1clqeLIn,https://i.ebayimg.com/images/g/iAMAAeSw1clqeLIn/s-l225.jpg
残件/按现状,75.0,Canon EOS Rebel XS 35mm SLR Film 35-80mm Lens - UNTESTED,Canon,Film Cameras,Used,29.49,USD,"FIXED_PRICE,BEST_OFFER",7,1600,as-is;underpriced(med 160),US,funkyned,100.0,2026-08-09T20:47:53.000Z,,https://www.ebay.com/itm/358905649816?hash=item5390719a98:g:yakAAeSwv-JqeOdd,https://i.ebayimg.com/images/g/yakAAeSwv-JqeOdd/s-l225.jpg
残件/按现状,75.0,Canon AF35ML Super Sure Shot 35mm Camera f/1.9 40mm Lens Untested Parts Repair,Canon,Film Cameras,For parts or not working,29.95,USD,FIXED_PRICE,18,1600,as-is;underpriced(med 160),US,kehlhof_market,100.0,2026-08-09T19:04:24.000Z,,https://www.ebay.com/itm/336734434566?hash=item4e66efb506:g:t0cAAeSwuvdqeM66,https://i.ebayimg.com/images/g/t0cAAeSwuvdqeM66/s-l225.jpg
残件/按现状,75.0,Canon Ivy CLIQ 2 CV-223 Aqua Blue Built-In Flash Instant Camera Printer Untested,Canon,Film Cameras,Used,29.99,USD,FIXED_PRICE,7,1600,as-is;underpriced(med 160),US,goodwillsouthflorida,99.6,2026-08-10T01:00:29.000Z,,https://www.ebay.com/itm/800484015603?hash=itemba6090bdf3:g:MtsAAeSwgIBqeSOg,https://i.ebayimg.com/images/g/MtsAAeSwgIBqeSOg/s-l225.jpg
残件/按现状;描述含糊,75.0,Canon EOS 650 Film Camera With Lens And Strap Untested Condition Unknown As Is,Canon,Film Cameras,For parts or not working,29.99,USD,"FIXED_PRICE,BEST_OFFER",8,1600,as-is;underpriced(med 160),US,micler82,99.3,2026-08-09T22:23:56.000Z,,https://www.ebay.com/itm/318703930381?hash=item4a343c0c0d:g:7AMAAeSwIGNqeP2x,https://i.ebayimg.com/images/g/7AMAAeSwIGNqeP2x/s-l225.jpg
残件/按现状,75.0,Canon AF35M Autoboy Sure Shot 38mm f/2.8 35mm Film Camera — UNTESTED AS IS,Canon,Film Cameras,For parts or not working,30.0,USD,FIXED_PRICE,4,1600,as-is;underpriced(med 160),US,novasells777,99.8,2026-08-09T22:06:47.000Z,,https://www.ebay.com/itm/377406428252?hash=item57df2d145c:g:pBYAAeSwuZlqUCJH,https://i.ebayimg.com/images/g/pBYAAeSwuZlqUCJH/s-l225.jpg
残件/按现状,75.0,Yashica 300 Auto Focus Kyocera 35MM FILM camera with 28-70MM Sigma lens UNTESTED,Yashica,Film Cameras,Used,30.0,USD,"FIXED_PRICE,BEST_OFFER",3,1600,as-is;underpriced(med 130),US,imbajoh,100.0,2026-08-09T22:02:27.000Z,,https://www.ebay.com/itm/336734584020?hash=item4e66f1fcd4:g:cB4AAeSwHiJqePjg,https://i.ebayimg.com/images/g/cB4AAeSwHiJqePjg/s-l225.jpg
残件/按现状,75.0,Supreme Yashica MF-1 Camera Needs Slight Fix,Yashica,Film Cameras,For parts or not working,30.0,USD,"FIXED_PRICE,BEST_OFFER",0,1600,underpriced(med 130),US,dkrdsalescalifornia,100.0,2026-08-09T20:20:38.000Z,,https://www.ebay.com/itm/168601298495?hash=item27416ba63f:g:nbwAAeSw4qpqeOCk,https://i.ebayimg.com/images/g/nbwAAeSw4qpqeOCk/s-l225.jpg
残件/按现状;打包杂件,75.0,"Olympus Camera Lot Vintage, for Parts/repair *AS IS*",Olympus,Film Cameras,For parts or not working,30.0,USD,"FIXED_PRICE,BEST_OFFER",17,1600,as-is;underpriced(med 150),US,stephyy97,100.0,2026-08-09T10:29:12.000Z,,https://www.ebay.com/itm/287514347562?hash=item42f130c82a:g:QKgAAeSwj-VqeFO-,https://i.ebayimg.com/images/g/QKgAAeSwj-VqeFO-/s-l225.jpg
残件/按现状,75.0,Canon EOS 888 Quartz Date 35mm Film Camera Body Only w/ Battery Pack Untested,Canon,Film Cameras,Used,30.93,USD,"FIXED_PRICE,BEST_OFFER",5,1440,as-is;underpriced(med 160),US,garagechic03,99.8,2026-08-09T15:44:10.000Z,,https://www.ebay.com/itm/298572693646?hash=item458451c08e:g:MYUAAeSwNUxp2Bv8,https://i.ebayimg.com/images/g/MYUAAeSwNUxp2Bv8/s-l225.jpg
残件/按现状,75.0,NIKON N2000 35mm SLR Camera SIGMA 35-70mm Lens Parts Repair,Nikon,Film Cameras,For parts or not working,31.49,USD,"FIXED_PRICE,BEST_OFFER",10,1600,underpriced(med 250),US,wandpgoods,100.0,2026-08-09T06:37:07.000Z,,https://www.ebay.com/itm/336733732297?hash=item4e66e4fdc9:g:MKYAAeSweu9qeB9H,https://i.ebayimg.com/images/g/MKYAAeSweu9qeB9H/s-l225.jpg
残件/按现状,75.0,Konica Auto S2 35mm Camera 45mm F 1.8 Hexanon lens Rangefinder Untested,Konica,Film Cameras,For parts or not working,32.5,USD,"FIXED_PRICE,BEST_OFFER",5,1600,as-is;underpriced(med 128),US,avantoarchive,100.0,2026-08-09T16:23:58.000Z,,https://www.ebay.com/itm/307116378291?hash=item47819008b3:g:ZekAAeSwWUhqeKlY,https://i.ebayimg.com/images/g/ZekAAeSwWUhqeKlY/s-l225.jpg
残件/按现状,75.0,Nikon N2000 35mm Film Camera Body Only With Manuals Black Untested,Nikon,Film Cameras,Used,33.33,USD,"FIXED_PRICE,BEST_OFFER",9,1600,as-is;underpriced(med 250),US,i.boom.streetware,99.4,2026-08-09T23:15:01.000Z,,https://www.ebay.com/itm/318647875057?hash=item4a30e4b5f1:g:9OsAAeSwxLNqY8KM,https://i.ebayimg.com/images/g/9OsAAeSwxLNqY8KM/s-l225.jpg
残件/按现状,75.0,Olympus PEN EE-2 35mm Half Frame Film Camera Parts Repair Won't Advance,Olympus,Film Cameras,For parts or not working,34.95,USD,FIXED_PRICE,4,1200,underpriced(med 150),US,awwgallery,99.7,2026-08-09T21:03:39.000Z,,https://www.ebay.com/itm/358905681490?hash=item5390721652:g:ynAAAeSwWKNqeOqL,https://i.ebayimg.com/images/g/ynAAAeSwWKNqeOqL/s-l225.jpg
残件/按现状,75.0,Konica C35 AF2 Auto Focus 35mm Point-and-Shoot Film Camera is being sold as-is.,Konica,Film Cameras,For parts or not working,34.99,USD,"FIXED_PRICE,BEST_OFFER",11,1600,as-is;underpriced(med 128),US,real_deals_1,100.0,2026-08-10T01:21:34.000Z,,https://www.ebay.com/itm/366595979685?hash=item555ad2b9a5:g:MQAAAeSwcOVoAZ3q,https://i.ebayimg.com/images/g/MQAAAeSwcOVoAZ3q/s-l225.jpg
残件/按现状,75.0,Canon Sure Shot Telemax 35mm Film Point Shoot Camera Black Parts Repair As Is,Canon,Film Cameras,For parts or not working,34.99,USD,"FIXED_PRICE,BEST_OFFER",9,1600,as-is;underpriced(med 160),US,ancarman1,100.0,2026-08-09T13:17:10.000Z,,https://www.ebay.com/itm/137602030149?hash=item2009b85a45:g:OUUAAeSwkwdqJGvC,https://i.ebayimg.com/images/g/OUUAAeSwkwdqJGvC/s-l225.jpg
残件/按现状,75.0,Nikon Action Touch 35mm Film Camera 35mm f/2.8 Untested For Parts AS-IS / Clean,Nikon,Film Cameras,Used,35.0,USD,"FIXED_PRICE,BEST_OFFER",4,1263,as-is;underpriced(med 250),US,muranofan,100.0,2026-08-10T01:17:47.000Z,,https://www.ebay.com/itm/287515534823?hash=item42f142e5e7:g:C3oAAeSwA9FqeSTf,https://i.ebayimg.com/images/g/C3oAAeSwA9FqeSTf/s-l225.jpg
残件/按现状,75.0,Konica Aiborg 35mm Film Camera Zoom Lens,Konica,Film Cameras,For parts or not working,35.0,USD,FIXED_PRICE,12,1600,underpriced(med 128),US,mpatters03108,100.0,2026-08-09T21:33:09.000Z,,https://www.ebay.com/itm/800483493075?hash=itemba6088c4d3:g:yKIAAeSw19lqePH7,https://i.ebayimg.com/images/g/yKIAAeSw19lqePH7/s-l225.jpg
残件/按现状,75.0,Minolta Maxxum 7000 35mm AF SLR Film Camera Body-Untested No Lens/Powers On,Minolta,Film Cameras,Used,35.0,USD,FIXED_PRICE,5,1600,as-is;underpriced(med 95),US,fuji_1778,98.1,2026-08-09T21:31:45.000Z,,https://www.ebay.com/itm/198559513304?hash=item2e3b11bad8:g:gAoAAeSwyShqeO~o,https://i.ebayimg.com/images/g/gAoAAeSwyShqeO~o/s-l225.jpg
残件/按现状,75.0,Fujica 35-SE Camera 35mm Rangefinder Camera w/ Fuji Lens - Untested As Is,Fuji,Film Cameras,For parts or not working,35.0,USD,"FIXED_PRICE,BEST_OFFER",4,1600,as-is;underpriced(med 404),US,phillilync_4,100.0,2026-08-09T14:14:53.000Z,,https://www.ebay.com/itm/236995664710?hash=item372e0adb46:g:6koAAeSwk71qeIrf,https://i.ebayimg.com/images/g/6koAAeSwk71qeIrf/s-l225.jpg
残件/按现状,75.0,@ SakuraDo @ For Parts or Repair @ Minolta MC Tele Rokkor-QD 135mm f3.5 Lens,Minolta,Lenses,Used,36.0,USD,"FIXED_PRICE,BEST_OFFER",10,1599,mount:minolta md;as-is;underpriced(med 114),JP,6_x_6_by_sakurado,98.9,2026-08-09T06:13:35.000Z,,https://www.ebay.com/itm/147492561170?hash=item22573de112:g:uFAAAOSwCt9ify~z,https://i.ebayimg.com/images/g/uFAAAOSwCt9ify~z/s-l225.jpg
残件/按现状,75.0,Vintage Cameras Canon Kodak Other Cameras & Accessories (8-pack) (Parts Only),Canon,Vintage Cameras,,37.95,USD,"FIXED_PRICE,BEST_OFFER",9,1600,as-is;underpriced(med 200),US,wildwillysonlinestore,100.0,2026-08-10T00:36:43.000Z,,https://www.ebay.com/itm/358906099110?hash=item53907875a6:g:4sEAAOSwb5ZoEnLs,https://i.ebayimg.com/images/g/4sEAAOSwb5ZoEnLs/s-l225.jpg
残件/按现状,75.0,2 Minolta Freedom Zoom & Elite 35mm Film Camera PARTS ONLY - Flash Issues,Minolta,Film Cameras,For parts or not working,38.87,USD,"FIXED_PRICE,BEST_OFFER",16,1600,as-is;underpriced(med 95),US,allstars-49,99.9,2026-08-09T13:25:09.000Z,,https://www.ebay.com/itm/336734095629?hash=item4e66ea890d:g:hw0AAeSw9WBqKDvQ,https://i.ebayimg.com/images/g/hw0AAeSw9WBqKDvQ/s-l225.jpg
残件/按现状,75.0,Nikon EM Vintage Film Camera 50 mm 1:1.8 Series E Lens Made In Japan UNTESTED,Nikon,Vintage Cameras,,39.46,USD,FIXED_PRICE,12,1600,as-is;underpriced(med 171),US,fairbargainz,99.4,2026-08-09T22:02:48.000Z,,https://www.ebay.com/itm/307116843577?hash=item4781972239:g:CfcAAeSwzIxqYloE,https://i.ebayimg.com/images/g/CfcAAeSwzIxqYloE/s-l225.jpg
残件/按现状,75.0,Pentax Asahi ME SE 35mm Film Camera Body Chrome Brown Leather Parts Repair,Pentax,Film Cameras,For parts or not working,39.99,USD,FIXED_PRICE,6,1600,underpriced(med 155),US,716_sports.cards,99.8,2026-08-10T02:41:20.000Z,,https://www.ebay.com/itm/366596064954?hash=item555ad406ba:g:j3MAAeSwqgRqeTog,https://i.ebayimg.com/images/g/j3MAAeSwqgRqeTog/s-l225.jpg
残件/按现状,75.0,Pentax IQZoom 105WR 35mm Film Camera Untested W Bag And Manual Black,Pentax,Film Cameras,Used,39.99,USD,"FIXED_PRICE,BEST_OFFER",9,1600,as-is;underpriced(med 155),US,i.boom.streetware,99.4,2026-08-09T22:00:01.000Z,,https://www.ebay.com/itm/318647702945?hash=item4a30e215a1:g:GyYAAeSwwnlqYrkv,https://i.ebayimg.com/images/g/GyYAAeSwwnlqYrkv/s-l225.jpg
残件/按现状,75.0,-Bell & Howell / Canon Dial 35 35mm 1/2 frame Film Camera For Parts Or Repair,Canon,Film Cameras,For parts or not working,39.99,USD,"FIXED_PRICE,BEST_OFFER",13,1600,as-is;underpriced(med 160),US,pnwsunrisesales,99.8,2026-08-09T20:34:37.000Z,,https://www.ebay.com/itm/377406311368?hash=item57df2b4bc8:g:QX0AAeSwA9FqeMYq,https://i.ebayimg.com/images/g/QX0AAeSwA9FqeMYq/s-l225.jpg
打包杂件,75.0,Fujifilm Instax Mini 9 & Mini 11 Instant Film Camera Lot 2 Pieces Tested,Fujifilm,Film Cameras,Used,39.99,USD,FIXED_PRICE,7,1600,underpriced(med 110),US,goodwillsocalshop,99.7,2026-08-09T13:37:24.000Z,,https://www.ebay.com/itm/267751877850?hash=item3e57416cda:g:QzQAAeSw87xqb0j1,https://i.ebayimg.com/images/g/QzQAAeSw87xqb0j1/s-l225.jpg
打包杂件,75.0,Fujifilm Instax Mini 8 & Mini 9 Instant Film Camera Lot Tested 2 Piece,Fujifilm,Film Cameras,Used,39.99,USD,FIXED_PRICE,6,1294,underpriced(med 110),US,goodwillsocalshop,99.7,2026-08-09T13:37:12.000Z,,https://www.ebay.com/itm/267751877713?hash=item3e57416c51:g:8NIAAeSwC~Zqb0jt,https://i.ebayimg.com/images/g/8NIAAeSwC~Zqb0jt/s-l225.jpg
残件/按现状,75.0,-Nikon FM 35mm SLR Film Camera Body Only FOR PARTS/AS-IS(4035),Nikon,Film Cameras,For parts or not working,39.99,USD,FIXED_PRICE,6,1590,as-is;underpriced(med 280),US,westborncam2,99.9,2026-08-09T04:47:09.000Z,,https://www.ebay.com/itm/206476673253?hash=item3012f800e5:g:JZcAAeSwzXdqYoP4,https://i.ebayimg.com/images/g/JZcAAeSwzXdqYoP4/s-l225.jpg
残件/按现状,75.0,-Konica Auto S2 Rangefinder 35mm Film Camera w/ Hexanon 45mm f/1.8- FOR PARTS,Konica,Film Cameras,For parts or not working,39.99,USD,FIXED_PRICE,9,1572,as-is;underpriced(med 143),US,westborncam2,99.9,2026-08-09T04:45:31.000Z,,https://www.ebay.com/itm/198557866117?hash=item2e3af89885:g:Yl0AAeSwWEBqbNRM,https://i.ebayimg.com/images/g/Yl0AAeSwWEBqbNRM/s-l225.jpg
残件/按现状,75.0,Canon EOS 750D DSLR Camera Body Only Black Used 17157,Canon,Film Cameras,For parts or not working,41.0,USD,FIXED_PRICE,14,1040,underpriced(med 160),US,yesmulti,98.5,2026-08-09T13:05:40.000Z,,https://www.ebay.com/itm/158169891900?hash=item24d3a9043c:g:Tm4AAeSw4VRpL3eH,https://i.ebayimg.com/images/g/Tm4AAeSw4VRpL3eH/s-l225.jpg
残件/按现状,75.0,Nikon AF F‑401s 35mm SLR Film Camera Body for Parts Repair Broken Door,Nikon,Film Cameras,For parts or not working,44.95,USD,"FIXED_PRICE,BEST_OFFER",6,1600,as-is;underpriced(med 250),US,zaccass4405,99.9,2026-08-09T16:43:39.000Z,,https://www.ebay.com/itm/158170360278?hash=item24d3b029d6:g:XfcAAeSwC-FqeK2t,https://i.ebayimg.com/images/g/XfcAAeSwC-FqeK2t/s-l225.jpg
残件/按现状,75.0,Olympus 35 EC 2 Vintage Film Camera *UNTESTED* Just for Parts,Olympus,Film Cameras,For parts or not working,45.0,USD,"FIXED_PRICE,BEST_OFFER",5,1020,as-is;underpriced(med 150),US,treasureshed15,100.0,2026-08-09T21:09:04.000Z,,https://www.ebay.com/itm/358905686609?hash=item5390722a51:g:3LoAAeSw4vtqeOqa,https://i.ebayimg.com/images/g/3LoAAeSw4vtqeOqa/s-l225.jpg
残件/按现状,75.0,Olympus SuperZoom 800S AF 35mm Film Point & Shoot Camera,Olympus,Film Cameras,For parts or not working,47.0,USD,"FIXED_PRICE,BEST_OFFER",9,1600,underpriced(med 150),US,whiskers25,99.8,2026-08-10T01:31:11.000Z,,https://www.ebay.com/itm/278263889017?hash=item40c9d1fc79:g:eFMAAeSwLENpMOwb,https://i.ebayimg.com/images/g/eFMAAeSwLENpMOwb/s-l225.jpg
残件/按现状,75.0,Nikon Lite Touch Zoom 120ED AF 35mm Film Point Shoot Panorama Camera Not Sure,Nikon,Film Cameras,For parts or not working,48.88,USD,FIXED_PRICE,7,1600,underpriced(med 280),US,gabengames,99.8,2026-08-09T04:22:20.000Z,,https://www.ebay.com/itm/128017343922?hash=item1dce6da5b2:g:Lj8AAeSwdh5qd~9D,https://i.ebayimg.com/images/g/Lj8AAeSwdh5qd~9D/s-l225.jpg
残件/按现状,75.0,Canon AF35ML 35mm Film Camera 40mm f1.9 Lens Autoboy Super Point Shoot Case Bag,Canon,Film Cameras,For parts or not working,49.0,USD,FIXED_PRICE,12,1600,underpriced(med 160),US,apex_titan_depot,100.0,2026-08-10T00:13:38.000Z,,https://www.ebay.com/itm/278263764366?hash=item40c9d0158e:g:~iUAAeSw9jhqeRUO,https://i.ebayimg.com/images/g/~iUAAeSw9jhqeRUO/s-l225.jpg
残件/按现状;图片不足,75.0,Topcon D1 body meter not working sold for parts/repair (bx 108),Topcon,Film Cameras,For parts or not working,49.0,USD,FIXED_PRICE,0,640,as-is;underpriced(med 262),US,seyms,100.0,2026-08-09T21:13:50.000Z,,https://www.ebay.com/itm/158171021376?hash=item24d3ba4040:g:AsQAAeSwBCJqeO03,https://i.ebayimg.com/images/g/AsQAAeSwBCJqeO03/s-l225.jpg
打包杂件,75.0,Pentax Zoom 90-WR 35mm Point & Shoot Film Camera Bundle Case Manual Film,Pentax,Film Cameras,Used,49.5,USD,FIXED_PRICE,23,1600,underpriced(med 155),US,firesale373,99.7,2026-08-09T15:14:33.000Z,,https://www.ebay.com/itm/800482392700?hash=itemba6077fa7c:g:YlYAAeSw~F1p86~1,https://i.ebayimg.com/images/g/YlYAAeSw~F1p86~1/s-l225.jpg
残件/按现状,75.0,Vintage Yashica Electro 35 GS 35mm Rangefinder Camera - Cleaned - Untested AS-IS,Yashica,Film Cameras,Used,49.99,USD,"FIXED_PRICE,BEST_OFFER",7,1600,as-is;underpriced(med 130),US,windycityraider94,99.2,2026-08-10T00:55:55.000Z,,https://www.ebay.com/itm/267752348192?hash=item3e57489a20:g:PpAAAeSw-klqeSFy,https://i.ebayimg.com/images/g/PpAAAeSw-klqeSFy/s-l225.jpg
残件/按现状,75.0,Olympus Stylus Zoom 115 Quartzdate 35mm Film Camera All Weather FOR PARTS/REPAIR,Olympus,Film Cameras,For parts or not working,49.99,USD,"FIXED_PRICE,BEST_OFFER",16,1600,as-is;underpriced(med 150),US,dudemanperson,99.7,2026-08-09T20:52:14.000Z,,https://www.ebay.com/itm/407132087563?hash=item5ecaf6a50b:g:IUkAAeSwm6tqeOfb,https://i.ebayimg.com/images/g/IUkAAeSwm6tqeOfb/s-l225.jpg
残件/按现状,75.0,vintage yashica camera with 2 yashica lens in boxes + extras untested as is,Yashica,Film Cameras,For parts or not working,49.99,USD,"FIXED_PRICE,BEST_OFFER",8,1600,as-is;underpriced(med 130),US,eastcoastestates,100.0,2026-08-09T14:56:47.000Z,,https://www.ebay.com/itm/377405723063?hash=item57df2251b7:g:UD8AAeSwE-hqeJPv,https://i.ebayimg.com/images/g/UD8AAeSwE-hqeJPv/s-l225.jpg
残件/按现状,75.0,-Canon Sure Shot 76 Zoom SAF Date 35mm Film Camera-FOR PARTS/AS-IS(0164),Canon,Film Cameras,For parts or not working,49.99,USD,FIXED_PRICE,6,1563,as-is;underpriced(med 182),US,westborncam2,99.9,2026-08-09T04:50:47.000Z,,https://www.ebay.com/itm/227468036445?hash=item34f626c95d:g:uEoAAeSwVDJqX5A-,https://i.ebayimg.com/images/g/uEoAAeSwVDJqX5A-/s-l225.jpg
型号不明,75.0,:[MINT] Nikon Fisheye Converter Lens FC-E8 0.21x Ultra Wide Angle w/ Case,Nikon,Lenses,Used,49.99,USD,FIXED_PRICE,3,1600,good-cond;underpriced(med 229),US,westborncam2,99.9,2026-08-09T04:50:47.000Z,,https://www.ebay.com/itm/198557874642?hash=item2e3af8b9d2:g:rEwAAeSwS0BqX7PS,https://i.ebayimg.com/images/g/rEwAAeSwS0BqX7PS/s-l225.jpg
残件/按现状,75.0,:Nikon FM (Silver) 35mm Film SLR Camera Body Only (8954) - Prism Separation,Nikon,Film Cameras,For parts or not working,49.99,USD,FIXED_PRICE,6,1600,as-is;underpriced(med 280),US,westborncam2,99.9,2026-08-09T04:47:09.000Z,,https://www.ebay.com/itm/227468035243?hash=item34f626c4ab:g:cYUAAeSwsehqY4Hr,https://i.ebayimg.com/images/g/cYUAAeSwsehqY4Hr/s-l225.jpg
打包杂件,75.0,Ricoh KR-30.SP Program 35mm Film Camera Bundle W/ 2 Lenses Winder More Tested,Ricoh,Film Cameras,Used,54.0,USD,FIXED_PRICE,13,1600,underpriced(med 147),US,2ndhandeverything,99.9,2026-08-09T15:57:10.000Z,,https://www.ebay.com/itm/198558966263?hash=item2e3b0961f7:g:8OEAAeSw4PZqeKMg,https://i.ebayimg.com/images/g/8OEAAeSw4PZqeKMg/s-l225.jpg
残件/按现状,75.0,Olympus Pen 1959 Sanko Shoji half frame camera READ,Olympus,Film Cameras,For parts or not working,60.0,USD,"FIXED_PRICE,BEST_OFFER",11,1600,underpriced(med 150),US,daveyrocket,100.0,2026-08-09T20:58:02.000Z,,https://www.ebay.com/itm/287515228770?hash=item42f13e3a62:g:NksAAeSwDO5qeOV1,https://i.ebayimg.com/images/g/NksAAeSwDO5qeOV1/s-l225.jpg
描述含糊,75.0,Pentax Spotmatic 35mm film camera w/ SMC Takumar 55mm f/1.8 lens Defects See Pic,Pentax,Film Cameras,Used,69.99,USD,FIXED_PRICE,15,1600,grail:Spotmatic;55mm,US,ttotheoresale,99.8,2026-08-09T10:42:46.000Z,,https://www.ebay.com/itm/206477264058?hash=item30130104ba:g:om8AAeSwRG1o2nq4,https://i.ebayimg.com/images/g/om8AAeSwRG1o2nq4/s-l225.jpg
残件/按现状,75.0,Nikon FE 3414508 35mm SLR Film Camera w/ Nikon Lens 50mm Untested Made In Japan,Nikon,Film Cameras,For parts or not working,99.99,USD,"FIXED_PRICE,BEST_OFFER",23,1599,mount:sony e;as-is;underpriced(med 250),US,bluestorm33,100.0,2026-08-09T15:37:58.000Z,,https://www.ebay.com/itm/307116294580?hash=item47818ec1b4:g:vrAAAeSwOPZqb46s,https://i.ebayimg.com/images/g/vrAAAeSwOPZqb46s/s-l225.jpg
查无市价,75.0,CONTAX RTS (first generation) with Carl Zeiss Planar 50mm F1.7T Working Item,Contax,Film Cameras,Used,407.13,USD,FIXED_PRICE,8,1200,grail:CONTAX RTS,JP,quorefl-53,100.0,2026-08-09T23:14:24.000Z,,https://www.ebay.com/itm/800483736925?hash=itemba608c7d5d:g:IP0AAeSwG~VqeQpN,https://i.ebayimg.com/images/g/IP0AAeSwG~VqeQpN/s-l225.jpg
残件/按现状,74.0,-Nikon Nikkor AF-S DX 18-55mm f/3.5-5.6 G VR Lens -FOR PARTS/AS-IS (3870),Nikon,Lenses,For parts or not working,29.99,USD,FIXED_PRICE,4,1572,mount:nikon f;55mm;as-is;underpriced(med 229),US,westborncam2,99.9,2026-08-09T04:45:31.000Z,,https://www.ebay.com/itm/206476672570?hash=item3012f7fe3a:g:BwMAAeSwzGVqa2pY,https://i.ebayimg.com/images/g/BwMAAeSwzGVqa2pY/s-l225.jpg
残件/按现状,74.0,Nikon Nikkor 18-105mm Canon EF S 18-55mm Sigma DG 70-300mm And More As Is,Nikon,Lenses,For parts or not working,59.0,USD,FIXED_PRICE,11,1600,mount:nikon f;55mm;as-is;underpriced(med 229),US,alab815,100.0,2026-08-09T16:13:50.000Z,,https://www.ebay.com/itm/267752018096?hash=item3e574390b0:g:mO8AAeSwBVhqeKYF,https://i.ebayimg.com/images/g/mO8AAeSwBVhqeKYF/s-l225.jpg
残件/按现状,74.0,Olympus OM-1 35mm Film SLR Camera Body READ Untested JAPAN #291,Olympus,Film Cameras,Used,68.08,USD,FIXED_PRICE,3,1080,grail:OM-1;mount:olympus om;as-is;low-feedback,JP,vipress,75.0,2026-08-09T08:57:57.000Z,,https://www.ebay.com/itm/206477102771?hash=item3012fe8eb3:g:-q8AAeSwHgFqeEES,https://i.ebayimg.com/images/g/-q8AAeSwHgFqeEES/s-l225.jpg
残件/按现状,74.0,Olympus OM-2 35mm Film SLR Camera Body READ Untested JAPAN #284,Olympus,Film Cameras,Used,68.08,USD,FIXED_PRICE,3,1080,grail:OM-2;mount:olympus om;as-is;low-feedback,JP,vipress,75.0,2026-08-09T08:53:03.000Z,,https://www.ebay.com/itm/206477099281?hash=item3012fe8111:g:jasAAeSwYVRqeD~s,https://i.ebayimg.com/images/g/jasAAeSwYVRqeD~s/s-l225.jpg
残件/按现状,74.0,Olympus OM-2 35mm Film SLR Camera Body READ Untested JAPAN #285,Olympus,Film Cameras,Used,68.08,USD,FIXED_PRICE,4,1080,grail:OM-2;mount:olympus om;as-is;low-feedback,JP,vipress,75.0,2026-08-09T08:47:05.000Z,,https://www.ebay.com/itm/206477081343?hash=item3012fe3aff:g:fCYAAeSwU4ZqeD6F,https://i.ebayimg.com/images/g/fCYAAeSwU4ZqeD6F/s-l225.jpg
图片过小,74.0,Canon AE-1 Silver Body FD Mount Camera From Japan,Canon,Film Cameras,Used,134.99,USD,FIXED_PRICE,9,600,grail:AE-1;mount:canon fd,JP,niigata-japan,99.3,2026-08-09T12:10:29.000Z,,https://www.ebay.com/itm/117348612919?hash=item1b5285bb37:g:b60AAeSwWQxqeG7t,https://i.ebayimg.com/images/g/b60AAeSwWQxqeG7t/s-l225.jpg
查无市价,74.0,Pentax Auto 110 110 Film SLR Camera 24mm F2.8 L39 UV Filter Compact From Japan,Pentax,Film Cameras,Used,137.99,USD,FIXED_PRICE,17,1080,grail:Auto 110;mount:ltm/l39,JP,niigata-japan,99.3,2026-08-09T12:10:30.000Z,,https://www.ebay.com/itm/128017664394?hash=item1dce72898a:g:bjsAAeSwocpqeG6x,https://i.ebayimg.com/images/g/bjsAAeSwocpqeG6x/s-l225.jpg
图片过小,74.0,Canon AE-1 Camera Body Silver FD Mount from Japan,Canon,Film Cameras,Used,139.99,USD,FIXED_PRICE,9,600,grail:AE-1;mount:canon fd,JP,niigata-japan,99.3,2026-08-09T12:10:29.000Z,,https://www.ebay.com/itm/128017664356?hash=item1dce728964:g:cLIAAeSw8ChqeG60,https://i.ebayimg.com/images/g/cLIAAeSw8ChqeG60/s-l225.jpg
查无市价,73.0,"Vintage 1935 Leica IIIa DRP 35mm Rangefinder Camera Leitz Elmar f=5cm 1:3,5 Lens",Leica,Vintage Cameras,,0.0,USD,AUCTION,19,0,grail:Leica IIIa;auction,US,miniwienerdogs,99.8,2026-08-10T01:49:01.000Z,2026-08-17T01:49:01.000Z,https://www.ebay.com/itm/257671472525?hash=item3bfe6aa58d:g:PCEAAeSwtixqeOWm,https://i.ebayimg.com/images/g/PCEAAeSwtixqeOWm/s-l225.jpg
残件/按现状,72.0,Nikon Zoom 60 With Nikon Lens 35-60mm Macro Point E Shot Camera AS-IS,Nikon,Film Cameras,Usato,28.9,USD,FIXED_PRICE,3,1600,as-is;underpriced(med 250),IT,sandap,100.0,2026-08-09T20:42:46.000Z,,https://www.ebay.com/itm/158170947744?hash=item24d3b920a0:g:jAEAAeSwsHRqT~7K,https://i.ebayimg.com/images/g/jAEAAeSwsHRqT~7K/s-l225.jpg
残件/按现状,72.0,Nikon Lite Touch Zoom 70W With Nikon Zoom Lens 28-70mm Point E Shot Camera AS-IS,Nikon,Film Cameras,Usato,40.46,USD,"FIXED_PRICE,BEST_OFFER",2,1600,as-is;underpriced(med 250),IT,sandap,100.0,2026-08-09T20:42:12.000Z,,https://www.ebay.com/itm/158170947544?hash=item24d3b91fd8:g:J1YAAeSwi69p9Ih5,https://i.ebayimg.com/images/g/J1YAAeSwi69p9Ih5/s-l225.jpg
残件/按现状,72.0,Pentax MZ-60 35mm SLR Film Camera + Sigma 28-90mm Macro Lens (Untested),Pentax,Vintage Cameras,For parts or not working,42.4,USD,"FIXED_PRICE,BEST_OFFER",15,1600,as-is;underpriced(med 100),AU,hydrangealaneco,100.0,2026-08-10T10:03:52.000Z,,https://www.ebay.com/itm/117349908291?hash=item1b52997f43:g:3YkAAeSwk71qeZuq,https://i.ebayimg.com/images/g/3YkAAeSwk71qeZuq/s-l225.jpg
残件/按现状,72.0,Fuji Fujica ST 701 Body Only Vintage 60s AS-IS,Fuji,Film Cameras,Usato,52.02,USD,"FIXED_PRICE,BEST_OFFER",4,1600,as-is;underpriced(med 404),IT,sandap,100.0,2026-08-09T19:49:13.000Z,,https://www.ebay.com/itm/158170775827?hash=item24d3b68113:g:VJkAAOSwTYVngXH4,https://i.ebayimg.com/images/g/VJkAAOSwTYVngXH4/s-l225.jpg
残件/按现状,72.0,Vintage Canon AF35M Auto Focus 35mm Film Camera Black -Untested- 1980s,Canon,Vintage Cameras,Used,53.0,USD,"FIXED_PRICE,BEST_OFFER",10,1600,as-is;underpriced(med 200),AU,button.nest,100.0,2026-08-10T08:47:09.000Z,,https://www.ebay.com/itm/227469457806?hash=item34f63c798e:g:6qcAAeSwTF5qeYFi,https://i.ebayimg.com/images/g/6qcAAeSwTF5qeYFi/s-l225.jpg
残件/按现状,72.0,Pentax Espio 115 35mm Film Camera 38-115mm AF Zoom With Case Manual For Parts,Pentax,Film Cameras,For parts or not working,53.81,USD,"FIXED_PRICE,BEST_OFFER",10,1268,as-is;underpriced(med 155),CA,arbitragee,99.3,2026-08-09T14:32:17.000Z,,https://www.ebay.com/itm/227468552539?hash=item34f62ea95b:g:y68AAeSwTrRqeI8W,https://i.ebayimg.com/images/g/y68AAeSwTrRqeI8W/s-l225.jpg
型号不明,72.0,PENTAX Lens smc PENTAX-DA 18-55mmF3.5-5.6 Used,Pentax,Lenses,Used,66.26,USD,FIXED_PRICE,4,1200,mount:pentax k;55mm;underpriced(med 176),JP,beecruise04,97.5,2026-08-09T20:53:09.000Z,,https://www.ebay.com/itm/318703650520?hash=item4a3437c6d8:g:S54AAeSwA9FqeOj4,https://i.ebayimg.com/images/g/S54AAeSwA9FqeOj4/s-l225.jpg
残件/按现状,72.0,CANON Lens Junk AF Faulty EFS 18-55mm Used,Canon,Lenses,Used,76.95,USD,FIXED_PRICE,5,1200,mount:canon ef;55mm;as-is;underpriced(med 300),JP,beecruise04,97.5,2026-08-09T20:52:37.000Z,,https://www.ebay.com/itm/318703650042?hash=item4a3437c4fa:g:KxEAAeSwm6tqeOlP,https://i.ebayimg.com/images/g/KxEAAeSwm6tqeOlP/s-l225.jpg
型号不明,72.0,Pentax Auto 110 Film Camera,Pentax,Film Cameras,Used,80.0,USD,"FIXED_PRICE,BEST_OFFER",5,1600,grail:Auto 110,US,dttr2012,100.0,2026-08-09T23:33:07.000Z,,https://www.ebay.com/itm/188768607172?hash=item2bf37c5bc4:g:8zoAAeSwVjtqeQ3i,https://i.ebayimg.com/images/g/8zoAAeSwVjtqeQ3i/s-l225.jpg
残件/按现状,72.0,"Beautiful Canon AE-1 Program Camera Body, for parts clean",Canon,Film Cameras,For parts or not working,99.99,USD,"FIXED_PRICE,BEST_OFFER",3,1600,grail:AE-1;as-is,US,dpv0220,99.3,2026-08-09T22:45:23.000Z,,https://www.ebay.com/itm/278263571402?hash=item40c9cd23ca:g:TSEAAOSwJQZnBwzf,https://i.ebayimg.com/images/g/TSEAAOSwJQZnBwzf/s-l225.jpg
残件/按现状,72.0,Canon AE-1 35mm SLR Film Camera Body - For Parts/Repair - Magnet Issue,Canon,Film Cameras,For parts or not working,100.0,USD,"FIXED_PRICE,BEST_OFFER",14,1600,grail:AE-1;as-is,US,majoe.ma.xgxm5e,98.8,2026-08-10T01:07:15.000Z,,https://www.ebay.com/itm/267752353332?hash=item3e5748ae34:g:BqwAAeSwwyJqeSOa,https://i.ebayimg.com/images/g/BqwAAeSwwyJqeSOa/s-l225.jpg
残件/按现状,72.0,Pentax K1000 Vintage Film camera With Telephoto Lens (untested),Pentax,Film Cameras,Used,100.0,USD,"FIXED_PRICE,BEST_OFFER",9,1600,grail:K1000;as-is,US,ralpr28,100.0,2026-08-09T20:09:00.000Z,,https://www.ebay.com/itm/206478276654?hash=item301310782e:g:czMAAeSwR-FqeNqJ,https://i.ebayimg.com/images/g/czMAAeSwR-FqeNqJ/s-l225.jpg
型号不明,72.0,CANON EF-S 18-55MM1:3.5-5.6 Camera Lens,Canon,Lenses,Used,111.26,USD,FIXED_PRICE,6,1280,mount:canon ef;55mm;underpriced(med 300),JP,benzaitenten_japan,100.0,2026-08-09T08:54:33.000Z,,https://www.ebay.com/itm/800481254189?hash=itemba60669b2d:g:hwIAAeSwa4FqeEDK,https://i.ebayimg.com/images/g/hwIAAeSwa4FqeEDK/s-l225.jpg
残件/按现状,72.0,Canon AE-1 Program 35mm Film SLR Camera 50mm Lens Tele-Converter Strap AS IS,Canon,Vintage Cameras,,115.0,USD,FIXED_PRICE,4,1600,grail:AE-1;as-is,US,new_daily,99.8,2026-08-09T20:11:43.000Z,,https://www.ebay.com/itm/307116730258?hash=item4781956792:g:qhIAAeSw3BxqeN6z,https://i.ebayimg.com/images/g/qhIAAeSw3BxqeN6z/s-l225.jpg
查无市价,72.0,Meter OK *Near MINT* Pentax MX 35mm Flim Camera SMC M 50mm F/1.7 Lens From JAPAN,Pentax,Film Cameras,Used,158.0,USD,FIXED_PRICE,22,1600,grail:Pentax MX;good-cond,JP,made-1n-japan,100.0,2026-08-09T05:24:39.000Z,,https://www.ebay.com/itm/336733662293?hash=item4e66e3ec55:g:qlwAAeSwCYxqeBAM,https://i.ebayimg.com/images/g/qlwAAeSwCYxqeBAM/s-l225.jpg
查无市价,72.0,Lens MINT *Near MINT* Pentax MX 35mm Flim Camera SMC M 50mm F1.7 Lens From JAPAN,Pentax,Film Cameras,Used,169.9,USD,FIXED_PRICE,22,1600,grail:Pentax MX;good-cond,JP,made-1n-japan,100.0,2026-08-09T04:53:35.000Z,,https://www.ebay.com/itm/336733634843?hash=item4e66e3811b:g:-O4AAeSwiiFqeAgQ,https://i.ebayimg.com/images/g/-O4AAeSwiiFqeAgQ/s-l225.jpg
型号不明,72.0,[Exc+5] Olympus XA Black Point & Shoot Film Camera w/ A11 Flash From Japan,Olympus,Film Cameras,Used,178.0,USD,FIXED_PRICE,15,1600,grail:Olympus XA;good-cond,JP,yokohama_camera,100.0,2026-08-09T22:38:29.000Z,,https://www.ebay.com/itm/407132205626?hash=item5ecaf8723a:g:su0AAeSw78xowzX1,https://i.ebayimg.com/images/g/su0AAeSw78xowzX1/s-l225.jpg
残件/按现状,72.0,"""Meter Not Working"" Nikon F2 Photomic S DP-2 35mm Film Camera [Near MINT] JAPAN",Nikon,Film Cameras,Used,179.0,USD,FIXED_PRICE,7,1600,grail:Nikon F2;good-cond;as-is,JP,samura1_camera_japan,99.5,2026-08-09T23:44:45.000Z,,https://www.ebay.com/itm/407132286656?hash=item5ecaf9aec0:g:JcAAAeSwfDJqeRIW,https://i.ebayimg.com/images/g/JcAAAeSwfDJqeRIW/s-l225.jpg
型号不明,72.0,[Near MINT] Pentax 645 Medium Format Film Camera Body only From JAPAN,Pentax,Film Cameras,Used,259.99,USD,FIXED_PRICE,23,1600,grail:645;good-cond,JP,n-camera-japan,100.0,2026-08-09T06:25:04.000Z,,https://www.ebay.com/itm/800480879252?hash=itemba6060e294:g:-JsAAeSwdixqeB32,https://i.ebayimg.com/images/g/-JsAAeSwdixqeB32/s-l225.jpg
型号不明,72.0,[MINT] Pentax 645 Medium Format Film Camera Body 120 Back Holder From Japan,Pentax,Film Cameras,Used,309.99,USD,FIXED_PRICE,16,1600,grail:645;good-cond,JP,zeta-camera,100.0,2026-08-09T14:22:03.000Z,,https://www.ebay.com/itm/178389821503?hash=item2988dca83f:g:dV4AAeSwlShqeI3-,https://i.ebayimg.com/images/g/dV4AAeSwlShqeI3-/s-l225.jpg
查无市价,72.0,[ new and in working order] MAMIYA Mamiya SEKOR Z 360 F6 RZ67,Mamiya,Film Cameras,Used,379.83,USD,"FIXED_PRICE,BEST_OFFER",11,1080,grail:RZ67,JP,mgaaoetom10rbmjc-1,99.1,2026-08-09T15:07:26.000Z,,https://www.ebay.com/itm/236995767604?hash=item372e0c6d34:g:ErkAAeSwmE9qeJhq,https://i.ebayimg.com/images/g/ErkAAeSwmE9qeJhq/s-l225.jpg
查无市价,72.0,ISO 3200 [ MINT w/ Acute D 42204 ] Hasselblad 503CW Film Camera Body From JAPAN,Hasselblad,Film Cameras,Used,2999.9,USD,FIXED_PRICE,14,1000,grail:503CW;good-cond,JP,tpjgad67,100.0,2026-08-09T10:36:46.000Z,,https://www.ebay.com/itm/307115808484?hash=item47818756e4:g:ZBQAAeSw-wlqeFj2,https://i.ebayimg.com/images/g/ZBQAAeSw-wlqeFj2/s-l225.jpg
查无市价,72.0,Yr.2000 [Near MINT in Box] Leica M6 TTL 0.58 Black Rangefinder Camera From JAPAN,Leica,Film Cameras,Used,3999.99,USD,FIXED_PRICE,11,1600,grail:Leica M6;good-cond,JP,megalithjapancamera,100.0,2026-08-10T00:09:56.000Z,,https://www.ebay.com/itm/398268268999?hash=item5cbaa381c7:g:l-oAAeSw3bJqeRgA,https://i.ebayimg.com/images/g/l-oAAeSw3bJqeRgA/s-l225.jpg
查无市价,72.0,1996 Deutschland [Top MINT] Leica M6 Black 0.72 Non TTL Film Camera From JAPAN,Leica,Film Cameras,Used,3999.99,USD,FIXED_PRICE,14,1600,grail:Leica M6;good-cond,JP,kuwashiku.05,99.6,2026-08-09T13:31:29.000Z,,https://www.ebay.com/itm/178389685305?hash=item2988da9439:g:16EAAeSwY5dqeIIe,https://i.ebayimg.com/images/g/16EAAeSwY5dqeIIe/s-l225.jpg
残件/按现状,71.0,Canon Zoom Lens EF 80-200mm 1:4.5-5.6+ Vivitar 85-205mm 1:3.8 (both untested),Canon,Lenses,Used,25.0,USD,"FIXED_PRICE,BEST_OFFER",6,1600,mount:canon ef;as-is;underpriced(med 300),US,outdoorgirl1997,100.0,2026-08-09T20:50:19.000Z,,https://www.ebay.com/itm/398267828597?hash=item5cba9cc975:g:RtsAAeSw5fZqeOds,https://i.ebayimg.com/images/g/RtsAAeSw5fZqeOds/s-l225.jpg
残件/按现状,71.0,Nikon N55 35mm Film SLR Camera + Nikkor 28-80mm Lens PARTS / REPAIR,Nikon,Lenses,For parts or not working,25.0,USD,"FIXED_PRICE,BEST_OFFER",6,1600,mount:nikon f;underpriced(med 229),US,lynxantiques,100.0,2026-08-09T18:37:00.000Z,,https://www.ebay.com/itm/327302336821?hash=item4c34bd5135:g:6wYAAeSwCQJqeMfc,https://i.ebayimg.com/images/g/6wYAAeSwCQJqeMfc/s-l225.jpg
残件/按现状,71.0,Canon FL 135mm f2.5 Telephoto Prime Lens for Parts or Repair Heavy Haze Read,Canon,Lenses,For parts or not working,25.6,USD,"FIXED_PRICE,BEST_OFFER",14,1600,mount:canon fd;as-is;underpriced(med 300),US,secondhandshutterllc,99.8,2026-08-09T16:13:58.000Z,,https://www.ebay.com/itm/168600888002?hash=item27416562c2:g:tUcAAeSwgUdqT8~L,https://i.ebayimg.com/images/g/tUcAAeSwgUdqT8~L/s-l225.jpg
残件/按现状,71.0,Nikon Nikkor 50mm F1.4 Non Ai Lens As Is,Nikon,Lenses,For parts or not working,39.0,USD,FIXED_PRICE,7,1600,mount:nikon f;as-is;underpriced(med 229),US,alab815,100.0,2026-08-09T04:49:59.000Z,,https://www.ebay.com/itm/257670149437?hash=item3bfe56753d:g:0vQAAeSwUp5qeAYf,https://i.ebayimg.com/images/g/0vQAAeSwUp5qeAYf/s-l225.jpg
残件/按现状,71.0,Asahi Pentax Super Takumar 50mm f/1.4 Screw M42 Lens SOME FUNGUS AS-IS,Asahi,Lenses,Used,40.0,USD,FIXED_PRICE,7,1600,mount:m42;as-is;underpriced(med 96),US,jaxdealsplus,99.9,2026-08-09T17:23:23.000Z,,https://www.ebay.com/itm/327302252849?hash=item4c34bc0931:g:fp4AAeSwQ0FqeLdZ,https://i.ebayimg.com/images/g/fp4AAeSwQ0FqeLdZ/s-l225.jpg
型号不明,71.0,"Lensbaby 2.0 Selective Focus Lens — Nikon F Mount — Excellent, Barely Used",Nikon,Lenses,Used,40.0,USD,"FIXED_PRICE,BEST_OFFER",4,1600,mount:nikon f;underpriced(med 229),US,rootedandadrift,100.0,2026-08-09T17:18:43.000Z,,https://www.ebay.com/itm/168601000332?hash=item274167198c:g:mxUAAeSwa2dqeLTf,https://i.ebayimg.com/images/g/mxUAAeSwa2dqeLTf/s-l225.jpg
残件/按现状,71.0,Canon FD 50mm f/1.4 S.S.C. Lens Needs Work,Canon,Lenses,For parts or not working,44.0,USD,FIXED_PRICE,6,1600,mount:canon fd;underpriced(med 300),US,betenoir,100.0,2026-08-09T14:51:28.000Z,,https://www.ebay.com/itm/128017838357?hash=item1dce753115:g:19sAAeSww5NqeJNS,https://i.ebayimg.com/images/g/19sAAeSww5NqeJNS/s-l225.jpg
残件/按现状,71.0,canon ef 28-135mm f/3.5-5.6 is usm lens,Canon,Lenses,For parts or not working,49.99,USD,"FIXED_PRICE,BEST_OFFER",8,1600,mount:canon ef;underpriced(med 300),US,wilr_45,0.0,2026-08-09T20:36:10.000Z,,https://www.ebay.com/itm/800483315333?hash=itemba60860e85:g:B5EAAeSwK~Zqdm-w,https://i.ebayimg.com/images/g/B5EAAeSwK~Zqdm-w/s-l225.jpg
残件/按现状;打包杂件,70.0,Asahi Pentax K1000 35mm SLR Camera Lot w/ SMC Pentax 50mm Lens & Acc. UNTESTED,Asahi,Film Cameras,For parts or not working,149.99,USD,FIXED_PRICE,13,1600,grail:K1000;mount:pentax k;as-is,US,mainecoastmarket,100.0,2026-08-09T19:46:00.000Z,,https://www.ebay.com/itm/358905534414?hash=item53906fd7ce:g:Y6EAAeSw5glqeNYR,https://i.ebayimg.com/images/g/Y6EAAeSw5glqeNYR/s-l225.jpg
查无市价,70.0,CONTAX Carl Zeiss Planar 50mm F1.4 @4532,Contax,Film Cameras,Used,405.17,USD,"FIXED_PRICE,BEST_OFFER",6,1080,grail:Planar,JP,mgaaoetom10rbmjc-1,99.1,2026-08-09T15:14:53.000Z,,https://www.ebay.com/itm/236995781477?hash=item372e0ca365:g:P5sAAeSw1~lqeJqf,https://i.ebayimg.com/images/g/P5sAAeSw1~lqeJqf/s-l225.jpg
型号不明,70.0,Leica 3.5cm f3.5 Elmar 356715,Leica,Lenses,Used,482.0,USD,FIXED_PRICE,8,1500,grail:Elmar;underpriced(med 1366),US,camerawest,99.0,2026-08-09T13:58:11.000Z,,https://www.ebay.com/itm/236995636597?hash=item372e0a6d75:g:B04AAeSwHgFqeI1K,https://i.ebayimg.com/images/g/B04AAeSwHgFqeI1K/s-l225.jpg
型号不明,70.0,Leica 5cm f3.5 Elmar 894119,Leica,Lenses,Used,482.0,USD,FIXED_PRICE,6,1500,grail:Elmar;underpriced(med 1366),US,camerawest,99.0,2026-08-09T13:37:57.000Z,,https://www.ebay.com/itm/236995603215?hash=item372e09eb0f:g:DMIAAeSwvgtqeIyv,https://i.ebayimg.com/images/g/DMIAAeSwvgtqeIyv/s-l225.jpg
型号不明,69.0,MINOLTA lens af 100-300 Used,Minolta,Lenses,Used,48.78,USD,FIXED_PRICE,4,1200,underpriced(med 114),JP,beecruise04,97.5,2026-08-09T20:53:19.000Z,,https://www.ebay.com/itm/318703650844?hash=item4a3437c81c:g:iegAAeSwfn9qeOnq,https://i.ebayimg.com/images/g/iegAAeSwfn9qeOnq/s-l225.jpg
型号不明,69.0,CANON LENS TELE PLUS Used,Canon,Lenses,Used,55.58,USD,FIXED_PRICE,4,1200,underpriced(med 300),JP,beecruise04,97.5,2026-08-09T20:53:23.000Z,,https://www.ebay.com/itm/318703651056?hash=item4a3437c8f0:g:JmoAAeSwoUJqeOkE,https://i.ebayimg.com/images/g/JmoAAeSwoUJqeOkE/s-l225.jpg
型号不明,69.0,PENTAX Lens SMC PENTA-A 1:3.5-4.5 35-70m Used,Pentax,Lenses,Used,55.58,USD,FIXED_PRICE,4,1200,underpriced(med 176),JP,beecruise04,97.5,2026-08-09T20:53:09.000Z,,https://www.ebay.com/itm/318703650525?hash=item4a3437c6dd:g:WVwAAeSwxkhqeOlt,https://i.ebayimg.com/images/g/WVwAAeSwxkhqeOlt/s-l225.jpg
型号不明,69.0,CANON Lens T307 Used,Canon,Lenses,Used,59.85,USD,FIXED_PRICE,5,1200,underpriced(med 300),JP,beecruise04,97.5,2026-08-09T20:53:15.000Z,,https://www.ebay.com/itm/318703650673?hash=item4a3437c771:g:ldwAAeSw-klqeOk1,https://i.ebayimg.com/images/g/ldwAAeSw-klqeOk1/s-l225.jpg
残件/按现状,69.0,Canon EOS Elan 7E 35mm Film SLR Camera Body (For Parts & Repair),Canon,Film Cameras,For parts or not working,65.0,USD,"FIXED_PRICE,BEST_OFFER",3,1461,as-is;underpriced(med 160),US,bladez9,100.0,2026-08-10T01:06:58.000Z,,https://www.ebay.com/itm/236996560529?hash=item372e188691:g:5QsAAeSwbjtqeSPE,https://i.ebayimg.com/images/g/5QsAAeSwbjtqeSPE/s-l225.jpg
型号不明,69.0,OM Digital Solutions Olympus Lens Wide Converter Convertisseur Grand Angle Used,Olympus,Lenses,Used,66.26,USD,FIXED_PRICE,7,1200,mount:olympus om;underpriced(med 236),JP,beecruise04,97.5,2026-08-09T20:52:42.000Z,,https://www.ebay.com/itm/318703650119?hash=item4a3437c547:g:i28AAeSwmiFqeOmM,https://i.ebayimg.com/images/g/i28AAeSwmiFqeOmM/s-l225.jpg
残件/按现状,69.0,Pentax Program A Black 35mm Film Camera w/ Lens (Parts Only),Pentax,Film Cameras,For parts or not working,69.0,USD,FIXED_PRICE,23,1600,as-is;underpriced(med 155),US,joonieloom,99.9,2026-08-09T17:57:29.000Z,,https://www.ebay.com/itm/117349022784?hash=item1b528bfc40:g:CugAAeSwbiNqeMAE,https://i.ebayimg.com/images/g/CugAAeSwbiNqeMAE/s-l225.jpg
残件/按现状,69.0,Nikon One-Touch Film Camera w/35mm f2.8 Lens [Parts/Repair],Nikon,Film Cameras,For parts or not working,70.0,USD,"FIXED_PRICE,BEST_OFFER",5,1600,underpriced(med 250),US,boy_wond3r,99.5,2026-08-10T01:55:23.000Z,,https://www.ebay.com/itm/287515659034?hash=item42f144cb1a:g:goIAAeSwyJFqeS6k,https://i.ebayimg.com/images/g/goIAAeSwyJFqeS6k/s-l225.jpg
型号不明,69.0,OM Digital Solutions Olympus Lens WCON-P01 Used,Olympus,Lenses,Used,76.95,USD,FIXED_PRICE,3,1200,mount:olympus om;underpriced(med 236),JP,beecruise04,97.5,2026-08-09T20:52:58.000Z,,https://www.ebay.com/itm/318703650370?hash=item4a3437c642:g:hdQAAeSwXI1qeOjt,https://i.ebayimg.com/images/g/hdQAAeSwXI1qeOjt/s-l225.jpg
型号不明,69.0,OM Digital Solutions Olympus Lens 0.8x Wide Conversion Used,Olympus,Lenses,Used,76.95,USD,FIXED_PRICE,4,1200,mount:olympus om;underpriced(med 236),JP,beecruise04,97.5,2026-08-09T20:52:58.000Z,,https://www.ebay.com/itm/318703650376?hash=item4a3437c648:g:FMQAAeSwTF5qeOkr,https://i.ebayimg.com/images/g/FMQAAeSwTF5qeOkr/s-l225.jpg
打包杂件,69.0,Nikon N2000 Film Camera 50mm 1:1.8mm Promaster Spectrum 7 Sunpak 244D Bundle,Nikon,Film Cameras,Used,79.0,USD,"FIXED_PRICE,BEST_OFFER",13,1600,underpriced(med 250),US,usjoh-d6nxykso,99.8,2026-08-09T15:02:19.000Z,,https://www.ebay.com/itm/336734186698?hash=item4e66ebecca:g:bSAAAeSw5glqeJYM,https://i.ebayimg.com/images/g/bSAAAeSw5glqeJYM/s-l225.jpg
残件/按现状,69.0,-Nikon F100 Film Camera-Broken Film Door Latch-no battery tray-FOR PARTS/REPAIR,Nikon,Film Cameras,For parts or not working,79.99,USD,FIXED_PRICE,7,1595,as-is;underpriced(med 280),US,westborncam2,99.9,2026-08-09T04:47:09.000Z,,https://www.ebay.com/itm/206476673255?hash=item3012f800e7:g:-18AAeSwDCFqYn~5,https://i.ebayimg.com/images/g/-18AAeSwDCFqYn~5/s-l225.jpg
型号不明,69.0,OM Digital Solutions OLYMPUS Lens M.ZUIKO Used,Olympus,Lenses,Used,87.64,USD,FIXED_PRICE,5,1200,mount:olympus om;underpriced(med 236),JP,beecruise04,97.5,2026-08-09T20:53:57.000Z,,https://www.ebay.com/itm/318703651913?hash=item4a3437cc49:g:n08AAeSw-h9qeOoT,https://i.ebayimg.com/images/g/n08AAeSw-h9qeOoT/s-l225.jpg
型号不明,69.0,All Works N MINT Khaki OLYMPUS 35 DC Rangefinder Film Camera 40/1.7 Japan #775,Olympus,Film Cameras,Used,89.0,USD,"FIXED_PRICE,BEST_OFFER",13,1600,good-cond,JP,84camera,97.9,2026-08-09T08:27:12.000Z,,https://www.ebay.com/itm/318701341110?hash=item4a341489b6:g:HucAAeSwX0ZqeDkc,https://i.ebayimg.com/images/g/HucAAeSwX0ZqeDkc/s-l225.jpg
型号不明;图片过小,69.0,Carl Zeiss Jena 2/58 Biotar w/ Exakta mount #4656281,Zeiss,Lenses,Used,95.0,USD,FIXED_PRICE,7,500,underpriced(med 599),US,carlcam61,100.0,2026-08-09T16:53:26.000Z,,https://www.ebay.com/itm/336734301660?hash=item4e66edaddc:g:cJwAAeSwAVhqd8WQ,https://i.ebayimg.com/images/g/cJwAAeSwAVhqd8WQ/s-l225.jpg
型号不明,69.0,CANON EF 28-80/3.5-5.6 IV Lens,Canon,Lenses,Used,95.3,USD,FIXED_PRICE,6,1280,mount:canon ef;underpriced(med 300),JP,benzaitenten_japan,100.0,2026-08-09T09:43:12.000Z,,https://www.ebay.com/itm/800481376477?hash=itemba606878dd:g:Bk4AAeSw5UJqeEzg,https://i.ebayimg.com/images/g/Bk4AAeSw5UJqeEzg/s-l225.jpg
型号不明,69.0,CANON EF 35-80 F4-5.6 Lens,Canon,Lenses,Used,95.3,USD,FIXED_PRICE,4,1280,mount:canon ef;underpriced(med 300),JP,benzaitenten_japan,100.0,2026-08-09T09:35:39.000Z,,https://www.ebay.com/itm/800481358760?hash=itemba606833a8:g:1XkAAeSw1WFqeEre,https://i.ebayimg.com/images/g/1XkAAeSw1WFqeEre/s-l225.jpg
型号不明,69.0,CANON EF-S 18-55 F3.5-5.6 IS Lens,Canon,Lenses,Used,95.3,USD,FIXED_PRICE,4,1280,mount:canon ef;underpriced(med 300),JP,benzaitenten_japan,100.0,2026-08-09T09:20:49.000Z,,https://www.ebay.com/itm/800481324297?hash=itemba6067ad09:g:iGYAAeSwoUJqeEcu,https://i.ebayimg.com/images/g/iGYAAeSwoUJqeEcu/s-l225.jpg
型号不明,69.0,CANON EF-S 18-55 5.6 II USM Lens,Canon,Lenses,Used,95.3,USD,FIXED_PRICE,7,1280,mount:canon ef;underpriced(med 300),JP,benzaitenten_japan,100.0,2026-08-09T09:20:31.000Z,,https://www.ebay.com/itm/800481323295?hash=itemba6067a91f:g:14IAAeSwEG1qeEdZ,https://i.ebayimg.com/images/g/14IAAeSwEG1qeEdZ/s-l225.jpg
型号不明,69.0,CANON EF-S 18-55 F:3.5-5.6 IS Camera Lens,Canon,Lenses,Used,95.3,USD,FIXED_PRICE,3,1280,mount:canon ef;underpriced(med 300),JP,benzaitenten_japan,100.0,2026-08-09T08:50:54.000Z,,https://www.ebay.com/itm/800481244407?hash=itemba606674f7:g:RzAAAeSwfjZqeEAn,https://i.ebayimg.com/images/g/RzAAAeSwfjZqeEAn/s-l225.jpg
型号不明,69.0,CANON EF-S18-55 3.5-5.6IS DSLR Lens,Canon,Lenses,Used,95.3,USD,FIXED_PRICE,7,1280,mount:canon ef;underpriced(med 300),JP,benzaitenten_japan,100.0,2026-08-09T08:22:28.000Z,,https://www.ebay.com/itm/800481174228?hash=itemba606562d4:g:OzgAAeSwj-VqeDlA,https://i.ebayimg.com/images/g/OzgAAeSwj-VqeDlA/s-l225.jpg
型号不明,69.0,CANON MOUNT ADAPTER EF-EOS M Mount Adapter,Canon,Lenses,Used,95.3,USD,FIXED_PRICE,5,1280,mount:leica m;underpriced(med 300),JP,benzaitenten_japan,100.0,2026-08-09T08:04:05.000Z,,https://www.ebay.com/itm/800481105954?hash=itemba60645822:g:J0MAAeSwEG1qeDWn,https://i.ebayimg.com/images/g/J0MAAeSwEG1qeDWn/s-l225.jpg
型号不明,69.0,CANON EF 35-105 3.5-4.5 Zoom Lens,Canon,Lenses,Used,100.62,USD,FIXED_PRICE,3,1280,mount:canon ef;underpriced(med 300),JP,benzaitenten_japan,100.0,2026-08-09T08:55:10.000Z,,https://www.ebay.com/itm/800481256376?hash=itemba6066a3b8:g:d-oAAeSw64ZqeEFk,https://i.ebayimg.com/images/g/d-oAAeSw64ZqeEFk/s-l225.jpg
型号不明,69.0,CANON EF-S 18-55 1:3.5-5.6 USM Zoom Lens,Canon,Lenses,Used,100.62,USD,FIXED_PRICE,9,1280,mount:canon ef;underpriced(med 300),JP,benzaitenten_japan,100.0,2026-08-09T08:46:52.000Z,,https://www.ebay.com/itm/800481233576?hash=itemba60664aa8:g:eu8AAeSwSUhqeD6-,https://i.ebayimg.com/images/g/eu8AAeSwSUhqeD6-/s-l225.jpg
型号不明,69.0,CANON EF 55-200 F4.5-5.6 II USM Lens,Canon,Lenses,Used,105.94,USD,FIXED_PRICE,3,1280,mount:canon ef;underpriced(med 300),JP,benzaitenten_japan,100.0,2026-08-09T09:44:12.000Z,,https://www.ebay.com/itm/800481377854?hash=itemba60687e3e:g:sh8AAeSwTF5qeEzh,https://i.ebayimg.com/images/g/sh8AAeSwTF5qeEzh/s-l225.jpg
型号不明,69.0,CANON EFS 18-55 3.5-5.6 Lens,Canon,Lenses,Used,105.94,USD,FIXED_PRICE,9,1280,mount:canon ef;underpriced(med 300),JP,benzaitenten_japan,100.0,2026-08-09T09:23:38.000Z,,https://www.ebay.com/itm/800481333764?hash=itemba6067d204:g:umEAAeSwhnxqeEhM,https://i.ebayimg.com/images/g/umEAAeSwhnxqeEhM/s-l225.jpg
型号不明,69.0,CANON EF-S 18-55 1:3.5-5.6II Standard Lens,Canon,Lenses,Used,105.94,USD,FIXED_PRICE,3,1280,mount:canon ef;underpriced(med 300),JP,benzaitenten_japan,100.0,2026-08-09T09:06:55.000Z,,https://www.ebay.com/itm/800481279403?hash=itemba6066fdab:g:dyAAAeSwxghqeEOr,https://i.ebayimg.com/images/g/dyAAAeSwxghqeEOr/s-l225.jpg
型号不明,69.0,CANON EF-S 18-55 1:3.5-5.6 Lens,Canon,Lenses,Used,105.94,USD,FIXED_PRICE,5,1280,mount:canon ef;underpriced(med 300),JP,benzaitenten_japan,100.0,2026-08-09T09:06:40.000Z,,https://www.ebay.com/itm/800481279204?hash=itemba6066fce4:g:kRkAAeSwQ0FqeEPY,https://i.ebayimg.com/images/g/kRkAAeSwQ0FqeEPY/s-l225.jpg
型号不明,69.0,Canon EF-S18-55 F3.5-5.6 II USM Standard Zoom Lens,Canon,Lenses,Used,105.94,USD,FIXED_PRICE,9,1280,mount:canon ef;underpriced(med 300),JP,benzaitenten_japan,100.0,2026-08-09T08:37:32.000Z,,https://www.ebay.com/itm/800481216482?hash=itemba606607e2:g:XBEAAeSwXRhqeD0F,https://i.ebayimg.com/images/g/XBEAAeSwXRhqeD0F/s-l225.jpg
型号不明,69.0,CANON MOUNT ADAPTER EF-EOS M Mount Adapter,Canon,Lenses,Used,105.94,USD,FIXED_PRICE,4,1280,mount:leica m;underpriced(med 300),JP,benzaitenten_japan,100.0,2026-08-09T08:02:00.000Z,,https://www.ebay.com/itm/800481101861?hash=itemba60644825:g:HB0AAeSwxvxqeDSw,https://i.ebayimg.com/images/g/HB0AAeSwxvxqeDSw/s-l225.jpg
型号不明,69.0,CANON EF-EOS M Mount Adapter,Canon,Lenses,Used,105.94,USD,FIXED_PRICE,3,1280,mount:leica m;underpriced(med 300),JP,benzaitenten_japan,100.0,2026-08-09T07:53:40.000Z,,https://www.ebay.com/itm/800481092778?hash=itemba606424aa:g:6PIAAeSwaJdqeDJ-,https://i.ebayimg.com/images/g/6PIAAeSwaJdqeDJ-/s-l225.jpg
型号不明,69.0,CANON EF-S 18-55 1:3.5-5.6 II Lens,Canon,Lenses,Used,111.26,USD,FIXED_PRICE,5,1280,mount:canon ef;underpriced(med 300),JP,benzaitenten_japan,100.0,2026-08-09T09:29:27.000Z,,https://www.ebay.com/itm/800481347181?hash=itemba6068066d:g:w-YAAeSwsnZqeEjy,https://i.ebayimg.com/images/g/w-YAAeSwsnZqeEjy/s-l225.jpg
型号不明,69.0,CANON CANON Mount Adapter EF-EOS M,Canon,Lenses,Used,116.58,USD,FIXED_PRICE,4,1280,mount:canon ef;underpriced(med 300),JP,benzaitenten_japan,100.0,2026-08-09T09:57:41.000Z,,https://www.ebay.com/itm/800481422225?hash=itemba60692b91:g:F84AAeSwH-NqeFBB,https://i.ebayimg.com/images/g/F84AAeSwH-NqeFBB/s-l225.jpg
型号不明,69.0,CANON EF-S 18-55 F3.5-5.6 II USM Lens,Canon,Lenses,Used,116.58,USD,FIXED_PRICE,3,1280,mount:canon ef;underpriced(med 300),JP,benzaitenten_japan,100.0,2026-08-09T09:49:50.000Z,,https://www.ebay.com/itm/800481388087?hash=itemba6068a637:g:8XAAAeSwsnZqeE4y,https://i.ebayimg.com/images/g/8XAAAeSwsnZqeE4y/s-l225.jpg
型号不明,69.0,CANON EF-S 18-55 F3.5-5.6 IS Lens,Canon,Lenses,Used,116.58,USD,FIXED_PRICE,3,1280,mount:canon ef;underpriced(med 300),JP,benzaitenten_japan,100.0,2026-08-09T09:48:23.000Z,,https://www.ebay.com/itm/800481385323?hash=itemba60689b6b:g:EGsAAeSw1KtqeE4c,https://i.ebayimg.com/images/g/EGsAAeSw1KtqeE4c/s-l225.jpg
型号不明,69.0,CANON ZOOM LENS EF-S 18-55 1:3.5-5 Lens,Canon,Lenses,Used,116.58,USD,FIXED_PRICE,4,1280,mount:canon ef;underpriced(med 300),JP,benzaitenten_japan,100.0,2026-08-09T09:32:32.000Z,,https://www.ebay.com/itm/800481354984?hash=itemba606824e8:g:Zp8AAeSw2RBqeEmu,https://i.ebayimg.com/images/g/Zp8AAeSw2RBqeEmu/s-l225.jpg
型号不明,69.0,CANON EF-S 18-55 F4-5.6 IS STM Lens,Canon,Lenses,Used,116.58,USD,FIXED_PRICE,7,1280,mount:canon ef;underpriced(med 300),JP,benzaitenten_japan,100.0,2026-08-09T09:25:56.000Z,,https://www.ebay.com/itm/800481339062?hash=itemba6067e6b6:g:4wUAAeSwNtZqeEiW,https://i.ebayimg.com/images/g/4wUAAeSwNtZqeEiW/s-l225.jpg
型号不明,69.0,CANON EF-S 18-55 F3.5-5.6 IS II Lens,Canon,Lenses,Used,116.58,USD,FIXED_PRICE,3,1280,mount:canon ef;underpriced(med 300),JP,benzaitenten_japan,100.0,2026-08-09T09:24:35.000Z,,https://www.ebay.com/itm/800481335306?hash=itemba6067d80a:g:xO0AAeSwd3dqeEfN,https://i.ebayimg.com/images/g/xO0AAeSwd3dqeEfN/s-l225.jpg
型号不明,69.0,CANON EF-S18-55 F3.5-5.6 IS II Lens,Canon,Lenses,Used,116.58,USD,FIXED_PRICE,10,1280,mount:canon ef;underpriced(med 300),JP,benzaitenten_japan,100.0,2026-08-09T09:22:02.000Z,,https://www.ebay.com/itm/800481327918?hash=itemba6067bb2e:g:m~oAAeSwL~NqeEev,https://i.ebayimg.com/images/g/m~oAAeSwL~NqeEev/s-l225.jpg
型号不明,69.0,CANON EF-S 18-55 F3.5-5.6 USM Lens,Canon,Lenses,Used,116.58,USD,FIXED_PRICE,3,1280,mount:canon ef;underpriced(med 300),JP,benzaitenten_japan,100.0,2026-08-09T09:17:05.000Z,,https://www.ebay.com/itm/800481319200?hash=itemba60679920:g:wWsAAeSwFJ1qeEYM,https://i.ebayimg.com/images/g/wWsAAeSwFJ1qeEYM/s-l225.jpg
型号不明,69.0,CANON EF 100-300 F4.5-5.6 Telephoto Lens,Canon,Lenses,Used,116.58,USD,FIXED_PRICE,7,1280,mount:canon ef;underpriced(med 300),JP,benzaitenten_japan,100.0,2026-08-09T09:01:06.000Z,,https://www.ebay.com/itm/800481264233?hash=itemba6066c269:g:meQAAeSwkNxqeEKO,https://i.ebayimg.com/images/g/meQAAeSwkNxqeEKO/s-l225.jpg
型号不明,69.0,CANON EF-S 18-55 1:3.5-5.6 IS Replacement Lens,Canon,Lenses,Used,116.58,USD,FIXED_PRICE,6,1280,mount:canon ef;underpriced(med 300),JP,benzaitenten_japan,100.0,2026-08-09T09:00:44.000Z,,https://www.ebay.com/itm/800481263800?hash=itemba6066c0b8:g:gxAAAeSwqylqeELy,https://i.ebayimg.com/images/g/gxAAAeSwqylqeELy/s-l225.jpg
型号不明,69.0,CANON EF-S 18-55 F3.5-5.6 IS STM Standard Lens,Canon,Lenses,Used,116.58,USD,FIXED_PRICE,4,1280,mount:canon ef;underpriced(med 300),JP,benzaitenten_japan,100.0,2026-08-09T08:59:41.000Z,,https://www.ebay.com/itm/800481262871?hash=itemba6066bd17:g:Xy4AAeSwxkhqeEJt,https://i.ebayimg.com/images/g/Xy4AAeSwxkhqeEJt/s-l225.jpg
型号不明,69.0,CANON EF-M15-45 F3.5-6.3 IS STM Zoom Lens,Canon,Lenses,Used,116.58,USD,FIXED_PRICE,4,1280,mount:canon ef;underpriced(med 300),JP,benzaitenten_japan,100.0,2026-08-09T08:58:35.000Z,,https://www.ebay.com/itm/800481260591?hash=itemba6066b42f:g:WjAAAeSwXyBqeEF9,https://i.ebayimg.com/images/g/WjAAAeSwXyBqeEF9/s-l225.jpg
型号不明,69.0,CANON ZOOM LENS EF 28-90 Camera Lens,Canon,Lenses,Used,116.58,USD,FIXED_PRICE,4,1280,mount:canon ef;underpriced(med 300),JP,benzaitenten_japan,100.0,2026-08-09T08:53:32.000Z,,https://www.ebay.com/itm/800481251763?hash=itemba606691b3:g:h68AAeSw6fRqeECI,https://i.ebayimg.com/images/g/h68AAeSw6fRqeECI/s-l225.jpg
型号不明,69.0,CANON EF 28-80 F3.5-5.6V Camera Lens,Canon,Lenses,Used,116.58,USD,FIXED_PRICE,5,1280,mount:canon ef;underpriced(med 300),JP,benzaitenten_japan,100.0,2026-08-09T08:51:39.000Z,,https://www.ebay.com/itm/800481247794?hash=itemba60668232:g:cOgAAeSwBclqeEBa,https://i.ebayimg.com/images/g/cOgAAeSwBclqeEBa/s-l225.jpg
型号不明,69.0,Canon EF-S 18-55 1:3.5-5.6 IS Standard Zoom Lens,Canon,Lenses,Used,116.58,USD,FIXED_PRICE,5,1280,mount:canon ef;underpriced(med 300),JP,benzaitenten_japan,100.0,2026-08-09T08:49:40.000Z,,https://www.ebay.com/itm/800481240212?hash=itemba60666494:g:S3cAAeSwJ2dqeD~c,https://i.ebayimg.com/images/g/S3cAAeSwJ2dqeD~c/s-l225.jpg
型号不明,69.0,CANON EF-S18-55 DSLR Lens,Canon,Lenses,Used,116.58,USD,FIXED_PRICE,3,1280,mount:canon ef;underpriced(med 300),JP,benzaitenten_japan,100.0,2026-08-09T08:44:35.000Z,,https://www.ebay.com/itm/800481228919?hash=itemba60663877:g:hDcAAeSwCYxqeD8e,https://i.ebayimg.com/images/g/hDcAAeSwCYxqeD8e/s-l225.jpg
型号不明,69.0,Canon EF-S 18-55/3.5-5.6 II USM Standard Zoom Lens,Canon,Lenses,Used,116.58,USD,FIXED_PRICE,6,1280,mount:canon ef;underpriced(med 300),JP,benzaitenten_japan,100.0,2026-08-09T08:41:34.000Z,,https://www.ebay.com/itm/800481225038?hash=itemba6066294e:g:XNcAAeSw0KxqeD2-,https://i.ebayimg.com/images/g/XNcAAeSw0KxqeD2-/s-l225.jpg
型号不明,69.0,Canon EF-M 18-55 1:3.5-5.6 IS STM Standard Zoom Lens,Canon,Lenses,Used,116.58,USD,FIXED_PRICE,5,1280,mount:canon ef;underpriced(med 300),JP,benzaitenten_japan,100.0,2026-08-09T08:27:19.000Z,,https://www.ebay.com/itm/800481187596?hash=itemba6065970c:g:uo8AAeSwk-9qeDsZ,https://i.ebayimg.com/images/g/uo8AAeSwk-9qeDsZ/s-l225.jpg
型号不明,69.0,CANON EF-EOS M Shoe Adapter,Canon,Lenses,Used,116.58,USD,FIXED_PRICE,5,1280,mount:canon ef;underpriced(med 300),JP,benzaitenten_japan,100.0,2026-08-09T08:06:56.000Z,,https://www.ebay.com/itm/800481115836?hash=itemba60647ebc:g:BqMAAeSwMk1qeDVf,https://i.ebayimg.com/images/g/BqMAAeSwMk1qeDVf/s-l225.jpg
型号不明,69.0,CANON EF-EOSM Mount Adapter,Canon,Lenses,Used,116.58,USD,FIXED_PRICE,4,1280,mount:canon ef;underpriced(med 300),JP,benzaitenten_japan,100.0,2026-08-09T08:03:53.000Z,,https://www.ebay.com/itm/800481105868?hash=itemba606457cc:g:zjMAAeSwRQxqeDTl,https://i.ebayimg.com/images/g/zjMAAeSwRQxqeDTl/s-l225.jpg
型号不明,69.0,CANON EF-EOS M Mount Adapter,Canon,Lenses,Used,116.58,USD,FIXED_PRICE,3,1280,mount:leica m;underpriced(med 300),JP,benzaitenten_japan,100.0,2026-08-09T08:00:17.000Z,,https://www.ebay.com/itm/800481099430?hash=itemba60643ea6:g:FnUAAeSwU4ZqeDTF,https://i.ebayimg.com/images/g/FnUAAeSwU4ZqeDTF/s-l225.jpg
型号不明,69.0,CANON MOUNT ADAPTER EF-EOS M Mount Adapter,Canon,Lenses,Used,116.58,USD,FIXED_PRICE,6,1280,mount:leica m;underpriced(med 300),JP,benzaitenten_japan,100.0,2026-08-09T07:57:23.000Z,,https://www.ebay.com/itm/800481097547?hash=itemba6064374b:g:h8YAAeSwvmNqeDOc,https://i.ebayimg.com/images/g/h8YAAeSwvmNqeDOc/s-l225.jpg
型号不明,69.0,CANON EF-M 18-55 3.5-5.6 IS STM Lens,Canon,Lenses,Used,127.21,USD,FIXED_PRICE,5,1280,mount:canon ef;underpriced(med 300),JP,benzaitenten_japan,100.0,2026-08-09T09:45:27.000Z,,https://www.ebay.com/itm/800481379817?hash=itemba606885e9:g:7J0AAeSwXI1qeE1r,https://i.ebayimg.com/images/g/7J0AAeSwXI1qeE1r/s-l225.jpg
型号不明,69.0,CANON EF-S 55-250 F4-5.6 IS Lens,Canon,Lenses,Used,127.21,USD,FIXED_PRICE,4,1280,mount:canon ef;underpriced(med 300),JP,benzaitenten_japan,100.0,2026-08-09T09:28:21.000Z,,https://www.ebay.com/itm/800481342503?hash=itemba6067f427:g:TGcAAeSwhP1qeEiw,https://i.ebayimg.com/images/g/TGcAAeSwhP1qeEiw/s-l225.jpg
型号不明,69.0,CANON EF-S 18-55 F3.5-5.6IS Standard Lens,Canon,Lenses,Used,127.21,USD,FIXED_PRICE,9,1280,mount:canon ef;underpriced(med 300),JP,benzaitenten_japan,100.0,2026-08-09T09:04:13.000Z,,https://www.ebay.com/itm/800481270030?hash=itemba6066d90e:g:FOoAAeSwhyNqeEMM,https://i.ebayimg.com/images/g/FOoAAeSwhyNqeEMM/s-l225.jpg
型号不明,69.0,CANON EF-M 18-55 F3.5-5.6 IS STM Standard Zoom Lens,Canon,Lenses,Used,127.21,USD,FIXED_PRICE,9,1280,mount:canon ef;underpriced(med 300),JP,benzaitenten_japan,100.0,2026-08-09T08:37:57.000Z,,https://www.ebay.com/itm/800481216903?hash=itemba60660987:g:XPAAAeSwXRhqeD0b,https://i.ebayimg.com/images/g/XPAAAeSwXRhqeD0b/s-l225.jpg
型号不明,69.0,CANON EF-EOS M Mount Adapter,Canon,Lenses,Used,127.21,USD,FIXED_PRICE,3,1280,mount:leica m;underpriced(med 300),JP,benzaitenten_japan,100.0,2026-08-09T08:00:30.000Z,,https://www.ebay.com/itm/800481099669?hash=itemba60643f95:g:W9UAAeSwuKZqeDPg,https://i.ebayimg.com/images/g/W9UAAeSwuKZqeDPg/s-l225.jpg
型号不明,69.0,CANON EF-EOSM Mount Adapter,Canon,Lenses,Used,127.21,USD,FIXED_PRICE,2,1280,mount:canon ef;underpriced(med 300),JP,benzaitenten_japan,100.0,2026-08-09T07:57:10.000Z,,https://www.ebay.com/itm/800481097433?hash=itemba606436d9:g:8PQAAeSwIGNqeDON,https://i.ebayimg.com/images/g/8PQAAeSwIGNqeDON/s-l225.jpg
查无市价,68.0,"Mamiya C330 Professional Twin Lens Reflex TLR 120 Film Camera, Black",Mamiya,Vintage Cameras,,0.0,USD,AUCTION,6,0,grail:Mamiya C330;auction,US,keeak51,100.0,2026-08-10T00:50:57.000Z,2026-08-17T00:50:57.000Z,https://www.ebay.com/itm/318704357301?hash=item4a34428fb5:g:d-wAAeSwjWhqeR8u,https://i.ebayimg.com/images/g/d-wAAeSwjWhqeR8u/s-l225.jpg
残件/按现状,68.0,Contax IIIa 35mm Film Camera with Carl Zeiss Sonnar 50mm f1.5 Lens + Case & Bag,Contax,Film Cameras,For parts or not working,0.0,USD,AUCTION,23,1600,grail:Sonnar;auction,US,jeremyk15,99.9,2026-08-10T00:33:01.000Z,2026-08-17T00:33:01.000Z,https://www.ebay.com/itm/198552615718?hash=item2e3aa87b26:g:vM4AAeSwMcpqdPzg,https://i.ebayimg.com/images/g/vM4AAeSwMcpqdPzg/s-l225.jpg
查无市价,68.0,Zeiss Ikon S Matic Camera with Zeiss Tessar 50mm 2.8 Lens W/ Zeiss Rubber Hood,Zeiss,Vintage Cameras,,0.0,USD,"AUCTION,BEST_OFFER",12,0,grail:Tessar;auction,US,dphotodude,98.9,2026-08-09T17:42:35.000Z,2026-08-16T17:42:35.000Z,https://www.ebay.com/itm/307116506067?hash=item478191fbd3:g:I~UAAeSwZeRqAK7~,https://i.ebayimg.com/images/g/I~UAAeSwZeRqAK7~/s-l225.jpg
打包杂件,68.0,Minolta X-700 35mm Film SLR Camera Bundle w Lenses Flash Case Manual,Minolta,Film Cameras,Used,120.0,USD,"FIXED_PRICE,AUCTION",22,640,grail:X-700;auction,US,bigmude,99.6,2026-08-09T22:16:10.000Z,2026-08-16T22:16:10.000Z,https://www.ebay.com/itm/327302502244?hash=item4c34bfd764:g:0NAAAeSwgjxqJMjf,https://i.ebayimg.com/images/g/0NAAAeSwgjxqJMjf/s-l225.jpg
残件/按现状,68.0,Nikon F4 35mm Film SLR Camera Body READ Untested JAPAN #206,Nikon,Film Cameras,Used,128.92,USD,FIXED_PRICE,4,1196,grail:Nikon F4;as-is;low-feedback,JP,vipress,75.0,2026-08-09T08:10:16.000Z,,https://www.ebay.com/itm/206477023164?hash=item3012fd57bc:g:lgYAAeSwPd5qeDXg,https://i.ebayimg.com/images/g/lgYAAeSwPd5qeDXg/s-l225.jpg
型号不明,68.0,"Pentax Auto 110 Body & Lens Set, Wide & Telephoto, Flash, From Japan",Pentax,Film Cameras,Used,148.99,USD,FIXED_PRICE,12,1080,grail:Auto 110,JP,niigata-japan,99.3,2026-08-09T12:10:30.000Z,,https://www.ebay.com/itm/128017664403?hash=item1dce728993:g:240AAeSwIvJqeHDS,https://i.ebayimg.com/images/g/240AAeSwIvJqeHDS/s-l225.jpg
图片过小,68.0,"Olympus OM-2 Silver Camera Body, Classic 35mm Film From Japan",Olympus,Film Cameras,Used,151.99,USD,FIXED_PRICE,9,600,grail:OM-2;mount:olympus om,JP,niigata-japan,99.3,2026-08-09T12:10:29.000Z,,https://www.ebay.com/itm/128017664352?hash=item1dce728960:g:MIEAAeSw5TlqeG8n,https://i.ebayimg.com/images/g/MIEAAeSw5TlqeG8n/s-l225.jpg
图片过小,68.0,Canon AE-1 Silver Camera Body FD Mount from Japan,Canon,Film Cameras,Used,156.99,USD,FIXED_PRICE,9,600,grail:AE-1;mount:canon fd,JP,niigata-japan,99.3,2026-08-09T12:10:29.000Z,,https://www.ebay.com/itm/117348612932?hash=item1b5285bb44:g:LhgAAeSwRpxqeG7u,https://i.ebayimg.com/images/g/LhgAAeSwRpxqeG7u/s-l225.jpg
图片过小,68.0,Olympus OM-1 Silver Camera Body Excellent Condition From Japan,Olympus,Film Cameras,Used,160.99,USD,FIXED_PRICE,9,600,grail:OM-1;mount:olympus om,JP,niigata-japan,99.3,2026-08-09T12:10:29.000Z,,https://www.ebay.com/itm/117348612926?hash=item1b5285bb3e:g:bLAAAeSwMcpqeG6w,https://i.ebayimg.com/images/g/bLAAAeSwMcpqeG6w/s-l225.jpg
图片过小,68.0,Olympus OM-2 Camera 50mm F1.8 Silver Auto SLR From Japan,Olympus,Film Cameras,Used,211.99,USD,FIXED_PRICE,9,600,grail:OM-2;mount:olympus om,JP,niigata-japan,99.3,2026-08-09T12:10:29.000Z,,https://www.ebay.com/itm/117348612927?hash=item1b5285bb3f:g:0XQAAeSw~uRqeG53,https://i.ebayimg.com/images/g/0XQAAeSw~uRqeG53/s-l225.jpg
查无市价,68.0,【Exc+5】SMC Pentax Takumar 6x7 400mm f4 Telephoto Lens For 67 From JAPAN #4307,Pentax,Lenses,Used,219.99,USD,FIXED_PRICE,7,0,grail:6x7;mount:pentax k;good-cond,JP,osaka-camera-takeuchi,98.1,2026-08-09T16:13:22.000Z,,https://www.ebay.com/itm/257671028997?hash=item3bfe63e105:g:dOwAAeSw0QpqNpnM,https://i.ebayimg.com/images/g/dOwAAeSw0QpqNpnM/s-l225.jpg
图片过小,68.0,Canon AE-1 Camera with FD 28mm F3.5 Lens Black from Japan,Canon,Film Cameras,Used,220.99,USD,FIXED_PRICE,9,600,grail:AE-1;mount:canon fd,JP,niigata-japan,99.3,2026-08-09T12:10:29.000Z,,https://www.ebay.com/itm/128017664355?hash=item1dce728963:g:MZUAAeSwFplqeG9r,https://i.ebayimg.com/images/g/MZUAAeSwFplqeG9r/s-l225.jpg
图片过小,68.0,Canon A-1 Camera FD 50mm F1.8 S.C. Lens Excellent From Japan,Canon,Film Cameras,Used,238.99,USD,FIXED_PRICE,9,600,grail:Canon A-1;mount:canon fd,JP,niigata-japan,99.3,2026-08-09T12:10:29.000Z,,https://www.ebay.com/itm/128017664360?hash=item1dce728968:g:MEEAAeSwK~ZqeG6x,https://i.ebayimg.com/images/g/MEEAAeSwK~ZqeG6x/s-l225.jpg
打包杂件,68.0,Pentax Asahi K1000 35mm Film Camera SMC 50mm Lens Bundle Exc+,Pentax,Film Cameras,Used,275.95,USD,"FIXED_PRICE,BEST_OFFER",23,1600,grail:K1000;good-cond,US,gibbygirlmusic,99.9,2026-08-09T14:29:22.000Z,,https://www.ebay.com/itm/298572523429?hash=item45844f27a5:g:bJMAAeSwxkhqeI4B,https://i.ebayimg.com/images/g/bJMAAeSwxkhqeI4B/s-l225.jpg
描述含糊,68.0,[Power supply confirmed] Canon AE-1 Program + 2 FD lenses + various accessories,Canon,Film Cameras,Used,399.09,USD,"FIXED_PRICE,BEST_OFFER",11,1080,grail:AE-1;mount:canon fd,JP,mgaaoetom10rbmjc-1,99.1,2026-08-09T15:15:06.000Z,,https://www.ebay.com/itm/236995781779?hash=item372e0ca493:g:-VsAAeSwIGNqeJn5,https://i.ebayimg.com/images/g/-VsAAeSwIGNqeJn5/s-l225.jpg
残件/按现状,67.0,Olympus Digital Camera Mju Mini 4.0MP Blue Faulty Free Postage,Olympus,Digital Cameras,For parts or not working,45.94,USD,FIXED_PRICE,9,1600,grail:Mju;underpriced(med 235),AU,ecosavvy_artichoke,99.7,2026-08-09T06:33:15.000Z,,https://www.ebay.com/itm/117348272711?hash=item1b52808a47:g:EhMAAeSwbiNqeB8F,https://i.ebayimg.com/images/g/EhMAAeSwbiNqeB8F/s-l225.jpg
残件/按现状,67.0,Minolta SRT 102 35mm Film Camera w MC Rokkor - PG 50mm f/1.4 Lens AS-IS,Minolta,Film Cameras,For parts or not working,59.99,USD,FIXED_PRICE,6,1600,mount:minolta md;as-is,US,sunshineislandpicker,99.9,2026-08-09T15:42:51.000Z,,https://www.ebay.com/itm/178390007648?hash=item2988df7f60:g:AuMAAeSwseNqeJ99,https://i.ebayimg.com/images/g/AuMAAeSwseNqeJ99/s-l225.jpg
查无市价,67.0,*Exc+5* Minolta Repo Matte Black Half Frame Film Camera Rokkor 30mm F/2.8 /Japan,Minolta,Film Cameras,Used,126.65,USD,FIXED_PRICE,21,0,mount:minolta md;good-cond,JP,hitonaga-0,100.0,2026-08-09T11:56:34.000Z,,https://www.ebay.com/itm/407131202635?hash=item5ecae9244b:g:JXsAAeSwPJ1pl~H5,https://i.ebayimg.com/images/g/JXsAAeSwPJ1pl~H5/s-l225.jpg
型号不明,67.0,Used Leica R 100/4 Macro-Elmar-R Macro Lens Manual Focus Full Frame E55 Mount,Leica,Lenses,Used,423.71,USD,"FIXED_PRICE,BEST_OFFER",8,1404,grail:Elmar;underpriced(med 1366),CN,qwertyu_60,100.0,2026-08-09T10:15:32.000Z,,https://www.ebay.com/itm/398266266938?hash=item5cba84f53a:g:oYsAAeSwHgFqeFM1,https://i.ebayimg.com/images/g/oYsAAeSwHgFqeFM1/s-l225.jpg
查无市价,67.0,Hasselblad 500C/M Planar 80mm F2.8 PME45 finder A12 578185,Hasselblad,Film Cameras,Used,3291.59,USD,FIXED_PRICE,9,1199,grail:500C,JP,digree_japan,99.7,2026-08-09T05:07:58.000Z,,https://www.ebay.com/itm/307115438965?hash=item478181b375:g:psMAAeSwR01qeWb5,https://i.ebayimg.com/images/g/psMAAeSwR01qeWb5/s-l225.jpg
型号不明,66.0,Mount Adapter Model ADAPTER K FOR 6X7 LENS PENTAX,Pentax,Lenses,Used,94.39,USD,FIXED_PRICE,5,1280,grail:6X7,JP,zeton_ec,100.0,2026-08-09T06:24:57.000Z,,https://www.ebay.com/itm/158169049233?hash=item24d39c2891:g:q0oAAeSwCclqeB5p,https://i.ebayimg.com/images/g/q0oAAeSwCclqeB5p/s-l225.jpg
型号不明,66.0,Rakunar 2x auto tele converter for Mamiya RB67 cameras,Mamiya,Lenses,Used,158.99,USD,"FIXED_PRICE,BEST_OFFER",3,1600,grail:RB67,US,analogtastic,100.0,2026-08-09T06:49:10.000Z,,https://www.ebay.com/itm/128017418509?hash=item1dce6ec90d:g:7AwAAeSwtlZqeCPb,https://i.ebayimg.com/images/g/7AwAAeSwtlZqeCPb/s-l225.jpg
型号不明,65.0,Nikon N-AFs 2x TELEPLUS MC7 Lens In Case Excellent Teleconverter,Nikon,Lenses,Used,25.0,USD,"FIXED_PRICE,BEST_OFFER",6,1599,underpriced(med 229),US,firetruckie,99.9,2026-08-09T13:47:48.000Z,,https://www.ebay.com/itm/358904502268?hash=item53906017fc:g:SLYAAeSwAuVqeIQi,https://i.ebayimg.com/images/g/SLYAAeSwAuVqeIQi/s-l225.jpg
残件/按现状;打包杂件,65.0,UNTEST VINTAGE CAMERA LENS BUNDLE FOR MINOLTA,Minolta,Lenses,For parts or not working,25.0,USD,"FIXED_PRICE,BEST_OFFER",14,1600,underpriced(med 114),US,zacpenni_59,100.0,2026-08-09T06:59:22.000Z,,https://www.ebay.com/itm/318701080452?hash=item4a34108f84:g:06AAAeSw4vtqeCV8,https://i.ebayimg.com/images/g/06AAAeSw4vtqeCV8/s-l225.jpg
打包杂件,65.0,Instax Mini 7+ Instant Camera Baby Blue Bundle ✨ Extras!,Instax,Film Cameras,Used,27.99,USD,"FIXED_PRICE,BEST_OFFER",8,1600,underpriced(med 102),US,midwestie77,98.9,2026-08-09T13:29:43.000Z,,https://www.ebay.com/itm/227468497314?hash=item34f62dd1a2:g:e~8AAeSw87BqeIAb,https://i.ebayimg.com/images/g/e~8AAeSw87BqeIAb/s-l225.jpg
型号不明,65.0,Vintage Pentax Asahi Optical Co Super-Takumar 1:2/55 4885709 Made In Japan,Pentax,Lenses,Used,35.0,USD,FIXED_PRICE,10,1600,underpriced(med 176),US,jaxdealsplus,99.9,2026-08-09T15:04:58.000Z,,https://www.ebay.com/itm/327302109626?hash=item4c34b9d9ba:g:B1gAAeSwH-NqeJai,https://i.ebayimg.com/images/g/B1gAAeSwH-NqeJai/s-l225.jpg
残件/按现状,65.0,Agfa Silette 35mm Film Viewfinder Camera with Color-Agnar 45mm f/3.5 Lens & Case,Agfa,Film Cameras,For parts or not working,40.0,USD,"FIXED_PRICE,BEST_OFFER",7,1600,underpriced(med 95),US,fcar98,99.4,2026-08-09T18:46:00.000Z,,https://www.ebay.com/itm/206478053127?hash=item30130d0f07:g:q5AAAOSwYQpkHlBM,https://i.ebayimg.com/images/g/q5AAAOSwYQpkHlBM/s-l225.jpg
残件/按现状,65.0,SONY BMC-110 BETAMOVIE BETAMAX VIDEO CAMERA W/ AC-M110 Power Adapter - UNTESTED,Sony,Vintage Cameras,,55.99,USD,"FIXED_PRICE,BEST_OFFER",5,1072,as-is;underpriced(med 286),US,djh2014,100.0,2026-08-09T14:28:59.000Z,,https://www.ebay.com/itm/377405672723?hash=item57df218d13:g:cFwAAeSwJfVpVuk~,https://i.ebayimg.com/images/g/cFwAAeSwJfVpVuk~/s-l225.jpg
打包杂件,65.0,Nikon AF Nikkor Lens Lot 28-80mm f/3.3-5.6G + 70-300mm f/4-5.6G w/ HB-26 Hood,Nikon,Lenses,Used,65.0,USD,"FIXED_PRICE,BEST_OFFER",7,1600,mount:nikon f;underpriced(med 229),US,justinsstore,0.0,2026-08-09T20:12:47.000Z,,https://www.ebay.com/itm/158170820790?hash=item24d3b730b6:g:NBMAAeSw9~xqeNvr,https://i.ebayimg.com/images/g/NBMAAeSw9~xqeNvr/s-l225.jpg
打包杂件,65.0,Vintage Canon FD Lens Lot Quantaray 28mm F2.8 Prime JCPenney 28-80mm Macro Zoom,Canon,Lenses,Used,79.0,USD,"FIXED_PRICE,BEST_OFFER",8,1600,mount:canon fd;underpriced(med 300),US,tne4ever,99.0,2026-08-09T08:00:01.000Z,,https://www.ebay.com/itm/358887872165?hash=item538f6256a5:g:RC8AAeSwW3hqc0Wc,https://i.ebayimg.com/images/g/RC8AAeSwW3hqc0Wc/s-l225.jpg
残件/按现状,65.0,Canon FD 85mm f1.8 Portrait Lens w/original caps + Canon BT-52 hood - PARTS ONLY,Canon,Lenses,Used,95.0,USD,"FIXED_PRICE,BEST_OFFER",4,1475,mount:canon fd;as-is;underpriced(med 300),US,ksefore8,100.0,2026-08-09T20:35:05.000Z,,https://www.ebay.com/itm/398267809370?hash=item5cba9c7e5a:g:LhoAAeSwMk1qeOPp,https://i.ebayimg.com/images/g/LhoAAeSwMk1qeOPp/s-l225.jpg
型号不明,65.0,Fujifilm Fujinon XC 15-45 f/3.5-5.6 Zoom Telephoto Lens X Mount,Fujifilm,Lenses,Used,110.0,USD,"FIXED_PRICE,BEST_OFFER",2,982,mount:fuji x;underpriced(med 450),US,hanzh7615,0.0,2026-08-09T19:10:02.000Z,,https://www.ebay.com/itm/227468817198?hash=item34f632b32e:g:2bUAAeSwbqVqeM8y,https://i.ebayimg.com/images/g/2bUAAeSwbqVqeM8y/s-l225.jpg
残件/按现状,65.0,Canon EF-S 55-250mm 1:4-5.6 IS II Image Stabilizer LenS AS IS SEE PICTURES READ,Canon,Lenses,For parts or not working,114.99,USD,"FIXED_PRICE,BEST_OFFER",4,1600,mount:canon ef;as-is;underpriced(med 300),US,lucky_lots,99.7,2026-08-09T17:27:49.000Z,,https://www.ebay.com/itm/407131817500?hash=item5ecaf2861c:g:gs4AAeSw65pqeLh9,https://i.ebayimg.com/images/g/gs4AAeSw65pqeLh9/s-l225.jpg
型号不明,65.0,Lens Baby Composer Pro Demo with Sweet 50 Lens Optic Fujifilm x Mount,Fujifilm,Lenses,Used,125.0,USD,"FIXED_PRICE,BEST_OFFER",1,1600,mount:fuji x;underpriced(med 450),US,soulmuncherrr,100.0,2026-08-09T04:19:24.000Z,,https://www.ebay.com/itm/267751622121?hash=item3e573d85e9:g:j6AAAeSwjRtqd~7u,https://i.ebayimg.com/images/g/j6AAAeSwjRtqd~7u/s-l225.jpg
型号不明,65.0,Nikon FE Black Film Camera Body Fully Working From Japan,Nikon,Film Cameras,Used,136.99,USD,FIXED_PRICE,12,1080,mount:sony e,JP,niigata-japan,99.3,2026-08-09T12:10:30.000Z,,https://www.ebay.com/itm/128017664434?hash=item1dce7289b2:g:ZTwAAeSwNSNqeG59,https://i.ebayimg.com/images/g/ZTwAAeSwNSNqeG59/s-l225.jpg
型号不明,65.0,Nikon FE Silver Film Camera Tested Working Excellent Condition From Japan,Nikon,Film Cameras,Used,139.99,USD,FIXED_PRICE,10,1080,mount:sony e,JP,niigata-japan,99.3,2026-08-09T12:10:30.000Z,,https://www.ebay.com/itm/117348613017?hash=item1b5285bb99:g:P4UAAeSw1yVqeG7w,https://i.ebayimg.com/images/g/P4UAAeSw1yVqeG7w/s-l225.jpg
型号不明;图片过小,65.0,Nikon FE Camera Body Black F Mount Compact Excellent From Japan,Nikon,Film Cameras,Used,141.99,USD,FIXED_PRICE,9,600,mount:nikon f,JP,niigata-japan,99.3,2026-08-09T12:10:29.000Z,,https://www.ebay.com/itm/128017664345?hash=item1dce728959:g:Pr8AAeSwIGNqeG9k,https://i.ebayimg.com/images/g/Pr8AAeSwIGNqeG9k/s-l225.jpg
型号不明;图片过小,65.0,Nikon FE Silver Camera Body Used Excellent Condition From Japan,Nikon,Film Cameras,Used,144.99,USD,FIXED_PRICE,9,600,mount:sony e,JP,niigata-japan,99.3,2026-08-09T12:10:29.000Z,,https://www.ebay.com/itm/117348612930?hash=item1b5285bb42:g:cjIAAeSw2SRqeG6w,https://i.ebayimg.com/images/g/cjIAAeSw2SRqeG6w/s-l225.jpg
型号不明,65.0,Nikon FE Black Body Film Camera AE Mode From Japan,Nikon,Film Cameras,Used,148.99,USD,FIXED_PRICE,18,1080,mount:sony e,JP,niigata-japan,99.3,2026-08-09T12:10:30.000Z,,https://www.ebay.com/itm/117348613015?hash=item1b5285bb97:g:LaMAAeSwYEVqeG53,https://i.ebayimg.com/images/g/LaMAAeSwYEVqeG53/s-l225.jpg
查无市价,65.0,Hasselblad angled prism finder 45 for 500C/M,Hasselblad,Vintage Cameras,,160.67,USD,"FIXED_PRICE,BEST_OFFER",3,0,grail:500C,IT,foto-9698,100.0,2026-08-09T12:00:30.000Z,,https://www.ebay.com/itm/377405374227?hash=item57df1cff13:g:TvEAAeSwQUxpJMhT,https://i.ebayimg.com/images/g/TvEAAeSwQUxpJMhT/s-l225.jpg
查无市价,65.0,Pentax SP Black Paint + Super-Takumar 55mm f1.8 Lens Set From Japan,Pentax,Film Cameras,Used,160.99,USD,FIXED_PRICE,1,0,grail:Pentax SP;55mm,JP,niigata-japan,99.3,2026-08-09T12:10:31.000Z,,https://www.ebay.com/itm/117348613042?hash=item1b5285bbb2:g:1oUAAeSw-zVqeHDT,https://i.ebayimg.com/images/g/1oUAAeSw-zVqeHDT/s-l225.jpg
查无市价,65.0,Pentax SP & Super-Takumar 55mm F1.8 #102,Pentax,Film Cameras,Used,182.19,USD,"FIXED_PRICE,BEST_OFFER",11,0,grail:Pentax SP;55mm,JP,mgaaoetom10rbmjc-1,99.1,2026-08-09T13:43:46.000Z,,https://www.ebay.com/itm/236995612595?hash=item372e0a0fb3:g:STEAAeSwFN5qeITN,https://i.ebayimg.com/images/g/STEAAeSwFN5qeITN/s-l225.jpg
查无市价,65.0,Pentax SP & Super-Takumar 55mm F1.8 #106,Pentax,Film Cameras,Used,202.46,USD,"FIXED_PRICE,BEST_OFFER",11,0,grail:Pentax SP;55mm,JP,mgaaoetom10rbmjc-1,99.1,2026-08-09T13:57:09.000Z,,https://www.ebay.com/itm/236995635448?hash=item372e0a68f8:g:f5oAAeSwxvxqeIgp,https://i.ebayimg.com/images/g/f5oAAeSwxvxqeIgp/s-l225.jpg
查无市价,65.0,Pentax SP & Super-Multi-Coated 55mm #98,Pentax,Film Cameras,Used,202.46,USD,"FIXED_PRICE,BEST_OFFER",11,0,grail:Pentax SP;55mm,JP,mgaaoetom10rbmjc-1,99.1,2026-08-09T13:57:05.000Z,,https://www.ebay.com/itm/236995635404?hash=item372e0a68cc:g:XWEAAeSwfn9qeIgj,https://i.ebayimg.com/images/g/XWEAAeSwfn9qeIgj/s-l225.jpg
查无市价,65.0,Pentax SP & Super-Takumar 55mm F1.8 #107,Pentax,Film Cameras,Used,203.72,USD,"FIXED_PRICE,BEST_OFFER",11,0,grail:Pentax SP;55mm,JP,mgaaoetom10rbmjc-1,99.1,2026-08-09T13:57:06.000Z,,https://www.ebay.com/itm/236995635407?hash=item372e0a68cf:g:ajQAAeSwOcNqeIex,https://i.ebayimg.com/images/g/ajQAAeSwOcNqeIex/s-l225.jpg
型号不明,64.0,Vintage B&L 5x8 Zeiss Tessar Series Ic 1903 Camera Lens / Betax No. 4 Shutter,Zeiss,Vintage Lenses,,0.0,USD,AUCTION,10,1097,grail:Tessar;auction,US,bnjvintageguitars,99.9,2026-08-09T17:02:36.000Z,2026-08-16T17:02:36.000Z,https://www.ebay.com/itm/377405971228?hash=item57df261b1c:g:vGYAAOSwTudl0Uja,https://i.ebayimg.com/images/g/vGYAAOSwTudl0Uja/s-l225.jpg
残件/按现状,64.0,Asahi Pentax Spotmatic SP Super-Takumar 50mm f/1.4 1967 Receipt Untested,Asahi,Film Cameras,For parts or not working,99.99,USD,"FIXED_PRICE,BEST_OFFER",23,1599,grail:Spotmatic;as-is,US,terrescollectibles,100.0,2026-08-10T01:23:09.000Z,,https://www.ebay.com/itm/236996576602?hash=item372e18c55a:g:W0AAAeSwDzRqeSeH,https://i.ebayimg.com/images/g/W0AAAeSwDzRqeSeH/s-l225.jpg
残件/按现状,64.0,Pentax K1000 35mm SLR Film Camera with Cover & Bag Untested,Pentax,Film Cameras,Used,119.99,USD,FIXED_PRICE,20,1600,grail:K1000;as-is,US,fliphard,99.9,2026-08-09T20:08:45.000Z,,https://www.ebay.com/itm/398267746118?hash=item5cba9b8746:g:1NMAAeSwWatqeN3z,https://i.ebayimg.com/images/g/1NMAAeSwWatqeN3z/s-l225.jpg
残件/按现状,64.0,PENTAX SP Black with Hot Shoe Serviced Military Part Defective Item 3960844,Pentax,Digital Cameras,Used,141.09,USD,FIXED_PRICE,9,1080,grail:PENTAX SP;good-cond;as-is,JP,zet_on,100.0,2026-08-09T06:23:33.000Z,,https://www.ebay.com/itm/407130766749?hash=item5ecae27d9d:g:mk0AAeSwtH5qeB2d,https://i.ebayimg.com/images/g/mk0AAeSwtH5qeB2d/s-l225.jpg
打包杂件,64.0,Pentax ME Super 35mm SLR Film Camera Bundle Toyo Lenses Case Strap & Flash,Pentax,Film Cameras,Used,149.98,USD,"FIXED_PRICE,BEST_OFFER",2,1600,grail:Pentax ME Super,US,kqnostalgicsllc,99.6,2026-08-09T16:43:13.000Z,,https://www.ebay.com/itm/327302215548?hash=item4c34bb777c:g:WlYAAeSwiuJqeKzk,https://i.ebayimg.com/images/g/WlYAAeSwiuJqeKzk/s-l225.jpg
残件/按现状;型号不明,64.0,"PENTAX 6x7 Medium Format Film Camera Body ONLY, Possibly works",Pentax,Film Cameras,For parts or not working,150.0,USD,"FIXED_PRICE,BEST_OFFER",4,1546,grail:6x7,US,drlotts0,100.0,2026-08-09T20:41:55.000Z,,https://www.ebay.com/itm/318703635365?hash=item4a34378ba5:g:uU4AAeSwyRFqeOUl,https://i.ebayimg.com/images/g/uU4AAeSwyRFqeOUl/s-l225.jpg
残件/按现状;型号不明,64.0,"15cm F4.5 CARL ZEISS TESSAR with COMPUR SHUTTER & LENS BOARD NR. 1903218 ""AS IS""",Zeiss,Vintage Lenses,,185.0,USD,"FIXED_PRICE,BEST_OFFER",8,936,grail:TESSAR;as-is,US,vtrav,100.0,2026-08-09T16:30:37.000Z,,https://www.ebay.com/itm/147493475240?hash=item22574bd3a8:g:hgwAAeSw-V9qdIL3,https://i.ebayimg.com/images/g/hgwAAeSw-V9qdIL3/s-l225.jpg
型号不明,64.0,[Good condition] Zenza Bronica EC TL 6x6 120 roll farm bag magazine holder,Bronica,Film Cameras,Used,186.3,USD,"FIXED_PRICE,BEST_OFFER",11,1600,grail:Bronica EC;neg;underpriced(med 580),JP,mgaaoetom10rbmjc-1,99.1,2026-08-09T13:43:15.000Z,,https://www.ebay.com/itm/236995610737?hash=item372e0a0871:g:r4EAAeSw-zVqeIR3,https://i.ebayimg.com/images/g/r4EAAeSw-zVqeIR3/s-l225.jpg
残件/按现状,64.0,Carl Zeiss Jena Tessar 80mm F2.8 Pentacon Six Medium Format Lens PARTS ONLY,Zeiss,Vintage Lenses,,220.0,USD,"FIXED_PRICE,BEST_OFFER",2,1600,grail:Tessar;as-is,US,vtrav,100.0,2026-08-09T17:50:25.000Z,,https://www.ebay.com/itm/147493597224?hash=item22574db028:g:4nwAAeSw3bJqdeE7,https://i.ebayimg.com/images/g/4nwAAeSw3bJqdeE7/s-l225.jpg
残件/按现状,64.0,Untested! Olympus OM-2 35mm camera Olympus OM Winder 2 & Alot more (untested)!,Olympus,Film Cameras,For parts or not working,250.0,USD,"FIXED_PRICE,BEST_OFFER",23,1600,grail:OM-2;mount:olympus om;as-is,US,auctionfinds2022,100.0,2026-08-09T05:17:24.000Z,,https://www.ebay.com/itm/178388358556?hash=item2988c6559c:g:5OsAAeSwyEZonWD-,https://i.ebayimg.com/images/g/5OsAAeSwyEZonWD-/s-l225.jpg
查无市价,64.0,[Near MINT] Voigtlander Nokton 50mm f1.5 From JAPAN,Voigtlander,Film Cameras,Used,1299.99,USD,FIXED_PRICE,7,1600,grail:Nokton;good-cond;low-feedback,JP,bytessin,96.8,2026-08-10T01:23:47.000Z,,https://www.ebay.com/itm/366595985722?hash=item555ad2d13a:g:sOMAAeSwSOpqeSlS,https://i.ebayimg.com/images/g/sOMAAeSwSOpqeSlS/s-l225.jpg
残件/按现状,63.0,CANON EOS DIGITAL REBEL XT EF-5 18-55 MM LENS KIT,Canon,Digital Cameras,For parts or not working,32.5,USD,"FIXED_PRICE,AUCTION",2,671,mount:canon ef;underpriced(med 321);auction,US,cat7035,99.5,2026-08-09T14:25:08.000Z,2026-08-16T14:25:08.000Z,https://www.ebay.com/itm/407131505272?hash=item5ecaedc278:g:VDAAAeSw0t5qAUJ6,https://i.ebayimg.com/images/g/VDAAAeSw0t5qAUJ6/s-l225.jpg
残件/按现状,63.0,Vtg Zeiss Ikon Contaflex 35mm Camera model S62433 Germany w Case Untested AS IS,Zeiss,Vintage Cameras,,49.54,USD,"FIXED_PRICE,BEST_OFFER",15,1080,as-is,US,judy1503,99.9,2026-08-09T22:55:00.000Z,,https://www.ebay.com/itm/287514604209?hash=item42f134b2b1:g:j14AAOSw9kJn-Vdf,https://i.ebayimg.com/images/g/j14AAOSw9kJn-Vdf/s-l225.jpg
型号不明,63.0,CANON lens WC-DC58B Used,Canon,Lenses,Used,66.26,USD,FIXED_PRICE,4,1200,underpriced(med 300),JP,beecruise04,97.5,2026-08-09T20:52:54.000Z,,https://www.ebay.com/itm/318703650287?hash=item4a3437c5ef:g:UiUAAeSwMk1qeOlb,https://i.ebayimg.com/images/g/UiUAAeSwMk1qeOlb/s-l225.jpg
型号不明,63.0,RICOH Lens Wide Conversion DW-6 Used,Ricoh,Lenses,Used,66.26,USD,FIXED_PRICE,7,1200,underpriced(med 199),JP,beecruise04,97.5,2026-08-09T20:52:20.000Z,,https://www.ebay.com/itm/318703649789?hash=item4a3437c3fd:g:2GwAAeSwYTBqeOmz,https://i.ebayimg.com/images/g/2GwAAeSwYTBqeOmz/s-l225.jpg
残件/按现状,63.0,VINTAGE SONY AVC-1420 VIDEO CAMERA WITH CASE UNTESTED,Sony,Vintage Cameras,,69.99,USD,"FIXED_PRICE,AUCTION",10,1600,as-is;underpriced(med 286);auction,US,cinderella100894,100.0,2026-08-09T19:18:54.000Z,2026-08-16T19:18:54.000Z,https://www.ebay.com/itm/257671300726?hash=item3bfe680676:g:VJYAAeSw-ExpWy0s,https://i.ebayimg.com/images/g/VJYAAeSw-ExpWy0s/s-l225.jpg
型号不明,63.0,PENTAX lens 18-55 Used,Pentax,Lenses,Used,70.15,USD,FIXED_PRICE,4,1200,underpriced(med 176),JP,beecruise04,97.5,2026-08-09T20:54:01.000Z,,https://www.ebay.com/itm/318703651969?hash=item4a3437cc81:g:4AcAAeSwE-hqeOoX,https://i.ebayimg.com/images/g/4AcAAeSwE-hqeOoX/s-l225.jpg
型号不明,63.0,CANON lens CZ6-2224 Used,Canon,Lenses,Used,70.15,USD,FIXED_PRICE,5,1200,underpriced(med 300),JP,beecruise04,97.5,2026-08-09T20:53:28.000Z,,https://www.ebay.com/itm/318703651239?hash=item4a3437c9a7:g:7qQAAeSwGbJqeOm6,https://i.ebayimg.com/images/g/7qQAAeSwGbJqeOm6/s-l225.jpg
型号不明,63.0,CANON lens Used,Canon,Lenses,Used,70.54,USD,FIXED_PRICE,4,1200,underpriced(med 300),JP,beecruise04,97.5,2026-08-09T20:53:52.000Z,,https://www.ebay.com/itm/318703651802?hash=item4a3437cbda:g:iX0AAeSwawdqeOnX,https://i.ebayimg.com/images/g/iX0AAeSwawdqeOnX/s-l225.jpg
型号不明,63.0,Binoculars Model 8 24UCF PENTAX,Pentax,Lenses,Used,72.53,USD,FIXED_PRICE,4,1280,underpriced(med 176),JP,zeton_ec,100.0,2026-08-09T06:24:57.000Z,,https://www.ebay.com/itm/158169049220?hash=item24d39c2884:g:tawAAeSwQQxqeB3y,https://i.ebayimg.com/images/g/tawAAeSwQQxqeB3y/s-l225.jpg
型号不明,63.0,CANON Lens ULTRASONIC 28-80 Used,Canon,Lenses,Used,76.95,USD,FIXED_PRICE,4,1200,underpriced(med 300),JP,beecruise04,97.5,2026-08-09T20:53:57.000Z,,https://www.ebay.com/itm/318703651916?hash=item4a3437cc4c:g:1JsAAeSwjRtqeOoW,https://i.ebayimg.com/images/g/1JsAAeSwjRtqeOoW/s-l225.jpg
型号不明,63.0,CANON lens EF35-80 Used,Canon,Lenses,Used,76.95,USD,FIXED_PRICE,5,1200,underpriced(med 300),JP,beecruise04,97.5,2026-08-09T20:53:48.000Z,,https://www.ebay.com/itm/318703651691?hash=item4a3437cb6b:g:pg8AAeSwbqVqeOr-,https://i.ebayimg.com/images/g/pg8AAeSwbqVqeOr-/s-l225.jpg
型号不明,63.0,CANON Lens EW-60C Used,Canon,Lenses,Used,76.95,USD,FIXED_PRICE,4,1200,underpriced(med 300),JP,beecruise04,97.5,2026-08-09T20:52:37.000Z,,https://www.ebay.com/itm/318703650044?hash=item4a3437c4fc:g:1yoAAeSwtH5qeOm9,https://i.ebayimg.com/images/g/1yoAAeSwtH5qeOm9/s-l225.jpg
型号不明,63.0,Olympus Lens Fish Eye Body Cap BCL-0980 Used,Olympus,Lenses,Used,87.64,USD,FIXED_PRICE,4,1200,underpriced(med 236),JP,beecruise04,97.5,2026-08-09T20:53:33.000Z,,https://www.ebay.com/itm/318703651350?hash=item4a3437ca16:g:hSEAAeSw3xtqeOmJ,https://i.ebayimg.com/images/g/hSEAAeSw3xtqeOmJ/s-l225.jpg
型号不明,63.0,CANON lens Used,Canon,Lenses,Used,87.64,USD,FIXED_PRICE,6,1200,underpriced(med 300),JP,beecruise04,97.5,2026-08-09T20:53:33.000Z,,https://www.ebay.com/itm/318703651373?hash=item4a3437ca2d:g:jIUAAeSwJtNqeOnA,https://i.ebayimg.com/images/g/jIUAAeSwJtNqeOnA/s-l225.jpg
型号不明,63.0,CANON Lens FD28mm f2.8 S.C. Used,Canon,Lenses,Used,87.64,USD,FIXED_PRICE,4,1200,underpriced(med 300),JP,beecruise04,97.5,2026-08-09T12:39:58.000Z,,https://www.ebay.com/itm/318702125149?hash=item4a3420805d:g:u9cAAeSw2SRqeHXX,https://i.ebayimg.com/images/g/u9cAAeSw2SRqeHXX/s-l225.jpg
型号不明,63.0,CANON EF25 Tube,Canon,Lenses,Used,95.3,USD,FIXED_PRICE,3,1280,underpriced(med 300),JP,benzaitenten_japan,100.0,2026-08-09T07:58:25.000Z,,https://www.ebay.com/itm/800481098126?hash=itemba6064398e:g:zQQAAeSw5ctqeDRY,https://i.ebayimg.com/images/g/zQQAAeSw5ctqeDRY/s-l225.jpg
型号不明,63.0,CANON LENS EF50mm F1.8 II Used,Canon,Lenses,Used,98.32,USD,FIXED_PRICE,3,1200,underpriced(med 300),JP,beecruise04,97.5,2026-08-09T20:54:05.000Z,,https://www.ebay.com/itm/318703652048?hash=item4a3437ccd0:g:bloAAeSwH-NqeOlp,https://i.ebayimg.com/images/g/bloAAeSwH-NqeOlp/s-l225.jpg
型号不明,63.0,CANON LENS MINI ZOOM S Used,Canon,Lenses,Used,98.32,USD,FIXED_PRICE,4,1200,underpriced(med 300),JP,beecruise04,97.5,2026-08-09T20:53:23.000Z,,https://www.ebay.com/itm/318703651050?hash=item4a3437c8ea:g:7xEAAeSwtGBqeOlA,https://i.ebayimg.com/images/g/7xEAAeSwtGBqeOlA/s-l225.jpg
型号不明,63.0,CANON Lens Film Camera Black Used,Canon,Lenses,Used,98.32,USD,FIXED_PRICE,4,1200,underpriced(med 300),JP,beecruise04,97.5,2026-08-09T16:40:48.000Z,,https://www.ebay.com/itm/318702885807?hash=item4a342c1baf:g:SJsAAeSwv8xqeK4T,https://i.ebayimg.com/images/g/SJsAAeSwv8xqeK4T/s-l225.jpg
型号不明,63.0,CANON lens Used,Canon,Lenses,Used,98.32,USD,FIXED_PRICE,4,1200,underpriced(med 300),JP,beecruise04,97.5,2026-08-09T14:40:24.000Z,,https://www.ebay.com/itm/318702502472?hash=item4a34264248:g:uq8AAeSwsqlqeJKL,https://i.ebayimg.com/images/g/uq8AAeSwsqlqeJKL/s-l225.jpg
型号不明,63.0,CANON Lens SIGMA f=70-210 Used,Canon,Lenses,Used,98.32,USD,FIXED_PRICE,6,1200,underpriced(med 300),JP,beecruise04,97.5,2026-08-09T14:40:20.000Z,,https://www.ebay.com/itm/318702502393?hash=item4a342641f9:g:0ZsAAeSwj0VqeJIO,https://i.ebayimg.com/images/g/0ZsAAeSwj0VqeJIO/s-l225.jpg
型号不明,63.0,CANON lens Used,Canon,Lenses,Used,102.21,USD,FIXED_PRICE,5,1200,underpriced(med 300),JP,beecruise04,97.5,2026-08-09T20:53:43.000Z,,https://www.ebay.com/itm/318703651607?hash=item4a3437cb17:g:nmIAAeSwMCBqeOmP,https://i.ebayimg.com/images/g/nmIAAeSwMCBqeOmP/s-l225.jpg
型号不明,63.0,CANON EOS IX E Canon/Film DSLR/EOS IX E,Canon,Lenses,Used,105.94,USD,FIXED_PRICE,11,1280,underpriced(med 300),JP,benzaitenten_japan,100.0,2026-08-09T09:50:58.000Z,,https://www.ebay.com/itm/800481392422?hash=itemba6068b726:g:FKAAAeSwCN1qeE53,https://i.ebayimg.com/images/g/FKAAAeSwCN1qeE53/s-l225.jpg
型号不明,63.0,CANON ET-74B Lens Hood,Canon,Lenses,Used,105.94,USD,FIXED_PRICE,10,1280,underpriced(med 300),JP,benzaitenten_japan,100.0,2026-08-09T08:18:45.000Z,,https://www.ebay.com/itm/800481163853?hash=itemba60653a4d:g:ucgAAeSws4lqeDjS,https://i.ebayimg.com/images/g/ucgAAeSws4lqeDjS/s-l225.jpg
型号不明,63.0,CANON ANGLE FINDER C Angle Finder,Canon,Lenses,Used,105.94,USD,FIXED_PRICE,8,1280,underpriced(med 300),JP,benzaitenten_japan,100.0,2026-08-09T07:51:11.000Z,,https://www.ebay.com/itm/800481088823?hash=itemba60641537:g:640AAeSwWcdqeDKa,https://i.ebayimg.com/images/g/640AAeSwWcdqeDKa/s-l225.jpg
型号不明,63.0,CANON lens FD135mm f2.8 Used,Canon,Lenses,Used,109.01,USD,FIXED_PRICE,5,1200,underpriced(med 300),JP,beecruise04,97.5,2026-08-09T20:52:42.000Z,,https://www.ebay.com/itm/318703650127?hash=item4a3437c54f:g:UM8AAeSwF~xqeOkV,https://i.ebayimg.com/images/g/UM8AAeSwF~xqeOkV/s-l225.jpg
型号不明,63.0,CANON Lens 1:4-5.6 Used,Canon,Lenses,Used,109.01,USD,FIXED_PRICE,4,1200,underpriced(med 300),JP,beecruise04,97.5,2026-08-09T12:39:58.000Z,,https://www.ebay.com/itm/318702125152?hash=item4a34208060:g:BW8AAeSw1~NqeHVh,https://i.ebayimg.com/images/g/BW8AAeSw1~NqeHVh/s-l225.jpg
型号不明,63.0,CANON EF28-105 F3.5-4.5 USM Standard Zoom Lens For Canon,Canon,Lenses,Used,116.58,USD,FIXED_PRICE,5,1280,underpriced(med 300),JP,benzaitenten_japan,100.0,2026-08-09T08:16:32.000Z,,https://www.ebay.com/itm/800481152735?hash=itemba60650edf:g:OEAAAeSwFJ1qeDiT,https://i.ebayimg.com/images/g/OEAAAeSwFJ1qeDiT/s-l225.jpg
型号不明,63.0,CANON EXTENDER CL2X Extender,Canon,Lenses,Used,116.58,USD,FIXED_PRICE,6,1280,underpriced(med 300),JP,benzaitenten_japan,100.0,2026-08-09T08:03:28.000Z,,https://www.ebay.com/itm/800481105606?hash=itemba606456c6:g:1osAAeSwSG9qeDV~,https://i.ebayimg.com/images/g/1osAAeSwSG9qeDV~/s-l225.jpg
型号不明,63.0,CANON lens Used,Canon,Lenses,Used,119.69,USD,FIXED_PRICE,4,1200,underpriced(med 300),JP,beecruise04,97.5,2026-08-09T20:53:33.000Z,,https://www.ebay.com/itm/318703651369?hash=item4a3437ca29:g:iycAAeSwVhJqeOnz,https://i.ebayimg.com/images/g/iycAAeSwVhJqeOnz/s-l225.jpg
型号不明,63.0,CANON LENS EF50mm F1.8 II Used,Canon,Lenses,Used,119.69,USD,FIXED_PRICE,5,1200,underpriced(med 300),JP,beecruise04,97.5,2026-08-09T20:52:37.000Z,,https://www.ebay.com/itm/318703650035?hash=item4a3437c4f3:g:KLcAAeSw5ctqeOnF,https://i.ebayimg.com/images/g/KLcAAeSw5ctqeOnF/s-l225.jpg
型号不明,63.0,Canon 15-45 0.25/0.8-∞ Wide-Angle Prime Lens,Canon,Lenses,Used,127.21,USD,FIXED_PRICE,5,1280,underpriced(med 300),JP,benzaitenten_japan,100.0,2026-08-09T08:26:03.000Z,,https://www.ebay.com/itm/800481184725?hash=itemba60658bd5:g:3c8AAeSwiiFqeDqQ,https://i.ebayimg.com/images/g/3c8AAeSwiiFqeDqQ/s-l225.jpg
型号不明,63.0,"CANON EOS620、35-70 3,5-4,5 Film DSLR",Canon,Lenses,Used,127.21,USD,FIXED_PRICE,14,1280,underpriced(med 300),JP,benzaitenten_japan,100.0,2026-08-09T07:56:04.000Z,,https://www.ebay.com/itm/800481096793?hash=itemba60643459:g:ye8AAeSwK~ZqeDMR,https://i.ebayimg.com/images/g/ye8AAeSwK~ZqeDMR/s-l225.jpg
型号不明,63.0,CANON lens EF50mm F2.5 compact macro Used,Canon,Lenses,Used,130.38,USD,FIXED_PRICE,5,1200,underpriced(med 300),JP,beecruise04,97.5,2026-08-09T08:39:44.000Z,,https://www.ebay.com/itm/318701389563?hash=item4a341546fb:g:9YEAAeSw-MdqeD2K,https://i.ebayimg.com/images/g/9YEAAeSw-MdqeD2K/s-l225.jpg
型号不明,63.0,Leica 13.5cm f4.5 Hektor Black/Nickel 326282,Leica,Lenses,Used,209.0,USD,FIXED_PRICE,7,1500,underpriced(med 1366),US,camerawest,99.0,2026-08-09T12:44:05.000Z,,https://www.ebay.com/itm/236995525606?hash=item372e08bbe6:g:w9AAAeSwyJFqeHqm,https://i.ebayimg.com/images/g/w9AAAeSwyJFqeHqm/s-l225.jpg
查无市价,63.0,Leica R3 Camera SAFARI Summicron-R 50mm f/2 Lens FILM TESTED WORKING meter works,Leica,Film Cameras,Used,1500.0,USD,"FIXED_PRICE,BEST_OFFER",21,1600,grail:Leica R3,US,jak1dr,100.0,2026-08-09T04:10:24.000Z,,https://www.ebay.com/itm/327301578878?hash=item4c34b1c07e:g:-UIAAeSw4U1qd~4h,https://i.ebayimg.com/images/g/-UIAAeSw4U1qd~4h/s-l225.jpg
型号不明,62.0,Used Baishaobao EF-EOS M Autofocus Lens Mount Adapter Canon EF to M Used,Canon,Lenses,Used,74.22,USD,"FIXED_PRICE,BEST_OFFER",6,790,mount:canon ef;underpriced(med 300),CN,qwertyu_60,100.0,2026-08-09T09:35:02.000Z,,https://www.ebay.com/itm/398266176912?hash=item5cba839590:g:52cAAeSw1KtqeEm-,https://i.ebayimg.com/images/g/52cAAeSw1KtqeEm-/s-l225.jpg
型号不明,62.0,Used Canon EF 35-80 Full Frame Lens Fungus Front Rear Caps,Canon,Lenses,Used,76.79,USD,"FIXED_PRICE,BEST_OFFER",6,1054,mount:canon ef;as-is;underpriced(med 300),CN,qwertyu_60,100.0,2026-08-09T08:55:59.000Z,,https://www.ebay.com/itm/398266037761?hash=item5cba817601:g:mM0AAeSwawdqeD~S,https://i.ebayimg.com/images/g/mM0AAeSwawdqeD~S/s-l225.jpg
型号不明,62.0,Used Nikon AIS 35-105 Manual Zoom Lens Nikon F Mount Smooth Focus Clear Glass,Nikon,Lenses,Used,93.99,USD,"FIXED_PRICE,BEST_OFFER",7,1404,mount:nikon f;underpriced(med 229),CN,qwertyu_60,100.0,2026-08-09T09:35:32.000Z,,https://www.ebay.com/itm/398266177670?hash=item5cba839886:g:5GQAAeSwJoxqeEnZ,https://i.ebayimg.com/images/g/5GQAAeSwJoxqeEnZ/s-l225.jpg
查无市价,62.0,Pentax Auto 110 G07-0522-160-7V Film Camera Tested Works From Japan,Pentax,Film Cameras,Used,161.99,USD,FIXED_PRICE,9,0,grail:Auto 110,JP,niigata-japan,99.3,2026-08-09T12:10:31.000Z,,https://www.ebay.com/itm/128017664489?hash=item1dce7289e9:g:cKUAAeSwOcNqeG9m,https://i.ebayimg.com/images/g/cKUAAeSwOcNqeG9m/s-l225.jpg
残件/按现状,62.0,[For Parts/Junk] Nikon F2 Photomic Silver DP-1 35mm SLR Film Camera Body #269,Nikon,Film Cameras,Used,197.01,USD,FIXED_PRICE,23,1600,grail:Nikon F2;as-is,JP,his50s,100.0,2026-08-09T14:52:04.000Z,,https://www.ebay.com/itm/188766814526?hash=item2bf361013e:g:iRMAAeSwzqVqNmQO,https://i.ebayimg.com/images/g/iRMAAeSwzqVqNmQO/s-l225.jpg
查无市价,62.0,minolta HI-MATIC F Black model [Good condition],Minolta,Film Cameras,Used,386.42,USD,"FIXED_PRICE,BEST_OFFER",11,0,grail:HI-MATIC,JP,mgaaoetom10rbmjc-1,99.1,2026-08-09T15:02:41.000Z,,https://www.ebay.com/itm/236995754371?hash=item372e0c3983:g:fbkAAeSwHdJqeJcT,https://i.ebayimg.com/images/g/fbkAAeSwHdJqeJcT/s-l225.jpg
型号不明,62.0,(Mint) Pentax 645 Medium Format Film Camera Body [Tested and Working] #3002485,Pentax,Film Cameras,Used,408.02,USD,FIXED_PRICE,9,1200,grail:645;good-cond,JP,quorefl-53,100.0,2026-08-09T11:26:10.000Z,,https://www.ebay.com/itm/800481649091?hash=itemba606ca1c3:g:x7gAAeSwlShqeGUB,https://i.ebayimg.com/images/g/x7gAAeSwlShqeGUB/s-l225.jpg
图片过小,62.0,SC:125 [N MINT] Fuji Fujifilm GW690 II Pro 6x9 Film Camera 90mm F3.5 From Japan,Fuji,Film Cameras,Used,870.99,USD,"FIXED_PRICE,BEST_OFFER",10,500,grail:GW690;good-cond,JP,w.a.t.k.r.japan.camera,100.0,2026-08-10T02:11:04.000Z,,https://www.ebay.com/itm/377406784742?hash=item57df3284e6:g:UlcAAeSwNvVqOZhT,https://i.ebayimg.com/images/g/UlcAAeSwNvVqOZhT/s-l225.jpg
查无市价,62.0,MAMIYA 645 PRO TL 959188,Mamiya,Film Cameras,Used,1513.49,USD,FIXED_PRICE,9,1200,grail:645,JP,digree_japan,99.7,2026-08-09T16:02:40.000Z,,https://www.ebay.com/itm/307116345603?hash=item47818f8903:g:9ZcAAeSwJvdqeKTf,https://i.ebayimg.com/images/g/9ZcAAeSwJvdqeKTf/s-l225.jpg
描述含糊,62.0,[ MINT ] Nikon F2 T Titan Titanium Eye level SLR Film Camera No NAME Body Japan,Nikon,Film Cameras,Used,1699.99,USD,FIXED_PRICE,13,1600,grail:Nikon F2;good-cond,JP,ageha.b-48,100.0,2026-08-09T13:33:08.000Z,,https://www.ebay.com/itm/800482065861?hash=itemba6072fdc5:g:9R4AAeSwLDppyjRX,https://i.ebayimg.com/images/g/9R4AAeSwLDppyjRX/s-l225.jpg
查无市价,62.0,Leica M6 Silver LEITZ WETZLAR Engraved Rangefinder Camera from Japan E0810,Leica,Film Cameras,Used,5024.26,USD,FIXED_PRICE,7,700,grail:Leica M6,JP,kyoto_camera,99.7,2026-08-09T23:48:46.000Z,,https://www.ebay.com/itm/278263695027?hash=item40c9cf06b3:g:lHYAAeSwSKxqeRDy,https://i.ebayimg.com/images/g/lHYAAeSwSKxqeRDy/s-l225.jpg
型号不明,61.0,TAMRON F MOUNT • ADAPTALL 2 VERY GOOD CONDITION•40YR COLLECTION•READ MY FEEDBACK,Tamron,Lenses,Used,29.41,USD,"FIXED_PRICE,BEST_OFFER",3,1600,mount:nikon f;underpriced(med 217),US,cameraect,100.0,2026-08-09T21:24:29.000Z,,https://www.ebay.com/itm/267752234609?hash=item3e5746de71:g:dnMAAeSwOwdqeOwm,https://i.ebayimg.com/images/g/dnMAAeSwOwdqeOwm/s-l225.jpg
残件/按现状,61.0,-Sigma Super Wide II 24mm f/2.8 Mutil-Coated Lens For Canon EF- FOR PARTS/AS-IS,Sigma,Lenses,For parts or not working,32.99,USD,FIXED_PRICE,3,1503,mount:canon ef;as-is;underpriced(med 369),US,westborncam2,99.9,2026-08-09T04:45:31.000Z,,https://www.ebay.com/itm/206476672565?hash=item3012f7fe35:g:RR0AAeSwUXxqc15V,https://i.ebayimg.com/images/g/RR0AAeSwUXxqc15V/s-l225.jpg
型号不明,61.0,Tamron lens 28-70 manual zoom with canon FD mount F 3.5 Tested Good,Tamron,Lenses,Used,42.49,USD,"FIXED_PRICE,BEST_OFFER",4,1600,mount:canon fd;underpriced(med 217),US,treasureislandusa,99.9,2026-08-09T21:18:45.000Z,,https://www.ebay.com/itm/318703754394?hash=item4a34395c9a:g:T28AAeSwNmRqUBcw,https://i.ebayimg.com/images/g/T28AAeSwNmRqUBcw/s-l225.jpg
残件/按现状;打包杂件,61.0,"Vintage Minolta Camera Lot Parts Only 3xi, 7000, 7000 And 5000 Bundle",Minolta,Film Cameras,For parts or not working,50.0,USD,"FIXED_PRICE,BEST_OFFER",10,1600,as-is,US,secondwave_resellers,100.0,2026-08-09T23:59:31.000Z,,https://www.ebay.com/itm/287515448175?hash=item42f141936f:g:QdMAAeSw3BxqeRN9,https://i.ebayimg.com/images/g/QdMAAeSw3BxqeRN9/s-l225.jpg
打包杂件,61.0,Fujifilm Instax Mini 7s Instant Camera Bundle (Lavender) Excellent Condition,Fujifilm,Film Cameras,Used,55.24,USD,"FIXED_PRICE,BEST_OFFER",10,1164,,US,dasresaletrove,99.2,2026-08-09T11:41:33.000Z,,https://www.ebay.com/itm/307115887597?hash=item4781888bed:g:s68AAeSwTy5qUTx7,https://i.ebayimg.com/images/g/s68AAeSwTy5qUTx7/s-l225.jpg
残件/按现状;打包杂件,61.0,"Yaschica Lot of 2 Electro 35 & 1 Yashica FX-D Untested, for parts.",Yashica,Film Cameras,For parts or not working,59.99,USD,FIXED_PRICE,5,1600,as-is,US,oregon.coast.picker,100.0,2026-08-09T22:22:56.000Z,,https://www.ebay.com/itm/227468957311?hash=item34f634d67f:g:cccAAeSwfwBqePyS,https://i.ebayimg.com/images/g/cccAAeSwfwBqePyS/s-l225.jpg
残件/按现状,61.0,OLYMPUS OM-2N SLR 35mm Film Camera w/ ZUIKO MC AUTO-S 50mm F1.4 Lens Untested,Olympus,Film Cameras,For parts or not working,75.0,USD,"FIXED_PRICE,BEST_OFFER",10,1599,mount:olympus om;as-is,US,phils_3pt-corner,99.5,2026-08-09T17:25:04.000Z,,https://www.ebay.com/itm/236996018950?hash=item372e104306:g:Mn0AAeSwtqtqeLeo,https://i.ebayimg.com/images/g/Mn0AAeSwtqtqeLeo/s-l225.jpg
残件/按现状,61.0,"Vintage Olympus AFL ""Picasso"" Zuiko 38mm Film Camera Made In Japan Read Desc.",Olympus,Film Cameras,For parts or not working,79.0,USD,"FIXED_PRICE,BEST_OFFER",11,1600,mount:olympus om,US,hidden_finds_world,100.0,2026-08-09T05:39:44.000Z,,https://www.ebay.com/itm/398265581816?hash=item5cba7a80f8:g:qqAAAeSwzGVqA-nB,https://i.ebayimg.com/images/g/qqAAAeSwzGVqA-nB/s-l225.jpg
型号不明,61.0,All Works N MINT Gray OLYMPUS 35 DC Rangefinder Film Camera 40/1.7 Japan #776,Olympus,Film Cameras,Used,98.0,USD,"FIXED_PRICE,BEST_OFFER",14,1600,good-cond,JP,84camera,97.9,2026-08-09T08:29:36.000Z,,https://www.ebay.com/itm/318701373369?hash=item4a341507b9:g:Bk8AAeSwRQxqeDoA,https://i.ebayimg.com/images/g/Bk8AAeSwRQxqeDoA/s-l225.jpg
残件/按现状,61.0,Meter Dead [EXC+] Canon Demi EE17 35mm Half Frame Film Camera JAPAN,Canon,Film Cameras,For parts or not working,109.99,USD,"FIXED_PRICE,BEST_OFFER",16,1408,good-cond,JP,yoshinani_fukuoka_japan,100.0,2026-08-09T20:22:50.000Z,,https://www.ebay.com/itm/287515192197?hash=item42f13dab85:g:8a4AAeSwsqlqeNqA,https://i.ebayimg.com/images/g/8a4AAeSwsqlqeNqA/s-l225.jpg
查无市价,61.0,MINT Contessa-Nettel Suevia Folding Camera - Zeiss Ikon Transition - functional,Zeiss,Vintage Cameras,,185.0,USD,"FIXED_PRICE,BEST_OFFER",9,0,good-cond,US,juliesugar,100.0,2026-08-09T20:30:21.000Z,,https://www.ebay.com/itm/168601304463?hash=item27416bbd8f:g:TwoAAeSwdh5qeN4a,https://i.ebayimg.com/images/g/TwoAAeSwdh5qeN4a/s-l225.jpg
查无市价,61.0,[MINT] Nikon FE Black Body w/ AI Nikkor 43-86mm F3.5 Lens kit From JAPAN,Nikon,Film Cameras,Used,206.99,USD,FIXED_PRICE,12,0,mount:nikon f;good-cond,JP,mictok_98,99.1,2026-08-09T08:32:19.000Z,,https://www.ebay.com/itm/398265979819?hash=item5cba8093ab:g:j6AAAeSw5UJqeCif,https://i.ebayimg.com/images/g/j6AAAeSw5UJqeCif/s-l225.jpg
残件/按现状,60.0,Olympus X-940 14MP Digital Camera Black 4x Zoom Boxed Battery Manuals Cables,Olympus,Digital Cameras,For parts or not working,26.97,USD,"FIXED_PRICE,BEST_OFFER",19,1600,good-cond;underpriced(med 235),GB,leviathans,99.1,2026-08-09T14:31:39.000Z,,https://www.ebay.com/itm/168600690620?hash=item2741625fbc:g:syMAAeSw6fRqeI76,https://i.ebayimg.com/images/g/syMAAeSw6fRqeI76/s-l225.jpg
打包杂件,60.0,Vintage 2002 Canon PowerShot A40 2MP Digital Camera Bundle-Tested Working -Boxed,Canon,Digital Cameras,Used,47.22,USD,"FIXED_PRICE,BEST_OFFER",20,1600,good-cond;underpriced(med 321),GB,clixclicks,99.8,2026-08-09T15:41:59.000Z,,https://www.ebay.com/itm/366595316924?hash=item555ac89cbc:g:RIoAAeSwxvxqd0HW,https://i.ebayimg.com/images/g/RIoAAeSwxvxqd0HW/s-l225.jpg
打包杂件,59.0,Olympus FE 210 Digital Camera Silver 7.1MP VTG Digicam Bundle W/ Case & Box,Olympus,Digital Cameras,Used,30.0,USD,"FIXED_PRICE,BEST_OFFER",6,1600,mount:sony e;underpriced(med 235),US,closetcleanout_oh,99.6,2026-08-09T17:20:03.000Z,,https://www.ebay.com/itm/307116475903?hash=item47819185ff:g:254AAeSwvBFqNWhL,https://i.ebayimg.com/images/g/254AAeSwvBFqNWhL/s-l225.jpg
残件/按现状,59.0,Minolta Auto Wide Vintage Camera Rokkor 2.8/35 Lens 111030 Untested,Minolta,Vintage Cameras,,39.99,USD,"FIXED_PRICE,BEST_OFFER",8,1600,mount:minolta md;as-is,US,micler82,99.3,2026-08-09T21:33:56.000Z,,https://www.ebay.com/itm/318703803796?hash=item4a343a1d94:g:m4wAAeSwYEVqePDO,https://i.ebayimg.com/images/g/m4wAAeSwYEVqePDO/s-l225.jpg
型号不明,59.0,Zeiss Ikon BOB 510/2 - 120 Roll Film Camera Nettar-Anastigmat Lens,Zeiss,Vintage Lenses,,42.5,USD,FIXED_PRICE,7,1600,,US,am-fm,99.0,2026-08-10T01:32:43.000Z,,https://www.ebay.com/itm/307117070616?hash=item47819a9918:g:1lQAAeSwKKhqUGkp,https://i.ebayimg.com/images/g/1lQAAeSwKKhqUGkp/s-l225.jpg
型号不明,59.0,Kenko Tokina Lens Used,Tokina,Lenses,Used,44.89,USD,FIXED_PRICE,7,1200,underpriced(med 149),JP,beecruise04,97.5,2026-08-09T20:53:43.000Z,,https://www.ebay.com/itm/318703651605?hash=item4a3437cb15:g:gvUAAeSw64ZqeOlV,https://i.ebayimg.com/images/g/gvUAAeSw64ZqeOlV/s-l225.jpg
型号不明,59.0,SIGMA lenses Used,Sigma,Lenses,Used,44.89,USD,FIXED_PRICE,5,1200,underpriced(med 369),JP,beecruise04,97.5,2026-08-09T20:53:38.000Z,,https://www.ebay.com/itm/318703651451?hash=item4a3437ca7b:g:0i8AAeSwtH5qeOkS,https://i.ebayimg.com/images/g/0i8AAeSwtH5qeOkS/s-l225.jpg
型号不明,59.0,Kenko Tokina lens C-AF1 2X TELEPLUS MC7 Used,Tokina,Lenses,Used,48.78,USD,FIXED_PRICE,6,1200,underpriced(med 149),JP,beecruise04,97.5,2026-08-09T20:53:43.000Z,,https://www.ebay.com/itm/318703651599?hash=item4a3437cb0f:g:3RoAAeSwpoNqeOoC,https://i.ebayimg.com/images/g/3RoAAeSwpoNqeOoC/s-l225.jpg
型号不明,59.0,SIGMA lens ◆ 70-300mmF4-5.6 DL MACRO SUPER Used,Sigma,Lenses,Used,48.78,USD,FIXED_PRICE,8,1200,underpriced(med 369),JP,beecruise04,97.5,2026-08-09T20:52:22.000Z,,https://www.ebay.com/itm/318703649844?hash=item4a3437c434:g:U6YAAeSwaJdqeOl6,https://i.ebayimg.com/images/g/U6YAAeSwaJdqeOl6/s-l225.jpg
型号不明,59.0,Panasonic Lens Adapter DMW-LA7,Panasonic,Lenses,New,53.67,USD,FIXED_PRICE,0,1600,underpriced(med 305),JP,tokami-japan,99.6,2026-08-09T16:05:07.000Z,,https://www.ebay.com/itm/358904875923?hash=item539065cb93:g:Nx0AAeSw8fdqeWNz,https://i.ebayimg.com/images/g/Nx0AAeSw8fdqeWNz/s-l225.jpg
型号不明,59.0,TAMRON lens 1.4X n-AFD Used,Tamron,Lenses,Used,55.58,USD,FIXED_PRICE,5,1200,underpriced(med 217),JP,beecruise04,97.5,2026-08-09T20:53:09.000Z,,https://www.ebay.com/itm/318703650528?hash=item4a3437c6e0:g:I7gAAeSwY5dqeOnk,https://i.ebayimg.com/images/g/I7gAAeSwY5dqeOnk/s-l225.jpg
型号不明,59.0,TAMRON lens Used,Tamron,Lenses,Used,55.58,USD,FIXED_PRICE,7,1200,underpriced(med 217),JP,beecruise04,97.5,2026-08-09T20:52:37.000Z,,https://www.ebay.com/itm/318703650029?hash=item4a3437c4ed:g:YGUAAeSwndBqeOkQ,https://i.ebayimg.com/images/g/YGUAAeSwndBqeOkQ/s-l225.jpg
型号不明,59.0,TAMRON Lens TAMRON◆AF28-200mmF 3.8-5.6LDASPHERICALIFSuperII-Macro Used,Tamron,Lenses,Used,55.58,USD,FIXED_PRICE,6,1200,underpriced(med 217),JP,beecruise04,97.5,2026-08-09T20:52:20.000Z,,https://www.ebay.com/itm/318703649788?hash=item4a3437c3fc:g:KNkAAeSwfjZqeOmz,https://i.ebayimg.com/images/g/KNkAAeSwfjZqeOmz/s-l225.jpg
型号不明,59.0,TAMRON lens 572D Used,Tamron,Lenses,Used,59.85,USD,FIXED_PRICE,7,1200,underpriced(med 217),JP,beecruise04,97.5,2026-08-09T20:54:01.000Z,,https://www.ebay.com/itm/318703651985?hash=item4a3437cc91:g:2hMAAeSwUp5qeOkw,https://i.ebayimg.com/images/g/2hMAAeSwUp5qeOkw/s-l225.jpg
型号不明,59.0,SONY Lens HD Wide Macro Conversion Used,Sony,Lenses,Used,59.85,USD,FIXED_PRICE,3,1200,underpriced(med 449),JP,beecruise04,97.5,2026-08-09T20:53:52.000Z,,https://www.ebay.com/itm/318703651799?hash=item4a3437cbd7:g:1jUAAeSwOjlqeOnT,https://i.ebayimg.com/images/g/1jUAAeSwOjlqeOnT/s-l225.jpg
型号不明,59.0,SIGMA lenses Used,Sigma,Lenses,Used,59.85,USD,FIXED_PRICE,4,1200,underpriced(med 369),JP,beecruise04,97.5,2026-08-09T20:53:19.000Z,,https://www.ebay.com/itm/318703650848?hash=item4a3437c820:g:hGQAAeSw4VRqeOm0,https://i.ebayimg.com/images/g/hGQAAeSw4VRqeOm0/s-l225.jpg
型号不明,59.0,Kenko Tokina lens LD-183T Used,Tokina,Lenses,Used,59.85,USD,FIXED_PRICE,4,1200,underpriced(med 149),JP,beecruise04,97.5,2026-08-09T20:52:54.000Z,,https://www.ebay.com/itm/318703650288?hash=item4a3437c5f0:g:ZpMAAeSwL~NqeOkg,https://i.ebayimg.com/images/g/ZpMAAeSwL~NqeOkg/s-l225.jpg
型号不明,59.0,TAMRON lens Used,Tamron,Lenses,Used,59.85,USD,FIXED_PRICE,5,1200,underpriced(med 217),JP,beecruise04,97.5,2026-08-09T20:52:54.000Z,,https://www.ebay.com/itm/318703650290?hash=item4a3437c5f2:g:YHIAAeSwXyBqeOlf,https://i.ebayimg.com/images/g/YHIAAeSwXyBqeOlf/s-l225.jpg
型号不明,59.0,Kenko Tokina Lens TELE PLUS 2X MC7 Used,Tokina,Lenses,Used,59.85,USD,FIXED_PRICE,4,1200,underpriced(med 149),JP,beecruise04,97.5,2026-08-09T20:52:42.000Z,,https://www.ebay.com/itm/318703650126?hash=item4a3437c54e:g:8v0AAeSw-MdqeOnx,https://i.ebayimg.com/images/g/8v0AAeSw-MdqeOnx/s-l225.jpg
型号不明,59.0,Kenko Tokina lens AF75-300 Used,Tokina,Lenses,Used,59.85,USD,FIXED_PRICE,4,1200,underpriced(med 149),JP,beecruise04,97.5,2026-08-09T20:52:04.000Z,,https://www.ebay.com/itm/318703649462?hash=item4a3437c2b6:g:XioAAeSwxthqeOjx,https://i.ebayimg.com/images/g/XioAAeSwxthqeOjx/s-l225.jpg
残件/按现状,59.0,Sony CCD-TR33 Handycam Video8 Camcorder 12x Zoom w/ Case Battery Untested Japan,Sony,Vintage Cameras,,79.99,USD,"FIXED_PRICE,BEST_OFFER",14,1600,as-is;underpriced(med 286),US,rescued_rustics,100.0,2026-08-09T20:38:05.000Z,,https://www.ebay.com/itm/407132071012?hash=item5ecaf66464:g:WeIAAeSwRi9qUBqO,https://i.ebayimg.com/images/g/WeIAAeSwRi9qUBqO/s-l225.jpg
描述含糊,59.0,RICOH KR-5 35mm Film Camera with various lenses,Ricoh,Film Cameras,Used,90.0,USD,"FIXED_PRICE,AUCTION",1,1600,auction,US,wolfie767,100.0,2026-08-09T17:29:34.000Z,2026-08-16T17:29:34.000Z,https://www.ebay.com/itm/287514975908?hash=item42f13a5ea4:g:3dMAAeSwuMZqOBqH,https://i.ebayimg.com/images/g/3dMAAeSwuMZqOBqH/s-l225.jpg
型号不明,59.0,Nikon AF-S TC-17E II Teleconverter 1.7x with Caps Excellent Condition,Nikon,Lenses,Used,95.0,USD,"FIXED_PRICE,BEST_OFFER",7,1600,underpriced(med 229),US,ssk02993,100.0,2026-08-09T20:28:33.000Z,,https://www.ebay.com/itm/298573269899?hash=item45845a8b8b:g:UTQAAeSw6z1qeOIu,https://i.ebayimg.com/images/g/UTQAAeSw6z1qeOIu/s-l225.jpg
型号不明,59.0,Nikon Camera Lens,Nikon,Film Cameras,Used,138.62,USD,"FIXED_PRICE,BEST_OFFER",6,720,,JP,hirom2-88,98.4,2026-08-09T14:33:03.000Z,,https://www.ebay.com/itm/398266866236?hash=item5cba8e1a3c:g:t1wAAeSwmE9qeJCV,https://i.ebayimg.com/images/g/t1wAAeSwmE9qeJCV/s-l225.jpg
型号不明,59.0,Nikon FG Silver Film Camera Body with New Light Seals From Japan,Nikon,Film Cameras,Used,143.99,USD,FIXED_PRICE,9,1080,,JP,niigata-japan,99.3,2026-08-09T12:10:31.000Z,,https://www.ebay.com/itm/128017664479?hash=item1dce7289df:g:W8AAAeSw6qlqeG7u,https://i.ebayimg.com/images/g/W8AAAeSw6qlqeG7u/s-l225.jpg
型号不明,59.0,Nikon EM Film SLR Camera Body with New Light Seals From Japan,Nikon,Film Cameras,Used,146.99,USD,FIXED_PRICE,9,1080,,JP,niigata-japan,99.3,2026-08-09T12:10:31.000Z,,https://www.ebay.com/itm/128017664480?hash=item1dce7289e0:g:JvwAAeSwcflqeG6z,https://i.ebayimg.com/images/g/JvwAAeSwcflqeG6z/s-l225.jpg
型号不明;图片过小,59.0,Nikon FE Camera Body Black Compact Silver Dial From Japan,Nikon,Film Cameras,Used,154.99,USD,FIXED_PRICE,9,600,mount:sony e,JP,niigata-japan,99.3,2026-08-09T12:10:29.000Z,,https://www.ebay.com/itm/128017664358?hash=item1dce728966:g:Z2UAAeSwQzFqeG6w,https://i.ebayimg.com/images/g/Z2UAAeSwQzFqeG6w/s-l225.jpg
型号不明;图片过小,59.0,Nikon FE Silver Camera Body Film SLR Excellent Condition From Japan,Nikon,Film Cameras,Used,154.99,USD,FIXED_PRICE,9,600,mount:sony e,JP,niigata-japan,99.3,2026-08-09T12:10:29.000Z,,https://www.ebay.com/itm/128017664362?hash=item1dce72896a:g:xegAAeSwMbhqeG8p,https://i.ebayimg.com/images/g/xegAAeSwMbhqeG8p/s-l225.jpg
型号不明,59.0,Nikon FE Body Black Compact Camera Excellent Condition From Japan,Nikon,Film Cameras,Used,156.99,USD,FIXED_PRICE,9,1600,mount:sony e,JP,niigata-japan,99.3,2026-08-09T12:10:29.000Z,,https://www.ebay.com/itm/117348612884?hash=item1b5285bb14:g:bewAAeSwDjZqeG6v,https://i.ebayimg.com/images/g/bewAAeSwDjZqeG6v/s-l225.jpg
型号不明;图片过小,59.0,Nikon FE Camera Body Black Excellent Condition From Japan,Nikon,Film Cameras,Used,156.99,USD,FIXED_PRICE,9,600,mount:sony e,JP,niigata-japan,99.3,2026-08-09T12:10:29.000Z,,https://www.ebay.com/itm/117348612922?hash=item1b5285bb3a:g:dh4AAeSwLxRqeG6w,https://i.ebayimg.com/images/g/dh4AAeSwLxRqeG6w/s-l225.jpg
型号不明,59.0,[Top MINT] Canon Extender EF 2x II Teleconverter for Canon EF EOS From JAPAN,Canon,Lenses,Used,159.99,USD,FIXED_PRICE,23,1600,mount:canon ef;good-cond,JP,sososee-store,100.0,2026-08-09T08:05:01.000Z,,https://www.ebay.com/itm/198558147176?hash=item2e3afce268:g:E6cAAeSw-BBqeDVq,https://i.ebayimg.com/images/g/E6cAAeSw-BBqeDVq/s-l225.jpg
型号不明,59.0,[MINT] Canon Extender EF 2x II Teleconverter for EOS EF Mount w/Caps From JAPAN,Canon,Lenses,Used,169.99,USD,FIXED_PRICE,9,1600,mount:canon ef;good-cond,JP,hiroshima-camera,100.0,2026-08-09T13:58:25.000Z,,https://www.ebay.com/itm/800482132432?hash=itemba607401d0:g:15EAAeSwa2dqeIi2,https://i.ebayimg.com/images/g/15EAAeSwa2dqeIi2/s-l225.jpg
残件/按现状,58.0,"Olympus Stylus Epic 35mm Film Camera, Black - Untested",Olympus,Vintage Cameras,,0.0,USD,AUCTION,9,968,grail:Stylus Epic;as-is;auction,US,cpceeee,100.0,2026-08-10T02:43:36.000Z,2026-08-17T02:43:36.000Z,https://www.ebay.com/itm/128018552392?hash=item1dce801648:g:~0MAAeSwkNxqeTqE,https://i.ebayimg.com/images/g/~0MAAeSwkNxqeTqE/s-l225.jpg
打包杂件,58.0,Bundle of Minolta X-700 Nikon D100/ CoolPix 990 (1) 28-200mm 1:3.5-5.6 D Lens,Minolta,Film Cameras,Used,0.0,USD,AUCTION,4,1600,grail:X-700;auction,US,favored_choice,100.0,2026-08-09T18:38:33.000Z,2026-08-16T18:38:33.000Z,https://www.ebay.com/itm/128018091386?hash=item1dce790d7a:g:D7UAAeSwQBhqXRhf,https://i.ebayimg.com/images/g/D7UAAeSwQBhqXRhf/s-l225.jpg
残件/按现状;打包杂件,58.0,Vintage Camera Lot Minolta Srt101 Sr-7 Olympus Om10,Minolta,Film Cameras,For parts or not working,0.0,USD,"AUCTION,BEST_OFFER",4,1600,grail:Srt101;auction,US,brickroaddiscoveries,100.0,2026-08-09T16:33:19.000Z,2026-08-16T16:33:19.000Z,https://www.ebay.com/itm/147493484464?hash=item22574bf7b0:g:b0sAAeSwLbRpbVu7,https://i.ebayimg.com/images/g/b0sAAeSwLbRpbVu7/s-l225.jpg
残件/按现状,58.0,"Camera Repair Service for Minolta X-700, X-370, X-9, X-570, X-7A",Minolta,Film Cameras,For parts or not working,0.0,USD,AUCTION,0,1181,grail:X-700;auction,US,garryscamerarepair,100.0,2026-08-09T15:51:59.000Z,2026-08-19T15:51:59.000Z,https://www.ebay.com/itm/267752005565?hash=item3e57435fbd:g:NjoAAOSwDcRmjxEI,https://i.ebayimg.com/images/g/NjoAAOSwDcRmjxEI/s-l225.jpg
残件/按现状,58.0,Canon AE-1 Program 35mm SLR Film Camera + 50mm 28mm 4 Lenses For Parts,Canon,Film Cameras,For parts or not working,0.0,USD,AUCTION,19,1600,grail:AE-1;as-is;auction,US,collegefuel,99.7,2026-08-09T14:01:44.000Z,2026-08-16T14:01:44.000Z,https://www.ebay.com/itm/188766597184?hash=item2bf35db040:g:HNIAAeSwWatqeIfm,https://i.ebayimg.com/images/g/HNIAAeSwWatqeIfm/s-l225.jpg
残件/按现状,58.0,"Minolta MC Rokkor-PF 58mm f/1.4 MC Mount — Aperture Stuck, AS-IS for Repair",Minolta,Vintage Lenses,,58.99,USD,"FIXED_PRICE,BEST_OFFER",8,1235,mount:minolta md;58mm;as-is,US,vintagecpl26,100.0,2026-08-10T00:21:44.000Z,,https://www.ebay.com/itm/206478690820?hash=item301316ca04:g:kTYAAeSwSG9qeRlc,https://i.ebayimg.com/images/g/kTYAAeSwSG9qeRlc/s-l225.jpg
残件/按现状,58.0,Asahi Pentax S1a 35mm Camera Super-Takumar 55mm f/2 Lens Manual Untested,Asahi,Film Cameras,For parts or not working,69.99,USD,"FIXED_PRICE,BEST_OFFER",23,1599,55mm;as-is,US,terrescollectibles,100.0,2026-08-10T01:40:19.000Z,,https://www.ebay.com/itm/236996592864?hash=item372e1904e0:g:F~oAAeSwbjtqeSr8,https://i.ebayimg.com/images/g/F~oAAeSwbjtqeSr8/s-l225.jpg
型号不明,58.0,Mount Adapter Model Adapter for PENTAX 645 Lens PENTAX,Pentax,Lenses,Used,138.11,USD,FIXED_PRICE,4,1280,grail:645,JP,zeton_ec,100.0,2026-08-09T06:24:59.000Z,,https://www.ebay.com/itm/158169049528?hash=item24d39c29b8:g:4eYAAeSwqvlqeB39,https://i.ebayimg.com/images/g/4eYAAeSwqvlqeB39/s-l225.jpg
打包杂件,58.0,"Vintage Canon A-1 35mm Film Camera Complete Bundle–Lenses, Flash, Filters & Case",Canon,Film Cameras,Used,214.99,USD,"FIXED_PRICE,BEST_OFFER",16,1600,grail:Canon A-1,US,fourthdownfinds,100.0,2026-08-09T16:17:20.000Z,,https://www.ebay.com/itm/358904905460?hash=item5390663ef4:g:odQAAeSws11p~5yB,https://i.ebayimg.com/images/g/odQAAeSws11p~5yB/s-l225.jpg
打包杂件,58.0,"Canon AE-1 35 mm Film SLR Camera Bundle Multiple Zoom Lens Flash Hard Case, Etc",Canon,Vintage Cameras,,221.0,USD,"FIXED_PRICE,BEST_OFFER",14,1463,grail:AE-1,US,tsola_21,99.6,2026-08-09T18:29:34.000Z,,https://www.ebay.com/itm/398267529582?hash=item5cba98396e:g:i3MAAeSwRZlqAlbd,https://i.ebayimg.com/images/g/i3MAAeSwRZlqAlbd/s-l225.jpg
图片过小,58.0,Voigtlander NOKTON classic 40mm F1.4 SC VM for Leica M mount 743921,Voigtlander,Lenses,Used,413.6,USD,FIXED_PRICE,4,600,grail:NOKTON;mount:leica m,JP,digree_japan,99.7,2026-08-09T05:13:12.000Z,,https://www.ebay.com/itm/307115443407?hash=item478181c4cf:g:QsEAAeSwCYxqeWeR,https://i.ebayimg.com/images/g/QsEAAeSwCYxqeWeR/s-l225.jpg
型号不明,58.0,Mamiya 645 Film Camera - Black,Mamiya,Film Cameras,Used,428.0,USD,"FIXED_PRICE,BEST_OFFER",7,1460,grail:645,US,fab1984_coin,100.0,2026-08-10T02:52:30.000Z,,https://www.ebay.com/itm/227469154260?hash=item34f637d7d4:g:bl8AAeSwCclqeTwl,https://i.ebayimg.com/images/g/bl8AAeSwCclqeTwl/s-l225.jpg
查无市价,58.0,Voigtlander NOKTON 10.5mm F/0.95 (for Micro Four Thirds mount) #257,Voigtlander,Lenses,Good - Refurbished,523.0,USD,FIXED_PRICE,23,700,grail:NOKTON;mount:micro 4/3,JP,mapcamera,100.0,2026-08-09T06:52:21.000Z,,https://www.ebay.com/itm/377404961785?hash=item57df16b3f9:g:ExcAAeSwwyJqeCOb,https://i.ebayimg.com/images/g/ExcAAeSwwyJqeCOb/s-l225.jpg
残件/按现状,58.0,Leica M5 Silver 2 Lug Working Light Meter Rangefinder Film Camera,Leica,Film Cameras,For parts or not working,999.0,USD,"FIXED_PRICE,BEST_OFFER",12,1600,grail:Leica M5,US,tifosi1967,100.0,2026-08-09T14:13:38.000Z,,https://www.ebay.com/itm/117348785173?hash=item1b52885c15:g:5WYAAeSwD-lqXBOQ,https://i.ebayimg.com/images/g/5WYAAeSwD-lqXBOQ/s-l225.jpg
查无市价,58.0,Hasselblad 500CM Outfit with 150mm Lens,Hasselblad,Film Cameras,Used,1499.0,USD,FIXED_PRICE,12,1600,grail:500CM,US,elitecameras,100.0,2026-08-09T22:13:17.000Z,,https://www.ebay.com/itm/188768343547?hash=item2bf37855fb:g:Kz8AAeSwLxRqePr4,https://i.ebayimg.com/images/g/Kz8AAeSwLxRqePr4/s-l225.jpg
查无市价,58.0,Leica M4 - Black Chrome - YYE CLA 05/2026 - 1384xxx,Leica,Film Cameras,Used,2449.95,USD,FIXED_PRICE,13,1600,grail:Leica M4,US,gab.gallant,100.0,2026-08-10T02:15:55.000Z,,https://www.ebay.com/itm/327302679169?hash=item4c34c28a81:g:v-YAAeSwvnpqeTNv,https://i.ebayimg.com/images/g/v-YAAeSwvnpqeTNv/s-l225.jpg
残件/按现状,58.0,Leica Summilux-M 35mm f/1.4 ASPH. Silver Chrome 11675 – Boxed w/ Hood & Papers,Leica,Lenses,For parts or not working,2499.0,USD,"FIXED_PRICE,BEST_OFFER",15,1600,grail:Summilux;good-cond,US,barneyswentbroke,100.0,2026-08-09T16:57:19.000Z,,https://www.ebay.com/itm/377405960586?hash=item57df25f18a:g:eMYAAeSwEi9qeLzi,https://i.ebayimg.com/images/g/eMYAAeSwEi9qeLzi/s-l225.jpg
查无市价,58.0,"Leica 15mm f3.5 Elmar-R, Boxed 3308999",Leica,Lenses,Used,2670.0,USD,"FIXED_PRICE,BEST_OFFER",2,1600,grail:Elmar;good-cond,US,camerawestsf,100.0,2026-08-09T13:20:01.000Z,,https://www.ebay.com/itm/206477541931?hash=item301305422b:g:XEIAAeSwjZxqeGNn,https://i.ebayimg.com/images/g/XEIAAeSwjZxqeGNn/s-l225.jpg
查无市价,58.0,[Almost Unused ] Leica M6 0.85 Black TTL 35mm Rangefinder Film Camera Germany,Leica,Film Cameras,Used,4500.0,USD,"FIXED_PRICE,BEST_OFFER",1,1600,grail:Leica M6,US,seanmoorman,100.0,2026-08-10T01:45:35.000Z,,https://www.ebay.com/itm/117349486087?hash=item1b52930e07:g:CmEAAeSwqgRqeSvy,https://i.ebayimg.com/images/g/CmEAAeSwqgRqeSvy/s-l225.jpg
残件/按现状,57.0,Canon ES750 Canovision 8 8mm Camcorder 12x Zoom - UNTESTED,Canon,Camcorders,For parts or not working,26.96,USD,"FIXED_PRICE,BEST_OFFER",7,1599,as-is;underpriced(med 123),US,reserveresale,99.3,2026-08-09T12:43:19.000Z,,https://www.ebay.com/itm/287514512955?hash=item42f1334e3b:g:KPYAAeSwmm9qKDQU,https://i.ebayimg.com/images/g/KPYAAeSwmm9qKDQU/s-l225.jpg
残件/按现状,57.0,Canon Digital Video Camcorder zr400,Canon,Camcorders,For parts or not working,28.95,USD,"FIXED_PRICE,BEST_OFFER",11,0,underpriced(med 123),US,holla_4_dolla,99.7,2026-08-09T15:09:07.000Z,,https://www.ebay.com/itm/188766840757?hash=item2bf36167b5:g:3vEAAeSw4sdoyEHj,https://i.ebayimg.com/images/g/3vEAAeSw4sdoyEHj/s-l225.jpg
残件/按现状,57.0,Vintage Canon E808 8mm Video Camcorder w/ Arc 3000 Light AS-IS Untested Parts,Canon,Camcorders,For parts or not working,29.5,USD,"FIXED_PRICE,BEST_OFFER",7,1600,as-is;underpriced(med 123),US,desert_dropsnv,100.0,2026-08-09T13:41:31.000Z,,https://www.ebay.com/itm/407131440246?hash=item5ecaecc476:g:9pUAAeSwOUVqLZ6l,https://i.ebayimg.com/images/g/9pUAAeSwOUVqLZ6l/s-l225.jpg
残件/按现状,57.0,Canon Optura Mini DV DC 7.2V PARTS ONLY,Canon,Camcorders,For parts or not working,29.99,USD,"FIXED_PRICE,BEST_OFFER",4,0,as-is;underpriced(med 123),US,shamrockvintagerevival,100.0,2026-08-09T23:43:07.000Z,,https://www.ebay.com/itm/188768619495?hash=item2bf37c8be7:g:jowAAeSwtixqeRB-,https://i.ebayimg.com/images/g/jowAAeSwtixqeRB-/s-l225.jpg
残件/按现状,57.0,Canon ES8400V Hi8 8mm Video Camera Camcorder W/ Charger Powers On needs REPAIR,Canon,Camcorders,For parts or not working,29.99,USD,FIXED_PRICE,10,1600,underpriced(med 125),US,dertich0,99.8,2026-08-09T04:06:54.000Z,,https://www.ebay.com/itm/298571294639?hash=item45843c67af:g:~KcAAeSwg3Nqd~zQ,https://i.ebayimg.com/images/g/~KcAAeSwg3Nqd~zQ/s-l225.jpg
残件/按现状,57.0,Canon VIXIA HF R500 Camcorder Full HD Video Camera 57x Zoom For Parts,Canon,Camcorders,For parts or not working,39.99,USD,FIXED_PRICE,7,0,as-is;underpriced(med 123),US,js_storage_finds,100.0,2026-08-09T22:09:15.000Z,,https://www.ebay.com/itm/128018267097?hash=item1dce7bbbd9:g:ISMAAeSwLxRqePni,https://i.ebayimg.com/images/g/ISMAAeSwLxRqePni/s-l225.jpg
残件/按现状,57.0,Canon EOS Digital Rebel XT DS126071. No Charger And Never Been Tested. As Is.,Canon,Digital Cameras,Used,40.0,USD,"FIXED_PRICE,AUCTION",7,1600,as-is;underpriced(med 321);auction,US,eddicowan-0,99.7,2026-08-09T22:16:22.000Z,2026-08-14T22:16:22.000Z,https://www.ebay.com/itm/206478492340?hash=item301313c2b4:g:-5sAAeSwB-dqYsvO,https://i.ebayimg.com/images/g/-5sAAeSwB-dqYsvO/s-l225.jpg
残件/按现状,57.0,Canon ES4000 Camcorder- Silver W/Battery&Remote Untested FOR PARTS/Repair,Canon,Camcorders,For parts or not working,40.46,USD,"FIXED_PRICE,BEST_OFFER",14,0,as-is;underpriced(med 123),US,lika531,100.0,2026-08-10T08:06:39.000Z,,https://www.ebay.com/itm/298574525530?hash=item45846db45a:g:RoEAAOSwFK5m8enK,https://i.ebayimg.com/images/g/RoEAAOSwFK5m8enK/s-l225.jpg
残件/按现状,57.0,Canon ZR50MC MiniDV Digital Video Camcorder (WORKS/PLEASE READ DESCRIPTION),Canon,Camcorders,Used,44.99,USD,FIXED_PRICE,10,1600,underpriced(med 125),US,jna_distributions,99.5,2026-08-09T08:52:03.000Z,,https://www.ebay.com/itm/227468213834?hash=item34f6297e4a:g:8rcAAeSwfjZqeB7o,https://i.ebayimg.com/images/g/8rcAAeSwfjZqeB7o/s-l225.jpg
型号不明,57.0,Canon EF Film SLR Camera Body Classic Collectible From Japan,Canon,Film Cameras,Used,134.99,USD,FIXED_PRICE,6,1080,mount:canon ef,JP,niigata-japan,99.3,2026-08-09T12:10:32.000Z,,https://www.ebay.com/itm/128017664521?hash=item1dce728a09:g:vucAAeSwSOpqeG7r,https://i.ebayimg.com/images/g/vucAAeSwSOpqeG7r/s-l225.jpg
残件/按现状,56.0,"Nikon D40 Camera With 18-55mm Zoom Lens, Lens Cover & Strap Damaged",Nikon,Digital Cameras,For parts or not working,29.99,USD,FIXED_PRICE,7,0,55mm;as-is;underpriced(med 235),US,rathman3711,99.5,2026-08-09T15:08:56.000Z,,https://www.ebay.com/itm/198558900190?hash=item2e3b085fde:g:e18AAeSwhrBqeJf7,https://i.ebayimg.com/images/g/e18AAeSwhrBqeJf7/s-l225.jpg
型号不明,56.0,Used Olympus 14-42 Lens Four Thirds Mount No Mold No Fog No Scratch Functional,Olympus,Lenses,Used,102.46,USD,"FIXED_PRICE,BEST_OFFER",8,0,underpriced(med 236),CN,qwertyu_60,100.0,2026-08-09T09:21:31.000Z,,https://www.ebay.com/itm/398266119335?hash=item5cba82b4a7:g:vooAAeSw8fdqeEaQ,https://i.ebayimg.com/images/g/vooAAeSw8fdqeEaQ/s-l225.jpg
残件/按现状,55.0,Minolta CLE Rangefinder (Body Only) - For Parts or Repair [READ DESCRIPTION],Minolta,Film Cameras,For parts or not working,0.0,USD,AUCTION,14,0,grail:Minolta CLE;as-is;auction,CA,omyydx,100.0,2026-08-10T02:00:01.000Z,2026-08-17T02:00:01.000Z,https://www.ebay.com/itm/178391196503?hash=item2988f1a357:g:~aIAAeSwGbJqeQuD,https://i.ebayimg.com/images/g/~aIAAeSwGbJqeQuD/s-l225.jpg
型号不明,55.0,"Nikkor-H.C 5cm f/2 Nippon Kogaku Contax Rangefinder Mount Lens, Bent Rim",Nikkor,Vintage Lenses,,50.0,USD,FIXED_PRICE,6,0,mount:nikon f,US,roger_monte,100.0,2026-08-10T05:40:47.000Z,,https://www.ebay.com/itm/206479374454?hash=item3013213876:g:9I0AAeSwwnlqZ7Wt,https://i.ebayimg.com/images/g/9I0AAeSwwnlqZ7Wt/s-l225.jpg
型号不明,55.0,MINOLTA lens AF35-70 Used,Minolta,Lenses,Used,55.58,USD,FIXED_PRICE,8,0,,JP,beecruise04,97.5,2026-08-09T20:53:48.000Z,,https://www.ebay.com/itm/318703651688?hash=item4a3437cb68:g:c9QAAeSwU4ZqeOkc,https://i.ebayimg.com/images/g/c9QAAeSwU4ZqeOkc/s-l225.jpg
型号不明,55.0,MINOLTA lenses Used,Minolta,Lenses,Used,55.58,USD,FIXED_PRICE,4,0,,JP,beecruise04,97.5,2026-08-09T20:53:19.000Z,,https://www.ebay.com/itm/318703650845?hash=item4a3437c81d:g:HqkAAeSwU21qeOmv,https://i.ebayimg.com/images/g/HqkAAeSwU21qeOmv/s-l225.jpg
型号不明,55.0,MINOLTA lens telephoto zoom AF100-300 Used,Minolta,Lenses,Used,55.58,USD,FIXED_PRICE,5,0,,JP,beecruise04,97.5,2026-08-09T20:53:09.000Z,,https://www.ebay.com/itm/318703650532?hash=item4a3437c6e4:g:lWsAAeSwThVqeOnh,https://i.ebayimg.com/images/g/lWsAAeSwThVqeOnh/s-l225.jpg
型号不明,55.0,MINOLTA lens AF100-300 Used,Minolta,Lenses,Used,59.85,USD,FIXED_PRICE,4,0,,JP,beecruise04,97.5,2026-08-09T20:53:52.000Z,,https://www.ebay.com/itm/318703651788?hash=item4a3437cbcc:g:jWEAAeSwmiFqeOnL,https://i.ebayimg.com/images/g/jWEAAeSwmiFqeOnL/s-l225.jpg
型号不明,55.0,MINOLTA lens AF70-210 Used,Minolta,Lenses,Used,59.85,USD,FIXED_PRICE,7,0,,JP,beecruise04,97.5,2026-08-09T20:53:52.000Z,,https://www.ebay.com/itm/318703651796?hash=item4a3437cbd4:g:y1QAAeSwU79qeOkj,https://i.ebayimg.com/images/g/y1QAAeSwU79qeOkj/s-l225.jpg
打包杂件,55.0,New Fujifilm Instax Mini SE Instant Camera Bundle Purple,Fujifilm,Film Cameras,Open box,65.0,USD,FIXED_PRICE,5,0,,US,mccoy3dinnovations,100.0,2026-08-09T18:26:00.000Z,,https://www.ebay.com/itm/206478100883?hash=item30130dc993:g:fNIAAeSwjgRqeMXq,https://i.ebayimg.com/images/g/fNIAAeSwjgRqeMXq/s-l225.jpg
打包杂件,55.0,Vtg Ricoh XR-M Camera Bundle W strap & Rikenon + Vivitar Lenses + Filters Manual,Ricoh,Film Cameras,Used,67.55,USD,"FIXED_PRICE,BEST_OFFER",19,0,,US,new2uthriftshop,100.0,2026-08-09T16:42:19.000Z,,https://www.ebay.com/itm/257671066546?hash=item3bfe6473b2:g:U~YAAeSw3JRp0qiw,https://i.ebayimg.com/images/g/U~YAAeSw3JRp0qiw/s-l225.jpg
残件/按现状,55.0,Konica C35 Minolta 16 Nikon One Touch Argus And More,Konica,Film Cameras,For parts or not working,69.0,USD,FIXED_PRICE,8,0,,US,alab815,100.0,2026-08-09T16:24:11.000Z,,https://www.ebay.com/itm/257671038340?hash=item3bfe640584:g:YtQAAeSwIVVqeKjq,https://i.ebayimg.com/images/g/YtQAAeSwIVVqeKjq/s-l225.jpg
残件/按现状,55.0,Canon AL-1 QF 35mm SLR Camera with Lens- NEEDS REPAIR,Canon,Film Cameras,For parts or not working,72.0,USD,"FIXED_PRICE,BEST_OFFER",3,0,,US,vrcx_bins,99.2,2026-08-09T23:29:18.000Z,,https://www.ebay.com/itm/206478591981?hash=item30131547ed:g:z00AAeSwxUxqZYA4,https://i.ebayimg.com/images/g/z00AAeSwxUxqZYA4/s-l225.jpg
残件/按现状,55.0,"Canon Sure Shot AF-7 35mm Film Camera, Point Shoot (READ Description)",Canon,Film Cameras,Used,80.0,USD,"FIXED_PRICE,BEST_OFFER",11,0,,US,thornsc0llectables,100.0,2026-08-09T18:00:32.000Z,,https://www.ebay.com/itm/398267436488?hash=item5cba96cdc8:g:sAwAAeSw1clqeMAH,https://i.ebayimg.com/images/g/sAwAAeSw1clqeMAH/s-l225.jpg
型号不明,55.0,PENTAX lens SMC Pentax-DA L Used,Pentax,Lenses,Used,87.64,USD,FIXED_PRICE,4,0,mount:pentax k,JP,beecruise04,97.5,2026-08-09T20:53:38.000Z,,https://www.ebay.com/itm/318703651449?hash=item4a3437ca79:g:gSAAAeSwgIBqeOoB,https://i.ebayimg.com/images/g/gSAAAeSwgIBqeOoB/s-l225.jpg
残件/按现状;型号不明,55.0,Vintage Pentax KM SLR Camera with Lens and Strap (please read description),Pentax,Film Cameras,Used,90.0,USD,"FIXED_PRICE,BEST_OFFER",10,0,,US,odw123,100.0,2026-08-09T15:35:06.000Z,,https://www.ebay.com/itm/178390002014?hash=item2988df695e:g:uskAAeSwgvRqeJ2Q,https://i.ebayimg.com/images/g/uskAAeSwgvRqeJ2Q/s-l225.jpg
残件/按现状,55.0,AS-IS SMC PENTAX FA 100mm F/2.8 MACRO For Pentax K Macro Lens,Pentax,Lenses,Used,94.0,USD,"FIXED_PRICE,BEST_OFFER",0,0,mount:pentax k;as-is,JP,yamadacamera,100.0,2026-08-09T12:11:40.000Z,,https://www.ebay.com/itm/358904196270?hash=item53905b6cae:g:XwwAAeSwJtNqeG54,https://i.ebayimg.com/images/g/XwwAAeSwJtNqeG54/s-l225.jpg
残件/按现状,55.0,Olympus Zuiko MC Auto-W 28mm f/2.8 OM MF Wide Prime Lens AS-IS Parts Japan #23,Olympus,Lenses,For parts or not working,109.99,USD,FIXED_PRICE,11,0,mount:olympus om;as-is,JP,yuki_optical_jp,100.0,2026-08-09T12:04:12.000Z,,https://www.ebay.com/itm/178389423791?hash=item2988d696af:g:~LkAAeSwgeJpi4m5,https://i.ebayimg.com/images/g/~LkAAeSwgeJpi4m5/s-l225.jpg
型号不明,55.0,Canon Wide Converter Lens For Video Camera Japan Used,Canon,Lenses,Used,111.87,USD,"FIXED_PRICE,BEST_OFFER",3,0,underpriced(med 300);low-feedback,JP,nissn_3,95.0,2026-08-09T17:04:29.000Z,,https://www.ebay.com/itm/366595423617?hash=item555aca3d81:g:njwAAeSwGbJqeLOZ,https://i.ebayimg.com/images/g/njwAAeSwGbJqeLOZ/s-l225.jpg
型号不明,55.0,[Unused in Box] Nikon Teleconverter TC-201 2X F Mount MF Lens for Ai-s Ai JAPAN,Nikon,Lenses,Used,119.99,USD,FIXED_PRICE,10,0,mount:nikon f,JP,hiroshima-camera,100.0,2026-08-09T14:06:45.000Z,,https://www.ebay.com/itm/800482178127?hash=itemba6074b44f:g:62kAAeSwNz9qeIm3,https://i.ebayimg.com/images/g/62kAAeSwNz9qeIm3/s-l225.jpg
型号不明,55.0,CANON EF-S 18-55 1:3.5-5.6II Lens,Canon,Lenses,Used,137.84,USD,FIXED_PRICE,2,0,mount:canon ef,JP,benzaitenten_japan,100.0,2026-08-09T09:51:23.000Z,,https://www.ebay.com/itm/800481394537?hash=itemba6068bf69:g:fjsAAeSwhP1qeE4h,https://i.ebayimg.com/images/g/fjsAAeSwhP1qeE4h/s-l225.jpg
型号不明,55.0,CANON ZOOM LENS EF-S 18-55 1:3.5-5 Lens,Canon,Lenses,Used,137.84,USD,FIXED_PRICE,5,0,mount:canon ef,JP,benzaitenten_japan,100.0,2026-08-09T09:46:24.000Z,,https://www.ebay.com/itm/800481382586?hash=itemba606890ba:g:6XQAAeSwVhJqeE0r,https://i.ebayimg.com/images/g/6XQAAeSwVhJqeE0r/s-l225.jpg
型号不明,55.0,CANON EF-S 55-250 1:4-5.6 IS Lens,Canon,Lenses,Used,137.84,USD,FIXED_PRICE,5,0,mount:canon ef,JP,benzaitenten_japan,100.0,2026-08-09T09:42:35.000Z,,https://www.ebay.com/itm/800481375067?hash=itemba6068735b:g:p~4AAeSwUcpqeEyx,https://i.ebayimg.com/images/g/p~4AAeSwUcpqeEyx/s-l225.jpg
型号不明,55.0,CANON EF-M 15-45 1:3.5-6.3 IS STM Lens,Canon,Lenses,Used,137.84,USD,FIXED_PRICE,3,0,mount:canon ef,JP,benzaitenten_japan,100.0,2026-08-09T09:38:53.000Z,,https://www.ebay.com/itm/800481366588?hash=itemba6068523c:g:s3YAAeSwKTRqeEug,https://i.ebayimg.com/images/g/s3YAAeSwKTRqeEug/s-l225.jpg
型号不明,55.0,CANON EF-M 15-45 F3.5-6.3 IS STM Lens,Canon,Lenses,Used,137.84,USD,FIXED_PRICE,9,0,mount:canon ef,JP,benzaitenten_japan,100.0,2026-08-09T09:34:56.000Z,,https://www.ebay.com/itm/800481357913?hash=itemba60683059:g:SdgAAeSwFU5qeEo8,https://i.ebayimg.com/images/g/SdgAAeSwFU5qeEo8/s-l225.jpg
型号不明,55.0,CANON EF-S 18-55 F3.5-5.6 IS II Lens,Canon,Lenses,Used,137.84,USD,FIXED_PRICE,8,0,mount:canon ef,JP,benzaitenten_japan,100.0,2026-08-09T09:31:32.000Z,,https://www.ebay.com/itm/800481352706?hash=itemba60681c02:g:92cAAeSwawdqeEno,https://i.ebayimg.com/images/g/92cAAeSwawdqeEno/s-l225.jpg
型号不明,55.0,CANON EF-S 17-85MM1:4-5.6 IS USM Lens,Canon,Lenses,Used,137.84,USD,FIXED_PRICE,13,0,mount:canon ef,JP,benzaitenten_japan,100.0,2026-08-09T09:16:23.000Z,,https://www.ebay.com/itm/800481318249?hash=itemba60679569:g:vC8AAeSwQzFqeEaY,https://i.ebayimg.com/images/g/vC8AAeSwQzFqeEaY/s-l225.jpg
型号不明,55.0,CANON EF-S 18-55 3.5-5.6 IS STM Lens,Canon,Lenses,Used,137.84,USD,FIXED_PRICE,9,0,mount:canon ef,JP,benzaitenten_japan,100.0,2026-08-09T09:12:05.000Z,,https://www.ebay.com/itm/800481295459?hash=itemba60673c63:g:mG4AAeSwDO5qeEUh,https://i.ebayimg.com/images/g/mG4AAeSwDO5qeEUh/s-l225.jpg
型号不明,55.0,CANON EF-M15-45MM1:3.5-6.3IS STM Replacement Lens,Canon,Lenses,Used,137.84,USD,FIXED_PRICE,7,0,mount:canon ef,JP,benzaitenten_japan,100.0,2026-08-09T09:05:30.000Z,,https://www.ebay.com/itm/800481273998?hash=itemba6066e88e:g:uOcAAeSwCsZqeEOS,https://i.ebayimg.com/images/g/uOcAAeSwCsZqeEOS/s-l225.jpg
型号不明,55.0,Canon EF-S18-55 F:3.5-5.6 IS USM Standard Zoom Lens,Canon,Lenses,Used,137.84,USD,FIXED_PRICE,10,0,mount:canon ef,JP,benzaitenten_japan,100.0,2026-08-09T08:46:28.000Z,,https://www.ebay.com/itm/800481232010?hash=itemba6066448a:g:gTIAAeSwS4pqeD-X,https://i.ebayimg.com/images/g/gTIAAeSwS4pqeD-X/s-l225.jpg
型号不明,55.0,CANON EF-M15-45 F3.5-6.3 IS STM Zoom Lens,Canon,Lenses,Used,137.84,USD,FIXED_PRICE,3,0,mount:canon ef,JP,benzaitenten_japan,100.0,2026-08-09T08:44:23.000Z,,https://www.ebay.com/itm/800481228611?hash=itemba60663743:g:7oYAAeSwE-hqeD7b,https://i.ebayimg.com/images/g/7oYAAeSwE-hqeD7b/s-l225.jpg
型号不明,55.0,CANON EF-S55-250 F4-5.6 IS Telephoto Zoom Lens,Canon,Lenses,Used,137.84,USD,FIXED_PRICE,6,0,mount:canon ef,JP,benzaitenten_japan,100.0,2026-08-09T08:34:21.000Z,,https://www.ebay.com/itm/800481210678?hash=itemba6065f136:g:77oAAeSwMwFqeDyF,https://i.ebayimg.com/images/g/77oAAeSwMwFqeDyF/s-l225.jpg
型号不明,55.0,CANON EF-M 15-45 F3.5-6.3 IS STM Standard Zoom Lens,Canon,Lenses,Used,137.84,USD,FIXED_PRICE,8,0,mount:canon ef,JP,benzaitenten_japan,100.0,2026-08-09T08:22:16.000Z,,https://www.ebay.com/itm/800481173371?hash=itemba60655f7b:g:C0MAAeSwwyJqeDnm,https://i.ebayimg.com/images/g/C0MAAeSwwyJqeDnm/s-l225.jpg
型号不明,55.0,CANON MOUNT ADAPTER EF-EOS M Mount Adapter,Canon,Lenses,Used,137.84,USD,FIXED_PRICE,8,0,mount:leica m,JP,benzaitenten_japan,100.0,2026-08-09T08:04:29.000Z,,https://www.ebay.com/itm/800481107560?hash=itemba60645e68:g:9KQAAeSw6z1qeDUK,https://i.ebayimg.com/images/g/9KQAAeSw6z1qeDUK/s-l225.jpg
型号不明,55.0,CANON EF-EOS M Mount Adapter,Canon,Lenses,Used,137.84,USD,FIXED_PRICE,4,0,mount:leica m,JP,benzaitenten_japan,100.0,2026-08-09T07:56:17.000Z,,https://www.ebay.com/itm/800481096965?hash=itemba60643505:g:CuQAAeSwxxdqeDLi,https://i.ebayimg.com/images/g/CuQAAeSwxxdqeDLi/s-l225.jpg
型号不明,55.0,CANON EF-S18-55 F4-5.6 IS STM Lens,Canon,Lenses,Used,139.97,USD,FIXED_PRICE,5,0,mount:canon ef,JP,benzaitenten_japan,100.0,2026-08-09T09:14:24.000Z,,https://www.ebay.com/itm/800481309129?hash=itemba606771c9:g:PFEAAeSw5glqeEXp,https://i.ebayimg.com/images/g/PFEAAeSw5glqeEXp/s-l225.jpg
型号不明,55.0,CANON EF-M 18-55 1:3.5-5.6 IS STM Lens,Canon,Lenses,Used,148.48,USD,FIXED_PRICE,2,0,mount:canon ef,JP,benzaitenten_japan,100.0,2026-08-09T09:49:07.000Z,,https://www.ebay.com/itm/800481386801?hash=itemba6068a131:g:eYkAAeSwtH5qeE4I,https://i.ebayimg.com/images/g/eYkAAeSwtH5qeE4I/s-l225.jpg
型号不明,55.0,CANON EF-M18-55 1:3.5-5.6 IS STM Lens,Canon,Lenses,Used,148.48,USD,FIXED_PRICE,3,0,mount:canon ef,JP,benzaitenten_japan,100.0,2026-08-09T09:31:52.000Z,,https://www.ebay.com/itm/800481353672?hash=itemba60681fc8:g:UDYAAeSwB7tqeElM,https://i.ebayimg.com/images/g/UDYAAeSwB7tqeElM/s-l225.jpg
型号不明,55.0,CANON EFS 17-85 F4-5.6 IS USM Lens,Canon,Lenses,Used,148.48,USD,FIXED_PRICE,4,0,mount:canon ef,JP,benzaitenten_japan,100.0,2026-08-09T09:09:46.000Z,,https://www.ebay.com/itm/800481286972?hash=itemba60671b3c:g:v6cAAeSwazxqeETR,https://i.ebayimg.com/images/g/v6cAAeSwazxqeETR/s-l225.jpg
型号不明,55.0,CANON EF-M 15-45 Camera Lens,Canon,Lenses,Used,148.48,USD,FIXED_PRICE,3,0,mount:canon ef,JP,benzaitenten_japan,100.0,2026-08-09T09:02:27.000Z,,https://www.ebay.com/itm/800481266690?hash=itemba6066cc02:g:mmwAAeSwH-NqeEKd,https://i.ebayimg.com/images/g/mmwAAeSwH-NqeEKd/s-l225.jpg
型号不明,55.0,CANON EF 50 1:1.8II Prime Lens,Canon,Lenses,Used,148.48,USD,FIXED_PRICE,4,0,mount:canon ef,JP,benzaitenten_japan,100.0,2026-08-09T08:58:49.000Z,,https://www.ebay.com/itm/800481261330?hash=itemba6066b712:g:H9gAAeSwJHdqeEGM,https://i.ebayimg.com/images/g/H9gAAeSwJHdqeEGM/s-l225.jpg
型号不明,55.0,CANON EF 50 F1.8 II Prime Lens,Canon,Lenses,Used,148.48,USD,FIXED_PRICE,4,0,mount:canon ef,JP,benzaitenten_japan,100.0,2026-08-09T08:55:23.000Z,,https://www.ebay.com/itm/800481256652?hash=itemba6066a4cc:g:lywAAeSw1KtqeEGs,https://i.ebayimg.com/images/g/lywAAeSw1KtqeEGs/s-l225.jpg
型号不明,55.0,CANON EF 50 F1.8II Prime Lens,Canon,Lenses,Used,148.48,USD,FIXED_PRICE,5,0,mount:canon ef,JP,benzaitenten_japan,100.0,2026-08-09T08:54:07.000Z,,https://www.ebay.com/itm/800481252805?hash=itemba606695c5:g:iZIAAeSwThVqeEDq,https://i.ebayimg.com/images/g/iZIAAeSwThVqeEDq/s-l225.jpg
型号不明,55.0,CANON ZOOMLENZ EF-M 15-45 F3.5-6.3 Standard Zoom Lens,Canon,Lenses,Used,148.48,USD,FIXED_PRICE,3,0,mount:canon ef,JP,benzaitenten_japan,100.0,2026-08-09T08:50:07.000Z,,https://www.ebay.com/itm/800481241533?hash=itemba606669bd:g:gvkAAeSwnu5qeD~A,https://i.ebayimg.com/images/g/gvkAAeSwnu5qeD~A/s-l225.jpg
型号不明,55.0,Canon EF-M 18-55 1:3.5-5.6 IS STM Standard Zoom Lens,Canon,Lenses,Used,148.48,USD,FIXED_PRICE,7,0,mount:canon ef,JP,benzaitenten_japan,100.0,2026-08-09T08:47:19.000Z,,https://www.ebay.com/itm/800481234847?hash=itemba60664f9f:g:N~YAAeSwIDhqeD8V,https://i.ebayimg.com/images/g/N~YAAeSwIDhqeD8V/s-l225.jpg
型号不明,55.0,CANON CANON EF-S LENS 55-250 1:4-5 Telephoto Zoom Lens,Canon,Lenses,Used,148.48,USD,FIXED_PRICE,3,0,mount:canon ef,JP,benzaitenten_japan,100.0,2026-08-09T08:45:36.000Z,,https://www.ebay.com/itm/800481230164?hash=itemba60663d54:g:eaUAAeSwThVqeD8n,https://i.ebayimg.com/images/g/eaUAAeSwThVqeD8n/s-l225.jpg
型号不明,55.0,CANON EF-S 55-250 4-5.6 Standard Zoom Lens,Canon,Lenses,Used,148.48,USD,FIXED_PRICE,5,0,mount:canon ef,JP,benzaitenten_japan,100.0,2026-08-09T08:30:50.000Z,,https://www.ebay.com/itm/800481203245?hash=itemba6065d42d:g:2VoAAeSwUp5qeDvs,https://i.ebayimg.com/images/g/2VoAAeSwUp5qeDvs/s-l225.jpg
型号不明,55.0,CANON EF-M 18-55 3.5-5.6 Standard/Medium Telephoto Single Focus Lens,Canon,Lenses,Used,148.48,USD,FIXED_PRICE,6,0,mount:canon ef,JP,benzaitenten_japan,100.0,2026-08-09T08:29:16.000Z,,https://www.ebay.com/itm/800481200275?hash=itemba6065c893:g:zbEAAeSwMbhqeDte,https://i.ebayimg.com/images/g/zbEAAeSwMbhqeDte/s-l225.jpg
型号不明,55.0,CANON EF-S 55-250 1:4-5.6 Telephoto Zoom Lens,Canon,Lenses,Used,148.48,USD,FIXED_PRICE,6,0,mount:canon ef,JP,benzaitenten_japan,100.0,2026-08-09T08:27:55.000Z,,https://www.ebay.com/itm/800481192055?hash=itemba6065a877:g:GFcAAeSwwhdqeDtK,https://i.ebayimg.com/images/g/GFcAAeSwwhdqeDtK/s-l225.jpg
型号不明,55.0,CANON EFS 18-55 4-5.6 IS STM Standard Zoom Lens,Canon,Lenses,Used,148.48,USD,FIXED_PRICE,8,0,mount:canon ef,JP,benzaitenten_japan,100.0,2026-08-09T08:24:11.000Z,,https://www.ebay.com/itm/800481181500?hash=itemba60657f3c:g:xpYAAeSwIvJqeDpd,https://i.ebayimg.com/images/g/xpYAAeSwIvJqeDpd/s-l225.jpg
型号不明,55.0,CANON EF-M 15-45 F3.5-6.3 IS STM Standard Zoom Lens For Mirrorless,Canon,Lenses,Used,148.48,USD,FIXED_PRICE,6,0,mount:canon ef,JP,benzaitenten_japan,100.0,2026-08-09T08:16:06.000Z,,https://www.ebay.com/itm/800481151123?hash=itemba60650893:g:OEMAAeSwn~xqeDgD,https://i.ebayimg.com/images/g/OEMAAeSwn~xqeDgD/s-l225.jpg
型号不明,55.0,CANON EF-M 15-45 F3.5-6.3 IS STM Standard Zoom Lens For Canon,Canon,Lenses,Used,148.48,USD,FIXED_PRICE,3,0,mount:canon ef,JP,benzaitenten_japan,100.0,2026-08-09T08:12:09.000Z,,https://www.ebay.com/itm/800481138153?hash=itemba6064d5e9:g:3tYAAeSwvLhqeDbT,https://i.ebayimg.com/images/g/3tYAAeSwvLhqeDbT/s-l225.jpg
型号不明,55.0,CANON EF-EOS M Mount Adapter,Canon,Lenses,Used,148.48,USD,FIXED_PRICE,3,0,mount:leica m,JP,benzaitenten_japan,100.0,2026-08-09T08:07:50.000Z,,https://www.ebay.com/itm/800481119513?hash=itemba60648d19:g:4soAAeSwFplqeDZN,https://i.ebayimg.com/images/g/4soAAeSwFplqeDZN/s-l225.jpg
型号不明,55.0,CANON MOUNT ADAPTER EF-EOS M Mount Adapter,Canon,Lenses,Used,148.48,USD,FIXED_PRICE,7,0,mount:leica m,JP,benzaitenten_japan,100.0,2026-08-09T08:01:22.000Z,,https://www.ebay.com/itm/800481101453?hash=itemba6064468d:g:3zwAAeSwxghqeDUB,https://i.ebayimg.com/images/g/3zwAAeSwxghqeDUB/s-l225.jpg
型号不明,55.0,CANON MOUNT ADAPTER EF-EOS M Mount Adapter -,Canon,Lenses,Used,148.48,USD,FIXED_PRICE,2,0,mount:leica m,JP,benzaitenten_japan,100.0,2026-08-09T08:01:10.000Z,,https://www.ebay.com/itm/800481101021?hash=itemba606444dd:g:ysYAAeSw8vxqeDT6,https://i.ebayimg.com/images/g/ysYAAeSw8vxqeDT6/s-l225.jpg
查无市价,55.0,[MINT] Zeiss Ikonta 524/2 Medium Format Film Camera Novar 105mm f/3.5 Lens JAPAN,Zeiss,Film Cameras,Used,449.9,USD,FIXED_PRICE,11,0,good-cond,JP,ks.tokyocamera,99.8,2026-08-10T01:21:05.000Z,,https://www.ebay.com/itm/188768966145?hash=item2bf381d601:g:yywAAeSwuKZqeSh0,https://i.ebayimg.com/images/g/yywAAeSwuKZqeSh0/s-l225.jpg
查无市价,55.0,Rare! [Near Mint] Mamiya Close Up Adapter Kit NK701 For Mamiya 7 7II From JAPAN,Mamiya,Film Cameras,Used,489.9,USD,FIXED_PRICE,11,0,good-cond,JP,daisu19,99.5,2026-08-09T07:35:09.000Z,,https://www.ebay.com/itm/800481062161?hash=itemba6063ad11:g:kOoAAeSwjJxqeC5s,https://i.ebayimg.com/images/g/kOoAAeSwjJxqeC5s/s-l225.jpg
查无市价,55.0,Double Image Adjusted[N MINT/Hood] Mamiya Six 6 Automat II 2 6x6 75mm From JAPAN,Mamiya,Film Cameras,Used,629.99,USD,FIXED_PRICE,14,0,good-cond,JP,kamekame,100.0,2026-08-10T02:01:23.000Z,,https://www.ebay.com/itm/318704753048?hash=item4a34489998:g:QkUAAeSwiodqeTIj,https://i.ebayimg.com/images/g/QkUAAeSwiodqeTIj/s-l225.jpg
查无市价,55.0,Meter OK 【N MINT】 Voigtlander Bessa R2C Black + Jupiter-8 5cm 50mm F2 from JAPAN,Voigtlander,Film Cameras,Used,1049.9,USD,FIXED_PRICE,23,0,good-cond,JP,japanyuichi,100.0,2026-08-09T21:45:30.000Z,,https://www.ebay.com/itm/298573391717?hash=item45845c6765:g:SkgAAeSwYtxoirHA,https://i.ebayimg.com/images/g/SkgAAeSwYtxoirHA/s-l225.jpg
查无市价,55.0,[MINT] Voigtlander BESSA R2C Black 35mm Rangefinder Camera Body From JAPAN,Voigtlander,Film Cameras,Used,1099.9,USD,FIXED_PRICE,11,0,good-cond,JP,kyomjp96,100.0,2026-08-09T16:00:50.000Z,,https://www.ebay.com/itm/147493423670?hash=item22574b0a36:g:W0EAAeSwO2lqeKRy,https://i.ebayimg.com/images/g/W0EAAeSwO2lqeKRy/s-l225.jpg
型号不明,55.0,⏯️ Rare M2 Repaint Hammer Tone [CLA'd MINT] Leica Rangefinder Camera Body JAPAN,Leica,Film Cameras,Used,2299.99,USD,"FIXED_PRICE,BEST_OFFER",19,0,good-cond,JP,tomooka_49,100.0,2026-08-09T12:44:35.000Z,,https://www.ebay.com/itm/158169848954?hash=item24d3a85c7a:g:Qu0AAeSwSARpseAl,https://i.ebayimg.com/images/g/Qu0AAeSwSARpseAl/s-l225.jpg
查无市价,55.0,[MINT] Leica Leitz M6 0.72 Non TTL Black Rangefinder Film Camera Body From JAPAN,Leica,Film Cameras,Used,2999.99,USD,FIXED_PRICE,7,0,good-cond,JP,japan-trade810,98.9,2026-08-09T15:29:15.000Z,,https://www.ebay.com/itm/117348865908?hash=item1b52899774:g:oj0AAeSwg5hqeJ2F,https://i.ebayimg.com/images/g/oj0AAeSwg5hqeJ2F/s-l225.jpg
残件/按现状;打包杂件,54.0,Sony Handycam DCR-DVD101E Camcorder Bundle Boxed Accessories UNTESTED / SPARES,Sony,Camcorders,For parts or not working,25.09,USD,"FIXED_PRICE,BEST_OFFER",5,0,good-cond;as-is;underpriced(med 165),GB,mlfinds4u,100.0,2026-08-09T23:37:17.000Z,,https://www.ebay.com/itm/178391200367?hash=item2988f1b26f:g:9g4AAeSwbspqeQ7F,https://i.ebayimg.com/images/g/9g4AAeSwbspqeQ7F/s-l225.jpg
残件/按现状,54.0,Canon ZR40 MiniDV Digital Video Camcorder 18x Optical Zoom W Charger Cords *Read,Canon,Camcorders,For parts or not working,35.83,USD,"FIXED_PRICE,BEST_OFFER",11,0,underpriced(med 123),CA,repurpo62,99.3,2026-08-09T16:22:06.000Z,,https://www.ebay.com/itm/336734274366?hash=item4e66ed433e:g:WJQAAeSwY5dqeKgl,https://i.ebayimg.com/images/g/WJQAAeSwY5dqeKgl/s-l225.jpg
残件/按现状,53.0,Fujifilm FinePix J27 10.2MP Digital Camera Bad Backlight But Working,Fujifilm,Digital Cameras,For parts or not working,25.0,USD,FIXED_PRICE,4,0,underpriced(med 213),US,micvande-61,99.4,2026-08-09T22:26:52.000Z,,https://www.ebay.com/itm/318703935674?hash=item4a343c20ba:g:3qgAAeSwwgpqTZmz,https://i.ebayimg.com/images/g/3qgAAeSwwgpqTZmz/s-l225.jpg
残件/按现状,53.0,Nikon COOLPIX E 8400 8.0MP Digital Camera - Black Untested,Nikon,Digital Cameras,For parts or not working,25.0,USD,"FIXED_PRICE,BEST_OFFER",5,0,as-is;underpriced(med 235),US,chri750697,99.5,2026-08-09T18:12:25.000Z,,https://www.ebay.com/itm/198559235847?hash=item2e3b0d7f07:g:YzYAAeSwH-NqeMKR,https://i.ebayimg.com/images/g/YzYAAeSwH-NqeMKR/s-l225.jpg
残件/按现状,53.0,Fujifilm FinePix F700 Digital Camera Includes 2 Batteries & Charger Parts Only,Fujifilm,Digital Cameras,For parts or not working,28.95,USD,"FIXED_PRICE,BEST_OFFER",7,0,as-is;underpriced(med 213),US,prairiehouse06,100.0,2026-08-09T20:49:40.000Z,,https://www.ebay.com/itm/178390767206?hash=item2988eb1666:g:VVkAAeSwYEVqeOYt,https://i.ebayimg.com/images/g/VVkAAeSwYEVqeOYt/s-l225.jpg
残件/按现状,53.0,Fujifilm FinePix T200 Black 14.0MP Digital Compact Camera - UNTESTED As-Is READ,Fujifilm,Digital Cameras,For parts or not working,29.95,USD,"FIXED_PRICE,BEST_OFFER",9,0,as-is;underpriced(med 213),US,mechaussie,100.0,2026-08-09T17:23:08.000Z,,https://www.ebay.com/itm/117348991534?hash=item1b528b822e:g:5JsAAeSwoUJqeLPp,https://i.ebayimg.com/images/g/5JsAAeSwoUJqeLPp/s-l225.jpg
残件/按现状,53.0,Canon PowerShot SX120 IS - 10x Zoom - 10Mp Digital Camera - Parts or Repair Read,Canon,Digital Cameras,For parts or not working,29.95,USD,FIXED_PRICE,12,0,underpriced(med 321),US,affordable_thrifts,100.0,2026-08-09T15:19:15.000Z,,https://www.ebay.com/itm/128017886698?hash=item1dce75edea:g:740AAeSwYEVqeJlF,https://i.ebayimg.com/images/g/740AAeSwYEVqeJlF/s-l225.jpg
残件/按现状,53.0,PENTAX EI-200 DIGITAL CAMERA 2.1 MP ZOOM LENS NOT WORKING PARTS,Pentax,Digital Cameras,For parts or not working,29.95,USD,FIXED_PRICE,0,0,as-is;underpriced(med 266),US,surfntrain,100.0,2026-08-09T07:55:25.000Z,,https://www.ebay.com/itm/287514155676?hash=item42f12dda9c:g:btYAAeSwIvJqeDH8,https://i.ebayimg.com/images/g/btYAAeSwIvJqeDH8/s-l225.jpg
残件/按现状,53.0,Nikon Digital Camera Nikon Coolpix 4600 Lens Error For Parts Only W/ Box Books,Nikon,Digital Cameras,For parts or not working,29.99,USD,FIXED_PRICE,2,0,as-is;underpriced(med 235),US,resellerhq,99.8,2026-08-09T17:15:36.000Z,,https://www.ebay.com/itm/287514964152?hash=item42f13a30b8:g:I0QAAeSwek1pYVd9,https://i.ebayimg.com/images/g/I0QAAeSwek1pYVd9/s-l225.jpg
打包杂件,53.0,Minolta DiMAGE S404 Digital Camera Silver 4.0MP 4x Optical Zoom Bundle Tested,Minolta,Digital Cameras,Used,29.99,USD,"FIXED_PRICE,BEST_OFFER",6,0,underpriced(med 98),US,wstcompany,99.6,2026-08-09T14:55:06.000Z,,https://www.ebay.com/itm/117348819621?hash=item1b5288e2a5:g:WicAAeSwE-hqeJTK,https://i.ebayimg.com/images/g/WicAAeSwE-hqeJTK/s-l225.jpg
残件/按现状,53.0,*PARTS/REPAIR* Fujifilm FinePix 4800 Zoom 2.4MP Digital Camera Silver (READ),Fujifilm,Digital Cameras,For parts or not working,29.99,USD,FIXED_PRICE,11,0,underpriced(med 213),US,jna_distributions,99.5,2026-08-09T08:50:55.000Z,,https://www.ebay.com/itm/227468213450?hash=item34f6297cca:g:tyQAAeSwTrRqeCsZ,https://i.ebayimg.com/images/g/tyQAAeSwTrRqeCsZ/s-l225.jpg
残件/按现状,53.0,Pentax Optio W20 Waterproof Digital Camera With Battery Untested | No Charger,Pentax,Digital Cameras,Used,30.0,USD,"FIXED_PRICE,BEST_OFFER",8,0,as-is;underpriced(med 266),US,lee.alen,100.0,2026-08-09T21:36:41.000Z,,https://www.ebay.com/itm/206478428846?hash=item301312caae:g:FJ0AAeSwhyNqePJK,https://i.ebayimg.com/images/g/FJ0AAeSwhyNqePJK/s-l225.jpg
残件/按现状,53.0,Pentax Optio S 3.2MP Digital Camera with 3x Optical Zoom 5.8mm-17.4 mm Untested,Pentax,Digital Cameras,Used,30.0,USD,FIXED_PRICE,4,0,as-is;underpriced(med 266),US,naperking,99.8,2026-08-09T18:16:02.000Z,,https://www.ebay.com/itm/117349044092?hash=item1b528c4f7c:g:gPQAAeSwv-JqeL34,https://i.ebayimg.com/images/g/gPQAAeSwv-JqeL34/s-l225.jpg
残件/按现状,53.0,Canon EOS Digital Rebel XTi Camera Body 10.1 MP DSLR Black Japan Parts Repair,Canon,Digital Cameras,For parts or not working,32.88,USD,FIXED_PRICE,18,0,underpriced(med 321),US,gamblerundeals,99.9,2026-08-09T13:33:58.000Z,,https://www.ebay.com/itm/267751875495?hash=item3e574163a7:g:f8YAAeSwp~hoj8Aq,https://i.ebayimg.com/images/g/f8YAAeSwp~hoj8Aq/s-l225.jpg
残件/按现状,53.0,Canon Powershot A75 Camera Pc1202 Dc4.3v 3.2 Megapixels Read Parts Repair,Canon,Digital Cameras,For parts or not working,33.24,USD,"FIXED_PRICE,BEST_OFFER",18,0,underpriced(med 321),US,mutualrespectvintage,99.9,2026-08-09T06:05:41.000Z,,https://www.ebay.com/itm/398265638209?hash=item5cba7b5d41:g:21YAAOSwaPNmsvdZ,https://i.ebayimg.com/images/g/21YAAOSwaPNmsvdZ/s-l225.jpg
打包杂件,53.0,"Nikon D40 DSLR Camera Bundle, EN-EL9 Battery, MH-23 Charger",Nikon,Digital Cameras,Used,34.99,USD,"FIXED_PRICE,BEST_OFFER",4,0,underpriced(med 235),US,p.doyle_jc,100.0,2026-08-09T18:17:25.000Z,,https://www.ebay.com/itm/206478095489?hash=item30130db481:g:db0AAeSwCsZqeMIa,https://i.ebayimg.com/images/g/db0AAeSwCsZqeMIa/s-l225.jpg
残件/按现状,53.0,Nikon Coolpix L22 Digital Camera 12.0 MP Red WORKS BUT BATTERY DOOR BROKEN,Nikon,Digital Cameras,For parts or not working,34.99,USD,"FIXED_PRICE,BEST_OFFER",7,0,as-is;underpriced(med 235),US,evergreenestore,99.8,2026-08-09T17:42:01.000Z,,https://www.ebay.com/itm/137602639014?hash=item2009c1a4a6:g:T1cAAeSwdqlqYkWV,https://i.ebayimg.com/images/g/T1cAAeSwdqlqYkWV/s-l225.jpg
残件/按现状,53.0,Canon PowerShot S5 IS Digital 12x Zoom Camera 8.0MP - Tested READ,Canon,Digital Cameras,For parts or not working,34.99,USD,FIXED_PRICE,7,0,underpriced(med 321),US,e-findsllc,99.7,2026-08-09T13:43:59.000Z,,https://www.ebay.com/itm/298572407605?hash=item45844d6335:g:pw4AAeSw87BqeINx,https://i.ebayimg.com/images/g/pw4AAeSw87BqeINx/s-l225.jpg
残件/按现状,53.0,-Nikon D D3000 10.2MP Digital SLR Camera-BODY ONLY-MISSING CARD DOOR-FOR PARTS,Nikon,Digital Cameras,For parts or not working,34.99,USD,FIXED_PRICE,6,0,as-is;underpriced(med 235),US,westborncam2,99.9,2026-08-09T04:45:31.000Z,,https://www.ebay.com/itm/198557866124?hash=item2e3af8988c:g:bksAAeSwndBqdfJX,https://i.ebayimg.com/images/g/bksAAeSwndBqdfJX/s-l225.jpg
残件/按现状,53.0,Nikon Coopix S51,Nikon,Digital Cameras,For parts or not working,35.0,USD,"FIXED_PRICE,BEST_OFFER",4,0,underpriced(med 235),US,pat_4749,100.0,2026-08-09T23:19:31.000Z,,https://www.ebay.com/itm/236996454105?hash=item372e16e6d9:g:XXcAAeSwaRZqeQpQ,https://i.ebayimg.com/images/g/XXcAAeSwaRZqeQpQ/s-l225.jpg
残件/按现状,53.0,Canon PowerShot SX100 IS 8.0MP Digital Camera - Black Works Read,Canon,Digital Cameras,For parts or not working,39.0,USD,FIXED_PRICE,7,0,underpriced(med 321),US,thecuriosityspot,98.5,2026-08-09T21:01:07.000Z,,https://www.ebay.com/itm/307116786213?hash=item4781964225:g:xgcAAeSwWKNqeOnb,https://i.ebayimg.com/images/g/xgcAAeSwWKNqeOnb/s-l225.jpg
残件/按现状,53.0,Canon Powershot D10 with battery - UNTESTED - READ DESCRIPTION!,Canon,Digital Cameras,For parts or not working,39.95,USD,FIXED_PRICE,6,0,as-is;underpriced(med 321),US,atlanticcoastgallery,100.0,2026-08-09T08:18:23.000Z,,https://www.ebay.com/itm/178388898827?hash=item2988ce940b:g:ENUAAeSw7-lqeDe6,https://i.ebayimg.com/images/g/ENUAAeSw7-lqeDe6/s-l225.jpg
残件/按现状,53.0,Canon EOS Rebel T3 DS126291 Black - Power Button,Canon,Digital Cameras,For parts or not working,39.95,USD,FIXED_PRICE,6,0,underpriced(med 321),US,smartphonesplusllc,99.5,2026-08-09T05:36:00.000Z,,https://www.ebay.com/itm/147492502907?hash=item22573cfd7b:g:rIEAAeSw1yVqeBIB,https://i.ebayimg.com/images/g/rIEAAeSw1yVqeBIB/s-l225.jpg
残件/按现状,53.0,Sony Digital Mavica MVC-FD81 Digital Camera 2x Zoom Floppy Disk MINT Untested,Sony,Digital Cameras,Used,39.99,USD,"FIXED_PRICE,BEST_OFFER",4,0,good-cond;as-is;underpriced(med 249),US,josephfrompittsburgh,99.1,2026-08-09T19:17:44.000Z,,https://www.ebay.com/itm/358905469934?hash=item53906edbee:g:cvIAAeSw371qVA9C,https://i.ebayimg.com/images/g/cvIAAeSw371qVA9C/s-l225.jpg
残件/按现状,53.0,"Nikon Coolpix S220 10MP Digital Camera Black 3x Optical Zoom, FOR PARTS",Nikon,Digital Cameras,For parts or not working,39.99,USD,"FIXED_PRICE,BEST_OFFER",7,0,as-is;underpriced(med 235),US,r-acosta86,99.7,2026-08-09T17:11:51.000Z,,https://www.ebay.com/itm/318702996952?hash=item4a342dcdd8:g:TDsAAeSwDzRqeB1k,https://i.ebayimg.com/images/g/TDsAAeSwDzRqeB1k/s-l225.jpg
残件/按现状,53.0,Vtg Miranda Sensorex 35mm SLR Film Camera Auto 50mm Lens Untested Japan,Miranda,Film Cameras,Used,40.0,USD,"FIXED_PRICE,BEST_OFFER",23,0,as-is,US,douglasresellers,100.0,2026-08-09T19:34:52.000Z,,https://www.ebay.com/itm/298573189071?hash=item4584594fcf:g:9b0AAeSwkOdqeNQn,https://i.ebayimg.com/images/g/9b0AAeSwkOdqeNQn/s-l225.jpg
打包杂件,53.0,Nikon Coolpix L10 Silver Digital Camera 5.0MP 3x Optical Zoom Bundle Working,Nikon,Digital Cameras,Used,40.99,USD,"FIXED_PRICE,BEST_OFFER",6,0,underpriced(med 235),US,wstcompany,99.6,2026-08-09T14:54:56.000Z,,https://www.ebay.com/itm/117348819487?hash=item1b5288e21f:g:W9wAAeSwNz9qeJS~,https://i.ebayimg.com/images/g/W9wAAeSwNz9qeJS~/s-l225.jpg
残件/按现状,53.0,Nikon D100 6.1MP Digital SLR Camera Body Only Vintage CCD Sensor -AS IS Untested,Nikon,Digital Cameras,Used,42.77,USD,"FIXED_PRICE,BEST_OFFER",5,0,as-is;underpriced(med 235),US,packan_23,100.0,2026-08-09T21:07:34.000Z,,https://www.ebay.com/itm/188768093960?hash=item2bf3748708:g:kjkAAeSwCDpqRvvl,https://i.ebayimg.com/images/g/kjkAAeSwCDpqRvvl/s-l225.jpg
打包杂件,53.0,OLYMPUS X-560WP Red 10.0 MP 3X Optical Zoom Waterproof Digital Camera Bundle,Olympus,Digital Cameras,Used,42.99,USD,FIXED_PRICE,15,0,underpriced(med 235),US,supersonicresale,100.0,2026-08-09T22:36:03.000Z,,https://www.ebay.com/itm/298573506159?hash=item45845e266f:g:A5oAAeSwA9FqeQAo,https://i.ebayimg.com/images/g/A5oAAeSwA9FqeQAo/s-l225.jpg
残件/按现状;打包杂件,53.0,3 Digital Camera Lot Canon PowerShot A530 Fujifilm FinePix Vivitar UNTESTED...,Canon,Digital Cameras,For parts or not working,44.99,USD,"FIXED_PRICE,BEST_OFFER",8,0,as-is;underpriced(med 321),US,kevingtinney1214,100.0,2026-08-09T19:51:37.000Z,,https://www.ebay.com/itm/227468848662?hash=item34f6332e16:g:XrMAAeSw~cFqeNn~,https://i.ebayimg.com/images/g/XrMAAeSw~cFqeNn~/s-l225.jpg
残件/按现状;打包杂件,53.0,Canon PowerShot SD30 Digital Elph Camera Bundle • • PARTS ONLY • BLACK,Canon,Digital Cameras,For parts or not working,44.99,USD,"FIXED_PRICE,BEST_OFFER",8,0,as-is;underpriced(med 321),US,hannahstreasuretrove-24,100.0,2026-08-09T16:14:27.000Z,,https://www.ebay.com/itm/168600888666?hash=item274165655a:g:TlkAAeSwHsVpTY9J,https://i.ebayimg.com/images/g/TlkAAeSwHsVpTY9J/s-l225.jpg
残件/按现状,53.0,Canon PowerShot A630 8.0MP Digital Camera Silver for Parts or Repair No Power,Canon,Digital Cameras,For parts or not working,44.99,USD,FIXED_PRICE,8,0,as-is;underpriced(med 321),US,nevadamulie,100.0,2026-08-09T15:50:10.000Z,,https://www.ebay.com/itm/128017920735?hash=item1dce7672df:g:OnwAAeSwd8VqeKA~,https://i.ebayimg.com/images/g/OnwAAeSwd8VqeKA~/s-l225.jpg
残件/按现状,53.0,"Canon PowerShot A3000 IS Silver Compact Camera 10MP 4x Zoom 2.7"" Flash",Canon,Digital Cameras,For parts or not working,45.0,USD,"FIXED_PRICE,BEST_OFFER",5,0,underpriced(med 321),US,dirkthethrifter,0.0,2026-08-09T21:49:08.000Z,,https://www.ebay.com/itm/407132150092?hash=item5ecaf7994c:g:vM0AAeSwcflqePWL,https://i.ebayimg.com/images/g/vM0AAeSwcflqePWL/s-l225.jpg
残件/按现状,53.0,Minolta SRT 201 Silver Vintage 35mm Film SLR Camera Body; As is. READ,Minolta,Vintage Cameras,,45.0,USD,"FIXED_PRICE,BEST_OFFER",17,0,as-is,US,rqthriftco,100.0,2026-08-09T20:18:05.000Z,,https://www.ebay.com/itm/327302412715?hash=item4c34be79ab:g:mQYAAeSwjWhqeN9G,https://i.ebayimg.com/images/g/mQYAAeSwjWhqeN9G/s-l225.jpg
残件/按现状,53.0,Canon EOS 60D 18.0 MP Digital SLR Camera - Black (Body Only),Canon,Digital Cameras,For parts or not working,45.0,USD,FIXED_PRICE,3,0,underpriced(med 321),US,aaamirrorlessphoto,100.0,2026-08-09T15:56:24.000Z,,https://www.ebay.com/itm/206477860409?hash=item30130a1e39:g:KOcAAeSwiahqT9lT,https://i.ebayimg.com/images/g/KOcAAeSwiahqT9lT/s-l225.jpg
打包杂件,53.0,Pentax Optio E60 Black 10.1MP Digital Camera Tested Working Y2K Digicam Bundle,Pentax,Digital Cameras,Used,46.0,USD,FIXED_PRICE,13,0,underpriced(med 266),US,rhodyrewind,100.0,2026-08-09T23:25:50.000Z,,https://www.ebay.com/itm/398268146301?hash=item5cbaa1a27d:g:1e8AAeSwqylqePRK,https://i.ebayimg.com/images/g/1e8AAeSwqylqePRK/s-l225.jpg
打包杂件,53.0,"Olympus D-555 5.1MP Bundle - Case, Card Reader & Wallet | Vintage CCD Digital",Olympus,Digital Cameras,Used,46.5,USD,"FIXED_PRICE,BEST_OFFER",2,0,underpriced(med 235),US,chip2179,99.5,2026-08-09T17:21:21.000Z,,https://www.ebay.com/itm/267752071157?hash=item3e57445ff5:g:7Q8AAeSwvIdpjDin,https://i.ebayimg.com/images/g/7Q8AAeSwvIdpjDin/s-l225.jpg
残件/按现状,53.0,Nikon D60 Digital SLR Camera 10.2MP (Defective/Slightly Damaged) US STOCK,Nikon,Digital Cameras,For parts or not working,48.42,USD,FIXED_PRICE,7,0,as-is;underpriced(med 235),US,altemo-31,98.8,2026-08-09T16:50:24.000Z,,https://www.ebay.com/itm/398267205127?hash=item5cba934607:g:UDcAAeSwOzVqHosY,https://i.ebayimg.com/images/g/UDcAAeSwOzVqHosY/s-l225.jpg
残件/按现状,53.0,Canon PowerShot SD1100 IS Digital ELPH 8.0MP Camera LENS ERROR For Parts AS IS,Canon,Digital Cameras,For parts or not working,49.79,USD,FIXED_PRICE,4,0,as-is;underpriced(med 321),US,deshideep,99.4,2026-08-09T22:39:24.000Z,,https://www.ebay.com/itm/206478529197?hash=item30131452ad:g:VscAAeSwR-FqePm-,https://i.ebayimg.com/images/g/VscAAeSwR-FqePm-/s-l225.jpg
打包杂件,53.0,Nikon COOLPIX L18 8.0MP Red Digital Camera Bundle SD Card Manual Original Box,Nikon,Digital Cameras,Used,49.9,USD,FIXED_PRICE,23,0,underpriced(med 235),US,firesale373,99.7,2026-08-09T15:09:50.000Z,,https://www.ebay.com/itm/800482372326?hash=itemba6077aae6:g:EjgAAeSw-XVn2dY~,https://i.ebayimg.com/images/g/EjgAAeSw-XVn2dY~/s-l225.jpg
残件/按现状,53.0,Nikon COOLPIX B500 16.0MP Digital Camera - Red,Nikon,Digital Cameras,For parts or not working,49.99,USD,FIXED_PRICE,5,0,underpriced(med 235),US,karlabasset,98.7,2026-08-09T17:50:22.000Z,,https://www.ebay.com/itm/287515006075?hash=item42f13ad47b:g:mHoAAeSwiiFqeL1n,https://i.ebayimg.com/images/g/mHoAAeSwiiFqeL1n/s-l225.jpg
残件/按现状;打包杂件,53.0,Lot Of 4 Digital/Film Cameras - For Parts/Repair - Canon Fujifilm HP - Read,Canon,Digital Cameras,For parts or not working,49.99,USD,"FIXED_PRICE,BEST_OFFER",8,0,as-is;underpriced(med 321),US,whyhoardstuff95,99.7,2026-08-09T16:19:58.000Z,,https://www.ebay.com/itm/198558993618?hash=item2e3b09ccd2:g:pzQAAeSw-V9qeKhb,https://i.ebayimg.com/images/g/pzQAAeSw-V9qeKhb/s-l225.jpg
残件/按现状,53.0,Canon PowerShot ELPH 190 IS Blue Digital Camera 20MP AS IS FOR PARTS/REPAIR,Canon,Digital Cameras,For parts or not working,50.0,USD,"FIXED_PRICE,BEST_OFFER",9,0,as-is;underpriced(med 321),US,pbtoast29,100.0,2026-08-09T19:30:12.000Z,,https://www.ebay.com/itm/366595593231?hash=item555accd40f:g:X2YAAeSwC-FqeNSa,https://i.ebayimg.com/images/g/X2YAAeSwC-FqeNSa/s-l225.jpg
残件/按现状;打包杂件,53.0,"Fuji FinePix S1000fd and FuliFilm S3000 lot, tested, no cards, read description",Fuji,Digital Cameras,Used,50.0,USD,"FIXED_PRICE,BEST_OFFER",10,0,underpriced(med 352),US,wskh743,100.0,2026-08-09T06:52:04.000Z,,https://www.ebay.com/itm/318701072493?hash=item4a3410706d:g:MVwAAeSw3T9qeCIL,https://i.ebayimg.com/images/g/MVwAAeSw3T9qeCIL/s-l225.jpg
残件/按现状,53.0,Canon PowerShot A1400 HD 16.0MP Digital Camera PARTS REPAIR Lens Issue READ!,Canon,Digital Cameras,For parts or not working,54.99,USD,FIXED_PRICE,13,0,underpriced(med 321),US,jisaladin-0,99.7,2026-08-09T18:27:49.000Z,,https://www.ebay.com/itm/398267520782?hash=item5cba98170e:g:PugAAeSwBidqeMVN,https://i.ebayimg.com/images/g/PugAAeSwBidqeMVN/s-l225.jpg
残件/按现状,53.0,"Nikon Coolpix S4100 4.0MP Digital Camera With Battery, FOR PARTS",Nikon,Digital Cameras,For parts or not working,54.99,USD,"FIXED_PRICE,BEST_OFFER",8,0,as-is;underpriced(med 235),US,r-acosta86,99.7,2026-08-09T17:22:19.000Z,,https://www.ebay.com/itm/318703017619?hash=item4a342e1e93:g:6s4AAeSwfjZqeB36,https://i.ebayimg.com/images/g/6s4AAeSwfjZqeB36/s-l225.jpg
残件/按现状,53.0,CANON POWERSHOT SD400 DIGITAL ELPH 5.0MP DIGITAL CAMERA,Canon,Digital Cameras,For parts or not working,54.99,USD,"FIXED_PRICE,BEST_OFFER",7,0,underpriced(med 321),US,g2g_liquidators,99.8,2026-08-09T16:17:31.000Z,,https://www.ebay.com/itm/287514888033?hash=item42f1390761:g:KjUAAeSwxZxpRcFR,https://i.ebayimg.com/images/g/KjUAAeSwxZxpRcFR/s-l225.jpg
残件/按现状,53.0,Canon Digital ELPH SD750 7.1MP Non working With Battery And 1 GB Memory Card,Canon,Digital Cameras,For parts or not working,54.99,USD,"FIXED_PRICE,BEST_OFFER",6,0,underpriced(med 321),US,happilyfound,99.9,2026-08-09T11:31:25.000Z,,https://www.ebay.com/itm/377405331294?hash=item57df1c575e:g:jYIAAeSwbg9qTvfq,https://i.ebayimg.com/images/g/jYIAAeSwbg9qTvfq/s-l225.jpg
残件/按现状,53.0,Nikon Coolpix S3000 12.0 MP 4x Optical Zoom Compact Digital Camera Read Desc.,Nikon,Digital Cameras,For parts or not working,59.99,USD,"FIXED_PRICE,BEST_OFFER",16,0,underpriced(med 235),US,sparksman11,99.7,2026-08-09T16:14:16.000Z,,https://www.ebay.com/itm/227468656687?hash=item34f630402f:g:CT4AAeSwAzZqUO-Y,https://i.ebayimg.com/images/g/CT4AAeSwAzZqUO-Y/s-l225.jpg
残件/按现状,53.0,Nikon COOLPIX L22 Red Digital Camera 12MP Tested Working Read Description,Nikon,Digital Cameras,Used,59.99,USD,"FIXED_PRICE,BEST_OFFER",14,0,underpriced(med 235),US,splittingserifs,99.9,2026-08-09T16:13:06.000Z,,https://www.ebay.com/itm/168600887203?hash=item2741655fa3:g:fTsAAeSwrKZqeKZH,https://i.ebayimg.com/images/g/fTsAAeSwrKZqeKZH/s-l225.jpg
打包杂件,53.0,Vintage Bundle Yashica Electro 35 Rangefinder 35mm Camera Case Kako 88 Flash,Yashica,Vintage Cameras,,59.99,USD,"FIXED_PRICE,BEST_OFFER",11,0,,US,minnesotanicemerchandise,99.3,2026-08-09T15:34:10.000Z,,https://www.ebay.com/itm/147493385385?hash=item22574a74a9:g:bgYAAOSwGU1hhHb~,https://i.ebayimg.com/images/g/bgYAAOSwGU1hhHb~/s-l225.jpg
残件/按现状,53.0,-Nikon D5100 16.2MP Digital SLR Camera Body FOR PARTS/AS-IS/UN-TESTED(4414),Nikon,Digital Cameras,For parts or not working,59.99,USD,FIXED_PRICE,3,0,as-is;underpriced(med 235),US,westborncam2,99.9,2026-08-09T04:47:09.000Z,,https://www.ebay.com/itm/198557867292?hash=item2e3af89d1c:g:v3AAAeSwAzZqYki2,https://i.ebayimg.com/images/g/v3AAAeSwAzZqYki2/s-l225.jpg
打包杂件,53.0,Minolta SRT 200 Silver 35mm SLR Film Camera Bundle w/ Case Lens Agfa Lupa,Minolta,Vintage Cameras,,60.0,USD,"FIXED_PRICE,BEST_OFFER",3,0,,US,masolaughli0,100.0,2026-08-10T02:49:19.000Z,,https://www.ebay.com/itm/128018565761?hash=item1dce804a81:g:eT8AAeSwHn1qeTv2,https://i.ebayimg.com/images/g/eT8AAeSwHn1qeTv2/s-l225.jpg
型号不明,53.0,Kenko Tokina lens C-AF1 2X TELEPLUS MC7 Used,Tokina,Lenses,Used,66.26,USD,FIXED_PRICE,6,0,underpriced(med 149),JP,beecruise04,97.5,2026-08-09T20:53:48.000Z,,https://www.ebay.com/itm/318703651692?hash=item4a3437cb6c:g:3jAAAeSwQGhqeOr4,https://i.ebayimg.com/images/g/3jAAAeSwQGhqeOr4/s-l225.jpg
型号不明,53.0,Kenko Tokina Lens C-AF1 1.5X Used,Tokina,Lenses,Used,66.26,USD,FIXED_PRICE,8,0,underpriced(med 149),JP,beecruise04,97.5,2026-08-09T20:53:33.000Z,,https://www.ebay.com/itm/318703651358?hash=item4a3437ca1e:g:mSQAAeSwPTdqeOkR,https://i.ebayimg.com/images/g/mSQAAeSwPTdqeOkR/s-l225.jpg
型号不明,53.0,TAMRON lens Used,Tamron,Lenses,Used,66.26,USD,FIXED_PRICE,6,0,underpriced(med 217),JP,beecruise04,97.5,2026-08-09T20:53:33.000Z,,https://www.ebay.com/itm/318703651362?hash=item4a3437ca22:g:oa0AAeSwcShqeOm~,https://i.ebayimg.com/images/g/oa0AAeSwcShqeOm~/s-l225.jpg
型号不明,53.0,SIGMA lenses Used,Sigma,Lenses,Used,66.26,USD,FIXED_PRICE,8,0,underpriced(med 369),JP,beecruise04,97.5,2026-08-09T20:53:28.000Z,,https://www.ebay.com/itm/318703651228?hash=item4a3437c99c:g:5GAAAeSwCQJqeOkI,https://i.ebayimg.com/images/g/5GAAAeSwCQJqeOkI/s-l225.jpg
型号不明,53.0,SONY lens VCL-2052K Used,Sony,Lenses,Used,66.26,USD,FIXED_PRICE,6,0,underpriced(med 449),JP,beecruise04,97.5,2026-08-09T20:53:15.000Z,,https://www.ebay.com/itm/318703650664?hash=item4a3437c768:g:hDgAAeSw6glqeOl1,https://i.ebayimg.com/images/g/hDgAAeSw6glqeOl1/s-l225.jpg
型号不明,53.0,Sony Lens YCL-1556 Used,Sony,Lenses,Used,66.26,USD,FIXED_PRICE,6,0,underpriced(med 449),JP,beecruise04,97.5,2026-08-09T20:52:04.000Z,,https://www.ebay.com/itm/318703649465?hash=item4a3437c2b9:g:UZgAAeSwDO5qeOme,https://i.ebayimg.com/images/g/UZgAAeSwDO5qeOme/s-l225.jpg
型号不明,53.0,Sigma Lens DL Macro SUPER Used,Sigma,Lenses,Used,76.95,USD,FIXED_PRICE,5,0,underpriced(med 369),JP,beecruise04,97.5,2026-08-09T20:53:57.000Z,,https://www.ebay.com/itm/318703651896?hash=item4a3437cc38:g:oAkAAeSwXudqeOoQ,https://i.ebayimg.com/images/g/oAkAAeSwXudqeOoQ/s-l225.jpg
型号不明,53.0,TAMRON Lens 71DE Used,Tamron,Lenses,Used,76.95,USD,FIXED_PRICE,5,0,underpriced(med 217),JP,beecruise04,97.5,2026-08-09T20:53:57.000Z,,https://www.ebay.com/itm/318703651897?hash=item4a3437cc39:g:ck4AAeSwH-NqeOnV,https://i.ebayimg.com/images/g/ck4AAeSwH-NqeOnV/s-l225.jpg
型号不明,53.0,TAMRON Lens 62DN Used,Tamron,Lenses,Used,76.95,USD,FIXED_PRICE,4,0,underpriced(med 217),JP,beecruise04,97.5,2026-08-09T20:53:57.000Z,,https://www.ebay.com/itm/318703651900?hash=item4a3437cc3c:g:pbUAAeSw9jhqeOoS,https://i.ebayimg.com/images/g/pbUAAeSw9jhqeOoS/s-l225.jpg
型号不明,53.0,SIGMA LENS ZOOM-K Used,Sigma,Lenses,Used,76.95,USD,FIXED_PRICE,5,0,underpriced(med 369),JP,beecruise04,97.5,2026-08-09T20:53:48.000Z,,https://www.ebay.com/itm/318703651700?hash=item4a3437cb74:g:TCMAAeSwBclqeOlX,https://i.ebayimg.com/images/g/TCMAAeSwBclqeOlX/s-l225.jpg
型号不明,53.0,Sony Lens AF100-300 Used,Sony,Lenses,Used,76.95,USD,FIXED_PRICE,5,0,underpriced(med 449),JP,beecruise04,97.5,2026-08-09T20:53:43.000Z,,https://www.ebay.com/itm/318703651606?hash=item4a3437cb16:g:06YAAeSwk71qeOmO,https://i.ebayimg.com/images/g/06YAAeSwk71qeOmO/s-l225.jpg
型号不明,53.0,SIGMA LENS TELEPHOTO 400 F5.6 Used,Sigma,Lenses,Used,76.95,USD,FIXED_PRICE,6,0,underpriced(med 369),JP,beecruise04,97.5,2026-08-09T20:53:38.000Z,,https://www.ebay.com/itm/318703651444?hash=item4a3437ca74:g:hzoAAeSwyJFqeOoB,https://i.ebayimg.com/images/g/hzoAAeSwyJFqeOoB/s-l225.jpg
型号不明,53.0,TAMRON Lens A061 Used,Tamron,Lenses,Used,76.95,USD,FIXED_PRICE,8,0,underpriced(med 217),JP,beecruise04,97.5,2026-08-09T20:53:38.000Z,,https://www.ebay.com/itm/318703651457?hash=item4a3437ca81:g:XmIAAeSw0hNqeOoD,https://i.ebayimg.com/images/g/XmIAAeSw0hNqeOoD/s-l225.jpg
型号不明,53.0,TAMRON lens Used,Tamron,Lenses,Used,76.95,USD,FIXED_PRICE,6,0,underpriced(med 217),JP,beecruise04,97.5,2026-08-09T20:53:33.000Z,,https://www.ebay.com/itm/318703651357?hash=item4a3437ca1d:g:jLYAAeSwgsZqeOn7,https://i.ebayimg.com/images/g/jLYAAeSwgsZqeOn7/s-l225.jpg
型号不明,53.0,Sony Lens 3.5-5.6 18-70 Camera Used,Sony,Lenses,Used,76.95,USD,FIXED_PRICE,5,0,underpriced(med 449),JP,beecruise04,97.5,2026-08-09T20:53:33.000Z,,https://www.ebay.com/itm/318703651359?hash=item4a3437ca1f:g:8YoAAeSwCclqeOn8,https://i.ebayimg.com/images/g/8YoAAeSwCclqeOn8/s-l225.jpg
型号不明,53.0,SIGMA lens APO MACRO SUPER 70-300mmF4-5.6 Used,Sigma,Lenses,Used,76.95,USD,FIXED_PRICE,7,0,underpriced(med 369),JP,beecruise04,97.5,2026-08-09T20:53:33.000Z,,https://www.ebay.com/itm/318703651372?hash=item4a3437ca2c:g:j7AAAeSwfoNqeOlP,https://i.ebayimg.com/images/g/j7AAAeSwfoNqeOlP/s-l225.jpg
型号不明,53.0,TAMRON lens 772D Used,Tamron,Lenses,Used,76.95,USD,FIXED_PRICE,6,0,underpriced(med 217),JP,beecruise04,97.5,2026-08-09T20:53:23.000Z,,https://www.ebay.com/itm/318703651058?hash=item4a3437c8f2:g:mukAAeSw1KtqeOl9,https://i.ebayimg.com/images/g/mukAAeSw1KtqeOl9/s-l225.jpg
型号不明,53.0,TAMRON Lens 2780 Used,Tamron,Lenses,Used,76.95,USD,FIXED_PRICE,5,0,underpriced(med 217),JP,beecruise04,97.5,2026-08-09T20:53:03.000Z,,https://www.ebay.com/itm/318703650438?hash=item4a3437c686:g:ay0AAeSwxghqeOnd,https://i.ebayimg.com/images/g/ay0AAeSwxghqeOnd/s-l225.jpg
型号不明,53.0,TAMRON Lens 72E Used,Tamron,Lenses,Used,76.95,USD,FIXED_PRICE,6,0,underpriced(med 217),JP,beecruise04,97.5,2026-08-09T20:53:02.000Z,,https://www.ebay.com/itm/318703650421?hash=item4a3437c675:g:fxAAAeSwTrRqeOjv,https://i.ebayimg.com/images/g/fxAAAeSwTrRqeOjv/s-l225.jpg
型号不明,53.0,SIGMA Lens 70-300mm1:4-5.6 Used,Sigma,Lenses,Used,76.95,USD,FIXED_PRICE,5,0,underpriced(med 369),JP,beecruise04,97.5,2026-08-09T20:52:37.000Z,,https://www.ebay.com/itm/318703650053?hash=item4a3437c505:g:UVIAAeSwIGNqeOnE,https://i.ebayimg.com/images/g/UVIAAeSwIGNqeOnE/s-l225.jpg
型号不明,53.0,SIGMA lenses Used,Sigma,Lenses,Used,76.95,USD,FIXED_PRICE,6,0,underpriced(med 369),JP,beecruise04,97.5,2026-08-09T06:38:29.000Z,,https://www.ebay.com/itm/318701024953?hash=item4a340fb6b9:g:DpsAAeSw64ZqeCCp,https://i.ebayimg.com/images/g/DpsAAeSw64ZqeCCp/s-l225.jpg
型号不明,53.0,SIGMA lenses Used,Sigma,Lenses,Used,87.64,USD,FIXED_PRICE,5,0,underpriced(med 369),JP,beecruise04,97.5,2026-08-09T20:53:38.000Z,,https://www.ebay.com/itm/318703651442?hash=item4a3437ca72:g:h-IAAeSw6z1qeOoG,https://i.ebayimg.com/images/g/h-IAAeSw6z1qeOoG/s-l225.jpg
型号不明,53.0,TAMRON lens Used,Tamron,Lenses,Used,87.64,USD,FIXED_PRICE,4,0,underpriced(med 217),JP,beecruise04,97.5,2026-08-09T20:53:28.000Z,,https://www.ebay.com/itm/318703651220?hash=item4a3437c994:g:mg4AAeSw5VxqeOl-,https://i.ebayimg.com/images/g/mg4AAeSw5VxqeOl-/s-l225.jpg
型号不明,53.0,SONY lens Used,Sony,Lenses,Used,87.64,USD,FIXED_PRICE,3,0,underpriced(med 449),JP,beecruise04,97.5,2026-08-09T20:53:02.000Z,,https://www.ebay.com/itm/318703650432?hash=item4a3437c680:g:gEYAAeSwEG1qeOmh,https://i.ebayimg.com/images/g/gEYAAeSwEG1qeOmh/s-l225.jpg
型号不明,53.0,SIGMA LENS CONVERTER FOR VIDEO CAMERA VT-C VW-C Used,Sigma,Lenses,Used,87.64,USD,FIXED_PRICE,6,0,underpriced(med 369),JP,beecruise04,97.5,2026-08-09T20:52:42.000Z,,https://www.ebay.com/itm/318703650125?hash=item4a3437c54d:g:YbkAAeSwFplqeOmO,https://i.ebayimg.com/images/g/YbkAAeSwFplqeOmO/s-l225.jpg
型号不明,53.0,Sony Lens 55-200 Used,Sony,Lenses,Used,98.32,USD,FIXED_PRICE,5,0,underpriced(med 449),JP,beecruise04,97.5,2026-08-09T20:53:48.000Z,,https://www.ebay.com/itm/318703651693?hash=item4a3437cb6d:g:dl8AAeSwYVRqeOkb,https://i.ebayimg.com/images/g/dl8AAeSwYVRqeOkb/s-l225.jpg
型号不明,53.0,SIGMA lenses Used,Sigma,Lenses,Used,98.32,USD,FIXED_PRICE,5,0,underpriced(med 369),JP,beecruise04,97.5,2026-08-09T20:53:38.000Z,,https://www.ebay.com/itm/318703651458?hash=item4a3437ca82:g:nHUAAeSwFJ1qeOkT,https://i.ebayimg.com/images/g/nHUAAeSwFJ1qeOkT/s-l225.jpg
型号不明,53.0,SONY Lens E16mm f2.8 SEL16F28 Used,Sony,Lenses,Used,98.32,USD,FIXED_PRICE,3,0,underpriced(med 449),JP,beecruise04,97.5,2026-08-09T16:40:48.000Z,,https://www.ebay.com/itm/318702885797?hash=item4a342c1ba5:g:Qc0AAeSwk71qeK3R,https://i.ebayimg.com/images/g/Qc0AAeSwk71qeK3R/s-l225.jpg
残件/按现状,53.0,Minolta Super A Rangefinder camera w/ Chiyoko Super Rokkor 5 cm f2 Untested,Minolta,Film Cameras,Used,99.99,USD,"FIXED_PRICE,BEST_OFFER",18,0,mount:minolta md;as-is,US,fliphard,99.9,2026-08-09T20:22:36.000Z,,https://www.ebay.com/itm/398267777265?hash=item5cba9c00f1:g:ZM8AAeSw9jhqeOE7,https://i.ebayimg.com/images/g/ZM8AAeSw9jhqeOE7/s-l225.jpg
型号不明,53.0,SIGMA/CANON 70-210 ZOOM-K2 Lens,Sigma,Lenses,Used,105.94,USD,FIXED_PRICE,8,0,underpriced(med 369),JP,benzaitenten_japan,100.0,2026-08-09T09:09:29.000Z,,https://www.ebay.com/itm/800481285864?hash=itemba606716e8:g:NgcAAeSw~uRqeESE,https://i.ebayimg.com/images/g/NgcAAeSw~uRqeESE/s-l225.jpg
型号不明,53.0,SIGMA lenses Used,Sigma,Lenses,Used,109.01,USD,FIXED_PRICE,5,0,underpriced(med 369),JP,beecruise04,97.5,2026-08-09T20:53:38.000Z,,https://www.ebay.com/itm/318703651464?hash=item4a3437ca88:g:-KYAAeSwtlZqeOkU,https://i.ebayimg.com/images/g/-KYAAeSwtlZqeOkU/s-l225.jpg
型号不明,53.0,SIGMA 18-50 1:3.5-5.6 DC Telephoto Zoom Lens For Canon,Sigma,Lenses,Used,116.58,USD,FIXED_PRICE,4,0,underpriced(med 369),JP,benzaitenten_japan,100.0,2026-08-09T09:54:53.000Z,,https://www.ebay.com/itm/800481406116?hash=itemba6068eca4:g:G0kAAeSwLxRqeE6s,https://i.ebayimg.com/images/g/G0kAAeSwLxRqeE6s/s-l225.jpg
型号不明,53.0,SIGMA Lens MACRO 50mmf2.8 EX DG Canon AF Used,Sigma,Lenses,Used,119.69,USD,FIXED_PRICE,6,0,underpriced(med 369),JP,beecruise04,97.5,2026-08-09T20:53:52.000Z,,https://www.ebay.com/itm/318703651782?hash=item4a3437cbc6:g:-~cAAeSwHiJqeOnI,https://i.ebayimg.com/images/g/-~cAAeSwHiJqeOnI/s-l225.jpg
打包杂件,53.0,"Canon FTb‑QL 35mm SLR Camera Bundle — FL 50mm f/1.8, FD 50mm f/3.5 S.S.C. Macro",Canon,Film Cameras,Used,130.0,USD,"FIXED_PRICE,BEST_OFFER",1,0,mount:canon fd,US,taconachopapi,100.0,2026-08-10T00:21:12.000Z,,https://www.ebay.com/itm/236996515067?hash=item372e17d4fb:g:U3gAAeSw4PZqeRh7,https://i.ebayimg.com/images/g/U3gAAeSw4PZqeRh7/s-l225.jpg
型号不明,53.0,Sony Lens MC Protector Set of 3 VF-77MPAM VF-72MPAM F-55MPAM Used,Sony,Lenses,Used,130.38,USD,FIXED_PRICE,3,0,underpriced(med 449),JP,beecruise04,97.5,2026-08-09T20:53:19.000Z,,https://www.ebay.com/itm/318703650858?hash=item4a3437c82a:g:fv0AAeSwgIBqeOmy,https://i.ebayimg.com/images/g/fv0AAeSwgIBqeOmy/s-l225.jpg
型号不明,53.0,Nikon Camera Zoom Lens,Nikon,Film Cameras,New,150.85,USD,"FIXED_PRICE,BEST_OFFER",5,0,,JP,hirom2-88,98.4,2026-08-09T14:32:56.000Z,,https://www.ebay.com/itm/398266865816?hash=item5cba8e1898:g:nZwAAeSwyShqeJDI,https://i.ebayimg.com/images/g/nZwAAeSwyShqeJDI/s-l225.jpg
型号不明,53.0,Fujifilm TCL-X100 II Tele Conversion Lens Silver,Fujifilm,Lenses,Used,200.0,USD,FIXED_PRICE,2,0,underpriced(med 450),US,badsheharri_0,100.0,2026-08-09T15:13:08.000Z,,https://www.ebay.com/itm/366595272431?hash=item555ac7eeef:g:d1EAAeSwk71qeJjv,https://i.ebayimg.com/images/g/d1EAAeSwk71qeJjv/s-l225.jpg
型号不明,53.0,"Leica 5cm f2 Summitar, engraved DAG CLA 865500",Leica,Lenses,Used,482.0,USD,FIXED_PRICE,6,0,underpriced(med 1366),US,camerawest,99.0,2026-08-09T13:37:36.000Z,,https://www.ebay.com/itm/287514578200?hash=item42f1344d18:g:0t0AAeSwa4FqeGES,https://i.ebayimg.com/images/g/0t0AAeSwa4FqeGES/s-l225.jpg
型号不明,52.0,Handycam Sony VCL-HA06 Wide Conversion Lens 0.6x I - Very Good condition!,Sony,Lenses,Used,25.81,USD,FIXED_PRICE,7,0,underpriced(med 449),CA,cadilacrob,99.8,2026-08-09T15:30:20.000Z,,https://www.ebay.com/itm/158170209539?hash=item24d3addd03:g:OCQAAeSwLKlqeJvu,https://i.ebayimg.com/images/g/OCQAAeSwLKlqeJvu/s-l225.jpg
型号不明,52.0,Used Sigma 28-80 MACRO Pentax K Mount Lens Auto Focus No Fungus No Haze,Sigma,Lenses,Used,89.88,USD,"FIXED_PRICE,BEST_OFFER",7,0,mount:pentax k;as-is;underpriced(med 369),CN,qwertyu_60,100.0,2026-08-09T10:13:23.000Z,,https://www.ebay.com/itm/398266262420?hash=item5cba84e394:g:6swAAeSwseNqeFK5,https://i.ebayimg.com/images/g/6swAAeSwseNqeFK5/s-l225.jpg
型号不明,52.0,Used Tamron Adaptall Nikon F Mount Lens Adapter Ring AI SLR,Tamron,Lenses,Used,89.88,USD,"FIXED_PRICE,BEST_OFFER",6,0,mount:nikon f;underpriced(med 217),CN,qwertyu_60,100.0,2026-08-09T08:55:08.000Z,,https://www.ebay.com/itm/398266037003?hash=item5cba81730b:g:ajkAAeSw6glqeD-l,https://i.ebayimg.com/images/g/ajkAAeSw6glqeD-l/s-l225.jpg
型号不明,52.0,RICOH Lens TC-1 Used,Ricoh,Lenses,Used,194.49,USD,FIXED_PRICE,5,0,grail:TC-1,JP,beecruise04,97.5,2026-08-09T06:38:29.000Z,,https://www.ebay.com/itm/318701024951?hash=item4a340fb6b7:g:Eb0AAeSwqylqeCFa,https://i.ebayimg.com/images/g/Eb0AAeSwqylqeCFa/s-l225.jpg
查无市价,52.0,PENTAX PENTAX MX body silver N11,Pentax,Film Cameras,Used,415.56,USD,"FIXED_PRICE,BEST_OFFER",9,0,grail:PENTAX MX,JP,mgaaoetom10rbmjc-1,99.1,2026-08-09T15:15:05.000Z,,https://www.ebay.com/itm/236995781719?hash=item372e0ca457:g:zGsAAeSwli9qeJp1,https://i.ebayimg.com/images/g/zGsAAeSwli9qeJp1/s-l225.jpg
型号不明,51.0,The Syncronized Leica,Leica,Film Cameras,Used,0.0,USD,"AUCTION,BEST_OFFER",1,0,auction,US,gordophoto,100.0,2026-08-09T23:45:39.000Z,2026-08-16T23:45:39.000Z,https://www.ebay.com/itm/128018354717?hash=item1dce7d121d:g:HgwAAeSwjkxp3paT,https://i.ebayimg.com/images/g/HgwAAeSwjkxp3paT/s-l225.jpg
型号不明,51.0,Nikon Nikkor-Q 135 f3.5 Bronica S S2,Nikon,Lenses,Usato,0.0,USD,AUCTION,7,0,grail:Bronica S;mount:nikon f;auction,IT,paolo7171,100.0,2026-08-09T08:33:52.000Z,2026-08-19T08:33:52.000Z,https://www.ebay.com/itm/198558236522?hash=item2e3afe3f6a:g:HVIAAOSwzmloWsqZ,https://i.ebayimg.com/images/g/HVIAAOSwzmloWsqZ/s-l225.jpg
残件/按现状,51.0,Sony Handycam CCD-F301 And AC Adaptor,Sony,Camcorders,For parts or not working,39.99,USD,"FIXED_PRICE,AUCTION",8,0,underpriced(med 165);auction,US,ryanmonsta,100.0,2026-08-10T01:09:43.000Z,2026-08-17T01:09:43.000Z,https://www.ebay.com/itm/278263851747?hash=item40c9d16ae3:g:LOAAAeSwK8Fn8rFl,https://i.ebayimg.com/images/g/LOAAAeSwK8Fn8rFl/s-l225.jpg
型号不明,51.0,CANON SLR DIGITAL CAMERA Used,Canon,Digital Cameras,Used,66.26,USD,FIXED_PRICE,8,0,underpriced(med 321),JP,beecruise04,97.5,2026-08-09T20:52:37.000Z,,https://www.ebay.com/itm/318703650032?hash=item4a3437c4f0:g:a2oAAeSwH-NqeOkS,https://i.ebayimg.com/images/g/a2oAAeSwH-NqeOkS/s-l225.jpg
残件/按现状,51.0,Konica Genba Kantoku Compact Film Camera READ Untested JAPAN #216,Konica,Film Cameras,Used,67.91,USD,FIXED_PRICE,3,1080,as-is;low-feedback,JP,vipress,72.7,2026-08-09T04:51:11.000Z,,https://www.ebay.com/itm/206476691387?hash=item3012f847bb:g:01cAAeSw1~NqeAc7,https://i.ebayimg.com/images/g/01cAAeSw1~NqeAc7/s-l225.jpg
残件/按现状,51.0,Olympus PEN EE-2 Half Frame Film Camera READ Untested JAPAN #229,Olympus,Film Cameras,Used,68.08,USD,FIXED_PRICE,5,0,as-is;low-feedback,JP,vipress,75.0,2026-08-09T04:59:42.000Z,,https://www.ebay.com/itm/206476700499?hash=item3012f86b53:g:BhkAAeSwHiJqeAk5,https://i.ebayimg.com/images/g/BhkAAeSwHiJqeAk5/s-l225.jpg
残件/按现状;型号不明,51.0,Olympus 35 RC Compact Film Camera READ Untested JAPAN #316,Olympus,Film Cameras,Used,87.65,USD,FIXED_PRICE,11,0,as-is;low-feedback,JP,vipress,75.0,2026-08-09T08:25:10.000Z,,https://www.ebay.com/itm/206477045790?hash=item3012fdb01e:g:tsAAAeSw~cFqeDlb,https://i.ebayimg.com/images/g/tsAAAeSw~cFqeDlb/s-l225.jpg
型号不明,51.0,[Top MINT] PENTAX 03 FISH-EYE Q Mount Ultra Wide Angle Fisheye Prime Lens JAPAN,Pentax,Lenses,Used,118.0,USD,FIXED_PRICE,23,0,good-cond,JP,shop-salii,98.5,2026-08-09T14:19:59.000Z,,https://www.ebay.com/itm/407131498865?hash=item5ecaeda971:g:ewYAAeSwMk1qeI1L,https://i.ebayimg.com/images/g/ewYAAeSwMk1qeI1L/s-l225.jpg
打包杂件,51.0,Pentax ZX-50 35mm SLR Film Camera lot,Pentax,Film Cameras,Used,125.0,USD,"FIXED_PRICE,AUCTION",5,0,auction,US,weste-8084,100.0,2026-08-10T02:32:29.000Z,2026-08-17T02:32:29.000Z,https://www.ebay.com/itm/236996641066?hash=item372e19c12a:g:D3QAAeSwgeJpi~iz,https://i.ebayimg.com/images/g/D3QAAeSwgeJpi~iz/s-l225.jpg
型号不明,51.0,Yashica FR I SLR Film Camera Auto Exposure From Japan,Yashica,Film Cameras,Used,141.99,USD,FIXED_PRICE,9,0,,JP,niigata-japan,99.3,2026-08-09T12:10:30.000Z,,https://www.ebay.com/itm/128017664417?hash=item1dce7289a1:g:ZkYAAeSwQOlqeG6z,https://i.ebayimg.com/images/g/ZkYAAeSwQOlqeG6z/s-l225.jpg
型号不明,51.0,Yashica D tlr parts,Yashica,Vintage Cameras,,150.0,USD,"FIXED_PRICE,AUCTION",5,0,auction,US,dragonfirelt,100.0,2026-08-09T18:24:11.000Z,2026-08-16T18:24:11.000Z,https://www.ebay.com/itm/298573007396?hash=item4584568a24:g:n7cAAeSwbodqSp0B,https://i.ebayimg.com/images/g/n7cAAeSwbodqSp0B/s-l225.jpg
型号不明,51.0,Canon EF Lens Auto Focus From Japan,Canon,Film Cameras,Used,164.99,USD,FIXED_PRICE,4,0,mount:canon ef,JP,niigata-japan,99.3,2026-08-09T12:10:29.000Z,,https://www.ebay.com/itm/117348612899?hash=item1b5285bb23:g:05wAAeSwCclqeG9n,https://i.ebayimg.com/images/g/05wAAeSwCclqeG9n/s-l225.jpg
型号不明,51.0,Nikon FE Film Camera Black Lens From Japan,Nikon,Film Cameras,Used,168.99,USD,FIXED_PRICE,14,0,mount:sony e,JP,niigata-japan,99.3,2026-08-09T12:10:30.000Z,,https://www.ebay.com/itm/128017664387?hash=item1dce728983:g:zKgAAeSwR01qeG6x,https://i.ebayimg.com/images/g/zKgAAeSwR01qeG6x/s-l225.jpg
型号不明,51.0,Nikon FE Camera Body Silver Excellent Condition From Japan,Nikon,Film Cameras,Used,171.99,USD,FIXED_PRICE,11,0,mount:sony e,JP,niigata-japan,99.3,2026-08-09T12:10:31.000Z,,https://www.ebay.com/itm/117348613068?hash=item1b5285bbcc:g:Ma0AAeSwO2lqeG7x,https://i.ebayimg.com/images/g/Ma0AAeSwO2lqeG7x/s-l225.jpg
型号不明,51.0,Nikon FE Silver Camera Body Excellent Condition From Japan,Nikon,Film Cameras,Used,172.99,USD,FIXED_PRICE,9,0,mount:sony e,JP,niigata-japan,99.3,2026-08-09T12:10:29.000Z,,https://www.ebay.com/itm/117348612915?hash=item1b5285bb33:g:aiEAAeSwtBlqeG51,https://i.ebayimg.com/images/g/aiEAAeSwtBlqeG51/s-l225.jpg
型号不明,51.0,Nikon FE Black Film Camera with New Light Seals From Japan,Nikon,Film Cameras,Used,183.99,USD,FIXED_PRICE,9,0,mount:sony e,JP,niigata-japan,99.3,2026-08-09T12:10:31.000Z,,https://www.ebay.com/itm/117348613045?hash=item1b5285bbb5:g:xuoAAeSwJvdqeG60,https://i.ebayimg.com/images/g/xuoAAeSwJvdqeG60/s-l225.jpg
型号不明,51.0,"Nikon FE Black Film SLR Camera, Auto Exposure, Lightweight From Japan",Nikon,Film Cameras,Used,197.99,USD,FIXED_PRICE,9,0,mount:sony e,JP,niigata-japan,99.3,2026-08-09T12:10:30.000Z,,https://www.ebay.com/itm/128017664377?hash=item1dce728979:g:1nsAAeSwVf1qeG9k,https://i.ebayimg.com/images/g/1nsAAeSwVf1qeG9k/s-l225.jpg
型号不明,51.0,Nikon FE Black Film Camera with Flaws,Nikon,Film Cameras,Used,204.99,USD,FIXED_PRICE,4,0,mount:sony e,JP,niigata-japan,99.3,2026-08-09T12:10:29.000Z,,https://www.ebay.com/itm/117348612901?hash=item1b5285bb25:g:01AAAeSwVNpqeG8q,https://i.ebayimg.com/images/g/01AAAeSwVNpqeG8q/s-l225.jpg
型号不明,51.0,Nikon F Film SLR Camera Body Fully Functional From Japan,Nikon,Film Cameras,Used,205.99,USD,FIXED_PRICE,7,0,mount:nikon f,JP,niigata-japan,99.3,2026-08-09T12:10:29.000Z,,https://www.ebay.com/itm/117348612895?hash=item1b5285bb1f:g:y6AAAeSwpoNqeG8n,https://i.ebayimg.com/images/g/y6AAAeSwpoNqeG8n/s-l225.jpg
型号不明,51.0,"Nikon FE Black Film SLR Camera, New Light Seals, Excellent Condition From Japan",Nikon,Film Cameras,Used,243.99,USD,FIXED_PRICE,9,0,mount:sony e,JP,niigata-japan,99.3,2026-08-09T12:10:31.000Z,,https://www.ebay.com/itm/128017664478?hash=item1dce7289de:g:2IAAAeSwR-FqeG9q,https://i.ebayimg.com/images/g/2IAAAeSwR-FqeG9q/s-l225.jpg
型号不明,51.0,[MINT+++ w Hood] NIKON NIKKOR-P Auto AI Converted105mm f/2.5 MF Lens From Japan,Nikon,Lenses,Used,249.99,USD,FIXED_PRICE,11,0,mount:nikon f;good-cond,JP,t.watanabe0811,100.0,2026-08-09T13:21:21.000Z,,https://www.ebay.com/itm/366595079943?hash=item555ac4ff07:g:BjkAAeSw6qlqeIBe,https://i.ebayimg.com/images/g/BjkAAeSw6qlqeIBe/s-l225.jpg
型号不明,51.0,[MINT in BOX] Canon Extender EF 1.4x III Teleconverter EF Mount from JAPAN,Canon,Lenses,Used,277.13,USD,FIXED_PRICE,11,0,mount:canon ef;good-cond,JP,yasuikem_0,99.8,2026-08-09T06:52:13.000Z,,https://www.ebay.com/itm/358903431219?hash=item53904fc033:g:Od8AAeSwgblqZHE6,https://i.ebayimg.com/images/g/Od8AAeSwgblqZHE6/s-l225.jpg
型号不明,51.0,Used Nikon FE Silver Film SLR Camera from Japan,Nikon,Film Cameras,Used,281.99,USD,FIXED_PRICE,9,0,mount:sony e,JP,niigata-japan,99.3,2026-08-09T12:19:38.000Z,,https://www.ebay.com/itm/117348624831?hash=item1b5285e9bf:g:axYAAeSw19lqeHFP,https://i.ebayimg.com/images/g/axYAAeSw19lqeHFP/s-l225.jpg
型号不明,51.0,Nikon FE Black Film SLR Camera Used From Japan,Nikon,Film Cameras,Used,290.99,USD,FIXED_PRICE,9,0,mount:sony e,JP,niigata-japan,99.3,2026-08-09T12:19:38.000Z,,https://www.ebay.com/itm/117348624832?hash=item1b5285e9c0:g:jGkAAeSwocpqeHFQ,https://i.ebayimg.com/images/g/jGkAAeSwocpqeHFQ/s-l225.jpg
型号不明,51.0,Insta360 ONE RS Action Camera - 1 inch Leica,Leica,Digital Cameras,Used,300.0,USD,"FIXED_PRICE,BEST_OFFER",4,0,underpriced(med 1546),US,foremi11,100.0,2026-08-09T21:18:37.000Z,,https://www.ebay.com/itm/327302461037?hash=item4c34bf366d:g:LwkAAeSwUcpqeO0-,https://i.ebayimg.com/images/g/LwkAAeSwUcpqeO0-/s-l225.jpg
型号不明,51.0,Canon Extender EF 2X III -EXC- 4030,Canon,Lenses,Used,333.63,USD,FIXED_PRICE,2,0,mount:canon ef;good-cond,JP,kitamura_camera,100.0,2026-08-09T15:27:38.000Z,,https://www.ebay.com/itm/358904773682?hash=item5390643c32:g:itkAAeSwbEhqeT8s,https://i.ebayimg.com/images/g/itkAAeSwbEhqeT8s/s-l225.jpg
打包杂件,51.0,Nikon F 35mm SLR with FTn Photomic Prism + Nikkor-S Auto 50mm f/1.4 Lens lot,Nikon,Film Cameras,Used,350.0,USD,"FIXED_PRICE,AUCTION",7,0,mount:nikon f;auction,US,rjk181,100.0,2026-08-10T00:25:16.000Z,2026-08-17T00:25:16.000Z,https://www.ebay.com/itm/178391320831?hash=item2988f388ff:g:H5QAAeSw8ChqeRoJ,https://i.ebayimg.com/images/g/H5QAAeSw8ChqeRoJ/s-l225.jpg
型号不明,51.0,"Rare ""C"" Black [TOP MINT] Nippon Kogaku Nikkor-P.C 8.5cm F2 Lens Contax JAPAN",Nikkor,Lenses,Used,399.99,USD,"FIXED_PRICE,BEST_OFFER",15,0,mount:nikon f;good-cond,JP,tomooka_49,100.0,2026-08-09T12:50:51.000Z,,https://www.ebay.com/itm/158169875351?hash=item24d3a8c397:g:bIEAAeSwgUlo8Fwf,https://i.ebayimg.com/images/g/bIEAAeSwgUlo8Fwf/s-l225.jpg
查无市价,51.0,[MINT] Nikon U Agnes b. Limited Edition 35mm SLR Camera AF Nikkor 28-80mm JAPAN,Nikon,Film Cameras,Used,449.99,USD,FIXED_PRICE,13,0,mount:nikon f;good-cond,JP,jumpei111,100.0,2026-08-09T23:11:56.000Z,,https://www.ebay.com/itm/147494086489?hash=item2257552759:g:kkUAAeSwVhJqeQno,https://i.ebayimg.com/images/g/kkUAAeSwVhJqeQno/s-l225.jpg
查无市价,51.0,"Voigtlander Bessa R Silver, Boxed 118202",Voigtlander,Film Cameras,Used,616.0,USD,FIXED_PRICE,7,0,good-cond,US,camerawest,99.0,2026-08-09T14:01:52.000Z,,https://www.ebay.com/itm/236995642469?hash=item372e0a8465:g:aRgAAeSwQOlqeIdF,https://i.ebayimg.com/images/g/aRgAAeSwQOlqeIdF/s-l225.jpg
查无市价,51.0,"Rare [Cla'd MINT w/Finder , NEX Adapter] Canon CT 28mm f/3.5 Contax RF Mount JP",Contax,Lenses,Used,1899.99,USD,FIXED_PRICE,11,0,mount:canon rf;good-cond,JP,hiroshima-camera,100.0,2026-08-09T14:24:16.000Z,,https://www.ebay.com/itm/800482242902?hash=itemba6075b156:g:HKQAAeSwNz9qeI5-,https://i.ebayimg.com/images/g/HKQAAeSwNz9qeI5-/s-l225.jpg
查无市价,51.0,[Near MINT] Nikon MS Camera Black Sync Nikkor S.C 5cm f/1.4 Lens Hood From JAPAN,Nikon,Film Cameras,Used,2298.0,USD,FIXED_PRICE,17,0,mount:nikon f;good-cond,JP,taabo93,100.0,2026-08-09T11:11:45.000Z,,https://www.ebay.com/itm/137601756548?hash=item2009b42d84:g:QiwAAeSw-zVqeGEv,https://i.ebayimg.com/images/g/QiwAAeSw-zVqeGEv/s-l225.jpg
查无市价,51.0,Leica CL With 18-56mm f/3.5-5.6 ASPH Boxed 5249809/9012926,Leica,Digital Cameras,Used,2670.0,USD,"FIXED_PRICE,BEST_OFFER",1,0,grail:Leica CL;good-cond,US,camerawestsf,100.0,2026-08-09T11:19:18.000Z,,https://www.ebay.com/itm/358904075826?hash=item5390599632:g:PEkAAeSw-MdqeF~O,https://i.ebayimg.com/images/g/PEkAAeSw-MdqeF~O/s-l225.jpg
打包杂件,50.0,Pentax ME Super 35mm SLR Film Camera w/ Asahi 1:7 49 mm Lens Bundle,Pentax,Film Cameras,Used,0.0,USD,"AUCTION,BEST_OFFER",7,0,grail:Pentax ME Super;auction;low-feedback,US,amueller1982,95.0,2026-08-09T21:17:13.000Z,2026-08-16T21:17:13.000Z,https://www.ebay.com/itm/307116801353?hash=item4781967d49:g:OjkAAeSw2OhqZnkC,https://i.ebayimg.com/images/g/OjkAAeSw2OhqZnkC/s-l225.jpg
残件/按现状,50.0,Canon PowerShot A95 Digital Camera 5.0 Mega Pixels - FOR PARTS!,Canon,Digital Cameras,For parts or not working,25.81,USD,FIXED_PRICE,9,0,as-is;underpriced(med 321),CA,cadilacrob,99.8,2026-08-09T14:15:33.000Z,,https://www.ebay.com/itm/158170046702?hash=item24d3ab60ee:g:lKYAAeSwg3Nqd4Es,https://i.ebayimg.com/images/g/lKYAAeSwg3Nqd4Es/s-l225.jpg
残件/按现状,50.0,Canon PowerShot D30 12.1MP Waterproof Digital Camera Blue NOT WORKING FOR PARTS,Canon,Digital Cameras,For parts or not working,35.83,USD,FIXED_PRICE,7,0,as-is;underpriced(med 321),CA,bigbearcomics,100.0,2026-08-09T22:53:51.000Z,,https://www.ebay.com/itm/236996429225?hash=item372e1685a9:g:-EMAAeSwYtBqeQMj,https://i.ebayimg.com/images/g/-EMAAeSwYtBqeQMj/s-l225.jpg
残件/按现状,50.0,Vintage Minolta Super 8 Autopak-8 D6 Movie Camera + Case & Lens Cap (Untested),Minolta,Vintage Cameras,For parts or not working,40.99,USD,"FIXED_PRICE,BEST_OFFER",18,0,as-is,AU,hydrangealaneco,100.0,2026-08-10T10:20:42.000Z,,https://www.ebay.com/itm/117349933068?hash=item1b5299e00c:g:cjcAAeSwtGBqeaUs,https://i.ebayimg.com/images/g/cjcAAeSwtGBqeaUs/s-l225.jpg
残件/按现状,50.0,Canon PowerShot A2100 IS Digital Camera Spares Repair Battery Door Fault,Canon,Digital Cameras,For parts or not working,44.48,USD,"FIXED_PRICE,BEST_OFFER",11,0,underpriced(med 321),GB,emilijae-91,99.5,2026-08-09T16:30:24.000Z,,https://www.ebay.com/itm/188767155495?hash=item2bf3663527:g:2XEAAeSweu9qeKl4,https://i.ebayimg.com/images/g/2XEAAeSweu9qeKl4/s-l225.jpg
残件/按现状,50.0,Canon PowerShot A3100 IS 12.1MP Digital Camera - Silver,Canon,Digital Cameras,For parts or not working,46.63,USD,"FIXED_PRICE,BEST_OFFER",5,0,underpriced(med 321),CA,e_and06,99.2,2026-08-09T19:31:43.000Z,,https://www.ebay.com/itm/278263183808?hash=item40c9c739c0:g:W84AAeSwWXtqeNUS,https://i.ebayimg.com/images/g/W84AAeSwWXtqeNUS/s-l225.jpg
残件/按现状,50.0,Canon Powershot A620 7.1MP 4X Zoom For Parts With Box READ,Canon,Digital Cameras,For parts or not working,50.22,USD,"FIXED_PRICE,BEST_OFFER",7,0,as-is;underpriced(med 321),CA,treasurequestca,100.0,2026-08-09T22:52:57.000Z,,https://www.ebay.com/itm/206478547560?hash=item3013149a68:g:DX4AAeSwZQpp9BvY,https://i.ebayimg.com/images/g/DX4AAeSwZQpp9BvY/s-l225.jpg
残件/按现状,50.0,Nikon D70 6MP Digital Camera W/ AF Nikkor 28-100mm Lens - No Charger - Untested,Nikon,Digital Cameras,For parts or not working,94.42,USD,"FIXED_PRICE,BEST_OFFER",6,0,mount:nikon f;as-is;underpriced(med 235),GB,dealzonwearz,99.6,2026-08-09T12:29:07.000Z,,https://www.ebay.com/itm/147493084576?hash=item225745dda0:g:1TMAAeSw11Nozw8Y,https://i.ebayimg.com/images/g/1TMAAeSw11Nozw8Y/s-l225.jpg
残件/按现状,50.0,Vintage Asahi Pentax SV 35mm SLR Camera Super-Takumar 55mm f/1.8 Lens & Meter,Asahi,Film Cameras,For parts or not working,99.99,USD,FIXED_PRICE,13,0,55mm,US,1823bryoy,99.9,2026-08-09T12:23:53.000Z,,https://www.ebay.com/itm/128017676960?hash=item1dce72baa0:g:mGEAAeSw7d5qKD1X,https://i.ebayimg.com/images/g/mGEAAeSw7d5qKD1X/s-l225.jpg
残件/按现状,50.0,FED 1 Type F With Fed 50mm f3.5 35mm Rangefinder Camera Leica M39 Mount AS-IS,Fed,Film Cameras,Usato,114.43,USD,FIXED_PRICE,6,0,mount:ltm/l39;as-is,IT,sandap,100.0,2026-08-09T19:31:04.000Z,,https://www.ebay.com/itm/158170739552?hash=item24d3b5f360:g:foIAAeSwEChqT-l2,https://i.ebayimg.com/images/g/foIAAeSwEChqT-l2/s-l225.jpg
型号不明,50.0,"SET OF 7 LENS MOUNT ADAPTERS (SONY E-MOUNT, CANON EF, NIKON, B4 LENS)",Sony,Lenses,D'occasion,179.35,USD,"FIXED_PRICE,AUCTION",4,0,mount:canon ef;underpriced(med 449);auction,CA,jjose0103,100.0,2026-08-09T17:47:18.000Z,2026-08-16T17:47:18.000Z,https://www.ebay.com/itm/287514993351?hash=item42f13aa2c7:g:om8AAeSwRo9qZUW0,https://i.ebayimg.com/images/g/om8AAeSwRo9qZUW0/s-l225.jpg
型号不明,49.0,VINTAGE MIRANDA 5cm F1.9 CAMERA LENS,Miranda,Vintage Lenses,,30.0,USD,FIXED_PRICE,11,0,,US,jaxdealsplus,99.9,2026-08-09T18:55:47.000Z,,https://www.ebay.com/itm/327302349167?hash=item4c34bd816f:g:SFcAAeSwsJVqeMz5,https://i.ebayimg.com/images/g/SFcAAeSwsJVqeMz5/s-l225.jpg
打包杂件,49.0,Bundle Tokina RMC 24mm f2.8 Wide Angle Lens Nikon AI Mount Nikon HS-9 Hood Japan,Tokina,Lenses,Used,61.0,USD,"FIXED_PRICE,BEST_OFFER",7,0,underpriced(med 149),US,newstoryclothingco,100.0,2026-08-09T17:25:31.000Z,,https://www.ebay.com/itm/178390240198?hash=item2988e30bc6:g:~YoAAeSw2RBqeLgL,https://i.ebayimg.com/images/g/~YoAAeSw2RBqeLgL/s-l225.jpg
残件/按现状,49.0,Sony E F4.5-6.3 55-210mm Lens for Sony E-Mount *READ LISTING/FUNCTIONING FULLY*,Sony,Lenses,For parts or not working,64.98,USD,"FIXED_PRICE,BEST_OFFER",3,0,underpriced(med 449),US,janmartexpress,100.0,2026-08-09T13:26:11.000Z,,https://www.ebay.com/itm/206477546571?hash=item301305544b:g:BxkAAeSw8fdqeH7a,https://i.ebayimg.com/images/g/BxkAAeSw8fdqeH7a/s-l225.jpg
型号不明,49.0,MINOLTA lens AF75-300 4.5-5.6 Used,Minolta,Lenses,Used,66.26,USD,FIXED_PRICE,5,0,,JP,beecruise04,97.5,2026-08-09T20:53:23.000Z,,https://www.ebay.com/itm/318703651065?hash=item4a3437c8f9:g:gL0AAeSw3xtqeOkJ,https://i.ebayimg.com/images/g/gL0AAeSw3xtqeOkJ/s-l225.jpg
型号不明,49.0,MINOLTA lens AF75-300 Used,Minolta,Lenses,Used,66.26,USD,FIXED_PRICE,4,0,,JP,beecruise04,97.5,2026-08-09T20:53:03.000Z,,https://www.ebay.com/itm/318703650439?hash=item4a3437c687:g:eq0AAeSwBJRqeOkp,https://i.ebayimg.com/images/g/eq0AAeSwBJRqeOkp/s-l225.jpg
型号不明,49.0,Konica Minolta lens MINOLTA◆ AF Zoom 28-80mmF3.5-5.6D silver Used,Konica,Lenses,Used,66.26,USD,FIXED_PRICE,8,0,,JP,beecruise04,97.5,2026-08-09T20:52:22.000Z,,https://www.ebay.com/itm/318703649842?hash=item4a3437c432:g:9ZsAAeSwFU5qeOjG,https://i.ebayimg.com/images/g/9ZsAAeSwFU5qeOjG/s-l225.jpg
型号不明,49.0,Lensbaby Composer Selective Focus Tilting Lens Sony Alpha A-Mount,Sony,Lenses,Used,69.99,USD,FIXED_PRICE,4,0,underpriced(med 449),US,goodwillsocalshop,99.7,2026-08-09T13:37:34.000Z,,https://www.ebay.com/itm/267751877924?hash=item3e57416d24:g:eTYAAeSwzGVqb0iC,https://i.ebayimg.com/images/g/eTYAAeSwzGVqb0iC/s-l225.jpg
型号不明,49.0,PENTAX lens 2X-S Used,Pentax,Lenses,Used,87.64,USD,FIXED_PRICE,5,0,,JP,beecruise04,97.5,2026-08-09T20:52:54.000Z,,https://www.ebay.com/itm/318703650293?hash=item4a3437c5f5:g:XpAAAeSwqvlqeOlh,https://i.ebayimg.com/images/g/XpAAAeSwqvlqeOlh/s-l225.jpg
型号不明,49.0,PENTAX lens Used,Pentax,Lenses,Used,87.64,USD,FIXED_PRICE,5,0,,JP,beecruise04,97.5,2026-08-09T20:52:20.000Z,,https://www.ebay.com/itm/318703649797?hash=item4a3437c405:g:fMIAAeSweu9qeOk-,https://i.ebayimg.com/images/g/fMIAAeSweu9qeOk-/s-l225.jpg
型号不明,49.0,PENTAX lens Used,Pentax,Lenses,Used,98.32,USD,FIXED_PRICE,4,0,,JP,beecruise04,97.5,2026-08-09T20:53:38.000Z,,https://www.ebay.com/itm/318703651462?hash=item4a3437ca86:g:e4gAAeSwU4ZqeOoD,https://i.ebayimg.com/images/g/e4gAAeSwU4ZqeOoD/s-l225.jpg
型号不明,49.0,OLYMPUS LENS EZ-1442 Used,Olympus,Lenses,Used,109.01,USD,FIXED_PRICE,6,0,,JP,beecruise04,97.5,2026-08-09T20:53:38.000Z,,https://www.ebay.com/itm/318703651454?hash=item4a3437ca7e:g:iUcAAeSwd3dqeOlO,https://i.ebayimg.com/images/g/iUcAAeSwd3dqeOlO/s-l225.jpg
型号不明,49.0,Lensbaby Lens COMPOSER Nikon Used,Nikon,Lenses,Used,130.38,USD,FIXED_PRICE,3,0,,JP,beecruise04,97.5,2026-08-09T20:52:20.000Z,,https://www.ebay.com/itm/318703649802?hash=item4a3437c40a:g:8BQAAeSwWXtqeOnm,https://i.ebayimg.com/images/g/8BQAAeSwWXtqeOnm/s-l225.jpg
型号不明,49.0,CANON EF50MM F1.8 II Standard/Medium Telephoto Single Focus Lens,Canon,Lenses,Used,137.84,USD,FIXED_PRICE,9,0,,JP,benzaitenten_japan,100.0,2026-08-09T08:19:31.000Z,,https://www.ebay.com/itm/800481164991?hash=itemba60653ebf:g:MVkAAeSwn1JqeDlH,https://i.ebayimg.com/images/g/MVkAAeSwn1JqeDlH/s-l225.jpg
型号不明,49.0,CANON LENS EF50mm F1.8 II Used,Canon,Lenses,Used,141.06,USD,FIXED_PRICE,4,0,,JP,beecruise04,97.5,2026-08-09T20:53:28.000Z,,https://www.ebay.com/itm/318703651235?hash=item4a3437c9a3:g:SnsAAeSwlC5qeOmA,https://i.ebayimg.com/images/g/SnsAAeSwlC5qeOmA/s-l225.jpg
型号不明,49.0,Canon EF50mm 1:1.8 II Wide-Angle Prime Lens,Canon,Lenses,Used,148.48,USD,FIXED_PRICE,6,0,,JP,benzaitenten_japan,100.0,2026-08-09T08:23:58.000Z,,https://www.ebay.com/itm/800481180851?hash=itemba60657cb3:g:LqsAAeSw6qlqeDmf,https://i.ebayimg.com/images/g/LqsAAeSw6qlqeDmf/s-l225.jpg
型号不明,49.0,CANON EFS18-55 3.5-5.6 IS STM AF Zoom Lens,Canon,Lenses,Used,148.48,USD,FIXED_PRICE,5,0,,JP,benzaitenten_japan,100.0,2026-08-09T08:17:27.000Z,,https://www.ebay.com/itm/800481158927?hash=itemba6065270f:g:7IEAAeSw~wRqeDgV,https://i.ebayimg.com/images/g/7IEAAeSw~wRqeDgV/s-l225.jpg
型号不明,49.0,CANON PZ-E1 Mount Adapter,Canon,Lenses,Used,148.48,USD,FIXED_PRICE,3,0,,JP,benzaitenten_japan,100.0,2026-08-09T07:52:49.000Z,,https://www.ebay.com/itm/800481092307?hash=itemba606422d3:g:D44AAeSw7OJqeDKI,https://i.ebayimg.com/images/g/D44AAeSw7OJqeDKI/s-l225.jpg
打包杂件,49.0,"MiscellaneousVintage Camera Lot- Includes Olympus Wide conv.,Five Star 75+200mm",Olympus,Lenses,Used,150.0,USD,"FIXED_PRICE,AUCTION",15,0,auction,US,daijoh_4,100.0,2026-08-09T15:52:53.000Z,2026-08-16T15:52:53.000Z,https://www.ebay.com/itm/358904854711?hash=item53906578b7:g:ghAAAeSwY89qZitW,https://i.ebayimg.com/images/g/ghAAAeSwY89qZitW/s-l225.jpg
型号不明,49.0,CANON Lens EF50mm F1.8 STM EF-mount System Used,Canon,Lenses,Used,151.75,USD,FIXED_PRICE,4,0,mount:canon ef,JP,beecruise04,97.5,2026-08-09T20:53:23.000Z,,https://www.ebay.com/itm/318703651055?hash=item4a3437c8ef:g:mkgAAeSwDRtqeOl9,https://i.ebayimg.com/images/g/mkgAAeSwDRtqeOl9/s-l225.jpg
型号不明,49.0,CANON EF-S 55-250 F4-5.6 IS Lens,Canon,Lenses,Used,159.12,USD,FIXED_PRICE,3,0,mount:canon ef,JP,benzaitenten_japan,100.0,2026-08-09T09:35:58.000Z,,https://www.ebay.com/itm/800481359294?hash=itemba606835be:g:8UwAAeSwYVRqeEq1,https://i.ebayimg.com/images/g/8UwAAeSwYVRqeEq1/s-l225.jpg
型号不明,49.0,CANON EF-S 18-55 1:3.5-5.6 IS STM Lens,Canon,Lenses,Used,159.12,USD,FIXED_PRICE,3,0,mount:canon ef,JP,benzaitenten_japan,100.0,2026-08-09T09:34:21.000Z,,https://www.ebay.com/itm/800481357451?hash=itemba60682e8b:g:7XkAAeSwWQxqeEqT,https://i.ebayimg.com/images/g/7XkAAeSwWQxqeEqT/s-l225.jpg
型号不明,49.0,CANON EF 50 F1.8II Lens,Canon,Lenses,Used,159.12,USD,FIXED_PRICE,3,0,mount:canon ef,JP,benzaitenten_japan,100.0,2026-08-09T09:19:29.000Z,,https://www.ebay.com/itm/800481321352?hash=itemba6067a188:g:rLkAAeSweEtqeEba,https://i.ebayimg.com/images/g/rLkAAeSweEtqeEba/s-l225.jpg
型号不明,49.0,CANON EF 50 1:2.5 Lens,Canon,Lenses,Used,159.12,USD,FIXED_PRICE,7,0,mount:canon ef,JP,benzaitenten_japan,100.0,2026-08-09T09:15:47.000Z,,https://www.ebay.com/itm/800481316298?hash=itemba60678dca:g:NQMAAeSwB7tqeEZw,https://i.ebayimg.com/images/g/NQMAAeSwB7tqeEZw/s-l225.jpg
型号不明,49.0,CANON EF-M18-55 1:3.5-5.6 IS STM Lens,Canon,Lenses,Used,159.12,USD,FIXED_PRICE,3,0,mount:canon ef,JP,benzaitenten_japan,100.0,2026-08-09T09:07:07.000Z,,https://www.ebay.com/itm/800481279619?hash=itemba6066fe83:g:cHkAAeSwbjtqeERo,https://i.ebayimg.com/images/g/cHkAAeSwbjtqeERo/s-l225.jpg
型号不明,49.0,CANON EF-S55-250 F4-5.6 IS Lens,Canon,Lenses,Used,159.12,USD,FIXED_PRICE,4,0,mount:canon ef,JP,benzaitenten_japan,100.0,2026-08-09T09:06:23.000Z,,https://www.ebay.com/itm/800481278065?hash=itemba6066f871:g:ckQAAeSwwyJqeERD,https://i.ebayimg.com/images/g/ckQAAeSwwyJqeERD/s-l225.jpg
型号不明,49.0,CANON EF-S 55-250 1:4-5.6 Camera Lens,Canon,Lenses,Used,159.12,USD,FIXED_PRICE,5,0,mount:canon ef,JP,benzaitenten_japan,100.0,2026-08-09T08:54:58.000Z,,https://www.ebay.com/itm/800481255748?hash=itemba6066a144:g:lyIAAeSwCN1qeEDd,https://i.ebayimg.com/images/g/lyIAAeSwCN1qeEDd/s-l225.jpg
型号不明,49.0,Canon EF-M 18-55 1:3.5-5.6 IS STM Telephoto Zoom Lens,Canon,Lenses,Used,159.12,USD,FIXED_PRICE,3,0,mount:canon ef,JP,benzaitenten_japan,100.0,2026-08-09T08:40:41.000Z,,https://www.ebay.com/itm/800481223817?hash=itemba60662489:g:Lf0AAeSwSG9qeD2C,https://i.ebayimg.com/images/g/Lf0AAeSwSG9qeD2C/s-l225.jpg
型号不明,49.0,CANON EF 50 F1.8 II Camera Lens,Canon,Lenses,Used,159.12,USD,FIXED_PRICE,5,0,mount:canon ef,JP,benzaitenten_japan,100.0,2026-08-09T08:34:58.000Z,,https://www.ebay.com/itm/800481211269?hash=itemba6065f385:g:Zj8AAeSw3C1qeDyr,https://i.ebayimg.com/images/g/Zj8AAeSw3C1qeDyr/s-l225.jpg
型号不明,49.0,CANON EF 50 1:1.8 II Wide-Angle Prime Lens For Canon Cameras,Canon,Lenses,Used,159.12,USD,FIXED_PRICE,6,0,mount:canon ef,JP,benzaitenten_japan,100.0,2026-08-09T08:13:42.000Z,,https://www.ebay.com/itm/800481145901?hash=itemba6064f42d:g:N3oAAeSwazxqeDel,https://i.ebayimg.com/images/g/N3oAAeSwazxqeDel/s-l225.jpg
型号不明,49.0,CANON MOUNT ADAPUTER EF-EOS M Mount Adapter,Canon,Lenses,Used,159.12,USD,FIXED_PRICE,3,0,mount:leica m,JP,benzaitenten_japan,100.0,2026-08-09T08:04:17.000Z,,https://www.ebay.com/itm/800481106691?hash=itemba60645b03:g:97IAAeSwX0ZqeDU7,https://i.ebayimg.com/images/g/97IAAeSwX0ZqeDU7/s-l225.jpg
型号不明,49.0,CANON EF-S 55-250 4-5.6 IS Lens,Canon,Lenses,Used,167.63,USD,FIXED_PRICE,9,0,mount:canon ef,JP,benzaitenten_japan,100.0,2026-08-09T09:25:34.000Z,,https://www.ebay.com/itm/800481338300?hash=itemba6067e3bc:g:0cUAAeSwThVqeEiD,https://i.ebayimg.com/images/g/0cUAAeSwThVqeEiD/s-l225.jpg
型号不明,49.0,Canon Zoom LENS EF 90-300㎜ 4-5.6 593854,Canon,Lenses,Used,169.73,USD,FIXED_PRICE,8,0,mount:canon ef,JP,digree_japan,99.7,2026-08-09T09:26:42.000Z,,https://www.ebay.com/itm/307115693905?hash=item4781859751:g:Ug0AAeSwdh5qeWU0,https://i.ebayimg.com/images/g/Ug0AAeSwdh5qeWU0/s-l225.jpg
型号不明,49.0,CANON EF-S 55-250 F4-5.6 IS Ⅱ CANON AF,Canon,Lenses,Used,169.75,USD,FIXED_PRICE,4,0,mount:canon ef,JP,benzaitenten_japan,100.0,2026-08-09T09:59:39.000Z,,https://www.ebay.com/itm/800481427313?hash=itemba60693f71:g:4lMAAeSwlShqeE~L,https://i.ebayimg.com/images/g/4lMAAeSwlShqeE~L/s-l225.jpg
型号不明,49.0,CANON EF-S 55-250MM4-5.6IS CANON Lens,Canon,Lenses,Used,169.75,USD,FIXED_PRICE,7,0,mount:canon ef,JP,benzaitenten_japan,100.0,2026-08-09T09:58:21.000Z,,https://www.ebay.com/itm/800481423466?hash=itemba6069306a:g:1TIAAeSwoUJqeE-4,https://i.ebayimg.com/images/g/1TIAAeSwoUJqeE-4/s-l225.jpg
型号不明,49.0,CANON EF-S55-250 F4-5.6 IS EF Lens,Canon,Lenses,Used,169.75,USD,FIXED_PRICE,4,0,mount:canon ef,JP,benzaitenten_japan,100.0,2026-08-09T09:56:59.000Z,,https://www.ebay.com/itm/800481421093?hash=itemba60692725:g:kzwAAeSwEe9qeE8r,https://i.ebayimg.com/images/g/kzwAAeSwEe9qeE8r/s-l225.jpg
型号不明,49.0,CANON EXTENDER EF 1.4X Extender / EXTENDER EF 1.4X,Canon,Lenses,Used,169.75,USD,FIXED_PRICE,4,0,mount:canon ef,JP,benzaitenten_japan,100.0,2026-08-09T09:45:46.000Z,,https://www.ebay.com/itm/800481381926?hash=itemba60688e26:g:i7gAAeSwHiJqeE0C,https://i.ebayimg.com/images/g/i7gAAeSwHiJqeE0C/s-l225.jpg
型号不明,49.0,CANON EF-S 55-250 F4-5.6IS II Lens,Canon,Lenses,Used,169.75,USD,FIXED_PRICE,3,0,mount:canon ef,JP,benzaitenten_japan,100.0,2026-08-09T09:42:17.000Z,,https://www.ebay.com/itm/800481373984?hash=itemba60686f20:g:ubcAAeSwSKxqeEyr,https://i.ebayimg.com/images/g/ubcAAeSwSKxqeEyr/s-l225.jpg
型号不明,49.0,CANON EF 20-35 3.5-4.5 Lens,Canon,Lenses,Used,169.75,USD,FIXED_PRICE,8,0,mount:canon ef,JP,benzaitenten_japan,100.0,2026-08-09T09:40:16.000Z,,https://www.ebay.com/itm/800481370561?hash=itemba606861c1:g:pvwAAeSwsJVqeEt8,https://i.ebayimg.com/images/g/pvwAAeSwsJVqeEt8/s-l225.jpg
型号不明,49.0,CANON EF-S 18-55 1:4-5.6 IS STM Lens,Canon,Lenses,Used,169.75,USD,FIXED_PRICE,2,0,mount:canon ef,JP,benzaitenten_japan,100.0,2026-08-09T09:29:49.000Z,,https://www.ebay.com/itm/800481347914?hash=itemba6068094a:g:WvoAAeSwPoZqeEjP,https://i.ebayimg.com/images/g/WvoAAeSwPoZqeEjP/s-l225.jpg
型号不明,49.0,CANON EF-S 18-55 F3.5-5.6 IS STM Lens,Canon,Lenses,Used,169.75,USD,FIXED_PRICE,3,0,mount:canon ef,JP,benzaitenten_japan,100.0,2026-08-09T09:25:14.000Z,,https://www.ebay.com/itm/800481337261?hash=itemba6067dfad:g:y88AAeSwrJFqeEe9,https://i.ebayimg.com/images/g/y88AAeSwrJFqeEe9/s-l225.jpg
型号不明,49.0,CANON EF 28 1:2.8 Lens,Canon,Lenses,Used,169.75,USD,FIXED_PRICE,7,0,mount:canon ef,JP,benzaitenten_japan,100.0,2026-08-09T09:19:11.000Z,,https://www.ebay.com/itm/800481321037?hash=itemba6067a04d:g:iFYAAeSw~8JqeEcD,https://i.ebayimg.com/images/g/iFYAAeSw~8JqeEcD/s-l225.jpg
型号不明,49.0,CANON EF LENS 50 1:1:8STM Lens,Canon,Lenses,Used,169.75,USD,FIXED_PRICE,4,0,mount:canon ef,JP,benzaitenten_japan,100.0,2026-08-09T09:13:44.000Z,,https://www.ebay.com/itm/800481305862?hash=itemba60676506:g:OggAAeSwCclqeEW6,https://i.ebayimg.com/images/g/OggAAeSwCclqeEW6/s-l225.jpg
型号不明,49.0,CANON EF-S 55-250 F4-5.6 IS II Lens,Canon,Lenses,Used,169.75,USD,FIXED_PRICE,8,0,mount:canon ef,JP,benzaitenten_japan,100.0,2026-08-09T09:10:57.000Z,,https://www.ebay.com/itm/800481290753?hash=itemba60672a01:g:aFgAAeSwIVVqeESd,https://i.ebayimg.com/images/g/aFgAAeSwIVVqeESd/s-l225.jpg
型号不明,49.0,CANON EF-S 55-250 F4-5.6 IS Lens,Canon,Lenses,Used,169.75,USD,FIXED_PRICE,3,0,mount:canon ef,JP,benzaitenten_japan,100.0,2026-08-09T09:07:59.000Z,,https://www.ebay.com/itm/800481280556?hash=itemba6067022c:g:B3wAAeSwWKNqeESf,https://i.ebayimg.com/images/g/B3wAAeSwWKNqeESf/s-l225.jpg
型号不明,49.0,CANON EF-S 55-250 F4-5.6 Telephoto Lens,Canon,Lenses,Used,169.75,USD,FIXED_PRICE,7,0,mount:canon ef,JP,benzaitenten_japan,100.0,2026-08-09T09:04:49.000Z,,https://www.ebay.com/itm/800481271109?hash=itemba6066dd45:g:ockAAeSw9~xqeEMu,https://i.ebayimg.com/images/g/ockAAeSw9~xqeEMu/s-l225.jpg
型号不明,49.0,CANON EF-S 17-85 IS USM AF Lens,Canon,Lenses,Used,169.75,USD,FIXED_PRICE,4,0,mount:canon ef,JP,benzaitenten_japan,100.0,2026-08-09T09:03:16.000Z,,https://www.ebay.com/itm/800481267568?hash=itemba6066cf70:g:DxgAAeSwBXxqeELU,https://i.ebayimg.com/images/g/DxgAAeSwBXxqeELU/s-l225.jpg
型号不明,49.0,CANON EF-M22MM1:2STM Replacement Lens,Canon,Lenses,Used,169.75,USD,FIXED_PRICE,10,0,mount:canon ef,JP,benzaitenten_japan,100.0,2026-08-09T08:59:52.000Z,,https://www.ebay.com/itm/800481262933?hash=itemba6066bd55:g:gVoAAeSw64ZqeEKC,https://i.ebayimg.com/images/g/gVoAAeSw64ZqeEKC/s-l225.jpg
型号不明,49.0,CANON EF-M 15-45 F3.5-6.3 IS STM Camera Lens,Canon,Lenses,Used,169.75,USD,FIXED_PRICE,2,0,mount:canon ef,JP,benzaitenten_japan,100.0,2026-08-09T08:59:03.000Z,,https://www.ebay.com/itm/800481262220?hash=itemba6066ba8c:g:kUgAAeSwa4FqeEIO,https://i.ebayimg.com/images/g/kUgAAeSwa4FqeEIO/s-l225.jpg
型号不明,49.0,CANON EF-S 55-250 1:4-5.6 IS II Zoom Lens,Canon,Lenses,Used,169.75,USD,FIXED_PRICE,3,0,mount:canon ef,JP,benzaitenten_japan,100.0,2026-08-09T08:58:12.000Z,,https://www.ebay.com/itm/800481259146?hash=itemba6066ae8a:g:hWYAAeSwaRZqeEHb,https://i.ebayimg.com/images/g/hWYAAeSwaRZqeEHb/s-l225.jpg
型号不明,49.0,CANON EF-M 15-45 F3.5-6.3 IS STM Telephoto Lens,Canon,Lenses,Used,169.75,USD,FIXED_PRICE,3,0,mount:canon ef,JP,benzaitenten_japan,100.0,2026-08-09T08:58:00.000Z,,https://www.ebay.com/itm/800481258958?hash=itemba6066adce:g:oZgAAeSwxxdqeEHR,https://i.ebayimg.com/images/g/oZgAAeSwxxdqeEHR/s-l225.jpg
型号不明,49.0,CANON EF-S 55-250 4-5.6 II Camera Lens,Canon,Lenses,Used,169.75,USD,FIXED_PRICE,6,0,mount:canon ef,JP,benzaitenten_japan,100.0,2026-08-09T08:57:09.000Z,,https://www.ebay.com/itm/800481258099?hash=itemba6066aa73:g:bkcAAeSwX0ZqeEFh,https://i.ebayimg.com/images/g/bkcAAeSwX0ZqeEFh/s-l225.jpg
型号不明,49.0,CANON EF 50 1:2.5 Prime Lens,Canon,Lenses,Used,169.75,USD,FIXED_PRICE,5,0,mount:canon ef,JP,benzaitenten_japan,100.0,2026-08-09T08:56:29.000Z,,https://www.ebay.com/itm/800481257517?hash=itemba6066a82d:g:hBAAAeSwaRZqeEGw,https://i.ebayimg.com/images/g/hBAAAeSwaRZqeEGw/s-l225.jpg
型号不明,49.0,CANON EF-S 55-250 1:4-5.6 15 Zoom Lens,Canon,Lenses,Used,169.75,USD,FIXED_PRICE,4,0,mount:canon ef,JP,benzaitenten_japan,100.0,2026-08-09T08:43:18.000Z,,https://www.ebay.com/itm/800481227429?hash=itemba606632a5:g:OYcAAeSwm6tqeD3p,https://i.ebayimg.com/images/g/OYcAAeSwm6tqeD3p/s-l225.jpg
型号不明,49.0,Canon EF-S 18-55 3.5-5.6 IS STM Standard Zoom Lens,Canon,Lenses,Used,169.75,USD,FIXED_PRICE,6,0,mount:canon ef,JP,benzaitenten_japan,100.0,2026-08-09T08:35:35.000Z,,https://www.ebay.com/itm/800481211790?hash=itemba6065f58e:g:Z3QAAeSw9~xqeD0H,https://i.ebayimg.com/images/g/Z3QAAeSw9~xqeD0H/s-l225.jpg
型号不明,49.0,CANON CANON LENS EF 50 1:1.8 II Camera Lens,Canon,Lenses,Used,169.75,USD,FIXED_PRICE,4,0,mount:canon ef,JP,benzaitenten_japan,100.0,2026-08-09T08:31:35.000Z,,https://www.ebay.com/itm/800481205616?hash=itemba6065dd70:g:VG4AAeSwPZVqeDwc,https://i.ebayimg.com/images/g/VG4AAeSwPZVqeDwc/s-l225.jpg
型号不明,49.0,CANON EFS 55-250 4-5.6 IS Telephoto Zoom Lens,Canon,Lenses,Used,169.75,USD,FIXED_PRICE,6,0,mount:canon ef,JP,benzaitenten_japan,100.0,2026-08-09T08:30:18.000Z,,https://www.ebay.com/itm/800481202088?hash=itemba6065cfa8:g:PZ8AAeSw64ZqeDsW,https://i.ebayimg.com/images/g/PZ8AAeSw64ZqeDsW/s-l225.jpg
型号不明,49.0,Canon EF-M 18-55 3-5.6 IS Standard Zoom Lens,Canon,Lenses,Used,169.75,USD,FIXED_PRICE,2,0,mount:canon ef,JP,benzaitenten_japan,100.0,2026-08-09T08:30:04.000Z,,https://www.ebay.com/itm/800481201641?hash=itemba6065cde9:g:S-QAAeSwjSBqeDsP,https://i.ebayimg.com/images/g/S-QAAeSwjSBqeDsP/s-l225.jpg
型号不明,49.0,CANON EFS 55-250 1:4-5.6 IS Standard Zoom Lens,Canon,Lenses,Used,169.75,USD,FIXED_PRICE,7,0,mount:canon ef,JP,benzaitenten_japan,100.0,2026-08-09T08:25:01.000Z,,https://www.ebay.com/itm/800481182668?hash=itemba606583cc:g:RuAAAeSw-BBqeDob,https://i.ebayimg.com/images/g/RuAAAeSw-BBqeDob/s-l225.jpg
型号不明,49.0,CANON EXTENDER EF 1.4X Extender,Canon,Lenses,Used,169.75,USD,FIXED_PRICE,3,0,mount:canon ef,JP,benzaitenten_japan,100.0,2026-08-09T08:04:41.000Z,,https://www.ebay.com/itm/800481108399?hash=itemba606461af:g:lfQAAeSwa2dqeDUW,https://i.ebayimg.com/images/g/lfQAAeSwa2dqeDUW/s-l225.jpg
型号不明,49.0,CANON EXTENDER EF 2X Extender,Canon,Lenses,Used,169.75,USD,FIXED_PRICE,8,0,mount:canon ef,JP,benzaitenten_japan,100.0,2026-08-09T08:03:16.000Z,,https://www.ebay.com/itm/800481105487?hash=itemba6064564f:g:1NgAAeSwwyJqeDT5,https://i.ebayimg.com/images/g/1NgAAeSwwyJqeDT5/s-l225.jpg
型号不明,49.0,CANON EF-EOS M Mount Adapter,Canon,Lenses,Used,169.75,USD,FIXED_PRICE,5,0,mount:leica m,JP,benzaitenten_japan,100.0,2026-08-09T08:02:25.000Z,,https://www.ebay.com/itm/800481102175?hash=itemba6064495f:g:-EgAAeSwAVhqeDSM,https://i.ebayimg.com/images/g/-EgAAeSwAVhqeDSM/s-l225.jpg
型号不明,49.0,Canon EF-S 55-250 4-5.6 IS II 297243,Canon,Lenses,Used,171.53,USD,FIXED_PRICE,9,0,mount:canon ef,JP,digree_japan,99.7,2026-08-09T16:43:16.000Z,,https://www.ebay.com/itm/307116407491?hash=item4781907ac3:g:V6wAAeSw4vtqeK9T,https://i.ebayimg.com/images/g/V6wAAeSw4vtqeK9T/s-l225.jpg
型号不明,49.0,CANON EF-S 55-250/4-5.6 IS Lens,Canon,Lenses,Used,180.39,USD,FIXED_PRICE,8,0,mount:canon ef,JP,benzaitenten_japan,100.0,2026-08-09T09:32:51.000Z,,https://www.ebay.com/itm/800481355595?hash=itemba6068274b:g:kpkAAeSwG~VqeEm~,https://i.ebayimg.com/images/g/kpkAAeSwG~VqeEm~/s-l225.jpg
型号不明,49.0,CANON EF-S 18-200 F3.5-5.6 IS CANON/EF-S 18-200 F3.5-5.6 I,Canon,Lenses,Used,191.02,USD,FIXED_PRICE,6,0,mount:canon ef,JP,benzaitenten_japan,100.0,2026-08-09T09:56:06.000Z,,https://www.ebay.com/itm/800481418984?hash=itemba60691ee8:g:FXEAAeSwkOdqeFAh,https://i.ebayimg.com/images/g/FXEAAeSwkOdqeFAh/s-l225.jpg
型号不明,49.0,CANON EF24MM F:2.8 EF Prime Lens,Canon,Lenses,Used,191.02,USD,FIXED_PRICE,2,0,mount:canon ef,JP,benzaitenten_japan,100.0,2026-08-09T09:50:09.000Z,,https://www.ebay.com/itm/800481388838?hash=itemba6068a926:g:viQAAeSwRQxqeE3Q,https://i.ebayimg.com/images/g/viQAAeSwRQxqeE3Q/s-l225.jpg
型号不明,49.0,CANON EF 50 F1.8 STM Lens,Canon,Lenses,Used,191.02,USD,FIXED_PRICE,3,0,mount:canon ef,JP,benzaitenten_japan,100.0,2026-08-09T09:45:09.000Z,,https://www.ebay.com/itm/800481378980?hash=itemba606882a4:g:vxIAAeSwwyJqeEyj,https://i.ebayimg.com/images/g/vxIAAeSwwyJqeEyj/s-l225.jpg
型号不明,49.0,CANON EF LENS 50 1:1.8 STM Lens,Canon,Lenses,Used,191.02,USD,FIXED_PRICE,3,0,mount:canon ef,JP,benzaitenten_japan,100.0,2026-08-09T09:13:26.000Z,,https://www.ebay.com/itm/800481304528?hash=itemba60675fd0:g:MDgAAeSwBCJqeEU2,https://i.ebayimg.com/images/g/MDgAAeSwBCJqeEU2/s-l225.jpg
型号不明,49.0,CANON EF 50 1.8 STM Replacement Lens,Canon,Lenses,Used,191.02,USD,FIXED_PRICE,5,0,mount:canon ef,JP,benzaitenten_japan,100.0,2026-08-09T09:07:18.000Z,,https://www.ebay.com/itm/800481279929?hash=itemba6066ffb9:g:KOkAAeSwUulqeEON,https://i.ebayimg.com/images/g/KOkAAeSwUulqeEON/s-l225.jpg
型号不明,49.0,CANON EF LENS 50 1:1.8 STM Prime Lens,Canon,Lenses,Used,191.02,USD,FIXED_PRICE,4,0,mount:canon ef,JP,benzaitenten_japan,100.0,2026-08-09T09:04:38.000Z,,https://www.ebay.com/itm/800481270575?hash=itemba6066db2f:g:kwEAAeSwdSZqeEOe,https://i.ebayimg.com/images/g/kwEAAeSwdSZqeEOe/s-l225.jpg
型号不明,49.0,CANON EFS 24 2.8 Lens,Canon,Lenses,Used,191.02,USD,FIXED_PRICE,9,0,mount:canon ef,JP,benzaitenten_japan,100.0,2026-08-09T09:04:02.000Z,,https://www.ebay.com/itm/800481269404?hash=itemba6066d69c:g:E5kAAeSwG5pqeEN3,https://i.ebayimg.com/images/g/E5kAAeSwG5pqeEN3/s-l225.jpg
型号不明,49.0,CANON EF 50 1:1.8 STM Camera Lens,Canon,Lenses,Used,191.02,USD,FIXED_PRICE,7,0,mount:canon ef,JP,benzaitenten_japan,100.0,2026-08-09T09:01:58.000Z,,https://www.ebay.com/itm/800481265209?hash=itemba6066c639:g:DfUAAeSwT0pqeEJJ,https://i.ebayimg.com/images/g/DfUAAeSwT0pqeEJJ/s-l225.jpg
型号不明,49.0,CANON EF-S 55-250 5.6 Camera Lens,Canon,Lenses,Used,191.02,USD,FIXED_PRICE,10,0,mount:canon ef,JP,benzaitenten_japan,100.0,2026-08-09T09:01:19.000Z,,https://www.ebay.com/itm/800481264541?hash=itemba6066c39d:g:XacAAeSw~wRqeEMZ,https://i.ebayimg.com/images/g/XacAAeSw~wRqeEMZ/s-l225.jpg
型号不明,49.0,Canon EF 50 F/1.8 STM Wide-Angle Prime Lens,Canon,Lenses,Used,191.02,USD,FIXED_PRICE,4,0,mount:canon ef,JP,benzaitenten_japan,100.0,2026-08-09T08:53:21.000Z,,https://www.ebay.com/itm/800481251501?hash=itemba606690ad:g:j6sAAeSwMCBqeEC4,https://i.ebayimg.com/images/g/j6sAAeSwMCBqeEC4/s-l225.jpg
型号不明,49.0,CANON EF-S17-85 Replacement Lens,Canon,Lenses,Used,191.02,USD,FIXED_PRICE,3,0,mount:canon ef,JP,benzaitenten_japan,100.0,2026-08-09T08:50:41.000Z,,https://www.ebay.com/itm/800481243427?hash=itemba60667123:g:dVwAAeSwhnxqeECP,https://i.ebayimg.com/images/g/dVwAAeSwhnxqeECP/s-l225.jpg
型号不明,49.0,CANON EFS 24 F:2.8 STM Prime Lens,Canon,Lenses,Used,191.02,USD,FIXED_PRICE,3,0,mount:canon ef,JP,benzaitenten_japan,100.0,2026-08-09T08:47:31.000Z,,https://www.ebay.com/itm/800481235041?hash=itemba60665061:g:a04AAeSwBUdqeD~U,https://i.ebayimg.com/images/g/a04AAeSwBUdqeD~U/s-l225.jpg
型号不明,49.0,CANON EFS-24MMF2.8 STM Prime Lens,Canon,Lenses,Used,191.02,USD,FIXED_PRICE,5,0,mount:canon ef,JP,benzaitenten_japan,100.0,2026-08-09T08:42:27.000Z,,https://www.ebay.com/itm/800481226101?hash=itemba60662d75:g:-0EAAeSwBCJqeD6j,https://i.ebayimg.com/images/g/-0EAAeSwBCJqeD6j/s-l225.jpg
型号不明,49.0,Canon EF 50 1:1.8 STM Wide-Angle Prime Lens,Canon,Lenses,Used,191.02,USD,FIXED_PRICE,5,0,mount:canon ef,JP,benzaitenten_japan,100.0,2026-08-09T08:42:15.000Z,,https://www.ebay.com/itm/800481225735?hash=itemba60662c07:g:Xs0AAeSwd8VqeD3l,https://i.ebayimg.com/images/g/Xs0AAeSwd8VqeD3l/s-l225.jpg
型号不明,49.0,CANON EF-S 55-250 F4-5.6 IS II Telephoto Zoom Lens,Canon,Lenses,Used,191.02,USD,FIXED_PRICE,7,0,mount:canon ef,JP,benzaitenten_japan,100.0,2026-08-09T08:40:55.000Z,,https://www.ebay.com/itm/800481224225?hash=itemba60662621:g:8gcAAeSw87BqeD4O,https://i.ebayimg.com/images/g/8gcAAeSw87BqeD4O/s-l225.jpg
型号不明,49.0,CANON EXTENDER EF 1.4X Lens Adapter,Canon,Lenses,Used,191.02,USD,FIXED_PRICE,3,0,mount:canon ef,JP,benzaitenten_japan,100.0,2026-08-09T08:39:14.000Z,,https://www.ebay.com/itm/800481219885?hash=itemba6066152d:g:XdcAAeSwtixqeD3h,https://i.ebayimg.com/images/g/XdcAAeSwtixqeD3h/s-l225.jpg
型号不明,49.0,CANON EF-S 55-250 F4-5.6 IS II Zoom Lens,Canon,Lenses,Used,191.02,USD,FIXED_PRICE,8,0,mount:canon ef,JP,benzaitenten_japan,100.0,2026-08-09T08:36:43.000Z,,https://www.ebay.com/itm/800481215410?hash=itemba606603b2:g:Sp0AAeSw7-lqeDyW,https://i.ebayimg.com/images/g/Sp0AAeSw7-lqeDyW/s-l225.jpg
型号不明,49.0,Canon EF 24 F2.8 Wide-Angle Prime Lens,Canon,Lenses,Used,191.02,USD,FIXED_PRICE,1,0,mount:canon ef,JP,benzaitenten_japan,100.0,2026-08-09T08:36:15.000Z,,https://www.ebay.com/itm/800481213575?hash=itemba6065fc87:g:bt8AAeSwEG1qeDxH,https://i.ebayimg.com/images/g/bt8AAeSwEG1qeDxH/s-l225.jpg
型号不明,49.0,CANON EF-M15-45 F:3.5-6.3 Standard Zoom Lens,Canon,Lenses,Used,191.02,USD,FIXED_PRICE,6,0,mount:canon ef,JP,benzaitenten_japan,100.0,2026-08-09T08:33:43.000Z,,https://www.ebay.com/itm/800481209884?hash=itemba6065ee1c:g:SjwAAeSwXI1qeDvk,https://i.ebayimg.com/images/g/SjwAAeSwXI1qeDvk/s-l225.jpg
型号不明,49.0,Canon EF-S 55-250 1:4-5.6 IS II Telephoto Zoom Lens,Canon,Lenses,Used,191.02,USD,FIXED_PRICE,9,0,mount:canon ef,JP,benzaitenten_japan,100.0,2026-08-09T08:30:34.000Z,,https://www.ebay.com/itm/800481202501?hash=itemba6065d145:g:Fb0AAeSwY5dqeDth,https://i.ebayimg.com/images/g/Fb0AAeSwY5dqeDth/s-l225.jpg
型号不明,49.0,Canon EF 50 F2.5 Compact-Macro Prime Macro Lens,Canon,Lenses,Used,191.02,USD,FIXED_PRICE,5,0,mount:canon ef,JP,benzaitenten_japan,100.0,2026-08-09T08:24:37.000Z,,https://www.ebay.com/itm/800481182143?hash=itemba606581bf:g:3JEAAeSwHn1qeDn7,https://i.ebayimg.com/images/g/3JEAAeSwHn1qeDn7/s-l225.jpg
型号不明,49.0,CANON EF 24 1:2.8 Standard Zoom Lens For Canon,Canon,Lenses,Used,191.02,USD,FIXED_PRICE,3,0,mount:canon ef,JP,benzaitenten_japan,100.0,2026-08-09T08:18:18.000Z,,https://www.ebay.com/itm/800481162019?hash=itemba60653323:g:Sj0AAeSwTrRqeDjS,https://i.ebayimg.com/images/g/Sj0AAeSwTrRqeDjS/s-l225.jpg
型号不明,49.0,CANON EXTENDER EF 1.4X II Extender,Canon,Lenses,Used,191.02,USD,FIXED_PRICE,3,0,mount:canon ef,JP,benzaitenten_japan,100.0,2026-08-09T07:59:38.000Z,,https://www.ebay.com/itm/800481099055?hash=itemba60643d2f:g:vmIAAeSwqgRqeDOu,https://i.ebayimg.com/images/g/vmIAAeSwqgRqeDOu/s-l225.jpg
型号不明,49.0,CANON EXTENDER EF 2× Extender,Canon,Lenses,Used,191.02,USD,FIXED_PRICE,10,0,mount:canon ef,JP,benzaitenten_japan,100.0,2026-08-09T07:56:41.000Z,,https://www.ebay.com/itm/800481097157?hash=itemba606435c5:g:wu8AAeSwxkhqeDNy,https://i.ebayimg.com/images/g/wu8AAeSwxkhqeDNy/s-l225.jpg
型号不明,49.0,CANON EXTEDER EF 2X Extender,Canon,Lenses,Used,191.02,USD,FIXED_PRICE,5,0,mount:canon ef,JP,benzaitenten_japan,100.0,2026-08-09T07:54:04.000Z,,https://www.ebay.com/itm/800481092933?hash=itemba60642545:g:9E4AAeSw1WFqeDNO,https://i.ebayimg.com/images/g/9E4AAeSw1WFqeDNO/s-l225.jpg
查无市价,49.0,Voigtländer NOKTON 58mm F1.4 SL II Lens for Nikon F Mount with Hood Filter,Voigtländer,Digital Cameras,Used,546.35,USD,"FIXED_PRICE,BEST_OFFER",11,0,grail:NOKTON;mount:nikon f;58mm,JP,toshiro-eguchi,99.7,2026-08-09T12:24:06.000Z,,https://www.ebay.com/itm/307115935903?hash=item478189489f:g:d9UAAeSwQ0FqeHJY,https://i.ebayimg.com/images/g/d9UAAeSwQ0FqeHJY/s-l225.jpg
残件/按现状,49.0,Linhof Technika 4x5 9x12 Large Format Camera w/ 50mm Symmar,Linhof,Film Cameras,For parts or not working,599.0,USD,"FIXED_PRICE,BEST_OFFER",4,0,,US,robersald-0,99.1,2026-08-09T11:55:03.000Z,,https://www.ebay.com/itm/358904149645?hash=item53905ab68d:g:kCwAAeSwJzdqAJAI,https://i.ebayimg.com/images/g/kCwAAeSwJzdqAJAI/s-l225.jpg
型号不明,49.0,Leica Summit 5cm F2 L39 / made in 1946 199612,Leica,Lenses,Used,671.51,USD,FIXED_PRICE,10,0,mount:ltm/l39,JP,digree_japan,99.7,2026-08-09T04:40:53.000Z,,https://www.ebay.com/itm/307115425366?hash=item4781817e56:g:seMAAeSw~cFqeWoS,https://i.ebayimg.com/images/g/seMAAeSw~cFqeWoS/s-l225.jpg
残件/按现状;型号不明,48.0,Leica Camera parts,Leica,Film Cameras,For parts or not working,0.0,USD,"AUCTION,BEST_OFFER",16,0,auction,AU,sain-mark,98.9,2026-08-09T17:46:48.000Z,2026-08-19T17:46:48.000Z,https://www.ebay.com/itm/307116512936?hash=item47819216a8:g:lS8AAeSwDgxp5wtE,https://i.ebayimg.com/images/g/lS8AAeSwDgxp5wtE/s-l225.jpg
型号不明,48.0,Used Pentax DAL 55-300 K Mount Zoom Lens,Pentax,Lenses,Used,114.28,USD,"FIXED_PRICE,BEST_OFFER",8,0,mount:pentax k,CN,qwertyu_60,100.0,2026-08-09T10:40:08.000Z,,https://www.ebay.com/itm/398266313929?hash=item5cba85acc9:g:aNsAAeSw0hNqeFj7,https://i.ebayimg.com/images/g/aNsAAeSw0hNqeFj7/s-l225.jpg
型号不明,48.0,Used Olympus 14-42 M4/3 Lens Compact No Fungus No Scratch Works,Olympus,Lenses,Used,128.14,USD,"FIXED_PRICE,BEST_OFFER",8,0,mount:micro 4/3;as-is,CN,qwertyu_60,100.0,2026-08-09T08:44:08.000Z,,https://www.ebay.com/itm/398266004500?hash=item5cba80f414:g:8ecAAeSwEe9qeD2E,https://i.ebayimg.com/images/g/8ecAAeSwEe9qeD2E/s-l225.jpg
型号不明,48.0,Lens for Medium Format Model SMC PENTAX A 645 MACRO 120 4 PENTAX,Pentax,Lenses,Used,422.28,USD,FIXED_PRICE,4,0,grail:645;mount:pentax k,JP,zeton_ec,100.0,2026-08-09T06:24:57.000Z,,https://www.ebay.com/itm/158169049274?hash=item24d39c28ba:g:4fsAAeSwRQxqeB14,https://i.ebayimg.com/images/g/4fsAAeSwRQxqeB14/s-l225.jpg
残件/按现状,48.0,:Nikon 35Ti 35mm Film Point & Shoot Camera - For Parts/Repair,Nikon,Film Cameras,For parts or not working,449.99,USD,FIXED_PRICE,8,0,grail:35Ti;as-is,US,westborncam2,99.9,2026-08-09T04:47:09.000Z,,https://www.ebay.com/itm/206476673249?hash=item3012f800e1:g:OWgAAeSwRXVqYlsH,https://i.ebayimg.com/images/g/OWgAAeSwRXVqYlsH/s-l225.jpg
型号不明,48.0,Leica 5cm f2 Summicron Collapsible 1192863,Leica,Lenses,Used,958.0,USD,FIXED_PRICE,7,0,grail:Summicron,US,camerawest,99.0,2026-08-09T13:37:54.000Z,,https://www.ebay.com/itm/287514578521?hash=item42f1344e59:g:12gAAeSwOcNqeHpa,https://i.ebayimg.com/images/g/12gAAeSwOcNqeHpa/s-l225.jpg
型号不明,47.0,Canon EF 2X III Extender For Canon DSLR Cameras SUPER MINT!!!,Canon,Lenses,Used,0.0,USD,"AUCTION,BEST_OFFER",3,0,mount:canon ef;good-cond;auction,US,njcamera2018,100.0,2026-08-09T19:54:21.000Z,2026-08-19T19:54:21.000Z,https://www.ebay.com/itm/236996231458?hash=item372e138122:g:sDsAAeSwmKtqKb2K,https://i.ebayimg.com/images/g/sDsAAeSwmKtqKb2K/s-l225.jpg
残件/按现状,47.0,Sony Handycam DCR-DVD505 Digital Video Camera Camcorder w/Battery NO CHARGER,Sony,Camcorders,For parts or not working,25.0,USD,"FIXED_PRICE,BEST_OFFER",8,0,underpriced(med 165),US,colepace4,100.0,2026-08-09T22:44:34.000Z,,https://www.ebay.com/itm/318703990034?hash=item4a343cf512:g:GEcAAeSw~bxqeQK-,https://i.ebayimg.com/images/g/GEcAAeSw~bxqeQK-/s-l225.jpg
残件/按现状,47.0,Vintage Sony Video 8 CCD-FX310 Video Camera Recorder Set. Read,Sony,Camcorders,For parts or not working,25.0,USD,"FIXED_PRICE,BEST_OFFER",5,0,underpriced(med 165),US,marcfrench21,99.9,2026-08-09T20:01:06.000Z,,https://www.ebay.com/itm/358905578713?hash=item53907084d9:g:AKsAAeSwxkhqeNzU,https://i.ebayimg.com/images/g/AKsAAeSwxkhqeNzU/s-l225.jpg
残件/按现状,47.0,Sony Handycam DCR-HC46 Video Recorder: For Repair Or Parts Only: No Returns,Sony,Camcorders,For parts or not working,27.9,USD,FIXED_PRICE,6,0,as-is;underpriced(med 165),US,drk9760,99.2,2026-08-09T14:34:14.000Z,,https://www.ebay.com/itm/158170089906?hash=item24d3ac09b2:g:f~4AAeSwFG5pYZs6,https://i.ebayimg.com/images/g/f~4AAeSwFG5pYZs6/s-l225.jpg
残件/按现状,47.0,Sony DCR-HC32 MiniDV Digital Video Camcorder Carl Zeiss Lens For Parts/Repair,Sony,Camcorders,For parts or not working,28.5,USD,FIXED_PRICE,8,0,as-is;underpriced(med 165),US,brooks_1615,99.7,2026-08-09T12:29:59.000Z,,https://www.ebay.com/itm/227468454150?hash=item34f62d2906:g:ZDYAAeSwaRZqeHKd,https://i.ebayimg.com/images/g/ZDYAAeSwaRZqeHKd/s-l225.jpg
残件/按现状,47.0,Sony Handycam Mini DV Camcorder - - See Description not tested,Sony,Camcorders,Used,29.99,USD,FIXED_PRICE,5,0,underpriced(med 165),US,kybluegrasspickers,100.0,2026-08-10T00:15:43.000Z,,https://www.ebay.com/itm/307117001642?hash=item4781998baa:g:SsUAAeSwVNpqeRgd,https://i.ebayimg.com/images/g/SsUAAeSwVNpqeRgd/s-l225.jpg
残件/按现状,47.0,Sony Handycam CCD-TRV22 Video 8 Camcorder No Battery Untested For Parts/Repair,Sony,Camcorders,For parts or not working,30.0,USD,FIXED_PRICE,9,0,as-is;underpriced(med 165),US,brterz-94,99.2,2026-08-09T18:56:57.000Z,,https://www.ebay.com/itm/227468803871?hash=item34f6327f1f:g:cmoAAeSw~bxqeM0h,https://i.ebayimg.com/images/g/cmoAAeSw~bxqeM0h/s-l225.jpg
残件/按现状,47.0,Panasonic VHS PV-200D OmniMovie Camera Recorder/Playback **not Fully Tested,Panasonic,Camcorders,For parts or not working,30.0,USD,"FIXED_PRICE,BEST_OFFER",11,0,underpriced(med 108),US,flintc_30,99.6,2026-08-09T16:02:49.000Z,,https://www.ebay.com/itm/168600862211?hash=item274164fe03:g:Xu0AAeSwbiNqeKPv,https://i.ebayimg.com/images/g/Xu0AAeSwbiNqeKPv/s-l225.jpg
残件/按现状,47.0,Panasonic PV-DV102D Mini DV SD Video Camcorder PARTS or REPAIR UNTESTED,Panasonic,Camcorders,Used,30.5,USD,"FIXED_PRICE,BEST_OFFER",6,0,as-is;underpriced(med 108),US,bigfoottradingpost,100.0,2026-08-09T23:35:58.000Z,,https://www.ebay.com/itm/800483783511?hash=itemba608d3357:g:45YAAeSwVjtqeQwv,https://i.ebayimg.com/images/g/45YAAeSwVjtqeQwv/s-l225.jpg
残件/按现状,47.0,Sony Handycam DCR-TRV250 Silver 700x Digital Zoom Digital8 Camcorder - For Parts,Sony,Camcorders,For parts or not working,34.99,USD,"FIXED_PRICE,BEST_OFFER",11,0,as-is;underpriced(med 165),US,diaz_electronics,99.8,2026-08-10T06:29:51.000Z,,https://www.ebay.com/itm/318705616065?hash=item4a3455c4c1:g:Of8AAeSwnN9qcjzK,https://i.ebayimg.com/images/g/Of8AAeSwnN9qcjzK/s-l225.jpg
残件/按现状,47.0,Sony CCD-TR4 Video8 8mm Handycam Camcorder 6x Zoom Battery Case Untested,Sony,Camcorders,Used,34.99,USD,"FIXED_PRICE,BEST_OFFER",15,0,as-is;underpriced(med 165),US,savingshaven1,100.0,2026-08-09T18:54:28.000Z,,https://www.ebay.com/itm/800483009486?hash=itemba608163ce:g:E9AAAeSwC-FqeMuE,https://i.ebayimg.com/images/g/E9AAAeSwC-FqeMuE/s-l225.jpg
残件/按现状,47.0,Sony DCR-HC26 MiniDV Camcorder w/ OEM Battery FOR PARTS Touchscreen Issue,Sony,Camcorders,For parts or not working,35.95,USD,"FIXED_PRICE,BEST_OFFER",8,0,as-is;underpriced(med 165),US,rescue_and_resell,100.0,2026-08-09T13:05:12.000Z,,https://www.ebay.com/itm/168600529719?hash=item27415feb37:g:GiAAAeSw7pNqKDfC,https://i.ebayimg.com/images/g/GiAAAeSw7pNqKDfC/s-l225.jpg
残件/按现状;打包杂件,47.0,Untested Camera Bundle Vintage/Older JVC GR-AX7 Sony MVD-FC73 Manuals,Sony,Camcorders,For parts or not working,36.25,USD,"FIXED_PRICE,BEST_OFFER",21,0,as-is;underpriced(med 165),US,thrift-spot,99.6,2026-08-09T17:04:08.000Z,,https://www.ebay.com/itm/800482695969?hash=itemba607c9b21:g:ThkAAeSwEJVpYYBD,https://i.ebayimg.com/images/g/ThkAAeSwEJVpYYBD/s-l225.jpg
残件/按现状;打包杂件,47.0,Sony CCD-TR75 Camcorder 8mm Video8 Handycam Bundle w/xtras! - Parts Not Working,Sony,Camcorders,For parts or not working,39.97,USD,FIXED_PRICE,23,0,as-is;underpriced(med 165),US,secondhandsellerz,100.0,2026-08-10T05:39:44.000Z,,https://www.ebay.com/itm/800484771120?hash=itemba609c4530:g:-JAAAeSw8VxqKjPi,https://i.ebayimg.com/images/g/-JAAAeSw8VxqKjPi/s-l225.jpg
残件/按现状,47.0,"Sony Handycam Vision CCD-TRV318 560x Digital Zoom 2.5"" LCD Hi8 Video Camcorder",Sony,Camcorders,For parts or not working,40.0,USD,FIXED_PRICE,5,0,underpriced(med 165),US,pikaking9,100.0,2026-08-09T17:44:33.000Z,,https://www.ebay.com/itm/147493589410?hash=item22574d91a2:g:7bIAAeSw0hNqeLwO,https://i.ebayimg.com/images/g/7bIAAeSw0hNqeLwO/s-l225.jpg
残件/按现状,47.0,Panasonic AF X8 CCD Omnimovie VHS Camcorder Camera PV-510D W/Case + Untested !!!,Panasonic,Camcorders,For parts or not working,40.0,USD,"FIXED_PRICE,BEST_OFFER",19,0,as-is;underpriced(med 108),US,flintc_30,99.6,2026-08-09T15:53:32.000Z,,https://www.ebay.com/itm/168600853698?hash=item274164dcc2:g:LHYAAeSwrKZqeJ5h,https://i.ebayimg.com/images/g/LHYAAeSwrKZqeJ5h/s-l225.jpg
残件/按现状,47.0,Parts Panasonic 3CCD PV-GS120 MiniDv Mini Dv Camcorder VCR Player Video Transfer,Panasonic,Camcorders,For parts or not working,41.82,USD,FIXED_PRICE,7,0,underpriced(med 108),US,vinobarrera1,99.7,2026-08-10T02:57:24.000Z,,https://www.ebay.com/itm/117349541916?hash=item1b5293e81c:g:SFcAAOSwwPtl-Opm,https://i.ebayimg.com/images/g/SFcAAOSwwPtl-Opm/s-l225.jpg
残件/按现状,47.0,-Sony Camcorder CCD-TRV37 Handycam Vision 200x Zoom-FOR PARTS/AS-IS(2766),Sony,Camcorders,For parts or not working,49.99,USD,FIXED_PRICE,6,0,as-is;underpriced(med 165),US,westborncam2,99.9,2026-08-09T04:47:09.000Z,,https://www.ebay.com/itm/227468035236?hash=item34f626c4a4:g:Xo0AAeSwww5qY3oQ,https://i.ebayimg.com/images/g/Xo0AAeSwww5qY3oQ/s-l225.jpg
残件/按现状,47.0,Sony Video 8 Handycam Camcorder With Battery Case And Charger Read Description,Sony,Camcorders,For parts or not working,50.0,USD,"FIXED_PRICE,BEST_OFFER",9,0,underpriced(med 165),US,jason327,100.0,2026-08-09T22:35:21.000Z,,https://www.ebay.com/itm/398268058105?hash=item5cbaa049f9:g:sQEAAeSwJHdqeQCa,https://i.ebayimg.com/images/g/sQEAAeSwJHdqeQCa/s-l225.jpg
残件/按现状,47.0,"Sony Handycam DCR-SR200 Camcorder 40GB HDD 10x Zoom, Parts Repair - Read Desc.",Sony,Camcorders,For parts or not working,59.99,USD,"FIXED_PRICE,BEST_OFFER",7,0,underpriced(med 165),US,merchexcape,99.7,2026-08-09T15:23:12.000Z,,https://www.ebay.com/itm/307116257625?hash=item47818e3159:g:Yq8AAeSw5B9pikC2,https://i.ebayimg.com/images/g/Yq8AAeSw5B9pikC2/s-l225.jpg
残件/按现状,47.0,Minolta X-370 35mm SLR Film Camera - with 50mm f/1.7 lens-UNTESTED,Minolta,Film Cameras,Used,64.99,USD,"FIXED_PRICE,BEST_OFFER",9,0,as-is,US,aatozsales,100.0,2026-08-10T01:41:31.000Z,,https://www.ebay.com/itm/236996593970?hash=item372e190932:g:4e4AAeSw5oRqQSnZ,https://i.ebayimg.com/images/g/4e4AAeSw5oRqQSnZ/s-l225.jpg
打包杂件,47.0,Canon EOS Rebel T3 Body Bundle - Tested Working,Canon,Digital Cameras,Used,64.99,USD,FIXED_PRICE,19,0,underpriced(med 321),US,trietslab,100.0,2026-08-09T12:51:19.000Z,,https://www.ebay.com/itm/398266604214?hash=item5cba8a1ab6:g:xYwAAeSwQKxpzIBo,https://i.ebayimg.com/images/g/xYwAAeSwQKxpzIBo/s-l225.jpg
残件/按现状,47.0,Nikon Coolpix S6300 16MP Compact Digital Camera (NO FLASH),Nikon,Digital Cameras,For parts or not working,64.99,USD,FIXED_PRICE,2,0,underpriced(med 235),US,mi3sonspurple,99.8,2026-08-09T09:38:34.000Z,,https://www.ebay.com/itm/168600209450?hash=item27415b082a:g:TBwAAeSwFatqN3FJ,https://i.ebayimg.com/images/g/TBwAAeSwFatqN3FJ/s-l225.jpg
残件/按现状,47.0,Canon EOS T3i Ds126311 Digital SLR DSLR Camera BODY ONLY UNTESTED AS IS,Canon,Digital Cameras,For parts or not working,69.08,USD,FIXED_PRICE,6,0,as-is;underpriced(med 321),US,valuerecycledllc,99.7,2026-08-09T16:31:54.000Z,,https://www.ebay.com/itm/188767180213?hash=item2bf36695b5:g:1-YAAeSwmUdpMgdw,https://i.ebayimg.com/images/g/1-YAAeSwmUdpMgdw/s-l225.jpg
打包杂件,47.0,Canon EOS Digital Rebel XT / EOS Lot + Lens Digital SLR Camera - Black with bag,Canon,Digital Cameras,Used,69.99,USD,"FIXED_PRICE,BEST_OFFER",2,0,underpriced(med 321),US,nicvirgili-0,100.0,2026-08-09T18:51:18.000Z,,https://www.ebay.com/itm/287515087509?hash=item42f13c1295:g:5BQAAeSweXxqY6Xn,https://i.ebayimg.com/images/g/5BQAAeSweXxqY6Xn/s-l225.jpg
残件/按现状,47.0,MIRANDA Camera Vintage 35mm SLR + Tamron Lens **PARTS ONLY** **READ**,Miranda,Film Cameras,Used,69.99,USD,"FIXED_PRICE,BEST_OFFER",12,0,as-is,US,blatz1,100.0,2026-08-09T16:20:13.000Z,,https://www.ebay.com/itm/206477896637?hash=item30130aabbd:g:q-kAAeSwLKlqeKdk,https://i.ebayimg.com/images/g/q-kAAeSwLKlqeKdk/s-l225.jpg
残件/按现状,47.0,Nikon COOLPIX P510 Digital Camera w/Bag TESTED!!! READ DESCRIPTION!!!,Nikon,Digital Cameras,Used,72.89,USD,FIXED_PRICE,9,0,underpriced(med 235),US,goodwillomaha,99.8,2026-08-09T09:28:21.000Z,,https://www.ebay.com/itm/278261661874?hash=item40c9b000b2:g:FcIAAeSwws5qY3ZF,https://i.ebayimg.com/images/g/FcIAAeSwws5qY3ZF/s-l225.jpg
打包杂件,47.0,Minolta Maxxum QTsi 35mm SLR Film Camera Bundle w/ extras 70-210mm Lens - TESTED,Minolta,Film Cameras,Used,74.0,USD,"FIXED_PRICE,BEST_OFFER",23,0,,US,thewetnoodle,100.0,2026-08-09T22:26:26.000Z,,https://www.ebay.com/itm/117349297317?hash=item1b52902ca5:g:HPAAAeSw-BBqePtc,https://i.ebayimg.com/images/g/HPAAAeSw-BBqePtc/s-l225.jpg
残件/按现状,47.0,Canon PowerShot SD1200 IS Camera w/ Battery WORKS with ISSUES/SPOTS/DUST - LOOK,Canon,Digital Cameras,For parts or not working,74.99,USD,FIXED_PRICE,9,0,underpriced(med 321),US,deshideep,99.4,2026-08-09T21:33:04.000Z,,https://www.ebay.com/itm/206478425135?hash=item301312bc2f:g:tg0AAeSw7-lqePBX,https://i.ebayimg.com/images/g/tg0AAeSw7-lqePBX/s-l225.jpg
打包杂件,47.0,Canon PowerShot A700 6.0MP Digital Camera Bundle SD Card Case Manuals TESTED,Canon,Digital Cameras,Used,74.99,USD,"FIXED_PRICE,BEST_OFFER",22,0,underpriced(med 321),US,baumg-8410,100.0,2026-08-09T17:53:20.000Z,,https://www.ebay.com/itm/137602658251?hash=item2009c1efcb:g:PMUAAeSwv-JqeLod,https://i.ebayimg.com/images/g/PMUAAeSwv-JqeLod/s-l225.jpg
打包杂件,47.0,VTG Olympus D600L Digital SLR Camera Bundle +3 SmartMedia Cards Works Great,Olympus,Digital Cameras,Used,75.0,USD,"FIXED_PRICE,BEST_OFFER",7,0,underpriced(med 235),US,jscoo,100.0,2026-08-09T21:50:00.000Z,,https://www.ebay.com/itm/206478447496?hash=item3013131388:g:rkMAAeSw8fdqeO4b,https://i.ebayimg.com/images/g/rkMAAeSw8fdqeO4b/s-l225.jpg
残件/按现状,47.0,Canon Powershot SD780 IS Camera For Parts & Repair-Memory Card Error-Read Descri,Canon,Digital Cameras,For parts or not working,75.99,USD,"FIXED_PRICE,BEST_OFFER",6,0,as-is;underpriced(med 321),US,zibbram,99.8,2026-08-09T16:12:38.000Z,,https://www.ebay.com/itm/307116360858?hash=item47818fc49a:g:BesAAeSwv-JqeKa0,https://i.ebayimg.com/images/g/BesAAeSwv-JqeKa0/s-l225.jpg
残件/按现状;打包杂件,47.0,Nikon / Panasonic Digital Camera Lot of 5 (FOR PARTS),Nikon,Digital Cameras,For parts or not working,79.0,USD,"FIXED_PRICE,BEST_OFFER",13,0,as-is;underpriced(med 235),US,urbanthriftdmv,99.9,2026-08-09T17:16:48.000Z,,https://www.ebay.com/itm/398267286236?hash=item5cba9482dc:g:sAQAAeSwCQJqeLUH,https://i.ebayimg.com/images/g/sAQAAeSwCQJqeLUH/s-l225.jpg
打包杂件,47.0,Works Red Nikon CoolPix L11 Digital Camera Bundle w/ SD Card Box Manual,Nikon,Digital Cameras,Used,79.0,USD,FIXED_PRICE,7,0,underpriced(med 235),US,dagaivor_0,99.2,2026-08-09T08:01:24.000Z,,https://www.ebay.com/itm/366594730679?hash=item555abfaab7:g:GLwAAeSwCsZqeDOg,https://i.ebayimg.com/images/g/GLwAAeSwCsZqeDOg/s-l225.jpg
打包杂件,47.0,Nikon Coolpix L610 Digital Camera Bundle 16.0MP SD Card Manual Cables Batteries,Nikon,Digital Cameras,Used,79.5,USD,FIXED_PRICE,22,0,underpriced(med 235),US,firesale373,99.7,2026-08-09T15:17:17.000Z,,https://www.ebay.com/itm/800482400219?hash=itemba607817db:g:jZcAAeSwEKZpzWNi,https://i.ebayimg.com/images/g/jZcAAeSwEKZpzWNi/s-l225.jpg
残件/按现状,47.0,Yashica-Mat LM Copal MXV Camera 80mm Twin Lens Untested,Yashica,Vintage Cameras,,79.99,USD,"FIXED_PRICE,BEST_OFFER",8,0,as-is,US,windycityraider94,99.2,2026-08-10T01:10:04.000Z,,https://www.ebay.com/itm/267752354909?hash=item3e5748b45d:g:TdAAAeSwOcNqeSTD,https://i.ebayimg.com/images/g/TdAAAeSwOcNqeSTD/s-l225.jpg
残件/按现状,47.0,For repair & parts Nikon COOLPIX S9700 Compact Digital Camera,Nikon,Digital Cameras,For parts or not working,80.0,USD,"FIXED_PRICE,BEST_OFFER",2,0,as-is;underpriced(med 235),US,deaber_9964,100.0,2026-08-09T23:02:46.000Z,,https://www.ebay.com/itm/407132234689?hash=item5ecaf8e3c1:g:wI8AAeSwyudqeQa-,https://i.ebayimg.com/images/g/wI8AAeSwyudqeQa-/s-l225.jpg
残件/按现状,47.0,For Repair or parts Nikon COOLPIX S9700 Digital Camera,Nikon,Digital Cameras,For parts or not working,80.0,USD,"FIXED_PRICE,BEST_OFFER",5,0,as-is;underpriced(med 235),US,deaber_9964,100.0,2026-08-09T22:59:51.000Z,,https://www.ebay.com/itm/407132231396?hash=item5ecaf8d6e4:g:viEAAeSwR-FqeQUR,https://i.ebayimg.com/images/g/viEAAeSwR-FqeQUR/s-l225.jpg
打包杂件,47.0,Canon PowerShot SD630 Digital ELPH 6.0MP Camera Bundle Complete In Box,Canon,Digital Cameras,Used,80.0,USD,FIXED_PRICE,6,0,underpriced(med 321),US,garagesalesolutions,100.0,2026-08-09T21:36:17.000Z,,https://www.ebay.com/itm/147493963033?hash=item2257534519:g:FucAAeSwk71qePKl,https://i.ebayimg.com/images/g/FucAAeSwk71qePKl/s-l225.jpg
打包杂件,47.0,Fujifilm FinePix XP80 Waterproof Digital Camera Green/Black 5x Zoom Bundle,Fujifilm,Digital Cameras,Used,84.99,USD,FIXED_PRICE,20,0,underpriced(med 213),US,litechtraders71,99.8,2026-08-09T17:46:20.000Z,,https://www.ebay.com/itm/800482826959?hash=itemba607e9acf:g:YaUAAeSwgYVqeLta,https://i.ebayimg.com/images/g/YaUAAeSwgYVqeLta/s-l225.jpg
打包杂件,47.0,FUJIFILM FinePix JX500 14.0MP 5x Wide Zoom Digital Camera w/ BUNDLE **EXCELLENT✅,Fujifilm,Digital Cameras,Used,89.99,USD,"FIXED_PRICE,BEST_OFFER",8,0,underpriced(med 213),US,wellalright,100.0,2026-08-09T22:58:25.000Z,,https://www.ebay.com/itm/257671667383?hash=item3bfe6d9eb7:g:xmEAAeSwhrBqeQYI,https://i.ebayimg.com/images/g/xmEAAeSwhrBqeQYI/s-l225.jpg
打包杂件,47.0,Polaroid - Now Gen 3 Instant Camera + Color Film Bundle (8 Photos) White NIB,Polaroid,Film Cameras,New,89.99,USD,"FIXED_PRICE,BEST_OFFER",1,0,good-cond,US,filispa,98.7,2026-08-09T22:24:31.000Z,,https://www.ebay.com/itm/257671620018?hash=item3bfe6ce5b2:g:Y2UAAeSwXCJqO1K7,https://i.ebayimg.com/images/g/Y2UAAeSwXCJqO1K7/s-l225.jpg
残件/按现状,47.0,"Yashica Mat 124 - TLR Camera - Parts, As Is",Yashica,Film Cameras,For parts or not working,90.0,USD,"FIXED_PRICE,BEST_OFFER",14,0,as-is,US,captaincats,100.0,2026-08-09T22:16:25.000Z,,https://www.ebay.com/itm/137603136365?hash=item2009c93b6d:g:zjoAAeSwIGNqePoF,https://i.ebayimg.com/images/g/zjoAAeSwIGNqePoF/s-l225.jpg
残件/按现状,47.0,Olympus PEN E-PL8 16.1MP Digital Camera - Black (Body Only),Olympus,Digital Cameras,For parts or not working,99.0,USD,"FIXED_PRICE,BEST_OFFER",7,0,underpriced(med 235),US,harsh_keswani9011,100.0,2026-08-09T09:29:35.000Z,,https://www.ebay.com/itm/178389072040?hash=item2988d138a8:g:3LAAAeSwLxRqeEe7,https://i.ebayimg.com/images/g/3LAAAeSwLxRqeEe7/s-l225.jpg
打包杂件,47.0,Canon PowerShot SD400 5MP Digital ELPH Camera Bundle Tested Working,Canon,Digital Cameras,Used,99.9,USD,FIXED_PRICE,23,0,underpriced(med 321),US,firesale373,99.7,2026-08-09T15:11:44.000Z,,https://www.ebay.com/itm/800482382453?hash=itemba6077d275:g:XPMAAeSwws5qbHII,https://i.ebayimg.com/images/g/XPMAAeSwws5qbHII/s-l225.jpg
残件/按现状;打包杂件,47.0,LOT Minolta Pentax Soligor Asahi Vivitar 35mm Film Cameras Manual Focus Lenses,Minolta,Film Cameras,For parts or not working,99.95,USD,"FIXED_PRICE,BEST_OFFER",22,0,,US,dwf1_7056,100.0,2026-08-09T13:22:42.000Z,,https://www.ebay.com/itm/398266676372?hash=item5cba8b3494:g:HQYAAeSwKpVpYSNC,https://i.ebayimg.com/images/g/HQYAAeSwKpVpYSNC/s-l225.jpg
残件/按现状,47.0,BLACK OLYMPUS INFINITY STYLUS ZOOM 140 POINTSHOOT 35MM FILM CAMERA DAMAGED WORKS,Olympus,Film Cameras,Used,99.95,USD,FIXED_PRICE,1,0,as-is,US,surfntrain,100.0,2026-08-09T08:05:25.000Z,,https://www.ebay.com/itm/287514164176?hash=item42f12dfbd0:g:kbQAAeSwJHdqeDMC,https://i.ebayimg.com/images/g/kbQAAeSwJHdqeDMC/s-l225.jpg
残件/按现状,47.0,Nikon D1H 2.7MP Digital SLR Camera Body As-Is Parts Repairs MH-16 Charger,Nikon,Digital Cameras,For parts or not working,99.98,USD,FIXED_PRICE,8,0,as-is;underpriced(med 235),US,anjoexchange,99.8,2026-08-10T00:13:10.000Z,,https://www.ebay.com/itm/287515465858?hash=item42f141d882:g:5CMAAeSwqylqeRdd,https://i.ebayimg.com/images/g/5CMAAeSwqylqeRdd/s-l225.jpg
打包杂件,47.0,Canon PowerShot SD750 ELPH 7.1MP Digital Camera Bundle Charger 3 Batteries Works,Canon,Digital Cameras,Used,99.99,USD,"FIXED_PRICE,BEST_OFFER",7,0,underpriced(med 321),US,betbetmart,100.0,2026-08-09T17:28:28.000Z,,https://www.ebay.com/itm/158170463561?hash=item24d3b1bd49:g:fgQAAeSwsqlqeLhY,https://i.ebayimg.com/images/g/fgQAAeSwsqlqeLhY/s-l225.jpg
残件/按现状;打包杂件,47.0,"Minolta SRT 101, Lot of 3, for parts or refurbish, untested",Minolta,Film Cameras,For parts or not working,100.0,USD,"FIXED_PRICE,BEST_OFFER",14,0,as-is,US,essinkphotoandvideo,99.1,2026-08-09T13:55:47.000Z,,https://www.ebay.com/itm/336734128075?hash=item4e66eb07cb:g:JisAAeSwndBqeIbH,https://i.ebayimg.com/images/g/JisAAeSwndBqeIbH/s-l225.jpg
打包杂件,47.0,Nikon N6006 Bundle Opetka LR1300 And Vivitar 283 Flash,Nikon,Vintage Cameras,,105.0,USD,"FIXED_PRICE,BEST_OFFER",6,0,,US,jadobosells,97.5,2026-08-09T05:01:27.000Z,,https://www.ebay.com/itm/206476701887?hash=item3012f870bf:g:adcAAeSw9~xqeAjo,https://i.ebayimg.com/images/g/adcAAeSw9~xqeAjo/s-l225.jpg
残件/按现状,47.0,"KONICA Autoreflex T 35MM SLR FILM CAMERA w/Multiple Lens, Flash, Case UNTESTED",Konica,Film Cameras,Used,119.99,USD,"FIXED_PRICE,BEST_OFFER",16,0,as-is,US,minnesotanicemerchandise,99.3,2026-08-09T15:38:31.000Z,,https://www.ebay.com/itm/147493392224?hash=item22574a8f60:g:VXEAAeSwOvFofXvP,https://i.ebayimg.com/images/g/VXEAAeSwOvFofXvP/s-l225.jpg
打包杂件,47.0,"Minolta X-570 Camera Bundle. 2x Tele-converters, 3 Lenses, Bag",Minolta,Film Cameras,Used,120.0,USD,"FIXED_PRICE,BEST_OFFER",4,0,,US,unbollweevable,100.0,2026-08-09T20:15:09.000Z,,https://www.ebay.com/itm/307116733502?hash=item478195743e:g:qGYAAeSwnCZqeN67,https://i.ebayimg.com/images/g/qGYAAeSwnCZqeN67/s-l225.jpg
打包杂件,47.0,FujiFilm Instax Link Wide Smartphone Printer &Instant Film 03/24 Bundle White,Fujifilm,Film Cameras,New,125.92,USD,FIXED_PRICE,3,0,,US,gebk-sebas,99.9,2026-08-09T19:35:17.000Z,,https://www.ebay.com/itm/227468836643?hash=item34f632ff23:g:AgwAAeSwXudqeNUM,https://i.ebayimg.com/images/g/AgwAAeSwXudqeNUM/s-l225.jpg
型号不明,47.0,Lens for PENTAX Medium Format Camera Model SMC PENTAX A 4 200 PENTAX,Pentax,Lenses,Used,127.18,USD,FIXED_PRICE,2,0,mount:pentax k,JP,zeton_ec,100.0,2026-08-09T06:24:59.000Z,,https://www.ebay.com/itm/158169049562?hash=item24d39c29da:g:ELUAAeSw3T9qeB5r,https://i.ebayimg.com/images/g/ELUAAeSw3T9qeB5r/s-l225.jpg
残件/按现状,47.0,Minolta Autopak-8 D10 Super 8 Film Camera & Accessories Tested **READ**,Minolta,Film Cameras,For parts or not working,129.95,USD,FIXED_PRICE,18,0,,US,dizneeuni08,100.0,2026-08-09T14:17:47.000Z,,https://www.ebay.com/itm/147493255814?hash=item2257487a86:g:W9oAAeSwBidqeIn8,https://i.ebayimg.com/images/g/W9oAAeSwBidqeIn8/s-l225.jpg
残件/按现状,47.0,Fujifilm 108076174 Instax Square SQ6 Instant Film Camera - Blush Gold -For Parts,Fujifilm,Film Cameras,For parts or not working,129.99,USD,"FIXED_PRICE,BEST_OFFER",8,0,as-is,US,cactusdeals,99.7,2026-08-09T23:03:51.000Z,,https://www.ebay.com/itm/307116931287?hash=item47819878d7:g:x5AAAeSwgYVqeQbR,https://i.ebayimg.com/images/g/x5AAAeSwgYVqeQbR/s-l225.jpg
打包杂件,47.0,Canon PowrShot G5 5.0MP Digital Camera Set Bundle-Original Box w/ Accessories,Canon,Digital Cameras,Used,135.0,USD,"FIXED_PRICE,BEST_OFFER",20,0,underpriced(med 321),US,stev-zan,100.0,2026-08-09T13:39:41.000Z,,https://www.ebay.com/itm/327302041394?hash=item4c34b8cf32:g:PToAAeSwG5pqeHtn,https://i.ebayimg.com/images/g/PToAAeSwG5pqeHtn/s-l225.jpg
残件/按现状,47.0,Vintage Praktica 1 Ltl 35mm Slr Camera UNTESTED,Praktica,Film Cameras,Used,139.99,USD,FIXED_PRICE,7,0,as-is,US,cardmusem,100.0,2026-08-10T02:22:38.000Z,,https://www.ebay.com/itm/278264023816?hash=item40c9d40b08:g:sloAAeSwWEBqXmJH,https://i.ebayimg.com/images/g/sloAAeSwWEBqXmJH/s-l225.jpg
打包杂件,47.0,"Canon EOS 650 35mm Film Camera Bundle w/35-70mm, 35-105mm Lens, Speedlite, +More",Canon,Film Cameras,Used,142.49,USD,"FIXED_PRICE,BEST_OFFER",23,0,,US,outerrimcollecting,99.8,2026-08-09T10:37:08.000Z,,https://www.ebay.com/itm/198558473930?hash=item2e3b01deca:g:kqsAAeSwhN5qTUrF,https://i.ebayimg.com/images/g/kqsAAeSwhN5qTUrF/s-l225.jpg
打包杂件,47.0,Canon PowerShot A3300 IS 16.0MP Digital Camera Red w/5x Zoom Bundle No Battery,Canon,Digital Cameras,Used,142.87,USD,"FIXED_PRICE,BEST_OFFER",13,0,underpriced(med 321),US,allstars-49,99.9,2026-08-09T19:01:02.000Z,,https://www.ebay.com/itm/336734430000?hash=item4e66efa330:g:qfoAAeSwnu5qeM1z,https://i.ebayimg.com/images/g/qfoAAeSwnu5qeM1z/s-l225.jpg
打包杂件,47.0,Canon Sure Shot 80u 35mm Point & Shoot Film Camera Bundle,Canon,Film Cameras,Used,149.0,USD,FIXED_PRICE,12,0,,US,aneye4treasure208,99.9,2026-08-09T19:13:02.000Z,,https://www.ebay.com/itm/278263141399?hash=item40c9c69417:g:RmsAAeSwU21qeKa4,https://i.ebayimg.com/images/g/RmsAAeSwU21qeKa4/s-l225.jpg
型号不明,47.0,Monocular Model VM 6X21 WP Complete Kit PENTAX,Pentax,Lenses,Used,149.04,USD,FIXED_PRICE,2,0,mount:leica m,JP,zeton_ec,100.0,2026-08-09T06:24:58.000Z,,https://www.ebay.com/itm/158169049406?hash=item24d39c293e:g:3~UAAeSwXyBqeB4s,https://i.ebayimg.com/images/g/3~UAAeSwXyBqeB4s/s-l225.jpg
残件/按现状,47.0,Kiev 88 Medium Format Film Camera with Mir 38B 65mm F3.5 Lens for Parts,Kiev,Film Cameras,For parts or not working,149.99,USD,"FIXED_PRICE,BEST_OFFER",8,0,as-is,US,gooeypears,100.0,2026-08-09T06:59:34.000Z,,https://www.ebay.com/itm/278261307360?hash=item40c9aa97e0:g:yWEAAeSwHn1qeCDD,https://i.ebayimg.com/images/g/yWEAAeSwHn1qeCDD/s-l225.jpg
打包杂件,47.0,FUJIFILM Instax Mini 12 Holiday Bundle - Pastel Blue. Also 2 rolls of film,Fujifilm,Film Cameras,New,150.0,USD,"FIXED_PRICE,BEST_OFFER",2,0,,US,colleen.72,100.0,2026-08-09T18:24:22.000Z,,https://www.ebay.com/itm/407131896447?hash=item5ecaf3ba7f:g:xfgAAeSwNz9qeMVm,https://i.ebayimg.com/images/g/xfgAAeSwNz9qeMVm/s-l225.jpg
打包杂件,47.0,Nikon FE 35mm Film SLR Camera Bundle with 50mm f/2 Nikkor Lens & Manuals,Nikon,Film Cameras,Used,185.0,USD,"FIXED_PRICE,BEST_OFFER",18,0,mount:nikon f,US,msack,100.0,2026-08-09T23:04:13.000Z,,https://www.ebay.com/itm/117349352512?hash=item1b52910440:g:wSIAAeSwjZxqeQam,https://i.ebayimg.com/images/g/wSIAAeSwjZxqeQam/s-l225.jpg
型号不明,47.0,Carl Zeiss Jena Pancolar 2/50 f/2 Standard Prime Lens Aluminum Barrel,Zeiss,Vintage Lenses,,200.0,USD,"FIXED_PRICE,BEST_OFFER",4,0,,US,seb4t33,0.0,2026-08-09T15:57:57.000Z,,https://www.ebay.com/itm/236995863587?hash=item372e0de423:g:0BYAAeSwiodqdmIb,https://i.ebayimg.com/images/g/0BYAAeSwiodqdmIb/s-l225.jpg
残件/按现状;打包杂件,47.0,Vtg NIKON F 35mm Film Camera & Lens Bundle Untested With Film PLEASE READ. AS IS,Nikon,Film Cameras,Used,250.0,USD,"FIXED_PRICE,BEST_OFFER",10,0,mount:nikon f;as-is,US,3_magic_number,100.0,2026-08-10T01:06:42.000Z,,https://www.ebay.com/itm/278263845118?hash=item40c9d150fe:g:4wEAAeSwbjtqeSN7,https://i.ebayimg.com/images/g/4wEAAeSwbjtqeSN7/s-l225.jpg
打包杂件,46.0,Lot of 3 LenLen PARTS Nikon AF Nikkor 28-80mm Vivitar 85-205mm Albinar 80-200mm,Nikon,Lenses,Used,50.0,USD,"FIXED_PRICE,BEST_OFFER",7,0,mount:nikon f;neg;underpriced(med 229),US,bcgw-63,100.0,2026-08-09T18:12:15.000Z,,https://www.ebay.com/itm/358905246958?hash=item53906b74ee:g:ZZcAAeSwBUdqeML-,https://i.ebayimg.com/images/g/ZZcAAeSwBUdqeML-/s-l225.jpg
残件/按现状,46.0,Canon A1 Digital 8mm Hi-8 Canovision Camcorder w/ Case Charger Untested,Canon,Camcorders,Used,79.99,USD,"FIXED_PRICE,BEST_OFFER",8,0,grail:Canon A1;as-is,US,windycityraider94,99.2,2026-08-10T00:58:59.000Z,,https://www.ebay.com/itm/267752349030?hash=item3e57489d66:g:oVwAAeSwHn1qeSIT,https://i.ebayimg.com/images/g/oVwAAeSwHn1qeSIT/s-l225.jpg
型号不明,46.0,Used Sony DT 55-200 A-Mount Zoom Lens Clear Glass Smooth Focus,Sony,Lenses,Used,102.46,USD,"FIXED_PRICE,BEST_OFFER",7,0,underpriced(med 449),CN,qwertyu_60,100.0,2026-08-09T09:14:56.000Z,,https://www.ebay.com/itm/398266100033?hash=item5cba826941:g:mFUAAeSwBUdqeEUG,https://i.ebayimg.com/images/g/mFUAAeSwBUdqeEUG/s-l225.jpg
型号不明,46.0,Used Sony DT 55-200 A-Mount Zoom Lens Smooth Focus Clear Glass Front Cap Hood,Sony,Lenses,Used,102.46,USD,"FIXED_PRICE,BEST_OFFER",7,0,underpriced(med 449),CN,qwertyu_60,100.0,2026-08-09T08:57:45.000Z,,https://www.ebay.com/itm/398266040194?hash=item5cba817f82:g:Fi4AAeSw1clqeED-,https://i.ebayimg.com/images/g/Fi4AAeSw1clqeED-/s-l225.jpg
型号不明,46.0,Used Sigma 70-300 APO Macro Super Lens Fungus Functional,Sigma,Lenses,Used,118.13,USD,"FIXED_PRICE,BEST_OFFER",2,0,as-is;underpriced(med 369),CN,qwertyu_60,100.0,2026-08-09T10:27:48.000Z,,https://www.ebay.com/itm/398266282744?hash=item5cba8532f8:g:Z9YAAeSwMCBqeFYg,https://i.ebayimg.com/images/g/Z9YAAeSwMCBqeFYg/s-l225.jpg
型号不明,46.0,Used Sony DT 55-200 SAM Lens No Fungus Haze Scratch Caps Hood A Mount,Sony,Lenses,Used,119.16,USD,"FIXED_PRICE,BEST_OFFER",7,0,as-is;underpriced(med 449),CN,qwertyu_60,100.0,2026-08-09T09:16:09.000Z,,https://www.ebay.com/itm/398266102611?hash=item5cba827353:g:n8oAAeSwOLpqeEVP,https://i.ebayimg.com/images/g/n8oAAeSwOLpqeEVP/s-l225.jpg
型号不明,46.0,Used Sony DT 30/2.8 Macro Lens A-Mount Sharp Optics Smooth Focus,Sony,Lenses,Used,141.24,USD,"FIXED_PRICE,BEST_OFFER",8,0,underpriced(med 449),CN,qwertyu_60,100.0,2026-08-09T10:18:37.000Z,,https://www.ebay.com/itm/398266269790?hash=item5cba85005e:g:yyIAAeSwnCZqeFPx,https://i.ebayimg.com/images/g/yyIAAeSwnCZqeFPx/s-l225.jpg
型号不明,46.0,Used Sigma 10-20 EX DC HSM Nikon F Mount Lens,Sigma,Lenses,Used,153.82,USD,"FIXED_PRICE,BEST_OFFER",8,0,mount:nikon f;underpriced(med 369),CN,qwertyu_60,100.0,2026-08-09T10:15:49.000Z,,https://www.ebay.com/itm/398266267266?hash=item5cba84f682:g:vdYAAeSw1clqeFNJ,https://i.ebayimg.com/images/g/vdYAAeSw1clqeFNJ/s-l225.jpg
型号不明,45.0,3 Nikon Digital Camera Point And Shoot All Tested No Batteries EasyShare DX7630,Nikon,Digital Cameras,Used,27.99,USD,FIXED_PRICE,18,0,underpriced(med 235);low-feedback,US,militaryfindsfromallover,95.8,2026-08-09T20:05:51.000Z,,https://www.ebay.com/itm/398267741432?hash=item5cba9b74f8:g:RBUAAeSwPTdqeN0Y,https://i.ebayimg.com/images/g/RBUAAeSwPTdqeN0Y/s-l225.jpg
残件/按现状,45.0,Canon EOS Rebel T5 Digital SLR Camera Body Only 18MP 3in LCD Black Flash,Canon,Digital Cameras,For parts or not working,50.0,USD,"FIXED_PRICE,BEST_OFFER",2,0,underpriced(med 321);low-feedback,US,lurodr9092,94.4,2026-08-09T12:20:32.000Z,,https://www.ebay.com/itm/318702069219?hash=item4a341fa5e3:g:c4cAAeSw-klqeHBE,https://i.ebayimg.com/images/g/c4cAAeSw-klqeHBE/s-l225.jpg
型号不明,45.0,Minolta XD Silver Camera Body with Flaws from Japan,Minolta,Film Cameras,Used,155.99,USD,FIXED_PRICE,4,0,,JP,niigata-japan,99.3,2026-08-09T12:10:29.000Z,,https://www.ebay.com/itm/128017664320?hash=item1dce728940:g:aPgAAeSwH-NqeG8o,https://i.ebayimg.com/images/g/aPgAAeSwH-NqeG8o/s-l225.jpg
型号不明,45.0,Pentax KM Silver Body Camera Tested and Working From Japan,Pentax,Film Cameras,Used,168.99,USD,FIXED_PRICE,17,0,,JP,niigata-japan,99.3,2026-08-09T12:10:30.000Z,,https://www.ebay.com/itm/117348612994?hash=item1b5285bb82:g:T7kAAeSwBVhqeG6x,https://i.ebayimg.com/images/g/T7kAAeSwBVhqeG6x/s-l225.jpg
型号不明,45.0,Nikon FG Film SLR Camera with TAIKOR Lens and Flash Set From Japan,Nikon,Film Cameras,Used,169.99,USD,FIXED_PRICE,11,0,,JP,niigata-japan,99.3,2026-08-09T12:10:30.000Z,,https://www.ebay.com/itm/128017664386?hash=item1dce728982:g:a6wAAeSwocpqeG54,https://i.ebayimg.com/images/g/a6wAAeSwocpqeG54/s-l225.jpg
型号不明,45.0,Nikon FM Silver Film SLR Camera with Working Shutter From Japan,Nikon,Film Cameras,Used,175.99,USD,FIXED_PRICE,19,0,,JP,niigata-japan,99.3,2026-08-09T12:10:30.000Z,,https://www.ebay.com/itm/128017664405?hash=item1dce728995:g:ZaMAAeSw3C1qeG50,https://i.ebayimg.com/images/g/ZaMAAeSw3C1qeG50/s-l225.jpg
型号不明,45.0,[Complete operation/Good condition] Nikon EM SLR film camera body,Nikon,Film Cameras,Used,176.11,USD,"FIXED_PRICE,BEST_OFFER",11,0,,JP,mgaaoetom10rbmjc-1,99.1,2026-08-09T13:43:33.000Z,,https://www.ebay.com/itm/236995612002?hash=item372e0a0d62:g:0q8AAeSwUulqeIaX,https://i.ebayimg.com/images/g/0q8AAeSwUulqeIaX/s-l225.jpg
型号不明,45.0,FINEPIX J150w compact digital camera operation confirmed FUJIFILM,Fujifilm,Film Cameras,Used,177.37,USD,"FIXED_PRICE,BEST_OFFER",4,0,,JP,mgaaoetom10rbmjc-1,99.1,2026-08-09T13:43:59.000Z,,https://www.ebay.com/itm/236995613257?hash=item372e0a1249:g:GsoAAeSwL~NqeIVR,https://i.ebayimg.com/images/g/GsoAAeSwL~NqeIVR/s-l225.jpg
型号不明,45.0,Nikon EM Film SLR Camera Body with New Light Seals From Japan,Nikon,Film Cameras,Used,177.99,USD,FIXED_PRICE,9,0,,JP,niigata-japan,99.3,2026-08-09T12:10:31.000Z,,https://www.ebay.com/itm/128017664483?hash=item1dce7289e3:g:Dx0AAeSwfjZqeG54,https://i.ebayimg.com/images/g/Dx0AAeSwfjZqeG54/s-l225.jpg
型号不明,45.0,PENTAX film SLR camera black,Pentax,Film Cameras,Used,181.17,USD,"FIXED_PRICE,BEST_OFFER",4,0,,JP,mgaaoetom10rbmjc-1,99.1,2026-08-09T13:43:44.000Z,,https://www.ebay.com/itm/236995612623?hash=item372e0a0fcf:g:6c4AAeSwUcpqeITN,https://i.ebayimg.com/images/g/6c4AAeSwUcpqeITN/s-l225.jpg
型号不明,45.0,[Rare] MINOLTA 110 ZOOM SLR,Minolta,Film Cameras,Used,187.51,USD,"FIXED_PRICE,BEST_OFFER",11,0,,JP,mgaaoetom10rbmjc-1,99.1,2026-08-09T13:43:31.000Z,,https://www.ebay.com/itm/236995611801?hash=item372e0a0c99:g:LqYAAeSwsqlqeIS9,https://i.ebayimg.com/images/g/LqYAAeSwsqlqeIS9/s-l225.jpg
型号不明,45.0,Nikon FA Film Camera SLR Black with Working Meter From Japan,Nikon,Film Cameras,Used,197.99,USD,FIXED_PRICE,6,0,,JP,niigata-japan,99.3,2026-08-09T12:10:30.000Z,,https://www.ebay.com/itm/117348612974?hash=item1b5285bb6e:g:ZYkAAeSwCGNqeG7u,https://i.ebayimg.com/images/g/ZYkAAeSwCGNqeG7u/s-l225.jpg
残件/按现状,45.0,[For parts or repair onlys] Canon P 35mm Film Camera 50mm f/1.8 Lens From JAPAN,Canon,Film Cameras,For parts or not working,199.99,USD,FIXED_PRICE,12,0,as-is,JP,masaki-japan-2023,100.0,2026-08-09T22:14:42.000Z,,https://www.ebay.com/itm/206478490655?hash=item301313bc1f:g:hGYAAeSwPoZqePxM,https://i.ebayimg.com/images/g/hGYAAeSwPoZqePxM/s-l225.jpg
型号不明,45.0,"Nikon FG Film SLR Camera Black, Light Seals Replaced, From Japan",Nikon,Film Cameras,Used,205.99,USD,FIXED_PRICE,9,0,,JP,niigata-japan,99.3,2026-08-09T12:10:31.000Z,,https://www.ebay.com/itm/128017664481?hash=item1dce7289e1:g:ZbIAAeSwCGNqeG7w,https://i.ebayimg.com/images/g/ZbIAAeSwCGNqeG7w/s-l225.jpg
型号不明,45.0,Minolta XD Camera Body Black with Flaws,Minolta,Film Cameras,Used,206.99,USD,FIXED_PRICE,4,0,,JP,niigata-japan,99.3,2026-08-09T12:10:29.000Z,,https://www.ebay.com/itm/117348612894?hash=item1b5285bb1e:g:T9IAAeSwdixqeG6x,https://i.ebayimg.com/images/g/T9IAAeSwdixqeG6x/s-l225.jpg
型号不明,45.0,Nikon FM Film Camera Body Clean Sharp Image From Japan,Nikon,Film Cameras,Used,214.99,USD,FIXED_PRICE,11,0,,JP,niigata-japan,99.3,2026-08-09T12:10:30.000Z,,https://www.ebay.com/itm/117348612956?hash=item1b5285bb5c:g:T20AAeSwLKlqeG50,https://i.ebayimg.com/images/g/T20AAeSwLKlqeG50/s-l225.jpg
型号不明,45.0,Konica film camera body,Konica,Film Cameras,Used,228.05,USD,"FIXED_PRICE,BEST_OFFER",0,0,,JP,mgaaoetom10rbmjc-1,99.1,2026-08-09T14:20:53.000Z,,https://www.ebay.com/itm/236995672159?hash=item372e0af85f:g:rVAAAeSwYVRqeI0P,https://i.ebayimg.com/images/g/rVAAAeSwYVRqeI0P/s-l225.jpg
型号不明,45.0,PRF-105 Good Condition Lens Filter FUJIFILM,Fujifilm,Film Cameras,Used,228.05,USD,"FIXED_PRICE,BEST_OFFER",3,0,,JP,mgaaoetom10rbmjc-1,99.1,2026-08-09T14:20:49.000Z,,https://www.ebay.com/itm/236995671867?hash=item372e0af73b:g:YUkAAeSwF~xqeI0~,https://i.ebayimg.com/images/g/YUkAAeSwF~xqeI0~/s-l225.jpg
型号不明,45.0,⭐️Top MINT⭐️ Ricoh GW-4 Wide Conversion Lens + GA-1 Adapter For GR from JAPAN,Ricoh,Lenses,Used,229.99,USD,FIXED_PRICE,9,0,good-cond,JP,orihika-at,100.0,2026-08-09T07:10:11.000Z,,https://www.ebay.com/itm/318701124425?hash=item4a34113b49:g:DQYAAeSw4hZqGlYk,https://i.ebayimg.com/images/g/DQYAAeSw4hZqGlYk/s-l225.jpg
型号不明,45.0,Used Nikon FM Black Film SLR Camera from Japan,Nikon,Film Cameras,Used,233.99,USD,FIXED_PRICE,10,0,,JP,niigata-japan,99.3,2026-08-09T12:10:29.000Z,,https://www.ebay.com/itm/117348612887?hash=item1b5285bb17:g:TxcAAeSwsqlqeG9p,https://i.ebayimg.com/images/g/TxcAAeSwsqlqeG9p/s-l225.jpg
型号不明,45.0,Nikon FM Black Film SLR Camera with New Light Seals From Japan,Nikon,Film Cameras,Used,243.99,USD,FIXED_PRICE,9,0,,JP,niigata-japan,99.3,2026-08-09T12:10:31.000Z,,https://www.ebay.com/itm/128017664484?hash=item1dce7289e4:g:0-8AAeSw1cJqeG9n,https://i.ebayimg.com/images/g/0-8AAeSw1cJqeG9n/s-l225.jpg
型号不明,45.0,OLYMPUS 35 SP film camera body,Olympus,Film Cameras,Used,266.06,USD,"FIXED_PRICE,BEST_OFFER",6,0,,JP,mgaaoetom10rbmjc-1,99.1,2026-08-09T14:28:45.000Z,,https://www.ebay.com/itm/236995685249?hash=item372e0b2b81:g:plkAAeSw4VRqeI9V,https://i.ebayimg.com/images/g/plkAAeSw4VRqeI9V/s-l225.jpg
型号不明,45.0,Previewed: KONICA II,Konica,Film Cameras,Used,269.61,USD,"FIXED_PRICE,BEST_OFFER",7,0,,JP,mgaaoetom10rbmjc-1,99.1,2026-08-09T14:38:05.000Z,,https://www.ebay.com/itm/236995711035?hash=item372e0b903b:g:LOIAAeSwg5hqeJH8,https://i.ebayimg.com/images/g/LOIAAeSwg5hqeJH8/s-l225.jpg
型号不明,45.0,Canon IV Sb body,Canon,Film Cameras,Used,272.39,USD,"FIXED_PRICE,BEST_OFFER",8,0,,JP,mgaaoetom10rbmjc-1,99.1,2026-08-09T14:37:31.000Z,,https://www.ebay.com/itm/236995708744?hash=item372e0b8748:g:3EsAAeSwNtZqeJGk,https://i.ebayimg.com/images/g/3EsAAeSwNtZqeJGk/s-l225.jpg
型号不明,45.0,Hello Kitty Film Camera Fuji Film,Fuji,Film Cameras,Used,291.14,USD,"FIXED_PRICE,BEST_OFFER",1,0,,JP,mgaaoetom10rbmjc-1,99.1,2026-08-09T14:37:31.000Z,,https://www.ebay.com/itm/236995708798?hash=item372e0b877e:g:a3IAAeSwG~VqeJFk,https://i.ebayimg.com/images/g/a3IAAeSwG~VqeJFk/s-l225.jpg
型号不明,45.0,Nikon FA Silver Film SLR Camera Used From Japan,Nikon,Film Cameras,Used,299.99,USD,FIXED_PRICE,9,0,,JP,niigata-japan,99.3,2026-08-09T12:19:38.000Z,,https://www.ebay.com/itm/117348624827?hash=item1b5285e9bb:g:JhEAAeSwsJVqeHFU,https://i.ebayimg.com/images/g/JhEAAeSwsJVqeHFU/s-l225.jpg
型号不明,45.0,Super beautiful NIKON FG black with manual film malt new replacement H564,Nikon,Film Cameras,Used,301.53,USD,"FIXED_PRICE,BEST_OFFER",9,0,,JP,mgaaoetom10rbmjc-1,99.1,2026-08-09T14:45:18.000Z,,https://www.ebay.com/itm/236995720933?hash=item372e0bb6e5:g:8-oAAeSwlP5qeJM5,https://i.ebayimg.com/images/g/8-oAAeSwlP5qeJM5/s-l225.jpg
型号不明,45.0,PENTAX SLR camera MX black body,Pentax,Film Cameras,Used,309.13,USD,"FIXED_PRICE,BEST_OFFER",9,0,,JP,mgaaoetom10rbmjc-1,99.1,2026-08-09T14:45:19.000Z,,https://www.ebay.com/itm/236995720951?hash=item372e0bb6f7:g:RbwAAeSwVNpqeJM6,https://i.ebayimg.com/images/g/RbwAAeSwVNpqeJM6/s-l225.jpg
型号不明,45.0,Nikon FA SLR film camera + lens and strap included,Nikon,Film Cameras,Used,316.74,USD,"FIXED_PRICE,BEST_OFFER",5,0,,JP,mgaaoetom10rbmjc-1,99.1,2026-08-09T14:45:19.000Z,,https://www.ebay.com/itm/236995720940?hash=item372e0bb6ec:g:SG0AAeSwUp5qeJL~,https://i.ebayimg.com/images/g/SG0AAeSwUp5qeJL~/s-l225.jpg
型号不明,45.0,Olympus 35 SP film camera body,Olympus,Film Cameras,Used,354.74,USD,"FIXED_PRICE,BEST_OFFER",11,0,,JP,mgaaoetom10rbmjc-1,99.1,2026-08-09T15:03:05.000Z,,https://www.ebay.com/itm/236995755679?hash=item372e0c3e9f:g:AtIAAeSwdixqeJcm,https://i.ebayimg.com/images/g/AtIAAeSwdixqeJcm/s-l225.jpg
残件/按现状,44.0,Mamiya-Sekor 135mm f/4.5 Telephoto Lens Mamiya TLR Manual Focus 52mm Case,Mamiya,Lenses,For parts or not working,0.0,USD,"AUCTION,BEST_OFFER",6,0,52mm;auction,US,ffra_79,100.0,2026-08-09T18:30:08.000Z,2026-08-16T18:30:08.000Z,https://www.ebay.com/itm/800482943875?hash=itemba60806383:g:ShwAAeSwtixqeMbC,https://i.ebayimg.com/images/g/ShwAAeSwtixqeMbC/s-l225.jpg
残件/按现状,44.0,Panasonic NV-S7B Handheld Camcorder VHS-C Camcorder x16 Zoom - Untested,Panasonic,Camcorders,For parts or not working,34.16,USD,"FIXED_PRICE,BEST_OFFER",7,0,as-is;underpriced(med 108),GB,resell_family-2,100.0,2026-08-10T07:24:48.000Z,,https://www.ebay.com/itm/366596342608?hash=item555ad84350:g:E0oAAeSwD9RqHvF5,https://i.ebayimg.com/images/g/E0oAAeSwD9RqHvF5/s-l225.jpg
残件/按现状,44.0,RETRO CINE MOVIE CAMERA - PANASONIC NV - MS90B IN CASE UNTESTED,Panasonic,Camcorders,Used,40.47,USD,"FIXED_PRICE,BEST_OFFER",2,0,as-is;underpriced(med 108),GB,edwpr_45,100.0,2026-08-09T16:37:04.000Z,,https://www.ebay.com/itm/178390140837?hash=item2988e187a5:g:yZkAAeSw-V9qeKvp,https://i.ebayimg.com/images/g/yZkAAeSw-V9qeKvp/s-l225.jpg
残件/按现状,44.0,Fujifilm Instax Mini 90 Neo Classic Instant Film Camera FOR PARTS OR REPAIR,Fujifilm,Vintage Cameras,,69.0,USD,FIXED_PRICE,7,0,as-is,TR,enstanthane,98.1,2026-08-09T12:57:33.000Z,,https://www.ebay.com/itm/158169882481?hash=item24d3a8df71:g:v7gAAeSw7dlqc0j1,https://i.ebayimg.com/images/g/v7gAAeSw7dlqc0j1/s-l225.jpg
残件/按现状;打包杂件,44.0,Lot of 10 Nikon 35mm Point & Shoot Film Camera - Tele Touch Zoom Touch,Nikon,Film Cameras,For parts or not working,79.0,USD,FIXED_PRICE,7,0,neg;underpriced(med 250),US,cho2_43,99.2,2026-08-09T21:52:24.000Z,,https://www.ebay.com/itm/168601444336?hash=item27416ddff0:g:rPAAAeSw43poppGd,https://i.ebayimg.com/images/g/rPAAAeSw43poppGd/s-l225.jpg
残件/按现状,44.0,Pentax Optio X 5.0MP Compact Digital Camera Twist Camera - read desc,Pentax,Digital Cameras,For parts or not working,99.54,USD,"FIXED_PRICE,BEST_OFFER",9,0,underpriced(med 266),AU,stwill_07,99.4,2026-08-09T14:07:13.000Z,,https://www.ebay.com/itm/800482180840?hash=itemba6074bee8:g:5e8AAeSwUulqeIiR,https://i.ebayimg.com/images/g/5e8AAeSwUulqeIiR/s-l225.jpg
残件/按现状,44.0,Canon AF35M II Quartz Date 35mm Point & Shoot Film Camera - For Parts/Repair,Canon,Digital Cameras,For parts or not working,99.99,USD,"FIXED_PRICE,BEST_OFFER",22,0,as-is;underpriced(med 321),JO,emart-hub,100.0,2026-08-09T14:49:54.000Z,,https://www.ebay.com/itm/358904648338?hash=item5390625292:g:NswAAeSw5glqeHkL,https://i.ebayimg.com/images/g/NswAAeSw5glqeHkL/s-l225.jpg
残件/按现状,43.0,Vintage Kodak Brownie Hawkeye camera. Untested. Clean.,Kodak,Vintage Cameras,,25.0,USD,FIXED_PRICE,5,0,as-is,US,increas_2,100.0,2026-08-10T11:32:35.000Z,,https://www.ebay.com/itm/377407692538?hash=item57df405efa:g:9EIAAeSwIDhqeINd,https://i.ebayimg.com/images/g/9EIAAeSwIDhqeINd/s-l225.jpg
残件/按现状,43.0,Excellent Vintage Polaroid Sonar One Step Pronto Land Camera Untested With Strap,Polaroid,Vintage Cameras,,25.0,USD,"FIXED_PRICE,BEST_OFFER",8,0,as-is,US,essinkphotoandvideo,99.1,2026-08-10T03:29:23.000Z,,https://www.ebay.com/itm/336734866451?hash=item4e66f64c13:g:rugAAeSwHgFqeUWD,https://i.ebayimg.com/images/g/rugAAeSwHgFqeUWD/s-l225.jpg
型号不明,43.0,Yashica Yashikor Aux Telephoto & Wide Angle Lenses 1:4 S011 & S012 Set Vintage,Yashica,Lenses,Used,25.0,USD,"FIXED_PRICE,BEST_OFFER",3,0,,US,everyday_world_treasures,99.3,2026-08-09T20:09:13.000Z,,https://www.ebay.com/itm/298573237456?hash=item45845a0cd0:g:WH0AAeSw5AZnsiBh,https://i.ebayimg.com/images/g/WH0AAeSw5AZnsiBh/s-l225.jpg
残件/按现状,43.0,Sony Cyber-Shot DSC-S650 7.2 MP Digital Camera for Parts or Repair,Sony,Digital Cameras,For parts or not working,25.0,USD,FIXED_PRICE,16,0,as-is;underpriced(med 249),US,ilike2buy818,99.6,2026-08-09T19:51:38.000Z,,https://www.ebay.com/itm/178390632591?hash=item2988e9088f:g:dZMAAeSwqXxqeNik,https://i.ebayimg.com/images/g/dZMAAeSwqXxqeNik/s-l225.jpg
残件/按现状,43.0,Polaroid One Step Rainbow Stripe Land Camera White UNTESTED,Polaroid,Vintage Cameras,,25.0,USD,"FIXED_PRICE,BEST_OFFER",6,0,as-is,US,lmn-ca,100.0,2026-08-09T18:48:51.000Z,,https://www.ebay.com/itm/267752135965?hash=item3e57455d1d:g:sBEAAeSwFJ1qeMpf,https://i.ebayimg.com/images/g/sBEAAeSwFJ1qeMpf/s-l225.jpg
描述含糊,43.0,Kodak Tourist camera with f4.5 anastar Lens with accessories See Photos CLEAN!,Kodak,Vintage Cameras,,25.0,USD,FIXED_PRICE,16,0,,US,thecollectiblespimp,99.4,2026-08-09T18:03:33.000Z,,https://www.ebay.com/itm/188767479211?hash=item2bf36b25ab:g:~iYAAeSwD-lqZUPe,https://i.ebayimg.com/images/g/~iYAAeSwD-lqZUPe/s-l225.jpg
残件/按现状;打包杂件,43.0,Kodak Flexichrome Rare Vintage Color Lot 7 Colors Untested zaks,Kodak,Film Cameras,Used,25.35,USD,FIXED_PRICE,0,0,as-is,US,click-itz,100.0,2026-08-09T13:42:06.000Z,,https://www.ebay.com/itm/227468507480?hash=item34f62df958:g:jUIAAeSwv~Rpjd-J,https://i.ebayimg.com/images/g/jUIAAeSwv~Rpjd-J/s-l225.jpg
残件/按现状,43.0,Vintage Clean Kodak Brownie Flashmite 20 Outfit Camera Untested As Is,Kodak,Vintage Cameras,,25.52,USD,"FIXED_PRICE,BEST_OFFER",9,0,as-is,US,jamescleven5,99.9,2026-08-10T00:20:09.000Z,,https://www.ebay.com/itm/168601652774?hash=item2741710e26:g:~SAAAeSwMZBovgZm,https://i.ebayimg.com/images/g/~SAAAeSwMZBovgZm/s-l225.jpg
残件/按现状,43.0,Sony Mavica MVC-CD500 5.0MP Digital Camera Black Needs Battery Untested,Sony,Digital Cameras,Used,25.99,USD,"FIXED_PRICE,BEST_OFFER",10,0,as-is;underpriced(med 249),US,pzn527-us,99.6,2026-08-09T19:10:07.000Z,,https://www.ebay.com/itm/267752151324?hash=item3e5745991c:g:DEsAAOSwEi9l5Az2,https://i.ebayimg.com/images/g/DEsAAOSwEi9l5Az2/s-l225.jpg
残件/按现状,43.0,"Sony Cyber Shot DSC-W190, Black- For Parts. Charger, Batteries Memory Stick Incl",Sony,Digital Cameras,For parts or not working,25.99,USD,"FIXED_PRICE,BEST_OFFER",12,0,as-is;underpriced(med 249),US,jopie-0,100.0,2026-08-09T18:22:20.000Z,,https://www.ebay.com/itm/188767542947?hash=item2bf36c1ea3:g:LI4AAeSwtixqeMMV,https://i.ebayimg.com/images/g/LI4AAeSwtixqeMMV/s-l225.jpg
残件/按现状,43.0,Polaroid PZ2001 Film Camera AS IS,Polaroid,Vintage Cameras,,26.45,USD,"FIXED_PRICE,BEST_OFFER",8,0,as-is,US,thriftswiththrills,99.9,2026-08-09T04:35:01.000Z,,https://www.ebay.com/itm/318700696910?hash=item4a340ab54e:g:kggAAOSwEyVmsdQy,https://i.ebayimg.com/images/g/kggAAOSwEyVmsdQy/s-l225.jpg
残件/按现状,43.0,"Kodak Instamatic 104 Camera, Vintage 1960s, Made in USA, Untested",Kodak,Vintage Cameras,,27.5,USD,FIXED_PRICE,4,0,as-is,US,kimmyk_51,100.0,2026-08-09T17:12:27.000Z,,https://www.ebay.com/itm/358905084687?hash=item539068fb0f:g:eQ0AAeSwVjtqeLSI,https://i.ebayimg.com/images/g/eQ0AAeSwVjtqeLSI/s-l225.jpg
残件/按现状,43.0,Vtg Polaroid OneStep Land Camera Instant Film Camera Retro One Step Untested,Polaroid,Vintage Cameras,,28.99,USD,FIXED_PRICE,7,0,as-is,US,bigblues_attic,99.8,2026-08-09T04:25:38.000Z,,https://www.ebay.com/itm/800480590122?hash=itemba605c792a:g:BsEAAeSwWatqeAE-,https://i.ebayimg.com/images/g/BsEAAeSwWatqeAE-/s-l225.jpg
残件/按现状,43.0,Vintage Polaroid COLORPACK IV Instant Land Camera Untested for Parts Repair FLAW,Polaroid,Vintage Cameras,,29.0,USD,"FIXED_PRICE,BEST_OFFER",10,0,as-is,US,cmjblue42-9,100.0,2026-08-10T11:37:29.000Z,,https://www.ebay.com/itm/336735413713?hash=item4e66fea5d1:g:BbwAAeSwu~dp1CLZ,https://i.ebayimg.com/images/g/BbwAAeSwu~dp1CLZ/s-l225.jpg
残件/按现状,43.0,Panasonic Lumix DMC-TZ3 Digital Camera with Battery (NO CHARGER),Panasonic,Digital Cameras,For parts or not working,29.0,USD,"FIXED_PRICE,BEST_OFFER",7,0,underpriced(med 173),US,2ezdrip,99.9,2026-08-09T16:17:33.000Z,,https://www.ebay.com/itm/298572771214?hash=item458452ef8e:g:ewwAAeSwW3hqUUrS,https://i.ebayimg.com/images/g/ewwAAeSwW3hqUUrS/s-l225.jpg
残件/按现状,43.0,Vintage Polaroid OneStep Land Camera with Q-Light Flash Untested,Polaroid,Film Cameras,Used,29.0,USD,FIXED_PRICE,8,0,as-is,US,postfurnishings,99.9,2026-08-09T05:05:40.000Z,,https://www.ebay.com/itm/168599770200?hash=item2741545458:g:UzwAAeSw7-lqeArl,https://i.ebayimg.com/images/g/UzwAAeSw7-lqeArl/s-l225.jpg
残件/按现状,43.0,"Panasonic Lumix DMC-SZ7 Black 3"" LCD 10x Zoom Compact Digital Camera Read!!!",Panasonic,Digital Cameras,For parts or not working,29.69,USD,"FIXED_PRICE,BEST_OFFER",14,0,underpriced(med 173),US,the_retailer_009,99.8,2026-08-09T04:26:56.000Z,,https://www.ebay.com/itm/198557837127?hash=item2e3af82747:g:rmQAAeSwUp5qeAF4,https://i.ebayimg.com/images/g/rmQAAeSwUp5qeAF4/s-l225.jpg
残件/按现状,43.0,Polaroid One Step Plus Rainbow with Q-Light 2351 Flash Land Camera UNTESTED,Polaroid,Vintage Cameras,,29.96,USD,FIXED_PRICE,4,0,as-is,US,baystatevintagebuyers2022,99.8,2026-08-09T14:51:33.000Z,,https://www.ebay.com/itm/287514692905?hash=item42f1360d29:g:8lsAAeSw7EhqVm~n,https://i.ebayimg.com/images/g/8lsAAeSw7EhqVm~n/s-l225.jpg
残件/按现状;打包杂件,43.0,Lot of 2 Vintage Polaroid OneStep Land Camera Rainbow Stripe SX-70 Untested,Polaroid,Vintage Cameras,,29.99,USD,"FIXED_PRICE,BEST_OFFER",6,0,as-is,US,sunflowertreasuresco,100.0,2026-08-10T11:08:16.000Z,,https://www.ebay.com/itm/398269865542?hash=item5cbabbde46:g:iasAAeSw~zhpsB6x,https://i.ebayimg.com/images/g/iasAAeSw~zhpsB6x/s-l225.jpg
残件/按现状,43.0,Polaroid 600 Instant Film Camera Vintage Point And Shoot Blue W/Strap *Untested*,Polaroid,Vintage Cameras,,29.99,USD,"FIXED_PRICE,BEST_OFFER",7,0,as-is,US,oh_gee_records,100.0,2026-08-10T02:49:01.000Z,,https://www.ebay.com/itm/257671951740?hash=item3bfe71f57c:g:B3QAAeSwUrdqeTl3,https://i.ebayimg.com/images/g/B3QAAeSwUrdqeTl3/s-l225.jpg
残件/按现状,43.0,Polaroid 300 Purple Built-In Flash Instant Film Camera Untested,Polaroid,Film Cameras,Used,29.99,USD,FIXED_PRICE,5,0,as-is,US,goodwillsouthflorida,99.6,2026-08-10T02:12:17.000Z,,https://www.ebay.com/itm/800484213189?hash=itemba6093c1c5:g:kGMAAeSwlShqeTR4,https://i.ebayimg.com/images/g/kGMAAeSwlShqeTR4/s-l225.jpg
残件/按现状,43.0,Vintage Polaroid Sun 600 LMS Instant Film Camera UNTESTED,Polaroid,Film Cameras,Used,29.99,USD,"FIXED_PRICE,BEST_OFFER",5,0,as-is,US,hannahstreasuretrove-24,100.0,2026-08-09T16:14:27.000Z,,https://www.ebay.com/itm/168600888626?hash=item2741656532:g:f0UAAeSwsTBpWyxa,https://i.ebayimg.com/images/g/f0UAAeSwsTBpWyxa/s-l225.jpg
残件/按现状,43.0,*PARTS/REPAIR* Sony Cyber-Shot DSC-W70 7.2MP Digital Camera (READ),Sony,Digital Cameras,For parts or not working,29.99,USD,FIXED_PRICE,9,0,underpriced(med 249),US,jna_distributions,99.5,2026-08-09T08:56:38.000Z,,https://www.ebay.com/itm/227468217995?hash=item34f6298e8b:g:AkYAAeSwJvdqeAyp,https://i.ebayimg.com/images/g/AkYAAeSwJvdqeAyp/s-l225.jpg
残件/按现状,43.0,Kodak Retina II c Vintage Film Camera — Untested.,Kodak,Vintage Cameras,,30.0,USD,"FIXED_PRICE,BEST_OFFER",5,0,as-is,US,phillilync_4,100.0,2026-08-10T12:12:29.000Z,,https://www.ebay.com/itm/236997351788?hash=item372e24996c:g:5fMAAeSw1WFqeb7O,https://i.ebayimg.com/images/g/5fMAAeSw1WFqeb7O/s-l225.jpg
残件/按现状;打包杂件,43.0,"Camera Lot for Parts or Repair - Nishiki 3D, Kodak Pony, Keystone, Polaroid",Kodak,Vintage Cameras,,30.0,USD,"FIXED_PRICE,BEST_OFFER",19,0,as-is,US,itemsanew,100.0,2026-08-10T12:03:19.000Z,,https://www.ebay.com/itm/407133654893?hash=item5ecb0e8f6d:g:gMcAAeSwkixpsGls,https://i.ebayimg.com/images/g/gMcAAeSwkixpsGls/s-l225.jpg
残件/按现状,43.0,Kodak Instamatic X-15 126 Film Point & Shoot Black/Silver Untested,Kodak,Film Cameras,Used,30.0,USD,FIXED_PRICE,5,0,as-is,US,ghoststash26,100.0,2026-08-09T20:10:29.000Z,,https://www.ebay.com/itm/267752185996?hash=item3e5746208c:g:hD4AAeSwOjlqeN6o,https://i.ebayimg.com/images/g/hD4AAeSwOjlqeN6o/s-l225.jpg
残件/按现状,43.0,Vintage Polaroid Sun 600 LMS Instant Camera Black With Strap Black UNTESTED,Polaroid,Vintage Cameras,,30.0,USD,FIXED_PRICE,0,0,as-is,US,porky1973,100.0,2026-08-09T19:21:02.000Z,,https://www.ebay.com/itm/327302370851?hash=item4c34bdd623:g:MFgAAeSwhyNqeNK9,https://i.ebayimg.com/images/g/MFgAAeSwhyNqeNK9/s-l225.jpg
残件/按现状,43.0,SONY CYBERSHOT DSC-W55 PINK DIGITAL CAMERA NOT TESTED For Repair or Parts🗣,Sony,Digital Cameras,Used,31.5,USD,"FIXED_PRICE,BEST_OFFER",3,0,as-is;underpriced(med 249),US,fleamarketsandiego,99.6,2026-08-09T23:35:34.000Z,,https://www.ebay.com/itm/407132270693?hash=item5ecaf97065:g:z0gAAeSwcShqeQ63,https://i.ebayimg.com/images/g/z0gAAeSwcShqeQ63/s-l225.jpg
残件/按现状,43.0,Polaroid Now 2nd Generation I-Type Instant Film Camera White UNTESTED,Polaroid,Film Cameras,Used,31.99,USD,"FIXED_PRICE,BEST_OFFER",11,0,as-is,US,rusty_gold,99.8,2026-08-09T19:24:27.000Z,,https://www.ebay.com/itm/800483083290?hash=itemba6082841a:g:OoEAAeSwg5hqeNSf,https://i.ebayimg.com/images/g/OoEAAeSwg5hqeNSf/s-l225.jpg
残件/按现状,43.0,"Panasonic LUMIX DMC-FX3 6.0MP Digital Camera - w/ Charger, Battery,Box Read",Panasonic,Digital Cameras,For parts or not working,32.22,USD,"FIXED_PRICE,BEST_OFFER",20,0,underpriced(med 173),US,adamthegreat2,99.6,2026-08-09T23:48:41.000Z,,https://www.ebay.com/itm/366595891359?hash=item555ad1609f:g:~2AAAeSwGwNph5vX,https://i.ebayimg.com/images/g/~2AAAeSwGwNph5vX/s-l225.jpg
残件/按现状,43.0,Vintage Polaroid One Step SX-70 Instant Film Land Camera Untested Used Flash Bar,Polaroid,Vintage Cameras,,33.3,USD,FIXED_PRICE,11,0,as-is,US,jonw262,100.0,2026-08-10T08:11:52.000Z,,https://www.ebay.com/itm/128018863341?hash=item1dce84d4ed:g:ELYAAOSwevNnAs6X,https://i.ebayimg.com/images/g/ELYAAOSwevNnAs6X/s-l225.jpg
残件/按现状,43.0,Chinon Auto 6001 Point & Shoot Camera Plus Case UNTESTED 35mm Film,Chinon,Film Cameras,For parts or not working,33.95,USD,"FIXED_PRICE,BEST_OFFER",11,0,as-is,US,thrifty_family_pickers,99.8,2026-08-09T06:34:40.000Z,,https://www.ebay.com/itm/358903396295?hash=item53904f37c7:g:EYMAAOSwaf1lc2UV,https://i.ebayimg.com/images/g/EYMAAOSwaf1lc2UV/s-l225.jpg
残件/按现状,43.0,Kodak Baby Brownie Special Camera 1930/40s W/Instructions & Box Untested,Kodak,Vintage Cameras,,34.0,USD,"FIXED_PRICE,BEST_OFFER",12,0,as-is,US,noffin13,100.0,2026-08-09T15:27:33.000Z,,https://www.ebay.com/itm/267751990665?hash=item3e57432589:g:pcwAAeSwqXxqeJvM,https://i.ebayimg.com/images/g/pcwAAeSwqXxqeJvM/s-l225.jpg
残件/按现状,43.0,Polaroid Land Camera 150 with Flash Vintage Partial Box And Paper Work Untested,Polaroid,Vintage Cameras,,34.95,USD,FIXED_PRICE,8,0,as-is,US,my-mart.shop,100.0,2026-08-10T06:06:11.000Z,,https://www.ebay.com/itm/128018737057?hash=item1dce82e7a1:g:30MAAeSwZDpqQDSK,https://i.ebayimg.com/images/g/30MAAeSwZDpqQDSK/s-l225.jpg
残件/按现状,43.0,VTG Polaroid Camera 600 Impulse Instant Untested W Film Dead Battery Retro,Polaroid,Vintage Cameras,,34.99,USD,FIXED_PRICE,15,0,as-is,US,cargillcollection,99.8,2026-08-10T07:59:58.000Z,,https://www.ebay.com/itm/128018852714?hash=item1dce84ab6a:g:Mv4AAeSwhtpo6x4g,https://i.ebayimg.com/images/g/Mv4AAeSwhtpo6x4g/s-l225.jpg
残件/按现状,43.0,Sony Cyber-Shot DSC-W120/P 7.2MP Compact Digital Camera - For Parts or Repair,Sony,Digital Cameras,For parts or not working,34.99,USD,"FIXED_PRICE,BEST_OFFER",4,0,as-is;underpriced(med 249),US,tjbuysandsells,100.0,2026-08-09T20:45:43.000Z,,https://www.ebay.com/itm/407132078372?hash=item5ecaf68124:g:PdsAAeSwDO5qeOav,https://i.ebayimg.com/images/g/PdsAAeSwDO5qeOav/s-l225.jpg
型号不明,43.0,Polaroid GO Instant Camera NO FILM INCLUDED,Polaroid,Film Cameras,Used,34.99,USD,FIXED_PRICE,0,0,,US,paymore_summerville,99.7,2026-08-09T13:58:45.000Z,,https://www.ebay.com/itm/137602141920?hash=item2009ba0ee0:g:2zMAAeSwiuJqeIaS,https://i.ebayimg.com/images/g/2zMAAeSwiuJqeIaS/s-l225.jpg
残件/按现状,43.0,Polaroid Spectra System Instant Film Camera w/ Case & Manual Untested,Polaroid,Vintage Cameras,,34.99,USD,"FIXED_PRICE,BEST_OFFER",7,0,as-is,US,coalchamber998,100.0,2026-08-09T09:25:14.000Z,,https://www.ebay.com/itm/236995237363?hash=item372e0455f3:g:RkoAAeSwcbdo5~vh,https://i.ebayimg.com/images/g/RkoAAeSwcbdo5~vh/s-l225.jpg
残件/按现状,43.0,Vintage Polaroid Automatic 103 Land Camera Kit w/ Case Flash Manuals Untested,Polaroid,Vintage Cameras,,35.0,USD,"FIXED_PRICE,BEST_OFFER",23,0,as-is,US,itemsanew,100.0,2026-08-10T07:02:25.000Z,,https://www.ebay.com/itm/407133046039?hash=item5ecb054517:g:WcQAAeSwi~JpsCLv,https://i.ebayimg.com/images/g/WcQAAeSwi~JpsCLv/s-l225.jpg
残件/按现状,43.0,"Vintage ""Kodak Tourist's Camera / Kodet Lens In Box"" Untested / Free Shipping",Kodak,Vintage Cameras,,35.0,USD,FIXED_PRICE,2,0,as-is,US,grandpa1215,99.4,2026-08-09T19:24:08.000Z,,https://www.ebay.com/itm/257671305300?hash=item3bfe681854:g:S9AAAeSwqXxqeNLX,https://i.ebayimg.com/images/g/S9AAAeSwqXxqeNLX/s-l225.jpg
残件/按现状,43.0,Vintage Kodak XL55 Super 8 Film Home Video Movie Camera W/ Original Box Untested,Kodak,Vintage Cameras,,35.0,USD,"FIXED_PRICE,BEST_OFFER",12,0,as-is,US,flintc_30,99.6,2026-08-09T15:18:31.000Z,,https://www.ebay.com/itm/168600790980?hash=item274163e7c4:g:kTAAAeSwjWhqeJk4,https://i.ebayimg.com/images/g/kTAAAeSwjWhqeJk4/s-l225.jpg
残件/按现状,43.0,Sony Digital Mavica MVC-FD75 - Vintage Y2K Floppy Disk Camera Untested,Sony,Digital Cameras,Used,35.0,USD,FIXED_PRICE,18,0,as-is;underpriced(med 249),US,jenvi90,100.0,2026-08-09T11:14:38.000Z,,https://www.ebay.com/itm/298572118825?hash=item458448fb29:g:0HAAAeSwW3hqWqYg,https://i.ebayimg.com/images/g/0HAAAeSwW3hqWqYg/s-l225.jpg
残件/按现状,43.0,Polaroid Impulse 600 Instant Camera Vintage 80's Untested Powered On #7684,Polaroid,Vintage Cameras,,36.29,USD,"FIXED_PRICE,BEST_OFFER",6,0,as-is,US,country73pickin,100.0,2026-08-09T07:01:17.000Z,,https://www.ebay.com/itm/198558057444?hash=item2e3afb83e4:g:SSsAAOSwhRJktwjq,https://i.ebayimg.com/images/g/SSsAAOSwhRJktwjq/s-l225.jpg
残件/按现状,43.0,VTG Polaroid Land Camera One Step SX-70 UNTESTED Rainbow Stripe OG Box Manuals,Polaroid,Vintage Cameras,,36.99,USD,"FIXED_PRICE,BEST_OFFER",9,0,as-is,US,collectedit1st,100.0,2026-08-09T15:02:12.000Z,,https://www.ebay.com/itm/227468576808?hash=item34f62f0828:g:XzYAAeSwCz5qeJUE,https://i.ebayimg.com/images/g/XzYAAeSwCz5qeJUE/s-l225.jpg
残件/按现状,43.0,2 Sony Cyber-shot DSC-T70 & DSC-TX100V 8.1MP Compact Digital Camera PARTS ONLY,Sony,Digital Cameras,For parts or not working,39.0,USD,"FIXED_PRICE,BEST_OFFER",5,0,as-is;underpriced(med 249),US,zibbram,99.8,2026-08-09T17:20:00.000Z,,https://www.ebay.com/itm/307116475792?hash=item4781918590:g:tKQAAeSwMbhqeLZI,https://i.ebayimg.com/images/g/tKQAAeSwMbhqeLZI/s-l225.jpg
残件/按现状,43.0,Vintage Polaroid Impulse SE Instant Camera Auto Focus System Untested,Polaroid,Vintage Cameras,,39.95,USD,FIXED_PRICE,10,0,as-is,US,thingo,99.8,2026-08-10T00:54:55.000Z,,https://www.ebay.com/itm/327302620265?hash=item4c34c1a469:g:~wQAAeSwsqlqeSEN,https://i.ebayimg.com/images/g/~wQAAeSwsqlqeSEN/s-l225.jpg
残件/按现状,43.0,VINTAGE POLAROID IMPULSE AF Blue AUTOFOCUS SYSTEM Tested working needs Repair?,Polaroid,Vintage Cameras,,39.99,USD,FIXED_PRICE,4,0,,US,pickerpig,100.0,2026-08-10T05:32:25.000Z,,https://www.ebay.com/itm/128018714733?hash=item1dce82906d:g:5CkAAeSwrKZqeWC9,https://i.ebayimg.com/images/g/5CkAAeSwrKZqeWC9/s-l225.jpg
残件/按现状,43.0,Panasonic Lumix DMC-FX33 8.1MP Compact Digital Camera *Parts Only?*,Panasonic,Digital Cameras,For parts or not working,39.99,USD,FIXED_PRICE,7,0,as-is;underpriced(med 173),US,aha90230,100.0,2026-08-09T23:34:46.000Z,,https://www.ebay.com/itm/267752303677?hash=item3e5747ec3d:g:AJcAAeSwEe9qeQ4x,https://i.ebayimg.com/images/g/AJcAAeSwEe9qeQ4x/s-l225.jpg
残件/按现状,43.0,Panasonic LUMIX Lumix DMC-TZ5 9.1MP Digital Camera - Blue NO Battery NO Charger,Panasonic,Digital Cameras,For parts or not working,39.99,USD,FIXED_PRICE,7,0,underpriced(med 173),US,l.k.collections,100.0,2026-08-09T22:55:35.000Z,,https://www.ebay.com/itm/188768476379?hash=item2bf37a5cdb:g:akYAAeSw3bJqePF9,https://i.ebayimg.com/images/g/akYAAeSw3bJqePF9/s-l225.jpg
残件/按现状,43.0,Polaroid Land Camera 800 Vintage 1950s Folding - Untested For Parts Display Prop,Polaroid,Vintage Cameras,,39.99,USD,"FIXED_PRICE,BEST_OFFER",12,0,as-is,US,bowmans_bargains24,99.9,2026-08-09T15:38:48.000Z,,https://www.ebay.com/itm/298572689000?hash=item458451ae68:g:uU4AAeSwqXxqeJ3n,https://i.ebayimg.com/images/g/uU4AAeSwqXxqeJ3n/s-l225.jpg
打包杂件,43.0,Vintage Polaroid OneStep Land Camera & 600 AutoFocus SE 2 Piece Camera Lot,Polaroid,Vintage Cameras,,39.99,USD,FIXED_PRICE,7,0,,US,goodwillsocalshop,99.7,2026-08-09T13:37:29.000Z,,https://www.ebay.com/itm/267751877897?hash=item3e57416d09:g:j~EAAeSwAY9qb0i4,https://i.ebayimg.com/images/g/j~EAAeSwAY9qb0i4/s-l225.jpg
残件/按现状,43.0,Vintage Ansco Regent 35MM Camera w/50MM F3.5 Agfa Apotar Lens Untested,Agfa,Vintage Cameras,,39.99,USD,FIXED_PRICE,12,0,as-is,US,ttotheoresale,99.8,2026-08-09T10:42:46.000Z,,https://www.ebay.com/itm/206477264070?hash=item30130104c6:g:5m4AAeSwhjdo1pi2,https://i.ebayimg.com/images/g/5m4AAeSwhjdo1pi2/s-l225.jpg
残件/按现状,43.0,-Kodak 35 Rangefinder Camera w Anastigmat Special 50mm f/3.5-FOR PARTS/ AS-IS,Kodak,Film Cameras,For parts or not working,39.99,USD,FIXED_PRICE,8,0,as-is,US,westborncam2,99.9,2026-08-09T04:47:09.000Z,,https://www.ebay.com/itm/198557867284?hash=item2e3af89d14:g:n-sAAeSwzDRqZ369,https://i.ebayimg.com/images/g/n-sAAeSwzDRqZ369/s-l225.jpg
残件/按现状,43.0,Polaroid Autofocus 660 Land Camera w/Case Untested,Polaroid,Vintage Cameras,,40.0,USD,FIXED_PRICE,8,0,as-is,US,ests03,100.0,2026-08-09T21:59:41.000Z,,https://www.ebay.com/itm/178390954480?hash=item2988edf1f0:g:OIcAAeSwQp1p2agh,https://i.ebayimg.com/images/g/OIcAAeSwQp1p2agh/s-l225.jpg
残件/按现状,43.0,Petri 7S 35mm Rangefinder Camera 45mm f1.8 Circle-Eye System Untested,Petri,Vintage Cameras,,40.0,USD,"FIXED_PRICE,BEST_OFFER",3,0,as-is,US,literarymomnc,100.0,2026-08-09T18:50:31.000Z,,https://www.ebay.com/itm/227468799514?hash=item34f6326e1a:g:tcsAAeSwfoNqeMtp,https://i.ebayimg.com/images/g/tcsAAeSwfoNqeMtp/s-l225.jpg
型号不明,43.0,Soligor Miranda Lens 1:1.9 f=5cm No 4860598 Made In Japan DENTED,Miranda,Lenses,Used,40.0,USD,FIXED_PRICE,7,0,,US,jaxdealsplus,99.9,2026-08-09T15:53:16.000Z,,https://www.ebay.com/itm/327302168645?hash=item4c34bac045:g:qVUAAeSwg5hqeJ5X,https://i.ebayimg.com/images/g/qVUAAeSwg5hqeJ5X/s-l225.jpg
残件/按现状,43.0,Polaroid Automatic 230 Land Camera w/ Flash Manual Case Lenses Film Untested,Polaroid,Vintage Cameras,,44.99,USD,"FIXED_PRICE,BEST_OFFER",23,0,as-is,US,makebetterfinds,99.9,2026-08-09T18:18:56.000Z,,https://www.ebay.com/itm/227468775020?hash=item34f6320e6c:g:rKAAAOSwHhhoQITB,https://i.ebayimg.com/images/g/rKAAAOSwHhhoQITB/s-l225.jpg
残件/按现状,43.0,Vintage Polaroid Land Camera 95 Folding Instant Film Camera USA Untested,Polaroid,Vintage Cameras,,44.99,USD,FIXED_PRICE,21,0,as-is,US,ttotheoresale,99.8,2026-08-09T10:42:46.000Z,,https://www.ebay.com/itm/206477264096?hash=item30130104e0:g:qLQAAeSwwrlofUru,https://i.ebayimg.com/images/g/qLQAAeSwwrlofUru/s-l225.jpg
残件/按现状,43.0,Kodak Brownie 8 Movie Vintage 8mm Cine Camera f/2.7 Untested,Kodak,Vintage Cameras,,45.0,USD,FIXED_PRICE,4,0,as-is,US,ghoststash26,100.0,2026-08-09T19:55:27.000Z,,https://www.ebay.com/itm/257671369181?hash=item3bfe6911dd:g:bGMAAeSwMbhqeNq9,https://i.ebayimg.com/images/g/bGMAAeSwMbhqeNq9/s-l225.jpg
残件/按现状,43.0,Vintage Agfa FC2306 Movexoom 8mm Movie Camera Untested,Agfa,Vintage Cameras,,45.0,USD,FIXED_PRICE,7,0,as-is,US,pm20-285,99.5,2026-08-09T19:12:15.000Z,,https://www.ebay.com/itm/398267630951?hash=item5cba99c567:g:FPQAAeSwg5hqeNAe,https://i.ebayimg.com/images/g/FPQAAeSwg5hqeNAe/s-l225.jpg
残件/按现状,43.0,Panasonic LUMIX DMC-ZS35 16.0MP Digital Camera - Black For Parts Or Repair,Panasonic,Digital Cameras,For parts or not working,45.0,USD,"FIXED_PRICE,BEST_OFFER",5,0,as-is;underpriced(med 173),US,retro_games-and-more,100.0,2026-08-09T13:14:40.000Z,,https://www.ebay.com/itm/407131385687?hash=item5ecaebef57:g:zu8AAeSwk3lqeHzB,https://i.ebayimg.com/images/g/zu8AAeSwk3lqeHzB/s-l225.jpg
残件/按现状,43.0,Polaroid Automatic 250 Land Camera Vintage With Flash Case & Accessories As-Is,Polaroid,Vintage Cameras,,45.95,USD,"FIXED_PRICE,BEST_OFFER",23,0,as-is,US,craigs-collectibles,100.0,2026-08-09T23:00:00.000Z,,https://www.ebay.com/itm/137603108647?hash=item2009c8cf27:g:tR4AAeSwptlpWUTB,https://i.ebayimg.com/images/g/tR4AAeSwptlpWUTB/s-l225.jpg
残件/按现状,43.0,Vintage Polaroid Sun 600 LMS Instant Film Camera UNTESTED,Polaroid,Film Cameras,Used,49.99,USD,"FIXED_PRICE,BEST_OFFER",5,0,as-is,US,hannahstreasuretrove-24,100.0,2026-08-09T16:14:27.000Z,,https://www.ebay.com/itm/168600888606?hash=item274165651e:g:BDcAAeSwRGVpWy1s,https://i.ebayimg.com/images/g/BDcAAeSwRGVpWy1s/s-l225.jpg
残件/按现状,43.0,Vintage Polaroid Impulse Instant Film Camera and Strap UNTESTED,Polaroid,Vintage Cameras,,51.25,USD,"FIXED_PRICE,BEST_OFFER",6,0,as-is,US,anointedcollective,99.3,2026-08-10T10:50:04.000Z,,https://www.ebay.com/itm/407133479237?hash=item5ecb0be145:g:HQ8AAeSwimxn1aNb,https://i.ebayimg.com/images/g/HQ8AAeSwimxn1aNb/s-l225.jpg
残件/按现状,43.0,VTG Kodak Instamatic Reflex Camera Germany Schneider Xenar 45mm f2.8 Untested,Kodak,Vintage Cameras,,54.99,USD,FIXED_PRICE,11,0,as-is,US,ttotheoresale,99.8,2026-08-10T07:25:21.000Z,,https://www.ebay.com/itm/206479562652?hash=item301324179c:g:P-8AAeSwfLNosAev,https://i.ebayimg.com/images/g/P-8AAeSwfLNosAev/s-l225.jpg
残件/按现状,43.0,Sony Alpha SLT-A57 16.1MP SLT Digital Camera Cracked Mirror,Sony,Digital Cameras,For parts or not working,54.99,USD,FIXED_PRICE,7,0,underpriced(med 249),US,paymore_spring_valley,97.8,2026-08-09T09:23:12.000Z,,https://www.ebay.com/itm/178389062755?hash=item2988d11463:g:fTgAAeSwYtBqeEb3,https://i.ebayimg.com/images/g/fTgAAeSwYtBqeEb3/s-l225.jpg
残件/按现状,43.0,1980s Polaroid Supercolor 635CL Instant Rainbow Stripe Camera - UNTESTED,Polaroid,Vintage Cameras,,58.0,USD,FIXED_PRICE,21,0,as-is,US,bigpoppag618,98.5,2026-08-09T19:57:16.000Z,,https://www.ebay.com/itm/137602932204?hash=item2009c61dec:g:eRIAAeSw~uRqeNiV,https://i.ebayimg.com/images/g/eRIAAeSw~uRqeNiV/s-l225.jpg
打包杂件,43.0,Sony Digital Mavica MVC-FD83 Floppy Disk Vtg Camera Bundle - TESTED WORKING,Sony,Digital Cameras,Used,59.0,USD,FIXED_PRICE,11,0,underpriced(med 249),US,chuckdav,99.9,2026-08-09T19:59:13.000Z,,https://www.ebay.com/itm/318703514387?hash=item4a3435b313:g:R1AAAeSw76lqeNvg,https://i.ebayimg.com/images/g/R1AAAeSw76lqeNvg/s-l225.jpg
打包杂件,43.0,Polaroid PRD006248 Now 2nd Generation I-Type Instant Camera & Film Bundle (12 MP,Polaroid,Vintage Cameras,,59.7,USD,FIXED_PRICE,6,0,,US,spark.goodies,98.8,2026-08-09T08:09:07.000Z,,https://www.ebay.com/itm/227468186352?hash=item34f62912f0:g:34MAAeSwfjZqeDZZ,https://i.ebayimg.com/images/g/34MAAeSwfjZqeDZZ/s-l225.jpg
打包杂件,43.0,Polaroid Go Generation 2 Everything Bundle Instant Camera + 16 Photos - Purple,Polaroid,Film Cameras,New,59.88,USD,FIXED_PRICE,4,0,,US,ezauctions2u,99.6,2026-08-10T00:13:21.000Z,,https://www.ebay.com/itm/137603348848?hash=item2009cc7970:g:RegAAeSw-zVqeRcF,https://i.ebayimg.com/images/g/RegAAeSw-zVqeRcF/s-l225.jpg
残件/按现状,43.0,Vintage Minolta Rokkor-X 300mm MD Tele 1:56 Manual Focus Lens Read,Minolta,Lenses,For parts or not working,80.92,USD,"FIXED_PRICE,BEST_OFFER",12,0,mount:minolta md,US,openboxstudio,99.8,2026-08-09T15:00:18.000Z,,https://www.ebay.com/itm/287514705549?hash=item42f1363e8d:g:DsQAAeSwl5xqAjHz,https://i.ebayimg.com/images/g/DsQAAeSwl5xqAjHz/s-l225.jpg
残件/按现状,43.0,Minolta XD 35mm Film SLR Camera Body READ Untested JAPAN #217,Minolta,Film Cameras,Used,87.91,USD,FIXED_PRICE,8,0,as-is;low-feedback,JP,vipress,75.0,2026-08-09T08:19:40.000Z,,https://www.ebay.com/itm/206477043116?hash=item3012fda5ac:g:JnQAAeSwSJFqeDgQ,https://i.ebayimg.com/images/g/JnQAAeSwSJFqeDgQ/s-l225.jpg
残件/按现状,43.0,Canon PowerShot Digital ELPH SD600 and BROKEN Powershot A510 (corroded battery),Canon,Digital Cameras,Used,110.0,USD,"FIXED_PRICE,AUCTION",4,0,as-is;underpriced(med 321);auction;low-feedback,US,rorsharch30307,96.0,2026-08-09T23:50:19.000Z,2026-08-16T23:50:19.000Z,https://www.ebay.com/itm/236996485738?hash=item372e17626a:g:4AwAAeSwDgxqEa5c,https://i.ebayimg.com/images/g/4AwAAeSwDgxqEa5c/s-l225.jpg
打包杂件,43.0,Nikon COOLPIX S210 8.0MP Digital Camera Plum Bundle Tested Works Near Mint,Nikon,Digital Cameras,Used,119.87,USD,"FIXED_PRICE,BEST_OFFER",4,0,good-cond,US,theeyesoftexas,99.7,2026-08-09T16:16:54.000Z,,https://www.ebay.com/itm/188767113456?hash=item2bf36590f0:g:HSUAAeSwFU5qeKeJ,https://i.ebayimg.com/images/g/HSUAAeSwFU5qeKeJ/s-l225.jpg
型号不明,43.0,CANON Digital Camera Used,Canon,Digital Cameras,Used,134.32,USD,"FIXED_PRICE,BEST_OFFER",9,0,underpriced(med 321);low-feedback,JP,nissn_3,95.0,2026-08-09T11:48:49.000Z,,https://www.ebay.com/itm/366594962533?hash=item555ac33465:g:GwEAAeSwXRhqeGpS,https://i.ebayimg.com/images/g/GwEAAeSwXRhqeGpS/s-l225.jpg
型号不明,43.0,PENTAX SLR Film Camera Body Used Japan,Pentax,Film Cameras,Used,134.32,USD,"FIXED_PRICE,BEST_OFFER",11,0,low-feedback,JP,nissn_3,95.0,2026-08-09T10:05:01.000Z,,https://www.ebay.com/itm/366594851518?hash=item555ac182be:g:m~MAAeSw1cJqeFFJ,https://i.ebayimg.com/images/g/m~MAAeSw1cJqeFFJ/s-l225.jpg
型号不明,43.0,CANON EFS55-250 F4-5.6 IS II Lens,Canon,Lenses,Used,159.12,USD,FIXED_PRICE,4,0,,JP,benzaitenten_japan,100.0,2026-08-09T09:18:30.000Z,,https://www.ebay.com/itm/800481320433?hash=itemba60679df1:g:w-IAAeSwU4ZqeEZh,https://i.ebayimg.com/images/g/w-IAAeSwU4ZqeEZh/s-l225.jpg
型号不明,43.0,CANON EFS55-250/4-5.6IS Camera Lens,Canon,Lenses,Used,159.12,USD,FIXED_PRICE,7,0,,JP,benzaitenten_japan,100.0,2026-08-09T08:52:56.000Z,,https://www.ebay.com/itm/800481250908?hash=itemba60668e5c:g:jTMAAeSwMCBqeEBj,https://i.ebayimg.com/images/g/jTMAAeSwMCBqeEBj/s-l225.jpg
型号不明,43.0,CANON EF50MM F2.5 Prime Lens,Canon,Lenses,Used,159.12,USD,FIXED_PRICE,5,0,,JP,benzaitenten_japan,100.0,2026-08-09T08:52:06.000Z,,https://www.ebay.com/itm/800481249389?hash=itemba6066886d:g:lVAAAeSwazxqeEA0,https://i.ebayimg.com/images/g/lVAAAeSwazxqeEA0/s-l225.jpg
型号不明,43.0,CANON KISS X2 Digital SLR Body,Canon,Lenses,Used,159.12,USD,FIXED_PRICE,1,0,,JP,benzaitenten_japan,100.0,2026-08-09T07:54:15.000Z,,https://www.ebay.com/itm/800481093009?hash=itemba60642591:g:4lQAAeSwsnZqeDKo,https://i.ebayimg.com/images/g/4lQAAeSwsnZqeDKo/s-l225.jpg
型号不明,43.0,CANON EFS55-250/4-5.6 IS Camera Lens,Canon,Lenses,Used,164.43,USD,FIXED_PRICE,6,0,,JP,benzaitenten_japan,100.0,2026-08-09T08:56:43.000Z,,https://www.ebay.com/itm/800481257697?hash=itemba6066a8e1:g:pEkAAeSw2SRqeEH8,https://i.ebayimg.com/images/g/pEkAAeSw2SRqeEH8/s-l225.jpg
型号不明,43.0,CANON COMPACT-MACRO EF50MM F2.5 Lens,Canon,Lenses,Used,169.75,USD,FIXED_PRICE,3,0,,JP,benzaitenten_japan,100.0,2026-08-09T09:17:27.000Z,,https://www.ebay.com/itm/800481319562?hash=itemba60679a8a:g:SegAAeSwHiJqeEYp,https://i.ebayimg.com/images/g/SegAAeSwHiJqeEYp/s-l225.jpg
型号不明,43.0,CANON EF50mm F1.8 II Prime Lens,Canon,Lenses,Used,169.75,USD,FIXED_PRICE,6,0,,JP,benzaitenten_japan,100.0,2026-08-09T08:53:08.000Z,,https://www.ebay.com/itm/800481251194?hash=itemba60668f7a:g:c~MAAeSwjgRqeEEl,https://i.ebayimg.com/images/g/c~MAAeSwjgRqeEEl/s-l225.jpg
型号不明,43.0,CANON EF75-300 Zoom Lens,Canon,Lenses,Used,169.75,USD,FIXED_PRICE,6,0,,JP,benzaitenten_japan,100.0,2026-08-09T08:48:53.000Z,,https://www.ebay.com/itm/800481238160?hash=itemba60665c90:g:TyAAAeSwOwdqeD-t,https://i.ebayimg.com/images/g/TyAAAeSwOwdqeD-t/s-l225.jpg
型号不明,43.0,Canon 10-22 1:3.5-4.5 USM Wide-Angle Zoom Lens,Canon,Lenses,Used,169.75,USD,FIXED_PRICE,7,0,,JP,benzaitenten_japan,100.0,2026-08-09T08:23:45.000Z,,https://www.ebay.com/itm/800481179910?hash=itemba60657906:g:vpkAAeSwR01qeDlP,https://i.ebayimg.com/images/g/vpkAAeSwR01qeDlP/s-l225.jpg
型号不明,43.0,CANON EF50mm F1.8 II Prime,Canon,Lenses,Used,169.75,USD,FIXED_PRICE,3,0,,JP,benzaitenten_japan,100.0,2026-08-09T08:08:02.000Z,,https://www.ebay.com/itm/800481119774?hash=itemba60648e1e:g:4NQAAeSwoUJqeDYZ,https://i.ebayimg.com/images/g/4NQAAeSwoUJqeDYZ/s-l225.jpg
型号不明,43.0,CANON lens Used,Canon,Lenses,Used,173.12,USD,FIXED_PRICE,3,0,,JP,beecruise04,97.5,2026-08-09T16:40:48.000Z,,https://www.ebay.com/itm/318702885796?hash=item4a342c1ba4:g:0KAAAeSwBidqeK57,https://i.ebayimg.com/images/g/0KAAAeSwBidqeK57/s-l225.jpg
型号不明,43.0,CANON EF50MM F1.8 STM Prime Lens,Canon,Lenses,Used,191.02,USD,FIXED_PRICE,4,0,,JP,benzaitenten_japan,100.0,2026-08-09T08:56:17.000Z,,https://www.ebay.com/itm/800481257390?hash=itemba6066a7ae:g:TT0AAeSwTF5qeEFm,https://i.ebayimg.com/images/g/TT0AAeSwTF5qeEFm/s-l225.jpg
型号不明,43.0,CANON MACRO 0.3/0.98 Prime Lens,Canon,Lenses,Used,191.02,USD,FIXED_PRICE,8,0,,JP,benzaitenten_japan,100.0,2026-08-09T08:53:44.000Z,,https://www.ebay.com/itm/800481252024?hash=itemba606692b8:g:dmMAAeSwlC5qeEEK,https://i.ebayimg.com/images/g/dmMAAeSwlC5qeEEK/s-l225.jpg
型号不明,43.0,CANON 50MM1:1.8 STM Camera Lens,Canon,Lenses,Used,191.02,USD,FIXED_PRICE,3,0,,JP,benzaitenten_japan,100.0,2026-08-09T08:46:01.000Z,,https://www.ebay.com/itm/800481230776?hash=itemba60663fb8:g:a4IAAeSw3T9qeD94,https://i.ebayimg.com/images/g/a4IAAeSw3T9qeD94/s-l225.jpg
型号不明,43.0,CANON EF50MM F1.8STM Standard/Medium Telephoto Single Focus Lens,Canon,Lenses,Used,191.02,USD,FIXED_PRICE,8,0,,JP,benzaitenten_japan,100.0,2026-08-09T08:19:06.000Z,,https://www.ebay.com/itm/800481164311?hash=itemba60653c17:g:tV8AAeSwSLlqeDh~,https://i.ebayimg.com/images/g/tV8AAeSwSLlqeDh~/s-l225.jpg
型号不明,43.0,CANON KISS X3/ Lens Set Digital DSLR / Lens Set,Canon,Lenses,Used,191.02,USD,FIXED_PRICE,3,0,,JP,benzaitenten_japan,100.0,2026-08-09T08:15:12.000Z,,https://www.ebay.com/itm/800481149965?hash=itemba6065040d:g:8LwAAeSwwhdqeDhO,https://i.ebayimg.com/images/g/8LwAAeSwwhdqeDhO/s-l225.jpg
型号不明,43.0,KENKO 400 F8 MF N II Canon Mirror Lens,Canon,Lenses,Used,191.02,USD,FIXED_PRICE,5,0,,JP,benzaitenten_japan,100.0,2026-08-09T08:10:24.000Z,,https://www.ebay.com/itm/800481127834?hash=itemba6064ad9a:g:6vwAAeSwm6tqeDbl,https://i.ebayimg.com/images/g/6vwAAeSwm6tqeDbl/s-l225.jpg
型号不明,43.0,CANON EOS KISS F Lens Kit Digital DSLR,Canon,Lenses,Used,191.02,USD,FIXED_PRICE,11,0,,JP,benzaitenten_japan,100.0,2026-08-09T08:02:11.000Z,,https://www.ebay.com/itm/800481102029?hash=itemba606448cd:g:8rgAAeSwqylqeDS-,https://i.ebayimg.com/images/g/8rgAAeSwqylqeDS-/s-l225.jpg
型号不明,42.0,Used Pentax SMC 100-300 Autofocus Telephoto Lens Fungus Inside Caps,Pentax,Lenses,Used,102.46,USD,"FIXED_PRICE,BEST_OFFER",7,0,as-is,CN,qwertyu_60,100.0,2026-08-09T10:09:08.000Z,,https://www.ebay.com/itm/398266240925?hash=item5cba848f9d:g:lssAAeSwBXxqeFG6,https://i.ebayimg.com/images/g/lssAAeSwBXxqeFG6/s-l225.jpg
型号不明,42.0,Used MC Mirror 500/8 Reflex Lens Canon EF Mount Manual Focus No Fungus Haze,Canon,Lenses,Used,153.82,USD,"FIXED_PRICE,BEST_OFFER",8,0,mount:canon ef;as-is,CN,qwertyu_60,100.0,2026-08-09T10:29:55.000Z,,https://www.ebay.com/itm/398266290797?hash=item5cba85526d:g:clkAAeSwAfJqeFaW,https://i.ebayimg.com/images/g/clkAAeSwAfJqeFaW/s-l225.jpg
型号不明,42.0,Used Canon Extender EF 1.4x MK I Teleconverter EF Mount Auto Focus Caps,Canon,Lenses,Used,153.82,USD,"FIXED_PRICE,BEST_OFFER",8,0,mount:canon ef,CN,qwertyu_60,100.0,2026-08-09T10:07:44.000Z,,https://www.ebay.com/itm/398266237336?hash=item5cba848198:g:7f4AAeSw7OJqeEkR,https://i.ebayimg.com/images/g/7f4AAeSw7OJqeEkR/s-l225.jpg
型号不明,42.0,Used Canon EF-S 55-250 IS Lens Front Element Minor Fungus No Image Affect,Canon,Lenses,Used,153.82,USD,"FIXED_PRICE,BEST_OFFER",4,0,mount:canon ef;as-is,CN,qwertyu_60,100.0,2026-08-09T08:56:59.000Z,,https://www.ebay.com/itm/398266038721?hash=item5cba8179c1:g:EeEAAeSwR-FqeEDV,https://i.ebayimg.com/images/g/EeEAAeSwR-FqeEDV/s-l225.jpg
型号不明,42.0,Used Canon Extender EF 1.4X Teleconverter EF Mount Good Glass Front/Rear Caps,Canon,Lenses,Used,166.92,USD,"FIXED_PRICE,BEST_OFFER",8,0,mount:canon ef,CN,qwertyu_60,100.0,2026-08-09T08:54:05.000Z,,https://www.ebay.com/itm/398266036087?hash=item5cba816f77:g:864AAeSwjWhqeD4R,https://i.ebayimg.com/images/g/864AAeSwjWhqeD4R/s-l225.jpg
型号不明,42.0,Used Canon EF-S 18-135 IS Lens No Mold No Scratch Smooth Zoom,Canon,Lenses,Used,192.6,USD,"FIXED_PRICE,BEST_OFFER",8,0,mount:canon ef,CN,qwertyu_60,100.0,2026-08-09T08:58:38.000Z,,https://www.ebay.com/itm/398266042275?hash=item5cba8187a3:g:ByEAAeSwUp5qeEEy,https://i.ebayimg.com/images/g/ByEAAeSwUp5qeEEy/s-l225.jpg
型号不明,42.0,Medium Format Camera Body Model 645 PENTAX,Pentax,Lenses,Used,531.58,USD,FIXED_PRICE,4,0,grail:645,JP,zeton_ec,100.0,2026-08-09T06:24:58.000Z,,https://www.ebay.com/itm/158169049379?hash=item24d39c2923:g:oSoAAeSwUulqeB22,https://i.ebayimg.com/images/g/oSoAAeSwUulqeB22/s-l225.jpg
打包杂件,41.0,PENTAX IQZoom EZY 35mm Film Camera BUNDLE with 2 NEW BATTERIES and NEW FILM,Pentax,Film Cameras,Used,0.0,USD,"AUCTION,BEST_OFFER",6,0,auction,US,ishop-ubuy,100.0,2026-08-10T02:15:42.000Z,2026-08-15T02:15:42.000Z,https://www.ebay.com/itm/267752388476?hash=item3e5749377c:g:4egAAeSwIvJqeS89,https://i.ebayimg.com/images/g/4egAAeSwIvJqeS89/s-l225.jpg
残件/按现状,41.0,"Camera Repair Service for Nikon FG, FG-20, EM, FM, FM-10",Nikon,Film Cameras,For parts or not working,0.0,USD,AUCTION,0,0,auction,US,garryscamerarepair,100.0,2026-08-10T02:09:34.000Z,2026-08-20T02:09:34.000Z,https://www.ebay.com/itm/267752384761?hash=item3e574928f9:g:BmkAAOSwKctmjxC~,https://i.ebayimg.com/images/g/BmkAAOSwKctmjxC~/s-l225.jpg
残件/按现状,41.0,Minolta XG - 1 35mm Camera Minolta W/2 Macro Lenses 28-70mm & 75-200mm & Bag,Minolta,Film Cameras,For parts or not working,0.0,USD,AUCTION,6,0,auction,US,van66us,99.2,2026-08-10T02:04:00.000Z,2026-08-17T02:04:00.000Z,https://www.ebay.com/itm/128018469555?hash=item1dce7ed2b3:g:ZuAAAeSw4UlqJJIV,https://i.ebayimg.com/images/g/ZuAAAeSw4UlqJJIV/s-l225.jpg
打包杂件,41.0,Vintage / 35mm / Camera Lot / Yashica Electro 35 GSN / Ricoh XR-6 / Lenses,Yashica,Vintage Cameras,,0.0,USD,AUCTION,23,0,auction,US,jquadind,100.0,2026-08-09T22:59:18.000Z,2026-08-16T22:59:18.000Z,https://www.ebay.com/itm/128018309802?hash=item1dce7c62aa:g:yKcAAeSwtcBqcm0O,https://i.ebayimg.com/images/g/yKcAAeSwtcBqcm0O/s-l225.jpg
残件/按现状,41.0,"Canon Rebel 2000 EOS 35mm SLR Camera With Lens, Strap And Instructions UNTESTED",Canon,Film Cameras,Used,0.0,USD,AUCTION,10,0,as-is;auction,US,tajur8388,99.9,2026-08-09T22:50:53.000Z,2026-08-16T22:50:53.000Z,https://www.ebay.com/itm/358905908756?hash=item5390758e14:g:9TgAAeSwielqOGlg,https://i.ebayimg.com/images/g/9TgAAeSwielqOGlg/s-l225.jpg
残件/按现状,41.0,Canon Ftb Camera,Canon,Film Cameras,For parts or not working,0.0,USD,AUCTION,3,0,auction,US,vivavegasseller,100.0,2026-08-09T22:39:35.000Z,2026-08-16T22:39:35.000Z,https://www.ebay.com/itm/336734616275?hash=item4e66f27ad3:g:ZAsAAeSw8ChqeQDQ,https://i.ebayimg.com/images/g/ZAsAAeSw8ChqeQDQ/s-l225.jpg
残件/按现状;打包杂件,41.0,Vintage Minolta SR-7 35mm SLR Film Camera Bundle UNTESTED FLASH HOLDER BROKEN,Minolta,Film Cameras,Used,0.0,USD,"AUCTION,BEST_OFFER",21,0,as-is;auction,US,zipppdog,100.0,2026-08-09T21:51:44.000Z,2026-08-16T21:51:44.000Z,https://www.ebay.com/itm/287515288837?hash=item42f13f2505:g:Q0QAAOSwKO5oBT3L,https://i.ebayimg.com/images/g/Q0QAAOSwKO5oBT3L/s-l225.jpg
打包杂件,41.0,nikon fg camera Bundle,Nikon,Film Cameras,Used,0.0,USD,"AUCTION,BEST_OFFER",19,0,auction,US,har756901,100.0,2026-08-09T21:35:57.000Z,2026-08-14T21:35:57.000Z,https://www.ebay.com/itm/800483503997?hash=itemba6088ef7d:g:IDIAAeSwz-Bqa8NM,https://i.ebayimg.com/images/g/IDIAAeSwz-Bqa8NM/s-l225.jpg
打包杂件,41.0,LARGE VINTAGE CAMERA ESTATE LOT- CANON MINOLTA KODAK POLAROID & MORE,Canon,Vintage Cameras,,0.0,USD,"AUCTION,BEST_OFFER",8,0,auction,US,mmcp_841,100.0,2026-08-09T20:19:06.000Z,2026-08-16T20:19:06.000Z,https://www.ebay.com/itm/267752190691?hash=item3e574632e3:g:aWIAAeSwRRNqZN-2,https://i.ebayimg.com/images/g/aWIAAeSwRRNqZN-2/s-l225.jpg
打包杂件,41.0,Vintage Camera Lot- Nikon Brownie Argus Agfa Polaroid Vivid,Nikon,Vintage Cameras,,0.0,USD,AUCTION,6,0,auction,US,timelessarts2012,100.0,2026-08-09T20:02:12.000Z,2026-08-16T20:02:12.000Z,https://www.ebay.com/itm/257671376193?hash=item3bfe692d41:g:oIYAAeSwOPZqXP6R,https://i.ebayimg.com/images/g/oIYAAeSwOPZqXP6R/s-l225.jpg
残件/按现状;打包杂件,41.0,Lot of Cameras Untested Yashica Nikon Minolta Argus Kodak,Yashica,Vintage Cameras,,0.0,USD,AUCTION,12,0,as-is;auction,US,doricurra-0,100.0,2026-08-09T18:59:54.000Z,2026-08-16T18:59:54.000Z,https://www.ebay.com/itm/158170640651?hash=item24d3b4710b:g:Q68AAeSwSG9qeMwt,https://i.ebayimg.com/images/g/Q68AAeSwSG9qeMwt/s-l225.jpg
残件/按现状,41.0,nikon 8x super zoom vintage camera READ DESCRIPTION,Nikon,Film Cameras,Open box,0.0,USD,"AUCTION,BEST_OFFER",13,0,auction,US,gusbus1996,100.0,2026-08-09T17:24:40.000Z,2026-08-16T17:24:40.000Z,https://www.ebay.com/itm/137602604127?hash=item2009c11c5f:g:wh0AAeSwtWFqXQaa,https://i.ebayimg.com/images/g/wh0AAeSwtWFqXQaa/s-l225.jpg
残件/按现状,41.0,VINTAGE PRAKTICA BMS Electronic MC PENTACON PRAKTICAR PB 4-56/35-80 SOLD AS IS,Praktica,Film Cameras,Used,0.0,USD,AUCTION,14,0,as-is;auction,US,the-landing-zone,99.1,2026-08-09T17:10:18.000Z,2026-08-16T17:10:18.000Z,https://www.ebay.com/itm/137602552709?hash=item2009c05385:g:zsMAAeSwzHdqQVM~,https://i.ebayimg.com/images/g/zsMAAeSwzHdqQVM~/s-l225.jpg
残件/按现状;打包杂件,41.0,Lot Of Vintage Minolta Camera Parts Lenses Flash Cameras All UNTESTED,Minolta,Film Cameras,For parts or not working,0.0,USD,AUCTION,21,0,as-is;auction,US,vntggames,100.0,2026-08-09T16:41:48.000Z,2026-08-16T16:41:48.000Z,https://www.ebay.com/itm/267752044381?hash=item3e5743f75d:g:wMAAAeSwsqlqeKxV,https://i.ebayimg.com/images/g/wMAAAeSwsqlqeKxV/s-l225.jpg
打包杂件,41.0,Fujifilm Instax Mini 11 & Mini 9 Instant Film Camera Lot Tested 2 Pieces,Fujifilm,Film Cameras,Used,0.0,USD,AUCTION,7,0,auction,US,goodwillsocalshop,99.7,2026-08-09T13:55:08.000Z,2026-08-16T13:55:08.000Z,https://www.ebay.com/itm/267751892913?hash=item3e5741a7b1:g:FbgAAeSwIVVqeIfw,https://i.ebayimg.com/images/g/FbgAAeSwIVVqeIfw/s-l225.jpg
残件/按现状,41.0,Canon Sure Shot 76 Zoom 35mm Point & Shoot Auto Focus Built-In Flash w/ Box,Canon,Film Cameras,For parts or not working,0.0,USD,"AUCTION,BEST_OFFER",2,0,auction,US,thehutchesons,100.0,2026-08-09T13:37:56.000Z,2026-08-16T13:37:56.000Z,https://www.ebay.com/itm/398266720598?hash=item5cba8be156:g:GV4AAeSw6z1qeIJr,https://i.ebayimg.com/images/g/GV4AAeSw6z1qeIJr/s-l225.jpg
打包杂件,41.0,"Vintage Camera Lot Pentax ZX-10, Vivtar 2800, Winder Me 2, And Lens",Pentax,Film Cameras,Used,0.0,USD,AUCTION,11,0,auction,US,thriftyseller829,100.0,2026-08-09T13:19:09.000Z,2026-08-14T13:19:09.000Z,https://www.ebay.com/itm/358904391876?hash=item53905e68c4:g:chEAAeSw1cJqeH4j,https://i.ebayimg.com/images/g/chEAAeSw1cJqeH4j/s-l225.jpg
残件/按现状,41.0,Pentax IQZoom 140 35mm AF Point Shoot Zoom Film Camera UNTESTED No Battery,Pentax,Film Cameras,Used,0.0,USD,"AUCTION,BEST_OFFER",15,0,as-is;auction,US,amil4148,98.4,2026-08-09T12:56:51.000Z,2026-08-19T12:56:51.000Z,https://www.ebay.com/itm/327302002620?hash=item4c34b837bc:g:AWQAAeSw3YRp~3EW,https://i.ebayimg.com/images/g/AWQAAeSw3YRp~3EW/s-l225.jpg
型号不明,41.0,A Yashica camera with a set of suntar lens,Yashica,Film Cameras,Used,0.0,USD,AUCTION,5,0,auction,US,jexijente,100.0,2026-08-09T05:26:05.000Z,2026-08-16T05:26:05.000Z,https://www.ebay.com/itm/117348239008?hash=item1b528006a0:g:7EcAAeSwW4tqeAlr,https://i.ebayimg.com/images/g/7EcAAeSwW4tqeAlr/s-l225.jpg
打包杂件,41.0,NIKON N5005 CAMERA w/CASE AND LOTS OF EXTRAS,Nikon,Film Cameras,Used,0.0,USD,"AUCTION,BEST_OFFER",13,0,auction,US,dakota2bismarck,100.0,2026-08-09T05:16:10.000Z,2026-08-16T05:16:10.000Z,https://www.ebay.com/itm/168599792544?hash=item274154aba0:g:CssAAOSwdfFm16MX,https://i.ebayimg.com/images/g/CssAAOSwdfFm16MX/s-l225.jpg
残件/按现状,41.0,Sony Video Hi-8 Pro Camera W/ Carrying Case Untested No Charger,Sony,Camcorders,For parts or not working,62.5,USD,FIXED_PRICE,11,0,as-is;underpriced(med 165),US,8ten1944,99.8,2026-08-09T23:30:45.000Z,,https://www.ebay.com/itm/168601585929?hash=item2741700909:g:HOUAAeSwDRtqeR0E,https://i.ebayimg.com/images/g/HOUAAeSwDRtqeR0E/s-l225.jpg
残件/按现状,41.0,Polaroid Pronto Sonar One Step SX-70 Land Camera Manual Marsand Bag Untested,Polaroid,Vintage Cameras,,65.0,USD,"FIXED_PRICE,AUCTION",10,0,as-is;auction,US,bianca52708,100.0,2026-08-09T15:15:31.000Z,2026-08-16T15:15:31.000Z,https://www.ebay.com/itm/278262564608?hash=item40c9bdc700:g:whIAAeSwl~dpvuXJ,https://i.ebayimg.com/images/g/whIAAeSwl~dpvuXJ/s-l225.jpg
打包杂件,41.0,Sony Handycam CCD-TR70 Bundle w/ remote Video8 Camcorder Black Color Viewfinder,Sony,Camcorders,Used,69.77,USD,FIXED_PRICE,12,0,underpriced(med 165),US,globemd02,100.0,2026-08-09T21:27:15.000Z,,https://www.ebay.com/itm/267752235888?hash=item3e5746e370:g:sL4AAeSwBVhqeO~b,https://i.ebayimg.com/images/g/sL4AAeSwBVhqeO~b/s-l225.jpg
残件/按现状;描述含糊,41.0,Sony DCR-TRV27 Handycam MiniDV Digital Camcorder UNTESTED Unknown Functionality,Sony,Camcorders,For parts or not working,69.95,USD,"FIXED_PRICE,BEST_OFFER",20,0,as-is;underpriced(med 165),US,prelovedgizmosandgadgets,100.0,2026-08-09T12:53:11.000Z,,https://www.ebay.com/itm/257670750563?hash=item3bfe5fa163:g:cqoAAeSwRQxqeHhq,https://i.ebayimg.com/images/g/cqoAAeSwRQxqeHhq/s-l225.jpg
残件/按现状,41.0,Sony Handycam Hi8 CCD-TR81 Camcorder TESTED Broke Battery Clip Parts Camera READ,Sony,Camcorders,For parts or not working,69.99,USD,"FIXED_PRICE,BEST_OFFER",17,0,underpriced(med 165),US,makemeanofferdontbescared,98.8,2026-08-09T18:25:23.000Z,,https://www.ebay.com/itm/327302318036?hash=item4c34bd07d4:g:S~MAAeSwOxhpzXLq,https://i.ebayimg.com/images/g/S~MAAeSwOxhpzXLq/s-l225.jpg
残件/按现状,41.0,Sony Handycam DCR-SR46 40GB HDD 40x Optical Zoom Digital Camcorder Case,Sony,Camcorders,For parts or not working,69.99,USD,FIXED_PRICE,6,0,underpriced(med 165),US,goodwillsocalshop,99.7,2026-08-09T14:41:36.000Z,,https://www.ebay.com/itm/267751928457?hash=item3e57423289:g:MEgAAeSwLuxqXM5o,https://i.ebayimg.com/images/g/MEgAAeSwLuxqXM5o/s-l225.jpg
型号不明,41.0,MINOLTA lens AF 100-200 Used,Minolta,Lenses,Used,76.95,USD,FIXED_PRICE,4,0,,JP,beecruise04,97.5,2026-08-09T20:53:23.000Z,,https://www.ebay.com/itm/318703651068?hash=item4a3437c8fc:g:keoAAeSwCGNqeOnx,https://i.ebayimg.com/images/g/keoAAeSwCGNqeOnx/s-l225.jpg
型号不明,41.0,MINOLTA lenses Used,Minolta,Lenses,Used,76.95,USD,FIXED_PRICE,7,0,,JP,beecruise04,97.5,2026-08-09T20:53:15.000Z,,https://www.ebay.com/itm/318703650656?hash=item4a3437c760:g:3QwAAeSwR01qeOk3,https://i.ebayimg.com/images/g/3QwAAeSwR01qeOk3/s-l225.jpg
型号不明,41.0,MINOLTA Lens AF75-300 4.5-5.6 15601699 SLR Mount Used,Minolta,Lenses,Used,76.95,USD,FIXED_PRICE,4,0,,JP,beecruise04,97.5,2026-08-09T20:52:42.000Z,,https://www.ebay.com/itm/318703650116?hash=item4a3437c544:g:lLIAAeSwSUhqeOjY,https://i.ebayimg.com/images/g/lLIAAeSwSUhqeOjY/s-l225.jpg
型号不明,41.0,2 (TWO) MINOLTA MAXXUM LENSES AF 28-2.8 WIDE ANGLE & AF 100-200/4.5 ZOOM *NEW*,Minolta,Lenses,Open box,97.5,USD,"FIXED_PRICE,AUCTION",1,0,auction,US,kjscoolstuff4you,0.0,2026-08-09T18:05:19.000Z,2026-08-12T18:05:19.000Z,https://www.ebay.com/itm/168601078252?hash=item27416849ec:g:RE0AAeSwfwBqeKvU,https://i.ebayimg.com/images/g/RE0AAeSwfwBqeKvU/s-l225.jpg
残件/按现状,41.0,Tamron AF 70-300mm F/4-5.6 Di LD Macro 1:2 Canon EF A17E Box UNTESTED,Tamron,Lenses,Used,105.0,USD,FIXED_PRICE,10,0,mount:canon ef;as-is,US,alemilan-78,99.7,2026-08-09T17:41:10.000Z,,https://www.ebay.com/itm/407131836945?hash=item5ecaf2d211:g:zosAAeSwtixqeLq-,https://i.ebayimg.com/images/g/zosAAeSwtixqeLq-/s-l225.jpg
型号不明,41.0,Interchangeable Lens Model 05 TOY LENS TELEPHOTO PENTAX,Pentax,Lenses,Used,116.25,USD,FIXED_PRICE,2,0,,JP,zeton_ec,100.0,2026-08-09T06:24:57.000Z,,https://www.ebay.com/itm/158169049206?hash=item24d39c2876:g:TvUAAeSwDzRqeB22,https://i.ebayimg.com/images/g/TvUAAeSwDzRqeB22/s-l225.jpg
型号不明,41.0,Color Glass Model CL 011 PENTAX,Pentax,Lenses,Used,116.25,USD,FIXED_PRICE,7,0,,JP,zeton_ec,100.0,2026-08-09T06:24:57.000Z,,https://www.ebay.com/itm/158169049319?hash=item24d39c28e7:g:nRIAAeSws4lqeB5p,https://i.ebayimg.com/images/g/nRIAAeSws4lqeB5p/s-l225.jpg
型号不明,41.0,Standard and Medium Telephoto Prime Lens Model ST150 4 PENTAX,Pentax,Lenses,Used,127.18,USD,FIXED_PRICE,2,0,,JP,zeton_ec,100.0,2026-08-09T06:24:59.000Z,,https://www.ebay.com/itm/158169049563?hash=item24d39c29db:g:FDkAAeSwqhJqeB5t,https://i.ebayimg.com/images/g/FDkAAeSwqhJqeB5t/s-l225.jpg
残件/按现状,41.0,Tamron 16-300mm f/3.5-6.3 Di II VC PZD MACRO Lens for Canon EF - Manual Focus,Tamron,Lenses,For parts or not working,129.0,USD,"FIXED_PRICE,BEST_OFFER",9,0,mount:canon ef,US,bokehbros,99.8,2026-08-09T19:35:45.000Z,,https://www.ebay.com/itm/178390593589?hash=item2988e87035:g:SngAAeSwyudqeNZA,https://i.ebayimg.com/images/g/SngAAeSwyudqeNZA/s-l225.jpg
型号不明,41.0,EXCELLENT PENTAX REAR CONVERTER-A 1.4x-S For Pentax KTeleconverter,Pentax,Lenses,Very Good - Refurbished,130.0,USD,"FIXED_PRICE,BEST_OFFER",0,0,,JP,yamadacamera,100.0,2026-08-09T12:25:45.000Z,,https://www.ebay.com/itm/358904237617?hash=item53905c0e31:g:hV0AAeSwMCBqeHFc,https://i.ebayimg.com/images/g/hV0AAeSwMCBqeHFc/s-l225.jpg
型号不明,41.0,NIKON Lens Camera Lens Used From Japan,Nikon,Lenses,Used,134.26,USD,"FIXED_PRICE,BEST_OFFER",12,0,low-feedback,JP,nissn_3,95.0,2026-08-09T11:39:48.000Z,,https://www.ebay.com/itm/366594952121?hash=item555ac30bb9:g:FHAAAeSwkOdqeGf5,https://i.ebayimg.com/images/g/FHAAAeSwkOdqeGf5/s-l225.jpg
型号不明,41.0,Mount Adapter Model ADAPTER645FOR67LENS PENTAX,Pentax,Lenses,Used,138.11,USD,FIXED_PRICE,2,0,,JP,zeton_ec,100.0,2026-08-09T06:24:57.000Z,,https://www.ebay.com/itm/158169049312?hash=item24d39c28e0:g:kCYAAeSw4vtqeB5o,https://i.ebayimg.com/images/g/kCYAAeSw4vtqeB5o/s-l225.jpg
残件/按现状,41.0,NEVER USED Polaroid Swinger Model 20 Land Camera and Case White (Untested),Polaroid,Vintage Cameras,,149.0,USD,"FIXED_PRICE,AUCTION",9,0,as-is;auction,US,goodthingzzz,100.0,2026-08-09T20:35:44.000Z,2026-08-16T20:35:44.000Z,https://www.ebay.com/itm/318703626937?hash=item4a34376ab9:g:-XoAAOSwNcxlIxQD,https://i.ebayimg.com/images/g/-XoAAOSwNcxlIxQD/s-l225.jpg
型号不明,41.0,Single Lens Reflex Camera Model PENTAX ES 55 1.8 Asahi Optical,Pentax,Lenses,Used,149.04,USD,FIXED_PRICE,9,0,,JP,zeton_ec,100.0,2026-08-09T06:24:57.000Z,,https://www.ebay.com/itm/158169049224?hash=item24d39c2888:g:nIwAAeSwjZxqeB15,https://i.ebayimg.com/images/g/nIwAAeSwjZxqeB15/s-l225.jpg
残件/按现状,41.0,Canon 512XL Auto Zoom Electronic Movie Camera Japan UNTESTED,Canon,Vintage Cameras,,175.0,USD,"FIXED_PRICE,BEST_OFFER",14,0,as-is,US,positivelifeforever,99.0,2026-08-09T15:00:07.000Z,,https://www.ebay.com/itm/158170136120?hash=item24d3acbe38:g:r1wAAeSwLxhpk2KG,https://i.ebayimg.com/images/g/r1wAAeSwLxhpk2KG/s-l225.jpg
型号不明,41.0,CANON EF 50 F1.8 STM EF 50 F1.8 STM,Canon,Lenses,Used,201.66,USD,FIXED_PRICE,3,0,mount:canon ef,JP,benzaitenten_japan,100.0,2026-08-09T09:55:12.000Z,,https://www.ebay.com/itm/800481407823?hash=itemba6068f34f:g:jO8AAeSw-zVqeE93,https://i.ebayimg.com/images/g/jO8AAeSw-zVqeE93/s-l225.jpg
型号不明,41.0,CANON ZOOM EF 28-105 3.5-4.5 Lens,Canon,Lenses,Used,201.66,USD,FIXED_PRICE,2,0,mount:canon ef,JP,benzaitenten_japan,100.0,2026-08-09T09:49:32.000Z,,https://www.ebay.com/itm/800481387578?hash=itemba6068a43a:g:ek4AAeSwUp5qeE3k,https://i.ebayimg.com/images/g/ek4AAeSwUp5qeE3k/s-l225.jpg
型号不明,41.0,CANON EF 28-200 F3.5-5.6 USM Lens,Canon,Lenses,Used,201.66,USD,FIXED_PRICE,4,0,mount:canon ef,JP,benzaitenten_japan,100.0,2026-08-09T09:48:03.000Z,,https://www.ebay.com/itm/800481384557?hash=itemba6068986d:g:csEAAeSwg5hqeE2K,https://i.ebayimg.com/images/g/csEAAeSwg5hqeE2K/s-l225.jpg
型号不明,41.0,CANON EF 50 F1.8 STM Lens,Canon,Lenses,Used,201.66,USD,FIXED_PRICE,9,0,mount:canon ef,JP,benzaitenten_japan,100.0,2026-08-09T09:32:11.000Z,,https://www.ebay.com/itm/800481354351?hash=itemba6068226f:g:WHUAAeSwR01qeEnS,https://i.ebayimg.com/images/g/WHUAAeSwR01qeEnS/s-l225.jpg
型号不明,41.0,Canon EF-S 24/2.8 STM Wide-Angle Prime Lens,Canon,Lenses,Used,201.66,USD,FIXED_PRICE,4,0,mount:canon ef,JP,benzaitenten_japan,100.0,2026-08-09T08:41:08.000Z,,https://www.ebay.com/itm/800481224605?hash=itemba6066279d:g:YXoAAeSwk3lqeD4R,https://i.ebayimg.com/images/g/YXoAAeSwk3lqeD4R/s-l225.jpg
型号不明,41.0,Canon EFS 18-135 F:3.5-5.6 IS Wide-Angle Zoom Lens,Canon,Lenses,Used,212.29,USD,FIXED_PRICE,14,0,mount:canon ef,JP,benzaitenten_japan,100.0,2026-08-09T08:25:27.000Z,,https://www.ebay.com/itm/800481183170?hash=itemba606585c2:g:C8AAAeSwY5dqeDp2,https://i.ebayimg.com/images/g/C8AAAeSwY5dqeDp2/s-l225.jpg
型号不明,41.0,CANON EF 50 F1.8 Ⅱ CANON AF,Canon,Lenses,Used,222.93,USD,FIXED_PRICE,6,0,mount:canon ef,JP,benzaitenten_japan,100.0,2026-08-09T09:58:40.000Z,,https://www.ebay.com/itm/800481423760?hash=itemba60693190:g:5ywAAeSwxghqeE~J,https://i.ebayimg.com/images/g/5ywAAeSwxghqeE~J/s-l225.jpg
型号不明,41.0,CANON EF-S55-250 F4-5.6 IS STM Lens,Canon,Lenses,Used,222.93,USD,FIXED_PRICE,15,0,mount:canon ef,JP,benzaitenten_japan,100.0,2026-08-09T09:43:52.000Z,,https://www.ebay.com/itm/800481377324?hash=itemba60687c2c:g:5WAAAeSwaRZqeEyS,https://i.ebayimg.com/images/g/5WAAAeSwaRZqeEyS/s-l225.jpg
型号不明,41.0,CANON EF 75-300 F4-5.6 IS USM Lens,Canon,Lenses,Used,222.93,USD,FIXED_PRICE,5,0,mount:canon ef,JP,benzaitenten_japan,100.0,2026-08-09T09:40:55.000Z,,https://www.ebay.com/itm/800481371182?hash=itemba6068642e:g:888AAeSw-BBqeEvn,https://i.ebayimg.com/images/g/888AAeSw-BBqeEvn/s-l225.jpg
型号不明,41.0,CANON EF-S 18-135 F:3.5-5.6 IS Lens,Canon,Lenses,Used,222.93,USD,FIXED_PRICE,4,0,mount:canon ef,JP,benzaitenten_japan,100.0,2026-08-09T09:37:14.000Z,,https://www.ebay.com/itm/800481361330?hash=itemba60683db2:g:eNIAAeSwtlZqeErI,https://i.ebayimg.com/images/g/eNIAAeSwtlZqeErI/s-l225.jpg
型号不明,41.0,CANON EF-M 22 F2 STM Lens,Canon,Lenses,Used,222.93,USD,FIXED_PRICE,4,0,mount:canon ef,JP,benzaitenten_japan,100.0,2026-08-09T09:33:45.000Z,,https://www.ebay.com/itm/800481356891?hash=itemba60682c5b:g:5RcAAeSwrJFqeEpt,https://i.ebayimg.com/images/g/5RcAAeSwrJFqeEpt/s-l225.jpg
型号不明,41.0,CANON EF-M 11-22 F4-5.6 IS STM Lens,Canon,Lenses,Used,222.93,USD,FIXED_PRICE,7,0,mount:canon ef,JP,benzaitenten_japan,100.0,2026-08-09T09:33:09.000Z,,https://www.ebay.com/itm/800481356146?hash=itemba60682972:g:zwQAAeSw0KxqeEpJ,https://i.ebayimg.com/images/g/zwQAAeSw0KxqeEpJ/s-l225.jpg
型号不明,41.0,CANON EF-S 10-18 4.5-5.6 IS STM Lens,Canon,Lenses,Used,222.93,USD,FIXED_PRICE,3,0,mount:canon ef,JP,benzaitenten_japan,100.0,2026-08-09T09:21:06.000Z,,https://www.ebay.com/itm/800481325110?hash=itemba6067b036:g:feMAAeSwIVVqeEcA,https://i.ebayimg.com/images/g/feMAAeSwIVVqeEcA/s-l225.jpg
型号不明,41.0,CANON EF-S 24 1:2.8 STM Lens,Canon,Lenses,Used,222.93,USD,FIXED_PRICE,3,0,mount:canon ef,JP,benzaitenten_japan,100.0,2026-08-09T09:13:06.000Z,,https://www.ebay.com/itm/800481302108?hash=itemba6067565c:g:cR0AAeSwwhdqeEVZ,https://i.ebayimg.com/images/g/cR0AAeSwwhdqeEVZ/s-l225.jpg
型号不明,41.0,CANON EF-S 18-200 F3.5-5.6 IS Lens,Canon,Lenses,Used,222.93,USD,FIXED_PRICE,7,0,mount:canon ef,JP,benzaitenten_japan,100.0,2026-08-09T09:10:33.000Z,,https://www.ebay.com/itm/800481289622?hash=itemba60672596:g:qasAAeSwjSBqeEU8,https://i.ebayimg.com/images/g/qasAAeSwjSBqeEU8/s-l225.jpg
型号不明,41.0,CANON EF-S 55-250 F4-5.6 IS II Zoom Lens,Canon,Lenses,Used,222.93,USD,FIXED_PRICE,3,0,mount:canon ef,JP,benzaitenten_japan,100.0,2026-08-09T09:05:42.000Z,,https://www.ebay.com/itm/800481274908?hash=itemba6066ec1c:g:WXIAAeSwseNqeEMn,https://i.ebayimg.com/images/g/WXIAAeSwseNqeEMn/s-l225.jpg
型号不明,41.0,CANON EF-S 55-250 1:4-5 Camera Lens,Canon,Lenses,Used,222.93,USD,FIXED_PRICE,2,0,mount:canon ef,JP,benzaitenten_japan,100.0,2026-08-09T09:05:01.000Z,,https://www.ebay.com/itm/800481271817?hash=itemba6066e009:g:ocwAAeSwQOlqeEMA,https://i.ebayimg.com/images/g/ocwAAeSwQOlqeEMA/s-l225.jpg
型号不明,41.0,CANON EF-S 10-22 F3.5-4.5 USM Lens,Canon,Lenses,Used,222.93,USD,FIXED_PRICE,8,0,mount:canon ef,JP,benzaitenten_japan,100.0,2026-08-09T09:03:28.000Z,,https://www.ebay.com/itm/800481267760?hash=itemba6066d030:g:LaIAAeSw~uRqeENX,https://i.ebayimg.com/images/g/LaIAAeSw~uRqeENX/s-l225.jpg
型号不明,41.0,CANON EF-S55-250 F4-5.6 Zoom Lens,Canon,Lenses,Used,222.93,USD,FIXED_PRICE,4,0,mount:canon ef,JP,benzaitenten_japan,100.0,2026-08-09T09:00:54.000Z,,https://www.ebay.com/itm/800481264009?hash=itemba6066c189:g:ZSoAAeSwTHhqeEKD,https://i.ebayimg.com/images/g/ZSoAAeSwTHhqeEKD/s-l225.jpg
型号不明,41.0,CANON EF-S 55-250MM1:4-5.6IS II Camera Lens,Canon,Lenses,Used,222.93,USD,FIXED_PRICE,3,0,mount:canon ef,JP,benzaitenten_japan,100.0,2026-08-09T08:56:56.000Z,,https://www.ebay.com/itm/800481257904?hash=itemba6066a9b0:g:XKYAAeSwKTRqeEIK,https://i.ebayimg.com/images/g/XKYAAeSwKTRqeEIK/s-l225.jpg
型号不明,41.0,CANON EF-S10-18 1:4.5-5.6 IS STM Camera Lens,Canon,Lenses,Used,222.93,USD,FIXED_PRICE,6,0,mount:canon ef,JP,benzaitenten_japan,100.0,2026-08-09T08:54:46.000Z,,https://www.ebay.com/itm/800481255001?hash=itemba60669e59:g:jN4AAeSwQzFqeEFJ,https://i.ebayimg.com/images/g/jN4AAeSwQzFqeEFJ/s-l225.jpg
型号不明,41.0,CANON EF-S 24 F2.8 STM Prime Lens,Canon,Lenses,Used,222.93,USD,FIXED_PRICE,2,0,mount:canon ef,JP,benzaitenten_japan,100.0,2026-08-09T08:54:19.000Z,,https://www.ebay.com/itm/800481253433?hash=itemba60669839:g:jA8AAeSwa4FqeEFk,https://i.ebayimg.com/images/g/jA8AAeSwa4FqeEFk/s-l225.jpg
型号不明,41.0,CANON EF LENS 50 F:1.8 STM Prime Lens,Canon,Lenses,Used,222.93,USD,FIXED_PRICE,3,0,mount:canon ef,JP,benzaitenten_japan,100.0,2026-08-09T08:52:37.000Z,,https://www.ebay.com/itm/800481250555?hash=itemba60668cfb:g:lsMAAeSwdh5qeEDM,https://i.ebayimg.com/images/g/lsMAAeSwdh5qeEDM/s-l225.jpg
型号不明,41.0,CANON EF-S 55-250 1:4-5.6 IS II Camera Lens,Canon,Lenses,Used,222.93,USD,FIXED_PRICE,3,0,mount:canon ef,JP,benzaitenten_japan,100.0,2026-08-09T08:48:22.000Z,,https://www.ebay.com/itm/800481236819?hash=itemba60665753:g:gikAAeSw5VxqeD9T,https://i.ebayimg.com/images/g/gikAAeSw5VxqeD9T/s-l225.jpg
型号不明,41.0,Canon EF-S 55-250 4-5.6 IS II Telephoto Zoom Lens,Canon,Lenses,Used,222.93,USD,FIXED_PRICE,6,0,mount:canon ef,JP,benzaitenten_japan,100.0,2026-08-09T08:44:59.000Z,,https://www.ebay.com/itm/800481229420?hash=itemba60663a6c:g:aZ0AAeSwVhJqeD8-,https://i.ebayimg.com/images/g/aZ0AAeSwVhJqeD8-/s-l225.jpg
型号不明,41.0,Canon EF 28 F2.8 Wide-Angle Prime Lens,Canon,Lenses,Used,222.93,USD,FIXED_PRICE,2,0,mount:canon ef,JP,benzaitenten_japan,100.0,2026-08-09T08:43:55.000Z,,https://www.ebay.com/itm/800481228035?hash=itemba60663503:g:bsIAAeSwQzFqeD5K,https://i.ebayimg.com/images/g/bsIAAeSwQzFqeD5K/s-l225.jpg
型号不明,41.0,CANON EF 40 F2.8 STM Prime Lens,Canon,Lenses,Used,222.93,USD,FIXED_PRICE,1,0,mount:canon ef,JP,benzaitenten_japan,100.0,2026-08-09T08:42:40.000Z,,https://www.ebay.com/itm/800481226563?hash=itemba60662f43:g:gYsAAeSw3xtqeD3B,https://i.ebayimg.com/images/g/gYsAAeSw3xtqeD3B/s-l225.jpg
型号不明,41.0,CANON EF-S 55-250 1:4-5.6IS Telephoto Zoom Lens,Canon,Lenses,Used,222.93,USD,FIXED_PRICE,5,0,mount:canon ef,JP,benzaitenten_japan,100.0,2026-08-09T08:39:03.000Z,,https://www.ebay.com/itm/800481219189?hash=itemba60661275:g:epoAAeSw5UJqeD3b,https://i.ebayimg.com/images/g/epoAAeSw5UJqeD3b/s-l225.jpg
型号不明,41.0,Canon EF-S 10-18 F4.5-5.6 IS STM Wide-Angle Zoom Lens,Canon,Lenses,Used,222.93,USD,FIXED_PRICE,5,0,mount:canon ef,JP,benzaitenten_japan,100.0,2026-08-09T08:33:12.000Z,,https://www.ebay.com/itm/800481208828?hash=itemba6065e9fc:g:KDsAAeSwwyJqeDx7,https://i.ebayimg.com/images/g/KDsAAeSwwyJqeDx7/s-l225.jpg
型号不明,41.0,Canon EFS 10-18 Wide-Angle Zoom Lens,Canon,Lenses,Used,222.93,USD,FIXED_PRICE,5,0,mount:canon ef,JP,benzaitenten_japan,100.0,2026-08-09T08:31:58.000Z,,https://www.ebay.com/itm/800481206409?hash=itemba6065e089:g:Xy8AAeSwJoxqeDvv,https://i.ebayimg.com/images/g/Xy8AAeSwJoxqeDvv/s-l225.jpg
型号不明,41.0,CANON EF-S24MM 1:2.8STM Standard/Medium Telephoto Single Focus Lens,Canon,Lenses,Used,222.93,USD,FIXED_PRICE,12,0,mount:canon ef,JP,benzaitenten_japan,100.0,2026-08-09T08:27:07.000Z,,https://www.ebay.com/itm/800481187420?hash=itemba6065965c:g:yD8AAeSwk71qeDqW,https://i.ebayimg.com/images/g/yD8AAeSwk71qeDqW/s-l225.jpg
型号不明,41.0,Canon EF-S 10-18 F4.5-5.6 IS STM Ultra-Wide Zoom Lens,Canon,Lenses,Used,222.93,USD,FIXED_PRICE,5,0,mount:canon ef,JP,benzaitenten_japan,100.0,2026-08-09T08:24:49.000Z,,https://www.ebay.com/itm/800481182426?hash=itemba606582da:g:xL8AAeSwyudqeDpK,https://i.ebayimg.com/images/g/xL8AAeSwyudqeDpK/s-l225.jpg
型号不明,41.0,Canon EF-S 10-22 F3.5-4.5 USM Wide-Angle Zoom Lens,Canon,Lenses,Used,222.93,USD,FIXED_PRICE,5,0,mount:canon ef,JP,benzaitenten_japan,100.0,2026-08-09T08:22:40.000Z,,https://www.ebay.com/itm/800481174999?hash=itemba606565d7:g:CrQAAeSwtqtqeDn8,https://i.ebayimg.com/images/g/CrQAAeSwtqtqeDn8/s-l225.jpg
型号不明,41.0,CANON EFS 10-18 F4.5-5.6 IS STM Wide-Angle Zoom Lens For Canon,Canon,Lenses,Used,222.93,USD,FIXED_PRICE,2,0,mount:canon ef,JP,benzaitenten_japan,100.0,2026-08-09T08:08:40.000Z,,https://www.ebay.com/itm/800481121204?hash=itemba606493b4:g:JQ8AAeSwXudqeDZ8,https://i.ebayimg.com/images/g/JQ8AAeSwXudqeDZ8/s-l225.jpg
型号不明,41.0,CANON EXTENDER EF 1.4XII Extender,Canon,Lenses,Used,222.93,USD,FIXED_PRICE,7,0,mount:canon ef,JP,benzaitenten_japan,100.0,2026-08-09T08:05:29.000Z,,https://www.ebay.com/itm/800481110002?hash=itemba606467f2:g:DN4AAeSw0hNqeDWB,https://i.ebayimg.com/images/g/DN4AAeSw0hNqeDWB/s-l225.jpg
型号不明,41.0,CANON EXTENDER EF 1.4× Mount Adapter,Canon,Lenses,Used,222.93,USD,FIXED_PRICE,9,0,mount:canon ef,JP,benzaitenten_japan,100.0,2026-08-09T08:02:50.000Z,,https://www.ebay.com/itm/800481103969?hash=itemba60645061:g:oXUAAeSwHiJqeDRs,https://i.ebayimg.com/images/g/oXUAAeSwHiJqeDRs/s-l225.jpg
型号不明,41.0,CANON EOS40D/EF-S18-55 Lens Kit Digital DSLR,Canon,Lenses,Used,222.93,USD,FIXED_PRICE,12,0,mount:canon ef,JP,benzaitenten_japan,100.0,2026-08-09T07:50:29.000Z,,https://www.ebay.com/itm/800481086384?hash=itemba60640bb0:g:AH4AAeSwtAZqeDHB,https://i.ebayimg.com/images/g/AH4AAeSwtAZqeDHB/s-l225.jpg
型号不明,41.0,CANON EF-S 24 F:2.8 STM Lens,Canon,Lenses,Used,233.57,USD,FIXED_PRICE,3,0,mount:canon ef,JP,benzaitenten_japan,100.0,2026-08-09T09:39:33.000Z,,https://www.ebay.com/itm/800481368513?hash=itemba606859c1:g:8NoAAeSwNSNqeEvK,https://i.ebayimg.com/images/g/8NoAAeSwNSNqeEvK/s-l225.jpg
型号不明,41.0,Canon EF-M 11-22 F4-5.6 IS Mirrorless Wide-Angle Zoom Lens,Canon,Lenses,Used,233.57,USD,FIXED_PRICE,7,0,mount:canon ef,JP,benzaitenten_japan,100.0,2026-08-09T08:15:53.000Z,,https://www.ebay.com/itm/800481150726?hash=itemba60650706:g:3hwAAeSwU21qeDe4,https://i.ebayimg.com/images/g/3hwAAeSwU21qeDe4/s-l225.jpg
打包杂件,41.0,"Canon EOS 650 35mm SLR Camera Lot w/ 100-300mm & Sigma Lenses, Vintage Case",Canon,Film Cameras,Used,235.0,USD,"FIXED_PRICE,BEST_OFFER",10,0,,US,mighty-yak,100.0,2026-08-09T23:31:11.000Z,,https://www.ebay.com/itm/336734660265?hash=item4e66f326a9:g:as4AAeSwaJdqeQxh,https://i.ebayimg.com/images/g/as4AAeSwaJdqeQxh/s-l225.jpg
型号不明,41.0,Lens for PENTAX Medium Format Camera Model SMC PENTAX67 Macro 135mmF4 PENTAX,Pentax,Lenses,Used,236.48,USD,FIXED_PRICE,4,0,mount:pentax k,JP,zeton_ec,100.0,2026-08-09T06:24:59.000Z,,https://www.ebay.com/itm/158169049550?hash=item24d39c29ce:g:FEcAAeSwSJFqeB30,https://i.ebayimg.com/images/g/FEcAAeSwSJFqeB30/s-l225.jpg
型号不明,41.0,Zoom Lens (with potential mold) Model SMC PENTAX X FA F3.5 4.5 24 90 PENTAX,Pentax,Lenses,Used,236.48,USD,FIXED_PRICE,3,0,mount:pentax k,JP,zeton_ec,100.0,2026-08-09T06:24:57.000Z,,https://www.ebay.com/itm/158169049249?hash=item24d39c28a1:g:K~cAAeSwn~xqeB5l,https://i.ebayimg.com/images/g/K~cAAeSwn~xqeB5l/s-l225.jpg
型号不明,41.0,[Almost Unused] Nikon AF-S TC-20E III 2X Teleconverter for Nikon F From JAPAN,Nikon,Lenses,Used,239.99,USD,FIXED_PRICE,23,0,mount:nikon f,JP,isshin39,100.0,2026-08-09T12:55:14.000Z,,https://www.ebay.com/itm/198558645182?hash=item2e3b047bbe:g:tXwAAeSwsqlqeHlt,https://i.ebayimg.com/images/g/tXwAAeSwsqlqeHlt/s-l225.jpg
型号不明,41.0,Canon Mount Adapter EF-EOS R for EF EF-S Lens to RF Mount Camera From JAPAN,Canon,Lenses,Used,241.16,USD,FIXED_PRICE,11,0,mount:canon ef,JP,the_excellent_camera_from_japan,100.0,2026-08-09T04:10:25.000Z,,https://www.ebay.com/itm/358903098798?hash=item53904aadae:g:FjYAAeSwyShqd~5t,https://i.ebayimg.com/images/g/FjYAAeSwyShqd~5t/s-l225.jpg
型号不明,41.0,CANON EF-S 10-18 1:4.5-5.6IS STM Lens,Canon,Lenses,Used,244.2,USD,FIXED_PRICE,4,0,mount:canon ef,JP,benzaitenten_japan,100.0,2026-08-09T09:14:45.000Z,,https://www.ebay.com/itm/800481310992?hash=itemba60677910:g:OLgAAeSwCz5qeEWA,https://i.ebayimg.com/images/g/OLgAAeSwCz5qeEWA/s-l225.jpg
型号不明,41.0,CANON EF-S18-135MM3.5-5.6 IS Lens,Canon,Lenses,Used,244.2,USD,FIXED_PRICE,9,0,mount:canon ef,JP,benzaitenten_japan,100.0,2026-08-09T09:10:13.000Z,,https://www.ebay.com/itm/800481288731?hash=itemba6067221b:g:P2QAAeSwiuJqeEUs,https://i.ebayimg.com/images/g/P2QAAeSwiuJqeEUs/s-l225.jpg
型号不明,41.0,CANON EF 50 1.4 Lens,Canon,Lenses,Used,254.84,USD,FIXED_PRICE,3,0,mount:canon ef,JP,benzaitenten_japan,100.0,2026-08-09T09:47:42.000Z,,https://www.ebay.com/itm/800481384065?hash=itemba60689681:g:bmAAAeSwtH5qeE0D,https://i.ebayimg.com/images/g/bmAAAeSwtH5qeE0D/s-l225.jpg
型号不明,41.0,CANON EF-S55-250 F4-5.6 IS STM Lens,Canon,Lenses,Used,254.84,USD,FIXED_PRICE,8,0,mount:canon ef,JP,benzaitenten_japan,100.0,2026-08-09T09:41:35.000Z,,https://www.ebay.com/itm/800481371912?hash=itemba60686708:g:5WsAAeSwXRhqeEx-,https://i.ebayimg.com/images/g/5WsAAeSwXRhqeEx-/s-l225.jpg
型号不明,41.0,CANON EF-M 22 F2 STM Lens,Canon,Lenses,Used,254.84,USD,FIXED_PRICE,6,0,mount:canon ef,JP,benzaitenten_japan,100.0,2026-08-09T09:30:53.000Z,,https://www.ebay.com/itm/800481350975?hash=itemba6068153f:g:UrYAAeSwOjlqeElI,https://i.ebayimg.com/images/g/UrYAAeSwOjlqeElI/s-l225.jpg
型号不明,41.0,CANON EF-S 10-18 1:4.5-5.6 IS STM Lens,Canon,Lenses,Used,254.84,USD,FIXED_PRICE,8,0,mount:canon ef,JP,benzaitenten_japan,100.0,2026-08-09T09:27:42.000Z,,https://www.ebay.com/itm/800481341548?hash=itemba6067f06c:g:voIAAeSwd8VqeEiJ,https://i.ebayimg.com/images/g/voIAAeSwd8VqeEiJ/s-l225.jpg
型号不明,41.0,CANON EF-S 18-135 F3.5-5.6 IS STM Lens,Canon,Lenses,Used,254.84,USD,FIXED_PRICE,9,0,mount:canon ef,JP,benzaitenten_japan,100.0,2026-08-09T09:02:53.000Z,,https://www.ebay.com/itm/800481267229?hash=itemba6066ce1d:g:XkgAAeSwSKxqeEK7,https://i.ebayimg.com/images/g/XkgAAeSwSKxqeEK7/s-l225.jpg
型号不明,41.0,CANON EF 50 F1.4 USM Lens,Canon,Lenses,Used,254.84,USD,FIXED_PRICE,8,0,mount:canon ef,JP,benzaitenten_japan,100.0,2026-08-09T09:02:14.000Z,,https://www.ebay.com/itm/800481265973?hash=itemba6066c935:g:j3gAAeSwrKZqeENJ,https://i.ebayimg.com/images/g/j3gAAeSwrKZqeENJ/s-l225.jpg
型号不明,41.0,CANON EF-S 18-200 F3.5-5.6 IS AF Lens,Canon,Lenses,Used,254.84,USD,FIXED_PRICE,3,0,mount:canon ef,JP,benzaitenten_japan,100.0,2026-08-09T08:58:23.000Z,,https://www.ebay.com/itm/800481259733?hash=itemba6066b0d5:g:oW0AAeSw2SRqeEGs,https://i.ebayimg.com/images/g/oW0AAeSw2SRqeEGs/s-l225.jpg
型号不明,41.0,CANON CANON ZOOM LENS EF-S15-85 Standard Zoom Lens,Canon,Lenses,Used,254.84,USD,FIXED_PRICE,5,0,mount:canon ef,JP,benzaitenten_japan,100.0,2026-08-09T08:57:46.000Z,,https://www.ebay.com/itm/800481258790?hash=itemba6066ad26:g:GGIAAeSw1clqeEFO,https://i.ebayimg.com/images/g/GGIAAeSw1clqeEFO/s-l225.jpg
型号不明,41.0,CANON EF 50 F1.8 II Camera Lens,Canon,Lenses,Used,254.84,USD,FIXED_PRICE,5,0,mount:canon ef,JP,benzaitenten_japan,100.0,2026-08-09T08:55:37.000Z,,https://www.ebay.com/itm/800481256851?hash=itemba6066a593:g:WsYAAeSwYEVqeEDI,https://i.ebayimg.com/images/g/WsYAAeSwYEVqeEDI/s-l225.jpg
型号不明,41.0,CANON EFS 18-135 F/3.5-5.6 IS Zoom Lens,Canon,Lenses,Used,254.84,USD,FIXED_PRICE,3,0,mount:canon ef,JP,benzaitenten_japan,100.0,2026-08-09T08:48:34.000Z,,https://www.ebay.com/itm/800481237463?hash=itemba606659d7:g:ZQAAAeSwbiNqeD8h,https://i.ebayimg.com/images/g/ZQAAAeSwbiNqeD8h/s-l225.jpg
型号不明,41.0,CANON EFS 18-135 F3.5-5.6 IS STM Zoom Lens,Canon,Lenses,Used,254.84,USD,FIXED_PRICE,4,0,mount:canon ef,JP,benzaitenten_japan,100.0,2026-08-09T08:41:46.000Z,,https://www.ebay.com/itm/800481225272?hash=itemba60662a38:g:M38AAeSwwhdqeD4~,https://i.ebayimg.com/images/g/M38AAeSwwhdqeD4~/s-l225.jpg
型号不明,41.0,Canon EF-S 17-85 F4-5.6 IS USM Standard Zoom Lens,Canon,Lenses,Used,254.84,USD,FIXED_PRICE,4,0,mount:canon ef,JP,benzaitenten_japan,100.0,2026-08-09T08:38:12.000Z,,https://www.ebay.com/itm/800481217142?hash=itemba60660a76:g:d3wAAeSwCYxqeD2l,https://i.ebayimg.com/images/g/d3wAAeSwCYxqeD2l/s-l225.jpg
型号不明,41.0,Canon EF-S 10-22 F:3.5-4.5 Wide-Angle Zoom Lens,Canon,Lenses,Used,254.84,USD,FIXED_PRICE,7,0,mount:canon ef,JP,benzaitenten_japan,100.0,2026-08-09T08:36:54.000Z,,https://www.ebay.com/itm/800481215741?hash=itemba606604fd:g:UdgAAeSwyShqeDxp,https://i.ebayimg.com/images/g/UdgAAeSwyShqeDxp/s-l225.jpg
型号不明,41.0,Canon EF-M 22 STMSL Wide-Angle Prime Lens,Canon,Lenses,Used,254.84,USD,FIXED_PRICE,8,0,mount:canon ef,JP,benzaitenten_japan,100.0,2026-08-09T08:33:01.000Z,,https://www.ebay.com/itm/800481208436?hash=itemba6065e874:g:4VcAAeSw-zVqeDxt,https://i.ebayimg.com/images/g/4VcAAeSw-zVqeDxt/s-l225.jpg
型号不明,41.0,Canon EF-S 15-85 1:3.5-5.6 IS USM Standard Zoom Lens,Canon,Lenses,Used,254.84,USD,FIXED_PRICE,8,0,mount:canon ef,JP,benzaitenten_japan,100.0,2026-08-09T08:31:17.000Z,,https://www.ebay.com/itm/800481204460?hash=itemba6065d8ec:g:23wAAeSwvmNqeDvP,https://i.ebayimg.com/images/g/23wAAeSwvmNqeDvP/s-l225.jpg
型号不明,41.0,Canon EF-S 10-18 F 4.5-5.6 IS STM Wide-Angle Zoom Lens,Canon,Lenses,Used,254.84,USD,FIXED_PRICE,3,0,mount:canon ef,JP,benzaitenten_japan,100.0,2026-08-09T08:27:42.000Z,,https://www.ebay.com/itm/800481187921?hash=itemba60659851:g:FsEAAeSw5ctqeDrr,https://i.ebayimg.com/images/g/FsEAAeSw5ctqeDrr/s-l225.jpg
型号不明,41.0,Canon EF-S 10-22 F3.5-4.5 USM Wide-Angle Zoom Lens,Canon,Lenses,Used,254.84,USD,FIXED_PRICE,7,0,mount:canon ef,JP,benzaitenten_japan,100.0,2026-08-09T08:23:34.000Z,,https://www.ebay.com/itm/800481179321?hash=itemba606576b9:g:PA4AAeSwhKZqeDo6,https://i.ebayimg.com/images/g/PA4AAeSwhKZqeDo6/s-l225.jpg
型号不明,41.0,CANON EF-S 55-250 4-5.6 IS Canon Telephoto Lens 55-250,Canon,Lenses,Used,254.84,USD,FIXED_PRICE,4,0,mount:canon ef,JP,benzaitenten_japan,100.0,2026-08-09T08:21:51.000Z,,https://www.ebay.com/itm/800481171835?hash=itemba6065597b:g:zagAAeSwR-FqeDnO,https://i.ebayimg.com/images/g/zagAAeSwR-FqeDnO/s-l225.jpg
型号不明,41.0,CANON EF-S10-18 F/4.5-5.6 IS STM Wide-Angle Zoom Lens For Canon,Canon,Lenses,Used,254.84,USD,FIXED_PRICE,6,0,mount:canon ef,JP,benzaitenten_japan,100.0,2026-08-09T08:14:24.000Z,,https://www.ebay.com/itm/800481148039?hash=itemba6064fc87:g:4mQAAeSw2L1qeDeb,https://i.ebayimg.com/images/g/4mQAAeSw2L1qeDeb/s-l225.jpg
型号不明,41.0,[Almost Unused] Canon Extender EF 1.4x III Teleconverter For EF Mount From JAPAN,Canon,Lenses,Used,254.99,USD,FIXED_PRICE,23,0,mount:canon ef,JP,camera_japan_chikami,99.7,2026-08-09T12:30:48.000Z,,https://www.ebay.com/itm/336734045996?hash=item4e66e9c72c:g:fb4AAeSw6glqeHM9,https://i.ebayimg.com/images/g/fb4AAeSw6glqeHM9/s-l225.jpg
型号不明,41.0,CANON EF-S 18-135 F3.5-5.6 IS CANON AF,Canon,Lenses,Used,276.11,USD,FIXED_PRICE,6,0,mount:canon ef,JP,benzaitenten_japan,100.0,2026-08-09T09:59:00.000Z,,https://www.ebay.com/itm/800481424073?hash=itemba606932c9:g:5eQAAeSwXyBqeFCT,https://i.ebayimg.com/images/g/5eQAAeSwXyBqeFCT/s-l225.jpg
型号不明,41.0,CANON EF-M28MM F3.5 Macro IS STM Lens,Canon,Lenses,Used,276.11,USD,FIXED_PRICE,6,0,mount:canon ef,JP,benzaitenten_japan,100.0,2026-08-09T09:39:50.000Z,,https://www.ebay.com/itm/800481369426?hash=itemba60685d52:g:6SAAAeSwPZVqeEvd,https://i.ebayimg.com/images/g/6SAAAeSwPZVqeEvd/s-l225.jpg
型号不明,41.0,CANON EF-M 28 F3.5 IS STM Lens,Canon,Lenses,Used,276.11,USD,FIXED_PRICE,4,0,mount:canon ef,JP,benzaitenten_japan,100.0,2026-08-09T09:39:18.000Z,,https://www.ebay.com/itm/800481367713?hash=itemba606856a1:g:pBEAAeSwvLhqeEtC,https://i.ebayimg.com/images/g/pBEAAeSwvLhqeEtC/s-l225.jpg
型号不明,41.0,CANON EF-S 18-135 F3.5-5.6 IS USM EF-S 18-135 F3.5-5.6 IS USM,Canon,Lenses,Used,276.11,USD,FIXED_PRICE,6,0,mount:canon ef,JP,benzaitenten_japan,100.0,2026-08-09T09:36:37.000Z,,https://www.ebay.com/itm/800481360380?hash=itemba606839fc:g:qa0AAeSwbjtqeEqo,https://i.ebayimg.com/images/g/qa0AAeSwbjtqeEqo/s-l225.jpg
型号不明,41.0,CANON EF-M 11-22 1:4-5.6 IS STM Lens,Canon,Lenses,Used,276.11,USD,FIXED_PRICE,4,0,mount:canon ef,JP,benzaitenten_japan,100.0,2026-08-09T09:36:19.000Z,,https://www.ebay.com/itm/800481359773?hash=itemba6068379d:g:W-IAAeSwyudqeErM,https://i.ebayimg.com/images/g/W-IAAeSwyudqeErM/s-l225.jpg
型号不明,41.0,CANON EF-S18-200 3.5-5.6 IS Lens,Canon,Lenses,Used,276.11,USD,FIXED_PRICE,4,0,mount:canon ef,JP,benzaitenten_japan,100.0,2026-08-09T09:35:13.000Z,,https://www.ebay.com/itm/800481358165?hash=itemba60683155:g:Xw0AAeSwt99qeEsE,https://i.ebayimg.com/images/g/Xw0AAeSwt99qeEsE/s-l225.jpg
型号不明,41.0,CANON EF-S18-135 F3.5-5.6 IS STM Lens,Canon,Lenses,Used,276.11,USD,FIXED_PRICE,4,0,mount:canon ef,JP,benzaitenten_japan,100.0,2026-08-09T09:34:40.000Z,,https://www.ebay.com/itm/800481357640?hash=itemba60682f48:g:XhUAAeSwhP1qeEqj,https://i.ebayimg.com/images/g/XhUAAeSwhP1qeEqj/s-l225.jpg
型号不明,41.0,"CANON EF 20 2,8 USM Lens",Canon,Lenses,Used,276.11,USD,FIXED_PRICE,4,0,mount:canon ef,JP,benzaitenten_japan,100.0,2026-08-09T09:29:02.000Z,,https://www.ebay.com/itm/800481345471?hash=itemba6067ffbf:g:v-oAAeSwA9FqeEkW,https://i.ebayimg.com/images/g/v-oAAeSwA9FqeEkW/s-l225.jpg
型号不明,41.0,CANON EF-S 10-18 1:4.5-5.6 IS STM Lens,Canon,Lenses,Used,276.11,USD,FIXED_PRICE,9,0,mount:canon ef,JP,benzaitenten_japan,100.0,2026-08-09T09:28:02.000Z,,https://www.ebay.com/itm/800481341856?hash=itemba6067f1a0:g:WWQAAeSwVf1qeEhh,https://i.ebayimg.com/images/g/WWQAAeSwVf1qeEhh/s-l225.jpg
型号不明,41.0,CANON EF-S 18-135MM1:3.5-5.6 IS Lens,Canon,Lenses,Used,276.11,USD,FIXED_PRICE,4,0,mount:canon ef,JP,benzaitenten_japan,100.0,2026-08-09T09:27:08.000Z,,https://www.ebay.com/itm/800481340705?hash=itemba6067ed21:g:Ue0AAeSwR01qeEka,https://i.ebayimg.com/images/g/Ue0AAeSwR01qeEka/s-l225.jpg
型号不明,41.0,Canon EF-M 11-22 Wide-Angle Zoom Lens EF-M11-22 F4-5.6 IS STM,Canon,Lenses,Used,276.11,USD,FIXED_PRICE,6,0,mount:canon ef,JP,benzaitenten_japan,100.0,2026-08-09T09:24:16.000Z,,https://www.ebay.com/itm/800481334727?hash=itemba6067d5c7:g:t6wAAeSwk3lqeEe7,https://i.ebayimg.com/images/g/t6wAAeSwk3lqeEe7/s-l225.jpg
型号不明,41.0,CANON EF-S 10-18 F4.5-5.6 IS STM Lens,Canon,Lenses,Used,276.11,USD,FIXED_PRICE,5,0,mount:canon ef,JP,benzaitenten_japan,100.0,2026-08-09T09:23:55.000Z,,https://www.ebay.com/itm/800481334274?hash=itemba6067d402:g:Q38AAeSwE-hqeEhc,https://i.ebayimg.com/images/g/Q38AAeSwE-hqeEhc/s-l225.jpg
型号不明,41.0,CANON EF-S 18-135 1:3.5-5.6 IS STM Lens,Canon,Lenses,Used,276.11,USD,FIXED_PRICE,10,0,mount:canon ef,JP,benzaitenten_japan,100.0,2026-08-09T09:22:57.000Z,,https://www.ebay.com/itm/800481332469?hash=itemba6067ccf5:g:NHUAAeSw1~NqeEdw,https://i.ebayimg.com/images/g/NHUAAeSw1~NqeEdw/s-l225.jpg
型号不明,41.0,CANON EFS 10-18 4.5-5.6 IS STM Lens,Canon,Lenses,Used,276.11,USD,FIXED_PRICE,3,0,mount:canon ef,JP,benzaitenten_japan,100.0,2026-08-09T09:21:24.000Z,,https://www.ebay.com/itm/800481325898?hash=itemba6067b34a:g:2AcAAeSw5UJqeEfG,https://i.ebayimg.com/images/g/2AcAAeSw5UJqeEfG/s-l225.jpg
型号不明,41.0,CANON EF-M11-22 F4-5.6 IS STM Lens,Canon,Lenses,Used,276.11,USD,FIXED_PRICE,5,0,mount:canon ef,JP,benzaitenten_japan,100.0,2026-08-09T09:18:49.000Z,,https://www.ebay.com/itm/800481320727?hash=itemba60679f17:g:KDwAAeSwSOpqeEZ0,https://i.ebayimg.com/images/g/KDwAAeSwSOpqeEZ0/s-l225.jpg
型号不明,41.0,CANON EF-M 11-22 F4-5.6 IS STM Lens,Canon,Lenses,Used,276.11,USD,FIXED_PRICE,5,0,mount:canon ef,JP,benzaitenten_japan,100.0,2026-08-09T09:16:45.000Z,,https://www.ebay.com/itm/800481318864?hash=itemba606797d0:g:z4IAAeSwMjhqeEX7,https://i.ebayimg.com/images/g/z4IAAeSwMjhqeEX7/s-l225.jpg
型号不明,41.0,CANON EF 100 1:2.8 Macro Lens,Canon,Lenses,Used,276.11,USD,FIXED_PRICE,3,0,mount:canon ef,JP,benzaitenten_japan,100.0,2026-08-09T09:03:39.000Z,,https://www.ebay.com/itm/800481268110?hash=itemba6066d18e:g:ZnoAAeSwFplqeELm,https://i.ebayimg.com/images/g/ZnoAAeSwFplqeELm/s-l225.jpg
型号不明,41.0,CANON EF-S 55-250 4-5.6 IS II Camera Lens,Canon,Lenses,Used,276.11,USD,FIXED_PRICE,2,0,mount:canon ef,JP,benzaitenten_japan,100.0,2026-08-09T08:59:28.000Z,,https://www.ebay.com/itm/800481262778?hash=itemba6066bcba:g:IuQAAeSwVf1qeEKi,https://i.ebayimg.com/images/g/IuQAAeSwVf1qeEKi/s-l225.jpg
型号不明,41.0,Canon EF-S 18-200 3.5-5.6 IS Telephoto Zoom Lens,Canon,Lenses,Used,276.11,USD,FIXED_PRICE,3,0,mount:canon ef,JP,benzaitenten_japan,100.0,2026-08-09T08:50:21.000Z,,https://www.ebay.com/itm/800481242272?hash=itemba60666ca0:g:iZ8AAeSw7DdqeEBF,https://i.ebayimg.com/images/g/iZ8AAeSw7DdqeEBF/s-l225.jpg
型号不明,41.0,CANON EXTENDER EF 1.4X II Camera Lens,Canon,Lenses,Used,276.11,USD,FIXED_PRICE,3,0,mount:canon ef,JP,benzaitenten_japan,100.0,2026-08-09T08:48:08.000Z,,https://www.ebay.com/itm/800481236119?hash=itemba60665497:g:ZIcAAeSw7-lqeD9G,https://i.ebayimg.com/images/g/ZIcAAeSw7-lqeD9G/s-l225.jpg
型号不明,41.0,Canon EF-S 10-18 4.5-5.6 IS STM Wide-Angle Zoom Lens,Canon,Lenses,Used,276.11,USD,FIXED_PRICE,4,0,mount:canon ef,JP,benzaitenten_japan,100.0,2026-08-09T08:47:06.000Z,,https://www.ebay.com/itm/800481234435?hash=itemba60664e03:g:iQEAAeSwxvxqeD9E,https://i.ebayimg.com/images/g/iQEAAeSwxvxqeD9E/s-l225.jpg
型号不明,41.0,Canon EF-M 55-200 4.5-6.3 IS STM Telephoto Zoom Lens,Canon,Lenses,Used,276.11,USD,FIXED_PRICE,4,0,mount:canon ef,JP,benzaitenten_japan,100.0,2026-08-09T08:45:47.000Z,,https://www.ebay.com/itm/800481230458?hash=itemba60663e7a:g:dAsAAeSwa4FqeD75,https://i.ebayimg.com/images/g/dAsAAeSwa4FqeD75/s-l225.jpg
型号不明,41.0,Canon EF-M 11-22 F4-5.6 IS STM Wide-Angle Zoom Lens,Canon,Lenses,Used,276.11,USD,FIXED_PRICE,4,0,mount:canon ef,JP,benzaitenten_japan,100.0,2026-08-09T08:45:23.000Z,,https://www.ebay.com/itm/800481229847?hash=itemba60663c17:g:8iQAAeSwQGhqeD6d,https://i.ebayimg.com/images/g/8iQAAeSwQGhqeD6d/s-l225.jpg
型号不明,41.0,Canon EF-S 10-18 Wide-Angle Zoom Lens,Canon,Lenses,Used,276.11,USD,FIXED_PRICE,3,0,mount:canon ef,JP,benzaitenten_japan,100.0,2026-08-09T08:43:06.000Z,,https://www.ebay.com/itm/800481227167?hash=itemba6066319f:g:8Y8AAeSwSLlqeD4Z,https://i.ebayimg.com/images/g/8Y8AAeSwSLlqeD4Z/s-l225.jpg
型号不明,41.0,Canon EF-S 18-135 F3.5-5.6 IS USM Standard Zoom Lens,Canon,Lenses,Used,276.11,USD,FIXED_PRICE,3,0,mount:canon ef,JP,benzaitenten_japan,100.0,2026-08-09T08:40:03.000Z,,https://www.ebay.com/itm/800481222652?hash=itemba60661ffc:g:aE4AAeSwsqlqeD2j,https://i.ebayimg.com/images/g/aE4AAeSwsqlqeD2j/s-l225.jpg
型号不明,41.0,Canon EF-M11-22 1:4-5.6 IS STM Wide-Angle Zoom Lens,Canon,Lenses,Used,276.11,USD,FIXED_PRICE,5,0,mount:canon ef,JP,benzaitenten_japan,100.0,2026-08-09T08:39:39.000Z,,https://www.ebay.com/itm/800481221499?hash=itemba60661b7b:g:M5cAAeSwTHhqeD1I,https://i.ebayimg.com/images/g/M5cAAeSwTHhqeD1I/s-l225.jpg
型号不明,41.0,Canon EF-S 10-18 1:4.5-5.6 IS STM Wide-Angle Zoom Lens,Canon,Lenses,Used,276.11,USD,FIXED_PRICE,5,0,mount:canon ef,JP,benzaitenten_japan,100.0,2026-08-09T08:37:43.000Z,,https://www.ebay.com/itm/800481216746?hash=itemba606608ea:g:UxgAAeSwBUdqeD1N,https://i.ebayimg.com/images/g/UxgAAeSwBUdqeD1N/s-l225.jpg
型号不明,41.0,Canon EF-S 18-200 1:3.5-5.6 IS Standard Zoom Lens,Canon,Lenses,Used,276.11,USD,FIXED_PRICE,6,0,mount:canon ef,JP,benzaitenten_japan,100.0,2026-08-09T08:25:39.000Z,,https://www.ebay.com/itm/800481183568?hash=itemba60658750:g:RZwAAeSwoTxqeDo9,https://i.ebayimg.com/images/g/RZwAAeSwoTxqeDo9/s-l225.jpg
型号不明,41.0,CANON EF-S 55-250 F4-5.6 Telephoto Zoom Lens,Canon,Lenses,Used,276.11,USD,FIXED_PRICE,4,0,mount:canon ef,JP,benzaitenten_japan,100.0,2026-08-09T08:24:25.000Z,,https://www.ebay.com/itm/800481181805?hash=itemba6065806d:g:NuoAAeSw6glqeDps,https://i.ebayimg.com/images/g/NuoAAeSw6glqeDps/s-l225.jpg
型号不明,41.0,Canon EF-S 18-200 F3.5-5.6 IS Standard Zoom Lens,Canon,Lenses,Used,276.11,USD,FIXED_PRICE,5,0,mount:canon ef,JP,benzaitenten_japan,100.0,2026-08-09T08:23:20.000Z,,https://www.ebay.com/itm/800481177663?hash=itemba6065703f:g:OToAAeSwkOdqeDl4,https://i.ebayimg.com/images/g/OToAAeSwkOdqeDl4/s-l225.jpg
型号不明,41.0,Canon EFS 15-85 F:3.5-5.6 IS USM Standard Zoom Lens,Canon,Lenses,Used,276.11,USD,FIXED_PRICE,7,0,mount:canon ef,JP,benzaitenten_japan,100.0,2026-08-09T08:22:53.000Z,,https://www.ebay.com/itm/800481175397?hash=itemba60656765:g:0O4AAeSwJHdqeDlg,https://i.ebayimg.com/images/g/0O4AAeSwJHdqeDlg/s-l225.jpg
型号不明,41.0,CANON EF-S55-250 F/4-5.6 IS STM Zoom Lens,Canon,Lenses,Used,276.11,USD,FIXED_PRICE,12,0,mount:canon ef,JP,benzaitenten_japan,100.0,2026-08-09T08:19:57.000Z,,https://www.ebay.com/itm/800481165623?hash=itemba60654137:g:mKUAAeSwWKNqeDjt,https://i.ebayimg.com/images/g/mKUAAeSwWKNqeDjt/s-l225.jpg
型号不明,41.0,CANON EOS KISS X5 EF-S18-55 IS II Les Digital DSLR Lens Kit,Canon,Lenses,Used,276.11,USD,FIXED_PRICE,18,0,mount:canon ef,JP,benzaitenten_japan,100.0,2026-08-09T08:10:39.000Z,,https://www.ebay.com/itm/800481129095?hash=itemba6064b287:g:5gAAAeSwSG9qeDcr,https://i.ebayimg.com/images/g/5gAAAeSwSG9qeDcr/s-l225.jpg
型号不明,41.0,CANON EXTENDER EF 2X Extender,Canon,Lenses,Used,276.11,USD,FIXED_PRICE,2,0,mount:canon ef,JP,benzaitenten_japan,100.0,2026-08-09T08:00:57.000Z,,https://www.ebay.com/itm/800481100427?hash=itemba6064428b:g:Fz0AAeSwtAZqeDQx,https://i.ebayimg.com/images/g/Fz0AAeSwtAZqeDQx/s-l225.jpg
型号不明,41.0,CANON EF 1.4X II Extender,Canon,Lenses,Used,276.11,USD,FIXED_PRICE,4,0,mount:canon ef,JP,benzaitenten_japan,100.0,2026-08-09T07:55:01.000Z,,https://www.ebay.com/itm/800481095042?hash=itemba60642d82:g:7kYAAeSw-wlqeDLT,https://i.ebayimg.com/images/g/7kYAAeSw-wlqeDLT/s-l225.jpg
型号不明,41.0,Olympus M.ZUIKO DIGITAL 1.4x Teleconverter MC-14 Micro Four Thirds w/Tracking#,Olympus,Lenses,New,278.46,USD,FIXED_PRICE,3,0,mount:olympus om,JP,duck_shop_japan,99.9,2026-08-09T04:16:03.000Z,,https://www.ebay.com/itm/298571318028?hash=item45843cc30c:g:JGsAAeSw1yVqeAAy,https://i.ebayimg.com/images/g/JGsAAeSw1yVqeAAy/s-l225.jpg
型号不明,41.0,CANON EF-M 11-22 1:4-5.6 IS STM Lens,Canon,Lenses,Used,297.38,USD,FIXED_PRICE,9,0,mount:canon ef,JP,benzaitenten_japan,100.0,2026-08-09T09:53:06.000Z,,https://www.ebay.com/itm/800481399126?hash=itemba6068d156:g:gqsAAeSwT0pqeE8y,https://i.ebayimg.com/images/g/gqsAAeSwT0pqeE8y/s-l225.jpg
型号不明,41.0,CANON EF-M 55-200MM1:4.5-6.3 IS STM Lens,Canon,Lenses,Used,297.38,USD,FIXED_PRICE,5,0,mount:canon ef,JP,benzaitenten_japan,100.0,2026-08-09T09:31:12.000Z,,https://www.ebay.com/itm/800481351794?hash=itemba60681872:g:kpEAAeSwL8lqeEnT,https://i.ebayimg.com/images/g/kpEAAeSwL8lqeEnT/s-l225.jpg
型号不明,41.0,CANON EF-S15-85 F3.5-5.6 IS USM Lens,Canon,Lenses,Used,297.38,USD,FIXED_PRICE,2,0,mount:canon ef,JP,benzaitenten_japan,100.0,2026-08-09T09:26:50.000Z,,https://www.ebay.com/itm/800481340375?hash=itemba6067ebd7:g:3YQAAeSwDjZqeEjN,https://i.ebayimg.com/images/g/3YQAAeSwDjZqeEjN/s-l225.jpg
型号不明,41.0,CANON EF-S 55-250 F4-5.6 Lens,Canon,Lenses,Used,297.38,USD,FIXED_PRICE,7,0,mount:canon ef,JP,benzaitenten_japan,100.0,2026-08-09T09:21:45.000Z,,https://www.ebay.com/itm/800481326604?hash=itemba6067b60c:g:srQAAeSw5fZqeEdf,https://i.ebayimg.com/images/g/srQAAeSw5fZqeEdf/s-l225.jpg
型号不明,41.0,CANON EF-M55-200 F4.5-6.3 IS STM Lens,Canon,Lenses,Used,297.38,USD,FIXED_PRICE,2,0,mount:canon ef,JP,benzaitenten_japan,100.0,2026-08-09T09:11:13.000Z,,https://www.ebay.com/itm/800481291668?hash=itemba60672d94:g:lT8AAeSwlC5qeETq,https://i.ebayimg.com/images/g/lT8AAeSwlC5qeETq/s-l225.jpg
型号不明,41.0,CANON EF-M 55-200 F4.5-6.3 IS STM Telephoto Zoom Lens,Canon,Lenses,Used,297.38,USD,FIXED_PRICE,2,0,mount:canon ef,JP,benzaitenten_japan,100.0,2026-08-09T08:40:30.000Z,,https://www.ebay.com/itm/800481223392?hash=itemba606622e0:g:WH4AAeSwlC5qeD21,https://i.ebayimg.com/images/g/WH4AAeSwlC5qeD21/s-l225.jpg
型号不明,41.0,Canon EF-S 10-18 F4.5-5.6 IS STM Wide-Angle Zoom Lens,Canon,Lenses,Used,297.38,USD,FIXED_PRICE,6,0,mount:canon ef,JP,benzaitenten_japan,100.0,2026-08-09T08:31:01.000Z,,https://www.ebay.com/itm/800481203727?hash=itemba6065d60f:g:W9QAAeSwbqVqeDtD,https://i.ebayimg.com/images/g/W9QAAeSwbqVqeDtD/s-l225.jpg
型号不明,41.0,CANON EF 50 F1.4 AF,Canon,Lenses,Used,297.38,USD,FIXED_PRICE,4,0,mount:canon ef,JP,benzaitenten_japan,100.0,2026-08-09T07:56:29.000Z,,https://www.ebay.com/itm/800481097066?hash=itemba6064356a:g:y9UAAeSwOwdqeDNo,https://i.ebayimg.com/images/g/y9UAAeSwOwdqeDNo/s-l225.jpg
型号不明,41.0,CANON EOS60D/EF-S18-55 Digital DSLR,Canon,Lenses,Used,297.38,USD,FIXED_PRICE,6,0,mount:canon ef,JP,benzaitenten_japan,100.0,2026-08-09T07:53:00.000Z,,https://www.ebay.com/itm/800481092428?hash=itemba6064234c:g:BvYAAeSwOfRqeDKV,https://i.ebayimg.com/images/g/BvYAAeSwOfRqeDKV/s-l225.jpg
型号不明,41.0,Minolta Cameras & Lenses,Minolta,Film Cameras,Used,300.0,USD,"FIXED_PRICE,BEST_OFFER",0,0,,US,rpmind3049,0.0,2026-08-09T19:15:40.000Z,,https://www.ebay.com/itm/147493757220?hash=item2257502124:g:30MAAeSwRYJqeM8Y,https://i.ebayimg.com/images/g/30MAAeSwRYJqeM8Y/s-l225.jpg
型号不明,41.0,Canon EF-M 11-22 1:4-5.6 IS STM Wide-Angle Zoom Lens,Canon,Lenses,Used,308.01,USD,FIXED_PRICE,5,0,mount:canon ef,JP,benzaitenten_japan,100.0,2026-08-09T08:49:11.000Z,,https://www.ebay.com/itm/800481238797?hash=itemba60665f0d:g:mTcAAeSwCsZqeEA7,https://i.ebayimg.com/images/g/mTcAAeSwCsZqeEA7/s-l225.jpg
型号不明,41.0,Canon EF-S 10-18 4.5-5.6 IS STM Wide-Angle Zoom Lens,Canon,Lenses,Used,308.01,USD,FIXED_PRICE,19,0,mount:canon ef,JP,benzaitenten_japan,100.0,2026-08-09T08:28:20.000Z,,https://www.ebay.com/itm/800481198736?hash=itemba6065c290:g:yuEAAeSw4qpqeDpl,https://i.ebayimg.com/images/g/yuEAAeSw4qpqeDpl/s-l225.jpg
型号不明,41.0,Canon Macro Lens EF-M28mm F3.5 IS STM 484176,Canon,Lenses,Used,309.62,USD,FIXED_PRICE,8,0,mount:canon ef,JP,digree_japan,99.7,2026-08-09T09:26:42.000Z,,https://www.ebay.com/itm/307115693910?hash=item4781859756:g:3BIAAeSwoUJqeWVN,https://i.ebayimg.com/images/g/3BIAAeSwoUJqeWVN/s-l225.jpg
型号不明,41.0,Kenko Teleplus HD pro 2x DGX Teleconverter for Canon EF Mount Brand New JP,Canon,Lenses,New,318.0,USD,FIXED_PRICE,2,0,mount:canon ef,JP,koko_japan_select,100.0,2026-08-09T15:37:14.000Z,,https://www.ebay.com/itm/298572687485?hash=item458451a87d:g:B4QAAeSwJ2dqeJxq,https://i.ebayimg.com/images/g/B4QAAeSwJ2dqeJxq/s-l225.jpg
型号不明,41.0,Canon EF-M55-200 F4.5-6.3 IS STM Telephoto Zoom Lens,Canon,Lenses,Used,318.65,USD,FIXED_PRICE,3,0,mount:canon ef,JP,benzaitenten_japan,100.0,2026-08-09T08:29:39.000Z,,https://www.ebay.com/itm/800481200730?hash=itemba6065ca5a:g:ZkkAAeSwlP5qeDry,https://i.ebayimg.com/images/g/ZkkAAeSwlP5qeDry/s-l225.jpg
型号不明,41.0,CANON EF-M 28 1:3.5 MACRO IS STM Lens,Canon,Lenses,Used,329.29,USD,FIXED_PRICE,8,0,mount:canon ef,JP,benzaitenten_japan,100.0,2026-08-09T09:52:47.000Z,,https://www.ebay.com/itm/800481398735?hash=itemba6068cfcf:g:xa0AAeSw~wRqeE6m,https://i.ebayimg.com/images/g/xa0AAeSw~wRqeE6m/s-l225.jpg
型号不明,41.0,CANON EF-M 55-200 F4.5-6.3 IS STM Lens,Canon,Lenses,Used,329.29,USD,FIXED_PRICE,4,0,mount:canon ef,JP,benzaitenten_japan,100.0,2026-08-09T09:50:33.000Z,,https://www.ebay.com/itm/800481390291?hash=itemba6068aed3:g:eHUAAeSw4vtqeE6V,https://i.ebayimg.com/images/g/eHUAAeSw4vtqeE6V/s-l225.jpg
型号不明,41.0,CANON EF-S 18-135 F3.5-5.6 IS STM Lens,Canon,Lenses,Used,329.29,USD,FIXED_PRICE,4,0,mount:canon ef,JP,benzaitenten_japan,100.0,2026-08-09T09:48:43.000Z,,https://www.ebay.com/itm/800481385980?hash=itemba60689dfc:g:AsAAAeSwDRtqeE06,https://i.ebayimg.com/images/g/AsAAAeSwDRtqeE06/s-l225.jpg
型号不明,41.0,CANON EF-S 18-135 F3.5-5.6 IS USM EF-S 18-135 F3.5-5.6 IS USM,Canon,Lenses,Used,329.29,USD,FIXED_PRICE,3,0,mount:canon ef,JP,benzaitenten_japan,100.0,2026-08-09T09:47:01.000Z,,https://www.ebay.com/itm/800481383271?hash=itemba60689367:g:BjoAAeSwn~xqeEzU,https://i.ebayimg.com/images/g/BjoAAeSwn~xqeEzU/s-l225.jpg
型号不明,41.0,CANON EF-S 55-250 F4-5.6IS Lens,Canon,Lenses,Used,329.29,USD,FIXED_PRICE,2,0,mount:canon ef,JP,benzaitenten_japan,100.0,2026-08-09T09:44:49.000Z,,https://www.ebay.com/itm/800481378512?hash=itemba606880d0:g:6tkAAeSwaRZqeE1B,https://i.ebayimg.com/images/g/6tkAAeSwaRZqeE1B/s-l225.jpg
型号不明,41.0,CANON EF 17-40 1:4 L Lens,Canon,Lenses,Used,329.29,USD,FIXED_PRICE,6,0,mount:canon ef,JP,benzaitenten_japan,100.0,2026-08-09T09:40:35.000Z,,https://www.ebay.com/itm/800481370837?hash=itemba606862d5:g:8s4AAeSwXudqeExn,https://i.ebayimg.com/images/g/8s4AAeSwXudqeExn/s-l225.jpg
型号不明,41.0,CANON EF 20 1:2.8 Lens,Canon,Lenses,Used,329.29,USD,FIXED_PRICE,6,0,mount:canon ef,JP,benzaitenten_japan,100.0,2026-08-09T09:26:17.000Z,,https://www.ebay.com/itm/800481339511?hash=itemba6067e877:g:i9kAAeSwpAlqeEip,https://i.ebayimg.com/images/g/i9kAAeSwpAlqeEip/s-l225.jpg
型号不明,41.0,CANON EF-S18-135 F3.5-5.6 IS STM Lens,Canon,Lenses,Used,329.29,USD,FIXED_PRICE,3,0,mount:canon ef,JP,benzaitenten_japan,100.0,2026-08-09T09:24:55.000Z,,https://www.ebay.com/itm/800481336311?hash=itemba6067dbf7:g:TggAAeSwW4tqeEic,https://i.ebayimg.com/images/g/TggAAeSwW4tqeEic/s-l225.jpg
型号不明,41.0,CANON EF-M 55-200 4.5-6.3 IS STM Lens,Canon,Lenses,Used,329.29,USD,FIXED_PRICE,6,0,mount:canon ef,JP,benzaitenten_japan,100.0,2026-08-09T09:23:16.000Z,,https://www.ebay.com/itm/800481333320?hash=itemba6067d048:g:SbMAAeSwvmNqeEf6,https://i.ebayimg.com/images/g/SbMAAeSwvmNqeEf6/s-l225.jpg
型号不明,41.0,CANON EF-S55-250 F4-5.6 IS STM Lens,Canon,Lenses,Used,329.29,USD,FIXED_PRICE,7,0,mount:canon ef,JP,benzaitenten_japan,100.0,2026-08-09T09:20:09.000Z,,https://www.ebay.com/itm/800481322084?hash=itemba6067a464:g:MUMAAeSwSOpqeEc7,https://i.ebayimg.com/images/g/MUMAAeSwSOpqeEc7/s-l225.jpg
型号不明,41.0,CANON EF-M28MM F3.5 Macro IS STM Lens,Canon,Lenses,Used,329.29,USD,FIXED_PRICE,4,0,mount:canon ef,JP,benzaitenten_japan,100.0,2026-08-09T09:18:08.000Z,,https://www.ebay.com/itm/800481320120?hash=itemba60679cb8:g:POoAAeSws4lqeEbD,https://i.ebayimg.com/images/g/POoAAeSws4lqeEbD/s-l225.jpg
型号不明,41.0,CANON EF-S 55-250 1.4-5.6 IS STM Lens,Canon,Lenses,Used,329.29,USD,FIXED_PRICE,3,0,mount:canon ef,JP,benzaitenten_japan,100.0,2026-08-09T09:12:26.000Z,,https://www.ebay.com/itm/800481297198?hash=itemba6067432e:g:wkAAAeSwRYJqeEWq,https://i.ebayimg.com/images/g/wkAAAeSwRYJqeEWq/s-l225.jpg
型号不明,41.0,CANON EF-S 18-135 3.5-5.6 IS USM Lens,Canon,Lenses,Used,329.29,USD,FIXED_PRICE,5,0,mount:canon ef,JP,benzaitenten_japan,100.0,2026-08-09T09:08:20.000Z,,https://www.ebay.com/itm/800481281403?hash=itemba6067057b:g:4pwAAeSwyRFqeEPJ,https://i.ebayimg.com/images/g/4pwAAeSwyRFqeEPJ/s-l225.jpg
型号不明,41.0,CANON ZOOM EF-S 10-18 1:4.5-5.6 IS Wide-Angle Zoom Lens,Canon,Lenses,Used,329.29,USD,FIXED_PRICE,7,0,mount:canon ef,JP,benzaitenten_japan,100.0,2026-08-09T08:57:34.000Z,,https://www.ebay.com/itm/800481258485?hash=itemba6066abf5:g:Gn8AAeSwPoZqeEHz,https://i.ebayimg.com/images/g/Gn8AAeSwPoZqeEHz/s-l225.jpg
型号不明,41.0,CANON EF-M 55-200 1:4.5-6.3 IS STM Camera Lens,Canon,Lenses,Used,329.29,USD,FIXED_PRICE,7,0,mount:canon ef,JP,benzaitenten_japan,100.0,2026-08-09T08:57:21.000Z,,https://www.ebay.com/itm/800481258276?hash=itemba6066ab24:g:grQAAeSweEtqeEHi,https://i.ebayimg.com/images/g/grQAAeSweEtqeEHi/s-l225.jpg
型号不明,41.0,CANON EF-M 55-200 F4.5-6.3 IS STM Camera Lens,Canon,Lenses,Used,329.29,USD,FIXED_PRICE,1,0,mount:canon ef,JP,benzaitenten_japan,100.0,2026-08-09T08:53:56.000Z,,https://www.ebay.com/itm/800481252300?hash=itemba606693cc:g:c10AAeSwwSNqeECg,https://i.ebayimg.com/images/g/c10AAeSwwSNqeECg/s-l225.jpg
型号不明,41.0,CANON EF-S 55-250 F4-5.6 IS STM Zoom Lens,Canon,Lenses,Used,329.29,USD,FIXED_PRICE,2,0,mount:canon ef,JP,benzaitenten_japan,100.0,2026-08-09T08:44:10.000Z,,https://www.ebay.com/itm/800481228402?hash=itemba60663672:g:1PkAAeSwWKNqeD6V,https://i.ebayimg.com/images/g/1PkAAeSwWKNqeD6V/s-l225.jpg
型号不明,41.0,Canon EF-M 11-22 1:4-5.6 IS STM Wide-Angle Zoom Lens,Canon,Lenses,Used,329.29,USD,FIXED_PRICE,6,0,mount:canon ef,JP,benzaitenten_japan,100.0,2026-08-09T08:42:52.000Z,,https://www.ebay.com/itm/800481226874?hash=itemba6066307a:g:6K4AAeSw~cFqeD5H,https://i.ebayimg.com/images/g/6K4AAeSw~cFqeD5H/s-l225.jpg
型号不明,41.0,Canon EF 50 F/1.4 Wide-Angle Prime Lens,Canon,Lenses,Used,329.29,USD,FIXED_PRICE,3,0,mount:canon ef,JP,benzaitenten_japan,100.0,2026-08-09T08:38:50.000Z,,https://www.ebay.com/itm/800481218408?hash=itemba60660f68:g:dg4AAeSwPTdqeD2R,https://i.ebayimg.com/images/g/dg4AAeSwPTdqeD2R/s-l225.jpg
型号不明,41.0,Canon EF 17-40 1:4L Wide-Angle Zoom Lens,Canon,Lenses,Used,329.29,USD,FIXED_PRICE,3,0,mount:canon ef,JP,benzaitenten_japan,100.0,2026-08-09T08:35:48.000Z,,https://www.ebay.com/itm/800481211984?hash=itemba6065f650:g:JpkAAeSwwhdqeDzZ,https://i.ebayimg.com/images/g/JpkAAeSwwhdqeDzZ/s-l225.jpg
型号不明,41.0,CANON EF-M 55-200 F4.5-6.3 IS STM Telephoto Zoom Lens,Canon,Lenses,Used,329.29,USD,FIXED_PRICE,2,0,mount:canon ef,JP,benzaitenten_japan,100.0,2026-08-09T08:29:05.000Z,,https://www.ebay.com/itm/800481199841?hash=itemba6065c6e1:g:QSwAAeSwMk1qeDqR,https://i.ebayimg.com/images/g/QSwAAeSwMk1qeDqR/s-l225.jpg
型号不明,41.0,Canon EF-M 11-22 1:4-5.6 IS STM Ultra-Wide Zoom Lens,Canon,Lenses,Used,329.29,USD,FIXED_PRICE,2,0,mount:canon ef,JP,benzaitenten_japan,100.0,2026-08-09T08:26:16.000Z,,https://www.ebay.com/itm/800481185334?hash=itemba60658e36:g:Ea8AAeSwTHhqeDoo,https://i.ebayimg.com/images/g/Ea8AAeSwTHhqeDoo/s-l225.jpg
型号不明,41.0,CANON DS126271 EF-S 18-55/55-250 Digital DSLR,Canon,Lenses,Used,329.29,USD,FIXED_PRICE,16,0,mount:canon ef,JP,benzaitenten_japan,100.0,2026-08-09T07:52:05.000Z,,https://www.ebay.com/itm/800481091582?hash=itemba60641ffe:g:dMoAAeSwJvdqeDKV,https://i.ebayimg.com/images/g/dMoAAeSwJvdqeDKV/s-l225.jpg
型号不明,41.0,CANON EF-M55-200 F4.5-6.3 IS STM EF-M55-200 F4.5-6.3 IS STM,Canon,Lenses,Used,350.55,USD,FIXED_PRICE,3,0,mount:canon ef,JP,benzaitenten_japan,100.0,2026-08-09T09:37:34.000Z,,https://www.ebay.com/itm/800481362551?hash=itemba60684277:g:624AAeSwdUJqeEsX,https://i.ebayimg.com/images/g/624AAeSwdUJqeEsX/s-l225.jpg
型号不明,41.0,CANON EF-M 11-22 F4-5.6 Lens,Canon,Lenses,Used,350.55,USD,FIXED_PRICE,5,0,mount:canon ef,JP,benzaitenten_japan,100.0,2026-08-09T09:15:25.000Z,,https://www.ebay.com/itm/800481314366?hash=itemba6067863e:g:xTUAAeSwxxdqeEWo,https://i.ebayimg.com/images/g/xTUAAeSwxxdqeEWo/s-l225.jpg
型号不明,41.0,CANON EF-S 55-250 F4-5.6 IS STM Lens,Canon,Lenses,Used,350.55,USD,FIXED_PRICE,2,0,mount:canon ef,JP,benzaitenten_japan,100.0,2026-08-09T09:12:44.000Z,,https://www.ebay.com/itm/800481299481?hash=itemba60674c19:g:JK8AAeSwpoNqeEUG,https://i.ebayimg.com/images/g/JK8AAeSwpoNqeEUG/s-l225.jpg
型号不明,41.0,Canon EF-M 28 F3.5 IS STM Standard Zoom Lens,Canon,Lenses,Used,350.55,USD,FIXED_PRICE,5,0,mount:canon ef,JP,benzaitenten_japan,100.0,2026-08-09T08:35:22.000Z,,https://www.ebay.com/itm/800481211603?hash=itemba6065f4d3:g:XkUAAeSw9~xqeDxG,https://i.ebayimg.com/images/g/XkUAAeSw9~xqeDxG/s-l225.jpg
型号不明,41.0,CANON EFS 18-135 F3.5-5.6 IS USM Standard Zoom Lens,Canon,Lenses,Used,350.55,USD,FIXED_PRICE,10,0,mount:canon ef,JP,benzaitenten_japan,100.0,2026-08-09T08:28:34.000Z,,https://www.ebay.com/itm/800481198971?hash=itemba6065c37b:g:XcEAAeSw2SRqeDqu,https://i.ebayimg.com/images/g/XcEAAeSw2SRqeDqu/s-l225.jpg
型号不明,41.0,Canon EF-M11-22 F4-5.6 IS STM Wide-Angle Zoom Lens,Canon,Lenses,Used,350.55,USD,FIXED_PRICE,10,0,mount:canon ef,JP,benzaitenten_japan,100.0,2026-08-09T08:23:08.000Z,,https://www.ebay.com/itm/800481176372?hash=itemba60656b34:g:PI8AAeSwn1JqeDoc,https://i.ebayimg.com/images/g/PI8AAeSwn1JqeDoc/s-l225.jpg
型号不明,41.0,Canon EF 17-40 1:4 L USM Wide-Angle Zoom Lens,Canon,Lenses,Used,350.55,USD,FIXED_PRICE,7,0,mount:canon ef,JP,benzaitenten_japan,100.0,2026-08-09T08:20:59.000Z,,https://www.ebay.com/itm/800481169579?hash=itemba606550ab:g:Ar8AAeSwSG9qeDmi,https://i.ebayimg.com/images/g/Ar8AAeSwSG9qeDmi/s-l225.jpg
型号不明,41.0,OLYMPUS MC-14 M.ZUIKO Micro Four Thirds DIGITAL 1.4x TELECOVERTER NEW,Olympus,Lenses,New,351.53,USD,"FIXED_PRICE,BEST_OFFER",7,0,mount:olympus om,JP,three-way_good,98.6,2026-08-09T04:44:02.000Z,,https://www.ebay.com/itm/366594535683?hash=item555abcb103:g:EhsAAOSwQsFmmuQa,https://i.ebayimg.com/images/g/EhsAAOSwQsFmmuQa/s-l225.jpg
型号不明,41.0,Nikon AF-S Teleconverter TC-20E III 2x Telephoto Extender for F Mount From JAPAN,Nikon,Lenses,Used,360.19,USD,FIXED_PRICE,11,0,mount:nikon f,JP,the_excellent_camera_from_japan,100.0,2026-08-09T04:49:40.000Z,,https://www.ebay.com/itm/358903168195?hash=item53904bbcc3:g:ZjQAAeSwMCBqeAfY,https://i.ebayimg.com/images/g/ZjQAAeSwMCBqeAfY/s-l225.jpg
残件/按现状;型号不明,41.0,CANON EF 28-70 F2.8 L USM EF 28-70 F2.8 L USM As Is,Canon,Lenses,Used,382.46,USD,FIXED_PRICE,4,0,mount:canon ef;as-is,JP,benzaitenten_japan,100.0,2026-08-09T09:53:53.000Z,,https://www.ebay.com/itm/800481400192?hash=itemba6068d580:g:CloAAeSwH-NqeE6v,https://i.ebayimg.com/images/g/CloAAeSwH-NqeE6v/s-l225.jpg
型号不明,41.0,CANON FISHEYE EF 15 F2.8 Lens,Canon,Lenses,Used,382.46,USD,FIXED_PRICE,3,0,mount:canon ef,JP,benzaitenten_japan,100.0,2026-08-09T09:53:30.000Z,,https://www.ebay.com/itm/800481399778?hash=itemba6068d3e2:g:8CUAAeSw3T9qeE6W,https://i.ebayimg.com/images/g/8CUAAeSw3T9qeE6W/s-l225.jpg
型号不明,41.0,CANON EF 17-40 1:4 L USM Lens,Canon,Lenses,Used,382.46,USD,FIXED_PRICE,8,0,mount:canon ef,JP,benzaitenten_japan,100.0,2026-08-09T09:44:29.000Z,,https://www.ebay.com/itm/800481378156?hash=itemba60687f6c:g:u7EAAeSwoUJqeEzz,https://i.ebayimg.com/images/g/u7EAAeSwoUJqeEzz/s-l225.jpg
型号不明,41.0,CANON EF-S 18-135 F3.5-5.6 IS USM Lens,Canon,Lenses,Used,382.46,USD,FIXED_PRICE,2,0,mount:canon ef,JP,benzaitenten_japan,100.0,2026-08-09T09:30:34.000Z,,https://www.ebay.com/itm/800481350109?hash=itemba606811dd:g:kSMAAeSwqgRqeEk4,https://i.ebayimg.com/images/g/kSMAAeSwqgRqeEk4/s-l225.jpg
型号不明,41.0,CANON EF-M 55-200 F4.5-6.3 IS STM Lens,Canon,Lenses,Used,382.46,USD,FIXED_PRICE,6,0,mount:canon ef,JP,benzaitenten_japan,100.0,2026-08-09T09:17:49.000Z,,https://www.ebay.com/itm/800481319844?hash=itemba60679ba4:g:J7IAAeSwiX5qeEY6,https://i.ebayimg.com/images/g/J7IAAeSwiX5qeEY6/s-l225.jpg
型号不明,41.0,CANON EF 28 1.8USM Camera Lens,Canon,Lenses,Used,382.46,USD,FIXED_PRICE,6,0,mount:canon ef,JP,benzaitenten_japan,100.0,2026-08-09T09:01:31.000Z,,https://www.ebay.com/itm/800481264754?hash=itemba6066c472:g:U2EAAeSwY5dqeEIx,https://i.ebayimg.com/images/g/U2EAAeSwY5dqeEIx/s-l225.jpg
型号不明,41.0,CANON EF-M 55-200 F4.5-6.3 IS STM Telephoto Zoom Lens,Canon,Lenses,Used,382.46,USD,FIXED_PRICE,4,0,mount:canon ef,JP,benzaitenten_japan,100.0,2026-08-09T08:56:05.000Z,,https://www.ebay.com/itm/800481257251?hash=itemba6066a723:g:fZAAAeSwsnZqeEHO,https://i.ebayimg.com/images/g/fZAAAeSwsnZqeEHO/s-l225.jpg
型号不明,41.0,CANON EF-M 28 F3.5 MACRO IS STM Prime Lens,Canon,Lenses,Used,382.46,USD,FIXED_PRICE,4,0,mount:canon ef,JP,benzaitenten_japan,100.0,2026-08-09T08:49:29.000Z,,https://www.ebay.com/itm/800481239516?hash=itemba606661dc:g:EEkAAeSwfDJqeEBH,https://i.ebayimg.com/images/g/EEkAAeSwfDJqeEBH/s-l225.jpg
型号不明,41.0,Canon EF-S 18-135 F3.5-5.6 IS STM Standard Zoom Lens,Canon,Lenses,Used,382.46,USD,FIXED_PRICE,5,0,mount:canon ef,JP,benzaitenten_japan,100.0,2026-08-09T08:47:55.000Z,,https://www.ebay.com/itm/800481235731?hash=itemba60665313:g:SvkAAeSwndBqeD-z,https://i.ebayimg.com/images/g/SvkAAeSwndBqeD-z/s-l225.jpg
型号不明,41.0,CANON EF 50 1:1.4 Prime Lens,Canon,Lenses,Used,382.46,USD,FIXED_PRICE,4,0,mount:canon ef,JP,benzaitenten_japan,100.0,2026-08-09T08:46:41.000Z,,https://www.ebay.com/itm/800481232800?hash=itemba606647a0:g:fV0AAeSwfoNqeD-o,https://i.ebayimg.com/images/g/fV0AAeSwfoNqeD-o/s-l225.jpg
型号不明,41.0,Canon EF-S 18-135 F3.5-5.6 IS Standard Zoom Lens,Canon,Lenses,Used,382.46,USD,FIXED_PRICE,7,0,mount:canon ef,JP,benzaitenten_japan,100.0,2026-08-09T08:44:48.000Z,,https://www.ebay.com/itm/800481229222?hash=itemba606639a6:g:XtoAAeSw6glqeD55,https://i.ebayimg.com/images/g/XtoAAeSw6glqeD55/s-l225.jpg
型号不明,41.0,Canon EF 17-40 F4L USM Wide-Angle Zoom Lens,Canon,Lenses,Used,382.46,USD,FIXED_PRICE,3,0,mount:canon ef,JP,benzaitenten_japan,100.0,2026-08-09T08:43:31.000Z,,https://www.ebay.com/itm/800481227717?hash=itemba606633c5:g:-RQAAeSwvmNqeD7m,https://i.ebayimg.com/images/g/-RQAAeSwvmNqeD7m/s-l225.jpg
型号不明,41.0,CANON EFS 15-85 Camera Lens,Canon,Lenses,Used,382.46,USD,FIXED_PRICE,8,0,mount:canon ef,JP,benzaitenten_japan,100.0,2026-08-09T08:38:25.000Z,,https://www.ebay.com/itm/800481217447?hash=itemba60660ba7:g:Y1UAAeSwQzFqeDz-,https://i.ebayimg.com/images/g/Y1UAAeSwQzFqeDz-/s-l225.jpg
型号不明,41.0,CANON EF-S18-200 F3.5-5.6IS Standard Zoom Lens,Canon,Lenses,Used,382.46,USD,FIXED_PRICE,7,0,mount:canon ef,JP,benzaitenten_japan,100.0,2026-08-09T08:36:02.000Z,,https://www.ebay.com/itm/800481212814?hash=itemba6065f98e:g:b6AAAeSw1~lqeDy0,https://i.ebayimg.com/images/g/b6AAAeSw1~lqeDy0/s-l225.jpg
型号不明,41.0,CANON EF-S 55-250 F4-5.6 IS STM Telephoto Zoom Lens,Canon,Lenses,Used,382.46,USD,FIXED_PRICE,3,0,mount:canon ef,JP,benzaitenten_japan,100.0,2026-08-09T08:34:46.000Z,,https://www.ebay.com/itm/800481211105?hash=itemba6065f2e1:g:3VcAAeSwUp5qeDxd,https://i.ebayimg.com/images/g/3VcAAeSwUp5qeDxd/s-l225.jpg
型号不明,41.0,Canon EF 17-35 F2.8 L Wide-Angle Zoom Lens,Canon,Lenses,Used,382.46,USD,FIXED_PRICE,13,0,mount:canon ef,JP,benzaitenten_japan,100.0,2026-08-09T08:33:56.000Z,,https://www.ebay.com/itm/800481210246?hash=itemba6065ef86:g:Z~AAAeSw8ChqeDvw,https://i.ebayimg.com/images/g/Z~AAAeSw8ChqeDvw/s-l225.jpg
型号不明,41.0,Canon EF 24 1:2.8 IS USM Wide-Angle Prime Lens,Canon,Lenses,Used,382.46,USD,FIXED_PRICE,4,0,mount:canon ef,JP,benzaitenten_japan,100.0,2026-08-09T08:33:31.000Z,,https://www.ebay.com/itm/800481209518?hash=itemba6065ecae:g:LqwAAeSwxghqeDwW,https://i.ebayimg.com/images/g/LqwAAeSwxghqeDwW/s-l225.jpg
型号不明,41.0,Canon EF-M 11-22 F4-5.6 IS STM Wide-Angle Zoom Lens,Canon,Lenses,Used,382.46,USD,FIXED_PRICE,7,0,mount:canon ef,JP,benzaitenten_japan,100.0,2026-08-09T08:20:11.000Z,,https://www.ebay.com/itm/800481166627?hash=itemba60654523:g:rS4AAeSwIvJqeDh8,https://i.ebayimg.com/images/g/rS4AAeSwIvJqeDh8/s-l225.jpg
型号不明,41.0,CANON MACRO LENS EF 100 1:2.8 Wide-Angle Prime Lens For Canon Cameras,Canon,Lenses,Used,382.46,USD,FIXED_PRICE,5,0,mount:canon ef,JP,benzaitenten_japan,100.0,2026-08-09T08:16:47.000Z,,https://www.ebay.com/itm/800481154248?hash=itemba606514c8:g:E3oAAeSwqylqeDgu,https://i.ebayimg.com/images/g/E3oAAeSwqylqeDgu/s-l225.jpg
型号不明,41.0,CANON EXTENDER EF 2X III Extender,Canon,Lenses,Used,382.46,USD,FIXED_PRICE,7,0,mount:canon ef,JP,benzaitenten_japan,100.0,2026-08-09T08:01:45.000Z,,https://www.ebay.com/itm/800481101714?hash=itemba60644792:g:imUAAeSwA6tqeDSi,https://i.ebayimg.com/images/g/imUAAeSwA6tqeDSi/s-l225.jpg
型号不明,41.0,CANON EXTENER EF 2X III Extender,Canon,Lenses,Used,382.46,USD,FIXED_PRICE,6,0,mount:canon ef,JP,benzaitenten_japan,100.0,2026-08-09T07:55:27.000Z,,https://www.ebay.com/itm/800481096207?hash=itemba6064320f:g:6hAAAeSwyShqeDKx,https://i.ebayimg.com/images/g/6hAAAeSwyShqeDKx/s-l225.jpg
型号不明,41.0,vintage canon P RangeFinder Camera,Canon,Vintage Cameras,,400.0,USD,"FIXED_PRICE,BEST_OFFER",1,0,,US,michor6555,0.0,2026-08-09T15:10:44.000Z,,https://www.ebay.com/itm/198558905119?hash=item2e3b08731f:g:XsoAAeSwT0pqeJVi,https://i.ebayimg.com/images/g/XsoAAeSwT0pqeJVi/s-l225.jpg
型号不明,41.0,"Nikon NIKKOR Z TC-1.4x Teleconverter Z Mount - Open Box, Never Used",Nikon,Lenses,Open box,519.99,USD,"FIXED_PRICE,BEST_OFFER",4,0,grail:TC-1;mount:nikon f,PR,ljralonso10,100.0,2026-08-09T20:19:24.000Z,,https://www.ebay.com/itm/227468869112?hash=item34f6337df8:g:4zIAAeSwwhdqeOC9,https://i.ebayimg.com/images/g/4zIAAeSwwhdqeOC9/s-l225.jpg
型号不明,41.0,"*Rare "" Nippon Kogaku Tokyo "" Exc+5* Nikon Nikkor S C 5cm F1.4 for S mount Japan",Nikon,Lenses,Used,613.32,USD,FIXED_PRICE,10,0,mount:nikon f;good-cond,JP,dub0804-55,100.0,2026-08-09T11:51:54.000Z,,https://www.ebay.com/itm/366594964273?hash=item555ac33b31:g:2AsAAOSw5QNhZ7ZI,https://i.ebayimg.com/images/g/2AsAAOSw5QNhZ7ZI/s-l225.jpg
型号不明,41.0,FUJIFILM XF35mm F1.4 R for Fujifilm X mount from Japan -EXC- 9597,Fujifilm,Lenses,Used,731.68,USD,FIXED_PRICE,2,0,mount:fuji x;good-cond,JP,kitamura_camera,100.0,2026-08-09T15:27:38.000Z,,https://www.ebay.com/itm/358904773712?hash=item5390643c50:g:1HgAAeSwJoxqeTXK,https://i.ebayimg.com/images/g/1HgAAeSwJoxqeTXK/s-l225.jpg
残件/按现状,40.0,Vintage Eastman Kodak Baby Brownie Special Camera Untested (PL116),Kodak,Vintage Cameras,,28.7,USD,FIXED_PRICE,5,0,as-is,CA,thestoragebounty,98.9,2026-08-10T00:39:26.000Z,,https://www.ebay.com/itm/318704314947?hash=item4a3441ea43:g:CtwAAeSwOfRqeR26,https://i.ebayimg.com/images/g/CtwAAeSwOfRqeR26/s-l225.jpg
残件/按现状,40.0,Sony Cyber-Shot DSC-W270 Camera 12.1MP Red NO BATTERY UNTESTED,Sony,Digital Cameras,For parts or not working,43.04,USD,"FIXED_PRICE,BEST_OFFER",3,0,as-is;underpriced(med 249),CA,brooksie_71,99.4,2026-08-09T23:25:40.000Z,,https://www.ebay.com/itm/287515414953?hash=item42f14111a9:g:QIgAAeSwm6tqeQwc,https://i.ebayimg.com/images/g/QIgAAeSwm6tqeQwc/s-l225.jpg
残件/按现状,40.0,Sony Cyber shot Dsc W30 3x Zoom 6mp Digital Camera Clunky Zoom Working Cam Only,Sony,Digital Cameras,For parts or not working,52.14,USD,FIXED_PRICE,8,0,underpriced(med 249),GB,vintage-retro-shop,99.9,2026-08-09T17:57:59.000Z,,https://www.ebay.com/itm/298572942424?hash=item4584558c58:g:~SoAAeSw8EFqccpQ,https://i.ebayimg.com/images/g/~SoAAeSw8EFqccpQ/s-l225.jpg
残件/按现状,40.0,Vintage Sony DSC-W310 & Kodak M522 compact Cameras – Untested/Parts/repair only,Sony,Digital Cameras,For parts or not working,57.39,USD,FIXED_PRICE,22,0,as-is;underpriced(med 249),CA,uuda4246,0.0,2026-08-09T05:35:21.000Z,,https://www.ebay.com/itm/178388415449?hash=item2988c733d9:g:g7QAAeSwwnxqbVDR,https://i.ebayimg.com/images/g/g7QAAeSwwnxqbVDR/s-l225.jpg
残件/按现状;打包杂件,40.0,Lot of 7 Konica 35mm SLR Film Cameras with 3 50mm lenses,Konica,Film Cameras,For parts or not working,60.0,USD,"FIXED_PRICE,AUCTION",11,0,neg;auction,US,golden_hour_cameras,98.7,2026-08-09T21:35:58.000Z,2026-08-16T21:35:58.000Z,https://www.ebay.com/itm/800483504020?hash=itemba6088ef94:g:M28AAeSwlYhqYtZD,https://i.ebayimg.com/images/g/M28AAeSwlYhqYtZD/s-l225.jpg
打包杂件,40.0,Lot Of 2 Canon EF II 80-200mm f/4.5-5.6 II 35-80 1.4 5.6 III,Canon,Lenses,Used,75.0,USD,"FIXED_PRICE,BEST_OFFER",5,0,mount:canon ef;neg;underpriced(med 300),US,antmcdo64,99.3,2026-08-09T15:17:59.000Z,,https://www.ebay.com/itm/227468602896?hash=item34f62f6e10:g:I7IAAeSwsnZqeJob,https://i.ebayimg.com/images/g/I7IAAeSwsnZqeJob/s-l225.jpg
型号不明,40.0,Used Sigma 70-300 APO DG Red Ring Lens Sony A Mount AF Zoom Smooth Sharp Glass,Sigma,Lenses,Used,153.82,USD,"FIXED_PRICE,BEST_OFFER",4,0,underpriced(med 369),CN,qwertyu_60,100.0,2026-08-09T09:16:21.000Z,,https://www.ebay.com/itm/398266103626?hash=item5cba82774a:g:LosAAeSw1cJqeEVe,https://i.ebayimg.com/images/g/LosAAeSw1cJqeEVe/s-l225.jpg
型号不明,40.0,Pentax SP Digital,Pentax,Digital Cameras,Used,281.19,USD,FIXED_PRICE,12,0,grail:Pentax SP,JP,zet_on,100.0,2026-08-09T06:23:35.000Z,,https://www.ebay.com/itm/407130766946?hash=item5ecae27e62:g:JegAAeSwOfRqeB3b,https://i.ebayimg.com/images/g/JegAAeSwOfRqeB3b/s-l225.jpg
打包杂件,39.0,Vivitar Camera Lens Lot Mixed Brands Mixed Mounts 7 Pieces Vintage,Vivitar,Vintage Lenses,,39.99,USD,FIXED_PRICE,4,0,,US,goodwillsocalshop,99.7,2026-08-09T13:37:23.000Z,,https://www.ebay.com/itm/267751877844?hash=item3e57416cd4:g:LwAAAeSwYelqb0j9,https://i.ebayimg.com/images/g/LwAAAeSwYelqb0j9/s-l225.jpg
打包杂件,39.0,Vintage M42 Screw Mount Lens Lot Vivitar 50mm F1.9 Auto Tele 135mm F3.5 Prime,Vivitar,Vintage Lenses,,69.99,USD,"FIXED_PRICE,BEST_OFFER",3,0,mount:ltm/l39,US,tne4ever,99.0,2026-08-09T08:00:01.000Z,,https://www.ebay.com/itm/358887891559?hash=item538f62a267:g:~5gAAeSwh0Nqc0ua,https://i.ebayimg.com/images/g/~5gAAeSwh0Nqc0ua/s-l225.jpg
型号不明,39.0,Kenko Tokina Lens N-AF 2X TELEPLUS MC7 Used,Tokina,Lenses,Used,76.95,USD,FIXED_PRICE,6,0,,JP,beecruise04,97.5,2026-08-09T20:53:23.000Z,,https://www.ebay.com/itm/318703651062?hash=item4a3437c8f6:g:d5YAAeSwocpqeOl7,https://i.ebayimg.com/images/g/d5YAAeSwocpqeOl7/s-l225.jpg
型号不明,39.0,Kenko Tokina Lens N-AFx2 ForNikon Used,Tokina,Lenses,Used,76.95,USD,FIXED_PRICE,6,0,,JP,beecruise04,97.5,2026-08-09T20:52:55.000Z,,https://www.ebay.com/itm/318703650306?hash=item4a3437c602:g:h20AAeSw3xtqeOnM,https://i.ebayimg.com/images/g/h20AAeSw3xtqeOnM/s-l225.jpg
型号不明,39.0,TAMRON Lenses af Aspherical XR LD if Used,Tamron,Lenses,Used,98.32,USD,FIXED_PRICE,4,0,,JP,beecruise04,97.5,2026-08-09T20:53:52.000Z,,https://www.ebay.com/itm/318703651798?hash=item4a3437cbd6:g:URAAAeSw1yVqeOlc,https://i.ebayimg.com/images/g/URAAAeSw1yVqeOlc/s-l225.jpg
型号不明,39.0,TAMRON lens 3500736 Used,Tamron,Lenses,Used,98.32,USD,FIXED_PRICE,6,0,,JP,beecruise04,97.5,2026-08-09T20:53:43.000Z,,https://www.ebay.com/itm/318703651608?hash=item4a3437cb18:g:YUMAAeSwRpxqeOnN,https://i.ebayimg.com/images/g/YUMAAeSwRpxqeOnN/s-l225.jpg
型号不明,39.0,TAMRON lens A18 Used,Tamron,Lenses,Used,102.21,USD,FIXED_PRICE,3,0,,JP,beecruise04,97.5,2026-08-09T20:53:09.000Z,,https://www.ebay.com/itm/318703650517?hash=item4a3437c6d5:g:YisAAeSwcflqeOls,https://i.ebayimg.com/images/g/YisAAeSwcflqeOls/s-l225.jpg
型号不明,39.0,TAMRON CANON 28-80F3.5-5.6 Lens,Tamron,Lenses,Used,105.94,USD,FIXED_PRICE,3,0,,JP,benzaitenten_japan,100.0,2026-08-09T09:08:39.000Z,,https://www.ebay.com/itm/800481282330?hash=itemba6067091a:g:OBkAAeSwHdJqeETK,https://i.ebayimg.com/images/g/OBkAAeSwHdJqeETK/s-l225.jpg
型号不明,39.0,TAMRON lens AF-18-200 Used,Tamron,Lenses,Used,109.01,USD,FIXED_PRICE,6,0,,JP,beecruise04,97.5,2026-08-09T20:54:01.000Z,,https://www.ebay.com/itm/318703651981?hash=item4a3437cc8d:g:oOoAAeSwbqVqeOoY,https://i.ebayimg.com/images/g/oOoAAeSwbqVqeOoY/s-l225.jpg
型号不明,39.0,TAMRON lens Used,Tamron,Lenses,Used,109.01,USD,FIXED_PRICE,8,0,,JP,beecruise04,97.5,2026-08-09T20:53:57.000Z,,https://www.ebay.com/itm/318703651893?hash=item4a3437cc35:g:l0sAAeSwThVqeOoT,https://i.ebayimg.com/images/g/l0sAAeSwThVqeOoT/s-l225.jpg
型号不明,39.0,TAMRON LENS ◆ SUPERII-MACRO Used,Tamron,Lenses,Used,119.69,USD,FIXED_PRICE,6,0,,JP,beecruise04,97.5,2026-08-09T20:52:24.000Z,,https://www.ebay.com/itm/318703649868?hash=item4a3437c44c:g:yLAAAeSwU79qeOjI,https://i.ebayimg.com/images/g/yLAAAeSwU79qeOjI/s-l225.jpg
型号不明,39.0,"Leica 10x50 BA Trinovid, coating marks 1137904",Leica,Lenses,Used,744.0,USD,"FIXED_PRICE,BEST_OFFER",3,0,,US,camerawestsf,100.0,2026-08-09T13:16:25.000Z,,https://www.ebay.com/itm/188766452458?hash=item2bf35b7aea:g:trYAAeSweEtqeHqB,https://i.ebayimg.com/images/g/trYAAeSweEtqeHqB/s-l225.jpg
型号不明,38.0,Leica Camera objective,Leica,Lenses,Used,0.0,USD,"AUCTION,BEST_OFFER",0,0,auction,SE,wi_494846,0.0,2026-08-09T13:17:09.000Z,2026-08-16T13:17:09.000Z,https://www.ebay.com/itm/800482004537?hash=itemba60720e39:g:m70AAeSw7-lqeHZW,https://i.ebayimg.com/images/g/m70AAeSw7-lqeHZW/s-l225.jpg
残件/按现状,38.0,Yashica Fr + Yashica ML 135mm 1:2.8C + Yashica Winder,Yashica,Film Cameras,Per parti di ricambio o non funzionante,0.0,USD,AUCTION,7,0,auction,IT,b-shop84,100.0,2026-08-09T11:34:32.000Z,2026-08-16T11:34:32.000Z,https://www.ebay.com/itm/398266434514?hash=item5cba8783d2:g:pgQAAeSw8utqQQBr,https://i.ebayimg.com/images/g/pgQAAeSw8utqQQBr/s-l225.jpg
残件/按现状,38.0,Sony CCD-V8AF-E Video 8-Camera Recorder | Untested | Read Descr,Sony,Camcorders,For parts or not working,60.71,USD,"FIXED_PRICE,BEST_OFFER",17,0,as-is;underpriced(med 165),GB,home-primrose,100.0,2026-08-09T20:53:38.000Z,,https://www.ebay.com/itm/407132089192?hash=item5ecaf6ab68:g:MjAAAeSwAaFqFMnL,https://i.ebayimg.com/images/g/MjAAAeSwAaFqFMnL/s-l225.jpg
型号不明,38.0,Used Tamron 28-200 LD AF Canon EF Macro Lens,Tamron,Lenses,Used,102.46,USD,"FIXED_PRICE,BEST_OFFER",4,0,mount:canon ef,CN,qwertyu_60,100.0,2026-08-09T10:31:50.000Z,,https://www.ebay.com/itm/398266301713?hash=item5cba857d11:g:WDoAAeSwXI1qeFcQ,https://i.ebayimg.com/images/g/WDoAAeSwXI1qeFcQ/s-l225.jpg
型号不明,38.0,Used Tamron AF 55-200 Canon EF Mount Lens,Tamron,Lenses,Used,102.46,USD,"FIXED_PRICE,BEST_OFFER",7,0,mount:canon ef,CN,qwertyu_60,100.0,2026-08-09T09:19:59.000Z,,https://www.ebay.com/itm/398266114507?hash=item5cba82a1cb:g:qisAAeSwMyRqeEY1,https://i.ebayimg.com/images/g/qisAAeSwMyRqeEY1/s-l225.jpg
型号不明,38.0,Used Tamron 18-200 XR DiII LD Asp MACRO Canon EF Mount Lens,Tamron,Lenses,Used,128.14,USD,"FIXED_PRICE,BEST_OFFER",8,0,mount:canon ef,CN,qwertyu_60,100.0,2026-08-09T10:20:42.000Z,,https://www.ebay.com/itm/398266273700?hash=item5cba850fa4:g:~kMAAeSwiodqeFRs,https://i.ebayimg.com/images/g/~kMAAeSwiodqeFRs/s-l225.jpg
型号不明,38.0,Used Tamron 18-270 VC Canon EF Mount APS-C Lens,Tamron,Lenses,Used,141.24,USD,"FIXED_PRICE,BEST_OFFER",8,0,mount:canon ef,CN,qwertyu_60,100.0,2026-08-09T08:51:44.000Z,,https://www.ebay.com/itm/398266032304?hash=item5cba8160b0:g:~xkAAeSw-zVqeD-U,https://i.ebayimg.com/images/g/~xkAAeSw-zVqeD-U/s-l225.jpg
残件/按现状,38.0,Nikon FM 35MM 35MM Film Camera Untested,Nikon,Film Cameras,Used,179.35,USD,FIXED_PRICE,2,0,as-is,CA,paymore_kitchener,99.6,2026-08-09T13:22:00.000Z,,https://www.ebay.com/itm/137602035259?hash=item2009b86e3b:g:3U0AAeSwfn9qeHy8,https://i.ebayimg.com/images/g/3U0AAeSwfn9qeHy8/s-l225.jpg
型号不明,38.0,Used Fringer CN-SE Adapter Contax N to Sony E Metal Auto Focus,Contax,Lenses,Used,340.25,USD,"FIXED_PRICE,BEST_OFFER",6,0,,CN,qwertyu_60,100.0,2026-08-09T10:07:36.000Z,,https://www.ebay.com/itm/398266236778?hash=item5cba847f6a:g:0agAAeSw1KtqeEet,https://i.ebayimg.com/images/g/0agAAeSw1KtqeEet/s-l225.jpg
残件/按现状,37.0,Minolta Lens MC Tele Rokkor-PE 200mm F/4.5 With Case rear Cap,Minolta,Lenses,For parts or not working,0.0,USD,AUCTION,3,0,mount:minolta md;auction,US,lejun-77,100.0,2026-08-09T16:39:14.000Z,2026-08-16T16:39:14.000Z,https://www.ebay.com/itm/168600937683?hash=item27416624d3:g:UWwAAeSw~uRqeKzO,https://i.ebayimg.com/images/g/UWwAAeSw~uRqeKzO/s-l225.jpg
描述含糊,37.0,3 separate Canon FD NFD 35-105mm f3.5 MF Zoom Lens From JAPAN please see pics,Canon,Lenses,Used,0.0,USD,"AUCTION,BEST_OFFER",11,0,mount:canon fd;auction,US,forgottentreasures101,100.0,2026-08-09T15:36:00.000Z,2026-08-16T15:36:00.000Z,https://www.ebay.com/itm/358904796627?hash=item53906495d3:g:MoEAAeSw7ehqZifW,https://i.ebayimg.com/images/g/MoEAAeSw7ehqZifW/s-l225.jpg
打包杂件,37.0,Panasonic PV-L452D VHS-C Camcorder Bundle Charger 4 Tapes SD Card No Battery,Panasonic,Camcorders,Used,59.99,USD,"FIXED_PRICE,AUCTION",12,0,auction,US,bionicquest,99.9,2026-08-10T00:04:00.000Z,2026-08-17T00:04:00.000Z,https://www.ebay.com/itm/117344267840?hash=item1b52436e40:g:VeYAAeSwRrFpFAS2,https://i.ebayimg.com/images/g/VeYAAeSwRrFpFAS2/s-l225.jpg
残件/按现状,37.0,Panasonic Palmcorder IQ PV-IQ403 w/2 Batteries Charger Tape Sealed Bag Read Desc,Panasonic,Camcorders,For parts or not working,60.0,USD,"FIXED_PRICE,AUCTION",13,0,auction,US,jaimitob,100.0,2026-08-10T12:00:32.000Z,2026-08-17T12:00:32.000Z,https://www.ebay.com/itm/298575044838?hash=item458475a0e6:g:hgsAAeSwu85qJfzA,https://i.ebayimg.com/images/g/hgsAAeSwu85qJfzA/s-l225.jpg
残件/按现状,37.0,Polaroid SX-70 Land Camera Model 2 - with Case - Untested,Polaroid,Vintage Cameras,,65.0,USD,"FIXED_PRICE,BEST_OFFER",18,0,as-is,US,thegrumpygnomevault,99.9,2026-08-10T00:32:37.000Z,,https://www.ebay.com/itm/287515489429?hash=item42f1423495:g:GKEAAeSw8TRqeRt2,https://i.ebayimg.com/images/g/GKEAAeSw8TRqeRt2/s-l225.jpg
残件/按现状,37.0,"Panasonic Lumix DMC-FH3 14 MP Silver Digital Camera With Battery, Untested",Panasonic,Digital Cameras,Used,65.29,USD,"FIXED_PRICE,BEST_OFFER",16,0,as-is;underpriced(med 173),US,howellndad,98.2,2026-08-09T20:39:06.000Z,,https://www.ebay.com/itm/147493879905?hash=item2257520061:g:aukAAeSwmm9qKKDY,https://i.ebayimg.com/images/g/aukAAeSwmm9qKKDY/s-l225.jpg
残件/按现状,37.0,Polaroid SX-70 Land Camera Instant Film Camera Brown w/ Polaroid Case “untested”,Polaroid,Vintage Cameras,,70.0,USD,"FIXED_PRICE,BEST_OFFER",4,0,as-is,US,treasure_outlet-1,100.0,2026-08-09T20:56:54.000Z,,https://www.ebay.com/itm/298573330349?hash=item45845b77ad:g:-coAAeSwtlZqeOk1,https://i.ebayimg.com/images/g/-coAAeSwtlZqeOk1/s-l225.jpg
打包杂件,37.0,"Vivitar V2000 Bundle, Camera, Flash And Bag 35mm",Vivitar,Film Cameras,Used,70.0,USD,"FIXED_PRICE,BEST_OFFER",6,0,,US,hootie9353,100.0,2026-08-09T15:59:58.000Z,,https://www.ebay.com/itm/236995866587?hash=item372e0defdb:g:n4UAAeSwMjhqeKNQ,https://i.ebayimg.com/images/g/n4UAAeSwMjhqeKNQ/s-l225.jpg
残件/按现状,37.0,Vintage Polaroid 600 One Step Express Instant Pictures Camera Green Parts Repair,Polaroid,Vintage Cameras,,71.61,USD,FIXED_PRICE,15,0,,US,vinobarrera1,99.7,2026-08-09T22:01:14.000Z,,https://www.ebay.com/itm/117349275418?hash=item1b528fd71a:g:NGkAAeSwd-hqKGVa,https://i.ebayimg.com/images/g/NGkAAeSwd-hqKGVa/s-l225.jpg
残件/按现状,37.0,Canon GL2 3CCD MiniDV Digital Video Camcorder NTSC Prosumer - Powers ON P/R,Canon,Camcorders,For parts or not working,74.91,USD,FIXED_PRICE,21,0,,US,fm.sellers,100.0,2026-08-09T19:24:23.000Z,,https://www.ebay.com/itm/327302372421?hash=item4c34bddc45:g:4r4AAeSwCYxqeNOY,https://i.ebayimg.com/images/g/4r4AAeSwCYxqeNOY/s-l225.jpg
残件/按现状;打包杂件,37.0,Lot Of 2 Vintage 1950s Polaroid Cameras Beautiful Condition Untested,Polaroid,Vintage Cameras,,75.0,USD,"FIXED_PRICE,BEST_OFFER",6,0,as-is,US,thriftypickerz,99.9,2026-08-10T01:32:40.000Z,,https://www.ebay.com/itm/307117070593?hash=item47819a9901:g:l8QAAeSwdC9pReG0,https://i.ebayimg.com/images/g/l8QAAeSwdC9pReG0/s-l225.jpg
残件/按现状,37.0,Kodak Retina 1a Type 015 Folding Camera Retina-Xenar 2.8/50mm *UNTESTED*,Kodak,Vintage Cameras,,79.95,USD,FIXED_PRICE,18,0,as-is,US,reddogedwards,99.7,2026-08-10T04:52:48.000Z,,https://www.ebay.com/itm/198560234649?hash=item2e3b1cbc99:g:78IAAeSw-DtqakYh,https://i.ebayimg.com/images/g/78IAAeSw-DtqakYh/s-l225.jpg
打包杂件,37.0,Sony Cyber-shot DSC-S600 6.0MP Digital Camera Silver Carl Zeiss 3x Zoom Bundle,Sony,Digital Cameras,Used,79.95,USD,"FIXED_PRICE,BEST_OFFER",6,0,underpriced(med 249),US,underthesunresale,99.1,2026-08-09T18:14:08.000Z,,https://www.ebay.com/itm/137602683464?hash=item2009c25248:g:OHgAAeSwwyJqeMNv,https://i.ebayimg.com/images/g/OHgAAeSwwyJqeMNv/s-l225.jpg
残件/按现状,37.0,Sony DSC-WX350 Digital Camera Rough Damaged Project,Sony,Digital Cameras,For parts or not working,89.95,USD,FIXED_PRICE,22,0,as-is;underpriced(med 249),US,stuff-you-are-looking-for,100.0,2026-08-09T22:22:46.000Z,,https://www.ebay.com/itm/358905820757?hash=item5390743655:g:9~EAAeSwYVRqePqg,https://i.ebayimg.com/images/g/9~EAAeSwYVRqePqg/s-l225.jpg
打包杂件,37.0,Polaroid Now 3rd Gen Instant Camera Film Bundle - Pebble White - NEW!,Polaroid,Film Cameras,New,89.99,USD,FIXED_PRICE,0,0,,US,tamub-82,99.3,2026-08-09T17:45:51.000Z,,https://www.ebay.com/itm/168601046648?hash=item274167ce78:g:Ox8AAeSws3NqeLzF,https://i.ebayimg.com/images/g/Ox8AAeSws3NqeLzF/s-l225.jpg
型号不明,37.0,Polaroid Instant Camera With Case,Polaroid,Vintage Cameras,,90.0,USD,"FIXED_PRICE,BEST_OFFER",4,0,,US,tierneycarey,0.0,2026-08-10T00:28:17.000Z,,https://www.ebay.com/itm/227469051463?hash=item34f6364647:g:ADQAAeSwOLpqeRqT,https://i.ebayimg.com/images/g/ADQAAeSwOLpqeRqT/s-l225.jpg
残件/按现状,37.0,Vintage Kodak Signet 80 Kodachrome ll Camera 50MM F2.8 lens w/ Case Untested,Kodak,Vintage Cameras,,97.99,USD,"FIXED_PRICE,BEST_OFFER",17,0,as-is,US,a*m_treasure_troves,99.5,2026-08-10T03:24:55.000Z,,https://www.ebay.com/itm/227469186933?hash=item34f6385775:g:Hm4AAeSwtixqeUNR,https://i.ebayimg.com/images/g/Hm4AAeSwtixqeUNR/s-l225.jpg
