#,评分,标题,品牌,类目,成色,价格,币种,购买方式,标记,所在地,卖家,好评率,上架时间,结束时间,链接,图片
1,84.0,EXC4+ Carl Zeiss Jena Tessar 8cm 80mm F2.8 for Reflex-Korelle From JP #o12626,Zeiss,Lenses,Used,144.99,USD,FIXED_PRICE,grail:Tessar;underpriced(med $413),JP,z1came-0,99.7,2026-08-06T06:00:35.000Z,,https://www.ebay.com/itm/407123843803?hash=item5eca78dadb:g:1MAAAOSwbtZn1Yqn,https://i.ebayimg.com/images/g/1MAAAOSwbtZn1Yqn/s-l225.jpg
2,82.0,【MINT+ in Case】 Contax T2 Titan Black Point & Shoot 35mm Film Camera From JAPAN,Contax,Film Cameras,Used,1399.99,USD,FIXED_PRICE,grail:Contax T2;good-cond,JP,osaka-camera-takeuchi,98.1,2026-08-06T17:37:43.000Z,,https://www.ebay.com/itm/257665755966?hash=item3bfe136b3e:g:95EAAeSwaNVpfh9s,https://i.ebayimg.com/images/g/95EAAeSwaNVpfh9s/s-l225.jpg
3,82.0,"[Almost MINT] Overhauled, New bellows & Film back, Plaubel Makina 67 From JAPAN",Plaubel,Film Cameras,Used,2999.99,USD,FIXED_PRICE,grail:Plaubel Makina;good-cond,JP,kiyog_0,100.0,2026-08-06T17:40:42.000Z,,https://www.ebay.com/itm/178380305865?hash=item29884b75c9:g:zZYAAeSwDSdqKvEL,https://i.ebayimg.com/images/g/zZYAAeSwDSdqKvEL/s-l225.jpg
4,81.0,[Exc+5] Canon Canonet QL17 Rangefinder Film Camera 35mm f1.7 Meter from Japan(A),Canon,Film Cameras,Used,129.59,USD,"FIXED_PRICE,BEST_OFFER",grail:Canonet;good-cond,US,ermck_24,99.7,2026-08-06T17:29:43.000Z,,https://www.ebay.com/itm/377399697733?hash=item57dec66145:g:~oIAAeSw-Bhp7~45,https://i.ebayimg.com/images/g/~oIAAeSw-Bhp7~45/s-l225.jpg
5,76.0,Voigtlander Super Wide Heliar 15mm f/4.5 VMII Aspherical For Leica M-mount #5813,Leica,Lenses,Used,345.0,USD,FIXED_PRICE,grail:Heliar;mount:leica m,JP,camerajapan20,100.0,2026-08-06T04:04:38.000Z,,https://www.ebay.com/itm/198550878831?hash=item2e3a8dfa6f:g:Q4UAAeSwDP9ooaOH,https://i.ebayimg.com/images/g/Q4UAAeSwDP9ooaOH/s-l225.jpg
6,73.0,Fujifilm Instax Mini 70 Instant Film Camera MINT GREEN,Fujifilm,Film Cameras,Used,50.0,USD,FIXED_PRICE,good-cond;underpriced(med $152),US,shane108,100.0,2026-08-06T17:35:18.000Z,,https://www.ebay.com/itm/137593498634?hash=item2009362c0a:g:0rUAAeSwA9FqdMW6,https://i.ebayimg.com/images/g/0rUAAeSwA9FqdMW6/s-l225.jpg
7,73.0,Rollei Rolleiflex 6006 Medium Format Film Camera Body Only,Rolleiflex,Film Cameras,For parts or not working,189.95,USD,"FIXED_PRICE,BEST_OFFER",underpriced(med $1100),US,heritage_camera,100.0,2026-08-06T17:43:58.000Z,,https://www.ebay.com/itm/287507827789?hash=item42f0cd4c4d:g:x7EAAeSwCQJqdMco,https://i.ebayimg.com/images/g/x7EAAeSwCQJqdMco/s-l225.jpg
8,72.0,Sony Carl Zeiss Sonnar T* E 24mm F1.8 ZA AF Prime Lens From JAPAN [Mint],Zeiss,Lenses,Used,336.99,USD,"FIXED_PRICE,BEST_OFFER",grail:Sonnar;good-cond,JP,maco0_18,100.0,2026-08-06T09:48:53.000Z,,https://www.ebay.com/itm/800469985610?hash=itemba5fbaa94a:g:G5YAAeSwILhp7GDb,https://i.ebayimg.com/images/g/G5YAAeSwILhp7GDb/s-l225.jpg
9,72.0,2 Lens [MINT] Pentax ME Super Black 35 Film Camera M 50mm f1.7 + 28mm f2.8 JAPAN,Pentax,Film Cameras,Used,399.99,USD,FIXED_PRICE,grail:Pentax ME Super;good-cond,JP,shibainu_camera_japan,100.0,2026-08-06T17:27:15.000Z,,https://www.ebay.com/itm/398257276321?hash=item5cb9fbc5a1:g:uB8AAeSwiuJqdMUf,https://i.ebayimg.com/images/g/uB8AAeSwiuJqdMUf/s-l225.jpg
10,72.0,Late S/N 784xxx [Top MINT+++] Nikon F2 Photomic SB DP-3 Silver Film Camera JAPAN,Nikon,Film Cameras,Used,599.99,USD,FIXED_PRICE,grail:Nikon F2;good-cond,JP,shibainu_camera_japan,100.0,2026-08-06T17:28:49.000Z,,https://www.ebay.com/itm/398257277758?hash=item5cb9fbcb3e:g:yewAAeSwyShqdMSS,https://i.ebayimg.com/images/g/yewAAeSwyShqdMSS/s-l225.jpg
11,72.0,[NEAR MINT in Box] Leica Leitz Summicron-M E39 50mm f/2 3rd Black Lens Japan,Leica,Lenses,Used,1299.99,USD,FIXED_PRICE,grail:Summicron;good-cond,JP,freightcamera,100.0,2026-08-05T23:56:46.000Z,,https://www.ebay.com/itm/128012927170?hash=item1dce2a40c2:g:sBQAAeSw4JZppsgf,https://i.ebayimg.com/images/g/sBQAAeSw4JZppsgf/s-l225.jpg
12,72.0,Double Teeth [ Unused w/Case] Contax T3 Titan Silver 35mm Film Camera From JAPAN,Contax,Film Cameras,Used,4249.99,USD,FIXED_PRICE,grail:Contax T3,JP,shibainu_camera_japan,100.0,2026-08-06T17:33:34.000Z,,https://www.ebay.com/itm/398257292611?hash=item5cb9fc0543:g:jUkAAeSwjJxqdMae,https://i.ebayimg.com/images/g/jUkAAeSwjJxqdMae/s-l225.jpg
13,71.0,[Top MINT /w BOX] Voigtlander BESSA-R3M Body Black Leica M From JAPAN,Leica,Film Cameras,Used,2199.99,USD,FIXED_PRICE,mount:leica m;good-cond,JP,kiyog_0,100.0,2026-08-06T17:39:37.000Z,,https://www.ebay.com/itm/178380304857?hash=item29884b71d9:g:th8AAeSw2bRqKu6v,https://i.ebayimg.com/images/g/th8AAeSw2bRqKu6v/s-l225.jpg
14,69.0,"--THE ELEGANCE-- Nikon AI-S 50mm f1.8 Series E Pancake, TESTED [Near Mint] #5",Nikon,Lenses,Used,90.0,USD,"FIXED_PRICE,BEST_OFFER",mount:nikon f;good-cond;underpriced(med $220),US,alserge.dct2,99.8,2026-08-05T22:58:30.000Z,,https://www.ebay.com/itm/307109730594?hash=item47812a9922:g:zuwAAeSw0DRqNH9s,https://i.ebayimg.com/images/g/zuwAAeSw0DRqNH9s/s-l225.jpg
15,69.0,Canon Serenar 135mm F4 Silver Lens + Finder Leica L39 Screw Mount Rangefinder,Leica,Lenses,Used,130.0,USD,"FIXED_PRICE,BEST_OFFER",mount:ltm/l39;underpriced(med $606),US,find*buy*sell,100.0,2026-08-05T18:40:42.000Z,,https://www.ebay.com/itm/366588707632?hash=item555a63c330:g:Q8EAAeSwpvJov2yJ,https://i.ebayimg.com/images/g/Q8EAAeSwpvJov2yJ/s-l225.jpg
16,68.0,Leica 5cm f2 Summicron Radioactive LTM Mount Collabisble Lens Ser109XX #Do15338,Leica,Lenses,Used,1440.99,USD,FIXED_PRICE,grail:Summicron;mount:ltm/l39,JP,z1came-0,99.7,2026-08-06T06:06:15.000Z,,https://www.ebay.com/itm/407123853595?hash=item5eca79011b:g:oucAAeSwTllpHF3q,https://i.ebayimg.com/images/g/oucAAeSwTllpHF3q/s-l225.jpg
17,67.0,Nikon Ai Nikkor 200mm f/4 MF Lens for F Mount From JAPAN Video [N. Mint W/Caps],Nikon,Lenses,Used,32.99,USD,"FIXED_PRICE,BEST_OFFER",mount:nikon f;good-cond;underpriced(med $220),JP,maco0_18,100.0,2026-08-06T09:49:00.000Z,,https://www.ebay.com/itm/800469986172?hash=itemba5fbaab7c:g:aJEAAeSwD7Rpq-o1,https://i.ebayimg.com/images/g/aJEAAeSwD7Rpq-o1/s-l225.jpg
18,67.0,Exc＋5 Canon FD 28mm F/2.8 S.C. FD Mount MF Wide Angle Lens from Japan 2403125,Canon,Lenses,Used,39.9,USD,"FIXED_PRICE,BEST_OFFER",mount:canon fd;good-cond;underpriced(med $245),JP,sugmiya_0,100.0,2026-08-05T23:15:57.000Z,,https://www.ebay.com/itm/407123258031?hash=item5eca6feaaf:g:nO8AAOSwXKtn4UBS,https://i.ebayimg.com/images/g/nO8AAOSwXKtn4UBS/s-l225.jpg
19,64.0,【EXC】 PENTAX K-x + PENTAX SMC PENTAX-DA L 18-55mm F3.5-5.6 AL FromJapan #am9500,Pentax,Digital Cameras,Used,89.73,USD,FIXED_PRICE,mount:pentax k;55mm;good-cond;underpriced(med $258),JP,somtom_9,99.2,2026-08-06T05:22:53.000Z,,https://www.ebay.com/itm/188750742909?hash=item2bf26bc57d:g:JgoAAeSwvqJqdC28,https://i.ebayimg.com/images/g/JgoAAeSwvqJqdC28/s-l225.jpg
20,64.0,Canon AE-1 Silver 35mm Film Camera w/ Canon FD 28mm F/2.8 Lens - Tested,Canon,Film Cameras,Used,169.99,USD,"FIXED_PRICE,BEST_OFFER",grail:AE-1;mount:canon fd,US,quality_choice87,100.0,2026-08-06T17:33:53.000Z,,https://www.ebay.com/itm/267749711209?hash=item3e57205d69:g:dEQAAeSwltBqTD8n,https://i.ebayimg.com/images/g/dEQAAeSwltBqTD8n/s-l225.jpg
21,64.0,"Beautiful Refurbished Olympus OM-1 Camera with a 50mm Lens, EX++, Warranty",Olympus,Film Cameras,Used,239.95,USD,FIXED_PRICE,grail:OM-1;mount:olympus om,US,titterington,100.0,2026-08-06T17:28:14.000Z,,https://www.ebay.com/itm/800471668277?hash=itemba5fd45635:g:PngAAeSw6qlqdMNP,https://i.ebayimg.com/images/g/PngAAeSw6qlqdMNP/s-l225.jpg
22,64.0,Canon AE-1 Program 35mm Film Camera NICE With FD 50mm f/1.8 Lens Strap Orig.Case,Canon,Film Cameras,Used,250.0,USD,"FIXED_PRICE,BEST_OFFER",grail:AE-1;mount:canon fd,US,pizzastacks,100.0,2026-08-06T17:48:59.000Z,,https://www.ebay.com/itm/318687957089?hash=item4a33485061:g:CesAAeSwm6tqdLQ~,https://i.ebayimg.com/images/g/CesAAeSwm6tqdLQ~/s-l225.jpg
23,64.0,Canon A-1 SLR Film Camera Kit w/ FD 50mm f1.8 Lens #701,Canon,Film Cameras,Very Good - Refurbished,301.0,USD,"FIXED_PRICE,BEST_OFFER",grail:Canon A-1;mount:canon fd,US,robertscamera,99.8,2026-08-06T17:28:01.000Z,,https://www.ebay.com/itm/407125216268?hash=item5eca8dcc0c:g:hmoAAeSw9jhqdMQa,https://i.ebayimg.com/images/g/hmoAAeSw9jhqdMQa/s-l225.jpg
24,64.0,Excellent! Contax Carl Zeiss Planar 50mm f/1.4 T* MMJ C/Y Mount - FREE Shipping,Contax,Lenses,Used,349.0,USD,FIXED_PRICE,grail:Planar;mount:contax/yashica,US,gojetset,100.0,2026-08-06T14:51:47.000Z,,https://www.ebay.com/itm/307111135770?hash=item4781400a1a:g:4vIAAeSw8MZqSp4p,https://i.ebayimg.com/images/g/4vIAAeSw8MZqSp4p/s-l225.jpg
25,63.0,Empty Box Canon RF 70-200 f2.8 L IS USM,Canon,Lenses,Open box,50.0,USD,"FIXED_PRICE,AUCTION",mount:canon rf;underpriced(med $245);auction,US,stargaze83,100.0,2026-08-06T02:10:26.000Z,2026-08-13T02:10:26.000Z,https://www.ebay.com/itm/206469040613?hash=item30128389e5:g:SZEAAeSwebNqRcgn,https://i.ebayimg.com/images/g/SZEAAeSwebNqRcgn/s-l225.jpg
26,63.0,Empty Box Canon RF 24-70 f2.8L IS USM,Canon,Lenses,Open box,50.0,USD,"FIXED_PRICE,AUCTION",mount:canon rf;underpriced(med $245);auction,US,stargaze83,100.0,2026-08-06T02:06:35.000Z,2026-08-13T02:06:35.000Z,https://www.ebay.com/itm/206469029542?hash=item3012835ea6:g:WzYAAeSwzUhqRcc8,https://i.ebayimg.com/images/g/WzYAAeSwzUhqRcc8/s-l225.jpg
27,63.0,Canon New FD 35-105mm f3.5-4.5 MF Zoom Macro Lens [Excellent+5] From JAPAN #3499,Canon,Lenses,Used,54.99,USD,FIXED_PRICE,mount:canon fd;underpriced(med $245),JP,yutopitcher,99.8,2026-08-05T20:31:50.000Z,,https://www.ebay.com/itm/407123038405?hash=item5eca6c90c5:g:CBAAAeSwLuxqc50c,https://i.ebayimg.com/images/g/CBAAAeSwLuxqc50c/s-l225.jpg
28,63.0,NIkon Nikkor-Q auto 20cm F/4 Nippon Kogoku #294,Nikon,Lenses,Used,58.5,USD,"FIXED_PRICE,AUCTION",mount:nikon f;underpriced(med $220);auction,US,freshlen_46,100.0,2026-08-06T01:30:00.000Z,2026-08-11T01:30:00.000Z,https://www.ebay.com/itm/298559458033?hash=item458387caf1:g:ZFgAAeSwhPFp8OI7,https://i.ebayimg.com/images/g/ZFgAAeSwhPFp8OI7/s-l225.jpg
29,63.0,Sigma Zoom 70-210 f/4-5.6 UC-II for Nikon F,Nikon,Lenses,Used,59.0,USD,"FIXED_PRICE,AUCTION",mount:nikon f;underpriced(med $220);auction,US,freshlen_46,100.0,2026-08-06T01:30:00.000Z,2026-08-11T01:30:00.000Z,https://www.ebay.com/itm/298559457960?hash=item458387caa8:g:KFMAAeSwDqdpCk4s,https://i.ebayimg.com/images/g/KFMAAeSwDqdpCk4s/s-l225.jpg
30,63.0,Nikon AF NIkkor 28-80mm F/3.3-5.6g #389,Nikon,Lenses,Used,63.7,USD,"FIXED_PRICE,AUCTION",mount:nikon f;underpriced(med $220);auction,US,freshlen_46,100.0,2026-08-06T01:30:00.000Z,2026-08-11T01:30:00.000Z,https://www.ebay.com/itm/298559457901?hash=item458387ca6d:g:ofQAAeSwINNqTCfD,https://i.ebayimg.com/images/g/ofQAAeSwINNqTCfD/s-l225.jpg
31,63.0,Nikon NIKKOR 28-80mm f/3.5-5.6 AF-D Lens,Nikon,Lenses,Used,70.0,USD,"FIXED_PRICE,AUCTION",mount:nikon f;underpriced(med $220);auction,US,freshlen_46,100.0,2026-08-06T01:30:00.000Z,2026-08-11T01:30:00.000Z,https://www.ebay.com/itm/298559458016?hash=item458387cae0:g:f8MAAeSwCeJo7qI0,https://i.ebayimg.com/images/g/f8MAAeSwCeJo7qI0/s-l225.jpg
32,63.0,Canon Zoom Lens FD 100-200mm F/5.6 S.C. #293,Canon,Lenses,Used,71.5,USD,"FIXED_PRICE,AUCTION",mount:canon fd;underpriced(med $245);auction,US,freshlen_46,100.0,2026-08-06T01:30:00.000Z,2026-08-11T01:30:00.000Z,https://www.ebay.com/itm/298559457996?hash=item458387cacc:g:bIoAAeSwcCJp8OVg,https://i.ebayimg.com/images/g/bIoAAeSwcCJp8OVg/s-l225.jpg
33,63.0,Canon Sure Shot 150u 35mm Point & Shoot Camera Working Condition 38-150mm Zoom,Canon,Film Cameras,Used,74.99,USD,"FIXED_PRICE,BEST_OFFER",underpriced(med $202),US,dougstoys89,100.0,2026-08-06T17:51:23.000Z,,https://www.ebay.com/itm/227465081038?hash=item34f5f9b0ce:g:0D8AAeSwMbhqdMlK,https://i.ebayimg.com/images/g/0D8AAeSwMbhqdMlK/s-l225.jpg
34,63.0,Nikon AF NIKKOR 28-70mm F/3.5-4.5D #380,Nikon,Lenses,Used,76.7,USD,"FIXED_PRICE,AUCTION",mount:nikon f;underpriced(med $220);auction,US,freshlen_46,100.0,2026-08-06T01:30:00.000Z,2026-08-11T01:30:00.000Z,https://www.ebay.com/itm/298559457953?hash=item458387caa1:g:KI4AAeSwT9VqQGhS,https://i.ebayimg.com/images/g/KI4AAeSwT9VqQGhS/s-l225.jpg
35,63.0,Canon Zoom Lens EF 80-200mm F/4.5-5.6 #313,Canon,Lenses,Used,76.7,USD,"FIXED_PRICE,AUCTION",mount:canon ef;underpriced(med $245);auction,US,freshlen_46,100.0,2026-08-06T01:30:00.000Z,2026-08-11T01:30:00.000Z,https://www.ebay.com/itm/298559457877?hash=item458387ca55:g:cn0AAeSw8ohqA1sg,https://i.ebayimg.com/images/g/cn0AAeSw8ohqA1sg/s-l225.jpg
36,63.0,Nikon AF NIkkor 35-70mm f/3.3 #224,Nikon,Lenses,Used,76.7,USD,"FIXED_PRICE,AUCTION",mount:nikon f;underpriced(med $220);auction,US,freshlen_46,100.0,2026-08-06T01:30:00.000Z,2026-08-11T01:30:00.000Z,https://www.ebay.com/itm/298559457958?hash=item458387caa6:g:YowAAeSwhHdpsEdk,https://i.ebayimg.com/images/g/YowAAeSwhHdpsEdk/s-l225.jpg
37,63.0,Canon Sure Shot Multi Tele 35mm Film Camera with 35/60mm Lens,Canon,Film Cameras,Used,79.95,USD,FIXED_PRICE,underpriced(med $202),US,desert_resale,99.9,2026-08-06T17:26:45.000Z,,https://www.ebay.com/itm/287507808168?hash=item42f0ccffa8:g:X40AAeSw~8JqdMOQ,https://i.ebayimg.com/images/g/X40AAeSw~8JqdMOQ/s-l225.jpg
38,63.0,Canon Sure Shot ZOOM-S 35mm Point & Shoot Film Camera | TESTED | WORKING (O),Canon,Film Cameras,Used,82.07,USD,"FIXED_PRICE,BEST_OFFER",underpriced(med $202),US,ermck_24,99.7,2026-08-06T17:29:43.000Z,,https://www.ebay.com/itm/377399697626?hash=item57dec660da:g:skMAAeSwv5dqASwN,https://i.ebayimg.com/images/g/skMAAeSwv5dqASwN/s-l225.jpg
39,63.0,Canon EOS Elan 35mm Film SLR Camera + 28-80mm Lens Tested Working Clean (O),Canon,Film Cameras,Used,86.39,USD,"FIXED_PRICE,BEST_OFFER",underpriced(med $202),US,ermck_24,99.7,2026-08-06T17:29:43.000Z,,https://www.ebay.com/itm/377399697610?hash=item57dec660ca:g:PkQAAeSwwatqAOxl,https://i.ebayimg.com/images/g/PkQAAeSwwatqAOxl/s-l225.jpg
40,63.0,[Opt Mint Works] Olympus Trip 35 Point & Shoot Film Camera 40mm f/2.8 Japan 855,Olympus,Film Cameras,Used,89.99,USD,FIXED_PRICE,good-cond,JP,japan-camera-harashima,99.6,2026-08-06T17:39:50.000Z,,https://www.ebay.com/itm/287507822360?hash=item42f0cd3718:g:zEgAAOSwvXpnlRBP,https://i.ebayimg.com/images/g/zEgAAOSwvXpnlRBP/s-l225.jpg
41,63.0,"Nikon N8008s 35mm SLR Body, cap, tested, Good! (C)",Nikon,Film Cameras,Used,103.67,USD,"FIXED_PRICE,BEST_OFFER",underpriced(med $250),US,ermck_24,99.7,2026-08-06T17:29:43.000Z,,https://www.ebay.com/itm/377399697616?hash=item57dec660d0:g:LVwAAeSwn8tp9OB7,https://i.ebayimg.com/images/g/LVwAAeSwn8tp9OB7/s-l225.jpg
42,62.0,[TOP MINT] Pentax SMC Takumar 6x7 200mm F/4 MF Lens 6x7 67 67II From JAPAN #245,Pentax,Lenses,Used,99.99,USD,FIXED_PRICE,grail:6x7;good-cond,JP,shop-nakasone,99.5,2026-08-06T09:00:19.000Z,,https://www.ebay.com/itm/128013523503?hash=item1dce335a2f:g:DmcAAeSwLdRpeBq-,https://i.ebayimg.com/images/g/DmcAAeSwLdRpeBq-/s-l225.jpg
43,62.0,[Excellent] Minolta Hi-Matic AF 35mm Point & Shoot Film Camera From Japan #352,Minolta,Film Cameras,Used,127.71,USD,FIXED_PRICE,grail:Hi-Matic,JP,his50s,100.0,2026-08-06T17:52:03.000Z,,https://www.ebay.com/itm/188753229420?hash=item2bf291b66c:g:F-IAAeSwPXpqATUL,https://i.ebayimg.com/images/g/F-IAAeSwPXpqATUL/s-l225.jpg
44,61.0,Near MINT Olympus FE-3010 12MP 3x Zoom Digital Camera Silver Tested Japan,Olympus,Digital Cameras,Used,69.99,USD,"FIXED_PRICE,BEST_OFFER",mount:sony e;good-cond;underpriced(med $347),JP,mint_24_japan,100.0,2026-08-05T23:25:00.000Z,,https://www.ebay.com/itm/336728528065?hash=item4e669594c1:g:Fw0AAeSwmc1p-Ah~,https://i.ebayimg.com/images/g/Fw0AAeSwmc1p-Ah~/s-l225.jpg
45,61.0,Tested [N MINT] Canon EOS 55 AF EF 50mm 1.8 II Lens 35mm Film Camera From JAPAN,Canon,Film Cameras,Used,179.99,USD,FIXED_PRICE,mount:canon ef;good-cond,JP,tochigi-camera-japan,100.0,2026-08-06T17:27:28.000Z,,https://www.ebay.com/itm/407125214486?hash=item5eca8dc516:g:lR0AAeSw5VxqdMUz,https://i.ebayimg.com/images/g/lR0AAeSw5VxqdMUz/s-l225.jpg
46,61.0,[Almost MINT] Canon EOS 7 ELAN 7E Film Camera EF 50mm f/1.8 II Lens From JAPAN,Canon,Film Cameras,Used,229.99,USD,FIXED_PRICE,mount:canon ef;good-cond,JP,joy-in-photography-japan,100.0,2026-08-06T17:41:55.000Z,,https://www.ebay.com/itm/128014285103?hash=item1dce3ef92f:g:2FMAAeSwBCJqdMgZ,https://i.ebayimg.com/images/g/2FMAAeSwBCJqdMgZ/s-l225.jpg
47,61.0,Sony Sonnar T* FE 55mm F1.8 ZA SEL55F18Z Mirrorless Lenses R3646-2N3 【Exc++】,Sony,Lenses,Used,480.0,USD,"FIXED_PRICE,BEST_OFFER",grail:Sonnar;mount:sony e;55mm;good-cond,JP,re-camera,99.8,2026-08-06T08:10:14.000Z,,https://www.ebay.com/itm/227464439260?hash=item34f5efe5dc:g:BgkAAeSwCBdpXvPr,https://i.ebayimg.com/images/g/BgkAAeSwCBdpXvPr/s-l225.jpg
48,60.0,[MINT] Leica X1 12.2MP Digital Compact Camera with 24mm F2.8 Elmarit Lens JAPAN,Leica,Digital Cameras,Used,829.0,USD,"FIXED_PRICE,BEST_OFFER",grail:Elmarit;good-cond,JP,hagacamerajapan,100.0,2026-08-06T02:29:52.000Z,,https://www.ebay.com/itm/236988272995?hash=item372d9a1163:g:jUUAAeSw2Mxqc-4W,https://i.ebayimg.com/images/g/jUUAAeSw2Mxqc-4W/s-l225.jpg
49,59.0,Olympus OM-SYSTEM ZUIKO MC AUTO-S 50mm F1.4 Japan Back Cap/Filter *Read,Olympus,Lenses,Used,45.0,USD,FIXED_PRICE,mount:olympus om;underpriced(med $210),US,wildplumb,99.8,2026-08-06T00:16:45.000Z,,https://www.ebay.com/itm/168592065878?hash=item2740dec556:g:droAAeSwW~xqRCex,https://i.ebayimg.com/images/g/droAAeSwW~xqRCex/s-l225.jpg
50,59.0,CANON LENS FD 50mm 1:1.8 w/Caps,Canon,Lenses,Used,48.87,USD,"FIXED_PRICE,BEST_OFFER",mount:canon fd;underpriced(med $245),US,allstars-49,99.9,2026-08-06T10:40:09.000Z,,https://www.ebay.com/itm/336729452469?hash=item4e66a3afb5:g:WmQAAeSw2AdqWSTM,https://i.ebayimg.com/images/g/WmQAAeSw2AdqWSTM/s-l225.jpg
51,59.0,JC Penney Multicoated Optics 135mm F/2.8 Lens For PK Pentax Mount,Pentax,Lenses,Used,49.97,USD,"FIXED_PRICE,BEST_OFFER",mount:pentax k;underpriced(med $150),US,secondlife_marketplace_l.a,98.9,2026-08-05T20:50:18.000Z,,https://www.ebay.com/itm/287505847981?hash=item42f0af16ad:g:K-IAAOSw8gJmcxf2,https://i.ebayimg.com/images/g/K-IAAOSw8gJmcxf2/s-l225.jpg
52,59.0,Canon Lens FD 50mm 1:1.4 with Lens Covers,Canon,Lenses,Used,59.99,USD,"FIXED_PRICE,BEST_OFFER",mount:canon fd;underpriced(med $245),US,photogenesis,98.6,2026-08-06T13:20:14.000Z,,https://www.ebay.com/itm/398256588928?hash=item5cb9f14880:g:fo4AAeSwkqhoyORC,https://i.ebayimg.com/images/g/fo4AAeSwkqhoyORC/s-l225.jpg
53,59.0,Lensbaby Composer 50mm f/2 Lens For Canon EF,Canon,Lenses,Used,72.95,USD,"FIXED_PRICE,BEST_OFFER",mount:canon ef;underpriced(med $245),US,crownboca,99.9,2026-08-05T21:35:43.000Z,,https://www.ebay.com/itm/147485617059?hash=item2256d3eba3:g:noIAAeSwgTRor4Nx,https://i.ebayimg.com/images/g/noIAAeSwgTRor4Nx/s-l225.jpg
54,59.0,Nikon Nikkor 35-70mm F/3.3-4.5 Early Version l AF Lens {52} with both caps EX++,Nikon,Lenses,Used,79.95,USD,"FIXED_PRICE,BEST_OFFER",mount:nikon f;underpriced(med $220),US,rsbwebseller,98.8,2026-08-06T13:01:08.000Z,,https://www.ebay.com/itm/327297827318?hash=item4c347881f6:g:Hj4AAeSw9s1oqhfN,https://i.ebayimg.com/images/g/Hj4AAeSw9s1oqhfN/s-l225.jpg
55,59.0,Nikon Nikkor AI-S 300mm f4.5 ED IF Lens AIS,Nikon,Lenses,Used,79.99,USD,FIXED_PRICE,mount:nikon f;underpriced(med $220),US,concourse,99.3,2026-08-06T00:56:40.000Z,,https://www.ebay.com/itm/178378149245?hash=item29882a8d7d:g:~wAAAeSweShqJA6v,https://i.ebayimg.com/images/g/~wAAAeSweShqJA6v/s-l225.jpg
56,59.0,Nikon AF Nikkor 35-80mm & 70-210mm Set 1:4-5.6 Promaster Spectrum 7 Skylight 62,Nikon,Lenses,Used,84.96,USD,"FIXED_PRICE,BEST_OFFER",mount:nikon f;underpriced(med $220),US,sunderhomestead,99.4,2026-08-06T00:58:10.000Z,,https://www.ebay.com/itm/158158799299?hash=item24d2ffc1c3:g:6ToAAOSwYMNnU0YG,https://i.ebayimg.com/images/g/6ToAAOSwYMNnU0YG/s-l225.jpg
57,59.0,Video [MINT] Canon NEW FD 100mm F/2.8 MF NFD Telephoto Lens from JAPAN,Canon,Lenses,Used,110.99,USD,"FIXED_PRICE,BEST_OFFER",mount:canon fd;good-cond,JP,maco0_18,100.0,2026-08-06T09:49:21.000Z,,https://www.ebay.com/itm/800469989091?hash=itemba5fbab6e3:g:6FsAAeSwYi9p9Zqa,https://i.ebayimg.com/images/g/6FsAAeSwYi9p9Zqa/s-l225.jpg
58,59.0,[TOP MINT] Canon Extender EF 1.4x Teleconverter EF Mount From JAPAN #210,Canon,Lenses,Used,119.99,USD,FIXED_PRICE,mount:canon ef;good-cond,JP,shop-nakasone,99.5,2026-08-06T08:54:35.000Z,,https://www.ebay.com/itm/128013514115?hash=item1dce333583:g:h0gAAeSwVq9pQLEa,https://i.ebayimg.com/images/g/h0gAAeSwVq9pQLEa/s-l225.jpg
59,59.0,Canon EF-M 22mm F/2 STM Black Pancake Lens for EOS M Mount Mint w/Hood Japan,Canon,Lenses,Used,149.99,USD,FIXED_PRICE,mount:leica m;good-cond,JP,te2man-shop,99.7,2026-08-06T14:51:31.000Z,,https://www.ebay.com/itm/287507537737?hash=item42f0c8df49:g:THIAAeSwTy5qXDRA,https://i.ebayimg.com/images/g/THIAAeSwTy5qXDRA/s-l225.jpg
60,59.0,Mint Sony FE 28-60mm F4-5.6 Full-Frame Compact Zoom Lens (SEL2860) With Caps,Sony,Lenses,Used,199.99,USD,FIXED_PRICE,mount:sony e;good-cond;underpriced(med $480),US,karxtra,99.9,2026-08-06T05:44:57.000Z,,https://www.ebay.com/itm/227464311752?hash=item34f5edf3c8:g:wLEAAeSwN9RqQ1ND,https://i.ebayimg.com/images/g/wLEAAeSwN9RqQ1ND/s-l225.jpg
61,58.0,Panasonic Digital Camera DMC-FS5 10MP Leica Lens Charger - Boxed,Leica,Digital Cameras,Used,94.26,USD,FIXED_PRICE,good-cond;underpriced(med $306),GB,the-shire-seller,99.5,2026-08-05T19:43:47.000Z,,https://www.ebay.com/itm/178377500052?hash=item298820a594:g:boEAAeSwAupo4qEO,https://i.ebayimg.com/images/g/boEAAeSwAupo4qEO/s-l225.jpg
62,58.0,Canon F-1 with 50mm Lens and Flash,Canon,Digital Cameras,Used,129.0,USD,"FIXED_PRICE,BEST_OFFER",grail:Canon F-1;underpriced(med $339),US,kkstore-2016,97.3,2026-08-06T03:51:32.000Z,,https://www.ebay.com/itm/327297304856?hash=item4c34708918:g:p80AAeSw9fxqMLxb,https://i.ebayimg.com/images/g/p80AAeSw9fxqMLxb/s-l225.jpg
63,58.0,Olympus Stylus Zoom DLX QD 35mm Film Camera Mju | Tested & Working (O),Olympus,Film Cameras,Used,172.79,USD,"FIXED_PRICE,BEST_OFFER",grail:Mju,US,ermck_24,99.7,2026-08-06T17:29:43.000Z,,https://www.ebay.com/itm/377399697661?hash=item57dec660fd:g:3zEAAeSwe69qASQQ,https://i.ebayimg.com/images/g/3zEAAeSwe69qASQQ/s-l225.jpg
64,57.0,Nikon N65 35mm SLR Film Camera & Lens,Nikon,Film Cameras,Used,25.0,USD,"FIXED_PRICE,BEST_OFFER",underpriced(med $250),US,vintagenana48,99.8,2026-08-06T17:48:14.000Z,,https://www.ebay.com/itm/407125266721?hash=item5eca8e9121:g:TAMAAeSwgGdqdKLM,https://i.ebayimg.com/images/g/TAMAAeSwgGdqdKLM/s-l225.jpg
65,57.0,Canon Sure Shot Mega Zoom 76 Point & Shoot 35mm Film Camera Tested Works Black,Canon,Film Cameras,Used,30.0,USD,"FIXED_PRICE,BEST_OFFER",underpriced(med $202),US,collectible_ville,98.0,2026-08-06T17:29:43.000Z,,https://www.ebay.com/itm/137593471317?hash=item200935c155:g:KYUAAeSwPQNqLfJL,https://i.ebayimg.com/images/g/KYUAAeSwPQNqLfJL/s-l225.jpg
66,57.0,Empty Box Canon 100-500mm f4.5-7.1 L IS USM,Canon,Lenses,Open box,50.0,USD,"FIXED_PRICE,AUCTION",underpriced(med $245);auction,US,stargaze83,100.0,2026-08-06T02:08:58.000Z,2026-08-13T02:08:58.000Z,https://www.ebay.com/itm/206469032210?hash=item3012836912:g:Q2YAAeSwxcJqRceZ,https://i.ebayimg.com/images/g/Q2YAAeSwxcJqRceZ/s-l225.jpg
67,57.0,Pentax-110 50mm f/2.8 #216,Pentax,Lenses,Used,50.7,USD,"FIXED_PRICE,AUCTION",underpriced(med $150);auction,US,freshlen_46,100.0,2026-08-06T01:30:00.000Z,2026-08-11T01:30:00.000Z,https://www.ebay.com/itm/298559457913?hash=item458387ca79:g:llEAAeSwfbFppxeY,https://i.ebayimg.com/images/g/llEAAeSwfbFppxeY/s-l225.jpg
68,57.0,Pentax-110 24mm f/2.8 #215,Pentax,Lenses,Used,50.7,USD,"FIXED_PRICE,AUCTION",underpriced(med $150);auction,US,freshlen_46,100.0,2026-08-06T01:30:00.000Z,2026-08-11T01:30:00.000Z,https://www.ebay.com/itm/298559458064?hash=item458387cb10:g:UqYAAeSwz6BppxfJ,https://i.ebayimg.com/images/g/UqYAAeSwz6BppxfJ/s-l225.jpg
69,56.0,MINOLTA AUTO ROKKOR-PF F/2 55mm Lens -us,Minolta,Lenses,Good - Refurbished,38.99,USD,FIXED_PRICE,mount:minolta md;55mm;underpriced(med $100),US,happypart,100.0,2026-08-06T08:46:22.000Z,,https://www.ebay.com/itm/358890837210?hash=item538f8f94da:g:akAAAeSwf7JpzRvT,https://i.ebayimg.com/images/g/akAAAeSwf7JpzRvT/s-l225.jpg
70,56.0,MONOCLE F/3.5 24mm SINGLE ELEMENT LENS SONY E MICRO 4/3 MFT FX CANON R M NIKON Z,Nikon,Lenses,Used,75.0,USD,FIXED_PRICE,mount:micro 4/3;underpriced(med $220),UA,vdala_pokupka,98.7,2026-08-06T13:30:49.000Z,,https://www.ebay.com/itm/407124754224?hash=item5eca86bf30:g:QmMAAeSw9vJpuIxI,https://i.ebayimg.com/images/g/QmMAAeSw9vJpuIxI/s-l225.jpg
71,55.0,🔥Sony Handycam DCR-DVD108 Camcorder 40x Optical Zoom DVD Carl Zeiss LCD🔥,Zeiss,Camcorders,Used,50.0,USD,FIXED_PRICE,underpriced(med $142),US,bucki_1366,98.5,2026-08-06T17:35:00.000Z,,https://www.ebay.com/itm/800471712998?hash=itemba5fd504e6:g:vWcAAeSwPoZqdMW1,https://i.ebayimg.com/images/g/vWcAAeSwPoZqdMW1/s-l225.jpg
72,55.0,Mint Olympus EVOLT E-410 10.0MP Digital SLR Camera Body Shutter Count 618,Olympus,Digital Cameras,Used,69.99,USD,"FIXED_PRICE,BEST_OFFER",good-cond;underpriced(med $347),JP,suncamera_jp,99.5,2026-08-06T06:24:16.000Z,,https://www.ebay.com/itm/298563583874?hash=item4583c6bf82:g:5soAAeSw2OhqdCdS,https://i.ebayimg.com/images/g/5soAAeSw2OhqdCdS/s-l225.jpg
73,55.0,Olympus Pen EE Half Frame 35mm Film Camera D.Zuiko 28mm f/3.5,Olympus,Film Cameras,Used,74.99,USD,"FIXED_PRICE,BEST_OFFER",mount:olympus om,US,atticaction,99.9,2026-08-06T17:36:46.000Z,,https://www.ebay.com/itm/278253648348?hash=item40c935b9dc:g:nnoAAeSwjRtqdMVP,https://i.ebayimg.com/images/g/nnoAAeSwjRtqdMVP/s-l225.jpg
74,55.0,Canon EOS Kiss X3 black Digital Camera 15.1 MP Body 22.3 × 14.9 mm APS-C Exc+++,Canon,Digital Cameras,Used,109.0,USD,"FIXED_PRICE,BEST_OFFER",good-cond;underpriced(med $339),JP,japan_fun_select,99.6,2026-08-06T05:39:41.000Z,,https://www.ebay.com/itm/137591696504?hash=item20091aac78:g:wmkAAeSwRXVqbmtn,https://i.ebayimg.com/images/g/wmkAAeSwRXVqbmtn/s-l225.jpg
75,55.0,N. MINT FUJIFILM Finepix Z10fd Green Compact Digital Camera w/battery From Japan,Fujifilm,Digital Cameras,Used,119.0,USD,"FIXED_PRICE,BEST_OFFER",good-cond;underpriced(med $291),JP,mint_24_japan,100.0,2026-08-05T23:25:01.000Z,,https://www.ebay.com/itm/336728528084?hash=item4e669594d4:g:gJAAAeSw7ztqFvJw,https://i.ebayimg.com/images/g/gJAAAeSw7ztqFvJw/s-l225.jpg
76,55.0,Near MINT OLYMPUS μ-7000 Pink Compact 12MP 7x Zoom Digital Camera From Japan,Olympus,Digital Cameras,Used,119.0,USD,"FIXED_PRICE,BEST_OFFER",good-cond;underpriced(med $347),JP,mint_24_japan,100.0,2026-08-05T23:25:01.000Z,,https://www.ebay.com/itm/336728528097?hash=item4e669594e1:g:QLkAAeSwRohqFFND,https://i.ebayimg.com/images/g/QLkAAeSwRohqFFND/s-l225.jpg
77,55.0,[N-MINT] Fujifilm FinePix Z100FD White & Black 8.0 MP Digital Camera From Japan,Fujifilm,Digital Cameras,Used,129.99,USD,FIXED_PRICE,good-cond;underpriced(med $291),JP,zero0s1-camera-hub-japan,100.0,2026-08-06T01:14:57.000Z,,https://www.ebay.com/itm/358889636163?hash=item538f7d4143:g:hHAAAeSwhZ9qcVbi,https://i.ebayimg.com/images/g/hHAAAeSwhZ9qcVbi/s-l225.jpg
78,55.0,S/C 11098 Canon EOS 40D 10.1MP Digital SLR Camera Black Near Mint From JAPAN,Canon,Digital Cameras,Used,129.99,USD,FIXED_PRICE,good-cond;underpriced(med $339),JP,japan-finecameraselect,100.0,2026-08-06T03:43:10.000Z,,https://www.ebay.com/itm/287506471904?hash=item42f0b89be0:g:UkcAAeSwl85qdALG,https://i.ebayimg.com/images/g/UkcAAeSwl85qdALG/s-l225.jpg
79,55.0,Panasonic LUMIX Digital Camera Pink LEICA DC Vario-Summarit 24mm Wide,Leica,Digital Cameras,Used,130.14,USD,"FIXED_PRICE,BEST_OFFER",underpriced(med $306),JP,tetyama15,100.0,2026-08-06T02:42:08.000Z,,https://www.ebay.com/itm/318684811377?hash=item4a33185071:g:st8AAeSw6wpqc~U4,https://i.ebayimg.com/images/g/st8AAeSw6wpqc~U4/s-l225.jpg
80,55.0,Near MINT Canon PowerShot SX500 IS 16.0MP Digital Camera - Black From Japan,Canon,Digital Cameras,Used,138.0,USD,"FIXED_PRICE,BEST_OFFER",good-cond;underpriced(med $339),JP,mint_24_japan,100.0,2026-08-05T23:25:01.000Z,,https://www.ebay.com/itm/336728528095?hash=item4e669594df:g:jIgAAeSwDStpmaF1,https://i.ebayimg.com/images/g/jIgAAeSwDStpmaF1/s-l225.jpg
81,55.0,[NEAR MINT+ Boxed] Canon IXY Digital L PowerShot SD10 CCD Compact Camera Japan,Canon,Digital Cameras,Used,142.49,USD,"FIXED_PRICE,BEST_OFFER",good-cond;underpriced(med $339),JP,hj_camera_japan,99.8,2026-08-06T04:56:40.000Z,,https://www.ebay.com/itm/327297367463?hash=item4c34717da7:g:CcgAAeSwJwZpp4~4,https://i.ebayimg.com/images/g/CcgAAeSwJwZpp4~4/s-l225.jpg
82,55.0,[Exc+5] Canon demi EE17 Half Frame Film Camera SH 30mm f/1.7 From JAPAN,Canon,Film Cameras,Used,149.9,USD,FIXED_PRICE,good-cond,JP,shogun-market,100.0,2026-08-06T17:52:11.000Z,,https://www.ebay.com/itm/318687969938?hash=item4a33488292:i:318687969938,
83,55.0,Late! S/N250xxxx [N MINT] Nikon F4S SLR 35mm Film Camera DP-20 MB-21 From JAPAN,Nikon,Film Cameras,Used,219.99,USD,FIXED_PRICE,good-cond,JP,joy-in-photography-japan,100.0,2026-08-06T17:38:51.000Z,,https://www.ebay.com/itm/128014277844?hash=item1dce3edcd4:g:smMAAeSw76lqdMbu,https://i.ebayimg.com/images/g/smMAAeSw76lqdMbu/s-l225.jpg
84,55.0,[ N MINT ] Mamiya Sekor C 70mm f/2.8 for M645 1000S Super Pro TL JAPAN #z16714,Mamiya,Lenses,Used,320.99,USD,FIXED_PRICE,good-cond,JP,z1came-0,99.7,2026-08-06T06:04:42.000Z,,https://www.ebay.com/itm/407123848530?hash=item5eca78ed52:g:TQ0AAeSwHitqTy7h,https://i.ebayimg.com/images/g/TQ0AAeSwHitqTy7h/s-l225.jpg
85,55.0,[Top MINT w/box] OLYMPUS Ecru 35mm Point & Shoot Camera From JAPAN,Olympus,Film Cameras,Used,349.99,USD,FIXED_PRICE,good-cond,JP,kiyog_0,100.0,2026-08-06T17:40:42.000Z,,https://www.ebay.com/itm/178380305868?hash=item29884b75cc:g:n5wAAeSwGNVqKu1J,https://i.ebayimg.com/images/g/n5wAAeSwGNVqKu1J/s-l225.jpg
86,55.0,Late Black Dial [Top MINT w/ Case] Nikon S2 Film Camera 5cm 50mm f1.4 Lens JAPAN,Nikon,Film Cameras,Used,799.99,USD,FIXED_PRICE,good-cond,JP,shibainu_camera_japan,100.0,2026-08-06T17:35:07.000Z,,https://www.ebay.com/itm/398257293982?hash=item5cb9fc0a9e:g:jW8AAeSwXyBqdMa~,https://i.ebayimg.com/images/g/jW8AAeSwXyBqdMa~/s-l225.jpg
87,55.0,C/T 005 【MINT+++】 Fuji Fujifilm GA645W Pro Film Camera Medium Format From JAPAN,Fujifilm,Film Cameras,Used,1499.99,USD,FIXED_PRICE,good-cond,JP,jun0-73,100.0,2026-08-06T17:43:11.000Z,,https://www.ebay.com/itm/358892406383?hash=item538fa7866f:g:vRgAAeSw1cJqdMdK,https://i.ebayimg.com/images/g/vRgAAeSw1cJqdMdK/s-l225.jpg
88,54.0,"Vintage Canon Powershot A20 Digital Camera, Boxed With 32mb CF Card",Canon,Digital Cameras,Used,60.55,USD,"FIXED_PRICE,BEST_OFFER",mount:hasselblad v;good-cond;underpriced(med $339),GB,dynamiteretro,99.9,2026-08-06T06:20:10.000Z,,https://www.ebay.com/itm/257664858725?hash=item3bfe05ba65:g:h0MAAeSwqUtp-xu1,https://i.ebayimg.com/images/g/h0MAAeSwqUtp-xu1/s-l225.jpg
89,54.0,Canon EOS Rebel T3 DS126291 DSLR Camera EF-S 18-55mm with Case & 32GB SD Card,Canon,Digital Cameras,Used,120.0,USD,"FIXED_PRICE,AUCTION",mount:canon ef;55mm;underpriced(med $339);auction,US,pipe.m_37,100.0,2026-08-05T20:33:25.000Z,2026-08-15T20:33:25.000Z,https://www.ebay.com/itm/287505832831?hash=item42f0aedb7f:g:PzMAAeSwPAZqc5t5,https://i.ebayimg.com/images/g/PzMAAeSwPAZqc5t5/s-l225.jpg
90,54.0,Canon EOS 50D DSLR Camera EF-S 18-55mm Lens Tested Working Japan,Canon,Digital Cameras,Used,145.01,USD,"FIXED_PRICE,BEST_OFFER",mount:canon ef;55mm;underpriced(med $339),JP,rikolife,99.5,2026-08-05T22:37:05.000Z,,https://www.ebay.com/itm/158158494099?hash=item24d2fb1993:g:9osAAeSwRXVqc7sK,https://i.ebayimg.com/images/g/9osAAeSwRXVqc7sK/s-l225.jpg
91,54.0,【 TOP MINT w/Box 】 Canon EF-S 17-55mm f/2.8 IS USM Zoom Lens From JAPAN #1233,Canon,Lenses,Used,389.99,USD,FIXED_PRICE,mount:canon ef;55mm;good-cond,JP,ykond91-camera-japan,100.0,2026-08-06T07:43:38.000Z,,https://www.ebay.com/itm/800469585974?hash=itemba5fb49036:g:kVIAAeSwXghqTkbS,https://i.ebayimg.com/images/g/kVIAAeSwXghqTkbS/s-l225.jpg
92,53.0,Focal MC Auto Zoom 1:4.5 f=80-200mm Macro MINOLTA MC/MD Mount Vintage,Minolta,Lenses,Used,29.09,USD,"FIXED_PRICE,BEST_OFFER",mount:minolta md;underpriced(med $100),US,smallbatchfarms,99.9,2026-08-06T10:48:07.000Z,,https://www.ebay.com/itm/377398933968?hash=item57debab9d0:g:7oQAAeSwJJZo-n3J,https://i.ebayimg.com/images/g/7oQAAeSwJJZo-n3J/s-l225.jpg
93,53.0,Minolta MD 50mm 1:2 F/2 Lens Japan Excellent Clean,Minolta,Lenses,Used,39.99,USD,FIXED_PRICE,mount:minolta md;underpriced(med $100),US,buffalocentric,99.9,2026-08-06T12:30:37.000Z,,https://www.ebay.com/itm/407124566857?hash=item5eca83e349:g:~gUAAeSweqhppisz,https://i.ebayimg.com/images/g/~gUAAeSweqhppisz/s-l225.jpg
94,53.0,"Soligor MC Zoom-Auto F2,5/3,5 f=35-70mm w/ case for Nikon",Nikon,Lenses,Used,49.0,USD,FIXED_PRICE,underpriced(med $220),US,q8keck,99.6,2026-08-06T03:27:35.000Z,,https://www.ebay.com/itm/188750358388?hash=item2bf265e774:g:skYAAeSwi3pprvuw,https://i.ebayimg.com/images/g/skYAAeSwi3pprvuw/s-l225.jpg
95,53.0,Vivitar 75-205mm f/3.8 MF Lens For Nikon,Nikon,Lenses,Used,49.0,USD,FIXED_PRICE,underpriced(med $220),US,q8keck,99.6,2026-08-06T03:27:35.000Z,,https://www.ebay.com/itm/188750358390?hash=item2bf265e776:g:rbMAAeSw1JFprvq1,https://i.ebayimg.com/images/g/rbMAAeSw1JFprvq1/s-l225.jpg
96,53.0,Auto Sears MC 50mm f/1.4 Vintage Pentax K-Mount Lens w/Caps,Pentax,Lenses,Used,66.41,USD,"FIXED_PRICE,BEST_OFFER",underpriced(med $150),US,chatdad,99.8,2026-08-06T01:00:14.000Z,,https://www.ebay.com/itm/206468914195?hash=item3012819c13:g:61sAAeSwHNFqF6bH,https://i.ebayimg.com/images/g/61sAAeSwHNFqF6bH/s-l225.jpg
97,52.0,Nikon Micro-Nikkor 55mm f3.5,Nikon,Lenses,Used,110.0,USD,"FIXED_PRICE,AUCTION",mount:nikon f;55mm;auction,US,freshlen_46,100.0,2026-08-06T01:30:00.000Z,2026-08-11T01:30:00.000Z,https://www.ebay.com/itm/298559457868?hash=item458387ca4c:g:kEMAAeSwQrJpClCF,https://i.ebayimg.com/images/g/kEMAAeSwQrJpClCF/s-l225.jpg
98,51.0,Sony Cyber-shot DSC-W5 Silver 5.1MP Digital Camera 3x Optical Zoom Carl Zeiss,Zeiss,Digital Cameras,Used,49.45,USD,"FIXED_PRICE,BEST_OFFER",underpriced(med $137),US,secondhandshutterllc,99.8,2026-08-05T21:50:19.000Z,,https://www.ebay.com/itm/168591793881?hash=item2740da9ed9:g:n7UAAeSwD-lqc7Aa,https://i.ebayimg.com/images/g/n7UAAeSwD-lqc7Aa/s-l225.jpg
99,51.0,Olympus Stylus 1000 Compact Digital Camera 10MP 3x Zoom All-Weather Silver Mint,Olympus,Digital Cameras,Used,49.49,USD,"FIXED_PRICE,BEST_OFFER",good-cond;underpriced(med $347),US,jandecameras,99.2,2026-08-05T20:29:38.000Z,,https://www.ebay.com/itm/128012720082?hash=item1dce2717d2:g:EnoAAeSw65Bqc5yD,https://i.ebayimg.com/images/g/EnoAAeSw65Bqc5yD/s-l225.jpg
100,51.0,Canon PowerShot S400 IXY DIGITAL 400 Silver 4MP Camera Tested w/Battery CF Card,Canon,Digital Cameras,Used,65.0,USD,"FIXED_PRICE,BEST_OFFER",mount:hasselblad v;underpriced(med $339),JP,nana0846,0.0,2026-08-06T06:30:28.000Z,,https://www.ebay.com/itm/158159542468?hash=item24d30b18c4:g:528AAeSwmaVqdCkq,https://i.ebayimg.com/images/g/528AAeSwmaVqdCkq/s-l225.jpg
101,51.0,Nikon D70 Digital SLR Camera Body 6.1MP DX CCD Sensor Tested Working F Mount,Nikon,Digital Cameras,Used,67.99,USD,FIXED_PRICE,mount:nikon f;underpriced(med $212),JP,osaka-camera,100.0,2026-08-06T00:20:59.000Z,,https://www.ebay.com/itm/800468116032?hash=itemba5f9e2240:g:mycAAeSwt4FqWvXg,https://i.ebayimg.com/images/g/mycAAeSwt4FqWvXg/s-l225.jpg
102,51.0,Canon PowerShot A530 5.0MP Digital Camera TESTED WORKS MINT,Canon,Digital Cameras,Used,79.98,USD,"FIXED_PRICE,BEST_OFFER",good-cond;underpriced(med $339),US,whitewolfff,99.1,2026-08-06T03:58:44.000Z,,https://www.ebay.com/itm/267749184674?hash=item3e571854a2:g:Le8AAeSwY89qdAVz,https://i.ebayimg.com/images/g/Le8AAeSwY89qdAVz/s-l225.jpg
103,51.0,Olympus SP-570UZ 10.0 megapixel Digital Camera MINT BUNDLE Box Warranty Cords,Olympus,Digital Cameras,Used,79.99,USD,"FIXED_PRICE,BEST_OFFER",good-cond;underpriced(med $347),US,jboog216,99.7,2026-08-05T22:07:03.000Z,,https://www.ebay.com/itm/267748948957?hash=item3e5714bbdd:g:rs8AAeSwwvJqc7OY,https://i.ebayimg.com/images/g/rs8AAeSwwvJqc7OY/s-l225.jpg
104,51.0,Nikon D70 Body Unit Only Complete Accessories ・CF Card 8GB With,Nikon,Digital Cameras,Used,85.21,USD,FIXED_PRICE,mount:hasselblad v;underpriced(med $212),JP,keibun,100.0,2026-08-06T08:53:33.000Z,,https://www.ebay.com/itm/287506877531?hash=item42f0becc5b:g:dOYAAeSw9HxqdEy7,https://i.ebayimg.com/images/g/dOYAAeSw9HxqdEy7/s-l225.jpg
105,51.0,OLYMPUS FE-115 Digital Camera Console,Olympus,Digital Cameras,Used,87.18,USD,FIXED_PRICE,mount:sony e;underpriced(med $347),JP,keibun,100.0,2026-08-06T08:36:04.000Z,,https://www.ebay.com/itm/287506857400?hash=item42f0be7db8:g:mu0AAeSw1uFqdEfx,https://i.ebayimg.com/images/g/mu0AAeSw1uFqdEfx/s-l225.jpg
106,51.0,Panasonic Lumix DMC-FH27 16.1MP Digital Camera Black Leica Lens 8x Zoom Works,Leica,Digital Cameras,Used,95.0,USD,"FIXED_PRICE,BEST_OFFER",underpriced(med $306),US,mindfulbuys1,99.7,2026-08-05T23:35:07.000Z,,https://www.ebay.com/itm/198550414113?hash=item2e3a86e321:g:hygAAeSw75Zqc8iq,https://i.ebayimg.com/images/g/hygAAeSw75Zqc8iq/s-l225.jpg
107,51.0,OLYMPUS FE-20 Compact Digital Camera Tested Working Seller Japan,Olympus,Digital Cameras,Used,98.82,USD,"FIXED_PRICE,BEST_OFFER",mount:sony e;underpriced(med $347),JP,s.kojiro,99.9,2026-08-06T06:33:47.000Z,,https://www.ebay.com/itm/377398512905?hash=item57deb44d09:g:F7EAAeSwycZqdCvC,https://i.ebayimg.com/images/g/F7EAAeSwycZqdCvC/s-l225.jpg
108,51.0,Mint! Canon PowerShot SX100 IS 8.0MP 10X Zoom Digital Camera Bundle,Canon,Digital Cameras,Used,99.97,USD,"FIXED_PRICE,BEST_OFFER",good-cond;underpriced(med $339),US,soda-jerks,100.0,2026-08-05T19:29:45.000Z,,https://www.ebay.com/itm/168591542968?hash=item2740d6cab8:g:IBYAAeSwAY9qb9te,https://i.ebayimg.com/images/g/IBYAAeSwAY9qb9te/s-l225.jpg
109,51.0,Panasonic LUMIX DMC-LC40 Leica 21mm Lens SD card Battery Charger Case,Leica,Digital Cameras,Used,99.99,USD,"FIXED_PRICE,BEST_OFFER",underpriced(med $306),US,beerus1,100.0,2026-08-05T23:19:44.000Z,,https://www.ebay.com/itm/327296993239?hash=item4c346bc7d7:g:qUwAAeSwRRNqc8PC,https://i.ebayimg.com/images/g/qUwAAeSwRRNqc8PC/s-l225.jpg
110,51.0,Canon PowerShot A470 7.1MP Digital Camera - Silver (Boxed),Canon,Digital Cameras,Used,105.0,USD,FIXED_PRICE,good-cond;underpriced(med $339),US,audca_29,100.0,2026-08-05T23:09:23.000Z,,https://www.ebay.com/itm/407123243246?hash=item5eca6fb0ee:g:K2gAAeSwflRqc8Kg,https://i.ebayimg.com/images/g/K2gAAeSwflRqc8Kg/s-l225.jpg
111,51.0,Olympus FE-110 Digital Camera Compact Used with Strap and Minor Wear,Olympus,Digital Cameras,Used,109.55,USD,"FIXED_PRICE,BEST_OFFER",mount:sony e;underpriced(med $347),JP,tetyama15,100.0,2026-08-06T02:41:24.000Z,,https://www.ebay.com/itm/318684808975?hash=item4a3318470f:g:l7gAAeSwEMdqc~UL,https://i.ebayimg.com/images/g/l7gAAeSwEMdqc~UL/s-l225.jpg
112,51.0,Canon EOS Kiss Digital N DSLR Camera with EF 35-80mm Lens Accessories,Canon,Digital Cameras,Used,112.71,USD,"FIXED_PRICE,BEST_OFFER",mount:canon ef;underpriced(med $339),JP,tetyama15,100.0,2026-08-06T02:19:42.000Z,,https://www.ebay.com/itm/318684731632?hash=item4a331718f0:g:CMYAAeSwYJFqc~Bu,https://i.ebayimg.com/images/g/CMYAAeSwYJFqc~Bu/s-l225.jpg
113,51.0,Canon Pellix QL Chrome 35mm SLR Camera Body [EXC+],Canon,Digital Cameras,Used,114.95,USD,FIXED_PRICE,good-cond;underpriced(med $339),US,victorycamera,99.6,2026-08-05T22:38:04.000Z,,https://www.ebay.com/itm/236987823297?hash=item372d9334c1:g:OVgAAeSwqNVqc7tE,https://i.ebayimg.com/images/g/OVgAAeSwqNVqc7tE/s-l225.jpg
114,51.0,OLYMPUS FE-140 Digital Camera 6MP Compact with SD Card Excellent Condition,Olympus,Digital Cameras,Used,121.9,USD,"FIXED_PRICE,BEST_OFFER",mount:sony e;underpriced(med $347),JP,tetyama15,100.0,2026-08-06T02:41:52.000Z,,https://www.ebay.com/itm/318684810655?hash=item4a33184d9f:g:qMkAAeSw1ihqc~Wf,https://i.ebayimg.com/images/g/qMkAAeSw1ihqc~Wf/s-l225.jpg
115,51.0,OLYMPUS FE-46 Compact Camera Digital Camera,Olympus,Digital Cameras,Used,124.52,USD,FIXED_PRICE,mount:sony e;underpriced(med $347),JP,keibun,100.0,2026-08-06T08:43:14.000Z,,https://www.ebay.com/itm/287506865934?hash=item42f0be9f0e:g:XYQAAeSwc5lqdEng,https://i.ebayimg.com/images/g/XYQAAeSwc5lqdEng/s-l225.jpg
116,51.0,Canon EOS Kiss X2 Digital SLR Camera Body Good Condition Canon EF JP,Canon,Digital Cameras,Used,124.9,USD,"FIXED_PRICE,BEST_OFFER",mount:canon ef;underpriced(med $339),JP,japan4ever,97.8,2026-08-06T01:17:14.000Z,,https://www.ebay.com/itm/158158848677?hash=item24d30082a5:g:fbAAAeSwgMtqc-GL,https://i.ebayimg.com/images/g/fbAAAeSwgMtqc-GL/s-l225.jpg
117,51.0,Canon EOS Kiss Digital SLR Camera with EF 70-210mm f/3.5-4.5 Lens - Japan,Canon,Digital Cameras,Used,129.9,USD,"FIXED_PRICE,BEST_OFFER",mount:canon ef;underpriced(med $339),JP,japan4ever,97.8,2026-08-05T23:48:24.000Z,,https://www.ebay.com/itm/158158628815?hash=item24d2fd27cf:g:DC8AAeSwrptqc8z0,https://i.ebayimg.com/images/g/DC8AAeSwrptqc8z0/s-l225.jpg
118,51.0,OM Digital Solutions Olympus Compact Camera Tough Tg-620 White Used,Olympus,Digital Cameras,Used,134.26,USD,FIXED_PRICE,mount:olympus om;underpriced(med $347),JP,beecruise04,97.4,2026-08-06T02:41:05.000Z,,https://www.ebay.com/itm/318684808396?hash=item4a331844cc:g:NCkAAeSw6Xlqc~T9,https://i.ebayimg.com/images/g/NCkAAeSw6Xlqc~T9/s-l225.jpg
119,51.0,Leica C-LUX 2 Black Compact Digital Camera w/ Battery Tested and Working,Leica,Digital Cameras,Used,134.99,USD,"FIXED_PRICE,BEST_OFFER",underpriced(med $306),US,mure617,100.0,2026-08-05T18:37:03.000Z,,https://www.ebay.com/itm/336728125458?hash=item4e668f7012:g:bXQAAeSwdJpqb834,https://i.ebayimg.com/images/g/bXQAAeSwdJpqb834/s-l225.jpg
120,51.0,MINT Canon EOS Rebel T5 DSLR Camera - Black (Body Only) #667,Canon,Digital Cameras,Used,140.0,USD,"FIXED_PRICE,BEST_OFFER",good-cond;underpriced(med $339),US,gadjit,100.0,2026-08-05T21:20:35.000Z,,https://www.ebay.com/itm/188749096241?hash=item2bf252a531:g:OzYAAeSw87xqc6oW,https://i.ebayimg.com/images/g/OzYAAeSw87xqc6oW/s-l225.jpg
121,51.0,Top Mint Nikon AF Nikkor 300mm f4 ED Telephoto Lens from Japan,Nikon,Lenses,Used,250.0,USD,FIXED_PRICE,mount:nikon f;good-cond,JP,orientalcomo,100.0,2026-08-06T14:38:43.000Z,,https://www.ebay.com/itm/278253273267?hash=item40c93000b3:g:3UcAAeSwbspqdJrG,https://i.ebayimg.com/images/g/3UcAAeSwbspqdJrG/s-l225.jpg
122,51.0,Canon New FD 20-35mm F3.5 L Wide Angle Lens With Hood Near Mint Japan,Canon,Lenses,Used,329.99,USD,FIXED_PRICE,mount:canon fd;good-cond,JP,te2man-shop,99.7,2026-08-06T14:57:59.000Z,,https://www.ebay.com/itm/287507558765?hash=item42f0c9316d:g:sQkAAeSwbspqdJYS,https://i.ebayimg.com/images/g/sQkAAeSwbspqdJYS/s-l225.jpg
123,51.0,[ EXC+4 ] Asashi Pentax Auto Takumar 35mm f/2.3 Lens for M42 Mount JP #e16053,Pentax,Lenses,Used,350.99,USD,FIXED_PRICE,mount:m42;good-cond,JP,z1came-0,99.7,2026-08-06T06:04:02.000Z,,https://www.ebay.com/itm/407123847631?hash=item5eca78e9cf:g:b~kAAeSwRxtqCWTF,https://i.ebayimg.com/images/g/b~kAAeSwRxtqCWTF/s-l225.jpg
124,51.0,【 TOP MINT w/ Box 】 Canon EF 24-105mm f4 L IS USM AF Zoom Macro Lens JAPAN #664,Canon,Lenses,Used,389.99,USD,FIXED_PRICE,mount:canon ef;good-cond,JP,ykond91-camera-japan,100.0,2026-08-06T07:45:33.000Z,,https://www.ebay.com/itm/800469589272?hash=itemba5fb49d18:g:RfcAAeSwK2ZpY7cw,https://i.ebayimg.com/images/g/RfcAAeSwK2ZpY7cw/s-l225.jpg
125,51.0,Sigma 50-100mm f/1.8 DC HSM Art Lens for Nikon F mount [Exc+++] #A,Nikon,Lenses,Used,556.65,USD,FIXED_PRICE,mount:nikon f;good-cond,JP,lucky-camera-jp,99.9,2026-08-06T10:59:52.000Z,,https://www.ebay.com/itm/298564101829?hash=item4583cea6c5:g:1iUAAeSwFjJqUf5C,https://i.ebayimg.com/images/g/1iUAAeSwFjJqUf5C/s-l225.jpg
126,51.0,Sigma 70-200mm F2.8 Sports DG OS HSM for Canon EF From JAPAN [Exc+++] #A,Canon,Lenses,Used,1113.31,USD,FIXED_PRICE,mount:canon ef;good-cond,JP,lucky-camera-jp,99.9,2026-08-06T10:59:52.000Z,,https://www.ebay.com/itm/298564101835?hash=item4583cea6cb:g:FDwAAeSwgGxqUgAP,https://i.ebayimg.com/images/g/FDwAAeSwgGxqUgAP/s-l225.jpg
127,51.0,🎦Full Set【 Opt MINT 】Canon EF 600mm f/4 L IS USM Telephoto AF Lens From JAPAN,Canon,Lenses,Used,2939.99,USD,FIXED_PRICE,mount:canon ef;good-cond,JP,yu-camera,99.8,2026-08-06T06:06:16.000Z,,https://www.ebay.com/itm/366589730704?hash=item555a735f90:g:n8oAAeSwezxqImv9,https://i.ebayimg.com/images/g/n8oAAeSwezxqImv9/s-l225.jpg
128,51.0,🎦【 MINT 】Nikon AF-S Nikkor 600mm f/4 E FL ED VR Lens Hood Strap From JAPAN #516,Nikon,Lenses,Used,4599.98,USD,FIXED_PRICE,mount:nikon f;good-cond,JP,yu-camera,99.8,2026-08-06T05:45:16.000Z,,https://www.ebay.com/itm/366589701933?hash=item555a72ef2d:g:vXYAAeSwSQRqFoJa,https://i.ebayimg.com/images/g/vXYAAeSwSQRqFoJa/s-l225.jpg
129,51.0,🎦 Full Set【 Opt MINT 】Canon EF 500mm f/4 L IS II USM AF Telephoto Lens JAPAN,Canon,Lenses,Used,4929.99,USD,FIXED_PRICE,mount:canon ef;good-cond,JP,yu-camera,99.8,2026-08-06T05:57:16.000Z,,https://www.ebay.com/itm/366589716351?hash=item555a73277f:g:SssAAeSw4GNqAq6b,https://i.ebayimg.com/images/g/SssAAeSw4GNqAq6b/s-l225.jpg
130,50.0,Canon 18-55mm f3.5 Camera Lens,Canon,Lenses,Used,35.0,USD,"FIXED_PRICE,BEST_OFFER",55mm;underpriced(med $245),US,jomoge_0,99.2,2026-08-05T20:33:16.000Z,,https://www.ebay.com/itm/336728301577?hash=item4e66922009:g:r8UAAeSwt5BqMHsf,https://i.ebayimg.com/images/g/r8UAAeSwt5BqMHsf/s-l225.jpg
131,50.0,"Canon EOS Rebel XTi 10.1MP DSLR w/ Charger, Battery Canon EF-S 18-55mm F/3.5-5.6",Canon,Digital Cameras,Used,72.02,USD,FIXED_PRICE,mount:canon ef;55mm;underpriced(med $339),US,justdeal,99.7,2026-08-05T19:26:19.000Z,,https://www.ebay.com/itm/377397450778?hash=item57dea4181a:g:qrgAAeSwDhxqc45W,https://i.ebayimg.com/images/g/qrgAAeSwDhxqc45W/s-l225.jpg
132,50.0,"Canon E05 DS6401 Camera With Zoom Lens Ef-s 18-55mm Big Bag Charger, Cables",Canon,Digital Cameras,Used,124.99,USD,"FIXED_PRICE,BEST_OFFER",mount:canon ef;55mm;underpriced(med $339),US,ash706035,100.0,2026-08-06T03:15:01.000Z,,https://www.ebay.com/itm/398255101320?hash=item5cb9da9588:g:47sAAeSw6QhqYTx7,https://i.ebayimg.com/images/g/47sAAeSw6QhqYTx7/s-l225.jpg
133,50.0,Canon EOS Silver Digital SLR Camera Body w/ Canon EF-S 18-55mm Lens,Canon,Digital Cameras,Used,149.25,USD,"FIXED_PRICE,BEST_OFFER",mount:canon ef;55mm;underpriced(med $339),US,seaclaned,100.0,2026-08-06T02:36:46.000Z,,https://www.ebay.com/itm/298563249267?hash=item4583c1a473:g:DCsAAeSwZB9qc~JO,https://i.ebayimg.com/images/g/DCsAAeSwZB9qc~JO/s-l225.jpg
134,50.0,Sony Cyber Shot DSC-RX1R Black Digital Camera 24.3MP ZEISS Sonnar Japanese,Zeiss,Digital Cameras,Used,1435.0,USD,"FIXED_PRICE,BEST_OFFER",grail:Sonnar,JP,japan_fun_select,99.6,2026-08-06T05:31:09.000Z,,https://www.ebay.com/itm/137591667339?hash=item20091a3a8b:g:i~8AAeSw4oNqUICf,https://i.ebayimg.com/images/g/i~8AAeSw4oNqUICf/s-l225.jpg
135,49.0,Pentax PC35AF 35mm Film Camera 38mm f/2.8 Lens Auto Focus Built-in Flash w Case,Pentax,Film Cameras,Used,79.0,USD,"FIXED_PRICE,BEST_OFFER",,US,thethriftyposey,99.6,2026-08-06T17:52:06.000Z,,https://www.ebay.com/itm/407125276879?hash=item5eca8eb8cf:g:qMsAAeSwxkhqdMl4,https://i.ebayimg.com/images/g/qMsAAeSwxkhqdMl4/s-l225.jpg
136,49.0,NIkon AF NIKKOR 50mm f/1.8 #247,Nikon,Lenses,Used,102.7,USD,"FIXED_PRICE,AUCTION",mount:nikon f;auction,US,freshlen_46,100.0,2026-08-06T01:30:00.000Z,2026-08-11T01:30:00.000Z,https://www.ebay.com/itm/298559458046?hash=item458387cafe:g:MQ4AAeSwqP5pwrw5,https://i.ebayimg.com/images/g/MQ4AAeSwqP5pwrw5/s-l225.jpg
137,49.0,Nikon Af NIKKOR 35-135mm f3.5-4.5,Nikon,Lenses,Used,110.0,USD,"FIXED_PRICE,AUCTION",mount:nikon f;auction,US,freshlen_46,100.0,2026-08-05T23:30:00.000Z,2026-08-10T23:30:00.000Z,https://www.ebay.com/itm/298559459020?hash=item458387cecc:g:N-8AAeSw0jRoI4bN,https://i.ebayimg.com/images/g/N-8AAeSw0jRoI4bN/s-l225.jpg
138,49.0,Nikon Nikkor 50mm f/1.8 #360,Nikon,Lenses,Used,115.7,USD,"FIXED_PRICE,AUCTION",mount:nikon f;auction,US,freshlen_46,100.0,2026-08-05T23:30:00.000Z,2026-08-10T23:30:00.000Z,https://www.ebay.com/itm/298559459024?hash=item458387ced0:g:TAIAAeSw7vNqMXfe,https://i.ebayimg.com/images/g/TAIAAeSw7vNqMXfe/s-l225.jpg
139,49.0,Nikon Nikkor-o.c auto 35mm f/2 #352,Nikon,Lenses,Used,115.7,USD,"FIXED_PRICE,AUCTION",mount:nikon f;auction,US,freshlen_46,100.0,2026-08-05T23:30:00.000Z,2026-08-10T23:30:00.000Z,https://www.ebay.com/itm/298559459032?hash=item458387ced8:g:J4wAAeSw6TRqKGq-,https://i.ebayimg.com/images/g/J4wAAeSw6TRqKGq-/s-l225.jpg
140,49.0,Nikon AF NIKKOR 75-300mm f/4.5-5.6 #241,Nikon,Lenses,Used,115.7,USD,"FIXED_PRICE,AUCTION",mount:nikon f;auction,US,freshlen_46,100.0,2026-08-06T01:30:00.000Z,2026-08-11T01:30:00.000Z,https://www.ebay.com/itm/298559457966?hash=item458387caae:g:f2IAAeSwQCppwr3m,https://i.ebayimg.com/images/g/f2IAAeSwQCppwr3m/s-l225.jpg
141,49.0,Canon New FD 24mm f/2.8 MF Wide Angle Lens Tested Read Description #32,Canon,Lenses,Used,119.99,USD,"FIXED_PRICE,BEST_OFFER",mount:canon fd,JP,gogo-3998,100.0,2026-08-06T00:45:53.000Z,,https://www.ebay.com/itm/800468206125?hash=itemba5f9f822d:g:EIMAAeSwxcJqSvmt,https://i.ebayimg.com/images/g/EIMAAeSwxcJqSvmt/s-l225.jpg
142,49.0,Nikon DX AF-S NIKKOR 55-200mm f4.5-5.6G ED VR,Nikon,Lenses,Used,120.0,USD,"FIXED_PRICE,AUCTION",mount:nikon f;auction,US,freshlen_46,100.0,2026-08-05T23:30:00.000Z,2026-08-10T23:30:00.000Z,https://www.ebay.com/itm/298559459055?hash=item458387ceef:g:-GoAAOSw4AxnoTd0,https://i.ebayimg.com/images/g/-GoAAOSw4AxnoTd0/s-l225.jpg
143,49.0,Nikon AF NIKKOR 70-300mm f/4-5.6 D ED #169,Nikon,Lenses,Used,128.71,USD,"FIXED_PRICE,AUCTION",mount:nikon f;auction,US,freshlen_46,100.0,2026-08-06T01:30:00.000Z,2026-08-11T01:30:00.000Z,https://www.ebay.com/itm/298559457979?hash=item458387cabb:g:IZwAAeSwtElpePkz,https://i.ebayimg.com/images/g/IZwAAeSwtElpePkz/s-l225.jpg
144,49.0,Nikon Nikkor 135mm F/3.5,Nikon,Lenses,Used,130.0,USD,"FIXED_PRICE,AUCTION",mount:nikon f;auction,US,freshlen_46,100.0,2026-08-05T23:30:00.000Z,2026-08-10T23:30:00.000Z,https://www.ebay.com/itm/298559459030?hash=item458387ced6:g:EyoAAeSwbaxpE4er,https://i.ebayimg.com/images/g/EyoAAeSwbaxpE4er/s-l225.jpg
145,49.0,Nikon Zoom-NIKKOR 35-135mm f/3.5-4.5,Nikon,Lenses,Used,130.0,USD,"FIXED_PRICE,AUCTION",mount:nikon f;auction,US,freshlen_46,100.0,2026-08-06T01:30:00.000Z,2026-08-11T01:30:00.000Z,https://www.ebay.com/itm/298559457973?hash=item458387cab5:g:SpIAAeSwcEtoI4eJ,https://i.ebayimg.com/images/g/SpIAAeSwcEtoI4eJ/s-l225.jpg
146,49.0,Canon FD 50mm F/1.4 Lens,Canon,Lenses,Used,150.0,USD,"FIXED_PRICE,AUCTION",mount:canon fd;auction,US,staytrue.flow8,100.0,2026-08-06T05:57:56.000Z,2026-08-13T05:57:56.000Z,https://www.ebay.com/itm/366589716781?hash=item555a73292d:g:PpYAAeSw4NdqVQwZ,https://i.ebayimg.com/images/g/PpYAAeSw4NdqVQwZ/s-l225.jpg
147,49.0,TTArtisan 11mm F2.8 Full Frame Ultra Fisheye Lens E Mount Sony Cameras,Sony,Lenses,Used,213.75,USD,FIXED_PRICE,mount:sony e;underpriced(med $480),US,lafilmandsk8,100.0,2026-08-06T00:26:54.000Z,,https://www.ebay.com/itm/398254664538?hash=item5cb9d3eb5a:g:SDYAAOSw0V9nHjjZ,https://i.ebayimg.com/images/g/SDYAAOSw0V9nHjjZ/s-l225.jpg
148,49.0,Reserved【MINT in Box】Leica M Typ240 Digital Rangefinder Camera Body From JAPAN,Leica,Digital Cameras,Used,3750.0,USD,FIXED_PRICE,mount:leica m;good-cond,JP,sakura-camera-works-japan,100.0,2026-08-05T23:11:36.000Z,,https://www.ebay.com/itm/128012889356?hash=item1dce29ad0c:g:HRAAAeSwznhpHQu0,https://i.ebayimg.com/images/g/HRAAAeSwznhpHQu0/s-l225.jpg
149,49.0,"🎦New CCD【 N MINT / SC 13,048 】Leica M-E Typ220 Digital Rangefinder Camera JAPAN",Leica,Digital Cameras,Used,4339.99,USD,"FIXED_PRICE,BEST_OFFER",mount:leica m;good-cond,JP,yu-camera,99.8,2026-08-06T05:49:55.000Z,,https://www.ebay.com/itm/366589707007?hash=item555a7302ff:g:mLwAAeSw0r1pl85M,https://i.ebayimg.com/images/g/mLwAAeSw0r1pl85M/s-l225.jpg
150,48.0,Canon PowerShot A95 5MP Digital Camera Boxed TESTED WORKING Y2K Compact,Canon,Digital Cameras,Used,41.82,USD,FIXED_PRICE,good-cond;underpriced(med $339),GB,robin123000,99.9,2026-08-05T18:02:34.000Z,,https://www.ebay.com/itm/188748448486?hash=item2bf248c2e6:g:k9gAAeSwgCRqc3qB,https://i.ebayimg.com/images/g/k9gAAeSwgCRqc3qB/s-l225.jpg
151,48.0,NIKON Coolpix A10 16.1MP Digital Compact *MINT* Fully Working AA Batts + 4GB SD,Nikon,Digital Cameras,Used,71.37,USD,FIXED_PRICE,good-cond;underpriced(med $212),GB,deltachroma,99.8,2026-08-05T19:33:28.000Z,,https://www.ebay.com/itm/188748749081?hash=item2bf24d5919:g:rJsAAeSwh~xqc4y7,https://i.ebayimg.com/images/g/rJsAAeSwh~xqc4y7/s-l225.jpg
152,48.0,Rolleiflex 3.5f 75mm Zeiss,Rolleiflex,Film Cameras,Usato,1155.3,USD,"FIXED_PRICE,BEST_OFFER",,IT,dcamboni,100.0,2026-08-06T17:51:59.000Z,,https://www.ebay.com/itm/287507847028?hash=item42f0cd9774:g:9m8AAeSwhKZqdMi6,https://i.ebayimg.com/images/g/9m8AAeSwhKZqdMi6/s-l225.jpg
153,47.0,Quantaray 70-210mm F4-5.6 Automatic Zoom Macro Lens Multi-Coated For Canon W Box,Canon,Lenses,Used,25.17,USD,"FIXED_PRICE,BEST_OFFER",underpriced(med $245),US,illpaso,99.8,2026-08-06T01:41:12.000Z,,https://www.ebay.com/itm/358889730016?hash=item538f7eafe0:g:4qcAAOSwZA9mMx7o,https://i.ebayimg.com/images/g/4qcAAOSwZA9mMx7o/s-l225.jpg
154,47.0,MINOLTA AF ZOOM 70-210mm f4.5-5.6,Minolta,Lenses,Used,29.09,USD,"FIXED_PRICE,BEST_OFFER",underpriced(med $100),US,smallbatchfarms,99.9,2026-08-06T11:05:14.000Z,,https://www.ebay.com/itm/377398955907?hash=item57debb0f83:g:WI4AAeSwNW1o-o4Y,https://i.ebayimg.com/images/g/WI4AAeSwNW1o-o4Y/s-l225.jpg
155,47.0,Sigma Zoom K Multi Coated 1:4.5 f=100-200mm Canon Made in Japan Macro w/Case,Canon,Lenses,Used,32.87,USD,"FIXED_PRICE,BEST_OFFER",underpriced(med $245),US,allstars-49,99.9,2026-08-06T11:08:37.000Z,,https://www.ebay.com/itm/336729482356?hash=item4e66a42474:g:HoUAAeSw3aBqJChH,https://i.ebayimg.com/images/g/HoUAAeSw3aBqJChH/s-l225.jpg
156,47.0,Vivitar MC 75-205MM 2X Matched Multiplier Teleconverter Lens with/ case - Nikon,Nikon,Lenses,Used,33.31,USD,FIXED_PRICE,underpriced(med $220),US,q8keck,99.6,2026-08-06T03:27:35.000Z,,https://www.ebay.com/itm/188750358370?hash=item2bf265e762:g:A5EAAeSwkONprvz-,https://i.ebayimg.com/images/g/A5EAAeSwkONprvz-/s-l225.jpg
157,47.0,Vintage Minolta AF 70-210mm f/4 Beercan Zoom Lens A-Mount Sony Compatible,Minolta,Lenses,Used,39.99,USD,"FIXED_PRICE,BEST_OFFER",underpriced(med $100),US,cavemanpickers,100.0,2026-08-05T20:26:24.000Z,,https://www.ebay.com/itm/206468434389?hash=item30127a49d5:g:ufAAAeSwULhpqeYl,https://i.ebayimg.com/images/g/ufAAAeSwULhpqeYl/s-l225.jpg
158,47.0,olympus fe 4000 Read,Olympus,Digital Cameras,Used,45.0,USD,FIXED_PRICE,mount:sony e;underpriced(med $347),US,apeman28,100.0,2026-08-06T05:40:44.000Z,,https://www.ebay.com/itm/267749239597?hash=item3e57192b2d:g:pUUAAeSwINxqdB2P,https://i.ebayimg.com/images/g/pUUAAeSwINxqdB2P/s-l225.jpg
159,47.0,Olympus FE FE-370 8.0MP Digital Camera Silver w/ Battery & Charger READ!!,Olympus,Digital Cameras,Used,49.95,USD,FIXED_PRICE,mount:sony e;underpriced(med $347),US,rhzig_93,99.8,2026-08-05T23:30:13.000Z,,https://www.ebay.com/itm/336728533107?hash=item4e6695a873:g:EpcAAeSwDDdqc8ZC,https://i.ebayimg.com/images/g/EpcAAeSwDDdqc8ZC/s-l225.jpg
160,47.0,Olympus FE-46 12MP Digital Camera White Pearl Tested & Working Case & SD Card 5x,Olympus,Digital Cameras,Used,49.99,USD,"FIXED_PRICE,BEST_OFFER",mount:sony e;underpriced(med $347),US,momomanni,100.0,2026-08-05T21:01:54.000Z,,https://www.ebay.com/itm/158158277774?hash=item24d2f7cc8e:g:bpsAAeSwrptqc56T,https://i.ebayimg.com/images/g/bpsAAeSwrptqc56T/s-l225.jpg
161,47.0,Olympus FE-47 Digital Camera Vintage 14MP Accessories Bundle Used,Olympus,Digital Cameras,Used,49.99,USD,"FIXED_PRICE,BEST_OFFER",mount:sony e;underpriced(med $347),US,danilynnbluestar,100.0,2026-08-05T23:25:49.000Z,,https://www.ebay.com/itm/307109786554?hash=item47812b73ba:g:UroAAeSwzXdqc8XN,https://i.ebayimg.com/images/g/UroAAeSwzXdqc8XN/s-l225.jpg
162,47.0,Olympus FE-140 6.0MP Compact Digital Camera Silver,Olympus,Digital Cameras,Used,49.99,USD,FIXED_PRICE,mount:sony e;underpriced(med $347),US,reuselectronics,99.9,2026-08-05T23:06:53.000Z,,https://www.ebay.com/itm/168591928463?hash=item2740dcac8f:g:TTEAAeSw24Rqc8HQ,https://i.ebayimg.com/images/g/TTEAAeSw24Rqc8HQ/s-l225.jpg
163,47.0,Tamron AF Aspherical 28-200mm F/3.8-5.6 #339,Tamron,Lenses,Used,50.7,USD,"FIXED_PRICE,AUCTION",underpriced(med $204);auction,US,freshlen_46,100.0,2026-08-06T01:30:00.000Z,2026-08-11T01:30:00.000Z,https://www.ebay.com/itm/298559457936?hash=item458387ca90:g:9qcAAeSwNF5qFfXv,https://i.ebayimg.com/images/g/9qcAAeSwNF5qFfXv/s-l225.jpg
164,47.0,Tamron 80-210mm f/3.8-4 #213,Tamron,Lenses,Used,63.7,USD,"FIXED_PRICE,AUCTION",underpriced(med $204);auction,US,freshlen_46,100.0,2026-08-06T01:30:00.000Z,2026-08-11T01:30:00.000Z,https://www.ebay.com/itm/298559457880?hash=item458387ca58:g:aZQAAeSwz6Bppxtt,https://i.ebayimg.com/images/g/aZQAAeSwz6Bppxtt/s-l225.jpg
165,47.0,Olympus FE-4020 14.0MP Digital Camera 4x Wide Zoom With Battery and Charger,Olympus,Digital Cameras,Used,69.99,USD,"FIXED_PRICE,BEST_OFFER",mount:sony e;underpriced(med $347),US,fletchmfletch,100.0,2026-08-06T03:52:46.000Z,,https://www.ebay.com/itm/267749182359?hash=item3e57184b97:g:wwEAAeSwFcFqQUvd,https://i.ebayimg.com/images/g/wwEAAeSwFcFqQUvd/s-l225.jpg
166,47.0,Sony AF 75-300mm f/4.5-5.6 A-Mount Macro SAL75300 Auto & Manual Lens,Sony,Lenses,Used,70.0,USD,"FIXED_PRICE,AUCTION",underpriced(med $480);auction,US,gnackpotter,99.4,2026-08-06T00:48:06.000Z,2026-08-13T00:48:06.000Z,https://www.ebay.com/itm/236988077230?hash=item372d9714ae:g:d4oAAeSwQ61qPHoV,https://i.ebayimg.com/images/g/d4oAAeSwQ61qPHoV/s-l225.jpg
167,47.0,Nikon Coolpix S8000 Digital Compact Camera w/ Nikkor 10x Zoom Lens READ,Nikon,Digital Cameras,Used,74.99,USD,FIXED_PRICE,mount:nikon f;underpriced(med $212),US,adlerco,98.9,2026-08-06T03:36:15.000Z,,https://www.ebay.com/itm/358890053830?hash=item538f83a0c6:g:~oQAAeSwvM9qdADO,https://i.ebayimg.com/images/g/~oQAAeSwvM9qdADO/s-l225.jpg
168,47.0,Sony DT 18-70mm f3.5-5.6 Macro Lens A-Mount,Sony,Lenses,Used,79.0,USD,"FIXED_PRICE,AUCTION",underpriced(med $480);auction,US,freshlen_46,100.0,2026-08-06T01:30:00.000Z,2026-08-11T01:30:00.000Z,https://www.ebay.com/itm/298559457937?hash=item458387ca91:g:-lMAAOSwjaNnbceB,https://i.ebayimg.com/images/g/-lMAAOSwjaNnbceB/s-l225.jpg
169,47.0,Sony VCL-DH1758 #172,Sony,Lenses,Used,89.7,USD,"FIXED_PRICE,AUCTION",underpriced(med $480);auction,US,freshlen_46,100.0,2026-08-06T01:30:00.000Z,2026-08-11T01:30:00.000Z,https://www.ebay.com/itm/298559457870?hash=item458387ca4e:g:1CwAAeSwdUJpePjZ,https://i.ebayimg.com/images/g/1CwAAeSwdUJpePjZ/s-l225.jpg
170,47.0,Century pro series HD .75x wide angle adapter Panasonic HVX200,Panasonic,Lenses,Used,120.0,USD,"FIXED_PRICE,AUCTION",underpriced(med $275);auction,US,freshlen_46,100.0,2026-08-06T01:30:00.000Z,2026-08-11T01:30:00.000Z,https://www.ebay.com/itm/298559457990?hash=item458387cac6:g:EuQAAeSwhk9o2t1l,https://i.ebayimg.com/images/g/EuQAAeSwhk9o2t1l/s-l225.jpg
171,46.0,Canon Lens EF 75-300mm f/4.0-5.6 III Telephoto Lens for Canon EOS,Canon,Lenses,Used,114.19,USD,"FIXED_PRICE,AUCTION",mount:canon ef;auction,CA,jensellsstuff0,100.0,2026-08-06T11:12:37.000Z,2026-08-13T11:12:37.000Z,https://www.ebay.com/itm/147486775835?hash=item2256e59a1b:g:AUcAAeSwEXNppizI,https://i.ebayimg.com/images/g/AUcAAeSwEXNppizI/s-l225.jpg
172,46.0,Canon Lens EOS EF 50mm F1.8 II for EOS DSLR inc Lens Caps,Canon,Lenses,Used,114.19,USD,"FIXED_PRICE,AUCTION",mount:canon ef;auction,CA,jensellsstuff0,100.0,2026-08-06T11:12:16.000Z,2026-08-13T11:12:16.000Z,https://www.ebay.com/itm/147486775116?hash=item2256e5974c:g:oQoAAeSwjoZppipn,https://i.ebayimg.com/images/g/oQoAAeSwjoZppipn/s-l225.jpg
173,46.0,"Vintage Minolta Hi-Matic F, Rokkor 1:2.7 f=38mm, (35mm Film Camera) - Untested.",Minolta,Film Cameras,Used,125.0,USD,"FIXED_PRICE,BEST_OFFER",grail:Hi-Matic;mount:minolta md;neg,US,bigtimberenterprises,100.0,2026-08-06T17:45:40.000Z,,https://www.ebay.com/itm/117344483053?hash=item1b5246b6ed:g:qZkAAeSwkOdqdMbt,https://i.ebayimg.com/images/g/qZkAAeSwkOdqdMbt/s-l225.jpg
174,46.0,Nikon D5500 DSLR Camera + Sigma 17-70mm f/2.8-4 Macro + Carl Zeiss Distagon T 25,Zeiss,Digital Cameras,Used,1600.0,USD,FIXED_PRICE,grail:Distagon,US,porsch7697,0.0,2026-08-05T19:21:15.000Z,,https://www.ebay.com/itm/358888630289?hash=item538f6de811:g:PIsAAeSwxLNqc4iI,https://i.ebayimg.com/images/g/PIsAAeSwxLNqc4iI/s-l225.jpg
175,46.0,Leica Q (Typ 116) Summilux 28mm f1.7 Digital Compact Camera,Leica,Digital Cameras,Used,2499.0,USD,"FIXED_PRICE,BEST_OFFER",grail:Summilux,US,feeth3at23,100.0,2026-08-05T20:42:40.000Z,,https://www.ebay.com/itm/236987626253?hash=item372d90330d:g:u-AAAeSwogFqc58w,https://i.ebayimg.com/images/g/u-AAAeSwogFqc58w/s-l225.jpg
176,46.0,Leica Q2 monochrome compact camera Summilux 28mm f/1.7 47.3MP Autofocus,Leica,Digital Cameras,Used,4150.0,USD,"FIXED_PRICE,BEST_OFFER",grail:Summilux,US,rightin.themiddle,100.0,2026-08-05T21:23:08.000Z,,https://www.ebay.com/itm/117342870285?hash=item1b522e1b0d:g:WKgAAeSwD-lqc6iV,https://i.ebayimg.com/images/g/WKgAAeSwD-lqc6iV/s-l225.jpg
177,46.0,Leica MP 0.72 silver rangefinder camera w/ Voigtländer Color-Skopar 35mm f/2.5,Leica,Digital Cameras,Open box,5200.0,USD,FIXED_PRICE,grail:Leica MP,US,louielou23,0.0,2026-08-05T17:58:39.000Z,,https://www.ebay.com/itm/358888421195?hash=item538f6ab74b:g:BHsAAeSwAzZqc3gs,https://i.ebayimg.com/images/g/BHsAAeSwAzZqc3gs/s-l225.jpg
178,45.0,Panasonic Lumix DMC-FZ7 12x Leica Zoom 6MP Digital Camera ONLY Works,Leica,Digital Cameras,Used,25.0,USD,FIXED_PRICE,underpriced(med $306),US,feirdama,100.0,2026-08-06T01:37:28.000Z,,https://www.ebay.com/itm/137591133680?hash=item20091215f0:g:VcQAAOSww2NoG5Cr,https://i.ebayimg.com/images/g/VcQAAOSww2NoG5Cr/s-l225.jpg
179,45.0,"Mint condition, Canon Battery and Charger for EOS T3 T5 T6 T7",Canon,Digital Cameras,Used,39.99,USD,"FIXED_PRICE,BEST_OFFER",good-cond;underpriced(med $339),US,billf_746,100.0,2026-08-06T00:36:16.000Z,,https://www.ebay.com/itm/298562997864?hash=item4583bdce68:g:oYwAAeSwGs1qc9bK,https://i.ebayimg.com/images/g/oYwAAeSwGs1qc9bK/s-l225.jpg
180,45.0,Canon IXY G Compact Camera Film Camera #0002,Canon,Digital Cameras,Used,45.85,USD,FIXED_PRICE,underpriced(med $339),JP,step-f,98.7,2026-08-06T06:06:48.000Z,,https://www.ebay.com/itm/358890412619?hash=item538f891a4b:g:CmsAAeSw51NqF-mu,https://i.ebayimg.com/images/g/CmsAAeSw51NqF-mu/s-l225.jpg
181,45.0,Pentax Optio W60 Waterproof 10MP Digital Camera 5X Wide Angle Optical Zoom,Pentax,Digital Cameras,Used,49.0,USD,"FIXED_PRICE,BEST_OFFER",underpriced(med $258),JP,mint_24_japan,100.0,2026-08-05T23:25:00.000Z,,https://www.ebay.com/itm/336728528077?hash=item4e669594cd:g:giAAAeSwxQFpooD1,https://i.ebayimg.com/images/g/giAAAeSwxQFpooD1/s-l225.jpg
182,45.0,Olympus Tough TG-610 14.0MP Digital Camera - Red From Japan,Olympus,Digital Cameras,Used,49.99,USD,"FIXED_PRICE,BEST_OFFER",underpriced(med $347),JP,mint_24_japan,100.0,2026-08-05T23:25:00.000Z,,https://www.ebay.com/itm/336728528061?hash=item4e669594bd:g:pJEAAeSw4GhpvMu2,https://i.ebayimg.com/images/g/pJEAAeSw4GhpvMu2/s-l225.jpg
183,45.0,Nikon COOLPIX L100 Black Digital Camera 10.0MP 15x Zoom Tested From Japan,Nikon,Digital Cameras,Used,49.99,USD,"FIXED_PRICE,BEST_OFFER",underpriced(med $212),JP,mint_24_japan,100.0,2026-08-05T23:25:00.000Z,,https://www.ebay.com/itm/336728528085?hash=item4e669594d5:g:MckAAeSwtchpmZ4-,https://i.ebayimg.com/images/g/MckAAeSwtchpmZ4-/s-l225.jpg
184,45.0,Canon IXY DIGITAL 300 2.0 MP Digital Camera #0003,Canon,Digital Cameras,Used,54.0,USD,FIXED_PRICE,underpriced(med $339),JP,step-f,98.7,2026-08-06T06:06:48.000Z,,https://www.ebay.com/itm/358890412639?hash=item538f891a5f:g:ANkAAeSw0WlqF-sZ,https://i.ebayimg.com/images/g/ANkAAeSw0WlqF-sZ/s-l225.jpg
185,45.0,Yashica Electro 35 GSN Vintage Rangefinder Film Camera Black Silver,Yashica,Vintage Cameras,,56.0,USD,"FIXED_PRICE,AUCTION",auction,US,grandstand0,100.0,2026-08-06T17:51:24.000Z,2026-08-13T17:51:24.000Z,https://www.ebay.com/itm/336730043409?hash=item4e66acb411:g:WYQAAeSwf4JqT97~,https://i.ebayimg.com/images/g/WYQAAeSwf4JqT97~/s-l225.jpg
186,45.0,PENTAX Optio W60 Digital Camera 10.1MP Silver Waterproof 5x Wide Zoom Tested,Pentax,Digital Cameras,Used,59.0,USD,"FIXED_PRICE,BEST_OFFER",underpriced(med $258),JP,mint_24_japan,100.0,2026-08-05T23:25:00.000Z,,https://www.ebay.com/itm/336728528059?hash=item4e669594bb:g:WPAAAeSwUStpon1N,https://i.ebayimg.com/images/g/WPAAAeSwUStpon1N/s-l225.jpg
187,45.0,Nikon COOLPIX 950 2.0MP LCD Digital Camera Black 3x Optical Zoom Vintage Retro,Nikon,Digital Cameras,Used,62.18,USD,FIXED_PRICE,underpriced(med $212),JP,pucho.70,99.7,2026-08-06T02:40:27.000Z,,https://www.ebay.com/itm/398255019934?hash=item5cb9d9579e:g:WBcAAeSw8vVqc~QR,https://i.ebayimg.com/images/g/WBcAAeSw8vVqc~QR/s-l225.jpg
188,45.0,Pentax 28-80mm F/3.5-5.6 SMC Silver K Mount UNTESTED #299,Pentax,Lenses,Used,63.7,USD,"FIXED_PRICE,AUCTION",mount:pentax k;neg;underpriced(med $150);auction,US,freshlen_46,100.0,2026-08-05T23:30:00.000Z,2026-08-10T23:30:00.000Z,https://www.ebay.com/itm/298559459008?hash=item458387cec0:g:sMIAAeSw69Jp8OC4,https://i.ebayimg.com/images/g/sMIAAeSw69Jp8OC4/s-l225.jpg
189,45.0,Fujifilm Finepix A220 12.2MP Megapixel Digital Camera Silver - Working!,Fujifilm,Digital Cameras,Used,64.99,USD,"FIXED_PRICE,AUCTION",underpriced(med $291);auction,US,utinni-trading-company,100.0,2026-08-06T02:27:33.000Z,2026-08-13T02:27:33.000Z,https://www.ebay.com/itm/257664540803?hash=item3bfe00e083:g:hMMAAeSwgxZqZRHO,https://i.ebayimg.com/images/g/hMMAAeSwgxZqZRHO/s-l225.jpg
190,45.0,Pentax Optio M60 silver Compact Digital Camera Tested From JAPAN,Pentax,Digital Cameras,Used,69.0,USD,"FIXED_PRICE,BEST_OFFER",underpriced(med $258),JP,mint_24_japan,100.0,2026-08-05T23:25:01.000Z,,https://www.ebay.com/itm/336728528090?hash=item4e669594da:g:nHEAAeSwjW9popw4,https://i.ebayimg.com/images/g/nHEAAeSwjW9popw4/s-l225.jpg
191,45.0,Canon Powershot S3 IS #277,Canon,Digital Cameras,Used,71.5,USD,"FIXED_PRICE,AUCTION",underpriced(med $339);auction,US,freshlen_46,100.0,2026-08-06T01:30:00.000Z,2026-08-11T01:30:00.000Z,https://www.ebay.com/itm/298559458010?hash=item458387cada:g:QUwAAeSwKOdp3Uuf,https://i.ebayimg.com/images/g/QUwAAeSwKOdp3Uuf/s-l225.jpg
192,45.0,FUJIFILM FinePix 40i Digital Camera Console,Fujifilm,Digital Cameras,Used,72.43,USD,FIXED_PRICE,underpriced(med $291),JP,keibun,100.0,2026-08-06T08:36:22.000Z,,https://www.ebay.com/itm/287506858296?hash=item42f0be8138:g:IToAAeSwRXVqdEgC,https://i.ebayimg.com/images/g/IToAAeSwRXVqdEgC/s-l225.jpg
193,45.0,NIKON Coolpix P80 (10.1MP ~ 64GB SD Card ~ 18x Zoom) Digital Camera & Accs,Nikon,Digital Cameras,Used,75.0,USD,"FIXED_PRICE,AUCTION",underpriced(med $212);auction,US,subway201,100.0,2026-08-06T02:47:11.000Z,2026-08-13T02:47:11.000Z,https://www.ebay.com/itm/178378391873?hash=item29882e4141:g:0jEAAeSwrmRp8ksH,https://i.ebayimg.com/images/g/0jEAAeSwrmRp8ksH/s-l225.jpg
194,45.0,Nikon Coolpix L1 #236,Nikon,Digital Cameras,Used,76.7,USD,"FIXED_PRICE,AUCTION",underpriced(med $212);auction,US,freshlen_46,100.0,2026-08-06T01:30:00.000Z,2026-08-11T01:30:00.000Z,https://www.ebay.com/itm/298559458005?hash=item458387cad5:g:RCcAAeSwDq5puYmk,https://i.ebayimg.com/images/g/RCcAAeSwDq5puYmk/s-l225.jpg
195,45.0,Ricoh PX RICOH Waterproof Digital Camera PX 16 million pixels #0005,Ricoh,Digital Cameras,Used,78.0,USD,FIXED_PRICE,underpriced(med $249),JP,step-f,98.7,2026-08-06T06:06:48.000Z,,https://www.ebay.com/itm/358890412675?hash=item538f891a83:g:vnYAAeSwBoRqM-pL,https://i.ebayimg.com/images/g/vnYAAeSwBoRqM-pL/s-l225.jpg
196,45.0,Canon IXY DIGITAL L2 Camera #0002,Canon,Digital Cameras,Used,78.51,USD,FIXED_PRICE,underpriced(med $339),JP,step-f,98.7,2026-08-06T06:06:48.000Z,,https://www.ebay.com/itm/358890412624?hash=item538f891a50:g:BowAAeSwQjlqF-l5,https://i.ebayimg.com/images/g/BowAAeSwQjlqF-l5/s-l225.jpg
197,45.0,"[Excellent] Olympus Pen E-P2 12.3MP Mirrorless Camera Black w/ Battery ,Charger",Olympus,Digital Cameras,Used,80.84,USD,FIXED_PRICE,underpriced(med $347),JP,kj-japan,98.1,2026-08-05T21:01:49.000Z,,https://www.ebay.com/itm/307109525377?hash=item4781277781:g:sJ0AAeSwBFtqc6S1,https://i.ebayimg.com/images/g/sJ0AAeSwBFtqc6S1/s-l225.jpg
198,45.0,Fujifilm Compact digital camera Cheki instax mini 50 Used,Fujifilm,Digital Cameras,Used,80.84,USD,FIXED_PRICE,underpriced(med $291),JP,beecruise04,97.4,2026-08-05T22:39:19.000Z,,https://www.ebay.com/itm/318683866520?hash=item4a3309e598:g:n78AAeSw371qc75p,https://i.ebayimg.com/images/g/n78AAeSw371qc75p/s-l225.jpg
199,45.0,Canon PowerShot A40 Compact Digital Camera Tested Working Seller Japan,Canon,Digital Cameras,Used,86.91,USD,"FIXED_PRICE,BEST_OFFER",underpriced(med $339),JP,s.kojiro,99.9,2026-08-06T06:29:39.000Z,,https://www.ebay.com/itm/377398502781?hash=item57deb4257d:g:1AwAAeSwvdxqdCpS,https://i.ebayimg.com/images/g/1AwAAeSwvdxqdCpS/s-l225.jpg
200,45.0,OLYMPUS CAMEDIA C-1Zoom Compact Digital Camera Tested Working Seller Japan,Olympus,Digital Cameras,Used,86.97,USD,"FIXED_PRICE,BEST_OFFER",underpriced(med $347),JP,s.kojiro,99.9,2026-08-06T00:28:33.000Z,,https://www.ebay.com/itm/377397946261?hash=item57deaba795:g:TxUAAeSwlOZqc9Wq,https://i.ebayimg.com/images/g/TxUAAeSwlOZqc9Wq/s-l225.jpg
201,45.0,FUJIFILM FinePix Z70 Silver Digital Camera Tested Working Japan,Fujifilm,Digital Cameras,Used,88.0,USD,FIXED_PRICE,underpriced(med $291),JP,rikolife,99.5,2026-08-06T08:35:02.000Z,,https://www.ebay.com/itm/158159818159?hash=item24d30f4daf:g:nD8AAeSwYaxqdEcw,https://i.ebayimg.com/images/g/nD8AAeSwYaxqdEcw/s-l225.jpg
202,45.0,OLYMPUS CAMEDIA C-860L Compact Digital Camera Tested Working Seller Japan,Olympus,Digital Cameras,Used,89.39,USD,"FIXED_PRICE,BEST_OFFER",underpriced(med $347),JP,s.kojiro,99.9,2026-08-06T00:27:56.000Z,,https://www.ebay.com/itm/377397945213?hash=item57deaba37d:g:pXMAAeSw3Qtqc9VN,https://i.ebayimg.com/images/g/pXMAAeSw3Qtqc9VN/s-l225.jpg
203,45.0,CANON REBEL XTI #413,Canon,Digital Cameras,Used,89.7,USD,"FIXED_PRICE,AUCTION",underpriced(med $339);auction,US,freshlen_46,100.0,2026-08-05T23:30:00.000Z,2026-08-10T23:30:00.000Z,https://www.ebay.com/itm/298559459021?hash=item458387cecd:g:4QkAAeSwBGxqWoit,https://i.ebayimg.com/images/g/4QkAAeSwBGxqWoit/s-l225.jpg
204,45.0,Canon Powershot A530 #359,Canon,Digital Cameras,Used,89.7,USD,"FIXED_PRICE,AUCTION",underpriced(med $339);auction,US,freshlen_46,100.0,2026-08-06T01:30:00.000Z,2026-08-11T01:30:00.000Z,https://www.ebay.com/itm/298559457992?hash=item458387cac8:g:J0IAAeSwaHRqMXhJ,https://i.ebayimg.com/images/g/J0IAAeSwaHRqMXhJ/s-l225.jpg
205,45.0,Canon Powershot SD630 #279,Canon,Digital Cameras,Used,89.7,USD,"FIXED_PRICE,AUCTION",underpriced(med $339);auction,US,freshlen_46,100.0,2026-08-06T01:30:00.000Z,2026-08-11T01:30:00.000Z,https://www.ebay.com/itm/298559457974?hash=item458387cab6:g:FbEAAeSwyXBp3UqR,https://i.ebayimg.com/images/g/FbEAAeSwyXBp3UqR/s-l225.jpg
206,45.0,Nikon D70 Camera Body,Nikon,Digital Cameras,Used,90.0,USD,"FIXED_PRICE,AUCTION",underpriced(med $212);auction,US,freshlen_46,100.0,2026-08-06T01:30:00.000Z,2026-08-11T01:30:00.000Z,https://www.ebay.com/itm/298559457914?hash=item458387ca7a:g:ONsAAOSwLtJmV2xb,https://i.ebayimg.com/images/g/ONsAAOSwLtJmV2xb/s-l225.jpg
207,45.0,Excellent Nikon COOLPIX A300 Digital Camera black 20.1MP Compact 8x 4217,Nikon,Digital Cameras,Used,90.15,USD,FIXED_PRICE,underpriced(med $212),JP,keshi93,99.7,2026-08-06T02:03:32.000Z,,https://www.ebay.com/itm/147485980150?hash=item2256d975f6:g:qmoAAeSwLuxqc-tf,https://i.ebayimg.com/images/g/qmoAAeSwLuxqc-tf/s-l225.jpg
208,45.0,OLYMPUS CAMEDIA C-990 ZOOM Compact Digital Camera Tested Working Japan,Olympus,Digital Cameras,Used,90.84,USD,"FIXED_PRICE,BEST_OFFER",underpriced(med $347),JP,s.kojiro,99.9,2026-08-06T00:28:20.000Z,,https://www.ebay.com/itm/377397945928?hash=item57deaba648:g:oe8AAeSw3yhqc9Xb,https://i.ebayimg.com/images/g/oe8AAeSw3yhqc9Xb/s-l225.jpg
209,45.0,FUJIFILM Fujifilm FinePix Z3 Digital Camera,Fujifilm,Digital Cameras,Used,91.89,USD,FIXED_PRICE,underpriced(med $291),JP,keibun,100.0,2026-08-06T08:51:35.000Z,,https://www.ebay.com/itm/287506875203?hash=item42f0bec343:g:0IEAAeSwvw1qdEtb,https://i.ebayimg.com/images/g/0IEAAeSwvw1qdEtb/s-l225.jpg
210,45.0,Nikon Nikon COOLPIX A10 Compact Digital Camera,Nikon,Digital Cameras,Used,91.89,USD,FIXED_PRICE,underpriced(med $212),JP,keibun,100.0,2026-08-06T08:39:45.000Z,,https://www.ebay.com/itm/287506862438?hash=item42f0be9166:g:jFIAAeSwlOZqdElF,https://i.ebayimg.com/images/g/jFIAAeSwlOZqdElF/s-l225.jpg
211,45.0,Nikon Coolpix S520 Silver 8.0MP 3x Zoom Compact Digital Camera Used Japan,Nikon,Digital Cameras,Used,91.98,USD,FIXED_PRICE,underpriced(med $212),JP,pucho.70,99.7,2026-08-06T02:25:30.000Z,,https://www.ebay.com/itm/398254973708?hash=item5cb9d8a30c:g:Mh0AAeSwK8xqc~CP,https://i.ebayimg.com/images/g/Mh0AAeSwK8xqc~CP/s-l225.jpg
212,45.0,FUJIFILM FINEPIX 2700 Compact Digital Camera Tested Working Seller Japan,Fujifilm,Digital Cameras,Used,94.58,USD,"FIXED_PRICE,BEST_OFFER",underpriced(med $291),JP,s.kojiro,99.9,2026-08-06T00:26:47.000Z,,https://www.ebay.com/itm/377397942296?hash=item57deab9818:g:ltoAAeSwbG9qc9W7,https://i.ebayimg.com/images/g/ltoAAeSwbG9qc9W7/s-l225.jpg
213,45.0,Nikon Nikon COOLPIX L19 Silver Compact Digital Camera,Nikon,Digital Cameras,Used,95.04,USD,FIXED_PRICE,underpriced(med $212),JP,keibun,100.0,2026-08-06T08:39:27.000Z,,https://www.ebay.com/itm/287506862167?hash=item42f0be9057:g:exoAAeSwjF1qdEj3,https://i.ebayimg.com/images/g/exoAAeSwjF1qdEj3/s-l225.jpg
214,45.0,OLYMPUS STYLUS VH-410 Digital Camera Console (Slightly Flawed),Olympus,Digital Cameras,Used,95.26,USD,FIXED_PRICE,underpriced(med $347),JP,hsense1230,100.0,2026-08-06T05:31:41.000Z,,https://www.ebay.com/itm/206469384863?hash=item301288ca9f:g:SoYAAeSwzM5qdB0l,https://i.ebayimg.com/images/g/SoYAAeSwzM5qdB0l/s-l225.jpg
215,45.0,Old Compact Digital Camera Nikon COOLPIX 2500,Nikon,Digital Cameras,Used,95.26,USD,FIXED_PRICE,underpriced(med $212),JP,hsense1230,100.0,2026-08-06T06:51:50.000Z,,https://www.ebay.com/itm/206469516766?hash=item30128acdde:g:X-wAAeSwihxqdC~5,https://i.ebayimg.com/images/g/X-wAAeSwihxqdC~5/s-l225.jpg
216,45.0,Nikon Nikon COOLPIX S700 Box Charger Battery With,Nikon,Digital Cameras,Used,95.26,USD,FIXED_PRICE,underpriced(med $212),JP,hsense1230,100.0,2026-08-06T06:47:09.000Z,,https://www.ebay.com/itm/206469493327?hash=item30128a724f:g:n08AAeSwxhdqdC5p,https://i.ebayimg.com/images/g/n08AAeSwxhdqdC5p/s-l225.jpg
217,45.0,Nikon COOLPIX L18 Digital Camera Console,Nikon,Digital Cameras,Used,95.26,USD,FIXED_PRICE,underpriced(med $212),JP,hsense1230,100.0,2026-08-06T07:06:51.000Z,,https://www.ebay.com/itm/206469528884?hash=item30128afd34:g:yNwAAeSwEChqdDLM,https://i.ebayimg.com/images/g/yNwAAeSwEChqdDLM/s-l225.jpg
218,45.0,Nikon Digital Camera COOLPIX S33 Blue / Battery No,Nikon,Digital Cameras,Used,95.26,USD,FIXED_PRICE,underpriced(med $212),JP,hsense1230,100.0,2026-08-06T06:58:02.000Z,,https://www.ebay.com/itm/206469519717?hash=item30128ad965:g:tccAAeSwU6VqdDFq,https://i.ebayimg.com/images/g/tccAAeSwU6VqdDFq/s-l225.jpg
219,45.0,Working (Price Negotiable) OLYMPUS Μ750 Digital Camera Console Charger Set,Olympus,Digital Cameras,Used,96.99,USD,FIXED_PRICE,underpriced(med $347),JP,keibun,100.0,2026-08-06T08:47:21.000Z,,https://www.ebay.com/itm/287506869512?hash=item42f0bead08:g:ssMAAeSwQ7dqdEsO,https://i.ebayimg.com/images/g/ssMAAeSwQ7dqdEsO/s-l225.jpg
220,45.0,Canon IXY DIGITAL L2 Camera #0006,Canon,Digital Cameras,Used,97.0,USD,FIXED_PRICE,underpriced(med $339),JP,step-f,98.7,2026-08-06T06:06:48.000Z,,https://www.ebay.com/itm/358890412646?hash=item538f891a66:g:n5cAAeSwWz1qF-gn,https://i.ebayimg.com/images/g/n5cAAeSwWz1qF-gn/s-l225.jpg
221,45.0,FUJIFILM Instax Pal Palm-sized Multi-Format Camera #0019,Fujifilm,Digital Cameras,Used,99.0,USD,FIXED_PRICE,underpriced(med $291),JP,step-f,98.7,2026-08-06T06:06:48.000Z,,https://www.ebay.com/itm/358890412691?hash=item538f891a93:g:GdMAAeSwQhRqM-mK,https://i.ebayimg.com/images/g/GdMAAeSwQhRqM-mK/s-l225.jpg
222,45.0,Working Item: PowerShot Canon PowerShot S50,Canon,Digital Cameras,Used,99.16,USD,FIXED_PRICE,underpriced(med $339),JP,hsense1230,100.0,2026-08-06T07:49:07.000Z,,https://www.ebay.com/itm/206469591360?hash=item30128bf140:g:sbkAAeSwZB9qdD1v,https://i.ebayimg.com/images/g/sbkAAeSwZB9qdD1v/s-l225.jpg
223,45.0,OLYMPUS TG-620 Compact Digital Camera Blue Tested Working From Japan,Olympus,Digital Cameras,Used,99.99,USD,"FIXED_PRICE,BEST_OFFER",underpriced(med $347),JP,mint_24_japan,100.0,2026-08-05T23:25:00.000Z,,https://www.ebay.com/itm/336728528062?hash=item4e669594be:g:9rwAAeSwOOFptitM,https://i.ebayimg.com/images/g/9rwAAeSwOOFptitM/s-l225.jpg
224,45.0,Nikon PC-Nikkor 35mm F/2.8 Lens - Nippon Kogaku,Nikon,Lenses,Used,100.0,USD,"FIXED_PRICE,BEST_OFFER",mount:nikon f,US,hern5301,99.9,2026-08-05T20:04:46.000Z,,https://www.ebay.com/itm/236987549987?hash=item372d8f0923:g:~UMAAeSwvZZqGa95,https://i.ebayimg.com/images/g/~UMAAeSwvZZqGa95/s-l225.jpg
225,45.0,Canon Powershot A530 Digital Camera & more-tested very good conditon,Canon,Digital Cameras,Used,100.0,USD,"FIXED_PRICE,AUCTION",underpriced(med $339);auction,US,nickledger4444,0.0,2026-08-05T23:07:32.000Z,2026-08-12T23:07:32.000Z,https://www.ebay.com/itm/327296979226?hash=item4c346b911a:g:tcIAAeSwvM9qc76E,https://i.ebayimg.com/images/g/tcIAAeSwvM9qc76E/s-l225.jpg
226,45.0,OLYMPUS tough μ790SW Orange,Olympus,Digital Cameras,Used,100.91,USD,FIXED_PRICE,underpriced(med $347),JP,hsense1230,100.0,2026-08-06T05:47:52.000Z,,https://www.ebay.com/itm/206469393578?hash=item301288ecaa:g:JC4AAeSw6PpqdCC7,https://i.ebayimg.com/images/g/JC4AAeSw6PpqdCC7/s-l225.jpg
227,45.0,Canon IXY DIGITAL L2 Camera #0018,Canon,Digital Cameras,Used,101.0,USD,FIXED_PRICE,underpriced(med $339),JP,step-f,98.7,2026-08-06T06:06:49.000Z,,https://www.ebay.com/itm/358890412858?hash=item538f891b3a:g:D94AAeSwebNqTzb4,https://i.ebayimg.com/images/g/D94AAeSwebNqTzb4/s-l225.jpg
228,45.0,Canon PowerShot A60 Compact Digital Camera,Canon,Digital Cameras,Used,101.75,USD,FIXED_PRICE,underpriced(med $339),JP,hsense1230,100.0,2026-08-06T07:43:01.000Z,,https://www.ebay.com/itm/206469586567?hash=item30128bde87:g:hywAAeSwx7pqdDw0,https://i.ebayimg.com/images/g/hywAAeSwx7pqdDw0/s-l225.jpg
229,45.0,[EXC] Pentax Q 06 15-45mm f/2.8 ED For Pentax Q Mount #839,Pentax,Lenses,Used,102.0,USD,FIXED_PRICE,good-cond,JP,kumagaya_camera,100.0,2026-08-06T11:28:46.000Z,,https://www.ebay.com/itm/287507171918?hash=item42f0c34a4e:g:w0kAAeSwOLpqdG-9,https://i.ebayimg.com/images/g/w0kAAeSwOLpqdG-9/s-l225.jpg
230,45.0,PENTAX Pentax Optio A40 Compact Digital Camera,Pentax,Digital Cameras,Used,102.7,USD,FIXED_PRICE,underpriced(med $258),JP,keibun,100.0,2026-08-06T08:47:01.000Z,,https://www.ebay.com/itm/287506869307?hash=item42f0beac3b:g:UcUAAeSwLuxqdEr5,https://i.ebayimg.com/images/g/UcUAAeSwLuxqdEr5/s-l225.jpg
231,45.0,FUJIFILM FinePix AV100 Digital Camera Tested Working From Japan,Fujifilm,Digital Cameras,Used,103.0,USD,FIXED_PRICE,underpriced(med $291),JP,rikolife,99.5,2026-08-06T07:50:31.000Z,,https://www.ebay.com/itm/158159720826?hash=item24d30dd17a:g:b6sAAeSwl85qdDzB,https://i.ebayimg.com/images/g/b6sAAeSwl85qdDzB/s-l225.jpg
232,45.0,OLYMPUS Μ720 SW Compact Digital Camera Camera,Olympus,Digital Cameras,Used,103.88,USD,FIXED_PRICE,underpriced(med $347),JP,keibun,100.0,2026-08-06T08:43:33.000Z,,https://www.ebay.com/itm/287506866072?hash=item42f0be9f98:g:kf8AAeSwuzZqdEot,https://i.ebayimg.com/images/g/kf8AAeSwuzZqdEot/s-l225.jpg
233,45.0,Canon IXY DIGITAL L2 Camera #0009,Canon,Digital Cameras,Used,104.0,USD,FIXED_PRICE,underpriced(med $339),JP,step-f,98.7,2026-08-06T06:06:49.000Z,,https://www.ebay.com/itm/358890412917?hash=item538f891b75:g:cswAAeSwwK9qYYk9,https://i.ebayimg.com/images/g/cswAAeSwwK9qYYk9/s-l225.jpg
234,45.0,Canon Canon PowerShot A200 Compact Digital Camera,Canon,Digital Cameras,Used,104.03,USD,FIXED_PRICE,underpriced(med $339),JP,hsense1230,100.0,2026-08-06T08:35:43.000Z,,https://www.ebay.com/itm/206469670546?hash=item30128d2692:g:KQ0AAeSwGjJqdEiK,https://i.ebayimg.com/images/g/KQ0AAeSwGjJqdEiK/s-l225.jpg
235,45.0,FUJIFILM FinePix HS10 Console Digital Camera,Fujifilm,Digital Cameras,Used,104.86,USD,FIXED_PRICE,underpriced(med $291),JP,keibun,100.0,2026-08-06T08:55:11.000Z,,https://www.ebay.com/itm/287506878907?hash=item42f0bed1bb:g:IW8AAeSwahlqdEzg,https://i.ebayimg.com/images/g/IW8AAeSwahlqdEzg/s-l225.jpg
236,45.0,⏯️[Excellent+5] FUJIFILM Finepix Z1100EXR Digital Camera pink From Japan,Fujifilm,Digital Cameras,Used,105.0,USD,FIXED_PRICE,underpriced(med $291),JP,japan_trust_camera,99.8,2026-08-06T01:58:13.000Z,,https://www.ebay.com/itm/287506251576?hash=item42f0b53f38:g:QzsAAeSw4NdqaYb5,https://i.ebayimg.com/images/g/QzsAAeSw4NdqaYb5/s-l225.jpg
237,45.0,OLYMPUS Μ Tough-8010 Functional Console,Olympus,Digital Cameras,Used,105.0,USD,FIXED_PRICE,underpriced(med $347),JP,hsense1230,100.0,2026-08-06T05:49:50.000Z,,https://www.ebay.com/itm/206469402379?hash=item3012890f0b:g:9NMAAeSwDTBqdCGh,https://i.ebayimg.com/images/g/9NMAAeSwDTBqdCGh/s-l225.jpg
238,45.0,Canon IXY DIGITAL A1AF Silver Compact Digital Camera Tested Working Japan,Canon,Digital Cameras,Used,105.5,USD,"FIXED_PRICE,BEST_OFFER",underpriced(med $339),JP,s.kojiro,99.9,2026-08-06T00:24:42.000Z,,https://www.ebay.com/itm/377397938767?hash=item57deab8a4f:g:xDEAAeSw6Z5qc9TG,https://i.ebayimg.com/images/g/xDEAAeSw6Z5qc9TG/s-l225.jpg
239,45.0,FUJIFILM FinePix S9000 Compact Digital Camera,Fujifilm,Digital Cameras,Used,107.88,USD,FIXED_PRICE,underpriced(med $291),JP,keibun,100.0,2026-08-06T08:53:52.000Z,,https://www.ebay.com/itm/287506877859?hash=item42f0becda3:g:mpsAAeSwWXRqdEwa,https://i.ebayimg.com/images/g/mpsAAeSwWXRqdEwa/s-l225.jpg
240,45.0,OLYMPUS STYLUS Compact Digital Camera Console Red,Olympus,Digital Cameras,Used,107.93,USD,FIXED_PRICE,underpriced(med $347),JP,hsense1230,100.0,2026-08-06T05:38:34.000Z,,https://www.ebay.com/itm/206469390268?hash=item301288dfbc:g:RpIAAeSwwvJqdB7Q,https://i.ebayimg.com/images/g/RpIAAeSwwvJqdB7Q/s-l225.jpg
241,45.0,Smartphone Transfer Compatible PENTAX *ist DL2 Lens Kit With Battery And SD Card,Pentax,Digital Cameras,Used,108.33,USD,FIXED_PRICE,underpriced(med $258),JP,keibun,100.0,2026-08-06T08:49:50.000Z,,https://www.ebay.com/itm/287506872059?hash=item42f0beb6fb:g:M6EAAeSw4VVqdEtn,https://i.ebayimg.com/images/g/M6EAAeSw4VVqdEtn/s-l225.jpg
242,45.0,Working OLYMPUS VH-210 Digital Camera,Olympus,Digital Cameras,Used,108.79,USD,FIXED_PRICE,underpriced(med $347),JP,keibun,100.0,2026-08-06T08:38:50.000Z,,https://www.ebay.com/itm/287506861651?hash=item42f0be8e53:g:-mQAAeSwfwRqdEiW,https://i.ebayimg.com/images/g/-mQAAeSwfwRqdEiW/s-l225.jpg
243,45.0,Original Box FUJIFILM Finepix A500,Fujifilm,Digital Cameras,Used,108.79,USD,FIXED_PRICE,underpriced(med $291),JP,keibun,100.0,2026-08-06T08:38:14.000Z,,https://www.ebay.com/itm/287506861132?hash=item42f0be8c4c:g:SqgAAeSw-ABqdEit,https://i.ebayimg.com/images/g/SqgAAeSw-ABqdEit/s-l225.jpg
244,45.0,(RI3) Nikon AF Nikkor 28-105mm f3.5-4.5 D Macro Zoom Lens,Nikon,Lenses,Used,110.0,USD,"FIXED_PRICE,BEST_OFFER",mount:nikon f,US,quasi098,99.7,2026-08-05T20:33:01.000Z,,https://www.ebay.com/itm/198550163324?hash=item2e3a830f7c:g:E0MAAeSwPLJqRUTC,https://i.ebayimg.com/images/g/E0MAAeSwPLJqRUTC/s-l225.jpg
245,45.0,Canon PowerShot A1200,Canon,Digital Cameras,Used,110.0,USD,"FIXED_PRICE,AUCTION",underpriced(med $339);auction,US,freshlen_46,100.0,2026-08-06T01:30:00.000Z,2026-08-11T01:30:00.000Z,https://www.ebay.com/itm/298559458032?hash=item458387caf0:g:we8AAeSwPP5obuAK,https://i.ebayimg.com/images/g/we8AAeSwPP5obuAK/s-l225.jpg
246,45.0,OLYMPUS Tough Compact Digital Camera Console With Charger,Olympus,Digital Cameras,Used,110.85,USD,FIXED_PRICE,underpriced(med $347),JP,hsense1230,100.0,2026-08-06T05:48:52.000Z,,https://www.ebay.com/itm/206469395207?hash=item301288f307:g:LkkAAeSw-1dqdCD8,https://i.ebayimg.com/images/g/LkkAAeSw-1dqdCD8/s-l225.jpg
247,45.0,FUJIFILM Fujifilm FinePix XP50 Digital Camera,Fujifilm,Digital Cameras,Used,111.55,USD,FIXED_PRICE,underpriced(med $291),JP,keibun,100.0,2026-08-06T08:46:43.000Z,,https://www.ebay.com/itm/287506869143?hash=item42f0beab97:g:jpIAAeSwrptqdEpw,https://i.ebayimg.com/images/g/jpIAAeSwrptqdEpw/s-l225.jpg
248,45.0,FUJIFILM FinePix AV250 Silver,Fujifilm,Digital Cameras,Used,111.74,USD,FIXED_PRICE,underpriced(med $291),JP,keibun,100.0,2026-08-06T08:48:06.000Z,,https://www.ebay.com/itm/287506870001?hash=item42f0beaef1:g:zhMAAeSwvM9qdEr-,https://i.ebayimg.com/images/g/zhMAAeSwvM9qdEr-/s-l225.jpg
249,45.0,FUJIFILM Fujifilm FinePix Finepix A345,Fujifilm,Digital Cameras,Used,111.74,USD,FIXED_PRICE,underpriced(med $291),JP,keibun,100.0,2026-08-06T08:38:33.000Z,,https://www.ebay.com/itm/287506861431?hash=item42f0be8d77:g:bIMAAeSwlcJqdEk4,https://i.ebayimg.com/images/g/bIMAAeSwlcJqdEk4/s-l225.jpg
250,45.0,"Excellent Condition, Original Box Included. OLYMPUS CAMEDIA C-740. Working",Olympus,Digital Cameras,Used,111.74,USD,FIXED_PRICE,underpriced(med $347),JP,keibun,100.0,2026-08-06T08:36:57.000Z,,https://www.ebay.com/itm/287506859630?hash=item42f0be866e:g:Tr8AAeSw2S9qdEjY,https://i.ebayimg.com/images/g/Tr8AAeSw2S9qdEjY/s-l225.jpg
251,45.0,Canon IXY Digital 55 5.0 MP Digital Camera #0001,Canon,Digital Cameras,Used,111.94,USD,FIXED_PRICE,underpriced(med $339),JP,step-f,98.7,2026-08-06T06:06:48.000Z,,https://www.ebay.com/itm/358890412616?hash=item538f891a48:g:AfMAAeSw3ZZqF-hq,https://i.ebayimg.com/images/g/AfMAAeSw3ZZqF-hq/s-l225.jpg
252,45.0,Canon IXY Digital 55 5.0 MP Digital Camera #0002,Canon,Digital Cameras,Used,113.0,USD,FIXED_PRICE,underpriced(med $339),JP,step-f,98.7,2026-08-06T06:06:48.000Z,,https://www.ebay.com/itm/358890412637?hash=item538f891a5d:g:CTwAAeSwKo5qF-xM,https://i.ebayimg.com/images/g/CTwAAeSwKo5qF-xM/s-l225.jpg
253,45.0,Canon IXY DIGITAL Original Silver Compact Camera with Manual and Accessories,Canon,Digital Cameras,Used,114.52,USD,"FIXED_PRICE,BEST_OFFER",underpriced(med $339),JP,tetyama15,100.0,2026-08-06T02:20:33.000Z,,https://www.ebay.com/itm/318684732554?hash=item4a33171c8a:g:AdgAAeSwgMtqc~Aq,https://i.ebayimg.com/images/g/AdgAAeSwgMtqc~Aq/s-l225.jpg
254,45.0,OLYMPUS Μ Tough-6010 Functional Console,Olympus,Digital Cameras,Used,114.75,USD,FIXED_PRICE,underpriced(med $347),JP,hsense1230,100.0,2026-08-06T05:44:13.000Z,,https://www.ebay.com/itm/206469392680?hash=item301288e928:g:TksAAeSw4VVqdCBa,https://i.ebayimg.com/images/g/TksAAeSw4VVqdCBa/s-l225.jpg
255,45.0,Canon PowerShot A20 Canon PowerShot A20 Digital Camera,Canon,Digital Cameras,Used,114.75,USD,FIXED_PRICE,underpriced(med $339),JP,hsense1230,100.0,2026-08-06T07:50:02.000Z,,https://www.ebay.com/itm/206469598491?hash=item30128c0d1b:g:uQcAAeSwDF1qdD3Y,https://i.ebayimg.com/images/g/uQcAAeSwDF1qdD3Y/s-l225.jpg
256,45.0,Smartphone Transfer OK. Canon IXY DIGITAL 60,Canon,Digital Cameras,Used,114.75,USD,FIXED_PRICE,underpriced(med $339),JP,hsense1230,100.0,2026-08-06T07:23:59.000Z,,https://www.ebay.com/itm/206469559041?hash=item30128b7301:g:pTEAAeSwNwVqdDe3,https://i.ebayimg.com/images/g/pTEAAeSwNwVqdDe3/s-l225.jpg
257,45.0,Canon PowerShot A520 Silver Working,Canon,Digital Cameras,Used,114.75,USD,FIXED_PRICE,underpriced(med $339),JP,hsense1230,100.0,2026-08-06T08:39:54.000Z,,https://www.ebay.com/itm/206469674458?hash=item30128d35da:g:t7kAAeSwOk1qdEjV,https://i.ebayimg.com/images/g/t7kAAeSwOk1qdEjV/s-l225.jpg
258,45.0,Canon IXY DIGITAL Compact Camera with Good Condition Point & Shoot JP,Canon,Digital Cameras,Used,114.9,USD,"FIXED_PRICE,BEST_OFFER",underpriced(med $339),JP,japan4ever,97.8,2026-08-06T05:41:00.000Z,,https://www.ebay.com/itm/158159416018?hash=item24d3092ad2:g:ZrMAAeSwNRxqdB7r,https://i.ebayimg.com/images/g/ZrMAAeSwNRxqdB7r/s-l225.jpg
259,45.0,FUJIFILM FinePix Z5fd Pink 6.3MP Digital Camera Retro Y2K Style Sliding Cover JP,Fujifilm,Digital Cameras,Used,115.0,USD,FIXED_PRICE,underpriced(med $291),JP,katsunorijapan,98.1,2026-08-06T06:04:18.000Z,,https://www.ebay.com/itm/147486320676?hash=item2256dea824:g:htYAAeSwwvJqc3p-,https://i.ebayimg.com/images/g/htYAAeSwwvJqc3p-/s-l225.jpg
260,45.0,OLYMPUS PEN E-PL1 Body Digital Camera Compact Mirrorless Excellent Condition,Olympus,Digital Cameras,Used,115.31,USD,"FIXED_PRICE,BEST_OFFER",underpriced(med $347),JP,tetyama15,100.0,2026-08-06T02:40:21.000Z,,https://www.ebay.com/itm/318684807135?hash=item4a33183fdf:g:lIAAAeSwvw1qc~av,https://i.ebayimg.com/images/g/lIAAAeSwvw1qc~av/s-l225.jpg
261,45.0,FUJIFILM Fujifilm FinePix Finepix Z2,Fujifilm,Digital Cameras,Used,115.48,USD,FIXED_PRICE,underpriced(med $291),JP,keibun,100.0,2026-08-06T08:54:13.000Z,,https://www.ebay.com/itm/287506878172?hash=item42f0becedc:g:rnoAAeSwQBhqdEyr,https://i.ebayimg.com/images/g/rnoAAeSwQBhqdEyr/s-l225.jpg
262,45.0,FUJIFILM FinePix Z5 Console Pink,Fujifilm,Digital Cameras,Used,115.48,USD,FIXED_PRICE,underpriced(med $291),JP,keibun,100.0,2026-08-06T08:51:57.000Z,,https://www.ebay.com/itm/287506875682?hash=item42f0bec522:g:RlIAAeSw3jFqdEuq,https://i.ebayimg.com/images/g/RlIAAeSw3jFqdEuq/s-l225.jpg
263,45.0,Canon powershot SD300 #410,Canon,Digital Cameras,Used,115.7,USD,"FIXED_PRICE,AUCTION",underpriced(med $339);auction,US,freshlen_46,100.0,2026-08-05T23:30:00.000Z,2026-08-10T23:30:00.000Z,https://www.ebay.com/itm/298559459040?hash=item458387cee0:g:9KIAAeSwAbdqWosg,https://i.ebayimg.com/images/g/9KIAAeSwAbdqWosg/s-l225.jpg
264,45.0,Canon Powershot A720 IS #308,Canon,Digital Cameras,Used,115.7,USD,"FIXED_PRICE,AUCTION",underpriced(med $339);auction,US,freshlen_46,100.0,2026-08-06T01:30:00.000Z,2026-08-11T01:30:00.000Z,https://www.ebay.com/itm/298559457967?hash=item458387caaf:g:QH4AAeSw9Npp-hOp,https://i.ebayimg.com/images/g/QH4AAeSw9Npp-hOp/s-l225.jpg
265,45.0,FUJIFILM Fujifilm FinePix Finepix A800,Fujifilm,Digital Cameras,Used,116.46,USD,FIXED_PRICE,underpriced(med $291),JP,keibun,100.0,2026-08-06T08:37:55.000Z,,https://www.ebay.com/itm/287506860735?hash=item42f0be8abf:g:ZtUAAeSw46tqdEie,https://i.ebayimg.com/images/g/ZtUAAeSw46tqdEie/s-l225.jpg
266,45.0,FUJIFILM FinePix AV210 Memory Card With,Fujifilm,Digital Cameras,Used,116.66,USD,FIXED_PRICE,underpriced(med $291),JP,keibun,100.0,2026-08-06T08:41:39.000Z,,https://www.ebay.com/itm/287506864231?hash=item42f0be9867:g:UhAAAeSwmaVqdEkC,https://i.ebayimg.com/images/g/UhAAAeSwmaVqdEkC/s-l225.jpg
267,45.0,Canon iVIS HF R21 Digital Video Camera #0002,Canon,Digital Cameras,Used,117.0,USD,FIXED_PRICE,underpriced(med $339),JP,step-f,98.7,2026-08-06T06:06:48.000Z,,https://www.ebay.com/itm/358890412651?hash=item538f891a6b:g:HncAAeSw8kxqF-lL,https://i.ebayimg.com/images/g/HncAAeSw8kxqF-lL/s-l225.jpg
268,45.0,Canon PowerShot S2 IS Digital Camera Console,Canon,Digital Cameras,Used,119.63,USD,FIXED_PRICE,underpriced(med $339),JP,hsense1230,100.0,2026-08-06T08:42:27.000Z,,https://www.ebay.com/itm/206469676406?hash=item30128d3d76:g:pekAAeSwfVNqdEmy,https://i.ebayimg.com/images/g/pekAAeSwfVNqdEmy/s-l225.jpg
269,45.0,Fujifilm Z700EXR Red Compact Digital Camera Tested Working Seller Japan,Fujifilm,Digital Cameras,Used,120.23,USD,"FIXED_PRICE,BEST_OFFER",underpriced(med $291),JP,s.kojiro,99.9,2026-08-06T04:24:47.000Z,,https://www.ebay.com/itm/377398329930?hash=item57deb1824a:g:ySUAAeSwk8ZqdA5-,https://i.ebayimg.com/images/g/ySUAAeSwk8ZqdA5-/s-l225.jpg
270,45.0,OLYMPUS CAMEDIA X-600 Silver Compact Digital Camera Tested Working Japan,Olympus,Digital Cameras,Used,121.57,USD,"FIXED_PRICE,BEST_OFFER",underpriced(med $347),JP,s.kojiro,99.9,2026-08-06T04:25:26.000Z,,https://www.ebay.com/itm/377398330441?hash=item57deb18449:g:KdcAAeSwx71qdA0w,https://i.ebayimg.com/images/g/KdcAAeSwx71qdA0w/s-l225.jpg
271,45.0,Canon PowerShot A520 Digital Camera Console,Canon,Digital Cameras,Used,121.57,USD,FIXED_PRICE,underpriced(med $339),JP,keibun,100.0,2026-08-06T08:44:48.000Z,,https://www.ebay.com/itm/287506867262?hash=item42f0bea43e:g:89AAAeSwpfRqdEo3,https://i.ebayimg.com/images/g/89AAAeSwpfRqdEo3/s-l225.jpg
272,45.0,OLYMPUS μ 1030 SW Console Digital Camera,Olympus,Digital Cameras,Used,122.55,USD,FIXED_PRICE,underpriced(med $347),JP,hsense1230,100.0,2026-08-06T05:43:37.000Z,,https://www.ebay.com/itm/206469392509?hash=item301288e87d:g:lFQAAeSwPGtqdB~-,https://i.ebayimg.com/images/g/lFQAAeSwPGtqdB~-/s-l225.jpg
273,45.0,OLYMPUS STYLUS SP-820UZ Good,Olympus,Digital Cameras,Used,122.55,USD,FIXED_PRICE,underpriced(med $347),JP,hsense1230,100.0,2026-08-06T05:35:36.000Z,,https://www.ebay.com/itm/206469388395?hash=item301288d86b:g:mH4AAeSwzGVqdB3i,https://i.ebayimg.com/images/g/mH4AAeSwzGVqdB3i/s-l225.jpg
274,45.0,FUJIFILM FinePix Z300 Purple Digital Camera 10.0MP 3x Zoom ISO 64-1600 slim body,Fujifilm,Digital Cameras,Used,123.0,USD,"FIXED_PRICE,BEST_OFFER",underpriced(med $291),JP,japan_fun_select,99.6,2026-08-06T06:09:10.000Z,,https://www.ebay.com/itm/137591747700?hash=item20091b7474:g:dbUAAeSw-ABqbRnI,https://i.ebayimg.com/images/g/dbUAAeSw-ABqbRnI/s-l225.jpg
275,45.0,FUJIFILM Instax Pal Palm-sized Multi-Format Camera #0020,Fujifilm,Digital Cameras,Used,123.0,USD,FIXED_PRICE,underpriced(med $291),JP,step-f,98.7,2026-08-06T06:06:48.000Z,,https://www.ebay.com/itm/358890412692?hash=item538f891a94:g:v78AAeSw7V9qM-oW,https://i.ebayimg.com/images/g/v78AAeSw7V9qM-oW/s-l225.jpg
276,45.0,FUJIFILM Instax Pal Palm-sized Multi-Format Camera #0021,Fujifilm,Digital Cameras,Used,123.0,USD,FIXED_PRICE,underpriced(med $291),JP,step-f,98.7,2026-08-06T06:06:48.000Z,,https://www.ebay.com/itm/358890412695?hash=item538f891a97:g:FCoAAeSwSoNqM-zm,https://i.ebayimg.com/images/g/FCoAAeSwSoNqM-zm/s-l225.jpg
277,45.0,OLYMPUS Tough TG-860 Orange Battery With Working,Olympus,Digital Cameras,Used,124.5,USD,FIXED_PRICE,underpriced(med $347),JP,hsense1230,100.0,2026-08-06T05:50:27.000Z,,https://www.ebay.com/itm/206469406806?hash=item3012892056:g:pMkAAeSwFdNqdCHS,https://i.ebayimg.com/images/g/pMkAAeSwFdNqdCHS/s-l225.jpg
278,45.0,Excellent OLYMPUS STYLUS VG-180,Olympus,Digital Cameras,Used,124.5,USD,FIXED_PRICE,underpriced(med $347),JP,hsense1230,100.0,2026-08-06T05:37:56.000Z,,https://www.ebay.com/itm/206469389878?hash=item301288de36:g:k1EAAeSw6JVqdB30,https://i.ebayimg.com/images/g/k1EAAeSw6JVqdB30/s-l225.jpg
279,45.0,Canon PowerShot SX510 HS Console,Canon,Digital Cameras,Used,124.5,USD,FIXED_PRICE,underpriced(med $339),JP,hsense1230,100.0,2026-08-06T08:48:26.000Z,,https://www.ebay.com/itm/206469682734?hash=item30128d562e:g:yzAAAeSw6QhqdEsS,https://i.ebayimg.com/images/g/yzAAAeSw6QhqdEsS/s-l225.jpg
280,45.0,OLYMPUS PEN E-PL1 Digital Camera Body Excellent Condition JP,Olympus,Digital Cameras,Used,124.9,USD,"FIXED_PRICE,BEST_OFFER",underpriced(med $347),JP,japan4ever,97.8,2026-08-05T23:16:02.000Z,,https://www.ebay.com/itm/158158569447?hash=item24d2fc3fe7:g:n6cAAeSwww5qc8Tn,https://i.ebayimg.com/images/g/n6cAAeSwww5qc8Tn/s-l225.jpg
281,45.0,Rokinon 35mm T1.5 Cine AS UMC Lens W/Caps (Canon EF),Canon,Lenses,Used,125.0,USD,FIXED_PRICE,mount:canon ef,US,fairtradepro,99.9,2026-08-05T18:24:00.000Z,,https://www.ebay.com/itm/227463741104?hash=item34f5e53eb0:g:UwAAAeSw4qRqTTbM,https://i.ebayimg.com/images/g/UwAAAeSw4qRqTTbM/s-l225.jpg
282,45.0,OLYMPUS Tough TG-320 Waterproof Shockproof Digital Camera Tested Blue,Olympus,Digital Cameras,Used,126.01,USD,"FIXED_PRICE,BEST_OFFER",underpriced(med $347),JP,tetyama15,100.0,2026-08-06T02:41:38.000Z,,https://www.ebay.com/itm/318684809476?hash=item4a33184904:g:RJQAAeSw-~pqc~UY,https://i.ebayimg.com/images/g/RJQAAeSw-~pqc~UY/s-l225.jpg
283,45.0,OLYMPUS CAMEDIA X-600 Silver Compact Digital Camera 5MP 3x Zoom Tested,Olympus,Digital Cameras,Used,126.02,USD,"FIXED_PRICE,BEST_OFFER",underpriced(med $347),JP,tetyama15,100.0,2026-08-06T02:40:32.000Z,,https://www.ebay.com/itm/318684807382?hash=item4a331840d6:g:mocAAeSwwbZqc~VQ,https://i.ebayimg.com/images/g/mocAAeSwwbZqc~VQ/s-l225.jpg
284,45.0,FUJIFILM FinePix Z950 EXR Compact Digital Camera,Fujifilm,Digital Cameras,Used,126.47,USD,FIXED_PRICE,underpriced(med $291),JP,keibun,100.0,2026-08-06T08:33:10.000Z,,https://www.ebay.com/itm/287506852696?hash=item42f0be6b58:g:xgIAAeSwgxZqdEcH,https://i.ebayimg.com/images/g/xgIAAeSwgxZqdEcH/s-l225.jpg
285,45.0,Canon Powershot A1200 #392,Canon,Digital Cameras,Used,128.71,USD,"FIXED_PRICE,AUCTION",underpriced(med $339);auction,US,freshlen_46,100.0,2026-08-06T01:30:00.000Z,2026-08-11T01:30:00.000Z,https://www.ebay.com/itm/298559458057?hash=item458387cb09:g:smsAAeSwQUtqTCbN,https://i.ebayimg.com/images/g/smsAAeSwQUtqTCbN/s-l225.jpg
286,45.0,Canon Powershot A470 #300,Canon,Digital Cameras,Used,128.71,USD,"FIXED_PRICE,AUCTION",underpriced(med $339);auction,US,freshlen_46,100.0,2026-08-06T01:30:00.000Z,2026-08-11T01:30:00.000Z,https://www.ebay.com/itm/298559457878?hash=item458387ca56:g:FtcAAeSw6wJp8OB7,https://i.ebayimg.com/images/g/FtcAAeSw6wJp8OB7/s-l225.jpg
287,45.0,FUJIFILM FinePix F30 Digital Camera English Ok,Fujifilm,Digital Cameras,Used,129.0,USD,FIXED_PRICE,underpriced(med $291),JP,nata-2781,0.0,2026-08-06T02:28:52.000Z,,https://www.ebay.com/itm/407123575335?hash=item5eca74c227:g:3hAAAeSw8vVqcwmq,https://i.ebayimg.com/images/g/3hAAAeSw8vVqcwmq/s-l225.jpg
288,45.0,Canon IXY DIGITAL L Brown Digital Camera Accessories,Canon,Digital Cameras,Used,129.37,USD,FIXED_PRICE,underpriced(med $339),JP,hsense1230,100.0,2026-08-06T07:24:36.000Z,,https://www.ebay.com/itm/206469559560?hash=item30128b7508:g:SmkAAeSwkN9qdDb1,https://i.ebayimg.com/images/g/SmkAAeSwkN9qdDb1/s-l225.jpg
289,45.0,[EXCELLENT] Fujifilm FinePix Z300 White Compact Digital Camera From JAPAN 286652,Fujifilm,Digital Cameras,Used,129.99,USD,FIXED_PRICE,underpriced(med $291),JP,ark.n.japan,100.0,2026-08-06T01:14:05.000Z,,https://www.ebay.com/itm/236988129894?hash=item372d97e266:g:anEAAeSwmaVqc9-I,https://i.ebayimg.com/images/g/anEAAeSwmaVqc9-I/s-l225.jpg
290,45.0,Canon Powershot A1300 HD #280,Canon,Digital Cameras,Used,130.0,USD,"FIXED_PRICE,AUCTION",underpriced(med $339);auction,US,freshlen_46,100.0,2026-08-06T01:30:00.000Z,2026-08-11T01:30:00.000Z,https://www.ebay.com/itm/298559457898?hash=item458387ca6a:g:Ww4AAeSwK89p3UoF,https://i.ebayimg.com/images/g/Ww4AAeSwK89p3UoF/s-l225.jpg
291,45.0,Canon PowerShot A460 Digital Camera Console Working,Canon,Digital Cameras,Used,130.35,USD,FIXED_PRICE,underpriced(med $339),JP,hsense1230,100.0,2026-08-06T08:53:48.000Z,,https://www.ebay.com/itm/206469705342?hash=item30128dae7e:g:JegAAeSw3QtqdEyP,https://i.ebayimg.com/images/g/JegAAeSw3QtqdEyP/s-l225.jpg
292,45.0,Excellent OLYMPUS TOUGH TG-810 14 Megapixel Commercial-Use,Olympus,Digital Cameras,Used,131.13,USD,FIXED_PRICE,underpriced(med $347),JP,hsense1230,100.0,2026-08-06T05:47:00.000Z,,https://www.ebay.com/itm/206469393308?hash=item301288eb9c:g:1D8AAeSw~gZqdCCK,https://i.ebayimg.com/images/g/1D8AAeSw~gZqdCCK/s-l225.jpg
293,45.0,OLYMPUS CAMEDIA X-100 Compact Digital Camera Tested Retro Style,Olympus,Digital Cameras,Used,131.79,USD,"FIXED_PRICE,BEST_OFFER",underpriced(med $347),JP,tetyama15,100.0,2026-08-06T02:41:02.000Z,,https://www.ebay.com/itm/318684808224?hash=item4a33184420:g:WtwAAeSwT55qc~Vo,https://i.ebayimg.com/images/g/WtwAAeSwT55qc~Vo/s-l225.jpg
294,45.0,Canon IXY DIGITAL200 Compact Digital Camera Silver Tested Complete Accessories,Canon,Digital Cameras,Used,131.82,USD,"FIXED_PRICE,BEST_OFFER",underpriced(med $339),JP,tetyama15,100.0,2026-08-06T02:21:17.000Z,,https://www.ebay.com/itm/318684735411?hash=item4a331727b3:g:km0AAeSwIX5qc~Jc,https://i.ebayimg.com/images/g/km0AAeSwIX5qc~Jc/s-l225.jpg
295,45.0,OLYMPUS STYLUS TG-TRACKER,Olympus,Digital Cameras,Used,132.3,USD,FIXED_PRICE,underpriced(med $347),JP,hsense1230,100.0,2026-08-06T05:46:41.000Z,,https://www.ebay.com/itm/206469393245?hash=item301288eb5d:g:hfwAAeSwc5lqdCAA,https://i.ebayimg.com/images/g/hfwAAeSwc5lqdCAA/s-l225.jpg
296,45.0,Canon Canon PowerShot A550 Silver,Canon,Digital Cameras,Used,133.27,USD,FIXED_PRICE,underpriced(med $339),JP,hsense1230,100.0,2026-08-06T08:55:25.000Z,,https://www.ebay.com/itm/206469706092?hash=item30128db16c:g:7v0AAeSwt4FqdEx5,https://i.ebayimg.com/images/g/7v0AAeSwt4FqdEx5/s-l225.jpg
297,45.0,Canon EOS 20D Digital SLR Camera Body Black Great for Beginners,Canon,Digital Cameras,Used,133.3,USD,"FIXED_PRICE,BEST_OFFER",underpriced(med $339),JP,tetyama15,100.0,2026-08-06T02:22:25.000Z,,https://www.ebay.com/itm/318684736965?hash=item4a33172dc5:g:3u0AAeSw5eRqc~EN,https://i.ebayimg.com/images/g/3u0AAeSw5eRqc~EN/s-l225.jpg
298,45.0,Canon PowerShot SX100 IS Console,Canon,Digital Cameras,Used,134.25,USD,FIXED_PRICE,underpriced(med $339),JP,hsense1230,100.0,2026-08-06T08:43:40.000Z,,https://www.ebay.com/itm/206469679779?hash=item30128d4aa3:g:xL0AAeSwY89qdEov,https://i.ebayimg.com/images/g/xL0AAeSwY89qdEov/s-l225.jpg
299,45.0,OLYMPUS CAMEDIA SP-560UZ Compact Digital Camera with Case Tested Functionality,Olympus,Digital Cameras,Used,134.26,USD,"FIXED_PRICE,BEST_OFFER",underpriced(med $347),JP,tetyama15,100.0,2026-08-06T02:41:18.000Z,,https://www.ebay.com/itm/318684808848?hash=item4a33184690:g:9zIAAeSwYlFqc~UM,https://i.ebayimg.com/images/g/9zIAAeSwYlFqc~UM/s-l225.jpg
300,45.0,OLYMPUS μ1020 Digital Camera Compact Model with Minor Scratches and Marks,Olympus,Digital Cameras,Used,134.26,USD,"FIXED_PRICE,BEST_OFFER",underpriced(med $347),JP,tetyama15,100.0,2026-08-06T02:40:55.000Z,,https://www.ebay.com/itm/318684807982?hash=item4a3318432e:g:Bq0AAeSw5eRqc~Vj,https://i.ebayimg.com/images/g/Bq0AAeSw5eRqc~Vj/s-l225.jpg
301,45.0,Sigma DC 18-50mm f/2.8 EX Macro HSM Standard Zoom Lens For Nikon F Mount,Nikon,Lenses,Used,134.99,USD,FIXED_PRICE,mount:nikon f,US,wynwoodsocialclub,99.5,2026-08-05T18:48:18.000Z,,https://www.ebay.com/itm/178377391513?hash=item29881efd99:g:4IsAAeSwlBxoiUNy,https://i.ebayimg.com/images/g/4IsAAeSwlBxoiUNy/s-l225.jpg
302,45.0,OLYMPUS Compact Digital Camera Console,Olympus,Digital Cameras,Used,136.31,USD,FIXED_PRICE,underpriced(med $347),JP,keibun,100.0,2026-08-06T08:37:36.000Z,,https://www.ebay.com/itm/287506860273?hash=item42f0be88f1:g:vlIAAeSwe4RqdEjF,https://i.ebayimg.com/images/g/vlIAAeSwe4RqdEjF/s-l225.jpg
303,45.0,CANON PowerShot A 1000 IS,Canon,Digital Cameras,Used,138.15,USD,FIXED_PRICE,underpriced(med $339),JP,hsense1230,100.0,2026-08-06T08:41:52.000Z,,https://www.ebay.com/itm/206469675919?hash=item30128d3b8f:g:niQAAeSwBGxqdElT,https://i.ebayimg.com/images/g/niQAAeSwBGxqdElT/s-l225.jpg
304,45.0,OLYMPUS SZ-11 Red Digital Camera 14MP Optical 20x Zoom Tested Condition,Olympus,Digital Cameras,Used,138.21,USD,"FIXED_PRICE,BEST_OFFER",underpriced(med $347),JP,tetyama15,100.0,2026-08-06T02:39:30.000Z,,https://www.ebay.com/itm/318684805981?hash=item4a33183b5d:g:OvAAAeSwRo9qc~TX,https://i.ebayimg.com/images/g/OvAAAeSwRo9qc~TX/s-l225.jpg
305,45.0,Canon IXY DIGITAL 800 IS 61,Canon,Digital Cameras,Used,139.12,USD,FIXED_PRICE,underpriced(med $339),JP,hsense1230,100.0,2026-08-06T07:36:46.000Z,,https://www.ebay.com/itm/206469581182?hash=item30128bc97e:g:s8EAAeSwRRNqdDpE,https://i.ebayimg.com/images/g/s8EAAeSwRRNqdDpE/s-l225.jpg
306,45.0,READ Canon PowerShot SX210 IS purple Compact Digital Camera From Japan B601,Canon,Digital Cameras,Used,141.45,USD,FIXED_PRICE,underpriced(med $339),JP,keshi93,99.7,2026-08-06T02:45:03.000Z,,https://www.ebay.com/itm/147486048535?hash=item2256da8117:g:2F8AAeSwz-Bqc~UO,https://i.ebayimg.com/images/g/2F8AAeSwz-Bqc~UO/s-l225.jpg
307,45.0,Canon PowerShot A530 Compact Digital Camera Tested Working Seller Japan,Canon,Digital Cameras,Used,141.64,USD,"FIXED_PRICE,BEST_OFFER",underpriced(med $339),JP,s.kojiro,99.9,2026-08-06T06:31:23.000Z,,https://www.ebay.com/itm/377398508255?hash=item57deb43adf:g:XEYAAeSwfE5qdCtm,https://i.ebayimg.com/images/g/XEYAAeSwfE5qdCtm/s-l225.jpg
308,45.0,OLYMPUS VG-140 Compact Digital Camera 14MP HD Video 5x Optical Zoom Tested,Olympus,Digital Cameras,Used,142.49,USD,"FIXED_PRICE,BEST_OFFER",underpriced(med $347),JP,tetyama15,100.0,2026-08-06T02:39:55.000Z,,https://www.ebay.com/itm/318684806507?hash=item4a33183d6b:g:zIYAAeSwUKRqc~R0,https://i.ebayimg.com/images/g/zIYAAeSwUKRqc~R0/s-l225.jpg
309,45.0,Canon IXY DIGITAL Compact Digital Camera Console,Canon,Digital Cameras,Used,142.92,USD,FIXED_PRICE,underpriced(med $339),JP,hsense1230,100.0,2026-08-06T07:22:24.000Z,,https://www.ebay.com/itm/206469558315?hash=item30128b702b:g:9q8AAeSw3yhqdDbn,https://i.ebayimg.com/images/g/9q8AAeSw3yhqdDbn/s-l225.jpg
310,45.0,Ships Within 24 Hours. OLYMPUS Tough TG-830 Olympus Waterproof,Olympus,Digital Cameras,Used,143.99,USD,FIXED_PRICE,underpriced(med $347),JP,hsense1230,100.0,2026-08-06T05:47:18.000Z,,https://www.ebay.com/itm/206469393359?hash=item301288ebcf:g:sBsAAeSwrBNqdCDd,https://i.ebayimg.com/images/g/sBsAAeSwrBNqdCDd/s-l225.jpg
311,45.0,Canon IXY Digital 55 5.0 MP Digital Camera #0009,Canon,Digital Cameras,Used,144.42,USD,FIXED_PRICE,underpriced(med $339),JP,step-f,98.7,2026-08-06T06:06:48.000Z,,https://www.ebay.com/itm/358890412617?hash=item538f891a49:g:~YQAAeSwLSlqF-m7,https://i.ebayimg.com/images/g/~YQAAeSwLSlqF-m7/s-l225.jpg
312,45.0,Canon IXY Digital 55 5.0 MP Digital Camera #0010,Canon,Digital Cameras,Used,144.42,USD,FIXED_PRICE,underpriced(med $339),JP,step-f,98.7,2026-08-06T06:06:48.000Z,,https://www.ebay.com/itm/358890412647?hash=item538f891a67:g:4DcAAeSwLbRqF-mL,https://i.ebayimg.com/images/g/4DcAAeSwLbRqF-mL/s-l225.jpg
313,45.0,Canon IXY 800 IS 6.0MP 4X Optical Zoom CCD Digital Camera #0020,Canon,Digital Cameras,Used,146.0,USD,FIXED_PRICE,underpriced(med $339),JP,step-f,98.7,2026-08-06T06:06:49.000Z,,https://www.ebay.com/itm/358890412852?hash=item538f891b34:g:EY4AAeSwvkBqTzgm,https://i.ebayimg.com/images/g/EY4AAeSwvkBqTzgm/s-l225.jpg
314,45.0,Canon IXY 920 IS Digital Camera 10 MP 4X Wide Zoom #0001,Canon,Digital Cameras,Used,146.0,USD,FIXED_PRICE,underpriced(med $339),JP,step-f,98.7,2026-08-06T06:06:48.000Z,,https://www.ebay.com/itm/358890412648?hash=item538f891a68:g:vzMAAeSwxChqF-c6,https://i.ebayimg.com/images/g/vzMAAeSwxChqF-c6/s-l225.jpg
315,45.0,OLYMPUS SZ-14 Compact Digital Camera Red 24x Zoom Tested 14MP HD Video,Olympus,Digital Cameras,Used,146.61,USD,"FIXED_PRICE,BEST_OFFER",underpriced(med $347),JP,tetyama15,100.0,2026-08-06T02:41:43.000Z,,https://www.ebay.com/itm/318684809575?hash=item4a33184967:g:bgcAAeSwf79qc~Ud,https://i.ebayimg.com/images/g/bgcAAeSwf79qc~Ud/s-l225.jpg
316,45.0,Functional Stylus Vr-370 Digital Camera Olympus Digital Camera,Olympus,Digital Cameras,Used,146.91,USD,FIXED_PRICE,underpriced(med $347),JP,hsense1230,100.0,2026-08-06T05:33:00.000Z,,https://www.ebay.com/itm/206469386361?hash=item301288d079:g:gLUAAeSw2S9qdB0H,https://i.ebayimg.com/images/g/gLUAAeSw2S9qdB0H/s-l225.jpg
317,45.0,Functional OLYMPUS Tough TG-310,Olympus,Digital Cameras,Used,146.92,USD,FIXED_PRICE,underpriced(med $347),JP,hsense1230,100.0,2026-08-06T05:44:30.000Z,,https://www.ebay.com/itm/206469392747?hash=item301288e96b:g:FtUAAeSwlYhqdCBq,https://i.ebayimg.com/images/g/FtUAAeSwlYhqdCBq/s-l225.jpg
318,45.0,OLYMPUS STYLUS VH-515,Olympus,Digital Cameras,Used,148.87,USD,FIXED_PRICE,underpriced(med $347),JP,hsense1230,100.0,2026-08-06T05:32:39.000Z,,https://www.ebay.com/itm/206469386217?hash=item301288cfe9:g:bxkAAeSwaTJqdBy2,https://i.ebayimg.com/images/g/bxkAAeSwaTJqdBy2/s-l225.jpg
319,45.0,Canon IXY DIGITAL 25 IS Compact Digital Camera #0016,Canon,Digital Cameras,Used,149.0,USD,FIXED_PRICE,underpriced(med $339),JP,step-f,98.7,2026-08-06T06:06:48.000Z,,https://www.ebay.com/itm/358890412705?hash=item538f891aa1:g:gG4AAeSwJrlqKdGB,https://i.ebayimg.com/images/g/gG4AAeSwJrlqKdGB/s-l225.jpg
320,45.0,Canon PowerShot A400 Console,Canon,Digital Cameras,Used,149.02,USD,FIXED_PRICE,underpriced(med $339),JP,hsense1230,100.0,2026-08-06T08:35:24.000Z,,https://www.ebay.com/itm/206469670210?hash=item30128d2542:g:QdcAAeSw1vZqdEfK,https://i.ebayimg.com/images/g/QdcAAeSw1vZqdEfK/s-l225.jpg
321,45.0,Olympus CAMEDIA C-3030 Zoom 3.3MP Digital Camera with Lens & Accessories,Olympus,Digital Cameras,Used,150.0,USD,"FIXED_PRICE,AUCTION",underpriced(med $347);auction,US,phvver-fok3i2,100.0,2026-08-05T22:36:30.000Z,2026-08-12T22:36:30.000Z,https://www.ebay.com/itm/366589054588?hash=item555a690e7c:g:DhwAAeSwE55qYUFz,https://i.ebayimg.com/images/g/DhwAAeSwE55qYUFz/s-l225.jpg
322,45.0,Canon PowerShot A550 Silver,Canon,Digital Cameras,Used,150.0,USD,"FIXED_PRICE,AUCTION",underpriced(med $339);auction,US,freshlen_46,100.0,2026-08-06T01:30:00.000Z,2026-08-11T01:30:00.000Z,https://www.ebay.com/itm/298559458044?hash=item458387cafc:g:y5gAAeSw881ocDil,https://i.ebayimg.com/images/g/y5gAAeSw881ocDil/s-l225.jpg
323,45.0,Count 220 Olympus E-510 10.0 MP Digital SLR Camera 14-42 40-150 Lenses #z16507,Olympus,Digital Cameras,Used,150.99,USD,FIXED_PRICE,underpriced(med $347),JP,z1came-0,99.7,2026-08-06T06:05:29.000Z,,https://www.ebay.com/itm/407123850942?hash=item5eca78f6be:g:y9YAAeSw8z5qTytU,https://i.ebayimg.com/images/g/y9YAAeSw8z5qTytU/s-l225.jpg
324,45.0,Canon PowerShot S5 IS Compact Digital Camera 12x Optical Zoom Excellent,Canon,Digital Cameras,Used,152.38,USD,"FIXED_PRICE,BEST_OFFER",underpriced(med $339),JP,tetyama15,100.0,2026-08-06T02:15:23.000Z,,https://www.ebay.com/itm/318684721431?hash=item4a3316f117:g:FCcAAeSwcQBqc-73,https://i.ebayimg.com/images/g/FCcAAeSwcQBqc-73/s-l225.jpg
325,45.0,OLYMPUS STYLUS VH-410 Compact Digital Camera,Olympus,Digital Cameras,Used,153.75,USD,FIXED_PRICE,underpriced(med $347),JP,hsense1230,100.0,2026-08-06T05:39:12.000Z,,https://www.ebay.com/itm/206469390499?hash=item301288e0a3:g:u8QAAeSw8vVqdB56,https://i.ebayimg.com/images/g/u8QAAeSw8vVqdB56/s-l225.jpg
326,45.0,"Graflex 10"" (250mm) Tele Optar in shutter on 4""x4"" board",Graflex,Lenses,Used,162.5,USD,"FIXED_PRICE,AUCTION",auction,US,kfritch4ajs,100.0,2026-08-05T21:57:33.000Z,2026-08-12T21:57:33.000Z,https://www.ebay.com/itm/307109632511?hash=item47812919ff:g:1N4AAeSwtv9qTsaN,https://i.ebayimg.com/images/g/1N4AAeSwtv9qTsaN/s-l225.jpg
327,45.0,Nikon Film Camera N2000,Nikon,Vintage Cameras,,180.0,USD,"FIXED_PRICE,AUCTION",auction,US,corsa-67,100.0,2026-08-06T17:45:17.000Z,2026-08-13T17:45:17.000Z,https://www.ebay.com/itm/307111350653?hash=item478143517d:g:rP8AAeSwPTdqdMa6,https://i.ebayimg.com/images/g/rP8AAeSwPTdqdMa6/s-l225.jpg
328,45.0,ALL WORKS [ N MINT ] Chinon Pacific 200 8XL Super 8mm Movie Camera From Japan,Chinon,Vintage Cameras,,339.9,USD,FIXED_PRICE,good-cond,JP,takashiharu,100.0,2026-08-06T17:28:07.000Z,,https://www.ebay.com/itm/117344459330?hash=item1b52465a42:g:2s0AAeSwxVlo2CGI,https://i.ebayimg.com/images/g/2s0AAeSwxVlo2CGI/s-l225.jpg
329,44.0,Tokina 80-200Mm 1:4 Lens RMC Camera (Pentax K),Pentax,Lenses,Used,38.12,USD,"FIXED_PRICE,BEST_OFFER",underpriced(med $150),DE,easybuyshop,99.8,2026-08-05T23:12:17.000Z,,https://www.ebay.com/itm/358889234298?hash=item538f771f7a:g:W0sAAeSwKZFqKDXI,https://i.ebayimg.com/images/g/W0sAAeSwKZFqKDXI/s-l225.jpg
330,44.0,Canon EOS Rebel XT DS126071 Digital Camera Silver Zoom Lens 18-55mm new Battery,Canon,Digital Cameras,Used,45.0,USD,FIXED_PRICE,55mm;underpriced(med $339),US,okndiamondfan,100.0,2026-08-06T04:52:06.000Z,,https://www.ebay.com/itm/188750664489?hash=item2bf26a9329:g:UZkAAeSwVktqXEKi,https://i.ebayimg.com/images/g/UZkAAeSwVktqXEKi/s-l225.jpg
331,44.0,Canon EOS Digital Rebel DS6041 DSLR Camera 18-55mm Lense Battery Charger,Canon,Digital Cameras,Used,50.0,USD,"FIXED_PRICE,BEST_OFFER",55mm;underpriced(med $339),US,paintingsby-55,99.6,2026-08-05T22:27:45.000Z,,https://www.ebay.com/itm/206468647436?hash=item30127d8a0c:g:v2IAAeSweXxqc7iE,https://i.ebayimg.com/images/g/v2IAAeSweXxqc7iE/s-l225.jpg
332,44.0,Canon EOS 300D /Rebel 6.3MP Digital SLR Camera + EF-S 18-15mm F3.5-5.6 zoom Lens,Canon,Digital Cameras,Used,53.87,USD,"FIXED_PRICE,BEST_OFFER",mount:canon ef;underpriced(med $339),GB,stchristopherstrading,99.9,2026-08-06T07:53:52.000Z,,https://www.ebay.com/itm/178379076657?hash=item298838b431:g:rLAAAeSwww5qc0YB,https://i.ebayimg.com/images/g/rLAAAeSwww5qc0YB/s-l225.jpg
333,44.0,"Canon EOS Rebel XT 8.0MP Digital SLR (Silver),18-55mm f/3.5-5.6 Lens",Canon,Digital Cameras,Used,99.99,USD,FIXED_PRICE,55mm;underpriced(med $339),US,olrsllc_23,100.0,2026-08-06T03:53:21.000Z,,https://www.ebay.com/itm/257664670804?hash=item3bfe02dc54:g:3p4AAeSwe4Rqc~lP,https://i.ebayimg.com/images/g/3p4AAeSwe4Rqc~lP/s-l225.jpg
334,44.0,FujiFilm FinePix F 50 fd,Fujifilm,Digital Cameras,Usato,114.37,USD,FIXED_PRICE,mount:canon fd;underpriced(med $291),IT,meba-9544,98.8,2026-08-06T06:26:50.000Z,,https://www.ebay.com/itm/168592670740?hash=item2740e80014:g:ysUAAeSwrOpqPNwd,https://i.ebayimg.com/images/g/ysUAAeSwrOpqPNwd/s-l225.jpg
335,44.0,[ EXC5+ ] Nikon New Nikkor 55mm f/1.2 non Ai Prime MF Lens JAPAN #e16072,Nikon,Lenses,Used,150.99,USD,FIXED_PRICE,mount:nikon f;55mm,JP,z1came-0,99.7,2026-08-06T06:03:31.000Z,,https://www.ebay.com/itm/407123847002?hash=item5eca78e75a:g:HFAAAeSwM6hqCWM6,https://i.ebayimg.com/images/g/HFAAAeSwM6hqCWM6/s-l225.jpg
336,44.0,Fujifilm XF 18-55mm F2.8-4 R LM OIS Zoom Lens #249,Fujifilm,Lenses,Used,505.71,USD,"FIXED_PRICE,AUCTION",mount:fuji x;55mm;auction,US,freshlen_46,100.0,2026-08-06T01:30:00.000Z,2026-08-11T01:30:00.000Z,https://www.ebay.com/itm/298559457894?hash=item458387ca66:g:IvIAAeSwPSxpwrvW,https://i.ebayimg.com/images/g/IvIAAeSwPSxpwrvW/s-l225.jpg
337,44.0,Canon Zoom Lens EF-S 17-55mm F/2.8 IS USM #258,Canon,Lenses,Used,557.71,USD,"FIXED_PRICE,AUCTION",mount:canon ef;55mm;auction,US,freshlen_46,100.0,2026-08-06T01:30:00.000Z,2026-08-11T01:30:00.000Z,https://www.ebay.com/itm/298559457939?hash=item458387ca93:g:iG8AAeSwrzppy~Zd,https://i.ebayimg.com/images/g/iG8AAeSwrzppy~Zd/s-l225.jpg
338,43.0,Tamron 80-210 CF Tele-Macro Compact Zoom Adaptall-2 f/3.8 bbar mc lens k mount,Tamron,Lenses,Used,38.79,USD,"FIXED_PRICE,BEST_OFFER",mount:pentax k;underpriced(med $204),US,smallbatchfarms,99.9,2026-08-06T11:03:07.000Z,,https://www.ebay.com/itm/377398953173?hash=item57debb04d5:g:OR0AAeSw5Vho-nw0,https://i.ebayimg.com/images/g/OR0AAeSw5Vho-nw0/s-l225.jpg
339,43.0,Minolta Maxxum AF Zoom 80-200mm f/4.5-5.6,Minolta,Lenses,Used,60.0,USD,"FIXED_PRICE,AUCTION",auction,US,freshlen_46,100.0,2026-08-05T23:30:00.000Z,2026-08-10T23:30:00.000Z,https://www.ebay.com/itm/298559459023?hash=item458387cecf:g:FpMAAeSw~9Zo2t7f,https://i.ebayimg.com/images/g/FpMAAeSw~9Zo2t7f/s-l225.jpg
340,43.0,Minolta AF Zoom 75-300MM F/4.5-5.6 #305,Minolta,Lenses,Used,63.7,USD,"FIXED_PRICE,AUCTION",auction,US,freshlen_46,100.0,2026-08-06T01:30:00.000Z,2026-08-11T01:30:00.000Z,https://www.ebay.com/itm/298559457887?hash=item458387ca5f:g:6owAAeSwpHRp-hRr,https://i.ebayimg.com/images/g/6owAAeSwpHRp-hRr/s-l225.jpg
341,43.0,Tamron 135mm F4.5 Twin Tele. With Leather Case and Converter.,Tamron,Lenses,Used,66.27,USD,"FIXED_PRICE,BEST_OFFER",underpriced(med $204),US,jenvi90,100.0,2026-08-06T11:06:18.000Z,,https://www.ebay.com/itm/298564117788?hash=item4583cee51c:g:a7UAAeSwFitop6Ba,https://i.ebayimg.com/images/g/a7UAAeSwFitop6Ba/s-l225.jpg
342,43.0,Nikon Nikor 50mm F/1.8 F #170,Nikon,Lenses,Used,102.7,USD,"FIXED_PRICE,AUCTION",auction,US,freshlen_46,100.0,2026-08-06T01:30:00.000Z,2026-08-11T01:30:00.000Z,https://www.ebay.com/itm/298559457971?hash=item458387cab3:g:o-UAAeSwajtpePkT,https://i.ebayimg.com/images/g/o-UAAeSwajtpePkT/s-l225.jpg
343,43.0,[TOP MINT BOX] Rolleiflex Mini Digi AF 5.0 Black Digital Camera F2.8 from JAPAN,Rolleiflex,Digital Cameras,Used,289.99,USD,FIXED_PRICE,good-cond,JP,daihir_56,100.0,2026-08-06T01:05:37.000Z,,https://www.ebay.com/itm/407123453325?hash=item5eca72e58d:g:j1oAAeSw7Ehqc96a,https://i.ebayimg.com/images/g/j1oAAeSw7Ehqc96a/s-l225.jpg
344,43.0,Panasonic LUMIX DMC-fz1000 LEICA Lens From Japan [Near Mint] #e22002,Leica,Digital Cameras,Used,420.0,USD,FIXED_PRICE,good-cond,JP,photolife_x26,100.0,2026-08-06T04:29:34.000Z,,https://www.ebay.com/itm/168592484829?hash=item2740e529dd:g:L60AAeSw~gZqdAsl,https://i.ebayimg.com/images/g/L60AAeSw~gZqdAsl/s-l225.jpg
345,43.0,[Almost MINT] Leica D-LUX 5 10.1MP Compact Digital Camera Black From JAPAN,Leica,Digital Cameras,Used,444.99,USD,FIXED_PRICE,good-cond,JP,mksa-store_tokyo,98.8,2026-08-06T01:29:12.000Z,,https://www.ebay.com/itm/358889680783?hash=item538f7def8f:g:vMkAAeSwjF1qc-Oo,https://i.ebayimg.com/images/g/vMkAAeSwjF1qc-Oo/s-l225.jpg
346,43.0,Leica V-LUX 4 Digital SLR Camera 12.1 MP 4.5-108mm Zoom Lens from JAPAN [MINT],Leica,Digital Cameras,Used,509.99,USD,"FIXED_PRICE,BEST_OFFER",good-cond,JP,dream.camera.tokyo,100.0,2026-08-06T06:04:28.000Z,,https://www.ebay.com/itm/318685398413?hash=item4a3321458d:g:faoAAeSw3y9p4Fc7,https://i.ebayimg.com/images/g/faoAAeSw3y9p4Fc7/s-l225.jpg
347,43.0,[MINT in Box] Leica D-LUX 4 10.1 MP Digital Camera Black w/Case From JAPAN,Leica,Digital Cameras,Used,584.99,USD,FIXED_PRICE,good-cond,JP,mksa-store_tokyo,98.8,2026-08-06T08:35:59.000Z,,https://www.ebay.com/itm/358890803129?hash=item538f8f0fb9:g:a6AAAeSw-DtqdEig,https://i.ebayimg.com/images/g/a6AAAeSw-DtqdEig/s-l225.jpg
348,43.0,NEAR MINT LEICA C Typ 112 Dark Red 18488 12.0MP Digital Camera EVF Wi-Fi JAPAN,Leica,Digital Cameras,Used,599.99,USD,FIXED_PRICE,good-cond,JP,freebyfree,100.0,2026-08-06T04:57:54.000Z,,https://www.ebay.com/itm/407123767434?hash=item5eca77b08a:g:tvsAAeSwmkxqdBUj,https://i.ebayimg.com/images/g/tvsAAeSwmkxqdBUj/s-l225.jpg
349,43.0,[NEAR MINT] Leica X Vario Typ 107 Silver1 6.2MP Compact Digital Camera JAPAN,Leica,Digital Cameras,Used,979.99,USD,"FIXED_PRICE,BEST_OFFER",good-cond,JP,happy-camera-japan,99.9,2026-08-05T22:44:43.000Z,,https://www.ebay.com/itm/336728484719?hash=item4e6694eb6f:g:EQYAAeSwIoZqYhMk,https://i.ebayimg.com/images/g/EQYAAeSwIoZqYhMk/s-l225.jpg
350,43.0,[NEAR MINT W/box] Leica X2 silver 16.2 MP Compact Digital Camera From JAPAN,Leica,Digital Cameras,Used,999.99,USD,FIXED_PRICE,good-cond,JP,takoyaki-camera-japan,100.0,2026-08-06T03:57:41.000Z,,https://www.ebay.com/itm/800468858862?hash=itemba5fa977ee:g:nAUAAeSwKRRp~blZ,https://i.ebayimg.com/images/g/nAUAAeSwKRRp~blZ/s-l225.jpg
351,42.0,[Exc+4] Nikon D60 Digital AF-S DX NIKKOR 18-55mm f/3.5-5.6G VR Lens = From JAPAN,Nikon,Digital Cameras,Used,170.0,USD,"FIXED_PRICE,BEST_OFFER",mount:nikon f;55mm;good-cond,JP,altmart3.0,100.0,2026-08-06T01:58:38.000Z,,https://www.ebay.com/itm/227464133394?hash=item34f5eb3b12:g:K2oAAeSwAY9qctzX,https://i.ebayimg.com/images/g/K2oAAeSwAY9qctzX/s-l225.jpg
352,42.0,[Exc+4] Nikon D60 Digital AF-S DX NIKKOR 18-55mm f/3.5-5.6G VR Lens : From JAPAN,Nikon,Digital Cameras,Used,172.0,USD,FIXED_PRICE,mount:nikon f;55mm;good-cond,JP,e-traize,100.0,2026-08-06T05:21:39.000Z,,https://www.ebay.com/itm/178378703537?hash=item29883302b1:g:hi8AAeSwgvZqdBpA,https://i.ebayimg.com/images/g/hi8AAeSwgvZqdBpA/s-l225.jpg
353,42.0,[Exc+3] PENTAX K-r DSLR SMC Pentax-DAL 18-55mm f/3.5-5.6 Lens : From JAPAN,Pentax,Digital Cameras,Used,235.0,USD,FIXED_PRICE,mount:pentax k;55mm;good-cond,JP,e-traize,100.0,2026-08-06T07:50:51.000Z,,https://www.ebay.com/itm/178379065194?hash=item298838876a:g:lGIAAeSwRydqdDxF,https://i.ebayimg.com/images/g/lGIAAeSwRydqdDxF/s-l225.jpg
354,42.0,Near Mint Canon EOS M2 18.0MP Digital Camera w/ EF-M 18-55mm IS STM Lens,Canon,Digital Cameras,Used,249.99,USD,"FIXED_PRICE,BEST_OFFER",mount:canon ef;55mm;good-cond,JP,suncamera_jp,99.5,2026-08-06T01:33:21.000Z,,https://www.ebay.com/itm/298563117418?hash=item4583bfa16a:g:kp4AAeSw5spqDUYk,https://i.ebayimg.com/images/g/kp4AAeSw5spqDUYk/s-l225.jpg
355,42.0,[Near Mint] CANON EOS M Digital Camera EF-M 18-55mm f/3.5-5.6 IS STM Lens JAPAN,Canon,Digital Cameras,Used,417.0,USD,FIXED_PRICE,mount:canon ef;55mm;good-cond,JP,e-traize,100.0,2026-08-06T07:39:53.000Z,,https://www.ebay.com/itm/178379030324?hash=item298837ff34:g:cs4AAeSwXRFqdDm9,https://i.ebayimg.com/images/g/cs4AAeSwXRFqdDm9/s-l225.jpg
356,42.0,【Mint-】Nikon D5500 Digital Camera AF-S DX NIKKOR 18-55mm 3.5-5.6G VR II Lens,Nikon,Digital Cameras,Used,728.0,USD,"FIXED_PRICE,BEST_OFFER",mount:nikon f;55mm;good-cond,JP,hana_from_japan,100.0,2026-08-06T04:00:37.000Z,,https://www.ebay.com/itm/168592440419?hash=item2740e47c63:g:C6AAAeSwTAVqNIo~,https://i.ebayimg.com/images/g/C6AAAeSwTAVqNIo~/s-l225.jpg
357,42.0,Leica Q3 43 60MP Full Frame Camera 43mm f/2 APO-Summicron Black - Excellent,Leica,Digital Cameras,Used,6495.0,USD,"FIXED_PRICE,BEST_OFFER",grail:Summicron,US,bles8090,100.0,2026-08-05T20:47:58.000Z,,https://www.ebay.com/itm/366588885503?hash=item555a6679ff:g:kggAAeSwAY9qc55a,https://i.ebayimg.com/images/g/kggAAeSwAY9qc55a/s-l225.jpg
358,41.0,Olympus Digital Camera FE-230 7.1MP Silver Tested-Charger Battery 3x Zoom/Clean,Olympus,Digital Cameras,Used,29.99,USD,"FIXED_PRICE,BEST_OFFER",mount:sony e;underpriced(med $347),US,griffsgames,100.0,2026-08-05T21:00:01.000Z,,https://www.ebay.com/itm/267748829927?hash=item3e5712eae7:g:iagAAeSw9ZVqc5Pm,https://i.ebayimg.com/images/g/iagAAeSw9ZVqc5Pm/s-l225.jpg
359,41.0,Nikon COOLPIX 5000 E5000 5MP Digital Camera Zoom Nikkor 7.1-21.4mm Japan,Nikon,Digital Cameras,Used,32.99,USD,FIXED_PRICE,mount:nikon f;underpriced(med $212),US,turtlepower707,99.7,2026-08-06T03:55:56.000Z,,https://www.ebay.com/itm/227464216502?hash=item34f5ec7fb6:g:UmcAAeSwhZ9qdAWU,https://i.ebayimg.com/images/g/UmcAAeSwhZ9qdAWU/s-l225.jpg
360,41.0,Olympus FE-170 Digital Camera 6MP AF 3 x Optical Zoom,Olympus,Digital Cameras,Used,34.95,USD,FIXED_PRICE,mount:sony e;underpriced(med $347),US,swroberts314,99.7,2026-08-06T03:03:21.000Z,,https://www.ebay.com/itm/158159070930?hash=item24d303e6d2:g:bkYAAeSwJM5qc-m8,https://i.ebayimg.com/images/g/bkYAAeSwJM5qc-m8/s-l225.jpg
361,41.0,Canon PowerShot A430 4.0 Megapixel Digital Camera (Silver/Blue),Canon,Digital Cameras,Used,40.0,USD,FIXED_PRICE,underpriced(med $339),US,libertythrifts,99.2,2026-08-05T23:43:36.000Z,,https://www.ebay.com/itm/800467966271?hash=itemba5f9bd93f:g:45AAAeSwRRNqc8qk,https://i.ebayimg.com/images/g/45AAAeSwRRNqc8qk/s-l225.jpg
362,41.0,nikon coolpix s2800 silver,Nikon,Digital Cameras,Used,40.0,USD,FIXED_PRICE,underpriced(med $212),US,greenhornt916best,100.0,2026-08-06T02:52:33.000Z,,https://www.ebay.com/itm/278251751078?hash=item40c918c6a6:g:~tQAAeSw24RqZ4mH,https://i.ebayimg.com/images/g/~tQAAeSw24RqZ4mH/s-l225.jpg
363,41.0,Olympus stylus Tough Digital Camera,Olympus,Digital Cameras,Used,40.45,USD,"FIXED_PRICE,BEST_OFFER",underpriced(med $347),US,thecuppcollective,100.0,2026-08-05T23:28:06.000Z,,https://www.ebay.com/itm/267749007557?hash=item3e5715a0c5:g:j6wAAeSwEM5qc8aG,https://i.ebayimg.com/images/g/j6wAAeSwEM5qc8aG/s-l225.jpg
364,41.0,Canon Ivy CLIQ+ Instant Camera Printer Pearl White,Canon,Digital Cameras,Used,40.5,USD,"FIXED_PRICE,BEST_OFFER",underpriced(med $339),US,stevemcqueen813,100.0,2026-08-06T01:39:02.000Z,,https://www.ebay.com/itm/377398070181?hash=item57dead8ba5:g:YbIAAeSwwrlqc-Vu,https://i.ebayimg.com/images/g/YbIAAeSwwrlqc-Vu/s-l225.jpg
365,41.0,NIKON COOLPIX S30 WATERPROOF DIGITAL CAMERA 3X ZOOM TESTED,Nikon,Digital Cameras,Used,42.99,USD,"FIXED_PRICE,BEST_OFFER",underpriced(med $212),US,arkworkincs,99.2,2026-08-05T21:08:09.000Z,,https://www.ebay.com/itm/278250989282?hash=item40c90d26e2:g:LXIAAeSw9ZVqc6Wj,https://i.ebayimg.com/images/g/LXIAAeSw9ZVqc6Wj/s-l225.jpg
366,41.0,Canon PowerShot A410 3.2 MP Silver Digital Camera 3.2x Zoom Y2K Digicam & Case,Canon,Digital Cameras,Used,43.0,USD,"FIXED_PRICE,BEST_OFFER",underpriced(med $339),US,ddel2007,100.0,2026-08-06T03:56:50.000Z,,https://www.ebay.com/itm/117343409095?hash=item1b523653c7:g:Lx8AAeSwQBhqaCFG,https://i.ebayimg.com/images/g/Lx8AAeSwQBhqaCFG/s-l225.jpg
367,41.0,Fujifilm FinePix S1800 Digital Camera Black 12.2MP 18x Optical Zoom Bundle Box,Fujifilm,Digital Cameras,Used,44.95,USD,FIXED_PRICE,underpriced(med $291),US,life.transitions,99.9,2026-08-05T20:31:08.000Z,,https://www.ebay.com/itm/377397555251?hash=item57dea5b033:g:eGoAAeSwvM9qc52M,https://i.ebayimg.com/images/g/eGoAAeSwvM9qc52M/s-l225.jpg
368,41.0,"Canon PowerShot S50 Digital Camera, Battery, Flash Card",Canon,Digital Cameras,Used,44.99,USD,FIXED_PRICE,underpriced(med $339),US,solarozzy214,100.0,2026-08-05T18:14:20.000Z,,https://www.ebay.com/itm/236987358559?hash=item372d8c1d5f:g:4pcAAeSwT55qc3ez,https://i.ebayimg.com/images/g/4pcAAeSwT55qc3ez/s-l225.jpg
369,41.0,Canon PowerShot A590 IS Digital Camera 8MP 4x Zoom Working W/ Issues READ,Canon,Digital Cameras,Used,44.99,USD,"FIXED_PRICE,BEST_OFFER",underpriced(med $339),US,cdhresale,99.7,2026-08-06T01:06:10.000Z,,https://www.ebay.com/itm/227464089418?hash=item34f5ea8f4a:g:CU0AAeSwi1Jqc90G,https://i.ebayimg.com/images/g/CU0AAeSwi1Jqc90G/s-l225.jpg
370,41.0,Nikon Coolpix L22 Digital Camera- Red,Nikon,Digital Cameras,For parts or not working,45.0,USD,"FIXED_PRICE,BEST_OFFER",underpriced(med $212),US,soptun9,0.0,2026-08-05T23:38:27.000Z,,https://www.ebay.com/itm/147485764138?hash=item2256d62a2a:g:D04AAeSw~oJqc8lF,https://i.ebayimg.com/images/g/D04AAeSw~oJqc8lF/s-l225.jpg
371,41.0,Nikon Coolpix S210 Digital Camera- Blue,Nikon,Digital Cameras,For parts or not working,45.0,USD,"FIXED_PRICE,BEST_OFFER",underpriced(med $212),US,soptun9,0.0,2026-08-05T23:37:19.000Z,,https://www.ebay.com/itm/147485763370?hash=item2256d6272a:g:uV4AAeSwRQxqc8kI,https://i.ebayimg.com/images/g/uV4AAeSwRQxqc8kI/s-l225.jpg
372,41.0,Nikon Coolpix L18 8.0MP Digital Camera 3x optical zoom Blue,Nikon,Digital Cameras,For parts or not working,45.0,USD,"FIXED_PRICE,BEST_OFFER",underpriced(med $212),US,soptun9,0.0,2026-08-05T23:34:21.000Z,,https://www.ebay.com/itm/147485760600?hash=item2256d61c58:g:cdIAAeSwzY5qc8hh,https://i.ebayimg.com/images/g/cdIAAeSwzY5qc8hh/s-l225.jpg
373,41.0,FUJIFILM FinePix HS 10 Compact Digital Bridge Camera,Fujifilm,Digital Cameras,Used,45.0,USD,FIXED_PRICE,underpriced(med $291),US,greenvalley860,100.0,2026-08-05T23:30:16.000Z,,https://www.ebay.com/itm/278251303230?hash=item40c911f13e:g:LMkAAeSwYlFqc72e,https://i.ebayimg.com/images/g/LMkAAeSwYlFqc72e/s-l225.jpg
374,41.0,"FUJIFILM FinePix S5100 Digital Camera UV filter w/ Lowepro Case, Manual, & Cords",Fujifilm,Digital Cameras,Used,46.88,USD,"FIXED_PRICE,BEST_OFFER",underpriced(med $291),US,treasures_to-go,100.0,2026-08-05T18:08:22.000Z,,https://www.ebay.com/itm/117342551098?hash=item1b52293c3a:g:n18AAeSwaJpo~5lo,https://i.ebayimg.com/images/g/n18AAeSwaJpo~5lo/s-l225.jpg
375,41.0,Nikon COOLPIX L12 Digital Camera 7.1MP with Memory Card Silver Tested Working,Nikon,Digital Cameras,Used,49.95,USD,"FIXED_PRICE,BEST_OFFER",underpriced(med $212),US,cmpick87,100.0,2026-08-05T20:35:03.000Z,,https://www.ebay.com/itm/407123042384?hash=item5eca6ca050:g:pToAAeSw8KJqc50I,https://i.ebayimg.com/images/g/pToAAeSw8KJqc50I/s-l225.jpg
376,41.0,"Nikon Coolpix L20, SD card, Tested Works / Read",Nikon,Digital Cameras,Used,49.99,USD,"FIXED_PRICE,BEST_OFFER",underpriced(med $212),US,ez_shop916,99.1,2026-08-05T18:13:47.000Z,,https://www.ebay.com/itm/307109226715?hash=item478122e8db:g:3-gAAeSwpwZqc3Zf,https://i.ebayimg.com/images/g/3-gAAeSwpwZqc3Zf/s-l225.jpg
377,41.0,Nikon COOLPIX 7900 Digital Camera w/ Case & Battery “No Charger” Tested Working,Nikon,Digital Cameras,Used,49.99,USD,FIXED_PRICE,underpriced(med $212),US,716_sports.cards,99.8,2026-08-05T19:07:33.000Z,,https://www.ebay.com/itm/366588737294?hash=item555a64370e:g:JXYAAeSwdbtqc4m-,https://i.ebayimg.com/images/g/JXYAAeSwdbtqc4m-/s-l225.jpg
378,41.0,Nikon Digital Camera E4800 Silver Made In Japan Tested Good Working No Battery,Nikon,Digital Cameras,Used,49.99,USD,"FIXED_PRICE,BEST_OFFER",underpriced(med $212),US,treasureislandusa,99.9,2026-08-05T22:23:41.000Z,,https://www.ebay.com/itm/318683813159?hash=item4a33091527:g:r-sAAeSwP19qc7fk,https://i.ebayimg.com/images/g/r-sAAeSwP19qc7fk/s-l225.jpg
379,41.0,Fujifilm FinePix 6900Z Digital Camera 6x Optical Zoom Super CCD Black W/ Battery,Fujifilm,Digital Cameras,Used,50.0,USD,"FIXED_PRICE,BEST_OFFER",underpriced(med $291),US,potential.electronics,99.9,2026-08-05T22:11:05.000Z,,https://www.ebay.com/itm/158158441252?hash=item24d2fa4b24:g:EUYAAeSw2S9qc7TH,https://i.ebayimg.com/images/g/EUYAAeSw2S9qc7TH/s-l225.jpg
380,41.0,Ricoh RDC-5300 2.3MP Compact Digital Camera Silver Tested,Ricoh,Digital Cameras,Used,50.0,USD,"FIXED_PRICE,BEST_OFFER",underpriced(med $249),US,joshg1432,99.6,2026-08-06T00:10:14.000Z,,https://www.ebay.com/itm/366589197400?hash=item555a6b3c58:g:oR8AAeSwJM5qc9Bc,https://i.ebayimg.com/images/g/oR8AAeSwJM5qc9Bc/s-l225.jpg
381,41.0,"Nikon Coolpix L22 Digital Camera Red, 3.6x Optical Battery Cartridge Wont Close",Nikon,Digital Cameras,Used,50.0,USD,"FIXED_PRICE,BEST_OFFER",underpriced(med $212),US,rareartint_7,100.0,2026-08-06T00:05:08.000Z,,https://www.ebay.com/itm/398254593995?hash=item5cb9d2d7cb:g:DZUAAeSwgvZqc87W,https://i.ebayimg.com/images/g/DZUAAeSwgvZqc87W/s-l225.jpg
382,41.0,"Nikon D40 Digital SLR Camera Body Only W/battery , Charger , Bundle ( Read)",Nikon,Digital Cameras,Used,50.0,USD,"FIXED_PRICE,BEST_OFFER",underpriced(med $212),US,anthony9929,99.6,2026-08-06T03:07:49.000Z,,https://www.ebay.com/itm/800468689442?hash=itemba5fa6e222:g:X34AAeSwWEBqc~R2,https://i.ebayimg.com/images/g/X34AAeSwWEBqc~R2/s-l225.jpg
383,41.0,Fujifilm FinePix jx250 14mp digital camera,Fujifilm,Digital Cameras,Used,50.0,USD,"FIXED_PRICE,BEST_OFFER",underpriced(med $291),US,aaalv55,100.0,2026-08-06T04:39:44.000Z,,https://www.ebay.com/itm/407123746037?hash=item5eca775cf5:g:O4wAAeSwx71qdA9b,https://i.ebayimg.com/images/g/O4wAAeSwx71qdA9b/s-l225.jpg
384,41.0,Nikon COOLPIX L28 20.1MP Digital Camera - Red Tested/Works,Nikon,Digital Cameras,Used,50.0,USD,"FIXED_PRICE,BEST_OFFER",underpriced(med $212),US,stanmask34,99.6,2026-08-06T06:52:59.000Z,,https://www.ebay.com/itm/188751048123?hash=item2bf2706dbb:g:CygAAeSwws5qdC4K,https://i.ebayimg.com/images/g/CygAAeSwws5qdC4K/s-l225.jpg
385,41.0,Canon P owershot S500 Silver Digital Flash Wrist Cord 2004,Canon,Digital Cameras,Used,50.33,USD,"FIXED_PRICE,BEST_OFFER",underpriced(med $339),US,meatballpickers,99.7,2026-08-06T06:02:32.000Z,,https://www.ebay.com/itm/188750856914?hash=item2bf26d82d2:g:1cMAAeSwS-xp-wE~,https://i.ebayimg.com/images/g/1cMAAeSwS-xp-wE~/s-l225.jpg
386,41.0,"Canon PowerShot ELPH SD1000 7.1MP 3x Digital Camera w/ 2 Battery, Charger",Canon,Digital Cameras,For parts or not working,50.96,USD,"FIXED_PRICE,BEST_OFFER",underpriced(med $339),US,mystatic,100.0,2026-08-06T03:43:04.000Z,,https://www.ebay.com/itm/128013196083?hash=item1dce2e5b33:g:vf0AAeSw2r9qJtoH,https://i.ebayimg.com/images/g/vf0AAeSw2r9qJtoH/s-l225.jpg
387,41.0,Nikon COOLPIX P50 8.1MP Digital Camera 3.6x Zoom Tested Working Black,Nikon,Digital Cameras,Used,51.99,USD,"FIXED_PRICE,BEST_OFFER",underpriced(med $212),US,dudeifoundthis,98.7,2026-08-06T08:33:06.000Z,,https://www.ebay.com/itm/307110480544?hash=item4781360aa0:g:CXAAAeSw75ZqdEYq,https://i.ebayimg.com/images/g/CXAAAeSw75ZqdEYq/s-l225.jpg
388,41.0,Fujifilm Digital Camera FinePix J10 8.2MP Black Tested Works,Fujifilm,Digital Cameras,Used,53.99,USD,"FIXED_PRICE,BEST_OFFER",underpriced(med $291),US,jandecameras,99.2,2026-08-05T20:36:00.000Z,,https://www.ebay.com/itm/128012725767?hash=item1dce272e07:g:SZ0AAeSw6JVqc55j,https://i.ebayimg.com/images/g/SZ0AAeSw6JVqc55j/s-l225.jpg
389,41.0,TESTED Pentax Optio 50L 5.0MP Compact Digital Camera - Silver,Pentax,Digital Cameras,Used,54.99,USD,"FIXED_PRICE,BEST_OFFER",underpriced(med $258),US,teknix-solutions,99.8,2026-08-05T19:05:35.000Z,,https://www.ebay.com/itm/407122905820?hash=item5eca6a8adc:g:PdUAAeSwsHRqc4Lc,https://i.ebayimg.com/images/g/PdUAAeSwsHRqc4Lc/s-l225.jpg
390,41.0,Fujifilm FinePix A820 8.3MP Digital Camera. Works Great!,Fujifilm,Digital Cameras,Used,55.0,USD,FIXED_PRICE,underpriced(med $291),US,davtur_69,100.0,2026-08-06T02:12:27.000Z,,https://www.ebay.com/itm/800468519545?hash=itemba5fa44a79:g:UgIAAeSw529qc-1F,https://i.ebayimg.com/images/g/UgIAAeSw529qc-1F/s-l225.jpg
391,41.0,Nikon COOLPIX L5 Digital Camera 7.2MP 5x Optical Zoom Vibration Reduction Silver,Nikon,Digital Cameras,Used,55.0,USD,"FIXED_PRICE,BEST_OFFER",underpriced(med $212),US,supercleanmerch,100.0,2026-08-06T02:42:22.000Z,,https://www.ebay.com/itm/318684812193?hash=item4a331853a1:g:3f0AAeSwdi1qNfzl,https://i.ebayimg.com/images/g/3f0AAeSwdi1qNfzl/s-l225.jpg
392,41.0,"Canon PowerShot A800 2.5"" LCD 10MP 3.3x Optical Zoom Compact Digital Camera",Canon,Digital Cameras,Used,55.0,USD,FIXED_PRICE,underpriced(med $339),US,jojoscollection,99.5,2026-08-06T04:14:20.000Z,,https://www.ebay.com/itm/358890134983?hash=item538f84ddc7:g:-coAAeSwsFZqWVUY,https://i.ebayimg.com/images/g/-coAAeSwsFZqWVUY/s-l225.jpg
393,41.0,Nikon Coolpix E4300 Silver 4.0MP Digital Camera w Box Charger etc TESTED & WORKS,Nikon,Digital Cameras,Used,58.16,USD,"FIXED_PRICE,BEST_OFFER",underpriced(med $212),US,treasures_to-go,100.0,2026-08-05T18:56:22.000Z,,https://www.ebay.com/itm/117342631544?hash=item1b522a7678:g:OJQAAeSwQjhqPTLM,https://i.ebayimg.com/images/g/OJQAAeSwQjhqPTLM/s-l225.jpg
394,41.0,Canon EOS Rebel T1i 15.1 MP DSLR Camera Body- Battery.,Canon,Digital Cameras,Used,59.0,USD,"FIXED_PRICE,BEST_OFFER",underpriced(med $339),US,paintingsby-55,99.6,2026-08-05T22:33:38.000Z,,https://www.ebay.com/itm/206468669250?hash=item30127ddf42:g:Al4AAeSwgCRqc7ni,https://i.ebayimg.com/images/g/Al4AAeSwgCRqc7ni/s-l225.jpg
395,41.0,Fuji Fujifilm DX-10 Compact Digicam Tested & Working! With Charger Accessories,Fujifilm,Digital Cameras,Used,59.0,USD,"FIXED_PRICE,BEST_OFFER",underpriced(med $291),US,rdbaront42,99.7,2026-08-05T22:35:58.000Z,,https://www.ebay.com/itm/188749357595?hash=item2bf256a21b:g:6X4AAeSwGfNqOxAH,https://i.ebayimg.com/images/g/6X4AAeSwGfNqOxAH/s-l225.jpg
396,41.0,"Olympus VG-120 14.0MP Compact Digital Camera SILVER, Tested Works Clean",Olympus,Digital Cameras,Used,59.9,USD,"FIXED_PRICE,BEST_OFFER",underpriced(med $347),US,transcendgoodsla,99.7,2026-08-05T19:50:21.000Z,,https://www.ebay.com/itm/336728227230?hash=item4e6690fd9e:g:~oYAAeSwNwVqc5Py,https://i.ebayimg.com/images/g/~oYAAeSwNwVqc5Py/s-l225.jpg
397,41.0,Canon PowerShot A530 5.0MP Digital Camera Silver Tested + 1GB SD Card & Manuals,Canon,Digital Cameras,Used,59.95,USD,FIXED_PRICE,underpriced(med $339),US,de-pepper,100.0,2026-08-05T22:17:53.000Z,,https://www.ebay.com/itm/206468641894?hash=item30127d7466:g:DOAAAeSwan9qc7Wv,https://i.ebayimg.com/images/g/DOAAAeSwan9qc7Wv/s-l225.jpg
398,41.0,Olympus Digital Camera VG-120 14.0MP Silver Tested Full Working With Battery,Olympus,Digital Cameras,Used,59.99,USD,"FIXED_PRICE,BEST_OFFER",underpriced(med $347),US,transcendgoodsla,99.7,2026-08-05T19:30:22.000Z,,https://www.ebay.com/itm/336728195832?hash=item4e669082f8:g:VewAAeSwo9lqc48w,https://i.ebayimg.com/images/g/VewAAeSwo9lqc48w/s-l225.jpg
399,41.0,Nikon Coolpix S570 Digital Camera 12MP Black Camera (1116563),Nikon,Digital Cameras,Used,59.99,USD,"FIXED_PRICE,BEST_OFFER",underpriced(med $212),US,lincolnpawn,99.7,2026-08-05T20:11:32.000Z,,https://www.ebay.com/itm/257663983837?hash=item3bfdf860dd:g:5jEAAeSwMm1qc5zv,https://i.ebayimg.com/images/g/5jEAAeSwMm1qc5zv/s-l225.jpg
400,41.0,*READ* Canon PowerShot SD500 Digital Camera Powers On E18 Error Box Battery #311,Canon,Digital Cameras,For parts or not working,59.99,USD,"FIXED_PRICE,BEST_OFFER",underpriced(med $339),US,rockerparker,100.0,2026-08-05T21:32:15.000Z,,https://www.ebay.com/itm/336728388807?hash=item4e669374c7:g:EkoAAeSwKzZqc50W,https://i.ebayimg.com/images/g/EkoAAeSwKzZqc50W/s-l225.jpg
401,41.0,Nikon D80 Digital SLR Camera Body Only - Not Tested w/ Strap - C1a,Nikon,Digital Cameras,Used,59.99,USD,"FIXED_PRICE,BEST_OFFER",underpriced(med $212),US,robersald-0,99.1,2026-08-05T21:15:59.000Z,,https://www.ebay.com/itm/358888955370?hash=item538f72ddea:g:ysMAAeSwBFtqc6e8,https://i.ebayimg.com/images/g/ysMAAeSwBFtqc6e8/s-l225.jpg
402,41.0,Canon PowerShot SD600 6.0MP Digital ELPH Compact READ DESCRIPTION,Canon,Digital Cameras,Used,59.99,USD,FIXED_PRICE,underpriced(med $339),US,talsales973,100.0,2026-08-05T22:06:42.000Z,,https://www.ebay.com/itm/137590514580?hash=item200908a394:g:96sAAeSwiBtqc7M4,https://i.ebayimg.com/images/g/96sAAeSwiBtqc7M4/s-l225.jpg
403,41.0,Canon PowerShot S3 IS 6.0 MP Digital Bridge Camera f/2.7-3.5 12x Optical Zoom,Canon,Digital Cameras,Used,59.99,USD,"FIXED_PRICE,BEST_OFFER",underpriced(med $339),US,cnybazaarllc,99.3,2026-08-05T22:04:58.000Z,,https://www.ebay.com/itm/227463920982?hash=item34f5e7fd56:g:1U0AAeSwx7pqcDv-,https://i.ebayimg.com/images/g/1U0AAeSwx7pqcDv-/s-l225.jpg
404,41.0,Canon EOS 300D 6.0MP Digital SLR DSLR Camera W/ Neewer TT560 Speedlite Bundle,Canon,Digital Cameras,Used,59.99,USD,FIXED_PRICE,underpriced(med $339),US,paymore_streamwood,100.0,2026-08-06T02:59:29.000Z,,https://www.ebay.com/itm/178378420577?hash=item29882eb161:g:M0UAAeSwsehqcnLl,https://i.ebayimg.com/images/g/M0UAAeSwsehqcnLl/s-l225.jpg
405,41.0,Nikon Coolpix S630 12MP Digital Camera Black w/7X Zoom *TESTED-NO BATTERY*,Nikon,Digital Cameras,Used,59.99,USD,"FIXED_PRICE,BEST_OFFER",underpriced(med $212),US,nr2b-finds,100.0,2026-08-06T04:19:59.000Z,,https://www.ebay.com/itm/287506521735?hash=item42f0b95e87:g:MRQAAeSwrsFqdAqO,https://i.ebayimg.com/images/g/MRQAAeSwrsFqdAqO/s-l225.jpg
406,41.0,Canon PowerShot A530 5.0MP Digital Camera Tested Working Authentic Read Descript,Canon,Digital Cameras,Used,59.99,USD,FIXED_PRICE,underpriced(med $339),US,idagames,99.8,2026-08-06T04:09:02.000Z,,https://www.ebay.com/itm/168592451327?hash=item2740e4a6ff:g:nRgAAeSwo9lqdAiy,https://i.ebayimg.com/images/g/nRgAAeSwo9lqdAiy/s-l225.jpg
407,41.0,"Canon t3i body only shutter count 5,403. *Read Description*",Canon,Digital Cameras,For parts or not working,60.0,USD,"FIXED_PRICE,BEST_OFFER",underpriced(med $339),US,france-wtv,100.0,2026-08-06T00:13:32.000Z,,https://www.ebay.com/itm/366589208188?hash=item555a6b667c:g:fP0AAeSwUKRqc82s,https://i.ebayimg.com/images/g/fP0AAeSwUKRqc82s/s-l225.jpg
408,41.0,Olympus CAMEDIA C-5500 Zoom 5.1MP Digital Camera,Olympus,Digital Cameras,Used,60.0,USD,FIXED_PRICE,underpriced(med $347),US,loewe_519,100.0,2026-08-06T04:44:30.000Z,,https://www.ebay.com/itm/398255308022?hash=item5cb9ddbcf6:g:U~kAAeSwihxqdBEp,https://i.ebayimg.com/images/g/U~kAAeSwihxqdBEp/s-l225.jpg
409,41.0,Fujifilm FinePix x Series XP70 Digital Camera 16.4MP Tested,Fujifilm,Digital Cameras,Used,60.0,USD,FIXED_PRICE,underpriced(med $291),US,jeremys-little-red-barn,99.8,2026-08-06T05:52:33.000Z,,https://www.ebay.com/itm/398255452467?hash=item5cb9dff133:g:pzkAAeSw2OhqdB90,https://i.ebayimg.com/images/g/pzkAAeSw2OhqdB90/s-l225.jpg
410,41.0,Canon SX400 IS,Canon,Digital Cameras,Used,61.99,USD,FIXED_PRICE,underpriced(med $339),US,paymore_westallis,98.8,2026-08-05T21:14:30.000Z,,https://www.ebay.com/itm/267748912183?hash=item3e57142c37:g:6wYAAeSw1uFqc6ez,https://i.ebayimg.com/images/g/6wYAAeSw1uFqc6ez/s-l225.jpg
411,41.0,Reconditioned - Nikon COOLPIX L26 16.1MP Digital Camera - Silver (Please Read),Nikon,Digital Cameras,Used,64.0,USD,"FIXED_PRICE,BEST_OFFER",underpriced(med $212),US,gzintlinc,100.0,2026-08-05T20:44:07.000Z,,https://www.ebay.com/itm/278250938774?hash=item40c90c6196:g:aFkAAeSwaStqc6AH,https://i.ebayimg.com/images/g/aFkAAeSwaStqc6AH/s-l225.jpg
412,41.0,Olympus Stylus 760 All-Weather Compact Digital Camera 7.1MP 3x Zoom Silver,Olympus,Digital Cameras,Open box,64.0,USD,"FIXED_PRICE,BEST_OFFER",underpriced(med $347),US,franlo-7112,100.0,2026-08-06T02:57:14.000Z,,https://www.ebay.com/itm/287506345522?hash=item42f0b6ae32:g:sUIAAeSwN09qc~cp,https://i.ebayimg.com/images/g/sUIAAeSwN09qc~cp/s-l225.jpg
413,41.0,FUJIFILM FinePix JX665 Digital Camera,Fujifilm,Digital Cameras,Used,64.99,USD,"FIXED_PRICE,BEST_OFFER",underpriced(med $291),US,451dart,99.5,2026-08-05T19:09:15.000Z,,https://www.ebay.com/itm/257663845073?hash=item3bfdf642d1:g:kq4AAeSwnQxqc4mE,https://i.ebayimg.com/images/g/kq4AAeSwnQxqc4mE/s-l225.jpg
414,41.0,Olympus VR-330 14MP 12.5x Super Wide Digital Camera Black Tested Bundle,Olympus,Digital Cameras,Used,64.99,USD,"FIXED_PRICE,BEST_OFFER",underpriced(med $347),US,barphi-40,98.8,2026-08-05T23:25:15.000Z,,https://www.ebay.com/itm/178377948145?hash=item2988277bf1:g:y-kAAeSwVDJqc8Wx,https://i.ebayimg.com/images/g/y-kAAeSwVDJqc8Wx/s-l225.jpg
415,41.0,Vintage Y2K Canon PowerShot A710 IS 7.1MP Digital Camera 6x Zoom Silver TESTED,Canon,Digital Cameras,Used,64.99,USD,"FIXED_PRICE,BEST_OFFER",underpriced(med $339),US,blu-staremporium,100.0,2026-08-06T02:05:25.000Z,,https://www.ebay.com/itm/327297192923?hash=item4c346ed3db:g:Y9IAAeSwUKRqc-sr,https://i.ebayimg.com/images/g/Y9IAAeSwUKRqc-sr/s-l225.jpg
416,41.0,Nikon CoolPix S6 Silver 6MP 3x Optical Zoom Compact Digital Camera w/ Charger,Nikon,Digital Cameras,Used,64.99,USD,FIXED_PRICE,underpriced(med $212),US,jtenterprisellc2022,99.4,2026-08-06T03:07:23.000Z,,https://www.ebay.com/itm/267749160675?hash=item3e5717f6e3:g:BHUAAeSwIoZqc~pI,https://i.ebayimg.com/images/g/BHUAAeSwIoZqc~pI/s-l225.jpg
417,41.0,Fujifilm Finepix Z70 - 12mp - 5x Zoom -Sleek Black + Charger + Battery & Case,Fujifilm,Digital Cameras,Used,64.99,USD,"FIXED_PRICE,BEST_OFFER",underpriced(med $291),US,stuff_y0u_want,100.0,2026-08-06T05:23:17.000Z,,https://www.ebay.com/itm/800469113308?hash=itemba5fad59dc:g:J3IAAeSwzY5qdBfv,https://i.ebayimg.com/images/g/J3IAAeSwzY5qdBfv/s-l225.jpg
418,41.0,Olympus CAMEDIA D-600L 1.4 MP Digital Camera & 8MB SmartMedia Card,Olympus,Digital Cameras,Used,65.0,USD,"FIXED_PRICE,BEST_OFFER",underpriced(med $347),US,gzintlinc,100.0,2026-08-05T19:16:35.000Z,,https://www.ebay.com/itm/358888623275?hash=item538f6dccab:g:fQwAAeSwMndqc4g-,https://i.ebayimg.com/images/g/fQwAAeSwMndqc4g-/s-l225.jpg
419,41.0,Canon PowerShot SX10 IS 10.0MP Super Zoom Bridge Camera,Canon,Digital Cameras,Used,65.0,USD,"FIXED_PRICE,BEST_OFFER",underpriced(med $339),US,fort_worth_auction_resale,99.8,2026-08-05T21:43:42.000Z,,https://www.ebay.com/itm/398254278263?hash=item5cb9ce0677:g:SA4AAeSwtD9qc64n,https://i.ebayimg.com/images/g/SA4AAeSwtD9qc64n/s-l225.jpg
420,41.0,Nikon Coolpix S33 White Waterproof Shockproof 13.2MP Digital Camera Tested Works,Nikon,Digital Cameras,Used,65.0,USD,FIXED_PRICE,underpriced(med $212),US,minglewoods_goods1,99.6,2026-08-05T23:35:16.000Z,,https://www.ebay.com/itm/227464002336?hash=item34f5e93b20:g:bhcAAeSw1bNqc8io,https://i.ebayimg.com/images/g/bhcAAeSw1bNqc8io/s-l225.jpg
421,41.0,Canon PowerShot S300 Digital ELPH 2.1MP 3x Optical Zoom Camera Silver PC1008 Box,Canon,Digital Cameras,Used,65.0,USD,"FIXED_PRICE,BEST_OFFER",underpriced(med $339),US,rawley12,100.0,2026-08-05T23:14:44.000Z,,https://www.ebay.com/itm/137590722726?hash=item20090bd0a6:g:EgQAAeSw3yhqc8Pk,https://i.ebayimg.com/images/g/EgQAAeSw3yhqc8Pk/s-l225.jpg
422,41.0,Fujifilm Finepix XP90 Digital Camera Orange 16.4MP Waterproof 1080p Video tested,Fujifilm,Digital Cameras,Used,65.0,USD,"FIXED_PRICE,BEST_OFFER",underpriced(med $291),US,koivintage0712,100.0,2026-08-06T02:55:03.000Z,,https://www.ebay.com/itm/336728819969?hash=item4e669a0901:g:XzgAAeSwtxVqc~b8,https://i.ebayimg.com/images/g/XzgAAeSwtxVqc~b8/s-l225.jpg
423,41.0,Nikon COOLPIX S33 Waterproof 10m 3X Optical Zoom Digital Camera White w Battery,Nikon,Digital Cameras,Used,65.0,USD,"FIXED_PRICE,BEST_OFFER",underpriced(med $212),US,koivintage0712,100.0,2026-08-06T02:45:38.000Z,,https://www.ebay.com/itm/336728809077?hash=item4e6699de75:g:~rAAAeSwD-lqc~SQ,https://i.ebayimg.com/images/g/~rAAAeSwD-lqc~SQ/s-l225.jpg
424,41.0,Nikon CoolPix L20 10.1MP Deep Red Camera 16GB SD Card & Case TESTED NICE!,Nikon,Digital Cameras,Used,67.49,USD,"FIXED_PRICE,BEST_OFFER",underpriced(med $212),US,hansen68malibu,100.0,2026-08-05T19:12:48.000Z,,https://www.ebay.com/itm/147485424122?hash=item2256d0f9fa:g:Jz4AAeSwf4Jqc4f~,https://i.ebayimg.com/images/g/Jz4AAeSwf4Jqc4f~/s-l225.jpg
425,41.0,Olympus Stylus 780 u Digital Camera 7.1MP Silver 5xOptical Zoom AF Lock Silver,Olympus,Digital Cameras,Used,67.59,USD,"FIXED_PRICE,BEST_OFFER",underpriced(med $347),US,worldwide008,99.4,2026-08-05T20:00:03.000Z,,https://www.ebay.com/itm/407122976570?hash=item5eca6b9f3a:g:z2YAAeSw~xtpWFGl,https://i.ebayimg.com/images/g/z2YAAeSw~xtpWFGl/s-l225.jpg
426,41.0,Canon PowerShot SD790 IS 10MP Digital Elph Digital w/3x Zoom *Works READ*,Canon,Digital Cameras,For parts or not working,69.0,USD,"FIXED_PRICE,BEST_OFFER",underpriced(med $339),US,ekers_71,99.7,2026-08-05T18:23:50.000Z,,https://www.ebay.com/itm/298562208291?hash=item4583b1c223:g:eCQAAeSwINNqRapq,https://i.ebayimg.com/images/g/eCQAAeSwINNqRapq/s-l225.jpg
427,41.0,Olympus Camedia D-450 Zoom Digital Camera 1.3 MP TESTED Batteries Included,Olympus,Digital Cameras,Used,69.0,USD,"FIXED_PRICE,BEST_OFFER",underpriced(med $347),US,no_bananas_co,99.2,2026-08-05T20:15:00.000Z,,https://www.ebay.com/itm/358888310707?hash=item538f6907b3:g:lLYAAeSw9ZVqXwf2,https://i.ebayimg.com/images/g/lLYAAeSw9ZVqXwf2/s-l225.jpg
428,41.0,FUJIFILM FinePix JX665 16.2MP Digital Camera – Blue – Battery - SD card- Works!,Fujifilm,Digital Cameras,Used,69.95,USD,FIXED_PRICE,underpriced(med $291),US,merrill_4,99.9,2026-08-05T22:43:01.000Z,,https://www.ebay.com/itm/158147358368?hash=item24d2512ea0:g:elwAAeSwtxVqZ1Hw,https://i.ebayimg.com/images/g/elwAAeSwtxVqZ1Hw/s-l225.jpg
429,41.0,Nikon COOLPIX L28 Red Compact Digital Camera 20.1MP 5x Zoom WORKS READ,Nikon,Digital Cameras,Used,69.95,USD,"FIXED_PRICE,BEST_OFFER",underpriced(med $212),US,southern-shipper,99.7,2026-08-05T22:10:42.000Z,,https://www.ebay.com/itm/137590529309?hash=item200908dd1d:g:8NAAAeSwimlqc5gz,https://i.ebayimg.com/images/g/8NAAAeSwimlqc5gz/s-l225.jpg
430,41.0,SEE VIDEO! Nikon Digital Camera Coolpix L20 10MP Red SD Card Box Manuals & More!,Nikon,Digital Cameras,Used,69.99,USD,"FIXED_PRICE,BEST_OFFER",underpriced(med $212),US,mistamista,100.0,2026-08-05T18:01:06.000Z,,https://www.ebay.com/itm/278250556146?hash=item40c9068af2:g:3RcAAeSwU9Bp-kJo,https://i.ebayimg.com/images/g/3RcAAeSwU9Bp-kJo/s-l225.jpg
431,41.0,"📸 NIKON COOLPIX 4500 4.0MP DIGITAL CAMERA W/ CHARGER, SD CARD & 2 BATTERIES ✅✅✅",Nikon,Digital Cameras,Used,69.99,USD,FIXED_PRICE,underpriced(med $212),US,bslion017,99.5,2026-08-05T20:07:03.000Z,,https://www.ebay.com/itm/366588817955?hash=item555a657223:g:CJ4AAeSwww5qc5fc,https://i.ebayimg.com/images/g/CJ4AAeSwww5qc5fc/s-l225.jpg
432,41.0,Canon EOS Rebel T3 Camera Body Plus Battery and Charger (No Lenses) (LOOK),Canon,Digital Cameras,Used,69.99,USD,FIXED_PRICE,underpriced(med $339),US,mattrye,100.0,2026-08-05T19:59:38.000Z,,https://www.ebay.com/itm/117342738185?hash=item1b522c1709:g:3PQAAeSwan9qc5XM,https://i.ebayimg.com/images/g/3PQAAeSwan9qc5XM/s-l225.jpg
433,41.0,NIKON COOLPIX S32 WATERPROOF DIGITAL CAMERA 4X ZOOM TESTED COMES WITH BOX,Nikon,Digital Cameras,Used,69.99,USD,"FIXED_PRICE,BEST_OFFER",underpriced(med $212),US,arkworkincs,99.2,2026-08-05T21:12:24.000Z,,https://www.ebay.com/itm/278251018618?hash=item40c90d997a:g:ZqIAAeSw0ttqc6Ze,https://i.ebayimg.com/images/g/ZqIAAeSw0ttqc6Ze/s-l225.jpg
434,41.0,Olympus Stylus 400 4MP Digital Camera 3x Zoom Tested Needs Memory Card,Olympus,Digital Cameras,Used,69.99,USD,"FIXED_PRICE,BEST_OFFER",underpriced(med $347),US,cdhresale,99.7,2026-08-05T22:16:39.000Z,,https://www.ebay.com/itm/227463931112?hash=item34f5e824e8:g:-cwAAeSw4oNqc7Ue,https://i.ebayimg.com/images/g/-cwAAeSw4oNqc7Ue/s-l225.jpg
435,41.0,Nikon COOLPIX S52 Digital Camera Green 9MP 3x Zoom Tested No Charger,Nikon,Digital Cameras,Used,69.99,USD,"FIXED_PRICE,BEST_OFFER",underpriced(med $212),US,cdhresale,99.7,2026-08-05T22:07:04.000Z,,https://www.ebay.com/itm/227463922498?hash=item34f5e80342:g:BlwAAeSwE55qc7Lp,https://i.ebayimg.com/images/g/BlwAAeSwE55qc7Lp/s-l225.jpg
436,41.0,Nikon Coolpix 5200 Digital Camera 5.1MP Silver 3x Optical Zoom Compact Tested,Nikon,Digital Cameras,Used,69.99,USD,"FIXED_PRICE,BEST_OFFER",underpriced(med $212),US,mindfulbuys1,99.7,2026-08-05T23:33:54.000Z,,https://www.ebay.com/itm/198550412944?hash=item2e3a86de90:g:EOIAAeSw1uFqc8hZ,https://i.ebayimg.com/images/g/EOIAAeSw1uFqc8hZ/s-l225.jpg
437,41.0,Nikon Coolpix 990 3.34MP Digital CCD Y2K Camera Tilt Lens Great Condition,Nikon,Digital Cameras,Used,69.99,USD,"FIXED_PRICE,BEST_OFFER",underpriced(med $212),US,cdhresale,99.7,2026-08-06T00:53:39.000Z,,https://www.ebay.com/itm/227464079129?hash=item34f5ea6719:g:pkQAAeSw6Qhqc9pH,https://i.ebayimg.com/images/g/pkQAAeSw6Qhqc9pH/s-l225.jpg
438,41.0,Canon PowerShot A400 3.2MP Digital Camera Vintage Gold/Yellow Tested,Canon,Digital Cameras,Used,69.99,USD,"FIXED_PRICE,BEST_OFFER",underpriced(med $339),US,cdhresale,99.7,2026-08-06T01:21:23.000Z,,https://www.ebay.com/itm/227464102480?hash=item34f5eac250:g:-KYAAeSwapBqc-D~,https://i.ebayimg.com/images/g/-KYAAeSwapBqc-D~/s-l225.jpg
439,41.0,Nikon COOLPIX S3600 16.0 MP Digital Camera - Silver Works Missing Lens Curtain,Nikon,Digital Cameras,Used,69.99,USD,"FIXED_PRICE,BEST_OFFER",underpriced(med $212),US,jbsvintageresale,99.6,2026-08-06T02:16:58.000Z,,https://www.ebay.com/itm/137591215485?hash=item200913557d:g:BKwAAeSwZIZqIxJ5,https://i.ebayimg.com/images/g/BKwAAeSwZIZqIxJ5/s-l225.jpg
440,41.0,Canon Powershot S3 IS 6MP Digital Bridge Camera,Canon,Digital Cameras,Used,69.99,USD,FIXED_PRICE,underpriced(med $339),US,olrsllc_23,100.0,2026-08-06T03:16:11.000Z,,https://www.ebay.com/itm/257664623909?hash=item3bfe022525:g:Tj4AAeSw24Rqc~wa,https://i.ebayimg.com/images/g/Tj4AAeSw24Rqc~wa/s-l225.jpg
441,41.0,Canon PowerShot A560 Silver Digital Camera 7.1 MP 4x Optical Zoom Tested Works,Canon,Digital Cameras,Used,69.99,USD,"FIXED_PRICE,BEST_OFFER",underpriced(med $339),US,nr2b-finds,100.0,2026-08-06T03:07:24.000Z,,https://www.ebay.com/itm/287506360344?hash=item42f0b6e818:g:LyAAAeSwW3hqc~nn,https://i.ebayimg.com/images/g/LyAAAeSwW3hqc~nn/s-l225.jpg
442,41.0,Vintage OLYMPUS STYLUS 720SW 7.1 megapixels shock waterproof digital camera,Olympus,Digital Cameras,Used,70.0,USD,FIXED_PRICE,underpriced(med $347),US,thehoardermonkey,99.5,2026-08-05T20:41:21.000Z,,https://www.ebay.com/itm/327296839355?hash=item4c34696ebb:g:3zwAAeSwflRqc579,https://i.ebayimg.com/images/g/3zwAAeSwflRqc579/s-l225.jpg
443,41.0,NIKON COOLPIX S230 DIGITAL CAMERA W/ BATTERY / SD CARD WORKING VERY NICE,Nikon,Digital Cameras,Used,70.0,USD,FIXED_PRICE,underpriced(med $212),US,emora4292013,99.7,2026-08-05T21:32:50.000Z,,https://www.ebay.com/itm/117342886258?hash=item1b522e5972:g:1YcAAeSwARRqc6u9,https://i.ebayimg.com/images/g/1YcAAeSwARRqc6u9/s-l225.jpg
444,41.0,NIKON Coolpix L29 Digital Camera 16.1 MP 5x Optical Zoom 720p HD Video Recording,Nikon,Digital Cameras,Used,70.0,USD,"FIXED_PRICE,BEST_OFFER",underpriced(med $212),US,sha-5490,98.9,2026-08-05T22:43:16.000Z,,https://www.ebay.com/itm/318683872227?hash=item4a3309fbe3:g:FOIAAeSwW3hqc7xi,https://i.ebayimg.com/images/g/FOIAAeSwW3hqc7xi/s-l225.jpg
445,41.0,Canon PowerShot S5 IS 8.0MP digital camera TESTED great Condition,Canon,Digital Cameras,Used,70.0,USD,FIXED_PRICE,underpriced(med $339),US,valley_bazaar,100.0,2026-08-05T22:36:44.000Z,,https://www.ebay.com/itm/398254404684?hash=item5cb9cff44c:g:QP8AAeSwiBtqc7rv,https://i.ebayimg.com/images/g/QP8AAeSwiBtqc7rv/s-l225.jpg
446,41.0,Canon PowerShot A590 IS 8MP Digital Camera – Tested & Fully Functional – 4x Opti,Canon,Digital Cameras,Used,70.0,USD,"FIXED_PRICE,BEST_OFFER",underpriced(med $339),US,nikafazeli24,0.0,2026-08-05T23:23:11.000Z,,https://www.ebay.com/itm/407123267896?hash=item5eca701138:g:tOAAAeSwnN9qc8Uq,https://i.ebayimg.com/images/g/tOAAAeSwnN9qc8Uq/s-l225.jpg
447,41.0,Olympus VG-140 Silver 14MP LCD 5x Optical Zoom Digital Camera HD,Olympus,Digital Cameras,Used,70.0,USD,"FIXED_PRICE,BEST_OFFER",underpriced(med $347),US,easttexastreasure,99.8,2026-08-06T01:02:47.000Z,,https://www.ebay.com/itm/307109925761?hash=item47812d9381:g:Lt8AAeSwSwhqc9zs,https://i.ebayimg.com/images/g/Lt8AAeSwSwhqc9zs/s-l225.jpg
448,41.0,Fujifilm FinePix JX310 14MP Black Digital Camera - USED,Fujifilm,Digital Cameras,Used,70.0,USD,FIXED_PRICE,underpriced(med $291),US,dbtreasures25,99.8,2026-08-06T02:31:13.000Z,,https://www.ebay.com/itm/188750185760?hash=item2bf2634520:g:Ku4AAeSwo4Nqc~GX,https://i.ebayimg.com/images/g/Ku4AAeSwo4Nqc~GX/s-l225.jpg
449,41.0,Olympus Stylus 7010 12.0 MP Digital Camera w/ Battery & Charger TESTED/WORKS,Olympus,Digital Cameras,Used,70.0,USD,FIXED_PRICE,underpriced(med $347),US,ambiorguerrer-0,99.0,2026-08-06T02:03:01.000Z,,https://www.ebay.com/itm/178378288130?hash=item29882cac02:g:8aAAAeSwgPtqc-j~,https://i.ebayimg.com/images/g/8aAAAeSwgPtqc-j~/s-l225.jpg
450,41.0,Canon PowerShot A460 5.0MP Digital Camera TESTED WORKS Silver,Canon,Digital Cameras,Used,74.98,USD,"FIXED_PRICE,BEST_OFFER",underpriced(med $339),US,whitewolfff,99.1,2026-08-06T03:25:08.000Z,,https://www.ebay.com/itm/267749170084?hash=item3e57181ba4:g:ooYAAeSwrBNqc~4~,https://i.ebayimg.com/images/g/ooYAAeSwrBNqc~4~/s-l225.jpg
451,41.0,Ricoh RDC-5300 Digital Camera 2.3MP 3x Zoom Vintage Tested Good Condition,Ricoh,Digital Cameras,Used,74.99,USD,"FIXED_PRICE,BEST_OFFER",underpriced(med $249),US,cdhresale,99.7,2026-08-06T01:31:00.000Z,,https://www.ebay.com/itm/227464112621?hash=item34f5eae9ed:g:tusAAeSw8vVqc-Lo,https://i.ebayimg.com/images/g/tusAAeSw8vVqc-Lo/s-l225.jpg
452,41.0,Canon PowerShot Digital ELPH SD400 5.0MP Digital Camera Working - No Charger #2,Canon,Digital Cameras,Used,75.0,USD,"FIXED_PRICE,BEST_OFFER",underpriced(med $339),US,samwal31,99.9,2026-08-05T18:39:45.000Z,,https://www.ebay.com/itm/267748773379?hash=item3e57120e03:g:~XYAAeSwRydqc4Os,https://i.ebayimg.com/images/g/~XYAAeSwRydqc4Os/s-l225.jpg
453,41.0,"Olympus Stylus SP-810UZ 14.0MP Digital Camera - with 3 batt, 64G card, charger",Olympus,Digital Cameras,Used,75.0,USD,"FIXED_PRICE,BEST_OFFER",underpriced(med $347),US,gerrystyle,100.0,2026-08-05T21:08:09.000Z,,https://www.ebay.com/itm/117342848758?hash=item1b522dc6f6:g:ct0AAeSw3mlqc6EV,https://i.ebayimg.com/images/g/ct0AAeSw3mlqc6EV/s-l225.jpg
454,41.0,Nikon COOLPIX S33 13.2MP Digital Camera - White,Nikon,Digital Cameras,Used,75.0,USD,"FIXED_PRICE,BEST_OFFER",underpriced(med $212),US,daria25_9,99.1,2026-08-05T22:13:54.000Z,,https://www.ebay.com/itm/358889071007?hash=item538f74a19f:g:nv4AAeSw4VJqc7Vu,https://i.ebayimg.com/images/g/nv4AAeSw4VJqc7Vu/s-l225.jpg
455,41.0,Fujifilm Finepix XP60 Digital Camera Waterproof SD card/ New Battery & Charger,Fujifilm,Digital Cameras,Used,75.0,USD,FIXED_PRICE,underpriced(med $291),US,quickmotion63,99.2,2026-08-05T23:06:43.000Z,,https://www.ebay.com/itm/188749433679?hash=item2bf257cb4f:g:-ZYAAeSwLDFqc8Ds,https://i.ebayimg.com/images/g/-ZYAAeSwLDFqc8Ds/s-l225.jpg
456,41.0,Nikon Coolpix L32 Red 20.1 Megapixel Digital Camera 5x Zoom Open Box Flash In-Op,Nikon,Digital Cameras,Open box,75.0,USD,FIXED_PRICE,underpriced(med $212),US,koacamper2,100.0,2026-08-06T00:55:59.000Z,,https://www.ebay.com/itm/287506178424?hash=item42f0b42178:g:hyUAAeSwUXxqboQH,https://i.ebayimg.com/images/g/hyUAAeSwUXxqboQH/s-l225.jpg
457,41.0,Canon EOS Rebel T1i / 500D 15.1MP DSLR Camera Body w/ Battery Tested Working,Canon,Digital Cameras,Used,75.0,USD,"FIXED_PRICE,BEST_OFFER",underpriced(med $339),US,shopavuex,100.0,2026-08-06T03:06:59.000Z,,https://www.ebay.com/itm/377398216051?hash=item57deafc573:g:~6EAAeSwzM5qaE3F,https://i.ebayimg.com/images/g/~6EAAeSwzM5qaE3F/s-l225.jpg
458,41.0,"Vintage Canon PowerShot A400 3.2 MP Digital Camera, 2.2x Optical Zoom Tested",Canon,Digital Cameras,Used,78.0,USD,"FIXED_PRICE,BEST_OFFER",underpriced(med $339),US,no_bananas_co,99.2,2026-08-06T06:42:00.000Z,,https://www.ebay.com/itm/358888339866?hash=item538f69799a:g:wLQAAeSwl5xqApRi,https://i.ebayimg.com/images/g/wLQAAeSwl5xqApRi/s-l225.jpg
459,41.0,CANON PowerShot Power Shot A95 5.0mp Digital Camera Silver 3x Zoom Lens WORKS!,Canon,Digital Cameras,Used,78.97,USD,"FIXED_PRICE,BEST_OFFER",underpriced(med $339),US,sm7996.njooeht,100.0,2026-08-05T18:29:08.000Z,,https://www.ebay.com/itm/128012598208?hash=item1dce253bc0:g:5V0AAeSwGjJqc4CL,https://i.ebayimg.com/images/g/5V0AAeSwGjJqc4CL/s-l225.jpg
460,41.0,Fujifilm FinePix S9900W Digital Camera 16.2 Megapixels 3-Inch LCD Fully Tested.,Fujifilm,Digital Cameras,Used,79.0,USD,FIXED_PRICE,underpriced(med $291),US,davtur_69,100.0,2026-08-06T01:59:16.000Z,,https://www.ebay.com/itm/800468470679?hash=itemba5fa38b97:g:-1kAAeSwDTBqc-oN,https://i.ebayimg.com/images/g/-1kAAeSwDTBqc-oN/s-l225.jpg
461,41.0,Olympus Digital Camera VR-340 16.0MP White W/ Battery No Charger Tested,Olympus,Digital Cameras,Used,79.99,USD,"FIXED_PRICE,BEST_OFFER",underpriced(med $347),US,mangothriftz,99.2,2026-08-05T20:20:59.000Z,,https://www.ebay.com/itm/168591634723?hash=item2740d83123:g:2x0AAeSwkN9qc5sj,https://i.ebayimg.com/images/g/2x0AAeSwkN9qc5sj/s-l225.jpg
462,41.0,Nikon COOLPIX P500 12.1MP Digital Point And Shoot Camera,Nikon,Digital Cameras,Used,79.99,USD,FIXED_PRICE,underpriced(med $212),US,paymore_point_loma,97.9,2026-08-05T21:06:47.000Z,,https://www.ebay.com/itm/398254194083?hash=item5cb9ccbda3:g:YbEAAeSwKzZqc6Xk,https://i.ebayimg.com/images/g/YbEAAeSwKzZqc6Xk/s-l225.jpg
463,41.0,Nikon Coolpix S550 Brown Digital Camera Battery + CHARGER TESTED,Nikon,Digital Cameras,Used,79.99,USD,"FIXED_PRICE,BEST_OFFER",underpriced(med $212),US,ginac424,99.7,2026-08-05T22:54:33.000Z,,https://www.ebay.com/itm/257664233067?hash=item3bfdfc2e6b:g:MtgAAeSw3jFqc77S,https://i.ebayimg.com/images/g/MtgAAeSw3jFqc77S/s-l225.jpg
464,41.0,Canon PowerShot S70 7.1MP Compact Digital Camera,Canon,Digital Cameras,Used,79.99,USD,FIXED_PRICE,underpriced(med $339),US,paymore_rockville,99.9,2026-08-05T22:43:17.000Z,,https://www.ebay.com/itm/800467807369?hash=itemba5f996c89:g:hYMAAeSwHjNqc7x5,https://i.ebayimg.com/images/g/hYMAAeSwHjNqc7x5/s-l225.jpg
465,41.0,Nikon COOLPIX S220 Compact Digital Camera 10MP 3x Zoom 2.5in LCD IS Black Read!!,Nikon,Digital Cameras,Used,79.99,USD,FIXED_PRICE,underpriced(med $212),US,findnship,99.7,2026-08-06T04:58:29.000Z,,https://www.ebay.com/itm/287506554495?hash=item42f0b9de7f:g:gFQAAeSwf79qdBOk,https://i.ebayimg.com/images/g/gFQAAeSwf79qdBOk/s-l225.jpg
466,41.0,Nikon Coolpix L22 Red Digital Camera 12MP 3.6x Zoom - w/ SD card + Bag - TESTED,Nikon,Digital Cameras,Used,80.0,USD,FIXED_PRICE,underpriced(med $212),US,troubadordan,99.9,2026-08-05T19:28:44.000Z,,https://www.ebay.com/itm/188748726119?hash=item2bf24cff67:g:dZUAAeSwAY9qc45X,https://i.ebayimg.com/images/g/dZUAAeSwAY9qc45X/s-l225.jpg
467,41.0,Canon Eos 10D Camera With,Canon,Digital Cameras,Used,80.0,USD,"FIXED_PRICE,BEST_OFFER",underpriced(med $339),US,saxmania,100.0,2026-08-05T21:27:16.000Z,,https://www.ebay.com/itm/137590429009?hash=item2009075551:g:4OoAAeSwDTBqc6lD,https://i.ebayimg.com/images/g/4OoAAeSwDTBqc6lD/s-l225.jpg
468,41.0,*TESTED*Canon PowerShot A480 10MP Silver Camera 3.3x Zoom excellent condition,Canon,Digital Cameras,Used,80.0,USD,"FIXED_PRICE,BEST_OFFER",underpriced(med $339),US,shizh9825,100.0,2026-08-06T01:26:57.000Z,,https://www.ebay.com/itm/318684363652?hash=item4a33117b84:g:kbwAAeSw2Ohqc-KQ,https://i.ebayimg.com/images/g/kbwAAeSw2Ohqc-KQ/s-l225.jpg
469,41.0,"Nikon COOLPIX S550 10.0MP 2.5"" LCD 5X Zoom Digital Camera Batt Charger",Nikon,Digital Cameras,Used,80.0,USD,"FIXED_PRICE,BEST_OFFER",underpriced(med $212),US,samuel_0567,99.9,2026-08-06T02:55:32.000Z,,https://www.ebay.com/itm/117343346402?hash=item1b52355ee2:g:220AAeSweXxqc~az,https://i.ebayimg.com/images/g/220AAeSweXxqc~az/s-l225.jpg
470,41.0,Canon PowerShot A4000 IS 16MP 8x Optical Zoom IS Compact Camera Blue w/Charger,Canon,Digital Cameras,For parts or not working,80.0,USD,"FIXED_PRICE,BEST_OFFER",underpriced(med $339),US,jadia-8189,0.0,2026-08-06T02:44:08.000Z,,https://www.ebay.com/itm/336728808023?hash=item4e6699da57:g:lIEAAeSwEChqc~TK,https://i.ebayimg.com/images/g/lIEAAeSwEChqc~TK/s-l225.jpg
471,41.0,"Canon Digital Camera Powershot A720 IS 8.0MP WORKS, Case, 16gb SD, Data Cable",Canon,Digital Cameras,Used,80.0,USD,"FIXED_PRICE,BEST_OFFER",underpriced(med $339),US,allformac,99.4,2026-08-06T03:03:27.000Z,,https://www.ebay.com/itm/407123615268?hash=item5eca755e24:g:lHMAAeSwQBhqc~ju,https://i.ebayimg.com/images/g/lHMAAeSwQBhqc~ju/s-l225.jpg
472,41.0,"Nikon COOLPIX S1 Silver Compact Digital Camera 5.1MP 3x Zoom 2.5"" USB Audio",Nikon,Digital Cameras,Used,80.0,USD,"FIXED_PRICE,BEST_OFFER",underpriced(med $212),US,mosaicavintage,100.0,2026-08-06T04:00:41.000Z,,https://www.ebay.com/itm/366589588004?hash=item555a713224:g:j1AAAeSwDB5qdAVm,https://i.ebayimg.com/images/g/j1AAAeSwDB5qdAVm/s-l225.jpg
473,41.0,Canon PowerShot A1000 IS 10.0MP Digital Camera Case/Memory Card Tested Works,Canon,Digital Cameras,Used,81.97,USD,FIXED_PRICE,underpriced(med $339),US,comotiger,99.9,2026-08-05T21:49:41.000Z,,https://www.ebay.com/itm/137590477060?hash=item2009081104:g:ligAAeSwf4Jqc67-,https://i.ebayimg.com/images/g/ligAAeSwf4Jqc67-/s-l225.jpg
474,41.0,Olympus Model SP-510UZ 7.1MP Digital Camera Fully Tested & Working 2GB SD CARD,Olympus,Digital Cameras,Used,84.15,USD,"FIXED_PRICE,BEST_OFFER",underpriced(med $347),US,edge*south,98.3,2026-08-06T03:23:25.000Z,,https://www.ebay.com/itm/287506385800?hash=item42f0b74b88:g:ENAAAeSw1uFqdAHn,https://i.ebayimg.com/images/g/ENAAAeSw1uFqdAHn/s-l225.jpg
475,41.0,Nikon Coolpix S210 8.0MP Digital Camera PLUM Purple Read* - TESTED & WORKS!,Nikon,Digital Cameras,Used,84.64,USD,"FIXED_PRICE,BEST_OFFER",underpriced(med $212),US,treasures_to-go,100.0,2026-08-05T19:19:42.000Z,,https://www.ebay.com/itm/117342672369?hash=item1b522b15f1:g:hGgAAeSw7FlpA3oa,https://i.ebayimg.com/images/g/hGgAAeSw7FlpA3oa/s-l225.jpg
476,41.0,"Nikon Coolpix S33 Blue 13.2MP Digital Camera (w/Vera Bradley Case, 2GB SD, Bat.)",Nikon,Digital Cameras,Used,84.87,USD,"FIXED_PRICE,BEST_OFFER",underpriced(med $212),US,allstars-49,99.9,2026-08-06T00:21:31.000Z,,https://www.ebay.com/itm/336728611299?hash=item4e6696d9e3:g:Bu8AAeSwYexqc9Hy,https://i.ebayimg.com/images/g/Bu8AAeSwYexqc9Hy/s-l225.jpg
477,41.0,Nikon COOLPIX L340 20.2MP Digital Point And Shoot Camera,Nikon,Digital Cameras,Used,84.99,USD,FIXED_PRICE,underpriced(med $212),US,paymore_riverton,99.8,2026-08-05T21:49:03.000Z,,https://www.ebay.com/itm/318683718246?hash=item4a3307a266:g:JVgAAeSw~oJqc6~N,https://i.ebayimg.com/images/g/JVgAAeSw~oJqc6~N/s-l225.jpg
478,41.0,Olympus VG-110 Digital Camera 12MP 4x Zoom Silver Tested Battery Not Included,Olympus,Digital Cameras,Used,84.99,USD,"FIXED_PRICE,BEST_OFFER",underpriced(med $347),US,treasureislandusa,99.9,2026-08-05T21:44:11.000Z,,https://www.ebay.com/itm/318683693074?hash=item4a33074012:g:W9QAAeSwP19qc66g,https://i.ebayimg.com/images/g/W9QAAeSwP19qc66g/s-l225.jpg
479,41.0,Nikon Coolpix L29 Compact Digital Point and Shoot Camera 6.1MP,Nikon,Digital Cameras,Used,85.0,USD,"FIXED_PRICE,BEST_OFFER",underpriced(med $212),US,mibl_5237,100.0,2026-08-05T18:33:50.000Z,,https://www.ebay.com/itm/147485366775?hash=item2256d019f7:g:cr8AAeSwt4Fqc4G3,https://i.ebayimg.com/images/g/cr8AAeSwt4Fqc4G3/s-l225.jpg
480,41.0,Canon PowerShot A530 5.0MP Digital Camera - Silver,Canon,Digital Cameras,Open box,85.0,USD,"FIXED_PRICE,BEST_OFFER",underpriced(med $339),US,jehan10,100.0,2026-08-05T19:22:13.000Z,,https://www.ebay.com/itm/307109335197?hash=item478124909d:g:pFAAAeSwZnFqc4iB,https://i.ebayimg.com/images/g/pFAAAeSwZnFqc4iB/s-l225.jpg
481,41.0,Fujifilm FinePix XP80 16MP Waterproof Shockproof Digital Camera – Blue,Fujifilm,Digital Cameras,Used,85.0,USD,"FIXED_PRICE,BEST_OFFER",underpriced(med $291),US,saidabu37,98.7,2026-08-06T01:17:34.000Z,,https://www.ebay.com/itm/168592168120?hash=item2740e054b8:g:czsAAeSw-ABqc-Ap,https://i.ebayimg.com/images/g/czsAAeSw-ABqc-Ap/s-l225.jpg
482,41.0,Reconditioned - Canon PowerShot G6 7.1MP Digital Camera #0180,Canon,Digital Cameras,Used,85.0,USD,"FIXED_PRICE,BEST_OFFER",underpriced(med $339),US,gzintlinc,100.0,2026-08-06T02:48:48.000Z,,https://www.ebay.com/itm/358889884570?hash=item538f810b9a:g:uQcAAeSwGs1qc~W4,https://i.ebayimg.com/images/g/uQcAAeSwGs1qc~W4/s-l225.jpg
483,41.0,Canon PowerShot A1100 IS 12.1MP Digital Camera 4X Zoom,Canon,Digital Cameras,Used,85.0,USD,"FIXED_PRICE,BEST_OFFER",underpriced(med $339),US,links_of_80,99.6,2026-08-06T06:25:18.000Z,,https://www.ebay.com/itm/407123878519?hash=item5eca796277:g:pFQAAeSwdbtqdCgl,https://i.ebayimg.com/images/g/pFQAAeSwdbtqdCgl/s-l225.jpg
484,41.0,NIKON COOLPIX S550 Digital Camera Battery+Charger+SD Card+Case Working,Nikon,Digital Cameras,Used,88.0,USD,"FIXED_PRICE,BEST_OFFER",underpriced(med $212),US,mortimerwow,99.8,2026-08-05T18:33:18.000Z,,https://www.ebay.com/itm/137589998483?hash=item200900c393:g:hxEAAeSwBhJqPeqo,https://i.ebayimg.com/images/g/hxEAAeSwBhJqPeqo/s-l225.jpg
485,41.0,CANON PowerShot SD400 (2005 model) 5.0mp Digital Camera,Canon,Digital Cameras,Used,89.0,USD,FIXED_PRICE,underpriced(med $339),US,elkinsparkcamera,100.0,2026-08-05T19:12:28.000Z,,https://www.ebay.com/itm/147485423865?hash=item2256d0f8f9:g:RwcAAeSwRydqc4sY,https://i.ebayimg.com/images/g/RwcAAeSwRydqc4sY/s-l225.jpg
486,41.0,Minolta MC TELE ROKKOR-PF 135mm F/2.8 #340,Minolta,Lenses,Used,89.7,USD,"FIXED_PRICE,AUCTION",mount:minolta md;auction,US,freshlen_46,100.0,2026-08-06T01:30:00.000Z,2026-08-11T01:30:00.000Z,https://www.ebay.com/itm/298559457988?hash=item458387cac4:g:5rcAAeSwI3ZqFfWN,https://i.ebayimg.com/images/g/5rcAAeSwI3ZqFfWN/s-l225.jpg
487,41.0,Canon PowerShot S5 IS 8.0MP Digital Camera Flip Screen 12x TESTED Manual AV Cord,Canon,Digital Cameras,Used,89.97,USD,FIXED_PRICE,underpriced(med $339),US,basicallyr_580,99.6,2026-08-05T18:34:30.000Z,,https://www.ebay.com/itm/147485367249?hash=item2256d01bd1:g:B8UAAeSwqNVqc4GE,https://i.ebayimg.com/images/g/B8UAAeSwqNVqc4GE/s-l225.jpg
488,41.0,Pink Nikon COOLPIX S550 10.0MP Digital Compact Camera - Tested & Working,Nikon,Digital Cameras,Used,89.99,USD,FIXED_PRICE,underpriced(med $212),US,bstco,99.7,2026-08-05T18:48:19.000Z,,https://www.ebay.com/itm/158157866677?hash=item24d2f186b5:g:vfMAAeSwYelqc4TK,https://i.ebayimg.com/images/g/vfMAAeSwYelqc4TK/s-l225.jpg
489,41.0,BLACK Nikon Coolpix S630 12MP Digital Camera 7x Optical - Tested & Working,Nikon,Digital Cameras,Used,89.99,USD,FIXED_PRICE,underpriced(med $212),US,bstco,99.7,2026-08-05T19:36:14.000Z,,https://www.ebay.com/itm/158158073637?hash=item24d2f4af25:g:F~oAAeSwdqlqc5Ag,https://i.ebayimg.com/images/g/F~oAAeSwdqlqc5Ag/s-l225.jpg
490,41.0,Fujifilm FinePix F30 Silver Compact Digital Camera 6.3MP 3x Zoom Tested,Fujifilm,Digital Cameras,Used,89.99,USD,"FIXED_PRICE,BEST_OFFER",underpriced(med $291),US,jandecameras,99.2,2026-08-05T19:30:48.000Z,,https://www.ebay.com/itm/128012664995?hash=item1dce2640a3:g:02QAAeSwHjNqc48n,https://i.ebayimg.com/images/g/02QAAeSwHjNqc48n/s-l225.jpg
491,41.0,Canon PowerShot SD890 IS Digital ELPH Camera Tested Works,Canon,Digital Cameras,Used,89.99,USD,FIXED_PRICE,underpriced(med $339),US,libertythrifts,99.2,2026-08-05T20:51:41.000Z,,https://www.ebay.com/itm/800467481751?hash=itemba5f947497:g:WmsAAeSwiBtqc6JY,https://i.ebayimg.com/images/g/WmsAAeSwiBtqc6JY/s-l225.jpg
492,41.0,"Used Canon EOS 30D, 2.7""LCD, 8.2MP DSLR+ Canon 35-80mm lens, VERY GOOD",Canon,Digital Cameras,Used,89.99,USD,FIXED_PRICE,underpriced(med $339),US,andyhid47,100.0,2026-08-05T21:38:05.000Z,,https://www.ebay.com/itm/158158359756?hash=item24d2f90ccc:g:1yoAAeSw5uJqcTKW,https://i.ebayimg.com/images/g/1yoAAeSw5uJqcTKW/s-l225.jpg
493,41.0,Vintage Ricoh RDC-300 Digital Camera,Ricoh,Digital Cameras,Used,89.99,USD,"FIXED_PRICE,BEST_OFFER",underpriced(med $249),US,411krony,99.8,2026-08-05T23:00:52.000Z,,https://www.ebay.com/itm/377397780756?hash=item57dea92114:g:Z7cAAeSw4iBpbnve,https://i.ebayimg.com/images/g/Z7cAAeSw4iBpbnve/s-l225.jpg
494,41.0,NEW Fujifilm Instax Mini 9 Instant Camera Bundle – Pink-Huge Accessory Lot!!!,Fujifilm,Digital Cameras,New,89.99,USD,FIXED_PRICE,underpriced(med $291),US,forsytheandfound,100.0,2026-08-06T00:37:40.000Z,,https://www.ebay.com/itm/298563001827?hash=item4583bddde3:g:uMkAAeSwpx9qc9Uj,https://i.ebayimg.com/images/g/uMkAAeSwpx9qc9Uj/s-l225.jpg
495,41.0,Nikon COOLPIX S220 10.0MP Digital Camera Plum Tested w/ Battery No Charger,Nikon,Digital Cameras,Used,89.99,USD,"FIXED_PRICE,BEST_OFFER",underpriced(med $212),US,newl4802,99.9,2026-08-06T01:47:52.000Z,,https://www.ebay.com/itm/206468998867?hash=item301282e6d3:g:qvAAAeSwzGVqc-cZ,https://i.ebayimg.com/images/g/qvAAAeSwzGVqc-cZ/s-l225.jpg
496,41.0,Nikon COOLPIX P500 12.1MP Digital Camera 36x Zoom + Case Charger 2 Batteries,Nikon,Digital Cameras,Used,89.99,USD,"FIXED_PRICE,BEST_OFFER",underpriced(med $212),US,new7009,100.0,2026-08-06T01:15:47.000Z,,https://www.ebay.com/itm/227464096696?hash=item34f5eaabb8:g:NDkAAeSwPFVqc9-S,https://i.ebayimg.com/images/g/NDkAAeSwPFVqc9-S/s-l225.jpg
497,41.0,Canon PowerShot A560 7.1MP Compact Camera 4x Zoom Silver 2.5in + 2GB,Canon,Digital Cameras,Used,90.0,USD,"FIXED_PRICE,BEST_OFFER",underpriced(med $339),US,dancar_7980,0.0,2026-08-05T18:43:40.000Z,,https://www.ebay.com/itm/318683050518?hash=item4a32fd7216:g:uq8AAeSwS0Bqc4O-,https://i.ebayimg.com/images/g/uq8AAeSwS0Bqc4O-/s-l225.jpg
498,41.0,Canon PowerShort A540 Digital Camera new in box,Canon,Digital Cameras,New,90.0,USD,"FIXED_PRICE,BEST_OFFER",underpriced(med $339),US,pettsa2,100.0,2026-08-05T18:25:48.000Z,,https://www.ebay.com/itm/336728096386?hash=item4e668efe82:g:JQAAAeSwFJVqc4Ab,https://i.ebayimg.com/images/g/JQAAAeSwFJVqc4Ab/s-l225.jpg
499,41.0,Fujifilm FinePix JX500 Black 14.0MP 5x Wide Optical Zoom LCD Digital Camera,Fujifilm,Digital Cameras,Used,90.0,USD,FIXED_PRICE,underpriced(med $291),US,bitbytestore,100.0,2026-08-05T22:39:00.000Z,,https://www.ebay.com/itm/800467799634?hash=itemba5f994e52:g:TmgAAeSw0ZZqc7dB,https://i.ebayimg.com/images/g/TmgAAeSw0ZZqc7dB/s-l225.jpg
500,41.0,PENTAX IQZoom 115SV Compact 35mm Film Camera 3x Optical Zoom Flash Silver,Pentax,Digital Cameras,Used,90.0,USD,"FIXED_PRICE,BEST_OFFER",underpriced(med $258),US,jonnyboi300,0.0,2026-08-05T23:22:58.000Z,,https://www.ebay.com/itm/117343095559?hash=item1b52318b07:g:JSoAAeSw-1dqc8WS,https://i.ebayimg.com/images/g/JSoAAeSw-1dqc8WS/s-l225.jpg
501,41.0,Nikon COOLPIX S210 8.0MP Digital Camera Plum with A/V Cord NEW Battery & Charger,Nikon,Digital Cameras,Used,90.0,USD,FIXED_PRICE,underpriced(med $212),US,tennistoday2,99.9,2026-08-06T00:42:09.000Z,,https://www.ebay.com/itm/128012997662?hash=item1dce2b541e:g:ZTkAAeSwrsFqc9eA,https://i.ebayimg.com/images/g/ZTkAAeSwrsFqc9eA/s-l225.jpg
502,41.0,Nikon Coolpix S560 10MP Digital Point & Shoot Camera Battery SD Card Case Tested,Nikon,Digital Cameras,Used,90.0,USD,FIXED_PRICE,underpriced(med $212),US,kinseycole,99.8,2026-08-06T02:14:30.000Z,,https://www.ebay.com/itm/318684719269?hash=item4a3316e8a5:g:kFUAAeSwkN9qc-s5,https://i.ebayimg.com/images/g/kFUAAeSwkN9qc-s5/s-l225.jpg
503,41.0,Canon PowerShot A470 7.1MP - Digital Camera - Orange - Bundled Tested-,Canon,Digital Cameras,Used,94.0,USD,"FIXED_PRICE,BEST_OFFER",underpriced(med $339),US,ispydeals,100.0,2026-08-05T21:21:50.000Z,,https://www.ebay.com/itm/287505891084?hash=item42f0afbf0c:g:z0YAAeSwQh9qGmfV,https://i.ebayimg.com/images/g/z0YAAeSwQh9qGmfV/s-l225.jpg
504,41.0,Nikon Coolpix S3000 12.0 MP 4x Optical Zoom Plum Compact Digital Camera Charger,Nikon,Digital Cameras,Used,94.0,USD,"FIXED_PRICE,BEST_OFFER",underpriced(med $212),US,ggreat_buys,100.0,2026-08-05T22:08:38.000Z,,https://www.ebay.com/itm/168591818519?hash=item2740daff17:g:tFoAAeSw24Rqc7H4,https://i.ebayimg.com/images/g/tFoAAeSw24Rqc7H4/s-l225.jpg
505,41.0,Canon PowerShot SX100 IS Digital Camera - Black Digicam With Original Box,Canon,Digital Cameras,Open box,94.0,USD,"FIXED_PRICE,BEST_OFFER",underpriced(med $339),US,franmal-984,98.1,2026-08-05T23:02:47.000Z,,https://www.ebay.com/itm/307109733924?hash=item47812aa624:g:QOEAAeSw75Zqc7-F,https://i.ebayimg.com/images/g/QOEAAeSw75Zqc7-F/s-l225.jpg
506,41.0,Canon PowerShot A700 6.0 MP Digital Camera W/ 2GB Memory Card INCLUDED,Canon,Digital Cameras,Used,94.95,USD,FIXED_PRICE,underpriced(med $339),US,ifindforyou87,99.6,2026-08-06T01:28:07.000Z,,https://www.ebay.com/itm/336728711078?hash=item4e66985fa6:g:sxEAAeSwK8xqc-Lg,https://i.ebayimg.com/images/g/sxEAAeSwK8xqc-Lg/s-l225.jpg
507,41.0,Canon EOS Digital Rebel XS 10.1MP Digital SLR Camera With 18-55 Lens,Canon,Digital Cameras,Used,94.99,USD,"FIXED_PRICE,BEST_OFFER",underpriced(med $339),US,itsabeau_81,99.7,2026-08-06T00:51:52.000Z,,https://www.ebay.com/itm/158158796523?hash=item24d2ffb6eb:g:vLIAAeSwGs1qc9ph,https://i.ebayimg.com/images/g/vLIAAeSwGs1qc9ph/s-l225.jpg
508,41.0,Nikon D80 10.2MP Digital SLR Camera Body,Nikon,Digital Cameras,Used,94.99,USD,FIXED_PRICE,underpriced(med $212),US,swingcomputers,99.6,2026-08-06T02:28:42.000Z,,https://www.ebay.com/itm/307110030892?hash=item47812f2e2c:g:cn0AAeSwnxdqc~rT,https://i.ebayimg.com/images/g/cn0AAeSwnxdqc~rT/s-l225.jpg
509,41.0,Canon PowerShot A400 Compact Digital Camera Bundle. Used Condition. Tested/Works,Canon,Digital Cameras,Used,95.0,USD,FIXED_PRICE,underpriced(med $339),US,moms82vette,100.0,2026-08-05T20:24:19.000Z,,https://www.ebay.com/itm/198550140106?hash=item2e3a82b4ca:g:RZIAAeSwB-dqc5sc,https://i.ebayimg.com/images/g/RZIAAeSwB-dqc5sc/s-l225.jpg
510,41.0,Canon PowerShot SX100 IS 8.0MP Digital Camera - Black,Canon,Digital Cameras,Used,95.0,USD,"FIXED_PRICE,BEST_OFFER",underpriced(med $339),US,berksbargains,100.0,2026-08-05T21:19:57.000Z,,https://www.ebay.com/itm/398254227895?hash=item5cb9cd41b7:g:TtgAAeSwPFVqc6fu,https://i.ebayimg.com/images/g/TtgAAeSwPFVqc6fu/s-l225.jpg
511,41.0,Nikon Coolpix S570 Black Digital Camera wExtra Battery & Charger Memory Tested,Nikon,Digital Cameras,Used,95.0,USD,FIXED_PRICE,underpriced(med $212),US,cdizzy,100.0,2026-08-05T23:59:42.000Z,,https://www.ebay.com/itm/257664322111?hash=item3bfdfd8a3f:g:XtkAAeSw6wpqc84S,https://i.ebayimg.com/images/g/XtkAAeSw6wpqc84S/s-l225.jpg
512,41.0,Canon PowerShot A3100 IS 12.1MP Digital Camera - Silver with battery charger,Canon,Digital Cameras,Open box,95.0,USD,"FIXED_PRICE,BEST_OFFER",underpriced(med $339),US,raybbb374728,100.0,2026-08-06T03:00:28.000Z,,https://www.ebay.com/itm/307110068665?hash=item47812fc1b9:g:0bwAAeSw17Bqc~is,https://i.ebayimg.com/images/g/0bwAAeSw17Bqc~is/s-l225.jpg
513,41.0,Canon 2628C003 EOS Rebel T100 DSLR Camera-read,Canon,Digital Cameras,For parts or not working,97.55,USD,"FIXED_PRICE,BEST_OFFER",underpriced(med $339),US,watchparty,99.0,2026-08-05T22:18:00.000Z,,https://www.ebay.com/itm/398254359003?hash=item5cb9cf41db:g:BRcAAeSwvxZpruUd,https://i.ebayimg.com/images/g/BRcAAeSwvxZpruUd/s-l225.jpg
514,41.0,Canon 2628C003 EOS Rebel T100 DSLR Camera-read,Canon,Digital Cameras,For parts or not working,97.55,USD,"FIXED_PRICE,BEST_OFFER",underpriced(med $339),US,findswholesale,98.6,2026-08-06T03:06:33.000Z,,https://www.ebay.com/itm/257664605543?hash=item3bfe01dd67:g:opQAAeSw-~pqa1IV,https://i.ebayimg.com/images/g/opQAAeSw-~pqa1IV/s-l225.jpg
515,41.0,Canon Powershot SD600 Digital Camera User Item,Canon,Digital Cameras,Used,97.71,USD,FIXED_PRICE,underpriced(med $339),US,stuff-you-are-looking-for,100.0,2026-08-05T23:51:05.000Z,,https://www.ebay.com/itm/358889338744?hash=item538f78b778:g:XhwAAeSwP19qc8rW,https://i.ebayimg.com/images/g/XhwAAeSwP19qc8rW/s-l225.jpg
516,41.0,【EXC】 Nikon D70 battery FromJapan #am9494,Nikon,Digital Cameras,Used,98.99,USD,FIXED_PRICE,good-cond,JP,somtom_9,99.2,2026-08-06T05:22:41.000Z,,https://www.ebay.com/itm/188750742681?hash=item2bf26bc499:g:k7AAAeSw9ABqdCzH,https://i.ebayimg.com/images/g/k7AAAeSw9ABqdCzH/s-l225.jpg
517,41.0,FUJIFILM FinePix F750 EXR 16.0MP Compact Digital Camera 20x Zoom No SD + Extras,Fujifilm,Digital Cameras,Used,99.0,USD,"FIXED_PRICE,BEST_OFFER",underpriced(med $291),US,wire1515,100.0,2026-08-05T22:57:12.000Z,,https://www.ebay.com/itm/137590678124?hash=item20090b226c:g:LTgAAeSwzM5qc77W,https://i.ebayimg.com/images/g/LTgAAeSwzM5qc77W/s-l225.jpg
518,41.0,Sigma 28mm F2.8 Mini-Wide II Macro Manual Focus Lens Minolta MD Mount,Minolta,Lenses,Used,99.59,USD,"FIXED_PRICE,AUCTION",mount:minolta md;auction,US,freshlen_46,100.0,2026-08-06T01:30:00.000Z,2026-08-11T01:30:00.000Z,https://www.ebay.com/itm/298559457925?hash=item458387ca85:g:3yIAAOSw-ZFmT6vt,https://i.ebayimg.com/images/g/3yIAAOSw-ZFmT6vt/s-l225.jpg
519,41.0,CANON PowerShot A610 5.0ML Digital Camera Silver - Uses AA Batteries - Tested,Canon,Digital Cameras,Used,99.95,USD,FIXED_PRICE,underpriced(med $339),US,no_nonsense_auctions,100.0,2026-08-05T23:04:24.000Z,,https://www.ebay.com/itm/287506008651?hash=item42f0b18a4b:g:p~EAAeSwEbBqc8Co,https://i.ebayimg.com/images/g/p~EAAeSwEbBqc8Co/s-l225.jpg
520,41.0,CANON POWER SHOT SX120 IS CAMERA,Canon,Digital Cameras,Used,99.99,USD,"FIXED_PRICE,BEST_OFFER",underpriced(med $339),US,trinketsntreasures2011,100.0,2026-08-05T18:01:27.000Z,,https://www.ebay.com/itm/800466871153?hash=itemba5f8b2371:g:nZsAAeSwg9dqQ-Tc,https://i.ebayimg.com/images/g/nZsAAeSwg9dqQ-Tc/s-l225.jpg
521,41.0,Canon Rebel XS EOS Camera Model DS126191 W/ 50mm Lens,Canon,Digital Cameras,Used,99.99,USD,FIXED_PRICE,underpriced(med $339),US,bb132811,99.9,2026-08-05T20:52:30.000Z,,https://www.ebay.com/itm/287505850467?hash=item42f0af2063:g:HoYAAeSwvdxqc6Gn,https://i.ebayimg.com/images/g/HoYAAeSwvdxqc6Gn/s-l225.jpg
522,41.0,Fujifilm FinePix JX650 16MP Digital Camera Black + Charger 2 Memory Cards READ!,Fujifilm,Digital Cameras,Used,99.99,USD,FIXED_PRICE,underpriced(med $291),US,jisaladin-0,99.7,2026-08-05T20:19:03.000Z,,https://www.ebay.com/itm/398254098597?hash=item5cb9cb48a5:g:zTQAAeSw3jFqc5j3,https://i.ebayimg.com/images/g/zTQAAeSw3jFqc5j3/s-l225.jpg
523,41.0,Canon EOS Rebel T1i 15MP DSLR Camera W 35-80mm Lens W SD + Charger,Canon,Digital Cameras,Used,99.99,USD,FIXED_PRICE,underpriced(med $339),US,california545,99.9,2026-08-05T21:28:40.000Z,,https://www.ebay.com/itm/227463893886?hash=item34f5e7937e:g:WOEAAeSwo9lqc6rI,https://i.ebayimg.com/images/g/WOEAAeSwo9lqc6rI/s-l225.jpg
524,41.0,Canon PowerShot A590 IS 8.0 MP Digital Camera Works Well w/Strap & 8GB SD Card,Canon,Digital Cameras,Used,100.0,USD,"FIXED_PRICE,BEST_OFFER",underpriced(med $339),US,sarkettmarkett,100.0,2026-08-05T19:21:17.000Z,,https://www.ebay.com/itm/800467197482?hash=itemba5f901e2a:g:pscAAeSwgvZqc4sN,https://i.ebayimg.com/images/g/pscAAeSwgvZqc4sN/s-l225.jpg
525,41.0,Canon EOS Rebel T2i Digital SLR Body Black 2.7in LCD Flash Hot Shoe,Canon,Digital Cameras,Used,100.0,USD,"FIXED_PRICE,BEST_OFFER",underpriced(med $339),US,whela_2,100.0,2026-08-06T00:57:46.000Z,,https://www.ebay.com/itm/327297104454?hash=item4c346d7a46:g:hdkAAeSwD-Bqc9tr,https://i.ebayimg.com/images/g/hdkAAeSwD-Bqc9tr/s-l225.jpg
526,41.0,"Canon PowerShot ELPH SD900 10.0MP Titanium Digital Camera Gray. Tested, Working.",Canon,Digital Cameras,Used,104.0,USD,FIXED_PRICE,underpriced(med $339),US,ebattles,100.0,2026-08-06T04:40:38.000Z,,https://www.ebay.com/itm/117343457852?hash=item1b5237123c:g:704AAeSwizZqdA~f,https://i.ebayimg.com/images/g/704AAeSwizZqdA~f/s-l225.jpg
527,41.0,CANON DIGITAL CAMERA & ACCESSORIES (P34005746),Canon,Digital Cameras,Used,108.0,USD,"FIXED_PRICE,BEST_OFFER",underpriced(med $339),US,pawn1_34,97.7,2026-08-05T22:22:42.000Z,,https://www.ebay.com/itm/318683812074?hash=item4a330910ea:g:hFMAAeSwgUdqc7ex,https://i.ebayimg.com/images/g/hFMAAeSwgUdqc7ex/s-l225.jpg
528,41.0,"Olympus EVOLT E-410 Digital SLR Camera 10MP with 14-42mm&40-150mm Lens, bag",Olympus,Digital Cameras,Used,109.0,USD,"FIXED_PRICE,BEST_OFFER",underpriced(med $347),US,dirtgoblin951,100.0,2026-08-05T18:30:04.000Z,,https://www.ebay.com/itm/117342593370?hash=item1b5229e15a:g:s0wAAeSwC~Zqc4By,https://i.ebayimg.com/images/g/s0wAAeSwC~Zqc4By/s-l225.jpg
529,41.0,Nikon COOLPIX 8800 8.0MP Digital Camera - Mint,Nikon,Digital Cameras,Used,109.95,USD,"FIXED_PRICE,AUCTION",good-cond;auction,US,lee118,97.1,2026-08-05T21:00:01.000Z,2026-08-12T21:00:01.000Z,https://www.ebay.com/itm/267748091774?hash=item3e5707a77e:g:FWEAAeSwDg9ofWQK,https://i.ebayimg.com/images/g/FWEAAeSwDg9ofWQK/s-l225.jpg
530,41.0,Olympus VR-310 14mp Digital Camera w/ 3 Batteries Charger SD Card & Bag TESTED,Olympus,Digital Cameras,Used,109.95,USD,"FIXED_PRICE,BEST_OFFER",underpriced(med $347),US,zaniac_369,100.0,2026-08-05T23:28:06.000Z,,https://www.ebay.com/itm/366589124064?hash=item555a6a1de0:g:Sl4AAeSwS-xp-VUE,https://i.ebayimg.com/images/g/Sl4AAeSwS-xp-VUE/s-l225.jpg
531,41.0,Canon PowerShot SX410 IS 20.0MP Digital Camera Black w/40x Zoom GOOD W BOX,Canon,Digital Cameras,Used,109.99,USD,FIXED_PRICE,underpriced(med $339),US,california545,99.9,2026-08-05T21:19:17.000Z,,https://www.ebay.com/itm/227463888448?hash=item34f5e77e40:g:NSAAAeSwUXxqc6iJ,https://i.ebayimg.com/images/g/NSAAAeSwUXxqc6iJ/s-l225.jpg
532,41.0,canon dc220 mini Disc Dvd Tested And Works With Charger,Canon,Digital Cameras,Used,110.0,USD,"FIXED_PRICE,BEST_OFFER",underpriced(med $339),US,snowfli-14,97.8,2026-08-05T18:21:19.000Z,,https://www.ebay.com/itm/178377346844?hash=item29881e4f1c:g:I~IAAeSwh~xqc34j,https://i.ebayimg.com/images/g/I~IAAeSwh~xqc34j/s-l225.jpg
533,41.0,Canon PowerShot A495 10.0MP Digital Camera - Red - Y2K Digicam Tested,Canon,Digital Cameras,Used,110.0,USD,"FIXED_PRICE,BEST_OFFER",underpriced(med $339),US,ngu555,100.0,2026-08-05T22:20:03.000Z,,https://www.ebay.com/itm/287505958966?hash=item42f0b0c836:g:WgsAAeSwzDRqc7bY,https://i.ebayimg.com/images/g/WgsAAeSwzDRqc7bY/s-l225.jpg
534,41.0,Canon PowerShot A1200 12.1MP Digital Camera - Silver - Tested,Canon,Digital Cameras,Used,110.0,USD,"FIXED_PRICE,BEST_OFFER",underpriced(med $339),US,ngu555,100.0,2026-08-05T22:17:24.000Z,,https://www.ebay.com/itm/287505956800?hash=item42f0b0bfc0:g:xYYAAeSwi1Jqc7Yu,https://i.ebayimg.com/images/g/xYYAAeSwi1Jqc7Yu/s-l225.jpg
535,41.0,Fujifilm FinePix XP120 16MP Waterproof Digital Camera no charger,Fujifilm,Digital Cameras,Used,110.0,USD,"FIXED_PRICE,BEST_OFFER",underpriced(med $291),US,levi_eli,100.0,2026-08-06T01:30:39.000Z,,https://www.ebay.com/itm/267749095113?hash=item3e5716f6c9:g:L8sAAeSwUr5qc54w,https://i.ebayimg.com/images/g/L8sAAeSwUr5qc54w/s-l225.jpg
536,41.0,Canon PowerShot A495 10.0MP Digital Camera - Silver - Tested,Canon,Digital Cameras,Used,115.0,USD,"FIXED_PRICE,BEST_OFFER",underpriced(med $339),US,ngu555,100.0,2026-08-05T23:49:01.000Z,,https://www.ebay.com/itm/287506065752?hash=item42f0b26958:g:TG4AAeSwygVqc8vU,https://i.ebayimg.com/images/g/TG4AAeSwygVqc8vU/s-l225.jpg
537,41.0,Canon PowerShot A495 10.0MP Digital Camera - Silver - Y2K Digicam Tested,Canon,Digital Cameras,Used,115.0,USD,"FIXED_PRICE,BEST_OFFER",underpriced(med $339),US,ngu555,100.0,2026-08-05T23:46:48.000Z,,https://www.ebay.com/itm/287506063102?hash=item42f0b25efe:g:c7MAAeSw2Jtqc8tD,https://i.ebayimg.com/images/g/c7MAAeSw2Jtqc8tD/s-l225.jpg
538,41.0,Fujifilm FinePix Z70 Blue Digital Camera WORKING and COMPLETE,Fujifilm,Digital Cameras,Open box,120.0,USD,"FIXED_PRICE,BEST_OFFER",underpriced(med $291),US,mikmig_qws9rwtf,100.0,2026-08-05T22:28:14.000Z,,https://www.ebay.com/itm/366589036814?hash=item555a68c90e:g:vzQAAeSw87xqc7hH,https://i.ebayimg.com/images/g/vzQAAeSw87xqc7hH/s-l225.jpg
539,41.0,Canon PowerShot A2600 Compact Digital Camera 16MP 5x Optical Zoom Black,Canon,Digital Cameras,Used,120.0,USD,"FIXED_PRICE,BEST_OFFER",underpriced(med $339),US,jorma876,0.0,2026-08-06T00:02:28.000Z,,https://www.ebay.com/itm/366589171529?hash=item555a6ad749:g:FUcAAeSwK8xqc87Y,https://i.ebayimg.com/images/g/FUcAAeSwK8xqc87Y/s-l225.jpg
540,41.0,Fujifilm FinePix SL1000 16.2MP Digital Camera 50x Optical Zoom Lens Black,Fujifilm,Digital Cameras,Open box,124.98,USD,"FIXED_PRICE,BEST_OFFER",underpriced(med $291),US,cnybazaarllc,99.3,2026-08-05T22:04:58.000Z,,https://www.ebay.com/itm/227463920980?hash=item34f5e7fd54:g:AlMAAeSwsFZqbcTx,https://i.ebayimg.com/images/g/AlMAAeSwsFZqbcTx/s-l225.jpg
541,41.0,Canon PowerShot A2300 16.0 MP Digital Camera f/2.8-6.9 5x Optical Zoom Silver,Canon,Digital Cameras,Used,124.99,USD,"FIXED_PRICE,BEST_OFFER",underpriced(med $339),US,cnybazaarllc,99.3,2026-08-05T22:04:58.000Z,,https://www.ebay.com/itm/227463920974?hash=item34f5e7fd4e:g:gaQAAeSwARRqYyEU,https://i.ebayimg.com/images/g/gaQAAeSwARRqYyEU/s-l225.jpg
542,41.0,Canon PowerShot SD600 Digital ELPH 6.0MP Silver Digital Camera | Tested /Working,Canon,Digital Cameras,Used,125.0,USD,"FIXED_PRICE,BEST_OFFER",underpriced(med $339),US,materbaby,99.6,2026-08-05T21:42:27.000Z,,https://www.ebay.com/itm/287505914330?hash=item42f0b019da:g:4kYAAeSwFJVqc640,https://i.ebayimg.com/images/g/4kYAAeSwFJVqc640/s-l225.jpg
543,41.0,Canon PowerShot SX50 HS 12.1MP Point & Shoot 50x Zoom Black,Canon,Digital Cameras,Used,129.99,USD,FIXED_PRICE,underpriced(med $339),US,valley_enterprise,99.4,2026-08-05T21:25:14.000Z,,https://www.ebay.com/itm/318683635499?hash=item4a33065f2b:g:wsIAAeSwB-dqc6lO,https://i.ebayimg.com/images/g/wsIAAeSwB-dqc6lO/s-l225.jpg
544,41.0,Canon PowerShot Digital Camera ELPH SD750 7.1MP Silver *TESTED & WORKING*,Canon,Digital Cameras,Used,129.99,USD,"FIXED_PRICE,BEST_OFFER",underpriced(med $339),US,ajordanhamilton,98.6,2026-08-06T01:32:48.000Z,,https://www.ebay.com/itm/298563115894?hash=item4583bf9b76:g:nngAAeSwgvZqc-FA,https://i.ebayimg.com/images/g/nngAAeSwgvZqc-FA/s-l225.jpg
545,41.0,Canon EOS 7D 18.0MP Digital SLR DSLR Camera (Body Only) Pre-Owned manual & box.,Canon,Digital Cameras,Used,130.0,USD,FIXED_PRICE,underpriced(med $339),US,mariaji,100.0,2026-08-05T19:36:34.000Z,,https://www.ebay.com/itm/188748758993?hash=item2bf24d7fd1:g:YBgAAeSwJM5qc5C2,https://i.ebayimg.com/images/g/YBgAAeSwJM5qc5C2/s-l225.jpg
546,41.0,OLYMPUS C-5050 CAMEDIA ZOOM DIGITAL CAMERA EXTRAS WIDE & MACRO LENS NICE!!,Olympus,Digital Cameras,Used,130.0,USD,FIXED_PRICE,underpriced(med $347),US,goldandmick,100.0,2026-08-05T19:22:42.000Z,,https://www.ebay.com/itm/158158037357?hash=item24d2f4216d:g:PrMAAeSwLw9qSCUv,https://i.ebayimg.com/images/g/PrMAAeSwLw9qSCUv/s-l225.jpg
547,41.0,Canon PowerShot SX40 HS Digital Camera - Carry Bag - Memory Cards - Car Charger,Canon,Digital Cameras,Used,135.0,USD,"FIXED_PRICE,BEST_OFFER",underpriced(med $339),US,finallyjustwill,100.0,2026-08-05T22:22:04.000Z,,https://www.ebay.com/itm/117342963446?hash=item1b522f86f6:g:nWQAAeSwfwRqc7W6,https://i.ebayimg.com/images/g/nWQAAeSwfwRqc7W6/s-l225.jpg
548,41.0,Canon PowerShot SD1000 Digital ELPH 7.1 MP Camera – OEM Battery And Charger,Canon,Digital Cameras,Used,135.0,USD,"FIXED_PRICE,BEST_OFFER",underpriced(med $339),US,warm-84,99.7,2026-08-06T03:25:17.000Z,,https://www.ebay.com/itm/147486114964?hash=item2256db8494:g:kGIAAeSwan9qc~5k,https://i.ebayimg.com/images/g/kGIAAeSwan9qc~5k/s-l225.jpg
549,41.0,Canon EOS Rebel XTi / 400D - Digital SLR Camera Body w/ Battery Grip & Charger,Canon,Digital Cameras,Used,138.5,USD,"FIXED_PRICE,BEST_OFFER",underpriced(med $339),US,vamp_undertaking,99.5,2026-08-06T06:20:27.000Z,,https://www.ebay.com/itm/168592662927?hash=item2740e7e18f:g:AsYAAeSweUZqEsDW,https://i.ebayimg.com/images/g/AsYAAeSweUZqEsDW/s-l225.jpg
550,41.0,Canon PowerShot A3300 IS 16.0MP Digital Camera Blue w/5x Zoom W 2gb SD & Charger,Canon,Digital Cameras,Used,139.95,USD,FIXED_PRICE,underpriced(med $339),US,lmj_retail_llc,99.9,2026-08-05T23:17:12.000Z,,https://www.ebay.com/itm/800467897650?hash=itemba5f9acd32:g:BMIAAeSwOk1qc8Q2,https://i.ebayimg.com/images/g/BMIAAeSwOk1qc8Q2/s-l225.jpg
551,41.0,Canon EOS Rebel T6 DSLR Camera 18MP Black Excellent Used Condition Body Only,Canon,Digital Cameras,Used,139.99,USD,"FIXED_PRICE,BEST_OFFER",underpriced(med $339),US,cdhresale,99.7,2026-08-05T21:44:15.000Z,,https://www.ebay.com/itm/227463905494?hash=item34f5e7c0d6:g:TD4AAeSwYelqc612,https://i.ebayimg.com/images/g/TD4AAeSwYelqc612/s-l225.jpg
552,41.0,Canon EOS 60D 18MP DSLR w/ Sigma Zoom 28-80mm 3.5-5.6 Macro Lens + Speedliite,Canon,Digital Cameras,Used,140.0,USD,"FIXED_PRICE,BEST_OFFER",underpriced(med $339),US,saxmania,100.0,2026-08-05T21:39:44.000Z,,https://www.ebay.com/itm/137590463104?hash=item200907da80:g:XLkAAeSwTy5qc6uj,https://i.ebayimg.com/images/g/XLkAAeSwTy5qc6uj/s-l225.jpg
553,41.0,"Canon Digital Camera EOS Rebel XT & K2 Lot - Lenses, Chargers, Bag, MORE",Canon,Digital Cameras,Used,145.0,USD,"FIXED_PRICE,BEST_OFFER",underpriced(med $339),US,dlc101684,100.0,2026-08-05T20:12:10.000Z,,https://www.ebay.com/itm/336728266890?hash=item4e6691988a:g:Jc0AAeSwQtRqYmHh,https://i.ebayimg.com/images/g/Jc0AAeSwQtRqYmHh/s-l225.jpg
554,41.0,Canon PowerShot SD790 IS Digital ELPH 10.0MP Silver Camera w/ Charger & Battery,Canon,Digital Cameras,Used,149.0,USD,"FIXED_PRICE,BEST_OFFER",underpriced(med $339),US,materbaby,99.6,2026-08-05T21:27:23.000Z,,https://www.ebay.com/itm/287505897652?hash=item42f0afd8b4:g:vScAAeSwMndqc6pj,https://i.ebayimg.com/images/g/vScAAeSwMndqc6pj/s-l225.jpg
555,41.0,FUJIFILM FinePix JZ250 Pink Digital Camera 16.0MP 8x Zoom Fujinon Exc+++++,Fujifilm,Digital Cameras,Used,149.0,USD,"FIXED_PRICE,BEST_OFFER",good-cond,JP,japan_fun_select,99.6,2026-08-06T06:07:29.000Z,,https://www.ebay.com/itm/137591740176?hash=item20091b5710:g:UhYAAeSw86Vqaf4W,https://i.ebayimg.com/images/g/UhYAAeSw86Vqaf4W/s-l225.jpg
556,41.0,NIKON AF NIKKOR 28-200MM 1:3.5-5.6 D RUBBER FALLING,Nikon,Lenses,Used,149.39,USD,"FIXED_PRICE,AUCTION",mount:nikon f;auction,US,freshlen_46,100.0,2026-08-06T01:30:00.000Z,2026-08-11T01:30:00.000Z,https://www.ebay.com/itm/298559458009?hash=item458387cad9:g:7y0AAOSwYvRmFFTP,https://i.ebayimg.com/images/g/7y0AAOSwYvRmFFTP/s-l225.jpg
557,41.0,Canon Camera Powershot SD1200 IS Digital Elph 10MP Silver w/Battery Case more...,Canon,Digital Cameras,Used,149.95,USD,FIXED_PRICE,underpriced(med $339),US,tennistoday2,99.9,2026-08-06T00:50:22.000Z,,https://www.ebay.com/itm/128013009566?hash=item1dce2b829e:g:0xYAAeSwAQ9qc9jx,https://i.ebayimg.com/images/g/0xYAAeSwAQ9qc9jx/s-l225.jpg
558,41.0,"Canon PowerShot SD750 Digital ELPH 7.1MP Camera w/3 Batteries, Charger & 1GB SD",Canon,Digital Cameras,Used,149.95,USD,"FIXED_PRICE,BEST_OFFER",underpriced(med $339),US,1radlab,100.0,2026-08-06T01:07:08.000Z,,https://www.ebay.com/itm/137591032970?hash=item2009108c8a:g:YzcAAeSwWEBqasWK,https://i.ebayimg.com/images/g/YzcAAeSwWEBqasWK/s-l225.jpg
559,41.0,Canon PowerShot SD750 Digi Cam ELPH 7.1MP Silver Complete Bundle TESTED !,Canon,Digital Cameras,Used,149.99,USD,"FIXED_PRICE,BEST_OFFER",underpriced(med $339),US,sevesvintage,99.9,2026-08-05T20:17:23.000Z,,https://www.ebay.com/itm/318683406990?hash=item4a3302e28e:g:JsMAAeSwtxVqc5ls,https://i.ebayimg.com/images/g/JsMAAeSwtxVqc5ls/s-l225.jpg
560,41.0,Olympus Pen E-PL2 12.3MP Digital Camera,Olympus,Digital Cameras,Used,149.99,USD,FIXED_PRICE,underpriced(med $347),US,paymore_miami_lakes,99.1,2026-08-05T22:07:40.000Z,,https://www.ebay.com/itm/366589008571?hash=item555a685abb:g:KxwAAeSwARVqc7Qq,https://i.ebayimg.com/images/g/KxwAAeSwARVqc7Qq/s-l225.jpg
561,41.0,"Canon PowerShot SX400 IS 16.0MP Digital Camera w/ SD, Battery, Charger Bundle",Canon,Digital Cameras,Used,149.99,USD,FIXED_PRICE,underpriced(med $339),US,dvfgoods,99.7,2026-08-05T22:14:16.000Z,,https://www.ebay.com/itm/178377821631?hash=item2988258dbf:g:AjMAAeSwWTNqJ1j2,https://i.ebayimg.com/images/g/AjMAAeSwWTNqJ1j2/s-l225.jpg
562,41.0,Canon PowerShot A2300 HD 16.0MP Digital Camera - Pink NO Charger,Canon,Digital Cameras,Used,149.99,USD,FIXED_PRICE,underpriced(med $339),US,traderme,98.3,2026-08-06T01:41:22.000Z,,https://www.ebay.com/itm/287506238271?hash=item42f0b50b3f:g:h6EAAeSwsFZqc-XZ,https://i.ebayimg.com/images/g/h6EAAeSwsFZqc-XZ/s-l225.jpg
563,41.0,Canon PowerShot SX210 IS Compact Digital Camera 14.1MP Black 14x Zoom,Canon,Digital Cameras,Used,149.99,USD,"FIXED_PRICE,BEST_OFFER",underpriced(med $339),US,j65sc_50,100.0,2026-08-06T02:49:38.000Z,,https://www.ebay.com/itm/358889889710?hash=item538f811fae:g:hc8AAeSwkB5qc~Y2,https://i.ebayimg.com/images/g/hc8AAeSwkB5qc~Y2/s-l225.jpg
564,41.0,Canon EOS 50D 15.1MP Digital SLR Camera (Body Only) Black,Canon,Digital Cameras,Used,149.99,USD,FIXED_PRICE,underpriced(med $339),US,midwestonlinereseller,99.5,2026-08-06T03:08:44.000Z,,https://www.ebay.com/itm/407123627650?hash=item5eca758e82:g:-ukAAeSwkOBqc~pB,https://i.ebayimg.com/images/g/-ukAAeSwkOBqc~pB/s-l225.jpg
565,41.0,Olympus Zuiko Digital 14-42mm f3.5-5.6 ED,Olympus,Lenses,Used,150.0,USD,"FIXED_PRICE,AUCTION",mount:olympus om;auction,US,freshlen_46,100.0,2026-08-06T01:30:00.000Z,2026-08-11T01:30:00.000Z,https://www.ebay.com/itm/298559457900?hash=item458387ca6c:g:fBEAAeSw2yZoydMR,https://i.ebayimg.com/images/g/fBEAAeSw2yZoydMR/s-l225.jpg
566,41.0,"Canon EOS Rebel T3i 18MP Digital SLR Body Black w/ 2 Batteries, Body Only",Canon,Digital Cameras,Used,150.0,USD,"FIXED_PRICE,BEST_OFFER",underpriced(med $339),US,whela_2,100.0,2026-08-05T21:23:13.000Z,,https://www.ebay.com/itm/327296881935?hash=item4c346a150f:g:L~cAAeSwUKRqc6kq,https://i.ebayimg.com/images/g/L~cAAeSwUKRqc6kq/s-l225.jpg
567,41.0,Canon EOS Rebel T7 24.1 MP DSLR Camera - Black (Body Only) No Battery,Canon,Digital Cameras,Used,150.0,USD,"FIXED_PRICE,BEST_OFFER",underpriced(med $339),US,movingmatter152,98.9,2026-08-06T00:07:13.000Z,,https://www.ebay.com/itm/188749634510?hash=item2bf25adbce:g:5rMAAeSwzcxqJg9B,https://i.ebayimg.com/images/g/5rMAAeSwzcxqJg9B/s-l225.jpg
568,41.0,USED - Canon EOS Rebel T5i DSLR Camera Body Only W/ FREE SHIPPING,Canon,Digital Cameras,Used,151.99,USD,"FIXED_PRICE,BEST_OFFER",underpriced(med $339),US,potential.electronics,99.9,2026-08-05T22:22:10.000Z,,https://www.ebay.com/itm/168591845216?hash=item2740db6760:g:f4QAAeSwgUdqc7cI,https://i.ebayimg.com/images/g/f4QAAeSwgUdqc7cI/s-l225.jpg
569,41.0,【EXC】 FUJIFILM FinePix S1 Pro FromJapan #am9518,Fujifilm,Digital Cameras,Used,152.94,USD,FIXED_PRICE,good-cond,JP,somtom_9,99.2,2026-08-06T05:23:32.000Z,,https://www.ebay.com/itm/188750744238?hash=item2bf26bcaae:g:TAwAAeSwdJpqdC2h,https://i.ebayimg.com/images/g/TAwAAeSwdJpqdC2h/s-l225.jpg
570,41.0,Minolta XG-A 35mm Film Camera with Lens and Flash TESTED/WORKS (O),Minolta,Film Cameras,Used,155.51,USD,"FIXED_PRICE,BEST_OFFER",,US,ermck_24,99.7,2026-08-06T17:29:43.000Z,,https://www.ebay.com/itm/377399697603?hash=item57dec660c3:g:KZ0AAeSwmmlqAOcI,https://i.ebayimg.com/images/g/KZ0AAeSwmmlqAOcI/s-l225.jpg
571,41.0,[Near MINT] RICOH WG-30 Vermillion Red 1.6MP Waterproof w/ 512MB SD Card JAPAN,Ricoh,Digital Cameras,Used,159.99,USD,FIXED_PRICE,good-cond,JP,hirokam37,100.0,2026-08-06T07:08:38.000Z,,https://www.ebay.com/itm/377398564706?hash=item57deb51762:g:4IYAAeSw8EFqdDOv,https://i.ebayimg.com/images/g/4IYAAeSw8EFqdDOv/s-l225.jpg
572,41.0,[Near Mint] PENTAX Q10 Silver English Menu w/ 5-15mm Lens From JAPAN,Pentax,Digital Cameras,Used,160.0,USD,"FIXED_PRICE,BEST_OFFER",good-cond,JP,rodia-aiko-japan,100.0,2026-08-05T23:21:53.000Z,,https://www.ebay.com/itm/398254484252?hash=item5cb9d12b1c:g:eegAAeSw4oNqZEaP,https://i.ebayimg.com/images/g/eegAAeSw4oNqZEaP/s-l225.jpg
573,41.0,🎦 Olympus OM-System H.Zuiko Auto-W 24mm F/2.8 MF Prime Lens #115240 JP,Olympus,Lenses,Used,165.0,USD,FIXED_PRICE,mount:olympus om,JP,masami-2252,100.0,2026-08-06T07:00:01.000Z,,https://www.ebay.com/itm/198546904279?hash=item2e3a5154d7:g:S10AAeSwt1ZqQMGC,https://i.ebayimg.com/images/g/S10AAeSwt1ZqQMGC/s-l225.jpg
574,41.0,Nikon AF NIkkor 28-200mm F/3.5-5.6g #381,Nikon,Lenses,Used,167.7,USD,"FIXED_PRICE,AUCTION",mount:nikon f;auction,US,freshlen_46,100.0,2026-08-05T23:30:00.000Z,2026-08-10T23:30:00.000Z,https://www.ebay.com/itm/298559459016?hash=item458387cec8:g:mcQAAeSwjwJqQGge,https://i.ebayimg.com/images/g/mcQAAeSwjwJqQGge/s-l225.jpg
575,41.0,NIKON AF NIKKOR 24-120mm F/3.5-5.6D #379,Nikon,Lenses,Used,167.7,USD,"FIXED_PRICE,AUCTION",mount:nikon f;auction,US,freshlen_46,100.0,2026-08-06T01:30:00.000Z,2026-08-11T01:30:00.000Z,https://www.ebay.com/itm/298559457922?hash=item458387ca82:g:PfMAAeSwnn9qQGh9,https://i.ebayimg.com/images/g/PfMAAeSwnn9qQGh9/s-l225.jpg
576,41.0,[Exc+4] FUJIFILM FinePix F300EXR 12MP 15x Zoom Digital Camera Black = From JAPAN,Fujifilm,Digital Cameras,Used,168.0,USD,"FIXED_PRICE,BEST_OFFER",good-cond,JP,altmart3.0,100.0,2026-08-06T02:05:37.000Z,,https://www.ebay.com/itm/227464138013?hash=item34f5eb4d1d:g:C7sAAeSwAzZqc-uW,https://i.ebayimg.com/images/g/C7sAAeSwAzZqc-uW/s-l225.jpg
577,41.0,Canon IXY 200 PowerShot ELPH 185 Red Digital Camera 20MP 8x Zoom Exc+++,Canon,Digital Cameras,Used,182.0,USD,"FIXED_PRICE,BEST_OFFER",good-cond,JP,japan_fun_select,99.6,2026-08-06T05:47:32.000Z,,https://www.ebay.com/itm/137591707427?hash=item20091ad723:g:5VIAAeSwapBqXsFb,https://i.ebayimg.com/images/g/5VIAAeSwapBqXsFb/s-l225.jpg
578,41.0,Excellent Condition Leica Lens Equipped Panasonic LUMIX DMC FX77 Pink,Leica,Digital Cameras,Used,182.62,USD,FIXED_PRICE,,JP,zet_on,100.0,2026-08-05T22:56:33.000Z,,https://www.ebay.com/itm/407123217199?hash=item5eca6f4b2f:g:fXEAAeSw6Xlqc8BV,https://i.ebayimg.com/images/g/fXEAAeSw6Xlqc8BV/s-l225.jpg
579,41.0,Tokina AT-X AF Aspherical 24-200mm F/3.5-5.6 for NIkon F,Nikon,Lenses,Used,190.0,USD,"FIXED_PRICE,AUCTION",mount:nikon f;auction,US,freshlen_46,100.0,2026-08-06T01:30:00.000Z,2026-08-11T01:30:00.000Z,https://www.ebay.com/itm/298559458031?hash=item458387caef:g:T1EAAeSwjPloI4j5,https://i.ebayimg.com/images/g/T1EAAeSwjPloI4j5/s-l225.jpg
580,41.0,Nikon AF-S NIKKOR ED 24-85mm F/3.4-4.5G VR AUTOFOCUS DOES NOT WORK#257,Nikon,Lenses,Used,193.7,USD,"FIXED_PRICE,AUCTION",mount:nikon f;auction,US,freshlen_46,100.0,2026-08-05T23:30:00.000Z,2026-08-10T23:30:00.000Z,https://www.ebay.com/itm/298559459028?hash=item458387ced4:g:XLUAAeSwJdRpy~YS,https://i.ebayimg.com/images/g/XLUAAeSwJdRpy~YS/s-l225.jpg
581,41.0,S/C6789 Canon EOS 60D 18.0 MP Digital SLR Camera Near Mint From JAPAN,Canon,Digital Cameras,Used,199.99,USD,FIXED_PRICE,good-cond,JP,japan-finecameraselect,100.0,2026-08-06T03:46:55.000Z,,https://www.ebay.com/itm/287506474123?hash=item42f0b8a48b:g:HqMAAeSwt4FqdAOl,https://i.ebayimg.com/images/g/HqMAAeSwt4FqdAOl/s-l225.jpg
582,41.0,"Canon EOS 60D Black Digital SLR Camera 18.0 MP Body DIGIC 4 ISO 100-6,400 Exc++",Canon,Digital Cameras,Used,200.0,USD,"FIXED_PRICE,BEST_OFFER",good-cond,JP,japan_fun_select,99.6,2026-08-06T05:37:07.000Z,,https://www.ebay.com/itm/137591693183?hash=item20091a9f7f:g:P0EAAeSwxUxqagFC,https://i.ebayimg.com/images/g/P0EAAeSwxUxqagFC/s-l225.jpg
583,41.0,1day ship works fine EXC+++++ Canon IXY 200 Red Digital Camera IXUS 185 f/Japan,Canon,Digital Cameras,Used,210.0,USD,"FIXED_PRICE,BEST_OFFER",good-cond,JP,andgcamerashop,99.0,2026-08-06T07:48:36.000Z,,https://www.ebay.com/itm/398255699633?hash=item5cb9e3b6b1:g:yeUAAeSwxUxqdDwu,https://i.ebayimg.com/images/g/yeUAAeSwxUxqdDwu/s-l225.jpg
584,41.0,NEAR MINT Canon IXY 510 IS silver 12.1MP Digital Camera From JAPAN,Canon,Digital Cameras,Used,214.99,USD,FIXED_PRICE,good-cond,JP,freebyfree,100.0,2026-08-06T05:43:39.000Z,,https://www.ebay.com/itm/407123824309?hash=item5eca788eb5:g:91oAAeSwnahpr3Ir,https://i.ebayimg.com/images/g/91oAAeSwnahpr3Ir/s-l225.jpg
585,41.0,[MINT] Canon IXY 430F IXUS 245HS Compact Digital Camera 16.1MP 5.0x From JAPAN,Canon,Digital Cameras,Used,219.0,USD,FIXED_PRICE,good-cond,JP,musubiworks,100.0,2026-08-06T08:53:15.000Z,,https://www.ebay.com/itm/307110509099?hash=item4781367a2b:g:jk4AAeSwRQxqdEw3,https://i.ebayimg.com/images/g/jk4AAeSwRQxqdEw3/s-l225.jpg
586,41.0,Nikon NIkkor 28mm F/2.8 #388,Nikon,Lenses,Used,219.7,USD,"FIXED_PRICE,AUCTION",mount:nikon f;auction,US,freshlen_46,100.0,2026-08-06T01:30:00.000Z,2026-08-11T01:30:00.000Z,https://www.ebay.com/itm/298559458051?hash=item458387cb03:g:mA0AAeSwFH9qTCf5,https://i.ebayimg.com/images/g/mA0AAeSwFH9qTCf5/s-l225.jpg
587,41.0,Nikon NIKKOR 45cm F/2.8 Nippon Kogaku Japan Gn auto #295,Nikon,Lenses,Used,227.5,USD,"FIXED_PRICE,AUCTION",mount:nikon f;auction,US,freshlen_46,100.0,2026-08-06T01:30:00.000Z,2026-08-11T01:30:00.000Z,https://www.ebay.com/itm/298559457865?hash=item458387ca49:g:IzwAAeSwEPFp8OIR,https://i.ebayimg.com/images/g/IzwAAeSwEPFp8OIR/s-l225.jpg
588,41.0,Nikon Nikkor-S.C F/1.4 50mm,Nikon,Lenses,Used,240.0,USD,"FIXED_PRICE,AUCTION",mount:nikon f;auction,US,freshlen_46,100.0,2026-08-06T01:30:00.000Z,2026-08-11T01:30:00.000Z,https://www.ebay.com/itm/298559458004?hash=item458387cad4:g:X-0AAeSwiclpE4cJ,https://i.ebayimg.com/images/g/X-0AAeSwiclpE4cJ/s-l225.jpg
589,41.0,Nikon AF NIKKOR 24-85mm f/2.8-4D IF Lens,Nikon,Lenses,Used,250.0,USD,"FIXED_PRICE,AUCTION",mount:nikon f;auction,US,freshlen_46,100.0,2026-08-06T01:30:00.000Z,2026-08-11T01:30:00.000Z,https://www.ebay.com/itm/298559458027?hash=item458387caeb:g:~3oAAeSwt15pARE9,https://i.ebayimg.com/images/g/~3oAAeSwt15pARE9/s-l225.jpg
590,41.0,Nikon AF NIKKOR 24MM F/2.8 #191,Nikon,Lenses,Used,258.7,USD,"FIXED_PRICE,AUCTION",mount:nikon f;auction,US,freshlen_46,100.0,2026-08-06T01:30:00.000Z,2026-08-11T01:30:00.000Z,https://www.ebay.com/itm/298559457945?hash=item458387ca99:g:qAIAAeSwZ0VpilQd,https://i.ebayimg.com/images/g/qAIAAeSwZ0VpilQd/s-l225.jpg
591,41.0,Nikon Nikkor-N 28mm f/2,Nikon,Lenses,Used,260.0,USD,"FIXED_PRICE,AUCTION",mount:nikon f;auction,US,freshlen_46,100.0,2026-08-05T23:30:00.000Z,2026-08-10T23:30:00.000Z,https://www.ebay.com/itm/298559459063?hash=item458387cef7:g:S2MAAeSwBeFpClAn,https://i.ebayimg.com/images/g/S2MAAeSwBeFpClAn/s-l225.jpg
592,41.0,Nikon Af Nikkor 24mm F/2.8,Nikon,Lenses,Used,260.0,USD,"FIXED_PRICE,AUCTION",mount:nikon f;auction,US,freshlen_46,100.0,2026-08-06T01:30:00.000Z,2026-08-11T01:30:00.000Z,https://www.ebay.com/itm/298559457867?hash=item458387ca4b:g:byEAAeSwoA9pE4jr,https://i.ebayimg.com/images/g/byEAAeSwoA9pE4jr/s-l225.jpg
593,41.0,Nikon Nikkor-S 50mm f/1.4 nippon kogaku,Nikon,Lenses,Used,260.0,USD,"FIXED_PRICE,AUCTION",mount:nikon f;auction,US,freshlen_46,100.0,2026-08-06T01:30:00.000Z,2026-08-11T01:30:00.000Z,https://www.ebay.com/itm/298559457961?hash=item458387caa9:g:kGEAAeSw9QBpCk8M,https://i.ebayimg.com/images/g/kGEAAeSw9QBpCk8M/s-l225.jpg
594,41.0,Nikon AF-S Nikkor 70-300mm f/4.5-5.6g ED VR IF #335,Nikon,Lenses,Used,310.7,USD,"FIXED_PRICE,AUCTION",mount:nikon f;auction,US,freshlen_46,100.0,2026-08-06T01:30:00.000Z,2026-08-11T01:30:00.000Z,https://www.ebay.com/itm/298559457981?hash=item458387cabd:g:nVsAAeSwl5xqFfdu,https://i.ebayimg.com/images/g/nVsAAeSwl5xqFfdu/s-l225.jpg
595,41.0,Nikon Nikkor AF 80-200 mm F/2.8D ED Zoom Lens,Nikon,Lenses,Used,360.0,USD,"FIXED_PRICE,AUCTION",mount:nikon f;auction,US,freshlen_46,100.0,2026-08-06T01:30:00.000Z,2026-08-11T01:30:00.000Z,https://www.ebay.com/itm/298559458013?hash=item458387cadd:g:FNUAAeSwXwZn0cWf,https://i.ebayimg.com/images/g/FNUAAeSwXwZn0cWf/s-l225.jpg
596,41.0,Canon EF 24-70mm f/2.8L USM Lens (PARTS/REPAIR) Please Read First Generation,Canon,Lenses,For parts or not working,399.99,USD,"FIXED_PRICE,AUCTION",mount:canon ef;auction,US,flexercising912,98.1,2026-08-05T22:10:45.000Z,2026-08-12T22:10:45.000Z,https://www.ebay.com/itm/278251132580?hash=item40c90f56a4:g:JtEAAeSwsvBqPdrH,https://i.ebayimg.com/images/g/JtEAAeSwsvBqPdrH/s-l225.jpg
597,41.0,Nikon AF-S NIkkor 24-120mm F/4 G ED N VR #314,Nikon,Lenses,Used,401.7,USD,"FIXED_PRICE,AUCTION",mount:nikon f;auction,US,freshlen_46,100.0,2026-08-06T01:30:00.000Z,2026-08-11T01:30:00.000Z,https://www.ebay.com/itm/298559457923?hash=item458387ca83:g:OrYAAeSwAU9qA1r1,https://i.ebayimg.com/images/g/OrYAAeSwAU9qA1r1/s-l225.jpg
598,41.0,Nikon NIKKOR Z 50mm F/1.8 S (Nikon Z mount) #211,Nikon,Lenses,Good - Refurbished,476.0,USD,FIXED_PRICE,mount:nikon f,JP,mapcamera,100.0,2026-08-06T08:14:08.000Z,,https://www.ebay.com/itm/327297527263?hash=item4c3473eddf:g:Wm4AAeSw23FqSE-V,https://i.ebayimg.com/images/g/Wm4AAeSw23FqSE-V/s-l225.jpg
599,41.0,Canon FD 20mm F2.8,Canon,Lenses,Used,609.99,USD,FIXED_PRICE,mount:canon fd,JP,info_tanikawa,98.3,2026-08-05T18:07:05.000Z,,https://www.ebay.com/itm/227463710381?hash=item34f5e4c6ad:g:d6IAAeSwSGtqTCXF,https://i.ebayimg.com/images/g/d6IAAeSwSGtqTCXF/s-l225.jpg
600,41.0,Canon EF 24-105mm F/4 L IS II USM #234,Canon,Lenses,Used,908.7,USD,"FIXED_PRICE,AUCTION",mount:canon ef;auction,US,freshlen_46,100.0,2026-08-05T23:30:00.000Z,2026-08-10T23:30:00.000Z,https://www.ebay.com/itm/298559459051?hash=item458387ceeb:g:E8UAAeSwqihpuYwL,https://i.ebayimg.com/images/g/E8UAAeSwqihpuYwL/s-l225.jpg
601,41.0,Sigma Cine 18mm-35mm T2 Lens For Canon EF Mount — Excellent Condition,Canon,Lenses,Used,1299.0,USD,"FIXED_PRICE,AUCTION",mount:canon ef;auction,US,filmeq312,100.0,2026-08-05T21:49:18.000Z,2026-08-12T21:49:18.000Z,https://www.ebay.com/itm/267748937318?hash=item3e57148e66:g:qJkAAeSwnT1qTsTV,https://i.ebayimg.com/images/g/qJkAAeSwnT1qTsTV/s-l225.jpg
602,41.0,Nikon AF Nikkor 35-70mm f/2.8 D Lens,Nikon,Lenses,Used,1754.95,USD,"FIXED_PRICE,AUCTION",mount:nikon f;auction,US,peace_matters,98.8,2026-08-06T11:20:33.000Z,2026-08-16T11:20:33.000Z,https://www.ebay.com/itm/188751891799?hash=item2bf27d4d57:g:Q2oAAeSwyeRqSYCF,https://i.ebayimg.com/images/g/Q2oAAeSwyeRqSYCF/s-l225.jpg
603,41.0,Sony FE 400-800mm f/6.3-8 G OSS SEL400800G [Exc+++] #A,Sony,Lenses,Used,2041.06,USD,FIXED_PRICE,mount:sony e;good-cond,JP,lucky-camera-jp,99.9,2026-08-06T10:59:52.000Z,,https://www.ebay.com/itm/298564101831?hash=item4583cea6c7:g:4RoAAeSwXfxqUf9u,https://i.ebayimg.com/images/g/4RoAAeSwXfxqUf9u/s-l225.jpg
604,40.0,Nikon Coolpix S220 10MP Digital Camera 3x Nikkor Zoom Red & Tripod - MINT COND,Nikon,Digital Cameras,Used,107.73,USD,FIXED_PRICE,mount:nikon f;good-cond,GB,bzrkvintage,100.0,2026-08-05T22:17:05.000Z,,https://www.ebay.com/itm/336728441200?hash=item4e66944170:g:6hkAAeSwxLNqc7Xl,https://i.ebayimg.com/images/g/6hkAAeSwxLNqc7Xl/s-l225.jpg
605,40.0,Canon EF-S 55-250mm f/4-5.6 IS II Lens in Box with HAZE-1 Filter – Mint,Canon,Lenses,Used,115.0,USD,FIXED_PRICE,mount:canon ef;good-cond;neg,US,thatonlinethriftshop,100.0,2026-08-06T02:43:37.000Z,,https://www.ebay.com/itm/287506311987?hash=item42f0b62b33:g:BiMAAeSwcE5p8W4E,https://i.ebayimg.com/images/g/BiMAAeSwcE5p8W4E/s-l225.jpg
606,40.0,Olympus Stylus Epic Zoom 80 MJU II 35mm Film Point & Shoot Camera UNTESTED AS IS,Olympus,Film Cameras,For parts or not working,120.0,USD,FIXED_PRICE,grail:Stylus Epic;neg,US,gameselectronicsrus,99.9,2026-08-06T17:49:09.000Z,,https://www.ebay.com/itm/178380315813?hash=item29884b9ca5:g:VL0AAeSwr9dp~JBE,https://i.ebayimg.com/images/g/VL0AAeSwr9dp~JBE/s-l225.jpg
607,40.0,Canon EOS 60D DSLR Camera EF-S 18-55mm Lens Tested Working Japan,Canon,Digital Cameras,Used,217.0,USD,"FIXED_PRICE,BEST_OFFER",mount:canon ef;55mm,JP,rikolife,99.5,2026-08-05T22:40:24.000Z,,https://www.ebay.com/itm/158158495464?hash=item24d2fb1ee8:g:AHEAAeSw6Z5qc7vS,https://i.ebayimg.com/images/g/AHEAAeSw6Z5qc7vS/s-l225.jpg
608,40.0,Canon FD 55mm 1.2 S.S.C. SSC Aspherical Lens Full frame K35 Formula,Canon,Lenses,Used,1250.0,USD,"FIXED_PRICE,BEST_OFFER",mount:canon fd;55mm,US,makinaw69,100.0,2026-08-06T11:17:39.000Z,,https://www.ebay.com/itm/298564153405?hash=item4583cf703d:g:TeEAAeSwGDloikTt,https://i.ebayimg.com/images/g/TeEAAeSwGDloikTt/s-l225.jpg
609,39.0,Canon IXY G Compact Camera Film Camera #0001,Canon,Digital Cameras,Used,37.0,USD,FIXED_PRICE,underpriced(med $339),JP,step-f,98.7,2026-08-06T06:06:48.000Z,,https://www.ebay.com/itm/358890412643?hash=item538f891a63:g:SwIAAeSw7T5qF-iU,https://i.ebayimg.com/images/g/SwIAAeSw7T5qF-iU/s-l225.jpg
610,39.0,🔥 Promaster 400mm f/6.3 Telephoto Lens – Minolta Mount – Old-School Zoom Power!,Minolta,Lenses,Used,50.0,USD,"FIXED_PRICE,BEST_OFFER",,US,woody_creek_resellers,99.5,2026-08-05T20:50:11.000Z,,https://www.ebay.com/itm/336728326280?hash=item4e66928088:g:FVwAAOSw9glnxTSd,https://i.ebayimg.com/images/g/FVwAAOSw9glnxTSd/s-l225.jpg
611,39.0,Tamron SP AF LD Aspherical LD (IF) 28-105mm F/2.8 1.28 82 Lens + Shade For Nikon,Nikon,Lenses,Used,119.95,USD,FIXED_PRICE,,US,thecavalierflipper2005,99.8,2026-08-06T06:22:15.000Z,,https://www.ebay.com/itm/147486349462?hash=item2256df1896:g:vioAAeSwzUhqSjyd,https://i.ebayimg.com/images/g/vioAAeSwzUhqSjyd/s-l225.jpg
612,39.0,SLR Magic 50mm F1.1 Cine Lens for Sony E Mount,Sony,Lenses,Used,260.0,USD,"FIXED_PRICE,AUCTION",mount:sony e;auction,US,bigtextech,100.0,2026-08-06T05:21:18.000Z,2026-08-13T05:21:18.000Z,https://www.ebay.com/itm/178378703183?hash=item298833014f:g:7EsAAeSwqg1pp4ZE,https://i.ebayimg.com/images/g/7EsAAeSwqg1pp4ZE/s-l225.jpg
613,39.0,"""Near MINT-"" Olympus OM-D E-M1 16.3MP Black Mirrorless Digital w/ Charger",Olympus,Digital Cameras,Used,299.9,USD,FIXED_PRICE,mount:olympus om;good-cond,JP,eastbound_camera,100.0,2026-08-06T06:22:40.000Z,,https://www.ebay.com/itm/158159510965?hash=item24d30a9db5:g:4FEAAeSwzGVqdCZu,https://i.ebayimg.com/images/g/4FEAAeSwzGVqdCZu/s-l225.jpg
614,39.0,[Near MINT+++] Olympus OM-D E-M1 16.3MP Digital Black Body 14605shots From JAPAN,Olympus,Digital Cameras,Used,349.99,USD,FIXED_PRICE,mount:olympus om;good-cond,JP,michic_2270,100.0,2026-08-06T02:14:15.000Z,,https://www.ebay.com/itm/366589454301?hash=item555a6f27dd:g:6WkAAeSwv99qc-51,https://i.ebayimg.com/images/g/6WkAAeSwv99qc-51/s-l225.jpg
615,39.0,Olympus OM-D E-M5 II 16.1MP Digital Camera Black 1248 Shots [Top Mint] #Z6685A,Olympus,Digital Cameras,Used,393.0,USD,FIXED_PRICE,mount:olympus om;good-cond,JP,ado.japan130,99.5,2026-08-06T02:48:01.000Z,,https://www.ebay.com/itm/336728811194?hash=item4e6699e6ba:g:PGwAAeSwlDZqc~Xb,https://i.ebayimg.com/images/g/PGwAAeSwlDZqc~Xb/s-l225.jpg
616,39.0,[MINT] Olympus OM-D E-M1 16.3MP Digital Black Body From JAPAN,Olympus,Digital Cameras,Used,399.99,USD,FIXED_PRICE,mount:olympus om;good-cond,JP,michic_2270,100.0,2026-08-06T02:13:15.000Z,,https://www.ebay.com/itm/366589453412?hash=item555a6f2464:g:D1wAAeSwOzFqc-6p,https://i.ebayimg.com/images/g/D1wAAeSwOzFqc-6p/s-l225.jpg
617,39.0,Leica D-Lux 3 10MP Compact Digital Camera [EXC-],Leica,Digital Cameras,Used,431.95,USD,FIXED_PRICE,good-cond,US,victorycamera,99.6,2026-08-05T22:38:08.000Z,,https://www.ebay.com/itm/236987823366?hash=item372d933506:g:nS4AAeSwmA5qc7tH,https://i.ebayimg.com/images/g/nS4AAeSwmA5qc7tH/s-l225.jpg
618,39.0,Canon EOS M100 White Mirrorless Digital Camera Body EF-M 24.2MP APS-C Exc,Canon,Digital Cameras,Used,439.0,USD,"FIXED_PRICE,BEST_OFFER",mount:canon ef;good-cond,JP,japan_fun_select,99.6,2026-08-06T05:41:23.000Z,,https://www.ebay.com/itm/137591698239?hash=item20091ab33f:g:iWEAAeSwLbRqHTUI,https://i.ebayimg.com/images/g/iWEAAeSwLbRqHTUI/s-l225.jpg
619,39.0,Exc+5 Olympus OM-D E-M1 Mark II 20.3MP Digital Camera Body Black Shutter 43187,Olympus,Digital Cameras,Used,449.99,USD,"FIXED_PRICE,BEST_OFFER",mount:olympus om;good-cond,JP,suncamera_jp,99.5,2026-08-06T01:34:44.000Z,,https://www.ebay.com/itm/298563119383?hash=item4583bfa917:g:4MEAAeSwV0tqQgLg,https://i.ebayimg.com/images/g/4MEAAeSwV0tqQgLg/s-l225.jpg
620,39.0,Canon EOS M100 Mirrorless Camera EF-M 15-45mm IS STM Kit [NEAR MINT] From Japan,Canon,Digital Cameras,Used,449.99,USD,FIXED_PRICE,mount:canon ef;good-cond,JP,japa-ninja,99.9,2026-08-06T02:58:51.000Z,,https://www.ebay.com/itm/318684885030?hash=item4a33197026:g:jjsAAeSwsIxqc~GV,https://i.ebayimg.com/images/g/jjsAAeSwsIxqc~GV/s-l225.jpg
621,39.0,OLYMPUS OM-D E-M10 MarkIII 16.0MP Body SILVER -Mint- 6274,Olympus,Digital Cameras,Used,453.05,USD,FIXED_PRICE,mount:olympus om;good-cond,JP,kitamura_camera,100.0,2026-08-06T03:32:32.000Z,,https://www.ebay.com/itm/358890044336?hash=item538f837bb0:g:9lAAAeSwh~xqdAdn,https://i.ebayimg.com/images/g/9lAAAeSwh~xqdAdn/s-l225.jpg
622,39.0,Canon EOS Kiss M Mirrorless 24MP Digital EF-M 15-45mm IS STM Lens [Exc+5],Canon,Digital Cameras,Used,529.99,USD,FIXED_PRICE,mount:canon ef;good-cond,JP,miraisecamera,99.8,2026-08-06T05:42:45.000Z,,https://www.ebay.com/itm/398255423642?hash=item5cb9df809a:g:kS8AAeSwYJFqdB4P,https://i.ebayimg.com/images/g/kS8AAeSwYJFqdB4P/s-l225.jpg
623,39.0,[Near Mint s/c 14375 ] OLYMPUS OM-D E-M1 Mark II Digital Camera w/Box #200A,Olympus,Digital Cameras,Used,532.0,USD,FIXED_PRICE,mount:olympus om;good-cond,JP,felega70,100.0,2026-08-06T04:54:26.000Z,,https://www.ebay.com/itm/366589645212?hash=item555a72119c:g:RfkAAeSw7dlqdBKf,https://i.ebayimg.com/images/g/RfkAAeSw7dlqdBKf/s-l225.jpg
624,39.0,Panasonic Lumix DMC FZ300 *Exc+ *Low Shutter 12.1MP 4K Leica Lens Bridge Camera,Leica,Digital Cameras,Used,550.0,USD,"FIXED_PRICE,BEST_OFFER",good-cond,US,effgeezy,100.0,2026-08-05T21:17:49.000Z,,https://www.ebay.com/itm/366588945547?hash=item555a67648b:g:GL4AAeSwIoZqc6eO,https://i.ebayimg.com/images/g/GL4AAeSwIoZqc6eO/s-l225.jpg
625,39.0,[MINT] Canon EOS M100 White 24.2MP EF-M15-45 IS STM Lens Kit w/ 1TB SD Card JP,Canon,Digital Cameras,Used,574.99,USD,FIXED_PRICE,mount:canon ef;good-cond,JP,hirokam37,100.0,2026-08-06T07:05:17.000Z,,https://www.ebay.com/itm/377398559494?hash=item57deb50306:g:6N4AAeSwUXxqdDMS,https://i.ebayimg.com/images/g/6N4AAeSwUXxqdDMS/s-l225.jpg
626,39.0,[Top Mint] Olympus OM-D E-M1 Mark III Camera Body (Shutter Count:11925) #8705b4,Olympus,Digital Cameras,Used,734.99,USD,FIXED_PRICE,mount:olympus om;good-cond,JP,blueoce-0,100.0,2026-08-05T19:04:38.000Z,,https://www.ebay.com/itm/128012630614?hash=item1dce25ba56:g:D9AAAeSwXRFqc4Wp,https://i.ebayimg.com/images/g/D9AAAeSwXRFqc4Wp/s-l225.jpg
627,39.0,[ 3240 shots TOP MINT w/Camera Grip in Box ] Olympus OM-5 Black from Japan Cl81,Olympus,Digital Cameras,Used,759.99,USD,FIXED_PRICE,mount:olympus om;good-cond,JP,cooljapangoods,99.5,2026-08-06T00:05:50.000Z,,https://www.ebay.com/itm/178378030802?hash=item298828bed2:g:JdEAAeSw-DtqVt-6,https://i.ebayimg.com/images/g/JdEAAeSw-DtqVt-6/s-l225.jpg
628,39.0,Nikon AF-S NIKKOR 14-24mm F2.8G ED [Top MINT] Ultra Wide Angle Zoom Lens #365249,Nikon,Digital Cameras,Used,949.0,USD,FIXED_PRICE,mount:nikon f;good-cond,JP,tokyoberry-camera,100.0,2026-08-06T08:32:28.000Z,,https://www.ebay.com/itm/407124081126?hash=item5eca7c79e6:g:3sgAAeSwvnlp~Equ,https://i.ebayimg.com/images/g/3sgAAeSwvnlp~Equ/s-l225.jpg
629,39.0,OLYMPUS OM-D E-M1 MarkIII BODY -Near Mint- 4430,Olympus,Digital Cameras,Used,1003.84,USD,FIXED_PRICE,mount:olympus om;good-cond,JP,kitamura_camera,100.0,2026-08-06T02:18:16.000Z,,https://www.ebay.com/itm/358889816211?hash=item538f800093:g:b5AAAeSwnQxqc~bN,https://i.ebayimg.com/images/g/b5AAAeSwnQxqc~bN/s-l225.jpg
630,39.0,Leica D-LUX 8 Compact Camera *** MINT ***,Leica,Digital Cameras,Used,1950.0,USD,"FIXED_PRICE,BEST_OFFER",good-cond,US,jmmarro2012,100.0,2026-08-06T01:29:59.000Z,,https://www.ebay.com/itm/257664462735?hash=item3bfdffaf8f:g:CM8AAeSwYelqc-E7,https://i.ebayimg.com/images/g/CM8AAeSwYelqc-E7/s-l225.jpg
631,39.0,Leica M8 Black 10.3MP Rangefinder Digital Camera Near Mint,Leica,Digital Cameras,Used,2045.0,USD,"FIXED_PRICE,BEST_OFFER",good-cond,US,marus.59igt,99.5,2026-08-05T22:37:46.000Z,,https://www.ebay.com/itm/128012856650?hash=item1dce292d4a:g:BeIAAeSwf4Jqc7qI,https://i.ebayimg.com/images/g/BeIAAeSwf4Jqc7qI/s-l225.jpg
632,39.0,Near Mint Leica SL3-S Mirrorless Camera Body #51885,Leica,Digital Cameras,Used,4199.0,USD,FIXED_PRICE,good-cond,US,occamera,99.7,2026-08-05T19:11:39.000Z,,https://www.ebay.com/itm/117342659672?hash=item1b522ae458:g:VjgAAeSw0ttqc4n2,https://i.ebayimg.com/images/g/VjgAAeSw0ttqc4n2/s-l225.jpg
633,38.0,Olympus CAMEDIA FE-5500 5.0MP Digital Camera - FULLY FUNCTIONAL,Olympus,Digital Cameras,Used,32.0,USD,"FIXED_PRICE,BEST_OFFER",mount:sony e;underpriced(med $347),UA,sesko.store,100.0,2026-08-05T21:03:06.000Z,,https://www.ebay.com/itm/137590354659?hash=item20090632e3:g:A40AAeSwCmFp1f0Y,https://i.ebayimg.com/images/g/A40AAeSwCmFp1f0Y/s-l225.jpg
634,38.0,Pentax Optio 60 6.0MP Digital Camera - FULLY FUNCTIONAL,Pentax,Digital Cameras,Used,40.0,USD,"FIXED_PRICE,BEST_OFFER",underpriced(med $258),UA,sesko.store,100.0,2026-08-05T21:03:20.000Z,,https://www.ebay.com/itm/137590356531?hash=item2009063a33:g:msEAAeSwWi9qFdsu,https://i.ebayimg.com/images/g/msEAAeSwWi9qFdsu/s-l225.jpg
635,38.0,PENTAX Optio 450 Compact Digital Camera 4.0MP 5x Optical Read Description Testd✅,Pentax,Digital Cameras,Used,42.81,USD,FIXED_PRICE,underpriced(med $258),CA,buncsdeals,100.0,2026-08-05T19:22:31.000Z,,https://www.ebay.com/itm/327296769996?hash=item4c34685fcc:g:naoAAeSwo4Nqc4xj,https://i.ebayimg.com/images/g/naoAAeSwo4Nqc4xj/s-l225.jpg
636,38.0,Olympus CAMEDIA C-760 3.2MP Digital Camera - FULLY FUNCTIONAL,Olympus,Digital Cameras,Used,44.0,USD,"FIXED_PRICE,BEST_OFFER",underpriced(med $347),UA,sesko.store,100.0,2026-08-05T21:03:41.000Z,,https://www.ebay.com/itm/137590358657?hash=item2009064281:g:tNQAAeSwc6VqKZvv,https://i.ebayimg.com/images/g/tNQAAeSwc6VqKZvv/s-l225.jpg
637,38.0,Pentax Optio M40 - 8.0MP - Compact Digital Camera TESTED WORKING,Pentax,Digital Cameras,Used,44.35,USD,"FIXED_PRICE,BEST_OFFER",underpriced(med $258),GB,stylishviking,0.0,2026-08-05T18:03:15.000Z,,https://www.ebay.com/itm/800466937214?hash=itemba5f8c257e:g:1gsAAeSwrBNqc3lW,https://i.ebayimg.com/images/g/1gsAAeSwrBNqc3lW/s-l225.jpg
638,38.0,Canon Digital Camera PowerShot A520 4.0MP Silver TESTED WORKING,Canon,Digital Cameras,Used,44.4,USD,FIXED_PRICE,underpriced(med $339),GB,robin123000,99.9,2026-08-05T19:13:06.000Z,,https://www.ebay.com/itm/188748703668?hash=item2bf24ca7b4:g:e6cAAeSw8KNqc4sN,https://i.ebayimg.com/images/g/e6cAAeSw8KNqc4sN/s-l225.jpg
639,38.0,Pentax Optio M60 Silver Digital Camera 10.0 MP 5x Zoom CCD Y2K Digicam Working,Pentax,Digital Cameras,Used,45.87,USD,"FIXED_PRICE,BEST_OFFER",underpriced(med $258),AU,tagi8769,100.0,2026-08-06T00:30:39.000Z,,https://www.ebay.com/itm/377397953340?hash=item57deabc33c:g:OsgAAeSwPABp~A2f,https://i.ebayimg.com/images/g/OsgAAeSwPABp~A2f/s-l225.jpg
640,38.0,Fujifilm FinePix AV110,Fujifilm,Digital Cameras,Used,47.14,USD,FIXED_PRICE,underpriced(med $291),GB,component_king,100.0,2026-08-05T18:10:45.000Z,,https://www.ebay.com/itm/257663752878?hash=item3bfdf4daae:g:HOMAAeSwAzZqc3sD,https://i.ebayimg.com/images/g/HOMAAeSwAzZqc3sD/s-l225.jpg
641,38.0,Canon PowerShot S5 IS 8.0MP Digital Camera w/ Case Tested & Working,Canon,Digital Cameras,Used,49.92,USD,"FIXED_PRICE,BEST_OFFER",underpriced(med $339),CA,bellevegasshop,99.1,2026-08-05T18:58:36.000Z,,https://www.ebay.com/itm/117342633409?hash=item1b522a7dc1:g:KAkAAeSwNBlp-Qv3,https://i.ebayimg.com/images/g/KAkAAeSwNBlp-Qv3/s-l225.jpg
642,38.0,"Fujifilm FinePix AV200 14.0MP Digital Camera, Black - Tested",Fujifilm,Digital Cameras,Used,53.86,USD,"FIXED_PRICE,BEST_OFFER",underpriced(med $291),GB,buck718,99.9,2026-08-05T21:38:23.000Z,,https://www.ebay.com/itm/800467626341?hash=itemba5f96a965:g:YxoAAeSwfuNqKbD5,https://i.ebayimg.com/images/g/YxoAAeSwfuNqKbD5/s-l225.jpg
643,38.0,Retro Canon Powershot S400 Digital ELPH Compact Digital Camera - Working,Canon,Digital Cameras,Used,53.86,USD,"FIXED_PRICE,BEST_OFFER",underpriced(med $339),GB,mad_emporium,99.9,2026-08-06T08:38:24.000Z,,https://www.ebay.com/itm/227464458754?hash=item34f5f03202:g:7FEAAeSw4VJqdEc4,https://i.ebayimg.com/images/g/7FEAAeSw4VJqdEc4/s-l225.jpg
644,38.0,Olympus Camedia C-370 Zoom,Olympus,Digital Cameras,Usato,56.61,USD,FIXED_PRICE,underpriced(med $347),IT,meba-9544,98.8,2026-08-06T07:53:51.000Z,,https://www.ebay.com/itm/168592821633?hash=item2740ea4d81:g:Q3QAAeSwwbZqdD1Y,https://i.ebayimg.com/images/g/Q3QAAeSwwbZqdD1Y/s-l225.jpg
645,38.0,Canon Ixus ai af,Canon,Digital Cameras,Usato,56.61,USD,FIXED_PRICE,underpriced(med $339),IT,meba-9544,98.8,2026-08-06T07:30:22.000Z,,https://www.ebay.com/itm/168592776759?hash=item2740e99e37:g:0VgAAeSw0XBqdDfK,https://i.ebayimg.com/images/g/0VgAAeSw0XBqdDfK/s-l225.jpg
646,38.0,Nikon Coolpix P100 26x Zoom 10.3mp Black Digital Camera TESTED WORKING,Nikon,Digital Cameras,Used,60.63,USD,"FIXED_PRICE,BEST_OFFER",underpriced(med $212),CA,hurtz17,100.0,2026-08-06T00:25:48.000Z,,https://www.ebay.com/itm/168592075559?hash=item2740deeb27:g:7esAAeSwKzZqc9Oh,https://i.ebayimg.com/images/g/7esAAeSwKzZqc9Oh/s-l225.jpg
647,38.0,Fujifilm Instant Camera Instax Mini 12 - Clay White & case - Tested and Working,Fujifilm,Digital Cameras,Used,63.82,USD,FIXED_PRICE,underpriced(med $291),GB,ahmans14,100.0,2026-08-05T19:06:50.000Z,,https://www.ebay.com/itm/298562292556?hash=item4583b30b4c:g:oVEAAeSw6FJqc4lM,https://i.ebayimg.com/images/g/oVEAAeSw6FJqc4lM/s-l225.jpg
648,38.0,Nikon CoolPix L120 14.1MP Digital Camera - FULLY FUNCTIONAL,Nikon,Digital Cameras,Used,64.0,USD,"FIXED_PRICE,BEST_OFFER",underpriced(med $212),UA,sesko.store,100.0,2026-08-05T21:03:18.000Z,,https://www.ebay.com/itm/137590356280?hash=item2009063938:g:ZFgAAeSwANdqFdr4,https://i.ebayimg.com/images/g/ZFgAAeSwANdqFdr4/s-l225.jpg
649,38.0,Canon PowerShot A530 5.0MP Digital Camera - Silver,Canon,Digital Cameras,Used,64.23,USD,"FIXED_PRICE,BEST_OFFER",underpriced(med $339),CA,time4tims,100.0,2026-08-05T21:51:30.000Z,,https://www.ebay.com/itm/236987742864?hash=item372d91fa90:g:GRUAAeSwUKRqc6bJ,https://i.ebayimg.com/images/g/GRUAAeSwUKRqc6bJ/s-l225.jpg
650,38.0,Canon PowerShot A560 Silver Digital Camera 7.1 MP 4x Optical Zoom Tested Works!,Canon,Digital Cameras,Used,69.94,USD,"FIXED_PRICE,BEST_OFFER",underpriced(med $339),CA,heidi.haus,100.0,2026-08-05T18:22:03.000Z,,https://www.ebay.com/itm/236987367806?hash=item372d8c417e:g:ebYAAeSw8KJqc378,https://i.ebayimg.com/images/g/ebYAAeSw8KJqc378/s-l225.jpg
651,38.0,"Fujifilm FinePix Z30 10.0MP 2.7"" LCD Digital Camera White Tested & Working",Fujifilm,Digital Cameras,Used,74.06,USD,"FIXED_PRICE,BEST_OFFER",underpriced(med $291),GB,scotty7499,100.0,2026-08-06T03:08:30.000Z,,https://www.ebay.com/itm/168592335717?hash=item2740e2e365:g:8BMAAeSw65BqcKik,https://i.ebayimg.com/images/g/8BMAAeSw65BqcKik/s-l225.jpg
652,38.0,Olympus Digital Camera X-44 12.0MP + 2GB SD Card - Tested Working,Olympus,Digital Cameras,Used,74.07,USD,FIXED_PRICE,underpriced(med $347),GB,the-shire-seller,99.5,2026-08-05T19:43:47.000Z,,https://www.ebay.com/itm/178377500045?hash=item298820a58d:g:2TkAAeSwyehqSVgP,https://i.ebayimg.com/images/g/2TkAAeSwyehqSVgP/s-l225.jpg
653,38.0,"Fujifilm FinePix AV10 10.0MP Digital Camera, Black - + SD Card Included",Fujifilm,Digital Cameras,Used,74.07,USD,"FIXED_PRICE,BEST_OFFER",underpriced(med $291),GB,pinesgirl,100.0,2026-08-06T05:40:58.000Z,,https://www.ebay.com/itm/257664796409?hash=item3bfe04c6f9:g:-OUAAeSwmA5qcvrB,https://i.ebayimg.com/images/g/-OUAAeSwmA5qcvrB/s-l225.jpg
654,38.0,Olympus Digital Bridge Camera SP-810UZ 14.0MP With SD Card - Tested Working,Olympus,Digital Cameras,Used,80.79,USD,FIXED_PRICE,underpriced(med $347),GB,the-shire-seller,99.5,2026-08-05T19:43:47.000Z,,https://www.ebay.com/itm/178377500043?hash=item298820a58b:g:EowAAeSwynFqIwwR,https://i.ebayimg.com/images/g/EowAAeSwynFqIwwR/s-l225.jpg
655,38.0,Nikon CoolPix S2500 Compact Digital Camera 12MP,Nikon,Digital Cameras,Used,80.81,USD,"FIXED_PRICE,BEST_OFFER",underpriced(med $212),GB,laurie2505,100.0,2026-08-05T18:02:36.000Z,,https://www.ebay.com/itm/327296679674?hash=item4c3466fefa:g:Rm4AAeSwFKNqc3oQ,https://i.ebayimg.com/images/g/Rm4AAeSwFKNqc3oQ/s-l225.jpg
656,38.0,Fujifilm FinePix E500 Digital Camera Compact Point & Shoot Digital Camera,Fujifilm,Digital Cameras,Used,85.62,USD,"FIXED_PRICE,BEST_OFFER",underpriced(med $291),CA,olivers-outlet,99.6,2026-08-06T01:14:29.000Z,,https://www.ebay.com/itm/137591059687?hash=item200910f4e7:g:vbMAAeSw529qc7tb,https://i.ebayimg.com/images/g/vbMAAeSw529qc7tb/s-l225.jpg
657,38.0,Nikon COOLPIX E775 Compact Point Shoot Camera 2.1MP 3X Zoom Used,Nikon,Digital Cameras,Used,85.72,USD,"FIXED_PRICE,BEST_OFFER",underpriced(med $212),CN,maopixel-1,100.0,2026-08-06T06:20:49.000Z,,https://www.ebay.com/itm/137591776595?hash=item20091be553:g:a~sAAeSwgm9qdCh5,https://i.ebayimg.com/images/g/a~sAAeSwgm9qdCh5/s-l225.jpg
658,38.0,Olympus SZ-30MR 16MP CMOS sensor 24x optical zoom 1080p Full HD movie #GW,Olympus,Digital Cameras,Used,87.54,USD,"FIXED_PRICE,BEST_OFFER",underpriced(med $347),GB,streaperr,98.8,2026-08-05T21:12:04.000Z,,https://www.ebay.com/itm/198550234317?hash=item2e3a8424cd:g:20oAAeSwmkxqc6a7,https://i.ebayimg.com/images/g/20oAAeSwmkxqc6a7/s-l225.jpg
659,38.0,Nikon Digital Camera Coolpix S2550 12.0MP Red + 4GB SD CARD - WORKING No Charger,Nikon,Digital Cameras,Used,89.74,USD,"FIXED_PRICE,BEST_OFFER",underpriced(med $212),GB,woowoowonders,98.8,2026-08-05T21:36:36.000Z,,https://www.ebay.com/itm/236987722606?hash=item372d91ab6e:g:feMAAeSwKs5qc6yF,https://i.ebayimg.com/images/g/feMAAeSwKs5qc6yF/s-l225.jpg
660,38.0,Zenit ET SLR Made in USSR Film Camera - Only Body - MINT,Zenit,Film Cameras,Used,90.0,USD,"FIXED_PRICE,BEST_OFFER",good-cond,UA,sesko.store,100.0,2026-08-06T17:48:20.000Z,,https://www.ebay.com/itm/137593510632?hash=item2009365ae8:g:pCIAAeSw8vxqdMjM,https://i.ebayimg.com/images/g/pCIAAeSw8vxqdMjM/s-l225.jpg
661,38.0,Nikon COOLPIX S2500 Red 12MP Digital Camera 4x Zoom + Charger,Nikon,Digital Cameras,Used,94.26,USD,FIXED_PRICE,underpriced(med $212),GB,smartgearselects,99.8,2026-08-05T20:57:04.000Z,,https://www.ebay.com/itm/800467490010?hash=itemba5f9494da:g:Ep0AAeSwkXVp0RW3,https://i.ebayimg.com/images/g/Ep0AAeSwkXVp0RW3/s-l225.jpg
662,38.0,Canon IXUS 850 IS 7.1 MP Digital Camera Silver - Tested,Canon,Digital Cameras,Used,94.26,USD,"FIXED_PRICE,BEST_OFFER",underpriced(med $339),GB,buck718,99.9,2026-08-05T21:38:04.000Z,,https://www.ebay.com/itm/800467625809?hash=itemba5f96a751:g:tuAAAeSwygVqYm7b,https://i.ebayimg.com/images/g/tuAAAeSwygVqYm7b/s-l225.jpg
663,38.0,CANON POWERSHOT A1400 HD Black 16MP Digital Compact Camera. Fully Tested . VGC,Canon,Digital Cameras,Used,94.28,USD,FIXED_PRICE,underpriced(med $339),GB,nikon1966,100.0,2026-08-05T19:03:35.000Z,,https://www.ebay.com/itm/358888592385?hash=item538f6d5401:g:BuoAAeSwTnJqSJac,https://i.ebayimg.com/images/g/BuoAAeSwTnJqSJac/s-l225.jpg
664,38.0,Canon PowerShot SX500 IS 16.0MP Digital Camera - Black,Canon,Digital Cameras,Used,96.34,USD,FIXED_PRICE,underpriced(med $339),CA,prairie-pickers,100.0,2026-08-06T01:32:55.000Z,,https://www.ebay.com/itm/128013057780?hash=item1dce2c3ef4:g:ouMAAeSwVktqc9Ad,https://i.ebayimg.com/images/g/ouMAAeSwVktqc9Ad/s-l225.jpg
665,38.0,Vintage Olympus U‑1020 Pink 10.1MP CCD Point & Shoot Compact Digicam Used,Olympus,Digital Cameras,Used,99.23,USD,"FIXED_PRICE,BEST_OFFER",underpriced(med $347),CN,ygincamera26,0.0,2026-08-06T06:20:51.000Z,,https://www.ebay.com/itm/158159507992?hash=item24d30a9218:g:d2gAAeSwYelqdCg-,https://i.ebayimg.com/images/g/d2gAAeSwYelqdCg-/s-l225.jpg
666,38.0,Olympus EVOLT E-620 12.3MP DSLR Camera w/ 40-150mm Lens - Low Shutter Count,Olympus,Digital Cameras,Used,114.15,USD,FIXED_PRICE,underpriced(med $347),CA,galaxy-bread,100.0,2026-08-05T22:27:03.000Z,,https://www.ebay.com/itm/800467755744?hash=itemba5f98a2e0:g:GqsAAeSwmaVqc7g7,https://i.ebayimg.com/images/g/GqsAAeSwmaVqc7g7/s-l225.jpg
667,38.0,Canon Power Shot A490 Camera Digital Camera A 490,Canon,Digital Cameras,Used,128.11,USD,"FIXED_PRICE,BEST_OFFER",underpriced(med $339),DE,foto-sandor,100.0,2026-08-05T21:22:59.000Z,,https://www.ebay.com/itm/800467572349?hash=itemba5f95d67d:g:nOQAAeSwRo9qc0Vi,https://i.ebayimg.com/images/g/nOQAAeSwRo9qc0Vi/s-l225.jpg
668,38.0,Olympus SuperZoom 70G 35mm Film Camera - FULLY FUNCTIONAL,Olympus,Film Cameras,Used,130.0,USD,"FIXED_PRICE,BEST_OFFER",,UA,sesko.store,100.0,2026-08-06T17:48:50.000Z,,https://www.ebay.com/itm/137593512514?hash=item2009366242:g:oLEAAeSwmE9qdMj2,https://i.ebayimg.com/images/g/oLEAAeSwmE9qdMj2/s-l225.jpg
669,38.0,Retro Canon PowerShot A550 Silver CCD Camera Collectible Point & Shoot Used,Canon,Digital Cameras,Used,145.27,USD,"FIXED_PRICE,BEST_OFFER",underpriced(med $339),CN,ygincamera26,0.0,2026-08-06T08:33:10.000Z,,https://www.ebay.com/itm/158159816098?hash=item24d30f45a2:g:7ZwAAeSwwvJqdEe6,https://i.ebayimg.com/images/g/7ZwAAeSwwvJqdEe6/s-l225.jpg
670,38.0,Canon PowerShot SX500 IS 16MP 30x Zoom Digital Camera With Battery Without PSU,Canon,Digital Cameras,Used,148.13,USD,"FIXED_PRICE,BEST_OFFER",underpriced(med $339),GB,dslogistic,99.4,2026-08-06T06:54:50.000Z,,https://www.ebay.com/itm/327297465887?hash=item4c3472fe1f:g:V7MAAeSwMndqUH6q,https://i.ebayimg.com/images/g/V7MAAeSwMndqUH6q/s-l225.jpg
671,38.0,Retro Canon IXUS 60 6MP CCD Camera Classic Compact Digicam For Collection,Canon,Digital Cameras,Used,151.65,USD,"FIXED_PRICE,BEST_OFFER",underpriced(med $339),CN,ygincamera26,0.0,2026-08-06T06:20:52.000Z,,https://www.ebay.com/itm/158159508053?hash=item24d30a9255:g:hZYAAeSwl85qdCh7,https://i.ebayimg.com/images/g/hZYAAeSwl85qdCh7/s-l225.jpg
672,38.0,Canon EF 100mm f/2.8L IS USM Macro Lens,Canon,Lenses,Used,637.46,USD,"FIXED_PRICE,AUCTION",mount:canon ef;auction,AU,jarred_c,100.0,2026-08-06T02:00:58.000Z,2026-08-16T02:00:58.000Z,https://www.ebay.com/itm/128013088909?hash=item1dce2cb88d:g:zb4AAeSw9wNqS9UE,https://i.ebayimg.com/images/g/zb4AAeSw9wNqS9UE/s-l225.jpg
673,37.0,Sony Cyber-shot DSC-H20 10.1MP Digital Camera Carl Zeiss Lens Tested No Charger,Zeiss,Digital Cameras,Used,65.0,USD,FIXED_PRICE,,US,thevibehive,99.7,2026-08-05T19:52:44.000Z,,https://www.ebay.com/itm/358888761207?hash=item538f6fe777:g:ae8AAeSwfwRqc5Q9,https://i.ebayimg.com/images/g/ae8AAeSwfwRqc5Q9/s-l225.jpg
674,37.0,"Sony Cybershot DSC-S70 3.3MP Bundle Charger, Case. Tested Working Carl Zeiss Len",Zeiss,Digital Cameras,Used,75.0,USD,FIXED_PRICE,,US,rustic_rh-27,100.0,2026-08-05T23:50:25.000Z,,https://www.ebay.com/itm/178377999408?hash=item2988284430:g:lqQAAeSwPFVqc8sn,https://i.ebayimg.com/images/g/lqQAAeSwPFVqc8sn/s-l225.jpg
675,37.0,​ Working Nikon COOLPIX L12 Digital Camera,Nikon,Digital Cameras,Used,77.67,USD,FIXED_PRICE,underpriced(med $212);low-feedback,JP,paserihirabayashi,96.2,2026-08-05T19:50:41.000Z,,https://www.ebay.com/itm/206468371818?hash=item301279556a:g:a0kAAeSw5oRqc5TI,https://i.ebayimg.com/images/g/a0kAAeSw5oRqc5TI/s-l225.jpg
676,37.0,Nikon COOLPIX L1 Console Compact Digital Camera AA Battery Working,Nikon,Digital Cameras,Used,93.2,USD,FIXED_PRICE,underpriced(med $212);low-feedback,JP,paserihirabayashi,96.2,2026-08-05T19:45:53.000Z,,https://www.ebay.com/itm/206468358004?hash=item3012791f74:g:7vwAAeSwFJVqc5Qm,https://i.ebayimg.com/images/g/7vwAAeSwFJVqc5Qm/s-l225.jpg
677,37.0,Nikon Digital Camera Working,Nikon,Digital Cameras,Used,95.1,USD,FIXED_PRICE,underpriced(med $212);low-feedback,JP,paserihirabayashi,96.2,2026-08-05T20:00:43.000Z,,https://www.ebay.com/itm/206468389818?hash=item3012799bba:g:g1EAAeSwUKRqc5cj,https://i.ebayimg.com/images/g/g1EAAeSwUKRqc5cj/s-l225.jpg
678,37.0,PC-Nikkor 1:2.8 35mm Non-AI Perspective Control Lens,Nikkor,Lenses,Used,100.0,USD,FIXED_PRICE,mount:nikon f,US,hern5301,99.9,2026-08-05T20:14:57.000Z,,https://www.ebay.com/itm/236987567183?hash=item372d8f4c4f:g:A8cAAeSwCitqGbDG,https://i.ebayimg.com/images/g/A8cAAeSwCitqGbDG/s-l225.jpg
679,37.0,"Nikon D80 [PROFESSIONALLY INSPECTED & SERVICED] 10mp CCD Camera. Shutter:12,217",Nikon,Digital Cameras,Used,100.0,USD,FIXED_PRICE,good-cond,US,thecameralab,100.0,2026-08-06T02:31:54.000Z,,https://www.ebay.com/itm/227464154084?hash=item34f5eb8be4:g:qRcAAeSwP19qc~F~,https://i.ebayimg.com/images/g/qRcAAeSwP19qc~F~/s-l225.jpg
680,37.0,Nikon COOLPIX S5100 Black Digital Camera 12.2 MP 5x Zoom 1/2.3-inch CCD NIKKOR,Nikon,Digital Cameras,Used,120.0,USD,"FIXED_PRICE,BEST_OFFER",mount:nikon f,JP,japan_fun_select,99.6,2026-08-06T05:22:52.000Z,,https://www.ebay.com/itm/137591640060?hash=item200919cffc:g:54gAAeSwZjlqO6E4,https://i.ebayimg.com/images/g/54gAAeSwZjlqO6E4/s-l225.jpg
681,37.0,Ricoh GXR Body Compact Digital Camera Black [Near Mint] US Stock,Ricoh,Digital Cameras,Very Good - Refurbished,152.52,USD,FIXED_PRICE,good-cond,US,flagshipcamera,99.8,2026-08-06T02:23:12.000Z,,https://www.ebay.com/itm/307110025833?hash=item47812f1a69:g:jAkAAeSwh0Nqc9s4,https://i.ebayimg.com/images/g/jAkAAeSwh0Nqc9s4/s-l225.jpg
682,37.0,Canon PowerShot A590-Y2K Vibe Digital Camera-SD Card & New CR1220-Tested Exc.,Canon,Digital Cameras,Used,159.0,USD,FIXED_PRICE,good-cond,US,rasco-96,100.0,2026-08-05T19:20:18.000Z,,https://www.ebay.com/itm/236987449523?hash=item372d8d80b3:g:AlEAAeSw6Ppqc4xq,https://i.ebayimg.com/images/g/AlEAAeSw6Ppqc4xq/s-l225.jpg
683,37.0,Panasonic Lumix DMC-LX2 10.2MP Digital Camera - Silver - Leica 28mm Lens - RAW,Leica,Digital Cameras,Used,160.0,USD,"FIXED_PRICE,BEST_OFFER",,US,ngu555,100.0,2026-08-05T22:48:54.000Z,,https://www.ebay.com/itm/287505992806?hash=item42f0b14c66:g:M2YAAeSwSwhqc72f,https://i.ebayimg.com/images/g/M2YAAeSwSwhqc72f/s-l225.jpg
684,37.0,Canon EF 17-40mm F/4L USM Lens for Canon EF Mount,Canon,Lenses,For parts or not working,179.99,USD,"FIXED_PRICE,BEST_OFFER",mount:canon ef,US,itsabeau_81,99.7,2026-08-06T00:44:20.000Z,,https://www.ebay.com/itm/158158764654?hash=item24d2ff3a6e:g:7JYAAeSwfCxqUbjw,https://i.ebayimg.com/images/g/7JYAAeSwfCxqUbjw/s-l225.jpg
685,37.0,Canon EOS Kiss X Digital Camera with Lens CF Card Lightweight Easy to Use,Canon,Digital Cameras,Used,197.73,USD,"FIXED_PRICE,BEST_OFFER",mount:hasselblad v,JP,tetyama15,100.0,2026-08-06T02:21:37.000Z,,https://www.ebay.com/itm/318684736062?hash=item4a33172a3e:g:j8gAAeSw2OBqc~JF,https://i.ebayimg.com/images/g/j8gAAeSw2OBqc~JF/s-l225.jpg
686,37.0,Canon RF-S 10-18mm f/4.5-6.3 IS STM Lens,Canon,Lenses,New,259.97,USD,"FIXED_PRICE,BEST_OFFER",mount:canon rf,US,allgoodzzhere,99.9,2026-08-05T19:48:13.000Z,,https://www.ebay.com/itm/358888740341?hash=item538f6f95f5:g:38oAAeSw~LZpXshn,https://i.ebayimg.com/images/g/38oAAeSw~LZpXshn/s-l225.jpg
687,37.0,Canon EF 17-40mm F/4L USM (Canon EF mount) Very Clean Elements Front & Back,Canon,Lenses,Used,266.0,USD,FIXED_PRICE,mount:canon ef,US,lafilmandsk8,100.0,2026-08-06T00:24:59.000Z,,https://www.ebay.com/itm/398254659697?hash=item5cb9d3d871:g:gY8AAeSwoFhpplV8,https://i.ebayimg.com/images/g/gY8AAeSwoFhpplV8/s-l225.jpg
688,37.0,Canon EF 16-35mm F/2.8L II USM - Wide Angle L-Series Camera Lens Used,Canon,Lenses,Used,570.0,USD,"FIXED_PRICE,BEST_OFFER",mount:canon ef,US,lafilmandsk8,100.0,2026-08-06T00:24:22.000Z,,https://www.ebay.com/itm/398254658346?hash=item5cb9d3d32a:g:T9gAAOSwjs1nU4wn,https://i.ebayimg.com/images/g/T9gAAOSwjs1nU4wn/s-l225.jpg
689,37.0,Canon CN-E 18-80mm T4.4 Compact Servo Cinema Zoom Lens (EF Mount) w/ Zoom Grip,Canon,Lenses,Used,2475.0,USD,FIXED_PRICE,mount:canon ef,US,lafilmandsk8,100.0,2026-08-06T00:24:22.000Z,,https://www.ebay.com/itm/398254658403?hash=item5cb9d3d363:g:pIwAAeSw4h1prjje,https://i.ebayimg.com/images/g/pIwAAeSw4h1prjje/s-l225.jpg
690,37.0,🎦【 Legendary Ultra Rare 】Sigma APO 1000mm f/8 AF Lens for Canon EF From JAPAN,Canon,Lenses,Used,8999.99,USD,"FIXED_PRICE,BEST_OFFER",mount:canon ef,JP,yu-camera,99.8,2026-08-06T04:30:17.000Z,,https://www.ebay.com/itm/366589623982?hash=item555a71beae:g:1LQAAeSwL15pVRtX,https://i.ebayimg.com/images/g/1LQAAeSwL15pVRtX/s-l225.jpg
691,36.0,Canon EOS Rebel T1i 15.1MP DSLR Camera + EF-S 18-55mm IS Lens 16k Shutter Count,Canon,Digital Cameras,Used,159.99,USD,FIXED_PRICE,mount:canon ef;55mm,US,we_4013,100.0,2026-08-06T01:13:17.000Z,,https://www.ebay.com/itm/800468331985?hash=itemba5fa16dd1:g:hHIAAeSw~gZqc91o,https://i.ebayimg.com/images/g/hHIAAeSw~gZqc91o/s-l225.jpg
692,36.0,"READ[MINT 12,320!Shutter Count] Nikon D5100 DSLR / 18-55mm f3.5-5.6G VR From JPN",Nikon,Digital Cameras,Used,169.99,USD,FIXED_PRICE,55mm;good-cond,JP,camera_japan_chikami,99.7,2026-08-06T07:32:12.000Z,,https://www.ebay.com/itm/336729192137?hash=item4e669fb6c9:g:b0kAAeSwzM5qdDk1,https://i.ebayimg.com/images/g/b0kAAeSwzM5qdDk1/s-l225.jpg
693,36.0,Canon EOS Rebel T5 DSLR 18MP w/ EF-S 18-55mm f/3.5-5.6 Lens not functioning well,Canon,Digital Cameras,Used,175.0,USD,"FIXED_PRICE,BEST_OFFER",mount:canon ef;55mm,US,abdu5154,0.0,2026-08-06T06:51:26.000Z,,https://www.ebay.com/itm/407123914612?hash=item5eca79ef74:g:jDcAAeSwfRBqdC5N,https://i.ebayimg.com/images/g/jDcAAeSwfRBqdC5N/s-l225.jpg
694,36.0,"Canon EOS Rebel T5 DSLR 18MP w/ EF-S 18-55mm Lens, Flash, HDMI/USB",Canon,Digital Cameras,Used,199.0,USD,"FIXED_PRICE,BEST_OFFER",mount:canon ef;55mm,US,soberal91,100.0,2026-08-05T19:38:51.000Z,,https://www.ebay.com/itm/267748819273?hash=item3e5712c149:g:WoEAAeSwdbtqc48e,https://i.ebayimg.com/images/g/WoEAAeSwdbtqc48e/s-l225.jpg
695,36.0,2 Lens [NEAR MINT] Canon EOS Kiss X4 DSLR Camera with 18-55mm IS Lens From JAPAN,Canon,Digital Cameras,Used,239.99,USD,"FIXED_PRICE,BEST_OFFER",55mm;good-cond,JP,happy-camera-japan,99.9,2026-08-05T22:28:05.000Z,,https://www.ebay.com/itm/336728449893?hash=item4e66946365:g:-E4AAeSwh5Vp1713,https://i.ebayimg.com/images/g/-E4AAeSwh5Vp1713/s-l225.jpg
696,36.0,【Near Mint】Canon EOS M Black 18.0 MP Digital Camera Kit 18-55mm lens #3005431,Canon,Digital Cameras,Used,278.0,USD,FIXED_PRICE,55mm;good-cond,JP,kekiku_35,100.0,2026-08-06T05:07:49.000Z,,https://www.ebay.com/itm/236988537953?hash=item372d9e1c61:g:3FoAAeSwUFpqdBV2,https://i.ebayimg.com/images/g/3FoAAeSwUFpqdBV2/s-l225.jpg
697,36.0,Pentax K-r 12.4MP Digital SLR w/ 18-55mm & 55-300mm Lens [Near Mint]#6334,Pentax,Digital Cameras,Used,284.05,USD,"FIXED_PRICE,BEST_OFFER",55mm;good-cond,JP,310camerashopjapan,99.6,2026-08-05T22:08:40.000Z,,https://www.ebay.com/itm/206468616122?hash=item30127d0fba:g:ILsAAeSwnQxqc7OX,https://i.ebayimg.com/images/g/ILsAAeSwnQxqc7OX/s-l225.jpg
698,36.0,SC:5986 [Near MINT] Pentax K-01 Yellow w/ 18-55mm Lens From JAPAN,Pentax,Digital Cameras,Used,309.99,USD,FIXED_PRICE,55mm;good-cond,JP,isshin39,100.0,2026-08-06T08:37:17.000Z,,https://www.ebay.com/itm/198551268978?hash=item2e3a93ee72:g:au4AAeSwjYdqdEiu,https://i.ebayimg.com/images/g/au4AAeSwjYdqdEiu/s-l225.jpg
699,36.0,Canon EOS 60D DSLR Camera w/ 18-55mm & 55-250mm Lens (S/C:9913) [Near Mint]#6340,Canon,Digital Cameras,Used,313.5,USD,"FIXED_PRICE,BEST_OFFER",55mm;good-cond,JP,310camerashopjapan,99.6,2026-08-05T22:00:45.000Z,,https://www.ebay.com/itm/206468611425?hash=item30127cfd61:g:pTYAAeSwzY5qc7H~,https://i.ebayimg.com/images/g/pTYAAeSwzY5qc7H~/s-l225.jpg
700,35.0,"Minolta QTsi MAXXUM 35mm SLR Film Camera w/ AF 35-80mm f/4-5.6 Lens,",Minolta,Film Cameras,Used,25.0,USD,"FIXED_PRICE,BEST_OFFER",,US,collectible_ville,98.0,2026-08-06T17:36:14.000Z,,https://www.ebay.com/itm/137593499356?hash=item2009362edc:g:V1QAAeSw8klptPaC,https://i.ebayimg.com/images/g/V1QAAeSw8klptPaC/s-l225.jpg
701,35.0,Fujifilm Instax Mini 8 Pink Instant Film Camera missing battery cap,Fujifilm,Vintage Cameras,,25.0,USD,"FIXED_PRICE,BEST_OFFER",,US,agui_6558,100.0,2026-08-06T17:32:17.000Z,,https://www.ebay.com/itm/158161074088?hash=item24d32277a8:g:o2oAAeSwT0pqdMT5,https://i.ebayimg.com/images/g/o2oAAeSwT0pqdMT5/s-l225.jpg
702,35.0,Vintage Y2K Digital Camera 3x Olympus C-2000 Z Camedia 2.1MP TESTED,Olympus,Digital Cameras,Used,25.0,USD,"FIXED_PRICE,BEST_OFFER",underpriced(med $347),US,123letssell,100.0,2026-08-05T23:32:33.000Z,,https://www.ebay.com/itm/318684023112?hash=item4a330c4948:g:A2UAAeSwan9qbrL7,https://i.ebayimg.com/images/g/A2UAAeSwan9qbrL7/s-l225.jpg
703,35.0,Canon EOS Digital Rebel DS6041 DSLR Camera Body Only,Canon,Digital Cameras,Used,25.0,USD,"FIXED_PRICE,BEST_OFFER",underpriced(med $339),US,paintingsby-55,99.6,2026-08-05T23:11:18.000Z,,https://www.ebay.com/itm/206468726736?hash=item30127ebfd0:g:2ScAAeSwAY9qc8Lj,https://i.ebayimg.com/images/g/2ScAAeSwAY9qc8Lj/s-l225.jpg
704,35.0,Canon Digital Rebel XT DS126071 Camera Silver Body PARTS REPAIR Charity DS00,Canon,Digital Cameras,For parts or not working,25.0,USD,"FIXED_PRICE,BEST_OFFER",underpriced(med $339),US,americancancersociety,99.9,2026-08-06T01:11:03.000Z,,https://www.ebay.com/itm/278251532229?hash=item40c9156fc5:g:8MAAAOSwPfRmTTr-,https://i.ebayimg.com/images/g/8MAAAOSwPfRmTTr-/s-l225.jpg
705,35.0,Canon PowerShot SD200 Digital ELPH 3.2MP Camera Silver Point Shoot,Canon,Digital Cameras,For parts or not working,25.0,USD,FIXED_PRICE,underpriced(med $339),US,ukrdynamics,99.2,2026-08-06T03:11:25.000Z,,https://www.ebay.com/itm/358889983250?hash=item538f828d12:g:UaYAAeSwAVRp0ytD,https://i.ebayimg.com/images/g/UaYAAeSwAVRp0ytD/s-l225.jpg
706,35.0,Nikon Coolpix P90 digital camera 12.1 mega pixel wide 24x zoom Great Condition,Nikon,Digital Cameras,Used,25.0,USD,FIXED_PRICE,underpriced(med $212),US,jojoscollection,99.5,2026-08-06T04:39:22.000Z,,https://www.ebay.com/itm/358890187395?hash=item538f85aa83:g:atYAAeSww81qONQL,https://i.ebayimg.com/images/g/atYAAeSww81qONQL/s-l225.jpg
707,35.0,Canon EOS Rebel XS 10.1MP Digital SLR Camera Body ONLY,Canon,Digital Cameras,Used,25.0,USD,FIXED_PRICE,underpriced(med $339),US,jojoscollection,99.5,2026-08-06T04:12:50.000Z,,https://www.ebay.com/itm/358890132640?hash=item538f84d4a0:g:-TEAAeSwWUhqVc5g,https://i.ebayimg.com/images/g/-TEAAeSwWUhqVc5g/s-l225.jpg
708,35.0,Fujifilm FinePix S8200 Camera 16 Mega Pixel 40x Full HD - Black,Fujifilm,Digital Cameras,For parts or not working,25.99,USD,"FIXED_PRICE,BEST_OFFER",underpriced(med $291),US,martyjackpot,99.6,2026-08-06T01:36:41.000Z,,https://www.ebay.com/itm/407123498508?hash=item5eca73960c:g:m8oAAeSw-ABqc-UJ,https://i.ebayimg.com/images/g/m8oAAeSw-ABqc-UJ/s-l225.jpg
709,35.0,Nikon Coolpix S6000 Original Box Manual Cables Charger Software BOX ONLY NO CAM,Nikon,Digital Cameras,Used,26.0,USD,"FIXED_PRICE,BEST_OFFER",underpriced(med $212),US,khubris,100.0,2026-08-06T04:47:39.000Z,,https://www.ebay.com/itm/800468987886?hash=itemba5fab6fee:g:4X8AAeSwSApqdAl6,https://i.ebayimg.com/images/g/4X8AAeSwSApqdAl6/s-l225.jpg
710,35.0,Nikon D1X 5.3MP Digital SLR Camera Body #G992,Nikon,Digital Cameras,For parts or not working,28.74,USD,"FIXED_PRICE,BEST_OFFER",underpriced(med $212),US,robertscamera,99.8,2026-08-05T18:11:58.000Z,,https://www.ebay.com/itm/147485337741?hash=item2256cfa88d:g:xsIAAeSw8OVqc3zk,https://i.ebayimg.com/images/g/xsIAAeSw8OVqc3zk/s-l225.jpg
711,35.0,Nikon Coolpix 4200 4.0MP Digital Camera w/ MH-61 Charger & Case - No Battery,Nikon,Digital Cameras,Used,29.96,USD,FIXED_PRICE,underpriced(med $212),US,baystatevintagebuyers2022,99.8,2026-08-05T19:38:51.000Z,,https://www.ebay.com/itm/287505734568?hash=item42f0ad5ba8:g:LOwAAeSwlv9pei2t,https://i.ebayimg.com/images/g/LOwAAeSwlv9pei2t/s-l225.jpg
712,35.0,Nikon Coolpix S6 6.0MP Digital Compact Camera Silver WiFi 3x Zoom Powers On,Nikon,Digital Cameras,Used,29.99,USD,FIXED_PRICE,underpriced(med $212),US,goodwillsocalshop,99.7,2026-08-05T18:56:09.000Z,,https://www.ebay.com/itm/267748783619?hash=item3e57123603:g:APIAAeSw7dlqak2~,https://i.ebayimg.com/images/g/APIAAeSw7dlqak2~/s-l225.jpg
713,35.0,Fujifilm FinePix S700 7.1MP Digital Camera with 10x Optical Zoom Tested Works,Fujifilm,Digital Cameras,Used,29.99,USD,FIXED_PRICE,underpriced(med $291),US,libertythrifts,99.2,2026-08-05T20:42:52.000Z,,https://www.ebay.com/itm/800467445865?hash=itemba5f93e869:g:GVMAAeSw75Zqc6BH,https://i.ebayimg.com/images/g/GVMAAeSw75Zqc6BH/s-l225.jpg
714,35.0,Minolta Maxxum 7xi 35mm SLR Film Camera Body A-Mount Black - READ,Minolta,Digital Cameras,For parts or not working,29.99,USD,FIXED_PRICE,underpriced(med $118),US,allstargadgets,99.7,2026-08-05T21:06:23.000Z,,https://www.ebay.com/itm/358888918416?hash=item538f724d90:g:xX4AAeSwms5qc6TP,https://i.ebayimg.com/images/g/xX4AAeSwms5qc6TP/s-l225.jpg
715,35.0,Fujifilm FinePix S5000 Digital Camera with Adapter Ring and Strap,Fujifilm,Digital Cameras,Used,29.99,USD,FIXED_PRICE,underpriced(med $291),US,savageventuresllc,98.9,2026-08-05T22:03:07.000Z,,https://www.ebay.com/itm/257664160259?hash=item3bfdfb1203:g:HEEAAeSwo4Nqc7QK,https://i.ebayimg.com/images/g/HEEAAeSwo4Nqc7QK/s-l225.jpg
716,35.0,"Nikon Coolpix L4, 4 MP, 3x Zoom, Compact Digital Camera Tested Working",Nikon,Digital Cameras,Used,29.99,USD,"FIXED_PRICE,BEST_OFFER",underpriced(med $212),US,rodtrading444,99.4,2026-08-05T23:19:39.000Z,,https://www.ebay.com/itm/298562828909?hash=item4583bb3a6d:g:So8AAeSwwvJqc8Sk,https://i.ebayimg.com/images/g/So8AAeSwwvJqc8Sk/s-l225.jpg
717,35.0,Olympus Stylus SP-720UZ 14.0MP Digital Camera Black w/ 2 Batteries + Charger,Olympus,Digital Cameras,Used,29.99,USD,"FIXED_PRICE,BEST_OFFER",underpriced(med $347),US,grimzyraider,99.7,2026-08-06T01:52:23.000Z,,https://www.ebay.com/itm/287506248954?hash=item42f0b534fa:g:usoAAeSwlnxo8CY1,https://i.ebayimg.com/images/g/usoAAeSwlnxo8CY1/s-l225.jpg
718,35.0,Nikon Digital Camera Coolpix 4600 4MP 3x Optical Zoom Compact Tested,Nikon,Digital Cameras,Used,30.0,USD,FIXED_PRICE,underpriced(med $212),US,dturbotwo,100.0,2026-08-05T18:24:12.000Z,,https://www.ebay.com/itm/307109239215?hash=item47812319af:g:lq8AAeSwknFqc3~A,https://i.ebayimg.com/images/g/lq8AAeSwknFqc3~A/s-l225.jpg
719,35.0,Canon EOS Digital Rebel / EOS 300D 6.3MP Digital SLR Camera - Silver (Body Only),Canon,Digital Cameras,Used,30.0,USD,FIXED_PRICE,underpriced(med $339),US,rochcitycameras,100.0,2026-08-05T19:24:08.000Z,,https://www.ebay.com/itm/298562323854?hash=item4583b3858e:g:Ln4AAeSwz-Bqc41R,https://i.ebayimg.com/images/g/Ln4AAeSwz-Bqc41R/s-l225.jpg
720,35.0,Fujifilm Instax Mini 7S Instant Camera Built-In Flash AA Battery White,Fujifilm,Digital Cameras,Used,30.0,USD,"FIXED_PRICE,BEST_OFFER",underpriced(med $291),US,qudide0,0.0,2026-08-05T20:12:50.000Z,,https://www.ebay.com/itm/206468420446?hash=item30127a135e:g:hm8AAeSwWkBqc5kb,https://i.ebayimg.com/images/g/hm8AAeSwWkBqc5kb/s-l225.jpg
721,35.0,Fujifilm FinePix S Series S5000 3.1MP Digital Camera - Black,Fujifilm,Digital Cameras,Used,30.0,USD,FIXED_PRICE,underpriced(med $291),US,mdcazmd85,98.1,2026-08-06T00:58:32.000Z,,https://www.ebay.com/itm/117343225282?hash=item1b523385c2:g:JrUAAeSwSApqc9rW,https://i.ebayimg.com/images/g/JrUAAeSwSApqc9rW/s-l225.jpg
722,35.0,Fujifilm Finepix S602 Zoom Digital Camera,Fujifilm,Digital Cameras,Used,30.99,USD,"FIXED_PRICE,BEST_OFFER",underpriced(med $291),US,*tbar,100.0,2026-08-05T19:46:32.000Z,,https://www.ebay.com/itm/267748825461?hash=item3e5712d975:g:2lQAAeSw03hqc2sD,https://i.ebayimg.com/images/g/2lQAAeSw03hqc2sD/s-l225.jpg
723,35.0,Nikon Coolpix 4100 4.0MP Digital Camera E4100 - Silver Works,Nikon,Digital Cameras,Used,31.0,USD,"FIXED_PRICE,BEST_OFFER",underpriced(med $212),US,ryan_dewitt,100.0,2026-08-06T04:15:16.000Z,,https://www.ebay.com/itm/358890136512?hash=item538f84e3c0:g:JYcAAeSwY89qdAQ4,https://i.ebayimg.com/images/g/JYcAAeSwY89qdAQ4/s-l225.jpg
724,35.0,Fujifilm Finepix S1 Pro DSLR Camera Powers on Error Message Comes And Goes,Fujifilm,Digital Cameras,For parts or not working,32.95,USD,FIXED_PRICE,underpriced(med $291),US,thecavalierflipper2005,99.8,2026-08-06T06:22:14.000Z,,https://www.ebay.com/itm/147486349410?hash=item2256df1862:g:oxQAAeSwYoFqSjqz,https://i.ebayimg.com/images/g/oxQAAeSwYoFqSjqz/s-l225.jpg
725,35.0,USED - Nikon D50 6.1MP Digital SLR Camera - Black With Free Shipping,Nikon,Digital Cameras,Used,34.99,USD,"FIXED_PRICE,BEST_OFFER",underpriced(med $212),US,potential.electronics,99.9,2026-08-05T22:05:57.000Z,,https://www.ebay.com/itm/158158409996?hash=item24d2f9d10c:g:kYEAAeSw87xqc7N5,https://i.ebayimg.com/images/g/kYEAAeSw87xqc7N5/s-l225.jpg
726,35.0,"Fujifilm FinePix A303 3.2MP Digital Camera Silver W/ Box, Cord, Manual, Case",Fujifilm,Digital Cameras,Used,34.99,USD,"FIXED_PRICE,BEST_OFFER",underpriced(med $291),US,abevbe-tezqfi,99.7,2026-08-05T23:26:24.000Z,,https://www.ebay.com/itm/188749487161?hash=item2bf2589c39:g:FnAAAeSw2OBqc8Y-,https://i.ebayimg.com/images/g/FnAAAeSw2OBqc8Y-/s-l225.jpg
727,35.0,"Fujifilm FinePix XP10 2.7"" LCD 12 MP 5x Optical Zoom Waterproof Digital Camera",Fujifilm,Digital Cameras,Used,34.99,USD,FIXED_PRICE,underpriced(med $291),US,c546_97,99.6,2026-08-06T00:16:20.000Z,,https://www.ebay.com/itm/398254639582?hash=item5cb9d389de:g:U9IAAeSwo4Nqai03,https://i.ebayimg.com/images/g/U9IAAeSwo4Nqai03/s-l225.jpg
728,35.0,Fujifilm FinePix A360 Digital Camera 4.1MP Blue Silver Vintage Digicam Tested,Fujifilm,Digital Cameras,Used,34.99,USD,"FIXED_PRICE,BEST_OFFER",underpriced(med $291),US,92dede74,100.0,2026-08-06T01:35:21.000Z,,https://www.ebay.com/itm/298563120006?hash=item4583bfab86:g:gYQAAeSwGs1qce3n,https://i.ebayimg.com/images/g/gYQAAeSwGs1qce3n/s-l225.jpg
729,35.0,"Canon IXUS, ELPH APS Film + Flash Comes With New Battery Works",Canon,Digital Cameras,Used,35.0,USD,"FIXED_PRICE,BEST_OFFER",underpriced(med $339),US,ratiowitch,99.7,2026-08-05T18:10:38.000Z,,https://www.ebay.com/itm/377397337591?hash=item57dea25df7:g:DEEAAeSwPpdqc3xL,https://i.ebayimg.com/images/g/DEEAAeSwPpdqc3xL/s-l225.jpg
730,35.0,Nikon COOLPIX S220 10.0MP Digital Camera - FOR PART ONLY PLEASE READ DS,Nikon,Digital Cameras,For parts or not working,35.0,USD,FIXED_PRICE,underpriced(med $212),US,veraubor_71,99.9,2026-08-05T19:24:47.000Z,,https://www.ebay.com/itm/377397448490?hash=item57dea40f2a:g:e5MAAeSwQtRqc41y,https://i.ebayimg.com/images/g/e5MAAeSwQtRqc41y/s-l225.jpg
731,35.0,Konica Minolta DiMAGE Z2 4MP Digital Camera 10x Optical Zoom SD Card Case Tested,Minolta,Digital Cameras,Used,35.0,USD,"FIXED_PRICE,BEST_OFFER",underpriced(med $118),US,jojos-goodies,100.0,2026-08-05T20:21:29.000Z,,https://www.ebay.com/itm/318683415538?hash=item4a330303f2:g:RHgAAeSwjF1qc5rh,https://i.ebayimg.com/images/g/RHgAAeSwjF1qc5rh/s-l225.jpg
732,35.0,Fujifilm FinePix S1500 10MP Digital Bridge Camera Tested Working SD Card,Fujifilm,Digital Cameras,Used,35.0,USD,"FIXED_PRICE,BEST_OFFER",underpriced(med $291),US,dea-48088,98.1,2026-08-05T21:26:47.000Z,,https://www.ebay.com/itm/227463892859?hash=item34f5e78f7b:g:UYIAAeSw2S9qc58I,https://i.ebayimg.com/images/g/UYIAAeSw2S9qc58I/s-l225.jpg
733,35.0,Olympus D-600L Digital Camera 1.4MP Progressive CCD 3x Zoom,Olympus,Digital Cameras,Used,35.0,USD,"FIXED_PRICE,BEST_OFFER",underpriced(med $347),US,mmc674,100.0,2026-08-05T21:24:55.000Z,,https://www.ebay.com/itm/287505896009?hash=item42f0afd249:g:Pj8AAeSwz-Bqc6m4,https://i.ebayimg.com/images/g/Pj8AAeSwz-Bqc6m4/s-l225.jpg
734,35.0,"Canon Powershot A510 Camera - 3.2MP, 4x Opt Zoom, Works/Tested",Canon,Digital Cameras,Used,35.0,USD,"FIXED_PRICE,BEST_OFFER",underpriced(med $339),US,iameer,99.5,2026-08-06T02:28:02.000Z,,https://www.ebay.com/itm/257664541188?hash=item3bfe00e204:g:RvIAAeSwQBhqc~D2,https://i.ebayimg.com/images/g/RvIAAeSwQBhqc~D2/s-l225.jpg
735,35.0,Canon PowerShot A85 Digital Camera 4MP – Tested –,Canon,Digital Cameras,Used,35.0,USD,FIXED_PRICE,underpriced(med $339),US,nightanddaydeal,99.3,2026-08-06T04:52:12.000Z,,https://www.ebay.com/itm/158159328416?hash=item24d307d4a0:g:~aoAAeSwPC5qJPiD,https://i.ebayimg.com/images/g/~aoAAeSwPC5qJPiD/s-l225.jpg
736,35.0,Fujifilm FinePix F700 compact digital camera Silver with memory card READ DESC,Fujifilm,Digital Cameras,For parts or not working,35.0,USD,"FIXED_PRICE,BEST_OFFER",underpriced(med $291),US,jsadv215,99.4,2026-08-06T04:18:10.000Z,,https://www.ebay.com/itm/236988463756?hash=item372d9cfa8c:g:NNYAAeSwQBhqdArU,https://i.ebayimg.com/images/g/NNYAAeSwQBhqdArU/s-l225.jpg
737,35.0,Canon Power Shot A1000IS - Used - Working,Canon,Digital Cameras,Used,35.0,USD,FIXED_PRICE,underpriced(med $339),US,edvko75,98.8,2026-08-06T05:50:46.000Z,,https://www.ebay.com/itm/336729042261?hash=item4e669d6d55:g:s6kAAeSwBEtqdCCY,https://i.ebayimg.com/images/g/s6kAAeSwBEtqdCCY/s-l225.jpg
738,35.0,Nikon COOLPIX s3000 Purple 12MP Compact Digital Camera 4x Zoom 2.7in LCD Wide,Nikon,Digital Cameras,For parts or not working,35.0,USD,FIXED_PRICE,underpriced(med $212),US,jeremys-little-red-barn,99.8,2026-08-06T05:50:40.000Z,,https://www.ebay.com/itm/398255443416?hash=item5cb9dfcdd8:g:ve4AAeSwwnlqdB7F,https://i.ebayimg.com/images/g/ve4AAeSwwnlqdB7F/s-l225.jpg
739,35.0,Olympus Stylus Tough-8000 Waterproof Camera. Charger Not Included,Olympus,Digital Cameras,Used,35.0,USD,"FIXED_PRICE,BEST_OFFER",underpriced(med $347),US,shrek-3322,100.0,2026-08-06T06:38:16.000Z,,https://www.ebay.com/itm/407123894776?hash=item5eca79a1f8:g:1ocAAeSwROhqciac,https://i.ebayimg.com/images/g/1ocAAeSwROhqciac/s-l225.jpg
740,35.0,Nikon Coolpix L3 Silver 5.1MP Digital Camera 3x Zoom Tested Works,Nikon,Digital Cameras,Used,35.99,USD,"FIXED_PRICE,BEST_OFFER",underpriced(med $212),US,eeveex3,100.0,2026-08-05T22:43:55.000Z,,https://www.ebay.com/itm/117342992149?hash=item1b522ff715:g:LVwAAeSwkB5qc5Xl,https://i.ebayimg.com/images/g/LVwAAeSwkB5qc5Xl/s-l225.jpg
741,35.0,Fujifilm FinePix S Series S3000 Digital Camera 3.2MP 6x Zoom (Tested & Working),Fujifilm,Digital Cameras,Used,36.0,USD,"FIXED_PRICE,BEST_OFFER",underpriced(med $291),US,erwag-9579,99.8,2026-08-05T21:55:14.000Z,,https://www.ebay.com/itm/206468606933?hash=item30127cebd5:g:3ykAAeSwT3JqSuey,https://i.ebayimg.com/images/g/3ykAAeSwT3JqSuey/s-l225.jpg
742,35.0,Fujifilm Digital Camera MX-1200 1.3MP w/ Memory Card & Batteries TESTED & WORKS,Fujifilm,Digital Cameras,Used,38.7,USD,"FIXED_PRICE,BEST_OFFER",underpriced(med $291),US,treasures_to-go,100.0,2026-08-05T19:19:42.000Z,,https://www.ebay.com/itm/117342672417?hash=item1b522b1621:g:inYAAeSwSX9qPSZ~,https://i.ebayimg.com/images/g/inYAAeSwSX9qPSZ~/s-l225.jpg
743,35.0,Fujifilm AX350 16.0 MP Digital Camera Black Case Box Tested Works,Fujifilm,Digital Cameras,Used,39.0,USD,FIXED_PRICE,underpriced(med $291),US,mautogroup,99.8,2026-08-06T01:42:22.000Z,,https://www.ebay.com/itm/257664477571?hash=item3bfdffe983:g:xscAAeSwihxqc-Zv,https://i.ebayimg.com/images/g/xscAAeSwihxqc-Zv/s-l225.jpg
744,35.0,Canon PowerShot SX10 IS 10.0MP Digital Camera - Black READ DESC,Canon,Digital Cameras,Used,39.95,USD,"FIXED_PRICE,BEST_OFFER",underpriced(med $339),US,ellisdana,100.0,2026-08-05T22:01:21.000Z,,https://www.ebay.com/itm/267748946106?hash=item3e5714b0ba:g:6QIAAeSwRQxqc7G2,https://i.ebayimg.com/images/g/6QIAAeSwRQxqc7G2/s-l225.jpg
745,35.0,Fujifilm FinePix A850 8.1MP Digital Point & Shoot Camera Silver 3x Zoom W/ Case,Fujifilm,Digital Cameras,Used,39.99,USD,FIXED_PRICE,underpriced(med $291),US,goodwillsocalshop,99.7,2026-08-05T18:56:10.000Z,,https://www.ebay.com/itm/267748783636?hash=item3e57123614:g:a4kAAeSwhINqak2l,https://i.ebayimg.com/images/g/a4kAAeSwhINqak2l/s-l225.jpg
746,35.0,Olympus Stylus 740 Camera 7.1 MP Zoom Tested Works New Battery/charger Read,Olympus,Digital Cameras,Used,39.99,USD,"FIXED_PRICE,BEST_OFFER",underpriced(med $347),US,mwest1701,100.0,2026-08-05T20:23:06.000Z,,https://www.ebay.com/itm/168591640843?hash=item2740d8490b:g:PbcAAeSwxMpqc5mv,https://i.ebayimg.com/images/g/PbcAAeSwxMpqc5mv/s-l225.jpg
747,35.0,Nikon COOLPIX P100 10.3MP Digital Camera - Black *WORKS* LCD Lines,Nikon,Digital Cameras,Used,39.99,USD,FIXED_PRICE,underpriced(med $212),US,california545,99.9,2026-08-05T21:41:39.000Z,,https://www.ebay.com/itm/327296896575?hash=item4c346a4e3f:g:p00AAeSwSApqc63T,https://i.ebayimg.com/images/g/p00AAeSwSApqc63T/s-l225.jpg
748,35.0,Nikon Coolpix S1 Silver 5.1MP Digital Compact Camera with Charger-Tested,Nikon,Digital Cameras,Used,39.99,USD,"FIXED_PRICE,BEST_OFFER",underpriced(med $212),US,rdbaront42,99.7,2026-08-05T22:36:37.000Z,,https://www.ebay.com/itm/188749357956?hash=item2bf256a384:g:anIAAeSwLodqOxE3,https://i.ebayimg.com/images/g/anIAAeSwLodqOxE3/s-l225.jpg
749,35.0,Canon EOS Rebel DS6041 6.3MP Digital SLR Camera Body Charger And 2 Batteries,Canon,Digital Cameras,Used,39.99,USD,"FIXED_PRICE,BEST_OFFER",underpriced(med $339),US,splittingserifs,99.9,2026-08-05T23:53:19.000Z,,https://www.ebay.com/itm/168592019729?hash=item2740de1111:g:iawAAeSwgblqc8y3,https://i.ebayimg.com/images/g/iawAAeSwgblqc8y3/s-l225.jpg
750,35.0,Olympus Stylus 1030SW 10.1MP -black- with 1 GB Fujifilm xD card and charger,Olympus,Digital Cameras,Used,39.99,USD,"FIXED_PRICE,BEST_OFFER",underpriced(med $347),US,sunskisurf,98.8,2026-08-06T00:03:24.000Z,,https://www.ebay.com/itm/236987954253?hash=item372d95344d:g:lDkAAeSwVktqc829,https://i.ebayimg.com/images/g/lDkAAeSwVktqc829/s-l225.jpg
751,35.0,Pentax Optio E40 8.1MP Digital Camera 3X Zoom Tested Works,Pentax,Digital Cameras,Used,39.99,USD,"FIXED_PRICE,BEST_OFFER",underpriced(med $258),US,nr2b-finds,100.0,2026-08-06T01:41:13.000Z,,https://www.ebay.com/itm/287506238146?hash=item42f0b50ac2:g:pNYAAeSw2S9qc-Vl,https://i.ebayimg.com/images/g/pNYAAeSw2S9qc-Vl/s-l225.jpg
752,35.0,Nikon Coolpix S1 5.1MP Digital Camera Battery Charger Working,Nikon,Digital Cameras,Used,39.99,USD,"FIXED_PRICE,BEST_OFFER",underpriced(med $212),US,kkallday1986_7,99.5,2026-08-06T01:07:09.000Z,,https://www.ebay.com/itm/287506189956?hash=item42f0b44e84:g:Ze4AAeSw6JVqc94a,https://i.ebayimg.com/images/g/Ze4AAeSw6JVqc94a/s-l225.jpg
753,35.0,"Canon PowerShot S230 Digital ELPH 3.2MP Silver Camera 2x Zoom No Battery, Tested",Canon,Digital Cameras,Used,39.99,USD,FIXED_PRICE,underpriced(med $339),US,turtlepower707,99.7,2026-08-06T04:21:26.000Z,,https://www.ebay.com/itm/327297330014?hash=item4c3470eb5e:g:gjUAAeSw6wpqdAt1,https://i.ebayimg.com/images/g/gjUAAeSw6wpqdAt1/s-l225.jpg
754,35.0,Nikon Coolpix 7900 Digital Camera 7.1MP 3x Zoom Black Battery + Charger Tested,Nikon,Digital Cameras,Used,39.99,USD,"FIXED_PRICE,BEST_OFFER",underpriced(med $212),US,sloansresale,99.7,2026-08-06T04:06:27.000Z,,https://www.ebay.com/itm/188750491622?hash=item2bf267efe6:g:x3AAAeSwcXdqdAfe,https://i.ebayimg.com/images/g/x3AAAeSwcXdqdAfe/s-l225.jpg
755,35.0,Fujifilm FinePix JV100 12MP Digital Camera Black Tested with Charger *READ*,Fujifilm,Digital Cameras,Used,39.99,USD,"FIXED_PRICE,BEST_OFFER",underpriced(med $291),US,nr2b-finds,100.0,2026-08-06T04:04:14.000Z,,https://www.ebay.com/itm/287506501736?hash=item42f0b91068:g:VbgAAeSwMttqdAZp,https://i.ebayimg.com/images/g/VbgAAeSwMttqdAZp/s-l225.jpg
756,35.0,Canon PowerShot S50 Black Digital Camera 5.0MP w/ Battery & Charger -- READ,Canon,Digital Cameras,For parts or not working,39.99,USD,"FIXED_PRICE,BEST_OFFER",underpriced(med $339),US,chocolatemochi,99.9,2026-08-06T04:40:14.000Z,,https://www.ebay.com/itm/227464261277?hash=item34f5ed2e9d:g:si8AAeSwNSpokndW,https://i.ebayimg.com/images/g/si8AAeSwNSpokndW/s-l225.jpg
757,35.0,Olympus Stylus 710 Digital Camera 7.1 MP 3X Zoom Silver Charger All-Weather,Olympus,Digital Cameras,Used,39.99,USD,"FIXED_PRICE,BEST_OFFER",underpriced(med $347),US,gorlocksgarage,100.0,2026-08-06T05:04:38.000Z,,https://www.ebay.com/itm/137591601171?hash=item2009193813:g:FukAAeSwqNVqdA0t,https://i.ebayimg.com/images/g/FukAAeSwqNVqdA0t/s-l225.jpg
758,35.0,Nikon COOLPIX 3200 Compact Digital Camera 3.2MP 3x Optical Zoom Silver,Nikon,Digital Cameras,Used,39.99,USD,"FIXED_PRICE,BEST_OFFER",underpriced(med $212),US,the574flipper,100.0,2026-08-06T05:04:36.000Z,,https://www.ebay.com/itm/147486249133?hash=item2256dd90ad:g:K~8AAeSwxLNqdBVo,https://i.ebayimg.com/images/g/K~8AAeSwxLNqdBVo/s-l225.jpg
759,35.0,Panasonic LUMIX DMC-LS80 8.1MP Digital Camera Silver From Japan,Panasonic,Digital Cameras,Used,49.0,USD,"FIXED_PRICE,BEST_OFFER",underpriced(med $171),JP,mint_24_japan,100.0,2026-08-05T23:25:01.000Z,,https://www.ebay.com/itm/336728528096?hash=item4e669594e0:g:rygAAeSwH1RprSox,https://i.ebayimg.com/images/g/rygAAeSwH1RprSox/s-l225.jpg
760,35.0,Yashica Yashinon zoom 75-230mm F/4.5 #307,Yashica,Lenses,Used,50.7,USD,"FIXED_PRICE,AUCTION",auction,US,freshlen_46,100.0,2026-08-05T23:30:00.000Z,2026-08-10T23:30:00.000Z,https://www.ebay.com/itm/298559459036?hash=item458387cedc:g:misAAeSwM~Rp-hPt,https://i.ebayimg.com/images/g/misAAeSwM~Rp-hPt/s-l225.jpg
761,35.0,Sony Cybershot DSC-H10 DigitalCamera Digicam Japanese nemu only Tested #3006303,Sony,Digital Cameras,Used,59.99,USD,"FIXED_PRICE,BEST_OFFER",underpriced(med $180),JP,swjo_329,100.0,2026-08-06T03:55:19.000Z,,https://www.ebay.com/itm/366589585028?hash=item555a712684:g:DtwAAeSwkB5qdAUy,https://i.ebayimg.com/images/g/DtwAAeSwkB5qdAUy/s-l225.jpg
762,35.0,Panasonic LUMIX DMC-FX33 8.1MP Compact Digital Camera Chocolate Brown #260804l,Panasonic,Digital Cameras,Used,68.0,USD,FIXED_PRICE,underpriced(med $171),JP,alpscamera,99.8,2026-08-06T01:25:53.000Z,,https://www.ebay.com/itm/327297151213?hash=item4c346e30ed:g:a3AAAeSw9Hxqc-Gr,https://i.ebayimg.com/images/g/a3AAAeSw9Hxqc-Gr/s-l225.jpg
763,35.0,SONY Cyber-shot DSC-W35 Digital Camera #0033,Sony,Digital Cameras,Used,68.0,USD,FIXED_PRICE,underpriced(med $180),JP,step-f,98.7,2026-08-06T06:06:48.000Z,,https://www.ebay.com/itm/358890412741?hash=item538f891ac5:g:OkkAAeSwHJ5qM-ps,https://i.ebayimg.com/images/g/OkkAAeSwHJ5qM-ps/s-l225.jpg
764,35.0,Panasonic Lumix DMC-S2 Digital Camera 4x Optical Power #0003,Panasonic,Digital Cameras,Used,74.0,USD,FIXED_PRICE,underpriced(med $171),JP,step-f,98.7,2026-08-06T06:06:48.000Z,,https://www.ebay.com/itm/358890412696?hash=item538f891a98:g:pxoAAeSwGFlqM-pU,https://i.ebayimg.com/images/g/pxoAAeSwGFlqM-pU/s-l225.jpg
765,35.0,SONY Cyber-shot DSC-L1 Digital Camera #0003,Sony,Digital Cameras,Used,75.0,USD,FIXED_PRICE,underpriced(med $180),JP,step-f,98.7,2026-08-06T06:06:49.000Z,,https://www.ebay.com/itm/358890412896?hash=item538f891b60:g:3M8AAeSw-1dqYYiO,https://i.ebayimg.com/images/g/3M8AAeSw-1dqYYiO/s-l225.jpg
766,35.0,Excellent Sony Cyber-shot DSC-W80 White Digital Camera 7.2MP 4248,Sony,Digital Cameras,Used,78.76,USD,FIXED_PRICE,underpriced(med $180),JP,keshi93,99.7,2026-08-06T02:00:49.000Z,,https://www.ebay.com/itm/147485977822?hash=item2256d96cde:g:jtIAAeSwgCRqc-rF,https://i.ebayimg.com/images/g/jtIAAeSwgCRqc-rF/s-l225.jpg
767,35.0,"Sony (Minolta a-mount) AF 75-300mm f4.5/5.6 - small & light - w/ CPL, case, hood",Minolta,Lenses,Used,79.99,USD,"FIXED_PRICE,AUCTION",auction,US,xkaes,97.8,2026-08-06T02:01:41.000Z,2026-08-13T02:01:41.000Z,https://www.ebay.com/itm/168592234847?hash=item2740e1595f:g:MWMAAeSwfyZqMyC8,https://i.ebayimg.com/images/g/MWMAAeSwfyZqMyC8/s-l225.jpg
768,35.0,SMC Takumar 50mm f/1.4 Asahi opt co #296,Asahi,Lenses,Used,97.5,USD,"FIXED_PRICE,AUCTION",auction,US,freshlen_46,100.0,2026-08-06T01:30:00.000Z,2026-08-11T01:30:00.000Z,https://www.ebay.com/itm/298559457964?hash=item458387caac:g:VjwAAeSwxChp8OGo,https://i.ebayimg.com/images/g/VjwAAeSwxChp8OGo/s-l225.jpg
769,35.0,"Konica-Omega Hexanon 100mm f/2.8 Telephoto Lens, Konica Omega Mount, Case",Konica,Lenses,Used,125.0,USD,"FIXED_PRICE,AUCTION",auction,US,rdeeds1,100.0,2026-08-05T23:31:52.000Z,2026-08-12T23:31:52.000Z,https://www.ebay.com/itm/407123275605?hash=item5eca702f55:g:VksAAeSwFcFqPGhC,https://i.ebayimg.com/images/g/VksAAeSwFcFqPGhC/s-l225.jpg
770,35.0,"MINOLTA MOUNT LENS BUNDLE: Zoom 35-70 F3.5-4.5, 50mm f/1.7, Maxxum 35-70m F4",Minolta,Lenses,Used,139.42,USD,"FIXED_PRICE,AUCTION",auction,US,freshlen_46,100.0,2026-08-06T01:30:00.000Z,2026-08-11T01:30:00.000Z,https://www.ebay.com/itm/298559458040?hash=item458387caf8:g:J3kAAOSwtclmxkfn,https://i.ebayimg.com/images/g/J3kAAOSwtclmxkfn/s-l225.jpg
771,35.0,Nikon Nikor-H 85mm f/1.8 #351,Nikon,Lenses,Used,156.0,USD,"FIXED_PRICE,AUCTION",auction,US,freshlen_46,100.0,2026-08-06T01:30:00.000Z,2026-08-11T01:30:00.000Z,https://www.ebay.com/itm/298559458011?hash=item458387cadb:g:1QQAAeSwqIdqKGu2,https://i.ebayimg.com/images/g/1QQAAeSwqIdqKGu2/s-l225.jpg
772,35.0,Olympus TCON-17X Tele Converter,Olympus,Lenses,Used,200.0,USD,"FIXED_PRICE,AUCTION",auction,US,freshlen_46,100.0,2026-08-05T23:30:00.000Z,2026-08-10T23:30:00.000Z,https://www.ebay.com/itm/298559459048?hash=item458387cee8:g:lmUAAOSwrDBm~FZ~,https://i.ebayimg.com/images/g/lmUAAOSwrDBm~FZ~/s-l225.jpg
773,35.0,Olympus 3M Lens 18.25x Japan,Olympus,Lenses,Used,249.0,USD,"FIXED_PRICE,AUCTION",auction,US,lodabo,100.0,2026-08-05T22:32:14.000Z,2026-08-12T22:32:14.000Z,https://www.ebay.com/itm/366589047207?hash=item555a68f1a7:g:Ik0AAeSwRQFpnemo,https://i.ebayimg.com/images/g/Ik0AAeSwRQFpnemo/s-l225.jpg
774,35.0,Sony FE 50mm f/1.8 Lens - Full Frame -E Mount- Super Fast & Same Day Shipping,Sony,Lenses,Used,261.25,USD,FIXED_PRICE,mount:sony e,US,lafilmandsk8,100.0,2026-08-06T00:24:22.000Z,,https://www.ebay.com/itm/398254658276?hash=item5cb9d3d2e4:g:jIsAAOSw0wVnGNI8,https://i.ebayimg.com/images/g/jIsAAOSw0wVnGNI8/s-l225.jpg
775,35.0,Sigma 18-300mm F/3.5-6.3 DC Nikon #302,Nikon,Lenses,Used,323.7,USD,"FIXED_PRICE,AUCTION",auction,US,freshlen_46,100.0,2026-08-06T01:30:00.000Z,2026-08-11T01:30:00.000Z,https://www.ebay.com/itm/298559458019?hash=item458387cae3:g:nmoAAeSwZeRp-hT5,https://i.ebayimg.com/images/g/nmoAAeSwZeRp-hT5/s-l225.jpg
776,35.0,Olympus OM-D E-M5 body & 12-50mm Lens (Shutter Count 7179) [Near Mint] US Stock,Olympus,Digital Cameras,Very Good - Refurbished,461.28,USD,FIXED_PRICE,mount:olympus om;good-cond,US,flagshipcamera,99.8,2026-08-06T01:08:19.000Z,,https://www.ebay.com/itm/307109933422?hash=item47812db16e:g:ZxEAAeSwhINqctsP,https://i.ebayimg.com/images/g/ZxEAAeSwhINqctsP/s-l225.jpg
777,35.0,Canon EOS M100 Mirrorless Camera + EF-M 15-45mm IS STM Near Mint,Canon,Digital Cameras,Used,590.0,USD,FIXED_PRICE,mount:canon ef;good-cond,US,reta-280,100.0,2026-08-06T04:21:06.000Z,,https://www.ebay.com/itm/336728921409?hash=item4e669b9541:g:Y-MAAeSwQw5qdAr1,https://i.ebayimg.com/images/g/Y-MAAeSwQw5qdAr1/s-l225.jpg
778,35.0,"Nikon AF-S 500mm f/5.6E PF Lens, Excellent Condition, Really Right Stuff Foot",Nikon,Lenses,Used,2600.0,USD,"FIXED_PRICE,AUCTION",auction,US,dkmcadams,100.0,2026-08-05T21:44:16.000Z,2026-08-12T21:44:16.000Z,https://www.ebay.com/itm/307109589911?hash=item4781287397:g:VjoAAeSwXcZqRr0d,https://i.ebayimg.com/images/g/VjoAAeSwXcZqRr0d/s-l225.jpg
779,34.0,Compact USB Camera Battery Charger for Leica & Panasonic Small Size,Leica,Digital Cameras,New,26.96,USD,FIXED_PRICE,underpriced(med $306);low-feedback,GB,milleniongear,94.5,2026-08-06T04:21:15.000Z,,https://www.ebay.com/itm/128013233363?hash=item1dce2eecd3:g:oWAAAeSweXxqdAx2,https://i.ebayimg.com/images/g/oWAAAeSweXxqdAx2/s-l225.jpg
780,34.0,Compact USB Camera Battery Charger for Leica & Panasonic Small Size,Leica,Digital Cameras,New,26.96,USD,FIXED_PRICE,underpriced(med $306);low-feedback,GB,pressineuk,96.0,2026-08-06T03:59:45.000Z,,https://www.ebay.com/itm/117343410318?hash=item1b5236588e:g:EdQAAeSwfVNqdAel,https://i.ebayimg.com/images/g/EdQAAeSwfVNqdAel/s-l225.jpg
781,34.0,Minolta 50-135mm f/3.5 Zoom Lens Manual Focus MD Mount Telephoto Vintage Japan,Minolta,Lenses,Used,74.06,USD,FIXED_PRICE,mount:minolta md,GB,camerarstore,99.9,2026-08-06T04:37:13.000Z,,https://www.ebay.com/itm/188750605813?hash=item2bf269adf5:g:12QAAeSwgH9pqrKJ,https://i.ebayimg.com/images/g/12QAAeSwgH9pqrKJ/s-l225.jpg
782,34.0,Canon Zoom Lens Ultrasonic EF 55-200Mm 4.5-5.6 USM II Digital EOS,Canon,Lenses,Used,179.87,USD,"FIXED_PRICE,BEST_OFFER",mount:canon ef,DE,foto-sandor,100.0,2026-08-06T09:55:46.000Z,,https://www.ebay.com/itm/800470028360?hash=itemba5fbb5048:g:1t4AAeSwFdNqUoWc,https://i.ebayimg.com/images/g/1t4AAeSwFdNqUoWc/s-l225.jpg
783,34.0,Canon EOS Kiss X2 Digital Camera with 18-55mm Lens Great for Beginners,Canon,Digital Cameras,Used,187.0,USD,"FIXED_PRICE,BEST_OFFER",55mm,JP,tetyama15,100.0,2026-08-06T02:03:23.000Z,,https://www.ebay.com/itm/318684635123?hash=item4a33159ff3:g:cfAAAeSw1uFqc~H6,https://i.ebayimg.com/images/g/cfAAAeSw1uFqc~H6/s-l225.jpg
784,34.0,Canon EOS Kiss F DSLR Camera with 18-55mm Lens Great for Beginners,Canon,Digital Cameras,Used,191.91,USD,"FIXED_PRICE,BEST_OFFER",55mm,JP,tetyama15,100.0,2026-08-06T02:09:48.000Z,,https://www.ebay.com/itm/318684708374?hash=item4a3316be16:g:DU0AAeSwhINqc~IZ,https://i.ebayimg.com/images/g/DU0AAeSwhINqc~IZ/s-l225.jpg
785,34.0,Canon EOS Kiss F Digital SLR Camera with 18-55mm Lens Great for Beginners,Canon,Digital Cameras,Used,193.56,USD,"FIXED_PRICE,BEST_OFFER",55mm,JP,tetyama15,100.0,2026-08-06T02:12:54.000Z,,https://www.ebay.com/itm/318684714613?hash=item4a3316d675:g:Np4AAeSwRRNqc~Kh,https://i.ebayimg.com/images/g/Np4AAeSwRRNqc~Kh/s-l225.jpg
786,34.0,Canon EOS 40D DSLR Camera with 18-55mm Lens High Speed AF Excellent Condition,Canon,Digital Cameras,Used,204.3,USD,"FIXED_PRICE,BEST_OFFER",55mm,JP,tetyama15,100.0,2026-08-06T02:01:19.000Z,,https://www.ebay.com/itm/318684621169?hash=item4a33156971:g:Q8YAAeSw~gZqc~IC,https://i.ebayimg.com/images/g/Q8YAAeSw~gZqc~IC/s-l225.jpg
787,34.0,Tokina SZ 8mm F2.8 Fisheye MF Lens for Fuji X Mount Camera,Fuji,Lenses,Brand New,309.85,USD,FIXED_PRICE,mount:fuji x,AU,pricedumb,99.5,2026-08-06T00:05:20.000Z,,https://www.ebay.com/itm/178378030305?hash=item298828bce1:g:rzcAAOSwVR1mZPdc,https://i.ebayimg.com/images/g/rzcAAOSwVR1mZPdc/s-l225.jpg
788,34.0,Tokina atx-i 100mm f/2.8 FF Macro Lens PLUS for Nikon F Mount Camera with Hood,Nikon,Lenses,Brand New,556.88,USD,FIXED_PRICE,mount:nikon f,AU,pricedumb,99.5,2026-08-05T23:10:05.000Z,,https://www.ebay.com/itm/188749455385?hash=item2bf2582019:g:gsoAAOSw8j9mYtfM,https://i.ebayimg.com/images/g/gsoAAOSw8j9mYtfM/s-l225.jpg
789,34.0,Tokina SZ 900mm PRO F11 MF CF Telephoto Lens For Fujifilm X Mount Camera + Hood,Fujifilm,Lenses,Brand New,585.11,USD,FIXED_PRICE,mount:hasselblad v,AU,pricedumb,99.5,2026-08-05T23:40:36.000Z,,https://www.ebay.com/itm/188749547244?hash=item2bf25986ec:g:r-YAAOSwbVdmaufy,https://i.ebayimg.com/images/g/r-YAAOSwbVdmaufy/s-l225.jpg
790,34.0,Tokina atx-i 100mm f/2.8 FF Macro PLUS Lens for Canon EF Mount Camera with Hood,Canon,Lenses,Brand New,634.51,USD,FIXED_PRICE,mount:canon ef,AU,pricedumb,99.5,2026-08-05T23:16:22.000Z,,https://www.ebay.com/itm/188749480768?hash=item2bf2588340:g:REcAAOSwUlZmYtxL,https://i.ebayimg.com/images/g/REcAAOSwUlZmYtxL/s-l225.jpg
791,34.0,Sigma 56mm F1.4 DC DN Contemporary Lens for Nikon Z Mount Camera with Hood,Nikon,Lenses,Brand New,667.69,USD,FIXED_PRICE,mount:nikon z,AU,pricedumb,99.5,2026-08-05T23:32:28.000Z,,https://www.ebay.com/itm/178377972025?hash=item298827d939:g:0DwAAOSwSH1l1w-M,https://i.ebayimg.com/images/g/0DwAAOSwSH1l1w-M/s-l225.jpg
792,34.0,Sigma 16mm F1.4 DC DN Contemporary Lens for Nikon Z Mount Camera with Hood,Nikon,Lenses,Brand New,690.98,USD,FIXED_PRICE,mount:nikon z,AU,pricedumb,99.5,2026-08-05T23:32:28.000Z,,https://www.ebay.com/itm/188749535975?hash=item2bf2595ae7:g:kVMAAOSwpOhl1xHq,https://i.ebayimg.com/images/g/kVMAAOSwpOhl1xHq/s-l225.jpg
793,34.0,Tokina atx-i 11-20mm f/2.8 CF Lens PLUS for Canon EF-Mount Camera,Canon,Lenses,Brand New,916.83,USD,FIXED_PRICE,mount:canon ef,AU,pricedumb,99.5,2026-08-05T23:33:31.000Z,,https://www.ebay.com/itm/188749539123?hash=item2bf2596733:g:PEwAAOSw3PBmdT08,https://i.ebayimg.com/images/g/PEwAAOSw3PBmdT08/s-l225.jpg
794,34.0,Sigma 10-18mm F2.8 DC DN Contemporary Lens for Fuji X Mount Camera with Hood,Fuji,Lenses,Brand New,916.83,USD,FIXED_PRICE,mount:fuji x,AU,pricedumb,99.5,2026-08-05T23:32:28.000Z,,https://www.ebay.com/itm/188749535927?hash=item2bf2595ab7:g:534AAOSwRcNl1wnY,https://i.ebayimg.com/images/g/534AAOSwRcNl1wnY/s-l225.jpg
795,34.0,Sigma 100-400mm f/5-6.3 DG DN OS Contemporary Lens for Fuji X Mount Camera,Fuji,Lenses,Brand New,1057.99,USD,FIXED_PRICE,mount:fuji x,AU,pricedumb,99.5,2026-08-05T23:32:28.000Z,,https://www.ebay.com/itm/188749535925?hash=item2bf2595ab5:g:iQAAAOSw115l1xUH,https://i.ebayimg.com/images/g/iQAAAOSw115l1xUH/s-l225.jpg
796,34.0,SLR Magic MicroPrime Cine APO 85mm T2.1 Camera Cinema Lens for Canon EF Mount,Canon,Lenses,Brand New,1700.98,USD,FIXED_PRICE,mount:canon ef,AU,pricedumb,99.5,2026-08-05T23:16:21.000Z,,https://www.ebay.com/itm/188749480704?hash=item2bf2588300:g:HwwAAOSwpmNmBVjw,https://i.ebayimg.com/images/g/HwwAAOSwpmNmBVjw/s-l225.jpg
797,34.0,SLR Magic MicroPrime Cine APO 50mm T2.1 Camera Cinema Lens for Canon EF Mount,Canon,Lenses,Brand New,1700.98,USD,FIXED_PRICE,mount:canon ef,AU,pricedumb,99.5,2026-08-05T23:16:21.000Z,,https://www.ebay.com/itm/188749480713?hash=item2bf2588309:g:9bcAAOSwciJmBVYC,https://i.ebayimg.com/images/g/9bcAAOSwciJmBVYC/s-l225.jpg
798,34.0,SLR Magic MicroPrime APO 32mm T2.1 Cine Camera Cinema Lens for Canon EF Mount,Canon,Lenses,Brand New,1700.98,USD,FIXED_PRICE,mount:canon ef,AU,pricedumb,99.5,2026-08-05T23:32:28.000Z,,https://www.ebay.com/itm/178377972040?hash=item298827d948:g:GcAAAOSwY8Zl-~-o,https://i.ebayimg.com/images/g/GcAAAOSwY8Zl-~-o/s-l225.jpg
799,34.0,SLR Magic MicroPrime APO Cine 25mm T2.1 Camera Cinema Lens for Canon EF Mount,Canon,Lenses,Brand New,1700.98,USD,FIXED_PRICE,mount:canon ef,AU,pricedumb,99.5,2026-08-05T23:32:28.000Z,,https://www.ebay.com/itm/178377972060?hash=item298827d95c:g:SCgAAOSwI4Jl-~zu,https://i.ebayimg.com/images/g/SCgAAOSwI4Jl-~zu/s-l225.jpg
800,33.0,Minolta Maxxum AF Zoom 70-210mm f/4 UNTESTED #222,Minolta,Lenses,Used,37.71,USD,"FIXED_PRICE,AUCTION",neg;underpriced(med $100);auction,US,freshlen_46,100.0,2026-08-05T23:30:00.000Z,2026-08-10T23:30:00.000Z,https://www.ebay.com/itm/298559459031?hash=item458387ced7:g:eCYAAeSwGR9psEfx,https://i.ebayimg.com/images/g/eCYAAeSwGR9psEfx/s-l225.jpg
801,33.0,"Nikon COOLPIX L120 Compact Digital Camera 14.1MP 21x Zoom 3"" HDMI Black",Nikon,Digital Cameras,Used,46.0,USD,"FIXED_PRICE,BEST_OFFER",underpriced(med $212);low-feedback,US,op.show19,85.7,2026-08-05T21:46:06.000Z,,https://www.ebay.com/itm/147485625519?hash=item2256d40caf:g:8zkAAeSw3mlqc68I,https://i.ebayimg.com/images/g/8zkAAeSw3mlqc68I/s-l225.jpg
802,33.0,Nikon COOLPIX S6000 14.2MP Gold Digital Camera Tested & Working,Nikon,Digital Cameras,Used,62.99,USD,"FIXED_PRICE,BEST_OFFER",underpriced(med $212);low-feedback,US,pdx_collex,95.7,2026-08-06T02:44:30.000Z,,https://www.ebay.com/itm/137591270719?hash=item2009142d3f:g:bhwAAeSwBu9qUBxj,https://i.ebayimg.com/images/g/bhwAAeSwBu9qUBxj/s-l225.jpg
803,33.0,Nikon COOLPIX 2100 2.0MP Digital Camera - Silver,Nikon,Digital Cameras,Open box,89.8,USD,"FIXED_PRICE,BEST_OFFER",underpriced(med $212);low-feedback,US,goldmanza2258,85.7,2026-08-06T02:32:33.000Z,,https://www.ebay.com/itm/147486031345?hash=item2256da3df1:g:jqcAAeSw2OBqc~In,https://i.ebayimg.com/images/g/jqcAAeSw2OBqc~In/s-l225.jpg
804,33.0,Century Pro Series HD .6x Wide Angle Adapter For Panasonic HVX200,Panasonic,Lenses,Used,130.0,USD,"FIXED_PRICE,AUCTION",auction,US,freshlen_46,100.0,2026-08-06T01:30:00.000Z,2026-08-11T01:30:00.000Z,https://www.ebay.com/itm/298559457871?hash=item458387ca4f:g:m1QAAeSwnudo2t45,https://i.ebayimg.com/images/g/m1QAAeSwnudo2t45/s-l225.jpg
805,33.0,【Near MINT 】Nikon COOLPIX S6200 Digital Camera 16.0MP 10x Optical Zoom,Nikon,Digital Cameras,Used,142.99,USD,FIXED_PRICE,good-cond,JP,rytag50,100.0,2026-08-05T21:40:52.000Z,,https://www.ebay.com/itm/377397653876?hash=item57dea73174:g:BZUAAeSwk1BqJKAh,https://i.ebayimg.com/images/g/BZUAAeSwk1BqJKAh/s-l225.jpg
806,33.0,[MINT] Nikon COOLPIX S4300 White 16.0MP Compact Digital Camera w Box from JAPAN,Nikon,Digital Cameras,Used,154.49,USD,FIXED_PRICE,good-cond,JP,kirari_japan_9,100.0,2026-08-06T02:07:12.000Z,,https://www.ebay.com/itm/336728764379?hash=item4e66992fdb:g:0BEAAOSwUk5nKy4~,https://i.ebayimg.com/images/g/0BEAAOSwUk5nKy4~/s-l225.jpg
807,33.0,Olympus PEN E-PM1 12.3MP MFT Camera + 9mm f/8 Fisheye Lens + EXTRAS,Olympus,Digital Cameras,Used,164.99,USD,FIXED_PRICE,mount:micro 4/3,US,alliz001,100.0,2026-08-06T02:37:54.000Z,,https://www.ebay.com/itm/117343329344?hash=item1b52351c40:g:Et8AAeSwzGVqc~Gp,https://i.ebayimg.com/images/g/Et8AAeSwzGVqc~Gp/s-l225.jpg
808,33.0,Fujifilm FinePix S1 Pro DSLR Camera with AF Nikkor 35-70mm Zoom Lens,Fujifilm,Digital Cameras,Used,170.0,USD,FIXED_PRICE,mount:nikon f,US,e-snappy-camera,99.4,2026-08-06T00:33:05.000Z,,https://www.ebay.com/itm/147485855682?hash=item2256d78fc2:g:lSIAAeSw6Ppqc9Ul,https://i.ebayimg.com/images/g/lSIAAeSw6Ppqc9Ul/s-l225.jpg
809,33.0,【MINT S/C 2770】Nikon D3200 24.2MP Digital SLR Camera DSLR Black Body,Nikon,Digital Cameras,Used,170.99,USD,FIXED_PRICE,good-cond,JP,japan_fun_camera,100.0,2026-08-06T01:59:18.000Z,,https://www.ebay.com/itm/188750055838?hash=item2bf261499e:g:jEwAAeSwNRxqc-kb,https://i.ebayimg.com/images/g/jEwAAeSwNRxqc-kb/s-l225.jpg
810,33.0,[MINT] Nikon Coolpix S3500 Pink Compact 20.0MP Digital Camera from Japan #137,Nikon,Digital Cameras,Used,172.64,USD,FIXED_PRICE,good-cond,JP,his50s_brands,100.0,2026-08-06T06:57:03.000Z,,https://www.ebay.com/itm/358890541327?hash=item538f8b110f:g:ST4AAeSwDslpc4LB,https://i.ebayimg.com/images/g/ST4AAeSwDslpc4LB/s-l225.jpg
811,33.0,"SC 28,461[Top MINT]Nikon D300 12.3 MP Digital SLR Camera Body From JAPAN 2949295",Nikon,Digital Cameras,Used,173.0,USD,FIXED_PRICE,good-cond,JP,praise-the-80,100.0,2026-08-06T07:38:19.000Z,,https://www.ebay.com/itm/800469574952?hash=itemba5fb46528:g:3nEAAeSw7VBqR8fT,https://i.ebayimg.com/images/g/3nEAAeSw7VBqR8fT/s-l225.jpg
812,33.0,Canon 550D with EF-S 18-55mm IS Lens (Excellent Condition),Canon,Digital Cameras,Used,173.74,USD,FIXED_PRICE,mount:canon ef;55mm,GB,felizalma,100.0,2026-08-05T19:48:40.000Z,,https://www.ebay.com/itm/128012681443?hash=item1dce2680e3:g:-bgAAeSwNKlqc5Lq,https://i.ebayimg.com/images/g/-bgAAeSwNKlqc5Lq/s-l225.jpg
813,33.0,Nikon COOLPIX P520 Red Digital Camera 18.1MP 42x Zoom Full HD 1080p GPS Exc+++++,Nikon,Digital Cameras,Used,177.0,USD,"FIXED_PRICE,BEST_OFFER",good-cond,JP,japan_fun_select,99.6,2026-08-06T05:22:10.000Z,,https://www.ebay.com/itm/137591639684?hash=item200919ce84:g:06cAAeSwlOZqYe-5,https://i.ebayimg.com/images/g/06cAAeSwlOZqYe-5/s-l225.jpg
814,33.0,Olympus OM-D E-M5 16.1 MP Digital Camera Black (Body Only),Olympus,Digital Cameras,Used,180.0,USD,"FIXED_PRICE,BEST_OFFER",mount:olympus om,US,kalehelle_0,100.0,2026-08-06T02:21:34.000Z,,https://www.ebay.com/itm/358889827991?hash=item538f802e97:g:4XwAAeSwZB9qc-72,https://i.ebayimg.com/images/g/4XwAAeSwZB9qc-72/s-l225.jpg
815,33.0,Canon EOS 7D Digital SLR Camera Body w/ Battery Grip 18MP 3in & CF Cards,Canon,Digital Cameras,Used,189.99,USD,"FIXED_PRICE,BEST_OFFER",mount:hasselblad v,US,scotteriley,100.0,2026-08-06T05:37:02.000Z,,https://www.ebay.com/itm/257664792908?hash=item3bfe04b94c:g:~W8AAeSwh~xqVC1T,https://i.ebayimg.com/images/g/~W8AAeSwh~xqVC1T/s-l225.jpg
816,33.0,【Exc+4】Sony Alpha DSLR-A300 DSLR Camera Minolta 80-200mm F/4.5-5.6 Lens Tested,Minolta,Digital Cameras,Used,195.0,USD,"FIXED_PRICE,BEST_OFFER",good-cond,JP,hana_from_japan,100.0,2026-08-06T00:49:56.000Z,,https://www.ebay.com/itm/168592120217?hash=item2740df9999:g:YhQAAeSwINxqc9pj,https://i.ebayimg.com/images/g/YhQAAeSwINxqc9pj/s-l225.jpg
817,33.0,Panasonic LUMIX DMC-LX3 Leica Lens With Black,Leica,Digital Cameras,Used,223.73,USD,FIXED_PRICE,,JP,hsense1230,100.0,2026-08-06T06:24:54.000Z,,https://www.ebay.com/itm/206469456299?hash=item301289e1ab:g:9~YAAeSwRQxqdClt,https://i.ebayimg.com/images/g/9~YAAeSwRQxqdClt/s-l225.jpg
818,33.0,[NearMint] Panasonic LUMIX DMC-LX1 Digital Camera Leica DC Lens = From JAPAN,Leica,Digital Cameras,Used,225.0,USD,"FIXED_PRICE,BEST_OFFER",,JP,altmart3.0,100.0,2026-08-06T02:36:36.000Z,,https://www.ebay.com/itm/227464158868?hash=item34f5eb9e94:g:yW0AAeSw2Mxqc~L-,https://i.ebayimg.com/images/g/yW0AAeSw2Mxqc~L-/s-l225.jpg
819,33.0,[NearMint] Panasonic LUMIX DMC-LX1 Digital Camera Leica DC Lens : From JAPAN,Leica,Digital Cameras,Used,225.0,USD,FIXED_PRICE,,JP,e-traize,100.0,2026-08-06T06:10:33.000Z,,https://www.ebay.com/itm/178378823914?hash=item298834d8ea:g:UScAAeSwhZ9qdCWv,https://i.ebayimg.com/images/g/UScAAeSwhZ9qdCWv/s-l225.jpg
820,33.0,[EXC+5 w/8GB SD] Canon IXY 600F Digital Camera Purple ELPH 310 HS English Menu,Canon,Digital Cameras,Used,225.99,USD,"FIXED_PRICE,BEST_OFFER",good-cond,JP,fornext555japan,100.0,2026-08-06T03:11:45.000Z,,https://www.ebay.com/itm/178378452209?hash=item29882f2cf1:g:q2EAAeSwQ7dqc~lV,https://i.ebayimg.com/images/g/q2EAAeSwQ7dqc~lV/s-l225.jpg
821,33.0,N.MINT FUJIFILM FinePix XP200 Blue Digital Camera 16.4MP 5x Zoom 3.0 inch LCD,Fujifilm,Digital Cameras,Used,226.0,USD,"FIXED_PRICE,BEST_OFFER",good-cond,JP,japan_fun_select,99.6,2026-08-06T06:08:20.000Z,,https://www.ebay.com/itm/137591742446?hash=item20091b5fee:g:2UwAAeSwW0ZqcmMP,https://i.ebayimg.com/images/g/2UwAAeSwW0ZqcmMP/s-l225.jpg
822,33.0,Excellent Condition Panasonic LUMIX DMC FX66 Digital Camera Leica 25,Leica,Digital Cameras,Used,227.41,USD,FIXED_PRICE,,JP,zet_on,100.0,2026-08-05T22:56:33.000Z,,https://www.ebay.com/itm/407123217203?hash=item5eca6f4b33:g:CnUAAeSw5oRqc7~g,https://i.ebayimg.com/images/g/CnUAAeSw5oRqc7~g/s-l225.jpg
823,33.0,[Near MINT] Nikon Coolpix S6200 White 16.0MP 10x Digital Camera From JAPAN,Nikon,Digital Cameras,Used,227.99,USD,FIXED_PRICE,good-cond,JP,uummee0,100.0,2026-08-05T22:22:04.000Z,,https://www.ebay.com/itm/147485670329?hash=item2256d4bbb9:g:PzMAAeSw1mJoolzI,https://i.ebayimg.com/images/g/PzMAAeSw1mJoolzI/s-l225.jpg
824,33.0,🌸[NEAT MINT] Nikon COOLPIX P340 12.0MP 5x Zoom Digital Camera Black From JAPAN,Nikon,Digital Cameras,Used,229.99,USD,"FIXED_PRICE,BEST_OFFER",good-cond,JP,sakura.camera.japan.37,100.0,2026-08-06T01:03:47.000Z,,https://www.ebay.com/itm/318684299267?hash=item4a33108003:g:q~sAAeSwUKRqYh-l,https://i.ebayimg.com/images/g/q~sAAeSwUKRqYh-l/s-l225.jpg
825,33.0,Panasonic LUMIX DMC LX3 with Leica Lens Black,Leica,Digital Cameras,Used,234.29,USD,FIXED_PRICE,,JP,zet_on,100.0,2026-08-05T22:56:35.000Z,,https://www.ebay.com/itm/407123217371?hash=item5eca6f4bdb:g:fHMAAeSw8KNqc8CS,https://i.ebayimg.com/images/g/fHMAAeSw8KNqc8CS/s-l225.jpg
826,33.0,🌸[NEAR MINT+] Olympus Stylus 1 12.0 MP Digital Camera From Japan,Olympus,Digital Cameras,Used,235.0,USD,FIXED_PRICE,good-cond,JP,sakura.camera.japan.37,100.0,2026-08-06T00:26:07.000Z,,https://www.ebay.com/itm/318684186240?hash=item4a330ec680:g:ddUAAeSwDF1qaCY1,https://i.ebayimg.com/images/g/ddUAAeSwDF1qaCY1/s-l225.jpg
827,33.0,Canon IXY 200F PowerShot SD1300 IS Brown Digital Camera 12.1MP 4x Zoom Exc+++,Canon,Digital Cameras,Used,235.0,USD,"FIXED_PRICE,BEST_OFFER",good-cond,JP,japan_fun_select,99.6,2026-08-06T05:48:25.000Z,,https://www.ebay.com/itm/137591709707?hash=item20091ae00b:g:V4oAAeSwSApqXppy,https://i.ebayimg.com/images/g/V4oAAeSwSApqXppy/s-l225.jpg
828,33.0,Canon IXY 210 PowerShot ELPH 200 IS Silver Digital Camera 20MP 10x Zoom Exc+++,Canon,Digital Cameras,Used,241.0,USD,"FIXED_PRICE,BEST_OFFER",good-cond,JP,japan_fun_select,99.6,2026-08-06T05:50:59.000Z,,https://www.ebay.com/itm/137591725942?hash=item20091b1f76:g:9OEAAeSwPAZqVdpb,https://i.ebayimg.com/images/g/9OEAAeSwPAZqVdpb/s-l225.jpg
829,33.0,Canon IXY 190 PowerShot ELPH 190 IS Red Digital Camera 20.0MP 10x Zoom Exc+++++,Canon,Digital Cameras,Used,244.0,USD,"FIXED_PRICE,BEST_OFFER",good-cond,JP,japan_fun_select,99.6,2026-08-06T05:46:39.000Z,,https://www.ebay.com/itm/137591705429?hash=item20091acf55:g:RxAAAeSwEM5qcXv-,https://i.ebayimg.com/images/g/RxAAAeSwEM5qcXv-/s-l225.jpg
830,33.0,Canon IXY 200F PowerShot SD1300 IS Silver Digital Camera 12.1MP 4x Zoom Exc+++,Canon,Digital Cameras,Used,249.0,USD,"FIXED_PRICE,BEST_OFFER",good-cond,JP,japan_fun_select,99.6,2026-08-06T05:50:09.000Z,,https://www.ebay.com/itm/137591720586?hash=item20091b0a8a:g:OBAAAeSwBDpqcYDD,https://i.ebayimg.com/images/g/OBAAAeSwBDpqcYDD/s-l225.jpg
831,33.0,[MINT in Box] Nikon Coolpix S9300 Black 16.0MP Compact Digital Camera From JAPAN,Nikon,Digital Cameras,Used,249.99,USD,FIXED_PRICE,good-cond,JP,zen-camera-japan,99.6,2026-08-06T05:51:25.000Z,,https://www.ebay.com/itm/188750843572?hash=item2bf26d4eb4:g:xmgAAeSw8KNqdCH-,https://i.ebayimg.com/images/g/xmgAAeSw8KNqdCH-/s-l225.jpg
832,33.0,[MINT w/ SD 8GB] Canon PowerShot S200 compact digital camera white Limited model,Canon,Digital Cameras,Used,258.99,USD,FIXED_PRICE,good-cond,JP,mong5055,100.0,2026-08-06T03:21:12.000Z,,https://www.ebay.com/itm/298563335436?hash=item4583c2f50c:g:mC4AAeSwCupo2fIV,https://i.ebayimg.com/images/g/mC4AAeSwCupo2fIV/s-l225.jpg
833,33.0,[Near MINT] Ricoh GR Digital 8.1MP Digital Camera Black From JAPAN,Ricoh,Digital Cameras,Used,258.99,USD,FIXED_PRICE,good-cond,JP,re.lens,100.0,2026-08-06T07:41:57.000Z,,https://www.ebay.com/itm/800469582420?hash=itemba5fb48254:g:o34AAeSwfE5qYwTm,https://i.ebayimg.com/images/g/o34AAeSwfE5qYwTm/s-l225.jpg
834,33.0,Canon IXY 200F PowerShot SD1300 IS Green Digital Camera 12.1MP 4x Zoom Exc+++,Canon,Digital Cameras,Used,259.0,USD,"FIXED_PRICE,BEST_OFFER",good-cond,JP,japan_fun_select,99.6,2026-08-06T05:49:18.000Z,,https://www.ebay.com/itm/137591714162?hash=item20091af172:g:c~4AAeSw2S9qZTGT,https://i.ebayimg.com/images/g/c~4AAeSw2S9qZTGT/s-l225.jpg
835,33.0,[Mint in Box] Canon IXY Digital 70 6.0MP Silver Full Set From Japan Tested,Canon,Digital Cameras,Used,265.0,USD,"FIXED_PRICE,BEST_OFFER",good-cond,JP,ms_shutterory_japan,100.0,2026-08-06T02:16:49.000Z,,https://www.ebay.com/itm/358889813568?hash=item538f7ff640:g:9KMAAeSwHjVqc-Re,https://i.ebayimg.com/images/g/9KMAAeSwHjVqc-Re/s-l225.jpg
836,33.0,Canon EOS M2 White Mirrorless Digital Camera 18.0MP APS-C 22.3 x 14.9 mm Exc+++,Canon,Digital Cameras,Used,265.0,USD,"FIXED_PRICE,BEST_OFFER",good-cond,JP,japan_fun_select,99.6,2026-08-06T05:43:07.000Z,,https://www.ebay.com/itm/137591701206?hash=item20091abed6:g:DzQAAeSwEPFp8wqW,https://i.ebayimg.com/images/g/DzQAAeSwEPFp8wqW/s-l225.jpg
837,33.0,Near MINT in Box w/ Case Ricoh GX200 VF Kit Compact Digital Camera JAPAN,Ricoh,Digital Cameras,Used,265.99,USD,FIXED_PRICE,good-cond,JP,uummee0,100.0,2026-08-06T00:58:28.000Z,,https://www.ebay.com/itm/147485889174?hash=item2256d81296:g:kmoAAeSwms5qc9wo,https://i.ebayimg.com/images/g/kmoAAeSwms5qc9wo/s-l225.jpg
838,33.0,【Exc+5】FUJIFILM FinePix F770 EXR 16MP Digital Camera 20x Optical Zoom Lens JAPAN,Fujifilm,Digital Cameras,Used,266.24,USD,"FIXED_PRICE,BEST_OFFER",good-cond,JP,hana_from_japan,100.0,2026-08-06T04:00:37.000Z,,https://www.ebay.com/itm/168592440420?hash=item2740e47c64:g:CPAAAeSw0Q9qNoui,https://i.ebayimg.com/images/g/CPAAAeSw0Q9qNoui/s-l225.jpg
839,33.0,"""Near MINT-"" Ricoh GR Digital 8.1MP Compact Digital Camera w/ Charger",Ricoh,Digital Cameras,Used,269.9,USD,FIXED_PRICE,good-cond,JP,eastbound_camera,100.0,2026-08-06T06:04:09.000Z,,https://www.ebay.com/itm/158159455974?hash=item24d309c6e6:g:iWUAAeSwwnxqdCNW,https://i.ebayimg.com/images/g/iWUAAeSwwnxqdCNW/s-l225.jpg
840,33.0,[MINT] Pentax WG-1000 Olive Waterproof Outdoor Digital Camera 16.35MP From JAPAN,Pentax,Digital Cameras,Used,269.99,USD,FIXED_PRICE,good-cond,JP,hirokam37,100.0,2026-08-06T07:01:53.000Z,,https://www.ebay.com/itm/377398555027?hash=item57deb4f193:g:Ul0AAeSwtWFqdDKS,https://i.ebayimg.com/images/g/Ul0AAeSwtWFqdDKS/s-l225.jpg
841,33.0,Pentax K-01 16.0MP Digital Camera Black Body Only (S/C: 2665) [Near Mint]#6335,Pentax,Digital Cameras,Used,285.0,USD,"FIXED_PRICE,BEST_OFFER",good-cond,JP,310camerashopjapan,99.6,2026-08-05T22:35:59.000Z,,https://www.ebay.com/itm/206468671296?hash=item30127de740:g:-v4AAeSw3Cxqc7pd,https://i.ebayimg.com/images/g/-v4AAeSw3Cxqc7pd/s-l225.jpg
842,33.0,Mint Fujifilm X-A3 24.2MP Digital Mirrorless Camera Body Silver From Japan,Fujifilm,Digital Cameras,Used,299.99,USD,"FIXED_PRICE,BEST_OFFER",good-cond,JP,suncamera_jp,99.5,2026-08-06T03:09:37.000Z,,https://www.ebay.com/itm/298563310288?hash=item4583c292d0:g:PP4AAeSwD-lqc~qp,https://i.ebayimg.com/images/g/PP4AAeSwD-lqc~qp/s-l225.jpg
843,33.0,MINT Canon PowerShot G9 Black 12.1MP Compact Digital Camera From JAPAN,Canon,Digital Cameras,Used,299.99,USD,FIXED_PRICE,good-cond,JP,freebyfree,100.0,2026-08-06T04:59:45.000Z,,https://www.ebay.com/itm/407123768246?hash=item5eca77b3b6:g:zH4AAeSwe4RqdBW1,https://i.ebayimg.com/images/g/zH4AAeSwe4RqdBW1/s-l225.jpg
844,33.0,Near Mint Fujifilm Fuji X-M1 16.3MP Digital Camera Body Silver w/ Charger,Fujifilm,Digital Cameras,Used,299.99,USD,"FIXED_PRICE,BEST_OFFER",good-cond,JP,suncamera_jp,99.5,2026-08-06T04:56:32.000Z,,https://www.ebay.com/itm/298563479522?hash=item4583c527e2:g:9jIAAeSw2JtqdBPV,https://i.ebayimg.com/images/g/9jIAAeSw2JtqdBPV/s-l225.jpg
845,33.0,Canon IXY 210F PowerShot ELPH 100 HS Silver Digital Camera 12.1MP 4x Exc++++,Canon,Digital Cameras,Used,301.0,USD,"FIXED_PRICE,BEST_OFFER",good-cond,JP,japan_fun_select,99.6,2026-08-06T05:52:44.000Z,,https://www.ebay.com/itm/137591731994?hash=item20091b371a:g:BO4AAeSwvw1qYzxp,https://i.ebayimg.com/images/g/BO4AAeSwvw1qYzxp/s-l225.jpg
846,33.0,LUMIX DMC-LX3 Leica Lens,Leica,Digital Cameras,Used,308.73,USD,FIXED_PRICE,,JP,hsense1230,100.0,2026-08-06T05:54:16.000Z,,https://www.ebay.com/itm/206469416746?hash=item301289472a:g:CLAAAeSwvw1qdCID,https://i.ebayimg.com/images/g/CLAAAeSwvw1qdCID/s-l225.jpg
847,33.0,[MINT] Olympus Tough TG-6 12MP Waterproof Digital Camera Wi-Fi Red From JAPAN,Olympus,Digital Cameras,Used,309.99,USD,FIXED_PRICE,good-cond,JP,samurai-1173-cam,100.0,2026-08-05T20:01:41.000Z,,https://www.ebay.com/itm/318683345903?hash=item4a3301f3ef:g:1YcAAeSw0sdqW9vq,https://i.ebayimg.com/images/g/1YcAAeSw0sdqW9vq/s-l225.jpg
848,33.0,CONTAX i4R Compact Digital Camera Point & Shoot Good Condition JP,Contax,Digital Cameras,Used,314.9,USD,"FIXED_PRICE,BEST_OFFER",,JP,japan4ever,97.8,2026-08-06T01:19:58.000Z,,https://www.ebay.com/itm/158158853245?hash=item24d300947d:g:FhUAAeSw03hqc-Iy,https://i.ebayimg.com/images/g/FhUAAeSw03hqc-Iy/s-l225.jpg
849,33.0,Canon PowerShot SX620 HS 20.2 MP Digital Camera Red w/ Box [Top Mint] #Z6683A,Canon,Digital Cameras,Used,315.0,USD,FIXED_PRICE,good-cond,JP,ado.japan130,99.5,2026-08-06T02:47:42.000Z,,https://www.ebay.com/itm/336728810933?hash=item4e6699e5b5:g:vloAAeSw-1dqc~XH,https://i.ebayimg.com/images/g/vloAAeSw-1dqc~XH/s-l225.jpg
850,33.0,Canon IXY 210F PowerShot ELPH 100 HS Pink Digital Camera 12.1MP 4x Zoom Exc+++,Canon,Digital Cameras,Used,322.0,USD,"FIXED_PRICE,BEST_OFFER",good-cond,JP,japan_fun_select,99.6,2026-08-06T05:51:54.000Z,,https://www.ebay.com/itm/137591731334?hash=item20091b3486:g:V5sAAeSw0Vtqb8Hc,https://i.ebayimg.com/images/g/V5sAAeSw0Vtqb8Hc/s-l225.jpg
851,33.0,[MINT] Canon PowerShot SX620 HS White 20.2MP Digital Camera from JAPAN #120,Canon,Digital Cameras,Used,322.66,USD,FIXED_PRICE,good-cond,JP,his50s_brands,100.0,2026-08-06T04:57:03.000Z,,https://www.ebay.com/itm/358890224062?hash=item538f8639be:g:bUkAAeSwsBZpaKEV,https://i.ebayimg.com/images/g/bUkAAeSwsBZpaKEV/s-l225.jpg
852,33.0,Mint Pentax K-70 24.2 MP Digital SLR Camera Body Silky Silver Shutter 12026,Pentax,Digital Cameras,Used,329.99,USD,"FIXED_PRICE,BEST_OFFER",good-cond,JP,suncamera_jp,99.5,2026-08-06T01:35:43.000Z,,https://www.ebay.com/itm/298563120364?hash=item4583bfacec:g:daUAAeSwIKNqQhT7,https://i.ebayimg.com/images/g/daUAAeSwIKNqQhT7/s-l225.jpg
853,33.0,"S/C 1,614 [ MINT ] Nikon D600 24.3 MP Digital SLR Camera Body From JAPAN",Nikon,Digital Cameras,Used,339.99,USD,"FIXED_PRICE,BEST_OFFER",good-cond,JP,japan_camera_sippo,100.0,2026-08-06T04:34:04.000Z,,https://www.ebay.com/itm/398255296894?hash=item5cb9dd917e:g:LIAAAeSwRyRqKMkC,https://i.ebayimg.com/images/g/LIAAAeSwRyRqKMkC/s-l225.jpg
854,33.0,[Top MINT in Box] Fujifilm XF1 12.0MP Compact Digital Camera Brown From JAPAN,Fujifilm,Digital Cameras,Used,344.99,USD,FIXED_PRICE,good-cond,JP,mksa-store_tokyo,98.8,2026-08-06T07:17:07.000Z,,https://www.ebay.com/itm/358890583183?hash=item538f8bb48f:g:gT4AAeSwlcJqdDWq,https://i.ebayimg.com/images/g/gT4AAeSwlcJqdDWq/s-l225.jpg
855,33.0,S/C331 [ NEAR MINT ] Nikon D600 24.3 MP Digital SLR Camera Body From JAPAN,Nikon,Digital Cameras,Used,349.99,USD,"FIXED_PRICE,BEST_OFFER",good-cond,JP,japan_camera_sippo,100.0,2026-08-06T04:34:04.000Z,,https://www.ebay.com/itm/398255296901?hash=item5cb9dd9185:g:g3sAAeSwo4NqXdp3,https://i.ebayimg.com/images/g/g3sAAeSwo4NqXdp3/s-l225.jpg
856,33.0,MINT Fujifilm X-A1 16.3MP Brown Digital Camera + fujinon 16-50mm f3.5-5.6 JAPAN,Fujifilm,Digital Cameras,Used,349.99,USD,FIXED_PRICE,good-cond,JP,freebyfree,100.0,2026-08-06T05:05:06.000Z,,https://www.ebay.com/itm/407123775413?hash=item5eca77cfb5:g:CecAAeSwqHdpbIDR,https://i.ebayimg.com/images/g/CecAAeSwqHdpbIDR/s-l225.jpg
857,33.0,[MINT] Nikon 1 J5 20.8MP Mirrorless Camera Silver 10-30mm Lens JAPAN SC:1177,Nikon,Digital Cameras,Used,349.99,USD,FIXED_PRICE,good-cond,JP,mksa-store_tokyo,98.8,2026-08-06T07:21:43.000Z,,https://www.ebay.com/itm/358890592745?hash=item538f8bd9e9:g:qHoAAeSwoi5qdDb4,https://i.ebayimg.com/images/g/qHoAAeSwoi5qdDb4/s-l225.jpg
858,33.0,[Near Mint] Canon IXY 420F Pink Digital Camera IXUS 240 HS ELPH 320 Tested Japan,Canon,Digital Cameras,Used,358.23,USD,FIXED_PRICE,good-cond,JP,ohana_japan,100.0,2026-08-06T03:41:20.000Z,,https://www.ebay.com/itm/178378508592?hash=item2988300930:g:SwkAAeSwkOBqdAGk,https://i.ebayimg.com/images/g/SwkAAeSwkOBqdAGk/s-l225.jpg
859,33.0,MINT IN BOX Canon IXY 650 PowerShot 360 HS silver Digital Camera 20.2MP JAPAN,Canon,Digital Cameras,Used,359.99,USD,FIXED_PRICE,good-cond,JP,freebyfree,100.0,2026-08-06T05:09:16.000Z,,https://www.ebay.com/itm/407123790150?hash=item5eca780946:g:JZkAAeSwizZqVG0u,https://i.ebayimg.com/images/g/JZkAAeSwizZqVG0u/s-l225.jpg
860,33.0,[Near MINT] Canon IXY 650 Black PowerShot ELPH 360 HS Digital Camera #1246,Canon,Digital Cameras,Used,367.68,USD,FIXED_PRICE,good-cond,JP,his50s_brands,100.0,2026-08-06T03:57:02.000Z,,https://www.ebay.com/itm/358890091676?hash=item538f84349c:g:3LwAAeSwY5dpUcl8,https://i.ebayimg.com/images/g/3LwAAeSwY5dpUcl8/s-l225.jpg
861,33.0,[MINT] Pentax Q-S1 12.4 MP Camera White 02 5-15mm 06 15-45mm Double Lens JAPAN,Pentax,Digital Cameras,Used,369.99,USD,FIXED_PRICE,good-cond,JP,mksa-store_tokyo,98.8,2026-08-06T07:27:54.000Z,,https://www.ebay.com/itm/358890601970?hash=item538f8bfdf2:g:CYEAAeSwqrFqdDf2,https://i.ebayimg.com/images/g/CYEAAeSwqrFqdDf2/s-l225.jpg
862,33.0,[NEAR MINT w/Box] RICOH GR Digital II 10.1MP Black Compact Digital Camera Japan,Ricoh,Digital Cameras,Used,379.99,USD,"FIXED_PRICE,BEST_OFFER",good-cond,JP,shonan_vintage_japan,100.0,2026-08-06T07:12:10.000Z,,https://www.ebay.com/itm/147486435765?hash=item2256e069b5:g:GZkAAeSwPZZqLTQn,https://i.ebayimg.com/images/g/GZkAAeSwPZZqLTQn/s-l225.jpg
863,33.0,Panasonic LUMIX DMC CM10 LEICA Android,Leica,Digital Cameras,Used,382.54,USD,FIXED_PRICE,,JP,zet_on,100.0,2026-08-05T22:56:34.000Z,,https://www.ebay.com/itm/407123217310?hash=item5eca6f4b9e:g:ilYAAeSwx71qc8Aa,https://i.ebayimg.com/images/g/ilYAAeSwx71qc8Aa/s-l225.jpg
864,33.0,CANON EOS Kiss X8i 24.2MP DSLR Camera Body -Near Mint- 0299,Canon,Digital Cameras,Used,386.4,USD,FIXED_PRICE,good-cond,JP,kitamura_camera,100.0,2026-08-06T04:17:25.000Z,,https://www.ebay.com/itm/358890139725?hash=item538f84f04d:g:vn8AAeSwGs1qdBK5,https://i.ebayimg.com/images/g/vn8AAeSwGs1qdBK5/s-l225.jpg
865,33.0,【MINT- BOXED】Nikon COOLPIX W300 16.0MP Compact Digital Camera,Nikon,Digital Cameras,Used,386.99,USD,FIXED_PRICE,good-cond,JP,japan_fun_camera,100.0,2026-08-06T02:26:43.000Z,,https://www.ebay.com/itm/188750141681?hash=item2bf26298f1:g:DvkAAeSwPpdqc--n,https://i.ebayimg.com/images/g/DvkAAeSwPpdqc--n/s-l225.jpg
866,33.0,Canon IXY 220F PowerShot ELPH 110 HS Pink Digital Camera 16.1MP 5x Zoom Exc+++++,Canon,Digital Cameras,Used,391.0,USD,"FIXED_PRICE,BEST_OFFER",good-cond,JP,japan_fun_select,99.6,2026-08-06T05:53:36.000Z,,https://www.ebay.com/itm/137591732479?hash=item20091b38ff:g:AhoAAeSwxhdqY96N,https://i.ebayimg.com/images/g/AhoAAeSwxhdqY96N/s-l225.jpg
867,33.0,【Near MINT w/Box】Canon EOS 7D Mark II 20.2MP Digital SLR From JAPAN #244,Canon,Digital Cameras,Used,396.99,USD,FIXED_PRICE,good-cond,JP,mina_japan_collection,100.0,2026-08-06T06:23:31.000Z,,https://www.ebay.com/itm/206469455689?hash=item301289df49:g:o6wAAeSw8iBp8ezg,https://i.ebayimg.com/images/g/o6wAAeSw8iBp8ezg/s-l225.jpg
868,33.0,"""Near Mint"" NIKON COOLPIX W300 Waterproof Digital Camera Black #08020",Nikon,Digital Cameras,Used,398.0,USD,FIXED_PRICE,good-cond,JP,mt_camera,99.7,2026-08-06T06:05:57.000Z,,https://www.ebay.com/itm/318685400837?hash=item4a33214f05:g:ocgAAeSwAbdqdCQ3,https://i.ebayimg.com/images/g/ocgAAeSwAbdqdCQ3/s-l225.jpg
869,33.0,Pentax WG-90 Blue Digital Camera Near MINT From Japan Tested Working,Pentax,Digital Cameras,Used,398.99,USD,FIXED_PRICE,good-cond,JP,kaz_camera,99.2,2026-08-06T01:45:36.000Z,,https://www.ebay.com/itm/137591141663?hash=item200912351f:g:jGQAAeSwZl5qZp7u,https://i.ebayimg.com/images/g/jGQAAeSwZl5qZp7u/s-l225.jpg
870,33.0,[MINT w/ Strap] Canon PowerShot G1 X Mark II Digital Camera Black From JAPAN,Canon,Digital Cameras,Used,399.99,USD,FIXED_PRICE,good-cond,JP,lembodeck,99.3,2026-08-06T00:46:33.000Z,,https://www.ebay.com/itm/307109911796?hash=item47812d5cf4:g:P7wAAeSw8vVqYH5L,https://i.ebayimg.com/images/g/P7wAAeSw8vVqYH5L/s-l225.jpg
871,33.0,S/C 8734 Canon EOS 6D 20.1 MP DSLR Full Frame Camera Near Mint From JAPAN,Canon,Digital Cameras,Used,399.99,USD,FIXED_PRICE,good-cond,JP,japan-finecameraselect,100.0,2026-08-06T03:09:55.000Z,,https://www.ebay.com/itm/287506364057?hash=item42f0b6f699:g:8tkAAeSwsIxqc~r7,https://i.ebayimg.com/images/g/8tkAAeSwsIxqc~r7/s-l225.jpg
872,33.0,[Near Mint] Canon EOS M100 Mirrorless Digital Camera w/ 15-45mm Lens,Canon,Digital Cameras,Used,399.99,USD,FIXED_PRICE,good-cond,JP,totsuch_0,99.8,2026-08-06T03:05:31.000Z,,https://www.ebay.com/itm/287506354313?hash=item42f0b6d089:g:100AAeSwhEBqc~m-,https://i.ebayimg.com/images/g/100AAeSwhEBqc~m-/s-l225.jpg
873,33.0,[MINT] Nikon CoolPix S9500 Red 18.1MP Digital Camera from Japan #114,Nikon,Digital Cameras,Used,402.68,USD,FIXED_PRICE,good-cond,JP,his50s_brands,100.0,2026-08-06T02:57:03.000Z,,https://www.ebay.com/itm/358889932550?hash=item538f81c706:g:AigAAeSwncVpaEjU,https://i.ebayimg.com/images/g/AigAAeSwncVpaEjU/s-l225.jpg
874,33.0,Canon EOS 80D Black Digital SLR Camera Body 24.2MP DIGIC 6 7 fps Exc+++,Canon,Digital Cameras,Used,404.0,USD,"FIXED_PRICE,BEST_OFFER",good-cond,JP,japan_fun_select,99.6,2026-08-06T05:38:00.000Z,,https://www.ebay.com/itm/137591695201?hash=item20091aa761:g:9RkAAeSwjF1qYEel,https://i.ebayimg.com/images/g/9RkAAeSwjF1qYEel/s-l225.jpg
875,33.0,[Exc+5] PENTAX Q-S1 White Mirrorless Camera 5-15mm f/2.8-4.5 Zoom : From JAPAN,Pentax,Digital Cameras,Used,417.0,USD,FIXED_PRICE,good-cond,JP,e-traize,100.0,2026-08-06T06:14:52.000Z,,https://www.ebay.com/itm/178378842076?hash=item2988351fdc:g:tUwAAeSwLuxqdCau,https://i.ebayimg.com/images/g/tUwAAeSwLuxqdCau/s-l225.jpg
876,33.0,[Near MINT] Canon Powershot G3 X 20.2MP Compact Digital Camera From Japan #4751,Canon,Digital Cameras,Used,419.99,USD,FIXED_PRICE,good-cond,JP,lembodeck,99.3,2026-08-06T07:02:01.000Z,,https://www.ebay.com/itm/307110269165?hash=item478132d0ed:g:u~gAAeSwYrtqdB6v,https://i.ebayimg.com/images/g/u~gAAeSwYrtqdB6v/s-l225.jpg
877,33.0,[Exc+5] PENTAX Q-S1 Mirrorless Camera 5-15mm f/2.8-4.5 Zoom Lens = From JAPAN,Pentax,Digital Cameras,Used,424.0,USD,"FIXED_PRICE,BEST_OFFER",good-cond,JP,altmart3.0,100.0,2026-08-06T02:18:42.000Z,,https://www.ebay.com/itm/227464146696?hash=item34f5eb6f08:g:4EUAAeSw65Bqc-6W,https://i.ebayimg.com/images/g/4EUAAeSw65Bqc-6W/s-l225.jpg
878,33.0,Working Canon PowerShot SX610 HS White Boxed Effect Pedal,Canon,Digital Cameras,Used,424.73,USD,FIXED_PRICE,good-cond,JP,hsense1230,100.0,2026-08-06T07:48:30.000Z,,https://www.ebay.com/itm/206469590167?hash=item30128bec97:g:oesAAeSwwnxqdD1D,https://i.ebayimg.com/images/g/oesAAeSwwnxqdD1D/s-l225.jpg
879,33.0,[MINT] Canon PowerShot SX720 HS Wi-Fi 20.3MP Digital Camera Red From JAPAN,Canon,Digital Cameras,Used,429.0,USD,FIXED_PRICE,good-cond,JP,musubiworks,100.0,2026-08-06T08:51:47.000Z,,https://www.ebay.com/itm/307110506704?hash=item47813670d0:g:PoIAAeSw2MxqdEvf,https://i.ebayimg.com/images/g/PoIAAeSw2MxqdEvf/s-l225.jpg
880,33.0,[MINT] Canon EOS M10 18MP Mirrorless Digital camera 15-45mm From JAPAN,Canon,Digital Cameras,Used,429.99,USD,FIXED_PRICE,good-cond,JP,michic_2270,100.0,2026-08-06T02:17:17.000Z,,https://www.ebay.com/itm/366589458185?hash=item555a6f3709:g:cSMAAeSwzIxqc-7t,https://i.ebayimg.com/images/g/cSMAAeSwzIxqc-7t/s-l225.jpg
881,33.0,CONTAX i4R Silver,Contax,Digital Cameras,Used,431.12,USD,FIXED_PRICE,,JP,keibun,100.0,2026-08-06T03:54:48.000Z,,https://www.ebay.com/itm/287506481566?hash=item42f0b8c19e:g:OoUAAeSwfE5qdAau,https://i.ebayimg.com/images/g/OoUAAeSwfE5qdAau/s-l225.jpg
882,33.0,[MINT+++] Pentax K-5 Body Black w/SIGMA 18-200mm f/3.5-6.3 DC Lens From JAPAN,Pentax,Digital Cameras,Used,439.99,USD,FIXED_PRICE,good-cond,JP,wasatoro_camera_japan,100.0,2026-08-06T00:29:00.000Z,,https://www.ebay.com/itm/198550492243?hash=item2e3a881453:g:mroAAeSwMttqc9Zy,https://i.ebayimg.com/images/g/mroAAeSwMttqc9Zy/s-l225.jpg
883,33.0,🌸[TOP MINT] Nikon D7200 24.2MP Digital SLR Camera Body From Japan,Nikon,Digital Cameras,Used,439.99,USD,"FIXED_PRICE,BEST_OFFER",good-cond,JP,sakura.camera.japan.37,100.0,2026-08-06T01:14:52.000Z,,https://www.ebay.com/itm/318684346283?hash=item4a331137ab:g:D8MAAeSw4GxpO4ym,https://i.ebayimg.com/images/g/D8MAAeSw4GxpO4ym/s-l225.jpg
884,33.0,CANON EOS 6D 20.2MP Digital Single-Lens Reflex Camera Body -Near Mint- 8846,Canon,Digital Cameras,Used,440.09,USD,FIXED_PRICE,good-cond,JP,kitamura_camera,100.0,2026-08-06T01:37:29.000Z,,https://www.ebay.com/itm/358889723967?hash=item538f7e983f:g:ajgAAeSwNm9qc-sT,https://i.ebayimg.com/images/g/ajgAAeSwNm9qc-sT/s-l225.jpg
885,33.0,Canon EOS Kiss X9i Black Digital SLR Camera 24.2MP 22.3 x 14.9 mm APS-C Exc+++++,Canon,Digital Cameras,Used,465.0,USD,"FIXED_PRICE,BEST_OFFER",good-cond,JP,japan_fun_select,99.6,2026-08-06T05:40:34.000Z,,https://www.ebay.com/itm/137591697247?hash=item20091aaf5f:g:WmgAAeSwihxqXp4X,https://i.ebayimg.com/images/g/WmgAAeSwihxqXp4X/s-l225.jpg
886,33.0,【 NEAR MINT w/Box 】 Fujifilm Fuji X10 12.0MP Black Digital Camera X Series JAPAN,Fujifilm,Digital Cameras,Used,469.99,USD,FIXED_PRICE,good-cond,JP,ykond91-camera-japan,100.0,2026-08-06T07:44:39.000Z,,https://www.ebay.com/itm/800469588271?hash=itemba5fb4992f:g:stAAAeSwpZhqFcxK,https://i.ebayimg.com/images/g/stAAAeSwpZhqFcxK/s-l225.jpg
887,33.0,【MINT-BOXED】Canon PowerShot G3X 20.2MP Compact Digital Camera Black,Canon,Digital Cameras,Used,476.99,USD,FIXED_PRICE,good-cond,JP,japan_fun_camera,100.0,2026-08-06T01:50:49.000Z,,https://www.ebay.com/itm/188750035503?hash=item2bf260fa2f:g:NrAAAeSwknFqc-bt,https://i.ebayimg.com/images/g/NrAAAeSwknFqc-bt/s-l225.jpg
888,33.0,[ MINT in Box ] PENTAX Q-S1 Zoom Kit 12.4 MP Digital SLR Camera Champagne Gold,Pentax,Digital Cameras,Excellent - Refurbished,480.0,USD,FIXED_PRICE,good-cond,JP,tessan-camera336,100.0,2026-08-06T00:47:58.000Z,,https://www.ebay.com/itm/198550519488?hash=item2e3a887ec0:g:2YIAAeSwestpHZyw,https://i.ebayimg.com/images/g/2YIAAeSwestpHZyw/s-l225.jpg
889,33.0,Canon EOS M6 24.2MP Digital Camera Black 15-45mm F3.5-6.3 Lens [Near Mint],Canon,Digital Cameras,Used,485.0,USD,FIXED_PRICE,good-cond,JP,miraisecamera,99.8,2026-08-06T05:36:51.000Z,,https://www.ebay.com/itm/398255418917?hash=item5cb9df6e25:g:i7QAAeSw-DtqdBz1,https://i.ebayimg.com/images/g/i7QAAeSw-DtqdBz1/s-l225.jpg
890,33.0,[NEAR MINT w/EVF-DC2] Canon PowerShot G3X 20.2MP Digital Camera JAPAN,Canon,Digital Cameras,Used,489.99,USD,"FIXED_PRICE,BEST_OFFER",good-cond,JP,majime_camera.watch_japan,100.0,2026-08-06T01:02:41.000Z,,https://www.ebay.com/itm/377398011665?hash=item57deaca711:g:YBoAAeSwvqJqc9uC,https://i.ebayimg.com/images/g/YBoAAeSwvqJqc9uC/s-l225.jpg
891,33.0,"Nikon D800 Digital SLR Camera SC:27,822 [Near Mint] Tested From Japan sam8467",Nikon,Digital Cameras,Used,491.99,USD,FIXED_PRICE,good-cond,JP,mochiz8,99.5,2026-08-06T00:51:25.000Z,,https://www.ebay.com/itm/198550528729?hash=item2e3a88a2d9:g:3oQAAeSwFJVqUERw,https://i.ebayimg.com/images/g/3oQAAeSwFJVqUERw/s-l225.jpg
892,33.0,[TOP MINT] Canon IXY 10s PC1467 Digital Camera Pink w/z battery charger japan,Canon,Digital Cameras,Used,495.0,USD,FIXED_PRICE,good-cond,JP,sakiho_store,99.8,2026-08-05T20:10:57.000Z,,https://www.ebay.com/itm/800467357345?hash=itemba5f928ea1:g:NG8AAeSwEbBqc5j1,https://i.ebayimg.com/images/g/NG8AAeSwEbBqc5j1/s-l225.jpg
893,33.0,Nikon D800 Digital SLR Camera SC:11873 [Near Mint] From Japan sam8757,Nikon,Digital Cameras,Used,495.99,USD,FIXED_PRICE,good-cond,JP,mochiz8,99.5,2026-08-06T01:09:27.000Z,,https://www.ebay.com/itm/198550550814?hash=item2e3a88f91e:g:O8wAAeSwGjJqc96u,https://i.ebayimg.com/images/g/O8wAAeSwGjJqc96u/s-l225.jpg
894,33.0,[Top MINT] Canon PowerShot G1 X Mark II 20.1 MP Digital Camera Black From JAPAN,Canon,Digital Cameras,Used,499.0,USD,FIXED_PRICE,good-cond,JP,camera_connection_tokyo,100.0,2026-08-06T02:56:04.000Z,,https://www.ebay.com/itm/307110064101?hash=item47812fafe5:g:sC0AAeSwY89qc~gE,https://i.ebayimg.com/images/g/sC0AAeSwY89qc~gE/s-l225.jpg
895,33.0,[TOP MINT] Canon PowerShot G1 X Mark II 12.8MP Digital Camera Black From JAPAN,Canon,Digital Cameras,Used,499.99,USD,"FIXED_PRICE,BEST_OFFER",good-cond,JP,happy-camera-japan,99.9,2026-08-05T22:47:14.000Z,,https://www.ebay.com/itm/336728487289?hash=item4e6694f579:g:m4UAAeSw5oRqc~CD,https://i.ebayimg.com/images/g/m4UAAeSw5oRqc~CD/s-l225.jpg
896,33.0,[Top MINT Full Set in Box] Ricoh GR Digital II 10.1 MP Digital Camera From JAPAN,Ricoh,Digital Cameras,Used,499.99,USD,FIXED_PRICE,good-cond,JP,ty_camera_japan,100.0,2026-08-06T05:36:42.000Z,,https://www.ebay.com/itm/358890331446?hash=item538f87dd36:g:wq8AAeSwrsFqdB4e,https://i.ebayimg.com/images/g/wq8AAeSwrsFqdB4e/s-l225.jpg
897,33.0,[Top Mint] OLYMPUS PEN E-P7 Digital Camera Silver (Shutter Count:681) #6210b0,Olympus,Digital Cameras,Used,504.99,USD,FIXED_PRICE,good-cond,JP,blueoce-0,100.0,2026-08-06T04:00:25.000Z,,https://www.ebay.com/itm/128013211324?hash=item1dce2e96bc:g:j6gAAeSwYlFqdAOq,https://i.ebayimg.com/images/g/j6gAAeSwYlFqdAOq/s-l225.jpg
898,33.0,Nikon D750 24.3MP Digital SLR Camera 7799 Shots [Near Mint] #Z6691A,Nikon,Digital Cameras,Used,527.0,USD,FIXED_PRICE,good-cond,JP,ado.japan130,99.5,2026-08-06T02:49:00.000Z,,https://www.ebay.com/itm/336728812280?hash=item4e6699eaf8:g:aMsAAeSwNwVqc~YV,https://i.ebayimg.com/images/g/aMsAAeSwNwVqc~YV/s-l225.jpg
899,33.0,[N MINT] Olympus PEN E-PL8 White 14-42mm 40-150mm Lens Flash Tested From JAPAN,Olympus,Digital Cameras,Used,529.99,USD,FIXED_PRICE,good-cond,JP,nom-4907,100.0,2026-08-06T01:25:55.000Z,,https://www.ebay.com/itm/366589375509?hash=item555a6df415:g:6mAAAeSwauxqCsBW,https://i.ebayimg.com/images/g/6mAAAeSwauxqCsBW/s-l225.jpg
900,33.0,Nikon D90 AF-S DX 18-200mm VR Zoom Lens Kit Top MINT Only 1317 Shots Barely Used,Nikon,Digital Cameras,Used,538.0,USD,FIXED_PRICE,good-cond,JP,tokyoberry-camera,100.0,2026-08-06T08:31:24.000Z,,https://www.ebay.com/itm/407124078975?hash=item5eca7c717f:g:85kAAOSw835nGmjj,https://i.ebayimg.com/images/g/85kAAOSw835nGmjj/s-l225.jpg
901,33.0,OLYMPUS PEN E-P7 Digital Camera Body Silver (ShutterCount:660) [Top Mint] #8718V,Olympus,Digital Cameras,Used,540.7,USD,FIXED_PRICE,good-cond,JP,suns_factory-camera_jp,100.0,2026-08-06T03:54:25.000Z,,https://www.ebay.com/itm/236988423328?hash=item372d9c5ca0:g:s50AAeSwn2JqdAVp,https://i.ebayimg.com/images/g/s50AAeSwn2JqdAVp/s-l225.jpg
902,33.0,CT 4! [TOP MINT]PENTAX Q10 Evangelion Model Zoom Lens Kit TYPE 00 Ray From Japan,Pentax,Digital Cameras,Used,549.99,USD,"FIXED_PRICE,BEST_OFFER",good-cond,JP,hisagi.camera.marketjp,100.0,2026-08-06T01:09:09.000Z,,https://www.ebay.com/itm/377398022302?hash=item57deacd09e:g:D-EAAeSwgV5pySjO,https://i.ebayimg.com/images/g/D-EAAeSwgV5pySjO/s-l225.jpg
903,33.0,[Near MINT] Pentax K-3 Mark II DSLR Camera Body Shutter Count 26995 From JAPAN,Pentax,Digital Cameras,Used,569.99,USD,FIXED_PRICE,good-cond,JP,airu55,100.0,2026-08-05T18:50:14.000Z,,https://www.ebay.com/itm/800467101919?hash=itemba5f8ea8df:g:XE0AAeSwDhxqc4Zq,https://i.ebayimg.com/images/g/XE0AAeSwDhxqc4Zq/s-l225.jpg
904,33.0,[Near MINT Boxed] Canon PowerShot SX720 HS Red 20.3MP Wi-Fi 512MB SD from JAPAN,Canon,Digital Cameras,Used,569.99,USD,FIXED_PRICE,good-cond,JP,hirokam37,100.0,2026-08-06T07:07:05.000Z,,https://www.ebay.com/itm/377398562028?hash=item57deb50cec:g:RGcAAeSwhINqdDMU,https://i.ebayimg.com/images/g/RGcAAeSwhINqdDMU/s-l225.jpg
905,33.0,【 MINT 】 Nikon Coolpix S6900 Pink 16.0MP Digital Camera From JAPAN #1121,Nikon,Digital Cameras,Used,599.9,USD,FIXED_PRICE,good-cond,JP,ykond91-camera-japan,100.0,2026-08-06T01:49:37.000Z,,https://www.ebay.com/itm/800468443601?hash=itemba5fa321d1:g:pNgAAeSwhANp2QK8,https://i.ebayimg.com/images/g/pNgAAeSwhANp2QK8/s-l225.jpg
906,33.0,CANON EOS Kiss M Mirrorless Digital Camera Body BLACK -Near Mint- 0231,Canon,Digital Cameras,Used,605.79,USD,FIXED_PRICE,good-cond,JP,kitamura_camera,100.0,2026-08-06T03:32:32.000Z,,https://www.ebay.com/itm/358890044353?hash=item538f837bc1:g:AjMAAeSwoi5qdAUn,https://i.ebayimg.com/images/g/AjMAAeSwoi5qdAUn/s-l225.jpg
907,33.0,SH3000[TOP MINT in Box] Canon EOS RP Body 26.2MP Mirrorless Digital Camera JAPAN,Canon,Digital Cameras,Used,629.99,USD,FIXED_PRICE,good-cond,JP,japan-wristwatch-camera,100.0,2026-08-06T01:38:12.000Z,,https://www.ebay.com/itm/227464118974?hash=item34f5eb02be:g:1HkAAeSwjR1paDMQ,https://i.ebayimg.com/images/g/1HkAAeSwjR1paDMQ/s-l225.jpg
908,33.0,[TOP MINT in BOX] FUJIFILM X20 12.0MP Silver Compact Digital Camera from JAPAN,Fujifilm,Digital Cameras,Used,629.99,USD,FIXED_PRICE,good-cond,JP,daihir_56,100.0,2026-08-06T01:01:17.000Z,,https://www.ebay.com/itm/407123446395?hash=item5eca72ca7b:g:uxYAAeSwdqlqc93P,https://i.ebayimg.com/images/g/uxYAAeSwdqlqc93P/s-l225.jpg
909,33.0,FUJIFILM X-T2 Silver Mirrorless Digital Camera Body 24.3MP APS-C Exc+++,Fujifilm,Digital Cameras,Used,645.0,USD,"FIXED_PRICE,BEST_OFFER",good-cond,JP,japan_fun_select,99.6,2026-08-06T06:11:49.000Z,,https://www.ebay.com/itm/137591768711?hash=item20091bc687:g:RGwAAeSwhINqU58i,https://i.ebayimg.com/images/g/RGwAAeSwhINqU58i/s-l225.jpg
910,33.0,"Canon EOS 5D Mark II DSLR Camera /BG-E6,24-105mm f4 L *Near Mint 32810shot #5468",Canon,Digital Cameras,Used,664.99,USD,FIXED_PRICE,good-cond,JP,gb-camera_japan,100.0,2026-08-06T04:09:07.000Z,,https://www.ebay.com/itm/407123707742?hash=item5eca76c75e:g:rIgAAeSw2JtqdAoU,https://i.ebayimg.com/images/g/rIgAAeSw2JtqdAoU/s-l225.jpg
911,33.0,Leica D-LUX3 black 128497,Leica,Digital Cameras,Used,686.0,USD,FIXED_PRICE,,JP,digree_japan,99.7,2026-08-06T02:44:32.000Z,,https://www.ebay.com/itm/307110050961?hash=item47812f7c91:g:AGYAAeSwYlFqc~XG,https://i.ebayimg.com/images/g/AGYAAeSwYlFqc~XG/s-l225.jpg
912,33.0,Leica D-LUX4 620338,Leica,Digital Cameras,Used,686.0,USD,FIXED_PRICE,,JP,digree_japan,99.7,2026-08-06T02:44:32.000Z,,https://www.ebay.com/itm/307110050964?hash=item47812f7c94:g:unYAAeSw3yhqc~XJ,https://i.ebayimg.com/images/g/unYAAeSw3yhqc~XJ/s-l225.jpg
913,33.0,Canon EOS RP Digital Camera Body #63 -Near Mint-,Canon,Digital Cameras,Very Good - Refurbished,723.0,USD,FIXED_PRICE,good-cond,JP,mapcamera,100.0,2026-08-05T23:28:54.000Z,,https://www.ebay.com/itm/358889262334?hash=item538f778cfe:g:hbsAAeSwimlqbZLK,https://i.ebayimg.com/images/g/hbsAAeSwimlqbZLK/s-l225.jpg
914,33.0,Canon EOS RP Digital Camera Body #62 -Near Mint-,Canon,Digital Cameras,Very Good - Refurbished,723.0,USD,FIXED_PRICE,good-cond,JP,mapcamera,100.0,2026-08-05T23:23:03.000Z,,https://www.ebay.com/itm/377397808927?hash=item57dea98f1f:g:jhQAAeSwgm9qbZAF,https://i.ebayimg.com/images/g/jhQAAeSwgm9qbZAF/s-l225.jpg
915,33.0,NIKON D7500 20.8MP Digital Single-Lens Reflex Camera Body -EXC- 4799,Nikon,Digital Cameras,Used,731.68,USD,FIXED_PRICE,good-cond,JP,kitamura_camera,100.0,2026-08-06T02:18:16.000Z,,https://www.ebay.com/itm/358889816239?hash=item538f8000af:g:b~cAAeSwK8xqc~ay,https://i.ebayimg.com/images/g/b~cAAeSwK8xqc~ay/s-l225.jpg
916,33.0,Canon PowerShot G1 X Mark III Compact Digital Camera [Near Mint],Canon,Digital Cameras,Used,755.0,USD,FIXED_PRICE,good-cond,JP,united_camera,99.9,2026-08-06T08:38:14.000Z,,https://www.ebay.com/itm/307110488517?hash=item47813629c5:g:fO0AAeSw75ZqdCH6,https://i.ebayimg.com/images/g/fO0AAeSw75ZqdCH6/s-l225.jpg
917,33.0,Nikon COOLPIX P1100 (multiple languages Support) [Top Mint] #2878836A,Nikon,Digital Cameras,Used,769.0,USD,FIXED_PRICE,good-cond,JP,aoscamera_97,100.0,2026-08-05T23:21:19.000Z,,https://www.ebay.com/itm/366589116097?hash=item555a69fec1:g:fQIAAeSwJg5qMwFo,https://i.ebayimg.com/images/g/fQIAAeSwJg5qMwFo/s-l225.jpg
918,33.0,"Nikon D750 [MINT] 24.3MP Digital SLR Camera Body Only 18,398 Clicks S/N3101796",Nikon,Digital Cameras,Used,778.0,USD,FIXED_PRICE,good-cond,JP,tokyoberry-camera,100.0,2026-08-06T08:32:22.000Z,,https://www.ebay.com/itm/407124080972?hash=item5eca7c794c:g:d8UAAeSw4G1p4fnX,https://i.ebayimg.com/images/g/d8UAAeSw4G1p4fnX/s-l225.jpg
919,33.0,Canon EOS R10 24.2MP body (Shutter Count ≥ 1000) [Mint]#6338,Canon,Digital Cameras,Used,798.0,USD,"FIXED_PRICE,BEST_OFFER",good-cond,JP,310camerashopjapan,99.6,2026-08-05T22:17:42.000Z,,https://www.ebay.com/itm/206468641793?hash=item30127d7401:g:MfQAAeSwfZRqc7ZG,https://i.ebayimg.com/images/g/MfQAAeSwfZRqc7ZG/s-l225.jpg
920,33.0,[Top Mint] Fujifilm X-M5 Mirrorless Camera Black (Shutter Count:2407) #10173b6,Fujifilm,Digital Cameras,Used,814.99,USD,FIXED_PRICE,good-cond,JP,blueoce-0,100.0,2026-08-05T21:56:28.000Z,,https://www.ebay.com/itm/128012811468?hash=item1dce287ccc:g:068AAeSwYttqc64B,https://i.ebayimg.com/images/g/068AAeSwYttqc64B/s-l225.jpg
921,33.0,[MINT] Nikon D810 DSLR Camera w/ AF-S 50mm f/1.4G Lens From Japan 2949293,Nikon,Digital Cameras,Used,849.0,USD,FIXED_PRICE,good-cond,JP,praise-the-80,100.0,2026-08-06T07:36:52.000Z,,https://www.ebay.com/itm/800469573163?hash=itemba5fb45e2b:g:kHQAAeSwP3hqR8U4,https://i.ebayimg.com/images/g/kHQAAeSwP3hqR8U4/s-l225.jpg
922,33.0,FUJIFILM X-T30 Black Mirrorless Digital Camera Body 26.1MP 4K Exc,Fujifilm,Digital Cameras,Used,875.0,USD,"FIXED_PRICE,BEST_OFFER",good-cond,JP,japan_fun_select,99.6,2026-08-06T06:12:38.000Z,,https://www.ebay.com/itm/137591769575?hash=item20091bc9e7:g:4dQAAeSw4qRqTKhT,https://i.ebayimg.com/images/g/4dQAAeSw4qRqTKhT/s-l225.jpg
923,33.0,READ *N.MINT* Canon EOS-1D X Mark II 20.2MP Digital Camera Body JAPAN DDP US,Canon,Digital Cameras,Used,897.25,USD,"FIXED_PRICE,BEST_OFFER",good-cond,JP,infinitenumber,99.6,2026-08-06T01:22:38.000Z,,https://www.ebay.com/itm/800468348835?hash=itemba5fa1afa3:g:pHgAAeSwvdxqW3z-,https://i.ebayimg.com/images/g/pHgAAeSwvdxqW3z-/s-l225.jpg
924,33.0,[ MINT ] Canon EOS R 30.3MP Mirrorless Digital Camera Black Body From JAPAN,Canon,Digital Cameras,Used,899.99,USD,"FIXED_PRICE,BEST_OFFER",good-cond,JP,japan_camera_sippo,100.0,2026-08-06T02:40:33.000Z,,https://www.ebay.com/itm/398255020021?hash=item5cb9d957f5:g:4qkAAeSwYexqc-0j,https://i.ebayimg.com/images/g/4qkAAeSwYexqc-0j/s-l225.jpg
925,33.0,NoShip2US [ Low shots MINT+ in Box] Fujifilm Fuji X-T3 XT3 Black 26.1MP Cm03,Fujifilm,Digital Cameras,Used,909.99,USD,FIXED_PRICE,good-cond,JP,cooljapangoods,99.5,2026-08-06T01:17:23.000Z,,https://www.ebay.com/itm/178378204013?hash=item29882b636d:g:osMAAeSwSwhqcBpL,https://i.ebayimg.com/images/g/osMAAeSwSwhqcBpL/s-l225.jpg
926,33.0,[ Low shots MINT+ in Box] Fujifilm Fuji X-T3 XT3 Black 26.1MP Mirrorless Cm03,Fujifilm,Digital Cameras,Used,909.99,USD,FIXED_PRICE,good-cond,JP,cooljapangoods,99.5,2026-08-06T00:58:59.000Z,,https://www.ebay.com/itm/178378150506?hash=item29882a926a:g:osMAAeSwSwhqcBpL,https://i.ebayimg.com/images/g/osMAAeSwSwhqcBpL/s-l225.jpg
927,33.0,Canon EOS 90D Black Body Digital SLR Camera 32.5MP DIGIC 8 DSLR Exc+++,Canon,Digital Cameras,Used,922.0,USD,"FIXED_PRICE,BEST_OFFER",good-cond,JP,japan_fun_select,99.6,2026-08-06T05:38:51.000Z,,https://www.ebay.com/itm/137591696029?hash=item20091aaa9d:g:KagAAeSwl-1qbc2K,https://i.ebayimg.com/images/g/KagAAeSwl-1qbc2K/s-l225.jpg
928,33.0,[Top MINT] Canon EOS 5D Mark IV 30.4MP Digital SLR Camera Body Only From JAPAN,Canon,Digital Cameras,Used,929.99,USD,FIXED_PRICE,good-cond,JP,honestjapancameras,100.0,2026-08-06T06:52:42.000Z,,https://www.ebay.com/itm/168592719899?hash=item2740e8c01b:g:XecAAeSwYrtqdDAv,https://i.ebayimg.com/images/g/XecAAeSwYrtqdDAv/s-l225.jpg
929,33.0,Canon EOS M6 Mark II Silver Mirrorless Digital Camera 32.5MP Body Exc+++,Canon,Digital Cameras,Used,930.0,USD,"FIXED_PRICE,BEST_OFFER",good-cond,JP,japan_fun_select,99.6,2026-08-06T05:44:51.000Z,,https://www.ebay.com/itm/137591703716?hash=item20091ac8a4:g:3uoAAeSwHPxqcRao,https://i.ebayimg.com/images/g/3uoAAeSwHPxqcRao/s-l225.jpg
930,33.0,【TOP MINT】Fujifilm X-M5 Mirrorless Camera Black XC 15-45mm f/3.5-5.6 Lens Japan,Fujifilm,Digital Cameras,Used,949.99,USD,FIXED_PRICE,good-cond,JP,camerashop.toku-fromjapan,100.0,2026-08-06T02:15:34.000Z,,https://www.ebay.com/itm/800468525645?hash=itemba5fa4624d:g:dhQAAeSw9ZVqc-ri,https://i.ebayimg.com/images/g/dhQAAeSw9ZVqc-ri/s-l225.jpg
931,33.0,Shot 75991 [Near MINT+++ w/ Box] Nikon D4S 16.2MP Digital SLR Camera From JAPAN,Nikon,Digital Cameras,Used,999.99,USD,FIXED_PRICE,good-cond,JP,shima-0201,99.6,2026-08-06T01:11:34.000Z,,https://www.ebay.com/itm/287506197375?hash=item42f0b46b7f:g:m8sAAeSwpwZqc9~D,https://i.ebayimg.com/images/g/m8sAAeSwpwZqc9~D/s-l225.jpg
932,33.0,Olympus PEN-F Mirrorless Camera Black Shutter Count 20100 [Near Mint],Olympus,Digital Cameras,Used,1011.0,USD,FIXED_PRICE,good-cond,JP,united_camera,99.9,2026-08-06T03:55:35.000Z,,https://www.ebay.com/itm/307110138404?hash=item478130d224:g:hwUAAeSwBJRqdH8d,https://i.ebayimg.com/images/g/hwUAAeSwBJRqdH8d/s-l225.jpg
933,33.0,[Almost MINT] Canon EOS-1D X Mark II 20.2MP DSLR Camera Body Black From JAPAN,Canon,Digital Cameras,Used,1059.99,USD,FIXED_PRICE,good-cond,JP,camera_japan_chikami,99.7,2026-08-06T07:23:13.000Z,,https://www.ebay.com/itm/336729179219?hash=item4e669f8453:g:lkMAAeSwnxdqdDeT,https://i.ebayimg.com/images/g/lkMAAeSwnxdqdDeT/s-l225.jpg
934,33.0,NoShip2US[Low shots TOP MINT w/ 15-45mm in Box]Fujifilm Fuji X-M5 silver XC Cm02,Fujifilm,Digital Cameras,Used,1099.99,USD,FIXED_PRICE,good-cond,JP,cooljapangoods,99.5,2026-08-06T01:17:24.000Z,,https://www.ebay.com/itm/178378204015?hash=item29882b636f:g:i7QAAeSwR-dqauo6,https://i.ebayimg.com/images/g/i7QAAeSwR-dqauo6/s-l225.jpg
935,33.0,[ Low shots TOP MINT w/ 15-45mm in Box ] Fujifilm Fuji X-M5 silver XC Cm02,Fujifilm,Digital Cameras,Used,1099.99,USD,FIXED_PRICE,good-cond,JP,cooljapangoods,99.5,2026-08-06T00:58:10.000Z,,https://www.ebay.com/itm/178378150201?hash=item29882a9139:g:i7QAAeSwR-dqauo6,https://i.ebayimg.com/images/g/i7QAAeSwR-dqauo6/s-l225.jpg
936,33.0,CANON EOS 90D 32.5MP Digital Single-Lens Reflex Camera Body -Near Mint- 7389,Canon,Digital Cameras,Used,1174.16,USD,FIXED_PRICE,good-cond,JP,kitamura_camera,100.0,2026-08-06T02:18:16.000Z,,https://www.ebay.com/itm/358889816214?hash=item538f800096:g:MmwAAeSwcGlqc~Yk,https://i.ebayimg.com/images/g/MmwAAeSwcGlqc~Yk/s-l225.jpg
937,33.0,US DUTY PAID [ Near Mint ] CANON PowerShot G7X Mark II Black From Japan #27028B,Canon,Digital Cameras,Used,1177.05,USD,FIXED_PRICE,good-cond,JP,hiro_hiro_1986,100.0,2026-08-06T05:13:14.000Z,,https://www.ebay.com/itm/257664768566?hash=item3bfe045a36:g:pVsAAeSwVUhqGDI1,https://i.ebayimg.com/images/g/pVsAAeSwVUhqGDI1/s-l225.jpg
938,33.0,Pentax K-1 MarkII 36.4MP Digital SLR Camera 7149 Shots [Top Mint] #Z6696A,Pentax,Digital Cameras,Used,1233.0,USD,FIXED_PRICE,good-cond,JP,ado.japan130,99.5,2026-08-06T02:49:45.000Z,,https://www.ebay.com/itm/336728813946?hash=item4e6699f17a:g:tZAAAeSw9ABqc~ZD,https://i.ebayimg.com/images/g/tZAAAeSw9ABqc~ZD/s-l225.jpg
939,33.0,Fujifilm X-E5 40.2MP Digital Camera Silver 2269 Shots w/ Box [Top Mint] #Z6690A,Fujifilm,Digital Cameras,Used,1349.0,USD,FIXED_PRICE,good-cond,JP,ado.japan130,99.5,2026-08-06T02:48:51.000Z,,https://www.ebay.com/itm/336728812122?hash=item4e6699ea5a:g:pBkAAeSwgxZqc~YM,https://i.ebayimg.com/images/g/pBkAAeSwgxZqc~YM/s-l225.jpg
940,33.0,[Almost Unused] Leica D-LUX 7 17MP Digital Camera 24-75mm F1.7-2.8 From JAPAN,Leica,Digital Cameras,Used,1389.99,USD,FIXED_PRICE,,JP,camera_japan_chikami,99.7,2026-08-06T07:33:40.000Z,,https://www.ebay.com/itm/336729193271?hash=item4e669fbb37:g:dysAAeSwRydqdDnI,https://i.ebayimg.com/images/g/dysAAeSwRydqdDnI/s-l225.jpg
941,33.0,[Near Mint x/c 48770 ] Nikon D850 Digital SLR camera From Japan #26558,Nikon,Digital Cameras,Used,1434.5,USD,FIXED_PRICE,good-cond,JP,hiro_hiro_1986,100.0,2026-08-06T05:00:06.000Z,,https://www.ebay.com/itm/257664749480?hash=item3bfe040fa8:g:YUkAAeSwYIpqGYWf,https://i.ebayimg.com/images/g/YUkAAeSwYIpqGYWf/s-l225.jpg
942,33.0,FUJIFILM X-E4 26.1MP Mirrorless Digital Camera Body BLACK -Near Mint- 1965,Fujifilm,Digital Cameras,Used,1440.76,USD,FIXED_PRICE,good-cond,JP,kitamura_camera,100.0,2026-08-06T01:58:27.000Z,,https://www.ebay.com/itm/358889775941?hash=item538f7f6345:g:AxcAAeSwYJFqc-~2,https://i.ebayimg.com/images/g/AxcAAeSwYJFqc-~2/s-l225.jpg
943,33.0,Panasonic AG-DVX200 4K Video Camcorder with Leica 13x Lens - 225hr,Leica,Camcorders,Used,1499.0,USD,FIXED_PRICE,,US,zp_photo_video,100.0,2026-08-06T17:31:42.000Z,,https://www.ebay.com/itm/178380291421?hash=item29884b3d5d:g:Mo0AAeSwmehpdRtL,https://i.ebayimg.com/images/g/Mo0AAeSwmehpdRtL/s-l225.jpg
944,33.0,Olympus PEN-F Silver with 12mm F2.0 Lens (ShutterCount: 3964) [Near Mint]#6224,Olympus,Digital Cameras,Used,1501.0,USD,"FIXED_PRICE,BEST_OFFER",good-cond,JP,310camerashopjapan,99.6,2026-08-05T22:42:59.000Z,,https://www.ebay.com/itm/206468676500?hash=item30127dfb94:g:xwsAAeSwvjlqUKan,https://i.ebayimg.com/images/g/xwsAAeSwvjlqUKan/s-l225.jpg
945,33.0,Leica D-LUX 6 Edition G-STAR RAW 87104,Leica,Digital Cameras,Used,1545.6,USD,FIXED_PRICE,,JP,digree_japan,99.7,2026-08-06T02:44:32.000Z,,https://www.ebay.com/itm/307110050962?hash=item47812f7c92:g:YogAAeSw7Ehqc~XI,https://i.ebayimg.com/images/g/YogAAeSw7Ehqc~XI/s-l225.jpg
946,33.0,CANON EOS R6 20.1MP Mirrorless Digital Camera Body -Near Mint- 5415,Canon,Digital Cameras,Used,1635.16,USD,FIXED_PRICE,good-cond,JP,kitamura_camera,100.0,2026-08-06T00:18:18.000Z,,https://www.ebay.com/itm/358889448871?hash=item538f7a65a7:g:stEAAeSw-~pqc-W-,https://i.ebayimg.com/images/g/stEAAeSw-~pqc-W-/s-l225.jpg
947,33.0,Canon R6 Mark II 24.2MP Mirrorless Digital Camera 2619 Shots [Top Mint] #Z6687A,Canon,Digital Cameras,Used,1734.0,USD,FIXED_PRICE,good-cond,JP,ado.japan130,99.5,2026-08-06T02:48:22.000Z,,https://www.ebay.com/itm/336728811585?hash=item4e6699e841:g:W4gAAeSwihxqc~Xv,https://i.ebayimg.com/images/g/W4gAAeSwihxqc~Xv/s-l225.jpg
948,33.0,【EXC+++++】Nikon Z6 III Full Size Mirrorless Camera B#12631,Nikon,Digital Cameras,Used,1840.03,USD,"FIXED_PRICE,BEST_OFFER",good-cond,JP,japan_makana.store,100.0,2026-08-06T00:27:37.000Z,,https://www.ebay.com/itm/358889466356?hash=item538f7aa9f4:g:InkAAeSwBO5qKsd~,https://i.ebayimg.com/images/g/InkAAeSwBO5qKsd~/s-l225.jpg
949,33.0,Canon EOS R6 Mark II 24.2MP Mirrorless Camera Body #54 -Near Mint-,Canon,Digital Cameras,Very Good - Refurbished,1884.0,USD,FIXED_PRICE,good-cond,JP,mapcamera,100.0,2026-08-05T23:25:29.000Z,,https://www.ebay.com/itm/377397811499?hash=item57dea9992b:g:2mwAAeSwx71qbZD2,https://i.ebayimg.com/images/g/2mwAAeSwx71qbZD2/s-l225.jpg
950,33.0,"Nikon Z8 Mirrorless Shutter Count:8,359 [Top Mint] #2991169",Nikon,Digital Cameras,Used,2579.0,USD,FIXED_PRICE,good-cond,JP,aoscamera_97,100.0,2026-08-06T02:04:26.000Z,,https://www.ebay.com/itm/366589439039?hash=item555a6eec3f:g:P48AAeSwsIxqc-t4,https://i.ebayimg.com/images/g/P48AAeSwsIxqc-t4/s-l225.jpg
951,33.0,Leica D-LUX 8 166760,Leica,Digital Cameras,Used,2581.85,USD,FIXED_PRICE,,JP,digree_japan,99.7,2026-08-06T01:09:59.000Z,,https://www.ebay.com/itm/307109934477?hash=item47812db58d:g:QiYAAeSwZlJqc9-d,https://i.ebayimg.com/images/g/QiYAAeSwZlJqc9-d/s-l225.jpg
952,33.0,Leica D-LUX8 826267,Leica,Digital Cameras,Used,2714.93,USD,FIXED_PRICE,,JP,digree_japan,99.7,2026-08-06T02:44:32.000Z,,https://www.ebay.com/itm/307110050967?hash=item47812f7c97:g:h7gAAeSwwzRqc~X-,https://i.ebayimg.com/images/g/h7gAAeSwwzRqc~X-/s-l225.jpg
953,33.0,DDP FUJIFILM X-T4 XF16-80mm Lens Kit Black Mirrorless Camera EXC Rank A JAPAN,Fujifilm,Digital Cameras,Used,3094.51,USD,FIXED_PRICE,good-cond,JP,osaka-japan-202,100.0,2026-08-06T06:05:07.000Z,,https://www.ebay.com/itm/407123848902?hash=item5eca78eec6:g:bCgAAeSw4NdqdCVB,https://i.ebayimg.com/images/g/bCgAAeSw4NdqdCVB/s-l225.jpg
954,33.0,Nikon Z8 45.7MP Mirrorless Body Mint Boxed SC 6500 From Japan,Nikon,Digital Cameras,Used,3299.0,USD,"FIXED_PRICE,BEST_OFFER",good-cond,JP,mint_24_japan,100.0,2026-08-05T23:25:01.000Z,,https://www.ebay.com/itm/336728528093?hash=item4e669594dd:g:0lAAAeSwt5tqMTvk,https://i.ebayimg.com/images/g/0lAAAeSwt5tqMTvk/s-l225.jpg
955,33.0,Nikon Z 9 Body Mirrorless Camera From Japan Tested [Exc+],Nikon,Digital Cameras,Used,3350.0,USD,"FIXED_PRICE,BEST_OFFER",good-cond,JP,re-camera,99.8,2026-08-06T02:50:13.000Z,,https://www.ebay.com/itm/227464166638?hash=item34f5ebbcee:g:igAAAeSwVDJqaC-g,https://i.ebayimg.com/images/g/igAAAeSwVDJqaC-g/s-l225.jpg
956,33.0,Leica SL2 Body 298910,Leica,Digital Cameras,Used,3785.96,USD,FIXED_PRICE,,JP,digree_japan,99.7,2026-08-06T02:44:32.000Z,,https://www.ebay.com/itm/307110050963?hash=item47812f7c93:g:~I0AAeSwizZqc~WJ,https://i.ebayimg.com/images/g/~I0AAeSwizZqc~WJ/s-l225.jpg
957,33.0,All in Box [Top MINT Lens] Pentax 645Z 51.4MP Digital Camera FA 75mm f2.8 JAPAN,Pentax,Digital Cameras,Used,4500.0,USD,FIXED_PRICE,good-cond,JP,toyo_camera_japan,99.8,2026-08-06T00:48:54.000Z,,https://www.ebay.com/itm/377397988100?hash=item57deac4b04:g:BkcAAeSwtcBqc9ro,https://i.ebayimg.com/images/g/BkcAAeSwtcBqc9ro/s-l225.jpg
958,32.0,Canon Powershot S50 5mp 3X Zoom In Black Camera Body Only Tested,Canon,Digital Cameras,Used,26.92,USD,FIXED_PRICE,underpriced(med $339),GB,vintage-retro-shop,99.9,2026-08-05T18:19:27.000Z,,https://www.ebay.com/itm/298562205041?hash=item4583b1b571:g:ZcYAAeSwgSxpv~tq,https://i.ebayimg.com/images/g/ZcYAAeSwgSxpv~tq/s-l225.jpg
959,32.0,Nikon COOLPIX A10 Compact Digital Camera 16.1MP faulty,Nikon,Digital Cameras,For parts or not working,26.94,USD,"FIXED_PRICE,BEST_OFFER",underpriced(med $212),GB,prut-1207,100.0,2026-08-05T18:17:29.000Z,,https://www.ebay.com/itm/398253779145?hash=item5cb9c668c9:g:LasAAeSwrsFqc32~,https://i.ebayimg.com/images/g/LasAAeSwrsFqc32~/s-l225.jpg
960,32.0,The Fujifilm X100vi by Rico Pfirstinger (Paperback Book),Fujifilm,Digital Cameras,New,30.81,USD,FIXED_PRICE,underpriced(med $291),GB,bookcorneruk,100.0,2026-08-06T04:56:31.000Z,,https://www.ebay.com/itm/287506552701?hash=item42f0b9d77d:g:7woAAeSw4vtqdG6F,https://i.ebayimg.com/images/g/7woAAeSw4vtqdG6F/s-l225.jpg
961,32.0,"Olympus Digital Camera C-760 Ultra Zoom 3.2MP, New Battery & Charger - Working",Olympus,Digital Cameras,Used,32.27,USD,"FIXED_PRICE,BEST_OFFER",underpriced(med $347),GB,dynamiteretro,99.9,2026-08-06T01:08:10.000Z,,https://www.ebay.com/itm/257664423143?hash=item3bfdff14e7:g:bJIAAeSwmyZpXOvA,https://i.ebayimg.com/images/g/bJIAAeSwmyZpXOvA/s-l225.jpg
962,32.0,Fujifilm FinePix S5700 7.1MP Digital Bridge Camera 10x Optical Zoom - Tested,Fujifilm,Digital Cameras,Used,36.3,USD,FIXED_PRICE,underpriced(med $291),GB,wheelers-world,99.8,2026-08-05T19:53:26.000Z,,https://www.ebay.com/itm/227463813569?hash=item34f5e659c1:g:2rkAAeSw-~pqc5Mz,https://i.ebayimg.com/images/g/2rkAAeSw-~pqc5Mz/s-l225.jpg
963,32.0,Olympus Camedia C‑720 Ultra Zoom – Tested Working – Clean – 128MB Card,Olympus,Digital Cameras,Used,38.14,USD,"FIXED_PRICE,BEST_OFFER",underpriced(med $347),CA,viewfinder_vault,100.0,2026-08-05T21:25:41.000Z,,https://www.ebay.com/itm/188749100907?hash=item2bf252b76b:g:jeEAAeSwRTtqc6n0,https://i.ebayimg.com/images/g/jeEAAeSwRTtqc6n0/s-l225.jpg
964,32.0,Praktica 135mm F/2.8 Lens,Praktica,Lenses,Used,85.64,USD,"FIXED_PRICE,AUCTION",auction,CA,jagdeepsmatharu,100.0,2026-08-06T13:04:07.000Z,2026-08-13T13:04:07.000Z,https://www.ebay.com/itm/236989307121?hash=item372da9d8f1:g:N7oAAeSw~4xqOUoe,https://i.ebayimg.com/images/g/N7oAAeSw~4xqOUoe/s-l225.jpg
965,32.0,Canon EOS Kiss X5 / EF-S 18-55mm IS II Lens 416884,Canon,Digital Cameras,Used,256.9,USD,FIXED_PRICE,mount:canon ef;55mm,JP,digree_japan,99.7,2026-08-06T02:46:40.000Z,,https://www.ebay.com/itm/307110053495?hash=item47812f8677:g:hRUAAeSwBGxqc~ZL,https://i.ebayimg.com/images/g/hRUAAeSwBGxqc~ZL/s-l225.jpg
966,32.0,Canon EOS Kiss X5 / EF-S 18-55mm IS II Zoom Lens 665805,Canon,Digital Cameras,Used,256.9,USD,FIXED_PRICE,mount:canon ef;55mm,JP,digree_japan,99.7,2026-08-06T02:46:40.000Z,,https://www.ebay.com/itm/307110053500?hash=item47812f867c:g:utYAAeSwMttqc~YO,https://i.ebayimg.com/images/g/utYAAeSwMttqc~YO/s-l225.jpg
967,32.0,Canon EOS Kiss X5 / EF-S 18-55mm IS II Zoom Lens 665700,Canon,Digital Cameras,Used,256.9,USD,FIXED_PRICE,mount:canon ef;55mm,JP,digree_japan,99.7,2026-08-06T02:46:40.000Z,,https://www.ebay.com/itm/307110053501?hash=item47812f867d:g:VSkAAeSwBEtqc~YL,https://i.ebayimg.com/images/g/VSkAAeSwBEtqc~YL/s-l225.jpg
968,32.0,Canon EOS Kiss X7 Digital SLR Camera with EF-S 18-55mm Lens Excellent Condition,Canon,Digital Cameras,Used,303.19,USD,"FIXED_PRICE,BEST_OFFER",mount:canon ef;55mm,JP,tetyama15,100.0,2026-08-06T02:20:02.000Z,,https://www.ebay.com/itm/318684731976?hash=item4a33171a48:g:fOwAAeSw3yhqc--T,https://i.ebayimg.com/images/g/fOwAAeSw3yhqc--T/s-l225.jpg
969,32.0,Tokina SZ 8mm F2.8 Fisheye MF Lens For Sony E Mount Camera,Sony,Lenses,Brand New,309.85,USD,FIXED_PRICE,mount:sony e,AU,pricedumb,99.5,2026-08-06T00:07:11.000Z,,https://www.ebay.com/itm/178378033950?hash=item298828cb1e:g:6tUAAOSwkCRmY72A,https://i.ebayimg.com/images/g/6tUAAOSwkCRmY72A/s-l225.jpg
970,32.0,Canon EOS Kiss X80 Wi-Fi Digital SLR Camera with EF-S 18-55mm Lens JP,Canon,Digital Cameras,Used,314.9,USD,"FIXED_PRICE,BEST_OFFER",mount:canon ef;55mm,JP,japan4ever,97.8,2026-08-06T00:47:11.000Z,,https://www.ebay.com/itm/158158768280?hash=item24d2ff4898:g:bbMAAeSwNKlqc9rB,https://i.ebayimg.com/images/g/bbMAAeSwNKlqc9rB/s-l225.jpg
971,32.0,"Nikon D3200 Digital SLR Camera Body w/ 18-55mm AF-S Lens ~2,299 Shots [EXC]",Nikon,Digital Cameras,Used,316.95,USD,FIXED_PRICE,55mm;good-cond,US,victorycamera,99.6,2026-08-05T22:13:03.000Z,,https://www.ebay.com/itm/298562680442?hash=item4583b8f67a:g:NnwAAeSwcQBqc7VP,https://i.ebayimg.com/images/g/NnwAAeSwcQBqc7VP/s-l225.jpg
972,32.0,SC12431 Canon EOS Kiss X7i DSLR Camera EF-S 18-55mm f/3.5-5.6 IS STM From JAPAN,Canon,Digital Cameras,Used,369.97,USD,FIXED_PRICE,mount:canon ef;55mm,JP,the_excellent_camera_from_japan,100.0,2026-08-06T02:02:37.000Z,,https://www.ebay.com/itm/358889782253?hash=item538f7f7bed:g:1gwAAeSwfCxqc-ws,https://i.ebayimg.com/images/g/1gwAAeSwfCxqc-ws/s-l225.jpg
973,32.0,Canon EOS Rebel T7 DSLR 24.1MP w/ EF-S 18-55mm Lens & Case *Shutter Count 3292*,Canon,Digital Cameras,Used,400.0,USD,"FIXED_PRICE,AUCTION",mount:canon ef;55mm;auction,US,tayloyoun-74,0.0,2026-08-06T03:20:11.000Z,2026-08-13T03:20:11.000Z,https://www.ebay.com/itm/278251799189?hash=item40c9198295:g:AKkAAeSwMVhqTxKq,https://i.ebayimg.com/images/g/AKkAAeSwMVhqTxKq/s-l225.jpg
974,32.0,"Canon EOS Rebel T3i /600D DSLR Kit 18-55mm + 55-250mm Lenses, Bag, Charger- MINT",Canon,Digital Cameras,Used,430.0,USD,"FIXED_PRICE,BEST_OFFER",55mm;good-cond,US,trustrus2010,0.0,2026-08-06T03:15:27.000Z,,https://www.ebay.com/itm/128013172674?hash=item1dce2dffc2:g:85kAAeSwGjJqc~KN,https://i.ebayimg.com/images/g/85kAAeSwGjJqc~KN/s-l225.jpg
975,32.0,Canon EOS M EF-M 18-55mm / EF-M 22mm F2,Canon,Digital Cameras,Used,519.99,USD,FIXED_PRICE,mount:canon ef;55mm,JP,info_tanikawa,98.3,2026-08-05T18:51:48.000Z,,https://www.ebay.com/itm/227463764058?hash=item34f5e5985a:g:~QsAAeSw8hBqNIYt,https://i.ebayimg.com/images/g/~QsAAeSw8hBqNIYt/s-l225.jpg
976,32.0,Nikon D7500 20.8MP DSLR Body-Near Mint Shutter Count 4025 +Nikon 18-55mm VR Lens,Nikon,Digital Cameras,Used,549.99,USD,FIXED_PRICE,55mm;good-cond,US,szynda,100.0,2026-08-05T18:56:25.000Z,,https://www.ebay.com/itm/206468296921?hash=item30127830d9:g:H9oAAeSwimlqc4P-,https://i.ebayimg.com/images/g/H9oAAeSwimlqc4P-/s-l225.jpg
977,32.0,Canon EOS Kiss X9 Digital SLR Camera Body with EF-S 18-55mm IS STM Lens Kit,Canon,Digital Cameras,Used,550.66,USD,"FIXED_PRICE,BEST_OFFER",mount:canon ef;55mm,JP,tetyama15,100.0,2026-08-06T02:10:17.000Z,,https://www.ebay.com/itm/318684709242?hash=item4a3316c17a:g:N2cAAeSwZnFqc-6U,https://i.ebayimg.com/images/g/N2cAAeSwZnFqc-6U/s-l225.jpg
978,31.0,Yashica Auto Yashinon 5.5cm (55mm) f/1.8 M42 Mount Lens # 60516622,Yashica,Lenses,Used,35.65,USD,"FIXED_PRICE,BEST_OFFER",mount:m42;55mm,CA,northrailgoods,99.0,2026-08-06T14:52:51.000Z,,https://www.ebay.com/itm/407124902778?hash=item5eca89037a:g:GOcAAeSwh05qO9dE,https://i.ebayimg.com/images/g/GOcAAeSwh05qO9dE/s-l225.jpg
979,31.0,Panasonic LUMIX DMC-FS6 With Battery NO CHARGER NO MEMORY CARD TESTED WORKING,Panasonic,Digital Cameras,Used,40.0,USD,FIXED_PRICE,underpriced(med $171),US,jojoscollection,99.5,2026-08-06T04:13:37.000Z,,https://www.ebay.com/itm/358890134240?hash=item538f84dae0:g:uWMAAeSwEbBqWGhn,https://i.ebayimg.com/images/g/uWMAAeSwEbBqWGhn/s-l225.jpg
980,31.0,Panasonic Lumix DMC-ZS5 Digital Camera 12x Zoom No Battery No Charger,Panasonic,Digital Cameras,Used,40.0,USD,FIXED_PRICE,underpriced(med $171),US,jojoscollection,99.5,2026-08-06T04:13:30.000Z,,https://www.ebay.com/itm/358890134084?hash=item538f84da44:g:v7AAAeSwDDdqWFwd,https://i.ebayimg.com/images/g/v7AAAeSwDDdqWFwd/s-l225.jpg
981,31.0,Sony Digital Camera Cybershot DSC-P51 2.0MP Silver Tested Works With Memory,Sony,Digital Cameras,Used,45.0,USD,FIXED_PRICE,underpriced(med $180),US,hitech-wireless,99.8,2026-08-05T18:15:02.000Z,,https://www.ebay.com/itm/318682959204?hash=item4a32fc0d64:g:SVQAAeSwAY9qc3yW,https://i.ebayimg.com/images/g/SVQAAeSwAY9qc3yW/s-l225.jpg
982,31.0,Vivitar 70-150mm f/3.8 MC O/OM #291,Vivitar,Lenses,Used,45.5,USD,"FIXED_PRICE,AUCTION",mount:olympus om;auction,US,freshlen_46,100.0,2026-08-06T01:30:00.000Z,2026-08-11T01:30:00.000Z,https://www.ebay.com/itm/298559457874?hash=item458387ca52:g:CvQAAeSw6oxp8OXm,https://i.ebayimg.com/images/g/CvQAAeSw6oxp8OXm/s-l225.jpg
983,31.0,Sony DSC-W5 Cyber-shot 5.1MP 3x Optical Zoom Digital Camera Tested & Working,Sony,Digital Cameras,Used,46.88,USD,FIXED_PRICE,underpriced(med $180),US,kevi-kiele,99.8,2026-08-05T19:26:01.000Z,,https://www.ebay.com/itm/117342682087?hash=item1b522b3be7:g:YPkAAeSwNRxqc43h,https://i.ebayimg.com/images/g/YPkAAeSwNRxqc43h/s-l225.jpg
984,31.0,Sony Cybershot DSC-H9 8.1MP Digital Camera Tested Working READ DESCRIPTION,Sony,Digital Cameras,Used,46.99,USD,FIXED_PRICE,underpriced(med $180),US,misterb77,99.7,2026-08-05T18:13:50.000Z,,https://www.ebay.com/itm/278250597517?hash=item40c9072c8d:g:aYcAAeSwN09qc30G,https://i.ebayimg.com/images/g/aYcAAeSwN09qc30G/s-l225.jpg
985,31.0,Panasonic LUMIX DMC-LZ8 8.0MP Digital Camera - Black - Tested and Working,Panasonic,Digital Cameras,Used,49.95,USD,"FIXED_PRICE,BEST_OFFER",underpriced(med $171),US,marginmarket,97.3,2026-08-05T18:08:19.000Z,,https://www.ebay.com/itm/307109210231?hash=item478122a877:g:-OAAAeSwo4Nqc3ve,https://i.ebayimg.com/images/g/-OAAAeSwo4Nqc3ve/s-l225.jpg
986,31.0,Vintage Kodak Autographic Pocket Vest folding camera,Kodak,Vintage Cameras,,49.99,USD,"FIXED_PRICE,BEST_OFFER",,US,wandcelso_0,99.7,2026-08-06T17:37:48.000Z,,https://www.ebay.com/itm/227465073037?hash=item34f5f9918d:g:qxIAAeSwSLlqdMW3,https://i.ebayimg.com/images/g/qxIAAeSwSLlqdMW3/s-l225.jpg
987,31.0,SONY CYBER-SHOT DSC-S650 7.2 MP DIGITAL CAMERA - SILVER - TESTED,Sony,Digital Cameras,Used,49.99,USD,FIXED_PRICE,underpriced(med $180),US,simomszhi,100.0,2026-08-05T18:06:51.000Z,,https://www.ebay.com/itm/298562174918?hash=item4583b13fc6:g:qogAAeSwAbdqc3bW,https://i.ebayimg.com/images/g/qogAAeSwAbdqc3bW/s-l225.jpg
988,31.0,"Sony Cyber-shot DSC-S650 7.2MP Compact Digital Camera 3x Zoom Silver 2.0"" LCD",Sony,Digital Cameras,Used,49.99,USD,FIXED_PRICE,underpriced(med $180),US,reuselectronics,99.9,2026-08-05T22:32:05.000Z,,https://www.ebay.com/itm/158158485556?hash=item24d2faf834:g:oLUAAeSwfRBqc7jF,https://i.ebayimg.com/images/g/oLUAAeSwfRBqc7jF/s-l225.jpg
989,31.0,Sony Cybershot DSC-V1 Digital Digicam Point and Shoot Camera (1114972),Sony,Digital Cameras,Used,49.99,USD,"FIXED_PRICE,BEST_OFFER",underpriced(med $180),US,lincolnpawn,99.7,2026-08-05T22:29:36.000Z,,https://www.ebay.com/itm/267748967423?hash=item3e571503ff:g:pIYAAeSw9ABqc7nN,https://i.ebayimg.com/images/g/pIYAAeSw9ABqc7nN/s-l225.jpg
990,31.0,"Sony Mavica MVC-FD200 2.0MP Digital Camera w/New Batt, Charger, Cd Disc & Case",Sony,Digital Cameras,Used,49.99,USD,FIXED_PRICE,underpriced(med $180),US,chcul-67,99.3,2026-08-05T23:21:41.000Z,,https://www.ebay.com/itm/377397807465?hash=item57dea98969:g:ws0AAeSwwnlqc8Q4,https://i.ebayimg.com/images/g/ws0AAeSwwnlqc8Q4/s-l225.jpg
991,31.0,Sony Cyber-shot DSC-S60 4.1MP Silver Digital Camera *Tested Working*,Sony,Digital Cameras,Used,49.99,USD,"FIXED_PRICE,BEST_OFFER",underpriced(med $180),US,nr2b-finds,100.0,2026-08-06T02:13:09.000Z,,https://www.ebay.com/itm/287506271283?hash=item42f0b58c33:g:S6oAAeSwDDdqc-0r,https://i.ebayimg.com/images/g/S6oAAeSwDDdqc-0r/s-l225.jpg
992,31.0,Sony Mavica MVC-FD92 1.6 MP Digital Camera Bundle - Tested Works - Free Ship,Sony,Digital Cameras,Used,50.0,USD,FIXED_PRICE,underpriced(med $180),US,bdmwood,99.9,2026-08-05T19:27:21.000Z,,https://www.ebay.com/itm/307109346413?hash=item478124bc6d:g:s~AAAeSw-jdqc4s9,https://i.ebayimg.com/images/g/s~AAAeSw-jdqc4s9/s-l225.jpg
993,31.0,Sony Cyber-shot DSC-P100 5.1MP Digital Camera w/ Charger & USB Cable Tested.,Sony,Digital Cameras,Used,50.0,USD,"FIXED_PRICE,BEST_OFFER",underpriced(med $180),US,frasa-1260,100.0,2026-08-05T22:35:59.000Z,,https://www.ebay.com/itm/198550350125?hash=item2e3a85e92d:g:~fwAAeSwpEhqS-N-,https://i.ebayimg.com/images/g/~fwAAeSwpEhqS-N-/s-l225.jpg
994,31.0,Sony Cyber-Shot DSC-T7 Silver Built-In Flash Ultra Slim Compact Digital Camera,Sony,Digital Cameras,Used,50.0,USD,FIXED_PRICE,underpriced(med $180),US,jojoscollection,99.5,2026-08-06T04:14:32.000Z,,https://www.ebay.com/itm/358890135188?hash=item538f84de94:g:dgoAAeSwNwVqXwpy,https://i.ebayimg.com/images/g/dgoAAeSwNwVqXwpy/s-l225.jpg
995,31.0,Sony Cyber-shot DSC-S750 Digital Camera NO Battery - WORKS - No Charger,Sony,Digital Cameras,Used,50.0,USD,FIXED_PRICE,underpriced(med $180),US,jojoscollection,99.5,2026-08-06T04:14:08.000Z,,https://www.ebay.com/itm/358890134803?hash=item538f84dd13:g:c8EAAeSwS~JqWG1H,https://i.ebayimg.com/images/g/c8EAAeSwS~JqWG1H/s-l225.jpg
996,31.0,Sony Cyber-shot DSC-S700 7.2MP Digital Camera 3x Zoom Tested Working,Sony,Digital Cameras,Used,54.99,USD,"FIXED_PRICE,BEST_OFFER",underpriced(med $180),US,marginmarket,97.3,2026-08-05T18:12:31.000Z,,https://www.ebay.com/itm/307109223477?hash=item478122dc35:g:xmAAAeSwSwhqc3zw,https://i.ebayimg.com/images/g/xmAAAeSwSwhqc3zw/s-l225.jpg
997,31.0,Sony Cybershot DSC H9 8.1 MP Digital Camera 15X BUNDLE Manual RemoteCharger Case,Sony,Digital Cameras,Used,54.99,USD,"FIXED_PRICE,BEST_OFFER",underpriced(med $180),US,wbconglehbic,100.0,2026-08-05T22:59:54.000Z,,https://www.ebay.com/itm/206468704882?hash=item30127e6a72:g:Y8oAAeSwOk1qVPlD,https://i.ebayimg.com/images/g/Y8oAAeSwOk1qVPlD/s-l225.jpg
998,31.0,Vivitar series 1 28-90mm f/2.8-3.5 VMC O/OM #292,Vivitar,Lenses,Used,58.5,USD,"FIXED_PRICE,AUCTION",mount:olympus om;auction,US,freshlen_46,100.0,2026-08-06T01:30:00.000Z,2026-08-11T01:30:00.000Z,https://www.ebay.com/itm/298559457951?hash=item458387ca9f:g:B3cAAeSw6oxp8OWE,https://i.ebayimg.com/images/g/B3cAAeSw6oxp8OWE/s-l225.jpg
999,31.0,sony dsc-hx1,Sony,Digital Cameras,Used,59.95,USD,"FIXED_PRICE,BEST_OFFER",underpriced(med $180),US,toyman6366,97.5,2026-08-06T00:12:26.000Z,,https://www.ebay.com/itm/137590908126?hash=item20090ea4de:g:HpMAAeSwYrtqc9B3,https://i.ebayimg.com/images/g/HpMAAeSwYrtqc9B3/s-l225.jpg
1000,31.0,Sony DSC-W5 Cyber-shot 5.1MP 3x Optical Zoom Digital Camera Tested & Working,Sony,Digital Cameras,Used,59.99,USD,FIXED_PRICE,underpriced(med $180),US,adlerco,98.9,2026-08-06T03:06:09.000Z,,https://www.ebay.com/itm/358889963782?hash=item538f824106:g:GKYAAeSwi1Jqc~nn,https://i.ebayimg.com/images/g/GKYAAeSwi1Jqc~nn/s-l225.jpg
1001,31.0,Sony Mavica MVC-FD100 Compact Camera 1.2MP 5x Optical Zoom 2in LCD Flash,Sony,Digital Cameras,Used,60.0,USD,"FIXED_PRICE,BEST_OFFER",underpriced(med $180),US,jonnyboi300,0.0,2026-08-05T22:24:25.000Z,,https://www.ebay.com/itm/117342966030?hash=item1b522f910e:g:PmMAAeSwo4Nqc7ft,https://i.ebayimg.com/images/g/PmMAAeSwo4Nqc7ft/s-l225.jpg
1002,31.0,Panasonic LUMIX 12MP DMC-FS25 Silver X2 Batteries/Charger and case.,Panasonic,Digital Cameras,Used,60.0,USD,"FIXED_PRICE,BEST_OFFER",underpriced(med $171),US,targetkings,99.8,2026-08-06T01:41:14.000Z,,https://www.ebay.com/itm/117343270581?hash=item1b523436b5:g:rgwAAeSwYUhqc-Yu,https://i.ebayimg.com/images/g/rgwAAeSwYUhqc-Yu/s-l225.jpg
1003,31.0,Sony Cyber-Shot DSC-T300 10.1MP 5x Zoom Camera Tested No Battery No Charger,Sony,Digital Cameras,Used,60.0,USD,FIXED_PRICE,underpriced(med $180),US,jojoscollection,99.5,2026-08-06T04:14:15.000Z,,https://www.ebay.com/itm/358890134901?hash=item538f84dd75:g:AgoAAeSw7ehqWVIr,https://i.ebayimg.com/images/g/AgoAAeSw7ehqWVIr/s-l225.jpg
1004,31.0,Tokina 70-210mm f/4-5.6 SZ-X 210 MD Mount #323,Tokina,Lenses,Used,63.7,USD,"FIXED_PRICE,AUCTION",mount:minolta md;auction,US,freshlen_46,100.0,2026-08-06T01:30:00.000Z,2026-08-11T01:30:00.000Z,https://www.ebay.com/itm/298559458073?hash=item458387cb19:g:TqAAAeSw37VqDJ5R,https://i.ebayimg.com/images/g/TqAAAeSw37VqDJ5R/s-l225.jpg
1005,31.0,Panasonic LUMIX DMC-LS75 7.2MP Digital Camera w/ Box & Manual - WORKS SEE VIDEO,Panasonic,Digital Cameras,Used,63.92,USD,"FIXED_PRICE,BEST_OFFER",underpriced(med $171),US,treasures_to-go,100.0,2026-08-05T19:19:42.000Z,,https://www.ebay.com/itm/117342672512?hash=item1b522b1680:g:OkEAAeSwkuZqB1UP,https://i.ebayimg.com/images/g/OkEAAeSwkuZqB1UP/s-l225.jpg
1006,31.0,Sony Cyber-shot DSC-H5 7.2MP Digital Camera,Sony,Digital Cameras,Used,65.0,USD,"FIXED_PRICE,BEST_OFFER",underpriced(med $180),US,sha-5490,98.9,2026-08-06T02:47:32.000Z,,https://www.ebay.com/itm/318684822750?hash=item4a33187cde:g:YhYAAeSwNwVqc~WQ,https://i.ebayimg.com/images/g/YhYAAeSwNwVqc~WQ/s-l225.jpg
1007,31.0,Sony Cyber-Shot DSC-H300 Digital Camera *Tested & Working*,Sony,Digital Cameras,Used,67.0,USD,"FIXED_PRICE,BEST_OFFER",underpriced(med $180),US,timystyles,99.5,2026-08-06T00:30:22.000Z,,https://www.ebay.com/itm/158158752208?hash=item24d2ff09d0:g:UdsAAeSwFuJqc9SQ,https://i.ebayimg.com/images/g/UdsAAeSwFuJqc9SQ/s-l225.jpg
1008,31.0,Sony Cyber-shot DSC-W150 8.1MP Digital Camera - Black,Sony,Digital Cameras,Used,69.99,USD,"FIXED_PRICE,BEST_OFFER",underpriced(med $180),US,dusdett98,100.0,2026-08-05T23:11:01.000Z,,https://www.ebay.com/itm/336728513842?hash=item4e66955d32:g:ACcAAeSwGs1qc8Hf,https://i.ebayimg.com/images/g/ACcAAeSwGs1qc8Hf/s-l225.jpg
1009,31.0,Sony Cyber-shot DSC-W330 14.1MP Digital Camera - Blue PARTS OR REPAIR,Sony,Digital Cameras,For parts or not working,69.99,USD,"FIXED_PRICE,BEST_OFFER",underpriced(med $180),US,nr2b-finds,100.0,2026-08-06T02:18:24.000Z,,https://www.ebay.com/itm/287506276553?hash=item42f0b5a0c9:g:J28AAeSw-jdqc-5X,https://i.ebayimg.com/images/g/J28AAeSw-jdqc-5X/s-l225.jpg
1010,31.0,"Sony Mavica MVC-FD95 2.1MP Digital Camera w/Battery, WORKS NO CHARGER.",Sony,Digital Cameras,Used,70.0,USD,"FIXED_PRICE,BEST_OFFER",underpriced(med $180),US,hernapave,100.0,2026-08-05T22:08:04.000Z,,https://www.ebay.com/itm/117342941659?hash=item1b522f31db:g:HPoAAeSwo4Nqc7Qg,https://i.ebayimg.com/images/g/HPoAAeSwo4Nqc7Qg/s-l225.jpg
1011,31.0,Vivitar Series 1 70-210mm F/2.8-4 VMC Macro Focusing zoom O/OM mount #298,Vivitar,Lenses,Used,71.5,USD,"FIXED_PRICE,AUCTION",mount:olympus om;auction,US,freshlen_46,100.0,2026-08-06T01:30:00.000Z,2026-08-11T01:30:00.000Z,https://www.ebay.com/itm/298559457954?hash=item458387caa2:g:TNAAAeSw--9p8OEf,https://i.ebayimg.com/images/g/TNAAAeSw--9p8OEf/s-l225.jpg
1012,31.0,Panasonic Lumix DMC-TZ5 Digital Camera 9.1MP 720P 10x Silver Tested,Panasonic,Digital Cameras,Used,74.99,USD,"FIXED_PRICE,BEST_OFFER",underpriced(med $171),US,starssmallshopp,99.7,2026-08-06T04:52:25.000Z,,https://www.ebay.com/itm/178378651538?hash=item2988323792:g:vaoAAeSw6wpqdBLB,https://i.ebayimg.com/images/g/vaoAAeSw6wpqdBLB/s-l225.jpg
1013,31.0,"Sony Cyber-shot DSC-W5 Silver 5.1MP Compact Camera 3x Zoom 2.5"" LCD USB",Sony,Digital Cameras,Used,75.0,USD,"FIXED_PRICE,BEST_OFFER",underpriced(med $180),US,47vintagetreasures,99.3,2026-08-06T00:12:42.000Z,,https://www.ebay.com/itm/158158707429?hash=item24d2fe5ae5:g:b~UAAeSwsIxqc9Fr,https://i.ebayimg.com/images/g/b~UAAeSwsIxqc9Fr/s-l225.jpg
1014,31.0,Sony Cyber-shot DSC-N1 8.1MP Digital Camera - Silver,Sony,Digital Cameras,Used,76.48,USD,FIXED_PRICE,underpriced(med $180),US,luckstore777,99.6,2026-08-05T18:58:54.000Z,,https://www.ebay.com/itm/188748646192?hash=item2bf24bc730:g:cogAAeSwfZRqc4du,https://i.ebayimg.com/images/g/cogAAeSwfZRqc4du/s-l225.jpg
1015,31.0,"Minolta Maxxum Alpha AF 24mm f2.8 1st version A-mount lens w/ caps, for Sony A",Minolta,Lenses,Used,78.95,USD,FIXED_PRICE,,US,drmh330,100.0,2026-08-06T02:15:11.000Z,,https://www.ebay.com/itm/236988246412?hash=item372d99a98c:g:sAQAAeSwWtdqMW5d,https://i.ebayimg.com/images/g/sAQAAeSwWtdqMW5d/s-l225.jpg
1016,31.0,Sony Cyber-Shot DSC-H300 20.1MP Digital Bridge Camera 35x Zoom TESTED WORKS,Sony,Digital Cameras,Used,79.99,USD,"FIXED_PRICE,BEST_OFFER",underpriced(med $180),US,rodtrading444,99.4,2026-08-05T23:14:10.000Z,,https://www.ebay.com/itm/298562817573?hash=item4583bb0e25:g:QvsAAeSw9ZVqc8OU,https://i.ebayimg.com/images/g/QvsAAeSw9ZVqc8OU/s-l225.jpg
1017,31.0,Sony Cyber-shot DSC-W90 8.1MP Digital Camera - Silver Tested Works,Sony,Digital Cameras,Used,79.99,USD,FIXED_PRICE,underpriced(med $180),US,turtlepower707,99.7,2026-08-06T04:04:17.000Z,,https://www.ebay.com/itm/227464221370?hash=item34f5ec92ba:g:k88AAeSwwvJqdAeK,https://i.ebayimg.com/images/g/k88AAeSwwvJqdAeK/s-l225.jpg
1018,31.0,Sony Cybershot DSC-H200 Digital Camera - 20.1 Mega Pixels Case USB Cable - B18,Sony,Digital Cameras,Used,79.99,USD,FIXED_PRICE,underpriced(med $180),US,tetontreasures,99.9,2026-08-06T05:03:06.000Z,,https://www.ebay.com/itm/398255352177?hash=item5cb9de6971:g:49EAAeSwgIhqIZIE,https://i.ebayimg.com/images/g/49EAAeSwgIhqIZIE/s-l225.jpg
1019,31.0,Sony Cyber-shot DSC-H3 8.1MP Digital Camera - Black Battery No Charger,Sony,Digital Cameras,Used,80.0,USD,"FIXED_PRICE,BEST_OFFER",underpriced(med $180),US,gonzalezdeals4,99.0,2026-08-05T20:14:10.000Z,,https://www.ebay.com/itm/307109435025?hash=item4781261691:g:CcoAAeSwogFqcm7H,https://i.ebayimg.com/images/g/CcoAAeSwogFqcm7H/s-l225.jpg
1020,31.0,"【EXC】 Panasonic LUMIX DMC-FZ18 18x battery,strap,memory #am9511",Panasonic,Digital Cameras,Used,80.98,USD,FIXED_PRICE,good-cond,JP,somtom_9,99.2,2026-08-06T05:23:16.000Z,,https://www.ebay.com/itm/188750743621?hash=item2bf26bc845:g:wHwAAeSwflRqdC2C,https://i.ebayimg.com/images/g/wHwAAeSwflRqdC2C/s-l225.jpg
1021,31.0,Tokina AT-X 80-200mm f/2.8 Manual Focus Zoom Lens for K Mount SLR,Tokina,Lenses,Used,85.0,USD,"FIXED_PRICE,AUCTION",mount:pentax k;auction,US,rdeeds1,100.0,2026-08-05T23:35:24.000Z,2026-08-12T23:35:24.000Z,https://www.ebay.com/itm/407123279122?hash=item5eca703d12:g:AhEAAeSwwlRqPGj~,https://i.ebayimg.com/images/g/AhEAAeSwwlRqPGj~/s-l225.jpg
1022,31.0,[Exc+5] Panasonic LUMIX DMC-FX66 Pink Japanese language only Y2K Digicam JAPAN,Panasonic,Digital Cameras,Used,96.99,USD,"FIXED_PRICE,BEST_OFFER",good-cond,JP,camera_watch.japan,100.0,2026-08-06T07:48:37.000Z,,https://www.ebay.com/itm/178379048840?hash=item2988384788:g:PPsAAeSwp2Jp2F-i,https://i.ebayimg.com/images/g/PPsAAeSwp2Jp2F-i/s-l225.jpg
1023,31.0,"Chinon CE II Memotron 35mm SLR Vintage Film Camera 1976 Japan, Tested Read Desc",Chinon,Film Cameras,Used,97.9,USD,"FIXED_PRICE,BEST_OFFER",,US,azja_5515,100.0,2026-08-06T17:31:13.000Z,,https://www.ebay.com/itm/198552209040?hash=item2e3aa24690:g:hzMAAeSwp49qdMP2,https://i.ebayimg.com/images/g/hzMAAeSwp49qdMP2/s-l225.jpg
1024,31.0,Nikon COOLPIX P1 Black 3.5x OPTICAL ZOOM,Nikon,Digital Cameras,Used,99.99,USD,FIXED_PRICE,,JP,japan_camera_777,100.0,2026-08-06T03:50:49.000Z,,https://www.ebay.com/itm/267749181061?hash=item3e57184685:g:A1AAAeSwQBhqdAUQ,https://i.ebayimg.com/images/g/A1AAAeSwQBhqdAUQ/s-l225.jpg
1025,31.0,Agfa Automatic 66 Medium Format Film Rangefinder Camera Case 6004 Germany,Agfa,Vintage Cameras,,100.0,USD,FIXED_PRICE,,US,quickshippingwithcare,98.8,2026-08-06T17:48:17.000Z,,https://www.ebay.com/itm/137593510495?hash=item2009365a5f:g:998AAeSwMk1qdMiZ,https://i.ebayimg.com/images/g/998AAeSwMk1qdMiZ/s-l225.jpg
1026,31.0,Nikon COOLPIX Digital Camera Console,Nikon,Digital Cameras,Used,100.13,USD,FIXED_PRICE,,JP,hsense1230,100.0,2026-08-06T06:51:06.000Z,,https://www.ebay.com/itm/206469514504?hash=item30128ac508:g:hNYAAeSwdqlqdC-Q,https://i.ebayimg.com/images/g/hNYAAeSwdqlqdC-Q/s-l225.jpg
1027,31.0,"Smartphone Transfer OK. Nikon COOLPIX L32, Powered By AA Batteries.",Nikon,Digital Cameras,Used,101.11,USD,FIXED_PRICE,,JP,hsense1230,100.0,2026-08-06T06:48:46.000Z,,https://www.ebay.com/itm/206469497007?hash=item30128a80af:g:IqUAAeSwsHRqdC6M,https://i.ebayimg.com/images/g/IqUAAeSwsHRqdC6M/s-l225.jpg
1028,31.0,Nikon COOLPIX S510 Console,Nikon,Digital Cameras,Used,101.92,USD,FIXED_PRICE,,JP,keibun,100.0,2026-08-06T08:37:17.000Z,,https://www.ebay.com/itm/287506859987?hash=item42f0be87d3:g:i00AAeSwkB5qdEiy,https://i.ebayimg.com/images/g/i00AAeSwkB5qdEiy/s-l225.jpg
1029,31.0,Nikon COOLPIX Digital Camera Console,Nikon,Digital Cameras,Used,101.92,USD,FIXED_PRICE,,JP,keibun,100.0,2026-08-06T08:33:49.000Z,,https://www.ebay.com/itm/287506854005?hash=item42f0be7075:g:F9AAAeSwgblqdEge,https://i.ebayimg.com/images/g/F9AAAeSwgblqdEge/s-l225.jpg
1030,31.0,NIkon AF NIKKOR 50mm F/1.8 D (UNTESTED) #168,Nikon,Lenses,Used,102.7,USD,"FIXED_PRICE,AUCTION",mount:nikon f;neg;auction,US,freshlen_46,100.0,2026-08-06T01:30:00.000Z,2026-08-11T01:30:00.000Z,https://www.ebay.com/itm/298559457890?hash=item458387ca62:g:5uIAAeSwPu1pePmP,https://i.ebayimg.com/images/g/5uIAAeSwPu1pePmP/s-l225.jpg
1031,31.0,Nikon AF NIKKOR 70-300mm f/4-5.6G (UNTESTED) #167,Nikon,Lenses,Used,102.7,USD,"FIXED_PRICE,AUCTION",mount:nikon f;neg;auction,US,freshlen_46,100.0,2026-08-06T01:30:00.000Z,2026-08-11T01:30:00.000Z,https://www.ebay.com/itm/298559457998?hash=item458387cace:g:AEIAAeSweW9pePlX,https://i.ebayimg.com/images/g/AEIAAeSweW9pePlX/s-l225.jpg
1032,31.0,Nikon Coolpix S3600 Blue [Very Good] *Lens Barrier Issue Z22762,Nikon,Digital Cameras,Used,104.99,USD,"FIXED_PRICE,BEST_OFFER",,JP,tsurujapan532,100.0,2026-08-06T04:55:11.000Z,,https://www.ebay.com/itm/178378654768?hash=item2988324430:g:DLgAAeSwi1Jqc~il,https://i.ebayimg.com/images/g/DLgAAeSwi1Jqc~il/s-l225.jpg
1033,31.0,Nikon COOLPIX P100 Digital Camera,Nikon,Digital Cameras,Used,105.0,USD,FIXED_PRICE,,JP,hsense1230,100.0,2026-08-06T06:50:16.000Z,,https://www.ebay.com/itm/206469508167?hash=item30128aac47:g:P3YAAeSwRRNqdC-U,https://i.ebayimg.com/images/g/P3YAAeSwRRNqdC-U/s-l225.jpg
1034,31.0,Nikon COOLPIX S510 Console,Nikon,Digital Cameras,Used,105.0,USD,FIXED_PRICE,,JP,hsense1230,100.0,2026-08-06T06:45:42.000Z,,https://www.ebay.com/itm/206469491027?hash=item30128a6953:g:uaoAAeSw5oRqdC5M,https://i.ebayimg.com/images/g/uaoAAeSw5oRqdC5M/s-l225.jpg
1035,31.0,Nikon COOLPIX S3500 Silver #26193,Nikon,Digital Cameras,Used,105.0,USD,FIXED_PRICE,,JP,hsense1230,100.0,2026-08-06T06:39:47.000Z,,https://www.ebay.com/itm/206469487461?hash=item30128a5b65:g:OJAAAeSw8vVqdC0n,https://i.ebayimg.com/images/g/OJAAAeSw8vVqdC0n/s-l225.jpg
1036,31.0,Nikon COOLPIX S9100 Console Red,Nikon,Digital Cameras,Used,105.0,USD,FIXED_PRICE,,JP,hsense1230,100.0,2026-08-06T06:37:41.000Z,,https://www.ebay.com/itm/206469486321?hash=item30128a56f1:g:HkwAAeSwvA9qdCzj,https://i.ebayimg.com/images/g/HkwAAeSwvA9qdCzj/s-l225.jpg
1037,31.0,Nikon COOLPIX S220 Digital Camera Console,Nikon,Digital Cameras,Used,105.0,USD,FIXED_PRICE,,JP,hsense1230,100.0,2026-08-06T06:57:44.000Z,,https://www.ebay.com/itm/206469519591?hash=item30128ad8e7:g:9U0AAeSwVktqdDEc,https://i.ebayimg.com/images/g/9U0AAeSwVktqdDEc/s-l225.jpg
1038,31.0,Excellent Working Nikon COOLPIX L1 Compact Digital Camera,Nikon,Digital Cameras,Used,106.96,USD,FIXED_PRICE,,JP,hsense1230,100.0,2026-08-06T07:04:10.000Z,,https://www.ebay.com/itm/206469523500?hash=item30128ae82c:g:WAwAAeSwDhxqdDJl,https://i.ebayimg.com/images/g/WAwAAeSwDhxqdDJl/s-l225.jpg
1039,31.0,Working Nikon COOLPIX S60,Nikon,Digital Cameras,Used,106.96,USD,FIXED_PRICE,,JP,hsense1230,100.0,2026-08-06T07:00:25.000Z,,https://www.ebay.com/itm/206469520607?hash=item30128adcdf:g:P1oAAeSwU7xqdDFH,https://i.ebayimg.com/images/g/P1oAAeSwU7xqdDFH/s-l225.jpg
1040,31.0,Nikon 1 J3 Red 14.2 MP Mirrorless Digital Camera w/Box From Japan,Nikon,Digital Cameras,Used,109.99,USD,FIXED_PRICE,,JP,rytag50,100.0,2026-08-05T21:40:41.000Z,,https://www.ebay.com/itm/377397653687?hash=item57dea730b7:g:PBQAAeSwGgRqQkm7,https://i.ebayimg.com/images/g/PBQAAeSwGgRqQkm7/s-l225.jpg
1041,31.0,[Near MINT] Sony Cyber-shot DSC-T300 Black 10.1MP 5x Digital Camera From JAPAN,Sony,Digital Cameras,Used,109.99,USD,FIXED_PRICE,good-cond,JP,camera_japan_chikami,99.7,2026-08-06T07:30:43.000Z,,https://www.ebay.com/itm/336729188805?hash=item4e669fa9c5:g:Nn8AAeSw3QtqdDhi,https://i.ebayimg.com/images/g/Nn8AAeSw3QtqdDhi/s-l225.jpg
1042,31.0,"Nikon D3100 Digital SLR Camera 14.2MP Black 3in Screen USB, f/3.5",Nikon,Digital Cameras,Used,110.0,USD,"FIXED_PRICE,AUCTION",auction,US,moz-9686,100.0,2026-08-05T22:30:45.000Z,2026-08-12T22:30:45.000Z,https://www.ebay.com/itm/147485682386?hash=item2256d4ead2:g:PbMAAeSw2S9qYUP7,https://i.ebayimg.com/images/g/PbMAAeSw2S9qYUP7/s-l225.jpg
1043,31.0,Nikon COOLPIX L30 Console,Nikon,Digital Cameras,Used,110.85,USD,FIXED_PRICE,,JP,hsense1230,100.0,2026-08-06T06:59:42.000Z,,https://www.ebay.com/itm/206469520352?hash=item30128adbe0:g:PJwAAeSw-ABqdDIR,https://i.ebayimg.com/images/g/PJwAAeSw-ABqdDIR/s-l225.jpg
1044,31.0,Nikon Nikon COOLPIX S6000 Compact Digital Camera,Nikon,Digital Cameras,Used,112.61,USD,FIXED_PRICE,,JP,hsense1230,100.0,2026-08-06T06:55:39.000Z,,https://www.ebay.com/itm/206469518868?hash=item30128ad614:g:Uv4AAeSwUIlqdDBl,https://i.ebayimg.com/images/g/Uv4AAeSwUIlqdDBl/s-l225.jpg
1045,31.0,Nikon COOLPIX A10 Digital Camera Red,Nikon,Digital Cameras,Used,112.8,USD,FIXED_PRICE,,JP,hsense1230,100.0,2026-08-06T06:40:31.000Z,,https://www.ebay.com/itm/206469487747?hash=item30128a5c83:g:TNQAAeSwSFFqdC2L,https://i.ebayimg.com/images/g/TNQAAeSwSFFqdC2L/s-l225.jpg
1046,31.0,Excellent Nikon COOLPIX S6200 16.0MP Digital Compact Camera silver 4223,Nikon,Digital Cameras,Used,113.9,USD,FIXED_PRICE,,JP,keshi93,99.7,2026-08-06T02:25:15.000Z,,https://www.ebay.com/itm/147486015466?hash=item2256d9ffea:g:VIwAAeSw~Lpqc~B-,https://i.ebayimg.com/images/g/VIwAAeSw~Lpqc~B-/s-l225.jpg
1047,31.0,Nikon COOLPIX L30 Console - Please Check The Product Before Purchasing.,Nikon,Digital Cameras,Used,114.75,USD,FIXED_PRICE,,JP,hsense1230,100.0,2026-08-06T06:52:18.000Z,,https://www.ebay.com/itm/206469517290?hash=item30128acfea:g:gC8AAeSwzDRqdC~W,https://i.ebayimg.com/images/g/gC8AAeSwzDRqdC~W/s-l225.jpg
1048,31.0,Nikon COOLPIX Digital Camera Console Pink,Nikon,Digital Cameras,Used,114.75,USD,FIXED_PRICE,,JP,hsense1230,100.0,2026-08-06T07:03:11.000Z,,https://www.ebay.com/itm/206469522768?hash=item30128ae550:g:9wQAAeSwUKRqdDJm,https://i.ebayimg.com/images/g/9wQAAeSwUKRqdDJm/s-l225.jpg
1049,31.0,Ricoh Caplio GX100 10.0MP Digital Camera #0005,Ricoh,Digital Cameras,Used,115.0,USD,FIXED_PRICE,,JP,step-f,98.7,2026-08-06T06:06:48.000Z,,https://www.ebay.com/itm/358890412702?hash=item538f891a9e:g:HQkAAeSw60hqM-kd,https://i.ebayimg.com/images/g/HQkAAeSw60hqM-kd/s-l225.jpg
1050,31.0,Nikon COOLPIX S620 Digital Camera 12.2 Mega Pixels #0001,Nikon,Digital Cameras,Used,117.0,USD,FIXED_PRICE,,JP,step-f,98.7,2026-08-06T06:06:49.000Z,,https://www.ebay.com/itm/358890412865?hash=item538f891b41:g:tJsAAeSwUr5qWCoP,https://i.ebayimg.com/images/g/tJsAAeSwUr5qWCoP/s-l225.jpg
1051,31.0,Nikon COOLPIX E3100 Silver Compact Digital Camera Tested Working Japan,Nikon,Digital Cameras,Used,117.49,USD,"FIXED_PRICE,BEST_OFFER",,JP,s.kojiro,99.9,2026-08-06T06:27:02.000Z,,https://www.ebay.com/itm/377398497334?hash=item57deb41036:g:PYMAAeSwU7xqdDEK,https://i.ebayimg.com/images/g/PYMAAeSwU7xqdDEK/s-l225.jpg
1052,31.0,NIKON COOLPIX L3 Digital Camera (Tested And Working),Nikon,Digital Cameras,Used,117.68,USD,FIXED_PRICE,,JP,hsense1230,100.0,2026-08-06T06:45:00.000Z,,https://www.ebay.com/itm/206469490786?hash=item30128a6862:g:H6kAAeSw4oNqdC3m,https://i.ebayimg.com/images/g/H6kAAeSw4oNqdC3m/s-l225.jpg
1053,31.0,Nikon Digital Compact Camera COOLPIX S50 (Old Compact Camera),Nikon,Digital Cameras,Used,118.46,USD,FIXED_PRICE,,JP,hsense1230,100.0,2026-08-06T06:49:36.000Z,,https://www.ebay.com/itm/206469503705?hash=item30128a9ad9:g:DcIAAeSwLuxqdC76,https://i.ebayimg.com/images/g/DcIAAeSwLuxqdC76/s-l225.jpg
1054,31.0,G2238 Nikon COOLPIX S3000 Nikon With,Nikon,Digital Cameras,Used,118.65,USD,FIXED_PRICE,,JP,hsense1230,100.0,2026-08-06T06:38:31.000Z,,https://www.ebay.com/itm/206469486760?hash=item30128a58a8:g:P1sAAeSwcQBqdCye,https://i.ebayimg.com/images/g/P1sAAeSwcQBqdCye/s-l225.jpg
1055,31.0,Nikon COOLPIX S610 Digital Camera,Nikon,Digital Cameras,Used,119.43,USD,FIXED_PRICE,,JP,hsense1230,100.0,2026-08-06T06:53:29.000Z,,https://www.ebay.com/itm/206469517977?hash=item30128ad299:g:MMcAAeSwFdNqdDAg,https://i.ebayimg.com/images/g/MMcAAeSwFdNqdDAg/s-l225.jpg
1056,31.0,NIKON COOLPIX L3 Digital Camera (Tested And Working),Nikon,Digital Cameras,Used,119.6,USD,FIXED_PRICE,,JP,keibun,100.0,2026-08-06T08:31:52.000Z,,https://www.ebay.com/itm/287506849050?hash=item42f0be5d1a:g:aioAAeSwRo9qdEet,https://i.ebayimg.com/images/g/aioAAeSwRo9qdEet/s-l225.jpg
1057,31.0,Nikon COOLPIX W-100 Console Pink Digital Camera,Nikon,Digital Cameras,Used,119.63,USD,FIXED_PRICE,,JP,hsense1230,100.0,2026-08-06T06:44:22.000Z,,https://www.ebay.com/itm/206469490568?hash=item30128a6788:g:TH0AAeSwENVqdC3A,https://i.ebayimg.com/images/g/TH0AAeSwENVqdC3A/s-l225.jpg
1058,31.0,Nikon D3100 Digital SLR Camera with Standard Lens Good Condition JP,Nikon,Digital Cameras,Used,119.9,USD,"FIXED_PRICE,BEST_OFFER",,JP,japan4ever,97.8,2026-08-06T01:11:34.000Z,,https://www.ebay.com/itm/158158839529?hash=item24d3005ee9:g:7nEAAeSw6Ppqc-AA,https://i.ebayimg.com/images/g/7nEAAeSw6Ppqc-AA/s-l225.jpg
1059,31.0,Nikon COOLPIX Digital Camera Zoom Good Condition Compact Point & Shoot JP,Nikon,Digital Cameras,Used,119.9,USD,"FIXED_PRICE,BEST_OFFER",,JP,japan4ever,97.8,2026-08-06T05:42:14.000Z,,https://www.ebay.com/itm/158159416898?hash=item24d3092e42:g:xKEAAeSwnN9qdB9u,https://i.ebayimg.com/images/g/xKEAAeSwnN9qdB9u/s-l225.jpg
1060,31.0,PENTAX Optio LS465 Sapphire Black Compact Digital Camera Tested Japan,Pentax,Digital Cameras,Used,121.57,USD,"FIXED_PRICE,BEST_OFFER",,JP,s.kojiro,99.9,2026-08-06T04:25:00.000Z,,https://www.ebay.com/itm/377398330100?hash=item57deb182f4:g:7jIAAeSwwnxqdA7-,https://i.ebayimg.com/images/g/7jIAAeSwwnxqdA7-/s-l225.jpg
1061,31.0,Nikon COOLPIX Nikon With Red Digital Camera,Nikon,Digital Cameras,Used,121.58,USD,FIXED_PRICE,,JP,hsense1230,100.0,2026-08-06T07:05:55.000Z,,https://www.ebay.com/itm/206469526382?hash=item30128af36e:g:Lp4AAeSwgCRqdDNy,https://i.ebayimg.com/images/g/Lp4AAeSwgCRqdDNy/s-l225.jpg
1062,31.0,Nikon COOLPIX S6000 Nikon With Digital Camera Red,Nikon,Digital Cameras,Used,122.33,USD,FIXED_PRICE,,JP,hsense1230,100.0,2026-08-06T07:06:25.000Z,,https://www.ebay.com/itm/206469527635?hash=item30128af853:g:9iUAAeSwqmpqdDMp,https://i.ebayimg.com/images/g/9iUAAeSwqmpqdDMp/s-l225.jpg
1063,31.0,Nikon COOLPIX S520 Digital Camera Silver Excellent Condition Japan JP,Nikon,Digital Cameras,Used,122.9,USD,"FIXED_PRICE,BEST_OFFER",,JP,japan4ever,97.8,2026-08-06T03:27:46.000Z,,https://www.ebay.com/itm/158159139014?hash=item24d304f0c6:g:YtcAAeSwdbtqc~90,https://i.ebayimg.com/images/g/YtcAAeSwdbtqc~90/s-l225.jpg
1064,31.0,Nikon COOLPIX S230 Console Digital Camera,Nikon,Digital Cameras,Used,123.53,USD,FIXED_PRICE,,JP,hsense1230,100.0,2026-08-06T06:58:23.000Z,,https://www.ebay.com/itm/206469519823?hash=item30128ad9cf:g:I6IAAeSwU7hqdDDO,https://i.ebayimg.com/images/g/I6IAAeSwU7hqdDDO/s-l225.jpg
1065,31.0,Nikon COOLPIX S3300 Silver,Nikon,Digital Cameras,Used,124.49,USD,FIXED_PRICE,,JP,hsense1230,100.0,2026-08-06T06:57:05.000Z,,https://www.ebay.com/itm/206469519385?hash=item30128ad819:g:9EwAAeSwi1JqdDEy,https://i.ebayimg.com/images/g/9EwAAeSwi1JqdDEy/s-l225.jpg
1066,31.0,Nikon COOLPIX L810 Optical Performance: Good,Nikon,Digital Cameras,Used,124.5,USD,FIXED_PRICE,,JP,hsense1230,100.0,2026-08-06T06:41:07.000Z,,https://www.ebay.com/itm/206469488135?hash=item30128a5e07:g:rYwAAeSwC~ZqdCzC,https://i.ebayimg.com/images/g/rYwAAeSwC~ZqdCzC/s-l225.jpg
1067,31.0,Nikon COOLPIX 950 Digital Camera Console,Nikon,Digital Cameras,Used,124.5,USD,FIXED_PRICE,,JP,hsense1230,100.0,2026-08-06T06:40:09.000Z,,https://www.ebay.com/itm/206469487634?hash=item30128a5c12:g:7P8AAeSw8OVqdCzD,https://i.ebayimg.com/images/g/7P8AAeSw8OVqdCzD/s-l225.jpg
1068,31.0,Nikon COOLPIX Digital Camera Console Battery With Charger,Nikon,Digital Cameras,Used,124.5,USD,FIXED_PRICE,,JP,hsense1230,100.0,2026-08-06T07:04:28.000Z,,https://www.ebay.com/itm/206469523904?hash=item30128ae9c0:g:U4sAAeSwYJFqdDJB,https://i.ebayimg.com/images/g/U4sAAeSwYJFqdDJB/s-l225.jpg
1069,31.0,B Nikon COOLPIX Console Compact Digital Camera,Nikon,Digital Cameras,Used,124.5,USD,FIXED_PRICE,,JP,hsense1230,100.0,2026-08-06T07:02:45.000Z,,https://www.ebay.com/itm/206469522589?hash=item30128ae49d:g:o5gAAeSw8QJqdDIP,https://i.ebayimg.com/images/g/o5gAAeSw8QJqdDIP/s-l225.jpg
1070,31.0,Nikon COOLPIX L340 Good,Nikon,Digital Cameras,Used,124.52,USD,FIXED_PRICE,,JP,keibun,100.0,2026-08-06T08:52:17.000Z,,https://www.ebay.com/itm/287506876240?hash=item42f0bec750:g:r0cAAeSwEFNqdEv3,https://i.ebayimg.com/images/g/r0cAAeSwEFNqdEv3/s-l225.jpg
1071,31.0,Nikon Coolpix S80 Compact Digital Camera Tested Working Seller Japan,Nikon,Digital Cameras,Used,124.82,USD,"FIXED_PRICE,BEST_OFFER",,JP,s.kojiro,99.9,2026-08-06T00:24:16.000Z,,https://www.ebay.com/itm/377397937604?hash=item57deab85c4:g:6RkAAeSw3QFqc9fJ,https://i.ebayimg.com/images/g/6RkAAeSw3QFqc9fJ/s-l225.jpg
1072,31.0,Exterior: Excellent Nikon COOLPIX L30 Red AA Battery Compact Digital Camera,Nikon,Digital Cameras,Used,125.47,USD,FIXED_PRICE,,JP,hsense1230,100.0,2026-08-06T06:44:40.000Z,,https://www.ebay.com/itm/206469490679?hash=item30128a67f7:g:IngAAeSwRQxqdC3U,https://i.ebayimg.com/images/g/IngAAeSwRQxqdC3U/s-l225.jpg
1073,31.0,Nikon COOLPIX S520 Compact Digital Camera Tested Working Seller Japan,Nikon,Digital Cameras,Used,125.54,USD,"FIXED_PRICE,BEST_OFFER",,JP,s.kojiro,99.9,2026-08-06T06:27:52.000Z,,https://www.ebay.com/itm/377398498215?hash=item57deb413a7:g:aoYAAeSwEChqdCni,https://i.ebayimg.com/images/g/aoYAAeSwEChqdCni/s-l225.jpg
1074,31.0,Fully Nikon COOLPIX L28 Compact Digital Camera Console,Nikon,Digital Cameras,Used,127.43,USD,FIXED_PRICE,,JP,hsense1230,100.0,2026-08-06T07:01:26.000Z,,https://www.ebay.com/itm/206469521502?hash=item30128ae05e:g:WAgAAeSwPAZqdDI8,https://i.ebayimg.com/images/g/WAgAAeSwPAZqdDI8/s-l225.jpg
1075,31.0,PENTAX Optio VS20 16.0MP Compact Digital Camera Brilliant White w/ Box #260804r,Pentax,Digital Cameras,Used,128.0,USD,FIXED_PRICE,,JP,alpscamera,99.8,2026-08-06T00:48:04.000Z,,https://www.ebay.com/itm/227464076145?hash=item34f5ea5b71:g:MacAAeSwJaRqc9ju,https://i.ebayimg.com/images/g/MacAAeSwJaRqc9ju/s-l225.jpg
1076,31.0,PENTAX Optio RZ18 16.0MP Compact Digital Camera Metallic Orange w/ Box #260804o,Pentax,Digital Cameras,Used,128.0,USD,FIXED_PRICE,,JP,alpscamera,99.8,2026-08-06T01:39:19.000Z,,https://www.ebay.com/itm/227464120039?hash=item34f5eb06e7:g:a30AAeSwf4Jqc-Ut,https://i.ebayimg.com/images/g/a30AAeSwf4Jqc-Ut/s-l225.jpg
1077,31.0,Nikon Nikon COOLPIX P500 Compact Digital Camera Camera,Nikon,Digital Cameras,Used,129.18,USD,FIXED_PRICE,,JP,hsense1230,100.0,2026-08-06T06:43:45.000Z,,https://www.ebay.com/itm/206469490163?hash=item30128a65f3:g:ZLsAAeSwwzRqdC1f,https://i.ebayimg.com/images/g/ZLsAAeSwwzRqdC1f/s-l225.jpg
1078,31.0,Excellent NIKON COOLPIX A10 Single 3 Battery With CCD Sensor,Nikon,Digital Cameras,Used,129.18,USD,FIXED_PRICE,,JP,hsense1230,100.0,2026-08-06T06:59:01.000Z,,https://www.ebay.com/itm/206469520066?hash=item30128adac2:g:NWMAAeSwrhNqdDHm,https://i.ebayimg.com/images/g/NWMAAeSwrhNqdDHm/s-l225.jpg
1079,31.0,PENTAX X-5 Digital Camera Console,Pentax,Digital Cameras,Used,129.43,USD,FIXED_PRICE,,JP,keibun,100.0,2026-08-06T08:40:45.000Z,,https://www.ebay.com/itm/287506863338?hash=item42f0be94ea:g:ZZ4AAeSwvqJqdEkJ,https://i.ebayimg.com/images/g/ZZ4AAeSwvqJqdEkJ/s-l225.jpg
1080,31.0,Nikon Coolpix L830 #278,Nikon,Digital Cameras,Used,130.0,USD,"FIXED_PRICE,AUCTION",auction,US,freshlen_46,100.0,2026-08-06T01:30:00.000Z,2026-08-11T01:30:00.000Z,https://www.ebay.com/itm/298559457911?hash=item458387ca77:g:FGkAAeSwhkpp3Urp,https://i.ebayimg.com/images/g/FGkAAeSwhkpp3Urp/s-l225.jpg
1081,31.0,Nikon COOLPIX 3700 #274,Nikon,Digital Cameras,Used,130.0,USD,"FIXED_PRICE,AUCTION",auction,US,freshlen_46,100.0,2026-08-06T01:30:00.000Z,2026-08-11T01:30:00.000Z,https://www.ebay.com/itm/298559458021?hash=item458387cae5:g:LXIAAeSwfqVp3Uz8,https://i.ebayimg.com/images/g/LXIAAeSwfqVp3Uz8/s-l225.jpg
1082,31.0,Excellent FUJIFILM FinePix JX700 Pink Gold,Fujifilm,Digital Cameras,Used,131.2,USD,FIXED_PRICE,,JP,keibun,100.0,2026-08-06T08:55:31.000Z,,https://www.ebay.com/itm/287506879138?hash=item42f0bed2a2:g:YLgAAeSwSwhqdEz0,https://i.ebayimg.com/images/g/YLgAAeSwSwhqdEz0/s-l225.jpg
1083,31.0,Working FUJIFILM FinePix XP150,Fujifilm,Digital Cameras,Used,131.4,USD,FIXED_PRICE,,JP,keibun,100.0,2026-08-06T08:42:38.000Z,,https://www.ebay.com/itm/287506865480?hash=item42f0be9d48:g:LdUAAeSw3CxqdEl6,https://i.ebayimg.com/images/g/LdUAAeSw3CxqdEl6/s-l225.jpg
1084,31.0,Excellent NIKON COOLPIX S3500 20.0MP pink Compact Digital Camera 4158,Nikon,Digital Cameras,Used,132.05,USD,FIXED_PRICE,,JP,keshi93,99.7,2026-08-06T02:11:31.000Z,,https://www.ebay.com/itm/147485998622?hash=item2256d9be1e:g:oAcAAeSwwrlqc-05,https://i.ebayimg.com/images/g/oAcAAeSwwrlqc-05/s-l225.jpg
1085,31.0,NIKON COOLPIX With S3600 Silver Old With Box,Nikon,Digital Cameras,Used,132.3,USD,FIXED_PRICE,,JP,hsense1230,100.0,2026-08-06T06:37:23.000Z,,https://www.ebay.com/itm/206469486168?hash=item30128a5658:g:vcQAAeSwNm9qdCxb,https://i.ebayimg.com/images/g/vcQAAeSwNm9qdCxb/s-l225.jpg
1086,31.0,Nikon COOLPIX P90 Black Compact Digital Camera Tested Working Seller Japan,Nikon,Digital Cameras,Used,132.78,USD,"FIXED_PRICE,BEST_OFFER",,JP,s.kojiro,99.9,2026-08-06T06:29:02.000Z,,https://www.ebay.com/itm/377398500769?hash=item57deb41da1:g:tq8AAeSwR-dqdCpj,https://i.ebayimg.com/images/g/tq8AAeSwR-dqdCpj/s-l225.jpg
1087,31.0,Nikon COOLPIX L32 Compact Camera Digital Camera,Nikon,Digital Cameras,Used,133.27,USD,FIXED_PRICE,,JP,hsense1230,100.0,2026-08-06T06:40:48.000Z,,https://www.ebay.com/itm/206469487875?hash=item30128a5d03:g:FRoAAeSwU7xqdC1i,https://i.ebayimg.com/images/g/FRoAAeSwU7xqdC1i/s-l225.jpg
1088,31.0,Nikon COOLPIX Digital Camera With Charging Cable And SD Card Reader,Nikon,Digital Cameras,Used,134.25,USD,FIXED_PRICE,,JP,hsense1230,100.0,2026-08-06T07:02:10.000Z,,https://www.ebay.com/itm/206469522209?hash=item30128ae321:g:EZ4AAeSwPFVqdDHt,https://i.ebayimg.com/images/g/EZ4AAeSwPFVqdDHt/s-l225.jpg
1089,31.0,Nikon COOLPIX S3100 Yellow 14.0MP 5X Zoom Compact Digital Camera from Japan,Nikon,Digital Cameras,Used,134.49,USD,FIXED_PRICE,,JP,kirari_japan_9,100.0,2026-08-06T02:08:01.000Z,,https://www.ebay.com/itm/336728765110?hash=item4e669932b6:g:6yQAAeSw919oeLXn,https://i.ebayimg.com/images/g/6yQAAeSw919oeLXn/s-l225.jpg
1090,31.0,Nikon F50D Panorama 35mm Digital SLR Camera - Good Condition JP,Nikon,Digital Cameras,Used,134.9,USD,"FIXED_PRICE,BEST_OFFER",,JP,japan4ever,97.8,2026-08-06T05:51:26.000Z,,https://www.ebay.com/itm/158159449288?hash=item24d309acc8:g:eC4AAeSwXRFqdCGU,https://i.ebayimg.com/images/g/eC4AAeSwXRFqdCGU/s-l225.jpg
1091,31.0,Nikon COOLPIX L32 Compact Camera Digital Camera,Nikon,Digital Cameras,Used,135.33,USD,FIXED_PRICE,,JP,keibun,100.0,2026-08-06T08:44:07.000Z,,https://www.ebay.com/itm/287506866621?hash=item42f0bea1bd:g:MY8AAeSwD-lqdEoP,https://i.ebayimg.com/images/g/MY8AAeSwD-lqdEoP/s-l225.jpg
1092,31.0,FUJIFILM FinePix XP80 Waterproof Shockproof Digital Camera,Fujifilm,Digital Cameras,Used,135.33,USD,FIXED_PRICE,,JP,keibun,100.0,2026-08-06T08:42:57.000Z,,https://www.ebay.com/itm/287506865747?hash=item42f0be9e53:g:dEcAAeSw7ehqdEnJ,https://i.ebayimg.com/images/g/dEcAAeSw7ehqdEnJ/s-l225.jpg
1093,31.0,Nikon COOLPIX S3000 Console Blue,Nikon,Digital Cameras,Used,136.2,USD,FIXED_PRICE,,JP,hsense1230,100.0,2026-08-06T07:01:02.000Z,,https://www.ebay.com/itm/206469520879?hash=item30128addef:g:AeYAAeSw3QFqdDGs,https://i.ebayimg.com/images/g/AeYAAeSw3QFqdDGs/s-l225.jpg
1094,31.0,Nikon COOLPIX P90 Digital Camera Working,Nikon,Digital Cameras,Used,136.31,USD,FIXED_PRICE,,JP,keibun,100.0,2026-08-06T08:54:51.000Z,,https://www.ebay.com/itm/287506878688?hash=item42f0bed0e0:g:q74AAeSwT55qdEzN,https://i.ebayimg.com/images/g/q74AAeSwT55qdEzN/s-l225.jpg
1095,31.0,FUJIFILM Finepix Z1100EXR Compact Digital Camera Tested Working Japan,Fujifilm,Digital Cameras,Used,140.13,USD,"FIXED_PRICE,BEST_OFFER",,JP,s.kojiro,99.9,2026-08-06T00:27:10.000Z,,https://www.ebay.com/itm/377397943154?hash=item57deab9b72:g:h6oAAeSwfE5qc9eL,https://i.ebayimg.com/images/g/h6oAAeSwfE5qc9eL/s-l225.jpg
1096,31.0,Fujifilm FinePix J15fd Compact Digital Camera Tested Working Seller Japan,Fujifilm,Digital Cameras,Used,141.64,USD,"FIXED_PRICE,BEST_OFFER",,JP,s.kojiro,99.9,2026-08-06T06:32:15.000Z,,https://www.ebay.com/itm/377398510148?hash=item57deb44244:g:T3gAAeSwPAZqdDE~,https://i.ebayimg.com/images/g/T3gAAeSwPAZqdDE~/s-l225.jpg
1097,31.0,Fujifilm FinePix S100fs 11MP Bridge Digital Camera 14.3x Zoom Japan,Fujifilm,Digital Cameras,Used,149.0,USD,"FIXED_PRICE,BEST_OFFER",,JP,itsuwa-shop,99.5,2026-08-06T03:00:21.000Z,,https://www.ebay.com/itm/366589521500?hash=item555a702e5c:g:PFEAAeSwrFJqc~jB,https://i.ebayimg.com/images/g/PFEAAeSwrFJqc~jB/s-l225.jpg
1098,31.0,Fujifilm FinePix S100FS Black Digital Camera High Magnification Zoom Lens,Fujifilm,Digital Cameras,Used,149.0,USD,"FIXED_PRICE,BEST_OFFER",,JP,itsuwa-shop,99.5,2026-08-06T04:55:15.000Z,,https://www.ebay.com/itm/366589645444?hash=item555a721284:g:dXsAAeSwENVqdBOx,https://i.ebayimg.com/images/g/dXsAAeSwENVqdBOx/s-l225.jpg
1099,31.0,"Fujifilm FinePix S100FS Digital Camera 14.3x Optical Zoom 1,110 2/3 CCD 14.3",Fujifilm,Digital Cameras,Used,149.0,USD,"FIXED_PRICE,BEST_OFFER",,JP,itsuwa-shop,99.5,2026-08-06T04:51:19.000Z,,https://www.ebay.com/itm/366589641067?hash=item555a72016b:g:WJgAAeSwgvZqdBK5,https://i.ebayimg.com/images/g/WJgAAeSwgvZqdBK5/s-l225.jpg
1100,31.0,FUJIFILM FinePix S100FS 11.1MP Digital Camera 14.3x Optical Zoom 11.1 MEGA,Fujifilm,Digital Cameras,Used,149.0,USD,"FIXED_PRICE,BEST_OFFER",,JP,itsuwa-shop,99.5,2026-08-06T04:36:49.000Z,,https://www.ebay.com/itm/366589629734?hash=item555a71d526:g:OpwAAeSwFJVqdA9e,https://i.ebayimg.com/images/g/OpwAAeSwFJVqdA9e/s-l225.jpg
1101,31.0,Fujifilm FinePix S100FS Digital Camera Black Standard Zoom Lens with Bag,Fujifilm,Digital Cameras,Used,149.0,USD,"FIXED_PRICE,BEST_OFFER",,JP,itsuwa-shop,99.5,2026-08-06T05:14:21.000Z,,https://www.ebay.com/itm/366589667834?hash=item555a7269fa:g:kGkAAeSwENVqdBgp,https://i.ebayimg.com/images/g/kGkAAeSwENVqdBgp/s-l225.jpg
1102,31.0,Fujifilm FinePix S100FS 14.3x Optical Zoom Digital Camera 28-400mm 1200,Fujifilm,Digital Cameras,Used,149.0,USD,"FIXED_PRICE,BEST_OFFER",,JP,itsuwa-shop,99.5,2026-08-06T04:58:59.000Z,,https://www.ebay.com/itm/366589647402?hash=item555a721a2a:g:YVMAAeSwx71qdBSK,https://i.ebayimg.com/images/g/YVMAAeSwx71qdBSK/s-l225.jpg
1103,31.0,"Polaroid Big Shot Portrait Land Camera 1970s Not tested, With Box",Polaroid,Vintage Cameras,,150.98,USD,"FIXED_PRICE,BEST_OFFER",,US,bigcountry598,100.0,2026-08-06T17:41:11.000Z,,https://www.ebay.com/itm/398257300750?hash=item5cb9fc250e:g:MBwAAeSw2~5qc5-H,https://i.ebayimg.com/images/g/MBwAAeSw2~5qc5-H/s-l225.jpg
1104,31.0,Fujifilm Finepix Z900EXR 16.0MP Compact Digital Camera #0023,Fujifilm,Digital Cameras,Used,151.0,USD,FIXED_PRICE,,JP,step-f,98.7,2026-08-06T06:06:48.000Z,,https://www.ebay.com/itm/358890412737?hash=item538f891ac1:g:~8sAAeSwDs5qPHbN,https://i.ebayimg.com/images/g/~8sAAeSwDs5qPHbN/s-l225.jpg
1105,31.0,Working Original CANON IXY Digital Camera PC1001,Canon,Digital Cameras,Used,152.58,USD,FIXED_PRICE,,JP,hsense1230,100.0,2026-08-06T07:27:22.000Z,,https://www.ebay.com/itm/206469562421?hash=item30128b8035:g:sr0AAeSwHjNqdDeZ,https://i.ebayimg.com/images/g/sr0AAeSwHjNqdDeZ/s-l225.jpg
1106,31.0,FUJIFILM FinePix JZ250 Black Digital Camera 16MP 8x Zoom Tested Japan,Fujifilm,Digital Cameras,Used,153.0,USD,FIXED_PRICE,,JP,harutokyoselect,100.0,2026-08-05T23:29:43.000Z,,https://www.ebay.com/itm/128012904507?hash=item1dce29e83b:g:8p4AAeSw65Bqc1It,https://i.ebayimg.com/images/g/8p4AAeSw65Bqc1It/s-l225.jpg
1107,31.0,Canon PowerShot SX200 IS Brown,Canon,Digital Cameras,Used,153.73,USD,FIXED_PRICE,,JP,hsense1230,100.0,2026-08-06T08:48:06.000Z,,https://www.ebay.com/itm/206469682563?hash=item30128d5583:g:agYAAeSwfCxqdErD,https://i.ebayimg.com/images/g/agYAAeSwfCxqdErD/s-l225.jpg
1108,31.0,Canon IXY DIGITAL 55,Canon,Digital Cameras,Used,153.75,USD,FIXED_PRICE,,JP,hsense1230,100.0,2026-08-06T07:36:03.000Z,,https://www.ebay.com/itm/206469579927?hash=item30128bc497:g:vrUAAeSwINxqdDqR,https://i.ebayimg.com/images/g/vrUAAeSwINxqdDqR/s-l225.jpg
1109,31.0,Canon PowerShot A540 Console Digital Camera,Canon,Digital Cameras,Used,153.75,USD,FIXED_PRICE,,JP,hsense1230,100.0,2026-08-06T08:55:05.000Z,,https://www.ebay.com/itm/206469705817?hash=item30128db059:g:JZ0AAeSwo9lqdEyf,https://i.ebayimg.com/images/g/JZ0AAeSwo9lqdEyf/s-l225.jpg
1110,31.0,Excellent Polaroid SX-70 Land Camera Alpha 1 Instant Film Camera - TESTED,Polaroid,Vintage Cameras,,154.0,USD,"FIXED_PRICE,BEST_OFFER",,US,marus.59igt,99.5,2026-08-06T17:42:35.000Z,,https://www.ebay.com/itm/128014286052?hash=item1dce3efce4:g:tZYAAeSwPTdqdMd8,https://i.ebayimg.com/images/g/tZYAAeSwPTdqdMd8/s-l225.jpg
1111,31.0,Fujifilm FINEPIX XP200 Digital Camera 16MP 5x Water #0002,Fujifilm,Digital Cameras,Used,155.0,USD,FIXED_PRICE,,JP,step-f,98.7,2026-08-06T06:06:48.000Z,,https://www.ebay.com/itm/358890412688?hash=item538f891a90:g:mqoAAeSwBO5qM-mD,https://i.ebayimg.com/images/g/mqoAAeSwBO5qM-mD/s-l225.jpg
1112,31.0,RICOH CX1 Silver Compact Digital Camera Tested Working Seller Japan,Ricoh,Digital Cameras,Used,156.12,USD,"FIXED_PRICE,BEST_OFFER",,JP,s.kojiro,99.9,2026-08-06T06:32:49.000Z,,https://www.ebay.com/itm/377398511055?hash=item57deb445cf:g:UN4AAeSwYttqdDB~,https://i.ebayimg.com/images/g/UN4AAeSwYttqdDB~/s-l225.jpg
1113,31.0,RICOH WG-5 GPS Compact Digital Camera Tested Working Seller Japan,Ricoh,Digital Cameras,Used,156.23,USD,"FIXED_PRICE,BEST_OFFER",,JP,s.kojiro,99.9,2026-08-06T00:27:36.000Z,,https://www.ebay.com/itm/377397944434?hash=item57deaba072:g:8dMAAeSwzM5qc9gK,https://i.ebayimg.com/images/g/8dMAAeSwzM5qc9gK/s-l225.jpg
1114,31.0,Emergency: Product Canon Digital Camera Power Shot D30,Canon,Digital Cameras,Used,156.67,USD,FIXED_PRICE,,JP,hsense1230,100.0,2026-08-06T07:50:45.000Z,,https://www.ebay.com/itm/206469603468?hash=item30128c208c:g:F-oAAeSw86VqdD1T,https://i.ebayimg.com/images/g/F-oAAeSw86VqdD1T/s-l225.jpg
1115,31.0,Working Canon PowerShot A530 Compact Digital Camera,Canon,Digital Cameras,Used,158.62,USD,FIXED_PRICE,,JP,hsense1230,100.0,2026-08-06T08:32:08.000Z,,https://www.ebay.com/itm/206469666518?hash=item30128d16d6:g:bGsAAeSwWXRqdEez,https://i.ebayimg.com/images/g/bGsAAeSwWXRqdEez/s-l225.jpg
1116,31.0,FUJIFILM FinePix F775EXR Zoom Compact Digital Camera Red Good Condition JP,Fujifilm,Digital Cameras,Used,158.99,USD,"FIXED_PRICE,BEST_OFFER",,JP,japan4ever,97.8,2026-08-06T00:17:05.000Z,,https://www.ebay.com/itm/158158713775?hash=item24d2fe73af:g:nNQAAeSwkOBqc9M6,https://i.ebayimg.com/images/g/nNQAAeSwkOBqc9M6/s-l225.jpg
1117,31.0,FUJIFILM FinePix Z100fd Brown Digital Camera Tested Working Japan,Fujifilm,Digital Cameras,Used,159.0,USD,FIXED_PRICE,,JP,rikolife,99.5,2026-08-06T08:50:06.000Z,,https://www.ebay.com/itm/158159859242?hash=item24d30fee2a:g:9aYAAeSw8EFqdEq0,https://i.ebayimg.com/images/g/9aYAAeSw8EFqdEq0/s-l225.jpg
1118,31.0,Canon IXY DIGITAL Compact Camera Silver Point & Shoot Excellent Condition JP,Canon,Digital Cameras,Used,159.9,USD,"FIXED_PRICE,BEST_OFFER",,JP,japan4ever,97.8,2026-08-06T04:13:08.000Z,,https://www.ebay.com/itm/158159256484?hash=item24d306bba4:g:k1EAAeSwIoZqdArH,https://i.ebayimg.com/images/g/k1EAAeSwIoZqdArH/s-l225.jpg
1119,31.0,Battery-Powered Canon PowerShot A95 Silver Console + Strap,Canon,Digital Cameras,Used,161.54,USD,FIXED_PRICE,,JP,hsense1230,100.0,2026-08-06T08:51:18.000Z,,https://www.ebay.com/itm/206469699449?hash=item30128d9779:g:pqMAAeSwfZRqdEtE,https://i.ebayimg.com/images/g/pqMAAeSwfZRqdEtE/s-l225.jpg
1120,31.0,FUJIFILM FinePix T300 Red Compact Digital Camera Tested Working Japan,Fujifilm,Digital Cameras,Used,162.63,USD,"FIXED_PRICE,BEST_OFFER",,JP,s.kojiro,99.9,2026-08-06T04:24:12.000Z,,https://www.ebay.com/itm/377398329537?hash=item57deb180c1:g:ns0AAeSwGs1qdA58,https://i.ebayimg.com/images/g/ns0AAeSwGs1qdA58/s-l225.jpg
1121,31.0,Canon IXY DIGITAL Compact Digital Camera Tested Working Seller Japan,Canon,Digital Cameras,Used,162.63,USD,"FIXED_PRICE,BEST_OFFER",,JP,s.kojiro,99.9,2026-08-06T04:23:49.000Z,,https://www.ebay.com/itm/377398329313?hash=item57deb17fe1:g:hp0AAeSwHjVqdA6~,https://i.ebayimg.com/images/g/hp0AAeSwHjVqdA6~/s-l225.jpg
1122,31.0,Fujifilm FinePix F775EXR Red Compact Digital Camera Tested Working Japan,Fujifilm,Digital Cameras,Used,162.67,USD,"FIXED_PRICE,BEST_OFFER",,JP,s.kojiro,99.9,2026-08-06T00:26:36.000Z,,https://www.ebay.com/itm/377397941926?hash=item57deab96a6:g:dV8AAeSwh0Nqc9hC,https://i.ebayimg.com/images/g/dV8AAeSwh0Nqc9hC/s-l225.jpg
1123,31.0,Canon IXY 800 IS 6.0MP 4X Optical Zoom CCD Digital Camera #0003,Canon,Digital Cameras,Used,163.0,USD,FIXED_PRICE,,JP,step-f,98.7,2026-08-06T04:00:32.000Z,,https://www.ebay.com/itm/358890097593?hash=item538f844bb9:g:ltkAAeSwUKRqdAjG,https://i.ebayimg.com/images/g/ltkAAeSwUKRqdAjG/s-l225.jpg
1124,31.0,Canon IXY 800 IS 6.0MP 4X Optical Zoom CCD Digital Camera #0008,Canon,Digital Cameras,Used,163.0,USD,FIXED_PRICE,,JP,step-f,98.7,2026-08-06T04:00:32.000Z,,https://www.ebay.com/itm/358890097596?hash=item538f844bbc:g:dBoAAeSwqmpqdAeY,https://i.ebayimg.com/images/g/dBoAAeSwqmpqdAeY/s-l225.jpg
1125,31.0,Canon IXY DIGITAL 25 IS Compact Digital Camera #0001,Canon,Digital Cameras,Used,163.0,USD,FIXED_PRICE,,JP,step-f,98.7,2026-08-06T06:06:49.000Z,,https://www.ebay.com/itm/358890412916?hash=item538f891b74:g:dj0AAeSw99dqYYks,https://i.ebayimg.com/images/g/dj0AAeSw99dqYYks/s-l225.jpg
1126,31.0,Canon IXY DIGITAL 10 Compact Digital Camera Console,Canon,Digital Cameras,Used,163.5,USD,FIXED_PRICE,,JP,hsense1230,100.0,2026-08-06T07:22:42.000Z,,https://www.ebay.com/itm/206469558481?hash=item30128b70d1:g:ebkAAeSw65BqdDb6,https://i.ebayimg.com/images/g/ebkAAeSw65BqdDb6/s-l225.jpg
1127,31.0,Fujifilm FinePix S100FS Black Digital Camera Compact Superzoom Lens,Fujifilm,Digital Cameras,Used,164.0,USD,"FIXED_PRICE,BEST_OFFER",,JP,itsuwa-shop,99.5,2026-08-06T02:54:06.000Z,,https://www.ebay.com/itm/366589516803?hash=item555a701c03:g:QxsAAeSw4oNqc~dC,https://i.ebayimg.com/images/g/QxsAAeSw4oNqc~dC/s-l225.jpg
1128,31.0,Working Near OLYMPUS STYLUS VR-370,Olympus,Digital Cameras,Used,168.37,USD,FIXED_PRICE,,JP,hsense1230,100.0,2026-08-06T05:36:14.000Z,,https://www.ebay.com/itm/206469388679?hash=item301288d987:g:o-4AAeSwRo9qdB3J,https://i.ebayimg.com/images/g/o-4AAeSwRo9qdB3J/s-l225.jpg
1129,31.0,99.Canon PowerShot A710 IS Console,Canon,Digital Cameras,Used,168.37,USD,FIXED_PRICE,,JP,hsense1230,100.0,2026-08-06T08:37:20.000Z,,https://www.ebay.com/itm/206469672244?hash=item30128d2d34:g:apwAAeSwNwVqdEg8,https://i.ebayimg.com/images/g/apwAAeSwNwVqdEg8/s-l225.jpg
1130,31.0,Canon IXY 200 Red Digital Camera IXUS 185 Tested Working Good Condition,Canon,Digital Cameras,Used,170.0,USD,"FIXED_PRICE,BEST_OFFER",,JP,andgcamerashop,99.0,2026-08-06T07:44:54.000Z,,https://www.ebay.com/itm/398255694710?hash=item5cb9e3a376:g:h3gAAeSwRXVqdDtp,https://i.ebayimg.com/images/g/h3gAAeSwRXVqdDtp/s-l225.jpg
1131,31.0,Excellent Canon PowerShot A1200 Digital Camera (Uses 2 AA Batteries),Canon,Digital Cameras,Used,170.32,USD,FIXED_PRICE,,JP,hsense1230,100.0,2026-08-06T07:54:02.000Z,,https://www.ebay.com/itm/206469614122?hash=item30128c4a2a:g:fnkAAeSwfwRqdD6H,https://i.ebayimg.com/images/g/fnkAAeSwfwRqdD6H/s-l225.jpg
1132,31.0,Excellent / SD Card Included Canon PowerShot A550 Old Compact Digital Camera,Canon,Digital Cameras,Used,170.32,USD,FIXED_PRICE,,JP,hsense1230,100.0,2026-08-06T08:45:06.000Z,,https://www.ebay.com/itm/206469680688?hash=item30128d4e30:g:phoAAeSwnN9qdErC,https://i.ebayimg.com/images/g/phoAAeSwnN9qdErC/s-l225.jpg
1133,31.0,Fujifilm FinePix F30 Silver Compact Digital Camera Tested Working Japan,Fujifilm,Digital Cameras,Used,170.61,USD,"FIXED_PRICE,BEST_OFFER",,JP,s.kojiro,99.9,2026-08-06T06:32:29.000Z,,https://www.ebay.com/itm/377398510548?hash=item57deb443d4:g:DRQAAeSw5eRqdDEM,https://i.ebayimg.com/images/g/DRQAAeSw5eRqdDEM/s-l225.jpg
1134,31.0,Canon iVIS HF R21 Digital Video Camera #0009,Canon,Digital Cameras,Used,171.0,USD,FIXED_PRICE,,JP,step-f,98.7,2026-08-06T06:06:49.000Z,,https://www.ebay.com/itm/358890412861?hash=item538f891b3d:g:KX8AAeSwy7BqTzeu,https://i.ebayimg.com/images/g/KX8AAeSwy7BqTzeu/s-l225.jpg
1135,31.0,Fujifilm Finepix Z900EXR 16.0MP Compact Digital Camera #0019,Fujifilm,Digital Cameras,Used,171.0,USD,FIXED_PRICE,,JP,step-f,98.7,2026-08-06T06:06:48.000Z,,https://www.ebay.com/itm/358890412667?hash=item538f891a7b:g:p3cAAeSwDs5qM-t7,https://i.ebayimg.com/images/g/p3cAAeSwDs5qM-t7/s-l225.jpg
1136,31.0,Canon PowerShot A550 Compact Digital Camera Working,Canon,Digital Cameras,Used,173.04,USD,FIXED_PRICE,,JP,hsense1230,100.0,2026-08-06T08:36:37.000Z,,https://www.ebay.com/itm/206469671339?hash=item30128d29ab:g:dUcAAeSwWEBqdEhL,https://i.ebayimg.com/images/g/dUcAAeSwWEBqdEhL/s-l225.jpg
1137,31.0,Canon PowerShot SX20 IS Digital Camera,Canon,Digital Cameras,Used,173.24,USD,FIXED_PRICE,,JP,hsense1230,100.0,2026-08-06T08:31:29.000Z,,https://www.ebay.com/itm/206469664952?hash=item30128d10b8:g:ZuQAAeSw7EhqdEeP,https://i.ebayimg.com/images/g/ZuQAAeSw7EhqdEeP/s-l225.jpg
1138,31.0,FUJIFILM Finepix F80EXR Compact Digital Camera Tested Working Seller Japan,Fujifilm,Digital Cameras,Used,174.75,USD,"FIXED_PRICE,BEST_OFFER",,JP,s.kojiro,99.9,2026-08-06T00:26:57.000Z,,https://www.ebay.com/itm/377397942645?hash=item57deab9975:g:wVcAAeSwl85qc9iK,https://i.ebayimg.com/images/g/wVcAAeSwl85qc9iK/s-l225.jpg
1139,31.0,Canon IXY Digital 55 5.0 MP Digital Camera #0030,Canon,Digital Cameras,Used,176.0,USD,FIXED_PRICE,,JP,step-f,98.7,2026-08-06T06:06:49.000Z,,https://www.ebay.com/itm/358890412850?hash=item538f891b32:g:pdAAAeSwhZBqTza2,https://i.ebayimg.com/images/g/pdAAAeSwhZBqTza2/s-l225.jpg
1140,31.0,Working OLYMPUS SZ-16 Black 24x Zoom Compact Digital Camera,Olympus,Digital Cameras,Used,177.92,USD,FIXED_PRICE,,JP,hsense1230,100.0,2026-08-06T05:30:55.000Z,,https://www.ebay.com/itm/206469381271?hash=item301288bc97:g:lBMAAeSwycZqdByJ,https://i.ebayimg.com/images/g/lBMAAeSwycZqdByJ/s-l225.jpg
1141,31.0,Canon IXY DIGITAL 810 IS Console Battery,Canon,Digital Cameras,Used,178.12,USD,FIXED_PRICE,,JP,hsense1230,100.0,2026-08-06T07:23:25.000Z,,https://www.ebay.com/itm/206469558850?hash=item30128b7242:g:VjwAAeSw1bNqdDea,https://i.ebayimg.com/images/g/VjwAAeSw1bNqdDea/s-l225.jpg
1142,31.0,FUJIFILM FinePix F50fd Compact Digital Camera Point & Shoot Good Condition JP,Fujifilm,Digital Cameras,Used,178.9,USD,"FIXED_PRICE,BEST_OFFER",,JP,japan4ever,97.8,2026-08-05T23:51:23.000Z,,https://www.ebay.com/itm/158158651249?hash=item24d2fd7f71:g:CFcAAeSwfVNqc800,https://i.ebayimg.com/images/g/CFcAAeSwfVNqc800/s-l225.jpg
1143,31.0,Canon IXUS 175 IXY 180 PowerShot ELPH 180 Digital Camera Silver Tested#3006302,Canon,Digital Cameras,Used,179.99,USD,"FIXED_PRICE,BEST_OFFER",,JP,swjo_329,100.0,2026-08-06T03:52:10.000Z,,https://www.ebay.com/itm/366589583015?hash=item555a711ea7:g:OcUAAeSwDB5qc~tC,https://i.ebayimg.com/images/g/OcUAAeSwDB5qc~tC/s-l225.jpg
1144,31.0,OLYMPUS STYLUS TG-3 Black,Olympus,Digital Cameras,Used,181.04,USD,FIXED_PRICE,,JP,hsense1230,100.0,2026-08-06T05:38:15.000Z,,https://www.ebay.com/itm/206469390056?hash=item301288dee8:g:SqcAAeSwS~JqdB5D,https://i.ebayimg.com/images/g/SqcAAeSwS~JqdB5D/s-l225.jpg
1145,31.0,Canon PowerShot A710 Console With Cloth Case,Canon,Digital Cameras,Used,181.04,USD,FIXED_PRICE,,JP,hsense1230,100.0,2026-08-06T08:40:20.000Z,,https://www.ebay.com/itm/206469674703?hash=item30128d36cf:g:6PEAAeSwgm9qdEjt,https://i.ebayimg.com/images/g/6PEAAeSwgm9qdEjt/s-l225.jpg
1146,31.0,Canon PowerShot SX10 IS With Wi-Fi And SD Card Slot,Canon,Digital Cameras,Used,182.02,USD,FIXED_PRICE,,JP,hsense1230,100.0,2026-08-06T07:51:23.000Z,,https://www.ebay.com/itm/206469608078?hash=item30128c328e:g:FDQAAeSwQ7dqdD3u,https://i.ebayimg.com/images/g/FDQAAeSwQ7dqdD3u/s-l225.jpg
1147,31.0,Canon IXY DIGITAL Console Battery Charger Set,Canon,Digital Cameras,Used,182.98,USD,FIXED_PRICE,,JP,hsense1230,100.0,2026-08-06T07:38:42.000Z,,https://www.ebay.com/itm/206469582695?hash=item30128bcf67:g:6iwAAeSwfVNqdDrx,https://i.ebayimg.com/images/g/6iwAAeSwfVNqdDrx/s-l225.jpg
1148,31.0,OLYMPUS STYLUS XZ-10 Compact Digital Camera,Olympus,Digital Cameras,Used,182.99,USD,FIXED_PRICE,,JP,hsense1230,100.0,2026-08-06T05:40:30.000Z,,https://www.ebay.com/itm/206469391268?hash=item301288e3a4:g:BEcAAeSw1ihqdB7M,https://i.ebayimg.com/images/g/BEcAAeSw1ihqdB7M/s-l225.jpg
1149,31.0,OLYMPUS STYLUS SP-820UZ Console With Case,Olympus,Digital Cameras,Used,182.99,USD,FIXED_PRICE,,JP,hsense1230,100.0,2026-08-06T05:40:07.000Z,,https://www.ebay.com/itm/206469391166?hash=item301288e33e:g:oGYAAeSw-DtqdB9i,https://i.ebayimg.com/images/g/oGYAAeSw-DtqdB9i/s-l225.jpg
1150,31.0,OLYMPUS STYLUS VH-520 Digital Camera Camera,Olympus,Digital Cameras,Used,182.99,USD,FIXED_PRICE,,JP,hsense1230,100.0,2026-08-06T05:32:02.000Z,,https://www.ebay.com/itm/206469385411?hash=item301288ccc3:g:kIcAAeSwPpdqdB0H,https://i.ebayimg.com/images/g/kIcAAeSwPpdqdB0H/s-l225.jpg
1151,31.0,Canon IXY DIGITAL 25 IS Console,Canon,Digital Cameras,Used,182.99,USD,FIXED_PRICE,,JP,hsense1230,100.0,2026-08-06T07:39:29.000Z,,https://www.ebay.com/itm/206469583075?hash=item30128bd0e3:g:bccAAeSwVktqdDqs,https://i.ebayimg.com/images/g/bccAAeSwVktqdDqs/s-l225.jpg
1152,31.0,Canon Item: PowerShot A580,Canon,Digital Cameras,Used,182.99,USD,FIXED_PRICE,,JP,hsense1230,100.0,2026-08-06T08:53:28.000Z,,https://www.ebay.com/itm/206469705224?hash=item30128dae08:g:REgAAeSw2JtqdEy4,https://i.ebayimg.com/images/g/REgAAeSw2JtqdEy4/s-l225.jpg
1153,31.0,CANON PowerShot S80 Compact Digital Camera,Canon,Digital Cameras,Used,182.99,USD,FIXED_PRICE,,JP,hsense1230,100.0,2026-08-06T08:36:57.000Z,,https://www.ebay.com/itm/206469671803?hash=item30128d2b7b:g:-iMAAeSw9ZVqdEjT,https://i.ebayimg.com/images/g/-iMAAeSw9ZVqdEjT/s-l225.jpg
1154,31.0,Panasonic LUMIX GF3 Camera White with OLYMPUS Lens,Olympus,Digital Cameras,Used,183.26,USD,FIXED_PRICE,,JP,zet_on,100.0,2026-08-05T22:56:33.000Z,,https://www.ebay.com/itm/407123217095?hash=item5eca6f4ac7:g:qRMAAeSwwnlqc8CM,https://i.ebayimg.com/images/g/qRMAAeSwwnlqc8CM/s-l225.jpg
1155,31.0,Canon Digital Camera 160 Model Console PC1898,Canon,Digital Cameras,Used,185.45,USD,FIXED_PRICE,,JP,keibun,100.0,2026-08-06T02:55:16.000Z,,https://www.ebay.com/itm/287506342837?hash=item42f0b6a3b5:g:tmIAAeSwEMdqc~fT,https://i.ebayimg.com/images/g/tmIAAeSwEMdqc~fT/s-l225.jpg
1156,31.0,Canon IXY 170 PowerShot ELPH 170 Silver 20.0 MP Digital Camera #0005,Canon,Digital Cameras,Used,186.0,USD,FIXED_PRICE,,JP,step-f,98.7,2026-08-06T06:06:49.000Z,,https://www.ebay.com/itm/358890412859?hash=item538f891b3b:g:9z8AAeSwhN5qTzhe,https://i.ebayimg.com/images/g/9z8AAeSwhN5qTzhe/s-l225.jpg
1157,31.0,Canon IXY Digital 220 IS 12.1 MP Compact Digital Camera #0001,Canon,Digital Cameras,Used,186.0,USD,FIXED_PRICE,,JP,step-f,98.7,2026-08-06T06:06:48.000Z,,https://www.ebay.com/itm/358890412665?hash=item538f891a79:g:-NoAAeSwii1qIKZy,https://i.ebayimg.com/images/g/-NoAAeSwii1qIKZy/s-l225.jpg
1158,31.0,OLYMPUS Compact Digital Camera Tested Working Seller Japan,Olympus,Digital Cameras,Used,186.7,USD,"FIXED_PRICE,BEST_OFFER",,JP,s.kojiro,99.9,2026-08-06T06:33:33.000Z,,https://www.ebay.com/itm/377398512562?hash=item57deb44bb2:g:2PUAAeSwl85qdDBO,https://i.ebayimg.com/images/g/2PUAAeSwl85qdDBO/s-l225.jpg
1159,31.0,FUJIFILM FinePix F550EXR Compact Digital Camera Tested Working Seller Japan,Fujifilm,Digital Cameras,Used,186.7,USD,"FIXED_PRICE,BEST_OFFER",,JP,s.kojiro,99.9,2026-08-06T06:31:39.000Z,,https://www.ebay.com/itm/377398508758?hash=item57deb43cd6:g:4sMAAeSwn2JqdCtJ,https://i.ebayimg.com/images/g/4sMAAeSwn2JqdCtJ/s-l225.jpg
1160,31.0,FUJIFILM Finepix Z80 Compact Digital Camera Tested Working Seller Japan,Fujifilm,Digital Cameras,Used,186.78,USD,"FIXED_PRICE,BEST_OFFER",,JP,s.kojiro,99.9,2026-08-06T04:24:35.000Z,,https://www.ebay.com/itm/377398329763?hash=item57deb181a3:g:2roAAeSwkN9qdA1y,https://i.ebayimg.com/images/g/2roAAeSwkN9qdA1y/s-l225.jpg
1161,31.0,⏯️[Excellent+5] OLYMPUS PEN mini E-PM2 Red 16.1MP Digital Camera Body From Japan,Olympus,Digital Cameras,Used,188.0,USD,FIXED_PRICE,,JP,japan_trust_camera,99.8,2026-08-06T02:02:04.000Z,,https://www.ebay.com/itm/287506254137?hash=item42f0b54939:g:aXgAAeSw9apqaETl,https://i.ebayimg.com/images/g/aXgAAeSw9apqaETl/s-l225.jpg
1162,31.0,Canon IXY 140 Compact Digital Camera 20.0MP Wi-Fi 10x zoom #0006,Canon,Digital Cameras,Used,188.0,USD,FIXED_PRICE,,JP,step-f,98.7,2026-08-06T06:06:49.000Z,,https://www.ebay.com/itm/358890412889?hash=item538f891b59:g:3ksAAeSwB-dqWCpO,https://i.ebayimg.com/images/g/3ksAAeSwB-dqWCpO/s-l225.jpg
1163,31.0,Canon IXY 920 IS Digital Camera 10 MP 4X Wide Zoom #0009,Canon,Digital Cameras,Used,188.0,USD,FIXED_PRICE,,JP,step-f,98.7,2026-08-06T06:06:48.000Z,,https://www.ebay.com/itm/358890412655?hash=item538f891a6f:g:5f8AAeSwgIhqIKWB,https://i.ebayimg.com/images/g/5f8AAeSwgIhqIKWB/s-l225.jpg
1164,31.0,Excellent Canon PowerShot A560 Digital Camera PC1229,Canon,Digital Cameras,Used,192.72,USD,FIXED_PRICE,,JP,hsense1230,100.0,2026-08-06T08:34:42.000Z,,https://www.ebay.com/itm/206469668969?hash=item30128d2069:g:~CkAAeSwJM5qdEgU,https://i.ebayimg.com/images/g/~CkAAeSwJM5qdEgU/s-l225.jpg
1165,31.0,Canon IXY DIGITAL 800 IS Console,Canon,Digital Cameras,Used,192.74,USD,FIXED_PRICE,,JP,hsense1230,100.0,2026-08-06T07:23:43.000Z,,https://www.ebay.com/itm/206469558950?hash=item30128b72a6:g:dVMAAeSwSwhqdDkb,https://i.ebayimg.com/images/g/dVMAAeSwSwhqdDkb/s-l225.jpg
1166,31.0,Canon EOS 50D Camera Lens Set Tested Excellent Condition with Accessories,Canon,Digital Cameras,Used,193.56,USD,"FIXED_PRICE,BEST_OFFER",,JP,tetyama15,100.0,2026-08-06T02:11:29.000Z,,https://www.ebay.com/itm/318684711731?hash=item4a3316cb33:g:AJwAAeSwrhNqc~Iq,https://i.ebayimg.com/images/g/AJwAAeSwrhNqc~Iq/s-l225.jpg
1167,31.0,Canon IXY 910 IS Silver 8.0MP Compact Digital Camera #0001,Canon,Digital Cameras,Used,193.99,USD,FIXED_PRICE,,JP,step-f,98.7,2026-08-06T06:06:48.000Z,,https://www.ebay.com/itm/358890412620?hash=item538f891a4c:g:-I4AAeSwl6ZqF-ot,https://i.ebayimg.com/images/g/-I4AAeSwl6ZqF-ot/s-l225.jpg
1168,31.0,Olympus PEN Mini E-PM2 Mirrorless Camera White Excellent Condition JP,Olympus,Digital Cameras,Used,194.9,USD,"FIXED_PRICE,BEST_OFFER",,JP,japan4ever,97.8,2026-08-06T01:22:52.000Z,,https://www.ebay.com/itm/158158861089?hash=item24d300b321:g:EwIAAeSwraVqc-Ju,https://i.ebayimg.com/images/g/EwIAAeSwraVqc-Ju/s-l225.jpg
1169,31.0,Canon PowerShot N White Compact Digital Camera 12.1 MP Zoom 8x Lithium-Ion,Canon,Digital Cameras,Used,196.0,USD,FIXED_PRICE,,JP,shop_kk,99.5,2026-08-05T20:35:32.000Z,,https://www.ebay.com/itm/800467433071?hash=itemba5f93b66f:g:SsoAAeSw0sdqc56P,https://i.ebayimg.com/images/g/SsoAAeSw0sdqc56P/s-l225.jpg
1170,31.0,Appearance Good/Operation OK OLYMPUS STYLUS SZ-16 White Optics,Olympus,Digital Cameras,Used,196.64,USD,FIXED_PRICE,,JP,hsense1230,100.0,2026-08-06T05:36:54.000Z,,https://www.ebay.com/itm/206469389099?hash=item301288db2b:g:yG8AAeSwaStqdB6l,https://i.ebayimg.com/images/g/yG8AAeSwaStqdB6l/s-l225.jpg
1171,31.0,Canon IXY Digital 800 IS Digital Camera Camera Working,Canon,Digital Cameras,Used,197.61,USD,FIXED_PRICE,,JP,hsense1230,100.0,2026-08-06T07:38:26.000Z,,https://www.ebay.com/itm/206469582476?hash=item30128bce8c:g:pO4AAeSw8fBqdDqq,https://i.ebayimg.com/images/g/pO4AAeSw8fBqdDqq/s-l225.jpg
1172,31.0,Canon EOS 5D Classic Full Frame DSLR Camera Great Condition AF Working,Canon,Digital Cameras,Used,198.53,USD,"FIXED_PRICE,BEST_OFFER",,JP,tetyama15,100.0,2026-08-06T02:03:06.000Z,,https://www.ebay.com/itm/318684632663?hash=item4a33159657:g:SxMAAeSw8EFqc-xP,https://i.ebayimg.com/images/g/SxMAAeSw8EFqc-xP/s-l225.jpg
1173,31.0,Canon EOS Kiss Digital X Camera with Accessories Retro Style 10MP,Canon,Digital Cameras,Used,199.16,USD,"FIXED_PRICE,BEST_OFFER",,JP,tetyama15,100.0,2026-08-06T02:10:01.000Z,,https://www.ebay.com/itm/318684708778?hash=item4a3316bfaa:g:WBUAAeSwzOhqc-12,https://i.ebayimg.com/images/g/WBUAAeSwzOhqc-12/s-l225.jpg
1174,31.0,Excellent Canon IXY DIGITAL 50 PC1101 Camera Retro,Canon,Digital Cameras,Used,199.56,USD,FIXED_PRICE,,JP,hsense1230,100.0,2026-08-06T07:19:59.000Z,,https://www.ebay.com/itm/206469556746?hash=item30128b6a0a:g:Tc8AAeSwtcBqdDbO,https://i.ebayimg.com/images/g/Tc8AAeSwtcBqdDbO/s-l225.jpg
1175,31.0,"OLYMPUS PEN mini E-PM2 Mirrorless Camera Body, Silver (E-PM2 BODY SLV)",Olympus,Digital Cameras,Used,199.66,USD,"FIXED_PRICE,BEST_OFFER",,JP,akashic-camera,99.3,2026-08-05T23:35:19.000Z,,https://www.ebay.com/itm/206468760421?hash=item30127f4365:g:k90AAeSwLuxqc8ip,https://i.ebayimg.com/images/g/k90AAeSwLuxqc8ip/s-l225.jpg
1176,31.0,Canon EOS 5D Full Frame Digital SLR Camera Excellent Condition JP,Canon,Digital Cameras,Used,199.9,USD,"FIXED_PRICE,BEST_OFFER",,JP,japan4ever,97.8,2026-08-05T22:19:59.000Z,,https://www.ebay.com/itm/158158450780?hash=item24d2fa705c:g:7ZsAAeSwXRFqc7fH,https://i.ebayimg.com/images/g/7ZsAAeSwXRFqc7fH/s-l225.jpg
1177,31.0,Canon EOS Rebel XTi / EOS 400D DSLR Camera Kit w/ 2 Lenses Charger Memory Card,Canon,Digital Cameras,Used,199.99,USD,"FIXED_PRICE,AUCTION",auction,US,ericksdeals,99.4,2026-08-05T19:55:01.000Z,2026-08-12T19:55:01.000Z,https://www.ebay.com/itm/407122970189?hash=item5eca6b864d:g:ycAAAeSwDTBqaS0C,https://i.ebayimg.com/images/g/ycAAAeSwDTBqaS0C/s-l225.jpg
1178,31.0,Canon IXY 210 Silver PowerShot ELPH 200 IS IXUS 190 Camera w/ Accessories Japan,Canon,Digital Cameras,Used,199.99,USD,"FIXED_PRICE,BEST_OFFER",,JP,keiya-store-japan,100.0,2026-08-05T23:17:30.000Z,,https://www.ebay.com/itm/287506028834?hash=item42f0b1d922:g:G0EAAeSw1Klqc8Qq,https://i.ebayimg.com/images/g/G0EAAeSw1Klqc8Qq/s-l225.jpg
1179,31.0,OLYMPUS SZ-14 Digital Camera 14MP 24x Zoom Silver Tested 3D Photo Feature,Olympus,Digital Cameras,Used,199.99,USD,"FIXED_PRICE,BEST_OFFER",,JP,tetyama15,100.0,2026-08-06T02:41:32.000Z,,https://www.ebay.com/itm/318684809355?hash=item4a3318488b:g:RFcAAeSw-~pqc~US,https://i.ebayimg.com/images/g/RFcAAeSw-~pqc~US/s-l225.jpg
1180,31.0,Canon IXY 140 Compact Digital Camera 20.0MP Wi-Fi 10x zoom #0002,Canon,Digital Cameras,Used,200.0,USD,FIXED_PRICE,,JP,step-f,98.7,2026-08-06T04:00:32.000Z,,https://www.ebay.com/itm/358890097584?hash=item538f844bb0:g:yM4AAeSwU7hqdAfS,https://i.ebayimg.com/images/g/yM4AAeSwU7hqdAfS/s-l225.jpg
1181,31.0,Canon IXY 170 PowerShot ELPH 170 Silver 20.0 MP Digital Camera #0006,Canon,Digital Cameras,Used,200.0,USD,FIXED_PRICE,,JP,step-f,98.7,2026-08-06T04:00:32.000Z,,https://www.ebay.com/itm/358890097585?hash=item538f844bb1:g:g5kAAeSwpx9qdAdd,https://i.ebayimg.com/images/g/g5kAAeSwpx9qdAdd/s-l225.jpg
1182,31.0,Canon IXY Digital 220 IS 12.1 MP Compact Digital Camera #0011,Canon,Digital Cameras,Used,200.0,USD,FIXED_PRICE,,JP,step-f,98.7,2026-08-06T04:00:32.000Z,,https://www.ebay.com/itm/358890097586?hash=item538f844bb2:g:9A8AAeSwMndqdAeY,https://i.ebayimg.com/images/g/9A8AAeSwMndqdAeY/s-l225.jpg
1183,31.0,Canon IXY Digital 55 5.0 MP Digital Camera #0032,Canon,Digital Cameras,Used,200.0,USD,FIXED_PRICE,,JP,step-f,98.7,2026-08-06T04:00:32.000Z,,https://www.ebay.com/itm/358890097590?hash=item538f844bb6:g:GW8AAeSwdJpqdAde,https://i.ebayimg.com/images/g/GW8AAeSwdJpqdAde/s-l225.jpg
1184,31.0,Canon IXY DIGITAL L2 Camera #0013,Canon,Digital Cameras,Used,200.0,USD,FIXED_PRICE,,JP,step-f,98.7,2026-08-06T04:00:32.000Z,,https://www.ebay.com/itm/358890097599?hash=item538f844bbf:g:XfsAAeSw8KJqdAgS,https://i.ebayimg.com/images/g/XfsAAeSw8KJqdAgS/s-l225.jpg
1185,31.0,OLYMPUS TG-2 Working FCON-T01 With USB Confirmed:,Olympus,Digital Cameras,Used,200.53,USD,FIXED_PRICE,,JP,hsense1230,100.0,2026-08-06T05:47:35.000Z,,https://www.ebay.com/itm/206469393447?hash=item301288ec27:g:500AAeSwBGxqdCCr,https://i.ebayimg.com/images/g/500AAeSwBGxqdCCr/s-l225.jpg
1186,31.0,Canon PowerShot A2400 IS Silver,Canon,Digital Cameras,Used,201.51,USD,FIXED_PRICE,,JP,hsense1230,100.0,2026-08-06T08:38:59.000Z,,https://www.ebay.com/itm/206469673702?hash=item30128d32e6:g:JbUAAeSwD-lqdEkY,https://i.ebayimg.com/images/g/JbUAAeSwD-lqdEkY/s-l225.jpg
1187,31.0,Canon EOS Kiss X2 DSLR Camera with 28-90mm Lens Great for Beginners,Canon,Digital Cameras,Used,201.83,USD,"FIXED_PRICE,BEST_OFFER",,JP,tetyama15,100.0,2026-08-06T02:02:25.000Z,,https://www.ebay.com/itm/318684628293?hash=item4a33158545:g:bfEAAeSw0XBqc~Jt,https://i.ebayimg.com/images/g/bfEAAeSw0XBqc~Jt/s-l225.jpg
1188,31.0,OLYMPUS STYLUS SH-3 Compact Digital Camera Console,Olympus,Digital Cameras,Used,202.49,USD,FIXED_PRICE,,JP,hsense1230,100.0,2026-08-06T05:36:35.000Z,,https://www.ebay.com/itm/206469388899?hash=item301288da63:g:ClUAAeSwzOhqdB5Q,https://i.ebayimg.com/images/g/ClUAAeSwzOhqdB5Q/s-l225.jpg
1189,31.0,OLYMPUS STYLUS SH-50 Console Charger Set Working,Olympus,Digital Cameras,Used,202.49,USD,FIXED_PRICE,,JP,hsense1230,100.0,2026-08-06T05:34:39.000Z,,https://www.ebay.com/itm/206469387177?hash=item301288d3a9:g:S9cAAeSw3QFqdB2p,https://i.ebayimg.com/images/g/S9cAAeSw3QFqdB2p/s-l225.jpg
1190,31.0,Canon PowerShot SX POWERSHOT SX510 HS,Canon,Digital Cameras,Used,202.49,USD,FIXED_PRICE,,JP,hsense1230,100.0,2026-08-06T07:46:55.000Z,,https://www.ebay.com/itm/206469589392?hash=item30128be990:g:R6sAAeSwEMdqdDyo,https://i.ebayimg.com/images/g/R6sAAeSwEMdqdDyo/s-l225.jpg
1191,31.0,Canon IXY DIGITAL 800 IS,Canon,Digital Cameras,Used,202.49,USD,FIXED_PRICE,,JP,hsense1230,100.0,2026-08-06T07:20:58.000Z,,https://www.ebay.com/itm/206469557202?hash=item30128b6bd2:g:-wEAAeSwU6VqdDcL,https://i.ebayimg.com/images/g/-wEAAeSwU6VqdDcL/s-l225.jpg
1192,31.0,Canon Item: Power Shot SX530HS Digital Camera,Canon,Digital Cameras,Used,202.49,USD,FIXED_PRICE,,JP,hsense1230,100.0,2026-08-06T08:42:46.000Z,,https://www.ebay.com/itm/206469677361?hash=item30128d4131:g:AeUAAeSwo9lqdEmD,https://i.ebayimg.com/images/g/AeUAAeSwo9lqdEmD/s-l225.jpg
1193,31.0,Canon PowerShot A3400IS Red Console,Canon,Digital Cameras,Used,202.49,USD,FIXED_PRICE,,JP,hsense1230,100.0,2026-08-06T08:42:10.000Z,,https://www.ebay.com/itm/206469676071?hash=item30128d3c27:g:vGkAAeSwY89qdEmb,https://i.ebayimg.com/images/g/vGkAAeSwY89qdEmb/s-l225.jpg
1194,31.0,Canon EOS Kiss X2 DSLR Camera with 28-90mm Lens and Accessories Bundle,Canon,Digital Cameras,Used,203.44,USD,"FIXED_PRICE,BEST_OFFER",,JP,tetyama15,100.0,2026-08-06T02:09:26.000Z,,https://www.ebay.com/itm/318684702687?hash=item4a3316a7df:g:H6sAAeSw0Vtqc~Jm,https://i.ebayimg.com/images/g/H6sAAeSw0Vtqc~Jm/s-l225.jpg
1195,31.0,Canon EOS Kiss Digital N DSLR Camera with 200mm Telephoto Lens Bundle,Canon,Digital Cameras,Used,205.95,USD,"FIXED_PRICE,BEST_OFFER",,JP,tetyama15,100.0,2026-08-06T02:02:06.000Z,,https://www.ebay.com/itm/318684626248?hash=item4a33157d48:g:p28AAeSwSwhqc-ub,https://i.ebayimg.com/images/g/p28AAeSwSwhqc-ub/s-l225.jpg
1196,31.0,Canon EOS Kiss N Digital Camera with STM Lens Set and Accessories,Canon,Digital Cameras,Used,205.97,USD,"FIXED_PRICE,BEST_OFFER",,JP,tetyama15,100.0,2026-08-06T02:21:11.000Z,,https://www.ebay.com/itm/318684735136?hash=item4a331726a0:g:SwAAAeSwOPZqc~KH,https://i.ebayimg.com/images/g/SwAAAeSwOPZqc~KH/s-l225.jpg
1197,31.0,Canon Item: PowerShot A3500IS Silver Digital Camera Box,Canon,Digital Cameras,Used,206.38,USD,FIXED_PRICE,,JP,hsense1230,100.0,2026-08-06T08:51:59.000Z,,https://www.ebay.com/itm/206469702900?hash=item30128da4f4:g:jZ8AAeSwDhxqdEus,https://i.ebayimg.com/images/g/jZ8AAeSwDhxqdEus/s-l225.jpg
1198,31.0,Excellent Canon IXY 420F PowerShot ELPH 320 HS IXUS 240 HS black 3967,Canon,Digital Cameras,Used,207.1,USD,FIXED_PRICE,,JP,keshi93,99.7,2026-08-05T23:30:33.000Z,,https://www.ebay.com/itm/147485755005?hash=item2256d6067d:g:sIsAAeSw3CxqVdE-,https://i.ebayimg.com/images/g/sIsAAeSw3CxqVdE-/s-l225.jpg
1199,31.0,CANON IXY200F,Canon,Digital Cameras,Used,207.17,USD,FIXED_PRICE,,JP,hsense1230,100.0,2026-08-06T07:33:31.000Z,,https://www.ebay.com/itm/206469576995?hash=item30128bb923:g:AIcAAeSw8QJqdDlG,https://i.ebayimg.com/images/g/AIcAAeSw8QJqdDlG/s-l225.jpg
1200,31.0,Canon IXY DIGITAL 50 Compact Digital Camera Working,Canon,Digital Cameras,Used,207.36,USD,FIXED_PRICE,,JP,hsense1230,100.0,2026-08-06T07:32:23.000Z,,https://www.ebay.com/itm/206469576182?hash=item30128bb5f6:g:lI0AAeSwiBtqdDk-,https://i.ebayimg.com/images/g/lI0AAeSwiBtqdDk-/s-l225.jpg
