寻宝类型,评分,标题,品牌,类目,成色,价格,币种,购买方式,图片数,图片像素,标记,所在地,卖家,好评率,上架时间,结束时间,链接,图片
查无市价,106.0,Contax 139 Quartz Black 35mm SLR Film Camera Body with Lens Attached,Contax,Vintage Cameras,,35.0,USD,"FIXED_PRICE,AUCTION",1,1600,grail:Contax 139;underpriced(med 194);auction,US,caod22,100.0,2026-08-20T18:14:09.000Z,2026-08-27T18:14:09.000Z,https://www.ebay.com/itm/307137717828?hash=item4782d5a644:g:jK0AAeSwie9qh0O1,https://i.ebayimg.com/images/g/jK0AAeSwie9qh0O1/s-l225.jpg
查无市价,104.0,[Near MINT] Leica IIIa Ernst Leitz Wetzlar Rangefinder Film Camera From JAPAN,Leica,Film Cameras,Used,299.99,USD,FIXED_PRICE,12,1600,grail:Leica IIIa;good-cond;underpriced(med 1210),JP,mirai_camera_shop_japan,100.0,2026-08-20T15:05:43.000Z,,https://www.ebay.com/itm/398307978735?hash=item5cbd016def:g:ymAAAeSwOa9qhxtm,https://i.ebayimg.com/images/g/ymAAAeSwOa9qhxtm/s-l225.jpg
查无市价,104.0,[MINT+++] Leica IIIa Ernst Leitz Wetzlar Rangefinder Film Camera From JAPAN,Leica,Film Cameras,Used,329.99,USD,FIXED_PRICE,11,1600,grail:Leica IIIa;good-cond;underpriced(med 1210),JP,mublo_8,100.0,2026-08-21T04:13:57.000Z,,https://www.ebay.com/itm/398310091869?hash=item5cbd21ac5d:g:GtMAAeSwzadqh9Gk,https://i.ebayimg.com/images/g/GtMAAeSwzadqh9Gk/s-l225.jpg
残件/按现状,102.0,Minolta Hi-Matic 7s 35mm Rangefinder Camera Rokkor-PF 45mm f1.8 Lens For Parts,Minolta,Film Cameras,Used,35.0,USD,FIXED_PRICE,20,1600,grail:Hi-Matic;mount:minolta md;as-is;underpriced(med 95),JP,japanese.wholesaler.oden,99.5,2026-08-21T01:23:14.000Z,,https://www.ebay.com/itm/377437170165?hash=item57e10229f5:g:rfwAAeSwbLhqh6cq,https://i.ebayimg.com/images/g/rfwAAeSwbLhqh6cq/s-l225.jpg
残件/按现状,102.0,Zeiss Ikon Contaflex 35mm Film Camera Tessar 45mm F/2.8 Germany w/ Case UNTESTED,Zeiss,Film Cameras,For parts or not working,44.98,USD,"FIXED_PRICE,BEST_OFFER",23,1600,grail:Tessar;as-is;underpriced(med 286),US,billfam5,100.0,2026-08-20T14:44:11.000Z,,https://www.ebay.com/itm/227484168377?hash=item34f71cf0b9:g:7ZkAAeSwXf5qCmp8,https://i.ebayimg.com/images/g/7ZkAAeSwXf5qCmp8/s-l225.jpg
残件/按现状,102.0,Contax 139 Quartz 35mm SLR Film Camera Body W/ Strap - UNTESTED FOR PARTS/REPAIR,Contax,Film Cameras,For parts or not working,49.99,USD,FIXED_PRICE,6,946,grail:Contax 139;as-is;underpriced(med 625),US,electricalboutique,99.2,2026-08-20T17:28:59.000Z,,https://www.ebay.com/itm/327319592826?hash=item4c35c49f7a:g:BmIAAeSwijdqhzi0,https://i.ebayimg.com/images/g/BmIAAeSwijdqhzi0/s-l225.jpg
查无市价,102.0,Rollei XF 35 35mm Camera w/Sonnar 40mm f2.3 Lens Working But Not Film Tested,Rollei,Film Cameras,Used,89.95,USD,FIXED_PRICE,7,1600,grail:Sonnar;mount:fuji x;underpriced(med 408),US,polaroid-sx70,100.0,2026-08-20T17:35:43.000Z,,https://www.ebay.com/itm/257693157403?hash=item3bffb5881b:g:KYYAAeSwKVhqhzpH,https://i.ebayimg.com/images/g/KYYAAeSwKVhqhzpH/s-l225.jpg
残件/按现状,101.0,Canon Canonet QL17 35mm Film Rangefinder camera SE 45mm f1.7 For Parts,Canon,Film Cameras,Used,35.0,USD,FIXED_PRICE,20,1600,grail:Canonet;as-is;underpriced(med 160),JP,japanese.wholesaler.oden,99.5,2026-08-21T02:38:55.000Z,,https://www.ebay.com/itm/377437307935?hash=item57e104441f:g:LwAAAeSwNoNqh7fS,https://i.ebayimg.com/images/g/LwAAAeSwNoNqh7fS/s-l225.jpg
残件/按现状,101.0,[JUNK] Canon CANONET QL17 35mm Film Camera For Parts Untested As Is Japan,Canon,Film Cameras,For parts or not working,40.0,USD,"FIXED_PRICE,BEST_OFFER",15,1599,grail:CANONET;as-is;underpriced(med 160),JP,gaku_japan,100.0,2026-08-20T06:13:09.000Z,,https://www.ebay.com/itm/168627328776?hash=item2742f8d708:g:Y0QAAeSwPdNqhpri,https://i.ebayimg.com/images/g/Y0QAAeSwPdNqhpri/s-l225.jpg
残件/按现状,100.0,[Exc+5 Meter not working] Canon AE-1 P Program 35mm SLR Film Camera Silver JAPAN,Canon,Film Cameras,Used,69.99,USD,FIXED_PRICE,9,1600,grail:AE-1;good-cond;as-is;underpriced(med 160),JP,hiriiz-66,100.0,2026-08-20T05:09:24.000Z,,https://www.ebay.com/itm/168627223717?hash=item2742f73ca5:g:8mwAAeSw1PxqhoxG,https://i.ebayimg.com/images/g/8mwAAeSw1PxqhoxG/s-l225.jpg
残件/按现状,100.0,CONTAX RTS (Sold as-is) Working Item From Japan,Contax,Film Cameras,Used,96.4,USD,FIXED_PRICE,9,1200,grail:CONTAX RTS;as-is;underpriced(med 625),JP,quorefl-53,100.0,2026-08-21T07:53:02.000Z,,https://www.ebay.com/itm/800544141670?hash=itemba64263166:g:RSgAAeSwZERqiATS,https://i.ebayimg.com/images/g/RSgAAeSwZERqiATS/s-l225.jpg
残件/按现状,100.0,Leica R3 Electronic Black Body - As-Is / For Parts or Repair 3025137,Leica,Film Cameras,Used,100.0,USD,FIXED_PRICE,11,1600,grail:Leica R3;as-is;underpriced(med 1210),JP,himawari_camera_japan,100.0,2026-08-20T16:54:07.000Z,,https://www.ebay.com/itm/800540854875?hash=itemba63f40a5b:g:bEMAAeSwmX1qhyWT,https://i.ebayimg.com/images/g/bEMAAeSwmX1qhyWT/s-l225.jpg
图片过小,99.0,"Leica M3-M2-M4-M1, Md, MDa new chrome time setting knob",Leica,Film Cameras,Aperto - mai usato,68.89,USD,"FIXED_PRICE,BEST_OFFER",9,500,grail:Leica M3;mount:minolta md;underpriced(med 1219),IT,foto-9698,100.0,2026-08-20T09:46:56.000Z,,https://www.ebay.com/itm/377434952383?hash=item57e0e052bf:g:~E4AAeSw2wNqDK5v,https://i.ebayimg.com/images/g/~E4AAeSw2wNqDK5v/s-l225.jpg
残件/按现状,98.0,Olympus OM-1 35mm Film Camera Slr Body Only Silver Parts / Repair As Is,Olympus,Film Cameras,For parts or not working,30.0,USD,FIXED_PRICE,9,1599,grail:OM-1;mount:olympus om;as-is;underpriced(med 157),US,howl-777,98.5,2026-08-20T23:50:50.000Z,,https://www.ebay.com/itm/398309392393?hash=item5cbd170009:g:LZYAAeSw-Mtqh5Kq,https://i.ebayimg.com/images/g/LZYAAeSw-Mtqh5Kq/s-l225.jpg
型号不明,98.0,Vintage Carl Zeiss Tessar 2.8 / 50 Lens Zeiss Ikon w/ Cap,Zeiss,Vintage Lenses,,38.0,USD,"FIXED_PRICE,BEST_OFFER",9,1600,grail:Tessar;underpriced(med 178),US,cape-estate,99.8,2026-08-20T15:10:28.000Z,,https://www.ebay.com/itm/227484210803?hash=item34f71d9673:g:kB4AAeSw0ttqa47K,https://i.ebayimg.com/images/g/kB4AAeSw0ttqa47K/s-l225.jpg
残件/按现状,98.0,Olympus OM-2 SLR Film Camera Body Black Silver FOR PARTS OR REPAIR,Olympus,Film Cameras,For parts or not working,40.99,USD,"FIXED_PRICE,BEST_OFFER",5,1600,grail:OM-2;mount:olympus om;as-is;underpriced(med 157),US,joobjoob7,99.8,2026-08-21T11:56:58.000Z,,https://www.ebay.com/itm/117371549013?hash=item1b53e3b555:g:t74AAeSwITlp1UG1,https://i.ebayimg.com/images/g/t74AAeSwITlp1UG1/s-l225.jpg
残件/按现状,98.0,Canon AE-1 35mm SLR Film Camera in Silver | Canon FD-Mount *Untested*,Canon,Film Cameras,For parts or not working,49.99,USD,FIXED_PRICE,13,1600,grail:AE-1;mount:canon fd;as-is;underpriced(med 160),US,purpletechnado,99.9,2026-08-20T15:38:23.000Z,,https://www.ebay.com/itm/336752830667?hash=item4e680868cb:g:-w8AAeSwzf9qhx9g,https://i.ebayimg.com/images/g/-w8AAeSwzf9qhx9g/s-l225.jpg
残件/按现状,96.0,Canon Canonet SE 45mm F1.9 For Parts,Canon,Film Cameras,Used,35.0,USD,FIXED_PRICE,22,1600,grail:Canonet;as-is;underpriced(med 160),JP,japanese.wholesaler.oden,99.5,2026-08-21T02:01:35.000Z,,https://www.ebay.com/itm/377437243536?hash=item57e1034890:g:u-IAAeSw3h9qh7A5,https://i.ebayimg.com/images/g/u-IAAeSw3h9qh7A5/s-l225.jpg
残件/按现状,96.0,Canon Canonet Rangefinder 35mm Film Camera For Parts,Canon,Film Cameras,Used,35.0,USD,FIXED_PRICE,19,1600,grail:Canonet;as-is;underpriced(med 160),JP,japanese.wholesaler.oden,99.5,2026-08-21T01:53:38.000Z,,https://www.ebay.com/itm/377437228894?hash=item57e1030f5e:g:7ngAAeSwbp5qh65y,https://i.ebayimg.com/images/g/7ngAAeSwbp5qh65y/s-l225.jpg
残件/按现状,96.0,Canon Canonet 45mm SE 1:1.9 Film Camera For Parts,Canon,Film Cameras,Used,35.0,USD,FIXED_PRICE,22,1600,grail:Canonet;as-is;underpriced(med 160),JP,japanese.wholesaler.oden,99.5,2026-08-21T01:15:39.000Z,,https://www.ebay.com/itm/377437159201?hash=item57e101ff21:g:esUAAeSwvFJqh6SH,https://i.ebayimg.com/images/g/esUAAeSwvFJqh6SH/s-l225.jpg
残件/按现状,96.0,AS-IS Canon AE-1 Silver *For Parts or Repair Z2836,Canon,Film Cameras,For parts or not working,44.99,USD,"FIXED_PRICE,BEST_OFFER",14,1600,grail:AE-1;as-is;underpriced(med 160),JP,tsurujapan532,100.0,2026-08-20T05:30:49.000Z,,https://www.ebay.com/itm/178425499093?hash=item298afd0dd5:g:KmEAAeSwTtFqhnZz,https://i.ebayimg.com/images/g/KmEAAeSwTtFqhnZz/s-l225.jpg
残件/按现状,96.0,AS IS Canon AE-1 Film Camera Body Only From JAPAN,Canon,Film Cameras,Used,59.0,USD,FIXED_PRICE,14,1600,grail:AE-1;as-is;underpriced(med 160),JP,best-film-camera,99.9,2026-08-20T11:51:24.000Z,,https://www.ebay.com/itm/137642970229?hash=item200c290c75:g:VdsAAeSwja9qhnb3,https://i.ebayimg.com/images/g/VdsAAeSwja9qhnb3/s-l225.jpg
查无市价,95.0,[Near MINT] Mamiya Press S Color Sekor 105mm f3.5 Lens 6x7 Film Camera JAPAN,Mamiya,Film Cameras,Used,249.9,USD,FIXED_PRICE,12,1600,grail:6x7;good-cond,JP,f1-camera,100.0,2026-08-20T14:00:28.000Z,,https://www.ebay.com/itm/336752704164?hash=item4e68067aa4:g:IfoAAeSwXyxqhwl0,https://i.ebayimg.com/images/g/IfoAAeSwXyxqhwl0/s-l225.jpg
查无市价,94.0,[ TOP MINT w/ Mask ] Hasselblad A16 Type IV 645 120 Film Back Holder From Japan,Hasselblad,Film Cameras,Used,499.99,USD,FIXED_PRICE,9,1600,grail:645;good-cond;underpriced(med 1693),JP,ageha.b-48,100.0,2026-08-20T13:04:53.000Z,,https://www.ebay.com/itm/800539979773?hash=itemba63e6affd:g:i50AAeSwm7lp~x21,https://i.ebayimg.com/images/g/i50AAeSwm7lp~x21/s-l225.jpg
查无市价,93.0,【EXC】 Mamiya ZM QUARTZ FromJapan #my1371,Mamiya,Film Cameras,Used,80.58,USD,FIXED_PRICE,4,1196,good-cond;underpriced(med 460),JP,somtom_9,99.3,2026-08-20T05:18:19.000Z,,https://www.ebay.com/itm/188820501380?hash=item2bf6943384:g:B1AAAeSw2bhqho5a,https://i.ebayimg.com/images/g/B1AAAeSw2bhqho5a/s-l225.jpg
查无市价,93.0,【N MINT+++】Contax Preview Polaroid Camera CY Mount Body,Contax,Film Cameras,Used,89.99,USD,FIXED_PRICE,11,1600,good-cond;underpriced(med 625),JP,japan_fun_camera,100.0,2026-08-21T01:15:31.000Z,,https://www.ebay.com/itm/188824627325?hash=item2bf6d3287d:g:AE8AAOSw2TtnRm0O,https://i.ebayimg.com/images/g/AE8AAOSw2TtnRm0O/s-l225.jpg
残件/按现状,92.0,Pentax ME Super & Pentax MV1 35mm Film Camera Bodies For Parts/Repair Only Read,Pentax,Film Cameras,For parts or not working,29.95,USD,"FIXED_PRICE,BEST_OFFER",23,1600,grail:Pentax ME Super;as-is;underpriced(med 151),US,electroseller_96,99.9,2026-08-20T12:57:07.000Z,,https://www.ebay.com/itm/278298857377?hash=item40cbe78fa1:g:ITgAAeSwHUpqgzpm,https://i.ebayimg.com/images/g/ITgAAeSwHUpqgzpm/s-l225.jpg
残件/按现状,92.0,Vintage Minolta Hi-Matic AF2 Film Camera - For Parts or Repair,Minolta,Film Cameras,For parts or not working,29.99,USD,"FIXED_PRICE,BEST_OFFER",23,1600,grail:Hi-Matic;as-is;underpriced(med 95),US,trusted-treasures,100.0,2026-08-21T11:16:18.000Z,,https://www.ebay.com/itm/820030819704?hash=itembeeda54d78:g:lZcAAeSwKRRp1~fG,https://i.ebayimg.com/images/g/lZcAAeSwKRRp1~fG/s-l225.jpg
残件/按现状,92.0,Canon AE-1 Program SLR Film Camera Body AE1 Program - FOR PARTS Not Tested!,Canon,Film Cameras,For parts or not working,35.99,USD,"FIXED_PRICE,BEST_OFFER",4,1599,grail:AE-1;as-is;underpriced(med 160),US,billyp1090,100.0,2026-08-20T04:52:31.000Z,,https://www.ebay.com/itm/227483464318?hash=item34f712327e:g:vTwAAeSwLrNqhofX,https://i.ebayimg.com/images/g/vTwAAeSwLrNqhofX/s-l225.jpg
残件/按现状,92.0,Pentax Me Super 35mm SLR Film Camera Body Untested,Pentax,Film Cameras,Used,45.0,USD,"FIXED_PRICE,BEST_OFFER",3,1600,grail:Pentax Me Super;as-is;underpriced(med 150),US,morne20,100.0,2026-08-20T21:54:11.000Z,,https://www.ebay.com/itm/800541975449?hash=itemba64052399:g:aZsAAeSwmX1qh3cx,https://i.ebayimg.com/images/g/aZsAAeSwmX1qh3cx/s-l225.jpg
残件/按现状,92.0,Olympus Stylus ZOOM 115 DLX MJU 35mm Film Camera - Untested - For Parts,Olympus,Film Cameras,For parts or not working,49.99,USD,"FIXED_PRICE,BEST_OFFER",9,1600,grail:MJU;as-is;underpriced(med 159),US,mcintoshmishmashmarket,99.8,2026-08-20T06:12:54.000Z,,https://www.ebay.com/itm/407157770355?hash=item5ecc7e8873:g:1h8AAeSw7dJqhjvq,https://i.ebayimg.com/images/g/1h8AAeSw7dJqhjvq/s-l225.jpg
残件/按现状,92.0,"Canon AE-1 Program 35mm Film SLR Camera Body, Chrome TESTED WORKS, FLAW!",Canon,Film Cameras,For parts or not working,50.0,USD,FIXED_PRICE,3,1600,grail:AE-1;underpriced(med 160),US,703thrifts,99.4,2026-08-20T22:26:15.000Z,,https://www.ebay.com/itm/198585240716?hash=item2e3c9a4c8c:g:Aw4AAeSww99qh36s,https://i.ebayimg.com/images/g/Aw4AAeSww99qh36s/s-l225.jpg
残件/按现状,92.0,Pentax Asahi K1000 35mm film SLR Camera body *NO METER*,Pentax,Film Cameras,For parts or not working,59.95,USD,"FIXED_PRICE,BEST_OFFER",7,1600,grail:K1000;underpriced(med 150),US,heritage_camera,100.0,2026-08-20T14:32:17.000Z,,https://www.ebay.com/itm/287536418895?hash=item42f281904f:g:2W0AAeSwSUNqhw8~,https://i.ebayimg.com/images/g/2W0AAeSwSUNqhw8~/s-l225.jpg
残件/按现状,92.0,Pentax K1000 35mm SLR Film Camera with 50mm Lens Kit,Pentax,Film Cameras,For parts or not working,59.99,USD,"FIXED_PRICE,BEST_OFFER",4,1599,grail:K1000;underpriced(med 150),US,jocerv4512,100.0,2026-08-21T04:00:21.000Z,,https://www.ebay.com/itm/820029738727?hash=itembeed94cee7:g:-3YAAeSwJ99qKOmA,https://i.ebayimg.com/images/g/-3YAAeSwJ99qKOmA/s-l225.jpg
残件/按现状,92.0,"Canon AE-1 SLR Film Camera (PARTS ONLY), 3 Lenses, Film, Flash, Rewinder, Manual",Canon,Film Cameras,For parts or not working,59.99,USD,FIXED_PRICE,23,1600,grail:AE-1;as-is;underpriced(med 160),US,kyhowey,100.0,2026-08-20T23:51:10.000Z,,https://www.ebay.com/itm/158210573552?hash=item24d615c4f0:g:PYEAAeSwrptqbvh2,https://i.ebayimg.com/images/g/PYEAAeSwrptqbvh2/s-l225.jpg
型号不明,90.0,"Absolute Great Deal, Genuine Hood and Cap Carl Zeiss Vario-Sonnar 3.5-5.6/28-80",Zeiss,Lenses,Used,142.97,USD,"FIXED_PRICE,BEST_OFFER",9,1200,grail:Sonnar;underpriced(med 540),JP,bears2636,99.3,2026-08-20T08:49:01.000Z,,https://www.ebay.com/itm/206505374693?hash=item3014adf3e5:g:UnMAAeSwuVhqhsA4,https://i.ebayimg.com/images/g/UnMAAeSwuVhqhsA4/s-l225.jpg
型号不明,90.0,Leica Elmar 5cm F3.5 Nickel Elmar for L39 Rangefinder Lenses Tested [Read Cond],Leica,Lenses,Used,350.0,USD,"FIXED_PRICE,BEST_OFFER",8,1200,grail:Elmar;mount:ltm/l39;underpriced(med 1171),JP,re-camera,99.8,2026-08-20T14:41:29.000Z,,https://www.ebay.com/itm/227484163059?hash=item34f71cdbf3:g:vPQAAeSwja9qhxWd,https://i.ebayimg.com/images/g/vPQAAeSwja9qhxWd/s-l225.jpg
残件/按现状,89.0,🍙For Parts🍙Yashica Electro 35 CC Exc+5 Rangefinder 35mm Film Camera from Japan,Yashica,Film Cameras,For parts or not working,34.99,USD,FIXED_PRICE,15,1600,good-cond;as-is;underpriced(med 125),JP,nokik_0,99.4,2026-08-20T23:52:48.000Z,,https://www.ebay.com/itm/188824361946?hash=item2bf6cf1bda:g:nx0AAeSwT55qbnsu,https://i.ebayimg.com/images/g/nx0AAeSwT55qbnsu/s-l225.jpg
查无市价,87.0,Meter Works [N MINT+++] Voigtlander Bessa-L Black 35mm Film Camera JAPAN #841,Voigtlander,Film Cameras,Used,169.99,USD,FIXED_PRICE,23,1600,good-cond;underpriced(med 482),JP,japan.camera.like,100.0,2026-08-21T09:09:02.000Z,,https://www.ebay.com/itm/178429445906?hash=item298b394712:g:eZMAAeSwEu1qiBbk,https://i.ebayimg.com/images/g/eZMAAeSwEu1qiBbk/s-l225.jpg
查无市价,87.0,【N MINT+++】Contax Stylus Zoom 115 DLX Compact Film Camera,Contax,Film Cameras,Used,170.99,USD,FIXED_PRICE,11,1600,good-cond;underpriced(med 625),JP,japan_fun_camera,100.0,2026-08-21T01:12:28.000Z,,https://www.ebay.com/itm/188824621468?hash=item2bf6d3119c:g:IlgAAeSwyN1qRGWp,https://i.ebayimg.com/images/g/IlgAAeSwyN1qRGWp/s-l225.jpg
残件/按现状,86.0,Nikon F4 camera body - working shutter and meter. Good curtains,Nikon,Film Cameras,For parts or not working,69.99,USD,FIXED_PRICE,8,1600,grail:Nikon F4;underpriced(med 260),US,(spud),100.0,2026-08-20T18:05:30.000Z,,https://www.ebay.com/itm/307137706830?hash=item4782d57b4e:g:pfsAAeSwskFqh0HB,https://i.ebayimg.com/images/g/pfsAAeSwskFqh0HB/s-l225.jpg
查无市价,86.0,[OPT MINT] Mamiya Sekor Zoom ULD C 105-210mm f/4.5 Lens 645 TL Super From JAPAN,Mamiya,Lenses,Used,124.99,USD,FIXED_PRICE,9,1600,grail:645;good-cond,JP,kobayashi-camera,100.0,2026-08-20T14:53:02.000Z,,https://www.ebay.com/itm/398307954003?hash=item5cbd010d53:g:pxQAAeSwoxhqhxg3,https://i.ebayimg.com/images/g/pxQAAeSwoxhqhxg3/s-l225.jpg
残件/按现状,85.0,Mamiya/Sekor 500DTL 35mm SLR film camera with 50mm f/2 Auto Sekor Lens Parts,Mamiya,Film Cameras,For parts or not working,25.0,USD,"FIXED_PRICE,BEST_OFFER",5,1600,underpriced(med 457),US,duwshan_0,99.7,2026-08-21T11:25:41.000Z,,https://www.ebay.com/itm/307139071719?hash=item4782ea4ee7:g:koQAAeSw5rdqiDUW,https://i.ebayimg.com/images/g/koQAAeSw5rdqiDUW/s-l225.jpg
残件/按现状,85.0,Vtg Mamiya/Sekor 1000DTL SLR 35mm Camera Japan Untested Photography Body Only,Mamiya,Film Cameras,Used,29.99,USD,FIXED_PRICE,9,1600,as-is;underpriced(med 457),US,cyclewarehouse,99.3,2026-08-20T21:50:40.000Z,,https://www.ebay.com/itm/820028533291?hash=itembeed826a2b:g:MsIAAOSwl-VksBb-,https://i.ebayimg.com/images/g/MsIAAOSwl-VksBb-/s-l225.jpg
残件/按现状,85.0,Broken Mamiya ZE 35MM Film Camera Read,Mamiya,Film Cameras,For parts or not working,35.0,USD,FIXED_PRICE,12,1500,as-is;underpriced(med 457),US,paymore_westhempstead,99.9,2026-08-20T15:34:23.000Z,,https://www.ebay.com/itm/147517843346?hash=item2258bfa792:g:HbQAAeSwo8Jqhx3z,https://i.ebayimg.com/images/g/HbQAAeSwo8Jqhx3z/s-l225.jpg
残件/按现状,85.0,"Vintage Olympus 35 RC Rangefinder 35mm Film Camera w Zuiko Lens, Untested",Olympus,Vintage Cameras,,38.99,USD,"FIXED_PRICE,AUCTION",8,1116,mount:olympus om;as-is;underpriced(med 120);auction,US,manylosiers,99.5,2026-08-20T21:21:17.000Z,2026-08-27T21:21:17.000Z,https://www.ebay.com/itm/227484584053?hash=item34f7234875:g:xvEAAeSwyUdqTBf3,https://i.ebayimg.com/images/g/xvEAAeSwyUdqTBf3/s-l225.jpg
残件/按现状,85.0,Mamiya C33 Professional - Camera *BODY ONLY* - No Door - for Parts or Repair,Mamiya,Film Cameras,For parts or not working,44.99,USD,FIXED_PRICE,9,1600,as-is;underpriced(med 457),US,bluemooncamera,100.0,2026-08-20T23:24:31.000Z,,https://www.ebay.com/itm/287537128779?hash=item42f28c654b:g:MV8AAeSwOa9qhkEx,https://i.ebayimg.com/images/g/MV8AAeSwOa9qhkEx/s-l225.jpg
残件/按现状,84.0,Minolta 110 Zoom SLR Mark II Camera w/25-67mm Rokkor Lens #G729,Minolta,Film Cameras,For parts or not working,32.82,USD,"FIXED_PRICE,BEST_OFFER",5,1600,mount:minolta md;67mm;underpriced(med 95),US,robertscamera,99.8,2026-08-20T20:43:41.000Z,,https://www.ebay.com/itm/407159399764?hash=item5ecc976554:g:MqYAAeSwS3Bqh2b2,https://i.ebayimg.com/images/g/MqYAAeSwS3Bqh2b2/s-l225.jpg
残件/按现状,84.0,VTG Pentax K1000 35mm Film Camera W/ SMC Pentax-M 1:2 50mm Lens (Untested) Read!,Pentax,Vintage Cameras,,59.95,USD,"FIXED_PRICE,BEST_OFFER",13,1599,grail:K1000;mount:pentax k;as-is,US,retrorenewed,99.9,2026-08-20T15:20:51.000Z,,https://www.ebay.com/itm/188822620988?hash=item2bf6b48b3c:g:xvQAAeSw8fBqa5M~,https://i.ebayimg.com/images/g/xvQAAeSw8fBqa5M~/s-l225.jpg
型号不明,84.0,Leica Elmar 9cm F4 Collapsible Rangefinder Camera Lenses Tested [Read Cond],Leica,Lenses,Used,190.0,USD,"FIXED_PRICE,BEST_OFFER",8,1200,grail:Elmar;underpriced(med 1171),JP,re-camera,99.8,2026-08-20T14:41:30.000Z,,https://www.ebay.com/itm/327319416070?hash=item4c35c1ed06:g:uZAAAeSwS8tqhxWt,https://i.ebayimg.com/images/g/uZAAAeSwS8tqhxWt/s-l225.jpg
型号不明,84.0,Leica Elmar 5cm f/3.5 L mount Rangefinder Camera Lenses Tested [Read Cond],Leica,Lenses,Used,220.0,USD,"FIXED_PRICE,BEST_OFFER",8,1200,grail:Elmar;underpriced(med 1171),JP,re-camera,99.8,2026-08-20T14:41:30.000Z,,https://www.ebay.com/itm/336752750263?hash=item4e68072eb7:g:jDEAAeSwijdqhxW~,https://i.ebayimg.com/images/g/jDEAAeSwijdqhxW~/s-l225.jpg
型号不明,84.0,Leica Elmar 5cm f/3.5 Rangefinder Camera Lenses From Japan Tested [Read Cond],Leica,Lenses,Used,270.0,USD,"FIXED_PRICE,BEST_OFFER",8,1200,grail:Elmar;underpriced(med 1171),JP,re-camera,99.8,2026-08-20T14:41:30.000Z,,https://www.ebay.com/itm/327319416068?hash=item4c35c1ed04:g:aEMAAeSwq2JqhxV1,https://i.ebayimg.com/images/g/aEMAAeSwq2JqhxV1/s-l225.jpg
查无市价,84.0,SHARAN Leica III F Miniature Camera MEGAHOUSE Minox Film M Flash Japan Collector,Leica,Film Cameras,Used,418.98,USD,"FIXED_PRICE,BEST_OFFER",11,1280,grail:Leica III;underpriced(med 1219),JP,somsworks_snkrsp,100.0,2026-08-20T04:45:38.000Z,,https://www.ebay.com/itm/820025476273?hash=itembeed53c4b1:g:vFgAAeSwGGJqhoWk,https://i.ebayimg.com/images/g/vFgAAeSwGGJqhoWk/s-l225.jpg
残件/按现状,84.0,Leica R6 35mm SLR Film Camera Body Black Faulty Shutter Viewfinder Haze As-Is,Leica,Film Cameras,For parts or not working,499.0,USD,"FIXED_PRICE,BEST_OFFER",7,1080,grail:Leica R6;as-is;underpriced(med 1210),JP,sakura1k83,100.0,2026-08-21T08:44:39.000Z,,https://www.ebay.com/itm/407160441666?hash=item5ecca74b42:g:iRgAAeSwXSZqiA~v,https://i.ebayimg.com/images/g/iRgAAeSwXSZqiA~v/s-l225.jpg
残件/按现状,83.0,【AS IS】 Mamiya MAMIYAFLEX 7.5cm F3.5 LensCap FromJapan #yk10031,Mamiya,Film Cameras,For parts or not working,66.64,USD,FIXED_PRICE,4,1196,as-is;underpriced(med 457),JP,somtom_9,99.3,2026-08-21T08:55:34.000Z,,https://www.ebay.com/itm/188826206080?hash=item2bf6eb3f80:g:TiIAAeSwOa9qiBN6,https://i.ebayimg.com/images/g/TiIAAeSwOa9qiBN6/s-l225.jpg
残件/按现状,83.0,【FOR PARTS NOT WORKING】Mamiya M645 Medium Format Camera Body,Mamiya,Film Cameras,Used,71.99,USD,FIXED_PRICE,11,1600,as-is;underpriced(med 457),JP,japan_fun_camera,100.0,2026-08-21T01:15:30.000Z,,https://www.ebay.com/itm/188824627263?hash=item2bf6d3283f:g:ex4AAeSwWuBpJ6MA,https://i.ebayimg.com/images/g/ex4AAeSwWuBpJ6MA/s-l225.jpg
查无市价,83.0,【EXC】 Nikon Nikomat FromJapan #my1387,Nikon,Film Cameras,Used,80.58,USD,FIXED_PRICE,4,0,good-cond;underpriced(med 260),JP,somtom_9,99.3,2026-08-20T05:18:49.000Z,,https://www.ebay.com/itm/188820501765?hash=item2bf6943505:g:1HsAAeSw92lqho65,https://i.ebayimg.com/images/g/1HsAAeSw92lqho65/s-l225.jpg
查无市价,83.0,【EXC】 Nikon Nikomat FromJapan #my1379,Nikon,Film Cameras,Used,80.58,USD,FIXED_PRICE,4,0,good-cond;underpriced(med 260),JP,somtom_9,99.3,2026-08-20T05:18:34.000Z,,https://www.ebay.com/itm/188820501556?hash=item2bf6943434:g:C7wAAeSwuVhqho9e,https://i.ebayimg.com/images/g/C7wAAeSwuVhqho9e/s-l225.jpg
型号不明,83.0,【 Top MINT 】Mamiya Teleconverter 2x N for M645 Lens Case Cap From JAPAN #651,Mamiya,Lenses,Used,84.99,USD,FIXED_PRICE,8,1600,good-cond;underpriced(med 270),JP,full-moon_camera_tokyo,99.8,2026-08-20T05:23:23.000Z,,https://www.ebay.com/itm/366617512706?hash=item555c1b4b02:g:XY4AAeSw5epqRMJS,https://i.ebayimg.com/images/g/XY4AAeSw5epqRMJS/s-l225.jpg
型号不明,83.0,[ MINT+++ w/ Case ] Rollei Rolleinar 2 Bay I Close Up Lens From japan,Rollei,Lenses,Used,119.99,USD,FIXED_PRICE,9,1600,good-cond;underpriced(med 407),JP,ageha.b-48,100.0,2026-08-20T13:04:53.000Z,,https://www.ebay.com/itm/800539979776?hash=itemba63e6b000:g:bUsAAeSwGBBprMM5,https://i.ebayimg.com/images/g/bUsAAeSwGBBprMM5/s-l225.jpg
查无市价,83.0,Mamiya Mihama6 D.Zuiko F.C. 7.5cm f/3.5 Medium Format TLR Camera Good JP,Mamiya,Film Cameras,Used,199.9,USD,"FIXED_PRICE,BEST_OFFER",7,0,mount:olympus om;underpriced(med 460),JP,japan4ever,98.0,2026-08-20T04:54:17.000Z,,https://www.ebay.com/itm/158207886223?hash=item24d5ecc38f:g:ucQAAeSw7DBqhomZ,https://i.ebayimg.com/images/g/ucQAAeSw7DBqhomZ/s-l225.jpg
残件/按现状,82.0,【AS IS】 MINOLTA HI-MATIC AF2-MD 38mm F2.8 AA battery powered FromJapan #my1342,Minolta,Film Cameras,For parts or not working,60.19,USD,FIXED_PRICE,4,1196,grail:HI-MATIC;mount:minolta md;as-is,JP,somtom_9,99.3,2026-08-21T08:54:44.000Z,,https://www.ebay.com/itm/188826205165?hash=item2bf6eb3bed:g:qNQAAeSwW6dqiBML,https://i.ebayimg.com/images/g/qNQAAeSwW6dqiBML/s-l225.jpg
查无市价,82.0,[Exc+5] Ricoh XR Rikenon 50mm F2 Japanese Summicron Pentax K Mount From JAPAN,Ricoh,Lenses,Used,69.99,USD,FIXED_PRICE,23,1600,grail:Summicron;mount:pentax k;good-cond,JP,sevenzee_7g,100.0,2026-08-20T11:25:13.000Z,,https://www.ebay.com/itm/800539547100?hash=itemba63e015dc:g:2m0AAeSwva1qhuVK,https://i.ebayimg.com/images/g/2m0AAeSwva1qhuVK/s-l225.jpg
查无市价,82.0,Leica IIIb Rangefinder 35mm Vintage Film Camera 1939 [ Near Mint ] JAPAN O367,Leica,Vintage Cameras,,379.99,USD,FIXED_PRICE,10,1600,grail:Leica IIIb;good-cond,JP,nakan_44,100.0,2026-08-21T00:19:01.000Z,,https://www.ebay.com/itm/800542478681?hash=itemba640cd159:g:gi8AAeSw89dpIsKU,https://i.ebayimg.com/images/g/gi8AAeSw89dpIsKU/s-l225.jpg
型号不明,81.0,Kenko 2X MX Tele Plus MC7 Teleconverter Lens - Minolta MD - Mint in Box w/ Case,Minolta,Lenses,Used,29.0,USD,"FIXED_PRICE,BEST_OFFER",2,1600,mount:minolta md;good-cond;underpriced(med 130),US,iacpsc,100.0,2026-08-20T19:03:43.000Z,,https://www.ebay.com/itm/147518179765?hash=item2258c4c9b5:g:MfUAAeSw7RNqh05q,https://i.ebayimg.com/images/g/MfUAAeSw7RNqh05q/s-l225.jpg
残件/按现状,81.0,Canon T50 35mm SLR Film Camera with Canon FD 50mm 1:1.8 *DUST Behind View* Parts,Canon,Film Cameras,For parts or not working,30.0,USD,FIXED_PRICE,14,1599,mount:canon fd;underpriced(med 160),US,retroapes,99.9,2026-08-21T00:39:30.000Z,,https://www.ebay.com/itm/206507182021?hash=item3014c987c5:g:EPsAAeSwHUpqh5BR,https://i.ebayimg.com/images/g/EPsAAeSwHUpqh5BR/s-l225.jpg
残件/按现状,81.0,Pentax ZX-60 w/ SMC Pentax-FA 28-90mm 3.5-5.6 Lens nice looking camera untested,Pentax,Film Cameras,Used,32.0,USD,"FIXED_PRICE,BEST_OFFER",7,936,mount:pentax k;as-is;underpriced(med 150),US,deja-vu-again,100.0,2026-08-21T00:48:40.000Z,,https://www.ebay.com/itm/188824516258?hash=item2bf6d176a2:g:XfoAAeSw92lqh59g,https://i.ebayimg.com/images/g/XfoAAeSw92lqh59g/s-l225.jpg
残件/按现状,81.0,Vtg Canon EOS Rebel S 35mm SLR Film Camera with 35-105mm EF Lens Untested,Canon,Film Cameras,For parts or not working,44.99,USD,"FIXED_PRICE,BEST_OFFER",11,1600,mount:canon ef;as-is;underpriced(med 160),US,coffeecoffee101,99.6,2026-08-20T16:06:09.000Z,,https://www.ebay.com/itm/257693017311?hash=item3bffb364df:g:uqsAAeSwO-Bp1PFf,https://i.ebayimg.com/images/g/uqsAAeSwO-Bp1PFf/s-l225.jpg
残件/按现状,80.0,1960s Zeiss Ikon Contaflex 126 SLR Film Camera Tessar 45mm f2.8 Lens Parts Only,Zeiss,Vintage Cameras,,39.95,USD,"FIXED_PRICE,BEST_OFFER",7,1600,grail:Tessar;as-is,US,sl23_sales,100.0,2026-08-20T15:42:49.000Z,,https://www.ebay.com/itm/227484248696?hash=item34f71e2a78:g:ylsAAeSwGatqhyBu,https://i.ebayimg.com/images/g/ylsAAeSwGatqhyBu/s-l225.jpg
查无市价,80.0,Hasselblad 500C/M Camera Body Early 500CM,Hasselblad,Film Cameras,Used,729.0,USD,FIXED_PRICE,4,1600,grail:500C;underpriced(med 1699),US,concourse,99.3,2026-08-21T00:56:06.000Z,,https://www.ebay.com/itm/178428182746?hash=item298b2600da:g:gaQAAeSwTtFqh6H-,https://i.ebayimg.com/images/g/gaQAAeSwTtFqh6H-/s-l225.jpg
型号不明,80.0,【Near MINT】Hasselblad 500CM Medium Format Camera Body w Waist level finder JAPAN,Hasselblad,Film Cameras,Used,949.99,USD,FIXED_PRICE,13,1417,grail:500CM;good-cond,JP,takosuke_camera_japan,100.0,2026-08-20T12:01:50.000Z,,https://www.ebay.com/itm/188821937656?hash=item2bf6aa1df8:g:GMIAAeSwHg9qUkA2,https://i.ebayimg.com/images/g/GMIAAeSwHg9qUkA2/s-l225.jpg
残件/按现状,79.0,Minolta MAC-DUAL Quartz Date 35mm Film Camera For Parts,Minolta,Film Cameras,Used,30.0,USD,FIXED_PRICE,17,1600,as-is;underpriced(med 95),JP,japanese.wholesaler.oden,99.5,2026-08-21T02:49:34.000Z,,https://www.ebay.com/itm/377437331507?hash=item57e104a033:g:I74AAeSwhFRqh7rX,https://i.ebayimg.com/images/g/I74AAeSwhFRqh7rX/s-l225.jpg
残件/按现状,79.0,Canon Demi 35mm Half Frame Film Camera SH 28mm f2.8 Lens For Parts,Canon,Film Cameras,Used,30.0,USD,FIXED_PRICE,20,1600,as-is;underpriced(med 160),JP,japanese.wholesaler.oden,99.5,2026-08-21T02:09:21.000Z,,https://www.ebay.com/itm/377437253897?hash=item57e1037109:g:BacAAeSwj6Bqh7Hq,https://i.ebayimg.com/images/g/BacAAeSwj6Bqh7Hq/s-l225.jpg
残件/按现状,79.0,Canon Demi 35mm Half Frame Film Camera SH 28mm f2.8 Lens For Parts,Canon,Film Cameras,Used,35.0,USD,FIXED_PRICE,19,1600,as-is;underpriced(med 160),JP,japanese.wholesaler.oden,99.5,2026-08-21T01:46:27.000Z,,https://www.ebay.com/itm/377437213476?hash=item57e102d324:g:q9wAAeSwJmhqh6me,https://i.ebayimg.com/images/g/q9wAAeSwJmhqh6me/s-l225.jpg
残件/按现状,79.0,【AS IS】 Canon EOS 5 QUARTZ DATE operating instructions FromJapan #yk10011,Canon,Film Cameras,For parts or not working,58.78,USD,FIXED_PRICE,4,1196,as-is;underpriced(med 160),JP,somtom_9,99.3,2026-08-21T08:55:15.000Z,,https://www.ebay.com/itm/188826205731?hash=item2bf6eb3e23:g:5BIAAeSw7RNqiBOi,https://i.ebayimg.com/images/g/5BIAAeSw7RNqiBOi/s-l225.jpg
残件/按现状,79.0,【AS IS】 PENTAX MZ-10 FromJapan #my1338,Pentax,Film Cameras,For parts or not working,58.78,USD,FIXED_PRICE,4,1196,as-is;underpriced(med 150),JP,somtom_9,99.3,2026-08-21T08:54:36.000Z,,https://www.ebay.com/itm/188826204997?hash=item2bf6eb3b45:g:7o0AAeSwwtVqiBND,https://i.ebayimg.com/images/g/7o0AAeSwwtVqiBND/s-l225.jpg
残件/按现状,79.0,【AS IS】 PENTAX MZ-10 FromJapan #my1329,Pentax,Film Cameras,For parts or not working,58.78,USD,FIXED_PRICE,4,1196,as-is;underpriced(med 150),JP,somtom_9,99.3,2026-08-21T08:54:19.000Z,,https://www.ebay.com/itm/188826204693?hash=item2bf6eb3a15:g:OKUAAeSwislqiBNq,https://i.ebayimg.com/images/g/OKUAAeSwislqiBNq/s-l225.jpg
残件/按现状,79.0,【AS IS】 Nikon AF F-801 FromJapan #my1325,Nikon,Film Cameras,For parts or not working,58.78,USD,FIXED_PRICE,4,1196,as-is;underpriced(med 260),JP,somtom_9,99.3,2026-08-21T08:54:11.000Z,,https://www.ebay.com/itm/188826204512?hash=item2bf6eb3960:g:MbEAAeSw-95qiBKs,https://i.ebayimg.com/images/g/MbEAAeSw-95qiBKs/s-l225.jpg
残件/按现状,79.0,【AS IS】 Olympus PEN EES-2 30mm F2.8 FromJapan #my1322,Olympus,Film Cameras,For parts or not working,58.78,USD,FIXED_PRICE,4,1196,as-is;underpriced(med 157),JP,somtom_9,99.3,2026-08-21T08:54:05.000Z,,https://www.ebay.com/itm/188826204386?hash=item2bf6eb38e2:g:7xQAAeSwWkZqiBLm,https://i.ebayimg.com/images/g/7xQAAeSwWkZqiBLm/s-l225.jpg
残件/按现状,79.0,【AS IS】 Nikon F90 FromJapan #my1390,Nikon,Film Cameras,For parts or not working,58.86,USD,FIXED_PRICE,4,1196,as-is;underpriced(med 260),JP,somtom_9,99.3,2026-08-20T05:18:54.000Z,,https://www.ebay.com/itm/188820501810?hash=item2bf6943532:g:CWsAAeSwQKZqho74,https://i.ebayimg.com/images/g/CWsAAeSwQKZqho74/s-l225.jpg
残件/按现状,79.0,【AS IS】 Nikon Nikomat EL FromJapan #my1381,Nikon,Film Cameras,For parts or not working,58.86,USD,FIXED_PRICE,4,1196,as-is;underpriced(med 260),JP,somtom_9,99.3,2026-08-20T05:18:36.000Z,,https://www.ebay.com/itm/188820501601?hash=item2bf6943461:g:3FEAAeSwijdqho9X,https://i.ebayimg.com/images/g/3FEAAeSwijdqho9X/s-l225.jpg
残件/按现状,79.0,【AS IS】 Canon PELLIX FromJapan #my1377,Canon,Film Cameras,For parts or not working,58.86,USD,FIXED_PRICE,4,1196,as-is;underpriced(med 160),JP,somtom_9,99.3,2026-08-20T05:18:30.000Z,,https://www.ebay.com/itm/188820501520?hash=item2bf6943410:g:~AIAAeSwS7Zqho5n,https://i.ebayimg.com/images/g/~AIAAeSwS7Zqho5n/s-l225.jpg
残件/按现状,79.0,【AS IS】 Nikon NIKKOREX F FromJapan #my1376,Nikon,Film Cameras,For parts or not working,58.86,USD,FIXED_PRICE,4,1196,as-is;underpriced(med 260),JP,somtom_9,99.3,2026-08-20T05:18:28.000Z,,https://www.ebay.com/itm/188820501506?hash=item2bf6943402:g:AqgAAeSwGatqho6j,https://i.ebayimg.com/images/g/AqgAAeSwGatqho6j/s-l225.jpg
残件/按现状,79.0,【AS IS】 Canon T50 FromJapan #my1372,Canon,Film Cameras,For parts or not working,58.86,USD,FIXED_PRICE,4,1196,as-is;underpriced(med 160),JP,somtom_9,99.3,2026-08-20T05:18:21.000Z,,https://www.ebay.com/itm/188820501401?hash=item2bf6943399:g:5EcAAeSwie9qho9O,https://i.ebayimg.com/images/g/5EcAAeSwie9qho9O/s-l225.jpg
残件/按现状,79.0,【AS IS】 TOPCON UNI 53mm F2 FromJapan #my1370,Topcon,Film Cameras,For parts or not working,58.86,USD,FIXED_PRICE,4,1196,as-is;underpriced(med 268),JP,somtom_9,99.3,2026-08-20T05:18:17.000Z,,https://www.ebay.com/itm/188820501346?hash=item2bf6943362:g:ICAAAeSwgqhqho7P,https://i.ebayimg.com/images/g/ICAAAeSwgqhqho7P/s-l225.jpg
残件/按现状,79.0,【AS IS】 Konica Z-up 80 40-80mm FromJapan #my1360,Konica,Film Cameras,For parts or not working,58.86,USD,FIXED_PRICE,4,1196,as-is;underpriced(med 135),JP,somtom_9,99.3,2026-08-20T05:17:55.000Z,,https://www.ebay.com/itm/188820501034?hash=item2bf694322a:g:0n0AAeSwddFqho5~,https://i.ebayimg.com/images/g/0n0AAeSwddFqho5~/s-l225.jpg
残件/按现状,79.0,【AS IS】 Canon Autoboy 2 QUARTZ DATE 38mm F2.8 AA battery powered #my1349,Canon,Film Cameras,For parts or not working,59.6,USD,FIXED_PRICE,4,1196,as-is;underpriced(med 160),JP,somtom_9,99.3,2026-08-21T08:54:58.000Z,,https://www.ebay.com/itm/188826205401?hash=item2bf6eb3cd9:g:ns4AAeSwrj5qiBMc,https://i.ebayimg.com/images/g/ns4AAeSwrj5qiBMc/s-l225.jpg
残件/按现状,79.0,【AS IS】 Canon Autoboy 2 QUARTZ DATE 38mm F2.8 FromJapan #my1296,Canon,Film Cameras,For parts or not working,59.6,USD,FIXED_PRICE,4,1196,as-is;underpriced(med 160),JP,somtom_9,99.3,2026-08-21T08:53:20.000Z,,https://www.ebay.com/itm/188826203599?hash=item2bf6eb35cf:g:7NUAAeSwYQVqiBJO,https://i.ebayimg.com/images/g/7NUAAeSwYQVqiBJO/s-l225.jpg
残件/按现状,79.0,"【FOR PARTS】Nikon FE SLR 35mm Film Camera Body ""NOT WORKING""",Nikon,Film Cameras,Used,89.99,USD,FIXED_PRICE,11,1600,mount:sony e;as-is;underpriced(med 260),JP,japan_fun_camera,100.0,2026-08-21T01:15:30.000Z,,https://www.ebay.com/itm/188824627273?hash=item2bf6d32849:g:EHwAAeSwAI1o-Cm4,https://i.ebayimg.com/images/g/EHwAAeSwAI1o-Cm4/s-l225.jpg
残件/按现状,79.0,Contax IIIa Zeiss Ikon Film Camera rangefinder body,Contax,Film Cameras,For parts or not working,95.0,USD,"FIXED_PRICE,BEST_OFFER",0,1600,underpriced(med 625),US,cardinalcameraused,99.8,2026-08-21T04:18:27.000Z,,https://www.ebay.com/itm/147518971910?hash=item2258d0e006:g:f3oAAeSwO6xqh6Do,https://i.ebayimg.com/images/g/f3oAAeSwO6xqh6Do/s-l225.jpg
残件/按现状,79.0,Rare Tanar 5cm 50mm F/3.5 Lens Tanaka Kogaku Leica Screw Mount LTM L39 AS-IS,Leica,Lenses,Used,99.0,USD,FIXED_PRICE,12,1000,mount:ltm/l39;as-is;underpriced(med 1171),JP,tokyo-camera-girl,100.0,2026-08-20T13:27:25.000Z,,https://www.ebay.com/itm/298604202504?hash=item4586328a08:g:vpoAAeSwX4xqhwC3,https://i.ebayimg.com/images/g/vpoAAeSwX4xqhwC3/s-l225.jpg
残件/按现状,79.0,:Graflex Baby Speed Graphic 2x3 Press Camera w/ Kodak Lens,Graflex,Film Cameras,For parts or not working,99.99,USD,FIXED_PRICE,5,1600,underpriced(med 225),US,rcn1984,99.0,2026-08-20T23:27:17.000Z,,https://www.ebay.com/itm/267763091515?hash=item3e57ec883b:g:RooAAeSwpAlqfe1N,https://i.ebayimg.com/images/g/RooAAeSwpAlqfe1N/s-l225.jpg
残件/按现状,79.0,ROLLEICORD II MODEL I TLR CAMERA ZEISS TRIOTAR 75MM 3.5 LENS MADE IN 1936 RARE!,Zeiss,Film Cameras,For parts or not working,109.0,USD,"FIXED_PRICE,BEST_OFFER",11,1600,underpriced(med 286),US,brayaespinoz15,100.0,2026-08-20T17:34:25.000Z,,https://www.ebay.com/itm/298604711684?hash=item45863a4f04:g:S4UAAeSwVzdqhzfs,https://i.ebayimg.com/images/g/S4UAAeSwVzdqhzfs/s-l225.jpg
型号不明,79.0,"PHmini-07 ""VBeautiful"" CONTAX G-m4/3 Contax Micro Four Thirds Mount Adapter",Contax,Lenses,Used,115.42,USD,"FIXED_PRICE,BEST_OFFER",6,1200,mount:micro 4/3;underpriced(med 323),JP,bears2636,99.3,2026-08-20T08:48:58.000Z,,https://www.ebay.com/itm/206505374564?hash=item3014adf364:g:rPYAAeSwYtNqhsCk,https://i.ebayimg.com/images/g/rPYAAeSwYtNqhsCk/s-l225.jpg
型号不明,79.0,[MINT] Canon Extender EF 1.4x Teleconverter For EOS EF Mount Tested From JAPAN,Canon,Lenses,Used,129.0,USD,"FIXED_PRICE,BEST_OFFER",12,1600,mount:canon ef;good-cond;underpriced(med 297),JP,kenyuki.jpcamera,100.0,2026-08-20T13:00:39.000Z,,https://www.ebay.com/itm/377435491578?hash=item57e0e88cfa:g:WcYAAeSw5RdqhvbM,https://i.ebayimg.com/images/g/WcYAAeSw5RdqhvbM/s-l225.jpg
型号不明,79.0,"FOX MINI-06 ""VBeautiful"" (Voigtlander) Voigtlander VM Leica M Mount Adapter M",Voigtlander,Lenses,Used,141.7,USD,"FIXED_PRICE,BEST_OFFER",7,1200,mount:leica m;underpriced(med 503),JP,bears2636,99.3,2026-08-20T08:49:01.000Z,,https://www.ebay.com/itm/178425954051?hash=item298b03ff03:g:0TYAAeSw72hqhr~7,https://i.ebayimg.com/images/g/0TYAAeSw72hqhr~7/s-l225.jpg
型号不明,79.0,"PHmini-05 ""Kirei"" KIPON LM-FX Leica M Lens to Fujifilm X Mount Adapter",Leica,Lenses,Used,146.95,USD,"FIXED_PRICE,BEST_OFFER",5,1200,mount:leica m;underpriced(med 1171),JP,bears2636,99.3,2026-08-20T08:48:58.000Z,,https://www.ebay.com/itm/188821275899?hash=item2bf6a004fb:g:t2wAAeSwzbZqhsBy,https://i.ebayimg.com/images/g/t2wAAeSwzbZqhsBy/s-l225.jpg
残件/按现状,79.0,Hasselblad H1 Medium Format Film Camera Body only UNTESTED,Hasselblad,Film Cameras,For parts or not working,149.95,USD,"FIXED_PRICE,BEST_OFFER",9,1600,as-is;underpriced(med 1699),US,heritage_camera,100.0,2026-08-20T15:01:06.000Z,,https://www.ebay.com/itm/287536449427?hash=item42f2820793:g:lBwAAeSwD~1qhwnk,https://i.ebayimg.com/images/g/lBwAAeSwD~1qhwnk/s-l225.jpg
型号不明,79.0,EXC+ Jupiter-9 2/85 lens M42 Screw mount Carl Zeiss Sonnar successor,Zeiss,Lenses,Used,297.0,USD,"FIXED_PRICE,BEST_OFFER",14,1399,grail:Sonnar;mount:ltm/l39;good-cond,LV,elenasneg,100.0,2026-08-20T09:40:31.000Z,,https://www.ebay.com/itm/137642652483?hash=item200c243343:g:uc4AAOSwsZ9oK4mQ,https://i.ebayimg.com/images/g/uc4AAOSwsZ9oK4mQ/s-l225.jpg
残件/按现状,78.0,Canon EOS Rebel S 35mm SLR Film Camera Body Only EF Mount Untested Strap,Canon,Film Cameras,Used,27.55,USD,"FIXED_PRICE,BEST_OFFER",20,1005,mount:canon ef;as-is;underpriced(med 160),CA,vintage-vault-kent,99.5,2026-08-20T14:02:14.000Z,,https://www.ebay.com/itm/377435652085?hash=item57e0eafff5:g:8S4AAeSwEWdp3SeV,https://i.ebayimg.com/images/g/8S4AAeSwEWdp3SeV/s-l225.jpg
残件/按现状;打包杂件,78.0,Vtg 2 Pc Minolta Camera Body Parts Repair Lot SRT101 X370 35MM Film Good Shutter,Minolta,Film Cameras,Used,49.95,USD,FIXED_PRICE,8,1600,grail:SRT101,US,cyclewarehouseonline,99.2,2026-08-21T10:47:13.000Z,,https://www.ebay.com/itm/128037785328?hash=item1dcfa58ef0:g:J4oAAOSwzPdn0CBp,https://i.ebayimg.com/images/g/J4oAAOSwzPdn0CBp/s-l225.jpg
型号不明,78.0,Carl Zeiss Super Dynarex 4/135 Tele-Photo Lens BM Bayonet,Zeiss,Vintage Lenses,,50.73,USD,"FIXED_PRICE,BEST_OFFER",4,1092,underpriced(med 178),CA,vendingfams,99.4,2026-08-20T14:19:06.000Z,,https://www.ebay.com/itm/820027220195?hash=itembeed6e60e3:g:9yIAAOSwm4lm0F6A,https://i.ebayimg.com/images/g/9yIAAOSwm4lm0F6A/s-l225.jpg
残件/按现状,78.0,Konica C35 EF 35mm Film Camera Hexanon 38mm f/2.8 Lens Case Untested,Konica,Film Cameras,Used,55.11,USD,"FIXED_PRICE,BEST_OFFER",22,1071,mount:canon ef;as-is;underpriced(med 133),CA,vintage-vault-kent,99.5,2026-08-20T14:03:53.000Z,,https://www.ebay.com/itm/377435653540?hash=item57e0eb05a4:g:5VYAAeSwK4JqJEO2,https://i.ebayimg.com/images/g/5VYAAeSwK4JqJEO2/s-l225.jpg
残件/按现状,78.0,Minolta X-700 35mm SLR Film Camera Body + 5 Rolls Kodak MAX 400 Untested,Minolta,Film Cameras,For parts or not working,59.99,USD,FIXED_PRICE,16,876,grail:X-700;as-is,US,merchantofbabylon,99.6,2026-08-21T08:24:33.000Z,,https://www.ebay.com/itm/206508021246?hash=item3014d655fe:g:Qz0AAeSw0DZqiAs1,https://i.ebayimg.com/images/g/Qz0AAeSw0DZqiAs1/s-l225.jpg
查无市价,78.0,【EXC】 MINOLTA HI-MATIC AF DATE 38mm F2.8 AA battery powered FromJapan #my1327,Minolta,Film Cameras,Used,80.46,USD,FIXED_PRICE,4,1196,grail:HI-MATIC;good-cond,JP,somtom_9,99.3,2026-08-21T08:54:15.000Z,,https://www.ebay.com/itm/188826204598?hash=item2bf6eb39b6:g:5ZEAAeSw7F9qiBMr,https://i.ebayimg.com/images/g/5ZEAAeSw7F9qiBMr/s-l225.jpg
残件/按现状,78.0,AS IS Olympus OM-2 Black / E. Zuiko Auto-W 135mm F/3.5 Lens From Japan,Olympus,Film Cameras,Used,99.95,USD,FIXED_PRICE,14,1600,grail:OM-2;mount:olympus om;as-is,US,sunnysundries,100.0,2026-08-20T19:43:59.000Z,,https://www.ebay.com/itm/188823504980?hash=item2bf6c20854:g:SSkAAeSwicVqh1dN,https://i.ebayimg.com/images/g/SSkAAeSwicVqh1dN/s-l225.jpg
残件/按现状,78.0,Canon AE-1 35mm SLR Film Camera Body Only FD Mount PARTS REPAIR AS IS,Canon,Film Cameras,For parts or not working,99.99,USD,"FIXED_PRICE,BEST_OFFER",3,1309,grail:AE-1;mount:canon fd;as-is,US,dccamera,100.0,2026-08-21T02:16:13.000Z,,https://www.ebay.com/itm/267763187779?hash=item3e57ee0043:g:f-8AAeSwRqBqhU-V,https://i.ebayimg.com/images/g/f-8AAeSwRqBqhU-V/s-l225.jpg
型号不明,78.0,"*VINTAGE* CARL ZEISS JENA TESSAR 30cm F/4.5 LENS W/MOUNT & 6"" LENS BOARD-READ",Zeiss,Vintage Lenses,,99.99,USD,"FIXED_PRICE,BEST_OFFER",7,1600,grail:TESSAR,US,clix,100.0,2026-08-20T17:36:47.000Z,,https://www.ebay.com/itm/198584825702?hash=item2e3c93f766:g:SSgAAeSw-dlqhzsu,https://i.ebayimg.com/images/g/SSgAAeSw-dlqhzsu/s-l225.jpg
查无市价,78.0,【EXC】 PENTAX auto 110 + PENTAX-110 24mm F2.8 FromJapan #my1397,Pentax,Film Cameras,Used,128.3,USD,FIXED_PRICE,4,1196,grail:auto 110;good-cond,JP,somtom_9,99.3,2026-08-20T05:19:06.000Z,,https://www.ebay.com/itm/188820501979?hash=item2bf69435db:g:FuEAAeSweY5qho7F,https://i.ebayimg.com/images/g/FuEAAeSweY5qho7F/s-l225.jpg
查无市价,78.0,"ISO3200, CFE, Acute D [Top MINT] Hasselblad 503CW + 80mm f/2.8 Lens A12 IV Japan",Hasselblad,Film Cameras,Used,5799.95,USD,FIXED_PRICE,22,1600,grail:503CW;mount:hasselblad v;good-cond,JP,shop365tokyo,100.0,2026-08-20T23:31:03.000Z,,https://www.ebay.com/itm/158210525102?hash=item24d61507ae:g:BYgAAeSw0FZqh461,https://i.ebayimg.com/images/g/BYgAAeSw0FZqh461/s-l225.jpg
残件/按现状,77.0,Canon Canonet QL-17 G-III 35mm Rangefinder Film Camera,Canon,Film Cameras,For parts or not working,80.0,USD,"FIXED_PRICE,BEST_OFFER",9,1035,grail:Canonet,US,twooxandarooster,100.0,2026-08-21T06:35:15.000Z,,https://www.ebay.com/itm/178429043946?hash=item298b3324ea:g:Jh4AAeSwmKhqh~Ep,https://i.ebayimg.com/images/g/Jh4AAeSwmKhqh~Ep/s-l225.jpg
查无市价,77.0,(Excellent+3) Contax IIla Color Dial Working Item D8 #820 From Japan,Contax,Film Cameras,Used,178.24,USD,FIXED_PRICE,9,0,underpriced(med 617),JP,quorefl-53,100.0,2026-08-20T12:06:45.000Z,,https://www.ebay.com/itm/800539713336?hash=itemba63e29f38:g:Sv4AAeSwuQVqhu7M,https://i.ebayimg.com/images/g/Sv4AAeSwuQVqhu7M/s-l225.jpg
残件/按现状,76.0,Leica Z2X 35mm Film Camera - For Parts . Won't Power On,Leica,Film Cameras,For parts or not working,65.23,USD,"FIXED_PRICE,BEST_OFFER",3,1600,as-is;underpriced(med 1210),CA,cymru48,100.0,2026-08-20T21:57:53.000Z,,https://www.ebay.com/itm/168628941517?hash=item27431172cd:g:L24AAeSwJmhqh3eu,https://i.ebayimg.com/images/g/L24AAeSwJmhqh3eu/s-l225.jpg
残件/按现状,76.0,[For Parts] Olympus μ mju Black Point & Shoot 35mm Film Camera From JAPAN,Olympus,Film Cameras,For parts or not working,79.0,USD,FIXED_PRICE,8,1600,grail:mju;as-is,JP,samura1_camera_japan,99.5,2026-08-21T01:00:31.000Z,,https://www.ebay.com/itm/407159804783?hash=item5ecc9d936f:g:ewQAAeSwvk9qh6Pr,https://i.ebayimg.com/images/g/ewQAAeSwvk9qh6Pr/s-l225.jpg
型号不明,76.0,MAMIYA 645 Lens to FUJIFILM X-Pro1 X Mount Adapter X-T5 X-E4 X-H2S X-S20 X-S10,Mamiya,Lenses,Used,157.68,USD,"FIXED_PRICE,BEST_OFFER",2,741,grail:645;mount:fuji x,JP,bears2636,99.3,2026-08-20T08:49:02.000Z,,https://www.ebay.com/itm/206505374704?hash=item3014adf3f0:g:IkMAAeSwrj5qhsB2,https://i.ebayimg.com/images/g/IkMAAeSwrj5qhsB2/s-l225.jpg
型号不明,76.0,[MINT+] Ernst Leitz GmbH Wetzlar Leica Elmar 5cm f/2.8 L39 LTM Screw Mount JAPAN,Leitz,Lenses,Used,469.99,USD,FIXED_PRICE,12,1600,grail:Elmar;mount:ltm/l39;good-cond,JP,onda03,99.4,2026-08-20T16:05:16.000Z,,https://www.ebay.com/itm/137643700194?hash=item200c342fe2:g:TqAAAeSwiCJqhyi4,https://i.ebayimg.com/images/g/TqAAAeSwiCJqhyi4/s-l225.jpg
查无市价,76.0,Leica IIIC Converted to IIIF with Summitar 5cm Lens Serviced CLA'd Self Timer,Leica,Film Cameras,Used,750.0,USD,"FIXED_PRICE,BEST_OFFER",9,1600,grail:Leica IIIC;good-cond,US,eric63nova,100.0,2026-08-20T20:39:03.000Z,,https://www.ebay.com/itm/257693397562?hash=item3bffb9323a:g:EmQAAeSwv9Nqh2Nw,https://i.ebayimg.com/images/g/EmQAAeSwv9Nqh2Nw/s-l225.jpg
残件/按现状,75.0,Nikon N6006 35mm Film SLR Camera Body Only Power Tested Working AF Auto Focus,Nikon,Film Cameras,For parts or not working,25.0,USD,"FIXED_PRICE,BEST_OFFER",9,1599,underpriced(med 260),US,dahlstsc,99.8,2026-08-20T17:54:11.000Z,,https://www.ebay.com/itm/168628538882?hash=item27430b4e02:g:~f8AAeSwOgVqNuiC,https://i.ebayimg.com/images/g/~f8AAeSwOgVqNuiC/s-l225.jpg
残件/按现状;打包杂件,75.0,Untested Minolta Maxxum 7000 AF Camera Bundle 50mm 100-200mm Lenses Zykkor Flash,Minolta,Film Cameras,Used,25.0,USD,"FIXED_PRICE,BEST_OFFER",6,1600,as-is;underpriced(med 95),US,smalltownhomesteadshop,100.0,2026-08-20T15:52:16.000Z,,https://www.ebay.com/itm/206506313647?hash=item3014bc47af:g:FzEAAeSwhDJqhyKv,https://i.ebayimg.com/images/g/FzEAAeSwhDJqhyKv/s-l225.jpg
残件/按现状,75.0,"Canon EOS Rebel, 35x80 UNTESTED",Canon,Film Cameras,For parts or not working,25.0,USD,"FIXED_PRICE,BEST_OFFER",2,1200,as-is;underpriced(med 160),US,jtdjj2932,99.7,2026-08-20T13:09:55.000Z,,https://www.ebay.com/itm/278298885569?hash=item40cbe7fdc1:g:AxIAAeSwJm1qhvyI,https://i.ebayimg.com/images/g/AxIAAeSwJm1qhvyI/s-l225.jpg
残件/按现状,75.0,"Nikon one touch 35mm 1:2.8 point & shoot camera+ strap, for parts/not working",Nikon,Film Cameras,For parts or not working,25.0,USD,"FIXED_PRICE,BEST_OFFER",6,1600,as-is;underpriced(med 260),US,outtofindsale,100.0,2026-08-20T11:40:10.000Z,,https://www.ebay.com/itm/318758723651?hash=item4a37802043:g:1GgAAeSwgAxp4Nvf,https://i.ebayimg.com/images/g/1GgAAeSwgAxp4Nvf/s-l225.jpg
残件/按现状,75.0,Canon Sure Shot AF35M CAFS 35mm Film Camera 38mm f/2.8 Autofocus Vintage Japan,Canon,Film Cameras,For parts or not working,25.8,USD,"FIXED_PRICE,BEST_OFFER",5,1600,underpriced(med 160),US,packan_23,100.0,2026-08-20T21:42:24.000Z,,https://www.ebay.com/itm/188823908517?hash=item2bf6c830a5:g:6akAAeSwGflqh3Qe,https://i.ebayimg.com/images/g/6akAAeSwGflqh3Qe/s-l225.jpg
残件/按现状,75.0,Minolta Maxxum 300si Black SLR Film Camera - For Parts or Repairs - Body Only,Minolta,Film Cameras,Used,25.97,USD,"FIXED_PRICE,BEST_OFFER",15,1600,as-is;underpriced(med 95),US,v-sands,99.9,2026-08-21T12:10:06.000Z,,https://www.ebay.com/itm/227485502955?hash=item34f7314deb:g:qowAAOSw1bdlHtFB,https://i.ebayimg.com/images/g/qowAAOSw1bdlHtFB/s-l225.jpg
残件/按现状,75.0,Minolta Maxxum 5000 35mm Camera Black w AF 70-210 Lens Powers Up For Parts Only,Minolta,Film Cameras,For parts or not working,25.97,USD,FIXED_PRICE,12,1600,as-is;underpriced(med 95),US,jcolwell2,99.4,2026-08-20T15:17:44.000Z,,https://www.ebay.com/itm/237019249150?hash=item372f72b9fe:g:Nt8AAeSwJdBoiZbD,https://i.ebayimg.com/images/g/Nt8AAeSwJdBoiZbD/s-l225.jpg
残件/按现状,75.0,Canon Sure Shot 35mm Film Camera 38mm F/2.8 Autoboy Parts or Repair #2,Canon,Film Cameras,For parts or not working,25.99,USD,"FIXED_PRICE,BEST_OFFER",9,1600,underpriced(med 160),US,mr_ricky_80,99.9,2026-08-21T08:37:26.000Z,,https://www.ebay.com/itm/318762823791?hash=item4a37beb06f:g:9VQAAeSwgxVoMMyo,https://i.ebayimg.com/images/g/9VQAAeSwgxVoMMyo/s-l225.jpg
残件/按现状,75.0,Canon Sure Shot Supreme 38mm Camera Black Point & Shoot Film 1:2.8 Used Untested,Canon,Film Cameras,Used,25.99,USD,FIXED_PRICE,4,1072,as-is;underpriced(med 160),US,masumitrading,99.7,2026-08-20T22:54:03.000Z,,https://www.ebay.com/itm/800542179724?hash=itemba6408418c:g:Pt8AAeSwCjpqh4Rh,https://i.ebayimg.com/images/g/Pt8AAeSwCjpqh4Rh/s-l225.jpg
残件/按现状,75.0,Pentax IQZoom 900 35mm Point & Shoot Camera With Case Not Tested FLAWS,Pentax,Film Cameras,For parts or not working,25.99,USD,FIXED_PRICE,19,1263,underpriced(med 150),US,archaversine,100.0,2026-08-20T17:08:00.000Z,,https://www.ebay.com/itm/128028792272?hash=item1dcf1c55d0:g:-ngAAOSwEFZltsT1,https://i.ebayimg.com/images/g/-ngAAOSwEFZltsT1/s-l225.jpg
残件/按现状,75.0,Pentax IQZoom 160 35mm Point & Shoot Film Camera with Extras UNTESTED PARTS,Pentax,Film Cameras,For parts or not working,27.0,USD,FIXED_PRICE,6,1600,as-is;underpriced(med 150),US,waterfrontrescuemission,99.7,2026-08-21T09:58:03.000Z,,https://www.ebay.com/itm/318763087058?hash=item4a37c2b4d2:g:togAAeSwtcBqc36l,https://i.ebayimg.com/images/g/togAAeSwtcBqc36l/s-l225.jpg
残件/按现状,75.0,Vintage Minolta XG-2 35mm SLR Film Camera Body Only Japan Strap Untested,Minolta,Film Cameras,For parts or not working,27.99,USD,"FIXED_PRICE,BEST_OFFER",6,1600,as-is;underpriced(med 95),US,dudeifoundthis,98.8,2026-08-21T05:49:56.000Z,,https://www.ebay.com/itm/307138586339?hash=item4782e2e6e3:g:x00AAeSwPXdqh-X7,https://i.ebayimg.com/images/g/x00AAeSwPXdqh-X7/s-l225.jpg
残件/按现状,75.0,Pentax IQZoom 160 Film Camera (Powers on),Pentax,Film Cameras,For parts or not working,27.99,USD,FIXED_PRICE,4,1600,underpriced(med 150),US,davycro_1,100.0,2026-08-20T22:49:53.000Z,,https://www.ebay.com/itm/147518514136?hash=item2258c9e3d8:g:ot0AAeSw8rhqh4Nr,https://i.ebayimg.com/images/g/ot0AAeSw8rhqh4Nr/s-l225.jpg
残件/按现状,75.0,"Olympus OMG 35mm SLR Film Camera Body Only, Parts Or Repair, Read Description",Olympus,Film Cameras,For parts or not working,29.0,USD,FIXED_PRICE,15,1600,underpriced(med 157),US,rootz805,100.0,2026-08-21T03:28:49.000Z,,https://www.ebay.com/itm/137645618928?hash=item200c5176f0:g:8XwAAeSwQKZqh8Vd,https://i.ebayimg.com/images/g/8XwAAeSwQKZqh8Vd/s-l225.jpg
残件/按现状,75.0,Vintage Canon Q5200 35mm Film Camera B w/ Canon Flash Motor Drive As Is,Canon,Film Cameras,Used,29.0,USD,FIXED_PRICE,11,1600,as-is;underpriced(med 160),US,gd1330,99.7,2026-08-20T17:46:18.000Z,,https://www.ebay.com/itm/318759845076?hash=item4a37913cd4:g:JfAAAeSwSahpelYa,https://i.ebayimg.com/images/g/JfAAAeSwSahpelYa/s-l225.jpg
残件/按现状,75.0,Minolta XG-2 XG-7 XG-9 35mm Film SLR Camera Body Only - Untested,Minolta,Film Cameras,For parts or not working,29.0,USD,"FIXED_PRICE,BEST_OFFER",8,1600,as-is;underpriced(med 96),US,ldtreasurevault,99.9,2026-08-20T12:13:28.000Z,,https://www.ebay.com/itm/287536176769?hash=item42f27dde81:g:2QwAAeSwf3VoRl-T,https://i.ebayimg.com/images/g/2QwAAeSwf3VoRl-T/s-l225.jpg
残件/按现状,75.0,Nikon N65 Camera with Quantaray Lens and Carrying Case - Untested,Nikon,Film Cameras,Used,29.0,USD,"FIXED_PRICE,BEST_OFFER",5,1304,as-is;underpriced(med 260),US,retrofinds129,100.0,2026-08-20T10:30:17.000Z,,https://www.ebay.com/itm/198584085978?hash=item2e3c88adda:g:SaUAAeSwrptqbVJT,https://i.ebayimg.com/images/g/SaUAAeSwrptqbVJT/s-l225.jpg
残件/按现状,75.0,Canon Sure Shot TELEMAX 38/70mm UNTESTED. For Part Or Not Working.,Canon,Film Cameras,For parts or not working,29.09,USD,"FIXED_PRICE,BEST_OFFER",9,1599,as-is;underpriced(med 160),US,crabbypicker,99.6,2026-08-21T00:43:21.000Z,,https://www.ebay.com/itm/318761151692?hash=item4a37a52ccc:g:Uq0AAeSwYlpqWQ7a,https://i.ebayimg.com/images/g/Uq0AAeSwYlpqWQ7a/s-l225.jpg
残件/按现状,75.0,Yashica Lynx 1000 35mm Rangefinder Camera Shutter Works Meter Not Working,Yashica,Film Cameras,For parts or not working,29.95,USD,FIXED_PRICE,5,1087,as-is;underpriced(med 125),US,awwgallery,99.7,2026-08-20T18:26:44.000Z,,https://www.ebay.com/itm/820027973334?hash=itembeed79ded6:g:xW0AAeSwR-1qh0YU,https://i.ebayimg.com/images/g/xW0AAeSwR-1qh0YU/s-l225.jpg
残件/按现状;型号不明,75.0,[AS IS] Yashica D Black Medium Format 6x6 TLR Film Camera from Japan,Yashica,Film Cameras,For parts or not working,29.95,USD,FIXED_PRICE,7,1600,as-is;underpriced(med 125),US,getitfastquick,100.0,2026-08-20T17:30:01.000Z,,https://www.ebay.com/itm/278299439627?hash=item40cbf0720b:g:KMAAAeSwFfJqhzls,https://i.ebayimg.com/images/g/KMAAAeSwFfJqhzls/s-l225.jpg
残件/按现状;打包杂件,75.0,Nikon N4004s 35mm SLR Film Camera Body Untested SB-23 Flash Manual As-Is Lot,Nikon,Film Cameras,Used,29.95,USD,"FIXED_PRICE,BEST_OFFER",13,1600,as-is;underpriced(med 260),US,772gammy,100.0,2026-08-20T15:14:10.000Z,,https://www.ebay.com/itm/237019243071?hash=item372f72a23f:g:b0YAAeSw5rdqhxmu,https://i.ebayimg.com/images/g/b0YAAeSw5rdqhxmu/s-l225.jpg
残件/按现状,75.0,Canon 35mm Film Camera Compact Sure Shot Megazoom 76 38-76mm READ,Canon,Film Cameras,For parts or not working,29.99,USD,"FIXED_PRICE,BEST_OFFER",11,1454,underpriced(med 160),US,burgerworm,99.6,2026-08-21T02:33:02.000Z,,https://www.ebay.com/itm/128037221585?hash=item1dcf9cf4d1:g:LuIAAeSwx7pqVE29,https://i.ebayimg.com/images/g/LuIAAeSwx7pqVE29/s-l225.jpg
残件/按现状,75.0,Vintage Nikon One Touch 35mm Film Camera Black AS-IS FOR PARTS OR REPAIR,Nikon,Film Cameras,For parts or not working,29.99,USD,FIXED_PRICE,5,1600,as-is;underpriced(med 260),US,emt7978,99.8,2026-08-20T22:07:50.000Z,,https://www.ebay.com/itm/327319862382?hash=item4c35c8bc6e:g:E6MAAOSwm85oCE0K,https://i.ebayimg.com/images/g/E6MAAOSwm85oCE0K/s-l225.jpg
残件/按现状,75.0,Fujifilm Instax Mini 40 Instant Camera - Black - PARTS ONLY - DOES NOT WORK,Fujifilm,Film Cameras,For parts or not working,29.99,USD,FIXED_PRICE,12,1600,as-is;underpriced(med 124),US,acefoto,99.6,2026-08-20T16:27:40.000Z,,https://www.ebay.com/itm/377436037050?hash=item57e0f0dfba:g:UfIAAeSw1Pxqhyn7,https://i.ebayimg.com/images/g/UfIAAeSw1Pxqhyn7/s-l225.jpg
残件/按现状,75.0,Olympus 35 EC Black Body 35mm Compact Camera - Parts / Repair,Olympus,Film Cameras,For parts or not working,29.99,USD,FIXED_PRICE,7,1600,underpriced(med 157),US,mydadsstuff,100.0,2026-08-20T16:17:46.000Z,,https://www.ebay.com/itm/307137548319?hash=item4782d3101f:g:YRcAAeSwrd5qhyiY,https://i.ebayimg.com/images/g/YRcAAeSwrd5qhyiY/s-l225.jpg
残件/按现状,75.0,Minolta Maxxum 5 35mm Film SLR Camera & Lens (Untested As-Is),Minolta,Film Cameras,For parts or not working,29.99,USD,FIXED_PRICE,14,1600,as-is;underpriced(med 96),US,cheekykicks,99.9,2026-08-20T13:19:19.000Z,,https://www.ebay.com/itm/117369838221?hash=item1b53c99a8d:g:oL8AAeSw3B1qhv5l,https://i.ebayimg.com/images/g/oL8AAeSw3B1qhv5l/s-l225.jpg
残件/按现状,75.0,Minolta AF Big Finder Point And Shoot Film Camera 35mm,Minolta,Film Cameras,For parts or not working,30.0,USD,"FIXED_PRICE,BEST_OFFER",0,1599,underpriced(med 95),US,mlivings37,0.0,2026-08-20T23:46:00.000Z,,https://www.ebay.com/itm/318760967397?hash=item4a37a25ce5:g:BUoAAeSwWKNqf8xA,https://i.ebayimg.com/images/g/BUoAAeSwWKNqf8xA/s-l225.jpg
残件/按现状,75.0,"Minolta X-370 Parts/Repair Body - New Light Seals, Non-Functional, As-Is",Minolta,Film Cameras,For parts or not working,30.0,USD,"FIXED_PRICE,BEST_OFFER",7,1600,as-is;underpriced(med 95),US,matthewtomczyk,100.0,2026-08-20T18:24:19.000Z,,https://www.ebay.com/itm/366618788862?hash=item555c2ec3fe:g:jccAAeSw9OVqh0Ut,https://i.ebayimg.com/images/g/jccAAeSw9OVqh0Ut/s-l225.jpg
残件/按现状,75.0,Olympus Infinity Stylus Zoom 140 35mm Film Camera For Part / Repair Only,Olympus,Film Cameras,For parts or not working,31.88,USD,"FIXED_PRICE,BEST_OFFER",10,1600,underpriced(med 157),US,ac-vintage-vault,99.9,2026-08-20T15:46:13.000Z,,https://www.ebay.com/itm/407158895516?hash=item5ecc8fb39c:g:kpYAAeSw96doz3j2,https://i.ebayimg.com/images/g/kpYAAeSw96doz3j2/s-l225.jpg
残件/按现状,75.0,Canon EOS 630 SLR Film Camera Body #G147,Canon,Film Cameras,For parts or not working,31.91,USD,"FIXED_PRICE,BEST_OFFER",5,1600,underpriced(med 160),US,robertscamera,99.8,2026-08-20T18:56:30.000Z,,https://www.ebay.com/itm/147518173016?hash=item2258c4af58:g:1IsAAeSwu7Zqh03X,https://i.ebayimg.com/images/g/1IsAAeSwu7Zqh03X/s-l225.jpg
残件/按现状,75.0,Konica Auto S2 35mm Rangefinder Camera f/1.8 45mm Lens with Case - for Repair,Konica,Film Cameras,For parts or not working,34.88,USD,"FIXED_PRICE,BEST_OFFER",11,1600,as-is;underpriced(med 133),US,rayguy1,99.9,2026-08-20T22:36:47.000Z,,https://www.ebay.com/itm/188824115431?hash=item2bf6cb58e7:g:vtoAAeSwuVhqh4Ck,https://i.ebayimg.com/images/g/vtoAAeSwuVhqh4Ck/s-l225.jpg
残件/按现状,75.0,Canon EOS 650 AF 35mm Film Camera Body Only Untested,Canon,Film Cameras,For parts or not working,35.0,USD,"FIXED_PRICE,BEST_OFFER",10,1599,as-is;underpriced(med 160),US,nuklhdice,99.6,2026-08-20T21:52:19.000Z,,https://www.ebay.com/itm/168628937636?hash=item27431163a4:g:uNgAAeSwFLNqh3ba,https://i.ebayimg.com/images/g/uNgAAeSwFLNqh3ba/s-l225.jpg
残件/按现状;图片过小,75.0,Vintage Minolta X-370 35mm SLR Film Camera - with 50mm Lens UNTESTED,Minolta,Film Cameras,Used,35.0,USD,FIXED_PRICE,3,628,as-is;underpriced(med 95),US,krirobi_99,98.4,2026-08-20T20:05:58.000Z,,https://www.ebay.com/itm/820028245764?hash=itembeed7e0704:g:q6AAAeSwja9qh13C,https://i.ebayimg.com/images/g/q6AAAeSwja9qh13C/s-l225.jpg
残件/按现状,75.0,Canon Elan ii 35mm film camera [Parts Only] [lens not included],Canon,Film Cameras,For parts or not working,35.0,USD,FIXED_PRICE,2,1600,as-is;underpriced(med 160),US,matcod-1,100.0,2026-08-20T17:58:17.000Z,,https://www.ebay.com/itm/278299510865?hash=item40cbf18851:g:YFgAAeSwJK9qhz46,https://i.ebayimg.com/images/g/YFgAAeSwJK9qhz46/s-l225.jpg
残件/按现状,75.0,Canon EOS Rebel G 35mm Camera Body And Strap Only - Untested,Canon,Film Cameras,For parts or not working,35.0,USD,"FIXED_PRICE,BEST_OFFER",11,1267,as-is;underpriced(med 160),US,allekrish,100.0,2026-08-20T17:50:32.000Z,,https://www.ebay.com/itm/267762828242?hash=item3e57e883d2:g:b-QAAeSwxKZqhz4D,https://i.ebayimg.com/images/g/b-QAAeSwxKZqhz4D/s-l225.jpg
残件/按现状,75.0,For-Parts Olympus 35mm Point & Shoot Film Camera Auto Focus Black Compact,Olympus,Film Cameras,For parts or not working,35.0,USD,"FIXED_PRICE,BEST_OFFER",1,1021,underpriced(med 157),US,dycan-28,100.0,2026-08-20T15:44:20.000Z,,https://www.ebay.com/itm/398308080205?hash=item5cbd02fa4d:g:Cb8AAeSwTtFqhyCL,https://i.ebayimg.com/images/g/Cb8AAeSwTtFqhyCL/s-l225.jpg
残件/按现状,75.0,MINOLTA MAXXUM 5000 AF CAMERA WITH MACRO ZOOM LENS UNTESTED,Minolta,Film Cameras,For parts or not working,35.87,USD,FIXED_PRICE,11,1600,as-is;underpriced(med 95),US,pineappletini,100.0,2026-08-21T00:32:57.000Z,,https://www.ebay.com/itm/198585471119?hash=item2e3c9dd08f:g:MOUAAeSwpWhotN0P,https://i.ebayimg.com/images/g/MOUAAeSwpWhotN0P/s-l225.jpg
残件/按现状,75.0,Vintage Pentax ZX-50 35mm SLR Film Camera with Pentax 35-80mm Lens *Untested*,Pentax,Film Cameras,Used,35.99,USD,"FIXED_PRICE,BEST_OFFER",13,1600,as-is;underpriced(med 150),US,pandapossibilities,99.5,2026-08-21T08:20:16.000Z,,https://www.ebay.com/itm/227485158046?hash=item34f72c0a9e:g:ApoAAeSwE7No1BXg,https://i.ebayimg.com/images/g/ApoAAeSwE7No1BXg/s-l225.jpg
残件/按现状,75.0,"Canon EOS Rebel Ti 35mm Film Camera Body and Strap Only, Silver. Untested, as is",Canon,Film Cameras,For parts or not working,35.99,USD,FIXED_PRICE,12,1600,as-is;underpriced(med 160),US,sumstore,100.0,2026-08-20T22:12:46.000Z,,https://www.ebay.com/itm/168628966909?hash=item274311d5fd:g:qcwAAeSwhIJqE25h,https://i.ebayimg.com/images/g/qcwAAeSwhIJqE25h/s-l225.jpg
残件/按现状,75.0,Konica Autoreflex TC 35mm SLR Film Camera Body Black Made in Japan Parts Repair,Konica,Film Cameras,For parts or not working,37.95,USD,"FIXED_PRICE,BEST_OFFER",13,1600,underpriced(med 133),US,secondhandshutterllc,99.9,2026-08-20T20:59:07.000Z,,https://www.ebay.com/itm/168628842178?hash=item27430feec2:g:G1oAAeSw2JtqXpMd,https://i.ebayimg.com/images/g/G1oAAeSw2JtqXpMd/s-l225.jpg
残件/按现状,75.0,"Olympus OM10 SLR 35mm film camera +Rokinon 35-70mm, f-3.5-4.5 lens, parts/repair",Olympus,Film Cameras,For parts or not working,39.0,USD,"FIXED_PRICE,BEST_OFFER",9,1600,underpriced(med 159),US,outtofindsale,100.0,2026-08-20T11:41:48.000Z,,https://www.ebay.com/itm/318758725688?hash=item4a37802838:g:G94AAeSwSARpre0h,https://i.ebayimg.com/images/g/G94AAeSwSARpre0h/s-l225.jpg
残件/按现状,75.0,Minolta Color Video Camera K-520S AF for PARTS or REPAIR Not Tested Made n Japan,Minolta,Film Cameras,Used,39.9,USD,FIXED_PRICE,11,1600,as-is;underpriced(med 95),US,alemilan-78,99.7,2026-08-20T17:39:53.000Z,,https://www.ebay.com/itm/407159103874?hash=item5ecc92e182:g:4IoAAeSwHNFqDuQ~,https://i.ebayimg.com/images/g/4IoAAeSwHNFqDuQ~/s-l225.jpg
残件/按现状,75.0,Nikon FG 35mm SLR Film Camera Body - FOR PARTS OR REPAIR - Power Issue,Nikon,Film Cameras,For parts or not working,39.95,USD,FIXED_PRICE,11,1600,as-is;underpriced(med 260),US,lascasas,100.0,2026-08-20T21:31:16.000Z,,https://www.ebay.com/itm/128036881952?hash=item1dcf97c620:g:QuAAAeSwPpdqXqfs,https://i.ebayimg.com/images/g/QuAAAeSwPpdqXqfs/s-l225.jpg
残件/按现状,75.0,Pentax P3n 35mm SLR Film Camera with Takumar-A Zoom 28-80mm Lens AS IS Untested,Pentax,Film Cameras,For parts or not working,39.99,USD,"FIXED_PRICE,BEST_OFFER",13,1186,as-is;underpriced(med 150),US,pgwtamu,100.0,2026-08-20T19:13:20.000Z,,https://www.ebay.com/itm/137644312341?hash=item200c3d8715:g:hTQAAeSwe-pqhdZi,https://i.ebayimg.com/images/g/hTQAAeSwe-pqhdZi/s-l225.jpg
残件/按现状,75.0,Canon Sure Shot Quartz Autoboy 2 35mm Film Camera NOT FULLY SPINNING see desc.,Canon,Film Cameras,For parts or not working,39.99,USD,FIXED_PRICE,21,1600,underpriced(med 160),US,ryanstagsale,100.0,2026-08-20T19:10:14.000Z,,https://www.ebay.com/itm/206506637787?hash=item3014c139db:g:sfsAAeSw8P5p5U4o,https://i.ebayimg.com/images/g/sfsAAeSw8P5p5U4o/s-l225.jpg
打包杂件,75.0,Fujifilm Instax Mini 9 Instant Camera Lot 2 Pieces Pink & Smoky White Tested,Fujifilm,Film Cameras,Used,39.99,USD,FIXED_PRICE,7,1600,underpriced(med 130),US,goodwillsocalshop,99.7,2026-08-20T13:31:04.000Z,,https://www.ebay.com/itm/267762637638?hash=item3e57e59b46:g:HYsAAeSwxxdqfdNf,https://i.ebayimg.com/images/g/HYsAAeSwxxdqfdNf/s-l225.jpg
残件/按现状,75.0,Vintage Minolta AFC Camera Point & Shoot UNTESTED w/ Case & Manual,Minolta,Film Cameras,Used,40.0,USD,FIXED_PRICE,8,1600,as-is;underpriced(med 95),US,kwik831,100.0,2026-08-21T01:15:28.000Z,,https://www.ebay.com/itm/237020133705?hash=item372f803949:g:c0QAAeSwsoRqh6YL,https://i.ebayimg.com/images/g/c0QAAeSwsoRqh6YL/s-l225.jpg
残件/按现状,75.0,Canon Sure Shot Z155 Caption 35mm Film Camera Works For Parts,Canon,Film Cameras,For parts or not working,40.0,USD,FIXED_PRICE,4,1600,as-is;underpriced(med 160),US,gregmoney,99.8,2026-08-20T13:23:58.000Z,,https://www.ebay.com/itm/298604199671?hash=item4586327ef7:g:YvAAAeSwJ2dqeOol,https://i.ebayimg.com/images/g/YvAAAeSwJ2dqeOol/s-l225.jpg
残件/按现状,75.0,Ricoh XR-P 35MM SLR Film Camera Body W/ XR Winder-2 *PARTS REPAIR AS IS*,Ricoh,Film Cameras,For parts or not working,41.46,USD,FIXED_PRICE,14,1600,as-is;underpriced(med 100),US,sfg_sports,99.9,2026-08-21T06:33:18.000Z,,https://www.ebay.com/itm/820030101908?hash=itembeed9a5994:g:rEcAAOSwM5Rj9lAQ,https://i.ebayimg.com/images/g/rEcAAOSwM5Rj9lAQ/s-l225.jpg
残件/按现状,75.0,Konica EFP 3 35mm Black Film Camera w/ Case & Strap Point & Shoot Tested,Konica,Film Cameras,For parts or not working,43.0,USD,"FIXED_PRICE,BEST_OFFER",12,1600,underpriced(med 133),US,crunchymommacurations,100.0,2026-08-20T18:42:43.000Z,,https://www.ebay.com/itm/267762857589?hash=item3e57e8f675:g:vhgAAeSwLcVqh0pT,https://i.ebayimg.com/images/g/vhgAAeSwLcVqh0pT/s-l225.jpg
残件/按现状,75.0,Olympus Infinity Zoom 211 35mm Film Camera – Battery Tested – Point & Shoot,Olympus,Film Cameras,For parts or not working,44.85,USD,"FIXED_PRICE,BEST_OFFER",16,1600,underpriced(med 157),US,zaccass4405,99.9,2026-08-21T09:50:11.000Z,,https://www.ebay.com/itm/158212039470?hash=item24d62c232e:g:YCgAAeSwQERqOAhE,https://i.ebayimg.com/images/g/YCgAAeSwQERqOAhE/s-l225.jpg
残件/按现状,75.0,Olympus PEN EE 35mm Half Frame Film Camera - Untested,Olympus,Film Cameras,For parts or not working,45.0,USD,FIXED_PRICE,11,1600,as-is;underpriced(med 157),US,urban_lux_supply,99.8,2026-08-20T22:23:51.000Z,,https://www.ebay.com/itm/307138057059?hash=item4782dad363:g:qZEAAeSw5GRqh35s,https://i.ebayimg.com/images/g/qZEAAeSw5GRqh35s/s-l225.jpg
残件/按现状,75.0,Yashica TL Electro-x 35mm With 200 Lens And Original Case For parts or repair,Yashica,Film Cameras,For parts or not working,45.0,USD,"FIXED_PRICE,BEST_OFFER",20,1600,as-is;underpriced(med 125),US,zilunetreasures,100.0,2026-08-20T20:26:25.000Z,,https://www.ebay.com/itm/366618964346?hash=item555c31717a:g:2OgAAeSwe-pqh2LG,https://i.ebayimg.com/images/g/2OgAAeSwe-pqh2LG/s-l225.jpg
型号不明,75.0,OPEN BOX NEW leitz hektor 1:4.5 ohebo lens,Leitz,Lenses,Open box,48.0,USD,"FIXED_PRICE,BEST_OFFER",4,1600,underpriced(med 729),US,963mazz,100.0,2026-08-20T17:37:56.000Z,,https://www.ebay.com/itm/800541019351?hash=itemba63f68cd7:g:dMYAAeSwFHNqhzqp,https://i.ebayimg.com/images/g/dMYAAeSwFHNqhzqp/s-l225.jpg
残件/按现状,75.0,Canon AF35ML 35mm Film Camera 40mm f1.9 Lens Autoboy Super Black Vintage AS IS,Canon,Film Cameras,For parts or not working,49.87,USD,"FIXED_PRICE,BEST_OFFER",7,1600,as-is;underpriced(med 160),US,darrens-daily-deals,100.0,2026-08-20T22:09:54.000Z,,https://www.ebay.com/itm/287537039822?hash=item42f28b09ce:g:I1UAAeSwiipqh3sy,https://i.ebayimg.com/images/g/I1UAAeSwiipqh3sy/s-l225.jpg
残件/按现状,75.0,Canon Film Camera AF35M With 38mm 1:2.8 Lens & Case Untested,Canon,Film Cameras,For parts or not working,49.99,USD,"FIXED_PRICE,BEST_OFFER",8,1600,as-is;underpriced(med 160),US,duskgaming,99.8,2026-08-21T01:00:58.000Z,,https://www.ebay.com/itm/237020106119?hash=item372f7fcd87:g:ipgAAeSwLcVqh6Ls,https://i.ebayimg.com/images/g/ipgAAeSwLcVqh6Ls/s-l225.jpg
残件/按现状;打包杂件,75.0,Lot of 3 Canon Sure Shot Autoboy AF35MII 35mm f/2.8 Cameras *For Parts / Repair*,Canon,Film Cameras,Used,49.99,USD,FIXED_PRICE,9,1600,as-is;underpriced(med 160),US,rdcgm,100.0,2026-08-20T12:01:01.000Z,,https://www.ebay.com/itm/227483985695?hash=item34f71a271f:g:Xt4AAeSw9fpqDG3Q,https://i.ebayimg.com/images/g/Xt4AAeSw9fpqDG3Q/s-l225.jpg
残件/按现状,75.0,Canon Sure Shot Ace 35mm Point & Shoot Film Camera 35mm f/3.5.,Canon,Film Cameras,For parts or not working,50.0,USD,FIXED_PRICE,11,1600,underpriced(med 160),US,rcsales490,99.9,2026-08-21T01:51:33.000Z,,https://www.ebay.com/itm/366619493563?hash=item555c3984bb:g:670AAeSwE~Fqh67E,https://i.ebayimg.com/images/g/670AAeSwE~Fqh67E/s-l225.jpg
残件/按现状,75.0,Yashica Samurai X3.0 35mm Point & Shoot Auto Focus Zoom Flash Date Black/Red,Yashica,Film Cameras,For parts or not working,50.0,USD,FIXED_PRICE,6,1600,underpriced(med 125),US,rtboy10,100.0,2026-08-20T13:46:04.000Z,,https://www.ebay.com/itm/188822295762?hash=item2bf6af94d2:g:7M0AAeSwvDhqhwT~,https://i.ebayimg.com/images/g/7M0AAeSwvDhqhwT~/s-l225.jpg
型号不明,75.0,Vintage Topcon Camera Lens In Original Black Leather Case Excellent Condition.,Topcon,Vintage Cameras,,58.0,USD,"FIXED_PRICE,BEST_OFFER",8,1600,underpriced(med 167),US,anything_goes_goods,100.0,2026-08-20T20:50:10.000Z,,https://www.ebay.com/itm/307137927591?hash=item4782d8d9a7:g:tLUAAeSwRqBqh2b-,https://i.ebayimg.com/images/g/tLUAAeSwRqBqh2b-/s-l225.jpg
残件/按现状,75.0,Canon Sure Shot 105 Zoom Film Camera (Powers on),Canon,Film Cameras,For parts or not working,59.95,USD,FIXED_PRICE,4,1600,underpriced(med 160),US,davycro_1,100.0,2026-08-20T22:41:49.000Z,,https://www.ebay.com/itm/147518505363?hash=item2258c9c193:g:Z2wAAeSwzVlqh4FH,https://i.ebayimg.com/images/g/Z2wAAeSwzVlqh4FH/s-l225.jpg
残件/按现状,75.0,Nikon FX-35 35mm Microscope Film Camera Body Japan Vintage Untested,Nikon,Film Cameras,Used,59.99,USD,"FIXED_PRICE,BEST_OFFER",6,1307,as-is;underpriced(med 260),US,jlynn4848,0.0,2026-08-21T11:11:22.000Z,,https://www.ebay.com/itm/800544905833?hash=itemba6431da69:g:Z3cAAeSwp05qiDH7,https://i.ebayimg.com/images/g/Z3cAAeSwp05qiDH7/s-l225.jpg
残件/按现状,75.0,Olympus PM-C35DX 35mm Microscope Camera Photomicrography Japan Untested,Olympus,Film Cameras,Used,59.99,USD,"FIXED_PRICE,BEST_OFFER",5,1298,as-is;underpriced(med 157),US,jlynn4848,0.0,2026-08-21T11:06:02.000Z,,https://www.ebay.com/itm/800544870727?hash=itemba64315147:g:EKMAAeSwehZqiC~m,https://i.ebayimg.com/images/g/EKMAAeSwehZqiC~m/s-l225.jpg
残件/按现状,75.0,Vintage NIKON EM FILM CAMERA W/ 50MM F/1.8 Parts/Repair,Nikon,Film Cameras,For parts or not working,59.99,USD,"FIXED_PRICE,BEST_OFFER",4,1599,underpriced(med 260),US,breezybayreseller,99.4,2026-08-20T20:31:46.000Z,,https://www.ebay.com/itm/206506778963?hash=item3014c36153:g:3loAAeSw1INqhw8w,https://i.ebayimg.com/images/g/3loAAeSw1INqhw8w/s-l225.jpg
残件/按现状,75.0,Nikon F70 35mm SLR Film Camera Body w/ Sigma 28-200mm f/3.8-5.6 UC Zoom Lens,Nikon,Film Cameras,For parts or not working,59.99,USD,"FIXED_PRICE,BEST_OFFER",9,1599,underpriced(med 260),US,breezybayreseller,99.4,2026-08-20T20:29:56.000Z,,https://www.ebay.com/itm/206506767254?hash=item3014c33396:g:m3cAAeSwe-pqhxIO,https://i.ebayimg.com/images/g/m3cAAeSwe-pqhxIO/s-l225.jpg
残件/按现状,75.0,Olympus 35 RC 35mm Rangefinder Film Camera E.Zuiko 42mm f/2.8 + Case Untested,Olympus,Film Cameras,For parts or not working,69.99,USD,"FIXED_PRICE,BEST_OFFER",11,1600,mount:olympus om;as-is;underpriced(med 157),US,marv3louscollections,100.0,2026-08-20T23:57:42.000Z,,https://www.ebay.com/itm/398309401837?hash=item5cbd1724ed:g:hBkAAeSw2S9qX-qs,https://i.ebayimg.com/images/g/hBkAAeSw2S9qX-qs/s-l225.jpg
残件/按现状,75.0,Vintage Nikon F Photomic FTn 35mm SLR Film Camera Body Only - Chrome - Untested,Nikon,Film Cameras,For parts or not working,89.99,USD,"FIXED_PRICE,BEST_OFFER",10,1600,mount:nikon f;as-is;underpriced(med 260),US,analogatticny,100.0,2026-08-20T23:57:57.000Z,,https://www.ebay.com/itm/198585402307?hash=item2e3c9cc3c3:g:0c0AAeSwM6Bqh5QS,https://i.ebayimg.com/images/g/0c0AAeSwM6Bqh5QS/s-l225.jpg
残件/按现状,74.0,[As-is] Canon A-1 35mm SLR Film Camera New FD NFD 24mm f/2.8 MF Lens From JAPAN,Canon,Film Cameras,Used,105.0,USD,FIXED_PRICE,23,1276,grail:Canon A-1;mount:canon fd;as-is,JP,e-traize,100.0,2026-08-20T05:56:26.000Z,,https://www.ebay.com/itm/178425562517?hash=item298afe0595:g:XssAAeSw7BNqhpal,https://i.ebayimg.com/images/g/XssAAeSw7BNqhpal/s-l225.jpg
残件/按现状,74.0,[As-is] CANON A-1 SLR Film Camera BLACK FD 50mm f/1.4 S.S.C Lens : From JAPAN,Canon,Film Cameras,Used,110.0,USD,FIXED_PRICE,23,1245,grail:CANON A-1;mount:canon fd;as-is,JP,e-traize,100.0,2026-08-20T06:11:18.000Z,,https://www.ebay.com/itm/178425598233?hash=item298afe9119:g:RvoAAeSw131qhpoi,https://i.ebayimg.com/images/g/RvoAAeSw131qhpoi/s-l225.jpg
型号不明,74.0,Leica Lens Hood Summaron-Elmar (for L35mm),Leica,Lenses,Used,430.17,USD,"FIXED_PRICE,BEST_OFFER",6,960,grail:Elmar;underpriced(med 1171),JP,bears2636,99.3,2026-08-20T04:41:01.000Z,,https://www.ebay.com/itm/178425367973?hash=item298afb0da5:g:64IAAeSwq2JqhoaN,https://i.ebayimg.com/images/g/64IAAeSwq2JqhoaN/s-l225.jpg
查无市价,73.0,Rollei Rolleiflex 2.8F Planar 80mm F2.8 in Excellent Condition,Rollei,Film Cameras,Used,0.0,USD,AUCTION,15,1600,grail:Rolleiflex 2.8F;auction,US,aziskind,100.0,2026-08-20T20:40:36.000Z,2026-08-27T20:40:36.000Z,https://www.ebay.com/itm/287536880531?hash=item42f2889b93:g:KRoAAeSwGatqh2QP,https://i.ebayimg.com/images/g/KRoAAeSwGatqh2QP/s-l225.jpg
残件/按现状,73.0,【AS IS】 Olympus 35 DC 40mm F1.7 FromJapan #my1328,Olympus,Film Cameras,For parts or not working,64.71,USD,FIXED_PRICE,4,1196,as-is;underpriced(med 157),JP,somtom_9,99.3,2026-08-21T08:54:17.000Z,,https://www.ebay.com/itm/188826204650?hash=item2bf6eb39ea:g:-5cAAeSwKVxqiBM1,https://i.ebayimg.com/images/g/-5cAAeSwKVxqiBM1/s-l225.jpg
残件/按现状,73.0,【AS IS】 Nikon FM10 FromJapan #my1362,Nikon,Film Cameras,For parts or not working,64.92,USD,FIXED_PRICE,4,1196,as-is;underpriced(med 260),JP,somtom_9,99.3,2026-08-20T05:17:59.000Z,,https://www.ebay.com/itm/188820501099?hash=item2bf694326b:g:~OoAAeSwSUlqho7B,https://i.ebayimg.com/images/g/~OoAAeSwSUlqho7B/s-l225.jpg
残件/按现状,73.0,【AS IS】 Canon AF35ML 40mm F1.9 AA battery powered FromJapan #my1309,Canon,Film Cameras,For parts or not working,65.99,USD,FIXED_PRICE,4,1196,as-is;underpriced(med 160),JP,somtom_9,99.3,2026-08-21T08:53:37.000Z,,https://www.ebay.com/itm/188826203896?hash=item2bf6eb36f8:g:7GgAAeSwpEtqiBMF,https://i.ebayimg.com/images/g/7GgAAeSwpEtqiBMF/s-l225.jpg
残件/按现状,73.0,REPAIR Canon Demi EE17 Half Frame Film Camera JAPAN,Canon,Film Cameras,For parts or not working,69.0,USD,"FIXED_PRICE,BEST_OFFER",19,1600,underpriced(med 160),JP,best-film-camera,99.9,2026-08-21T08:05:54.000Z,,https://www.ebay.com/itm/137646244010?hash=item200c5b00aa:g:hAAAAeSw~gJqh8OV,https://i.ebayimg.com/images/g/hAAAAeSw~gJqh8OV/s-l225.jpg
型号不明,73.0,🎦👀✨MINT✨ Canon TC-DC58D Telecon Lens LA-DC58K adapter Powershot G10/G11 JAPAN,Canon,Lenses,Used,79.19,USD,FIXED_PRICE,8,1600,good-cond;underpriced(med 297),JP,positive_star_camera,99.9,2026-08-20T14:06:00.000Z,,https://www.ebay.com/itm/407158721449?hash=item5ecc8d0ba9:g:fIoAAeSwpB1qBPVu,https://i.ebayimg.com/images/g/fIoAAeSwpB1qBPVu/s-l225.jpg
残件/按现状,73.0,【AS IS】 Nikon L35 AD 35mm F2.8 AA battery powered FromJapan #my1317,Nikon,Film Cameras,For parts or not working,98.88,USD,FIXED_PRICE,4,1196,as-is;underpriced(med 260),JP,somtom_9,99.3,2026-08-21T08:53:55.000Z,,https://www.ebay.com/itm/188826204189?hash=item2bf6eb381d:g:y6YAAeSwmmZqiBMY,https://i.ebayimg.com/images/g/y6YAAeSwmmZqiBMY/s-l225.jpg
残件/按现状,73.0,【Lens Rare】For Repair/ Fuji Kogaku Lyra Six Folding Camera 80mm f/3.5 JP #A02269,Fuji,Film Cameras,Used,100.0,USD,FIXED_PRICE,18,1600,as-is;underpriced(med 250),JP,george.-5078,100.0,2026-08-21T02:11:48.000Z,,https://www.ebay.com/itm/287537364774?hash=item42f28fff26:g:n9QAAeSw131qh6bR,https://i.ebayimg.com/images/g/n9QAAeSw131qh6bR/s-l225.jpg
型号不明,73.0,[Top MINT] Nikon Teleconverter TC-14A 1.4X Conversion Lens From JAPAN,Nikon,Lenses,Used,112.19,USD,FIXED_PRICE,9,1600,good-cond;underpriced(med 250),JP,positive_star_camera,99.9,2026-08-20T14:32:18.000Z,,https://www.ebay.com/itm/407158761102?hash=item5ecc8da68e:g:ERgAAeSwGatqhxPc,https://i.ebayimg.com/images/g/ERgAAeSwGatqhxPc/s-l225.jpg
残件/按现状,73.0,Graflex XL Camera W/ 100mm F3.5 Carl Zeiss Tessar Lens Grip And Graflex 6x7,Graflex,Film Cameras,For parts or not working,270.0,USD,"FIXED_PRICE,BEST_OFFER",4,1600,grail:6x7,US,brayaespinoz15,100.0,2026-08-21T00:02:54.000Z,,https://www.ebay.com/itm/298605413770?hash=item458645058a:g:n1sAAeSw5rdqh49a,https://i.ebayimg.com/images/g/n1sAAeSw5rdqh49a/s-l225.jpg
残件/按现状,72.0,Minolta AF50 Big Finder 35mm Film Camera Silver with Case Vintage Untested,Minolta,Film Cameras,Used,25.37,USD,FIXED_PRICE,11,1168,as-is;underpriced(med 95),CA,discoduckz,100.0,2026-08-21T02:59:19.000Z,,https://www.ebay.com/itm/158211034085?hash=item24d61ccbe5:g:Y~sAAeSwj8Nqh76F,https://i.ebayimg.com/images/g/Y~sAAeSwj8Nqh76F/s-l225.jpg
残件/按现状,72.0,Pentax MZ-5n no battery-untested,Pentax,Film Cameras,Used,27.41,USD,FIXED_PRICE,6,1600,as-is;underpriced(med 150),CA,collector51423,100.0,2026-08-21T02:46:56.000Z,,https://www.ebay.com/itm/398309872840?hash=item5cbd1e54c8:g:Wl0AAeSwgwRqh7qj,https://i.ebayimg.com/images/g/Wl0AAeSwgwRqh7qj/s-l225.jpg
残件/按现状,72.0,Minolta Dynax 3000i | Black | Body Only | Vintage 35mm SLR Camera,Minolta,Film Cameras,For parts or not working,33.93,USD,FIXED_PRICE,10,1600,underpriced(med 96),IT,vintagebazarviareggio,98.7,2026-08-20T07:42:39.000Z,,https://www.ebay.com/itm/188821027123?hash=item2bf69c3933:g:SQEAAeSwu7ZqhrBy,https://i.ebayimg.com/images/g/SQEAAeSwu7ZqhrBy/s-l225.jpg
残件/按现状,72.0,Pentax Z-20 35mm whith 28-80 power zoom 70-200 power zoom - READ DESCRIPTION,Pentax,Film Cameras,Used,55.25,USD,"FIXED_PRICE,BEST_OFFER",18,1600,underpriced(med 150),UA,sesko.store,100.0,2026-08-20T12:33:06.000Z,,https://www.ebay.com/itm/137643117533?hash=item200c2b4bdd:g:gI4AAeSwy-ZqhvJm,https://i.ebayimg.com/images/g/gI4AAeSwy-ZqhvJm/s-l225.jpg
残件/按现状,72.0,Olympus XA 2 35mm Point & Shoot Film Camera w/ A11 Flash UNTESTED FOR PARTS,Olympus,Film Cameras,For parts or not working,80.0,USD,FIXED_PRICE,8,1599,grail:Olympus XA;as-is,US,2ndchanceresells,99.5,2026-08-21T02:42:12.000Z,,https://www.ebay.com/itm/227484863826?hash=item34f7278d52:g:egsAAeSwz0Jqh7pK,https://i.ebayimg.com/images/g/egsAAeSwz0Jqh7pK/s-l225.jpg
查无市价,72.0,[Near MINT] KONICA Big mini BM-301S Point & Shoot Compact Film Camera From JAPAN,Konica,Film Cameras,Used,169.99,USD,"FIXED_PRICE,BEST_OFFER",8,1600,grail:Big mini;good-cond,JP,himeji-japan-collection,99.4,2026-08-20T10:22:52.000Z,,https://www.ebay.com/itm/366617974499?hash=item555c2256e3:g:p5MAAeSwGflqhsyA,https://i.ebayimg.com/images/g/p5MAAeSwGflqhsyA/s-l225.jpg
无图,72.0,[Near MINT] Mamiya Sekor C 90mm F/3.8 Lens For RB67 Pro S SD w/ Caps From JAPAN,Mamiya,Lenses,Used,236.9,USD,FIXED_PRICE,0,0,grail:RB67;good-cond,JP,shogun-market,100.0,2026-08-20T15:08:16.000Z,,https://www.ebay.com/itm/318759380064?hash=item4a378a2460:i:318759380064,
型号不明,72.0,[N MINT+++] Pentax 645 Medium Format Camera Black Body 120 Film Back From JAPAN,Pentax,Film Cameras,Used,329.99,USD,FIXED_PRICE,14,1600,grail:645;good-cond,JP,shoyama_japan,100.0,2026-08-21T12:15:58.000Z,,https://www.ebay.com/itm/307139154388?hash=item4782eb91d4:g:HGMAAeSwieZqiEK1,https://i.ebayimg.com/images/g/HGMAAeSwieZqiEK1/s-l225.jpg
查无市价,72.0,[ MINT Boxed ] Rollei 35 Film Camera Tessar 40mm f3.5 + E15B Flash Japan #2667,Rollei,Film Cameras,Used,434.99,USD,FIXED_PRICE,19,1600,grail:Tessar;good-cond,JP,japan-collection-camera-take,100.0,2026-08-21T05:53:39.000Z,,https://www.ebay.com/itm/398310298625?hash=item5cbd24d401:g:FdIAAeSwrA1pqAMe,https://i.ebayimg.com/images/g/FdIAAeSwrA1pqAMe/s-l225.jpg
查无市价,72.0,[Near MINT] CONTAX RTS III Late Model S/N 0248xx 35mm SLR Film Camera Body JAPAN,Contax,Film Cameras,Used,538.99,USD,FIXED_PRICE,23,1487,grail:CONTAX RTS;good-cond,JP,aoicamera,100.0,2026-08-21T07:06:54.000Z,,https://www.ebay.com/itm/227485089387?hash=item34f72afe6b:g:2FkAAeSwzf9qh~iI,https://i.ebayimg.com/images/g/2FkAAeSwzf9qh~iI/s-l225.jpg
查无市价,72.0,[NEAR MINT] Zenza Bronica SQ-A Prism Finder 80mm F2.8 120 Film Back From JAPAN,Bronica,Film Cameras,Used,644.99,USD,FIXED_PRICE,12,1600,grail:Bronica SQ;good-cond,JP,ht-smile,100.0,2026-08-20T16:53:12.000Z,,https://www.ebay.com/itm/128036570620?hash=item1dcf9305fc:g:IKoAAeSw2lNpjcnG,https://i.ebayimg.com/images/g/IKoAAeSw2lNpjcnG/s-l225.jpg
查无市价,72.0,[ MINT in Box ] Zenza Bronica ETR Si 6x6.45 Medium Format Film Camera From JAPAN,Bronica,Film Cameras,Used,799.9,USD,FIXED_PRICE,12,1600,grail:Bronica ETR;good-cond,JP,rcamera.japan,100.0,2026-08-20T07:40:29.000Z,,https://www.ebay.com/itm/398306802982?hash=item5cbcef7d26:g:NUUAAeSwuTdqhq-t,https://i.ebayimg.com/images/g/NUUAAeSwuTdqhq-t/s-l225.jpg
查无市价,72.0,[Near MINT] LEICA R6.2 Silver 35mm Film SLR Camera Body from JAPAN,Leica,Film Cameras,Used,899.0,USD,"FIXED_PRICE,BEST_OFFER",8,1600,grail:LEICA R6;good-cond,JP,ninja_camera_japan25,100.0,2026-08-20T13:29:07.000Z,,https://www.ebay.com/itm/237019032233?hash=item372f6f6aa9:g:GPkAAeSwNXNqhsCq,https://i.ebayimg.com/images/g/GPkAAeSwNXNqhsCq/s-l225.jpg
图片过小,72.0,Meter Works 【Exc+5】 Rolleiflex Rollei 3.5F TLR Camera Planar 75mm f3.5 JAPAN,Rolleiflex,Film Cameras,Used,1099.99,USD,FIXED_PRICE,8,500,grail:Planar;good-cond,JP,amakasu_vintage_japan,100.0,2026-08-21T06:38:20.000Z,,https://www.ebay.com/itm/137646043086?hash=item200c57efce:g:D3oAAeSwYFlpOLP3,https://i.ebayimg.com/images/g/D3oAAeSwYFlpOLP3/s-l225.jpg
查无市价,72.0,[Top MINT] Zenza Bronica SQ-Ai Camera PS 80mm f2.8 Lens 120 Film Back From JAPAN,Bronica,Film Cameras,Used,1399.99,USD,FIXED_PRICE,22,1600,grail:Bronica SQ;good-cond,JP,shibainu_camera_japan,100.0,2026-08-20T15:21:38.000Z,,https://www.ebay.com/itm/398308018248?hash=item5cbd020848:g:utcAAeSww-Fqhx5Y,https://i.ebayimg.com/images/g/utcAAeSww-Fqhx5Y/s-l225.jpg
查无市价,72.0,CLA'd [MINT] Leica M4-2 M4 2 35mm Rangefinder Film Camera Black Body From JAPAN,Leica,Film Cameras,Used,1777.77,USD,FIXED_PRICE,21,1600,grail:Leica M4;good-cond,JP,honest-jpn,99.7,2026-08-21T02:25:08.000Z,,https://www.ebay.com/itm/377437283030?hash=item57e103e2d6:g:PccAAeSwptdqh7eD,https://i.ebayimg.com/images/g/PccAAeSwptdqh7eD/s-l225.jpg
查无市价,72.0,[Top MINT] Leica M4 Silver 35mm Rangefinder Film Camera Body From JAPAN,Leica,Film Cameras,Used,1849.99,USD,FIXED_PRICE,23,1600,grail:Leica M4;good-cond,JP,sugutamo_camera_japan,99.9,2026-08-21T00:27:19.000Z,,https://www.ebay.com/itm/188824449188?hash=item2bf6d070a4:g:SLgAAeSw2npqh5vi,https://i.ebayimg.com/images/g/SLgAAeSw2npqh5vi/s-l225.jpg
查无市价,72.0,[Earliest Model/A- Mint] Rollei 35 Germany Silver 690010 Tessar 40mm f/3.5 9813,Rollei,Film Cameras,Used,2039.99,USD,FIXED_PRICE,14,1600,grail:Tessar;good-cond,JP,japonicamera,98.0,2026-08-20T06:47:56.000Z,,https://www.ebay.com/itm/188820815323?hash=item2bf698fddb:g:FxsAAeSwcJ1qhqMT,https://i.ebayimg.com/images/g/FxsAAeSwcJ1qhqMT/s-l225.jpg
查无市价,72.0,Panda【TOP MINT in Box】 Leica M6 0.72 Non TTL Camera Black Silver JAPAN,Leica,Film Cameras,Used,3149.99,USD,FIXED_PRICE,12,1600,grail:Leica M6;good-cond,JP,ichiro-camera-japan,99.6,2026-08-21T06:40:56.000Z,,https://www.ebay.com/itm/237020710934?hash=item372f890816:g:eesAAeSwizZqa3AE,https://i.ebayimg.com/images/g/eesAAeSwizZqa3AE/s-l225.jpg
查无市价,72.0,[Top MINT in Box] Leica M6 0.85 TTL Silver Rangefinder Film Camera from JAPAN,Leica,Film Cameras,Used,3769.99,USD,FIXED_PRICE,23,1600,grail:Leica M6;good-cond,JP,nipponsamuraitrading,100.0,2026-08-20T11:58:53.000Z,,https://www.ebay.com/itm/188821927950?hash=item2bf6a9f80e:g:MegAAeSw02Jqhuz2,https://i.ebayimg.com/images/g/MegAAeSw02Jqhuz2/s-l225.jpg
查无市价,72.0,⏯️ 0.72 TTL Model [CLA'd TOP MINT] Leica M6 Black Rangefinder Film Camera JAPAN,Leica,Film Cameras,Used,4800.0,USD,"FIXED_PRICE,BEST_OFFER",19,1080,grail:Leica M6;good-cond,JP,tomooka_49,99.8,2026-08-21T00:21:35.000Z,,https://www.ebay.com/itm/158210654969?hash=item24d61702f9:g:IMwAAeSwx71qbSr4,https://i.ebayimg.com/images/g/IMwAAeSwx71qbSr4/s-l225.jpg
描述含糊,71.0,Misc 500mm f8 Mirror Lens Pentax K Mount #G462,Pentax,Lenses,Used,29.95,USD,"FIXED_PRICE,BEST_OFFER",5,1600,mount:pentax k;underpriced(med 173),US,robertscamera,99.8,2026-08-20T14:36:56.000Z,,https://www.ebay.com/itm/147517748381?hash=item2258be349d:g:6UsAAeSwjFZqhxEC,https://i.ebayimg.com/images/g/6UsAAeSwjFZqhxEC/s-l225.jpg
残件/按现状,71.0,Nikon AF Nikkor 24-120mm 1:35-5.6D Camera Lens - UNTESTED** Please Read**,Nikon,Lenses,For parts or not working,40.0,USD,FIXED_PRICE,5,1600,mount:nikon f;as-is;underpriced(med 250),US,isrinos86,100.0,2026-08-20T15:39:12.000Z,,https://www.ebay.com/itm/158209440247?hash=item24d60479f7:g:~pkAAeSwGflqhx9t,https://i.ebayimg.com/images/g/~pkAAeSwGflqhx9t/s-l225.jpg
型号不明,71.0,Canon FD 35-70 f/3.5-4.5 Zoom Lens w/ Caps & Box,Canon,Lenses,Used,44.0,USD,"FIXED_PRICE,BEST_OFFER",10,1600,mount:canon fd;underpriced(med 297),US,al_ex07,100.0,2026-08-20T20:10:39.000Z,,https://www.ebay.com/itm/257693364563?hash=item3bffb8b153:g:7gAAAeSwM2lqh14D,https://i.ebayimg.com/images/g/7gAAAeSwM2lqh14D/s-l225.jpg
残件/按现状,71.0,Yongnuo 35mm 1:2 Lens for Canon EF Mount - Untested,Canon,Lenses,For parts or not working,48.57,USD,FIXED_PRICE,7,1600,mount:canon ef;as-is;underpriced(med 297),US,vtgjunction,99.8,2026-08-20T12:37:02.000Z,,https://www.ebay.com/itm/298604114103?hash=item45863130b7:g:Uy8AAeSwmmZqhvTN,https://i.ebayimg.com/images/g/Uy8AAeSwmmZqhvTN/s-l225.jpg
残件/按现状;打包杂件,71.0,"Vintage Mamiya Sekor 500 DTL Camera with Lens, Case And Lenses Lot Untested",Mamiya,Vintage Cameras,,50.0,USD,FIXED_PRICE,14,1599,as-is,US,coco_created,100.0,2026-08-20T20:50:08.000Z,,https://www.ebay.com/itm/168628829037?hash=item27430fbb6d:g:kKEAAeSwYTBqfSq3,https://i.ebayimg.com/images/g/kKEAAeSwYTBqfSq3/s-l225.jpg
型号不明,71.0,tt artisan 50 2.0 fuji x mount,Fuji,Lenses,Open box,50.0,USD,FIXED_PRICE,1,1600,mount:fuji x;underpriced(med 199),US,juanra1208,100.0,2026-08-20T18:49:32.000Z,,https://www.ebay.com/itm/267762860562?hash=item3e57e90212:g:CSUAAeSwFfJqh0q1,https://i.ebayimg.com/images/g/CSUAAeSwFfJqh0q1/s-l225.jpg
残件/按现状,70.0,Vintage Minolta Hi-Matic AF2 Film Camera With Case Untested,Minolta,Vintage Cameras,,25.0,USD,"FIXED_PRICE,BEST_OFFER",11,1600,grail:Hi-Matic;as-is,US,thriftthrifties,100.0,2026-08-20T05:20:47.000Z,,https://www.ebay.com/itm/298603225371?hash=item458623a11b:g:G4AAAeSwJK9qho8p,https://i.ebayimg.com/images/g/G4AAAeSwJK9qho8p/s-l225.jpg
残件/按现状,70.0,Minolta XG7 35mm Camera MC ROKKOR-PF 1:1.7 55mm Lens Vintage Untested As-Is,Minolta,Film Cameras,Used,49.38,USD,"FIXED_PRICE,BEST_OFFER",5,1599,mount:minolta md;55mm;as-is,US,dennpl731,99.2,2026-08-21T01:12:09.000Z,,https://www.ebay.com/itm/366619415359?hash=item555c38533f:g:fMUAAeSwxKZqh6XM,https://i.ebayimg.com/images/g/fMUAAeSwxKZqh6XM/s-l225.jpg
残件/按现状,70.0,Pentax K1000 35mm SLR Film Camera with SMC Pentax-M 50mm f/2 Lens - Hong Kong,Pentax,Film Cameras,For parts or not working,99.95,USD,FIXED_PRICE,6,1536,grail:K1000;mount:pentax k,US,claymans_collectibles,100.0,2026-08-20T17:57:18.000Z,,https://www.ebay.com/itm/298604751338?hash=item45863ae9ea:g:YfMAAeSwe9Zqh0Jn,https://i.ebayimg.com/images/g/YfMAAeSwe9Zqh0Jn/s-l225.jpg
残件/按现状,70.0,【AS IS】 Carl Zeiss Distagon 50mm F4 T* w/cap&Filter VMount FromJapan #my1213,Zeiss,Lenses,For parts or not working,296.67,USD,FIXED_PRICE,4,1196,grail:Distagon;as-is,JP,somtom_9,99.3,2026-08-20T05:17:41.000Z,,https://www.ebay.com/itm/188820500852?hash=item2bf6943174:g:CksAAeSwyTVqho6r,https://i.ebayimg.com/images/g/CksAAeSwyTVqho6r/s-l225.jpg
残件/按现状,69.0,Nikon L35AF2 One Touch 35mm Film Camera f/2.8 Point & Shoot For Parts,Nikon,Film Cameras,Used,65.0,USD,"FIXED_PRICE,BEST_OFFER",19,1600,as-is;underpriced(med 260),US,bhbha8772.snredeqvy,99.3,2026-08-20T21:14:15.000Z,,https://www.ebay.com/itm/128036864234?hash=item1dcf9780ea:g:fC0AAeSw3DNqe66a,https://i.ebayimg.com/images/g/fC0AAeSw3DNqe66a/s-l225.jpg
打包杂件,69.0,"Vintage Canon EOS 700 35mm SLR Camera Bundle + Power Zoom Lens, Bag & Film!",Canon,Film Cameras,Used,65.0,USD,"FIXED_PRICE,BEST_OFFER",15,1600,underpriced(med 160),US,wonderdeals2016,99.8,2026-08-20T14:57:38.000Z,,https://www.ebay.com/itm/137643544479?hash=item200c31cf9f:g:6r4AAeSwwhdqfQ0T,https://i.ebayimg.com/images/g/6r4AAeSwwhdqfQ0T/s-l225.jpg
描述含糊,69.0,Canon Sure Shot 80 Tele 35mm Film Camera w/Battery Tested See Pics,Canon,Film Cameras,Used,69.95,USD,FIXED_PRICE,15,1268,underpriced(med 160),US,mrobert2ou,100.0,2026-08-21T09:37:09.000Z,,https://www.ebay.com/itm/307138893948?hash=item4782e7987c:g:nGYAAeSwuVhqh3yt,https://i.ebayimg.com/images/g/nGYAAeSwuVhqh3yt/s-l225.jpg
残件/按现状,69.0,Vintage Nikon EM 35mm Film Camera TESTED!!! READ DESCRIPTION!!!,Nikon,Film Cameras,Used,69.99,USD,FIXED_PRICE,7,1600,underpriced(med 260),US,goodwillomaha,99.8,2026-08-20T15:49:12.000Z,,https://www.ebay.com/itm/287536526486?hash=item42f2833496:g:IkwAAeSwxKZqhyVu,https://i.ebayimg.com/images/g/IkwAAeSwxKZqhyVu/s-l225.jpg
残件/按现状,69.0,Olympus μ mju zoom 115 deluxe point & shoot film camera,Olympus,Film Cameras,For parts or not working,76.94,USD,FIXED_PRICE,11,1600,grail:mju,IT,vintagebazarviareggio,98.7,2026-08-20T07:42:52.000Z,,https://www.ebay.com/itm/188821027551?hash=item2bf69c3adf:g:mb0AAeSwwS5qhrDt,https://i.ebayimg.com/images/g/mb0AAeSwwS5qhrDt/s-l225.jpg
型号不明,69.0,"Nikon NIKKOR 90th Anniversary Easy Wrapper, Size M",Nikon,Lenses,New,79.75,USD,FIXED_PRICE,5,1080,mount:nikon f;underpriced(med 250),JP,ein.japan,99.5,2026-08-20T08:04:20.000Z,,https://www.ebay.com/itm/237018478117?hash=item372f66f625:g:LaoAAeSwUxNqhrWB,https://i.ebayimg.com/images/g/LaoAAeSwUxNqhrWB/s-l225.jpg
查无市价,69.0,【EXC】 PENTAX ME FromJapan #my1391,Pentax,Film Cameras,Used,80.58,USD,FIXED_PRICE,4,0,good-cond,JP,somtom_9,99.3,2026-08-20T05:18:56.000Z,,https://www.ebay.com/itm/188820501845?hash=item2bf6943555:g:1GoAAeSwRqBqho8z,https://i.ebayimg.com/images/g/1GoAAeSwRqBqho8z/s-l225.jpg
查无市价,69.0,【EXC】 Canon FTb QL FromJapan #my1386,Canon,Film Cameras,Used,80.58,USD,FIXED_PRICE,4,0,good-cond,JP,somtom_9,99.3,2026-08-20T05:18:47.000Z,,https://www.ebay.com/itm/188820501746?hash=item2bf69434f2:g:yYkAAeSwzMRqho55,https://i.ebayimg.com/images/g/yYkAAeSwzMRqho55/s-l225.jpg
查无市价,69.0,【EXC】 Canon FTb QL FromJapan #my1385,Canon,Film Cameras,Used,80.58,USD,FIXED_PRICE,4,0,good-cond,JP,somtom_9,99.3,2026-08-20T05:18:45.000Z,,https://www.ebay.com/itm/188820501708?hash=item2bf69434cc:g:zmEAAeSwiCJqho8k,https://i.ebayimg.com/images/g/zmEAAeSwiCJqho8k/s-l225.jpg
查无市价,69.0,【EXC】 Canon FTb QL FromJapan #my1384,Canon,Film Cameras,Used,80.58,USD,FIXED_PRICE,4,0,good-cond,JP,somtom_9,99.3,2026-08-20T05:18:43.000Z,,https://www.ebay.com/itm/188820501693?hash=item2bf69434bd:g:6rMAAeSwzadqho8n,https://i.ebayimg.com/images/g/6rMAAeSwzadqho8n/s-l225.jpg
查无市价,69.0,【EXC】 PENTAX ME FromJapan #my1361,Pentax,Film Cameras,Used,80.58,USD,FIXED_PRICE,4,0,good-cond,JP,somtom_9,99.3,2026-08-20T05:17:57.000Z,,https://www.ebay.com/itm/188820501066?hash=item2bf694324a:g:BIQAAeSw3h9qho76,https://i.ebayimg.com/images/g/BIQAAeSw3h9qho76/s-l225.jpg
型号不明,69.0,"Carl Zeiss Rollei-Mutar 1.7x Teleconverter lens for Rollei 16, USA",Zeiss,Lenses,Used,83.81,USD,"FIXED_PRICE,BEST_OFFER",9,1600,underpriced(med 540),US,f-stop_shop,100.0,2026-08-20T11:35:30.000Z,,https://www.ebay.com/itm/298603994453?hash=item45862f5d55:g:c94AAeSwLGBp4UDT,https://i.ebayimg.com/images/g/c94AAeSwLGBp4UDT/s-l225.jpg
残件/按现状;打包杂件,69.0,Mixed Nikon AF digital PARTS ONLY NO RETURN D80 N80 DX AF-P 70-300 55-200 18-55,Nikon,Film Cameras,For parts or not working,85.85,USD,FIXED_PRICE,23,1600,as-is;underpriced(med 260),US,lukavakeli,99.9,2026-08-20T11:11:20.000Z,,https://www.ebay.com/itm/147517385253?hash=item2258b8aa25:g:a7cAAeSwX~Bpk10b,https://i.ebayimg.com/images/g/a7cAAeSwX~Bpk10b/s-l225.jpg
型号不明,69.0,Leica 13.5cm f4.5 Hektor M 1559347,Leica,Lenses,Used,91.0,USD,FIXED_PRICE,0,1600,underpriced(med 1171),US,camerawest,99.1,2026-08-20T20:10:49.000Z,,https://www.ebay.com/itm/267762933471?hash=item3e57ea1edf:g:-Z0AAeSwEjtqh19E,https://i.ebayimg.com/images/g/-Z0AAeSwEjtqh19E/s-l225.jpg
查无市价,69.0,【EXC】 PENTAX KM FromJapan #my1388,Pentax,Film Cameras,Used,97.65,USD,FIXED_PRICE,4,0,good-cond,JP,somtom_9,99.3,2026-08-20T05:18:51.000Z,,https://www.ebay.com/itm/188820501784?hash=item2bf6943518:g:-8EAAeSwKVhqho65,https://i.ebayimg.com/images/g/-8EAAeSwKVhqho65/s-l225.jpg
打包杂件,69.0,Nikon N55 35mm Film Camera W/ Sigma Hyperzoom 28-200mm Lens Bundle *READ*,Nikon,Film Cameras,Used,98.96,USD,FIXED_PRICE,11,1600,underpriced(med 260),US,sfg_sports,99.9,2026-08-21T06:33:19.000Z,,https://www.ebay.com/itm/820030102037?hash=itembeed9a5a15:g:3jAAAOSw7WNjDRMX,https://i.ebayimg.com/images/g/3jAAAOSw7WNjDRMX/s-l225.jpg
残件/按现状,69.0,Olympus OM-System H.Zuiko Auto-W 24mm F2.8 w/Filter [EX+/Read description] Japan,Olympus,Lenses,Used,99.0,USD,FIXED_PRICE,12,1600,mount:olympus om;underpriced(med 244),JP,japangoodones,100.0,2026-08-20T12:40:26.000Z,,https://www.ebay.com/itm/188822074423?hash=item2bf6ac3437:g:plgAAeSwu7ZqhqPo,https://i.ebayimg.com/images/g/plgAAeSwu7ZqhqPo/s-l225.jpg
查无市价,69.0,[Near MINT] Olympus Evolt E 420 Digital SLR Camera From JAPAN,Olympus,Film Cameras,Used,99.0,USD,FIXED_PRICE,23,0,good-cond,JP,forestjapan,100.0,2026-08-20T06:09:28.000Z,,https://www.ebay.com/itm/318757607247?hash=item4a376f174f:g:VIQAAeSwsDVqhpqX,https://i.ebayimg.com/images/g/VIQAAeSwsDVqhpqX/s-l225.jpg
型号不明,69.0,Leica 13.5cm f4.5 Hektor 824133,Leica,Lenses,Used,102.0,USD,FIXED_PRICE,0,1600,underpriced(med 1171),US,camerawest,99.1,2026-08-20T20:10:48.000Z,,https://www.ebay.com/itm/237019723490?hash=item372f79f6e2:g:k-YAAeSwHUpqh18T,https://i.ebayimg.com/images/g/k-YAAeSwHUpqh18T/s-l225.jpg
打包杂件,69.0,Nikon FG 35mm SLR Camera 28mm f2.8 Lens Vintage Disney Strap Canon Bag Bundle,Nikon,Film Cameras,Used,102.06,USD,"FIXED_PRICE,BEST_OFFER",9,1600,underpriced(med 260),US,circuit_closet,99.0,2026-08-21T09:28:03.000Z,,https://www.ebay.com/itm/336754118709?hash=item4e681c1035:g:kIcAAeSwFU1qDuUy,https://i.ebayimg.com/images/g/kIcAAeSwFU1qDuUy/s-l225.jpg
型号不明,69.0,FOTGA Canon FD Lens to Micro Four Thirds Mount Adapter,Canon,Lenses,Used,105.97,USD,"FIXED_PRICE,BEST_OFFER",2,1000,mount:canon fd;underpriced(med 297),JP,bears2636,99.3,2026-08-20T08:52:14.000Z,,https://www.ebay.com/itm/206505393868?hash=item3014ae3ecc:g:GSQAAeSwNhhqhsD4,https://i.ebayimg.com/images/g/GSQAAeSwNhhqhsD4/s-l225.jpg
型号不明,69.0,6A 'Clean' K&F Concept M42-FX M42 Mount Lens to FUJIFILM Mount Adapter for,Fujifilm,Lenses,Used,107.02,USD,"FIXED_PRICE,BEST_OFFER",5,1200,mount:m42;underpriced(med 450),JP,bears2636,99.3,2026-08-20T08:49:02.000Z,,https://www.ebay.com/itm/178425954067?hash=item298b03ff13:g:zgMAAeSwxB9qhsA1,https://i.ebayimg.com/images/g/zgMAAeSwxB9qhsA1/s-l225.jpg
型号不明,69.0,"6A ""VBeautiful"" Urth Lens Mount Adapter for Canon EF & EF-S Lenses to Fujifilm",Canon,Lenses,Used,110.17,USD,"FIXED_PRICE,BEST_OFFER",7,1200,mount:canon ef;underpriced(med 297),JP,bears2636,99.3,2026-08-20T08:49:02.000Z,,https://www.ebay.com/itm/178425954074?hash=item298b03ff1a:g:vEMAAeSw0yNqhsCx,https://i.ebayimg.com/images/g/vEMAAeSw0yNqhsCx/s-l225.jpg
残件/按现状,69.0,Nikon L35AF ISO 1000 35mm Compact Film Camera Not Working,Nikon,Film Cameras,For parts or not working,115.99,USD,"FIXED_PRICE,BEST_OFFER",7,1600,as-is;underpriced(med 260),US,pineywoodspicker,99.5,2026-08-21T01:18:47.000Z,,https://www.ebay.com/itm/278300200620?hash=item40cbfc0eac:g:Uf0AAeSwXCJqPGSr,https://i.ebayimg.com/images/g/Uf0AAeSwXCJqPGSr/s-l225.jpg
型号不明,69.0,1938 LEITZ 5CM F/2 SUMMAR COLLAPSIBLE M39 DOUBLE SLATS HAZY NEEDS CLA PRE-WAR,Leitz,Lenses,Used,259.0,USD,FIXED_PRICE,7,1130,mount:ltm/l39;underpriced(med 729),US,thephotosource,99.9,2026-08-20T20:48:47.000Z,,https://www.ebay.com/itm/336753189503?hash=item4e680de27f:g:B9MAAeSwiipqhj1W,https://i.ebayimg.com/images/g/B9MAAeSwiipqhj1W/s-l225.jpg
查无市价,68.0,Leica M3 DS Rangefinder Working Condition Good Shutter Bright Rangefinder 7333xx,Leica,Film Cameras,Used,0.0,USD,AUCTION,18,0,grail:Leica M3;auction,US,bot.inc,100.0,2026-08-21T03:20:20.000Z,2026-08-31T03:20:20.000Z,https://www.ebay.com/itm/377437399435?hash=item57e105a98b:g:tiUAAeSwGEZqh8EQ,https://i.ebayimg.com/images/g/tiUAAeSwGEZqh8EQ/s-l225.jpg
残件/按现状,68.0,Leica M3 Black custom painted Rangefinder camera in Good Cond....N/R (Read),Leica,Film Cameras,For parts or not working,0.0,USD,AUCTION,18,1234,grail:Leica M3;auction,US,rh-business,100.0,2026-08-21T01:16:17.000Z,2026-08-28T01:16:17.000Z,https://www.ebay.com/itm/278300445770?hash=item40cbffcc4a:g:4ZUAAeSw7F9qh6gN,https://i.ebayimg.com/images/g/4ZUAAeSw7F9qh6gN/s-l225.jpg
残件/按现状,68.0,"Vintage ZENIT-11 Zenith USSR Soviet SLR M42 Film Camera, Collectible Camera 1983",Zenit,Vintage Cameras,For parts or not working,42.41,USD,"FIXED_PRICE,BEST_OFFER",11,1600,mount:m42;underpriced(med 109),AU,vintagevibes_and_joy,100.0,2026-08-21T10:49:46.000Z,,https://www.ebay.com/itm/178429682498?hash=item298b3ce342:g:E7IAAeSwwXdptTyJ,https://i.ebayimg.com/images/g/E7IAAeSwwXdptTyJ/s-l225.jpg
残件/按现状,68.0,AS IS Pentax MX Black 35mm SLR Film Camera Body From JAPAN,Pentax,Film Cameras,Used,99.0,USD,"FIXED_PRICE,BEST_OFFER",13,1600,grail:Pentax MX;as-is,JP,best-film-camera,99.9,2026-08-20T09:40:54.000Z,,https://www.ebay.com/itm/137642652990?hash=item200c24353e:g:lqQAAeSw5RdqhmQ2,https://i.ebayimg.com/images/g/lqQAAeSw5RdqhmQ2/s-l225.jpg
残件/按现状,68.0,Olympus OLYMPUS mju ZOOM PANORAMA as is,Olympus,Film Cameras,Used,107.25,USD,FIXED_PRICE,9,1080,grail:mju;as-is,JP,nknk_98,100.0,2026-08-21T00:15:29.000Z,,https://www.ebay.com/itm/318761091460?hash=item4a37a44184:g:NfQAAeSwRqBqh5kd,https://i.ebayimg.com/images/g/NfQAAeSwRqBqh5kd/s-l225.jpg
残件/按现状,68.0,【AS IS】 KONICA BiG mini BM-201 35mm F3.5 FromJapan #my1346,Konica,Film Cameras,For parts or not working,114.07,USD,FIXED_PRICE,4,1196,grail:BiG mini;as-is,JP,somtom_9,99.3,2026-08-21T08:54:51.000Z,,https://www.ebay.com/itm/188826205291?hash=item2bf6eb3c6b:g:RSsAAeSwVppqiBLe,https://i.ebayimg.com/images/g/RSsAAeSwVppqiBLe/s-l225.jpg
残件/按现状,68.0,Canon AE-1 35mm SLR Film Camera Body Only Silver Tested Working,Canon,Film Cameras,For parts or not working,118.16,USD,"FIXED_PRICE,BEST_OFFER",9,1200,grail:AE-1,JP,yama-4448,100.0,2026-08-20T11:52:26.000Z,,https://www.ebay.com/itm/318758766856?hash=item4a3780c908:g:IEwAAeSwGatqhuuu,https://i.ebayimg.com/images/g/IEwAAeSwGatqhuuu/s-l225.jpg
残件/按现状,68.0,【AS IS】 Olympus μ mju ZOOM 105 38-105mm FromJapan #my1300,Olympus,Film Cameras,For parts or not working,120.62,USD,FIXED_PRICE,4,1196,grail:mju;as-is,JP,somtom_9,99.3,2026-08-21T08:53:24.000Z,,https://www.ebay.com/itm/188826203667?hash=item2bf6eb3613:g:Cv0AAeSwxB9qiBM3,https://i.ebayimg.com/images/g/Cv0AAeSwxB9qiBM3/s-l225.jpg
残件/按现状,68.0,【AS IS】 Olympus μ mju ZOOM 115 38-115mm FromJapan #my1357,Olympus,Film Cameras,For parts or not working,123.19,USD,FIXED_PRICE,4,1196,grail:mju;as-is,JP,somtom_9,99.3,2026-08-20T05:17:49.000Z,,https://www.ebay.com/itm/188820500931?hash=item2bf69431c3:g:50sAAeSwxFVqho7t,https://i.ebayimg.com/images/g/50sAAeSwxFVqho7t/s-l225.jpg
残件/按现状,68.0,【AS IS】 Konica BIG mini BM-301 35mm F3.5 FromJapan #my1350,Konica,Film Cameras,For parts or not working,123.59,USD,FIXED_PRICE,4,1196,grail:BIG mini;as-is,JP,somtom_9,99.3,2026-08-21T08:55:00.000Z,,https://www.ebay.com/itm/188826205431?hash=item2bf6eb3cf7:g:6WMAAeSwWg9qiBNa,https://i.ebayimg.com/images/g/6WMAAeSwWg9qiBNa/s-l225.jpg
残件/按现状,68.0,OLYMPUS XA Rangefinder Camera with A11 Electronic Flash Faulty Focus Lever,Olympus,Film Cameras,Used,139.0,USD,"FIXED_PRICE,BEST_OFFER",9,1200,grail:OLYMPUS XA,JP,insofarop-40,98.9,2026-08-20T19:23:04.000Z,,https://www.ebay.com/itm/307137814159?hash=item4782d71e8f:g:MjUAAeSwvW9qh1TV,https://i.ebayimg.com/images/g/MjUAAeSwvW9qh1TV/s-l225.jpg
残件/按现状;打包杂件,68.0,Vintage Canon AE-1 35mm Film Camera Bundle w/ Long Lens Flash Book UNTESTED,Canon,Film Cameras,For parts or not working,139.99,USD,"FIXED_PRICE,AUCTION",23,1108,grail:AE-1;as-is;auction,US,likemotherlikedaughter2016,100.0,2026-08-20T23:03:51.000Z,2026-08-30T23:03:51.000Z,https://www.ebay.com/itm/227484681524?hash=item34f724c534:g:7hUAAeSwBCJqf8bo,https://i.ebayimg.com/images/g/7hUAAeSwBCJqf8bo/s-l225.jpg
残件/按现状,68.0,Olympus XA F.Zuiko 35mm f/2.8 Rangefinder Film Camera + A11 Flash Untested JAPAN,Olympus,Film Cameras,Used,179.99,USD,"FIXED_PRICE,BEST_OFFER",7,1080,grail:Olympus XA;mount:olympus om;as-is,JP,hokuyou_japan_store,100.0,2026-08-21T11:19:36.000Z,,https://www.ebay.com/itm/147519640259?hash=item2258db12c3:g:TYgAAeSwy-ZqiC6g,https://i.ebayimg.com/images/g/TYgAAeSwy-ZqiC6g/s-l225.jpg
图片过小,68.0,【】Contax Carl Zeiss Sonnar T* 90mm f/2.8 Lens Contax Lens EF-TN-JP2552,Contax,Lenses,Used,244.93,USD,"FIXED_PRICE,BEST_OFFER",9,600,grail:Sonnar;mount:canon ef,JP,bears2636,99.3,2026-08-20T08:49:34.000Z,,https://www.ebay.com/itm/206505375651?hash=item3014adf7a3:g:JEAAAeSw0DZqhsCW,https://i.ebayimg.com/images/g/JEAAAeSw0DZqhsCW/s-l225.jpg
打包杂件,68.0,Pentax Spotmatic SP II 35mm Film Camera & Lens Bundle. ✅ Tested & MINT Condition,Pentax,Film Cameras,Used,250.0,USD,"FIXED_PRICE,BEST_OFFER",14,1600,grail:Spotmatic;good-cond,US,ccfilms,100.0,2026-08-20T18:37:49.000Z,,https://www.ebay.com/itm/336753050201?hash=item4e680bc259:g:pTcAAeSwHQBqh0f2,https://i.ebayimg.com/images/g/pTcAAeSwHQBqh0f2/s-l225.jpg
残件/按现状,68.0,[As-is] Nikon F2 Photomic SLR NIKKOR-S Auto 50mm f1.4 Lens = From JAPAN,Nikon,Film Cameras,Used,281.0,USD,"FIXED_PRICE,BEST_OFFER",17,1600,grail:Nikon F2;mount:nikon f;as-is,JP,altmart3.0,100.0,2026-08-21T08:49:34.000Z,,https://www.ebay.com/itm/227485182464?hash=item34f72c6a00:g:qJAAAeSwHrZqiBCt,https://i.ebayimg.com/images/g/qJAAAeSwHrZqiBCt/s-l225.jpg
残件/按现状,68.0,[As-is] Nikon FM2 Black 35mm SLR Film Camera NIKKOR 35-105mm Lens = From JAPAN,Nikon,Film Cameras,Used,346.0,USD,"FIXED_PRICE,BEST_OFFER",19,1600,grail:FM2;mount:nikon f;as-is,JP,altmart3.0,100.0,2026-08-21T08:39:09.000Z,,https://www.ebay.com/itm/227485174640?hash=item34f72c4b70:g:r3UAAeSwHO1qiA5w,https://i.ebayimg.com/images/g/r3UAAeSwHO1qiA5w/s-l225.jpg
查无市价,68.0,Voigtlander NOKTON 25mm F/0.95 (for Micro Four Thirds mount) #305,Voigtlander,Lenses,Very Good - Refurbished,354.0,USD,FIXED_PRICE,23,700,grail:NOKTON;mount:micro 4/3,JP,mapcamera,100.0,2026-08-20T07:20:43.000Z,,https://www.ebay.com/itm/327318974420?hash=item4c35bb2fd4:g:iD8AAeSwRHNqhqq~,https://i.ebayimg.com/images/g/iD8AAeSwRHNqhqq~/s-l225.jpg
残件/按现状,68.0,Zeiss Ikon Contax IIa Color Dial Film Camera Opton Sonnar 50mm F/1.5 UNTESTED,Zeiss,Film Cameras,Used,365.0,USD,FIXED_PRICE,10,1600,grail:Sonnar;as-is,US,shib9171,100.0,2026-08-20T18:03:30.000Z,,https://www.ebay.com/itm/188823174260?hash=item2bf6bcfc74:g:W0oAAeSw-8lqh0Ek,https://i.ebayimg.com/images/g/W0oAAeSw-8lqh0Ek/s-l225.jpg
查无市价,68.0,Voigtlander NOKTON 17.5mm F/0.95 (for Micro Four Thirds mount) #302,Voigtlander,Lenses,Good - Refurbished,368.0,USD,FIXED_PRICE,23,700,grail:NOKTON;mount:micro 4/3,JP,mapcamera,100.0,2026-08-20T07:38:23.000Z,,https://www.ebay.com/itm/377434661443?hash=item57e0dbe243:g:yFgAAeSwWihqhq7j,https://i.ebayimg.com/images/g/yFgAAeSwWihqhq7j/s-l225.jpg
查无市价,68.0,CLEAN/WORKING CONTAX III RANGEFINDER 35mm CAMERA w/SONNAR 50mm f2 LENS & BOOKS,Contax,Vintage Cameras,,395.0,USD,"FIXED_PRICE,BEST_OFFER",7,640,grail:SONNAR,US,abc_collectiblesl,99.6,2026-08-20T19:50:38.000Z,,https://www.ebay.com/itm/398308818667?hash=item5cbd0e3eeb:g:m64AAeSwGatqh1YY,https://i.ebayimg.com/images/g/m64AAeSwGatqh1YY/s-l225.jpg
查无市价,68.0,Leica M4 Black Paint Rangefinder Camera Original Black Paint Body [Exc++] #11776,Leica,Film Cameras,Used,8909.4,USD,FIXED_PRICE,17,1600,grail:Leica M4;good-cond,JP,flagshipcamera,99.8,2026-08-21T01:09:23.000Z,,https://www.ebay.com/itm/307138288386?hash=item4782de5b02:g:9T0AAeSwg9dqRxFq,https://i.ebayimg.com/images/g/9T0AAeSwg9dqRxFq/s-l225.jpg
残件/按现状,67.0,"Zeiss Ikon Ikoflex 1 (850/16), c-1938, ""AS IS""",Zeiss,Vintage Cameras,,54.35,USD,"FIXED_PRICE,AUCTION",9,1066,as-is;auction,US,redfoto,100.0,2026-08-20T19:30:01.000Z,2026-08-27T19:30:01.000Z,https://www.ebay.com/itm/117370339318?hash=item1b53d13ff6:g:mQMAAeSwvqJqXN72,https://i.ebayimg.com/images/g/mQMAAeSwvqJqXN72/s-l225.jpg
残件/按现状,67.0,CANON AE-1 35MM SLR FILM CAMERA FD 50MM 1:1.8 LENS + IMAGE CB-21 FLASH,Canon,Film Cameras,For parts or not working,115.84,USD,FIXED_PRICE,13,1434,grail:AE-1;mount:canon fd,CA,bestsellersbookstore,99.9,2026-08-21T01:42:13.000Z,,https://www.ebay.com/itm/800542754057?hash=itemba64110509:g:XE8AAeSwvPRqBRTJ,https://i.ebayimg.com/images/g/XE8AAeSwvPRqBRTJ/s-l225.jpg
残件/按现状,67.0,Canon Canonet QL17 Film Camera 40mm F1.7 Silver Body Junk As-Is For Repair,Canon,Film Cameras,Used,180.0,USD,"FIXED_PRICE,BEST_OFFER",5,1080,grail:Canonet;as-is,JP,kaori_okumoto,100.0,2026-08-20T05:53:40.000Z,,https://www.ebay.com/itm/237018282854?hash=item372f63fb66:g:rDkAAeSw9XJqhpXy,https://i.ebayimg.com/images/g/rDkAAeSw9XJqhpXy/s-l225.jpg
型号不明,67.0,Leica Summarit 5cm F1.5 Ernst Leitz GmbH Wetzlar Lenses Tested [Read Cond],Leica,Lenses,Used,400.0,USD,"FIXED_PRICE,BEST_OFFER",9,1200,underpriced(med 1171),JP,re-camera,99.8,2026-08-20T14:41:29.000Z,,https://www.ebay.com/itm/336752750243?hash=item4e68072ea3:g:LCoAAeSwEjtqhxWt,https://i.ebayimg.com/images/g/LCoAAeSwEjtqhxWt/s-l225.jpg
残件/按现状,66.0,Pentax Z-20 35mm whith 28-80 power zoom 70-200 power zoom - READ DESCRIPTION,Pentax,Film Cameras,Used,65.0,USD,"FIXED_PRICE,BEST_OFFER",14,1599,underpriced(med 151),UA,sesko.store,100.0,2026-08-20T12:38:37.000Z,,https://www.ebay.com/itm/137643123931?hash=item200c2b64db:g:SnAAAeSw0zlqhvQm,https://i.ebayimg.com/images/g/SnAAAeSw0zlqhvQm/s-l225.jpg
残件/按现状,66.0,"Canon AF35M 35mm Point & Shoot Film Camera, Auto Focus, Flash, Black UNTESTED",Canon,Film Cameras,For parts or not working,71.25,USD,"FIXED_PRICE,BEST_OFFER",15,1600,as-is;underpriced(med 160),AU,glitterthreadsau,100.0,2026-08-20T10:27:21.000Z,,https://www.ebay.com/itm/398307241263?hash=item5cbcf62d2f:g:u9QAAeSwAY9qZBls,https://i.ebayimg.com/images/g/u9QAAeSwAY9qZBls/s-l225.jpg
查无市价,66.0,Mamiya Sekor Zoom 105-210mm f/4.5 ULD C for Mamiya 645,Mamiya,Lenses,Used,159.99,USD,FIXED_PRICE,1,0,grail:645,US,paymore_south_rainbow,98.7,2026-08-20T12:39:23.000Z,,https://www.ebay.com/itm/287536265802?hash=item42f27f3a4a:g:bb8AAeSwVf1qht80,https://i.ebayimg.com/images/g/bb8AAeSwVf1qht80/s-l225.jpg
型号不明,66.0,Leica Summicron 5cm F2 Collapsible Silver Leica M Lenses Tested [Read Cond],Leica,Lenses,Used,600.0,USD,"FIXED_PRICE,BEST_OFFER",11,1200,grail:Summicron;mount:leica m,JP,re-camera,99.8,2026-08-20T14:41:29.000Z,,https://www.ebay.com/itm/327319416058?hash=item4c35c1ecfa:g:MW8AAeSwJ9tqhxWw,https://i.ebayimg.com/images/g/MW8AAeSwJ9tqhxWw/s-l225.jpg
型号不明,66.0,Leica L39 mount lens Leitz Elmar 5cm f3.5 [Used],Leica,Lenses,Used,629.13,USD,"FIXED_PRICE,BEST_OFFER",7,800,grail:Elmar;mount:ltm/l39,JP,bears2636,99.3,2026-08-20T09:56:51.000Z,,https://www.ebay.com/itm/178426134207?hash=item298b06bebf:g:3fIAAeSwehZqhtC8,https://i.ebayimg.com/images/g/3fIAAeSwehZqhtC8/s-l225.jpg
打包杂件,65.0,Lot Minolta Maxxum Accessories: AF Zoom 28-85mm f/3.5-4.5 Lens & 2800 AF Flash,Minolta,Lenses,Used,29.95,USD,FIXED_PRICE,20,1600,underpriced(med 130),US,treasuredepot,100.0,2026-08-20T18:47:20.000Z,,https://www.ebay.com/itm/198584931701?hash=item2e3c959575:g:CDoAAeSwgW9qh0tT,https://i.ebayimg.com/images/g/CDoAAeSwgW9qh0tT/s-l225.jpg
型号不明,65.0,Canon TC-DC52 2.4x Tele Converter w/Caps - LN,Canon,Lenses,Used,39.95,USD,"FIXED_PRICE,BEST_OFFER",6,1600,underpriced(med 297),US,dmin-99,99.0,2026-08-20T11:48:41.000Z,,https://www.ebay.com/itm/336752494697?hash=item4e68034869:g:FhwAAeSwL3Vqhugp,https://i.ebayimg.com/images/g/FhwAAeSwL3Vqhugp/s-l225.jpg
残件/按现状,65.0,Vintage Sony Mavica MVC-C1 Still Video Camera Untested Parts Only No Battery,Sony,Vintage Cameras,,44.88,USD,FIXED_PRICE,7,1600,as-is;underpriced(med 120),US,dakrazi,99.8,2026-08-21T06:39:39.000Z,,https://www.ebay.com/itm/188825699886?hash=item2bf6e3862e:g:MDUAAeSwmmZqh~Jz,https://i.ebayimg.com/images/g/MDUAAeSwmmZqh~Jz/s-l225.jpg
残件/按现状,65.0,4 Nikon AF mt lenses NOT WORKING NO RETURN 28-105mm D 35-70 Sigma 75-300 70-210,Nikon,Lenses,For parts or not working,48.85,USD,FIXED_PRICE,18,1600,as-is;underpriced(med 250),US,lukavakeli,99.9,2026-08-20T11:07:59.000Z,,https://www.ebay.com/itm/147517369925?hash=item2258b86e45:g:ekUAAOSw62ZoTXcx,https://i.ebayimg.com/images/g/ekUAAOSw62ZoTXcx/s-l225.jpg
型号不明,65.0,KENKO N-AF 1.5X TELEPLUS MC DG Teleconverter for F-mount NIKON,Nikon,Lenses,Used,50.0,USD,FIXED_PRICE,5,1599,underpriced(med 250),US,$rudy$,99.8,2026-08-20T19:32:46.000Z,,https://www.ebay.com/itm/298604939813?hash=item45863dca25:g:P74AAeSwSGdqh1YS,https://i.ebayimg.com/images/g/P74AAeSwSGdqh1YS/s-l225.jpg
型号不明,65.0,For LEICA M-Mount Bodies Heinz Kilfitt Munchen Kilarflex Reflex Housing,Leica,Vintage Lenses,,55.0,USD,"FIXED_PRICE,BEST_OFFER",12,1600,mount:leica m,US,micvarg38,99.5,2026-08-20T11:12:13.000Z,,https://www.ebay.com/itm/307136983556?hash=item4782ca7204:g:zaEAAeSwLTtp0Vh2,https://i.ebayimg.com/images/g/zaEAAeSwLTtp0Vh2/s-l225.jpg
残件/按现状,65.0,【AS IS】 YASHICA Yashicaflex COPAL 80mm F3.5 LensCap FromJapan #yk10032,Yashica,Film Cameras,For parts or not working,58.78,USD,FIXED_PRICE,4,1196,as-is,JP,somtom_9,99.3,2026-08-21T08:55:37.000Z,,https://www.ebay.com/itm/188826206128?hash=item2bf6eb3fb0:g:oEsAAeSwvEZqiBLL,https://i.ebayimg.com/images/g/oEsAAeSwvEZqiBLL/s-l225.jpg
残件/按现状,65.0,【AS IS】 FUJIFILM CARDIA mini EVERY DAY OP 28mm FromJapan #my1343,Fujifilm,Film Cameras,For parts or not working,58.78,USD,FIXED_PRICE,4,1196,as-is,JP,somtom_9,99.3,2026-08-21T08:54:46.000Z,,https://www.ebay.com/itm/188826205193?hash=item2bf6eb3c09:g:ieMAAeSwXeFqiBLU,https://i.ebayimg.com/images/g/ieMAAeSwXeFqiBLU/s-l225.jpg
残件/按现状,65.0,【AS IS】 FUJIFILM Epion 10 FromJapan #my1373,Fujifilm,Film Cameras,For parts or not working,58.86,USD,FIXED_PRICE,4,1196,as-is,JP,somtom_9,99.3,2026-08-20T05:18:24.000Z,,https://www.ebay.com/itm/188820501449?hash=item2bf69433c9:g:IWwAAeSw-dlqho8T,https://i.ebayimg.com/images/g/IWwAAeSw-dlqho8T/s-l225.jpg
残件/按现状,65.0,【AS IS】 SIGMA 70-300mm F4-5.6 DL MACRO w/cap For EF FromJapan #my1196,Sigma,Lenses,For parts or not working,58.86,USD,FIXED_PRICE,4,1196,mount:canon ef;as-is;underpriced(med 348),JP,somtom_9,99.3,2026-08-20T05:17:37.000Z,,https://www.ebay.com/itm/188820500814?hash=item2bf694314e:g:GV8AAeSwQUJqho6t,https://i.ebayimg.com/images/g/GV8AAeSwQUJqho6t/s-l225.jpg
残件/按现状,65.0,【AS IS】 SIGMA SUPER-WIDE II 24mm F2.8 MULTI-COATED For EF FromJapan #am9578,Sigma,Lenses,For parts or not working,58.86,USD,FIXED_PRICE,4,1196,mount:canon ef;as-is;underpriced(med 348),JP,somtom_9,99.3,2026-08-20T05:16:47.000Z,,https://www.ebay.com/itm/188820499954?hash=item2bf6942df2:g:QR8AAeSwzf9qho6D,https://i.ebayimg.com/images/g/QR8AAeSwzf9qho6D/s-l225.jpg
型号不明,65.0,Nikon Nikkor 200m f/4 Ai-S Manual Focus Prime Lens w/ Caps,Nikon,Lenses,Used,79.99,USD,FIXED_PRICE,11,1600,mount:nikon f;underpriced(med 250),US,nycamprince,99.8,2026-08-20T19:44:50.000Z,,https://www.ebay.com/itm/128036760329?hash=item1dcf95eb09:g:W60AAeSwHrZqh1jv,https://i.ebayimg.com/images/g/W60AAeSwHrZqh1jv/s-l225.jpg
残件/按现状,65.0,Graflex 2x3 Century Graphic Press Camera with 103mm f/4.5 Lens,Graflex,Film Cameras,For parts or not working,120.0,USD,"FIXED_PRICE,BEST_OFFER",9,1599,,US,brayaespinoz15,100.0,2026-08-21T00:19:06.000Z,,https://www.ebay.com/itm/298605457026?hash=item458645ae82:g:VREAAeSw8rhqh5j1,https://i.ebayimg.com/images/g/VREAAeSw8rhqh5j1/s-l225.jpg
残件/按现状;型号不明,65.0,NIKKOR,Nikkor,Lenses,For parts or not working,120.0,USD,"FIXED_PRICE,BEST_OFFER",3,1600,mount:nikon f;underpriced(med 272),US,bestarkma0,100.0,2026-08-20T15:36:49.000Z,,https://www.ebay.com/itm/298604477418?hash=item458636bbea:g:2yMAAeSwk7Fqhxyg,https://i.ebayimg.com/images/g/2yMAAeSwk7Fqhxyg/s-l225.jpg
查无市价,65.0,"4x5 Auto Graflex with 5x7 Tessar, film holder, pack film adapter",Graflex,Vintage Cameras,,332.85,USD,"FIXED_PRICE,BEST_OFFER",19,961,grail:Tessar,CA,photographer,100.0,2026-08-20T19:19:24.000Z,,https://www.ebay.com/itm/188823437942?hash=item2bf6c10276:g:L1oAAeSw5M9pg8sI,https://i.ebayimg.com/images/g/L1oAAeSw5M9pg8sI/s-l225.jpg
型号不明,64.0,RARE Early Leica Summicron 5cm 1:2 Screw Mount Lens THORIUM Radioactive,Leica,Lenses,Used,0.0,USD,AUCTION,7,1600,grail:Summicron;mount:ltm/l39;auction,US,redsoxwinitall,100.0,2026-08-20T11:28:18.000Z,2026-08-25T11:28:18.000Z,https://www.ebay.com/itm/206505771001?hash=item3014b3fff9:g:CjMAAeSwiiFqf1sS,https://i.ebayimg.com/images/g/CjMAAeSwiiFqf1sS/s-l225.jpg
型号不明,64.0,"Vivitar 3X Tele Converter for Canon FD Mount – Clean Optics, Includes Case",Vivitar,Vintage Lenses,,25.35,USD,"FIXED_PRICE,BEST_OFFER",5,1600,mount:canon fd;underpriced(med 221),CA,viewfinder_vault,100.0,2026-08-20T07:31:31.000Z,,https://www.ebay.com/itm/188821007324?hash=item2bf69bebdc:g:OZoAAeSw9SVqhq0l,https://i.ebayimg.com/images/g/OZoAAeSw9SVqhq0l/s-l225.jpg
残件/按现状,64.0,Minolta XG2 Camera w/ MD Rokkor 50mm 1:1.4 Manual Focus Prime Lens Paramount VTG,Minolta,Film Cameras,For parts or not working,59.99,USD,"FIXED_PRICE,BEST_OFFER",9,1600,mount:minolta md,CA,nutsonormal,100.0,2026-08-20T12:20:08.000Z,,https://www.ebay.com/itm/147517499697?hash=item2258ba6931:g:jq4AAOSwUN1jxcO2,https://i.ebayimg.com/images/g/jq4AAOSwUN1jxcO2/s-l225.jpg
残件/按现状,64.0,Minolta Hi-Matic AF2 35mm Film Camera Flash Works - Read Description,Minolta,Film Cameras,For parts or not working,64.99,USD,"FIXED_PRICE,BEST_OFFER",7,1600,grail:Hi-Matic,US,bankers_bargains,99.9,2026-08-21T11:26:34.000Z,,https://www.ebay.com/itm/257694658733?hash=item3bffcc70ad:g:HpoAAeSwLQ5qNEV~,https://i.ebayimg.com/images/g/HpoAAeSwLQ5qNEV~/s-l225.jpg
残件/按现状,64.0,MINOLTA SRT100 35mm film Camera 2 Lens Case Flash Filters Manuals for parts,Minolta,Film Cameras,Used,66.49,USD,"FIXED_PRICE,BEST_OFFER",21,1365,grail:SRT100;as-is,US,tamara_segall,99.8,2026-08-20T16:52:13.000Z,,https://www.ebay.com/itm/117370149444?hash=item1b53ce5a44:g:RdYAAeSwnN9qa8EB,https://i.ebayimg.com/images/g/RdYAAeSwnN9qa8EB/s-l225.jpg
残件/按现状,64.0,Minolta Hi-Matic 7S 35mm Camera w/ Leather Case,Minolta,Film Cameras,For parts or not working,67.49,USD,FIXED_PRICE,10,1600,grail:Hi-Matic,US,buytodayshipnextday,100.0,2026-08-20T16:07:38.000Z,,https://www.ebay.com/itm/178427005869?hash=item298b140bad:g:gGwAAeSwz0Jqhycs,https://i.ebayimg.com/images/g/gGwAAeSwz0Jqhycs/s-l225.jpg
残件/按现状;打包杂件,64.0,Minolta X-700 MPS Camera Bundle UNTESTED,Minolta,Film Cameras,Used,75.0,USD,FIXED_PRICE,17,1599,grail:X-700;as-is,US,hawthorneheaven,99.7,2026-08-20T10:08:20.000Z,,https://www.ebay.com/itm/366617950107?hash=item555c21f79b:g:rDIAAeSwYtNqg1zk,https://i.ebayimg.com/images/g/rDIAAeSwYtNqg1zk/s-l225.jpg
残件/按现状,64.0,Vintage Asahi Pentax K1000 Film Camera w/Filter TESTED!!! READ DESCRIPTION!!!,Asahi,Film Cameras,Used,101.24,USD,FIXED_PRICE,10,1600,grail:K1000,US,goodwillomaha,99.8,2026-08-21T10:11:59.000Z,,https://www.ebay.com/itm/287537958095?hash=item42f2990ccf:g:~7wAAeSwSApqc4FO,https://i.ebayimg.com/images/g/~7wAAeSwSApqc4FO/s-l225.jpg
残件/按现状,64.0,Pentax K1000 w/ Pentax-M 50 mm 1:2 and extras (Read Description!),Pentax,Film Cameras,Used,150.0,USD,"FIXED_PRICE,BEST_OFFER",9,1600,grail:K1000,US,3r1k123,100.0,2026-08-20T05:25:46.000Z,,https://www.ebay.com/itm/147516816030?hash=item2258affa9e:g:6dUAAeSwja9qhotq,https://i.ebayimg.com/images/g/6dUAAeSwja9qhotq/s-l225.jpg
打包杂件,64.0,Olympus OM-2 Black Film Camera F.Zuiko Auto S 50mm F/1.8 Bundle!,Olympus,Film Cameras,Used,155.0,USD,"FIXED_PRICE,BEST_OFFER",9,1600,grail:OM-2;mount:olympus om,US,sobendo,100.0,2026-08-21T11:24:04.000Z,,https://www.ebay.com/itm/117371500471?hash=item1b53e2f7b7:g:6y0AAeSw0wpph9PV,https://i.ebayimg.com/images/g/6y0AAeSw0wpph9PV/s-l225.jpg
打包杂件,64.0,Olympus OM-1 SLR Film Camera Black Body w/ Zuiko 50mm f1.4 Lens Vivitar Zoom Lot,Olympus,Film Cameras,Used,218.55,USD,"FIXED_PRICE,BEST_OFFER",15,1599,grail:OM-1;mount:olympus om,US,minutemenpress,100.0,2026-08-21T00:12:42.000Z,,https://www.ebay.com/itm/336753384330?hash=item4e6810db8a:g:glEAAeSwiipqhylZ,https://i.ebayimg.com/images/g/glEAAeSwiipqhylZ/s-l225.jpg
残件/按现状,64.0,Canon A-1 35mm SLR Camera & Rare FD 17mm f/4 Ultra Wide Lens - TIMER STUCK/AS-IS,Canon,Film Cameras,Used,264.99,USD,"FIXED_PRICE,BEST_OFFER",9,1600,grail:Canon A-1;mount:canon fd;as-is,US,allgoods2,100.0,2026-08-20T18:05:09.000Z,,https://www.ebay.com/itm/168628547295?hash=item27430b6edf:g:UacAAeSwl01qh0C~,https://i.ebayimg.com/images/g/UacAAeSwl01qh0C~/s-l225.jpg
残件/按现状;图片过小,64.0,Nikon F3 HP 35mm Camera & MD-4 Drive & Speedlight Read Description,Nikon,Film Cameras,Used,357.99,USD,FIXED_PRICE,0,500,grail:Nikon F3;mount:minolta md,US,8ten1944,99.8,2026-08-20T21:12:28.000Z,,https://www.ebay.com/itm/168628870615?hash=item2743105dd7:g:ziYAAeSwgwRqiCos,https://i.ebayimg.com/images/g/ziYAAeSwgwRqiCos/s-l225.jpg
残件/按现状,63.0,Zeiss Ikon Contina I 35mm Film Camera Anastigmat 45mm f3.5 Prontor For Parts,Zeiss,Vintage Cameras,,37.95,USD,"FIXED_PRICE,BEST_OFFER",10,1600,as-is,US,secondhandshutterllc,99.9,2026-08-20T22:17:03.000Z,,https://www.ebay.com/itm/168628968587?hash=item274311dc8b:g:CSYAAeSwygVqXqVi,https://i.ebayimg.com/images/g/CSYAAeSwygVqXqVi/s-l225.jpg
残件/按现状,63.0,Zeiss Ikon Derval Folding Camera W 10.5CM F6.3 Lens Vintage Classic Untested,Zeiss,Vintage Cameras,,49.99,USD,FIXED_PRICE,8,1600,as-is,US,california545,99.9,2026-08-20T19:38:37.000Z,,https://www.ebay.com/itm/227484501108?hash=item34f7220474:g:5iQAAeSwVppqh1dS,https://i.ebayimg.com/images/g/5iQAAeSwVppqh1dS/s-l225.jpg
型号不明,63.0,【EXC】 YASHICA SUPER YASHINON-R 13.5cm F2.8 w/cap&Filter For M42 #my1098,Yashica,Lenses,Used,58.86,USD,FIXED_PRICE,4,1196,mount:m42;good-cond,JP,somtom_9,99.3,2026-08-20T05:16:58.000Z,,https://www.ebay.com/itm/188820500357?hash=item2bf6942f85:g:JmsAAeSwF-Zqho79,https://i.ebayimg.com/images/g/JmsAAeSwF-Zqho79/s-l225.jpg
残件/按现状,62.0,Konica Big Mini BM-301 35mm f/3.5 Point & Shoot Film Camera Black Untested JAPAN,Konica,Film Cameras,Used,179.99,USD,"FIXED_PRICE,BEST_OFFER",7,1080,grail:Big Mini;as-is,JP,hokuyou_japan_store,100.0,2026-08-21T11:17:01.000Z,,https://www.ebay.com/itm/147519638674?hash=item2258db0c92:g:Q90AAeSw2bhqiC2B,https://i.ebayimg.com/images/g/Q90AAeSw2bhqiC2B/s-l225.jpg
残件/按现状,62.0,[For Parts/Junk] Nikon F2 Photomic Silver DP-1 35mm SLR Manual Focus Film #273,Nikon,Film Cameras,Used,197.4,USD,FIXED_PRICE,23,1600,grail:Nikon F2;as-is,JP,his50s,100.0,2026-08-20T04:52:03.000Z,,https://www.ebay.com/itm/188820434061?hash=item2bf6932c8d:g:JkgAAeSwJg5qNxaW,https://i.ebayimg.com/images/g/JkgAAeSwJg5qNxaW/s-l225.jpg
型号不明,62.0,CONTAX Carl Zeiss Vario-Sonnar T* 70-300 F4-5.6 N mount ♯255-Y22,Contax,Lenses,Used,257.55,USD,"FIXED_PRICE,BEST_OFFER",6,1200,grail:Sonnar,JP,bears2636,99.3,2026-08-20T08:49:34.000Z,,https://www.ebay.com/itm/206505375650?hash=item3014adf7a2:g:VlYAAeSwL3Vqhr~i,https://i.ebayimg.com/images/g/VlYAAeSwL3Vqhr~i/s-l225.jpg
型号不明,62.0,Contax Carl Zeiss Vario Sonnar 24-85 F3.5-4.5 Y264-Y13,Contax,Lenses,Used,339.53,USD,"FIXED_PRICE,BEST_OFFER",9,1200,grail:Sonnar,JP,bears2636,99.3,2026-08-20T08:49:35.000Z,,https://www.ebay.com/itm/188821283245?hash=item2bf6a021ad:g:VFkAAeSw4C1qhsDO,https://i.ebayimg.com/images/g/VFkAAeSw4C1qhsDO/s-l225.jpg
打包杂件,62.0,[MINT] Lot:317xxxx Nikon F5 AF SLR 35mm Film Camera Body From JAPAN,Nikon,Film Cameras,Used,479.99,USD,FIXED_PRICE,12,1600,grail:Nikon F5;good-cond,JP,high-nous-2021,100.0,2026-08-20T21:32:52.000Z,,https://www.ebay.com/itm/398309070621?hash=item5cbd12171d:g:tHcAAeSwMf5qh3N4,https://i.ebayimg.com/images/g/tHcAAeSwMf5qh3N4/s-l225.jpg
型号不明,62.0,Contax Biogon T* G 28/2.8 Chrome -Near Mint- 4678,Contax,Lenses,Used,653.0,USD,FIXED_PRICE,2,1200,grail:Biogon;good-cond,JP,kitamura_camera,100.0,2026-08-20T15:27:27.000Z,,https://www.ebay.com/itm/820027433465?hash=itembeed71a1f9:g:hLoAAeSw-MtqiA6w,https://i.ebayimg.com/images/g/hLoAAeSw-MtqiA6w/s-l225.jpg
查无市价,62.0,ZENZA BRONICA AE-II 222396,Bronica,Film Cameras,Used,714.47,USD,FIXED_PRICE,9,900,grail:BRONICA AE,JP,digree_japan,99.7,2026-08-21T02:44:05.000Z,,https://www.ebay.com/itm/307138400435?hash=item4782e010b3:g:KtsAAeSw1Pxqh7xn,https://i.ebayimg.com/images/g/KtsAAeSw1Pxqh7xn/s-l225.jpg
查无市价,62.0,[Top MINT /Hood] Mamiya APO 200mm f/2.8 A Lens for 645 Super Pro TL from JAPAN,Mamiya,Lenses,Used,899.9,USD,FIXED_PRICE,23,1600,grail:645;good-cond,JP,tokyosnapshot,99.7,2026-08-20T07:21:59.000Z,,https://www.ebay.com/itm/128035799427?hash=item1dcf874183:g:k20AAeSwS9dqhqxP,https://i.ebayimg.com/images/g/k20AAeSwS9dqhqxP/s-l225.jpg
查无市价,62.0,Leica R6.2 Black 35mm SLR Film Camera Body,Leica,Film Cameras,Very Good - Refurbished,1058.0,USD,"FIXED_PRICE,BEST_OFFER",10,800,grail:Leica R6,JP,fivestarcamera,99.9,2026-08-21T04:31:00.000Z,,https://www.ebay.com/itm/298605883810?hash=item45864c31a2:g:Nq8AAeSwGDJqh9R~,https://i.ebayimg.com/images/g/Nq8AAeSwGDJqh9R~/s-l225.jpg
查无市价,62.0,[Near MINT] Schneider Xenotar 100mm f2.8 Compur 1 Linhof Technika 6X9 From JAPAN,Linhof,Lenses,Used,1099.9,USD,FIXED_PRICE,10,1600,grail:Xenotar;good-cond,JP,kyomjp96,100.0,2026-08-20T15:37:23.000Z,,https://www.ebay.com/itm/147517846045?hash=item2258bfb21d:g:5qIAAeSwjFZqhyLy,https://i.ebayimg.com/images/g/5qIAAeSwjFZqhyLy/s-l225.jpg
残件/按现状,62.0,For parts Leica X Vario (Typ 107) Compact Digital Camera w/ VARIO-ELMAR 18-46mm,Leica,Film Cameras,For parts or not working,1152.97,USD,FIXED_PRICE,7,1200,grail:ELMAR;as-is,JP,samuraipicksjapan,100.0,2026-08-21T08:50:51.000Z,,https://www.ebay.com/itm/178429392817?hash=item298b3877b1:g:3l4AAeSwRvdqiBHt,https://i.ebayimg.com/images/g/3l4AAeSwRvdqiBHt/s-l225.jpg
查无市价,62.0,In Box [Top Mint] Pentax 6x7 WLF MUP Film Camera T 105mm f2.4 Lens From JAPAN,Pentax,Film Cameras,Used,1499.99,USD,FIXED_PRICE,22,1600,grail:6x7;good-cond,JP,shib5636,100.0,2026-08-21T10:54:06.000Z,,https://www.ebay.com/itm/398311186065?hash=item5cbd325e91:g:TQYAAeSwIf9qiC6R,https://i.ebayimg.com/images/g/TQYAAeSwIf9qiC6R/s-l225.jpg
图片过小,62.0,Rare! [Exc+5] SAFARI ZENZA BRONICA SQ ZENZANON-S 500mm F/8 Lens SQ-A SQ-Ai JAPAN,Bronica,Lenses,Used,1599.99,USD,FIXED_PRICE,11,400,grail:BRONICA SQ;good-cond,JP,hiroshima-camera,100.0,2026-08-20T18:58:46.000Z,,https://www.ebay.com/itm/800541342699?hash=itemba63fb7beb:g:PqYAAeSwKVxqh09e,https://i.ebayimg.com/images/g/PqYAAeSwKVxqh09e/s-l225.jpg
查无市价,62.0,Hasselblad 500CM 90294,Hasselblad,Film Cameras,Used,1657.76,USD,FIXED_PRICE,9,1200,grail:500CM,JP,digree_japan,99.7,2026-08-21T02:44:05.000Z,,https://www.ebay.com/itm/307138400437?hash=item4782e010b5:g:L9wAAeSwKVhqh7wt,https://i.ebayimg.com/images/g/L9wAAeSwKVhqh7wt/s-l225.jpg
查无市价,62.0,VERY RARE DUMMT MODEL Leica M4 Rangefinder Film Camera Body M4-345A Read! #r9393,Leica,Film Cameras,Used,2250.99,USD,FIXED_PRICE,17,1600,grail:Leica M4,JP,z1came-0,99.8,2026-08-20T17:19:46.000Z,,https://www.ebay.com/itm/407159062528?hash=item5ecc924000:g:tTEAAOSwiMxoD00G,https://i.ebayimg.com/images/g/tTEAAOSwiMxoD00G/s-l225.jpg
描述含糊,62.0,NIKON F2 Titan Film SLR body (NO NAME) -EXC- 8544,Nikon,Film Cameras,Used,3251.42,USD,FIXED_PRICE,2,1200,grail:NIKON F2;good-cond,JP,kitamura_camera,100.0,2026-08-21T07:58:09.000Z,,https://www.ebay.com/itm/820030289391?hash=itembeed9d35ef:g:kCIAAeSwgW9qiAqL,https://i.ebayimg.com/images/g/kCIAAeSwgW9qiAqL/s-l225.jpg
型号不明,62.0,CONTAX 645 Medium Format Camera Body,Contax,Film Cameras,Very Good - Refurbished,3417.0,USD,"FIXED_PRICE,BEST_OFFER",14,800,grail:645,JP,fivestarcamera,99.9,2026-08-21T04:29:40.000Z,,https://www.ebay.com/itm/307138506976?hash=item4782e1b0e0:g:FsgAAeSwau1qh9Qt,https://i.ebayimg.com/images/g/FsgAAeSwau1qh9Qt/s-l225.jpg
查无市价,62.0,[Unused in Box] Leica M6 Titan Titanium Non TTL 0.72 Film Camera Body From JAPAN,Leica,Film Cameras,Used,4999.99,USD,FIXED_PRICE,18,1600,grail:Leica M6,JP,shibainu_camera_japan,100.0,2026-08-20T15:20:35.000Z,,https://www.ebay.com/itm/398308014774?hash=item5cbd01fab6:g:8zoAAeSwKX9qhx5d,https://i.ebayimg.com/images/g/8zoAAeSwKX9qhx5d/s-l225.jpg
残件/按现状,61.0,Tamron Adaptall 2 80-210mm f/3.8-4 CF Tele Macro BBAR MC Lens Nikon Case,Tamron,Lenses,For parts or not working,29.99,USD,"FIXED_PRICE,BEST_OFFER",4,1599,mount:hasselblad v;underpriced(med 233),US,breezybayreseller,99.4,2026-08-20T20:16:52.000Z,,https://www.ebay.com/itm/206506755928?hash=item3014c30758:g:TtAAAeSwgW9qhyKx,https://i.ebayimg.com/images/g/TtAAAeSwgW9qhyKx/s-l225.jpg
型号不明,61.0,Sigma USB Dock UD-01EO For Canon EF Lenses #G504,Sigma,Lenses,Used,30.73,USD,"FIXED_PRICE,BEST_OFFER",5,1600,mount:canon ef;underpriced(med 348),US,robertscamera,99.8,2026-08-20T15:03:15.000Z,,https://www.ebay.com/itm/407158822452?hash=item5ecc8e9634:g:OI4AAeSw7BNqhxct,https://i.ebayimg.com/images/g/OI4AAeSw7BNqhxct/s-l225.jpg
残件/按现状,61.0,Vintage Minolta AL-F 35mm Camera Untested,Minolta,Film Cameras,Used,45.0,USD,"FIXED_PRICE,BEST_OFFER",7,1600,as-is,US,luzyaz,100.0,2026-08-20T13:12:43.000Z,,https://www.ebay.com/itm/820027017527?hash=itembeed6b4937:g:OjMAAeSwPgVqhvyg,https://i.ebayimg.com/images/g/OjMAAeSwPgVqhvyg/s-l225.jpg
残件/按现状,61.0,Minolta Maxxum 5 Camera With Case Made In Japan For Parts,Minolta,Film Cameras,For parts or not working,49.97,USD,FIXED_PRICE,4,1600,as-is,US,allnaturaltradeco,99.7,2026-08-20T20:07:08.000Z,,https://www.ebay.com/itm/336753138753?hash=item4e680d1c41:g:gcYAAeSw02Jqh1nJ,https://i.ebayimg.com/images/g/gcYAAeSw02Jqh1nJ/s-l225.jpg
残件/按现状,61.0,"Canon VIXIA FS10 Silver SD Camcorder 48x/2000x Zoom SD/SDHC 2.7"" LCD",Canon,Camcorders,For parts or not working,50.0,USD,"FIXED_PRICE,AUCTION",6,1600,underpriced(med 127);auction,US,2014burgosinc,100.0,2026-08-21T02:25:03.000Z,2026-08-28T02:25:03.000Z,https://www.ebay.com/itm/267763191121?hash=item3e57ee0d51:g:cBUAAeSwQe1qh6W9,https://i.ebayimg.com/images/g/cBUAAeSwQe1qh6W9/s-l225.jpg
残件/按现状;打包杂件,61.0,Minolta XG-M 35mm SLR Camera and Lenses Lot (See Pictures) Untested,Minolta,Film Cameras,For parts or not working,50.0,USD,FIXED_PRICE,9,1600,as-is,US,foundforyou-25,100.0,2026-08-21T00:57:01.000Z,,https://www.ebay.com/itm/820029054927?hash=itembeed8a5fcf:g:~l8AAeSw2JtqX6xH,https://i.ebayimg.com/images/g/~l8AAeSw2JtqX6xH/s-l225.jpg
残件/按现状,61.0,1984 Konica Color CV Video Camera AS-IS,Konica,Vintage Cameras,,59.99,USD,FIXED_PRICE,3,1600,as-is,US,flippzzilla,99.4,2026-08-20T22:59:22.000Z,,https://www.ebay.com/itm/227484678484?hash=item34f724b954:g:qWoAAeSw131qh4aM,https://i.ebayimg.com/images/g/qWoAAeSw131qh4aM/s-l225.jpg
残件/按现状,61.0,Minolta Explorer Freedom Zoom EX Film Point and Shoot Camera Not Tested As Is,Minolta,Film Cameras,Used,60.0,USD,"FIXED_PRICE,BEST_OFFER",4,1600,as-is,US,northozark-9,99.5,2026-08-21T00:07:43.000Z,,https://www.ebay.com/itm/327319971558?hash=item4c35ca66e6:g:JGMAAeSw3vtqh5YA,https://i.ebayimg.com/images/g/JGMAAeSw3vtqh5YA/s-l225.jpg
残件/按现状,61.0,"Rare Ricoh ""35"" S 35mm Rangefinder Camera w/45mm F/2.8 Riken Lens",Ricoh,Film Cameras,For parts or not working,60.0,USD,FIXED_PRICE,12,1600,,US,dcrehor_1,100.0,2026-08-20T16:19:51.000Z,,https://www.ebay.com/itm/227484285386?hash=item34f71eb9ca:g:V~oAAeSwrsFqaNul,https://i.ebayimg.com/images/g/V~oAAeSwrsFqaNul/s-l225.jpg
残件/按现状,61.0,Olympus OM-2S Program 35mm SLR Film Camera - Black,Olympus,Film Cameras,For parts or not working,75.0,USD,"FIXED_PRICE,BEST_OFFER",13,1600,mount:olympus om,US,543n1,100.0,2026-08-20T20:21:39.000Z,,https://www.ebay.com/itm/336753158602?hash=item4e680d69ca:g:~FIAAeSwRUZqh2A7,https://i.ebayimg.com/images/g/~FIAAeSwRUZqh2A7/s-l225.jpg
查无市价,61.0,【EXC】 MINOLTA Sweet α FromJapan #my1358,Minolta,Film Cameras,Used,80.58,USD,FIXED_PRICE,4,0,good-cond,JP,somtom_9,99.3,2026-08-20T05:17:51.000Z,,https://www.ebay.com/itm/188820500946?hash=item2bf69431d2:g:BOMAAeSww99qho5C,https://i.ebayimg.com/images/g/BOMAAeSww99qho5C/s-l225.jpg
查无市价,61.0,[NEAR MINT-] Olympus OZ1 Panorama Point & Shoot Film Camera 35mm F/3.5 #069,Olympus,Film Cameras,Used,108.16,USD,"FIXED_PRICE,BEST_OFFER",11,0,good-cond,JP,japan_lens_market,100.0,2026-08-20T09:04:20.000Z,,https://www.ebay.com/itm/137642551171?hash=item200c22a783:g:rYsAAeSwAWlpna5u,https://i.ebayimg.com/images/g/rYsAAeSwAWlpna5u/s-l225.jpg
查无市价,61.0,Read*[Near MINT] RICOH R8 Black 10.0MP 7.1x Compact Digital Camera From JAPAN,Ricoh,Film Cameras,Used,119.0,USD,FIXED_PRICE,8,0,good-cond,JP,samura1_camera_japan,99.5,2026-08-20T11:37:14.000Z,,https://www.ebay.com/itm/407158370236?hash=item5ecc87afbc:g:5FkAAeSw~7pqhucu,https://i.ebayimg.com/images/g/5FkAAeSw~7pqhucu/s-l225.jpg
残件/按现状,61.0,【EXC】 CANON EF Body FromJapan #my1392,Canon,Film Cameras,For parts or not working,167.96,USD,FIXED_PRICE,4,1196,mount:canon ef;good-cond,JP,somtom_9,99.3,2026-08-20T05:18:58.000Z,,https://www.ebay.com/itm/188820501871?hash=item2bf694356f:g:BnoAAeSwDFZqho75,https://i.ebayimg.com/images/g/BnoAAeSwDFZqho75/s-l225.jpg
型号不明,61.0,Meter Woks [Near MINT] Olympus 35 RC Rangefinder Film Camera E.Zuiko From JAPAN,Olympus,Film Cameras,Used,249.99,USD,FIXED_PRICE,12,1600,mount:olympus om;good-cond,JP,japan_nagoya_y.camera,100.0,2026-08-21T11:51:31.000Z,,https://www.ebay.com/itm/147519687493?hash=item2258dbcb45:g:kwEAAeSwSHBqiDzB,https://i.ebayimg.com/images/g/kwEAAeSwSHBqiDzB/s-l225.jpg
查无市价,61.0,[Top MINT] Olympus OM-D E-M5 Silver Digital Camera 14-42mm Lens Flash From JAPAN,Olympus,Film Cameras,Used,349.0,USD,FIXED_PRICE,8,0,mount:olympus om;good-cond,JP,samura1_camera_japan,99.5,2026-08-20T11:35:35.000Z,,https://www.ebay.com/itm/407158367888?hash=item5ecc87a690:g:0WAAAeSwXyxqhubN,https://i.ebayimg.com/images/g/0WAAAeSwXyxqhubN/s-l225.jpg
查无市价,61.0,Acute D [Top MINT] Hasselblad 503 CXi FilmCamera CF 80mm f2.8 PME51 A12 IV JAPAN,Hasselblad,Film Cameras,Used,4000.0,USD,FIXED_PRICE,23,1600,mount:hasselblad v;good-cond,JP,toyo_camera_japan,99.8,2026-08-21T03:30:45.000Z,,https://www.ebay.com/itm/377437420092?hash=item57e105fa3c:g:HzgAAeSwbS9qh8cd,https://i.ebayimg.com/images/g/HzgAAeSwbS9qh8cd/s-l225.jpg
查无市价,61.0,Leica MP black paint calf red leather 10302 with ever ready case MINT boxed,Leica,Film Cameras,Used,8509.25,USD,FIXED_PRICE,10,1600,grail:Leica MP;good-cond,AT,vintage-cameras-by-boris,100.0,2026-08-21T04:33:57.000Z,,https://www.ebay.com/itm/267763252980?hash=item3e57eefef4:g:pjwAAeSw5q1qTe7Y,https://i.ebayimg.com/images/g/pjwAAeSw5q1qTe7Y/s-l225.jpg
型号不明,60.0,Leica Elmar 5cm f3.5【】,Leica,Lenses,Used,662.23,USD,"FIXED_PRICE,BEST_OFFER",9,960,grail:Elmar,JP,bears2636,99.3,2026-08-20T19:47:49.000Z,,https://www.ebay.com/itm/188823511184?hash=item2bf6c22090:g:0NsAAeSwxTFqh1sT,https://i.ebayimg.com/images/g/0NsAAeSwxTFqh1sT/s-l225.jpg
型号不明,60.0,Rangefinder camera Leica III f 602133 Condition [C] ( No. 81-0),Leica,Lenses,Used,663.5,USD,"FIXED_PRICE,BEST_OFFER",4,828,grail:Leica III,JP,bears2636,99.3,2026-08-20T19:47:49.000Z,,https://www.ebay.com/itm/188823511192?hash=item2bf6c22098:g:xvsAAeSwiX1qh1om,https://i.ebayimg.com/images/g/xvsAAeSwiX1qh1om/s-l225.jpg
残件/按现状,59.0,"Nikon CoolPix 2500 Digital Camera PARTS ONLY w/ Charger, 2 Batteries, 64MB CF",Nikon,Digital Cameras,For parts or not working,30.0,USD,"FIXED_PRICE,BEST_OFFER",12,1600,mount:hasselblad v;as-is;underpriced(med 250),US,expastordotnet,100.0,2026-08-20T15:33:50.000Z,,https://www.ebay.com/itm/128036472731?hash=item1dcf91879b:g:6XoAAeSwicVqhx26,https://i.ebayimg.com/images/g/6XoAAeSwicVqhx26/s-l225.jpg
型号不明,59.0,Kenko Tokina Snap-on Lens Cap for AT-X16-28 F2.8 PRO FX Lens (710777),Tokina,Lenses,New,33.76,USD,FIXED_PRICE,0,1000,underpriced(med 150),JP,jp.opera,99.4,2026-08-20T19:05:58.000Z,,https://www.ebay.com/itm/227484472894?hash=item34f721963e:g:ByAAAeSwi55qh1CS,https://i.ebayimg.com/images/g/ByAAAeSwi55qh1CS/s-l225.jpg
残件/按现状,59.0,【AS IS】 SIGMA SUPER-WIDE II 24mm F2.8 MULTI-COATED w/cap For Minolta A #my1208,Sigma,Lenses,For parts or not working,58.86,USD,FIXED_PRICE,4,1196,as-is;underpriced(med 348),JP,somtom_9,99.3,2026-08-20T05:17:39.000Z,,https://www.ebay.com/itm/188820500834?hash=item2bf6943162:g:CbIAAeSwvr5qho8n,https://i.ebayimg.com/images/g/CbIAAeSwvr5qho8n/s-l225.jpg
残件/按现状,59.0,【AS IS】 PENTAX KX FromJapan #my1382,Pentax,Film Cameras,For parts or not working,74.05,USD,FIXED_PRICE,4,1196,as-is,JP,somtom_9,99.3,2026-08-20T05:18:39.000Z,,https://www.ebay.com/itm/188820501623?hash=item2bf6943477:g:5OYAAeSwh3Nqho9e,https://i.ebayimg.com/images/g/5OYAAeSwh3Nqho9e/s-l225.jpg
打包杂件,59.0,"KONICA AUTOREFLEX T4 50MM F1.7 BUNDLE INCL. AUTO WINDER, SUNPAK AUTO 511, + MORE",Konica,Film Cameras,Used,74.99,USD,"FIXED_PRICE,AUCTION",10,975,auction,US,dorfantiques,100.0,2026-08-20T23:00:40.000Z,2026-08-25T23:00:40.000Z,https://www.ebay.com/itm/298605318483?hash=item4586439153:g:98QAAeSw6Z5qc57Z,https://i.ebayimg.com/images/g/98QAAeSw6Z5qc57Z/s-l225.jpg
残件/按现状,59.0,【AS IS】 TAMRON AF XR LD 28-300mm F3.5-6.3 MACRO w/cap For EF FromJapan #my1138,Tamron,Lenses,For parts or not working,88.07,USD,FIXED_PRICE,4,1196,mount:canon ef;as-is;underpriced(med 233),JP,somtom_9,99.3,2026-08-20T05:17:25.000Z,,https://www.ebay.com/itm/188820500654?hash=item2bf69430ae:g:KhQAAeSw6xpqho6f,https://i.ebayimg.com/images/g/KhQAAeSw6xpqho6f/s-l225.jpg
残件/按现状,59.0,as is Olympus OLYMPUS XA2 Compact Camera,Olympus,Film Cameras,Used,91.35,USD,FIXED_PRICE,11,1080,as-is,JP,nknk_98,100.0,2026-08-20T11:38:36.000Z,,https://www.ebay.com/itm/318758722287?hash=item4a37801aef:g:92sAAeSw2bhqhugw,https://i.ebayimg.com/images/g/92sAAeSw2bhqhugw/s-l225.jpg
型号不明,59.0,Nikon AF Teleconverter TC-16A 1.6X Autofocus Lens Converter - LN,Nikon,Lenses,Used,99.95,USD,"FIXED_PRICE,BEST_OFFER",13,1600,underpriced(med 250),US,dmin-99,99.0,2026-08-20T11:36:35.000Z,,https://www.ebay.com/itm/336752480653?hash=item4e6803118d:g:ztwAAeSwt3xqhuWN,https://i.ebayimg.com/images/g/ztwAAeSwt3xqhuWN/s-l225.jpg
残件/按现状,59.0,"【No Retuenable FOR PARTS】Nikon F100 35mm Black Film Camera body ""NOT WORKING""",Nikon,Film Cameras,Used,125.99,USD,FIXED_PRICE,11,1600,as-is,JP,japan_fun_camera,100.0,2026-08-21T01:12:28.000Z,,https://www.ebay.com/itm/188824621537?hash=item2bf6d311e1:g:d3EAAeSw28ppzfvK,https://i.ebayimg.com/images/g/d3EAAeSw28ppzfvK/s-l225.jpg
残件/按现状,59.0,【AS IS】 Nikon F80S FromJapan #my1337,Nikon,Film Cameras,For parts or not working,138.38,USD,FIXED_PRICE,4,1196,as-is,JP,somtom_9,99.3,2026-08-21T08:54:34.000Z,,https://www.ebay.com/itm/188826204959?hash=item2bf6eb3b1f:g:PbEAAeSw-qlqiBN7,https://i.ebayimg.com/images/g/PbEAAeSw-qlqiBN7/s-l225.jpg
残件/按现状,59.0,[For Parts] Nikon L35 AF Pikaichi 35mm Film Camera From JAPAN,Nikon,Film Cameras,For parts or not working,149.0,USD,FIXED_PRICE,8,1600,as-is,JP,samura1_camera_japan,99.5,2026-08-21T00:58:01.000Z,,https://www.ebay.com/itm/407159802734?hash=item5ecc9d8b6e:g:kxsAAeSwLrNqh6LY,https://i.ebayimg.com/images/g/kxsAAeSwLrNqh6LY/s-l225.jpg
残件/按现状,58.0,Carl Zeiss Planar 80mm f/2.8 lens for Hasselblad (U41233) US RESIDENTS ONLY,Zeiss,Lenses,For parts or not working,0.0,USD,AUCTION,3,1600,grail:Planar;auction,US,milford_photo_inc,99.6,2026-08-20T18:28:20.000Z,2026-08-27T18:28:20.000Z,https://www.ebay.com/itm/278299566825?hash=item40cbf262e9:g:mF0AAeSwE~Fqh0ZD,https://i.ebayimg.com/images/g/mF0AAeSwE~Fqh0ZD/s-l225.jpg
残件/按现状,58.0,MINOLTA HI-MATIC AF2 POINT VINTAGE FILM CAMERA Untested As Is,Minolta,Film Cameras,Used,0.0,USD,AUCTION,6,1600,grail:HI-MATIC;as-is;auction,US,comes.a.time,100.0,2026-08-20T04:14:49.000Z,2026-08-27T04:14:49.000Z,https://www.ebay.com/itm/307136401163?hash=item4782c18f0b:g:S0YAAeSw0yNqhn8X,https://i.ebayimg.com/images/g/S0YAAeSw0yNqhn8X/s-l225.jpg
残件/按现状,58.0,Pentax Asahi K1000 Film Camera Untested,Pentax,Film Cameras,Used,165.0,USD,"FIXED_PRICE,BEST_OFFER",8,1600,grail:K1000;as-is,US,basketcase4vintiques,100.0,2026-08-20T20:46:11.000Z,,https://www.ebay.com/itm/198585095759?hash=item2e3c98164f:g:tYwAAeSw131qh2Yn,https://i.ebayimg.com/images/g/tYwAAeSw131qh2Yn/s-l225.jpg
打包杂件,58.0,Canon AE-1 Program 35mm SLR Camera Bundle - Power Tested Lenses Flash Bag,Canon,Film Cameras,Used,184.95,USD,"FIXED_PRICE,BEST_OFFER",21,1600,grail:AE-1,US,gilliganbuyland,99.9,2026-08-20T19:12:34.000Z,,https://www.ebay.com/itm/278299680038?hash=item40cbf41d26:g:BPEAAeSwJFFqh1FP,https://i.ebayimg.com/images/g/BPEAAeSwJFFqh1FP/s-l225.jpg
残件/按现状,58.0,Canon F-1 Film Camera 50mm Lens - Untested,Canon,Film Cameras,Used,200.0,USD,"FIXED_PRICE,BEST_OFFER",4,800,grail:Canon F-1;as-is,US,joannalwhite,100.0,2026-08-20T19:15:59.000Z,,https://www.ebay.com/itm/198584975569?hash=item2e3c9640d1:g:W-QAAeSwS9dqh1JQ,https://i.ebayimg.com/images/g/W-QAAeSwS9dqh1JQ/s-l225.jpg
打包杂件,58.0,"Pentax ME Super 35mm Camera Bundle W/ 1.1.4/50 Lens, Winder, Flash Tested",Pentax,Film Cameras,Used,224.99,USD,"FIXED_PRICE,BEST_OFFER",16,1600,grail:Pentax ME Super,US,aaron18187,100.0,2026-08-20T16:56:50.000Z,,https://www.ebay.com/itm/257693109654?hash=item3bffb4cd96:g:vGQAAeSwu3ZqhzEU,https://i.ebayimg.com/images/g/vGQAAeSwu3ZqhzEU/s-l225.jpg
打包杂件,58.0,Nice Nikon Nikonos V Underwater 35mm Film Camera Complete Diving Kit SB-103 Lot,Nikon,Film Cameras,Used,249.95,USD,"FIXED_PRICE,BEST_OFFER",23,1600,grail:Nikonos,US,mcconnell1,99.7,2026-08-20T15:11:54.000Z,,https://www.ebay.com/itm/327319452430?hash=item4c35c27b0e:g:uGkAAeSwW8NqhxVy,https://i.ebayimg.com/images/g/uGkAAeSwW8NqhxVy/s-l225.jpg
残件/按现状,58.0,Pentax ME Super 35mm SLR Camera Kit With 50mm Lenses Vivitar 75-205mm *UNTESTED*,Pentax,Film Cameras,For parts or not working,249.99,USD,"FIXED_PRICE,BEST_OFFER",23,1600,grail:Pentax ME Super;as-is,US,jnj-foundtreasures,99.5,2026-08-21T11:01:25.000Z,,https://www.ebay.com/itm/158212196999?hash=item24d62e8a87:g:GS4AAeSwA-tqiAJS,https://i.ebayimg.com/images/g/GS4AAeSwA-tqiAJS/s-l225.jpg
残件/按现状;打包杂件,58.0,Pentax K1000 35mm Film Camera Bundle 3 Lenses Flash Bag FOR PARTS/REPAIR,Pentax,Film Cameras,For parts or not working,250.0,USD,"FIXED_PRICE,BEST_OFFER",2,1600,grail:K1000;as-is,US,lcselling123,100.0,2026-08-20T23:15:46.000Z,,https://www.ebay.com/itm/318760907239?hash=item4a37a171e7:g:gKoAAeSw-dlqh4pB,https://i.ebayimg.com/images/g/gKoAAeSw-dlqh4pB/s-l225.jpg
型号不明,58.0,PENTAX SMC PENTAX-A 645 ZOOM 80-mm F4.5 Zoom Lens #P469B,Pentax,Lenses,Used,286.98,USD,"FIXED_PRICE,BEST_OFFER",9,1200,grail:645;mount:pentax k,JP,bears2636,99.3,2026-08-20T08:51:05.000Z,,https://www.ebay.com/itm/206505385821?hash=item3014ae1f5d:g:zgMAAeSwJm1qhsDv,https://i.ebayimg.com/images/g/zgMAAeSwJm1qhsDv/s-l225.jpg
型号不明,58.0,] Pentax SMC Pentax FA 645 Zoom 80-mm f4.5 AF Lens 645 N NII 3005325,Pentax,Lenses,Used,333.65,USD,"FIXED_PRICE,BEST_OFFER",9,1200,grail:645;mount:pentax k,JP,bears2636,99.3,2026-08-20T08:51:08.000Z,,https://www.ebay.com/itm/178425967894?hash=item298b043516:g:~1YAAeSwuxVqhsA~,https://i.ebayimg.com/images/g/~1YAAeSwuxVqhsA~/s-l225.jpg
残件/按现状;型号不明,58.0,"For repair, vsmall black dust [PENTAX] SMC PENTAX-FA 645 80-mm F4.5 Medium",Pentax,Lenses,Used,392.1,USD,"FIXED_PRICE,BEST_OFFER",9,1200,grail:645;mount:pentax k;as-is,JP,bears2636,99.3,2026-08-20T08:51:05.000Z,,https://www.ebay.com/itm/178425967320?hash=item298b0432d8:g:0~UAAeSwxZRqhsCy,https://i.ebayimg.com/images/g/0~UAAeSwxZRqhsCy/s-l225.jpg
图片过小,58.0,Mamiya RB67 Pro Medium Format Camera Kit | 90mm f/3.8 | 120 Back | Japan,Mamiya,Film Cameras,Used,599.0,USD,"FIXED_PRICE,BEST_OFFER",7,500,grail:RB67,US,jor609375,0.0,2026-08-21T02:55:04.000Z,,https://www.ebay.com/itm/318761612041?hash=item4a37ac3309:g:6wIAAeSwLrNqh64l,https://i.ebayimg.com/images/g/6wIAAeSwLrNqh64l/s-l225.jpg
打包杂件,58.0,LOT 3 ZENZA BRONICA CAMERAS ETR Olympus Pen F + Additional Lens & Accessories,Bronica,Film Cameras,Used,799.0,USD,"FIXED_PRICE,BEST_OFFER",8,1600,grail:BRONICA CAMERAS,US,gcares23,100.0,2026-08-20T22:50:16.000Z,,https://www.ebay.com/itm/820028680811?hash=itembeed84aa6b:g:4XMAAeSwehZqhHHU,https://i.ebayimg.com/images/g/4XMAAeSwehZqhHHU/s-l225.jpg
查无市价,58.0,Rollei 2.8D Xenotar 1611288,Rollei,Film Cameras,Used,851.0,USD,FIXED_PRICE,0,1600,grail:Xenotar,US,camerawest,99.1,2026-08-20T13:39:59.000Z,,https://www.ebay.com/itm/267762642384?hash=item3e57e5add0:g:SuMAAeSwVZ5qhu3~,https://i.ebayimg.com/images/g/SuMAAeSwVZ5qhu3~/s-l225.jpg
图片不足,58.0,Voigtlander ULTRON Vintage Line 28mm F2 Aspherical Type II VM from Japan E0820,Voigtlander,Lenses,New,882.15,USD,FIXED_PRICE,0,800,grail:ULTRON;mount:leica m,JP,kyoto_camera,99.7,2026-08-20T11:56:50.000Z,,https://www.ebay.com/itm/278298721290?hash=item40cbe57c0a:g:8BAAAeSw0zlqhurn,https://i.ebayimg.com/images/g/8BAAAeSw0zlqhurn/s-l225.jpg
残件/按现状,58.0,Rolleiflex SL66 Medium Format 6x6 Film Camera with Zeiss Lens Black FULL KIT,Rolleiflex,Film Cameras,For parts or not working,1050.0,USD,"FIXED_PRICE,BEST_OFFER",2,1600,grail:SL66,US,jaymcovelier0,100.0,2026-08-20T21:48:01.000Z,,https://www.ebay.com/itm/137644739008?hash=item200c4409c0:g:IgUAAeSwHQBqh3Wq,https://i.ebayimg.com/images/g/IgUAAeSwHQBqh3Wq/s-l225.jpg
查无市价,58.0,Leica M4 Black Paint 35mm Rangefinder Film Camera Body From Japan Used H0821,Leica,Film Cameras,Used,11469.11,USD,FIXED_PRICE,2,1200,grail:Leica M4,JP,kyoto_camera,99.7,2026-08-21T02:59:00.000Z,,https://www.ebay.com/itm/278300655450?hash=item40cc02ff5a:g:kv8AAeSwT-hqh76q,https://i.ebayimg.com/images/g/kv8AAeSwT-hqh76q/s-l225.jpg
查无市价,58.0,Leica M4 Black Paint 35mm Rangefinder Film Camera Body From Japan Used H0821,Leica,Film Cameras,Used,11567.68,USD,FIXED_PRICE,2,1200,grail:Leica M4,JP,kyoto_camera,99.7,2026-08-21T02:57:10.000Z,,https://www.ebay.com/itm/278300652941?hash=item40cc02f58d:g:WdIAAeSw0zlqh74r,https://i.ebayimg.com/images/g/WdIAAeSw0zlqh74r/s-l225.jpg
查无市价,58.0,Leica M4 Black Paint 35mm Rangefinder Film Camera Body From Japan Used H0821,Leica,Film Cameras,Used,11767.73,USD,FIXED_PRICE,2,1200,grail:Leica M4,JP,kyoto_camera,99.7,2026-08-21T02:55:10.000Z,,https://www.ebay.com/itm/287537416799?hash=item42f290ca5f:g:Xd8AAeSwzkRqh72v,https://i.ebayimg.com/images/g/Xd8AAeSwzkRqh72v/s-l225.jpg
查无市价,58.0,Leica M4 Black Paint 35mm Rangefinder Film Camera Body From Japan Used H0821,Leica,Film Cameras,Used,12362.07,USD,FIXED_PRICE,2,1200,grail:Leica M4,JP,kyoto_camera,99.7,2026-08-21T02:50:41.000Z,,https://www.ebay.com/itm/287537412514?hash=item42f290b9a2:g:OocAAeSwyIRqh7yj,https://i.ebayimg.com/images/g/OocAAeSwyIRqh7yj/s-l225.jpg
查无市价,58.0,Leica M4 Black Paint 35mm Rangefinder Film Camera Body From Japan Used H0821,Leica,Film Cameras,Used,12660.68,USD,FIXED_PRICE,2,1200,grail:Leica M4,JP,kyoto_camera,99.7,2026-08-21T02:48:32.000Z,,https://www.ebay.com/itm/278300616995?hash=item40cc026923:g:ODcAAeSw1INqh7w3,https://i.ebayimg.com/images/g/ODcAAeSw1INqh7w3/s-l225.jpg
查无市价,58.0,Leica M4 Black Paint 35mm Rangefinder Film Camera Body From Japan Used H0821,Leica,Film Cameras,Used,13492.74,USD,FIXED_PRICE,2,1200,grail:Leica M4,JP,kyoto_camera,99.7,2026-08-21T02:46:01.000Z,,https://www.ebay.com/itm/278300614287?hash=item40cc025e8f:g:IxQAAeSwlyZqh7t8,https://i.ebayimg.com/images/g/IxQAAeSwlyZqh7t8/s-l225.jpg
查无市价,58.0,Leica M4 Black Paint 35mm Rangefinder Film Camera Body From Japan Used H0821,Leica,Film Cameras,Used,15342.4,USD,FIXED_PRICE,2,1200,grail:Leica M4,JP,kyoto_camera,99.7,2026-08-21T02:40:03.000Z,,https://www.ebay.com/itm/278300610798?hash=item40cc0250ee:g:Y~EAAeSw1qNqh7om,https://i.ebayimg.com/images/g/Y~EAAeSw1qNqh7om/s-l225.jpg
查无市价,58.0,Leica M6 TTL 0.85 LHSA Black Paint 35mm Rangefinder Film Camera Japan Used H0821,Leica,Film Cameras,Used,16067.2,USD,FIXED_PRICE,2,1200,grail:Leica M6,JP,kyoto_camera,99.7,2026-08-21T02:37:56.000Z,,https://www.ebay.com/itm/278300609261?hash=item40cc024aed:g:J6YAAeSww-Fqh7mt,https://i.ebayimg.com/images/g/J6YAAeSww-Fqh7mt/s-l225.jpg
查无市价,58.0,Leica M4 Black Paint 35mm Rangefinder Film Camera Body From Japan Used H0821,Leica,Film Cameras,Used,18015.44,USD,FIXED_PRICE,2,1200,grail:Leica M4,JP,kyoto_camera,99.7,2026-08-21T02:34:04.000Z,,https://www.ebay.com/itm/278300605844?hash=item40cc023d94:g:AEAAAeSwmKhqh7gF,https://i.ebayimg.com/images/g/AEAAAeSwmKhqh7gF/s-l225.jpg
查无市价,58.0,Leica M4-M Black Paint 35mm Rangefinder Film Camera Body No Motor Japan H0821,Leica,Film Cameras,Used,20694.28,USD,FIXED_PRICE,2,1200,grail:Leica M4,JP,kyoto_camera,99.7,2026-08-21T02:28:07.000Z,,https://www.ebay.com/itm/278300575320?hash=item40cc01c658:g:~dwAAeSwwtVqh7c6,https://i.ebayimg.com/images/g/~dwAAeSwwtVqh7c6/s-l225.jpg
查无市价,58.0,Leica M7 A La Carte Silver Chrome 35mm Rangefinder Film Camera From Japan H0821,Leica,Film Cameras,Used,29838.26,USD,FIXED_PRICE,2,1200,grail:Leica M7,JP,kyoto_camera,99.7,2026-08-21T01:27:20.000Z,,https://www.ebay.com/itm/278300453173?hash=item40cbffe935:g:dkEAAeSwpLBqh6kZ,https://i.ebayimg.com/images/g/dkEAAeSwpLBqh6kZ/s-l225.jpg
查无市价,58.0,Leica M6 TTL 0.85 Safari 35mm Rangefinder Film Camera Body From Japan Used H0821,Leica,Film Cameras,Used,29838.26,USD,FIXED_PRICE,2,1200,grail:Leica M6,JP,kyoto_camera,99.7,2026-08-21T01:25:15.000Z,,https://www.ebay.com/itm/287537282211?hash=item42f28ebca3:g:yQ8AAeSwbp5qh6iw,https://i.ebayimg.com/images/g/yQ8AAeSwbp5qh6iw/s-l225.jpg
查无市价,58.0,Leica M4 Black Paint 35mm Rangefinder Film Camera Body From Japan Used H0821,Leica,Film Cameras,Used,37573.24,USD,FIXED_PRICE,2,1200,grail:Leica M4,JP,kyoto_camera,99.7,2026-08-21T01:16:29.000Z,,https://www.ebay.com/itm/287537266350?hash=item42f28e7eae:g:t2wAAeSwi55qh6aA,https://i.ebayimg.com/images/g/t2wAAeSwi55qh6aA/s-l225.jpg
残件/按现状,57.0,Canon Optura Pi MiniDV Digital Video Camcorder NTSC Silver PARTS ONLY,Canon,Camcorders,Used,25.26,USD,"FIXED_PRICE,BEST_OFFER",5,1600,as-is;underpriced(med 127),US,telepathic_luv,99.8,2026-08-20T18:50:17.000Z,,https://www.ebay.com/itm/237019610198?hash=item372f783c56:g:RwUAAeSwfEFqNu7w,https://i.ebayimg.com/images/g/RwUAAeSwfEFqNu7w/s-l225.jpg
残件/按现状,57.0,Olympus VX-305-U Autofocus Color Video Camera Untested,Olympus,Camcorders,Used,26.85,USD,"FIXED_PRICE,BEST_OFFER",6,1600,as-is;underpriced(med 115),US,hachi_finds,98.9,2026-08-21T10:54:11.000Z,,https://www.ebay.com/itm/307139022553?hash=item4782e98ed9:g:hDcAAeSw7s5pvuAT,https://i.ebayimg.com/images/g/hDcAAeSw7s5pvuAT/s-l225.jpg
残件/按现状,57.0,Canon NTSC ZR65MC Mini DV Digital Video Camcorder Tested For Parts,Canon,Camcorders,For parts or not working,26.99,USD,"FIXED_PRICE,BEST_OFFER",5,1600,as-is;underpriced(med 126),US,libertythrifts,99.2,2026-08-20T05:39:37.000Z,,https://www.ebay.com/itm/800538173637?hash=itemba63cb20c5:g:AREAAeSwnW5pSGo~,https://i.ebayimg.com/images/g/AREAAeSwnW5pSGo~/s-l225.jpg
残件/按现状,57.0,Canon FS30A 41X Advanced Zoom F/2.6/96.2mm Digital Camcorder Untested,Canon,Camcorders,For parts or not working,29.99,USD,"FIXED_PRICE,BEST_OFFER",5,1600,as-is;underpriced(med 127),US,robersald-0,99.1,2026-08-20T19:57:45.000Z,,https://www.ebay.com/itm/820028211602?hash=itembeed7d8192:g:lgEAAeSwS8tqh1uX,https://i.ebayimg.com/images/g/lgEAAeSwS8tqh1uX/s-l225.jpg
残件/按现状,57.0,RICOH HI-COLOR 35S 35mm Film Camera Point & Shoot Silver For Parts,Ricoh,Vintage Cameras,,30.0,USD,FIXED_PRICE,19,1600,as-is,JP,japanese.wholesaler.oden,99.5,2026-08-21T02:58:04.000Z,,https://www.ebay.com/itm/377437351475?hash=item57e104ee33:g:OlQAAeSwFLNqh72Q,https://i.ebayimg.com/images/g/OlQAAeSwFLNqh72Q/s-l225.jpg
残件/按现状,57.0,Canon ES870A HI-FI Stereo 8mm Video8 Camcorder Player Camera Only UNTESTED,Canon,Camcorders,For parts or not working,30.0,USD,FIXED_PRICE,12,1600,as-is;underpriced(med 127),US,yesia9,98.2,2026-08-21T01:13:31.000Z,,https://www.ebay.com/itm/407159822559?hash=item5ecc9dd8df:g:tLsAAeSwj6Bqh6Yt,https://i.ebayimg.com/images/g/tLsAAeSwj6Bqh6Yt/s-l225.jpg
残件/按现状,57.0,Canon ZR500 A MiniDV Digital Video Camcorder 25x 800x Zoom LCD Silver,Canon,Camcorders,For parts or not working,30.0,USD,"FIXED_PRICE,BEST_OFFER",23,1600,underpriced(med 127),US,greenbeanhx,99.1,2026-08-21T00:04:37.000Z,,https://www.ebay.com/itm/117370702103?hash=item1b53d6c917:g:FoAAAeSwKX9qh5NC,https://i.ebayimg.com/images/g/FoAAAeSwKX9qh5NC/s-l225.jpg
残件/按现状,57.0,*For Parts Only CANON Elura 2MC Mini DV CAMCORDER Charger Bag Video,Canon,Camcorders,Used,34.97,USD,"FIXED_PRICE,BEST_OFFER",4,1600,as-is;underpriced(med 127),US,crabtreeresale,99.9,2026-08-21T12:13:37.000Z,,https://www.ebay.com/itm/267763482842?hash=item3e57f280da:g:DcgAAeSwHO1qiEC7,https://i.ebayimg.com/images/g/DcgAAeSwHO1qiEC7/s-l225.jpg
残件/按现状,57.0,"Canon ZR40 MiniDV Digital Video Camcorder, Case,charger,cables and 4 batteries.",Canon,Camcorders,For parts or not working,35.0,USD,FIXED_PRICE,4,1599,underpriced(med 127),US,g_whitcomb,100.0,2026-08-20T20:44:02.000Z,,https://www.ebay.com/itm/257693400748?hash=item3bffb93eac:g:~oYAAeSw0KxqfcjV,https://i.ebayimg.com/images/g/~oYAAeSw0KxqfcjV/s-l225.jpg
残件/按现状,57.0,Canon ES8400V 8mm Digital Camcorder Video Camera #G751,Canon,Camcorders,For parts or not working,38.52,USD,"FIXED_PRICE,BEST_OFFER",6,1600,underpriced(med 127),US,robertscamera,99.8,2026-08-20T21:17:35.000Z,,https://www.ebay.com/itm/147518390509?hash=item2258c800ed:g:6XAAAeSwk1Jqh27m,https://i.ebayimg.com/images/g/6XAAAeSwk1Jqh27m/s-l225.jpg
残件/按现状,57.0,Canon ZR65MC MiniDV Video Camcorder No Charger - PLEASE READ,Canon,Camcorders,For parts or not working,39.99,USD,FIXED_PRICE,16,1600,underpriced(med 127),US,aavanb57,100.0,2026-08-20T16:00:27.000Z,,https://www.ebay.com/itm/336752855167?hash=item4e6808c87f:g:H0AAAeSwddFqhyP3,https://i.ebayimg.com/images/g/H0AAAeSwddFqhyP3/s-l225.jpg
残件/按现状;图片过小,57.0,"Canon Elura 60 A Mini DV Camcorder - For Parts or Repair, No Accessories",Canon,Camcorders,For parts or not working,41.57,USD,"FIXED_PRICE,BEST_OFFER",9,512,as-is;underpriced(med 127),US,v-sands,99.9,2026-08-21T12:10:06.000Z,,https://www.ebay.com/itm/227485502887?hash=item34f7314da7:g:k4QAAOSw6uVnbcyZ,https://i.ebayimg.com/images/g/k4QAAOSw6uVnbcyZ/s-l225.jpg
残件/按现状,57.0,Canon XL2 (XL-2) 3CCD MiniDV Video Camcorder (POWERS ON) -- (FOR PARTS / REPAIR),Canon,Camcorders,For parts or not working,44.99,USD,FIXED_PRICE,22,1600,as-is;underpriced(med 127),US,greatdealsbigsavings,100.0,2026-08-20T14:36:51.000Z,,https://www.ebay.com/itm/158209288316?hash=item24d602287c:g:aqYAAeSwhhBqPU5y,https://i.ebayimg.com/images/g/aqYAAeSwhhBqPU5y/s-l225.jpg
残件/按现状,57.0,Canon ZR950 MiniDV Camcorder 48x Zoom UNTESTED w/ Battery No Charger Cords,Canon,Camcorders,Used,49.99,USD,"FIXED_PRICE,BEST_OFFER",8,1510,as-is;underpriced(med 127),US,musa8560,100.0,2026-08-21T01:06:26.000Z,,https://www.ebay.com/itm/398309590451?hash=item5cbd1a05b3:g:dOYAAeSwkhFqh6RW,https://i.ebayimg.com/images/g/dOYAAeSwkhFqh6RW/s-l225.jpg
残件/按现状,57.0,"【AS IS】 OLYMPUS SP-550UZ 18X AA battery powered Front cap,strap #ak419",Olympus,Digital Cameras,For parts or not working,58.86,USD,FIXED_PRICE,4,1196,as-is;underpriced(med 200),JP,somtom_9,99.3,2026-08-20T05:16:35.000Z,,https://www.ebay.com/itm/188820499816?hash=item2bf6942d68:g:xm8AAeSwkhFqho4v,https://i.ebayimg.com/images/g/xm8AAeSwkhFqho4v/s-l225.jpg
残件/按现状,57.0,【AS IS】 FUJIFILM FinePix 4500 AA battery powered FromJapan #ak325,Fujifilm,Digital Cameras,For parts or not working,58.86,USD,FIXED_PRICE,4,1196,as-is;underpriced(med 234),JP,somtom_9,99.3,2026-08-20T05:16:08.000Z,,https://www.ebay.com/itm/188820499419?hash=item2bf6942bdb:g:POoAAeSwiipqho5X,https://i.ebayimg.com/images/g/POoAAeSwiipqho5X/s-l225.jpg
型号不明,57.0,Minolta 1:4.5 f=30cm MC TELE Rokkor -HF Camera Lens Japan,Minolta,Lenses,Used,59.99,USD,"FIXED_PRICE,BEST_OFFER",23,1600,mount:minolta md,US,flufnstuff00,98.5,2026-08-20T18:56:07.000Z,,https://www.ebay.com/itm/206506622669?hash=item3014c0fecd:g:2mgAAeSwJmhqh01T,https://i.ebayimg.com/images/g/2mgAAeSwJmhqh01T/s-l225.jpg
残件/按现状,57.0,Leica C Typ 112 Digital Camera Gold FOR PARTS Untested w/ Strap Battery,Leica,Digital Cameras,For parts or not working,120.0,USD,"FIXED_PRICE,BEST_OFFER",10,1600,as-is;underpriced(med 1580),US,timmon90,100.0,2026-08-20T17:24:35.000Z,,https://www.ebay.com/itm/377436176120?hash=item57e0f2fef8:g:-xIAAeSwk1JqhwgQ,https://i.ebayimg.com/images/g/-xIAAeSwk1JqhwgQ/s-l225.jpg
型号不明,57.0,Voigtlander Vintage Camera Made In Germany - Klein Bessa 6x6,Voigtlander,Vintage Cameras,,125.0,USD,"FIXED_PRICE,BEST_OFFER",8,1600,,US,roosterhou_0,99.2,2026-08-21T00:43:03.000Z,,https://www.ebay.com/itm/800542550933?hash=itemba640deb95:g:mIwAAeSwz0Jqh50q,https://i.ebayimg.com/images/g/mIwAAeSwz0Jqh50q/s-l225.jpg
残件/按现状,57.0,【EXC】SMC PENTAX-M 28mm F/2.8 Prime Lens As-is Shipped from Japan,Pentax,Lenses,For parts or not working,137.56,USD,FIXED_PRICE,7,1200,mount:pentax k;good-cond;as-is,JP,xeno260909,100.0,2026-08-20T14:40:30.000Z,,https://www.ebay.com/itm/398307919249?hash=item5cbd008591:g:gwYAAeSw3vtqhxUO,https://i.ebayimg.com/images/g/gwYAAeSw3vtqhxUO/s-l225.jpg
残件/按现状,57.0,"[FOR PARTS] 4 SLR Film Camera Bodies: Asahi Pentax, Nikon F-601, Canon EOS 10",Asahi,Film Cameras,Used,145.49,USD,FIXED_PRICE,11,1080,mount:nikon f;as-is,JP,hirari_japan,100.0,2026-08-21T06:52:08.000Z,,https://www.ebay.com/itm/188825765218?hash=item2bf6e48562:g:NCgAAeSww45qh~ap,https://i.ebayimg.com/images/g/NCgAAeSww45qh~ap/s-l225.jpg
型号不明,57.0,Leica Summarit-L 5cm F1.5 SN:10000873 Rangefinder Lenses Tested [Read Cond],Leica,Lenses,Used,480.0,USD,"FIXED_PRICE,BEST_OFFER",8,1200,underpriced(med 1171),JP,re-camera,99.8,2026-08-20T14:41:29.000Z,,https://www.ebay.com/itm/227484163058?hash=item34f71cdbf2:g:jGUAAeSwNXNqhxWu,https://i.ebayimg.com/images/g/jGUAAeSwNXNqhxWu/s-l225.jpg
查无市价,57.0,[TOP MINT] Hasselblad 205FCC Film Camera 80mm CFE Lens E12 IV Back PM5 WLF JAPAN,Hasselblad,Film Cameras,Used,9599.99,USD,FIXED_PRICE,18,1600,mount:hasselblad v;good-cond,JP,milyenb_64,100.0,2026-08-21T07:14:19.000Z,,https://www.ebay.com/itm/298606150450?hash=item4586504332:g:dXAAAeSwhPJqh~vF,https://i.ebayimg.com/images/g/dXAAAeSwhPJqh~vF/s-l225.jpg
残件/按现状,56.0,Olympus Digital Camera FE-190 For Spares or Repairs with Box 16MB Card Battery +,Olympus,Digital Cameras,For parts or not working,25.89,USD,"FIXED_PRICE,BEST_OFFER",3,1600,mount:sony e;underpriced(med 200),GB,bv038,100.0,2026-08-20T08:02:52.000Z,,https://www.ebay.com/itm/128035855964?hash=item1dcf881e5c:g:02cAAeSwcidoo4E9,https://i.ebayimg.com/images/g/02cAAeSwcidoo4E9/s-l225.jpg
型号不明,56.0,Leica 5cm f2 Summicron Collapsible 1326613,Leica,Lenses,Used,744.0,USD,FIXED_PRICE,0,1600,grail:Summicron,US,camerawest,99.1,2026-08-20T20:10:46.000Z,,https://www.ebay.com/itm/287536848224?hash=item42f2881d60:g:5ycAAeSwhDJqhwSY,https://i.ebayimg.com/images/g/5ycAAeSwhDJqhwSY/s-l225.jpg
残件/按现状,55.0,Sony E PZ 16-50mm f/3.5-5.6 OSS Lens for Sony E-Mount Cameras - Needs Repair,Sony,Lenses,For parts or not working,29.0,USD,"FIXED_PRICE,BEST_OFFER",7,1600,underpriced(med 399),US,bokehbros,99.9,2026-08-20T20:30:59.000Z,,https://www.ebay.com/itm/178427616100?hash=item298b1d5b64:g:GYkAAeSwt3xqh2PJ,https://i.ebayimg.com/images/g/GYkAAeSwt3xqh2PJ/s-l225.jpg
型号不明,55.0,Tamron-F AF Tele-Converter 2X Mx-AF BBAR MC7 Minolta/Sony or Nikon Autofocus,Tamron,Lenses,Used,30.87,USD,FIXED_PRICE,5,1599,underpriced(med 233),US,chacostne_9,99.6,2026-08-20T16:22:12.000Z,,https://www.ebay.com/itm/407158952687?hash=item5ecc9092ef:g:WkUAAeSwE~Fqhyk0,https://i.ebayimg.com/images/g/WkUAAeSwE~Fqhyk0/s-l225.jpg
型号不明,55.0,Brooks Computar Wide Angle & telephoto Lenses For Kodak 50 & 60 W/case,Kodak,Lenses,Used,41.64,USD,"FIXED_PRICE,BEST_OFFER",11,1600,underpriced(med 129),US,sustthings74,100.0,2026-08-20T11:31:14.000Z,,https://www.ebay.com/itm/298603984694?hash=item45862f3736:g:CLIAAOSwxu1mGg08,https://i.ebayimg.com/images/g/CLIAAOSwxu1mGg08/s-l225.jpg
型号不明,55.0,Tamron SP AF Tele-Converter - 401,Tamron,Lenses,Used,59.99,USD,FIXED_PRICE,1,1600,underpriced(med 233),US,cameraspot,99.8,2026-08-20T18:39:35.000Z,,https://www.ebay.com/itm/377436333086?hash=item57e0f5641e:g:NAwAAeSwjU9qh0mD,https://i.ebayimg.com/images/g/NAwAAeSwjU9qh0mD/s-l225.jpg
打包杂件,55.0,Konica Autoreflex TC 35mm SLR Camera Hexanon AR 50mm F1.7 Lens Meter Flash Lot,Konica,Film Cameras,Used,61.99,USD,"FIXED_PRICE,BEST_OFFER",9,1600,,US,dudeifoundthis,98.8,2026-08-20T05:36:41.000Z,,https://www.ebay.com/itm/307136481387?hash=item4782c2c86b:g:8FsAAeSwJmhqhpHf,https://i.ebayimg.com/images/g/8FsAAeSwJmhqhpHf/s-l225.jpg
残件/按现状,55.0,Vtg Yashica Minister-D 35mm Rangefinder Camera Yashinon 4.5cm f/2.8 Lens TESTED,Yashica,Film Cameras,For parts or not working,62.99,USD,"FIXED_PRICE,BEST_OFFER",7,923,,US,blu-staremporium,100.0,2026-08-21T03:09:42.000Z,,https://www.ebay.com/itm/327320159784?hash=item4c35cd4628:g:2rMAAeSwQ95poTF0,https://i.ebayimg.com/images/g/2rMAAeSwQ95poTF0/s-l225.jpg
残件/按现状;打包杂件,55.0,Yashica Electro 35 35mm Rangefinder Camera Bundle Lens’ Manual Strap UNTESTED,Yashica,Film Cameras,Used,69.99,USD,"FIXED_PRICE,BEST_OFFER",20,1600,as-is,US,odd-ball-items,100.0,2026-08-20T10:55:32.000Z,,https://www.ebay.com/itm/298603902597?hash=item45862df685:g:zRMAAeSwY89qXi~C,https://i.ebayimg.com/images/g/zRMAAeSwY89qXi~C/s-l225.jpg
残件/按现状;描述含糊,55.0,Canon Sure Shot ML AF 35 ML. untested comes as pictured . Lens has scratches,Canon,Film Cameras,Used,75.0,USD,"FIXED_PRICE,BEST_OFFER",5,1600,as-is,US,salg3794,100.0,2026-08-21T12:16:35.000Z,,https://www.ebay.com/itm/407160893947?hash=item5eccae31fb:g:vskAAeSwXeFqiEF3,https://i.ebayimg.com/images/g/vskAAeSwXeFqiEF3/s-l225.jpg
残件/按现状,55.0,parts repair Fujifilm Instax 210 Wide Instant Film Camera Black aperture stuck,Fujifilm,Film Cameras,For parts or not working,75.0,USD,"FIXED_PRICE,BEST_OFFER",10,1600,,US,phil_1231,98.4,2026-08-21T09:13:49.000Z,,https://www.ebay.com/itm/327320505595?hash=item4c35d28cfb:g:fwkAAeSwPZZqK9AW,https://i.ebayimg.com/images/g/fwkAAeSwPZZqK9AW/s-l225.jpg
残件/按现状,55.0,Vintage Canon FTb-QL 35mm Film Camera W/ 50mm f/1.8 Lens + Osram Flash -Untested,Canon,Film Cameras,Used,76.0,USD,FIXED_PRICE,11,1600,as-is,US,comes.a.time,100.0,2026-08-20T08:50:16.000Z,,https://www.ebay.com/itm/307136742960?hash=item4782c6c630:g:PFYAAeSw7F9qhr8d,https://i.ebayimg.com/images/g/PFYAAeSw7F9qhr8d/s-l225.jpg
描述含糊,55.0,Yashica Electro 35 GRangefinder Camera with Original Case as shown,Yashica,Film Cameras,Used,79.0,USD,FIXED_PRICE,5,1058,,US,diamondmarinellc,99.8,2026-08-21T00:25:39.000Z,,https://www.ebay.com/itm/267763129937?hash=item3e57ed1e51:g:o0wAAOSwSQxey7mk,https://i.ebayimg.com/images/g/o0wAAOSwSQxey7mk/s-l225.jpg
打包杂件,55.0,Pentax IQZoom EZY 35mm Camera Point Shoot Black Bundle Tested Works 3 Film Rolls,Pentax,Film Cameras,Used,79.95,USD,"FIXED_PRICE,BEST_OFFER",10,1600,,US,hook-and-hanger,99.9,2026-08-21T02:32:08.000Z,,https://www.ebay.com/itm/237020260726?hash=item372f822976:g:3AkAAeSwNRJqh6yw,https://i.ebayimg.com/images/g/3AkAAeSwNRJqh6yw/s-l225.jpg
残件/按现状,55.0,Fujifilm Instax Mini 90 Neo Classic Film Camera - Black. Untested/ For parts,Fujifilm,Film Cameras,For parts or not working,80.0,USD,"FIXED_PRICE,BEST_OFFER",5,1600,as-is,US,measurejoy,99.6,2026-08-20T20:40:52.000Z,,https://www.ebay.com/itm/237019769854?hash=item372f7aabfe:g:vwkAAeSwi55qh2U7,https://i.ebayimg.com/images/g/vwkAAeSwi55qh2U7/s-l225.jpg
残件/按现状,55.0,Olympus Stylus Z00m 70 Quartz date Film Camera . Untested.,Olympus,Film Cameras,For parts or not working,80.0,USD,"FIXED_PRICE,BEST_OFFER",5,1600,as-is,US,showbiz-surplus,100.0,2026-08-20T19:00:41.000Z,,https://www.ebay.com/itm/318760103256?hash=item4a37952d58:g:5ksAAeSw04tqh05u,https://i.ebayimg.com/images/g/5ksAAeSw04tqh05u/s-l225.jpg
残件/按现状,55.0,Vintage Canon RebelX Film Camera (TESTED) w/Flash (UNTESTED) READ DESCRIPTION!!!,Canon,Film Cameras,Used,89.99,USD,FIXED_PRICE,10,1600,as-is,US,goodwillomaha,99.8,2026-08-20T15:54:41.000Z,,https://www.ebay.com/itm/287536531603?hash=item42f2834893:g:gHIAAeSw0KVqhyah,https://i.ebayimg.com/images/g/gHIAAeSw0KVqhyah/s-l225.jpg
残件/按现状,55.0,Canon Sure Shot Z155 Caption 35mm Point & Shoot Film Camera W/Case *UNTESTED,Canon,Film Cameras,Used,90.0,USD,"FIXED_PRICE,BEST_OFFER",14,1600,as-is,US,signsandfinds,100.0,2026-08-20T21:28:23.000Z,,https://www.ebay.com/itm/278299963990?hash=item40cbf87256:g:~-QAAeSw3vtqh2-n,https://i.ebayimg.com/images/g/~-QAAeSw3vtqh2-n/s-l225.jpg
残件/按现状,55.0,Vintage Olympus ∞Stylus Zoom DLX Film Camera TESTED!!! READ DESCRIPTION!!!,Olympus,Film Cameras,Used,93.14,USD,FIXED_PRICE,10,1600,,US,goodwillomaha,99.8,2026-08-20T09:33:33.000Z,,https://www.ebay.com/itm/278298394552?hash=item40cbe07fb8:g:srEAAeSw2~5qchzQ,https://i.ebayimg.com/images/g/srEAAeSw2~5qchzQ/s-l225.jpg
型号不明,55.0,FOTGA ◆ Pentax K lens to Micro Four Thirds mount adapter,Pentax,Lenses,Used,110.17,USD,"FIXED_PRICE,BEST_OFFER",3,640,mount:micro 4/3,JP,bears2636,99.3,2026-08-20T08:52:14.000Z,,https://www.ebay.com/itm/206505393866?hash=item3014ae3eca:g:wo8AAeSwsx9qhsD2,https://i.ebayimg.com/images/g/wo8AAeSwsx9qhsD2/s-l225.jpg
残件/按现状,55.0,"Nikon L35 AF Point & Shoot 35mm Film Camera [AS IS, NO RETURN/READ!] #Z-78097",Nikon,Film Cameras,For parts or not working,119.99,USD,FIXED_PRICE,9,1600,as-is,US,gulfcoastcamera,100.0,2026-08-20T18:58:41.000Z,,https://www.ebay.com/itm/237019621995?hash=item372f786a6b:g:2yUAAeSwpyFqh04y,https://i.ebayimg.com/images/g/2yUAAeSwpyFqh04y/s-l225.jpg
残件/按现状,55.0,Nikon EM Bodies,Nikon,Film Cameras,For parts or not working,120.0,USD,"FIXED_PRICE,BEST_OFFER",4,1600,,US,raven00,100.0,2026-08-20T21:30:45.000Z,,https://www.ebay.com/itm/168628899940?hash=item274310d064:g:Gs0AAeSwTgpqh3HS,https://i.ebayimg.com/images/g/Gs0AAeSwTgpqh3HS/s-l225.jpg
型号不明,55.0,Shou-011 [Beautiful] NOVOFLEX (Made in Germany) MFTNIK Nikon F-Mount - Micro,Nikon,Lenses,Used,123.83,USD,"FIXED_PRICE,BEST_OFFER",5,1200,mount:nikon f,JP,bears2636,99.3,2026-08-20T08:48:58.000Z,,https://www.ebay.com/itm/178425953909?hash=item298b03fe75:g:IfEAAeSwsDVqhsCo,https://i.ebayimg.com/images/g/IfEAAeSwsDVqhsCo/s-l225.jpg
型号不明,55.0,Canon EF-S55-250mmF4-5.6 IS II 259786,Canon,Lenses,Used,147.04,USD,FIXED_PRICE,6,1080,mount:canon ef,JP,digree_japan,99.7,2026-08-20T05:16:41.000Z,,https://www.ebay.com/itm/307136456500?hash=item4782c26734:g:AvEAAeSwRUZqh7f~,https://i.ebayimg.com/images/g/AvEAAeSwRUZqh7f~/s-l225.jpg
查无市价,55.0,[MINT Boxed] Pentax Winder LX Film Camera Motor Drive Tested Working w/ Manual,Pentax,Film Cameras,Used,173.0,USD,FIXED_PRICE,11,0,good-cond,JP,ein.japan,99.5,2026-08-20T11:05:16.000Z,,https://www.ebay.com/itm/237018750629?hash=item372f6b1ea5:g:j4gAAeSwRUZqhuBj,https://i.ebayimg.com/images/g/j4gAAeSwRUZqhuBj/s-l225.jpg
查无市价,55.0,[Near MINT] Ricoh WG-40 Yellow Waterproof Shockproof Digital Camera From JAPAN,Ricoh,Film Cameras,Used,179.99,USD,FIXED_PRICE,11,0,good-cond,JP,arorin-camera-tokyo-japan,99.5,2026-08-20T06:44:38.000Z,,https://www.ebay.com/itm/158208115707?hash=item24d5f043fb:g:VmMAAeSw1qNqhqNI,https://i.ebayimg.com/images/g/VmMAAeSw1qNqhqNI/s-l225.jpg
残件/按现状,55.0,【 Near MINT】 Olympus PEN FT Film Camera w/38mm F1.8 Lens Meter Not Working Japan,Olympus,Film Cameras,Used,199.99,USD,"FIXED_PRICE,BEST_OFFER",23,1600,good-cond;as-is,JP,masser2trade,100.0,2026-08-21T01:23:54.000Z,,https://www.ebay.com/itm/800542688285?hash=itemba6410041d:g:NCIAAeSw--9qArBP,https://i.ebayimg.com/images/g/NCIAAeSw--9qArBP/s-l225.jpg
型号不明,55.0,【MINT- Meter Works】YASHICA 35 GS Rangefinder Film Camera,Yashica,Film Cameras,Used,215.99,USD,FIXED_PRICE,11,1600,good-cond,JP,japan_fun_camera,100.0,2026-08-21T01:12:28.000Z,,https://www.ebay.com/itm/188824621580?hash=item2bf6d3120c:g:jfoAAeSwSyNqJ3jM,https://i.ebayimg.com/images/g/jfoAAeSwSyNqJ3jM/s-l225.jpg
查无市价,55.0,[Near MINT] Canon IXY Digital 920 IS Gold 10.0 MP Digital Camera From JAPAN,Canon,Film Cameras,Used,245.99,USD,FIXED_PRICE,23,0,good-cond,JP,sat-camera-japan,100.0,2026-08-20T10:57:08.000Z,,https://www.ebay.com/itm/147517360791?hash=item2258b84a97:g:ydgAAeSwgqhqht84,https://i.ebayimg.com/images/g/ydgAAeSwgqhqht84/s-l225.jpg
型号不明,55.0,All Works [N MINT w/Case ] Canon P Rangefinder Film Camera Body Only From JAPAN,Canon,Film Cameras,Used,249.99,USD,FIXED_PRICE,11,1600,good-cond,JP,antique.21,100.0,2026-08-20T15:48:04.000Z,,https://www.ebay.com/itm/407158901903?hash=item5ecc8fcc8f:g:RPEAAeSwIR1qhyVU,https://i.ebayimg.com/images/g/RPEAAeSwIR1qhyVU/s-l225.jpg
查无市价,55.0,[MINT] Nikon COOLPIX P330 12.2MP 5x Zoom Lens Digital Camera Black From JAPAN,Nikon,Film Cameras,Used,265.99,USD,FIXED_PRICE,23,0,good-cond,JP,sat-camera-japan,100.0,2026-08-20T10:54:11.000Z,,https://www.ebay.com/itm/147517358229?hash=item2258b84095:g:svsAAeSwGEZqht41,https://i.ebayimg.com/images/g/svsAAeSwGEZqht41/s-l225.jpg
型号不明,55.0,*READ : Rare Gray : Mint in Case* Yashica A TLR 6x6 Medium Format Film Camera,Yashica,Film Cameras,Used,283.32,USD,FIXED_PRICE,17,1600,good-cond,JP,hitonaga-0,100.0,2026-08-21T11:38:35.000Z,,https://www.ebay.com/itm/407160803322?hash=item5eccaccffa:g:ttQAAeSwxLNqcHat,https://i.ebayimg.com/images/g/ttQAAeSwxLNqcHat/s-l225.jpg
查无市价,55.0,[Near MINT] Olympus E-1 w/ 14-54mm f2.8-3.5 Zoom Lens Charger From JAPAN,Olympus,Film Cameras,Used,350.0,USD,FIXED_PRICE,23,0,good-cond,JP,forestjapan,100.0,2026-08-20T05:58:02.000Z,,https://www.ebay.com/itm/318757555607?hash=item4a376e4d97:g:L88AAeSwTtFqhphj,https://i.ebayimg.com/images/g/L88AAeSwTtFqhphj/s-l225.jpg
查无市价,55.0,135 Tele Lens【N MINT】Mamiya Marshal Press 6x9 Camera + 105mm F3.5 from JAPAN J27,Mamiya,Film Cameras,Used,429.9,USD,FIXED_PRICE,16,1600,good-cond,JP,japanyuichi,100.0,2026-08-20T07:01:55.000Z,,https://www.ebay.com/itm/298603405450?hash=item458626608a:g:k7kAAOSwISNmeIy~,https://i.ebayimg.com/images/g/k7kAAOSwISNmeIy~/s-l225.jpg
查无市价,55.0,Rollei 35 SE Silver Sonnar 40mm F2.8 Film Camera #23988,Rollei,Film Cameras,Used,579.0,USD,FIXED_PRICE,13,1600,grail:Sonnar,HK,mkkcamera,100.0,2026-08-20T07:18:57.000Z,,https://www.ebay.com/itm/327318971504?hash=item4c35bb2470:g:AtcAAeSw0zlqhqpV,https://i.ebayimg.com/images/g/AtcAAeSw0zlqhqpV/s-l225.jpg
查无市价,55.0,Linhof Kardan Super Color ST 4x5 Monorail Camera with reflex attachment MINT.,Linhof,Film Cameras,New,975.0,USD,"FIXED_PRICE,AUCTION",18,1600,good-cond;auction,US,mrkurtz1,100.0,2026-08-20T20:41:30.000Z,2026-08-27T20:41:30.000Z,https://www.ebay.com/itm/287536881059?hash=item42f2889da3:g:xnsAAeSwU~lqh1p5,https://i.ebayimg.com/images/g/xnsAAeSwU~lqh1p5/s-l225.jpg
查无市价,55.0,[Near MINT w/New Bellow] Toyo View G 810 8x10 Large Format New Cut Holder JAPAN,Toyo,Film Cameras,Used,1879.99,USD,FIXED_PRICE,10,1600,good-cond,JP,rebirth_japan,100.0,2026-08-20T09:59:52.000Z,,https://www.ebay.com/itm/237018653720?hash=item372f69a418:g:-OAAAeSw1qNqhtF3,https://i.ebayimg.com/images/g/-OAAAeSw1qNqhtF3/s-l225.jpg
查无市价,55.0,[MINT] Wista 45VX 45 VX 4x5 Camera + Nikon 90 150 S Lens 210mm Lens From JAPAN,Wista,Film Cameras,Used,2299.99,USD,FIXED_PRICE,22,1600,good-cond,JP,taabo93,100.0,2026-08-21T11:24:50.000Z,,https://www.ebay.com/itm/137646762882?hash=item200c62eb82:g:tg4AAeSwQe1qiDay,https://i.ebayimg.com/images/g/tg4AAeSwQe1qiDay/s-l225.jpg
查无市价,55.0,"【MINT】 Deardorff 5x7 w/ Original Case Cut holder x15, 4x5 Back from JAPAN P63",Deardorff,Film Cameras,Used,3999.9,USD,FIXED_PRICE,23,1517,good-cond,JP,japanyuichi,100.0,2026-08-20T21:53:15.000Z,,https://www.ebay.com/itm/298605192432?hash=item458641a4f0:g:IcgAAeSw9w5pzamN,https://i.ebayimg.com/images/g/IcgAAeSw9w5pzamN/s-l225.jpg
查无市价,55.0,*Near Mint* Toyo Field 810M II 8x10 Large Format Film Camera Body From Japan,Toyo,Film Cameras,Used,4156.65,USD,FIXED_PRICE,11,1320,good-cond,JP,dub0804-55,100.0,2026-08-21T11:34:44.000Z,,https://www.ebay.com/itm/366620397031?hash=item555c474de7:g:5U8AAOSw9nxjHSdQ,https://i.ebayimg.com/images/g/5U8AAOSw9nxjHSdQ/s-l225.jpg
残件/按现状,54.0,Canon UC6000 8mm Video Camcorder,Canon,Camcorders,For parts or not working,30.62,USD,"FIXED_PRICE,BEST_OFFER",4,1600,underpriced(med 127),GB,flippingandshipping,99.1,2026-08-21T09:00:00.000Z,,https://www.ebay.com/itm/377437980999?hash=item57e10e8947:g:CGwAAeSwFqRpw~yA,https://i.ebayimg.com/images/g/CGwAAeSwFqRpw~yA/s-l225.jpg
残件/按现状,54.0,Canon Optura 20 Mini DV Digital Video Recorder Camcorder - For Parts or Repair,Canon,Camcorders,For parts or not working,36.24,USD,FIXED_PRICE,10,1600,as-is;underpriced(med 127),CA,netjunky6947,100.0,2026-08-20T21:25:51.000Z,,https://www.ebay.com/itm/158210265894?hash=item24d6111326:g:~dUAAeSwjspqh3DS,https://i.ebayimg.com/images/g/~dUAAeSwjspqh3DS/s-l225.jpg
残件/按现状,54.0,[NEAR MINT in Box] Sony DCR-HC62 Handycam Camcorder 25x zoom Silver From JAPAN,Sony,Camcorders,For parts or not working,58.01,USD,"FIXED_PRICE,BEST_OFFER",5,1402,good-cond;underpriced(med 160),CA,steffinds9,0.0,2026-08-21T00:21:23.000Z,,https://www.ebay.com/itm/398309490063?hash=item5cbd187d8f:g:~a8AAeSwUxNqh5mp,https://i.ebayimg.com/images/g/~a8AAeSwUxNqh5mp/s-l225.jpg
残件/按现状,54.0,Canon Digital IXUS 40 4.0 MP Compact Camera & Case Boxed Silver + Spare Battery,Canon,Digital Cameras,Used,102.22,USD,"FIXED_PRICE,BEST_OFFER",20,1600,good-cond;underpriced(med 330),GB,andy_birch,99.9,2026-08-20T10:23:11.000Z,,https://www.ebay.com/itm/298603802030?hash=item45862c6dae:g:4NIAAeSwuQVqhtSy,https://i.ebayimg.com/images/g/4NIAAeSwuQVqhtSy/s-l225.jpg
打包杂件,54.0,Canon IXUS 990 IS 12.1MP Compact Digital Camera Bundle Boxed Tested - VGC,Canon,Digital Cameras,Used,143.25,USD,FIXED_PRICE,6,1463,good-cond;underpriced(med 330),GB,tcandcodealers,99.7,2026-08-20T11:40:58.000Z,,https://www.ebay.com/itm/318758724687?hash=item4a3780244f:g:wSoAAeSw131qhuVX,https://i.ebayimg.com/images/g/wSoAAeSw131qhuVX/s-l225.jpg
残件/按现状,54.0,Konica Autoreflex X 35mm SLR Film Camera Hexanon 52mm f/1.8 Counter Faulty,Konica,Film Cameras,Used,150.0,USD,"FIXED_PRICE,BEST_OFFER",18,1600,52mm,JP,allprotoolsjp,100.0,2026-08-21T03:48:10.000Z,,https://www.ebay.com/itm/206507525875?hash=item3014cec6f3:g:Bo8AAeSwdUJqdalp,https://i.ebayimg.com/images/g/Bo8AAeSwdUJqdalp/s-l225.jpg
残件/按现状,54.0,PENTAX KX 35mm SLR Film Camera SMC PENTAX 55mm f/1.8 Lens JAPAN AS IS FOR PARTS,Pentax,Film Cameras,Used,245.0,USD,"FIXED_PRICE,BEST_OFFER",22,1600,mount:pentax k;55mm;as-is,JP,hana_from_japan,100.0,2026-08-21T10:57:45.000Z,,https://www.ebay.com/itm/168630442541?hash=item2743285a2d:g:pvgAAeSwycZqa0Y5,https://i.ebayimg.com/images/g/pvgAAeSwycZqa0Y5/s-l225.jpg
查无市价,54.0,Leica Summilux R 50mm f/1.4 Cinemodded Lens Simmod EF,Leica,Lenses,Used,1500.0,USD,"FIXED_PRICE,BEST_OFFER",3,0,grail:Summilux;mount:canon ef,US,panda_guy,100.0,2026-08-20T10:07:20.000Z,,https://www.ebay.com/itm/336752344391?hash=item4e6800fd47:g:7WYAAeSw-MtqhtG4,https://i.ebayimg.com/images/g/7WYAAeSw-MtqhtG4/s-l225.jpg
残件/按现状,53.0,"Minolta XG-1 35mm SLR Film Camera Body, Silver/Black (No Lens) UNTESTED",Minolta,Vintage Cameras,,25.0,USD,"FIXED_PRICE,BEST_OFFER",2,1600,as-is,US,morne20,100.0,2026-08-20T21:48:50.000Z,,https://www.ebay.com/itm/800541935327?hash=itemba640486df:g:sRwAAeSwGFpqh3Wi,https://i.ebayimg.com/images/g/sRwAAeSwGFpqh3Wi/s-l225.jpg
残件/按现状,53.0,Canon PowerShot A480 10 MP Digital Camera w/3.3x Optical Zoom #G126,Canon,Digital Cameras,For parts or not working,27.09,USD,"FIXED_PRICE,BEST_OFFER",6,1600,underpriced(med 330),US,robertscamera,99.8,2026-08-20T17:56:46.000Z,,https://www.ebay.com/itm/407159130122?hash=item5ecc93480a:g:iRMAAeSwz0Jqhz~X,https://i.ebayimg.com/images/g/iRMAAeSwz0Jqhz~X/s-l225.jpg
残件/按现状,53.0,Olympus Camedia C-740 Ultra Zoom Digital Camera Works READ DESCRIPTION,Olympus,Digital Cameras,Used,27.99,USD,"FIXED_PRICE,BEST_OFFER",13,1600,underpriced(med 200),US,smart.mamaa,100.0,2026-08-20T07:26:34.000Z,,https://www.ebay.com/itm/198583778407?hash=item2e3c83fc67:g:xYYAAeSwRydqXcRF,https://i.ebayimg.com/images/g/xYYAAeSwRydqXcRF/s-l225.jpg
残件/按现状,53.0,Nikon Coolpix L24 14.0MP 3.6x Optical Zoom Digital Camera Turns On READ,Nikon,Digital Cameras,For parts or not working,27.99,USD,"FIXED_PRICE,BEST_OFFER",14,1599,underpriced(med 250),US,las_vegas_flips,99.8,2026-08-20T04:34:23.000Z,,https://www.ebay.com/itm/227483450448?hash=item34f711fc50:g:8FEAAeSw5spp5r1h,https://i.ebayimg.com/images/g/8FEAAeSw5spp5r1h/s-l225.jpg
残件/按现状,53.0,Nikon COOLPIX S4000 Compact Camera Purple 12MP 4x Wide Angle 2.7in USB,Nikon,Digital Cameras,For parts or not working,28.5,USD,"FIXED_PRICE,BEST_OFFER",3,1592,underpriced(med 250),US,hiddentreasures614,100.0,2026-08-20T15:22:20.000Z,,https://www.ebay.com/itm/800540521400?hash=itemba63eef3b8:g:jJQAAeSwguZqhxtt,https://i.ebayimg.com/images/g/jJQAAeSwguZqhxtt/s-l225.jpg
残件/按现状,53.0,"Canon PowerShot G6 7.1 Megapixels 4x Optical Zoom Digital Camera, Case FOR PARTS",Canon,Digital Cameras,For parts or not working,29.97,USD,"FIXED_PRICE,BEST_OFFER",9,1600,as-is;underpriced(med 330),US,flippinfabulousfinds,100.0,2026-08-20T11:42:44.000Z,,https://www.ebay.com/itm/336752488040?hash=item4e68032e68:g:wO0AAeSwie9qhuYf,https://i.ebayimg.com/images/g/wO0AAeSwie9qhuYf/s-l225.jpg
残件/按现状,53.0,Canon PowerShot S3 IS 6.0 MP Digital Camera — 12x Optical Zoom LENS ERROR.,Canon,Digital Cameras,For parts or not working,29.99,USD,FIXED_PRICE,3,1600,underpriced(med 330),US,chubshoes,99.5,2026-08-20T19:25:59.000Z,,https://www.ebay.com/itm/137644324924?hash=item200c3db83c:g:SUQAAeSwZuRqh1S2,https://i.ebayimg.com/images/g/SUQAAeSwZuRqh1S2/s-l225.jpg
残件/按现状,53.0,Nikon D100 Digital SLR Camera Body Only Black Read,Nikon,Digital Cameras,For parts or not working,29.99,USD,FIXED_PRICE,4,1600,underpriced(med 250),US,tensawc0,100.0,2026-08-20T19:07:55.000Z,,https://www.ebay.com/itm/287536759789?hash=item42f286c3ed:g:J9cAAeSw7F9qh1AF,https://i.ebayimg.com/images/g/J9cAAeSw7F9qh1AF/s-l225.jpg
残件/按现状,53.0,Vintage Nikon Coolpix 5700 Digital Camera 5.0 MP 8X Zoom Parts Repair Battery,Nikon,Digital Cameras,For parts or not working,29.99,USD,"FIXED_PRICE,BEST_OFFER",8,1600,underpriced(med 250),US,bravas82,99.9,2026-08-20T13:12:16.000Z,,https://www.ebay.com/itm/298604186005?hash=item4586324995:g:KKcAAeSwfPFqhv0G,https://i.ebayimg.com/images/g/KKcAAeSwfPFqhv0G/s-l225.jpg
残件/按现状,53.0,Canon PowerShot A1100 IS Digital Camera 12.1 MP 4x Zoom Silver For Parts,Canon,Digital Cameras,For parts or not working,29.99,USD,"FIXED_PRICE,BEST_OFFER",7,1600,as-is;underpriced(med 330),US,libertythrifts,99.2,2026-08-20T05:39:37.000Z,,https://www.ebay.com/itm/800538173616?hash=itemba63cb20b0:g:uH4AAeSwQMdp7mI9,https://i.ebayimg.com/images/g/uH4AAeSwQMdp7mI9/s-l225.jpg
残件/按现状,53.0,Nikon Coolpix S4000 Camera Set With All Accessories - Works With No Auto Focus,Nikon,Digital Cameras,For parts or not working,30.0,USD,"FIXED_PRICE,BEST_OFFER",9,1600,underpriced(med 250),US,koegelman2,100.0,2026-08-20T10:33:41.000Z,,https://www.ebay.com/itm/168627771926?hash=item2742ff9a16:g:EJIAAeSw0FZqhtcF,https://i.ebayimg.com/images/g/EJIAAeSw0FZqhtcF/s-l225.jpg
残件/按现状,53.0,NIKON COOLPIX L1 6.2MP Digital Camera Black With Accessories (FOR PARTS ONLY),Nikon,Digital Cameras,For parts or not working,30.99,USD,FIXED_PRICE,18,1600,as-is;underpriced(med 250),US,pinkyflor,100.0,2026-08-20T06:31:13.000Z,,https://www.ebay.com/itm/227483545419?hash=item34f7136f4b:g:CDMAAeSwbBtntrf6,https://i.ebayimg.com/images/g/CDMAAeSwbBtntrf6/s-l225.jpg
残件/按现状,53.0,Nikon Coolpix L22 12MP Digital Camera w/3.6x Zoom *Inoperable #785,Nikon,Digital Cameras,For parts or not working,33.11,USD,"FIXED_PRICE,BEST_OFFER",5,1600,underpriced(med 250),US,robertscamera,99.8,2026-08-20T17:12:49.000Z,,https://www.ebay.com/itm/206506447913?hash=item3014be5429:g:FasAAeSw2o5qhzWN,https://i.ebayimg.com/images/g/FasAAeSw2o5qhzWN/s-l225.jpg
残件/按现状,53.0,Canon EOS 50D 15.1MP Digital SLR Camera Body #G447,Canon,Digital Cameras,For parts or not working,36.13,USD,"FIXED_PRICE,BEST_OFFER",7,1600,underpriced(med 330),US,robertscamera,99.8,2026-08-20T14:23:47.000Z,,https://www.ebay.com/itm/206506152382?hash=item3014b9d1be:g:P4IAAeSwKX9qhw3q,https://i.ebayimg.com/images/g/P4IAAeSwKX9qhw3q/s-l225.jpg
残件/按现状,53.0,Nikon D50 DSLR Digital Camera Body Only - Parts/Repair,Nikon,Digital Cameras,For parts or not working,39.0,USD,"FIXED_PRICE,BEST_OFFER",11,1600,underpriced(med 250),US,turmaana,100.0,2026-08-20T19:04:38.000Z,,https://www.ebay.com/itm/307137786920?hash=item4782d6b428:g:H3IAAeSw7F9qh08M,https://i.ebayimg.com/images/g/H3IAAeSw7F9qh08M/s-l225.jpg
残件/按现状,53.0,Nikon Coolpix S4300 Compact Digital Plum Purple Camera PARTS ONLY Screen Damage,Nikon,Digital Cameras,For parts or not working,39.87,USD,FIXED_PRICE,6,1600,as-is;underpriced(med 250),US,jondoc93,99.2,2026-08-20T12:23:18.000Z,,https://www.ebay.com/itm/128036185645?hash=item1dcf8d262d:g:LQgAAeSwHQBqhvGL,https://i.ebayimg.com/images/g/LQgAAeSwHQBqhvGL/s-l225.jpg
残件/按现状,53.0,Canon PowerShot SD850 IS 8MP Digital Camera Parts Repair Lens Stuck,Canon,Digital Cameras,For parts or not working,39.95,USD,FIXED_PRICE,4,1193,underpriced(med 330),US,awwgallery,99.7,2026-08-20T18:33:59.000Z,,https://www.ebay.com/itm/820028010668?hash=itembeed7a70ac:g:5tIAAeSw1Pxqh0gx,https://i.ebayimg.com/images/g/5tIAAeSw1Pxqh0gx/s-l225.jpg
残件/按现状,53.0,Nikon Coolpix S6000 14.2 MP Digital Camera HDMI 7x Optical Zoom Cracked Screen,Nikon,Digital Cameras,For parts or not working,39.99,USD,FIXED_PRICE,2,1600,underpriced(med 250),US,2015-depuy,99.9,2026-08-20T12:19:38.000Z,,https://www.ebay.com/itm/188822002134?hash=item2bf6ab19d6:g:PEwAAeSwBEtqYLuP,https://i.ebayimg.com/images/g/PEwAAeSwBEtqYLuP/s-l225.jpg
残件/按现状,53.0,Nikon COOLPIX S3000 12.0 MP Digital Camera 4X Optical Zoom Plum Lens Error,Nikon,Digital Cameras,For parts or not working,39.99,USD,"FIXED_PRICE,BEST_OFFER",10,1600,underpriced(med 250),US,crunkin4justinrt,100.0,2026-08-20T08:32:05.000Z,,https://www.ebay.com/itm/257692268957?hash=item3bffa7f99d:g:zdwAAeSwAI1o-NdW,https://i.ebayimg.com/images/g/zdwAAeSwAI1o-NdW/s-l225.jpg
残件/按现状,53.0,"Olympus E-420. Turns On. parts or not working, DONT KNOW",Olympus,Digital Cameras,For parts or not working,43.75,USD,"FIXED_PRICE,BEST_OFFER",10,1600,as-is;underpriced(med 200),US,turmaana,100.0,2026-08-20T19:15:47.000Z,,https://www.ebay.com/itm/307137803709?hash=item4782d6f5bd:g:GNsAAeSwO6xqh1GF,https://i.ebayimg.com/images/g/GNsAAeSwO6xqh1GF/s-l225.jpg
残件/按现状,53.0,Nikon Digital Camera Coolpix 3100 3.2MP Silver Tested With Memory Card UNTESTED,Nikon,Digital Cameras,Used,44.13,USD,"FIXED_PRICE,BEST_OFFER",15,1600,as-is;underpriced(med 250),US,rewindfinds,100.0,2026-08-20T07:53:10.000Z,,https://www.ebay.com/itm/398306838182?hash=item5cbcf006a6:g:k2AAAOSwFOhoL2XF,https://i.ebayimg.com/images/g/k2AAAOSwFOhoL2XF/s-l225.jpg
打包杂件,53.0,Canon Ivy CLIQ 2 Teal Instant Camera Printer CV-223 Bundle,Canon,Digital Cameras,Used,44.95,USD,FIXED_PRICE,7,1600,underpriced(med 330),US,quickcams,99.8,2026-08-20T17:13:52.000Z,,https://www.ebay.com/itm/168628474324?hash=item27430a51d4:g:Md4AAeSwUkpqhzWX,https://i.ebayimg.com/images/g/Md4AAeSwUkpqhzWX/s-l225.jpg
残件/按现状,53.0,Nikon D D5000 12.3MP Digital SLR Camera - Black (Body Only) Defective for Parts,Nikon,Digital Cameras,For parts or not working,44.99,USD,"FIXED_PRICE,BEST_OFFER",10,1385,as-is;underpriced(med 250),US,shims1,99.7,2026-08-20T11:39:23.000Z,,https://www.ebay.com/itm/327319217431?hash=item4c35bee517:g:uDEAAeSwNoNqhucd,https://i.ebayimg.com/images/g/uDEAAeSwNoNqhucd/s-l225.jpg
残件/按现状,53.0,Fujifilm FinePix S8000fd Digital Camera with Strap (For Parts),Fujifilm,Digital Cameras,For parts or not working,49.0,USD,"FIXED_PRICE,BEST_OFFER",5,1600,as-is;underpriced(med 234),US,ginosko_tech,99.2,2026-08-20T16:35:46.000Z,,https://www.ebay.com/itm/267762782591?hash=item3e57e7d17f:g:iOoAAeSwX4xqhyzf,https://i.ebayimg.com/images/g/iOoAAeSwX4xqhyzf/s-l225.jpg
打包杂件,53.0,Nikon Coolpix L120 Bridge Digital Camera 14.1MP 21x Optical Zoom Bundle - TESTED,Nikon,Digital Cameras,Used,52.46,USD,FIXED_PRICE,20,1254,underpriced(med 250),US,jem_pickers,99.4,2026-08-20T08:07:29.000Z,,https://www.ebay.com/itm/198583837665?hash=item2e3c84e3e1:g:fVoAAeSw371qbFh1,https://i.ebayimg.com/images/g/fVoAAeSw371qbFh1/s-l225.jpg
残件/按现状;打包杂件,53.0,Lot Of 6 Cameras And Recorders Samsung Nikon Vivitar Vivitek DXG for parts/other,Nikon,Digital Cameras,For parts or not working,55.0,USD,"FIXED_PRICE,BEST_OFFER",17,1600,as-is;underpriced(med 250),US,gver7137,100.0,2026-08-20T14:29:50.000Z,,https://www.ebay.com/itm/158209271487?hash=item24d601e6bf:g:RTAAAeSw131qhw4N,https://i.ebayimg.com/images/g/RTAAAeSw131qhw4N/s-l225.jpg
残件/按现状;打包杂件,53.0,Lot Digital Camera Bundle For Parts or Repair Nikon HP Five Star Lens,Nikon,Digital Cameras,For parts or not working,55.0,USD,FIXED_PRICE,20,1600,as-is;underpriced(med 250),US,aneye4treasure208,99.9,2026-08-20T09:40:13.000Z,,https://www.ebay.com/itm/278298399543?hash=item40cbe09337:g:vtwAAeSwfgRpH0Ug,https://i.ebayimg.com/images/g/vtwAAeSwfgRpH0Ug/s-l225.jpg
残件/按现状,53.0,Nikon Coolpix P520 18.1MP Digital Camera w/42x Zoom *Inoperable #893,Nikon,Digital Cameras,For parts or not working,57.18,USD,"FIXED_PRICE,BEST_OFFER",6,1600,underpriced(med 250),US,robertscamera,99.8,2026-08-20T18:53:16.000Z,,https://www.ebay.com/itm/407159222328?hash=item5ecc94b038:g:NCwAAeSw94Nqh00W,https://i.ebayimg.com/images/g/NCwAAeSw94Nqh00W/s-l225.jpg
残件/按现状;打包杂件,53.0,Nikon Coolpix S3300 16.0MP Digital Camera Silver Bundle Case & Battery UNTESTED,Nikon,Digital Cameras,Used,59.0,USD,FIXED_PRICE,19,1599,as-is;underpriced(med 250),US,leisurelylksd,100.0,2026-08-20T13:44:08.000Z,,https://www.ebay.com/itm/800540133420?hash=itemba63e9082c:g:9p0AAeSw1nRqhwOr,https://i.ebayimg.com/images/g/9p0AAeSw1nRqhwOr/s-l225.jpg
残件/按现状,53.0,Canon PowerShot SD1100 IS 8MP Blue Digital Camera FOR PARTS Turns On - Black LCD,Canon,Digital Cameras,For parts or not working,59.87,USD,"FIXED_PRICE,BEST_OFFER",8,1600,as-is;underpriced(med 330),US,davidb2244,99.9,2026-08-20T14:16:14.000Z,,https://www.ebay.com/itm/307137344422?hash=item4782cff3a6:g:ftoAAeSwsx9qhwgJ,https://i.ebayimg.com/images/g/ftoAAeSwsx9qhwgJ/s-l225.jpg
打包杂件,53.0,Pentax Optio S5z Silver Digital Camera 5.0MP 3x Zoom Bundle with Charger Case,Pentax,Digital Cameras,Used,59.9,USD,"FIXED_PRICE,BEST_OFFER",11,1600,underpriced(med 224),US,angelshop21,98.9,2026-08-20T13:29:20.000Z,,https://www.ebay.com/itm/820027083941?hash=itembeed6c4ca5:g:pdAAAeSwUv5qDcpc,https://i.ebayimg.com/images/g/pdAAAeSwUv5qDcpc/s-l225.jpg
打包杂件,53.0,Yashica Samurai 4000ix APS Film Camera 30-120mm Zoom + Manual + Case Bundle lot,Yashica,Vintage Cameras,,59.99,USD,FIXED_PRICE,9,1176,,US,cyclewarehouse,99.3,2026-08-21T07:23:29.000Z,,https://www.ebay.com/itm/178429164538?hash=item298b34fbfa:g:DdAAAeSwuhVp66pT,https://i.ebayimg.com/images/g/DdAAAeSwuhVp66pT/s-l225.jpg
打包杂件,53.0,Olympus FE-370 8MP Digital Camera 5x Optical Zoom 2gb Card Bundle Works Perfect,Olympus,Digital Cameras,Used,69.99,USD,FIXED_PRICE,7,1600,mount:sony e;underpriced(med 200),US,chunkyinv,100.0,2026-08-20T14:04:02.000Z,,https://www.ebay.com/itm/800540214710?hash=itemba63ea45b6:g:7J0AAeSw0jhqPbjt,https://i.ebayimg.com/images/g/7J0AAeSw0jhqPbjt/s-l225.jpg
型号不明,53.0,[Excellent+5] Panasonic LUMIX DMC-GF1 Digital Camera Body w/ Charge Tested TB04,Panasonic,Lenses,Used,139.11,USD,FIXED_PRICE,9,1200,underpriced(med 377),JP,dannysjapancollectable,100.0,2026-08-20T06:53:39.000Z,,https://www.ebay.com/itm/287535718724?hash=item42f276e144:g:LbkAAeSwYQVqhqTv,https://i.ebayimg.com/images/g/LbkAAeSwYQVqhqTv/s-l225.jpg
型号不明,53.0,Sony VCL-ECU2 Ultra Wide Converter e12606,Sony,Lenses,Used,145.27,USD,"FIXED_PRICE,BEST_OFFER",6,1200,underpriced(med 399),JP,bears2636,99.3,2026-08-20T08:48:57.000Z,,https://www.ebay.com/itm/178425953827?hash=item298b03fe23:g:DQEAAeSwmmZqhr~2,https://i.ebayimg.com/images/g/DQEAAeSwmmZqhr~2/s-l225.jpg
打包杂件,52.0,[2 Lens Bundle] Pentax Pentax-FA J 75-300mm F4.5-5.8 Pentax-Dal 18-55mm,Pentax,Lenses,Used,111.12,USD,"FIXED_PRICE,BEST_OFFER",9,0,55mm,JP,bears2636,99.3,2026-08-20T08:51:45.000Z,,https://www.ebay.com/itm/206505391279?hash=item3014ae34af:g:x58AAeSwR-1qhsDY,https://i.ebayimg.com/images/g/x58AAeSwR-1qhsDY/s-l225.jpg
型号不明,52.0,Sigma MC-11 Mount Converter Lens Adapter -Canon EF Mount Lens to Sony E,Sigma,Lenses,Used,139.66,USD,"FIXED_PRICE,BEST_OFFER",4,1054,mount:canon ef;underpriced(med 348),CN,yilaifwu,100.0,2026-08-20T09:25:14.000Z,,https://www.ebay.com/itm/227483733212?hash=item34f7164cdc:g:d58AAeSwHrZqhsm7,https://i.ebayimg.com/images/g/d58AAeSwHrZqhsm7/s-l225.jpg
型号不明,52.0,Pentax 6X7 Lens Adapter K,Pentax,Lenses,Used,178.7,USD,"FIXED_PRICE,BEST_OFFER",6,1200,grail:6X7,JP,bears2636,99.3,2026-08-20T08:51:45.000Z,,https://www.ebay.com/itm/206505391203?hash=item3014ae3463:g:Fh4AAeSwpyFqhsEb,https://i.ebayimg.com/images/g/Fh4AAeSwpyFqhsEb/s-l225.jpg
型号不明,52.0,Pentax FA 645 80-mm F4.5 Medium Format Zoom Lens #5237W0644,Pentax,Lenses,Used,244.93,USD,"FIXED_PRICE,BEST_OFFER",9,0,grail:645,JP,bears2636,99.3,2026-08-20T08:51:10.000Z,,https://www.ebay.com/itm/206505386855?hash=item3014ae2367:g:EDEAAeSwSytqhsEk,https://i.ebayimg.com/images/g/EDEAAeSwSytqhsEk/s-l225.jpg
型号不明,52.0,PENTAX-FA 645 Pentax 150-300mmF5.6ED /3301 Operation OK Refund,Pentax,Lenses,Used,392.1,USD,"FIXED_PRICE,BEST_OFFER",9,0,grail:645,JP,bears2636,99.3,2026-08-20T08:51:09.000Z,,https://www.ebay.com/itm/206505386715?hash=item3014ae22db:g:G68AAeSw1LlqhsDu,https://i.ebayimg.com/images/g/G68AAeSw1LlqhsDu/s-l225.jpg
查无市价,52.0,Pentax LX Later Model 35mm SLR Film Camera Body,Pentax,Film Cameras,Used,581.0,USD,"FIXED_PRICE,BEST_OFFER",12,0,grail:Pentax LX,JP,fivestarcamera,99.9,2026-08-20T05:27:56.000Z,,https://www.ebay.com/itm/298603231600?hash=item458623b970:g:MB8AAeSwQe1qhpBW,https://i.ebayimg.com/images/g/MB8AAeSwQe1qhpBW/s-l225.jpg
型号不明,52.0,Contax Carl Zeiss Biogon 28 f2.8 T* Y266-Y7,Contax,Lenses,Used,644.38,USD,"FIXED_PRICE,BEST_OFFER",6,0,grail:Biogon,JP,bears2636,99.3,2026-08-20T08:49:35.000Z,,https://www.ebay.com/itm/178425955521?hash=item298b0404c1:g:CtAAAeSwNRJqhsCS,https://i.ebayimg.com/images/g/CtAAAeSwNRJqhsCS/s-l225.jpg
型号不明,52.0,Medium format camera + lens Zenza Bronica EC + N-P75mm CB311150 Condition [B] (,Bronica,Lenses,Used,663.5,USD,"FIXED_PRICE,BEST_OFFER",5,0,grail:Bronica EC,JP,bears2636,99.3,2026-08-20T19:47:49.000Z,,https://www.ebay.com/itm/188823511193?hash=item2bf6c22099:g:yycAAeSwndxqh1rZ,https://i.ebayimg.com/images/g/yycAAeSwndxqh1rZ/s-l225.jpg
打包杂件,52.0,"HUGE Black Nikon FE2 35mm Film Camera Lot - 4 lenses, flash, tripod, case, etc.",Nikon,Film Cameras,Used,699.99,USD,"FIXED_PRICE,AUCTION",21,1600,grail:FE2;auction,US,walt777,100.0,2026-08-21T02:00:01.000Z,2026-08-31T02:00:01.000Z,https://www.ebay.com/itm/237019873479?hash=item372f7c40c7:g:QLoAAeSw7F9qh3Gf,https://i.ebayimg.com/images/g/QLoAAeSw7F9qh3Gf/s-l225.jpg
残件/按现状,51.0,Graflex Camera Century,Graflex,Film Cameras,For parts or not working,0.0,USD,AUCTION,15,0,auction,US,made-in-usa53,100.0,2026-08-21T01:38:01.000Z,2026-08-31T01:38:01.000Z,https://www.ebay.com/itm/820028323616?hash=itembeed7f3720:g:yMMAAeSwgwRqh2UT,https://i.ebayimg.com/images/g/yMMAAeSwgwRqh2UT/s-l225.jpg
残件/按现状;打包杂件,51.0,Vintage Camera Lot Mamiya Agfa Keystone Kodak Duaflex Untested,Mamiya,Vintage Cameras,,0.0,USD,AUCTION,15,0,as-is;auction,US,nihoksb_0,100.0,2026-08-20T19:42:01.000Z,2026-08-30T19:42:01.000Z,https://www.ebay.com/itm/820023815310?hash=itembeed3a6c8e:g:64YAAeSwrWpqhgMl,https://i.ebayimg.com/images/g/64YAAeSwrWpqhgMl/s-l225.jpg
型号不明,51.0,"Hasselblad HC 120 f/4.0 Macro lens, mint (never used), with lens shade/cap, case",Hasselblad,Lenses,New,0.0,USD,"AUCTION,BEST_OFFER",5,0,good-cond;auction,US,wanor-1,100.0,2026-08-20T19:12:07.000Z,2026-08-27T19:12:07.000Z,https://www.ebay.com/itm/158209965909?hash=item24d60c7f55:g:8p4AAeSwNoNqh1AI,https://i.ebayimg.com/images/g/8p4AAeSwNoNqh1AI/s-l225.jpg
残件/按现状,51.0,Sony DCR-HC96 MiniDV Handycam Camcorder – For Parts / Repair,Sony,Camcorders,For parts or not working,49.0,USD,FIXED_PRICE,10,0,as-is;underpriced(med 160),JP,tomo654,99.0,2026-08-21T09:22:29.000Z,,https://www.ebay.com/itm/318762970269?hash=item4a37c0ec9d:g:LUoAAeSwjh5qiBhJ,https://i.ebayimg.com/images/g/LUoAAeSwjh5qiBhJ/s-l225.jpg
打包杂件,51.0,Minolta MC Lens Lot - 28mm Wide Angle & 135mm Telephoto with Leather Pouches,Minolta,Lenses,Used,60.0,USD,"FIXED_PRICE,BEST_OFFER",3,0,,US,iacpsc,100.0,2026-08-20T17:53:01.000Z,,https://www.ebay.com/itm/147518076652?hash=item2258c336ec:g:C-UAAeSwKX9qhzkK,https://i.ebayimg.com/images/g/C-UAAeSwKX9qhzkK/s-l225.jpg
残件/按现状,51.0,【AS IS】 FUJIFILM FinePix F401 3X FromJapan #ak329,Fujifilm,Digital Cameras,For parts or not working,74.05,USD,FIXED_PRICE,4,0,as-is;underpriced(med 234),JP,somtom_9,99.3,2026-08-20T05:16:11.000Z,,https://www.ebay.com/itm/188820499441?hash=item2bf6942bf1:g:HOEAAeSw2Ztqho7O,https://i.ebayimg.com/images/g/HOEAAeSw2Ztqho7O/s-l225.jpg
残件/按现状,51.0,RICOH AUTO HALF E Compact Film Camera Untested Pre-Owned Sold As Is,Ricoh,Film Cameras,Used,79.49,USD,FIXED_PRICE,2,0,as-is,JP,roots-0111,100.0,2026-08-21T07:33:01.000Z,,https://www.ebay.com/itm/206507933690?hash=item3014d4fffa:g:4ZwAAeSwMtZqiABj,https://i.ebayimg.com/images/g/4ZwAAeSwMtZqiABj/s-l225.jpg
残件/按现状,51.0,RICOH AUTO HALF 35mm Half Frame Film Camera 25mm F2.8 Not Working Case,Ricoh,Film Cameras,Used,80.96,USD,FIXED_PRICE,6,0,as-is,JP,roots-0111,100.0,2026-08-21T07:33:01.000Z,,https://www.ebay.com/itm/206507933686?hash=item3014d4fff6:g:B7sAAeSwYQVqh~~j,https://i.ebayimg.com/images/g/B7sAAeSwYQVqh~~j/s-l225.jpg
残件/按现状,51.0,RICOH AUTO HALF E Half Film Camera 25mm F2.8 As Is,Ricoh,Film Cameras,Used,88.32,USD,FIXED_PRICE,6,0,as-is,JP,roots-0111,100.0,2026-08-21T07:33:01.000Z,,https://www.ebay.com/itm/206507933687?hash=item3014d4fff7:g:DbMAAeSwWkZqiAAf,https://i.ebayimg.com/images/g/DbMAAeSwWkZqiAAf/s-l225.jpg
残件/按现状,51.0,RICOH AUTO HALF S Film Camera Shutter Works Untested with Film Vintage,Ricoh,Film Cameras,Used,92.74,USD,FIXED_PRICE,7,0,as-is,JP,roots-0111,100.0,2026-08-21T07:33:01.000Z,,https://www.ebay.com/itm/206507933696?hash=item3014d50000:g:yzAAAeSwPdNqh~-s,https://i.ebayimg.com/images/g/yzAAAeSwPdNqh~-s/s-l225.jpg
残件/按现状,51.0,RICOH AUTO HALF SE Film Camera Silver F2.8 Case Untested,Ricoh,Film Cameras,Used,94.21,USD,FIXED_PRICE,9,0,as-is,JP,roots-0111,100.0,2026-08-21T07:33:01.000Z,,https://www.ebay.com/itm/206507933682?hash=item3014d4fff2:g:tikAAeSw04tqh~-r,https://i.ebayimg.com/images/g/tikAAeSw04tqh~-r/s-l225.jpg
残件/按现状,51.0,RICOH AUTO HALF E Film Camera with Case Untested Sold As Is,Ricoh,Film Cameras,Used,103.04,USD,FIXED_PRICE,9,0,as-is,JP,roots-0111,100.0,2026-08-21T07:33:01.000Z,,https://www.ebay.com/itm/206507933683?hash=item3014d4fff3:g:TqAAAeSwZsBqiABY,https://i.ebayimg.com/images/g/TqAAAeSwZsBqiABY/s-l225.jpg
残件/按现状,51.0,RICOH AUTO HALF E Film Camera Body Untested Used Scratches As Is,Ricoh,Film Cameras,Used,110.4,USD,FIXED_PRICE,6,0,as-is,JP,roots-0111,100.0,2026-08-21T07:33:01.000Z,,https://www.ebay.com/itm/206507933681?hash=item3014d4fff1:g:-fAAAeSwWIxqh~~k,https://i.ebayimg.com/images/g/-fAAAeSwWIxqh~~k/s-l225.jpg
残件/按现状,51.0,RICOH AUTO HALF Retro Color Film Camera Used Scratches As Is,Ricoh,Film Cameras,Used,110.4,USD,FIXED_PRICE,5,0,as-is,JP,roots-0111,100.0,2026-08-21T07:33:01.000Z,,https://www.ebay.com/itm/206507933691?hash=item3014d4fffb:g:AhMAAeSwGGJqiAAm,https://i.ebayimg.com/images/g/AhMAAeSwGGJqiAAm/s-l225.jpg
打包杂件,51.0,Canon PowerShot SX160 IS 16.0MP Digital Camera w/16x Zoom Black Bundle,Canon,Digital Cameras,Used,139.0,USD,"FIXED_PRICE,AUCTION",1,0,underpriced(med 330);auction,US,toonces49,100.0,2026-08-20T13:19:37.000Z,2026-08-27T13:19:37.000Z,https://www.ebay.com/itm/287536326834?hash=item42f28028b2:g:zOIAAeSw1WFqfcOm,https://i.ebayimg.com/images/g/zOIAAeSw1WFqfcOm/s-l225.jpg
残件/按现状;打包杂件,51.0,[FOR PARTS] Lot of 4 SLR Film Camera Bodies:PENTAX MZ-50 MZ-7 & Canon EOS Kissx2,Pentax,Film Cameras,For parts or not working,149.49,USD,FIXED_PRICE,4,0,as-is,JP,hirari_japan,100.0,2026-08-21T06:42:03.000Z,,https://www.ebay.com/itm/188825702555?hash=item2bf6e3909b:g:RZsAAeSw~gJqh~Ol,https://i.ebayimg.com/images/g/RZsAAeSw~gJqh~Ol/s-l225.jpg
型号不明,51.0,Canon Camera Ef Slr Film Body Must-See For Enthusiasts,Canon,Film Cameras,Used,162.62,USD,"FIXED_PRICE,BEST_OFFER",6,0,mount:canon ef,JP,hirom2-88,98.4,2026-08-20T14:01:08.000Z,,https://www.ebay.com/itm/398307823979?hash=item5cbcff116b:g:iSUAAeSwKVhqhwlf,https://i.ebayimg.com/images/g/iSUAAeSwKVhqhwlf/s-l225.jpg
型号不明,51.0,Nikon Nikkor-PC 8.5cm F2 L39 Rangefinder Camera Lenses Tested [Exc+],Nikon,Lenses,Used,380.0,USD,"FIXED_PRICE,BEST_OFFER",9,0,mount:ltm/l39;good-cond,JP,re-camera,99.8,2026-08-20T14:41:31.000Z,,https://www.ebay.com/itm/336752750273?hash=item4e68072ec1:g:JCAAAeSwR8JqhxXY,https://i.ebayimg.com/images/g/JCAAAeSwR8JqhxXY/s-l225.jpg
型号不明,51.0,Leitz Leica M39 Elmar 6.3/10.5Cm Black/Nickel Mountain Berg,Leitz,Lenses,Used,1704.72,USD,"FIXED_PRICE,BEST_OFFER",6,0,grail:Elmar;mount:ltm/l39,AT,mintandrare,99.9,2026-08-20T09:10:04.000Z,,https://www.ebay.com/itm/147517202901?hash=item2258b5e1d5:g:0vkAAeSw9OVqho4n,https://i.ebayimg.com/images/g/0vkAAeSw9OVqho4n/s-l225.jpg
型号不明,51.0,Leica Leitz M39 Elmar 4/9cm Black/Nickel Lens #136181a DUPLICATE#,Leica,Lenses,Used,1704.72,USD,"FIXED_PRICE,BEST_OFFER",5,0,grail:Elmar;mount:ltm/l39,AT,mintandrare,99.9,2026-08-20T09:10:00.000Z,,https://www.ebay.com/itm/147517202538?hash=item2258b5e06a:g:1zIAAeSwRAVqho1s,https://i.ebayimg.com/images/g/1zIAAeSwRAVqho1s/s-l225.jpg
残件/按现状,51.0,[Exc+4] Nikon MS Black Sync Rangefinder + [AS-IS] NIKKOR-H.C 5cm f/2 #2832,Nikon,Film Cameras,Used,1999.0,USD,FIXED_PRICE,22,0,mount:nikon f;good-cond;as-is,JP,bluebirdjapan,100.0,2026-08-21T01:00:00.000Z,,https://www.ebay.com/itm/158209317647?hash=item24d6029b0f:g:U0kAAeSwwtVqhxdd,https://i.ebayimg.com/images/g/U0kAAeSwwtVqhxdd/s-l225.jpg
查无市价,51.0,"Leica M6 Millennium TTL 0.85 ""NHS"" Japan Edition Limited",Leica,Film Cameras,Used,8700.0,USD,"FIXED_PRICE,BEST_OFFER",7,0,grail:Leica M6,NL,eyezrunwild,0.0,2026-08-20T22:23:13.000Z,,https://www.ebay.com/itm/318760742648?hash=item4a379eeef8:g:MR0AAeSw1Llqh3My,https://i.ebayimg.com/images/g/MR0AAeSw1Llqh3My/s-l225.jpg
残件/按现状,50.0,Fujifilm XP50 Digital Camera Waterproof 14MP Orange Spares Or Repairs,Fujifilm,Digital Cameras,For parts or not working,27.25,USD,"FIXED_PRICE,BEST_OFFER",13,0,underpriced(med 234),GB,stephentee76,100.0,2026-08-20T11:18:26.000Z,,https://www.ebay.com/itm/318758663080?hash=item4a377f33a8:g:ptoAAeSw4vlqhuIJ,https://i.ebayimg.com/images/g/ptoAAeSw4vlqhuIJ/s-l225.jpg
打包杂件,50.0,"Lot Of 6 Vintage Cam/Camcorders- Poloroid, Pansonic, Canon, Olympus & JVC *READ*",Canon,Vintage Cameras,,49.99,USD,"FIXED_PRICE,BEST_OFFER",16,0,neg;underpriced(med 185),US,delliesellie,99.5,2026-08-20T20:09:08.000Z,,https://www.ebay.com/itm/188823577976?hash=item2bf6c32578:g:n4YAAeSw~uRqfidD,https://i.ebayimg.com/images/g/n4YAAeSw~uRqfidD/s-l225.jpg
打包杂件,50.0,"Lot of 3 vintage camera - HP, Samsung, Olympus",Olympus,Film Cameras,Used,60.0,USD,"FIXED_PRICE,BEST_OFFER",5,0,neg;underpriced(med 159),US,smbren1,100.0,2026-08-20T11:51:45.000Z,,https://www.ebay.com/itm/168627896558?hash=item27430180ee:g:8NkAAeSwGFpqhui9,https://i.ebayimg.com/images/g/8NkAAeSwGFpqhui9/s-l225.jpg
型号不明,49.0,Pentax SMC-F 80-200mmF4.7-5.6,Pentax,Lenses,Used,110.38,USD,"FIXED_PRICE,BEST_OFFER",2,0,,JP,bears2636,99.3,2026-08-20T08:51:42.000Z,,https://www.ebay.com/itm/188821310886?hash=item2bf6a08da6:g:vWAAAeSw3h9qhsBk,https://i.ebayimg.com/images/g/vWAAAeSw3h9qhsBk/s-l225.jpg
型号不明,49.0,Canon EF-S55-250/4-5.6IS II 69775,Canon,Lenses,Used,153.18,USD,FIXED_PRICE,2,0,mount:canon ef,JP,digree_japan,99.7,2026-08-20T05:05:12.000Z,,https://www.ebay.com/itm/307136449614?hash=item4782c24c4e:g:NV8AAeSwijdqh7dU,https://i.ebayimg.com/images/g/NV8AAeSwijdqh7dU/s-l225.jpg
型号不明,49.0,Canon 55-250 II EF EOS M Mount Adapter 63468,Canon,Lenses,Used,183.42,USD,FIXED_PRICE,14,0,mount:leica m,JP,digree_japan,99.7,2026-08-20T05:03:41.000Z,,https://www.ebay.com/itm/307136448398?hash=item4782c2478e:g:BxMAAeSwpN5qh7c7,https://i.ebayimg.com/images/g/BxMAAeSwpN5qh7c7/s-l225.jpg
型号不明,49.0,Canon Extender EF 2x II Teleconverter,Canon,Lenses,Very Good - Refurbished,193.0,USD,"FIXED_PRICE,BEST_OFFER",10,0,mount:canon ef,JP,fivestarcamera,99.9,2026-08-20T05:29:08.000Z,,https://www.ebay.com/itm/298603235389?hash=item458623c83d:g:9HIAAeSw0DZqhpCf,https://i.ebayimg.com/images/g/9HIAAeSw0DZqhpCf/s-l225.jpg
残件/按现状,48.0,Nikon EM 35mm SLR Film Camera Black Nikkor Series E 50mm f1.8 Lens Untested,Nikon,Vintage Cameras,Used,170.9,USD,"FIXED_PRICE,AUCTION",12,0,mount:nikon f;as-is;auction,AU,sellinguptotravel,99.0,2026-08-20T09:45:01.000Z,2026-08-30T09:45:01.000Z,https://www.ebay.com/itm/137640476539?hash=item200c02ff7b:g:9dQAAeSw5B5qhgZY,https://i.ebayimg.com/images/g/9dQAAeSw5B5qhgZY/s-l225.jpg
打包杂件,48.0,Canon AE-1 Film Camera Bundle,Canon,Film Cameras,Used,450.0,USD,"FIXED_PRICE,BEST_OFFER",8,0,grail:AE-1,US,yats_22,100.0,2026-08-21T04:43:17.000Z,,https://www.ebay.com/itm/318762092701?hash=item4a37b3889d:g:K9kAAeSwrj5qh9cm,https://i.ebayimg.com/images/g/K9kAAeSwrj5qh9cm/s-l225.jpg
型号不明,48.0,■Near Mint■ PANASONIC Micro Four Thirds Leica DG VARIO-ELMAR H-ES12060 #14402,Panasonic,Lenses,Used,839.9,USD,"FIXED_PRICE,BEST_OFFER",9,0,grail:ELMAR;mount:micro 4/3;good-cond,JP,bears2636,99.3,2026-08-20T08:52:11.000Z,,https://www.ebay.com/itm/178425975177?hash=item298b045189:g:GkMAAeSwKX9qhsEw,https://i.ebayimg.com/images/g/GkMAAeSwKX9qhsEw/s-l225.jpg
型号不明,48.0,Leica 5cm f2 Summicron Rigid 1542242,Leica,Lenses,Used,1600.0,USD,FIXED_PRICE,0,0,grail:Summicron,US,camerawest,99.1,2026-08-20T20:10:48.000Z,,https://www.ebay.com/itm/237019723514?hash=item372f79f6fa:g:HfgAAeSwhVlqh18W,https://i.ebayimg.com/images/g/HfgAAeSwhVlqh18W/s-l225.jpg
打包杂件,48.0,Leica Macro-Elmar-M 90mm f/4 11670 + Macro-Adapter-M BUNDLE,Leica,Lenses,Open box,3250.0,USD,"FIXED_PRICE,BEST_OFFER",5,0,grail:Elmar,US,shuttermodlab,100.0,2026-08-20T08:24:35.000Z,,https://www.ebay.com/itm/168627549391?hash=item2742fc34cf:g:7-wAAeSwRvdqhrjv,https://i.ebayimg.com/images/g/7-wAAeSwRvdqhrjv/s-l225.jpg
型号不明,47.0,Nikon F film camera,Nikon,Film Cameras,Used,0.0,USD,AUCTION,9,0,mount:nikon f;auction,US,wynon-75,100.0,2026-08-21T04:41:49.000Z,2026-08-26T04:41:49.000Z,https://www.ebay.com/itm/188825303534?hash=item2bf6dd79ee:g:M6gAAeSwicVqh9Tn,https://i.ebayimg.com/images/g/M6gAAeSwicVqh9Tn/s-l225.jpg
型号不明,47.0,Ernst Leitz GmbH Wetzlar Hektor 12.5cm f/2.5 lens (U41234) US RESIDENTS ONLY,Leitz,Vintage Lenses,,0.0,USD,AUCTION,3,0,auction,US,milford_photo_inc,99.6,2026-08-20T18:13:54.000Z,2026-08-27T18:13:54.000Z,https://www.ebay.com/itm/278299553397?hash=item40cbf22e75:g:gNcAAeSwNXNqh0K6,https://i.ebayimg.com/images/g/gNcAAeSwNXNqh0K6/s-l225.jpg
残件/按现状,47.0,Vintage Canon FTb QL 35mm SLR Film Camera with 50mm f/1.8 FD Lens Black,Canon,Film Cameras,For parts or not working,0.0,USD,AUCTION,5,0,mount:canon fd;auction,US,goodwillsocalshop,99.7,2026-08-20T13:27:10.000Z,2026-08-27T13:27:10.000Z,https://www.ebay.com/itm/267762634372?hash=item3e57e58e84:g:2GUAAeSwAnRqhwF2,https://i.ebayimg.com/images/g/2GUAAeSwAnRqhwF2/s-l225.jpg
残件/按现状,47.0,Panasonic PV-L452VHS-C Video Palm Camcorder VCR Untested W Battery,Panasonic,Camcorders,For parts or not working,26.99,USD,"FIXED_PRICE,BEST_OFFER",4,0,as-is;underpriced(med 115),US,libertythrifts,99.2,2026-08-20T05:39:37.000Z,,https://www.ebay.com/itm/800538173651?hash=itemba63cb20d3:g:49AAAeSwrMVpVyPS,https://i.ebayimg.com/images/g/49AAAeSwrMVpVyPS/s-l225.jpg
残件/按现状,47.0,Sony CCD-TR71 Camcorder Video8 For Parts,Sony,Camcorders,For parts or not working,29.49,USD,"FIXED_PRICE,BEST_OFFER",7,0,as-is;underpriced(med 157),US,frairhumbe,99.8,2026-08-20T11:48:00.000Z,,https://www.ebay.com/itm/198584181901?hash=item2e3c8a248d:g:YxsAAOSwBbtmKVRD,https://i.ebayimg.com/images/g/YxsAAOSwBbtmKVRD/s-l225.jpg
残件/按现状,47.0,Panasonic Palmcorder VHS-C Camcorder w/ AC Adapter Parts Repair Broken Battery,Panasonic,Camcorders,For parts or not working,29.75,USD,"FIXED_PRICE,BEST_OFFER",13,0,as-is;underpriced(med 115),US,offeroutlet,100.0,2026-08-20T11:26:08.000Z,,https://www.ebay.com/itm/237018776982?hash=item372f6b8596:g:X2oAAeSw-BZpvZWb,https://i.ebayimg.com/images/g/X2oAAeSw-BZpvZWb/s-l225.jpg
残件/按现状;打包杂件,47.0,Lot of 3 Sony Handycam Video 8 Camcorders For Parts/Repair - Power On,Sony,Camcorders,For parts or not working,29.95,USD,FIXED_PRICE,16,0,as-is;underpriced(med 160),US,copperbasincollectibles,99.6,2026-08-20T14:28:56.000Z,,https://www.ebay.com/itm/287536414201?hash=item42f2817df9:g:wRAAAeSw6YdqBk4w,https://i.ebayimg.com/images/g/wRAAAeSw6YdqBk4w/s-l225.jpg
残件/按现状,47.0,Sony Handycam DCR-HC38 Digital Video Camera MiniDv FOR PARTS READ,Sony,Camcorders,For parts or not working,29.99,USD,"FIXED_PRICE,BEST_OFFER",15,0,as-is;underpriced(med 160),US,excelled_sales_llc,99.3,2026-08-20T23:12:51.000Z,,https://www.ebay.com/itm/298605344996?hash=item458643f8e4:g:yZkAAeSwNXNqh4jX,https://i.ebayimg.com/images/g/yZkAAeSwNXNqh4jX/s-l225.jpg
残件/按现状,47.0,"Sony CCD-F55 Handycam Video 8 Camcorder / Bag, Charger, Batteries - As Is/Parts!",Sony,Camcorders,For parts or not working,30.0,USD,"FIXED_PRICE,BEST_OFFER",9,0,as-is;underpriced(med 160),US,tracysattic,100.0,2026-08-20T14:26:48.000Z,,https://www.ebay.com/itm/117369919636?hash=item1b53cad894:g:bx0AAeSwwS5qhwvq,https://i.ebayimg.com/images/g/bx0AAeSwwS5qhwvq/s-l225.jpg
残件/按现状,47.0,Sony CCD-TR101 Hi8 8mm Video Camera Camcorder UNTESTED Read Description,Sony,Camcorders,Used,30.0,USD,FIXED_PRICE,6,0,as-is;underpriced(med 160),US,sweetsalessold2u,100.0,2026-08-20T14:07:25.000Z,,https://www.ebay.com/itm/307137335406?hash=item4782cfd06e:g:JqYAAeSw0zlqhyRB,https://i.ebayimg.com/images/g/JqYAAeSw0zlqhyRB/s-l225.jpg
残件/按现状;打包杂件,47.0,Sony Handycam CCD-TR7 Video Camcorder Bundle UNTESTED,Sony,Camcorders,For parts or not working,35.0,USD,FIXED_PRICE,3,0,as-is;underpriced(med 160),US,sellbuys123,99.3,2026-08-20T22:55:56.000Z,,https://www.ebay.com/itm/227484676480?hash=item34f724b180:g:ij4AAeSwCqtqh4WD,https://i.ebayimg.com/images/g/ij4AAeSwCqtqh4WD/s-l225.jpg
残件/按现状,47.0,Sony Handycam HDR-CX190 Black Digital Video Camcorder 30x Zoom 5.3MP No Charger,Sony,Camcorders,For parts or not working,36.59,USD,"FIXED_PRICE,BEST_OFFER",10,0,underpriced(med 160),US,jerchil-73,99.1,2026-08-21T01:53:58.000Z,,https://www.ebay.com/itm/237020199486?hash=item372f813a3e:g:Yl8AAeSw1yVqfjW6,https://i.ebayimg.com/images/g/Yl8AAeSw1yVqfjW6/s-l225.jpg
残件/按现状,47.0,Panasonic PV-7200 OmniMovie VHS HQ AFx12 Camcorder Untested w Case & Accessories,Panasonic,Camcorders,For parts or not working,39.36,USD,FIXED_PRICE,13,0,as-is;underpriced(med 120),US,tacunni5556,99.8,2026-08-20T17:30:47.000Z,,https://www.ebay.com/itm/407159084129?hash=item5ecc929461:g:nBAAAeSwh5Vo9puB,https://i.ebayimg.com/images/g/nBAAAeSwh5Vo9puB/s-l225.jpg
残件/按现状,47.0,Vintage Panasonic PV-IQ205 Palmcorder IQ VHS-C Camcorder 1995 UNTESTED Manual,Panasonic,Camcorders,Used,39.99,USD,"FIXED_PRICE,BEST_OFFER",6,0,as-is;underpriced(med 120),US,dudeifoundthis,98.8,2026-08-21T08:20:44.000Z,,https://www.ebay.com/itm/307138787785?hash=item4782e5f9c9:g:QFkAAeSwVf1qiApJ,https://i.ebayimg.com/images/g/QFkAAeSwVf1qiApJ/s-l225.jpg
残件/按现状;打包杂件,47.0,PANASONIC - PALMCORDER - VHS-C - PV-L678D - BUNDLE - UNTESTED,Panasonic,Camcorders,Used,39.99,USD,"FIXED_PRICE,BEST_OFFER",20,0,as-is;underpriced(med 120),US,jonsfantasticfinds,99.8,2026-08-21T00:14:06.000Z,,https://www.ebay.com/itm/178428106967?hash=item298b24d8d7:g:O-QAAeSwrj5qh5ft,https://i.ebayimg.com/images/g/O-QAAeSwrj5qh5ft/s-l225.jpg
残件/按现状,47.0,Sony Handycam DCR-TRV9 Mini DV Camcorder With Charger / For Parts or Repair,Sony,Camcorders,For parts or not working,39.99,USD,"FIXED_PRICE,BEST_OFFER",18,0,as-is;underpriced(med 160),US,trusted-treasures,100.0,2026-08-20T17:31:11.000Z,,https://www.ebay.com/itm/820027811770?hash=itembeed7767ba:g:-kMAAeSwt5tqNuJl,https://i.ebayimg.com/images/g/-kMAAeSwt5tqNuJl/s-l225.jpg
残件/按现状,47.0,Sony HDR-HC5 HD 1080i 40GB HDD Handycam Silver Camcorder - For Parts or Repair,Sony,Camcorders,For parts or not working,40.0,USD,"FIXED_PRICE,BEST_OFFER",7,0,as-is;underpriced(med 160),US,laurelscamera,99.3,2026-08-20T18:07:11.000Z,,https://www.ebay.com/itm/147518090834?hash=item2258c36e52:g:djEAAeSwau1qh0Ef,https://i.ebayimg.com/images/g/djEAAeSwau1qh0Ef/s-l225.jpg
残件/按现状,47.0,Sony CCD-V701 Hi-Fi Stereo 8mm NTSC Video Hi8 Camera Handycam Camcorder Untested,Sony,Camcorders,For parts or not working,42.5,USD,FIXED_PRICE,19,0,as-is;underpriced(med 160),US,rdharrisfireman,100.0,2026-08-20T23:00:06.000Z,,https://www.ebay.com/itm/327319915582?hash=item4c35c98c3e:g:kbkAAeSwsDVqh3--,https://i.ebayimg.com/images/g/kbkAAeSwsDVqh3--/s-l225.jpg
残件/按现状,47.0,Sony DCR-TRV27 Handycam MiniDV Digital Camcorder TESTED READ DESCRIPTION,Sony,Camcorders,For parts or not working,42.98,USD,"FIXED_PRICE,BEST_OFFER",2,0,underpriced(med 160),US,amb_5456,100.0,2026-08-20T20:24:40.000Z,,https://www.ebay.com/itm/318760358904?hash=item4a379913f8:g:m~8AAeSwNoNqh2J8,https://i.ebayimg.com/images/g/m~8AAeSwNoNqh2J8/s-l225.jpg
残件/按现状,47.0,Panasonic Palmcorder 700x Digital Zoom UN-TESTED With Battery And Charger,Panasonic,Camcorders,For parts or not working,45.0,USD,FIXED_PRICE,9,0,underpriced(med 120),US,vintageandmore165,100.0,2026-08-20T19:45:46.000Z,,https://www.ebay.com/itm/800541505713?hash=itemba63fdf8b1:g:a~gAAeSwZuRqh1iK,https://i.ebayimg.com/images/g/a~gAAeSwZuRqh1iK/s-l225.jpg
残件/按现状,47.0,Sony Handycam Video8 8mm CCD-FX411 10X zoom Camcorder - Read Description,Sony,Camcorders,For parts or not working,45.0,USD,"FIXED_PRICE,BEST_OFFER",8,0,underpriced(med 160),US,kahokian,99.6,2026-08-20T15:22:40.000Z,,https://www.ebay.com/itm/117370007605?hash=item1b53cc3035:g:Ii8AAeSw7QZo9tbJ,https://i.ebayimg.com/images/g/Ii8AAeSw7QZo9tbJ/s-l225.jpg
残件/按现状,47.0,Panasonic PV-DV102D Mini DV Hybrid SD Camcorder Video Web Camera - Parts only,Panasonic,Camcorders,For parts or not working,45.0,USD,FIXED_PRICE,7,0,as-is;underpriced(med 115),US,haven012703,99.9,2026-08-20T11:42:47.000Z,,https://www.ebay.com/itm/128036123520?hash=item1dcf8c3380:g:4osAAeSwCyZoLKDd,https://i.ebayimg.com/images/g/4osAAeSwCyZoLKDd/s-l225.jpg
残件/按现状,47.0,Panasonic SDR-H80 Camcorder 70x Ultra Zoom 60GB HDD Video Camera See Description,Panasonic,Camcorders,For parts or not working,49.99,USD,"FIXED_PRICE,BEST_OFFER",7,0,underpriced(med 120),US,blindcenternv,100.0,2026-08-20T18:05:57.000Z,,https://www.ebay.com/itm/267762836685?hash=item3e57e8a4cd:g:qhsAAeSwiOxqh0G9,https://i.ebayimg.com/images/g/qhsAAeSwiOxqh0G9/s-l225.jpg
残件/按现状,47.0,Sony Video 8 Handycam CCD-TR65 10x Hi-Fi Stereo Camcorder (As Is),Sony,Camcorders,Used,50.0,USD,"FIXED_PRICE,BEST_OFFER",13,0,as-is;underpriced(med 160),US,thrifthaulco,100.0,2026-08-20T20:22:34.000Z,,https://www.ebay.com/itm/377436548775?hash=item57e0f8aea7:g:~ucAAeSwS9dqh2H6,https://i.ebayimg.com/images/g/~ucAAeSwS9dqh2H6/s-l225.jpg
残件/按现状,47.0,"[Parts Only] Panasonic Full HD Video Camera Camcorder HC-V180K, 50X Optical Zoom",Panasonic,Camcorders,Used,50.0,USD,FIXED_PRICE,4,0,as-is;underpriced(med 120),US,matcod-1,100.0,2026-08-20T17:49:14.000Z,,https://www.ebay.com/itm/278299479176?hash=item40cbf10c88:g:MBgAAeSwX4xqhz1b,https://i.ebayimg.com/images/g/MBgAAeSwX4xqhz1b/s-l225.jpg
打包杂件,47.0,Vintage Panasonic Camcorder Lot with Battery and Charger READ,Panasonic,Camcorders,Used,50.0,USD,"FIXED_PRICE,BEST_OFFER",14,0,underpriced(med 115),US,thriftthrifties,100.0,2026-08-20T04:24:32.000Z,,https://www.ebay.com/itm/298603127604?hash=item4586222334:g:mjMAAeSwEU1qhoNt,https://i.ebayimg.com/images/g/mjMAAeSwEU1qhoNt/s-l225.jpg
残件/按现状,47.0,"Sony DCR-DVD108 Handycam 40x DVD Camcorder + Battery, Case & USB – Untested",Sony,Camcorders,For parts or not working,51.02,USD,"FIXED_PRICE,BEST_OFFER",7,0,as-is;underpriced(med 160),US,moss_and_meadow,99.6,2026-08-21T12:26:24.000Z,,https://www.ebay.com/itm/800545169197?hash=itemba6435df2d:g:tLcAAeSwx~Fpmcan,https://i.ebayimg.com/images/g/tLcAAeSwx~Fpmcan/s-l225.jpg
残件/按现状,47.0,Sony CCD-TR7 Video8 Handycam Camcorder w/ Charger & Cables – As Is,Sony,Camcorders,For parts or not working,51.43,USD,"FIXED_PRICE,BEST_OFFER",7,0,as-is;underpriced(med 160),US,s_illia,99.8,2026-08-20T18:09:57.000Z,,https://www.ebay.com/itm/800541152796?hash=itemba63f8961c:g:MZ0AAeSwP5NopiQo,https://i.ebayimg.com/images/g/MZ0AAeSwP5NopiQo/s-l225.jpg
残件/按现状,47.0,Sony Handycam DCR-SR45 30GB HDD Digital Camcorder 40x Optical Zoom,Sony,Camcorders,For parts or not working,51.99,USD,FIXED_PRICE,7,0,underpriced(med 157),US,goodwillsocalshop,99.7,2026-08-20T09:20:59.000Z,,https://www.ebay.com/itm/267762473070?hash=item3e57e3186e:g:Cu8AAeSwHflqYnXA,https://i.ebayimg.com/images/g/Cu8AAeSwHflqYnXA/s-l225.jpg
残件/按现状,47.0,Sony Handycam DCR-HC21 MiniDV Camcorder 20x Zoom Remote Charger Bag AS-IS,Sony,Camcorders,For parts or not working,54.87,USD,"FIXED_PRICE,BEST_OFFER",4,0,as-is;underpriced(med 160),US,thejacksonvault,100.0,2026-08-21T06:53:49.000Z,,https://www.ebay.com/itm/398310474309?hash=item5cbd278245:g:aN8AAeSwSUNqh~U9,https://i.ebayimg.com/images/g/aN8AAeSwSUNqh~U9/s-l225.jpg
残件/按现状,47.0,【AS IS】 SONY Cyber-shot DSC-T1 3X FromJapan #ak316,Sony,Digital Cameras,For parts or not working,58.86,USD,FIXED_PRICE,4,0,as-is;underpriced(med 223),JP,somtom_9,99.3,2026-08-20T05:16:06.000Z,,https://www.ebay.com/itm/188820499399?hash=item2bf6942bc7:g:0usAAeSwhDJqho4S,https://i.ebayimg.com/images/g/0usAAeSwhDJqho4S/s-l225.jpg
打包杂件,47.0,Sony CCD-TR7 Handycam Video 8 Camcorder Black Bundle with Case Manuals Tapes,Sony,Camcorders,Used,59.99,USD,"FIXED_PRICE,BEST_OFFER",22,0,underpriced(med 160),US,stromsales,100.0,2026-08-20T23:30:36.000Z,,https://www.ebay.com/itm/327319937320?hash=item4c35c9e128:g:qkYAAeSw9XlqNy2F,https://i.ebayimg.com/images/g/qkYAAeSw9XlqNy2F/s-l225.jpg
残件/按现状,47.0,Sony CCD-TRV67 Handycam Vision Hi8 SD Camcorder 360x Zoom NightShot A/V Out,Sony,Camcorders,For parts or not working,60.0,USD,"FIXED_PRICE,BEST_OFFER",1,0,underpriced(med 160),US,buymystuffthankuu,100.0,2026-08-20T18:08:08.000Z,,https://www.ebay.com/itm/188823181150?hash=item2bf6bd175e:g:mbcAAeSwRHNqh0Jk,https://i.ebayimg.com/images/g/mbcAAeSwRHNqh0Jk/s-l225.jpg
残件/按现状,47.0,Vintage Minolta X-370 35mm Film Camera w/Film TESTED!!! READ DESCRIPTION!!!,Minolta,Film Cameras,Used,62.99,USD,FIXED_PRICE,8,0,,US,goodwillomaha,99.8,2026-08-20T09:54:05.000Z,,https://www.ebay.com/itm/287536001340?hash=item42f27b313c:g:PvQAAeSwwSNqfKW7,https://i.ebayimg.com/images/g/PvQAAeSwwSNqfKW7/s-l225.jpg
打包杂件,47.0,"Nikon Coolpix L830 Digital Camera (Black) Bundle with Memory Card, Case, Manual",Nikon,Digital Cameras,Used,65.0,USD,FIXED_PRICE,5,0,underpriced(med 250),US,dakotaboysandgirlsranch,100.0,2026-08-20T18:37:01.000Z,,https://www.ebay.com/itm/158209290394?hash=item24d602309a:g:4ZAAAeSwEphqhxD4,https://i.ebayimg.com/images/g/4ZAAAeSwEphqhxD4/s-l225.jpg
型号不明,47.0,Minolta 110 Zoom SLR Film Camera WORKS! New Batt,Minolta,Film Cameras,Used,68.0,USD,"FIXED_PRICE,BEST_OFFER",4,0,,US,ren203,100.0,2026-08-20T19:51:32.000Z,,https://www.ebay.com/itm/227484511705?hash=item34f7222dd9:g:lXMAAeSw0KVqh1oZ,https://i.ebayimg.com/images/g/lXMAAeSw0KVqh1oZ/s-l225.jpg
残件/按现状,47.0,Nikon D D3100 14.2MP Digital SLR Camera - Black (Body Only) Defective for Parts,Nikon,Digital Cameras,For parts or not working,69.0,USD,"FIXED_PRICE,BEST_OFFER",9,0,as-is;underpriced(med 250),US,shims1,99.7,2026-08-20T11:43:12.000Z,,https://www.ebay.com/itm/267762547260?hash=item3e57e43a3c:g:z2MAAeSw9OVqhuit,https://i.ebayimg.com/images/g/z2MAAeSw9OVqhuit/s-l225.jpg
残件/按现状,47.0,Nikon D80 DSLR Camera with lens (as is) read description,Nikon,Digital Cameras,For parts or not working,69.95,USD,"FIXED_PRICE,BEST_OFFER",23,0,as-is;underpriced(med 250),US,richardsentzrichard,99.6,2026-08-20T04:51:37.000Z,,https://www.ebay.com/itm/206504921004?hash=item3014a707ac:g:zO4AAeSwOa9qhoNM,https://i.ebayimg.com/images/g/zO4AAeSwOa9qhoNM/s-l225.jpg
残件/按现状,47.0,Ricoh KR-5 35mm SLR Film Camera with 3 Lenses + Case - Untested As-Is,Ricoh,Film Cameras,Used,75.0,USD,"FIXED_PRICE,BEST_OFFER",14,0,as-is,US,bubbalator335,99.2,2026-08-20T20:35:18.000Z,,https://www.ebay.com/itm/188823691683?hash=item2bf6c4e1a3:g:4tgAAeSw5NJqhxzL,https://i.ebayimg.com/images/g/4tgAAeSw5NJqhxzL/s-l225.jpg
打包杂件,47.0,Nikon COOLPIX L105 12.1MP 15x Wide Angle Compact Camera Black Bundle,Nikon,Digital Cameras,Used,75.0,USD,"FIXED_PRICE,BEST_OFFER",7,0,underpriced(med 250),US,kc123456,100.0,2026-08-20T19:06:52.000Z,,https://www.ebay.com/itm/147518182678?hash=item2258c4d516:g:8rMAAeSwALdqh078,https://i.ebayimg.com/images/g/8rMAAeSwALdqh078/s-l225.jpg
残件/按现状,47.0,"Canon EOS Rebel T3i DSLR Camera With 50mm Lens, Charger & Strap - As Is",Canon,Digital Cameras,For parts or not working,75.0,USD,FIXED_PRICE,13,0,as-is;underpriced(med 330),US,captains-closet,100.0,2026-08-20T16:26:33.000Z,,https://www.ebay.com/itm/128036538478?hash=item1dcf92886e:g:qgcAAeSwuVhqhyp6,https://i.ebayimg.com/images/g/qgcAAeSwuVhqhyp6/s-l225.jpg
打包杂件,47.0,Olympus VG-160 14MP Digital Camera Bundle 5x Zoom Case Charger Tested Works,Olympus,Digital Cameras,Used,79.99,USD,"FIXED_PRICE,BEST_OFFER",8,0,underpriced(med 200),US,theheirloomdistrict,100.0,2026-08-20T16:43:35.000Z,,https://www.ebay.com/itm/198584737574?hash=item2e3c929f26:g:zRYAAeSwoxhqhK85,https://i.ebayimg.com/images/g/zRYAAeSwoxhqhK85/s-l225.jpg
残件/按现状;打包杂件,47.0,Lot of 4 Nikon Coolpix Digital Cameras for parts,Nikon,Digital Cameras,For parts or not working,80.0,USD,"FIXED_PRICE,BEST_OFFER",6,0,as-is;underpriced(med 250),US,samuraicopped,100.0,2026-08-20T04:48:40.000Z,,https://www.ebay.com/itm/128035644062?hash=item1dcf84e29e:g:mosAAeSwHQBqhobp,https://i.ebayimg.com/images/g/mosAAeSwHQBqhobp/s-l225.jpg
残件/按现状,47.0,Yashica TL Electro SLR 35mm Film Camera with Three Lenses Untested,Yashica,Film Cameras,For parts or not working,84.99,USD,"FIXED_PRICE,BEST_OFFER",23,0,as-is,US,tradingpost35,100.0,2026-08-20T11:29:59.000Z,,https://www.ebay.com/itm/237018784347?hash=item372f6ba25b:g:9l4AAOSw2Whkvx-i,https://i.ebayimg.com/images/g/9l4AAOSw2Whkvx-i/s-l225.jpg
残件/按现状,47.0,"Canon PowerShot S3 IS Digital Camera, 12x Optical Zoom, open box untested",Canon,Digital Cameras,Open box,85.0,USD,"FIXED_PRICE,BEST_OFFER",23,0,as-is;underpriced(med 330),US,mazie_3031,100.0,2026-08-20T17:51:57.000Z,,https://www.ebay.com/itm/128036639476?hash=item1dcf9412f4:g:fpYAAeSwwS5qhz5V,https://i.ebayimg.com/images/g/fpYAAeSwwS5qhz5V/s-l225.jpg
残件/按现状,47.0,Vintage Yashica LM 120 Film TLR Camera 80mm f/3.5 Yashica Leather Case Untested,Yashica,Vintage Cameras,,85.0,USD,"FIXED_PRICE,BEST_OFFER",6,0,as-is,US,brayaespinoz15,100.0,2026-08-20T17:42:15.000Z,,https://www.ebay.com/itm/298604717318?hash=item45863a6506:g:LWUAAeSw7SlqhzxB,https://i.ebayimg.com/images/g/LWUAAeSw7SlqhzxB/s-l225.jpg
打包杂件,47.0,Vtg Nikon Nikkormat EL 3 Lens Flash Case Lot Telephoto 85-205 Vivitar camera 50m,Nikon,Vintage Cameras,,89.95,USD,FIXED_PRICE,16,0,,US,cyclewarehouse,99.3,2026-08-21T07:52:35.000Z,,https://www.ebay.com/itm/178429250817?hash=item298b364d01:g:zh8AAOSw8FhmAZ1t,https://i.ebayimg.com/images/g/zh8AAOSw8FhmAZ1t/s-l225.jpg
打包杂件,47.0,Yashica 230AF 35mm Film SLR Camera w/ AF 28-85 & 75-300mm lens Bundle Bag Case,Yashica,Film Cameras,Used,89.99,USD,FIXED_PRICE,17,0,,US,jfur0,100.0,2026-08-20T21:41:10.000Z,,https://www.ebay.com/itm/178427763683?hash=item298b1f9be3:g:oNoAAeSww-Fqh3I1,https://i.ebayimg.com/images/g/oNoAAeSww-Fqh3I1/s-l225.jpg
残件/按现状,47.0,Canon PowerShot ELPH SD1300 12 MP Digital Camera Blue *TAKES PICS BLACK SPOT* PR,Canon,Digital Cameras,For parts or not working,89.99,USD,FIXED_PRICE,10,0,underpriced(med 330),US,california545,99.9,2026-08-20T18:47:03.000Z,,https://www.ebay.com/itm/327319684096?hash=item4c35c60400:g:QIQAAeSwzf9qh0sN,https://i.ebayimg.com/images/g/QIQAAeSwzf9qh0sN/s-l225.jpg
残件/按现状,47.0,Nikon Coolpix S3300 16MP Digital Camera RED W/ Battery (Untested/No Charger),Nikon,Digital Cameras,Used,90.0,USD,"FIXED_PRICE,BEST_OFFER",12,0,as-is;underpriced(med 250),US,shabos-39,99.6,2026-08-20T15:46:16.000Z,,https://www.ebay.com/itm/318759497162?hash=item4a378bedca:g:zDgAAeSwFLNqhyEi,https://i.ebayimg.com/images/g/zDgAAeSwFLNqhyEi/s-l225.jpg
打包杂件,47.0,FUJIFILM instax mini 12 Instant Film Camera Holiday Bundle (Lilac Purple),Fujifilm,Film Cameras,New,94.95,USD,"FIXED_PRICE,BEST_OFFER",2,0,,US,nelson3625,100.0,2026-08-20T22:50:32.000Z,,https://www.ebay.com/itm/206507002984?hash=item3014c6cc68:g:Pe4AAeSwSUNqh4Rd,https://i.ebayimg.com/images/g/Pe4AAeSwSUNqh4Rd/s-l225.jpg
残件/按现状,47.0,Canon Powershot ELPH 170 IS 12X Zoom Camera Blue Parts Only w/ Charger,Canon,Digital Cameras,For parts or not working,94.99,USD,"FIXED_PRICE,BEST_OFFER",5,0,as-is;underpriced(med 330),US,dormroomgames,99.4,2026-08-20T17:33:14.000Z,,https://www.ebay.com/itm/307137652237?hash=item4782d4a60d:g:O10AAeSw9fxqNvhD,https://i.ebayimg.com/images/g/O10AAeSw9fxqNvhD/s-l225.jpg
残件/按现状,47.0,"Canon PowerShot S3 IS Digital Camera, 12x Optical Zoom, open box untested",Canon,Digital Cameras,Open box,95.0,USD,"FIXED_PRICE,BEST_OFFER",23,0,as-is;underpriced(med 330),US,mazie_3031,100.0,2026-08-20T17:43:37.000Z,,https://www.ebay.com/itm/128036627485?hash=item1dcf93e41d:g:IHIAAeSwKX9qhzrK,https://i.ebayimg.com/images/g/IHIAAeSwKX9qhzrK/s-l225.jpg
残件/按现状,47.0,Canon PowerShot ELPH 160 20MP Digital Camera w/8x Zoom #984,Canon,Digital Cameras,For parts or not working,99.0,USD,"FIXED_PRICE,BEST_OFFER",5,0,underpriced(med 330),US,robertscamera,99.8,2026-08-20T17:08:18.000Z,,https://www.ebay.com/itm/206506426232?hash=item3014bdff78:g:6zoAAeSwNXNqhzR9,https://i.ebayimg.com/images/g/6zoAAeSwNXNqhzR9/s-l225.jpg
打包杂件,47.0,Canon PowerShot A710 IS 7.1MP Digital Camera Point & Shoot CCD Digicam Bundle!,Canon,Digital Cameras,Used,99.99,USD,"FIXED_PRICE,BEST_OFFER",18,0,underpriced(med 330),US,theepicshop,100.0,2026-08-20T16:45:39.000Z,,https://www.ebay.com/itm/267762787548?hash=item3e57e7e4dc:g:J5UAAeSwMcdqhpNy,https://i.ebayimg.com/images/g/J5UAAeSwMcdqhpNy/s-l225.jpg
残件/按现状,47.0,Nikon D2Xs 12.4MP Digital SLR Camera - Black (Body Only) FOR PARTS!!,Nikon,Digital Cameras,For parts or not working,110.0,USD,"FIXED_PRICE,BEST_OFFER",5,0,as-is;underpriced(med 250),US,maximus1980x,100.0,2026-08-20T04:24:45.000Z,,https://www.ebay.com/itm/128035617984?hash=item1dcf847cc0:g:TfgAAeSw3bJqeoHL,https://i.ebayimg.com/images/g/TfgAAeSw3bJqeoHL/s-l225.jpg
型号不明,47.0,6A 'Clean' K&F Concept MD-FX Minolta MD/MC/SR Mount Lens to Fujifilm X Mount,Minolta,Lenses,Used,110.17,USD,"FIXED_PRICE,BEST_OFFER",6,0,mount:minolta md,JP,bears2636,99.3,2026-08-20T08:49:02.000Z,,https://www.ebay.com/itm/178425954073?hash=item298b03ff19:g:FEkAAeSwNXNqhsA1,https://i.ebayimg.com/images/g/FEkAAeSwNXNqhsA1/s-l225.jpg
残件/按现状,47.0,Yashica FX-2 35mm SLR Film Camera w/ Yashica DSB 50mm f/1.9 Lens Untested,Yashica,Film Cameras,For parts or not working,113.99,USD,"FIXED_PRICE,BEST_OFFER",11,0,as-is,US,cr818060,99.7,2026-08-20T08:18:14.000Z,,https://www.ebay.com/itm/820025986190?hash=itembeed5b8c8e:g:QC0AAeSwcWdqDaeA,https://i.ebayimg.com/images/g/QC0AAeSwcWdqDaeA/s-l225.jpg
残件/按现状,47.0,"Canon WP1 35mm Point & Shoot Film Camera, Tested and Working READ DESCRIPTION",Canon,Film Cameras,Used,115.0,USD,"FIXED_PRICE,BEST_OFFER",1,0,,US,snoopy-mart,100.0,2026-08-20T17:02:53.000Z,,https://www.ebay.com/itm/407159030302?hash=item5ecc91c21e:g:3aYAAeSw9SVqhzIh,https://i.ebayimg.com/images/g/3aYAAeSw9SVqhzIh/s-l225.jpg
型号不明,47.0,"Minolta 110 Zoom SLR Camera Kit WORKING Flash, Manual, Leather Case Preowned Fre",Minolta,Film Cameras,Used,120.0,USD,"FIXED_PRICE,BEST_OFFER",18,0,,US,lugonz_5293,99.6,2026-08-20T17:54:29.000Z,,https://www.ebay.com/itm/820027884877?hash=itembeed78854d:g:apQAAeSwUxNqhz72,https://i.ebayimg.com/images/g/apQAAeSwUxNqhz72/s-l225.jpg
残件/按现状,47.0,Canon PowerShot G9 12.1MP Digital Camera Lens Error For Parts Repair,Canon,Digital Cameras,For parts or not working,120.0,USD,"FIXED_PRICE,BEST_OFFER",8,0,as-is;underpriced(med 330),US,dudeifoundthis,98.8,2026-08-20T05:23:53.000Z,,https://www.ebay.com/itm/307136462032?hash=item4782c27cd0:g:z90AAeSwhYZqho7c,https://i.ebayimg.com/images/g/z90AAeSwhYZqho7c/s-l225.jpg
残件/按现状,47.0,Canon Eos 750 SLR film Camera W/ Canon Lenses And Flash Untested,Canon,Film Cameras,For parts or not working,125.0,USD,"FIXED_PRICE,BEST_OFFER",3,0,as-is,US,jilmoh66,99.9,2026-08-20T15:45:30.000Z,,https://www.ebay.com/itm/178426964649?hash=item298b136aa9:g:8KcAAeSwcIBqAJzt,https://i.ebayimg.com/images/g/8KcAAeSwcIBqAJzt/s-l225.jpg
残件/按现状,47.0,"Olympus Pen First Model 35mm Half Frame Film Camera, read description",Olympus,Film Cameras,Used,125.0,USD,"FIXED_PRICE,BEST_OFFER",11,0,,US,sgerweck,100.0,2026-08-20T14:25:16.000Z,,https://www.ebay.com/itm/198584544916?hash=item2e3c8fae94:g:AcIAAeSwptdqhw1G,https://i.ebayimg.com/images/g/AcIAAeSwptdqhw1G/s-l225.jpg
打包杂件,47.0,"Canon PowerShot SD450 Digital Camera Elph Bundle w/ SD Card, 2 batteries, Etc",Canon,Digital Cameras,Used,128.0,USD,FIXED_PRICE,7,0,underpriced(med 330),US,thelakesidecabin,100.0,2026-08-20T16:28:09.000Z,,https://www.ebay.com/itm/198584715608?hash=item2e3c924958:g:YDkAAeSw9Idqhyp6,https://i.ebayimg.com/images/g/YDkAAeSw9Idqhyp6/s-l225.jpg
残件/按现状,47.0,Canon PowerShot ELPH 360 HS 20.2 MP Digital Camera - For Parts / Repair Lens Err,Canon,Digital Cameras,For parts or not working,134.95,USD,"FIXED_PRICE,BEST_OFFER",12,0,as-is;underpriced(med 330),US,piroboot,99.9,2026-08-20T15:03:30.000Z,,https://www.ebay.com/itm/257692908235?hash=item3bffb1bacb:g:kUgAAeSw8rhqhxYE,https://i.ebayimg.com/images/g/kUgAAeSw8rhqhxYE/s-l225.jpg
型号不明,47.0,SIGMA18-20mmF4.5-6.3 Wide Zoom Lens Condition Excellent Pentax Pro JP,Pentax,Vintage Lenses,,139.9,USD,"FIXED_PRICE,BEST_OFFER",5,0,,JP,japan4ever,98.0,2026-08-21T09:36:01.000Z,,https://www.ebay.com/itm/158211992062?hash=item24d62b69fe:g:jloAAeSwGDJqiB0s,https://i.ebayimg.com/images/g/jloAAeSwGDJqiB0s/s-l225.jpg
残件/按现状,47.0,"Konica Auto S3 Black With Lens, Flash, and Cases Parts Only Untested Read Descri",Konica,Film Cameras,For parts or not working,139.99,USD,"FIXED_PRICE,BEST_OFFER",23,0,as-is,US,jaclmatt22,98.8,2026-08-20T18:04:18.000Z,,https://www.ebay.com/itm/168628546824?hash=item27430b6d08:g:ufQAAeSwiX5qfng8,https://i.ebayimg.com/images/g/ufQAAeSwiX5qfng8/s-l225.jpg
残件/按现状,47.0,Canon Camera Analog Camera 35Mm Prima Zoom 105 Compact Untested FOR PARTS ONLY,Canon,Film Cameras,For parts or not working,144.98,USD,"FIXED_PRICE,BEST_OFFER",14,0,as-is,US,naiyema,100.0,2026-08-20T15:24:21.000Z,,https://www.ebay.com/itm/366618505538?hash=item555c2a7142:g:Nf4AAeSww11o7v4j,https://i.ebayimg.com/images/g/Nf4AAeSww11o7v4j/s-l225.jpg
打包杂件,47.0,Canon PowerShot SD1000 7.1MP Digital ELPH Camera Silver w/3x Zoom Bundle,Canon,Digital Cameras,Used,145.0,USD,FIXED_PRICE,23,0,underpriced(med 330),US,deliscott,100.0,2026-08-20T18:53:37.000Z,,https://www.ebay.com/itm/278299634797?hash=item40cbf36c6d:g:zEwAAeSwrWpqh0wk,https://i.ebayimg.com/images/g/zEwAAeSwrWpqh0wk/s-l225.jpg
型号不明,47.0,■Operation Confirmed■ Kenko PZ-AF 1.5X TELEPLUS MC DG for Pentax K Mount ■For,Pentax,Lenses,Used,149.27,USD,"FIXED_PRICE,BEST_OFFER",9,0,mount:pentax k,JP,bears2636,99.3,2026-08-20T08:51:43.000Z,,https://www.ebay.com/itm/178425972491?hash=item298b04470b:g:HeYAAeSwvEZqhsFN,https://i.ebayimg.com/images/g/HeYAAeSwvEZqhsFN/s-l225.jpg
型号不明,47.0,Black Pentax KX Film Camera Body,Pentax,Film Cameras,Used,149.99,USD,FIXED_PRICE,6,0,,US,lcscamerastore,99.9,2026-08-21T00:31:38.000Z,,https://www.ebay.com/itm/147518660028?hash=item2258cc1dbc:g:dpgAAeSwtwVqh50i,https://i.ebayimg.com/images/g/dpgAAeSwtwVqh50i/s-l225.jpg
残件/按现状,47.0,[For Parts or Repair] Nikon F100 35mm Camera~Nikon AF Nikkor Lens~QAF6600 READ,Nikon,Film Cameras,Used,240.0,USD,"FIXED_PRICE,BEST_OFFER",23,0,mount:nikon f;as-is,US,maryshops4u,99.6,2026-08-20T17:07:18.000Z,,https://www.ebay.com/itm/800540891031?hash=itemba63f49797:g:bSwAAeSwU~lqhyxf,https://i.ebayimg.com/images/g/bSwAAeSwU~lqhyxf/s-l225.jpg
型号不明,47.0,Rollei Rolleiflex Mutar 07X Wide Bay3 Attachment Lens w Case G2U,Rollei,Vintage Lenses,,315.0,USD,FIXED_PRICE,9,0,,US,shipcycle,98.1,2026-08-21T13:24:11.000Z,,https://www.ebay.com/itm/178426525172?hash=item298b0cb5f4:g:k3YAAOSw2EdnLV4V,https://i.ebayimg.com/images/g/k3YAAOSw2EdnLV4V/s-l225.jpg
型号不明,46.0,"FED lens for rangefinder film camera M39 Leica,FED,Zorki+cap",Fed,Lenses,Used,39.0,USD,"FIXED_PRICE,BEST_OFFER",4,0,mount:ltm/l39,UA,antqua-shop,100.0,2026-08-20T17:25:00.000Z,,https://www.ebay.com/itm/820027790902?hash=itembeed771636:g:Gd8AAeSwXyxqhzg-,https://i.ebayimg.com/images/g/Gd8AAeSwXyxqhzg-/s-l225.jpg
残件/按现状,45.0,Sony 8mm Camcorder Ccd-tr850 Junk Used,Sony,Camcorders,Used,69.41,USD,FIXED_PRICE,6,0,as-is;underpriced(med 160),JP,hard-off-japan-in-uk,99.7,2026-08-20T23:44:40.000Z,,https://www.ebay.com/itm/318760964505?hash=item4a37a25199:g:wEsAAeSwy-Zqh5Jd,https://i.ebayimg.com/images/g/wEsAAeSwy-Zqh5Jd/s-l225.jpg
型号不明,45.0,Fisheye Lens For Nikon,Nikon,Lenses,Open box,130.0,USD,"FIXED_PRICE,BEST_OFFER",2,0,,US,chubbs1911,100.0,2026-08-20T20:15:22.000Z,,https://www.ebay.com/itm/147518301952?hash=item2258c6a700:g:itsAAeSwu3Zqh19T,https://i.ebayimg.com/images/g/itsAAeSwu3Zqh19T/s-l225.jpg
型号不明,45.0,Nikon AF-S TC-14E II Teleconverter 1.4x - OPEN BOX,Nikon,Lenses,Open box,149.95,USD,"FIXED_PRICE,BEST_OFFER",9,0,,US,dmin-99,99.0,2026-08-20T11:09:35.000Z,,https://www.ebay.com/itm/336752436411?hash=item4e680264bb:g:chMAAeSwddFqht5l,https://i.ebayimg.com/images/g/chMAAeSwddFqht5l/s-l225.jpg
型号不明,45.0,Canon Camera Film Compact -G G,Canon,Film Cameras,Used,156.15,USD,"FIXED_PRICE,BEST_OFFER",6,0,,JP,hirom2-88,98.4,2026-08-20T14:00:14.000Z,,https://www.ebay.com/itm/398307821034?hash=item5cbcff05ea:g:ElsAAeSwKX9qhwkn,https://i.ebayimg.com/images/g/ElsAAeSwKX9qhwkn/s-l225.jpg
残件/按现状,45.0,Ricoh R1s Gray Point & Shoot 35mm Film Camera AF Flash Tested AS-IS From Japan,Ricoh,Film Cameras,Used,164.99,USD,FIXED_PRICE,4,0,as-is,JP,rikolife,99.3,2026-08-20T09:41:27.000Z,,https://www.ebay.com/itm/158208574896?hash=item24d5f745b0:g:yK8AAeSw2o5qhsvC,https://i.ebayimg.com/images/g/yK8AAeSw2o5qhsvC/s-l225.jpg
残件/按现状,45.0,Ricoh R1s Platinum Silver Point & Shoot 35mm Film Camera Tested AS-IS From Japan,Ricoh,Film Cameras,Used,169.99,USD,FIXED_PRICE,4,0,as-is,JP,rikolife,99.3,2026-08-20T04:22:34.000Z,,https://www.ebay.com/itm/158207806667?hash=item24d5eb8ccb:g:bb4AAeSw0DZqhoEG,https://i.ebayimg.com/images/g/bb4AAeSw0DZqhoEG/s-l225.jpg
型号不明,45.0,Canon Camera Film Slr Body,Canon,Film Cameras,Used,174.96,USD,"FIXED_PRICE,BEST_OFFER",4,0,,JP,hirom2-88,98.4,2026-08-20T14:00:50.000Z,,https://www.ebay.com/itm/398307823282?hash=item5cbcff0eb2:g:DM8AAeSwN0tqhwkR,https://i.ebayimg.com/images/g/DM8AAeSwN0tqhwkR/s-l225.jpg
残件/按现状,45.0,[For Parts] Nikon F100 SLR 35mm Film Camera From JAPAN,Nikon,Film Cameras,For parts or not working,189.0,USD,FIXED_PRICE,8,0,as-is,JP,samura1_camera_japan,99.5,2026-08-21T00:59:02.000Z,,https://www.ebay.com/itm/407159803474?hash=item5ecc9d8e52:g:Qa4AAeSwt3xqh6MY,https://i.ebayimg.com/images/g/Qa4AAeSwt3xqh6MY/s-l225.jpg
残件/按现状,45.0,[Junk] RICOH R1 35mm P&S Film Camera 30mm Macro 24mm Wide For Parts - From JAPAN,Ricoh,Vintage Cameras,,201.0,USD,"FIXED_PRICE,BEST_OFFER",12,0,as-is,JP,hiro1-0,100.0,2026-08-21T02:15:56.000Z,,https://www.ebay.com/itm/287537368153?hash=item42f2900c59:g:HR0AAeSwSytqh7Rz,https://i.ebayimg.com/images/g/HR0AAeSwSytqh7Rz/s-l225.jpg
残件/按现状,45.0,OLYMPUS Olympus XA2 A11 Film Camera Flash Non working,Olympus,Film Cameras,Used,214.92,USD,FIXED_PRICE,6,0,,JP,nknk_98,100.0,2026-08-20T11:38:36.000Z,,https://www.ebay.com/itm/318758722302?hash=item4a37801afe:g:vREAAeSwk1Jqhuf0,https://i.ebayimg.com/images/g/vREAAeSwk1Jqhuf0/s-l225.jpg
残件/按现状,45.0,Nikon L35AF Pikaichi 35mm Point & Shoot Film Camera Tested Flash Issue AS-IS,Nikon,Film Cameras,Used,226.99,USD,FIXED_PRICE,6,0,as-is,JP,rikolife,99.3,2026-08-20T11:30:29.000Z,,https://www.ebay.com/itm/158208855923?hash=item24d5fb8f73:g:F58AAeSwVppqhuVN,https://i.ebayimg.com/images/g/F58AAeSwVppqhuVN/s-l225.jpg
残件/按现状,45.0,Olympus 35mm SLR Film Camera Body Silver Black Vintage For Parts Repair Japan,Olympus,Film Cameras,For parts or not working,258.68,USD,"FIXED_PRICE,BEST_OFFER",8,0,as-is,JP,ndenki_2,98.0,2026-08-21T03:48:28.000Z,,https://www.ebay.com/itm/206507526704?hash=item3014ceca30:g:6vAAAeSwAnRqh8t~,https://i.ebayimg.com/images/g/6vAAAeSwAnRqh8t~/s-l225.jpg
残件/按现状;型号不明,45.0,OLYMPUS Compact Film Camera For Parts Junk Not Tested Japan #7260821,Olympus,Film Cameras,For parts or not working,293.19,USD,"FIXED_PRICE,BEST_OFFER",7,0,as-is,JP,ndenki_2,98.0,2026-08-21T12:06:57.000Z,,https://www.ebay.com/itm/206508417952?hash=item3014dc63a0:g:18IAAeSw2DJqiEAb,https://i.ebayimg.com/images/g/18IAAeSw2DJqiEAb/s-l225.jpg
残件/按现状;型号不明,45.0,OLYMPUS Compact Film Camera For Parts Junk Not Tested Japan,Olympus,Film Cameras,For parts or not working,293.19,USD,"FIXED_PRICE,BEST_OFFER",7,0,as-is,JP,ndenki_2,98.0,2026-08-21T12:06:51.000Z,,https://www.ebay.com/itm/206508417844?hash=item3014dc6334:g:uoAAAeSw3vtqiD~Y,https://i.ebayimg.com/images/g/uoAAAeSw3vtqiD~Y/s-l225.jpg
查无市价,45.0,NOS Konica Minolta a-7 Alpha 7 Digital Maxxum 7D Dynax 7D DSLR Camera Boxed New,Konica,Film Cameras,New,809.0,USD,FIXED_PRICE,4,0,good-cond,JP,ein.japan,99.5,2026-08-20T10:56:23.000Z,,https://www.ebay.com/itm/237018738007?hash=item372f6aed57:g:eSYAAeSwUxNqht5O,https://i.ebayimg.com/images/g/eSYAAeSwUxNqht5O/s-l225.jpg
残件/按现状,45.0,VTG Alpa Reflex 9d SLR Camera Kern-Macro Switar AR 50mm f/1.8 Lens Case AS IS,Alpa,Film Cameras,Used,900.0,USD,"FIXED_PRICE,AUCTION",2,0,as-is;auction,US,rickbike743,100.0,2026-08-20T20:43:25.000Z,2026-08-27T20:43:25.000Z,https://www.ebay.com/itm/237019772752?hash=item372f7ab750:g:HrgAAeSw0yNqh2X8,https://i.ebayimg.com/images/g/HrgAAeSw0yNqh2X8/s-l225.jpg
查无市价,45.0,Canon P Rangefinder camera Gray Metallic repaint Near MINT w/Case From JP#7135,Canon,Film Cameras,Used,900.0,USD,FIXED_PRICE,16,0,good-cond,JP,sonyeric01c,100.0,2026-08-20T10:46:15.000Z,,https://www.ebay.com/itm/307136943692?hash=item4782c9d64c:g:OWoAAeSw9Idqhtry,https://i.ebayimg.com/images/g/OWoAAeSw9Idqhtry/s-l225.jpg
查无市价,45.0,Good Leica D-LUX Typ109 Compact film camera from Japan,Leica,Film Cameras,Used,1509.07,USD,FIXED_PRICE,9,0,,JP,samuraipicksjapan,100.0,2026-08-20T10:17:49.000Z,,https://www.ebay.com/itm/178426192182?hash=item298b07a136:g:PwsAAeSw6RlqhtU7,https://i.ebayimg.com/images/g/PwsAAeSw6RlqhtU7/s-l225.jpg
查无市价,45.0,Excellent Leica SUMMARON 28mm F5.6 Lens from Japan,Leica,Film Cameras,Open box,2460.83,USD,FIXED_PRICE,9,0,,JP,samuraipicksjapan,100.0,2026-08-20T10:18:28.000Z,,https://www.ebay.com/itm/178426192818?hash=item298b07a3b2:g:7z8AAeSwyTVqhtVp,https://i.ebayimg.com/images/g/7z8AAeSwyTVqhtVp/s-l225.jpg
残件/按现状,44.0,Sony CCD-TR51 Camcorder - Black,Sony,Camcorders,For parts or not working,25.35,USD,FIXED_PRICE,8,0,underpriced(med 157),CA,bdeermeet,100.0,2026-08-20T13:09:31.000Z,,https://www.ebay.com/itm/158209082967?hash=item24d5ff0657:g:HIQAAeSwVuppRYKV,https://i.ebayimg.com/images/g/HIQAAeSwVuppRYKV/s-l225.jpg
残件/按现状,44.0,Sony Handycam TR420E Analog Video 8 Camcorder Video Recorder - Untested,Sony,Camcorders,For parts or not working,30.74,USD,"FIXED_PRICE,BEST_OFFER",8,0,as-is;underpriced(med 160),GB,theresellbusiness,99.9,2026-08-21T12:35:46.000Z,,https://www.ebay.com/itm/257694777897?hash=item3bffce4229:g:cP0AAeSwcddqLPvm,https://i.ebayimg.com/images/g/cP0AAeSwcddqLPvm/s-l225.jpg
残件/按现状,44.0,Panasonic RZ2 Camcorder Video Recorder VHS-C PAL Charger + Batteries - Untested,Panasonic,Camcorders,For parts or not working,30.74,USD,"FIXED_PRICE,BEST_OFFER",9,0,as-is;underpriced(med 120),GB,theresellbusiness,99.9,2026-08-21T12:35:46.000Z,,https://www.ebay.com/itm/257694777899?hash=item3bffce422b:g:SpsAAeSwAbNqLRur,https://i.ebayimg.com/images/g/SpsAAeSwAbNqLRur/s-l225.jpg
残件/按现状,44.0,Sony Handycam DCR-HC27E Handheld MiniDV Camcorder Silver Not Tested,Sony,Camcorders,For parts or not working,31.23,USD,"FIXED_PRICE,BEST_OFFER",8,0,underpriced(med 157),GB,billc3169,99.7,2026-08-20T08:59:06.000Z,,https://www.ebay.com/itm/267762461498?hash=item3e57e2eb3a:g:P0EAAeSw65BqXh8y,https://i.ebayimg.com/images/g/P0EAAeSw65BqXh8y/s-l225.jpg
残件/按现状,44.0,Sony Camcorder CCD-TR51 Video 8 HandyCam W/ Battery + Case Power Parts Repair,Sony,Camcorders,For parts or not working,34.0,USD,FIXED_PRICE,15,0,underpriced(med 160),CA,joeys*hidden*jems,99.4,2026-08-21T11:30:01.000Z,,https://www.ebay.com/itm/820028522159?hash=itembeed823eaf:g:aykAAOSwLtdnCT9w,https://i.ebayimg.com/images/g/aykAAOSwLtdnCT9w/s-l225.jpg
残件/按现状,44.0,vintage camera Sony 12 mega pixels mpeg4 dv NOT TESTED !!!!!!,Sony,Camcorders,For parts or not working,39.99,USD,"FIXED_PRICE,BEST_OFFER",9,0,underpriced(med 160),MD,papestr_0,100.0,2026-08-21T12:21:14.000Z,,https://www.ebay.com/itm/287538142773?hash=item42f29bde35:g:dPgAAeSwiipqiEGK,https://i.ebayimg.com/images/g/dPgAAeSwiipqiEGK/s-l225.jpg
残件/按现状,44.0,Sony Handycam DCR-DVD201E Mini DVD Video Camera UNTESTED SPARES/PARTS,Sony,Camcorders,For parts or not working,40.8,USD,FIXED_PRICE,8,0,as-is;underpriced(med 157),GB,one4junk,99.8,2026-08-20T13:03:54.000Z,,https://www.ebay.com/itm/318759014620?hash=item4a378490dc:g:2qIAAeSwau1qhvsQ,https://i.ebayimg.com/images/g/2qIAAeSwau1qhvsQ/s-l225.jpg
残件/按现状,44.0,Sony Handycam DCR-TRV245E Digital8 Camcorder - Spares / Parts Only - Untested,Sony,Camcorders,For parts or not working,51.5,USD,"FIXED_PRICE,BEST_OFFER",17,0,as-is;underpriced(med 160),GB,adabarbe-68,100.0,2026-08-20T16:04:24.000Z,,https://www.ebay.com/itm/257693014535?hash=item3bffb35a07:g:fggAAeSwvSNqhxqN,https://i.ebayimg.com/images/g/fggAAeSwvSNqhxqN/s-l225.jpg
残件/按现状,44.0,Faulty Sony Handycam HDR-SR11 Full HD 60GB HDD 12x Zoom 2.7in HDMI USB With Char,Sony,Camcorders,For parts or not working,54.51,USD,"FIXED_PRICE,BEST_OFFER",23,0,underpriced(med 160),GB,charsaboss,99.7,2026-08-20T18:24:38.000Z,,https://www.ebay.com/itm/287536711291?hash=item42f286067b:g:0zQAAeSwQe1qh0V5,https://i.ebayimg.com/images/g/0zQAAeSwQe1qh0V5/s-l225.jpg
残件/按现状,44.0,SONY HANDYCAM CCD-TR330E CAMCORDER VIDEO-8 CAMERA PLEASE READ DESCRIPTION,Sony,Camcorders,For parts or not working,58.55,USD,"FIXED_PRICE,BEST_OFFER",21,0,underpriced(med 160),GB,mac0405,99.3,2026-08-21T13:13:01.000Z,,https://www.ebay.com/itm/336754394338?hash=item4e682044e2:g:AdoAAeSwp5poSER9,https://i.ebayimg.com/images/g/AdoAAeSwp5poSER9/s-l225.jpg
打包杂件,44.0,Vintage Nikon Coolpix 4600 4.0MP Digital Camera Bundle - Tested & Working...,Nikon,Digital Cameras,Used,61.99,USD,FIXED_PRICE,5,0,underpriced(med 250),CA,inspector-jon,99.6,2026-08-20T12:24:14.000Z,,https://www.ebay.com/itm/820026845210?hash=itembeed68a81a:g:ykQAAeSwFdNqXidp,https://i.ebayimg.com/images/g/ykQAAeSwFdNqXidp/s-l225.jpg
残件/按现状,44.0,Camera PRAKTICA LTL PROFESSIONAL CAMERA AS IS BEAUTY!!!!,Praktica,Film Cameras,For parts or not working,100.0,USD,"FIXED_PRICE,BEST_OFFER",7,0,as-is,CA,frwl0007,100.0,2026-08-20T10:22:01.000Z,,https://www.ebay.com/itm/257692431222?hash=item3bffaa7376:g:pbsAAOSwlCBnV1A6,https://i.ebayimg.com/images/g/pbsAAOSwlCBnV1A6/s-l225.jpg
型号不明,44.0,"FujifilmFinePix F10 6.3MP Digital Camera Tested + Charger, Battery, Fuji Case",Fuji,Digital Cameras,Used,108.98,USD,FIXED_PRICE,18,0,underpriced(med 300),GB,digicamera,100.0,2026-08-20T17:26:55.000Z,,https://www.ebay.com/itm/407159078100?hash=item5ecc927cd4:g:FkYAAeSw94NqhzcQ,https://i.ebayimg.com/images/g/FkYAAeSw94NqhzcQ/s-l225.jpg
残件/按现状,44.0,"Canon IXUS 185 Digital Camera Red, READ DESCRIPTION",Canon,Digital Cameras,Used,109.05,USD,FIXED_PRICE,9,0,underpriced(med 330),GB,quaze2772,100.0,2026-08-20T13:35:30.000Z,,https://www.ebay.com/itm/407158665055?hash=item5ecc8c2f5f:g:yosAAeSw-8lqhwHa,https://i.ebayimg.com/images/g/yosAAeSw-8lqhwHa/s-l225.jpg
打包杂件,43.0,Polaroid 600 Business Edition And Panasonic Bundle,Polaroid,Vintage Cameras,,25.0,USD,FIXED_PRICE,0,0,,US,dmvsolez,100.0,2026-08-20T23:24:46.000Z,,https://www.ebay.com/itm/307138130177?hash=item4782dbf101:g:-c4AAeSwLrNqh4yR,https://i.ebayimg.com/images/g/-c4AAeSwLrNqh4yR/s-l225.jpg
残件/按现状,43.0,Vintage Polaroid Cool Cam 600 Instant Film Camera - Red & Black UNTESTED,Polaroid,Vintage Cameras,,25.0,USD,"FIXED_PRICE,BEST_OFFER",7,0,as-is,US,sistersrestore,99.7,2026-08-20T19:28:46.000Z,,https://www.ebay.com/itm/137644331754?hash=item200c3dd2ea:g:kCEAAeSwYspqh1TO,https://i.ebayimg.com/images/g/kCEAAeSwYspqh1TO/s-l225.jpg
残件/按现状,43.0,Polaroid OneStep 600 Camera Untested,Polaroid,Vintage Cameras,,25.0,USD,"FIXED_PRICE,BEST_OFFER",4,0,as-is,US,t_bone_terry,99.6,2026-08-20T17:03:08.000Z,,https://www.ebay.com/itm/158209645854?hash=item24d6079d1e:g:0zoAAeSwHrZqhzMM,https://i.ebayimg.com/images/g/0zoAAeSwHrZqhzMM/s-l225.jpg
残件/按现状,43.0,60's Vintage Promotional Kodak Brownie Bullet Camera Untested,Kodak,Vintage Cameras,,25.0,USD,"FIXED_PRICE,BEST_OFFER",12,0,as-is,US,eddyspicks,100.0,2026-08-20T11:55:27.000Z,,https://www.ebay.com/itm/800539661574?hash=itemba63e1d506:g:~pwAAeSwXMpqMVAv,https://i.ebayimg.com/images/g/~pwAAeSwXMpqMVAv/s-l225.jpg
残件/按现状,43.0,Vintage Blue Polaroid Impulse Instant Camera Untested Clean Condition,Polaroid,Vintage Cameras,,25.0,USD,"FIXED_PRICE,BEST_OFFER",6,0,as-is,US,shoptomas,100.0,2026-08-20T08:19:45.000Z,,https://www.ebay.com/itm/307136696583?hash=item4782c61107:g:dLkAAeSw3YRqFq~a,https://i.ebayimg.com/images/g/dLkAAeSw3YRqFq~a/s-l225.jpg
残件/按现状,43.0,VTG / OLD Polaroid Big Swinger 3000 Land Camera w Original Case Coater Untested,Polaroid,Vintage Cameras,,25.0,USD,"FIXED_PRICE,BEST_OFFER",23,0,as-is,US,barnsale4dad,100.0,2026-08-20T05:09:27.000Z,,https://www.ebay.com/itm/278297830172?hash=item40cbd7e31c:g:4coAAeSw4C1qhorC,https://i.ebayimg.com/images/g/4coAAeSw4C1qhorC/s-l225.jpg
残件/按现状,43.0,Vintage Kodak Instamatic 174 Camera Made In The USA For Parts Or Decoration,Kodak,Vintage Cameras,,25.99,USD,"FIXED_PRICE,BEST_OFFER",7,0,as-is,US,saltysasquatchtradingco,100.0,2026-08-20T13:21:48.000Z,,https://www.ebay.com/itm/820027044927?hash=itembeed6bb43f:g:OBEAAeSwEYJpk9hs,https://i.ebayimg.com/images/g/OBEAAeSwEYJpk9hs/s-l225.jpg
残件/按现状,43.0,Vintage Kodak Tourist 620 Folding Camera Kodet Lens Film Untested,Kodak,Vintage Cameras,,27.99,USD,FIXED_PRICE,8,0,as-is,US,nicrose-f_0,100.0,2026-08-21T01:22:27.000Z,,https://www.ebay.com/itm/366619431977?hash=item555c389429:g:pkoAAeSww45qh6gB,https://i.ebayimg.com/images/g/pkoAAeSww45qh6gB/s-l225.jpg
残件/按现状,43.0,Polaroid Sun 600 SE 50th Anniversary - Tested/Powers On - FOR REPAIR/PARTS,Polaroid,Vintage Cameras,,27.99,USD,"FIXED_PRICE,BEST_OFFER",4,0,as-is,US,vjo6990-0yasj7,100.0,2026-08-20T12:00:02.000Z,,https://www.ebay.com/itm/366617369873?hash=item555c191d11:g:67UAAeSwKX9qhm3r,https://i.ebayimg.com/images/g/67UAAeSwKX9qhm3r/s-l225.jpg
残件/按现状;打包杂件,43.0,Panasonic Lumix DMC-FX50 Casio EX-Z150 Vivitar 8025 Camera Lot Parts,Panasonic,Digital Cameras,For parts or not working,27.99,USD,"FIXED_PRICE,BEST_OFFER",8,0,underpriced(med 181),US,cascadegeneralstore,100.0,2026-08-20T05:12:38.000Z,,https://www.ebay.com/itm/398306457153?hash=item5cbcea3641:g:6toAAeSwmKhqhox8,https://i.ebayimg.com/images/g/6toAAeSwmKhqhox8/s-l225.jpg
残件/按现状,43.0,Sony Mavica MVC-FD75 Digital Camera - Silver and Black Untested,Sony,Digital Cameras,For parts or not working,28.0,USD,"FIXED_PRICE,BEST_OFFER",5,0,as-is;underpriced(med 223),US,nybuyerandseller,99.1,2026-08-20T12:42:06.000Z,,https://www.ebay.com/itm/257692667751?hash=item3bffae0f67:g:nYYAAeSwskFqhvXp,https://i.ebayimg.com/images/g/nYYAAeSwskFqhvXp/s-l225.jpg
残件/按现状,43.0,Kodak Retinette 1A 35mm Film Camera Schneider-Kreuznach 45mm f2.8 For Parts,Kodak,Film Cameras,For parts or not working,28.45,USD,"FIXED_PRICE,BEST_OFFER",9,0,as-is,US,secondhandshutterllc,99.9,2026-08-20T22:20:10.000Z,,https://www.ebay.com/itm/168628970597?hash=item274311e465:g:MGgAAeSwvqJqXqYd,https://i.ebayimg.com/images/g/MGgAAeSwvqJqXqYd/s-l225.jpg
残件/按现状,43.0,Vintage Polaroid 600 One Step Close Up Flash Instant Camera & Strap For Parts,Polaroid,Vintage Cameras,,28.45,USD,FIXED_PRICE,4,0,as-is,US,granitestatepicker_2,99.8,2026-08-20T19:43:13.000Z,,https://www.ebay.com/itm/257693326520?hash=item3bffb81cb8:g:uxEAAeSwZeRqDiNY,https://i.ebayimg.com/images/g/uxEAAeSwZeRqDiNY/s-l225.jpg
残件/按现状,43.0,Kodak Retina S1 35mm Film Camera /- For Parts / Repair - Schneider Reomar 45mm,Kodak,Vintage Cameras,,28.99,USD,"FIXED_PRICE,BEST_OFFER",7,0,as-is,US,blpump56,99.6,2026-08-20T19:40:21.000Z,,https://www.ebay.com/itm/800541499304?hash=itemba63fddfa8:g:xakAAeSwS1dp5ocp,https://i.ebayimg.com/images/g/xakAAeSwS1dp5ocp/s-l225.jpg
残件/按现状,43.0,Vintage Polaroid One Step Instant Film Camera 600 Close Up UNTESTED Retro,Polaroid,Vintage Cameras,,28.99,USD,"FIXED_PRICE,BEST_OFFER",5,0,as-is,US,theincredible,100.0,2026-08-20T14:00:52.000Z,,https://www.ebay.com/itm/287536384812?hash=item42f2810b2c:g:n5cAAeSw7BNqhwt5,https://i.ebayimg.com/images/g/n5cAAeSw7BNqhwt5/s-l225.jpg
残件/按现状,43.0,Polaroid J33 Land Camera Vintage with Carrying Case and flash Untested,Polaroid,Vintage Cameras,,29.15,USD,FIXED_PRICE,8,0,as-is,US,stormykg,100.0,2026-08-21T08:58:37.000Z,,https://www.ebay.com/itm/287537856608?hash=item42f2978060:g:o-EAAeSwFRVorLp5,https://i.ebayimg.com/images/g/o-EAAeSwFRVorLp5/s-l225.jpg
残件/按现状,43.0,Panasonic PV-DV402D Palmcorder Mini DV Video Camera Battery Charger Recorder,Panasonic,Digital Cameras,For parts or not working,29.95,USD,"FIXED_PRICE,BEST_OFFER",19,0,underpriced(med 181),US,hpunion,100.0,2026-08-20T16:27:28.000Z,,https://www.ebay.com/itm/327319527585?hash=item4c35c3a0a1:g:Y24AAeSwG9Fqhyol,https://i.ebayimg.com/images/g/Y24AAeSwG9Fqhyol/s-l225.jpg
残件/按现状,43.0,AS IS- PARTS ONLY Super 8 Chinon Film Camera 806 SM/Direct Sound,Chinon,Vintage Cameras,,29.99,USD,"FIXED_PRICE,BEST_OFFER",23,0,as-is,US,funstufffromtheattic,99.1,2026-08-21T04:00:06.000Z,,https://www.ebay.com/itm/407160042453?hash=item5ecca133d5:g:SDwAAeSw6wJqCOVg,https://i.ebayimg.com/images/g/SDwAAeSw6wJqCOVg/s-l225.jpg
残件/按现状,43.0,Vintage POLAROID LAND CAMERA ~ Model 80B ~1950's Instant Camera ~Untested w/case,Polaroid,Vintage Cameras,,29.99,USD,FIXED_PRICE,4,0,as-is,US,resellrenegade45,97.6,2026-08-21T02:41:12.000Z,,https://www.ebay.com/itm/377437311723?hash=item57e10452eb:g:Nj0AAeSwZPBqh7qf,https://i.ebayimg.com/images/g/Nj0AAeSwZPBqh7qf/s-l225.jpg
残件/按现状,43.0,Vintage Kodak 35mm Film Camera w/ Leather Case - Untested,Kodak,Vintage Cameras,,29.99,USD,"FIXED_PRICE,BEST_OFFER",5,0,as-is,US,thestorageguys,100.0,2026-08-21T02:39:43.000Z,,https://www.ebay.com/itm/318761553884?hash=item4a37ab4fdc:g:1FEAAeSwYtNqh7oo,https://i.ebayimg.com/images/g/1FEAAeSwYtNqh7oo/s-l225.jpg
残件/按现状,43.0,3 Vintage 35 MM Cameras Agfa Optima Rapid 250 & Keystone Kodak Camera,Agfa,Film Cameras,For parts or not working,29.99,USD,FIXED_PRICE,23,0,,US,flipty55,100.0,2026-08-20T23:25:47.000Z,,https://www.ebay.com/itm/227484696481?hash=item34f724ffa1:g:xCQAAeSwu7Zqh4xH,https://i.ebayimg.com/images/g/xCQAAeSwu7Zqh4xH/s-l225.jpg
残件/按现状,43.0,Vintage Blue Polaroid Impulse Instant Camera - Untested,Polaroid,Vintage Cameras,,29.99,USD,FIXED_PRICE,5,0,as-is,US,ransm-89,99.2,2026-08-20T22:25:52.000Z,,https://www.ebay.com/itm/318760747059?hash=item4a379f0033:g:gfEAAeSwR7pqh37E,https://i.ebayimg.com/images/g/gfEAAeSwR7pqh37E/s-l225.jpg
残件/按现状,43.0,Vintage Polaroid OneStep SX-70 Camera with Q-Light Flash *READ DESCRIPTION*,Polaroid,Vintage Cameras,,29.99,USD,"FIXED_PRICE,BEST_OFFER",5,0,,US,collectors-eden,100.0,2026-08-20T22:06:26.000Z,,https://www.ebay.com/itm/820028570258?hash=itembeed82fa92:g:1aUAAeSwRUZqh3mL,https://i.ebayimg.com/images/g/1aUAAeSwRUZqh3mL/s-l225.jpg
残件/按现状,43.0,"Polaroid OneStep Flash 600 Instant Film Camera, Black UNTESTED",Polaroid,Vintage Cameras,,29.99,USD,"FIXED_PRICE,BEST_OFFER",14,0,as-is,US,spla-6339,0.0,2026-08-20T19:53:08.000Z,,https://www.ebay.com/itm/198585021820?hash=item2e3c96f57c:g:dpQAAeSwj6Bqh1rV,https://i.ebayimg.com/images/g/dpQAAeSwj6Bqh1rV/s-l225.jpg
残件/按现状,43.0,SONY CYBER-SHOT DSC-W55 7.2MP DIGITAL CAMERA PARTS REPAIR ONLY W/BATTERY,Sony,Digital Cameras,For parts or not working,29.99,USD,FIXED_PRICE,4,0,underpriced(med 223),US,toysyndicate,99.7,2026-08-20T17:25:55.000Z,,https://www.ebay.com/itm/117370175452?hash=item1b53cebfdc:g:OqEAAOSw-K5m6K9H,https://i.ebayimg.com/images/g/OqEAAOSw-K5m6K9H/s-l225.jpg
残件/按现状,43.0,Polaroid Cool Cam 600 PINK/GRAY With Strap - UNTESTED,Polaroid,Vintage Cameras,,29.99,USD,FIXED_PRICE,10,0,as-is,US,mjp472,100.0,2026-08-20T14:06:22.000Z,,https://www.ebay.com/itm/178426748534?hash=item298b101e76:g:e90AAeSwoAJqhvkY,https://i.ebayimg.com/images/g/e90AAeSwoAJqhvkY/s-l225.jpg
残件/按现状,43.0,Sony Cyber-Shot DSC-H300 20.1MP 35x Optical Zoom Digital Camera Read Description,Sony,Digital Cameras,For parts or not working,29.99,USD,FIXED_PRICE,8,0,underpriced(med 223),US,jnorth0728,100.0,2026-08-20T11:03:56.000Z,,https://www.ebay.com/itm/336752429907?hash=item4e68024b53:g:bmUAAeSwzkRqht6C,https://i.ebayimg.com/images/g/bmUAAeSwzkRqht6C/s-l225.jpg
残件/按现状,43.0,Kodak Vest Pocket Model B Camera 1930s Collector Folding Camera w/Case Untested,Kodak,Vintage Cameras,,30.0,USD,"FIXED_PRICE,BEST_OFFER",3,0,as-is,US,misc4sale2011,100.0,2026-08-20T21:17:45.000Z,,https://www.ebay.com/itm/188823841645?hash=item2bf6c72b6d:g:-ngAAeSw16pp5Qh9,https://i.ebayimg.com/images/g/-ngAAeSw16pp5Qh9/s-l225.jpg
残件/按现状,43.0,Polaroid 600 Series 640 Land Camera Instant Film Camera Untested,Polaroid,Vintage Cameras,,30.0,USD,"FIXED_PRICE,BEST_OFFER",7,0,as-is,US,thriftydon8,99.8,2026-08-20T18:53:54.000Z,,https://www.ebay.com/itm/188823369104?hash=item2bf6bff590:g:9PUAAeSwXyxqh0zy,https://i.ebayimg.com/images/g/9PUAAeSwXyxqh0zy/s-l225.jpg
残件/按现状,43.0,Kodak EK4 Instant Camera w/ Original Box Vintage 1970s Collectible Untested,Kodak,Vintage Cameras,,30.0,USD,FIXED_PRICE,2,0,as-is,US,wicked.julian,100.0,2026-08-20T05:44:21.000Z,,https://www.ebay.com/itm/800538186045?hash=itemba63cb513d:g:BtoAAeSw1LlqhpNM,https://i.ebayimg.com/images/g/BtoAAeSw1LlqhpNM/s-l225.jpg
残件/按现状,43.0,VTG Kodak Six-16 Brownie Junior Box Camera Art Deco USA 1930s Untested,Kodak,Vintage Cameras,,30.95,USD,"FIXED_PRICE,BEST_OFFER",8,0,as-is,US,vane0-70,100.0,2026-08-21T10:45:30.000Z,,https://www.ebay.com/itm/398311156237?hash=item5cbd31ea0d:g:czgAAeSwyUJofoXJ,https://i.ebayimg.com/images/g/czgAAeSwyUJofoXJ/s-l225.jpg
残件/按现状,43.0,Polaroid OneStep Closeup 600 Instant Film Camera Black/Gray Closeup Untested,Polaroid,Vintage Cameras,,32.99,USD,"FIXED_PRICE,BEST_OFFER",5,0,as-is,US,coke4thgen,100.0,2026-08-21T01:04:52.000Z,,https://www.ebay.com/itm/267763151080?hash=item3e57ed70e8:g:TSUAAeSwF-Zqh6IG,https://i.ebayimg.com/images/g/TSUAAeSwF-Zqh6IG/s-l225.jpg
残件/按现状,43.0,Vintage Polaroid ColorPack II Land Camera w/ Carrying Case Green/Brown Untested,Polaroid,Vintage Cameras,,33.0,USD,"FIXED_PRICE,BEST_OFFER",14,0,as-is,US,doratheexplorer864,99.5,2026-08-21T12:56:48.000Z,,https://www.ebay.com/itm/267763501949?hash=item3e57f2cb7d:g:bh0AAeSw2HRpDMF-,https://i.ebayimg.com/images/g/bh0AAeSw2HRpDMF-/s-l225.jpg
残件/按现状,43.0,Vintage Polaroid OneStep Instant Camera 600 - Untested,Polaroid,Vintage Cameras,,34.95,USD,"FIXED_PRICE,BEST_OFFER",6,0,as-is,US,dannysonline2,100.0,2026-08-20T14:45:30.000Z,,https://www.ebay.com/itm/117369944662?hash=item1b53cb3a56:g:mWIAAeSw7F9qhxL9,https://i.ebayimg.com/images/g/mWIAAeSw7F9qhxL9/s-l225.jpg
残件/按现状,43.0,Sony Cyber-shot 5.0MP Digital Camera Carl Zeiss Lens DSC-P Series Untested As-Is,Sony,Digital Cameras,Used,34.97,USD,"FIXED_PRICE,BEST_OFFER",4,0,as-is;underpriced(med 223),US,saltysasquatchtradingco,100.0,2026-08-20T13:22:48.000Z,,https://www.ebay.com/itm/820027049941?hash=itembeed6bc7d5:g:aPsAAeSw4TppcB5C,https://i.ebayimg.com/images/g/aPsAAeSw4TppcB5C/s-l225.jpg
残件/按现状,43.0,Polaroid OneStep 600 Film Vintage Instant Camera Untested,Polaroid,Vintage Cameras,,34.99,USD,"FIXED_PRICE,BEST_OFFER",8,0,as-is,US,coke4thgen,100.0,2026-08-21T01:07:53.000Z,,https://www.ebay.com/itm/267763153395?hash=item3e57ed79f3:g:xDkAAeSwW8Nqh6SA,https://i.ebayimg.com/images/g/xDkAAeSwW8Nqh6SA/s-l225.jpg
残件/按现状,43.0,Vintage Kodak Jr Six-16 Series III Folding Camera 128mm f/6.3 Untested As-Is,Kodak,Vintage Cameras,,34.99,USD,"FIXED_PRICE,BEST_OFFER",15,0,as-is,US,treasurehuntingwithteresa,100.0,2026-08-20T16:44:56.000Z,,https://www.ebay.com/itm/278299327584?hash=item40cbeebc60:g:XJIAAeSwk1JqhxM-,https://i.ebayimg.com/images/g/XJIAAeSwk1JqhxM-/s-l225.jpg
残件/按现状,43.0,"Vintage Kodak Hawkeye Instamatic II Camera Untested, Uses 126 Film",Kodak,Vintage Cameras,,34.99,USD,FIXED_PRICE,7,0,as-is,US,ottsantique,100.0,2026-08-20T15:56:14.000Z,,https://www.ebay.com/itm/188822751908?hash=item2bf6b68aa4:g:7eEAAOSw2sxi~sbt,https://i.ebayimg.com/images/g/7eEAAOSw2sxi~sbt/s-l225.jpg
型号不明,43.0,Yashica Power Zoom AF 70-210 f/4-5.6 Macro Complete In Box Excellent Condition,Yashica,Lenses,Used,35.0,USD,"FIXED_PRICE,BEST_OFFER",10,0,,US,al_ex07,100.0,2026-08-20T20:26:48.000Z,,https://www.ebay.com/itm/257693378969?hash=item3bffb8e999:g:A9kAAeSw7RNqh2It,https://i.ebayimg.com/images/g/A9kAAeSw7RNqh2It/s-l225.jpg
残件/按现状,43.0,"Vintage Polaroid 420 Camera Kit w/ Flash, Manuals, Case, Extras - Untested",Polaroid,Vintage Cameras,,35.0,USD,"FIXED_PRICE,BEST_OFFER",10,0,as-is,US,jeheit79,99.9,2026-08-20T19:36:45.000Z,,https://www.ebay.com/itm/377436445849?hash=item57e0f71c99:g:V4YAAeSw9SVqh1ZO,https://i.ebayimg.com/images/g/V4YAAeSw9SVqh1ZO/s-l225.jpg
残件/按现状,43.0,VTG 2 Cameras Polaroid One Step Express Green Instant And Black UNTESTED,Polaroid,Vintage Cameras,,35.0,USD,"FIXED_PRICE,BEST_OFFER",5,0,as-is,US,norglo34,97.5,2026-08-20T18:37:16.000Z,,https://www.ebay.com/itm/318760035743?hash=item4a3794259f:g:9gcAAeSwxTFqh0jk,https://i.ebayimg.com/images/g/9gcAAeSwxTFqh0jk/s-l225.jpg
残件/按现状,43.0,Vintage Polaroid OneStep 600 Instant Film Camera – Untested,Polaroid,Vintage Cameras,,35.0,USD,FIXED_PRICE,6,0,as-is,US,zab_6277,99.5,2026-08-20T16:34:39.000Z,,https://www.ebay.com/itm/407158987625?hash=item5ecc911b69:g:foYAAeSw2rZqhyyL,https://i.ebayimg.com/images/g/foYAAeSw2rZqhyyL/s-l225.jpg
残件/按现状,43.0,UNTESTED VTG Kodak Kb10 aspheric Point Shoot Film Camera 35mm LOMOGRAPHY vintage,Kodak,Film Cameras,Used,35.78,USD,"FIXED_PRICE,BEST_OFFER",4,0,as-is,US,thethrifthunterz,99.5,2026-08-20T15:16:21.000Z,,https://www.ebay.com/itm/366618489420?hash=item555c2a324c:g:i9wAAeSw-oRn8rn6,https://i.ebayimg.com/images/g/i9wAAeSw-oRn8rn6/s-l225.jpg
残件/按现状,43.0,Polaroid Impulse 600 Instant Film Camera Vintage - UNTESTED,Polaroid,Vintage Cameras,,36.65,USD,FIXED_PRICE,5,0,as-is,US,shatown-21,99.7,2026-08-21T08:43:25.000Z,,https://www.ebay.com/itm/237020908395?hash=item372f8c0b6b:g:gzQAAeSw2xlodVWh,https://i.ebayimg.com/images/g/gzQAAeSw2xlodVWh/s-l225.jpg
残件/按现状,43.0,Sony Cyber Shot 12.1 Mega Pixels Model DSC-W190 Digital Camera Untested,Sony,Digital Cameras,For parts or not working,37.5,USD,"FIXED_PRICE,BEST_OFFER",7,0,as-is;underpriced(med 223),US,imkevlar41-4,100.0,2026-08-20T16:01:47.000Z,,https://www.ebay.com/itm/398308118989?hash=item5cbd0391cd:g:QuwAAeSw02JqhyLg,https://i.ebayimg.com/images/g/QuwAAeSw02JqhyLg/s-l225.jpg
残件/按现状,43.0,Zenit EM 35mm SLR Film Camera Body 1980 Black Soviet USSR TESTED - **READ**,Zenit,Film Cameras,For parts or not working,37.95,USD,"FIXED_PRICE,BEST_OFFER",11,0,,US,secondhandshutterllc,99.9,2026-08-20T20:57:10.000Z,,https://www.ebay.com/itm/168628840973?hash=item27430fea0d:g:sNMAAeSwHg9qXpKp,https://i.ebayimg.com/images/g/sNMAAeSwHg9qXpKp/s-l225.jpg
残件/按现状,43.0,Vintage Eastman Kodak Brownie Target Six-20 Box Camera 1940’s Art Deco Untested,Kodak,Vintage Cameras,,39.95,USD,"FIXED_PRICE,BEST_OFFER",8,0,as-is,US,shollistersstuff,100.0,2026-08-21T02:11:10.000Z,,https://www.ebay.com/itm/278300563353?hash=item40cc019799:g:BpQAAeSwzGxpl8Vn,https://i.ebayimg.com/images/g/BpQAAeSwzGxpl8Vn/s-l225.jpg
残件/按现状;打包杂件,43.0,Vintage Camera Lot Vivitar PS:35 Auto Focus Vivitar EF35 Kodak Instamatic 154,Vivitar,Film Cameras,For parts or not working,39.95,USD,"FIXED_PRICE,BEST_OFFER",17,0,,US,secondhandshutterllc,99.9,2026-08-21T00:10:36.000Z,,https://www.ebay.com/itm/168629144835?hash=item2743148d03:g:--QAAeSwBO5qh5d8,https://i.ebayimg.com/images/g/--QAAeSwBO5qh5d8/s-l225.jpg
残件/按现状;打包杂件,43.0,"Vintage Kodak 35 35mm Camera Estate Lot, Untested, Accessories Leather Case",Kodak,Vintage Cameras,,39.95,USD,FIXED_PRICE,14,0,as-is,US,farnorcallaserbeam,99.7,2026-08-20T18:42:12.000Z,,https://www.ebay.com/itm/800541268039?hash=itemba63fa5847:g:7OYAAeSw02Jqh0oE,https://i.ebayimg.com/images/g/7OYAAeSw02Jqh0oE/s-l225.jpg
打包杂件,43.0,Vintage Polaroid Land Camera Lot 4 Cameras J33 J66 Automatic 104 Accessories,Polaroid,Vintage Cameras,,39.99,USD,FIXED_PRICE,6,0,,US,goodwillsocalshop,99.7,2026-08-20T19:35:54.000Z,,https://www.ebay.com/itm/267762894322?hash=item3e57e985f2:g:nAoAAeSwbiNqfh91,https://i.ebayimg.com/images/g/nAoAAeSwbiNqfh91/s-l225.jpg
残件/按现状,43.0,Polaroid Sun 600 LMS Land Camera Vintage Instant Film w Box Manual Untested -B19,Polaroid,Vintage Cameras,,39.99,USD,"FIXED_PRICE,BEST_OFFER",15,0,as-is,US,secondchancesbyjz,100.0,2026-08-20T16:24:39.000Z,,https://www.ebay.com/itm/407158956514?hash=item5ecc90a1e2:g:MzEAAeSww-Fqhyd5,https://i.ebayimg.com/images/g/MzEAAeSww-Fqhyd5/s-l225.jpg
残件/按现状,43.0,(RARE ) Polaroid Spectra 1200FF Instant Camera Silver with Box & Strap Untested,Polaroid,Vintage Cameras,,39.99,USD,FIXED_PRICE,10,0,as-is,US,dadguy14,99.6,2026-08-20T14:20:35.000Z,,https://www.ebay.com/itm/257692841014?hash=item3bffb0b436:g:ZNgAAeSwYtBqgjSC,https://i.ebayimg.com/images/g/ZNgAAeSwYtBqgjSC/s-l225.jpg
残件/按现状,43.0,Sony Cyber-shot DSC-S650 7.2MP Digital Camera w/Box Cables Case Untested,Sony,Digital Cameras,For parts or not working,39.99,USD,"FIXED_PRICE,BEST_OFFER",3,0,as-is;underpriced(med 223),US,jedilord4,99.8,2026-08-20T10:09:04.000Z,,https://www.ebay.com/itm/206505622770?hash=item3014b1bcf2:g:x6QAAeSw7zhqhtOU,https://i.ebayimg.com/images/g/x6QAAeSw7zhqhtOU/s-l225.jpg
型号不明,43.0,Vtg Yashica Yashikor Aux Wide Angle Telephoto Wide Angle Lens 1:4 3pc Set w Case,Yashica,Lenses,Used,40.0,USD,FIXED_PRICE,19,0,,US,arizonahumanesociety,99.9,2026-08-20T20:35:52.000Z,,https://www.ebay.com/itm/398308926527?hash=item5cbd0fe43f:g:t94AAeSwR7pqh2Qk,https://i.ebayimg.com/images/g/t94AAeSwR7pqh2Qk/s-l225.jpg
残件/按现状,43.0,Sony Cyber-Shot DSC-W170 10.1MP Digital Camera w/5x Zoom *Inoperable #581,Sony,Digital Cameras,For parts or not working,41.53,USD,"FIXED_PRICE,BEST_OFFER",5,0,underpriced(med 223),US,robertscamera,99.8,2026-08-20T18:01:21.000Z,,https://www.ebay.com/itm/407159139767?hash=item5ecc936db7:g:k78AAeSwva1qh0Dt,https://i.ebayimg.com/images/g/k78AAeSwva1qh0Dt/s-l225.jpg
型号不明,43.0,Vintage 90s IZone Polaroid Camera With Film,Polaroid,Vintage Cameras,,44.99,USD,"FIXED_PRICE,BEST_OFFER",3,0,,US,charsweb24,99.1,2026-08-21T02:20:29.000Z,,https://www.ebay.com/itm/158210938433?hash=item24d61b5641:g:H-EAAOSwictmpGtB,https://i.ebayimg.com/images/g/H-EAAOSwictmpGtB/s-l225.jpg
残件/按现状,43.0,Sony super steady shot 5.1 Megapixels Camera PARTS ONLY DOES NOT WORK,Sony,Digital Cameras,For parts or not working,45.0,USD,"FIXED_PRICE,BEST_OFFER",4,0,as-is;underpriced(med 223),US,417homestead,100.0,2026-08-20T18:01:17.000Z,,https://www.ebay.com/itm/377436253764?hash=item57e0f42e44:g:u0gAAeSw0-xqXmLT,https://i.ebayimg.com/images/g/u0gAAeSw0-xqXmLT/s-l225.jpg
打包杂件,43.0,Vintage Kodak Camera Lot Colorburst 300 Instant WORKS Disc 3100 W/ Case Manuals,Kodak,Vintage Cameras,,45.0,USD,"FIXED_PRICE,BEST_OFFER",4,0,,US,kmdbaby,99.3,2026-08-20T09:37:36.000Z,,https://www.ebay.com/itm/820026214579?hash=itembeed5f08b3:g:XEUAAeSw6o5qhsp5,https://i.ebayimg.com/images/g/XEUAAeSw6o5qhsp5/s-l225.jpg
打包杂件,43.0,Polaroid Go Everything Box Bundle (Gen 2) - White,Polaroid,Film Cameras,Open box,46.74,USD,"FIXED_PRICE,BEST_OFFER",5,0,,US,bullseye_deals,99.5,2026-08-20T09:30:41.000Z,,https://www.ebay.com/itm/206505534153?hash=item3014b062c9:g:0s8AAeSw61RqhuXk,https://i.ebayimg.com/images/g/0s8AAeSw61RqhuXk/s-l225.jpg
残件/按现状,43.0,Polaroid Econo 4 Camera For Passport And Mugshot Photos Untested,Polaroid,Vintage Cameras,,49.0,USD,"FIXED_PRICE,BEST_OFFER",4,0,as-is,US,bluebutterflystore,99.0,2026-08-21T01:26:48.000Z,,https://www.ebay.com/itm/117370791029?hash=item1b53d82475:g:7B8AAeSwMcdqh6gT,https://i.ebayimg.com/images/g/7B8AAeSwMcdqh6gT/s-l225.jpg
残件/按现状,43.0,FOR PARTs Sony Cyber-shot DSC-W80 Digital Camera 7.2 Working **Read Disc**,Sony,Digital Cameras,For parts or not working,49.0,USD,FIXED_PRICE,13,0,as-is;underpriced(med 223),US,yell4g0,99.5,2026-08-20T11:24:16.000Z,,https://www.ebay.com/itm/407158348598?hash=item5ecc875b36:g:6DAAAeSwhVlqhuPB,https://i.ebayimg.com/images/g/6DAAAeSwhVlqhuPB/s-l225.jpg
残件/按现状,43.0,Vintage KODAK INSTAMATIC M6 MOVIE CAMERA (UNTESTED) In Carrying Case.,Kodak,Vintage Cameras,,49.99,USD,"FIXED_PRICE,BEST_OFFER",23,0,as-is,US,pawnexperts2015,99.8,2026-08-20T22:06:42.000Z,,https://www.ebay.com/itm/128036915198?hash=item1dcf9847fe:g:Q1EAAeSwE~Fqh3gh,https://i.ebayimg.com/images/g/Q1EAAeSwE~Fqh3gh/s-l225.jpg
残件/按现状,43.0,Vintage Polaroid 600 Instant Film Camera Case Manual Untested Parts Repair,Polaroid,Vintage Cameras,,49.99,USD,"FIXED_PRICE,BEST_OFFER",7,0,as-is,US,mdami65,100.0,2026-08-20T21:55:14.000Z,,https://www.ebay.com/itm/128036905053?hash=item1dcf98205d:g:Q2YAAeSwwTlqh3eY,https://i.ebayimg.com/images/g/Q2YAAeSwwTlqh3eY/s-l225.jpg
残件/按现状,43.0,Vintage Polaroid Sun 600 LMS Instant Camera Retro Photography Untested,Polaroid,Vintage Cameras,,50.0,USD,"FIXED_PRICE,BEST_OFFER",4,0,as-is,US,adam_sells_everything,100.0,2026-08-21T11:00:01.000Z,,https://www.ebay.com/itm/237019008541?hash=item372f6f0e1d:g:718AAOSw5uNmRCPD,https://i.ebayimg.com/images/g/718AAOSw5uNmRCPD/s-l225.jpg
残件/按现状;打包杂件,43.0,Lot of 3 Vintage Kodak 35mm Cameras Motormatic & Automatic for Parts/Repair,Kodak,Vintage Cameras,,50.0,USD,"FIXED_PRICE,BEST_OFFER",7,0,as-is,US,thegaragegoods,100.0,2026-08-20T11:06:47.000Z,,https://www.ebay.com/itm/227483943110?hash=item34f71980c6:g:s5wAAeSwQKZqht8j,https://i.ebayimg.com/images/g/s5wAAeSwQKZqht8j/s-l225.jpg
残件/按现状,43.0,Polaroid Barbie 600 Instant Film Camera Pink Green Vtg 1999 Retro UNTESTED AS IS,Polaroid,Film Cameras,Used,54.99,USD,"FIXED_PRICE,BEST_OFFER",7,0,as-is,US,jgvintagefinds,99.8,2026-08-20T19:41:49.000Z,,https://www.ebay.com/itm/398308776261?hash=item5cbd0d9945:g:O9QAAeSwuxVqh1h8,https://i.ebayimg.com/images/g/O9QAAeSwuxVqh1h8/s-l225.jpg
残件/按现状,43.0,Sony Cyber-Shot DSC-W55 7.2MP Digital Camera FOR PARTS / REPAIR ONLY BAD LCD?,Sony,Digital Cameras,For parts or not working,55.0,USD,FIXED_PRICE,12,0,as-is;underpriced(med 223),US,aneye4treasure208,99.9,2026-08-20T15:08:11.000Z,,https://www.ebay.com/itm/278299109607?hash=item40cbeb68e7:g:R68AAeSwcPZpmKyH,https://i.ebayimg.com/images/g/R68AAeSwcPZpmKyH/s-l225.jpg
残件/按现状,43.0,Vintage Polaroid Impulse AF Auto Focus System Untested Strap,Polaroid,Vintage Cameras,,58.0,USD,"FIXED_PRICE,BEST_OFFER",2,0,as-is,US,magnolia_glam,100.0,2026-08-21T02:26:57.000Z,,https://www.ebay.com/itm/398309820397?hash=item5cbd1d87ed:g:ztUAAeSwEphqh7Ls,https://i.ebayimg.com/images/g/ztUAAeSwEphqh7Ls/s-l225.jpg
残件/按现状,43.0,Canon VIXIA HF R800 Camcorder (Black) Defective for Parts,Canon,Camcorders,For parts or not working,59.0,USD,"FIXED_PRICE,BEST_OFFER",6,0,as-is,US,shims1,99.7,2026-08-21T02:06:43.000Z,,https://www.ebay.com/itm/327320088885?hash=item4c35cc3135:g:5EcAAeSwMf5qh7Ln,https://i.ebayimg.com/images/g/5EcAAeSwMf5qh7Ln/s-l225.jpg
残件/按现状,43.0,"Vintage Polaroid Land Camera Model 95B Untested w/Box, Manual, Paperwork, Access",Polaroid,Vintage Cameras,,59.99,USD,FIXED_PRICE,11,0,as-is,US,!natedog,100.0,2026-08-20T18:55:04.000Z,,https://www.ebay.com/itm/147518172220?hash=item2258c4ac3c:g:08MAAeSwaONqh0sD,https://i.ebayimg.com/images/g/08MAAeSwaONqh0sD/s-l225.jpg
残件/按现状,43.0,Vintage Polaroid Impulse AF Auto Focus System Untested with Strap,Polaroid,Vintage Cameras,,60.0,USD,FIXED_PRICE,2,0,as-is,US,magnolia_glam,100.0,2026-08-21T02:12:12.000Z,,https://www.ebay.com/itm/398309795436?hash=item5cbd1d266c:g:ztUAAeSwEphqh7Ls,https://i.ebayimg.com/images/g/ztUAAeSwEphqh7Ls/s-l225.jpg
残件/按现状,43.0,Kodak Brownie 500 Movie Outfit Missing Camera And Case Vintage With Box Untested,Kodak,Vintage Cameras,,60.0,USD,"FIXED_PRICE,BEST_OFFER",11,0,as-is,US,national-acrobat,100.0,2026-08-20T20:10:24.000Z,,https://www.ebay.com/itm/206506737984?hash=item3014c2c140:g:s0AAAeSwFJZqh15M,https://i.ebayimg.com/images/g/s0AAAeSwFJZqh15M/s-l225.jpg
残件/按现状,43.0,Vtg. Kodak Special Six-16 Folding Camera - FOR PARTS OR REPAIR ONLY!,Kodak,Vintage Cameras,,60.0,USD,"FIXED_PRICE,BEST_OFFER",14,0,as-is,US,thriftstoreforguys,99.7,2026-08-20T17:55:59.000Z,,https://www.ebay.com/itm/267762831167?hash=item3e57e88f3f:g:TuIAAeSwhq5qhzvh,https://i.ebayimg.com/images/g/TuIAAeSwhq5qhzvh/s-l225.jpg
残件/按现状,43.0,Panasonic PK-958 Newvicon Omnipro Color Video Camera 1984 Vintage Untested,Panasonic,Vintage Cameras,,65.99,USD,"FIXED_PRICE,BEST_OFFER",10,0,mount:pentax k;as-is,US,dudeifoundthis,98.8,2026-08-20T10:41:46.000Z,,https://www.ebay.com/itm/307136934811?hash=item4782c9b39b:g:KqsAAeSwDqFqhtlp,https://i.ebayimg.com/images/g/KqsAAeSwDqFqhtlp/s-l225.jpg
型号不明,43.0,Compact Film Camera Model TRIP AF MINI OLYMPUS,Olympus,Film Cameras,Used,106.13,USD,FIXED_PRICE,3,0,low-feedback,JP,somia_japan,96.3,2026-08-21T07:06:42.000Z,,https://www.ebay.com/itm/298606124410?hash=item45864fdd7a:g:vRYAAeSwJm1qh~n~,https://i.ebayimg.com/images/g/vRYAAeSwJm1qh~n~/s-l225.jpg
型号不明,43.0,CANON single focus compact macro lens EF50mm 1:2.5 248927,Canon,Lenses,Used,158.88,USD,FIXED_PRICE,3,0,,JP,digree_japan,99.7,2026-08-20T05:09:30.000Z,,https://www.ebay.com/itm/307136452243?hash=item4782c25693:g:OmIAAeSw0FZqh7dW,https://i.ebayimg.com/images/g/OmIAAeSw0FZqh7dW/s-l225.jpg
型号不明,43.0,Canon EOS 40D DS126171,Canon,Lenses,Used,183.95,USD,"FIXED_PRICE,BEST_OFFER",7,0,,JP,bears2636,99.3,2026-08-20T08:49:02.000Z,,https://www.ebay.com/itm/206505374701?hash=item3014adf3ed:g:~OwAAeSwhYZqhr~C,https://i.ebayimg.com/images/g/~OwAAeSwhYZqhr~C/s-l225.jpg
型号不明,43.0,Leica Summar 5cm F2 Leica L-mount Summar [Used] [smtb-TD],Leica,Lenses,Used,641.35,USD,"FIXED_PRICE,BEST_OFFER",2,0,,JP,bears2636,99.3,2026-08-20T19:47:36.000Z,,https://www.ebay.com/itm/178427509086?hash=item298b1bb95e:g:uTwAAeSw7zhqh1rG,https://i.ebayimg.com/images/g/uTwAAeSw7zhqh1rG/s-l225.jpg
型号不明,43.0,Leica Rangefinder Camera III f/602133/ C/81【】,Leica,Lenses,Used,663.5,USD,"FIXED_PRICE,BEST_OFFER",4,0,,JP,bears2636,99.3,2026-08-20T19:47:49.000Z,,https://www.ebay.com/itm/206506695303?hash=item3014c21a87:g:wykAAeSwIK1qh1qe,https://i.ebayimg.com/images/g/wykAAeSwIK1qh1qe/s-l225.jpg
残件/按现状,42.0,Original Minolta AF 50mm 1:1.7 lens for Minolta AF Sony/analog SLR-,Minolta,Lenses,For parts or not working,63.41,USD,FIXED_PRICE,9,0,,IT,vintagebazarviareggio,98.7,2026-08-20T07:47:10.000Z,,https://www.ebay.com/itm/188821039358?hash=item2bf69c68fe:g:MAgAAeSwdy9qhrF-,https://i.ebayimg.com/images/g/MAgAAeSwdy9qhrF-/s-l225.jpg
残件/按现状,41.0,Olympus Stylus Infinity Zoom 35mm Film Camera w/ Case FLASH NOT WORKING,Olympus,Film Cameras,Used,0.0,USD,AUCTION,2,0,as-is;auction,US,yazmachine,100.0,2026-08-21T03:19:42.000Z,2026-08-28T03:19:42.000Z,https://www.ebay.com/itm/327320181358?hash=item4c35cd9a6e:g:pBcAAeSwNoNqh8Np,https://i.ebayimg.com/images/g/pBcAAeSwNoNqh8Np/s-l225.jpg
残件/按现状;打包杂件,41.0,Konica Minolta 7D (broken) + Lenses Lot For Parts Repair,Konica,Film Cameras,For parts or not working,0.0,USD,"AUCTION,BEST_OFFER",18,0,as-is;auction,US,9t7cj_7,100.0,2026-08-21T00:41:27.000Z,2026-08-31T00:41:27.000Z,https://www.ebay.com/itm/407159779504?hash=item5ecc9d30b0:g:mhMAAeSwo8Jqh520,https://i.ebayimg.com/images/g/mhMAAeSwo8Jqh520/s-l225.jpg
残件/按现状,41.0,Vintage Miranda EE Auto Sensorex Camera & Case Parts Untested Estate Find,Miranda,Film Cameras,For parts or not working,0.0,USD,AUCTION,11,0,as-is;auction,US,nicksestatefinds,100.0,2026-08-21T00:10:00.000Z,2026-08-26T00:10:00.000Z,https://www.ebay.com/itm/168629141993?hash=item27431481e9:g:LqQAAeSwX4xqhyTd,https://i.ebayimg.com/images/g/LqQAAeSwX4xqhyTd/s-l225.jpg
打包杂件,41.0,MINOLTA XE-7 35mm CAMERA BUNDLE,Minolta,Film Cameras,Used,0.0,USD,AUCTION,4,0,auction,US,gpthegreat,100.0,2026-08-20T22:35:22.000Z,2026-08-27T22:35:22.000Z,https://www.ebay.com/itm/278300119946?hash=item40cbfad38a:g:HTAAAeSwFfJqh390,https://i.ebayimg.com/images/g/HTAAAeSwFfJqh390/s-l225.jpg
残件/按现状,41.0,"Minolta XD 35 mm SLR Film Camera Body - Manual Focus SLR Body, Black",Minolta,Film Cameras,For parts or not working,0.0,USD,AUCTION,8,0,auction,US,saucemaster3000,100.0,2026-08-20T21:28:35.000Z,2026-08-27T21:28:35.000Z,https://www.ebay.com/itm/188823868365?hash=item2bf6c793cd:g:BOkAAeSw9fJqh2~n,https://i.ebayimg.com/images/g/BOkAAeSw9fJqh2~n/s-l225.jpg
残件/按现状,41.0,Olympus PCF-160AL For Parts Only,Olympus,Film Cameras,For parts or not working,0.0,USD,"AUCTION,BEST_OFFER",5,0,as-is;auction,US,pandkendo,100.0,2026-08-20T21:12:24.000Z,2026-08-25T21:12:24.000Z,https://www.ebay.com/itm/327319811468?hash=item4c35c7f58c:g:13MAAeSwhthqh2wa,https://i.ebayimg.com/images/g/13MAAeSwhthqh2wa/s-l225.jpg
型号不明,41.0,Rokunar Telephoto & Wide Angle Aux lens set for Twin Lens Rollei Yashica Mamiya,Rollei,Lenses,Used,0.0,USD,AUCTION,5,0,auction,US,jatane,100.0,2026-08-20T20:45:20.000Z,2026-08-27T20:45:20.000Z,https://www.ebay.com/itm/128036831688?hash=item1dcf9701c8:g:MiIAAeSwKVhqhfxF,https://i.ebayimg.com/images/g/MiIAAeSwKVhqhfxF/s-l225.jpg
残件/按现状;打包杂件,41.0,Vintage Film Minolta X-370 Camera With Bag Kit Sears Lens X2 For Parts Lot,Minolta,Film Cameras,For parts or not working,0.0,USD,"AUCTION,BEST_OFFER",17,0,as-is;auction,US,spartanumismatics,100.0,2026-08-20T20:13:00.000Z,2026-08-25T20:13:00.000Z,https://www.ebay.com/itm/318760340841?hash=item4a3798cd69:g:XV8AAeSwHQBqh1sV,https://i.ebayimg.com/images/g/XV8AAeSwHQBqh1sV/s-l225.jpg
残件/按现状,41.0,Fujifilm Instax Mini 11 Analog Instant Film Camera Blush Pink Selfie Mirror,Fujifilm,Film Cameras,For parts or not working,0.0,USD,AUCTION,7,0,auction,US,goodwillsocalshop,99.7,2026-08-20T19:54:07.000Z,2026-08-27T19:54:07.000Z,https://www.ebay.com/itm/267762908859?hash=item3e57e9bebb:g:xRIAAeSw7zhqh1v~,https://i.ebayimg.com/images/g/xRIAAeSw7zhqh1v~/s-l225.jpg
残件/按现状,41.0,Minolta-16 Subminiature Spy Cameras – Model P & Model E-E II Untested,Minolta,Vintage Cameras,,0.0,USD,AUCTION,23,0,as-is;auction,US,khomasee,100.0,2026-08-20T19:00:00.000Z,2026-08-30T19:00:00.000Z,https://www.ebay.com/itm/267762386214?hash=item3e57e1c526:g:J4wAAeSwr9dqF99R,https://i.ebayimg.com/images/g/J4wAAeSwr9dqF99R/s-l225.jpg
打包杂件,41.0,"Vintage Cameras (Yashica, Konica, Minolta & more) Wood Tri-Pod, Accessories Lot",Yashica,Vintage Cameras,,0.0,USD,AUCTION,18,0,auction,US,the_great_outdoorsman,100.0,2026-08-20T18:55:18.000Z,2026-08-27T18:55:18.000Z,https://www.ebay.com/itm/237019618233?hash=item372f785bb9:g:qf4AAeSwIMRqh0KU,https://i.ebayimg.com/images/g/qf4AAeSwIMRqh0KU/s-l225.jpg
打包杂件,41.0,Olympus Cameras With Lots Of Accessories,Olympus,Film Cameras,Used,0.0,USD,"AUCTION,BEST_OFFER",8,0,auction,US,rickseiwert,100.0,2026-08-20T15:25:37.000Z,2026-08-27T15:25:37.000Z,https://www.ebay.com/itm/188822627252?hash=item2bf6b4a3b4:g:DPAAAeSwL3Vqhxt1,https://i.ebayimg.com/images/g/DPAAAeSwL3Vqhxt1/s-l225.jpg
打包杂件,41.0,Fujifilm Instax Mini 8 & Mini 9 Instant Film Camera Lot 2 Pieces Tested Works,Fujifilm,Film Cameras,Used,0.0,USD,AUCTION,6,0,auction,US,goodwillsocalshop,99.7,2026-08-20T13:27:08.000Z,2026-08-27T13:27:08.000Z,https://www.ebay.com/itm/267762634352?hash=item3e57e58e70:g:vpMAAeSwhYZqhwGp,https://i.ebayimg.com/images/g/vpMAAeSwhYZqhwGp/s-l225.jpg
打包杂件,41.0,Fujifilm Instax mini 7S Instant Camera Lot 2 Pieces White Tested,Fujifilm,Vintage Cameras,,0.0,USD,AUCTION,6,0,auction,US,goodwillsocalshop,99.7,2026-08-20T13:27:08.000Z,2026-08-27T13:27:08.000Z,https://www.ebay.com/itm/267762634354?hash=item3e57e58e72:g:v8sAAeSwjspqhwF8,https://i.ebayimg.com/images/g/v8sAAeSwjspqhwF8/s-l225.jpg
残件/按现状,41.0,Canon A35 F 35mm Rangefinder Film Camera 40mm F2.8 HTF - Untested,Canon,Film Cameras,Used,0.0,USD,AUCTION,8,0,as-is;auction,US,comes.a.time,100.0,2026-08-20T04:43:34.000Z,2026-08-27T04:43:34.000Z,https://www.ebay.com/itm/307136433549?hash=item4782c20d8d:g:pdAAAeSwgwRqhoWu,https://i.ebayimg.com/images/g/pdAAAeSwgwRqhoWu/s-l225.jpg
残件/按现状,41.0,"SET- Minolta XD-5 Film Camera 50mm F2, 35mm Lens, Bag, Booklets Untested Konica",Minolta,Film Cameras,Used,0.0,USD,AUCTION,18,0,as-is;auction,US,comes.a.time,100.0,2026-08-20T04:11:33.000Z,2026-08-27T04:11:33.000Z,https://www.ebay.com/itm/307136396924?hash=item4782c17e7c:g:TjoAAeSwEQFqhn2M,https://i.ebayimg.com/images/g/TjoAAeSwEQFqhn2M/s-l225.jpg
残件/按现状,41.0,【AS IS】 Panasonic LUMIX DMC-FX7 FromJapan #ak368,Panasonic,Digital Cameras,For parts or not working,61.61,USD,FIXED_PRICE,4,0,as-is;underpriced(med 181),JP,somtom_9,99.3,2026-08-20T05:16:19.000Z,,https://www.ebay.com/itm/188820499575?hash=item2bf6942c77:g:~ZMAAeSwiTNqho4i,https://i.ebayimg.com/images/g/~ZMAAeSwiTNqho4i/s-l225.jpg
残件/按现状,41.0,Sony Handycam DCR-TRV25 Mini DV Video Camcorder Parts/Repair 64mb mem card usb c,Sony,Camcorders,For parts or not working,62.21,USD,"FIXED_PRICE,BEST_OFFER",8,0,underpriced(med 160),US,george1179,100.0,2026-08-20T21:36:30.000Z,,https://www.ebay.com/itm/168628910162?hash=item274310f852:g:lB0AAeSw61Rqh3Ib,https://i.ebayimg.com/images/g/lB0AAeSw61Rqh3Ib/s-l225.jpg
残件/按现状,41.0,【AS IS】 Panasonic LUMIX DMC-FX8 FromJapan #ak387,Panasonic,Digital Cameras,For parts or not working,64.81,USD,FIXED_PRICE,4,0,as-is;underpriced(med 181),JP,somtom_9,99.3,2026-08-20T05:16:25.000Z,,https://www.ebay.com/itm/188820499690?hash=item2bf6942cea:g:2HUAAeSw8rhqho4p,https://i.ebayimg.com/images/g/2HUAAeSw8rhqho4p/s-l225.jpg
残件/按现状,41.0,【AS IS】 Panasonic LUMIX DMC-FX9 FromJapan #ak369,Panasonic,Digital Cameras,For parts or not working,64.92,USD,FIXED_PRICE,4,0,as-is;underpriced(med 181),JP,somtom_9,99.3,2026-08-20T05:16:21.000Z,,https://www.ebay.com/itm/188820499647?hash=item2bf6942cbf:g:LgsAAeSwfPFqho3q,https://i.ebayimg.com/images/g/LgsAAeSwfPFqho3q/s-l225.jpg
残件/按现状;打包杂件,41.0,Sony CCD-TR5 Video8 Handycam Camcorder Bundle Ryko Bag Accessories Read!!,Sony,Camcorders,For parts or not working,69.0,USD,"FIXED_PRICE,BEST_OFFER",22,0,underpriced(med 157),US,zelinskyi999,99.8,2026-08-20T09:15:01.000Z,,https://www.ebay.com/itm/198583965598?hash=item2e3c86d79e:g:ouUAAeSwSytqhfsj,https://i.ebayimg.com/images/g/ouUAAeSwSytqhfsj/s-l225.jpg
残件/按现状,41.0,【AS IS】 SONY Cyber-shot DSC-T5 3X FromJapan #ak310,Sony,Digital Cameras,For parts or not working,69.78,USD,FIXED_PRICE,4,0,as-is;underpriced(med 223),JP,somtom_9,99.3,2026-08-20T05:15:58.000Z,,https://www.ebay.com/itm/188820499328?hash=item2bf6942b80:g:E9MAAeSwZPBqho3T,https://i.ebayimg.com/images/g/E9MAAeSwZPBqho3T/s-l225.jpg
残件/按现状,41.0,【AS IS】 Panasonic LUMIX DMC-TZ20 FromJapan #ak370,Panasonic,Digital Cameras,For parts or not working,75.88,USD,FIXED_PRICE,4,0,as-is;underpriced(med 181),JP,somtom_9,99.3,2026-08-20T05:16:23.000Z,,https://www.ebay.com/itm/188820499674?hash=item2bf6942cda:g:CI4AAeSww99qho6a,https://i.ebayimg.com/images/g/CI4AAeSww99qho6a/s-l225.jpg
型号不明,41.0,■Operation Confirmed■ Kenko P-AF 1.4X TELEPLUS MC4 DG for Pentax K-mount ■For,Pentax,Lenses,Used,117.73,USD,"FIXED_PRICE,BEST_OFFER",8,0,,JP,bears2636,99.3,2026-08-20T08:51:43.000Z,,https://www.ebay.com/itm/178425972489?hash=item298b044709:g:UCwAAeSwp05qhsCe,https://i.ebayimg.com/images/g/UCwAAeSwp05qhsCe/s-l225.jpg
型号不明,41.0,PENTAX SMC-DAL 50-200 F4-5.6 ED WR Camera Lens #10823 - Excellent Working,Pentax,Lenses,Used,126.15,USD,"FIXED_PRICE,BEST_OFFER",9,0,,JP,bears2636,99.3,2026-08-20T08:51:46.000Z,,https://www.ebay.com/itm/178425972766?hash=item298b04481e:g:CZYAAeSwislqhsFS,https://i.ebayimg.com/images/g/CZYAAeSwislqhsFS/s-l225.jpg
型号不明,41.0,PENTAX P z-AF 2X TELEPLUS MC 7,Pentax,Lenses,Used,126.15,USD,"FIXED_PRICE,BEST_OFFER",4,0,,JP,bears2636,99.3,2026-08-20T08:51:41.000Z,,https://www.ebay.com/itm/206505390844?hash=item3014ae32fc:g:DXIAAeSwFHNqhsCc,https://i.ebayimg.com/images/g/DXIAAeSwFHNqhsCc/s-l225.jpg
型号不明,41.0,"Good working condition, clean exterior, clean optics. Pentax lens smc",Pentax,Lenses,Used,141.92,USD,"FIXED_PRICE,BEST_OFFER",6,0,,JP,bears2636,99.3,2026-08-20T08:51:39.000Z,,https://www.ebay.com/itm/188821310584?hash=item2bf6a08c78:g:1HYAAeSw-9FqhsDT,https://i.ebayimg.com/images/g/1HYAAeSw-9FqhsDT/s-l225.jpg
型号不明,41.0,Super RARE [ Almost Unused in Box ] Richard Mille Polaroid Camera From JAPAN,Polaroid,Film Cameras,Used,149.99,USD,FIXED_PRICE,23,0,,JP,coral-takesea,100.0,2026-08-21T12:18:48.000Z,,https://www.ebay.com/itm/318763615381?hash=item4a37cac495:g:JnUAAeSwA-tqiEHz,https://i.ebayimg.com/images/g/JnUAAeSwA-tqiEHz/s-l225.jpg
型号不明,41.0,【Poor Condition】PENTAX/smc PENTAX-FA J75-300mmF4.5-5.8AL/K mount/Telephoto lens,Pentax,Lenses,Used,152.22,USD,"FIXED_PRICE,BEST_OFFER",4,0,mount:pentax k,JP,bears2636,99.3,2026-08-20T08:51:46.000Z,,https://www.ebay.com/itm/206505391350?hash=item3014ae34f6:g:F70AAeSwSGdqhsFP,https://i.ebayimg.com/images/g/F70AAeSwSGdqhsFP/s-l225.jpg
残件/按现状,41.0,Vintage Canon Auto Zoom 518 Super 8 Camera – Untested Retro Film Camera,Canon,Vintage Cameras,,155.0,USD,"FIXED_PRICE,BEST_OFFER",11,0,as-is,US,tip_2067,97.8,2026-08-20T21:11:10.000Z,,https://www.ebay.com/itm/237019808849?hash=item372f7b4451:g:6-oAAeSwNoNqh21G,https://i.ebayimg.com/images/g/6-oAAeSwNoNqh21G/s-l225.jpg
型号不明,41.0,【1613】【】PENTAX smc PENTAX-DA 50mmF1.8,Pentax,Lenses,Used,159.62,USD,"FIXED_PRICE,BEST_OFFER",9,0,mount:pentax k,JP,bears2636,99.3,2026-08-20T08:51:40.000Z,,https://www.ebay.com/itm/178425972215?hash=item298b0445f7:g:FYUAAeSwvEZqhsCZ,https://i.ebayimg.com/images/g/FYUAAeSwvEZqhsCZ/s-l225.jpg
型号不明,41.0,【Camera Shop】Pentax smc PENTAX-DA18-135mmF3.5-5.6ED AL[IF］ DC WR Working Item,Pentax,Lenses,Used,176.38,USD,"FIXED_PRICE,BEST_OFFER",9,0,mount:pentax k,JP,bears2636,99.3,2026-08-20T08:51:41.000Z,,https://www.ebay.com/itm/206505390796?hash=item3014ae32cc:g:23AAAeSwMf5qhsFN,https://i.ebayimg.com/images/g/23AAAeSwMf5qhsFN/s-l225.jpg
型号不明,41.0,SMC PENTAX FA50 1:1.4 with hood,Pentax,Lenses,Used,194.47,USD,"FIXED_PRICE,BEST_OFFER",4,0,mount:pentax k,JP,bears2636,99.3,2026-08-20T08:51:38.000Z,,https://www.ebay.com/itm/206505390538?hash=item3014ae31ca:g:J4gAAeSwHUpqhsCU,https://i.ebayimg.com/images/g/J4gAAeSwHUpqhsCU/s-l225.jpg
型号不明,41.0,PH1000 Group VClean VILTROX EF-M1 Electronic Contact Mount Adapter Canon,Canon,Lenses,Used,213.18,USD,"FIXED_PRICE,BEST_OFFER",7,0,mount:canon ef,JP,bears2636,99.3,2026-08-20T08:52:13.000Z,,https://www.ebay.com/itm/188821313448?hash=item2bf6a097a8:g:0gYAAeSwRHNqhsEy,https://i.ebayimg.com/images/g/0gYAAeSwRHNqhsEy/s-l225.jpg
型号不明,41.0,FUJIFILM TCL-X100II Teleconversion Lens Silver New & Unused JP,Fujifilm,Vintage Lenses,,234.9,USD,"FIXED_PRICE,BEST_OFFER",1,0,,JP,japan4ever,98.0,2026-08-20T07:27:50.000Z,,https://www.ebay.com/itm/158208232447?hash=item24d5f20bff:g:uPwAAeSwrBFqhq04,https://i.ebayimg.com/images/g/uPwAAeSwrBFqhq04/s-l225.jpg
型号不明,41.0,【】 PENTAX smc PENTAX-DA 18-135mmF3.5-5.6ED,Pentax,Lenses,Used,247.03,USD,"FIXED_PRICE,BEST_OFFER",9,0,mount:pentax k,JP,bears2636,99.3,2026-08-20T08:51:08.000Z,,https://www.ebay.com/itm/188821305366?hash=item2bf6a07816:g:zNgAAeSw2HNqhsB5,https://i.ebayimg.com/images/g/zNgAAeSw2HNqhsB5/s-l225.jpg
打包杂件,41.0,"Fujifilm instax mini Evo Gentle Rose Bundle 20 Film, 32GB SD Card, Leather Case",Fujifilm,Film Cameras,New,319.95,USD,FIXED_PRICE,6,0,,US,fabble,99.9,2026-08-20T21:24:02.000Z,,https://www.ebay.com/itm/188823847496?hash=item2bf6c74248:g:wDcAAeSwhVlqh3Bq,https://i.ebayimg.com/images/g/wDcAAeSwhVlqh3Bq/s-l225.jpg
型号不明,41.0,Canon EF-M28mm F3.5 Macro IS STM | Canon EF-M Mount,Canon,Lenses,Used,329.99,USD,FIXED_PRICE,18,0,mount:leica m,JP,info_tanikawa,97.9,2026-08-20T19:40:20.000Z,,https://www.ebay.com/itm/227484502378?hash=item34f722096a:g:xkwAAeSwJm1qh1kY,https://i.ebayimg.com/images/g/xkwAAeSwJm1qh1kY/s-l225.jpg
型号不明,41.0,Nikon Nikkor S.C 5cm f1.4 S Mount,Nikon,Lenses,Used,339.99,USD,FIXED_PRICE,4,0,mount:nikon f,JP,info_tanikawa,97.9,2026-08-20T19:50:28.000Z,,https://www.ebay.com/itm/227484510089?hash=item34f7222789:g:bBwAAeSwE~Fqh1t5,https://i.ebayimg.com/images/g/bBwAAeSwE~Fqh1t5/s-l225.jpg
型号不明,41.0,Pentax PENTAX ADAPTER Q FOR K MOUNT LENS Mount Adapter #14004,Pentax,Lenses,Used,360.57,USD,"FIXED_PRICE,BEST_OFFER",9,0,mount:pentax k,JP,bears2636,99.3,2026-08-20T08:51:09.000Z,,https://www.ebay.com/itm/178425968040?hash=item298b0435a8:g:EpkAAeSwFh9qhsB5,https://i.ebayimg.com/images/g/EpkAAeSwFh9qhsB5/s-l225.jpg
型号不明,41.0,smc pentax-fa 28 2.8 AL,Pentax,Lenses,Used,392.1,USD,"FIXED_PRICE,BEST_OFFER",9,0,mount:pentax k,JP,bears2636,99.3,2026-08-20T08:51:09.000Z,,https://www.ebay.com/itm/206505386675?hash=item3014ae22b3:g:ADAAAeSwhVlqhsC5,https://i.ebayimg.com/images/g/ADAAAeSwhVlqhsC5/s-l225.jpg
型号不明,41.0,CANON EF100mm F2.8 Macro USM for Canon EF mount -EXC- 4760,Canon,Lenses,Used,416.95,USD,FIXED_PRICE,2,0,mount:canon ef;good-cond,JP,kitamura_camera,100.0,2026-08-20T15:37:18.000Z,,https://www.ebay.com/itm/820027460912?hash=itembeed720d30:g:necAAeSwHrZqiA-R,https://i.ebayimg.com/images/g/necAAeSwHrZqiA-R/s-l225.jpg
型号不明,41.0,Canon EF-M32mm F1.4 STM Mirrorless Lens From Japan Tested [Near Mint],Canon,Lenses,Used,450.0,USD,"FIXED_PRICE,BEST_OFFER",5,0,mount:canon ef;good-cond,JP,re-camera,99.8,2026-08-20T14:41:33.000Z,,https://www.ebay.com/itm/336752750336?hash=item4e68072f00:g:hlQAAeSwNoNqhxY8,https://i.ebayimg.com/images/g/hlQAAeSwNoNqhxY8/s-l225.jpg
型号不明,41.0,CANON EF200mm F2.8L II USM for Canon EF mount -EXC- 2786,Canon,Lenses,Used,555.8,USD,FIXED_PRICE,2,0,mount:canon ef;good-cond,JP,kitamura_camera,100.0,2026-08-20T15:27:27.000Z,,https://www.ebay.com/itm/820027433532?hash=itembeed71a23c:g:BzMAAeSwPgVqiA9X,https://i.ebayimg.com/images/g/BzMAAeSwPgVqiA9X/s-l225.jpg
型号不明,41.0,CANON RF35mm F1.8 Macro IS STM for Canon RF mount -Near Mint- 8116,Canon,Lenses,Used,634.48,USD,FIXED_PRICE,2,0,mount:canon rf;good-cond,JP,kitamura_camera,100.0,2026-08-20T15:27:27.000Z,,https://www.ebay.com/itm/820027433550?hash=itembeed71a24e:g:ha4AAeSwXSZqiA-Y,https://i.ebayimg.com/images/g/ha4AAeSwXSZqiA-Y/s-l225.jpg
型号不明,41.0,Canon EF 80-200/2.8 L -Near Mint- 4852,Canon,Lenses,Used,715.94,USD,FIXED_PRICE,2,0,mount:canon ef;good-cond,JP,kitamura_camera,100.0,2026-08-20T15:37:18.000Z,,https://www.ebay.com/itm/820027460899?hash=itembeed720d23:g:hFsAAeSwtwVqiA7G,https://i.ebayimg.com/images/g/hFsAAeSwtwVqiA7G/s-l225.jpg
型号不明,41.0,FUJIFILM XF35mm F1.4 R for Fujifilm X mount from Japan -EXC- 9537,Fujifilm,Lenses,Used,731.68,USD,FIXED_PRICE,2,0,mount:fuji x;good-cond,JP,kitamura_camera,100.0,2026-08-20T15:27:27.000Z,,https://www.ebay.com/itm/820027433521?hash=itembeed71a231:g:VsoAAeSwrWpqiAyx,https://i.ebayimg.com/images/g/VsoAAeSwrWpqiAyx/s-l225.jpg
打包杂件,41.0,Mamiya C33 Medium Format Camera And Lots More,Mamiya,Film Cameras,Used,799.0,USD,FIXED_PRICE,21,0,,US,alab815,100.0,2026-08-20T19:04:51.000Z,,https://www.ebay.com/itm/267762868981?hash=item3e57e922f5:g:Qu4AAeSwpLBqh09J,https://i.ebayimg.com/images/g/Qu4AAeSwpLBqh09J/s-l225.jpg
型号不明,41.0,Fujifilm Fujinon XF50mm F1.0 R WR Mirrorless Lens From Japan Tested [Near Mint],Fujifilm,Lenses,Used,880.0,USD,"FIXED_PRICE,BEST_OFFER",5,0,mount:fuji x;good-cond,JP,re-camera,99.8,2026-08-20T14:41:31.000Z,,https://www.ebay.com/itm/227484163097?hash=item34f71cdc19:g:L-oAAeSwRUZqhxWx,https://i.ebayimg.com/images/g/L-oAAeSwRUZqhxWx/s-l225.jpg
型号不明,41.0,CANON RF100mm F2.8 L Macro IS USM for Canon RF mount -Mint- 4969,Canon,Lenses,Used,1603.69,USD,FIXED_PRICE,2,0,mount:canon rf;good-cond,JP,kitamura_camera,100.0,2026-08-20T15:27:27.000Z,,https://www.ebay.com/itm/820027433463?hash=itembeed71a1f7:g:cgkAAeSwDqFqiA9v,https://i.ebayimg.com/images/g/cgkAAeSwDqFqiA9v/s-l225.jpg
残件/按现状,40.0,Polaroid 600 Cool Cam Instant Camera Red Retro Vintage Photography Untested,Polaroid,Vintage Cameras,Used,32.01,USD,"FIXED_PRICE,BEST_OFFER",8,0,as-is,AU,threehummingbirds*,99.8,2026-08-21T06:55:35.000Z,,https://www.ebay.com/itm/336753896311?hash=item4e6818ab77:g:dvAAAeSw7F9qh~YK,https://i.ebayimg.com/images/g/dvAAAeSw7F9qh~YK/s-l225.jpg
残件/按现状,40.0,"Polaroid Land Camera Swinger Model 20 Vintage 1960s ""Untested""",Polaroid,Vintage Cameras,,33.86,USD,FIXED_PRICE,18,0,as-is,IT,vintagebazarviareggio,98.7,2026-08-20T08:05:40.000Z,,https://www.ebay.com/itm/188821115829?hash=item2bf69d93b5:g:G6YAAeSwpN5qhrXU,https://i.ebayimg.com/images/g/G6YAAeSwpN5qhrXU/s-l225.jpg
残件/按现状,40.0,Polaroid OneStep SX-70 Rainbow Stripe Instant Camera Manual Case Untested,Polaroid,Vintage Cameras,,41.33,USD,"FIXED_PRICE,BEST_OFFER",12,0,as-is,CA,vintage-vault-kent,99.5,2026-08-20T13:57:26.000Z,,https://www.ebay.com/itm/377435642007?hash=item57e0ead897:g:lHcAAeSwlhpqLZa3,https://i.ebayimg.com/images/g/lHcAAeSwlhpqLZa3/s-l225.jpg
残件/按现状,40.0,Panasonic Vintage NV-VZ1E VHS Camcorder Not Working + Charger,Panasonic,Vintage Cameras,,46.71,USD,"FIXED_PRICE,BEST_OFFER",7,0,as-is,IT,marketitaly.80.90,100.0,2026-08-20T08:56:50.000Z,,https://www.ebay.com/itm/800538972737?hash=itemba63d75241:g:P~YAAeSwiOxqhr4K,https://i.ebayimg.com/images/g/P~YAAeSwiOxqhr4K/s-l225.jpg
残件/按现状,40.0,Panasonic Lumix DMC-FZ1 Digital Camera Leica Lens Untested Bag Kit,Panasonic,Digital Cameras,Used,48.22,USD,"FIXED_PRICE,BEST_OFFER",23,0,as-is;underpriced(med 181),CA,vintage-vault-kent,99.5,2026-08-20T13:59:37.000Z,,https://www.ebay.com/itm/377435643924?hash=item57e0eae014:g:HlAAAeSw0mNqAemW,https://i.ebayimg.com/images/g/HlAAAeSw0mNqAemW/s-l225.jpg
残件/按现状,40.0,Sony Cybershot Camera DSC-T300 (FOR PARTS OR REPAIRS) Digital touch camera,Sony,Digital Cameras,For parts or not working,49.99,USD,"FIXED_PRICE,BEST_OFFER",20,0,as-is;underpriced(med 223),UA,denis_barkov,100.0,2026-08-20T11:23:22.000Z,,https://www.ebay.com/itm/800539541474?hash=itemba63dfffe2:g:qnIAAeSwzadqhuLT,https://i.ebayimg.com/images/g/qnIAAeSwzadqhuLT/s-l225.jpg
残件/按现状,40.0,Canon EF 70-300mm f/4-5.6 IS II USM Telephoto Zoom Lens 67mm DHD UV FILTER CASE,Canon,Lenses,For parts or not working,199.99,USD,"FIXED_PRICE,BEST_OFFER",13,0,mount:canon ef;67mm,US,dplug_87,99.3,2026-08-20T10:27:34.000Z,,https://www.ebay.com/itm/377435063098?hash=item57e0e2033a:g:du0AAeSwwnlqYlqI,https://i.ebayimg.com/images/g/du0AAeSwwnlqYlqI/s-l225.jpg
打包杂件,39.0,Vivitar Camera Lens Lot of 8 52mm 58mm 62mm,Vivitar,Vintage Lenses,,25.99,USD,FIXED_PRICE,11,0,52mm;neg;underpriced(med 216),US,madgkx,100.0,2026-08-21T05:11:05.000Z,,https://www.ebay.com/itm/318762179302?hash=item4a37b4dae6:g:g3YAAOSw-5Jhrw8U,https://i.ebayimg.com/images/g/g3YAAOSw-5Jhrw8U/s-l225.jpg
打包杂件,39.0,"TAMRON AF 28-300mm Other, Lot Poor Condition#2827483",Tamron,Lenses,Used,138.55,USD,"FIXED_PRICE,BEST_OFFER",9,0,,JP,bears2636,99.3,2026-08-20T08:48:55.000Z,,https://www.ebay.com/itm/188821275231?hash=item2bf6a0025f:g:GHoAAeSwk7FqhsCm,https://i.ebayimg.com/images/g/GHoAAeSwk7FqhsCm/s-l225.jpg
型号不明,39.0,Canon RF50mm F1.8 STM Standard Prime Lens for EOS R-Series Cameras - Black,Canon,Lenses,Used,160.0,USD,FIXED_PRICE,10,0,,US,bas5348,100.0,2026-08-20T07:43:32.000Z,,https://www.ebay.com/itm/398306807904?hash=item5cbcef9060:g:ymsAAeSwIf9qhq-~,https://i.ebayimg.com/images/g/ymsAAeSwIf9qhq-~/s-l225.jpg
残件/按现状,38.0,Sony Handycam DCR-SR65 Compact Camcorder 40GB HDD. Untested - No Charger,Sony,Camcorders,For parts or not working,64.61,USD,FIXED_PRICE,5,0,as-is;underpriced(med 160),GB,pocri_40,100.0,2026-08-20T15:45:47.000Z,,https://www.ebay.com/itm/307137499064?hash=item4782d24fb8:g:CmQAAeSwdy9qhyEj,https://i.ebayimg.com/images/g/CmQAAeSwdy9qhyEj/s-l225.jpg
打包杂件,38.0,Large Lot Of Vintage New Old Stock Video/Camera Lenses & Acc Canon Lenmar & More,Canon,Lenses,Open box,65.0,USD,"FIXED_PRICE,AUCTION",23,0,neg;underpriced(med 297);auction,US,midwestnaturalliving,100.0,2026-08-20T16:08:49.000Z,2026-08-27T16:08:49.000Z,https://www.ebay.com/itm/158209508886?hash=item24d6058616:g:n3YAAeSwYrtqWPvR,https://i.ebayimg.com/images/g/n3YAAeSwYrtqWPvR/s-l225.jpg
残件/按现状;打包杂件,38.0,"Vintage Film Cameras Bundle Lot - Canon, Yashica Novacam I, Olympia Japan, Hanic",Canon,Film Cameras,For parts or not working,200.0,USD,"FIXED_PRICE,BEST_OFFER",4,0,,JO,murad1212,0.0,2026-08-21T07:30:53.000Z,,https://www.ebay.com/itm/407160325782?hash=item5ecca58696:g:pGYAAeSwsoRqh~iR,https://i.ebayimg.com/images/g/pGYAAeSwsoRqh~iR/s-l225.jpg
残件/按现状,37.0,Canon EF 70-300mm f/4-5.6 IS USM Telephoto Zoom Lens Untested,Canon,Lenses,Used,0.0,USD,AUCTION,2,0,mount:canon ef;as-is;auction,US,krirobi_99,98.4,2026-08-20T20:13:23.000Z,2026-08-30T20:13:23.000Z,https://www.ebay.com/itm/820028260380?hash=itembeed7e401c:g:i2IAAeSwUXpqh19T,https://i.ebayimg.com/images/g/i2IAAeSwUXpqh19T/s-l225.jpg
型号不明,37.0,Nikon F Mount Promaster Spectrum 7 1.7x Teleconverter AF Converter Clean Works,Nikon,Lenses,Used,0.0,USD,AUCTION,3,0,mount:nikon f;auction,US,find*buy*sell,100.0,2026-08-20T19:56:58.000Z,2026-08-27T19:56:58.000Z,https://www.ebay.com/itm/257693351223?hash=item3bffb87d37:g:wr0AAeSwMk1qh1rR,https://i.ebayimg.com/images/g/wr0AAeSwMk1qh1rR/s-l225.jpg
残件/按现状,37.0,1950's Argus Argoflex EF TLR & Braun Imperial Cameras –Working Untested Pair,Braun,Vintage Cameras,,0.0,USD,AUCTION,15,0,mount:canon ef;as-is;auction,US,tcrobison,100.0,2026-08-20T15:54:08.000Z,2026-08-30T15:54:08.000Z,https://www.ebay.com/itm/307137509713?hash=item4782d27951:g:FpgAAeSwVNpqfNnI,https://i.ebayimg.com/images/g/FpgAAeSwVNpqfNnI/s-l225.jpg
残件/按现状,37.0,Vintage Minolta XG7 35mm SLR Film Camera w/ MD Rokkor-X 50mm f/1.7 Lens Untested,Minolta,Digital Cameras,Used,45.0,USD,"FIXED_PRICE,BEST_OFFER",5,0,mount:minolta md;as-is;low-feedback,US,alberthetzel,96.6,2026-08-20T17:58:58.000Z,,https://www.ebay.com/itm/198584857445?hash=item2e3c947365:g:hk4AAeSw2Ztqh0Bc,https://i.ebayimg.com/images/g/hk4AAeSw2Ztqh0Bc/s-l225.jpg
打包杂件,37.0,Polaroid Go Everything Bundle Film Camera - Purple: Automatic Focus,Polaroid,Film Cameras,New,60.99,USD,"FIXED_PRICE,BEST_OFFER",12,0,,US,bullseye_deals,99.5,2026-08-20T08:00:29.000Z,,https://www.ebay.com/itm/206505280883?hash=item3014ac8573:g:8a0AAeSwieZqhsU4,https://i.ebayimg.com/images/g/8a0AAeSwieZqhsU4/s-l225.jpg
残件/按现状,37.0,Sony Cyber-shot DSC-W120 7.2MP Digital Camera - Silver,Sony,Digital Cameras,For parts or not working,62.0,USD,FIXED_PRICE,3,0,underpriced(med 223),US,e-scrapsolutions,99.5,2026-08-20T17:31:57.000Z,,https://www.ebay.com/itm/237019485863?hash=item372f7656a7:g:G5YAAeSw5B5qhznh,https://i.ebayimg.com/images/g/G5YAAeSw5B5qhznh/s-l225.jpg
打包杂件,37.0,Polaroid Now Instant Camera Gen 3 Black + B&W Film Bundle (8 Photos) Brand New,Polaroid,Film Cameras,New,64.75,USD,"FIXED_PRICE,BEST_OFFER",3,0,,US,spoon0314,100.0,2026-08-20T23:08:05.000Z,,https://www.ebay.com/itm/407159601746?hash=item5ecc9a7a52:g:qrcAAeSwZsBqh4jO,https://i.ebayimg.com/images/g/qrcAAeSwZsBqh4jO/s-l225.jpg
残件/按现状,37.0,"Canon ES870A HI-FI Stereo 8mm Video8 Camcorder Powers On, Untested Please Read",Canon,Camcorders,Used,65.0,USD,"FIXED_PRICE,BEST_OFFER",11,0,as-is,US,jeflynenterprises,99.0,2026-08-21T11:18:13.000Z,,https://www.ebay.com/itm/128037825475?hash=item1dcfa62bc3:g:TnoAAeSw9SVqiDEy,https://i.ebayimg.com/images/g/TnoAAeSw9SVqiDEy/s-l225.jpg
打包杂件,37.0,Holga 120N Medium Format Film Camera (Black) with 120 Film Bundle,Holga,Film Cameras,New,66.51,USD,FIXED_PRICE,5,0,,US,nivdt888,99.9,2026-08-20T05:34:36.000Z,,https://www.ebay.com/itm/307136479085?hash=item4782c2bf6d:g:BzgAAeSwdABqhpLd,https://i.ebayimg.com/images/g/BzgAAeSwdABqhpLd/s-l225.jpg
残件/按现状,37.0,Vintage Polaroid SX-70 Land Camera Folding Instant Film Camera - Silver & Brown,Polaroid,Film Cameras,For parts or not working,69.99,USD,FIXED_PRICE,6,0,,US,claymans_collectibles,100.0,2026-08-20T17:57:19.000Z,,https://www.ebay.com/itm/298604751340?hash=item45863ae9ec:g:kp4AAeSwXm5qh0KZ,https://i.ebayimg.com/images/g/kp4AAeSwXm5qh0KZ/s-l225.jpg
残件/按现状,37.0,Polaroid CU-5 Land Camera w/Power Pack 88-20 UNTESTED!!! FOR PARTS OR REPAIR!!!,Polaroid,Film Cameras,Used,69.99,USD,FIXED_PRICE,10,0,as-is,US,goodwillomaha,99.8,2026-08-20T15:56:40.000Z,,https://www.ebay.com/itm/287536532668?hash=item42f2834cbc:g:WN4AAeSwehZqhyaf,https://i.ebayimg.com/images/g/WN4AAeSwehZqhyaf/s-l225.jpg
打包杂件,37.0,Polaroid Now Instant Camera Gen 3 Black + B&W Film Bundle (8 Photos),Polaroid,Film Cameras,New,71.24,USD,"FIXED_PRICE,BEST_OFFER",2,0,,US,centrevillegoldandpawn,99.7,2026-08-20T16:09:23.000Z,,https://www.ebay.com/itm/178427014343?hash=item298b142cc7:g:ZLEAAeSw1cZqNXrw,https://i.ebayimg.com/images/g/ZLEAAeSw1cZqNXrw/s-l225.jpg
打包杂件,37.0,Polaroid One Step Instant Film Land Camera Rainbow Stripe Bundle Works Vintage,Polaroid,Vintage Cameras,,72.0,USD,FIXED_PRICE,23,0,,US,aneye4treasure208,99.9,2026-08-21T08:03:10.000Z,,https://www.ebay.com/itm/278301264371?hash=item40cc0c49f3:g:myUAAeSw4GxpIHjy,https://i.ebayimg.com/images/g/myUAAeSw4GxpIHjy/s-l225.jpg
打包杂件,37.0,Polaroid Now Instant Camera Gen 3 White + B&W Film Bundle 8 Photos,Polaroid,Film Cameras,New,74.85,USD,FIXED_PRICE,5,0,,US,pawnguy4,99.4,2026-08-21T03:31:09.000Z,,https://www.ebay.com/itm/278300725909?hash=item40cc041295:g:hHkAAeSwiTNqh7tZ,https://i.ebayimg.com/images/g/hHkAAeSwiTNqh7tZ/s-l225.jpg
残件/按现状,37.0,Kodak Retina IIIc (small c) 35mm Rangefinder Camera - For Parts/Repair,Kodak,Film Cameras,For parts or not working,75.0,USD,"FIXED_PRICE,BEST_OFFER",6,0,as-is,US,junkurtzke,100.0,2026-08-20T04:11:07.000Z,,https://www.ebay.com/itm/257691920272?hash=item3bffa2a790:g:TsAAAeSw1Pxqhn17,https://i.ebayimg.com/images/g/TsAAAeSw1Pxqhn17/s-l225.jpg
打包杂件,37.0,Panasonic Lumix DMC-FH20 Digital Camera Bundle Case Charger Battery Cable TESTED,Panasonic,Digital Cameras,Used,79.95,USD,FIXED_PRICE,17,0,underpriced(med 181),US,thrifty-dealz,100.0,2026-08-20T19:20:55.000Z,,https://www.ebay.com/itm/158209974276?hash=item24d60ca004:g:DlYAAeSwmmZqh1EA,https://i.ebayimg.com/images/g/DlYAAeSwmmZqh1EA/s-l225.jpg
残件/按现状;打包杂件,37.0,Vintage Polaroid & Kodak Instant Camera Lot OneStep Amigo 620 Box Bag AS-IS,Polaroid,Vintage Cameras,,79.99,USD,"FIXED_PRICE,BEST_OFFER",23,0,as-is,US,breezybayreseller,99.4,2026-08-21T10:06:55.000Z,,https://www.ebay.com/itm/206508196548?hash=item3014d902c4:g:NdsAAeSwW8Nqh7N2,https://i.ebayimg.com/images/g/NdsAAeSwW8Nqh7N2/s-l225.jpg
打包杂件,37.0,Canon Video Camera ZR40 Camcorder Bundle 2 Batteries Remote Carrying Bag Manual,Canon,Camcorders,Used,79.99,USD,"FIXED_PRICE,BEST_OFFER",21,0,,US,perezfamstore,99.3,2026-08-20T20:16:08.000Z,,https://www.ebay.com/itm/377436533257?hash=item57e0f87209:g:yOoAAeSwYudqC1aL,https://i.ebayimg.com/images/g/yOoAAeSwYudqC1aL/s-l225.jpg
残件/按现状,37.0,Sony Cyber-shot DSC-HX50V 20.4 MPDigital Camera - No Power - FOR PARTS,Sony,Digital Cameras,For parts or not working,80.0,USD,"FIXED_PRICE,BEST_OFFER",3,0,as-is;underpriced(med 223),US,samuraicopped,100.0,2026-08-20T04:47:14.000Z,,https://www.ebay.com/itm/128035641401?hash=item1dcf84d839:g:w04AAeSw-dlqhoaW,https://i.ebayimg.com/images/g/w04AAeSw-dlqhoaW/s-l225.jpg
残件/按现状;打包杂件,37.0,Lot of 11 Film/Digital Cameras for parts or repair Sony canon,Sony,Digital Cameras,For parts or not working,80.0,USD,"FIXED_PRICE,BEST_OFFER",14,0,as-is;underpriced(med 223),US,samuraicopped,100.0,2026-08-20T04:45:52.000Z,,https://www.ebay.com/itm/128035640648?hash=item1dcf84d548:g:mLsAAeSwhthqhoYm,https://i.ebayimg.com/images/g/mLsAAeSwhthqhoYm/s-l225.jpg
残件/按现状;打包杂件,37.0,"Vintage Cameras Lot Of 3 Comet, Colorbust 50 Kodak Camera, 35mm Untested",Kodak,Vintage Cameras,,84.99,USD,FIXED_PRICE,6,0,as-is,US,lalofallriver-85,99.7,2026-08-20T19:39:50.000Z,,https://www.ebay.com/itm/398308772619?hash=item5cbd0d8b0b:g:MccAAeSwkDBqNzqI,https://i.ebayimg.com/images/g/MccAAeSwkDBqNzqI/s-l225.jpg
打包杂件,37.0,Instax Fujifilm Mini 12 Instant Camera Holiday Bundle Lilac Purple NEW,Instax,Film Cameras,New,89.0,USD,FIXED_PRICE,5,0,,US,goldensolesandapparel,99.5,2026-08-21T04:33:58.000Z,,https://www.ebay.com/itm/287537544679?hash=item42f292bde7:g:IhQAAeSwcJ1qh9Um,https://i.ebayimg.com/images/g/IhQAAeSwcJ1qh9Um/s-l225.jpg
型号不明,37.0,Antique Premo Bellow Camera Box Folding Kodak,Kodak,Vintage Cameras,,89.99,USD,FIXED_PRICE,11,0,,US,rcn1984,99.0,2026-08-20T23:27:51.000Z,,https://www.ebay.com/itm/267763091782?hash=item3e57ec8946:g:IbcAAeSwiiFqfe7M,https://i.ebayimg.com/images/g/IbcAAeSwiiFqfe7M/s-l225.jpg
残件/按现状;打包杂件,37.0,Vintage Polaroid SX-70 Land Camera Entire LOT Untested SEE PHOTOS and READ,Polaroid,Vintage Cameras,,98.99,USD,FIXED_PRICE,23,0,as-is,US,crosshillresellers,100.0,2026-08-21T10:37:12.000Z,,https://www.ebay.com/itm/227485398329?hash=item34f72fb539:g:nPgAAeSwmBVpmgqx,https://i.ebayimg.com/images/g/nPgAAeSwmBVpmgqx/s-l225.jpg
残件/按现状,37.0,Polaroid SX-70 Land Camera Model 2 Black Vintage Instant Camera w/film UNTESTED,Polaroid,Vintage Cameras,,99.99,USD,"FIXED_PRICE,BEST_OFFER",6,0,as-is,US,portia.lin,99.3,2026-08-20T23:48:57.000Z,,https://www.ebay.com/itm/137645043066?hash=item200c48ad7a:g:snIAAeSwIf9qh5I2,https://i.ebayimg.com/images/g/snIAAeSwIf9qh5I2/s-l225.jpg
打包杂件,37.0,🔥🔥 Sony Cyber-Shot DSC-WX80 WHITE Digital Camera Bundle w/ Battery And Case,Sony,Digital Cameras,Used,99.99,USD,FIXED_PRICE,3,0,underpriced(med 223),US,d34dp0ol,100.0,2026-08-20T04:53:19.000Z,,https://www.ebay.com/itm/336751952164?hash=item4e67fb0124:g:vHMAAeSwGFpqhofl,https://i.ebayimg.com/images/g/vHMAAeSwGFpqhofl/s-l225.jpg
残件/按现状;打包杂件,37.0,Vintage Kodak Brownie Box Camera Lot of 10 Untested Parts Repair Collectible,Kodak,Vintage Cameras,,100.0,USD,"FIXED_PRICE,BEST_OFFER",6,0,as-is,US,shybuy,100.0,2026-08-20T12:09:43.000Z,,https://www.ebay.com/itm/168627935986?hash=item2743021af2:g:KlkAAeSwjspqhpjV,https://i.ebayimg.com/images/g/KlkAAeSwjspqhpjV/s-l225.jpg
残件/按现状,37.0,"Vintage Polaroid SX-70 Land Camera, UNTESTED Camera From The Shards On FX",Polaroid,Vintage Cameras,,107.99,USD,"FIXED_PRICE,BEST_OFFER",12,0,as-is,US,gelweezie908,99.6,2026-08-20T22:55:04.000Z,,https://www.ebay.com/itm/267763076309?hash=item3e57ec4cd5:g:a2cAAeSwww5qb1U2,https://i.ebayimg.com/images/g/a2cAAeSwww5qb1U2/s-l225.jpg
打包杂件,37.0,Camera lot . Vintage Sony Mavica MVC-CD1000 & mercury cyber pick E-250,Sony,Vintage Cameras,,124.0,USD,"FIXED_PRICE,BEST_OFFER",10,0,,US,wket3798,99.7,2026-08-21T10:42:53.000Z,,https://www.ebay.com/itm/267763426187?hash=item3e57f1a38b:g:O58AAeSwww5qX1Qy,https://i.ebayimg.com/images/g/O58AAeSwww5qX1Qy/s-l225.jpg
残件/按现状,37.0,"Vtg 60s Polaroid Land Camera Model 150 Flash Bulbs Filter, Case, Manual Untested",Polaroid,Vintage Cameras,,137.39,USD,"FIXED_PRICE,BEST_OFFER",13,0,as-is,US,feralandfree,99.8,2026-08-20T11:06:43.000Z,,https://www.ebay.com/itm/188821740248?hash=item2bf6a71ad8:g:zdEAAeSwJZNoLdJw,https://i.ebayimg.com/images/g/zdEAAeSwJZNoLdJw/s-l225.jpg
型号不明,37.0,PRE OWNED MINOLTA 1.4X TELE CONVERTER II APO,Minolta,Lenses,Used,149.99,USD,FIXED_PRICE,7,0,,US,rkstarwars,99.9,2026-08-20T15:46:19.000Z,,https://www.ebay.com/itm/800540601271?hash=itemba63f02bb7:g:-pYAAeSwvW9qhx7g,https://i.ebayimg.com/images/g/-pYAAeSwvW9qhx7g/s-l225.jpg
打包杂件,37.0,"NEW POLAROID BZA-00711A 7"" PHOTO FRAME & DIGITAL CAMERA W/LOTS EXTRAS FREE SHIP",Polaroid,Vintage Cameras,,150.0,USD,FIXED_PRICE,17,0,,US,cbspcrepairservice,99.8,2026-08-20T20:58:20.000Z,,https://www.ebay.com/itm/198585112949?hash=item2e3c985975:g:324AAeSwTgpqh2pU,https://i.ebayimg.com/images/g/324AAeSwTgpqh2pU/s-l225.jpg
残件/按现状;型号不明,37.0,FUJIFILM film camera,Fujifilm,Film Cameras,For parts or not working,172.43,USD,"FIXED_PRICE,BEST_OFFER",8,0,low-feedback,JP,nissn_3,95.2,2026-08-21T05:16:10.000Z,,https://www.ebay.com/itm/366619768308?hash=item555c3db5f4:g:eZYAAeSwU~lqh99Z,https://i.ebayimg.com/images/g/eZYAAeSwU~lqh99Z/s-l225.jpg
型号不明,37.0,Film Camera Model TRIP35 OLYMPUS,Olympus,Film Cameras,Used,219.48,USD,FIXED_PRICE,8,0,low-feedback,JP,somia_japan,96.3,2026-08-21T07:06:41.000Z,,https://www.ebay.com/itm/298606124407?hash=item45864fdd77:g:j6sAAeSwh3Nqh~ow,https://i.ebayimg.com/images/g/j6sAAeSwh3Nqh~ow/s-l225.jpg
型号不明,37.0,Compact Film Camera Model TRIP35 OLYMPUS,Olympus,Film Cameras,Used,389.49,USD,FIXED_PRICE,14,0,low-feedback,JP,somia_japan,96.3,2026-08-21T07:06:42.000Z,,https://www.ebay.com/itm/298606124409?hash=item45864fdd79:g:WVsAAeSw9fJqh~lH,https://i.ebayimg.com/images/g/WVsAAeSw9fJqh~lH/s-l225.jpg
型号不明,36.0,"SET OF 7 LENS MOUNT ADAPTERS (SONY E-MOUNT, CANON EF, NIKON, B4 LENS)",Sony,Lenses,D'occasion,181.29,USD,"FIXED_PRICE,AUCTION",4,0,mount:canon ef;auction,CA,jjose0103,100.0,2026-08-20T18:29:40.000Z,2026-08-27T18:29:40.000Z,https://www.ebay.com/itm/287536717830?hash=item42f2862006:g:om8AAeSwRo9qZUW0,https://i.ebayimg.com/images/g/om8AAeSwRo9qZUW0/s-l225.jpg
打包杂件,35.0,VINTAGE KODAK Instamatic M9 - XL360 MOVIE CAMERA LOT,Kodak,Vintage Cameras,,30.0,USD,"FIXED_PRICE,BEST_OFFER",12,0,low-feedback,US,midlife43,96.4,2026-08-21T04:21:43.000Z,,https://www.ebay.com/itm/278300812758?hash=item40cc0565d6:g:WDIAAeSwL3Vqh9HA,https://i.ebayimg.com/images/g/WDIAAeSwL3Vqh9HA/s-l225.jpg
型号不明,35.0,【】PENTAX 02 STANDARD ZOOM PENTAX #3887,Pentax,Lenses,Used,150.32,USD,"FIXED_PRICE,BEST_OFFER",5,0,,JP,bears2636,99.3,2026-08-20T08:51:40.000Z,,https://www.ebay.com/itm/178425972156?hash=item298b0445bc:g:xy4AAeSwvr5qhsFS,https://i.ebayimg.com/images/g/xy4AAeSwvr5qhsFS/s-l225.jpg
型号不明,35.0,【】PENTAX 02 STANDARDZOOM #3455,Pentax,Lenses,Used,160.83,USD,"FIXED_PRICE,BEST_OFFER",7,0,,JP,bears2636,99.3,2026-08-20T08:51:40.000Z,,https://www.ebay.com/itm/178425972158?hash=item298b0445be:g:T~kAAeSw2o5qhsEQ,https://i.ebayimg.com/images/g/T~kAAeSw2o5qhsEQ/s-l225.jpg
型号不明,35.0,"2X-007 [AppearanceClean, OpticsVClean] K-mount for Pentax Pz-AF 2X TELEPLUS MC7",Pentax,Lenses,Used,165.88,USD,"FIXED_PRICE,BEST_OFFER",6,0,,JP,bears2636,99.3,2026-08-20T08:51:44.000Z,,https://www.ebay.com/itm/206505391076?hash=item3014ae33e4:g:yykAAeSwJfhqhsFP,https://i.ebayimg.com/images/g/yykAAeSwJfhqhsFP/s-l225.jpg
型号不明,35.0,PH068 VBeautiful K-mount Pentax Pz-AF 2X TELEPLUS MC7 PENTAX Teleconverter,Pentax,Lenses,Used,171.13,USD,"FIXED_PRICE,BEST_OFFER",6,0,,JP,bears2636,99.3,2026-08-20T08:51:45.000Z,,https://www.ebay.com/itm/188821311106?hash=item2bf6a08e82:g:EeQAAeSwUkpqhsEU,https://i.ebayimg.com/images/g/EeQAAeSwUkpqhsEU/s-l225.jpg
型号不明,35.0,FOX568 Vbeautiful K-mount for Pentax Pz-AF 2X TELEPLUS MC7 PENTAX,Pentax,Lenses,Used,171.13,USD,"FIXED_PRICE,BEST_OFFER",6,0,,JP,bears2636,99.3,2026-08-20T08:51:42.000Z,,https://www.ebay.com/itm/188821310832?hash=item2bf6a08d70:g:C3gAAeSwq2JqhsES,https://i.ebayimg.com/images/g/C3gAAeSwq2JqhsES/s-l225.jpg
型号不明,35.0,Kenko 1.4x Teleplus Pro 300 Nikon Mount Teleplus e18079,Nikon,Lenses,Used,181.85,USD,"FIXED_PRICE,BEST_OFFER",6,0,,JP,bears2636,99.3,2026-08-20T08:48:58.000Z,,https://www.ebay.com/itm/206505374572?hash=item3014adf36c:g:HoMAAeSwHUpqhr-7,https://i.ebayimg.com/images/g/HoMAAeSwHUpqhr-7/s-l225.jpg
型号不明,35.0,RICOH GW-2 Wide Conversion Lens 0.75x with Case for GR Digital #743,Ricoh,Lenses,Used,183.97,USD,"FIXED_PRICE,BEST_OFFER",9,0,,JP,bears2636,99.3,2026-08-20T08:49:03.000Z,,https://www.ebay.com/itm/206505374722?hash=item3014adf402:g:IMEAAeSwXyxqhsAP,https://i.ebayimg.com/images/g/IMEAAeSwXyxqhsAP/s-l225.jpg
型号不明,35.0,A+ PENTAX 06 TELEPHOTO ZOOM Q mount Poor Condition return accepted 88-99.1,Pentax,Lenses,Used,187.12,USD,"FIXED_PRICE,BEST_OFFER",6,0,,JP,bears2636,99.3,2026-08-20T08:51:41.000Z,,https://www.ebay.com/itm/206505390882?hash=item3014ae3322:g:0zkAAeSwva1qhsBf,https://i.ebayimg.com/images/g/0zkAAeSwva1qhsBf/s-l225.jpg
型号不明,35.0,PENTAX 06 TELEPHOTO ZOOM3006336,Pentax,Lenses,Used,199.52,USD,"FIXED_PRICE,BEST_OFFER",7,0,,JP,bears2636,99.3,2026-08-20T08:51:39.000Z,,https://www.ebay.com/itm/188821310591?hash=item2bf6a08c7f:g:CsgAAeSwGEZqhsCa,https://i.ebayimg.com/images/g/CsgAAeSwGEZqhsCa/s-l225.jpg
型号不明,35.0,FOX571 Clean K-mount PENTAX-DA 18-135mmF3.5-5.6ED AL [IF] DC WR Pentax for,Pentax,Lenses,Used,213.18,USD,"FIXED_PRICE,BEST_OFFER",7,0,,JP,bears2636,99.3,2026-08-20T08:51:42.000Z,,https://www.ebay.com/itm/206505390899?hash=item3014ae3333:g:XnAAAeSwnsNqhsFM,https://i.ebayimg.com/images/g/XnAAAeSwnsNqhsFM/s-l225.jpg
型号不明,35.0,PENTAX DFA100mm f2.8 MACRO Poor Condition(),Pentax,Lenses,Used,241.57,USD,"FIXED_PRICE,BEST_OFFER",5,0,,JP,bears2636,99.3,2026-08-20T08:51:08.000Z,,https://www.ebay.com/itm/178425967932?hash=item298b04353c:g:DPUAAeSw92lqhsB3,https://i.ebayimg.com/images/g/DPUAAeSw92lqhsB3/s-l225.jpg
型号不明,35.0,"[Rare, With Original Box, Fully Functional] PENTAX SMCF 17-28/3.5-4.5 Fisheye",Pentax,Lenses,Used,265.95,USD,"FIXED_PRICE,BEST_OFFER",7,0,,JP,bears2636,99.3,2026-08-20T08:51:07.000Z,,https://www.ebay.com/itm/206505386219?hash=item3014ae20eb:g:DH8AAeSwi55qhsA8,https://i.ebayimg.com/images/g/DH8AAeSwi55qhsA8/s-l225.jpg
型号不明,35.0,【Simple Confirmation Complete】Pentax FA135mm 1:2.8 IF Autofocus Lens 2881254,Pentax,Lenses,Used,298.53,USD,"FIXED_PRICE,BEST_OFFER",9,0,,JP,bears2636,99.3,2026-08-20T08:51:05.000Z,,https://www.ebay.com/itm/188821303978?hash=item2bf6a072aa:g:umcAAeSwWIxqhsCx,https://i.ebayimg.com/images/g/umcAAeSwWIxqhsCx/s-l225.jpg
型号不明,35.0,#a3250 PENTAX FA50mm F1.4,Pentax,Lenses,Used,309.9,USD,"FIXED_PRICE,BEST_OFFER",4,0,,JP,bears2636,99.3,2026-08-20T08:51:07.000Z,,https://www.ebay.com/itm/178425967743?hash=item298b04347f:g:080AAeSwMf5qhsC7,https://i.ebayimg.com/images/g/080AAeSwMf5qhsC7/s-l225.jpg
型号不明,35.0,#a3386 PENTAX FA50mm F1.4,Pentax,Lenses,Used,309.9,USD,"FIXED_PRICE,BEST_OFFER",4,0,,JP,bears2636,99.3,2026-08-20T08:51:07.000Z,,https://www.ebay.com/itm/188821304979?hash=item2bf6a07693:g:CpsAAeSwzMRqhsEr,https://i.ebayimg.com/images/g/CpsAAeSwzMRqhsEr/s-l225.jpg
型号不明,35.0,FUJIFILM XC35mmF2 with warranty (purchased May 2026),Fujifilm,Lenses,Used,319.99,USD,FIXED_PRICE,2,0,,JP,info_tanikawa,97.9,2026-08-20T19:50:37.000Z,,https://www.ebay.com/itm/227484510351?hash=item34f722288f:g:ZrEAAeSwEQFqh1xr,https://i.ebayimg.com/images/g/ZrEAAeSwEQFqh1xr/s-l225.jpg
型号不明,35.0,#a2977 PENTAX FA50mm F1.4,Pentax,Lenses,Used,320.4,USD,"FIXED_PRICE,BEST_OFFER",4,0,,JP,bears2636,99.3,2026-08-20T08:51:07.000Z,,https://www.ebay.com/itm/188821304935?hash=item2bf6a07667:g:ESgAAeSwX4xqhsCy,https://i.ebayimg.com/images/g/ESgAAeSwX4xqhsCy/s-l225.jpg
型号不明,35.0,#a2645 PENTAX DA70mm F2.4 Black,Pentax,Lenses,Used,383.48,USD,"FIXED_PRICE,BEST_OFFER",4,0,,JP,bears2636,99.3,2026-08-20T08:51:07.000Z,,https://www.ebay.com/itm/188821304873?hash=item2bf6a07629:g:0JgAAeSwRUZqhsDs,https://i.ebayimg.com/images/g/0JgAAeSwRUZqhsDs/s-l225.jpg
型号不明,35.0,pentax smc d fa 100 2.8 macro,Pentax,Lenses,Used,392.1,USD,"FIXED_PRICE,BEST_OFFER",9,0,,JP,bears2636,99.3,2026-08-20T08:51:09.000Z,,https://www.ebay.com/itm/178425968113?hash=item298b0435f1:g:xaMAAeSwZERqhsDy,https://i.ebayimg.com/images/g/xaMAAeSwZERqhsDy/s-l225.jpg
型号不明,35.0,#a3350 PENTAX FA35mm F2 AL,Pentax,Lenses,Used,394.2,USD,"FIXED_PRICE,BEST_OFFER",4,0,,JP,bears2636,99.3,2026-08-20T08:51:07.000Z,,https://www.ebay.com/itm/178425967761?hash=item298b043491:g:21AAAeSwWOBqhsDr,https://i.ebayimg.com/images/g/21AAAeSwWOBqhsDr/s-l225.jpg
型号不明,35.0,【- Good Working Order】MINOLTA AF REFLEX 500 F8 REFLEX,Minolta,Lenses,Used,394.2,USD,"FIXED_PRICE,BEST_OFFER",4,0,,JP,bears2636,99.3,2026-08-20T08:50:37.000Z,,https://www.ebay.com/itm/178425961394?hash=item298b041bb2:g:F6EAAeSwh3NqhsDX,https://i.ebayimg.com/images/g/F6EAAeSwh3NqhsDX/s-l225.jpg
残件/按现状;打包杂件,35.0,[CAMERA LOT 11 CAMERAS LENS] Canon Olympus Minolta Fuji Film,Canon,Film Cameras,For parts or not working,495.0,USD,"FIXED_PRICE,BEST_OFFER",11,0,,JP,treasurefeeling,98.8,2026-08-20T04:36:08.000Z,,https://www.ebay.com/itm/820025466687?hash=itembeed539f3f:g:qpoAAeSw4vlqhoR4,https://i.ebayimg.com/images/g/qpoAAeSw4vlqhoR4/s-l225.jpg
残件/按现状,35.0,As-Is Canon AF 514XL-S 8mm Movie Camera Super 8 Auto Focus w/ Original Box,Canon,Vintage Cameras,,525.0,USD,"FIXED_PRICE,BEST_OFFER",13,0,as-is,JP,sakura1k83,100.0,2026-08-21T08:46:29.000Z,,https://www.ebay.com/itm/407160444691?hash=item5ecca75713:g:elMAAeSwrWpqiBBb,https://i.ebayimg.com/images/g/elMAAeSwrWpqiBBb/s-l225.jpg
型号不明,35.0,Canon RF50mm F1.2 L USM Mirrorless Lens From Japan Tested [Near Mint],Canon,Lenses,Used,1800.0,USD,"FIXED_PRICE,BEST_OFFER",5,0,good-cond,JP,re-camera,99.8,2026-08-20T14:41:34.000Z,,https://www.ebay.com/itm/336752750341?hash=item4e68072f05:g:LwsAAeSwGatqhxW-,https://i.ebayimg.com/images/g/LwsAAeSwGatqhxW-/s-l225.jpg
型号不明,35.0,Canon RF85mm F1.2 L USM Mirrorless Lens From Japan Tested [Near Mint],Canon,Lenses,Used,2450.0,USD,"FIXED_PRICE,BEST_OFFER",5,0,good-cond,JP,re-camera,99.8,2026-08-20T14:41:33.000Z,,https://www.ebay.com/itm/327319416119?hash=item4c35c1ed37:g:k14AAeSw7DBqhxWM,https://i.ebayimg.com/images/g/k14AAeSw7DBqhxWM/s-l225.jpg
型号不明,35.0,Hasselblad XCD 2.5/55V for X System 907x Cameras Standard Prime from Japan E0820,Hasselblad,Lenses,Used,4350.2,USD,FIXED_PRICE,3,0,,JP,kyoto_camera,99.7,2026-08-20T11:48:19.000Z,,https://www.ebay.com/itm/287536138143?hash=item42f27d479f:g:BlsAAeSwF-Zqhui6,https://i.ebayimg.com/images/g/BlsAAeSwF-Zqhui6/s-l225.jpg
型号不明,35.0,Hasselblad XCD 2.5/55V for X System 907x Cameras Standard Prime from Japan E0820,Hasselblad,Lenses,New,5032.35,USD,FIXED_PRICE,5,0,,JP,kyoto_camera,99.7,2026-08-20T11:51:56.000Z,,https://www.ebay.com/itm/278298718164?hash=item40cbe56fd4:g:DfgAAeSwyTVqhuns,https://i.ebayimg.com/images/g/DfgAAeSwyTVqhuns/s-l225.jpg
打包杂件,34.0,Vintage Minox & Agfa 8mm Subminiature Film Lot (8 Boxes) - Rare Spy Camera Film,Agfa,Vintage Cameras,,115.87,USD,"FIXED_PRICE,BEST_OFFER",0,0,,CA,jesho_546,0.0,2026-08-20T07:03:36.000Z,,https://www.ebay.com/itm/298603407678?hash=item458626693e:g:3-AAAeSwHUpqhqZC,https://i.ebayimg.com/images/g/3-AAAeSwHUpqhqZC/s-l225.jpg
打包杂件,34.0,Canon EOS Kiss F DSLR Camera with 18-55mm Lens and Accessories Bundle,Canon,Digital Cameras,Used,196.71,USD,"FIXED_PRICE,BEST_OFFER",10,0,55mm,JP,tetyama15,100.0,2026-08-20T04:27:38.000Z,,https://www.ebay.com/itm/318757266071?hash=item4a3769e297:g:vDAAAeSw7zhqhog7,https://i.ebayimg.com/images/g/vDAAAeSw7zhqhog7/s-l225.jpg
打包杂件,33.0,Vintage Yashica TL Electro & Minolta SRT201 Film Camera Lot Of 2 Cameras,Yashica,Film Cameras,Used,0.0,USD,AUCTION,10,0,grail:SRT201;neg;auction,US,2013_stevi,100.0,2026-08-20T21:16:09.000Z,2026-08-25T21:16:09.000Z,https://www.ebay.com/itm/188823833409?hash=item2bf6c70b41:g:BBgAAeSwMtZqh26N,https://i.ebayimg.com/images/g/BBgAAeSwMtZqh26N/s-l225.jpg
型号不明,33.0,Vivitar Automatic Tele Converter Model 2035 Focusing Camera Lens With Cover,Vivitar,Lenses,Used,36.0,USD,"FIXED_PRICE,BEST_OFFER",10,0,,US,uhussain50,100.0,2026-08-20T15:40:06.000Z,,https://www.ebay.com/itm/377435911979?hash=item57e0eef72b:g:ZzYAAeSwLDFqWE~G,https://i.ebayimg.com/images/g/ZzYAAeSwLDFqWE~G/s-l225.jpg
残件/按现状;打包杂件,33.0,"*PREOWNED/UNTESTED Lot Of Vivitar, Sigma, Sakar Onn, Sunpak",Vivitar,Lenses,Used,50.0,USD,"FIXED_PRICE,BEST_OFFER",9,0,as-is,US,oh_thats_cool_liquidation,98.7,2026-08-20T09:32:17.000Z,,https://www.ebay.com/itm/178426074206?hash=item298b05d45e:g:c~EAAeSwl01qhskT,https://i.ebayimg.com/images/g/c~EAAeSwl01qhskT/s-l225.jpg
打包杂件,33.0,Olympus Stylus Tough-3000 12.0MP Digital Camera Bundle Blue w/ Charger + Battery,Olympus,Digital Cameras,Used,101.74,USD,"FIXED_PRICE,BEST_OFFER",7,0,,US,javilobby,99.6,2026-08-20T09:23:28.000Z,,https://www.ebay.com/itm/377434895271?hash=item57e0df73a7:g:jfAAAeSwqYpogi-K,https://i.ebayimg.com/images/g/jfAAAeSwqYpogi-K/s-l225.jpg
打包杂件,33.0,Nikon Coolpix S230 Metallic Plum Camera 10MP 3xZoom Digital Camera Bundle Tested,Nikon,Digital Cameras,Used,124.99,USD,FIXED_PRICE,18,0,,US,leebee6240,99.7,2026-08-20T04:55:47.000Z,,https://www.ebay.com/itm/147516761519?hash=item2258af25af:g:5jYAAeSw-jdqV7Yc,https://i.ebayimg.com/images/g/5jYAAeSw-jdqV7Yc/s-l225.jpg
残件/按现状;打包杂件,33.0,"Minolta 7000 Camera Bundle w/ Lenses & Flashes — Untested, As-",Minolta,Film Cameras,Used,160.0,USD,"FIXED_PRICE,BEST_OFFER",8,0,as-is;low-feedback,US,the2ndhandstore-al,94.7,2026-08-20T17:04:33.000Z,,https://www.ebay.com/itm/820027733213?hash=itembeed7634dd:g:uCEAAeSw~7pqhzFH,https://i.ebayimg.com/images/g/uCEAAeSw~7pqhzFH/s-l225.jpg
打包杂件,33.0,Canon VIXIA HF R400 Camcorder Video Camera Black Full HD w/57x Zoom Bundle MINT,Canon,Camcorders,Used,174.99,USD,"FIXED_PRICE,BEST_OFFER",12,0,good-cond,US,tyleolmste0,100.0,2026-08-21T00:21:33.000Z,,https://www.ebay.com/itm/298605458691?hash=item458645b503:g:S7wAAeSwEu1qh5mJ,https://i.ebayimg.com/images/g/S7wAAeSwEu1qh5mJ/s-l225.jpg
型号不明,33.0,SIGMA LENS 14mmF2.8 EX ASPHERICAL HSM Used,Sigma,Lenses,Used,193.45,USD,FIXED_PRICE,4,0,,JP,beecruise04,98.5,2026-08-20T18:39:04.000Z,,https://www.ebay.com/itm/318760040064?hash=item4a37943680:g:Dz4AAeSw1INqh0qD,https://i.ebayimg.com/images/g/Dz4AAeSw1INqh0qD/s-l225.jpg
型号不明,33.0,【】 【With Original Box】 Sony VCL-ECU1 + VCL-ECF1 Converter 2-piece Set for,Sony,Lenses,Used,218.65,USD,"FIXED_PRICE,BEST_OFFER",6,0,,JP,bears2636,99.3,2026-08-20T08:48:28.000Z,,https://www.ebay.com/itm/206505373046?hash=item3014aded76:g:xe8AAeSwD~1qhsCJ,https://i.ebayimg.com/images/g/xe8AAeSwD~1qhsCJ/s-l225.jpg
型号不明,33.0,[NEAR MINT] RICOH GR DIGITAL Compact Digital Camera 8.1MP Black From JAPAN,Ricoh,Digital Cameras,Used,264.99,USD,"FIXED_PRICE,BEST_OFFER",9,0,good-cond,JP,koumatsu,100.0,2026-08-20T05:44:07.000Z,,https://www.ebay.com/itm/800538184935?hash=itemba63cb4ce7:g:HwcAAeSwKjRqSeer,https://i.ebayimg.com/images/g/HwcAAeSwKjRqSeer/s-l225.jpg
打包杂件,32.0,Canon EOS Kiss X6i Camera with EF-S 18-55mm Lens Touchscreen Bundle,Canon,Digital Cameras,Used,281.51,USD,"FIXED_PRICE,BEST_OFFER",11,0,mount:canon ef;55mm,JP,tetyama15,100.0,2026-08-20T04:33:49.000Z,,https://www.ebay.com/itm/318757308780?hash=item4a376a896c:g:p7cAAeSwguZqhoSd,https://i.ebayimg.com/images/g/p7cAAeSwguZqhoSd/s-l225.jpg
打包杂件,32.0,Canon Kiss X5 DSLR Camera with EF-S 18-55mm Lens and Accessories Bundle,Canon,Digital Cameras,Used,297.23,USD,"FIXED_PRICE,BEST_OFFER",9,0,mount:canon ef;55mm,JP,toshiro-eguchi,100.0,2026-08-20T16:43:28.000Z,,https://www.ebay.com/itm/307137582386?hash=item4782d39532:g:pxUAAeSwZERqhy~9,https://i.ebayimg.com/images/g/pxUAAeSwZERqhy~9/s-l225.jpg
打包杂件,32.0,Canon EOS 60D DSLR Camera with EF-S 18-55mm Lens and Accessories Bundle,Canon,Digital Cameras,Used,321.25,USD,"FIXED_PRICE,BEST_OFFER",11,0,mount:canon ef;55mm,JP,tetyama15,100.0,2026-08-20T04:32:49.000Z,,https://www.ebay.com/itm/318757307774?hash=item4a376a857e:g:o5IAAeSwEQFqhofe,https://i.ebayimg.com/images/g/o5IAAeSwEQFqhofe/s-l225.jpg
残件/按现状,32.0,Panasonic LEICA DG VARIO-ELMARIT 8-18mm F2.8-4.0 ASPH. As-is condition,Panasonic,Lenses,Used,551.88,USD,"FIXED_PRICE,BEST_OFFER",3,0,grail:ELMARIT;as-is,JP,bears2636,99.3,2026-08-20T08:52:12.000Z,,https://www.ebay.com/itm/188821313380?hash=item2bf6a09764:g:HY4AAeSw131qhsCA,https://i.ebayimg.com/images/g/HY4AAeSw131qhsCA/s-l225.jpg
型号不明,31.0,YASHICA ELECTRO 35 TELEPHOTO - WIDE ANGLE CONVERSION LENSES,Yashica,Lenses,Used,0.0,USD,AUCTION,10,0,auction,US,aircraftpro2,100.0,2026-08-20T19:18:57.000Z,2026-08-27T19:18:57.000Z,https://www.ebay.com/itm/178427458547?hash=item298b1af3f3:g:YjUAAeSwklxpogh1,https://i.ebayimg.com/images/g/YjUAAeSwklxpogh1/s-l225.jpg
残件/按现状,31.0,Vintage The Polaroid SX-70 Land Camera Model 2 With Case - Untested,Polaroid,Vintage Cameras,,0.0,USD,AUCTION,16,0,as-is;auction,US,cc_dfw,100.0,2026-08-20T19:11:28.000Z,2026-08-27T19:11:28.000Z,https://www.ebay.com/itm/227484479127?hash=item34f721ae97:g:MdsAAeSwzf9qh0nM,https://i.ebayimg.com/images/g/MdsAAeSwzf9qh0nM/s-l225.jpg
打包杂件,31.0,Vintage Polaroid Automatic 430 210 & Folding Land Camera 3 Piece Lot,Polaroid,Vintage Cameras,,0.0,USD,AUCTION,7,0,auction,US,goodwillsocalshop,99.7,2026-08-20T13:27:14.000Z,2026-08-27T13:27:14.000Z,https://www.ebay.com/itm/267762634406?hash=item3e57e58ea6:g:dPwAAeSwptdqhwF3,https://i.ebayimg.com/images/g/dPwAAeSwptdqhwF3/s-l225.jpg
打包杂件,31.0,Vintage Polaroid Camera Lot 3 Pieces Pronto One600 OneStep Express Tested,Polaroid,Vintage Cameras,,0.0,USD,AUCTION,6,0,auction,US,goodwillsocalshop,99.7,2026-08-20T13:27:14.000Z,2026-08-27T13:27:14.000Z,https://www.ebay.com/itm/267762634408?hash=item3e57e58ea8:g:NU4AAeSw0jpqhwHr,https://i.ebayimg.com/images/g/NU4AAeSw0jpqhwHr/s-l225.jpg
打包杂件,31.0,Kodak Retina Reflex S + 4 Piece Vintage Film Camera Lot Mixed Brands,Kodak,Vintage Cameras,,0.0,USD,AUCTION,6,0,auction,US,goodwillsocalshop,99.7,2026-08-20T13:27:14.000Z,2026-08-27T13:27:14.000Z,https://www.ebay.com/itm/267762634411?hash=item3e57e58eab:g:KsYAAeSwau1qhwE7,https://i.ebayimg.com/images/g/KsYAAeSwau1qhwE7/s-l225.jpg
打包杂件,31.0,Vintage Kodak Camera Lot 5 Pieces Brownie No 2 Duaflex IV Bulls-Eye Six-20,Kodak,Vintage Cameras,,0.0,USD,AUCTION,6,0,auction,US,goodwillsocalshop,99.7,2026-08-20T13:27:13.000Z,2026-08-27T13:27:13.000Z,https://www.ebay.com/itm/267762634404?hash=item3e57e58ea4:g:S8YAAeSwGGJqhwHl,https://i.ebayimg.com/images/g/S8YAAeSwGGJqhwHl/s-l225.jpg
打包杂件,31.0,Holga 120SF 120 Film Camera Lot Mixed Brands 2 Pieces Tested,Holga,Vintage Cameras,,0.0,USD,AUCTION,7,0,auction,US,goodwillsocalshop,99.7,2026-08-20T13:27:04.000Z,2026-08-27T13:27:04.000Z,https://www.ebay.com/itm/267762634311?hash=item3e57e58e47:g:zlwAAeSw131qhwEz,https://i.ebayimg.com/images/g/zlwAAeSw131qhwEz/s-l225.jpg
型号不明,31.0,Vintage Horizon HZ 35 35mm Film Camera Boxed Complete Manual Wrist Strap Kit,,Film Cameras,Used,35.0,USD,"FIXED_PRICE,BEST_OFFER",5,0,good-cond,US,hay_710,0.0,2026-08-20T13:31:49.000Z,,https://www.ebay.com/itm/158209133472?hash=item24d5ffcba0:g:PP4AAeSweY5qhwDy,https://i.ebayimg.com/images/g/PP4AAeSweY5qhwDy/s-l225.jpg
型号不明,31.0,Vintage Windsor WX-3 35mm Film Camera Boxed Case Manual Kit Optical Glass Lens,,Film Cameras,Used,35.0,USD,"FIXED_PRICE,BEST_OFFER",6,0,good-cond,US,hay_710,0.0,2026-08-20T13:27:33.000Z,,https://www.ebay.com/itm/158209121192?hash=item24d5ff9ba8:g:KZUAAeSw~7pqhwBX,https://i.ebayimg.com/images/g/KZUAAeSw~7pqhwBX/s-l225.jpg
型号不明,31.0,VINTAGE B Altman & Co. Promotional 35mm CAMERA Black Yellow RARE!! 1980s NIB,,Vintage Cameras,,59.99,USD,"FIXED_PRICE,BEST_OFFER",4,0,good-cond,US,curatedflames,99.8,2026-08-20T15:25:43.000Z,,https://www.ebay.com/itm/287536490145?hash=item42f282a6a1:g:muMAAOSwwghnGoJP,https://i.ebayimg.com/images/g/muMAAOSwwghnGoJP/s-l225.jpg
型号不明,31.0,[Near MINT+++] Fujica Drive Half Frame Fujinon 28mm f/2.8 Film Camera From JAPAN,,Film Cameras,Used,60.0,USD,"FIXED_PRICE,BEST_OFFER",3,0,good-cond,US,pooknullproductions,100.0,2026-08-21T02:00:44.000Z,,https://www.ebay.com/itm/800542813421?hash=itemba6411eced:g:tw4AAeSwGFpqh7Eq,https://i.ebayimg.com/images/g/tw4AAeSwGFpqh7Eq/s-l225.jpg
残件/按现状,31.0,PANASONIC WEARABLE CAMERA HX-A500 Junk Used,Panasonic,Camcorders,Used,69.41,USD,FIXED_PRICE,3,0,as-is,JP,hard-off-japan-in-uk,99.7,2026-08-20T23:44:57.000Z,,https://www.ebay.com/itm/318760964870?hash=item4a37a25306:g:OqMAAeSw9SVqh5Iw,https://i.ebayimg.com/images/g/OqMAAeSw9SVqh5Iw/s-l225.jpg
残件/按现状,31.0,Sony Handycam DCR-HC26 MiniDV Camcorder 20x Carl Zeiss Lens w/ Battery & Manual,Sony,Camcorders,For parts or not working,79.99,USD,"FIXED_PRICE,AUCTION",7,0,auction,US,thekrabbyflipper,99.7,2026-08-20T19:00:42.000Z,2026-08-30T19:00:42.000Z,https://www.ebay.com/itm/267762866310?hash=item3e57e91886:g:~C0AAeSwMqpo9lSt,https://i.ebayimg.com/images/g/~C0AAeSwMqpo9lSt/s-l225.jpg
残件/按现状,31.0,Sony Handycam HDR-CX120 Red Camcorder Full HD Digital Video Camera Junk,Sony,Camcorders,For parts or not working,89.0,USD,"FIXED_PRICE,BEST_OFFER",7,0,as-is,JP,bhjapan,99.9,2026-08-20T08:25:18.000Z,,https://www.ebay.com/itm/227483664424?hash=item34f7154028:g:j-oAAeSwie9qhrTn,https://i.ebayimg.com/images/g/j-oAAeSwie9qhrTn/s-l225.jpg
打包杂件,31.0,Canon PowerShot G2 4.0MP Digital Camera bundle with bag great condition!,Canon,Digital Cameras,Used,180.0,USD,"FIXED_PRICE,AUCTION",5,0,auction,US,ryzawegs,100.0,2026-08-20T16:27:52.000Z,2026-08-27T16:27:52.000Z,https://www.ebay.com/itm/257693062011?hash=item3bffb4137b:g:d5IAAeSwg3NqdLJA,https://i.ebayimg.com/images/g/d5IAAeSwg3NqdLJA/s-l225.jpg
残件/按现状,31.0,"Polaroid SX-70 Time Zero AutoFocus Special Ed Rare All Black, Flash-Untested USA",Polaroid,Vintage Cameras,,399.99,USD,"FIXED_PRICE,BEST_OFFER",11,0,as-is,US,phoenix_finds_treasures,100.0,2026-08-20T23:30:11.000Z,,https://www.ebay.com/itm/227484699671?hash=item34f7250c17:g:NRQAAeSwgqhqh4yj,https://i.ebayimg.com/images/g/NRQAAeSwgqhqh4yj/s-l225.jpg
打包杂件,31.0,Nikon FG 35mm Film Camera Bundle,Nikon,Film Cameras,Used,450.0,USD,FIXED_PRICE,7,0,,US,calitreasures1,100.0,2026-08-21T07:12:30.000Z,,https://www.ebay.com/itm/147519232155?hash=item2258d4d89b:g:r8EAAeSwIK1qh~pX,https://i.ebayimg.com/images/g/r8EAAeSwIK1qh~pX/s-l225.jpg
型号不明,31.0,Canon RF-S10-18mmF4.5-6.3 STM 41000,Canon,Lenses,Used,495.04,USD,FIXED_PRICE,8,0,mount:canon rf,JP,digree_japan,99.7,2026-08-20T05:03:41.000Z,,https://www.ebay.com/itm/307136448377?hash=item4782c24779:g:EkAAAeSwFh9qh7bd,https://i.ebayimg.com/images/g/EkAAAeSwFh9qh7bd/s-l225.jpg
型号不明,31.0,Pentax smc Pentax-F 1.7x AF Adapter #6710,Pentax,Lenses,Used,497.22,USD,"FIXED_PRICE,BEST_OFFER",7,0,mount:pentax k,JP,bears2636,99.3,2026-08-20T08:51:06.000Z,,https://www.ebay.com/itm/188821304611?hash=item2bf6a07523:g:x4YAAeSwo5FqhsCw,https://i.ebayimg.com/images/g/x4YAAeSwo5FqhsCw/s-l225.jpg
型号不明,31.0,Canon RF28mm F2.8 STM Lens Prime RF-Mount Camera Canon 2719986,Canon,Lenses,Used,506.33,USD,"FIXED_PRICE,BEST_OFFER",9,0,mount:canon rf,JP,bears2636,99.3,2026-08-20T04:42:12.000Z,,https://www.ebay.com/itm/206504899634?hash=item3014a6b432:g:mbIAAeSwrWpqhoYh,https://i.ebayimg.com/images/g/mbIAAeSwrWpqhoYh/s-l225.jpg
型号不明,31.0,[1 Month] Mirrorless -Lens Camera Nikon NIKON 1 V2 Lens Kit with 1 NIKKOR VR,Nikon,Lenses,Used,588.6,USD,"FIXED_PRICE,BEST_OFFER",3,0,mount:nikon f,JP,bears2636,99.3,2026-08-20T09:57:31.000Z,,https://www.ebay.com/itm/206505607093?hash=item3014b17fb5:g:llgAAeSwmKhqhtCg,https://i.ebayimg.com/images/g/llgAAeSwmKhqhtCg/s-l225.jpg
型号不明,31.0,FujiFilm Fujinon Lens XF27mmF2.8 R WR (Fujifilm X Mount/APS-C) [Osu] Period1,Fujifilm,Lenses,Used,632.7,USD,"FIXED_PRICE,BEST_OFFER",7,0,mount:fuji x,JP,bears2636,99.3,2026-08-20T09:56:51.000Z,,https://www.ebay.com/itm/206505606529?hash=item3014b17d81:g:B2YAAeSw6RlqhtDf,https://i.ebayimg.com/images/g/B2YAAeSw6RlqhtDf/s-l225.jpg
型号不明,31.0,【】CANON EOS KISS X7i EF-S18-135 IS STM Lens Kit Digital SLR Camera B,Canon,Lenses,Used,641.35,USD,"FIXED_PRICE,BEST_OFFER",7,0,mount:canon ef,JP,bears2636,99.3,2026-08-20T19:47:36.000Z,,https://www.ebay.com/itm/178427509085?hash=item298b1bb95d:g:a1wAAeSwcZxqh1qP,https://i.ebayimg.com/images/g/a1wAAeSwcZxqh1qP/s-l225.jpg
型号不明,31.0,Fujifilm XF56mm F1.2 R APD Portrait Lens APS-C X Mount Bokeh from Japan D0821,Fujifilm,Lenses,Used,673.33,USD,FIXED_PRICE,2,0,mount:fuji x,JP,kyoto_camera,99.7,2026-08-20T17:10:01.000Z,,https://www.ebay.com/itm/287536607489?hash=item42f2847101:g:9zUAAeSw-9FqhzSX,https://i.ebayimg.com/images/g/9zUAAeSw-9FqhzSX/s-l225.jpg
型号不明,31.0,Canon Mirrorless Lens Camera EOS M2 EF-M18-55 IS STM Lens Kit (White),Canon,Lenses,Used,675.1,USD,"FIXED_PRICE,BEST_OFFER",0,0,mount:canon ef,JP,bears2636,99.3,2026-08-20T19:47:49.000Z,,https://www.ebay.com/itm/206506695305?hash=item3014c21a89:i:206506695305,
型号不明,31.0,Fujifilm XF35mm F1.4 R Prime Lens APS-C X Mount Fast Aperture from Japan D0821,Fujifilm,Lenses,Used,684.02,USD,FIXED_PRICE,2,0,mount:fuji x,JP,kyoto_camera,99.7,2026-08-20T17:06:01.000Z,,https://www.ebay.com/itm/287536601717?hash=item42f2845a75:g:0TcAAeSw69pqhzOM,https://i.ebayimg.com/images/g/0TcAAeSw69pqhzOM/s-l225.jpg
型号不明,31.0,Canon EF35mm F2 IS USM | Canon EF Mount,Canon,Lenses,Used,689.99,USD,FIXED_PRICE,19,0,mount:canon ef,JP,info_tanikawa,97.9,2026-08-20T19:40:44.000Z,,https://www.ebay.com/itm/227484502711?hash=item34f7220ab7:g:t0MAAeSwM6Bqh1ky,https://i.ebayimg.com/images/g/t0MAAeSwM6Bqh1ky/s-l225.jpg
型号不明,31.0,Fujifilm XF56mm F1.2 R APD Portrait Lens APS-C X Mount Bokeh from Japan D0821,Fujifilm,Lenses,Used,694.9,USD,FIXED_PRICE,2,0,mount:fuji x,JP,kyoto_camera,99.7,2026-08-20T17:03:39.000Z,,https://www.ebay.com/itm/287536600034?hash=item42f28453e2:g:09EAAeSw0fJqhzMO,https://i.ebayimg.com/images/g/09EAAeSw0fJqhzMO/s-l225.jpg
型号不明,31.0,Fujifilm XF23mm F1.4 R Prime Lens APS-C X Mount Fast Aperture from Japan D0821,Fujifilm,Lenses,New,699.23,USD,FIXED_PRICE,2,0,mount:fuji x,JP,kyoto_camera,99.7,2026-08-20T17:12:12.000Z,,https://www.ebay.com/itm/287536611142?hash=item42f2847f46:g:5n0AAeSw3vtqhzUL,https://i.ebayimg.com/images/g/5n0AAeSw3vtqhzUL/s-l225.jpg
型号不明,31.0,Fujifilm XF35mm F1.4 R Prime Lens APS-C X Mount Fast Aperture from Japan D0821,Fujifilm,Lenses,Used,729.14,USD,FIXED_PRICE,2,0,mount:fuji x,JP,kyoto_camera,99.7,2026-08-20T16:57:56.000Z,,https://www.ebay.com/itm/278299361410?hash=item40cbef4082:g:vjUAAeSwijdqhzFO,https://i.ebayimg.com/images/g/vjUAAeSwijdqhzFO/s-l225.jpg
型号不明,31.0,Fujifilm XF35mm F1.4 R Prime Lens APS-C X Mount Fast Aperture from Japan D0821,Fujifilm,Lenses,Used,730.05,USD,FIXED_PRICE,2,0,mount:fuji x,JP,kyoto_camera,99.7,2026-08-20T16:57:57.000Z,,https://www.ebay.com/itm/287536595806?hash=item42f284435e:g:ub0AAeSwVf1qhzEv,https://i.ebayimg.com/images/g/ub0AAeSwVf1qhzEv/s-l225.jpg
型号不明,31.0,Canon EXTENDER RF 2x 248416,Canon,Lenses,Used,737.55,USD,FIXED_PRICE,5,0,mount:canon rf,JP,digree_japan,99.7,2026-08-20T05:09:31.000Z,,https://www.ebay.com/itm/307136452260?hash=item4782c256a4:g:NVMAAeSw7DBqh7cl,https://i.ebayimg.com/images/g/NVMAAeSw7DBqh7cl/s-l225.jpg
型号不明,31.0,Fujifilm XF90mm F2 R LM WR Telephoto Lens APS-C X Mount from Japan D0821,Fujifilm,Lenses,Used,741.83,USD,FIXED_PRICE,2,0,mount:fuji x,JP,kyoto_camera,99.7,2026-08-20T16:51:04.000Z,,https://www.ebay.com/itm/278299350191?hash=item40cbef14af:g:ri8AAeSwUjRqhzAb,https://i.ebayimg.com/images/g/ri8AAeSwUjRqhzAb/s-l225.jpg
型号不明,31.0,Fujifilm XF8mm F3.5 R WR Ultra Wide Angle Lens APS-C X Mount from Japan D0821,Fujifilm,Lenses,Used,775.16,USD,FIXED_PRICE,2,0,mount:fuji x,JP,kyoto_camera,99.7,2026-08-20T16:46:28.000Z,,https://www.ebay.com/itm/287536585357?hash=item42f2841a8d:g:onUAAeSw1INqhy7V,https://i.ebayimg.com/images/g/onUAAeSw1INqhy7V/s-l225.jpg
型号不明,31.0,Fujifilm XF90mm F2 R LM WR Lens Telephoto Portrait X Mount AF from Japan D0821,Fujifilm,Lenses,Used,805.06,USD,FIXED_PRICE,2,0,mount:fuji x,JP,kyoto_camera,99.7,2026-08-20T16:40:00.000Z,,https://www.ebay.com/itm/278299321897?hash=item40cbeea629:g:lVIAAeSwxB9qhy08,https://i.ebayimg.com/images/g/lVIAAeSwxB9qhy08/s-l225.jpg
型号不明,31.0,Canon RF45mm F1.2 STM RF Mount 928926,Canon,Lenses,Used,811.29,USD,FIXED_PRICE,5,0,mount:canon rf,JP,digree_japan,99.7,2026-08-20T05:16:40.000Z,,https://www.ebay.com/itm/307136456490?hash=item4782c2672a:g:HR8AAeSw2Ztqh7hV,https://i.ebayimg.com/images/g/HR8AAeSw2Ztqh7hV/s-l225.jpg
型号不明,31.0,FUJIFILM XF8mm F3.5 R WR Ultra Wide Angle Prime Lens X Mount from Japan D0820,Fujifilm,Lenses,Used,845.65,USD,FIXED_PRICE,2,0,mount:fuji x,JP,kyoto_camera,99.7,2026-08-20T14:15:00.000Z,,https://www.ebay.com/itm/287536403221?hash=item42f2815315:g:OiAAAeSw-MtqhwuL,https://i.ebayimg.com/images/g/OiAAAeSw-MtqhwuL/s-l225.jpg
型号不明,31.0,FUJIFILM XF23mm F1.4 R LM WR APS-C Prime Lens X Mount from Japan D0820,Fujifilm,Lenses,Used,854.72,USD,FIXED_PRICE,2,0,mount:fuji x,JP,kyoto_camera,99.7,2026-08-20T14:12:47.000Z,,https://www.ebay.com/itm/278299016689?hash=item40cbe9fdf1:g:7skAAeSwVzdqhwsC,https://i.ebayimg.com/images/g/7skAAeSwVzdqhwsC/s-l225.jpg
型号不明,31.0,FUJIFILM XF33mm F1.4 R LM WR APS-C Prime Lens X Mount from Japan D0820,Fujifilm,Lenses,Used,854.72,USD,FIXED_PRICE,2,0,mount:fuji x,JP,kyoto_camera,99.7,2026-08-20T14:10:35.000Z,,https://www.ebay.com/itm/287536397343?hash=item42f2813c1f:g:bPsAAeSwc4tqhwqE,https://i.ebayimg.com/images/g/bPsAAeSwc4tqhwqE/s-l225.jpg
型号不明,31.0,Fujifilm XF23mm F1.4 R LM WR APS-C Wide Angle Lens X Mount Fast from Japan D0820,Fujifilm,Lenses,Used,861.78,USD,FIXED_PRICE,2,0,mount:fuji x,JP,kyoto_camera,99.7,2026-08-20T14:03:28.000Z,,https://www.ebay.com/itm/287536387996?hash=item42f281179c:g:AXgAAeSwk1Jqhwjd,https://i.ebayimg.com/images/g/AXgAAeSwk1Jqhwjd/s-l225.jpg
型号不明,31.0,Fujifilm XF90mm F2 R LM WR Lens APS-C X Mount Portrait Prime from Japan D0820,Fujifilm,Lenses,Used,882.62,USD,FIXED_PRICE,2,0,mount:fuji x,JP,kyoto_camera,99.7,2026-08-20T14:01:28.000Z,,https://www.ebay.com/itm/278298984058?hash=item40cbe97e7a:g:zIQAAeSwCqtqhwhk,https://i.ebayimg.com/images/g/zIQAAeSwCqtqhwhk/s-l225.jpg
型号不明,31.0,Fujifilm XF8mm F3.5 R WR Lens X Mount Ultra Wide APS-C Prime from Japan D0820,Fujifilm,Lenses,Used,883.52,USD,FIXED_PRICE,2,0,mount:fuji x,JP,kyoto_camera,99.7,2026-08-20T13:59:31.000Z,,https://www.ebay.com/itm/278298981635?hash=item40cbe97503:g:iUEAAeSwjPFqhwft,https://i.ebayimg.com/images/g/iUEAAeSwjPFqhwft/s-l225.jpg
型号不明,31.0,Fujifilm XF23mm F1.4 R LM WR Lens X Mount Wide Prime Fast AF from Japan D0820,Fujifilm,Lenses,Used,894.4,USD,FIXED_PRICE,2,0,mount:fuji x,JP,kyoto_camera,99.7,2026-08-20T13:57:28.000Z,,https://www.ebay.com/itm/287536382034?hash=item42f2810052:g:CBkAAeSwALdqhweB,https://i.ebayimg.com/images/g/CBkAAeSwALdqhweB/s-l225.jpg
型号不明,31.0,Fujifilm XF33mm F1.4 R LM WR Lens X Mount APS-C Standard Prime from Japan D0820,Fujifilm,Lenses,Used,901.65,USD,FIXED_PRICE,2,0,mount:fuji x,JP,kyoto_camera,99.7,2026-08-20T13:55:43.000Z,,https://www.ebay.com/itm/278298978705?hash=item40cbe96991:g:gV0AAeSwMf5qhwbr,https://i.ebayimg.com/images/g/gV0AAeSwMf5qhwbr/s-l225.jpg
型号不明,31.0,Fujifilm XF8mm F3.5 R WR Lens X Mount Ultra Wide APS-C Compact from Japan D0820,Fujifilm,Lenses,Used,911.43,USD,FIXED_PRICE,2,0,mount:fuji x,JP,kyoto_camera,99.7,2026-08-20T13:50:57.000Z,,https://www.ebay.com/itm/278298965467?hash=item40cbe935db:g:chkAAeSwjh5qhwXw,https://i.ebayimg.com/images/g/chkAAeSwjh5qhwXw/s-l225.jpg
型号不明,31.0,Fujifilm XF33mm F1.4 R LM WR Lens APS-C X Mount Prime Fast AF from Japan D0820,Fujifilm,Lenses,Used,917.77,USD,FIXED_PRICE,2,0,mount:fuji x,JP,kyoto_camera,99.7,2026-08-20T13:45:32.000Z,,https://www.ebay.com/itm/278298945512?hash=item40cbe8e7e8:g:YCUAAeSw-dlqhwSd,https://i.ebayimg.com/images/g/YCUAAeSw-dlqhwSd/s-l225.jpg
型号不明,31.0,FUJIFILM XF18mm F1.4 R LM WR APS-C Prime Lens X Mount from Japan D0820,Fujifilm,Lenses,Used,920.48,USD,FIXED_PRICE,2,0,mount:fuji x,JP,kyoto_camera,99.7,2026-08-20T13:43:19.000Z,,https://www.ebay.com/itm/287536359309?hash=item42f280a78d:g:6JUAAeSw5B5qhwQu,https://i.ebayimg.com/images/g/6JUAAeSw5B5qhwQu/s-l225.jpg
型号不明,31.0,Fujifilm XF33mm F1.4 R LM WR Standard Prime Lens X Mount from Japan D0820,Fujifilm,Lenses,Used,934.98,USD,FIXED_PRICE,2,0,mount:fuji x,JP,kyoto_camera,99.7,2026-08-20T13:41:28.000Z,,https://www.ebay.com/itm/278298943005?hash=item40cbe8de1d:g:GREAAeSw4C1qhwNe,https://i.ebayimg.com/images/g/GREAAeSw4C1qhwNe/s-l225.jpg
型号不明,31.0,Fujifilm XF18mm F1.4 R LM WR APS-C Wide Prime Lens X Mount from Japan D0820,Fujifilm,Lenses,Used,947.66,USD,FIXED_PRICE,2,0,mount:fuji x,JP,kyoto_camera,99.7,2026-08-20T13:32:48.000Z,,https://www.ebay.com/itm/278298938059?hash=item40cbe8cacb:g:vgcAAeSwRqBqhwFv,https://i.ebayimg.com/images/g/vgcAAeSwRqBqhwFv/s-l225.jpg
型号不明,31.0,Fujifilm XF18mm F1.4 R LM WR APS-C Wide Prime Lens X Mount from Japan D0820,Fujifilm,Lenses,Used,1010.72,USD,FIXED_PRICE,2,0,mount:fuji x,JP,kyoto_camera,99.7,2026-08-20T13:32:47.000Z,,https://www.ebay.com/itm/287536349466?hash=item42f280811a:g:1T8AAeSwXSZqhwFa,https://i.ebayimg.com/images/g/1T8AAeSwXSZqhwFa/s-l225.jpg
型号不明,31.0,Fujifilm XF56mm F1.2 R WR APS-C Prime Portrait Lens X Mount from Japan D0820,Fujifilm,Lenses,Used,1026.12,USD,FIXED_PRICE,5,0,mount:fuji x,JP,kyoto_camera,99.7,2026-08-20T13:29:16.000Z,,https://www.ebay.com/itm/287536344123?hash=item42f2806c3b:g:NMYAAeSw5rdqhwDb,https://i.ebayimg.com/images/g/NMYAAeSw5rdqhwDb/s-l225.jpg
型号不明,31.0,FUJIFILM XF56mm F1.2 R WR Lens APS-C X Mount Fast Prime from Japan D0820,Fujifilm,Lenses,Used,1065.08,USD,FIXED_PRICE,5,0,mount:fuji x,JP,kyoto_camera,99.7,2026-08-20T13:24:48.000Z,,https://www.ebay.com/itm/278298908428?hash=item40cbe8570c:g:Zp8AAeSwZsBqhv9W,https://i.ebayimg.com/images/g/Zp8AAeSwZsBqhv9W/s-l225.jpg
型号不明,31.0,FUJIFILM XF56mm F1.2 R WR Lens APS-C X Mount Fast Prime from Japan D0820,Fujifilm,Lenses,Used,1132.49,USD,FIXED_PRICE,5,0,mount:fuji x,JP,kyoto_camera,99.7,2026-08-20T13:24:47.000Z,,https://www.ebay.com/itm/278298908397?hash=item40cbe856ed:g:tpYAAeSwvEZqhv8-,https://i.ebayimg.com/images/g/tpYAAeSwvEZqhv8-/s-l225.jpg
型号不明,31.0,FUJIFILM XF50mm F1.0 R WR Lens APS-C X Mount Fast Prime from Japan D0820,Fujifilm,Lenses,Used,1140.83,USD,FIXED_PRICE,2,0,mount:fuji x,JP,kyoto_camera,99.7,2026-08-20T13:20:34.000Z,,https://www.ebay.com/itm/287536327943?hash=item42f2802d07:g:vWQAAeSwkAlqhv7J,https://i.ebayimg.com/images/g/vWQAAeSwkAlqhv7J/s-l225.jpg
型号不明,31.0,Nikon NIKKOR-N 5cm F1.1 for S mount Rangefinder Camera Lenses Tested [Read Cond],Nikon,Lenses,Used,2850.0,USD,"FIXED_PRICE,BEST_OFFER",8,0,mount:nikon f,JP,re-camera,99.8,2026-08-20T14:41:31.000Z,,https://www.ebay.com/itm/336752750272?hash=item4e68072ec0:g:migAAeSw0DZqhxYv,https://i.ebayimg.com/images/g/migAAeSw0DZqhxYv/s-l225.jpg
型号不明,30.0,Vivitar Series 1 2× MC4 AF Teleconverter – Canon EOS mount – clean optics,Vivitar,Lenses,Used,54.39,USD,"FIXED_PRICE,BEST_OFFER",3,0,,CA,viewfinder_vault,100.0,2026-08-20T07:26:49.000Z,,https://www.ebay.com/itm/188820959700?hash=item2bf69b31d4:g:od4AAeSwlyZqhqvX,https://i.ebayimg.com/images/g/od4AAeSwlyZqhqvX/s-l225.jpg
残件/按现状,30.0,Panasonic NV-RX11 VHS-C Palmcorder – Vintage 1990s Camcorder – Untested – For Pa,Panasonic,Camcorders,Used,59.0,USD,"FIXED_PRICE,BEST_OFFER",9,0,as-is,UA,svetlank_94,100.0,2026-08-20T19:47:43.000Z,,https://www.ebay.com/itm/398308804770?hash=item5cbd0e08a2:g:vukAAeSwxTFqh1lI,https://i.ebayimg.com/images/g/vukAAeSwxTFqh1lI/s-l225.jpg
型号不明,30.0,Insta360 Ace Pro - Waterproof Action Camera Co-engineered with Leica,Leica,Camcorders,Opened – never used,340.78,USD,"FIXED_PRICE,BEST_OFFER",7,0,,GB,ukdirectdiscounts,100.0,2026-08-21T00:28:49.000Z,,https://www.ebay.com/itm/327320002403?hash=item4c35cadf63:g:eJwAAeSwMtBqPcuP,https://i.ebayimg.com/images/g/eJwAAeSwMtBqPcuP/s-l225.jpg
残件/按现状,29.0,"Vintage Polaroid Automatic 250 Land Camera Kit w/ Flash, Case, Bulbs Untested",Polaroid,Vintage Cameras,,75.0,USD,"FIXED_PRICE,BEST_OFFER",0,0,as-is;low-feedback,US,andsib-12,93.8,2026-08-21T03:55:41.000Z,,https://www.ebay.com/itm/227484930716?hash=item34f728929c:g:7YUAAeSwQUJqh8wJ,https://i.ebayimg.com/images/g/7YUAAeSwQUJqh8wJ/s-l225.jpg
型号不明,29.0,[ TOP MINT ] OlLYMPUS Citia 160 Silver Point & Shoot 35mm Film Camera From JAPAN,,Film Cameras,Used,77.99,USD,"FIXED_PRICE,BEST_OFFER",8,0,good-cond,JP,wazze_camera.jpn,100.0,2026-08-20T14:03:35.000Z,,https://www.ebay.com/itm/820027158646?hash=itembeed6d7076:g:7Q0AAOSwYvpoFtVh,https://i.ebayimg.com/images/g/7Q0AAOSwYvpoFtVh/s-l225.jpg
打包杂件,29.0,JVC Everio GZ-HD10U 40GB HDD HD Camcorder Konica Minolta 10x Tested Bundle Bag,Konica,Camcorders,Used,79.99,USD,"FIXED_PRICE,BEST_OFFER",13,0,,US,brooklynbrohat,99.3,2026-08-20T09:14:24.000Z,,https://www.ebay.com/itm/158208491499?hash=item24d5f5ffeb:g:XdoAAeSwhnxqfJV6,https://i.ebayimg.com/images/g/XdoAAeSwhnxqfJV6/s-l225.jpg
残件/按现状,29.0,Canon L1 Hi8 Canovision 8mm Video Camcorder Canon Lens,Canon,Camcorders,For parts or not working,84.95,USD,FIXED_PRICE,11,0,,US,eggsarecoolmkay,99.3,2026-08-21T00:24:52.000Z,,https://www.ebay.com/itm/188824443370?hash=item2bf6d059ea:g:YqIAAeSwzMRqh6H4,https://i.ebayimg.com/images/g/YqIAAeSwzMRqh6H4/s-l225.jpg
型号不明,29.0,HPRT CP2100 Compact Camera Point & Shoot Near Mint Condition JP,,Vintage Cameras,,99.9,USD,"FIXED_PRICE,BEST_OFFER",1,0,good-cond,JP,japan4ever,98.0,2026-08-20T16:11:00.000Z,,https://www.ebay.com/itm/158209525201?hash=item24d605c5d1:g:Zj8AAeSwqlBqhynI,https://i.ebayimg.com/images/g/Zj8AAeSwqlBqhynI/s-l225.jpg
残件/按现状,29.0,Canon L2 8mm Camcorder L2A Vtg Retro 1095 Made In Japan Canovision 8 Tape,Canon,Camcorders,For parts or not working,100.0,USD,"FIXED_PRICE,BEST_OFFER",6,0,,US,forever_anime_collector,99.9,2026-08-21T06:13:12.000Z,,https://www.ebay.com/itm/198585942740?hash=item2e3ca502d4:g:4y8AAeSwbp5qh-vs,https://i.ebayimg.com/images/g/4y8AAeSwbp5qh-vs/s-l225.jpg
型号不明,29.0,*Near Mint* Horseman 180mm 18cm Rangefinder Cam for Topcor P.T Lens VH-R 980 985,,Film Cameras,Used,109.99,USD,FIXED_PRICE,3,0,good-cond,JP,dub0804-55,100.0,2026-08-21T11:34:44.000Z,,https://www.ebay.com/itm/366620397028?hash=item555c474de4:g:kcMAAeSwtuNoqOhc,https://i.ebayimg.com/images/g/kcMAAeSwtuNoqOhc/s-l225.jpg
型号不明,29.0,[NEAR MINT] Yashicaflex Model A TLR Medium Format Camera 80mm f3.5 From JAPAN,,Film Cameras,Used,114.99,USD,"FIXED_PRICE,BEST_OFFER",10,0,good-cond,JP,koumatsu,100.0,2026-08-20T12:35:46.000Z,,https://www.ebay.com/itm/800539863311?hash=itemba63e4e90f:g:gPYAAeSwhrZqAtDm,https://i.ebayimg.com/images/g/gPYAAeSwhrZqAtDm/s-l225.jpg
型号不明,29.0,【N MINT】Kyocera SAMURAI x3.0 Half Frame 35mm Film Camera,,Film Cameras,Used,134.99,USD,FIXED_PRICE,11,0,good-cond,JP,japan_fun_camera,100.0,2026-08-21T01:15:30.000Z,,https://www.ebay.com/itm/188824627308?hash=item2bf6d3286c:g:PpoAAOSwKiBoEapR,https://i.ebayimg.com/images/g/PpoAAOSwKiBoEapR/s-l225.jpg
型号不明,29.0,[Exc+5] KYOCERA SAMURAI x3.0 35mm Half Frame Film Camera From JAPAN,,Film Cameras,Used,144.99,USD,"FIXED_PRICE,BEST_OFFER",10,0,good-cond,JP,camera.fumio.japan,100.0,2026-08-20T06:18:14.000Z,,https://www.ebay.com/itm/398306588191?hash=item5cbcec361f:g:whQAAeSw9KNqhpmV,https://i.ebayimg.com/images/g/whQAAeSw9KNqhpmV/s-l225.jpg
型号不明,29.0,【Exc+5】 Steinheil Munchen Stereo-Redufocus 25mm f/3.5 Stereo Camera From JAPAN,,Vintage Cameras,,149.99,USD,FIXED_PRICE,7,0,good-cond,JP,osaka-camera-takeuchi,98.2,2026-08-20T16:38:22.000Z,,https://www.ebay.com/itm/257693083232?hash=item3bffb46660:g:PYUAAeSwo9lqWjvm,https://i.ebayimg.com/images/g/PYUAAeSwo9lqWjvm/s-l225.jpg
型号不明,28.0,Yashica Biottica 6x6 MAT LM + bag,Yashica,Lenses,Usato,0.0,USD,"AUCTION,BEST_OFFER",6,0,auction,IT,massimo_blu,100.0,2026-08-20T15:24:45.000Z,2026-08-27T15:24:45.000Z,https://www.ebay.com/itm/237019266223?hash=item372f72fcaf:g:xZwAAeSwoAJqhxr5,https://i.ebayimg.com/images/g/xZwAAeSwoAJqhxr5/s-l225.jpg
残件/按现状;打包杂件,28.0,Lot of 2 Canon PowerShot A520 & Kodak EasyShare CX7300 Digital Cameras Parts,Canon,Digital Cameras,For parts or not working,29.13,USD,FIXED_PRICE,11,0,neg;underpriced(med 330),US,certifiedsimple,100.0,2026-08-20T17:23:09.000Z,,https://www.ebay.com/itm/128036604457?hash=item1dcf938a29:g:DAIAAeSwaONqhzfR,https://i.ebayimg.com/images/g/DAIAAeSwaONqhzfR/s-l225.jpg
残件/按现状,28.0,Panasonic Leica DG Vario-Elmar 100-400mm f/4-6.3 ASPH. Micro 4/3rds- PLEASE READ,Panasonic,Lenses,For parts or not working,600.0,USD,"FIXED_PRICE,BEST_OFFER",3,0,grail:Elmar,US,qntmech,100.0,2026-08-20T20:50:21.000Z,,https://www.ebay.com/itm/327319791274?hash=item4c35c7a6aa:g:ToYAAeSw94Nqh2e7,https://i.ebayimg.com/images/g/ToYAAeSw94Nqh2e7/s-l225.jpg
型号不明,28.0,Zeiss DIGIPRIMES 6 LENS SET,Zeiss,Lenses,Used,6046.9,USD,"FIXED_PRICE,AUCTION",10,0,auction,AU,anthonyb3182,100.0,2026-08-20T06:05:02.000Z,2026-08-27T06:05:02.000Z,https://www.ebay.com/itm/307136515398?hash=item4782c34d46:g:vMYAAeSwvDhqg-dH,https://i.ebayimg.com/images/g/vMYAAeSwvDhqg-dH/s-l225.jpg
残件/按现状,27.0,Sony FE 24-70mm f2.8 G Master GM Lens E Mount SEL2470GM FOR PARTS,Sony,Lenses,For parts or not working,0.0,USD,AUCTION,10,0,mount:sony e;as-is;auction,US,coventryridgefw,0.0,2026-08-20T17:10:45.000Z,2026-08-27T17:10:45.000Z,https://www.ebay.com/itm/158209681182?hash=item24d608271e:g:5LkAAeSwS3BqhzT0,https://i.ebayimg.com/images/g/5LkAAeSwS3BqhzT0/s-l225.jpg
型号不明,27.0,"Sigma 24 3.5 DG DN Contemporary For Sony E Mount - Open Box, New",Sigma,Lenses,Open box,0.0,USD,AUCTION,9,0,mount:sony e;auction,US,bedfordcameraandvideo,100.0,2026-08-20T13:00:01.000Z,2026-08-27T13:00:01.000Z,https://www.ebay.com/itm/267761779734?hash=item3e57d88416:g:NckAAeSwLOBqhdIl,https://i.ebayimg.com/images/g/NckAAeSwLOBqhdIl/s-l225.jpg
残件/按现状;型号不明,27.0,Vintage Argus Argoflex EF TLR Camera 75mm f/4.5 620 Film Untested,,Vintage Cameras,,35.0,USD,"FIXED_PRICE,BEST_OFFER",12,0,mount:canon ef;as-is,US,cascadegeneralstore,100.0,2026-08-20T05:06:49.000Z,,https://www.ebay.com/itm/398306436585?hash=item5cbce9e5e9:g:9MIAAeSw72hqhor6,https://i.ebayimg.com/images/g/9MIAAeSw72hqhor6/s-l225.jpg
残件/按现状,27.0,Panasonic WV-F300 300CLE CCD III Color TV Video Camera Body Untested For parts,Panasonic,Camcorders,For parts or not working,75.0,USD,FIXED_PRICE,10,0,as-is,US,phils1207,99.7,2026-08-21T01:21:25.000Z,,https://www.ebay.com/itm/117370788974?hash=item1b53d81c6e:g:sasAAeSw2DJqh6gD,https://i.ebayimg.com/images/g/sasAAeSw2DJqh6gD/s-l225.jpg
残件/按现状,27.0,Sony DCR-TRV30 Mini DV Digital Handycam Camcorder Carl Zeiss Lens,Sony,Camcorders,For parts or not working,75.0,USD,"FIXED_PRICE,BEST_OFFER",17,0,,US,ha_antiques,100.0,2026-08-20T23:52:36.000Z,,https://www.ebay.com/itm/287537170414?hash=item42f28d07ee:g:W~QAAeSwwS5qh5O~,https://i.ebayimg.com/images/g/W~QAAeSwwS5qh5O~/s-l225.jpg
打包杂件,27.0,"Panasonic PV-L750 VHS-C Camcorder Palmcorder Box Kit Bundle Strap TESTED, Nice",Panasonic,Camcorders,Used,75.0,USD,"FIXED_PRICE,BEST_OFFER",23,0,,US,crich1955,99.4,2026-08-20T19:55:09.000Z,,https://www.ebay.com/itm/227484514313?hash=item34f7223809:g:EccAAeSwicVqh1HJ,https://i.ebayimg.com/images/g/EccAAeSwicVqh1HJ/s-l225.jpg
残件/按现状,27.0,Sony Hi 8 Video 8 CCD-TR9 Camcorder w/Charger Cords untested 2 batteries & Bag,Sony,Camcorders,For parts or not working,75.0,USD,FIXED_PRICE,14,0,as-is,US,mansee_merch,99.9,2026-08-20T05:08:11.000Z,,https://www.ebay.com/itm/168627220608?hash=item2742f73080:g:h80AAeSwH5NqNZpU,https://i.ebayimg.com/images/g/h80AAeSwH5NqNZpU/s-l225.jpg
残件/按现状;打包杂件,27.0,Sony Mini 8 Video CCD-M8u Recorder Player EV-C8u w/ Case & Lots of Accessories,Sony,Camcorders,For parts or not working,79.99,USD,"FIXED_PRICE,BEST_OFFER",21,0,,US,dominicusjones,100.0,2026-08-21T13:00:01.000Z,,https://www.ebay.com/itm/206507635436?hash=item3014d072ec:g:OaEAAeSw0fJqh9eH,https://i.ebayimg.com/images/g/OaEAAeSw0fJqh9eH/s-l225.jpg
残件/按现状,27.0,"Sony HandyCam 72x Model # CCD-TR917 No Charger, Untested",Sony,Camcorders,For parts or not working,79.99,USD,FIXED_PRICE,8,0,as-is,US,charliefoundit,99.6,2026-08-21T03:23:08.000Z,,https://www.ebay.com/itm/237020359444?hash=item372f83ab14:g:v2cAAeSwrd5qh8Rb,https://i.ebayimg.com/images/g/v2cAAeSwrd5qh8Rb/s-l225.jpg
残件/按现状,27.0,【AS IS】 Panasonic LUMIX DMC-FX01 FromJapan #ak367,Panasonic,Digital Cameras,For parts or not working,86.85,USD,FIXED_PRICE,4,0,as-is,JP,somtom_9,99.3,2026-08-20T05:16:17.000Z,,https://www.ebay.com/itm/188820499523?hash=item2bf6942c43:g:OwgAAeSw9KNqho7S,https://i.ebayimg.com/images/g/OwgAAeSw9KNqho7S/s-l225.jpg
残件/按现状;打包杂件,27.0,Sony Camcorder Bundle CCD-TR61 /TR65 AC Power Adaptor AC-V25 / V25A Untested,Sony,Camcorders,Used,89.99,USD,"FIXED_PRICE,BEST_OFFER",11,0,as-is,US,scotttees85,99.5,2026-08-20T20:14:43.000Z,,https://www.ebay.com/itm/198585053981?hash=item2e3c97731d:g:9pkAAeSwpLBqh1--,https://i.ebayimg.com/images/g/9pkAAeSwpLBqh1--/s-l225.jpg
残件/按现状,27.0,Sony Handycam CCD-SC5 Video8 Video Camcorder - PARTS/REPAIR ONLY,Sony,Camcorders,For parts or not working,100.0,USD,"FIXED_PRICE,BEST_OFFER",5,0,,US,samuraicopped,100.0,2026-08-20T23:17:13.000Z,,https://www.ebay.com/itm/128036989372?hash=item1dcf9969bc:g:lAwAAeSwLc5qIniS,https://i.ebayimg.com/images/g/lAwAAeSwLc5qIniS/s-l225.jpg
残件/按现状,27.0,Sony Cyber Shot DSC-T7 Silver Digital Camera 5.1MP 3x Zoom Japanese 【Untested】,Sony,Digital Cameras,For parts or not working,100.99,USD,FIXED_PRICE,5,0,as-is,JP,sushi-boy,100.0,2026-08-20T16:26:00.000Z,,https://www.ebay.com/itm/398306410775?hash=item5cbce98117:g:zscAAeSwijdqhwHW,https://i.ebayimg.com/images/g/zscAAeSwijdqhwHW/s-l225.jpg
残件/按现状,27.0,【AS IS】 SONY Cyber-shot DSC-T900 4X FromJapan #ak312,Sony,Digital Cameras,For parts or not working,110.08,USD,FIXED_PRICE,4,0,as-is,JP,somtom_9,99.3,2026-08-20T05:16:02.000Z,,https://www.ebay.com/itm/188820499359?hash=item2bf6942b9f:g:BI8AAeSwQKZqho5M,https://i.ebayimg.com/images/g/BI8AAeSwQKZqho5M/s-l225.jpg
残件/按现状,27.0,Canon PowerShot ELPH 360 HS 20.2MP Digital Camera w/12x Zoom *Inoperable #465,Canon,Digital Cameras,For parts or not working,153.48,USD,"FIXED_PRICE,BEST_OFFER",5,0,,US,robertscamera,99.8,2026-08-20T17:47:32.000Z,,https://www.ebay.com/itm/407159116733?hash=item5ecc9313bd:g:ObgAAeSwWaNqhz2w,https://i.ebayimg.com/images/g/ObgAAeSwWaNqhz2w/s-l225.jpg
型号不明,27.0,Sigma Adapter Mount Converter MC-11 Sigma/Canon EF-Sony E Mount-Autofocus,Sigma,Lenses,Used,159.0,USD,"FIXED_PRICE,BEST_OFFER",8,0,mount:canon ef;low-feedback,US,n7xmetal,90.9,2026-08-20T16:45:03.000Z,,https://www.ebay.com/itm/278299327671?hash=item40cbeebcb7:g:P3cAAeSw~F1qFzi1,https://i.ebayimg.com/images/g/P3cAAeSw~F1qFzi1/s-l225.jpg
打包杂件,27.0,Canon PowerShot SD790 IS 10MP Digital Camera 3x Zoom Batt Charger Case SD Bundle,Canon,Digital Cameras,Used,159.87,USD,FIXED_PRICE,22,0,,US,eclectic_supply,100.0,2026-08-20T11:29:34.000Z,,https://www.ebay.com/itm/147517407233?hash=item2258b90001:g:mOQAAeSw2ZtqhuC8,https://i.ebayimg.com/images/g/mOQAAeSw2ZtqhuC8/s-l225.jpg
残件/按现状,27.0,Canon EOS M50 24.1MP Mirrorless Camera - Black (Kit with 15-45mm STM Lens),Canon,Digital Cameras,For parts or not working,189.0,USD,"FIXED_PRICE,BEST_OFFER",8,0,,US,rzadkann,98.3,2026-08-20T17:31:59.000Z,,https://www.ebay.com/itm/227484372143?hash=item34f7200caf:g:8YAAAeSwErFqXkvm,https://i.ebayimg.com/images/g/8YAAAeSwErFqXkvm/s-l225.jpg
残件/按现状,27.0,Canon PowerShot IXY 650/IXUS 285/ELPH 360 12X Optical Zoom Digital Camera Black,Canon,Digital Cameras,For parts or not working,190.0,USD,FIXED_PRICE,8,0,,US,devicesrr,99.5,2026-08-20T09:38:06.000Z,,https://www.ebay.com/itm/336752309003?hash=item4e6800730b:g:TF0AAeSwWIxqhsr3,https://i.ebayimg.com/images/g/TF0AAeSwWIxqhsr3/s-l225.jpg
打包杂件,27.0,Canon PowerShot A650 IS 12.1MP Digital Camera 6x Zoom SD Card USB Case Bundle,Canon,Digital Cameras,Used,194.87,USD,FIXED_PRICE,23,0,,US,eclectic_supply,100.0,2026-08-20T08:53:08.000Z,,https://www.ebay.com/itm/147517180588?hash=item2258b58aac:g:uiwAAeSwTclqhriG,https://i.ebayimg.com/images/g/uiwAAeSwTclqhriG/s-l225.jpg
打包杂件,27.0,Canon PowerShot SX50 HS 12.1MP Digital Camera Full HD w/50x Zoom Bundle TESTED,Canon,Digital Cameras,Used,194.99,USD,FIXED_PRICE,9,0,,US,c546_97,99.5,2026-08-20T12:38:31.000Z,,https://www.ebay.com/itm/398307585305?hash=item5cbcfb6d19:g:Y6IAAeSw~vdqhvT6,https://i.ebayimg.com/images/g/Y6IAAeSw~vdqhvT6/s-l225.jpg
残件/按现状,27.0,Canon EF 24-70mm F/4 L IS USM Lens Tested and Working - READ DESCRIPTION,Canon,Lenses,Used,450.0,USD,FIXED_PRICE,7,0,mount:canon ef,US,bas5348,100.0,2026-08-20T07:54:42.000Z,,https://www.ebay.com/itm/398306839840?hash=item5cbcf00d20:g:B34AAeSw94NqhrFg,https://i.ebayimg.com/images/g/B34AAeSw94NqhrFg/s-l225.jpg
打包杂件,26.0,Used Sony DSC S75 3MP Zeiss 6x Zoom Digital Camera Memory Stick Bundle,Sony,Digital Cameras,Used,81.91,USD,FIXED_PRICE,7,0,underpriced(med 223);low-feedback,CN,centrix0702,91.7,2026-08-20T06:41:49.000Z,,https://www.ebay.com/itm/227483552226?hash=item34f71389e2:g:qP0AAeSw7DBqhqGk,https://i.ebayimg.com/images/g/qP0AAeSw7DBqhqGk/s-l225.jpg
打包杂件,26.0,Canon EOS Kiss X3 Digital SLR Camera with 18-55mm Lens and SD Card Bundle,Canon,Digital Cameras,Used,218.83,USD,"FIXED_PRICE,BEST_OFFER",11,0,55mm,JP,tetyama15,100.0,2026-08-20T04:28:43.000Z,,https://www.ebay.com/itm/318757286370?hash=item4a376a31e2:g:CycAAeSwZsBqhohw,https://i.ebayimg.com/images/g/CycAAeSwZsBqhohw/s-l225.jpg
型号不明,25.0,RED DSMC S35 AL Canon (EF) Mount,Canon,Digital Cameras,Used,0.0,USD,AUCTION,5,0,mount:canon ef;auction,US,sterlingcasebox,99.6,2026-08-20T06:28:35.000Z,2026-08-25T06:28:35.000Z,https://www.ebay.com/itm/278297977333?hash=item40cbda21f5:g:xnwAAeSw5D5p4UE2,https://i.ebayimg.com/images/g/xnwAAeSw5D5p4UE2/s-l225.jpg
型号不明,25.0,TOMY Pixtoss Camera Compatible with Cheki Film Tested and working,,Film Cameras,Used,34.01,USD,FIXED_PRICE,8,0,,JP,roots-0111,100.0,2026-08-20T13:01:05.000Z,,https://www.ebay.com/itm/206505979923?hash=item3014b73013:g:HMEAAeSw3EVqhvtL,https://i.ebayimg.com/images/g/HMEAAeSw3EVqhvtL/s-l225.jpg
型号不明,25.0,Kyocera P mini AF Panorama 35mm Point & Shoot Film Camera From JAPAN,,Film Cameras,Used,38.0,USD,"FIXED_PRICE,BEST_OFFER",12,0,,JP,viva.variety,98.6,2026-08-21T02:47:54.000Z,,https://www.ebay.com/itm/158210998605?hash=item24d61c414d:g:yJQAAOSwr9toUOf8,https://i.ebayimg.com/images/g/yJQAAOSwr9toUOf8/s-l225.jpg
型号不明,25.0,Hello Kitty 35mm Film Camera RED Built-in Flash with Case,,Film Cameras,Used,43.0,USD,"FIXED_PRICE,BEST_OFFER",11,0,,JP,viva.variety,98.6,2026-08-21T02:47:54.000Z,,https://www.ebay.com/itm/158210998564?hash=item24d61c4124:g:QysAAeSwkXdoY0xl,https://i.ebayimg.com/images/g/QysAAeSwkXdoY0xl/s-l225.jpg
型号不明,25.0,KFC COLONEL SANDERS 35mm Point Shoot Toy Film Camera Japan BOX,,Film Cameras,New,49.95,USD,"FIXED_PRICE,BEST_OFFER",8,0,,JP,uptail-shop,100.0,2026-08-21T10:27:16.000Z,,https://www.ebay.com/itm/227485366771?hash=item34f72f39f3:g:px0AAeSw3x1pv3Gq,https://i.ebayimg.com/images/g/px0AAeSw3x1pv3Gq/s-l225.jpg
型号不明,25.0,"Bell & Howell Electric Eye Standard 8mm Non-Reflex Movie Camera, Black",,Vintage Cameras,,50.0,USD,"FIXED_PRICE,AUCTION",4,0,auction,US,shady7771,100.0,2026-08-20T12:05:00.000Z,2026-08-27T12:05:00.000Z,https://www.ebay.com/itm/398307482982?hash=item5cbcf9dd66:g:zLAAAeSw5eRqUbQF,https://i.ebayimg.com/images/g/zLAAAeSw5eRqUbQF/s-l225.jpg
型号不明,25.0,MASMY FLEX 6X6 Vintage TLR Film Camera shutter OK!! RARE COLLECTIBLE Japan 708,,Film Cameras,Used,55.0,USD,FIXED_PRICE,17,0,,JP,camera-shop-kiku,100.0,2026-08-20T06:37:23.000Z,,https://www.ebay.com/itm/147516963501?hash=item2258b23aad:g:U40AAOSwKVpno0Jp,https://i.ebayimg.com/images/g/U40AAOSwKVpno0Jp/s-l225.jpg
残件/按现状;型号不明,25.0,【AS IS】 SANWA SHOKAI Mycro 20mm F4.5 FromJapan #my1398,,Film Cameras,For parts or not working,58.86,USD,FIXED_PRICE,4,0,as-is,JP,somtom_9,99.3,2026-08-20T05:19:08.000Z,,https://www.ebay.com/itm/188820501998?hash=item2bf69435ee:g:8toAAeSwLrNqho94,https://i.ebayimg.com/images/g/8toAAeSwLrNqho94/s-l225.jpg
型号不明,25.0,【EXC】 TOKYO KOGAKU UV TOPCOR 53mm F2 Front cap&Filter UNI FromJapan #my1132,,Lenses,Used,58.86,USD,FIXED_PRICE,4,0,good-cond,JP,somtom_9,99.3,2026-08-20T05:17:20.000Z,,https://www.ebay.com/itm/188820500616?hash=item2bf6943088:g:QJkAAeSwGEZqho5X,https://i.ebayimg.com/images/g/QJkAAeSwGEZqho5X/s-l225.jpg
型号不明,25.0,"VINTAGE TLR ROLLEICORD 1I ( TYPE 3 ) CAMERA W/TRIOTAR 75mm, f3.5 LENS 4 PARTS.",,Vintage Cameras,,60.0,USD,"FIXED_PRICE,AUCTION",7,0,auction,US,smookman,100.0,2026-08-20T16:00:01.000Z,2026-08-27T16:00:01.000Z,https://www.ebay.com/itm/257689063516?hash=item3bff77105c:g:LYIAAeSwAVhqektP,https://i.ebayimg.com/images/g/LYIAAeSwAVhqektP/s-l225.jpg
型号不明,25.0,【BOXED】 Cosina AF Zoom Lens 75-200mm f/4.5 Mc Macro Lens M42 Mount From JAPAN,,Lenses,Used,99.99,USD,FIXED_PRICE,8,0,mount:m42;good-cond,JP,osaka-camera-takeuchi,98.2,2026-08-20T18:29:19.000Z,,https://www.ebay.com/itm/257693229158?hash=item3bffb6a066:g:jzQAAeSwrj5qh0RZ,https://i.ebayimg.com/images/g/jzQAAeSwrj5qh0RZ/s-l225.jpg
残件/按现状,25.0,Olympus Tough TG 5 Red Camera W/ 2 batteriesFor Parts Or Repair See Description,Olympus,Digital Cameras,For parts or not working,150.0,USD,"FIXED_PRICE,BEST_OFFER",17,0,,US,alasmo_87,100.0,2026-08-20T19:09:02.000Z,,https://www.ebay.com/itm/237019635432?hash=item372f789ee8:g:TEwAAeSwaGNqh1Cg,https://i.ebayimg.com/images/g/TEwAAeSwaGNqh1Cg/s-l225.jpg
型号不明,25.0,【・Excellent Operation・Excellent Optics】TAMRON ASPHERICAL LD XR Dill AF 18-200,Tamron,Lenses,Used,173.45,USD,"FIXED_PRICE,BEST_OFFER",4,0,,JP,bears2636,99.3,2026-08-20T08:48:56.000Z,,https://www.ebay.com/itm/206505374501?hash=item3014adf325:g:rLIAAeSwR8Jqhr-5,https://i.ebayimg.com/images/g/rLIAAeSwR8Jqhr-5/s-l225.jpg
型号不明,25.0,LUMIX H-H014 Panasonic,Lumix,Lenses,Used,204.98,USD,"FIXED_PRICE,BEST_OFFER",5,0,,JP,bears2636,99.3,2026-08-20T08:52:13.000Z,,https://www.ebay.com/itm/178425975365?hash=item298b045245:g:xkkAAeSw0fJqhsDA,https://i.ebayimg.com/images/g/xkkAAeSw0fJqhsDA/s-l225.jpg
型号不明,25.0,【・Working・Optics Clear】Tokina SD 12-24 F4 (IF) DX No.1521,Tokina,Lenses,Used,215.5,USD,"FIXED_PRICE,BEST_OFFER",9,0,,JP,bears2636,99.3,2026-08-20T08:48:27.000Z,,https://www.ebay.com/itm/178425951714?hash=item298b03f5e2:g:T0IAAeSwmX1qhsCN,https://i.ebayimg.com/images/g/T0IAAeSwmX1qhsCN/s-l225.jpg
型号不明,25.0,Tamron SP AF 10-24/3.5-4.5 Di II2825609,Tamron,Lenses,Used,231.05,USD,"FIXED_PRICE,BEST_OFFER",7,0,,JP,bears2636,99.3,2026-08-20T08:48:26.000Z,,https://www.ebay.com/itm/178425951659?hash=item298b03f5ab:g:SCQAAeSwMcdqhr-u,https://i.ebayimg.com/images/g/SCQAAeSwMcdqhr-u/s-l225.jpg
型号不明,25.0,Tamron SP AF 28-75/2.8 XR Di MACRO3006329,Tamron,Lenses,Used,277.3,USD,"FIXED_PRICE,BEST_OFFER",7,0,,JP,bears2636,99.3,2026-08-20T08:48:26.000Z,,https://www.ebay.com/itm/178425951652?hash=item298b03f5a4:g:DnkAAeSwzkRqhsBR,https://i.ebayimg.com/images/g/DnkAAeSwzkRqhsBR/s-l225.jpg
型号不明,25.0,【・Working・Optics Clear】Panasonic LUMIX VARIO 1:4-5.8/14-140 HD No.1186,Panasonic,Lenses,Used,289.08,USD,"FIXED_PRICE,BEST_OFFER",9,0,,JP,bears2636,99.3,2026-08-20T08:52:11.000Z,,https://www.ebay.com/itm/206505393681?hash=item3014ae3e11:g:1R4AAeSw1PxqhsFq,https://i.ebayimg.com/images/g/1R4AAeSw1PxqhsFq/s-l225.jpg
打包杂件,25.0,Nikon D80 10.2MP Digital SLR DSLR Camera Nikon AF Nikkor 18-200 Mm lens Bundle,Nikon,Digital Cameras,Used,300.0,USD,FIXED_PRICE,4,0,mount:nikon f,US,geotaylo_746tqmmw,100.0,2026-08-20T15:12:25.000Z,,https://www.ebay.com/itm/267762700243?hash=item3e57e68fd3:g:aRQAAeSwIK1qhxkm,https://i.ebayimg.com/images/g/aRQAAeSwIK1qhxkm/s-l225.jpg
型号不明,25.0,【・Working 】SONY E3.5-6.3/18-200 OSS/1ft-0.5m/1.64ft No.1400,Sony,Lenses,Used,373.17,USD,"FIXED_PRICE,BEST_OFFER",9,0,,JP,bears2636,99.3,2026-08-20T08:50:37.000Z,,https://www.ebay.com/itm/206505380566?hash=item3014ae0ad6:g:2UwAAeSw72hqhsCc,https://i.ebayimg.com/images/g/2UwAAeSw72hqhsCc/s-l225.jpg
型号不明,25.0,"PENTAX K-5 Silver Silver, 1 of 1500 units worldwide #10895",Pentax,Lenses,Used,404.5,USD,"FIXED_PRICE,BEST_OFFER",9,0,,JP,bears2636,99.3,2026-08-20T08:51:09.000Z,,https://www.ebay.com/itm/178425968143?hash=item298b04360f:g:4L4AAeSw72hqhsEr,https://i.ebayimg.com/images/g/4L4AAeSw72hqhsEr/s-l225.jpg
型号不明,25.0,Nikon AF DX Fisheye Lens,Nikon,Lenses,Used,430.17,USD,"FIXED_PRICE,BEST_OFFER",4,0,,JP,bears2636,99.3,2026-08-20T04:41:01.000Z,,https://www.ebay.com/itm/188820370880?hash=item2bf69235c0:g:8~IAAeSwFHNqhoaM,https://i.ebayimg.com/images/g/8~IAAeSwFHNqhoaM/s-l225.jpg
型号不明,25.0,Digital SLR Camera Nikon D3200 Double Lens Kit,Nikon,Lenses,Used,464.98,USD,"FIXED_PRICE,BEST_OFFER",11,0,,JP,bears2636,99.3,2026-08-20T04:41:30.000Z,,https://www.ebay.com/itm/178425368568?hash=item298afb0ff8:g:xFgAAeSwicFqhoZx,https://i.ebayimg.com/images/g/xFgAAeSwicFqhoZx/s-l225.jpg
型号不明,25.0,FujiFilm Fujinon T300mm F8 (Large Format Lens) [Shinjuku 2] 1 Month Period [ B],Fujifilm,Lenses,Used,485.02,USD,"FIXED_PRICE,BEST_OFFER",7,0,,JP,bears2636,99.3,2026-08-20T04:41:30.000Z,,https://www.ebay.com/itm/206504899327?hash=item3014a6b2ff:g:m50AAeSwWIxqhoX0,https://i.ebayimg.com/images/g/m50AAeSwWIxqhoX0/s-l225.jpg
型号不明,25.0,XC15-45mmF3.5-5.6 OIS PZ Black Fujifilm 0126,Fujifilm,Lenses,Used,509.99,USD,FIXED_PRICE,6,0,,JP,info_tanikawa,97.9,2026-08-20T19:47:26.000Z,,https://www.ebay.com/itm/227484507991?hash=item34f7221f57:g:y0MAAeSwRjVqh1rA,https://i.ebayimg.com/images/g/y0MAAeSwRjVqh1rA/s-l225.jpg
型号不明,25.0,FUJIFILM interchangeable lens 50mmF2 black XF50MMF2 R WR B F/S w/Tracking# Japan,Fujifilm,Lenses,New,511.8,USD,FIXED_PRICE,2,0,,JP,duck_shop_japan,99.9,2026-08-20T05:39:42.000Z,,https://www.ebay.com/itm/298603255584?hash=item4586241720:g:WR0AAeSwMf5qhpOd,https://i.ebayimg.com/images/g/WR0AAeSwMf5qhpOd/s-l225.jpg
型号不明,25.0,Mint condition Sony SAL20TC 2.0x Teleconverter,Sony,Lenses,Used,581.32,USD,"FIXED_PRICE,BEST_OFFER",6,0,good-cond,JP,bears2636,99.3,2026-08-20T08:50:38.000Z,,https://www.ebay.com/itm/178425961605?hash=item298b041c85:g:-FUAAeSwfPFqhsEC,https://i.ebayimg.com/images/g/-FUAAeSwfPFqhsEC/s-l225.jpg
型号不明,25.0,NIKON Nikon / Mirrorless -lens camera / Nikon 1 J5 Lens Kit / 23003950 / AB /,Nikon,Lenses,Used,589.67,USD,"FIXED_PRICE,BEST_OFFER",6,0,,JP,bears2636,99.3,2026-08-20T09:57:31.000Z,,https://www.ebay.com/itm/178426136025?hash=item298b06c5d9:g:COQAAeSwja9qhtDJ,https://i.ebayimg.com/images/g/COQAAeSwja9qhtDJ/s-l225.jpg
型号不明,25.0,CANON Mirrorless -lens Camera EOS M Double Lens Kit / 161091404630 / AB / 78,Canon,Lenses,Used,589.67,USD,"FIXED_PRICE,BEST_OFFER",5,0,,JP,bears2636,99.3,2026-08-20T09:57:31.000Z,,https://www.ebay.com/itm/206505607095?hash=item3014b17fb7:g:tMMAAeSwYspqhtFe,https://i.ebayimg.com/images/g/tMMAAeSwYspqhtFe/s-l225.jpg
型号不明,25.0,【】『』 Canon EOS 6D Body / Canon / Digital SLR Camera / Body,Canon,Lenses,Used,599.15,USD,"FIXED_PRICE,BEST_OFFER",6,0,,JP,bears2636,99.3,2026-08-20T09:57:09.000Z,,https://www.ebay.com/itm/188821514366?hash=item2bf6a3a87e:g:zD0AAeSwN0tqhtDN,https://i.ebayimg.com/images/g/zD0AAeSwN0tqhtDN/s-l225.jpg
型号不明,25.0,minolta af apo tele 200 2.8 high speed,Minolta,Lenses,Used,602.33,USD,"FIXED_PRICE,BEST_OFFER",9,0,,JP,bears2636,99.3,2026-08-20T08:50:37.000Z,,https://www.ebay.com/itm/206505380507?hash=item3014ae0a9b:g:IcgAAeSwNuRqhsBY,https://i.ebayimg.com/images/g/IcgAAeSwNuRqhsBY/s-l225.jpg
型号不明,25.0,PENTAX Pancake Lens DA40mmF2.8 Silver (with case and hood),Pentax,Lenses,Used,604.43,USD,"FIXED_PRICE,BEST_OFFER",6,0,,JP,bears2636,99.3,2026-08-20T08:51:12.000Z,,https://www.ebay.com/itm/206505387214?hash=item3014ae24ce:g:IyIAAeSwNuRqhsB6,https://i.ebayimg.com/images/g/IyIAAeSwNuRqhsB6/s-l225.jpg
型号不明,25.0,CANON EOS Kiss X7i Lens Kit / Serial Number011035020 / Condition AB / [Used],Canon,Lenses,Used,610.77,USD,"FIXED_PRICE,BEST_OFFER",6,0,,JP,bears2636,99.3,2026-08-20T09:57:09.000Z,,https://www.ebay.com/itm/206505606860?hash=item3014b17ecc:g:y24AAeSwhDJqhtDO,https://i.ebayimg.com/images/g/y24AAeSwhDJqhtDO/s-l225.jpg
型号不明,25.0,PENTAX Standard Prime Lens FA35mmF2AL K-mount Full-frame/APS-C size 22190,Pentax,Lenses,Used,622.37,USD,"FIXED_PRICE,BEST_OFFER",2,0,,JP,bears2636,99.3,2026-08-20T09:56:51.000Z,,https://www.ebay.com/itm/178426134206?hash=item298b06bebe:g:w9MAAeSwuTdqhtFt,https://i.ebayimg.com/images/g/w9MAAeSwuTdqhtFt/s-l225.jpg
型号不明,25.0,Canon RF45mm F1.2 STM Single Focus Lens 197662,Canon,Lenses,Used,632.07,USD,FIXED_PRICE,7,0,,JP,digree_japan,99.7,2026-08-20T05:05:12.000Z,,https://www.ebay.com/itm/307136449609?hash=item4782c24c49:g:X4UAAeSw6Rlqh7cp,https://i.ebayimg.com/images/g/X4UAAeSw6Rlqh7cp/s-l225.jpg
型号不明,25.0,Mint Condition Sony α6000 Graphite Gray #20260708-0051,Sony,Lenses,Used,654.9,USD,"FIXED_PRICE,BEST_OFFER",5,0,good-cond,JP,bears2636,99.3,2026-08-20T08:52:44.000Z,,https://www.ebay.com/itm/188821315505?hash=item2bf6a09fb1:g:0tcAAeSwQe1qhsDW,https://i.ebayimg.com/images/g/0tcAAeSwQe1qhsDW/s-l225.jpg
型号不明,25.0,Canon EOS Kiss X90 Digital SLR Camera,Canon,Lenses,Used,662.23,USD,"FIXED_PRICE,BEST_OFFER",8,0,,JP,bears2636,99.3,2026-08-20T19:47:49.000Z,,https://www.ebay.com/itm/188823511190?hash=item2bf6c22096:g:zfYAAeSwYspqh1ok,https://i.ebayimg.com/images/g/zfYAAeSwYspqh1ok/s-l225.jpg
型号不明,25.0,[1 Month] Nikon D5500 Lens Kit Black,Nikon,Lenses,Used,662.45,USD,"FIXED_PRICE,BEST_OFFER",6,0,,JP,bears2636,99.3,2026-08-20T19:47:49.000Z,,https://www.ebay.com/itm/178427509159?hash=item298b1bb9a7:g:uUAAAeSwsx9qh1sV,https://i.ebayimg.com/images/g/uUAAAeSwsx9qh1sV/s-l225.jpg
型号不明,25.0,Ricoh HD Pentax DA AF Rear Converter 1.4x AW Teleconverter Ricoh Camera Lens,Ricoh,Lenses,Used,667.3,USD,"FIXED_PRICE,BEST_OFFER",9,0,,JP,bears2636,99.3,2026-08-20T08:51:07.000Z,,https://www.ebay.com/itm/206505386246?hash=item3014ae2106:g:T5IAAeSw5GRqhsA~,https://i.ebayimg.com/images/g/T5IAAeSw5GRqhsA~/s-l225.jpg
型号不明,25.0,Nikon D5600 18-55 VR Lens Kit Digital SLR Camera T11537345,Nikon,Lenses,Used,674.15,USD,"FIXED_PRICE,BEST_OFFER",9,0,,JP,bears2636,99.3,2026-08-20T19:47:49.000Z,,https://www.ebay.com/itm/188823511189?hash=item2bf6c22095:g:z64AAeSwt3xqh1vO,https://i.ebayimg.com/images/g/z64AAeSwt3xqh1vO/s-l225.jpg
型号不明,25.0,PENTAX HD PENTAX-D FA MACRO 100mmF2.8ED AW Black #2607025,Pentax,Lenses,Used,707.45,USD,"FIXED_PRICE,BEST_OFFER",5,0,,JP,bears2636,99.3,2026-08-20T08:51:05.000Z,,https://www.ebay.com/itm/206505385846?hash=item3014ae1f76:g:LdkAAeSwZuRqhsC0,https://i.ebayimg.com/images/g/LdkAAeSwZuRqhsC0/s-l225.jpg
型号不明,25.0,Fujifilm XF18mm F1.4 R LM WR APS-C Wide Angle Lens Fast AF from Japan D0820,Fujifilm,Lenses,Used,839.31,USD,FIXED_PRICE,2,0,,JP,kyoto_camera,99.7,2026-08-20T14:17:31.000Z,,https://www.ebay.com/itm/287536404981?hash=item42f28159f5:g:wUoAAeSw-dlqhwwO,https://i.ebayimg.com/images/g/wUoAAeSw-dlqhwwO/s-l225.jpg
型号不明,25.0,Canon RF85mm F2 MACRO IS STM 622985,Canon,Lenses,Used,843.68,USD,FIXED_PRICE,4,0,,JP,digree_japan,99.7,2026-08-20T05:09:30.000Z,,https://www.ebay.com/itm/307136452232?hash=item4782c25688:g:yugAAeSwUXpqhozD,https://i.ebayimg.com/images/g/yugAAeSwUXpqhozD/s-l225.jpg
型号不明,25.0,Fujifilm XF50mm F1.0 R WR Lens APS-C Prime Fast Aperture from Japan D0820,Fujifilm,Lenses,Used,1216.56,USD,FIXED_PRICE,2,0,,JP,kyoto_camera,99.7,2026-08-20T13:09:14.000Z,,https://www.ebay.com/itm/287536314381?hash=item42f27ff80d:g:i8oAAeSwrWpqhvvo,https://i.ebayimg.com/images/g/i8oAAeSwrWpqhvvo/s-l225.jpg
型号不明,25.0,■■ PENTAX HD PENTAX-D FA 21mmF2.4ED DC WR Black #11724,Pentax,Lenses,Used,1232.0,USD,"FIXED_PRICE,BEST_OFFER",5,0,,JP,bears2636,99.3,2026-08-20T08:51:10.000Z,,https://www.ebay.com/itm/188821306153?hash=item2bf6a07b29:g:GsEAAeSwie9qhsB5,https://i.ebayimg.com/images/g/GsEAAeSwie9qhsB5/s-l225.jpg
型号不明,25.0,Fujifilm XF50mm F1.0 R WR Lens APS-C Prime Fast Aperture from Japan D0820,Fujifilm,Lenses,Used,1298.83,USD,FIXED_PRICE,2,0,,JP,kyoto_camera,99.7,2026-08-20T13:09:15.000Z,,https://www.ebay.com/itm/287536314407?hash=item42f27ff827:g:IuUAAeSwT-hqhvvR,https://i.ebayimg.com/images/g/IuUAAeSwT-hqhvvR/s-l225.jpg
打包杂件,24.0,Lot Of 2 Sigma Lens 28-300mm F3.5-6.3 And 18-50mm for Canon,Sigma,Lenses,Used,149.99,USD,FIXED_PRICE,12,0,neg;underpriced(med 348),US,theweidows,100.0,2026-08-20T15:49:33.000Z,,https://www.ebay.com/itm/267762732528?hash=item3e57e70df0:g:HAkAAeSwzadqhyEN,https://i.ebayimg.com/images/g/HAkAAeSwzadqhyEN/s-l225.jpg
打包杂件,23.0,"LOT Canon DM-GL2A MiniDV 3CCD Camcorder | Remote, Cords, Tapes | WORKING - READ",Canon,Camcorders,Used,0.0,USD,AUCTION,18,0,auction,US,comes.a.time,100.0,2026-08-20T22:15:38.000Z,2026-08-27T22:15:38.000Z,https://www.ebay.com/itm/307138041472?hash=item4782da9680:g:2bkAAeSwUxNqh3o4,https://i.ebayimg.com/images/g/2bkAAeSwUxNqh3o4/s-l225.jpg
残件/按现状,23.0,Canon ZR950 MiniDV Camcorder 48x Advanced Zoom 2.7” LCD,Canon,Camcorders,For parts or not working,0.0,USD,"AUCTION,BEST_OFFER",5,0,auction,US,lampysellsit,99.6,2026-08-20T19:22:15.000Z,2026-08-27T19:22:15.000Z,https://www.ebay.com/itm/287536776527?hash=item42f287054f:g:DaYAAeSwqlBqh1Ju,https://i.ebayimg.com/images/g/DaYAAeSwqlBqh1Ju/s-l225.jpg
打包杂件,23.0,Vintage Canon ZR MiniDV Camcorder Bundle with Bag and Accessories,Canon,Camcorders,Used,0.0,USD,AUCTION,8,0,auction,US,goodwillsocalshop,99.7,2026-08-20T18:48:44.000Z,2026-08-27T18:48:44.000Z,https://www.ebay.com/itm/267762860228?hash=item3e57e900c4:g:HhcAAeSwdK5qh0xM,https://i.ebayimg.com/images/g/HhcAAeSwdK5qh0xM/s-l225.jpg
残件/按现状,23.0,Canon ULTURA A MiniDV Digital Video Camcorder Play Transfer Untested,Canon,Camcorders,Used,0.0,USD,AUCTION,7,0,as-is;auction,US,comes.a.time,100.0,2026-08-20T05:13:46.000Z,2026-08-27T05:13:46.000Z,https://www.ebay.com/itm/307136454957?hash=item4782c2612d:g:1V0AAeSwaONqhozR,https://i.ebayimg.com/images/g/1V0AAeSwaONqhozR/s-l225.jpg
残件/按现状,23.0,Sony DCR-PC1 Handycam MiniDV Digital Video Camera Camcorder Dubbing Tested Japan,Sony,Camcorders,For parts or not working,99.99,USD,FIXED_PRICE,10,0,low-feedback,JP,poka-poka_hobby_tokyo,96.7,2026-08-20T10:35:32.000Z,,https://www.ebay.com/itm/318758526385?hash=item4a377d1db1:g:J5oAAeSwzkRqhthr,https://i.ebayimg.com/images/g/J5oAAeSwzkRqhthr/s-l225.jpg
打包杂件,23.0,Sony Cyber-Shot DSC-W55 7.2MP Silver Digital Camera Bundle Tested & Working,Sony,Digital Cameras,Used,125.0,USD,"FIXED_PRICE,BEST_OFFER",10,0,,US,movielver412,99.6,2026-08-20T07:00:01.000Z,,https://www.ebay.com/itm/287529427940?hash=item42f216e3e4:g:Eh4AAeSwseNqgk90,https://i.ebayimg.com/images/g/Eh4AAeSwseNqgk90/s-l225.jpg
打包杂件,23.0,Sony Cyber-Shot DSC-W730 16.1MP Digital Camera 8x Optical Zoom BLUE Bundle Works,Sony,Digital Cameras,Used,129.95,USD,FIXED_PRICE,20,0,,US,jetart1701,99.8,2026-08-20T17:07:13.000Z,,https://www.ebay.com/itm/287536603215?hash=item42f284604f:g:GB8AAeSwFHNqhzOA,https://i.ebayimg.com/images/g/GB8AAeSwFHNqhzOA/s-l225.jpg
打包杂件,23.0,Sony Cyber shot DSC W530 14.1MP Digital Camera Black Tested Working Bundle,Sony,Digital Cameras,Used,135.0,USD,FIXED_PRICE,5,0,,US,par4cy,99.8,2026-08-20T06:23:27.000Z,,https://www.ebay.com/itm/158208071215?hash=item24d5ef962f:g:j8cAAeSw7F9qhpz2,https://i.ebayimg.com/images/g/j8cAAeSw7F9qhpz2/s-l225.jpg
打包杂件,23.0,Sony Cyber-shot DSC-W200 Silver Compact Digital Camera 12.1MP Bundle - TESTED ✅,Sony,Digital Cameras,Used,139.99,USD,FIXED_PRICE,10,0,,US,valuable_vintage_treasures,99.6,2026-08-20T17:20:16.000Z,,https://www.ebay.com/itm/377436170112?hash=item57e0f2e780:g:fQkAAeSwEu1qhpMi,https://i.ebayimg.com/images/g/fQkAAeSwEu1qhpMi/s-l225.jpg
型号不明,23.0,*1/2000 Shutter : Near Mint* Cosina CT1 Super Camera Cosinon Z 35-70mm Zoom Lens,,Film Cameras,Used,161.49,USD,FIXED_PRICE,16,0,good-cond,JP,dub0804-55,100.0,2026-08-20T11:40:23.000Z,,https://www.ebay.com/itm/366618089972?hash=item555c2419f4:g:KFIAAeSwWhdqhurx,https://i.ebayimg.com/images/g/KFIAAeSwWhdqhurx/s-l225.jpg
型号不明,23.0,Argus C-44 Camera w/Coated Cintagon f2.8 50mm+f3.5 100mm [2Lens MINT] JAPAN #252,,Film Cameras,Used,164.99,USD,FIXED_PRICE,9,0,good-cond,JP,lingenterpr-0,100.0,2026-08-21T11:35:07.000Z,,https://www.ebay.com/itm/178429803123?hash=item298b3eba73:g:wx0AAeSwpN5qiDkc,https://i.ebayimg.com/images/g/wx0AAeSwpN5qiDkc/s-l225.jpg
打包杂件,23.0,Canon VIXIA HF R400 Camcorder Video Camera Black Full HD w/57x Zoom Bundle,Canon,Camcorders,Used,164.99,USD,"FIXED_PRICE,BEST_OFFER",12,0,,US,tyleolmste0,100.0,2026-08-21T00:32:45.000Z,,https://www.ebay.com/itm/298605482502?hash=item4586461206:g:bPgAAeSw8rhqh5yb,https://i.ebayimg.com/images/g/bPgAAeSw8rhqh5yb/s-l225.jpg
型号不明,23.0,[MINT at this age] Leotax T2L ELITE Rangefinder 35mm Film camera Body JAPAN A596,,Film Cameras,Used,169.99,USD,FIXED_PRICE,23,0,good-cond,JP,camera_journey_japan17,100.0,2026-08-21T08:07:31.000Z,,https://www.ebay.com/itm/800544183012?hash=itemba6426d2e4:g:bPUAAeSwGGJqiAgI,https://i.ebayimg.com/images/g/bPUAAeSwGGJqiAgI/s-l225.jpg
型号不明,23.0,Olympus Digital Camera Body with Strap - Good Condition JP,Olympus,Digital Cameras,Used,174.9,USD,"FIXED_PRICE,BEST_OFFER",3,0,,JP,japan4ever,98.0,2026-08-20T09:29:34.000Z,,https://www.ebay.com/itm/158208547910?hash=item24d5f6dc46:g:kH0AAeSwk7Fqhsql,https://i.ebayimg.com/images/g/kH0AAeSwk7Fqhsql/s-l225.jpg
型号不明,23.0,[Near MINT] CASIO EXILIM EX-Z1080 10.1MP 3x Digital Camera Silver From JAPAN,,Film Cameras,Used,175.99,USD,FIXED_PRICE,23,0,good-cond,JP,sat-camera-japan,100.0,2026-08-20T10:55:39.000Z,,https://www.ebay.com/itm/147517359505?hash=item2258b84591:g:hT4AAeSwhq5qht7z,https://i.ebayimg.com/images/g/hT4AAeSwhq5qht7z/s-l225.jpg
残件/按现状,23.0,As Is Nikon COOLPIX S8200 Console Case Holder,Nikon,Digital Cameras,Used,185.13,USD,FIXED_PRICE,6,0,as-is,JP,hsense1230,100.0,2026-08-20T12:54:58.000Z,,https://www.ebay.com/itm/206505970051?hash=item3014b70983:g:hp0AAeSwNXNqhvpW,https://i.ebayimg.com/images/g/hp0AAeSwNXNqhvpW/s-l225.jpg
残件/按现状,23.0,Nikon coolpix S9300 Silver As Is Working,Nikon,Digital Cameras,Used,190.18,USD,FIXED_PRICE,6,0,as-is,JP,hsense1230,100.0,2026-08-20T12:49:56.000Z,,https://www.ebay.com/itm/206505955923?hash=item3014b6d253:g:xfkAAeSwKVxqhvk6,https://i.ebayimg.com/images/g/xfkAAeSwKVxqhvk6/s-l225.jpg
打包杂件,23.0,Canon VIXIA HF R82 High Definition Camcorder Video Camera Black Bundle - Tested,Canon,Camcorders,Used,210.0,USD,FIXED_PRICE,10,0,,US,tatflege-0,99.9,2026-08-20T23:19:42.000Z,,https://www.ebay.com/itm/800542246916?hash=itemba64094804:g:ihoAAeSwdK5qh4tu,https://i.ebayimg.com/images/g/ihoAAeSwdK5qh4tu/s-l225.jpg
残件/按现状,23.0,Nikon Coolpix S3600 Digital Camera Charger Missing Untested,Nikon,Digital Cameras,Used,216.99,USD,FIXED_PRICE,9,0,as-is,JP,nico_japan,100.0,2026-08-20T15:41:05.000Z,,https://www.ebay.com/itm/206506288466?hash=item3014bbe552:g:IvoAAeSwF5BqhyMp,https://i.ebayimg.com/images/g/IvoAAeSwF5BqhyMp/s-l225.jpg
打包杂件,23.0,Canon VIXIA HF R82 High Definition Camcorder Video Camera Black Bundle - Tested,Canon,Camcorders,Used,220.0,USD,FIXED_PRICE,11,0,,US,tatflege-0,99.9,2026-08-20T23:17:56.000Z,,https://www.ebay.com/itm/800542245470?hash=itemba6409425e:g:viwAAeSwGEZqh4rF,https://i.ebayimg.com/images/g/viwAAeSwGEZqh4rF/s-l225.jpg
打包杂件,23.0,Canon EOS Kiss X3 Digital Camera Beginner Friendly with Accessories Bundle,Canon,Digital Cameras,Used,222.93,USD,"FIXED_PRICE,BEST_OFFER",10,0,,JP,tetyama15,100.0,2026-08-20T04:28:16.000Z,,https://www.ebay.com/itm/318757276810?hash=item4a376a0c8a:g:v-UAAeSwmKhqhohk,https://i.ebayimg.com/images/g/v-UAAeSwmKhqhohk/s-l225.jpg
型号不明,23.0,[Near MINT] Kyocera T Scope 2 Point & Shoot 35mm Film Camera From JAPAN,,Film Cameras,Used,224.99,USD,FIXED_PRICE,23,0,good-cond,JP,shintaro_fotomart,99.8,2026-08-20T15:10:24.000Z,,https://www.ebay.com/itm/407158835255?hash=item5ecc8ec837:g:1kQAAeSwiipqhxy-,https://i.ebayimg.com/images/g/1kQAAeSwiipqhxy-/s-l225.jpg
打包杂件,23.0,Canon VIXIA HF R800 HD Camcorder 57X Zoom Black *GOOD/TESTED* W 8gb Sd Bundle,Canon,Camcorders,Used,244.99,USD,FIXED_PRICE,7,0,,US,california545,99.9,2026-08-20T18:59:57.000Z,,https://www.ebay.com/itm/327319697398?hash=item4c35c637f6:g:GlcAAeSwp05qh05D,https://i.ebayimg.com/images/g/GlcAAeSwp05qh05D/s-l225.jpg
打包杂件,23.0,Canon Kiss X2 Digital SLR Camera with 35-70mm Lens and Accessories Bundle,Canon,Digital Cameras,Used,245.49,USD,"FIXED_PRICE,BEST_OFFER",11,0,,JP,toshiro-eguchi,100.0,2026-08-20T16:50:01.000Z,,https://www.ebay.com/itm/307137590283?hash=item4782d3b40b:g:0TkAAeSwQUJqhzGO,https://i.ebayimg.com/images/g/0TkAAeSwQUJqhzGO/s-l225.jpg
打包杂件,23.0,"Complete Nikon D200 DSLR Camera Bundle- 35mm f/1.8G, Sigma 28-200mm, Lowepro Bag",Nikon,Digital Cameras,Used,250.0,USD,"FIXED_PRICE,AUCTION",19,0,auction,US,coolangel_eyes2002,100.0,2026-08-20T18:39:52.000Z,2026-08-27T18:39:52.000Z,https://www.ebay.com/itm/137644217129?hash=item200c3c1329:g:8gIAAeSwS3BqhozD,https://i.ebayimg.com/images/g/8gIAAeSwS3BqhozD/s-l225.jpg
残件/按现状;打包杂件,23.0,Canon PowerShot S200 White Tested Bundle Read Description w/ Charger SD Wifi,Canon,Digital Cameras,Used,279.0,USD,"FIXED_PRICE,BEST_OFFER",4,0,,JP,ninja_japan_direct,0.0,2026-08-20T05:32:03.000Z,,https://www.ebay.com/itm/398306492462?hash=item5cbceac02e:g:hC4AAeSwwTlqhoNI,https://i.ebayimg.com/images/g/hC4AAeSwwTlqhoNI/s-l225.jpg
打包杂件,23.0,Canon EOS Kiss X4 DSLR Camera with Stabilized Lens and Accessories Bundle,Canon,Digital Cameras,Used,279.99,USD,"FIXED_PRICE,BEST_OFFER",10,0,,JP,tetyama15,100.0,2026-08-20T04:33:22.000Z,,https://www.ebay.com/itm/318757308311?hash=item4a376a8797:g:2z8AAeSwxB9qhoiN,https://i.ebayimg.com/images/g/2z8AAeSwxB9qhoiN/s-l225.jpg
描述含糊,23.0,Canon IXY 430F Gold Compact Digital Camera Includes All Pictured Accessories,Canon,Digital Cameras,Used,288.0,USD,"FIXED_PRICE,BEST_OFFER",13,0,,JP,tcg_stone_japan,99.1,2026-08-20T05:31:19.000Z,,https://www.ebay.com/itm/377434413893?hash=item57e0d81b45:g:MicAAeSwIK1qhpHc,https://i.ebayimg.com/images/g/MicAAeSwIK1qhpHc/s-l225.jpg
型号不明,23.0,*Near Mint ++* Yashicaflex A2 6x6 TLR Film Camera Yashimar 80mm F/3.5 From Japan,,Film Cameras,Used,289.99,USD,FIXED_PRICE,21,0,good-cond,JP,dub0804-55,100.0,2026-08-20T12:07:29.000Z,,https://www.ebay.com/itm/366618139280?hash=item555c24da90:g:SJ0AAeSw8idoQL0k,https://i.ebayimg.com/images/g/SJ0AAeSw8idoQL0k/s-l225.jpg
残件/按现状,23.0,Canon EOS 1D Mark III Body DSLR Camera with Battery and Charger Untested,Canon,Digital Cameras,Used,297.32,USD,"FIXED_PRICE,BEST_OFFER",7,0,as-is,JP,toshiro-eguchi,100.0,2026-08-20T16:45:17.000Z,,https://www.ebay.com/itm/307137584181?hash=item4782d39c35:g:t5UAAeSwM6BqhzCP,https://i.ebayimg.com/images/g/t5UAAeSwM6BqhzCP/s-l225.jpg
残件/按现状,23.0,Nikon 1 J5 Digital Camera 10-30mm Lens Kit Junk Silver Mirrorless Camera Body,Nikon,Digital Cameras,Used,298.89,USD,"FIXED_PRICE,BEST_OFFER",19,0,as-is,JP,amatuki,100.0,2026-08-20T06:16:12.000Z,,https://www.ebay.com/itm/377434496310?hash=item57e0d95d36:g:hKYAAeSwe-pqhpud,https://i.ebayimg.com/images/g/hKYAAeSwe-pqhpud/s-l225.jpg
型号不明,23.0,Leotax K Rangefinder dark olive green Repaint LTM39 from Japan MINT-,,Film Cameras,Used,299.0,USD,FIXED_PRICE,10,0,good-cond,JP,tokyo-camera-girl,100.0,2026-08-20T13:27:38.000Z,,https://www.ebay.com/itm/298604202670?hash=item4586328aae:g:WrUAAeSwYtNqhwDE,https://i.ebayimg.com/images/g/WrUAAeSwYtNqhwDE/s-l225.jpg
型号不明,23.0,[ Unused w/Boxed ] Nishika N8000 3D 35mm Film Camera Twin Light Flash From JAPAN,,Film Cameras,Used,299.9,USD,FIXED_PRICE,11,0,good-cond,JP,happy.takamitsu.r.111_1,100.0,2026-08-21T08:09:16.000Z,,https://www.ebay.com/itm/398310673156?hash=item5cbd2a8b04:g:J6EAAeSwUXpqiAh5,https://i.ebayimg.com/images/g/J6EAAeSwUXpqiAh5/s-l225.jpg
型号不明,23.0,*Almost Mint in Box* Sea & Sea Motor Marine II Under Water Camera & Strobe Set,,Film Cameras,Used,317.44,USD,FIXED_PRICE,23,0,good-cond,JP,hitonaga-0,100.0,2026-08-21T11:38:35.000Z,,https://www.ebay.com/itm/407160803295?hash=item5eccaccfdf:g:l8YAAeSwYwRqYeBw,https://i.ebayimg.com/images/g/l8YAAeSwYwRqYeBw/s-l225.jpg
型号不明,23.0,[ALMOST MINT] Fujica G690 Medium Format Camera 6x9 Film Rangefinder Body JAPAN,,Film Cameras,Used,349.99,USD,FIXED_PRICE,12,0,good-cond,JP,honest-jpn,99.7,2026-08-21T02:17:46.000Z,,https://www.ebay.com/itm/377437272529?hash=item57e103b9d1:g:Lz4AAeSwh3Nqh7WS,https://i.ebayimg.com/images/g/Lz4AAeSwh3Nqh7WS/s-l225.jpg
型号不明,23.0,【N MINT+ w/ TTL Finder】 Pentacon SIX TL 6x6 Medium Format Film Camera From JAPAN,,Film Cameras,Used,349.99,USD,FIXED_PRICE,11,0,good-cond,JP,jun0-73,100.0,2026-08-20T18:59:14.000Z,,https://www.ebay.com/itm/820028076065?hash=itembeed7b7021:g:OiAAAeSw3EVqh0uH,https://i.ebayimg.com/images/g/OiAAAeSw3EVqh0uH/s-l225.jpg
型号不明,23.0,[Exc+5] Horseman 970 Film Camera Topcor 105mm f/3.5 Lens 8EXP 6x9 From JAPAN,,Film Cameras,Used,369.0,USD,FIXED_PRICE,20,0,good-cond,JP,lc.consu-8,99.9,2026-08-20T10:30:35.000Z,,https://www.ebay.com/itm/398307257340?hash=item5cbcf66bfc:g:GawAAeSw94Nqhtgi,https://i.ebayimg.com/images/g/GawAAeSw94Nqhtgi/s-l225.jpg
残件/按现状,23.0,Canon EOS 9000D ( 77D ) Digital SLR Camera (Body Only) **Selling As-Is**,Canon,Digital Cameras,Used,379.0,USD,FIXED_PRICE,13,0,as-is,JP,cam-allcamera,100.0,2026-08-20T05:38:53.000Z,,https://www.ebay.com/itm/237018267330?hash=item372f63bec2:g:Mi0AAeSwva1qho~U,https://i.ebayimg.com/images/g/Mi0AAeSwva1qho~U/s-l225.jpg
型号不明,23.0,[Almost MINT] Horseman L45 4x5 Monorail Large Format Film Camera From JAPAN,,Film Cameras,Used,379.99,USD,FIXED_PRICE,14,0,good-cond,JP,kmtrade5738,100.0,2026-08-21T07:48:40.000Z,,https://www.ebay.com/itm/158211700046?hash=item24d626f54e:g:DtUAAeSwPXdqiAOZ,https://i.ebayimg.com/images/g/DtUAAeSwPXdqiAOZ/s-l225.jpg
型号不明,23.0,**NEAR MINT** Kowa Six Black 6x6 Medium Format Film Camera + 85mm f/2.8 From JPN,,Film Cameras,Used,399.99,USD,FIXED_PRICE,11,0,good-cond,JP,harry_camera_japan,100.0,2026-08-21T03:13:11.000Z,,https://www.ebay.com/itm/137645599266?hash=item200c512a22:g:jhgAAeSwTtFqh8FI,https://i.ebayimg.com/images/g/jhgAAeSwTtFqh8FI/s-l225.jpg
型号不明,23.0,Vintage! [MINT w/Case] KOWA SIX 6x6 Film Camera w/85mm f/2.8 Lens From JAPAN,,Film Cameras,Used,399.99,USD,FIXED_PRICE,23,0,good-cond,JP,ninnincamera,100.0,2026-08-20T07:06:19.000Z,,https://www.ebay.com/itm/318757762865?hash=item4a37717731:g:G5cAAeSwRvdqhqin,https://i.ebayimg.com/images/g/G5cAAeSwRvdqhqin/s-l225.jpg
残件/按现状,22.0,"Nikon D5200 Digital SLR Camera 18-55mm Lens Plus 55-200mm, 35mm Parts Only",Nikon,Digital Cameras,For parts or not working,0.0,USD,AUCTION,10,0,55mm;as-is;auction,US,perrybrothers,100.0,2026-08-20T19:02:23.000Z,2026-08-27T19:02:23.000Z,https://www.ebay.com/itm/407159235877?hash=item5ecc94e525:g:5k0AAeSwTgpqh02t,https://i.ebayimg.com/images/g/5k0AAeSwTgpqh02t/s-l225.jpg
打包杂件,22.0,Nikon D3100 DSLR Camera W/ 18-55mm VR Lens - Bundle Kit - Shutter Count 6624,Nikon,Digital Cameras,Used,199.95,USD,FIXED_PRICE,18,0,55mm,US,cozybytebargains,99.8,2026-08-20T17:37:25.000Z,,https://www.ebay.com/itm/257693158720?hash=item3bffb58d40:g:O7EAAeSw4vlqhzpZ,https://i.ebayimg.com/images/g/O7EAAeSw4vlqhzpZ/s-l225.jpg
型号不明,21.0,VIVITAR AUTOMATIC TELE CONVERTER 3X-1 JAPAN,Vivitar,Lenses,Used,0.0,USD,AUCTION,8,0,auction,US,aircraftpro2,100.0,2026-08-20T19:14:19.000Z,2026-08-27T19:14:19.000Z,https://www.ebay.com/itm/178427453693?hash=item298b1ae0fd:g:LXoAAeSwaJRpof-s,https://i.ebayimg.com/images/g/LXoAAeSwaJRpof-s/s-l225.jpg
型号不明,21.0,Sony Hanger Bracket Assembly For HDC Series Cameras/HDLA-1500 Lens adapter,Sony,Lenses,Used,0.0,USD,"AUCTION,BEST_OFFER",0,0,auction,US,turtle6233,100.0,2026-08-20T13:21:12.000Z,2026-08-27T13:21:12.000Z,https://www.ebay.com/itm/168628079573?hash=item2743044bd5:g:ubUAAeSwUw1oL3F8,https://i.ebayimg.com/images/g/ubUAAeSwUw1oL3F8/s-l225.jpg
型号不明,21.0,scattered collection of vintage camera flashcubes and Magicubes R1,,Vintage Cameras,,25.0,USD,FIXED_PRICE,8,0,,US,marbonett-0,99.9,2026-08-21T13:29:41.000Z,,https://www.ebay.com/itm/407161018052?hash=item5eccb016c4:g:7igAAeSwG9FqiFKL,https://i.ebayimg.com/images/g/7igAAeSwG9FqiFKL/s-l225.jpg
型号不明,21.0,Revue super 8-S2 move camera Kohkanon zoom lens PARTS,,Vintage Cameras,,25.0,USD,FIXED_PRICE,8,0,,US,jjenkins2001,100.0,2026-08-21T09:48:48.000Z,,https://www.ebay.com/itm/278301509893?hash=item40cc100905:g:cfUAAOSwZIJng5en,https://i.ebayimg.com/images/g/cfUAAOSwZIJng5en/s-l225.jpg
残件/按现状;型号不明,21.0,Vintage Argus IRC 35mm Film Camera w/Anastigmat 50mm f/4.5 Untested,,Vintage Cameras,,25.0,USD,"FIXED_PRICE,BEST_OFFER",5,0,as-is,US,jeepjk12,100.0,2026-08-21T09:32:06.000Z,,https://www.ebay.com/itm/137646511496?hash=item200c5f1588:g:HeoAAOSwPmhimP~t,https://i.ebayimg.com/images/g/HeoAAOSwPmhimP~t/s-l225.jpg
型号不明,21.0,"NOS 35mm Film Camera Argus FF300 Auto Flash in box w/ case, manual & wrist strap",,Film Cameras,New,25.0,USD,FIXED_PRICE,14,0,,US,hotwheelz31,100.0,2026-08-21T08:44:22.000Z,,https://www.ebay.com/itm/206508054613?hash=item3014d6d855:g:xGwAAeSwPN5p7kRc,https://i.ebayimg.com/images/g/xGwAAeSwPN5p7kRc/s-l225.jpg
型号不明,21.0,4 Vintage Cameras,,Film Cameras,Used,25.0,USD,"FIXED_PRICE,BEST_OFFER",2,0,,US,papatikistradingcompany,100.0,2026-08-21T03:30:33.000Z,,https://www.ebay.com/itm/407159994819?hash=item5ecca079c3:g:nWMAAeSwpyFqh8XC,https://i.ebayimg.com/images/g/nWMAAeSwpyFqh8XC/s-l225.jpg
型号不明,21.0,Argus Argoflex 75 Vintage TLR Camera Excellent,,Vintage Cameras,,25.0,USD,"FIXED_PRICE,BEST_OFFER",11,0,,US,fooseop,100.0,2026-08-20T21:52:31.000Z,,https://www.ebay.com/itm/407159503743?hash=item5ecc98fb7f:g:uhgAAeSww99qh3bd,https://i.ebayimg.com/images/g/uhgAAeSww99qh3bd/s-l225.jpg
型号不明,21.0,Samsung Maxima Zoom 105GL 35mm Point and Shoot Film Camera +New Battery+,,Film Cameras,Used,25.0,USD,FIXED_PRICE,12,0,,US,thethriftingcurator,100.0,2026-08-20T20:43:56.000Z,,https://www.ebay.com/itm/407159400270?hash=item5ecc97674e:g:51wAAeSwY89qcm~K,https://i.ebayimg.com/images/g/51wAAeSwY89qcm~K/s-l225.jpg
残件/按现状;型号不明,21.0,Vintage DeJur Model D-100 Magazine Eight - 8mm Film Camera [AS-IS] Untested,,Film Cameras,Used,25.0,USD,"FIXED_PRICE,BEST_OFFER",6,0,as-is,US,lollieroos,99.1,2026-08-20T19:31:26.000Z,,https://www.ebay.com/itm/237019666361?hash=item372f7917b9:g:1NAAAeSwKfVoccga,https://i.ebayimg.com/images/g/1NAAAeSwKfVoccga/s-l225.jpg
残件/按现状;型号不明,21.0,Vintage Memorex Model 103 Moviecorder With Case 2 Batteries And Cords for parts,,Vintage Cameras,,25.0,USD,FIXED_PRICE,15,0,as-is,US,michael_wynn,99.7,2026-08-20T18:57:18.000Z,,https://www.ebay.com/itm/206506623669?hash=item3014c102b5:g:FrQAAeSwLOBqh02Q,https://i.ebayimg.com/images/g/FrQAAeSwLOBqh02Q/s-l225.jpg
残件/按现状;型号不明,21.0,Vintage Hanimex Zoom 70-140mm f/3.8 Lens Untested As Is For Parts Not Tested,,Vintage Cameras,,25.0,USD,"FIXED_PRICE,BEST_OFFER",4,0,as-is,US,jesuus_k3ei4d,100.0,2026-08-20T18:31:50.000Z,,https://www.ebay.com/itm/366618803040?hash=item555c2efb60:g:5QYAAeSwuVhqh0gM,https://i.ebayimg.com/images/g/5QYAAeSwuVhqh0gM/s-l225.jpg
型号不明,21.0,Vintage 1940's Argus 35 mm camera with leather case EXCELLENT Condition,,Vintage Cameras,,25.0,USD,"FIXED_PRICE,BEST_OFFER",12,0,,US,hiddentreasures72,100.0,2026-08-20T18:01:18.000Z,,https://www.ebay.com/itm/117370241643?hash=item1b53cfc26b:g:vCYAAeSw1qNqh0BG,https://i.ebayimg.com/images/g/vCYAAeSw1qNqh0BG/s-l225.jpg
型号不明,21.0,Argus Seventy-Five Medium Format Twin Lens Camera,,Vintage Cameras,,25.0,USD,"FIXED_PRICE,BEST_OFFER",7,0,,US,drucci,100.0,2026-08-20T13:35:19.000Z,,https://www.ebay.com/itm/137643302986?hash=item200c2e204a:g:kYEAAeSwqn9qhwIf,https://i.ebayimg.com/images/g/kYEAAeSwqn9qhwIf/s-l225.jpg
型号不明,21.0,2002 Macy's Parade Kermit the Frog 35mm kid's toy film camera only,,Film Cameras,Used,25.0,USD,"FIXED_PRICE,BEST_OFFER",5,0,,US,dira87yez,99.9,2026-08-20T06:02:48.000Z,,https://www.ebay.com/itm/318757561974?hash=item4a376e6676:g:meYAAeSwVZ5qhphY,https://i.ebayimg.com/images/g/meYAAeSwVZ5qhphY/s-l225.jpg
型号不明,21.0,Vintage Halina Prestige 280AS 35mm Point & Shoot Standard/Pano Camera - TESTED,,Film Cameras,Used,25.64,USD,FIXED_PRICE,6,0,,US,goodwillscwi,99.9,2026-08-20T09:32:02.000Z,,https://www.ebay.com/itm/257692366605?hash=item3bffa9770d:g:oScAAeSw2OhqbMlK,https://i.ebayimg.com/images/g/oScAAeSw2OhqbMlK/s-l225.jpg
型号不明,21.0,vtg 1953 Spartus No. 4 folding camera made in USA photography collectable,,Vintage Cameras,,25.95,USD,FIXED_PRICE,7,0,,US,cyclewarehouse,99.3,2026-08-20T22:03:29.000Z,,https://www.ebay.com/itm/206506922136?hash=item3014c59098:g:ECUAAOSwNhNk2kI1,https://i.ebayimg.com/images/g/ECUAAOSwNhNk2kI1/s-l225.jpg
型号不明,21.0,Sears KS Super 35mm SLR Film Camera with Auto Sears 50mm f2.0 Lens and Case,,Film Cameras,Used,26.59,USD,"FIXED_PRICE,BEST_OFFER",10,0,,US,luckylarrys,99.8,2026-08-20T13:22:27.000Z,,https://www.ebay.com/itm/178426640598?hash=item298b0e78d6:g:fM0AAeSwB-dqXigW,https://i.ebayimg.com/images/g/fM0AAeSwB-dqXigW/s-l225.jpg
型号不明,21.0,"Motor Turn Key for Bolex 8mm D8LA, P1 & P2. parts",,Vintage Cameras,,27.0,USD,"FIXED_PRICE,BEST_OFFER",0,0,,US,maxtransfer7,100.0,2026-08-21T02:00:18.000Z,,https://www.ebay.com/itm/198585598864?hash=item2e3c9fc390:g:2ZAAAeSwrWpqh7Be,https://i.ebayimg.com/images/g/2ZAAAeSwrWpqh7Be/s-l225.jpg
型号不明,21.0,TCS 46167 Engine Crankshaft Seal Kit,,Vintage Cameras,,27.56,USD,FIXED_PRICE,2,0,,US,s0s0583-49,100.0,2026-08-21T13:20:34.000Z,,https://www.ebay.com/itm/158212550487?hash=item24d633ef57:g:IGYAAeSwEu1qiFDv,https://i.ebayimg.com/images/g/IGYAAeSwEu1qiFDv/s-l225.jpg
型号不明,21.0,Vintage 1950s Tower 120 Box Camera SEARS ROEBUCK w/Flash & Bulb Movie Prop Deco,,Vintage Cameras,,27.99,USD,"FIXED_PRICE,BEST_OFFER",4,0,,US,mic_643404,100.0,2026-08-20T16:43:35.000Z,,https://www.ebay.com/itm/820027653431?hash=itembeed74fd37:g:1B4AAeSw8rhqhxvs,https://i.ebayimg.com/images/g/1B4AAeSw8rhqhxvs/s-l225.jpg
型号不明,21.0,Koala Double Sided Thin Semi Gloss Photo Paper 8.5x14 Inch 32LB 100 Sheets,,Vintage Cameras,,28.03,USD,FIXED_PRICE,6,0,,US,yariv_store,99.6,2026-08-21T08:37:32.000Z,,https://www.ebay.com/itm/147519353522?hash=item2258d6b2b2:g:s9EAAeSw5rdqiA5H,https://i.ebayimg.com/images/g/s9EAAeSw5rdqiA5H/s-l225.jpg
型号不明,21.0,Samsung ECX 170 Slim Zoom 35mm camera ZOOM = 38MM-170MM Tested=Working,,Film Cameras,Used,28.49,USD,FIXED_PRICE,6,0,,US,oldsschoolcamera,100.0,2026-08-21T03:22:52.000Z,,https://www.ebay.com/itm/800543147133?hash=itemba6417047d:g:txQAAeSwXSZqh8Rf,https://i.ebayimg.com/images/g/txQAAeSwXSZqh8Rf/s-l225.jpg
型号不明,21.0,Sears KS Super SLR 35mm camera kit,,Film Cameras,Used,29.0,USD,FIXED_PRICE,4,0,,US,pakanonimo,100.0,2026-08-20T14:20:32.000Z,,https://www.ebay.com/itm/147517724704?hash=item2258bdd820:g:1hIAAeSwUFpqa65j,https://i.ebayimg.com/images/g/1hIAAeSwUFpqa65j/s-l225.jpg
型号不明,21.0,Vintage Bilora Bella 46 Camera Made In Germany Silver Film 127,,Vintage Cameras,,29.07,USD,"FIXED_PRICE,BEST_OFFER",2,0,,US,dillan62_2008,99.9,2026-08-20T07:01:56.000Z,,https://www.ebay.com/itm/278298060941?hash=item40cbdb688d:g:YEkAAOSwRjVmCemz,https://i.ebayimg.com/images/g/YEkAAOSwRjVmCemz/s-l225.jpg
型号不明,21.0,ProMaster 2000PK Super 35mm SLR Film Camera Body Manual Focus Hot Shoe Black,,Film Cameras,Used,29.5,USD,"FIXED_PRICE,BEST_OFFER",3,0,,US,scavengers-collectibles,100.0,2026-08-20T21:55:04.000Z,,https://www.ebay.com/itm/206506917798?hash=item3014c57fa6:g:OXkAAeSw0DZqh3dl,https://i.ebayimg.com/images/g/OXkAAeSw0DZqh3dl/s-l225.jpg
型号不明,21.0,Samsung Maxima Zoom 105 35mm Film Camera Super Macro - Tested And Working,,Film Cameras,Used,29.69,USD,"FIXED_PRICE,BEST_OFFER",8,0,,US,nyflconnection,100.0,2026-08-21T02:59:18.000Z,,https://www.ebay.com/itm/117370895553?hash=item1b53d9bcc1:g:PbcAAeSwau1qh73T,https://i.ebayimg.com/images/g/PbcAAeSwau1qh73T/s-l225.jpg
型号不明,21.0,100 EMDE Aluminum Stereo Realist mount masks Normal/Medium,,Vintage Cameras,,29.95,USD,FIXED_PRICE,1,0,,US,3d-drt-3d,100.0,2026-08-20T20:29:50.000Z,,https://www.ebay.com/itm/800541656368?hash=itemba64004530:g:aMcAAeSwtFxqh1tJ,https://i.ebayimg.com/images/g/aMcAAeSwtFxqh1tJ/s-l225.jpg
型号不明,21.0,100 EMDE Aluminum Stereo mount masks 7p European format wider than Realist 28mm,,Vintage Cameras,,29.95,USD,FIXED_PRICE,3,0,,US,3d-drt-3d,100.0,2026-08-20T20:29:49.000Z,,https://www.ebay.com/itm/377436568942?hash=item57e0f8fd6e:g:704AAeSwXm5qh1-l,https://i.ebayimg.com/images/g/704AAeSwXm5qh1-l/s-l225.jpg
型号不明,21.0,Bentley BX-3 Point & Shoot 35mm Film Camera w/ Case Vintage,,Vintage Cameras,,29.95,USD,"FIXED_PRICE,BEST_OFFER",6,0,,US,cory-4850,99.8,2026-08-20T20:20:54.000Z,,https://www.ebay.com/itm/147518306334?hash=item2258c6b81e:g:l4EAAeSwALdqh2Ct,https://i.ebayimg.com/images/g/l4EAAeSwALdqh2Ct/s-l225.jpg
型号不明,21.0,Vtg Herco Imperial Flash Camera 620 Snap Shot Art Deco Orig Box Minty! Collector,,Vintage Cameras,,29.95,USD,FIXED_PRICE,12,0,,US,cyclewarehouse,99.3,2026-08-20T17:37:45.000Z,,https://www.ebay.com/itm/178427227930?hash=item298b176f1a:g:KqQAAOSwJtJnxwnY,https://i.ebayimg.com/images/g/KqQAAOSwJtJnxwnY/s-l225.jpg
残件/按现状;型号不明,21.0,AKIRA TC-306 Red 35mm Film Camera complete in box with Manuel untested.,,Vintage Cameras,,29.99,USD,"FIXED_PRICE,BEST_OFFER",1,0,as-is,US,townsysportscards,100.0,2026-08-21T12:10:06.000Z,,https://www.ebay.com/itm/820030987673?hash=itembeeda7dd99:g:uqUAAeSw9fJqiD-j,https://i.ebayimg.com/images/g/uqUAAeSw9fJqiD-j/s-l225.jpg
型号不明,21.0,Ilford Ilfocolor Rapid Retro Single Use Camera New,,Film Cameras,New,29.99,USD,"FIXED_PRICE,BEST_OFFER",6,0,,US,kwx9_22,98.5,2026-08-21T06:17:08.000Z,,https://www.ebay.com/itm/820030054775?hash=itembeed99a177:g:xRoAAOSwXA9nGuJL,https://i.ebayimg.com/images/g/xRoAAOSwXA9nGuJL/s-l225.jpg
残件/按现状;型号不明,21.0,"Nikkormat EL 35mm SLR Film Camera Body (Black Enamel, Untested) SN: 5511196",,Film Cameras,For parts or not working,29.99,USD,"FIXED_PRICE,BEST_OFFER",7,0,as-is,US,analogatticny,100.0,2026-08-20T23:51:35.000Z,,https://www.ebay.com/itm/198585398062?hash=item2e3c9cb32e:g:uIYAAeSwM89qh5KI,https://i.ebayimg.com/images/g/uIYAAeSwM89qh5KI/s-l225.jpg
型号不明,21.0,Miniature Hd Camera ￼ Please Let Us Know What Color That You Want Shipped.,,Vintage Cameras,,29.99,USD,FIXED_PRICE,4,0,,US,gatwire_0,99.7,2026-08-20T21:51:09.000Z,,https://www.ebay.com/itm/407159503000?hash=item5ecc98f898:g:i1YAAeSwgvRqf6ze,https://i.ebayimg.com/images/g/i1YAAeSwgvRqf6ze/s-l225.jpg
型号不明,21.0,"Argus C4 Vintage CAMERA IN LEATHER CASE, Appears In Working Order #22",,Vintage Cameras,,29.99,USD,"FIXED_PRICE,BEST_OFFER",3,0,,US,cleveland614,100.0,2026-08-20T20:54:07.000Z,,https://www.ebay.com/itm/227484555827?hash=item34f722da33:g:UecAAeSwJfhqh2kY,https://i.ebayimg.com/images/g/UecAAeSwJfhqh2kY/s-l225.jpg
型号不明,21.0,*Read*Stereo Realist 35mm f/3.5 David White Anastigmat - 401,,Vintage Cameras,,29.99,USD,FIXED_PRICE,2,0,,US,cameraspot,99.8,2026-08-20T18:12:54.000Z,,https://www.ebay.com/itm/377436277858?hash=item57e0f48c62:g:q6kAAeSwaclqh0KW,https://i.ebayimg.com/images/g/q6kAAeSwaclqh0KW/s-l225.jpg
型号不明,21.0,VTG PRONTOR II CAMERA MADE IN GERMANY!!,,Vintage Cameras,,29.99,USD,FIXED_PRICE,8,0,,US,cyclewarehouse,99.3,2026-08-20T15:08:29.000Z,,https://www.ebay.com/itm/820027377884?hash=itembeed70c8dc:g:q78AAOSw7AlkrWe4,https://i.ebayimg.com/images/g/q78AAOSw7AlkrWe4/s-l225.jpg
型号不明,21.0,VINTAGE KEYSTONE REGAL LOAD-A-MATIC 8mm MOVIE CAMERA FILM FAMILY MOVIES,,Vintage Cameras,,29.99,USD,FIXED_PRICE,9,0,,US,cyclewarehouse,99.3,2026-08-20T15:05:11.000Z,,https://www.ebay.com/itm/820027367453?hash=itembeed70a01d:g:GvsAAOSwgmBkrVpw,https://i.ebayimg.com/images/g/GvsAAOSwgmBkrVpw/s-l225.jpg
型号不明,21.0,Isco-Gottingen Westar 1:28/45 387046 Optina I Camera – Made in Germany,,Vintage Cameras,,30.0,USD,FIXED_PRICE,11,0,,US,ninfnm22,100.0,2026-08-21T08:19:32.000Z,,https://www.ebay.com/itm/117371217050?hash=item1b53dea49a:g:NxgAAeSwocpqfp8w,https://i.ebayimg.com/images/g/NxgAAeSwocpqfp8w/s-l225.jpg
型号不明,21.0,Argus C3 Brick With Flash And Filters,,Vintage Cameras,,30.0,USD,"FIXED_PRICE,BEST_OFFER",7,0,,US,henrymda,100.0,2026-08-20T22:29:26.000Z,,https://www.ebay.com/itm/128036944030?hash=item1dcf98b89e:g:iq4AAeSwPdNqh35L,https://i.ebayimg.com/images/g/iq4AAeSwPdNqh35L/s-l225.jpg
型号不明,21.0,VINTAGE EARLY 1960s SAVOY CAMERA MADE BY IMPERIAL CAMERA MCM ATOMIC,,Vintage Cameras,,30.0,USD,"FIXED_PRICE,BEST_OFFER",6,0,,US,jamanl-97,99.5,2026-08-20T20:50:27.000Z,,https://www.ebay.com/itm/336753193318?hash=item4e680df166:g:QtwAAeSw9Idqh2hM,https://i.ebayimg.com/images/g/QtwAAeSw9Idqh2hM/s-l225.jpg
型号不明,21.0,used sekonic elmatic 8 . Vintage camera in great condition,,Vintage Cameras,,30.0,USD,"FIXED_PRICE,BEST_OFFER",5,0,,US,literat-35,100.0,2026-08-20T14:53:10.000Z,,https://www.ebay.com/itm/318759347848?hash=item4a3789a688:g:Ho4AAeSwuQVqhxST,https://i.ebayimg.com/images/g/Ho4AAeSwuQVqhxST/s-l225.jpg
型号不明,21.0,Samsung Maxima zoom 80i tested point & shoot 38-80mm Great Camera,,Film Cameras,Used,31.49,USD,"FIXED_PRICE,BEST_OFFER",8,0,,US,nyflconnection,100.0,2026-08-21T03:07:24.000Z,,https://www.ebay.com/itm/128037256627?hash=item1dcf9d7db3:g:c2cAAeSwN0tqh8Ae,https://i.ebayimg.com/images/g/c2cAAeSwN0tqh8Ae/s-l225.jpg
型号不明,21.0,"Vintage Argus C3 ""The Brick"" Rangefinder Camera Coated Cintar Lens w/ Case",,Vintage Cameras,,31.5,USD,FIXED_PRICE,13,0,,US,kaddles,100.0,2026-08-20T04:51:06.000Z,,https://www.ebay.com/itm/198583484961?hash=item2e3c7f8221:g:87sAAeSwbLhqhodY,https://i.ebayimg.com/images/g/87sAAeSwbLhqhodY/s-l225.jpg
型号不明,21.0,Black White Instant Film 8 Exposures For i-Type Camera New,,Film Cameras,New,31.97,USD,"FIXED_PRICE,BEST_OFFER",4,0,,US,unifiedconceptsllc,99.4,2026-08-20T17:55:56.000Z,,https://www.ebay.com/itm/336753006023?hash=item4e680b15c7:g:kNEAAeSwNm9qYcic,https://i.ebayimg.com/images/g/kNEAAeSwNm9qYcic/s-l225.jpg
型号不明,21.0,Swingarm Bearing Seal Bolt Rebuild Kit for Recon Fourtrax Rancher Foreman,,Vintage Cameras,,31.99,USD,FIXED_PRICE,5,0,,US,quack_head,99.3,2026-08-20T07:51:33.000Z,,https://www.ebay.com/itm/318757952340?hash=item4a37745b54:g:cXYAAeSwR7pqhrH5,https://i.ebayimg.com/images/g/cXYAAeSwR7pqhrH5/s-l225.jpg
型号不明,21.0,Vintage Minetta Miniature Mini Spy Film Camera Brown Leather Case Japan W/ Box,,Vintage Cameras,,32.0,USD,FIXED_PRICE,6,0,,US,savingsspotla,100.0,2026-08-21T05:46:10.000Z,,https://www.ebay.com/itm/287537621421?hash=item42f293e9ad:g:vU4AAeSw8rhqh-YJ,https://i.ebayimg.com/images/g/vU4AAeSw8rhqh-YJ/s-l225.jpg
型号不明,21.0,Vintage Ansco Folding Camera Anastigmat Lens Bellows Antique Film Camera,,Vintage Cameras,,32.0,USD,"FIXED_PRICE,BEST_OFFER",14,0,,US,dryforkfarms,100.0,2026-08-20T09:47:32.000Z,,https://www.ebay.com/itm/128035997403?hash=item1dcf8a46db:g:M7AAAeSwMENptZl-,https://i.ebayimg.com/images/g/M7AAAeSwMENptZl-/s-l225.jpg
型号不明,21.0,Quicksnap Waterproof One Time Use 35mm Camera - 27 Exposures,,Film Cameras,New,32.74,USD,"FIXED_PRICE,BEST_OFFER",3,0,,US,minisoull,100.0,2026-08-21T04:20:31.000Z,,https://www.ebay.com/itm/198585787542?hash=item2e3ca2a496:g:TpUAAeSwT-hqh9IN,https://i.ebayimg.com/images/g/TpUAAeSwT-hqh9IN/s-l225.jpg
型号不明,21.0,Truck Tonneau Cover Replacement Accessory for Hard Tri-fold Bed Cover,,Vintage Cameras,,33.43,USD,FIXED_PRICE,7,0,,US,ya8843,100.0,2026-08-20T12:32:27.000Z,,https://www.ebay.com/itm/237018916150?hash=item372f6da536:g:SfEAAeSwjhxqhvUJ,https://i.ebayimg.com/images/g/SfEAAeSwjhxqhvUJ/s-l225.jpg
型号不明,21.0,Koala Double sided Thick Glossy Photo Paper 8.5x11 Inch 80LB 100 Sheets,,Vintage Cameras,,33.93,USD,FIXED_PRICE,6,0,,US,yariv_store,99.6,2026-08-21T05:03:25.000Z,,https://www.ebay.com/itm/147519031911?hash=item2258d1ca67:g:TB4AAeSw0DZqh9wZ,https://i.ebayimg.com/images/g/TB4AAeSw0DZqh9wZ/s-l225.jpg
打包杂件,21.0,Toshiba SK-40 VHS-C Video Recorder Lot - Power Tested - W/Manual,,Vintage Cameras,,34.0,USD,"FIXED_PRICE,BEST_OFFER",6,0,,US,blueheronsupply,99.4,2026-08-20T05:35:19.000Z,,https://www.ebay.com/itm/298603253497?hash=item4586240ef9:g:BhYAAeSw08ZopiaR,https://i.ebayimg.com/images/g/BhYAAeSw08ZopiaR/s-l225.jpg
残件/按现状;型号不明,21.0,Vintage Argus 35MM Rangefinder Film Camera Beige Body Untested !,,Vintage Cameras,,34.5,USD,"FIXED_PRICE,BEST_OFFER",4,0,as-is,US,themanualguy,99.8,2026-08-20T22:47:35.000Z,,https://www.ebay.com/itm/117370602492?hash=item1b53d543fc:g:qU8AAeSwkAlqh4ME,https://i.ebayimg.com/images/g/qU8AAeSwkAlqh4ME/s-l225.jpg
型号不明,21.0,weelye RX23 RX43 12V Kids Powered Ride on car 2.4G Bluetooth Remote Control a...,,Vintage Cameras,,34.73,USD,FIXED_PRICE,5,0,,US,mendel_store5,100.0,2026-08-21T01:02:11.000Z,,https://www.ebay.com/itm/800542615437?hash=itemba640ee78d:g:lMsAAeSw7DBqh6OQ,https://i.ebayimg.com/images/g/lMsAAeSw7DBqh6OQ/s-l225.jpg
残件/按现状;型号不明,21.0,VTG Argus Argoflex Seventy-Five Camera w/ Case 620 Film TLR USA Untested,,Vintage Cameras,,34.8,USD,"FIXED_PRICE,BEST_OFFER",11,0,as-is,US,vane0-70,100.0,2026-08-21T11:08:13.000Z,,https://www.ebay.com/itm/398311215256?hash=item5cbd32d098:g:f1oAAeSwQGNofoi0,https://i.ebayimg.com/images/g/f1oAAeSwQGNofoi0/s-l225.jpg
型号不明,21.0,Vtg Kalimar DE7 Chrome Heavy Duty Camera Tripod Japan 35mm Telescoping Panhandle,,Vintage Cameras,,34.95,USD,FIXED_PRICE,9,0,,US,cyclewarehouse,99.3,2026-08-20T23:09:31.000Z,,https://www.ebay.com/itm/206507025890?hash=item3014c725e2:g:el4AAeSwFS5qB0Dn,https://i.ebayimg.com/images/g/el4AAeSwFS5qB0Dn/s-l225.jpg
型号不明,21.0,VINTAGE Collectible Sports Illustrated Camera 35MM #575,,Vintage Cameras,,34.99,USD,FIXED_PRICE,1,0,,US,thirteen-twenty,99.7,2026-08-21T11:31:27.000Z,,https://www.ebay.com/itm/198586502598?hash=item2e3cad8dc6:g:qP0AAeSwF-xo1pXg,https://i.ebayimg.com/images/g/qP0AAeSwF-xo1pXg/s-l225.jpg
型号不明,21.0,Vintage Prontor Autolux System 9x12 cm / 4x5 in. measuring cassette Original box,,Vintage Cameras,,34.99,USD,FIXED_PRICE,4,0,,US,redwing_1974,99.0,2026-08-20T19:49:40.000Z,,https://www.ebay.com/itm/298604970203?hash=item45863e40db:g:j1sAAeSwRvdqh1oI,https://i.ebayimg.com/images/g/j1sAAeSwRvdqh1oI/s-l225.jpg
残件/按现状;型号不明,21.0,VIntatg 1960’s Bell & Howell 418 Optronic Eye Movie Camera & Case A15 For Parts,,Vintage Cameras,,34.99,USD,"FIXED_PRICE,BEST_OFFER",23,0,as-is,US,bogofashion,99.3,2026-08-20T19:09:17.000Z,,https://www.ebay.com/itm/128036721083?hash=item1dcf9551bb:g:IP8AAOSwsotm-Xxu,https://i.ebayimg.com/images/g/IP8AAOSwsotm-Xxu/s-l225.jpg
残件/按现状;型号不明,21.0,2 Antique Collectible Ansco Box Cameras Dollar Camera & Sure Shot Jr Untested,,Vintage Cameras,,34.99,USD,FIXED_PRICE,18,0,as-is,US,na458850,99.6,2026-08-20T16:16:49.000Z,,https://www.ebay.com/itm/178427039563?hash=item298b148f4b:g:pI0AAeSwjkxp47~y,https://i.ebayimg.com/images/g/pI0AAeSwjkxp47~y/s-l225.jpg
型号不明,21.0,Kids Plastic Tiger 35mm Film Camera Point & Shoot w Strap Vintage Toy Style,,Film Cameras,Used,34.99,USD,"FIXED_PRICE,BEST_OFFER",0,0,,US,thohi9209,99.3,2026-08-20T05:02:58.000Z,,https://www.ebay.com/itm/820025511849?hash=itembeed544fa9:g:s~UAAeSwpfhqhopA,https://i.ebayimg.com/images/g/s~UAAeSwpfhqhopA/s-l225.jpg
打包杂件,21.0,Samsung Maxima ZOOM 105 GLM 35mm Film Camera Bundle Works,,Film Cameras,Used,35.0,USD,FIXED_PRICE,12,0,,US,aneye4treasure208,99.9,2026-08-21T11:53:09.000Z,,https://www.ebay.com/itm/278301847684?hash=item40cc153084:g:hXsAAeSwtsZoXCW-,https://i.ebayimg.com/images/g/hXsAAeSwtsZoXCW-/s-l225.jpg
型号不明,21.0,argus camera vintage 50mm,,Vintage Cameras,,35.0,USD,FIXED_PRICE,3,0,,US,bindaddie,99.0,2026-08-21T01:48:48.000Z,,https://www.ebay.com/itm/298605603532?hash=item458647eacc:g:zY0AAeSw2npqh65g,https://i.ebayimg.com/images/g/zY0AAeSw2npqh65g/s-l225.jpg
残件/按现状;型号不明,21.0,Sears KS-2 Film Camera Body - Untested,,Film Cameras,Used,35.0,USD,"FIXED_PRICE,BEST_OFFER",3,0,as-is,US,morne20,100.0,2026-08-20T21:59:40.000Z,,https://www.ebay.com/itm/800541993662?hash=itemba64056abe:g:eIcAAeSwWkZqh3hf,https://i.ebayimg.com/images/g/eIcAAeSwWkZqh3hf/s-l225.jpg
型号不明,21.0,Arriflex Camera Lubricating Grease KLUBER ISOFLEX LDS 18 SPECIAL 2.OZ Free Ship,,Vintage Cameras,,35.0,USD,"FIXED_PRICE,BEST_OFFER",1,0,,US,make-your-offer,100.0,2026-08-20T14:31:24.000Z,,https://www.ebay.com/itm/307137366541?hash=item4782d04a0d:g:Q1oAAeSwjhxqhw9o,https://i.ebayimg.com/images/g/Q1oAAeSwjhxqhw9o/s-l225.jpg
型号不明,21.0,vtg Argus C3 f/3.5 50mm camera coated cinter leather case photography,,Vintage Cameras,,35.95,USD,FIXED_PRICE,11,0,,US,cyclewarehouse,99.3,2026-08-20T22:04:23.000Z,,https://www.ebay.com/itm/206506922580?hash=item3014c59254:g:ckMAAOSwyexk2kPo,https://i.ebayimg.com/images/g/ckMAAOSwyexk2kPo/s-l225.jpg
型号不明,21.0,vtg 1950s made in USA Sabre 620 black Manuel setting portable box camera,,Vintage Cameras,,35.95,USD,FIXED_PRICE,9,0,,US,cyclewarehouse,99.3,2026-08-20T16:47:12.000Z,,https://www.ebay.com/itm/206506392288?hash=item3014bd7ae0:g:OTIAAOSwbW5k1Tjw,https://i.ebayimg.com/images/g/OTIAAOSwbW5k1Tjw/s-l225.jpg
残件/按现状;型号不明,21.0,General Electric GE Newvicon Video Camera 1CVC4030E UNTESTED 1984,,Vintage Cameras,,36.0,USD,FIXED_PRICE,14,0,as-is,US,renewracoon,99.6,2026-08-20T18:28:08.000Z,,https://www.ebay.com/itm/407159190968?hash=item5ecc9435b8:g:tikAAeSwg3Fo9qjN,https://i.ebayimg.com/images/g/tikAAeSwg3Fo9qjN/s-l225.jpg
型号不明,21.0,Argus Argoflex TLR Twin Lens Reflex 120 Film Camera Black 120mm,,Vintage Cameras,,36.23,USD,"FIXED_PRICE,BEST_OFFER",9,0,,US,vladduke,0.0,2026-08-21T02:22:48.000Z,,https://www.ebay.com/itm/227484850630?hash=item34f72759c6:g:LSAAAeSwSytqh7Y3,https://i.ebayimg.com/images/g/LSAAAeSwSytqh7Y3/s-l225.jpg
型号不明,21.0,Vintage Champagne Gold 35mm Point & Shoot Film Camera​Compact and...,,Film Cameras,Used,37.0,USD,"FIXED_PRICE,BEST_OFFER",7,0,,US,whouhaww,97.0,2026-08-21T12:15:30.000Z,,https://www.ebay.com/itm/327320711929?hash=item4c35d5b2f9:g:yyEAAeSwNuRqiD~r,https://i.ebayimg.com/images/g/yyEAAeSwNuRqiD~r/s-l225.jpg
型号不明,21.0,1940’s Revere 8 Model 88 8mm Movie Camera with Leather Case,,Film Cameras,Used,38.0,USD,FIXED_PRICE,2,0,,US,stuff_from_my_grandpas_garage,100.0,2026-08-20T15:04:02.000Z,,https://www.ebay.com/itm/206506226603?hash=item3014baf3ab:g:1JUAAeSwaclqhxde,https://i.ebayimg.com/images/g/1JUAAeSwaclqhxde/s-l225.jpg
型号不明,21.0,Lower Radiator Hose Clip and Seal Kit for 6.6L Diesel 2006-2016,,Vintage Cameras,,38.76,USD,FIXED_PRICE,7,0,,US,orsol_42,99.8,2026-08-20T09:50:45.000Z,,https://www.ebay.com/itm/318758336801?hash=item4a377a3921:g:yZMAAeSwhDJqhtCt,https://i.ebayimg.com/images/g/yZMAAeSwhDJqhtCt/s-l225.jpg
型号不明,21.0,KYOCERA LYNX 70 PANORAMA 35mm Film Camera 35-70mm Zoom Lens Japan Vintage,,Film Cameras,Used,39.0,USD,"FIXED_PRICE,AUCTION",11,0,auction;low-feedback,JP,rt2308,94.1,2026-08-21T11:43:43.000Z,2026-08-28T11:43:43.000Z,https://www.ebay.com/itm/278301810980?hash=item40cc14a124:g:Z~sAAeSwwTlqiDUs,https://i.ebayimg.com/images/g/Z~sAAeSwwTlqiDUs/s-l225.jpg
型号不明,21.0,Vintage 6x9 Folding Film Camera Schneider Kreuznach Radionar 105mm f/4.5 lens,,Vintage Cameras,,39.0,USD,FIXED_PRICE,11,0,,US,tdcameras,100.0,2026-08-21T02:20:20.000Z,,https://www.ebay.com/itm/158210938129?hash=item24d61b5511:g:~owAAeSwkhFqh7UG,https://i.ebayimg.com/images/g/~owAAeSwkhFqh7UG/s-l225.jpg
型号不明,21.0,Mayia / Sekor 1000 DTL Film Vintage Camera,,Vintage Cameras,,39.95,USD,"FIXED_PRICE,BEST_OFFER",3,0,,US,ealobel2036,100.0,2026-08-21T02:43:33.000Z,,https://www.ebay.com/itm/237020286770?hash=item372f828f32:g:1KQAAeSwYtNqh7oz,https://i.ebayimg.com/images/g/1KQAAeSwYtNqh7oz/s-l225.jpg
型号不明,21.0,Vtg Kalart 8mm Film Movie Editor Viewer Eight Original Box 1960's 8mm Camera Vid,,Vintage Cameras,,39.95,USD,FIXED_PRICE,12,0,,US,cyclewarehouse,99.3,2026-08-20T21:43:07.000Z,,https://www.ebay.com/itm/820028509892?hash=itembeed820ec4:g:3MQAAeSwx1RodJJA,https://i.ebayimg.com/images/g/3MQAAeSwx1RodJJA/s-l225.jpg
型号不明,21.0,Vtg ARGUS 35mm Film Camera f/35 50mm Coated Cintar Lens Shutter Works Flash USA!,,Vintage Cameras,,39.95,USD,FIXED_PRICE,12,0,,US,cyclewarehouse,99.3,2026-08-20T16:35:37.000Z,,https://www.ebay.com/itm/206506385100?hash=item3014bd5ecc:g:NRMAAOSwuMBnzyXj,https://i.ebayimg.com/images/g/NRMAAOSwuMBnzyXj/s-l225.jpg
型号不明,21.0,Samsung Zoom 115 Evoca 38-115mm AF Panorama 35mm Point & Shoot Film Camera,,Film Cameras,Used,39.95,USD,"FIXED_PRICE,BEST_OFFER",6,0,,US,srgedgoods,100.0,2026-08-20T12:00:01.000Z,,https://www.ebay.com/itm/336747401479?hash=item4e67b59107:g:M0UAAeSwvDhqg0Ad,https://i.ebayimg.com/images/g/M0UAAeSwvDhqg0Ad/s-l225.jpg
型号不明,21.0,Movie Camera with Film Power Zoom 8 fitted and a Film canister. Vintage,,Vintage Cameras,,39.98,USD,"FIXED_PRICE,BEST_OFFER",7,0,,US,harli160,100.0,2026-08-21T01:53:28.000Z,,https://www.ebay.com/itm/178428317327?hash=item298b280e8f:g:ju0AAOSw3DdlfKzo,https://i.ebayimg.com/images/g/ju0AAOSw3DdlfKzo/s-l225.jpg
型号不明,21.0,Vintage Argus APS-90 Advanced Photo System Film Camera,,Film Cameras,New,39.99,USD,"FIXED_PRICE,BEST_OFFER",2,0,,US,411krony,99.9,2026-08-21T10:51:25.000Z,,https://www.ebay.com/itm/377438404347?hash=item57e114fefb:g:TKEAAeSwcLZqHaa5,https://i.ebayimg.com/images/g/TKEAAeSwcLZqHaa5/s-l225.jpg
残件/按现状;型号不明,21.0,Antique Onito Folding Bellows Camera Vintage Early Roll Film Camera Untested,,Vintage Cameras,,39.99,USD,"FIXED_PRICE,BEST_OFFER",3,0,as-is,US,dudeifoundthis,98.8,2026-08-21T08:02:31.000Z,,https://www.ebay.com/itm/307138763974?hash=item4782e59cc6:g:IyAAAeSwwTlqiAWk,https://i.ebayimg.com/images/g/IyAAAeSwwTlqiAWk/s-l225.jpg
型号不明,21.0,Vintage Subminiature Jilona Midget 27488 Discreet Camera Rare Collectible Japan,,Vintage Cameras,,39.99,USD,"FIXED_PRICE,BEST_OFFER",23,0,,US,smalltownbigcitysales,99.9,2026-08-21T00:49:29.000Z,,https://www.ebay.com/itm/257693721392?hash=item3bffbe2330:g:A~wAAeSw2HRpBRLQ,https://i.ebayimg.com/images/g/A~wAAeSw2HRpBRLQ/s-l225.jpg
型号不明,21.0,Vintage Wards am 551 35mm Rangefinder Film Camera Hexar 45mm F1.8 Lens Case,,Vintage Cameras,,39.99,USD,FIXED_PRICE,9,0,,US,homesvintage,100.0,2026-08-20T16:40:41.000Z,,https://www.ebay.com/itm/287536580847?hash=item42f28408ef:g:1P0AAeSwdy9qhy8X,https://i.ebayimg.com/images/g/1P0AAeSwdy9qhy8X/s-l225.jpg
型号不明,21.0,Samsung Zoom 115 Evoca 38-115mm 1:4.1 AF Panorama Film Camera TESTED,,Film Cameras,Used,39.99,USD,"FIXED_PRICE,BEST_OFFER",6,0,,US,emilio_eja,99.7,2026-08-20T11:42:08.000Z,,https://www.ebay.com/itm/206505802128?hash=item3014b47990:g:35AAAeSw9SVqhPc1,https://i.ebayimg.com/images/g/35AAAeSw9SVqhPc1/s-l225.jpg
型号不明,21.0,Kalimar SR200 35mm SLR film camera with a Helios lens USSR / West Germany,,Film Cameras,Used,40.0,USD,"FIXED_PRICE,BEST_OFFER",15,0,,US,beyerb1,100.0,2026-08-21T03:09:46.000Z,,https://www.ebay.com/itm/206507460381?hash=item3014cdc71d:g:d7oAAeSwbr9qh8FA,https://i.ebayimg.com/images/g/d7oAAeSwbr9qh8FA/s-l225.jpg
型号不明,21.0,Ansco Anscoflex II Vintage TLR 620 Format Film Camera W/ Case,,Vintage Cameras,,40.0,USD,FIXED_PRICE,8,0,,US,jojokrako,100.0,2026-08-20T21:52:05.000Z,,https://www.ebay.com/itm/137644770250?hash=item200c4483ca:g:xi4AAeSw2bhqh3Vp,https://i.ebayimg.com/images/g/xi4AAeSw2bhqh3Vp/s-l225.jpg
型号不明,21.0,Certo Dolly Vest Pocket 127 Folding Film Camera,,Vintage Cameras,,40.0,USD,FIXED_PRICE,14,0,,US,uscamerapro,100.0,2026-08-20T21:17:25.000Z,,https://www.ebay.com/itm/117370493221?hash=item1b53d39925:g:hZsAAeSwS7Zqh2~P,https://i.ebayimg.com/images/g/hZsAAeSwS7Zqh2~P/s-l225.jpg
型号不明,21.0,Cannon Owl Sure shot Af Film Camera With Case And Rolls Of Film,,Film Cameras,Used,40.0,USD,"FIXED_PRICE,BEST_OFFER",3,0,,US,schimp17,100.0,2026-08-20T17:35:59.000Z,,https://www.ebay.com/itm/307137655747?hash=item4782d4b3c3:g:OAYAAeSwguZqhzn0,https://i.ebayimg.com/images/g/OAYAAeSwguZqhzn0/s-l225.jpg
残件/按现状;型号不明,21.0,Vintage Bell & Howell 2103 XL Movie Camera Untested(Parts Or Repair Only),,Vintage Cameras,,40.0,USD,FIXED_PRICE,23,0,as-is,US,3treasurefinders,100.0,2026-08-20T16:19:43.000Z,,https://www.ebay.com/itm/820027556108?hash=itembeed73810c:g:KtgAAeSwguZqhyay,https://i.ebayimg.com/images/g/KtgAAeSwguZqhyay/s-l225.jpg
型号不明,21.0,Quarz Quartz 1x8 S-2 Super-8 Movie Camera Soviet-era Parts or Repair,,Vintage Cameras,,40.0,USD,FIXED_PRICE,9,0,,US,yontenrabgyel,100.0,2026-08-20T16:10:08.000Z,,https://www.ebay.com/itm/287536551115?hash=item42f28394cb:g:4VQAAeSwe-pqheAQ,https://i.ebayimg.com/images/g/4VQAAeSwe-pqheAQ/s-l225.jpg
型号不明,21.0,"Keystone A-7 16mm Non-Reflex Vintage Movie Camera, Brown",,Vintage Cameras,,40.0,USD,"FIXED_PRICE,BEST_OFFER",6,0,,US,rjbischert,0.0,2026-08-20T14:26:32.000Z,,https://www.ebay.com/itm/137643420591?hash=item200c2febaf:g:OrcAAeSwWaNqhw1X,https://i.ebayimg.com/images/g/OrcAAeSwWaNqhw1X/s-l225.jpg
型号不明,21.0,Vintage Argus C3 Black 35mm Film Camera with Case and Flash Accessories With Box,,Vintage Cameras,,40.0,USD,"FIXED_PRICE,BEST_OFFER",4,0,,US,cbw4life,99.0,2026-08-20T14:18:35.000Z,,https://www.ebay.com/itm/137643411343?hash=item200c2fc78f:g:Z7IAAeSw7F9qhwxs,https://i.ebayimg.com/images/g/Z7IAAeSw7F9qhwxs/s-l225.jpg
残件/按现状;型号不明,21.0,Keystone K4C 8mm Electric Eye Movie Camera Triple Lens W/ Leather Case UNTESTED,,Vintage Cameras,,42.79,USD,"FIXED_PRICE,BEST_OFFER",20,0,as-is,US,curatedbycarlo,99.9,2026-08-20T20:59:06.000Z,,https://www.ebay.com/itm/137644603883?hash=item200c41f9eb:g:r48AAeSw5GNqDjUm,https://i.ebayimg.com/images/g/r48AAeSw5GNqDjUm/s-l225.jpg
型号不明,21.0,Keystone: Regal 776 8mm Video Recorder Electric Eye Zoom Load A Matic Vintage,,Vintage Cameras,,42.99,USD,"FIXED_PRICE,BEST_OFFER",8,0,,US,smalltownlps,100.0,2026-08-20T22:28:03.000Z,,https://www.ebay.com/itm/398309181976?hash=item5cbd13ca18:g:HAgAAeSw2Ztqh39e,https://i.ebayimg.com/images/g/HAgAAeSw2Ztqh39e/s-l225.jpg
型号不明,21.0,for Tesla Model Y Side Mirror Cover Replacement 2020-2024 Right White,,Vintage Cameras,,43.96,USD,FIXED_PRICE,6,0,,US,yaakova56,99.7,2026-08-21T09:41:04.000Z,,https://www.ebay.com/itm/318763027312?hash=item4a37c1cb70:g:lqYAAeSwgqhqiB4p,https://i.ebayimg.com/images/g/lqYAAeSwgqhqiB4p/s-l225.jpg
型号不明,21.0,Vintage 50s ANSCO Speedex 90mm F/6.3 Anastigmat Camera with Leather Case,,Vintage Cameras,,44.0,USD,"FIXED_PRICE,BEST_OFFER",15,0,,US,kikid01824,100.0,2026-08-20T21:51:30.000Z,,https://www.ebay.com/itm/237019853502?hash=item372f7bf2be:g:K3YAAeSw~vdqh3JK,https://i.ebayimg.com/images/g/K3YAAeSw~vdqh3JK/s-l225.jpg
型号不明,21.0,REVERE Model C-141 Cine Zoom 8mm Fully Automatic Manual Spool Vintage Camera USA,,Vintage Cameras,,44.0,USD,"FIXED_PRICE,BEST_OFFER",21,0,,US,irishman254,99.8,2026-08-20T15:21:05.000Z,,https://www.ebay.com/itm/278299135612?hash=item40cbebce7c:g:lQEAAeSwLDFqXP4s,https://i.ebayimg.com/images/g/lQEAAeSwLDFqXP4s/s-l225.jpg
残件/按现状;型号不明,21.0,Vintage Bell & Howell 2123 XL Super 8mm Film Movie Camera Pistol Grip Untested,,Vintage Cameras,,44.99,USD,"FIXED_PRICE,BEST_OFFER",2,0,as-is,US,breezybayreseller,99.4,2026-08-20T20:10:56.000Z,,https://www.ebay.com/itm/206506742221?hash=item3014c2d1cd:g:C-MAAeSwJFFqhzjB,https://i.ebayimg.com/images/g/C-MAAeSwJFFqhzjB/s-l225.jpg
型号不明,21.0,Rare Vintage VIEW-MASTER FC-1 Film Cutter for Personal Stereo Camera,,Vintage Cameras,,45.0,USD,"FIXED_PRICE,BEST_OFFER",2,0,,US,thebionicplum,100.0,2026-08-21T00:21:14.000Z,,https://www.ebay.com/itm/257693684934?hash=item3bffbd94c6:g:mI0AAeSwgqhqh5ka,https://i.ebayimg.com/images/g/mI0AAeSwgqhqh5ka/s-l225.jpg
型号不明,21.0,Stereo Realist Film Cutter & Film Sorting Box - 3D Slide Mounting kit (small),,Vintage Cameras,,45.0,USD,"FIXED_PRICE,BEST_OFFER",6,0,,US,kuttyskonglomerations,99.9,2026-08-20T23:12:15.000Z,,https://www.ebay.com/itm/206507039089?hash=item3014c75971:g:r7oAAeSwDqFqh4ld,https://i.ebayimg.com/images/g/r7oAAeSwDqFqh4ld/s-l225.jpg
型号不明,21.0,Vintage Bell and Howell Auto Load Film Camera with Case,,Vintage Cameras,,45.0,USD,"FIXED_PRICE,BEST_OFFER",0,0,,US,ecovintage711,100.0,2026-08-20T15:42:52.000Z,,https://www.ebay.com/itm/168628316597?hash=item274307e9b5:g:v9UAAeSwS7ZqhyBF,https://i.ebayimg.com/images/g/v9UAAeSwS7ZqhyBF/s-l225.jpg
残件/按现状;型号不明,21.0,Vintage Ilford Sportsman 35mm Film Camera 45mm 2.8 Lens For PARTS Or Repair,,Vintage Cameras,,47.45,USD,"FIXED_PRICE,BEST_OFFER",10,0,as-is,US,secondhandshutterllc,99.9,2026-08-20T22:22:07.000Z,,https://www.ebay.com/itm/168628973540?hash=item274311efe4:g:6lQAAeSw3mlqXqaT,https://i.ebayimg.com/images/g/6lQAAeSw3mlqXqaT/s-l225.jpg
残件/按现状,21.0,Kodak PIXPRO AZ401 16MP 40x Zoom Camera Tested Works No Accessories AS-IS,Kodak,Digital Cameras,For parts or not working,49.0,USD,"FIXED_PRICE,BEST_OFFER",13,0,as-is,US,kuhlcomputerrepair,98.7,2026-08-20T12:37:11.000Z,,https://www.ebay.com/itm/147517546991?hash=item2258bb21ef:g:RBUAAeSwZuRqg2MU,https://i.ebayimg.com/images/g/RBUAAeSwZuRqg2MU/s-l225.jpg
残件/按现状;型号不明,21.0,"TDC Stereo Colorist II 35mm Film Camera, Instructions & Case UNTESTED",,Film Cameras,Used,49.95,USD,FIXED_PRICE,7,0,as-is,US,pamela57nj,99.8,2026-08-21T01:26:49.000Z,,https://www.ebay.com/itm/298605560974?hash=item458647448e:g:1vIAAeSwL3Vqh6Sr,https://i.ebayimg.com/images/g/1vIAAeSwL3Vqh6Sr/s-l225.jpg
型号不明,21.0,"Vtg Argus ""The Brick"" Range Finder 35mm Film Camera w/Cintar F=3.5 50mm Lens USA",,Vintage Cameras,,49.95,USD,FIXED_PRICE,13,0,,US,cyclewarehouse,99.3,2026-08-20T17:34:52.000Z,,https://www.ebay.com/itm/178427219477?hash=item298b174e15:g:920AAOSw4rRnxwNR,https://i.ebayimg.com/images/g/920AAOSw4rRnxwNR/s-l225.jpg
型号不明,21.0,Vintage Scout 120 Flash Box Camera Produced for the Boy Scouts Of America,,Vintage Cameras,,49.95,USD,"FIXED_PRICE,BEST_OFFER",8,0,,US,oldpostcollectibles11,100.0,2026-08-20T13:44:20.000Z,,https://www.ebay.com/itm/147517657840?hash=item2258bcd2f0:g:M5MAAeSwEphqhwG8,https://i.ebayimg.com/images/g/M5MAAeSwEphqhwG8/s-l225.jpg
型号不明,21.0,Vintage Contessa Nettel Folding Camera Derval Shutter Citonar 10.5cm f6.3 works,,Vintage Cameras,,49.99,USD,FIXED_PRICE,12,0,,US,lenni333,99.3,2026-08-21T00:42:28.000Z,,https://www.ebay.com/itm/318761150639?hash=item4a37a528af:g:m74AAeSwo8Jqh54C,https://i.ebayimg.com/images/g/m74AAeSwo8Jqh54C/s-l225.jpg
残件/按现状;型号不明,21.0,Vintage Bell & Howell 200EE 16mm Film Movie Camera (untested),,Vintage Cameras,,49.99,USD,"FIXED_PRICE,BEST_OFFER",22,0,as-is,US,pawnexperts2015,99.8,2026-08-20T22:16:19.000Z,,https://www.ebay.com/itm/128036928947?hash=item1dcf987db3:g:gkQAAeSw2o5qh3s0,https://i.ebayimg.com/images/g/gkQAAeSw2o5qh3s0/s-l225.jpg
型号不明,21.0,"Meikai EL 35mm Compact Film Camera, Manual Focus, Silver/Black",,Film Cameras,Used,49.99,USD,"FIXED_PRICE,BEST_OFFER",11,0,,US,jafee_8388,100.0,2026-08-20T16:11:01.000Z,,https://www.ebay.com/itm/377435996779?hash=item57e0f0426b:g:TtgAAeSw1qNqhyVt,https://i.ebayimg.com/images/g/TtgAAeSw1qNqhyVt/s-l225.jpg
打包杂件,21.0,Vtg 1980s Members Only 35mm Film Camera Lot New In Plastic 2 Cases 1 Box,,Film Cameras,Open box,49.99,USD,"FIXED_PRICE,BEST_OFFER",7,0,,US,imperialtradingco,99.8,2026-08-20T15:52:51.000Z,,https://www.ebay.com/itm/327319492758?hash=item4c35c31896:g:C9EAAeSwhthqhyJX,https://i.ebayimg.com/images/g/C9EAAeSwhthqhyJX/s-l225.jpg
残件/按现状;型号不明,21.0,VINTAGE 1998 COCA COLA CAN 35MM POINT & SHOOT FILM CAMERA UNTESTED,,Film Cameras,Used,49.99,USD,"FIXED_PRICE,BEST_OFFER",3,0,as-is,US,vintage-80,99.7,2026-08-20T09:48:16.000Z,,https://www.ebay.com/itm/198584017827?hash=item2e3c87a3a3:g:hoUAAeSwkhFqhsuO,https://i.ebayimg.com/images/g/hoUAAeSwkhFqhsuO/s-l225.jpg
型号不明,21.0,VINTAGE 1950s IMPERIAL MARK XII CAMERA w/ FLASH & BOX #554,,Vintage Cameras,,49.99,USD,"FIXED_PRICE,BEST_OFFER",4,0,,US,treasure_hunters26,99.2,2026-08-20T04:21:08.000Z,,https://www.ebay.com/itm/398306334102?hash=item5cbce85596:g:Gi8AAeSwe1Np5fz7,https://i.ebayimg.com/images/g/Gi8AAeSwe1Np5fz7/s-l225.jpg
型号不明,21.0,5 Le World Cameras And 1 Cartridge Of Expired 110 Film,,Film Cameras,New,50.0,USD,"FIXED_PRICE,BEST_OFFER",4,0,,US,jennwink-91,100.0,2026-08-20T23:06:41.000Z,,https://www.ebay.com/itm/318760858260?hash=item4a37a0b294:g:tZYAAeSwNoNqh4bh,https://i.ebayimg.com/images/g/tZYAAeSwNoNqh4bh/s-l225.jpg
型号不明,21.0,Not Tested Pho-Tak Foldex Series Foldex 20 Folding Camera 620 Format Black,,Vintage Cameras,,50.0,USD,FIXED_PRICE,4,0,,US,scavengers-collectibles,100.0,2026-08-20T22:35:56.000Z,,https://www.ebay.com/itm/206506984876?hash=item3014c685ac:g:LeUAAeSwGDJqh4EV,https://i.ebayimg.com/images/g/LeUAAeSwGDJqh4EV/s-l225.jpg
型号不明,21.0,"Nishika N8000 3-D Stereo 35mm Quad Lens Film Camera, Fixed Focus, Black",,Film Cameras,Used,50.0,USD,"FIXED_PRICE,BEST_OFFER",5,0,,US,jaybee5,100.0,2026-08-20T20:05:22.000Z,,https://www.ebay.com/itm/178427554252?hash=item298b1c69cc:g:dR4AAeSwoAJqh123,https://i.ebayimg.com/images/g/dR4AAeSwoAJqh123/s-l225.jpg
残件/按现状;型号不明,21.0,Busch Pressman Model C Parts/Repair-As Is,,Film Cameras,For parts or not working,50.0,USD,FIXED_PRICE,4,0,as-is,US,jimmym398,100.0,2026-08-20T17:23:59.000Z,,https://www.ebay.com/itm/147518026328?hash=item2258c27258:g:ZKgAAeSwLOBqhyyY,https://i.ebayimg.com/images/g/ZKgAAeSwLOBqhyyY/s-l225.jpg
型号不明,21.0,Hanimex Amphibian 35mm Underwater Camera With Close-up Lens Tested,,Film Cameras,Used,52.25,USD,FIXED_PRICE,11,0,,US,ghostlightgarage,99.8,2026-08-20T23:50:10.000Z,,https://www.ebay.com/itm/298605401010?hash=item458644d3b2:g:fo4AAeSwZKtqN1AR,https://i.ebayimg.com/images/g/fo4AAeSwZKtqN1AR/s-l225.jpg
型号不明,21.0,Bell & Howell Director Series Zoomatic Zoom Reflex 8mm Movie Camera,,Vintage Cameras,,52.5,USD,"FIXED_PRICE,BEST_OFFER",4,0,,US,sidstephens,100.0,2026-08-20T04:38:12.000Z,,https://www.ebay.com/itm/257691949267?hash=item3bffa318d3:g:joYAAeSwEU1qhoLV,https://i.ebayimg.com/images/g/joYAAeSwEU1qhoLV/s-l225.jpg
型号不明,21.0,Antique Ansco No. 2C Junior Folding Camera c. 1917-1923,,Vintage Cameras,,52.94,USD,FIXED_PRICE,18,0,,US,kingsriverboy,99.9,2026-08-20T13:54:26.000Z,,https://www.ebay.com/itm/257692803908?hash=item3bffb02344:g:Pu8AAOSwQFVn~AvA,https://i.ebayimg.com/images/g/Pu8AAOSwQFVn~AvA/s-l225.jpg
型号不明,21.0,Spartus Co Flash Herold Art Deco Camera for 127 Film w Power Mite Display 1950s,,Vintage Cameras,,54.99,USD,"FIXED_PRICE,BEST_OFFER",15,0,,US,paulru23,100.0,2026-08-20T17:53:12.000Z,,https://www.ebay.com/itm/147518076765?hash=item2258c3375d:g:WD8AAeSwtwVqhz4c,https://i.ebayimg.com/images/g/WD8AAeSwtwVqhz4c/s-l225.jpg
型号不明,21.0,Kowa SE-T SET 35mm SLR Film Camera w/50mm f/1.8 Lens Vintage 1960s,,Film Cameras,Used,55.0,USD,"FIXED_PRICE,BEST_OFFER",13,0,,US,wri-889867,99.6,2026-08-21T06:13:25.000Z,,https://www.ebay.com/itm/398310363446?hash=item5cbd25d136:g:2c8AAeSwKX9qh-vz,https://i.ebayimg.com/images/g/2c8AAeSwKX9qh-vz/s-l225.jpg
型号不明,21.0,"Bs 4X5 Cut Film Bs Quick Load Reel & Paterson SS 4 Tank Black & White ,Color",,Film Cameras,Used,55.0,USD,"FIXED_PRICE,BEST_OFFER",6,0,,US,etechseller,100.0,2026-08-21T02:27:02.000Z,,https://www.ebay.com/itm/128037210802?hash=item1dcf9ccab2:g:GAYAAeSw5Rdqh7cB,https://i.ebayimg.com/images/g/GAYAAeSw5Rdqh7cB/s-l225.jpg
残件/按现状,21.0,"Kodak PIXPRO AZ501 Digital Camera, 50x ⚠️showing An Error ⚠️",Kodak,Digital Cameras,For parts or not working,55.99,USD,"FIXED_PRICE,BEST_OFFER",7,0,,US,dapelay-0,99.1,2026-08-20T12:34:08.000Z,,https://www.ebay.com/itm/128036206105?hash=item1dcf8d7619:g:YMUAAOSwLYlj3uGY,https://i.ebayimg.com/images/g/YMUAAOSwLYlj3uGY/s-l225.jpg
型号不明,21.0,1930 Prewar Camera Film,,Vintage Cameras,,59.0,USD,"FIXED_PRICE,BEST_OFFER",15,0,,US,crazyjimmyz,100.0,2026-08-20T15:18:18.000Z,,https://www.ebay.com/itm/307137444918?hash=item4782d17c36:g:UqYAAeSw7BNqhxju,https://i.ebayimg.com/images/g/UqYAAeSw7BNqhxju/s-l225.jpg
型号不明,21.0,Vtg Argus Brick C3 Range Finder 35mm Camera 50mm f 3.5 Lens Shutter Works Case,,Vintage Cameras,,59.95,USD,FIXED_PRICE,12,0,,US,cyclewarehouse,99.3,2026-08-20T22:14:10.000Z,,https://www.ebay.com/itm/206506948472?hash=item3014c5f778:g:in4AAeSwJfBp3nDP,https://i.ebayimg.com/images/g/in4AAeSwJfBp3nDP/s-l225.jpg
残件/按现状;型号不明,21.0,Vintage Hit Miniature Camera Subminiature Black Spy Film Japan Case Untested,,Vintage Cameras,,59.99,USD,"FIXED_PRICE,BEST_OFFER",9,0,as-is,US,603-vintage-north,99.7,2026-08-21T10:38:03.000Z,,https://www.ebay.com/itm/227485401846?hash=item34f72fc2f6:g:u6AAAeSwDqFqiCph,https://i.ebayimg.com/images/g/u6AAAeSwDqFqiCph/s-l225.jpg
型号不明,21.0,Vintage Tektronix C-30B Oscilloscope Camera w/ 016-0269-03 Adapter Frame –,,Vintage Cameras,,59.99,USD,"FIXED_PRICE,BEST_OFFER",3,0,,US,verifiablyvintage,0.0,2026-08-21T05:15:25.000Z,,https://www.ebay.com/itm/178428838633?hash=item298b3002e9:g:sZsAAeSw0Bpqh961,https://i.ebayimg.com/images/g/sZsAAeSw0Bpqh961/s-l225.jpg
型号不明,21.0,ICA 9 x 12cm Folding Camera w/ Novar Anastigmat 13.5cm 1:6 Lens,,Vintage Cameras,,59.99,USD,FIXED_PRICE,9,0,,US,flapicker,99.3,2026-08-20T13:30:59.000Z,,https://www.ebay.com/itm/307137284224?hash=item4782cf0880:g:xAIAAeSwNXNqhwCU,https://i.ebayimg.com/images/g/xAIAAeSwNXNqhwCU/s-l225.jpg
型号不明,21.0,Vintage Argus C3 35mm Rangefinder Camera Case Manual Flash Tested Working...,,Vintage Cameras,,59.99,USD,"FIXED_PRICE,BEST_OFFER",12,0,,US,melanielynn2001,99.9,2026-08-20T12:26:51.000Z,,https://www.ebay.com/itm/307137155600?hash=item4782cd1210:g:~JkAAeSwcZxqhuxN,https://i.ebayimg.com/images/g/~JkAAeSwcZxqhuxN/s-l225.jpg
型号不明,21.0,Antique German Camera Carl Zelda 1930 Leather Case Original,,Vintage Cameras,,60.0,USD,"FIXED_PRICE,BEST_OFFER",3,0,,US,crazyjimmyz,100.0,2026-08-20T14:50:28.000Z,,https://www.ebay.com/itm/307137390104?hash=item4782d0a618:g:hUYAAeSwZuRqhxO4,https://i.ebayimg.com/images/g/hUYAAeSwZuRqhxO4/s-l225.jpg
型号不明,21.0,Helios 44-2 58mm f/2 M42 mount *SERVICED!*,,Lenses,Used,78.0,USD,FIXED_PRICE,19,0,mount:m42;58mm;good-cond,UA,kosbik84,100.0,2026-08-20T14:57:08.000Z,,https://www.ebay.com/itm/327319432537?hash=item4c35c22d59:g:xt8AAeSw2HNqhwzw,https://i.ebayimg.com/images/g/xt8AAeSw2HNqhwzw/s-l225.jpg
打包杂件,21.0,Vintage Agfa Color-Telinear 135mm f/4 & Color-Ambion 35mm f/3.4 Lens Lot Boxes,Agfa,Lenses,Open box,200.0,USD,"FIXED_PRICE,BEST_OFFER",8,0,,US,savageformstudio,100.0,2026-08-20T15:07:27.000Z,,https://www.ebay.com/itm/227484201822?hash=item34f71d735e:g:1fAAAeSwMcdqhxd9,https://i.ebayimg.com/images/g/1fAAAeSwMcdqhxd9/s-l225.jpg
型号不明,21.0,SONY FE 70-200 F4 G OSS SEL70200G,Sony,Lenses,Used,1340.27,USD,"FIXED_PRICE,BEST_OFFER",4,0,mount:sony e,JP,bears2636,99.3,2026-08-20T08:52:40.000Z,,https://www.ebay.com/itm/178425977335?hash=item298b0459f7:g:JG0AAeSwTtFqhsGV,https://i.ebayimg.com/images/g/JG0AAeSwTtFqhsGV/s-l225.jpg
残件/按现状,20.0,VGC Canon UC9Hi Handheld Hi8 Camcorder 20x/40x Zoom 2.5in No Charger Untested,Canon,Camcorders,For parts or not working,0.0,USD,AUCTION,8,0,as-is;auction,GB,jameswai28,100.0,2026-08-20T19:00:01.000Z,2026-08-27T19:00:01.000Z,https://www.ebay.com/itm/237018609226?hash=item372f68f64a:g:r0IAAeSwp05qhsj-,https://i.ebayimg.com/images/g/r0IAAeSwp05qhsj-/s-l225.jpg
打包杂件,20.0,Sony Handycam DCR-SR32E Digital Camcorder 30GB HDD Camera Bundle Boxed Mint,Sony,Camcorders,Used,176.86,USD,"FIXED_PRICE,BEST_OFFER",21,0,good-cond,GB,cw-trading,99.9,2026-08-20T12:53:51.000Z,,https://www.ebay.com/itm/800539941684?hash=itemba63e61b34:g:uvwAAeSwyTVqhvbl,https://i.ebayimg.com/images/g/uvwAAeSwyTVqhvbl/s-l225.jpg
打包杂件,20.0,Insta360 Luna Ultra Bundle Space Black Leica Lens + 4 accessories,Leica,Camcorders,New,825.0,USD,"FIXED_PRICE,BEST_OFFER",10,0,,CN,photography.hub,100.0,2026-08-21T08:53:21.000Z,,https://www.ebay.com/itm/318762878465?hash=item4a37bf8601:g:VawAAeSwLodqPAk4,https://i.ebayimg.com/images/g/VawAAeSwLodqPAk4/s-l225.jpg
打包杂件,20.0,Insta360 Luna Ultra Bundle Space Black Leica Lens + 4 accessories,Leica,Camcorders,New,825.0,USD,"FIXED_PRICE,BEST_OFFER",10,0,,CN,garage-shed,100.0,2026-08-21T08:09:59.000Z,,https://www.ebay.com/itm/237020853701?hash=item372f8b35c5:g:VawAAeSwLodqPAk4,https://i.ebayimg.com/images/g/VawAAeSwLodqPAk4/s-l225.jpg
打包杂件,20.0,Insta360 Luna Ultra 8K Leica Gimbal Camera 3 Axis Stellar White Standard Bundle,Leica,Camcorders,Opened – never used,871.02,USD,FIXED_PRICE,4,0,,GB,cameracentreuk,99.9,2026-08-21T10:36:01.000Z,,https://www.ebay.com/itm/407160686558?hash=item5eccab07de:g:KBIAAeSwXm5qiCrI,https://i.ebayimg.com/images/g/KBIAAeSwXm5qiCrI/s-l225.jpg
打包杂件,20.0,Insta360 Luna Pro 8K Leica 1-Inch Gimbal Camera Standard Bundle White,Leica,Camcorders,New,873.75,USD,"FIXED_PRICE,BEST_OFFER",7,0,,CN,technology-mallflagship-store,99.5,2026-08-21T03:41:26.000Z,,https://www.ebay.com/itm/398310018029?hash=item5cbd208bed:g:AZQAAeSwq2Jqh8jk,https://i.ebayimg.com/images/g/AZQAAeSwq2Jqh8jk/s-l225.jpg
