性价比,价差,参考价,样本数,评分,标题,型号,品牌,类目,成色,价格,币种,购买方式,标记,所在地,卖家,好评率,上架时间,结束时间,链接,图片
抄底,-65%,284.94,80,116.0,[Near MINT] Contax T2 Semi Hard Case From JAPAN,contax t2,Contax,Film Cameras,Used,99.99,USD,FIXED_PRICE,grail:Contax T2;good-cond,JP,irodori-92,100.0,2026-08-15T04:07:33.000Z,,https://www.ebay.com/itm/377419654755?hash=item57dff6e663:g:5eUAAeSwIDhqf-ck,https://i.ebayimg.com/images/g/5eUAAeSwIDhqf-ck/s-l225.jpg
抄底,-47%,899.99,80,116.0,[ Near MINT ] Contax G1 D Rangefinder 35mm Film Camera Body From JAPAN,contax g1,Contax,Film Cameras,Used,479.99,USD,FIXED_PRICE,grail:Contax G1;good-cond,JP,maaami,100.0,2026-08-15T02:34:11.000Z,,https://www.ebay.com/itm/178408163429?hash=item2989f48865:g:tmkAAeSwcShqf9EZ,https://i.ebayimg.com/images/g/tmkAAeSwcShqf9EZ/s-l225.jpg
抄底,-47%,899.99,80,116.0,[Near MINT] Contax G1 body From JAPAN,contax g1,Contax,Film Cameras,Used,479.99,USD,FIXED_PRICE,grail:Contax G1;good-cond,JP,usagi_camera_japan,99.3,2026-08-14T14:14:05.000Z,,https://www.ebay.com/itm/307126431014?hash=item4782296d26:g:WMkAAeSwiodqfyNu,https://i.ebayimg.com/images/g/WMkAAeSwiodqfyNu/s-l225.jpg
抄底,-50%,5999.45,20,111.0,"""Optics Mint""Contax Carl Zeiss Planar T* 80mm f2 AF Lens for Contax 645 #6209",contax planar 80mm f2,Contax,Lenses,Used,2995.0,USD,FIXED_PRICE,grail:645;good-cond,JP,camerajapan20,100.0,2026-08-15T01:07:00.000Z,,https://www.ebay.com/itm/198571900540?hash=item2e3bcebe7c:g:5FkAAeSw9jhqf7oU,https://i.ebayimg.com/images/g/5FkAAeSw9jhqf7oU/s-l225.jpg
抄底,-64%,698.99,15,106.0,"""EXC+5"" Carl Zeiss F-Distagon 16mm f/2.8 HFT QBM Fisheye Lens From JAPAN",zeiss distagon 16mm f2.8,Zeiss,Lenses,Used,249.99,USD,"FIXED_PRICE,BEST_OFFER",grail:Distagon;good-cond,JP,irodori-store,99.7,2026-08-15T00:14:34.000Z,,https://www.ebay.com/itm/227476351727?hash=item34f6a5aaef:g:FLcAAeSwrwFohvA0,https://i.ebayimg.com/images/g/FLcAAeSwrwFohvA0/s-l225.jpg
抄底,-64%,1049.95,80,106.0,[Exc+5] Carl Zeiss Planar 80mm f2.8 Lens GRAFLEX Synchro Compur From JAPAN,zeiss planar 80mm f2.8,Zeiss,Lenses,Used,379.99,USD,FIXED_PRICE,grail:Planar;good-cond,JP,rebirth_japan,100.0,2026-08-14T09:56:33.000Z,,https://www.ebay.com/itm/237005290503?hash=item372e9dbc07:g:rDwAAeSwxkhqfuaP,https://i.ebayimg.com/images/g/rDwAAeSwxkhqfuaP/s-l225.jpg
抄底,-51%,1399.49,60,106.0,[Near Mint--]Fujifilm Fuji Klasse Silver 35mm Point & Shoot Camera From Japan,fujifilm klasse,Fujifilm,Film Cameras,Used,680.99,USD,FIXED_PRICE,grail:Klasse;good-cond,JP,at_japan_camera_lab,99.6,2026-08-15T04:58:39.000Z,,https://www.ebay.com/itm/398287505535?hash=item5cbbc9087f:g:QrIAAeSwmWZp1mll,https://i.ebayimg.com/images/g/QrIAAeSwmWZp1mll/s-l225.jpg
超值,-28%,482.42,80,105.0,All Works [ Top MINT ] Mamiya RZ67 Pro 6x7 Medium Format Film Camera From JAPAN,mamiya rz67,Mamiya,Film Cameras,Used,349.99,USD,FIXED_PRICE,grail:RZ67;good-cond,JP,hideyo_88,100.0,2026-08-14T22:27:29.000Z,,https://www.ebay.com/itm/318731167521?hash=item4a35dba721:g:8ZAAAeSwJHdqf5dD,https://i.ebayimg.com/images/g/8ZAAAeSwJHdqf5dD/s-l225.jpg
超值,-37%,569.99,16,105.0,[ Near MINT w/ W-3 ] Contax RTS 35mm Film Camera Planar T* 50mm f/1.4 AEJ Japan,contax rts planar,Contax,Film Cameras,Used,359.99,USD,FIXED_PRICE,grail:Contax RTS;good-cond,JP,sss.yyy.-57,100.0,2026-08-15T05:13:33.000Z,,https://www.ebay.com/itm/298589362831?hash=item4585501a8f:g:lPgAAeSw0hNqf~X6,https://i.ebayimg.com/images/g/lPgAAeSw0hNqf~X6/s-l225.jpg
超值,-41%,708.44,15,105.0,CONTAX TVS Carl Zeiss Vario-Sonnar 28-56mm Compact Film Camera [NEAR MINT] JAPAN,contax tvs carl,Contax,Film Cameras,Used,419.99,USD,"FIXED_PRICE,BEST_OFFER",grail:CONTAX TVS;good-cond,JP,camera_yu1010_japan,100.0,2026-08-14T12:17:42.000Z,,https://www.ebay.com/itm/287524693129?hash=item42f1cea489:g:2fsAAeSwRRNqYwba,https://i.ebayimg.com/images/g/2fsAAeSwRRNqYwba/s-l225.jpg
超值,-34%,708.44,15,105.0,Contax TVS 35mm Film Camera Carl Zeiss Vario-Sonnar 28-56mm Japan [MINT],contax tvs carl,Contax,Film Cameras,Used,469.99,USD,FIXED_PRICE,grail:Contax TVS;good-cond,JP,ssu_camera_japan,100.0,2026-08-14T14:28:21.000Z,,https://www.ebay.com/itm/318729414511?hash=item4a35c0e76f:g:fUYAAeSwoUJqfycc,https://i.ebayimg.com/images/g/fUYAAeSwoUJqfycc/s-l225.jpg
超值,-37%,899.99,80,105.0,⏯️[Almost MINT] Contax G1 35mm Film Camera Sonnar 90mm f2.8 Lens From JAPAN,contax g1,Contax,Film Cameras,Used,569.99,USD,FIXED_PRICE,grail:Contax G1;good-cond,JP,jj0731ssh65,99.7,2026-08-14T19:57:10.000Z,,https://www.ebay.com/itm/407145074209?hash=item5ecbbcce21:g:SqMAAeSwXudqf3QL,https://i.ebayimg.com/images/g/SqMAAeSwXudqf3QL/s-l225.jpg
抄底,-81%,549.99,7,102.0,Read [Exc+4] US Duty Paid Zenza Bronica ZENZANON 100mm F/2.8 Lens From JAPAN,bronica 100mm f2.8,Bronica,Lenses,Used,102.19,USD,"FIXED_PRICE,BEST_OFFER",grail:Bronica ZENZANON;good-cond,JP,ysj830,100.0,2026-08-14T05:37:56.000Z,,https://www.ebay.com/itm/358924886566?hash=item5391972226:g:264AAeSwsqlqfqri,https://i.ebayimg.com/images/g/264AAeSwsqlqfqri/s-l225.jpg
抄底,-48%,220.49,29,102.0,Vintage Zeiss Ikon Ikoflex IC 6x6 120 TLR Camera Tessar/Teronar 75mm F3.5 Lenses,zeiss ikon ikoflex,Zeiss,Vintage Cameras,,114.95,USD,"FIXED_PRICE,BEST_OFFER",grail:Tessar,US,rmblnwrk,100.0,2026-08-14T17:15:03.000Z,,https://www.ebay.com/itm/307126718585?hash=item47822dd079:g:wdwAAeSwUcpqf0zD,https://i.ebayimg.com/images/g/wdwAAeSwUcpqf0zD/s-l225.jpg
抄底,-66%,442.49,80,102.0,"Zenza Bronica ETRS Body Only With Focus Screen, Crank Medium Format Camera",bronica etrs,Bronica,Film Cameras,Used,148.74,USD,"FIXED_PRICE,BEST_OFFER",grail:Bronica ETRS,US,phanco_flips,99.0,2026-08-15T01:56:31.000Z,,https://www.ebay.com/itm/198571989687?hash=item2e3bd01ab7:g:Ej0AAeSwSLlqf8cU,https://i.ebayimg.com/images/g/Ej0AAeSwSLlqf8cU/s-l225.jpg
抄底,-83%,1120.95,6,102.0,Contax RTS II Quartz body Camera 50th Anniversary Model from Japan,contax 50th,Contax,Film Cameras,Used,189.0,USD,"FIXED_PRICE,BEST_OFFER",grail:Contax RTS,JP,samurai-k2,98.1,2026-08-15T05:22:46.000Z,,https://www.ebay.com/itm/820004226043?hash=itembeec0f83fb:g:5I0AAeSwcShqf~a6,https://i.ebayimg.com/images/g/5I0AAeSwcShqf~a6/s-l225.jpg
超值,-45%,271.5,72,100.0,[Exc+5] LEICA R4 35mm SLR Film Camera Black Body From JAPAN,leica r4,Leica,Film Cameras,Used,149.99,USD,FIXED_PRICE,grail:LEICA R4;good-cond,JP,nao_reuse_camera_japan,100.0,2026-08-14T13:34:46.000Z,,https://www.ebay.com/itm/147504568434?hash=item2257f51872:g:ZMAAAeSwDjZqfxoq,https://i.ebayimg.com/images/g/ZMAAAeSwDjZqfxoq/s-l225.jpg
超值,-29%,322.49,66,100.0,[Near MINT] Contax RTS III 35mm SLR Film Camera Body From Japan,contax rts iii,Contax,Film Cameras,Used,229.99,USD,FIXED_PRICE,grail:Contax RTS;good-cond,JP,linksjapan,100.0,2026-08-15T08:25:44.000Z,,https://www.ebay.com/itm/318733187363?hash=item4a35fa7923:g:kfwAAeSwSJFqgCG6,https://i.ebayimg.com/images/g/kfwAAeSwSJFqgCG6/s-l225.jpg
超值,-36%,424.73,80,100.0,[Almost MINT] Zenza Bronica S2 Late Model Film Camera Body 6x6 Silver From JAPAN,bronica s2,Bronica,Film Cameras,Used,269.99,USD,FIXED_PRICE,grail:Bronica S2;good-cond,JP,wasatoro_camera_japan,100.0,2026-08-15T08:23:53.000Z,,https://www.ebay.com/itm/198572571622?hash=item2e3bd8fbe6:g:gH4AAeSwR01qgCMZ,https://i.ebayimg.com/images/g/gH4AAeSwR01qgCMZ/s-l225.jpg
超值,-32%,424.73,80,100.0,[Almost MINT] Zenza Bronica S2 Late Model Film Camera Body 6x6 Black From JAPAN,bronica s2,Bronica,Film Cameras,Used,289.99,USD,FIXED_PRICE,grail:Bronica S2;good-cond,JP,wasatoro_camera_japan,100.0,2026-08-15T07:09:26.000Z,,https://www.ebay.com/itm/198572444727?hash=item2e3bd70c37:g:0RMAAeSwjgRqgBFf,https://i.ebayimg.com/images/g/0RMAAeSwjgRqgBFf/s-l225.jpg
超值,-27%,442.49,52,100.0,All Works! [Almost MINT] Contax Aria 35mm SLR Film Camera Body from JAPAN,contax aria,Contax,Film Cameras,Used,324.9,USD,FIXED_PRICE,grail:Contax Aria;good-cond,JP,tokyosnapshot,99.7,2026-08-14T07:08:43.000Z,,https://www.ebay.com/itm/128025959400?hash=item1dcef11be8:g:uwgAAeSwYVRqfr~s,https://i.ebayimg.com/images/g/uwgAAeSwYVRqfr~s/s-l225.jpg
超值,-28%,482.42,80,100.0,[Near MINT++] Mamiya RZ67 Pro Medium Form/Film Camera Waist Level Finder From JP,mamiya rz67,Mamiya,Film Cameras,Used,349.99,USD,FIXED_PRICE,grail:RZ67;good-cond,JP,kimu_1572,100.0,2026-08-15T06:59:18.000Z,,https://www.ebay.com/itm/137623339524?hash=item200afd8204:g:eAQAAeSwnu5qgA6G,https://i.ebayimg.com/images/g/eAQAAeSwnu5qgA6G/s-l225.jpg
超值,-43%,719.99,25,100.0,[Near MINT+3] Zenza Bronica SQ 6x6 Camera Waist Level Finder 120 Back JAPAN #851,bronica waist level,Bronica,Film Cameras,Used,409.99,USD,FIXED_PRICE,grail:Bronica SQ;good-cond,JP,japan.camera.like,100.0,2026-08-14T17:50:51.000Z,,https://www.ebay.com/itm/178406963744?hash=item2989e23a20:g:yekAAeSweu9qf1Y4,https://i.ebayimg.com/images/g/yekAAeSweu9qf1Y4/s-l225.jpg
超值,-44%,899.99,80,100.0,[MINT] Contax G1 body From JAPAN,contax g1,Contax,Film Cameras,Used,499.99,USD,FIXED_PRICE,grail:Contax G1;good-cond,JP,usagi_camera_japan,99.3,2026-08-14T14:07:05.000Z,,https://www.ebay.com/itm/307126422175?hash=item4782294a9f:g:i7gAAeSwAfJqfyFe,https://i.ebayimg.com/images/g/i7gAAeSwAfJqfyFe/s-l225.jpg
超值,-43%,1141.42,24,100.0,w/MotorGrip [Near Mint++] Mamiya 645 Pro WLF Finder Film Camera Body From JAPAN,mamiya pro wlf,Mamiya,Film Cameras,Used,649.99,USD,FIXED_PRICE,grail:645;good-cond,JP,shib5636,100.0,2026-08-15T01:05:54.000Z,,https://www.ebay.com/itm/398286811238?hash=item5cbbbe7066:g:5kIAAeSwwSNqf7wn,https://i.ebayimg.com/images/g/5kIAAeSwwSNqf7wn/s-l225.jpg
超值,-39%,1111.62,80,100.0,Late Model [ Near MINT ] Hasselblad 500C Medium Format Film Camera From JAPAN,hasselblad 500c,Hasselblad,Film Cameras,Used,679.99,USD,FIXED_PRICE,grail:500C;good-cond,JP,mitshos_0,100.0,2026-08-15T08:21:13.000Z,,https://www.ebay.com/itm/227476766418?hash=item34f6abfed2:g:zocAAeSw~bxqgCK7,https://i.ebayimg.com/images/g/zocAAeSw~bxqgCK7/s-l225.jpg
超值,-31%,999.9,80,100.0,[N MINT- ]Hasselblad 500C/M 500CM Medium Format Film Camera Body Only from JAPAN,hasselblad 500c/m,Hasselblad,Film Cameras,Used,690.0,USD,FIXED_PRICE,grail:500C;good-cond,JP,musubiworks,100.0,2026-08-14T16:15:22.000Z,,https://www.ebay.com/itm/307126634747?hash=item47822c88fb:g:rtoAAeSwDzRqfz-a,https://i.ebayimg.com/images/g/rtoAAeSwDzRqfz-a/s-l225.jpg
抄底,-87%,487.0,80,99.0,*Exc+5* Toyo View 45 GII 45G II 4x5 Rear Standard Large Format Camera From Japan,toyo 45,Toyo,Film Cameras,Used,62.69,USD,FIXED_PRICE,good-cond,JP,hitonaga-0,100.0,2026-08-14T11:30:35.000Z,,https://www.ebay.com/itm/407143976181?hash=item5ecbac0cf5:g:p0wAAOSw-3FmA5yp,https://i.ebayimg.com/images/g/p0wAAOSw-3FmA5yp/s-l225.jpg
抄底,-49%,234.44,80,99.0,[NEAR MINT] Mamiya C220 Professional TLR Medium Format Film Camera Body JAPAN,mamiya c220,Mamiya,Film Cameras,Used,119.99,USD,FIXED_PRICE,good-cond,JP,k.n_camera-japan,100.0,2026-08-15T07:32:16.000Z,,https://www.ebay.com/itm/366606874763?hash=item555b78f88b:g:BkcAAOSwPpZoTNZz,https://i.ebayimg.com/images/g/BkcAAOSwPpZoTNZz/s-l225.jpg
抄底,-57%,299.99,80,99.0,[Optical Near Mint] Mamiya Universal Medium Format Film Camera Body from JAPAN,mamiya universal,Mamiya,Film Cameras,Used,129.99,USD,FIXED_PRICE,good-cond,JP,maui_camera_japan,100.0,2026-08-14T06:02:05.000Z,,https://www.ebay.com/itm/287524088710?hash=item42f1c56b86:g:dzEAAeSw8vxqfop3,https://i.ebayimg.com/images/g/dzEAAeSw8vxqfop3/s-l225.jpg
抄底,-80%,755.0,80,99.0,Hasselblad 500 C and C/M Medium Format Black Leather Case,hasselblad 500,Hasselblad,Vintage Cameras,,150.0,USD,"FIXED_PRICE,BEST_OFFER",grail:500 C,ZA,vfcamerashop,100.0,2026-08-15T06:48:39.000Z,,https://www.ebay.com/itm/117360394471?hash=item1b533980e7:g:Z8cAAeSwQztokbph,https://i.ebayimg.com/images/g/Z8cAAeSwQztokbph/s-l225.jpg
抄底,-63%,2999.65,57,99.0,【N MINT w/ Acute Matte】 Hasselblad 503CX Black 6x6 Film Body Only from JAPAN N77,hasselblad 503cx,Hasselblad,Film Cameras,Used,1099.9,USD,FIXED_PRICE,good-cond,JP,japanyuichi,100.0,2026-08-14T23:27:49.000Z,,https://www.ebay.com/itm/298588757598?hash=item458546de5e:g:KSwAAeSw4LBpMnrM,https://i.ebayimg.com/images/g/KSwAAeSw4LBpMnrM/s-l225.jpg
抄底,-78%,503.5,57,98.0,Jupiter-8 LTM Leica Thread Mount 50 mm F:2 Lens Black Sonnar Copy Excellent Cond,leica sonnar 50mm,Leica,Lenses,Used,110.0,USD,"FIXED_PRICE,BEST_OFFER",grail:Sonnar;mount:ltm/l39,US,nichvail-0,100.0,2026-08-15T00:50:13.000Z,,https://www.ebay.com/itm/287525748059?hash=item42f1debd5b:g:IAUAAeSwaRZqf7ew,https://i.ebayimg.com/images/g/IAUAAeSwaRZqf7ew/s-l225.jpg
抄底,-67%,120.0,31,96.0,Zeiss Ikon Ikonta 521 Folding Camera with Carl Zeiss Jena 7.5cm f/3.5 Tessar Len,zeiss 521,Zeiss,Film Cameras,Used,39.99,USD,"FIXED_PRICE,BEST_OFFER",grail:Tessar,US,cameraexchange,100.0,2026-08-15T10:45:59.000Z,,https://www.ebay.com/itm/278282552843?hash=item40caeec60b:g:gVEAAeSwjJxqfwwb,https://i.ebayimg.com/images/g/gVEAAeSwjJxqfwwb/s-l225.jpg
超值,-39%,5399.99,11,96.0,"[MINT w/Flash,Strap] Contax 645 AF Body MFB-1A 120/220 Film back From JAPAN",contax mfb-1a,Contax,Film Cameras,Used,3299.99,USD,FIXED_PRICE,grail:645;good-cond,JP,fuku._34,100.0,2026-08-15T01:49:07.000Z,,https://www.ebay.com/itm/206491975911?hash=item3013e180e7:g:ZiMAAeSwKRRp-T4k,https://i.ebayimg.com/images/g/ZiMAAeSwKRRp-T4k/s-l225.jpg
偏低,-16%,508.49,16,94.0,【 MINT w/ Strap 】 Zenza Bronica Model C Nikkor-P 75mm f/2.8 Lens From JAPAN,bronica model nikkor-p,Bronica,Film Cameras,Used,429.9,USD,FIXED_PRICE,grail:Bronica Model;mount:nikon f;good-cond,JP,iseshima_japan_camera,100.0,2026-08-14T13:56:06.000Z,,https://www.ebay.com/itm/188791870034?hash=item2bf4df5252:g:bZMAAeSwVopqfx8v,https://i.ebayimg.com/images/g/bZMAAeSwVopqfx8v/s-l225.jpg
偏低,-15%,2699.99,80,94.0,⏯️ LATE [MINT++] Hasselblad 500CM Film Camera Body CF 80mm f2.8 Lens A12 From JP,hasselblad 80mm f2.8,Hasselblad,Film Cameras,Used,2299.99,USD,FIXED_PRICE,grail:500CM;mount:hasselblad v;good-cond,JP,1st_camera_tokyo,99.1,2026-08-14T12:46:32.000Z,,https://www.ebay.com/itm/377417955917?hash=item57dfdcfa4d:g:~xIAAeSwThVqfw7f,https://i.ebayimg.com/images/g/~xIAAeSwThVqfw7f/s-l225.jpg
偏低,-21%,708.44,15,93.0,CONTAX TVS Film Camera Carl Zeiss Vario Sonnar 28-56mm Lens Case NEAR MINT,contax tvs carl,Contax,Film Cameras,Used,560.93,USD,FIXED_PRICE,grail:CONTAX TVS;good-cond,JP,manekineko-japan,98.4,2026-08-14T13:42:59.000Z,,https://www.ebay.com/itm/206490715307?hash=item3013ce44ab:g:51EAAeSwhyNqfxwa,https://i.ebayimg.com/images/g/51EAAeSwhyNqfxwa/s-l225.jpg
偏低,-12%,2500.0,33,93.0,⏯️ Meter Works [NEAR MINT w/ Hood Strap] PLAUBEL Makina 67 6x7 Film Camera JAPAN,plaubel 67,Plaubel,Film Cameras,Used,2199.99,USD,"FIXED_PRICE,BEST_OFFER",grail:6x7;good-cond,JP,tomooka_49,99.8,2026-08-14T23:55:11.000Z,,https://www.ebay.com/itm/158189412792?hash=item24d4d2e1b8:g:9joAAeSw0Glpykua,https://i.ebayimg.com/images/g/9joAAeSw0Glpykua/s-l225.jpg
抄底,-53%,161.05,80,92.0,Tested▶︎[MINT] Nikon u Film Camera + DX AF-S 18-55mm f/3.5-5.6 G Lens From JAPAN,nikon af-s,Nikon,Film Cameras,Used,74.99,USD,FIXED_PRICE,55mm;good-cond,JP,taknis-78,100.0,2026-08-15T07:41:25.000Z,,https://www.ebay.com/itm/336743413209?hash=item4e6778b5d9:g:K1kAAeSwJgVqgBkh,https://i.ebayimg.com/images/g/K1kAAeSwJgVqgBkh/s-l225.jpg
超值,-43%,139.99,64,90.0,[Exc+5] Olympus mju μ Zoom 130 Point & Shoot 35mm Film camera From Japan A63,olympus mju 130,Olympus,Film Cameras,Used,79.9,USD,FIXED_PRICE,grail:mju;good-cond,JP,asbase_japan,98.9,2026-08-14T08:12:22.000Z,,https://www.ebay.com/itm/800506161798?hash=itemba61e2aa86:g:bNcAAeSwJZ9qF~mH,https://i.ebayimg.com/images/g/bNcAAeSwJZ9qF~mH/s-l225.jpg
超值,-35%,127.0,62,90.0,Olympus μ mju Zoom 70 Deluxe 35-70mm Point & Shoot Film Camera JAPAN [N. MINT],olympus mju 70,Olympus,Film Cameras,Used,81.99,USD,"FIXED_PRICE,BEST_OFFER",grail:mju;good-cond,JP,maco0_18,100.0,2026-08-14T14:53:41.000Z,,https://www.ebay.com/itm/800507653881?hash=itemba61f96ef9:g:nEYAAeSwPQNqN4MK,https://i.ebayimg.com/images/g/nEYAAeSwPQNqN4MK/s-l225.jpg
超值,-36%,259.99,69,90.0,[Near MINT] Mamiya Sekor NB 65mm f/4.5 Wide Angle Lens For RB67 S SD From JAPAN,mamiya sekor 65mm f4.5,Mamiya,Lenses,Used,164.99,USD,FIXED_PRICE,grail:RB67;good-cond,JP,kazu_camera_yamanashi_japan,99.8,2026-08-14T18:05:44.000Z,,https://www.ebay.com/itm/168613870019?hash=item27422b79c3:g:JqQAAeSwjgRqf1oo,https://i.ebayimg.com/images/g/JqQAAeSwjgRqf1oo/s-l225.jpg
超值,-26%,472.49,40,90.0,Meter OK [Near MINT Lugs] Pentax LX Early Model 35mm Film Camera FA-1 From JAPAN,pentax fa-1,Pentax,Film Cameras,Used,349.99,USD,FIXED_PRICE,grail:Pentax LX;good-cond,JP,kobayashi-camera,100.0,2026-08-15T01:07:49.000Z,,https://www.ebay.com/itm/398286817101?hash=item5cbbbe874d:g:GwsAAeSw4U1qf8Io,https://i.ebayimg.com/images/g/GwsAAeSw4U1qf8Io/s-l225.jpg
超值,-33%,597.5,64,90.0,[Top MINT w/ GF-21 Finder ] Contax Carl Zeiss Biogon 21mm f/2.8 lens From JAPAN,contax biogon 21mm f2.8,Contax,Lenses,Used,399.99,USD,FIXED_PRICE,grail:Biogon;good-cond,JP,rakuw_21,99.3,2026-08-14T06:46:40.000Z,,https://www.ebay.com/itm/318727724195?hash=item4a35a71ca3:g:RM8AAeSwbiNqfrqJ,https://i.ebayimg.com/images/g/RM8AAeSwbiNqfrqJ/s-l225.jpg
超值,-31%,999.99,80,90.0,Read [Near Mint+ w/Strap/Screen] Nikon FM3A Silver SLR 35mm MF Film Camera JAPAN,nikon fm3a,Nikon,Film Cameras,Used,689.99,USD,FIXED_PRICE,grail:FM3A;good-cond,JP,tsukada.camera.japan,100.0,2026-08-14T17:19:25.000Z,,https://www.ebay.com/itm/366605720191?hash=item555b675a7f:g:poEAAeSwjZxqf07a,https://i.ebayimg.com/images/g/poEAAeSwjZxqf07a/s-l225.jpg
超值,-31%,1068.7,80,90.0,CLA'd [Near MINT] Hasselblad Carl Zeiss Planar T* C 80mm F/2.8 Standard Lens 617,hasselblad planar 80mm f2.8,Hasselblad,Lenses,Used,739.99,USD,FIXED_PRICE,grail:Planar;good-cond,JP,*kon_nichiwa*camera-japan,100.0,2026-08-14T04:29:13.000Z,,https://www.ebay.com/itm/318727286298?hash=item4a35a06e1a:g:100AAeSw40Zpx-8u,https://i.ebayimg.com/images/g/100AAeSw40Zpx-8u/s-l225.jpg
超值,-36%,1216.56,43,90.0,Sale!! [MINT] Nikon F3/T HP Titanium Silver 35mm SLR Film Camera Body From JAPAN,nikon f3/t titanium,Nikon,Film Cameras,Used,784.99,USD,FIXED_PRICE,grail:Nikon F3;good-cond,JP,aq_-1788,99.6,2026-08-15T13:24:35.000Z,,https://www.ebay.com/itm/318734151253?hash=item4a36092e55:g:cEMAAeSwOLpqgGmC,https://i.ebayimg.com/images/g/cEMAAeSwOLpqgGmC/s-l225.jpg
超值,-39%,1329.99,49,90.0,Meter Works!! [Optics MINT] Minolta CLE 35mm Film Camera Body w/ Grip From JAPAN,minolta cle,Minolta,Film Cameras,Used,808.42,USD,FIXED_PRICE,grail:Minolta CLE;good-cond,JP,arigato-jpn,100.0,2026-08-14T08:32:25.000Z,,https://www.ebay.com/itm/137619768094?hash=item200ac7031e:g:~PEAAeSwyRFqftCo,https://i.ebayimg.com/images/g/~PEAAeSwyRFqftCo/s-l225.jpg
超值,-29%,1399.99,25,90.0,【 NEAR MINT w/Box 】 Nikon 28Ti 35mm Point & Shoot Film Camera From JAPAN,nikon 28ti,Nikon,Film Cameras,Used,999.99,USD,FIXED_PRICE,grail:28Ti;good-cond,JP,ykond91-camera-japan,100.0,2026-08-15T12:10:45.000Z,,https://www.ebay.com/itm/800512433907?hash=itemba62425ef3:g:-cIAAeSwZlJqajOT,https://i.ebayimg.com/images/g/-cIAAeSwZlJqajOT/s-l225.jpg
超值,-25%,1399.99,49,90.0,*MINT* Fuji Fujifilm Klasse Black Point & Shoot 35mm Film Camera From JAPAN,fuji klasse,Fuji,Film Cameras,Used,1049.99,USD,FIXED_PRICE,grail:Klasse;good-cond,JP,japan.treasures.camera,100.0,2026-08-14T14:06:06.000Z,,https://www.ebay.com/itm/407144443951?hash=item5ecbb3302f:g:Vd0AAeSwT4dqfyIE,https://i.ebayimg.com/images/g/Vd0AAeSwT4dqfyIE/s-l225.jpg
抄底,-67%,449.99,80,89.0,Near Mint Genuine Nikon F100 Film Camera Back Door Rear Door No Sticky 3282,nikon f100,Nikon,Film Cameras,Used,149.0,USD,FIXED_PRICE,good-cond,JP,sakuracamera,100.0,2026-08-15T01:06:04.000Z,,https://www.ebay.com/itm/407145533369?hash=item5ecbc3cfb9:g:~DcAAeSwU21qfrPy,https://i.ebayimg.com/images/g/~DcAAeSwU21qfrPy/s-l225.jpg
抄底,-70%,574.99,80,89.0,[NEAR MINT] Fuji Fujifilm Super Fujica 6 Six 6x6 Medium Format Camera From JAPAN,fuji 6,Fuji,Film Cameras,Used,169.99,USD,"FIXED_PRICE,BEST_OFFER",good-cond,JP,asami-camerashop-japan,100.0,2026-08-15T00:27:19.000Z,,https://www.ebay.com/itm/800509619157?hash=itemba62176bd5:g:ei0AAeSwtLtpy5Wy,https://i.ebayimg.com/images/g/ei0AAeSwtLtpy5Wy/s-l225.jpg
抄底,-60%,549.99,35,89.0,[Exc+5 w/BATTERY GRIP BG-E4] CANON EOS 5D 12.8 MP Digital SLR CAMERA From JAPAN,canon 5d,Canon,Film Cameras,Used,219.99,USD,FIXED_PRICE,good-cond,JP,hayato_camera_japan,98.9,2026-08-14T14:17:25.000Z,,https://www.ebay.com/itm/407144468847?hash=item5ecbb3916f:g:yT8AAeSwdixqfySs,https://i.ebayimg.com/images/g/yT8AAeSwdixqfySs/s-l225.jpg
超值,-34%,850.0,15,89.0,Meter Works [ Near MINT ] Leitz Minolta CL Film Camera Leica M From JAPAN,leitz minolta leica,Leitz,Film Cameras,Used,559.99,USD,FIXED_PRICE,mount:leica m;good-cond,JP,akahar90,100.0,2026-08-14T23:58:07.000Z,,https://www.ebay.com/itm/398286589817?hash=item5cbbbb0f79:g:wQIAAeSwbiNqf6xJ,https://i.ebayimg.com/images/g/wQIAAeSwbiNqf6xJ/s-l225.jpg
超值,-31%,850.0,15,89.0,Meter Works! [Top MINT] Leitz Minolta CL Film Camera Leica M From JAPAN,leitz minolta leica,Leitz,Film Cameras,Used,589.99,USD,FIXED_PRICE,mount:leica m;good-cond,JP,japancamerapro,99.2,2026-08-14T23:52:42.000Z,,https://www.ebay.com/itm/398286586637?hash=item5cbbbb030d:g:NjUAAeSwVopqf6sC,https://i.ebayimg.com/images/g/NjUAAeSwVopqf6sC/s-l225.jpg
偏低,-12%,282.49,24,88.0,[MINT w/Case] Contax Tix APS Film Camera Carl Zeiss Sonnar 28mm f/2.8 From JAPAN,contax tix aps,Contax,Film Cameras,Used,249.99,USD,FIXED_PRICE,grail:Sonnar;good-cond,JP,tokyocameraworks,100.0,2026-08-14T14:05:29.000Z,,https://www.ebay.com/itm/407144443195?hash=item5ecbb32d3b:g:~xgAAeSww81qMqqP,https://i.ebayimg.com/images/g/~xgAAeSww81qMqqP/s-l225.jpg
偏低,-16%,369.0,41,88.0,All Works [N MINT] Leica Mini Elmar Point & Shoot 35mm Film Camera From JAPAN,leica mini elmar,Leica,Film Cameras,Used,309.99,USD,FIXED_PRICE,grail:Elmar;good-cond,JP,massa-4656,100.0,2026-08-14T12:19:25.000Z,,https://www.ebay.com/itm/377417889787?hash=item57dfdbf7fb:g:2a8AAeSwYYxpouJV,https://i.ebayimg.com/images/g/2a8AAeSwYYxpouJV/s-l225.jpg
偏低,-8%,349.25,74,88.0,[Top MINT] Contax IIIa Rangefinder Film Camera w/ Sonnar 50mm F2 Lens From JAPAN,contax iiia,Contax,Film Cameras,Used,319.99,USD,FIXED_PRICE,grail:Sonnar;good-cond,JP,beryg_camera-japan,100.0,2026-08-15T06:24:49.000Z,,https://www.ebay.com/itm/800511070859?hash=itemba622d928b:g:550AAeSwqgRqgAde,https://i.ebayimg.com/images/g/550AAeSwqgRqgAde/s-l225.jpg
偏低,-14%,464.99,28,88.0,Read [N MINT] Zenza Bronica EC-TL 6x6 Medium Format Camera 75mm F2.8 Lens JAPAN,bronica ec-tl,Bronica,Film Cameras,Used,399.0,USD,FIXED_PRICE,grail:Bronica EC;good-cond,JP,bgnsc_47,100.0,2026-08-14T18:54:31.000Z,,https://www.ebay.com/itm/398285884972?hash=item5cbbb04e2c:g:eAIAAeSwYTBqf2Vh,https://i.ebayimg.com/images/g/eAIAAeSwYTBqf2Vh/s-l225.jpg
合理,+4%,424.73,80,88.0,▶️[NEAR MINT+] Zenza Bronica S2 NIKKOR-H 50mm f3.5 Lens w/Filter From JAPAN,bronica s2,Bronica,Film Cameras,Used,439.99,USD,"FIXED_PRICE,BEST_OFFER",grail:Bronica S2;mount:nikon f;good-cond,JP,manaco_shop_japan,99.6,2026-08-14T15:17:15.000Z,,https://www.ebay.com/itm/298587849534?hash=item458539033e:g:lv8AAeSwOhNqDv3R,https://i.ebayimg.com/images/g/lv8AAeSwOhNqDv3R/s-l225.jpg
合理,+6%,424.73,80,88.0,Late [N MINT] Zenza Bronica S2 Film Camera Nikkor-P 75mm f/2.8 Lens From JAPAN,bronica s2,Bronica,Film Cameras,Used,449.99,USD,FIXED_PRICE,grail:Bronica S2;mount:nikon f;good-cond,JP,koma_6521,100.0,2026-08-14T23:56:30.000Z,,https://www.ebay.com/itm/820003128500?hash=itembeebfec4b4:g:btgAAeSw3C1qf6uq,https://i.ebayimg.com/images/g/btgAAeSw3C1qf6uq/s-l225.jpg
偏低,-12%,564.99,28,88.0,[N MINT w/ Strap] Contax TVS II TVSII Point & Shoot 35mm Film Camera From JAPAN,contax tvs tvsii,Contax,Film Cameras,Used,499.99,USD,FIXED_PRICE,grail:Contax TVS;good-cond,JP,miytam_0,100.0,2026-08-14T17:59:54.000Z,,https://www.ebay.com/itm/398285729212?hash=item5cbbadedbc:g:D2sAAeSwJHdqf1ko,https://i.ebayimg.com/images/g/D2sAAeSwJHdqf1ko/s-l225.jpg
偏低,-18%,727.5,46,88.0,[ A MINT w/Boxed ] Leica R8 Black 35mm SLR Film Camera Body From Japan #2769,leica r8,Leica,Film Cameras,Used,599.99,USD,FIXED_PRICE,grail:Leica R8;good-cond,JP,japan-collection-camera-take,100.0,2026-08-14T15:40:13.000Z,,https://www.ebay.com/itm/398285330536?hash=item5cbba7d868:g:4pAAAeSw88dp3Q-v,https://i.ebayimg.com/images/g/4pAAAeSw88dp3Q-v/s-l225.jpg
超值,-33%,899.99,80,88.0,Contax G1 Contax G 35mm Rangefinder Camera GREEN LABEL Data Back GD-1 Mint,contax g1,Contax,Film Cameras,Used,600.0,USD,"FIXED_PRICE,BEST_OFFER",grail:Contax G1;good-cond;low-feedback,US,drde47,85.7,2026-08-14T15:28:25.000Z,,https://www.ebay.com/itm/398285296080?hash=item5cbba751d0:g:2VwAAeSwWatqfzB5,https://i.ebayimg.com/images/g/2VwAAeSwWatqfzB5/s-l225.jpg
偏低,-21%,797.45,30,88.0,[Exc+5] ZENZA BRONICA AE Finder GS-1 PG 100mm Lens 120 Film From JAPAN,bronica gs-1,Bronica,Film Cameras,Used,629.99,USD,FIXED_PRICE,grail:BRONICA AE;good-cond,JP,nao_reuse_camera_japan,100.0,2026-08-14T13:37:28.000Z,,https://www.ebay.com/itm/147504572088?hash=item2257f526b8:g:gzoAAeSwNtZqfxqZ,https://i.ebayimg.com/images/g/gzoAAeSwNtZqfxqZ/s-l225.jpg
偏低,-14%,899.99,80,88.0,[Opt MINT] Contax G1 35mm Film Camera Body + 28mm Lens From JAPAN,contax g1,Contax,Film Cameras,Used,769.99,USD,FIXED_PRICE,grail:Contax G1;good-cond,JP,kaya6610,99.6,2026-08-14T19:14:53.000Z,,https://www.ebay.com/itm/318730491479?hash=item4a35d15657:g:pjgAAeSwlShqf2og,https://i.ebayimg.com/images/g/pjgAAeSwlShqf2og/s-l225.jpg
偏低,-10%,999.9,80,88.0,▶️[MINT] Hasselblad 500C/M 500CM Medium Format Film Camera Body From JAPAN,hasselblad 500c/m,Hasselblad,Film Cameras,Used,900.0,USD,FIXED_PRICE,grail:500C;good-cond,JP,sunshine_camera,99.7,2026-08-14T23:32:38.000Z,,https://www.ebay.com/itm/206491759735?hash=item3013de3477:g:aG0AAeSw3lhqf6aJ,https://i.ebayimg.com/images/g/aG0AAeSw3lhqf6aJ/s-l225.jpg
偏低,-15%,1099.99,72,88.0,Leica Minilux Zoom Point & Shoot 35mm Compact Film Camera 【 MINT w/Case 】 JAPAN,leica minilux,Leica,Film Cameras,Used,939.99,USD,"FIXED_PRICE,BEST_OFFER",grail:Minilux;good-cond,JP,jumari-japan-vintage,100.0,2026-08-15T01:23:27.000Z,,https://www.ebay.com/itm/366606369661?hash=item555b71437d:g:FpsAAeSwimlqcKQF,https://i.ebayimg.com/images/g/FpsAAeSwimlqcKQF/s-l225.jpg
偏低,-19%,1699.99,55,88.0,Late 3 Lug [Almost MINT] Leica M5 Rangefinder Film Camera Black Body From JAPAN,leica m5,Leica,Film Cameras,Used,1369.99,USD,FIXED_PRICE,grail:Leica M5;good-cond,JP,miyako_camera_japan,100.0,2026-08-14T10:10:59.000Z,,https://www.ebay.com/itm/128026211003?hash=item1dcef4f2bb:g:DHoAAeSwvFVqfurm,https://i.ebayimg.com/images/g/DHoAAeSwvFVqfurm/s-l225.jpg
偏低,-8%,3274.95,80,88.0,[Near MINT W/ TLA200 Flash] Contax G2 Rangefinder 35mm Film Camera Lens JAPAN,contax g2,Contax,Film Cameras,Used,2999.9,USD,FIXED_PRICE,grail:Contax G2;good-cond,JP,jp2014-kongf,100.0,2026-08-14T14:25:05.000Z,,https://www.ebay.com/itm/168613505932?hash=item274225eb8c:g:dJgAAeSwgGdqfyX9,https://i.ebayimg.com/images/g/dJgAAeSwgGdqfyX9/s-l225.jpg
偏低,-10%,3334.99,66,88.0,Tested [TOP MINT] Contax T3 Silver Single 35mm Point & Shoot Camera From JAPAN,contax t3,Contax,Film Cameras,Used,2999.99,USD,"FIXED_PRICE,BEST_OFFER",grail:Contax T3;good-cond,JP,teriyaki.japan,99.6,2026-08-14T12:30:37.000Z,,https://www.ebay.com/itm/407144141252?hash=item5ecbae91c4:g:X6UAAeSwF~xqfwm6,https://i.ebayimg.com/images/g/X6UAAeSwF~xqfwm6/s-l225.jpg
偏低,-8%,3274.95,80,88.0,3 lenses & Tested [MINT] Contax G2 35mm film camera + 28mm 45mm 90mm From JAPAN,contax g2,Contax,Film Cameras,Used,2999.99,USD,FIXED_PRICE,grail:Contax G2;good-cond,JP,rakuw_21,99.3,2026-08-14T09:04:42.000Z,,https://www.ebay.com/itm/318728263070?hash=item4a35af559e:g:WmAAAeSwJvdqfttb,https://i.ebayimg.com/images/g/WmAAAeSwJvdqfttb/s-l225.jpg
超值,-26%,269.99,34,86.0,[MINT] SMC Pentax A 645 45-85mm f4.5 Zoom Camera Lens For 645 N NII From JAPAN,pentax smc 45-85mm f4.5,Pentax,Lenses,Used,199.99,USD,FIXED_PRICE,grail:645;mount:pentax k;good-cond,JP,camera_japan_chiba,100.0,2026-08-14T17:17:26.000Z,,https://www.ebay.com/itm/128026722258?hash=item1dcefcbfd2:g:bZcAAeSwp49qf05e,https://i.ebayimg.com/images/g/bZcAAeSwp49qf05e/s-l225.jpg
超值,-26%,269.99,34,86.0,[Near MINT] SMC Pentax FA 45-85mm f4.5 Zoom Lens For 645 N NII Camera From JAPAN,pentax smc 45-85mm f4.5,Pentax,Lenses,Used,199.99,USD,FIXED_PRICE,grail:645;mount:pentax k;good-cond,JP,hakata_camera_japan,100.0,2026-08-14T16:06:58.000Z,,https://www.ebay.com/itm/800507921692?hash=itemba61fd851c:g:Cz4AAeSwQGhqfz5Q,https://i.ebayimg.com/images/g/Cz4AAeSwQGhqfz5Q/s-l225.jpg
超值,-38%,833.88,30,86.0,Voigtlander APO-ULTRON 90mm F/2 VM Black (for Leica M mount) #257,voigtlander ultron 90mm f2,Voigtlander,Lenses,Good - Refurbished,515.85,USD,FIXED_PRICE,grail:ULTRON;mount:leica m,JP,mapcamera,100.0,2026-08-14T09:13:48.000Z,,https://www.ebay.com/itm/820000562029?hash=itembeebd79b6d:g:YnEAAeSwNz9qftxA,https://i.ebayimg.com/images/g/YnEAAeSwNz9qftxA/s-l225.jpg
超值,-31%,771.0,40,86.0,Voigtlander NOKTON Vintage Line 35mm F/1.5 ASPH. TypeI VM (Leica M) #263,voigtlander nokton 35mm f1.5,Voigtlander,Lenses,Good - Refurbished,528.0,USD,FIXED_PRICE,grail:NOKTON;mount:leica m,JP,mapcamera,100.0,2026-08-14T09:05:36.000Z,,https://www.ebay.com/itm/820000539696?hash=itembeebd74430:g:KXkAAeSwYVRqftpU,https://i.ebayimg.com/images/g/KXkAAeSwYVRqftpU/s-l225.jpg
超值,-26%,1111.62,80,86.0,"Hasselblad 500C Camera Body w/Waist Level Finder, Clean! #350",hasselblad 500c,Hasselblad,Film Cameras,Excellent - Refurbished,824.41,USD,"FIXED_PRICE,BEST_OFFER",grail:500C,US,robertscamera,99.8,2026-08-14T18:24:39.000Z,,https://www.ebay.com/itm/147505045271?hash=item2257fc5f17:g:SPIAAeSw64Zqf11h,https://i.ebayimg.com/images/g/SPIAAeSw64Zqf11h/s-l225.jpg
超值,-37%,3274.95,80,86.0,Contax G2 35mm Rangefinder Film Camera BODY ONLY,contax g2,Contax,Film Cameras,Used,2050.0,USD,"FIXED_PRICE,BEST_OFFER",grail:Contax G2,US,szpot,100.0,2026-08-14T19:02:32.000Z,,https://www.ebay.com/itm/137621520259?hash=item200ae1bf83:g:XYYAAeSwbspqf2Oj,https://i.ebayimg.com/images/g/XYYAAeSwbspqf2Oj/s-l225.jpg
偏低,-21%,144.95,80,84.0,[Near MINT] Contax Carl Zeiss Sonnar T* 135mm f/2.8 Lens AEJ C/Y From JAPAN #291,contax sonnar 135mm f2.8,Contax,Lenses,Used,114.99,USD,FIXED_PRICE,grail:Sonnar;mount:contax/yashica;good-cond,JP,*kon_nichiwa*camera-japan,100.0,2026-08-14T04:29:13.000Z,,https://www.ebay.com/itm/318727286226?hash=item4a35a06dd2:g:0d0AAOSwtLdk6Rw7,https://i.ebayimg.com/images/g/0d0AAOSwtLdk6Rw7/s-l225.jpg
偏低,-21%,272.0,80,84.0,[MINT] Contax Carl Zeiss Distagon 35mm f/2.8 AEJ Lens C/Y Mount From JAPAN,contax distagon 35mm f2.8,Contax,Lenses,Used,215.0,USD,"FIXED_PRICE,BEST_OFFER",grail:Distagon;mount:contax/yashica;good-cond,JP,ab.japan.market,100.0,2026-08-14T19:11:06.000Z,,https://www.ebay.com/itm/318730484802?hash=item4a35d13c42:g:mvYAAeSwy0Vqf2kM,https://i.ebayimg.com/images/g/mvYAAeSwy0Vqf2kM/s-l225.jpg
偏低,-21%,317.25,73,84.0,[Near Mint] Contax Zeiss Makro-Planar T* 60mm f2.8 MMJ Lens C/Y Mount From JAPAN,contax planar 60mm f2.8,Contax,Lenses,Used,249.99,USD,FIXED_PRICE,grail:Planar;mount:contax/yashica;good-cond,JP,hirots-14,100.0,2026-08-14T23:28:26.000Z,,https://www.ebay.com/itm/820003051424?hash=itembeebfd97a0:g:KE8AAeSwrJFqf6XD,https://i.ebayimg.com/images/g/KE8AAeSwrJFqf6XD/s-l225.jpg
偏低,-23%,349.99,33,84.0,[Near MINT] Contax Carl Zeiss Vario-Sonnar 35-70mm f/3.4 MMJ Lens C/Y JAPAN 1147,contax sonnar 35-70mm f3.4,Contax,Lenses,Used,269.99,USD,FIXED_PRICE,grail:Sonnar;mount:contax/yashica;good-cond,JP,jojig_59_camera_japan,99.7,2026-08-15T00:07:58.000Z,,https://www.ebay.com/itm/137622330323?hash=item200aee1bd3:g:xeoAAeSwseNqf67N,https://i.ebayimg.com/images/g/xeoAAeSwseNqf67N/s-l225.jpg
偏低,-17%,349.99,81,84.0,[NEAR MINT] Contax Carl Zeiss Distagon T* 25mm F/2.8 MMJ MF Lens C/Y JAPAN #152,contax distagon 25mm f2.8,Contax,Lenses,Used,289.99,USD,FIXED_PRICE,grail:Distagon;mount:contax/yashica;good-cond,JP,shop-nakasone,99.5,2026-08-15T00:29:48.000Z,,https://www.ebay.com/itm/128027193725?hash=item1dcf03f17d:g:-E0AAeSwY9xpBgqR,https://i.ebayimg.com/images/g/-E0AAeSwY9xpBgqR/s-l225.jpg
偏低,-14%,349.99,81,84.0,*MINT* Contax Carl Zeiss Distagon 25mm F/2.8 AEG C/Y Mount Lens From Japan,contax distagon 25mm f2.8,Contax,Lenses,Used,299.9,USD,FIXED_PRICE,grail:Distagon;mount:contax/yashica;good-cond,JP,sakuya-camera08,99.0,2026-08-14T18:32:59.000Z,,https://www.ebay.com/itm/398285840049?hash=item5cbbaf9eb1:g:EfEAAeSwRQxqX8L0,https://i.ebayimg.com/images/g/EfEAAeSwRQxqX8L0/s-l225.jpg
偏低,-16%,414.99,46,84.0,Rollei 35 S Silver 35mm Film Camera Sonnar 2.8 40 HFT Lens Case Strap Mint Works,rollei sonnar 35mm,Rollei,Film Cameras,Used,350.0,USD,"FIXED_PRICE,BEST_OFFER",grail:Sonnar;good-cond,US,trufflepigarchive,98.7,2026-08-15T07:42:43.000Z,,https://www.ebay.com/itm/298589589716?hash=item45855390d4:g:IhQAAeSwSLlqgBdp,https://i.ebayimg.com/images/g/IhQAAeSwSLlqgBdp/s-l225.jpg
偏低,-23%,545.0,77,84.0,Tested [MINT] Contax Carl Zeiss 18mm f/4 AEG Distagon Lens C/Y From JAPAN,contax distagon 18mm f4,Contax,Lenses,Used,419.99,USD,FIXED_PRICE,grail:Distagon;mount:contax/yashica;good-cond,JP,yutacamerajapan,100.0,2026-08-14T09:06:52.000Z,,https://www.ebay.com/itm/298587083994?hash=item45852d54da:g:yVcAAeSwd8Vqfttm,https://i.ebayimg.com/images/g/yVcAAeSwd8Vqfttm/s-l225.jpg
偏低,-10%,486.95,24,84.0,[Almost MINT] Voigtlander Ultra Wide-Heliar 12mm f5.6 Aspherical Lens Leica M VM,voigtlander heliar 12mm f5.6,Voigtlander,Lenses,Used,439.99,USD,"FIXED_PRICE,BEST_OFFER",grail:Heliar;mount:leica m;good-cond,JP,prosper-nagoya-japan,99.8,2026-08-14T07:18:19.000Z,,https://www.ebay.com/itm/267756789853?hash=item3e578c605d:g:g2cAAeSw8KJqavuS,https://i.ebayimg.com/images/g/g2cAAeSw8KJqavuS/s-l225.jpg
偏低,-9%,573.16,80,84.0,[Opt Mint] Carl Zeiss Makro Planar T* 50mm f/2 ZF For Nikon F w/Hood Japan 403,zeiss planar 50mm f2,Zeiss,Lenses,Used,519.99,USD,FIXED_PRICE,grail:Planar;mount:nikon f;good-cond,JP,japan-camera-harashima,99.6,2026-08-14T14:56:37.000Z,,https://www.ebay.com/itm/287524920085?hash=item42f1d21b15:g:4fEAAeSwxthqfy0U,https://i.ebayimg.com/images/g/4fEAAeSwxthqfy0U/s-l225.jpg
偏低,-16%,649.99,9,84.0,*Near MINT* Bronica ETR 6x4.5 Film Camera w/ 75mm F2.8 AE Finder 120 Holder Grip,bronica etr 6x4.5,Bronica,Film Cameras,Used,549.0,USD,FIXED_PRICE,grail:Bronica ETR;good-cond,JP,yama-store2018,99.7,2026-08-15T13:34:16.000Z,,https://www.ebay.com/itm/168615753590?hash=item2742483776:g:QFgAAeSw65pqgGqj,https://i.ebayimg.com/images/g/QFgAAeSw65pqgGqj/s-l225.jpg
偏低,-8%,1199.99,10,84.0,[ Top MINT+++ ] Zenza Bronica ETR Si AE III Film Camera PE 75mm f/2.8 Lens JAPAN,bronica etr iii,Bronica,Film Cameras,Used,1099.99,USD,FIXED_PRICE,grail:Bronica ETR;good-cond,JP,kuwashiku.05,99.6,2026-08-14T20:57:06.000Z,,https://www.ebay.com/itm/178407387349?hash=item2989e8b0d5:g:Tz0AAeSwvFVqf4IX,https://i.ebayimg.com/images/g/Tz0AAeSwvFVqf4IX/s-l225.jpg
偏低,-12%,1599.99,15,84.0,[N.MINT+ Grip] Minolta CLE Rangefinder Film camera M-Rokkor 40mm f/2 Lens JAPAN,minolta cle m-rokkor,Minolta,Film Cameras,Used,1399.99,USD,FIXED_PRICE,grail:Minolta CLE;mount:minolta md;good-cond,JP,nao_reuse_camera_japan,100.0,2026-08-14T13:38:39.000Z,,https://www.ebay.com/itm/147504574638?hash=item2257f530ae:g:op8AAeSwxxdqfxuP,https://i.ebayimg.com/images/g/op8AAeSwxxdqfxuP/s-l225.jpg
偏低,-24%,8499.0,21,84.0,"""NEAR MINT BOX""Leica MP 0.72 Black Paint Rangefinder Film Camera #6207",leica 0.72 paint,Leica,Film Cameras,Used,6495.0,USD,FIXED_PRICE,grail:Leica MP;good-cond,JP,camerajapan20,100.0,2026-08-14T13:59:52.000Z,,https://www.ebay.com/itm/198570829798?hash=item2e3bbe67e6:g:73MAAeSwC-Fqfxxx,https://i.ebayimg.com/images/g/73MAAeSwC-Fqfxxx/s-l225.jpg
超值,-28%,599.99,17,83.0,Read! Film Counter NG [App MINT] Voigtlander Bessaflex TM Black SLR from JAPAN,voigtlander bessaflex,Voigtlander,Film Cameras,Used,429.9,USD,FIXED_PRICE,good-cond,JP,tokyosnapshot,99.7,2026-08-14T07:11:51.000Z,,https://www.ebay.com/itm/128025962871?hash=item1dcef12977:g:Q8AAAeSwB7tqfsDo,https://i.ebayimg.com/images/g/Q8AAAeSwB7tqfsDo/s-l225.jpg
合理,+0%,109.99,80,82.0,[Near MINT] Contax RTS 35mm SLR Film Camera Black Body From JAPAN #421,contax rts,Contax,Film Cameras,Used,109.99,USD,"FIXED_PRICE,BEST_OFFER",grail:Contax RTS;good-cond,JP,*kon_nichiwa*camera-japan,100.0,2026-08-14T04:29:13.000Z,,https://www.ebay.com/itm/318727286271?hash=item4a35a06dff:g:-XoAAOSwyDZnk5z1,https://i.ebayimg.com/images/g/-XoAAOSwyDZnk5z1/s-l225.jpg
超值,-34%,212.0,52,82.0,Carl Zeiss Planar T* 50mm f1.7 MM Lens C/Y Mount,zeiss planar 50mm f1.7,Zeiss,Lenses,Used,139.99,USD,"FIXED_PRICE,BEST_OFFER",grail:Planar;mount:contax/yashica,US,genessouthbend,99.8,2026-08-14T14:47:06.000Z,,https://www.ebay.com/itm/227475769546?hash=item34f69cc8ca:g:RzQAAeSwt99qfyka,https://i.ebayimg.com/images/g/RzQAAeSwt99qfyka/s-l225.jpg
超值,-42%,294.5,70,82.0,Olympus OM-4 35mm SLR Film Camera Body Black Battery Tested Made in Japan,olympus om-4,Olympus,Film Cameras,Used,169.99,USD,FIXED_PRICE,grail:OM-4;mount:olympus om,US,collecting_lotsa_stuff,100.0,2026-08-14T04:27:55.000Z,,https://www.ebay.com/itm/327309423790?hash=item4c352974ae:g:IfQAAeSwB7tqdgLs,https://i.ebayimg.com/images/g/IfQAAeSwB7tqdgLs/s-l225.jpg
合理,-4%,290.0,80,82.0,[MINT w/ Case] Rollei 35 T Silver Body Tessar 40mm f/3.5 Lens From JAPAN,rollei tessar,Rollei,Film Cameras,Used,279.99,USD,FIXED_PRICE,grail:Tessar;good-cond,JP,zakky-camera-japan,99.8,2026-08-14T21:00:13.000Z,,https://www.ebay.com/itm/800508940565?hash=itemba620d1115:g:6WEAAeSw9jhqf4MT,https://i.ebayimg.com/images/g/6WEAAeSw9jhqf4MT/s-l225.jpg
合理,+6%,328.5,80,82.0,Leica Mini 35mm Point & Shoot Film Camera Elmar 35mm f/3.5 [NEAR MINT] Japan,leica mini,Leica,Film Cameras,Used,349.99,USD,"FIXED_PRICE,BEST_OFFER",grail:Elmar;good-cond,JP,japanvintage33,100.0,2026-08-14T05:28:58.000Z,,https://www.ebay.com/itm/366604607549?hash=item555b56603d:g:Tq4AAeSwFkJqfqB~,https://i.ebayimg.com/images/g/Tq4AAeSwFkJqfqB~/s-l225.jpg
合理,+0%,369.0,41,82.0,Tested [ MINT w/Case ] Leica Mini Elmar Point & Shoot 35mm Film Camera fr JAPAN,leica mini elmar,Leica,Film Cameras,Used,369.99,USD,FIXED_PRICE,grail:Elmar;good-cond,JP,sss.yyy.-57,100.0,2026-08-15T05:25:35.000Z,,https://www.ebay.com/itm/298589370387?hash=item4585503813:g:Q~0AAeSwbspqf~jJ,https://i.ebayimg.com/images/g/Q~0AAeSwbspqf~jJ/s-l225.jpg
合理,+6%,349.5,16,82.0,[ TOP MINT w/ Case ] Leica Mini Zoom Vario Elmar Film Camera 35-70mm From JAPAN,leica mini vario,Leica,Film Cameras,Used,369.99,USD,FIXED_PRICE,grail:Elmar;good-cond,JP,ohana_camera_tokyo,99.6,2026-08-14T07:44:38.000Z,,https://www.ebay.com/itm/198570095473?hash=item2e3bb33371:g:aR4AAeSwSJFqfsfr,https://i.ebayimg.com/images/g/aR4AAeSwSJFqfsfr/s-l225.jpg
超值,-30%,573.16,80,82.0,Carl Zeiss 50mm F2 T* Makro-Planar for Nikon F,zeiss planar 50mm f2,Zeiss,Lenses,Used,399.0,USD,FIXED_PRICE,grail:Planar;mount:nikon f,US,concourse,99.3,2026-08-14T06:34:28.000Z,,https://www.ebay.com/itm/178405410077?hash=item2989ca851d:g:7OgAAeSwHn1qfra~,https://i.ebayimg.com/images/g/7OgAAeSwHn1qfra~/s-l225.jpg
合理,-3%,442.49,52,82.0,[N MINT w/ D-9] Contax Aria 35mm SLR Film Camera Body Data Back TLA360 FromJAPAN,contax aria,Contax,Film Cameras,Used,429.99,USD,FIXED_PRICE,grail:Contax Aria;good-cond,JP,massa-4656,100.0,2026-08-14T12:24:30.000Z,,https://www.ebay.com/itm/377417899668?hash=item57dfdc1e94:g:WUUAAeSwHiJqfwos,https://i.ebayimg.com/images/g/WUUAAeSwHiJqfwos/s-l225.jpg
合理,+0%,899.99,80,82.0,TLA 140 Flash [Top MINT] Contax G1 Rangefinder 35mm Film Camera body Strap JAPAN,contax g1,Contax,Film Cameras,Used,899.99,USD,FIXED_PRICE,grail:Contax G1;good-cond,JP,happy-cameras-jp,100.0,2026-08-14T22:14:17.000Z,,https://www.ebay.com/itm/407145268097?hash=item5ecbbfc381:g:Zk4AAeSwlP5qf5Oy,https://i.ebayimg.com/images/g/Zk4AAeSwlP5qf5Oy/s-l225.jpg
合理,+0%,999.99,25,82.0,[Exc+5] Zenza Bronica SQ-Ai AQ Ai 6x6 Camera PS 80mm f2.8 Lens From JAPAN,bronica sq-ai,Bronica,Film Cameras,Used,999.99,USD,FIXED_PRICE,grail:Bronica SQ;good-cond,JP,nao_reuse_camera_japan,100.0,2026-08-14T13:36:09.000Z,,https://www.ebay.com/itm/147504570238?hash=item2257f51f7e:g:BOcAAeSwqgRqfxo3,https://i.ebayimg.com/images/g/BOcAAeSwqgRqfxo3/s-l225.jpg
合理,+10%,999.99,25,82.0,w/Hood + Film [MINT] Zenza Bronica SQ-Ai Camera 6x6 PS 80mm f2.8 Lens From JAPAN,bronica sq-ai,Bronica,Film Cameras,Used,1099.99,USD,FIXED_PRICE,grail:Bronica SQ;good-cond,JP,hajimyokoyam_0,100.0,2026-08-14T23:53:14.000Z,,https://www.ebay.com/itm/227476318513?hash=item34f6a52931:g:FRYAAeSwnx1qNRjE,https://i.ebayimg.com/images/g/FRYAAeSwnx1qNRjE/s-l225.jpg
合理,+7%,1499.99,80,82.0,Black Late Body [Near MINT] Hasselblad 500C/M 500CM Film Camera A12 ii FromJAPAN,hasselblad a12,Hasselblad,Film Cameras,Used,1599.99,USD,FIXED_PRICE,grail:500C;good-cond,JP,toyo_camera_japan,99.8,2026-08-14T12:59:20.000Z,,https://www.ebay.com/itm/377418002819?hash=item57dfddb183:g:ceoAAeSwpoNqfxHh,https://i.ebayimg.com/images/g/ceoAAeSwpoNqfxHh/s-l225.jpg
合理,+0%,1649.99,18,82.0,[Near MINT] Rollei Rolleiflex 6008 integral Planar 80mm f/2.8 HFT From JAPAN,rollei rolleiflex 6008,Rollei,Film Cameras,Used,1649.99,USD,FIXED_PRICE,grail:Planar;good-cond,JP,takosuke_camera_japan,100.0,2026-08-14T09:22:10.000Z,,https://www.ebay.com/itm/188790937820?hash=item2bf4d118dc:g:-cAAAeSwWz1p7ZGt,https://i.ebayimg.com/images/g/-cAAAeSwWz1p7ZGt/s-l225.jpg
合理,+7%,3274.95,80,82.0,[Top MINT] Contax G2 Rangefinder Film Camera 45mm Lens TLA200 Flash From JAPAN,contax g2,Contax,Film Cameras,Used,3499.9,USD,FIXED_PRICE,grail:Contax G2;good-cond,JP,falcon-4777-jp,100.0,2026-08-14T14:45:54.000Z,,https://www.ebay.com/itm/188792038344?hash=item2bf4e1e3c8:g:JBYAAeSw9jhqfyqh,https://i.ebayimg.com/images/g/JBYAAeSw9jhqfyqh/s-l225.jpg
合理,+10%,3274.95,80,82.0,CLA'd [MINT] Contax G2 35mm 35mm Film Camera 28mm 45mm 90mm TLA140 From JAPAN,contax g2,Contax,Film Cameras,Used,3599.99,USD,FIXED_PRICE,grail:Contax G2;good-cond,JP,fuku._34,100.0,2026-08-15T06:05:06.000Z,,https://www.ebay.com/itm/206492398619?hash=item3013e7f41b:g:78QAAeSwKTRqgALy,https://i.ebayimg.com/images/g/78QAAeSwKTRqgALy/s-l225.jpg
超值,-31%,8146.51,6,82.0,LEICA MP 0.72 10302 Black Paint Finish Built in 2022 Ultimate Leica Film Camera,leica 0.72 10302,Leica,Film Cameras,Used,5600.0,USD,FIXED_PRICE,grail:LEICA MP,US,conrailquality,100.0,2026-08-15T13:33:41.000Z,,https://www.ebay.com/itm/287526695944?hash=item42f1ed3408:g:NZAAAeSwBVhqgGR4,https://i.ebayimg.com/images/g/NZAAAeSwBVhqgGR4/s-l225.jpg
超值,-29%,127.0,62,80.0,[Opt Nint] Olympus mju Zoom 70 Deluxe 35mmPoint & Shoot Film Camera From JAPAN,olympus mju 70,Olympus,Film Cameras,Used,89.99,USD,FIXED_PRICE,grail:mju,JP,samurai-1173-cam,100.0,2026-08-14T19:55:36.000Z,,https://www.ebay.com/itm/318730607623?hash=item4a35d31c07:g:uQUAAeSwyRhqFKrR,https://i.ebayimg.com/images/g/uQUAAeSwyRhqFKrR/s-l225.jpg
超值,-28%,151.03,80,80.0,CONTAX Carl Zeiss Sonnar T* 90mm F/2.8 Lens G Mount From JAPAN #7602705,contax sonnar 90mm f2.8,Contax,Lenses,Used,108.99,USD,FIXED_PRICE,grail:Sonnar,JP,japan6412,100.0,2026-08-14T16:35:57.000Z,,https://www.ebay.com/itm/307126676147?hash=item47822d2ab3:g:hewAAeSwU4Zqfcm7,https://i.ebayimg.com/images/g/hewAAeSwU4Zqfcm7/s-l225.jpg
超值,-36%,169.9,41,80.0,ZENZA BRONICA LENS FOR MEDIUM FORM CAMERA ZENZANON-S F4.5 200MM Used,bronica 200mm f4.5,Bronica,Lenses,Used,109.0,USD,FIXED_PRICE,grail:BRONICA LENS,JP,hard-off-japan-in-au,99.2,2026-08-14T17:37:42.000Z,,https://www.ebay.com/itm/318730127835?hash=item4a35cbc9db:g:XOEAAeSwDRtqf3Sb,https://i.ebayimg.com/images/g/XOEAAeSwDRtqf3Sb/s-l225.jpg
超值,-28%,434.99,32,80.0,ZENZA BRONICA ZENZANON-PS 40mm F4 For SQ Wide Angle Lens From Japan Used,bronica 40mm f4,Bronica,Lenses,Used,313.79,USD,FIXED_PRICE,grail:BRONICA ZENZANON,JP,manekineko-japan,98.4,2026-08-14T07:25:46.000Z,,https://www.ebay.com/itm/206490007730?hash=item3013c378b2:g:FRMAAeSwVhJqfsOQ,https://i.ebayimg.com/images/g/FRMAAeSwVhJqfsOQ/s-l225.jpg
偏低,-17%,399.99,13,80.0,Voigtlander ULTRON 40mm F2 SL II Aspherical for Canon EF [Top Mint],voigtlander ef 40mm f2,Voigtlander,Lenses,Used,331.0,USD,FIXED_PRICE,grail:ULTRON;mount:canon ef;good-cond,JP,united_camera,99.9,2026-08-15T00:45:36.000Z,,https://www.ebay.com/itm/307127154929?hash=item47823478f1:g:usIAAeSwZM9qJPEE,https://i.ebayimg.com/images/g/usIAAeSwZM9qJPEE/s-l225.jpg
合理,-1%,899.99,80,80.0,Green Label [N MINT++ w/ Strap] Contax G1 Film Camera Planar 35mm f/2 from JAPAN,contax g1,Contax,Film Cameras,Used,890.0,USD,"FIXED_PRICE,BEST_OFFER",grail:Contax G1;good-cond,AU,calluus-xx0go,100.0,2026-08-15T03:27:22.000Z,,https://www.ebay.com/itm/178408257215?hash=item2989f5f6bf:g:Sd4AAeSwawdqfmTJ,https://i.ebayimg.com/images/g/Sd4AAeSwawdqfmTJ/s-l225.jpg
超值,-31%,79.82,58,79.0,JUPITER 8 RED P Soviet Lens 50mm f/2 copy Sonnar Mount CONTAX RF s/n: 5929769,contax rf 50mm f2,Contax,Lenses,Used,55.0,USD,"FIXED_PRICE,BEST_OFFER",grail:Sonnar;mount:canon rf,UA,vintagephotostore_ua,99.5,2026-08-14T07:17:58.000Z,,https://www.ebay.com/itm/237005070052?hash=item372e9a5ee4:g:X2gAAeSwDfFowmCm,https://i.ebayimg.com/images/g/X2gAAeSwDfFowmCm/s-l225.jpg
超值,-33%,150.0,80,79.0,[EXC+5] Olympus OM-1N black 35mm SLR Film Camera body From JAPAN,olympus om-1n,Olympus,Film Cameras,Used,99.99,USD,FIXED_PRICE,mount:olympus om;good-cond,JP,samurai-1173-cam,100.0,2026-08-14T15:53:05.000Z,,https://www.ebay.com/itm/318729724607?hash=item4a35c5a2bf:g:FtoAAeSwgY5qGf1m,https://i.ebayimg.com/images/g/FtoAAeSwgY5qGf1m/s-l225.jpg
超值,-41%,170.0,57,79.0,Carl Zeiss Jena DDR MC Sonnar f/3.5 135mm Telephoto Lens M42 Screw Mount,zeiss sonnar 135mm f3.5,Zeiss,Lenses,Used,99.99,USD,"FIXED_PRICE,BEST_OFFER",grail:Sonnar;mount:ltm/l39,UA,mbo_film_photo,100.0,2026-08-14T05:11:36.000Z,,https://www.ebay.com/itm/318727408370?hash=item4a35a24af2:g:q5MAAeSw2SRqfqMR,https://i.ebayimg.com/images/g/q5MAAeSw2SRqfqMR/s-l225.jpg
超值,-31%,159.45,22,79.0,[ Exc+5 ] Canon Model L2 Leica Mount L39 Rangefinder 35mm Film Camera From JAPAN,canon l2,Canon,Film Cameras,Used,109.99,USD,FIXED_PRICE,mount:ltm/l39;good-cond,JP,japan.sadacamera,100.0,2026-08-14T14:17:48.000Z,,https://www.ebay.com/itm/377418204572?hash=item57dfe0c59c:g:xnsAAeSwfn9qfyN9,https://i.ebayimg.com/images/g/xnsAAeSwfn9qfyN9/s-l225.jpg
超值,-26%,189.99,80,79.0,Pentax KX 35mm SLR Film Camera + SMC Pentax-M 50mm f/1.4 Lens【EXC+3】From JAPAN,pentax smc 35mm f1.4,Pentax,Film Cameras,Used,139.99,USD,FIXED_PRICE,mount:pentax k;good-cond,JP,naokaznak-0,100.0,2026-08-14T23:38:19.000Z,,https://www.ebay.com/itm/178407756862?hash=item2989ee543e:g:vOYAAeSwridpxxSj,https://i.ebayimg.com/images/g/vOYAAeSwridpxxSj/s-l225.jpg
偏低,-10%,177.5,36,79.0,[ N MINT +++] SMC PENTAX 67 Soft 120mm f/3.5 MF Lens for 6x7 67 67II from JAPAN,pentax smc 120mm f3.5,Pentax,Lenses,Used,159.99,USD,FIXED_PRICE,grail:PENTAX 67;mount:pentax k;good-cond,JP,tommy_camera_japan,100.0,2026-08-14T08:33:27.000Z,,https://www.ebay.com/itm/407143637632?hash=item5ecba6e280:g:6a8AAeSwCGNqftQR,https://i.ebayimg.com/images/g/6a8AAeSwCGNqftQR/s-l225.jpg
超值,-28%,249.99,80,79.0,Read [ Near MINT ] Canon P Rangefinder 35mm Film Camera Body LTM L39 From JAPAN,canon ltm 35mm,Canon,Film Cameras,Used,179.99,USD,FIXED_PRICE,mount:ltm/l39;good-cond,JP,miytam_0,100.0,2026-08-15T11:00:45.000Z,,https://www.ebay.com/itm/398288475434?hash=item5cbbd7d52a:g:2~kAAeSwvLhqgEfT,https://i.ebayimg.com/images/g/2~kAAeSwvLhqgEfT/s-l225.jpg
超值,-39%,499.99,80,79.0,Read【App NEAR MINT】Nikon S2 late Black Dial Nikkor-H.C 50mm f/2 Lens From JAPAN,nikon s2,Nikon,Film Cameras,Used,306.89,USD,FIXED_PRICE,mount:nikon f;good-cond,JP,s19640309,100.0,2026-08-15T09:42:47.000Z,,https://www.ebay.com/itm/158190760714?hash=item24d4e7730a:g:CmYAAeSwtqtqgAsC,https://i.ebayimg.com/images/g/CmYAAeSwtqtqgAsC/s-l225.jpg
偏高,+29%,2500.0,33,79.0,CLA'd [TOP MINT Boxed w/ Hood Grip] Plaubel Makina 67 6x7 Film Camera from Japan,plaubel 67,Plaubel,Film Cameras,Used,3229.99,USD,FIXED_PRICE,grail:6x7;good-cond,JP,tarmanpuk_0,99.7,2026-08-14T23:25:12.000Z,,https://www.ebay.com/itm/287525640860?hash=item42f1dd1a9c:g:NDoAAeSwCclqf6MJ,https://i.ebayimg.com/images/g/NDoAAeSwCclqf6MJ/s-l225.jpg
偏低,-16%,109.99,80,78.0,[Excellent+5] Contax RTS 35mm SLR Film Camera Black Body from Japan #8238,contax rts,Contax,Film Cameras,Used,92.0,USD,FIXED_PRICE,grail:Contax RTS,JP,japan_cameras_4u,99.6,2026-08-14T21:18:45.000Z,,https://www.ebay.com/itm/298588535450?hash=item4585437a9a:g:bQQAAeSwhINqVrQ4,https://i.ebayimg.com/images/g/bQQAAeSwhINqVrQ4/s-l225.jpg
偏低,-23%,127.0,62,78.0,[Exc+5] Olympus mju zoom 70 DELUXE Compact Film Camera From JAPAN,olympus mju 70,Olympus,Film Cameras,Used,98.0,USD,FIXED_PRICE,grail:mju;good-cond,JP,vintage_camera_japan_10,99.4,2026-08-14T15:31:53.000Z,,https://www.ebay.com/itm/128026610347?hash=item1dcefb0aab:g:5xAAAeSwKs5qYggg,https://i.ebayimg.com/images/g/5xAAAeSwKs5qYggg/s-l225.jpg
偏低,-11%,127.0,62,78.0,[N MINT] Olympus Mju Zoom 70 Deluxe 35-70mm Point & Shoot Film Camera Japan#2157,olympus mju 70,Olympus,Film Cameras,Used,112.99,USD,FIXED_PRICE,grail:Mju;good-cond,JP,sakura_snap_store,100.0,2026-08-15T12:41:03.000Z,,https://www.ebay.com/itm/398288719424?hash=item5cbbdb8e40:g:dJwAAeSwEe9qfE1Y,https://i.ebayimg.com/images/g/dJwAAeSwEe9qfE1Y/s-l225.jpg
偏低,-24%,170.0,70,78.0,[EXC+5] Konica Big Mini BM-201 Point & Shoot 35mm Film Camera From JAPAN,konica bm-201,Konica,Film Cameras,Used,129.0,USD,FIXED_PRICE,grail:Big Mini;good-cond,JP,vintage_camera_japan_10,99.4,2026-08-14T15:32:28.000Z,,https://www.ebay.com/itm/128026611186?hash=item1dcefb0df2:g:DZUAAeSwiY5p8Czv,https://i.ebayimg.com/images/g/DZUAAeSwiY5p8Czv/s-l225.jpg
偏低,-15%,152.49,80,78.0,[Exc+5] Mamiya Sekor NB 127mm f3.8 MF Lens for RB67 Pro S SD From JAPAN,mamiya sekor 127mm f3.8,Mamiya,Lenses,Used,129.9,USD,FIXED_PRICE,grail:RB67;good-cond,JP,falcon-4777-jp,100.0,2026-08-14T14:34:34.000Z,,https://www.ebay.com/itm/188792026594?hash=item2bf4e1b5e2:g:R8gAAeSwvFVqfyf2,https://i.ebayimg.com/images/g/R8gAAeSwvFVqfyf2/s-l225.jpg
合理,-7%,144.95,80,78.0,[MINT+++] Contax Carl Zeiss Sonnar T* 135mm f/2.8 Lens AEJ For C/Y from JAPAN,contax sonnar 135mm f2.8,Contax,Lenses,Used,134.9,USD,FIXED_PRICE,grail:Sonnar;mount:contax/yashica;good-cond,JP,tokyosnapshot,99.7,2026-08-14T07:17:59.000Z,,https://www.ebay.com/itm/128025969934?hash=item1dcef1450e:g:NHAAAeSw4vtqfsFm,https://i.ebayimg.com/images/g/NHAAAeSw4vtqfsFm/s-l225.jpg
合理,-7%,149.0,80,78.0,Carl Zeiss Sonnar T 135mm f/2.8 AEJ C/Y Mount Lens from Japan [Near Mint],zeiss sonnar 135mm f2.8,Zeiss,Lenses,Used,139.1,USD,FIXED_PRICE,grail:Sonnar;mount:contax/yashica;good-cond,JP,sakura_camera06,100.0,2026-08-14T14:49:47.000Z,,https://www.ebay.com/itm/287524911608?hash=item42f1d1f9f8:g:-EAAAeSweXxqaHq6,https://i.ebayimg.com/images/g/-EAAAeSweXxqaHq6/s-l225.jpg
偏低,-12%,158.39,17,78.0,[Near MINT] Carl Zeiss Vario Sonnar 40-80mm F3.5 T* AEG From Japan #61,zeiss sonnar 40-80mm f3.5,Zeiss,Lenses,Used,139.99,USD,FIXED_PRICE,grail:Sonnar;good-cond,JP,japan-treasures,100.0,2026-08-14T10:52:09.000Z,,https://www.ebay.com/itm/198570509607?hash=item2e3bb98527:g:VVwAAeSwW4tqfvMr,https://i.ebayimg.com/images/g/VVwAAeSwW4tqfvMr/s-l225.jpg
合理,-2%,144.95,80,78.0,Contax Zeiss Sonnar 135mm f/2.8 T AEJ Tele Lens for C/Y Mount from Japan [Mint],contax sonnar 135mm f2.8,Contax,Lenses,Used,142.18,USD,FIXED_PRICE,grail:Sonnar;mount:contax/yashica;good-cond,JP,sakura_camera06,100.0,2026-08-14T14:49:47.000Z,,https://www.ebay.com/itm/287524911658?hash=item42f1d1fa2a:g:jAEAAeSwBmRqPtag,https://i.ebayimg.com/images/g/jAEAAeSwBmRqPtag/s-l225.jpg
偏低,-22%,199.99,58,78.0,[Exc+5] Mamiya Sekor 90mm F/3.8 MF Lens for RB67 From JAPAN,mamiya sekor 90mm f3.8,Mamiya,Lenses,Used,154.99,USD,FIXED_PRICE,grail:RB67;good-cond,JP,mido*japan*camera,100.0,2026-08-14T22:51:29.000Z,,https://www.ebay.com/itm/198571726314?hash=item2e3bcc15ea:g:5eoAAeSwtYRqPHtf,https://i.ebayimg.com/images/g/5eoAAeSwtYRqPHtf/s-l225.jpg
偏低,-22%,232.0,17,78.0,CLA'ｄ [Near Mint-] Mamiya Sekor Z 127mm f3.5 W Lens For RZ67 Pro II IID From JPN,mamiya sekor 127mm f3.5,Mamiya,Lenses,Used,179.99,USD,FIXED_PRICE,grail:RZ67;good-cond,JP,shib5636,100.0,2026-08-14T05:13:05.000Z,,https://www.ebay.com/itm/398283676229?hash=item5cbb8e9a45:g:uaAAAeSwUrdqfqRa,https://i.ebayimg.com/images/g/uaAAAeSwUrdqfqRa/s-l225.jpg
偏低,-10%,232.49,80,78.0,Olympus μ mju II 170 VF Point & Shoot 35mm Film Camera Near MINT From JAPAN,olympus mju 170,Olympus,Film Cameras,Used,209.99,USD,FIXED_PRICE,grail:mju;good-cond,JP,cafujapan,100.0,2026-08-14T23:00:17.000Z,,https://www.ebay.com/itm/237006493628?hash=item372eb017bc:g:WOkAAeSweEtqecft,https://i.ebayimg.com/images/g/WOkAAeSweEtqecft/s-l225.jpg
合理,-6%,249.0,54,78.0,US Tax Included! Rare![N MINT++++]Olympus M-1 F.Zuiko 50mm f1.8 (OM-1) JAPAN,olympus m-1,Olympus,Film Cameras,Used,234.99,USD,FIXED_PRICE,grail:OM-1;mount:olympus om;good-cond,JP,taknis-78,100.0,2026-08-15T10:44:55.000Z,,https://www.ebay.com/itm/336743639927?hash=item4e677c2b77:g:1kcAAeSwtixqgEOg,https://i.ebayimg.com/images/g/1kcAAeSwtixqgEOg/s-l225.jpg
偏低,-17%,289.99,80,78.0,[Exc+5] Mamiya Sekor C 50mm f4.5 Lens For RB67 Pro S SD Medium Format From JAPAN,mamiya sekor 50mm f4.5,Mamiya,Lenses,Used,239.99,USD,FIXED_PRICE,grail:RB67;good-cond,JP,shop365tokyo,100.0,2026-08-14T14:01:34.000Z,,https://www.ebay.com/itm/158187863585?hash=item24d4bb3e21:g:fmsAAeSwFW1qfyB2,https://i.ebayimg.com/images/g/fmsAAeSwFW1qfyB2/s-l225.jpg
合理,-7%,299.99,80,78.0,[ Top MINT ] Contax Carl Zeiss Tessar 45mm F/2.8 AEJ Lens C/Y Mount From JAPAN,contax tessar 45mm f2.8,Contax,Lenses,Used,279.99,USD,FIXED_PRICE,grail:Tessar;mount:contax/yashica;good-cond,JP,aga-8114,100.0,2026-08-14T13:14:44.000Z,,https://www.ebay.com/itm/237005584904?hash=item372ea23a08:g:FysAAeSwdUJqfxXA,https://i.ebayimg.com/images/g/FysAAeSwdUJqfxXA/s-l225.jpg
合理,+6%,272.0,80,78.0,[Near Mint] CONTAX Carl Zeiss Distagon T* 35mm F/2.8 MMJ MF Lens C/Y JP #5166A,contax distagon 35mm f2.8,Contax,Lenses,Used,288.8,USD,"FIXED_PRICE,BEST_OFFER",grail:Distagon;mount:contax/yashica;good-cond,JP,gusulabo.japan,100.0,2026-08-14T06:19:53.000Z,,https://www.ebay.com/itm/398283823097?hash=item5cbb90d7f9:g:5c0AAeSwVhJqfqxw,https://i.ebayimg.com/images/g/5c0AAeSwVhJqfqxw/s-l225.jpg
偏低,-15%,349.99,55,78.0,[Exc+++] Mamiya Sekor C 45mm f/2.8 Wide Angle Lens For 645 Series JAPAN #5165A,mamiya sekor 45mm f2.8,Mamiya,Lenses,Used,299.25,USD,"FIXED_PRICE,BEST_OFFER",grail:645;good-cond,JP,gusulabo.japan,100.0,2026-08-14T06:21:47.000Z,,https://www.ebay.com/itm/398283828355?hash=item5cbb90ec83:g:Qm4AAeSwk-9qfqvu,https://i.ebayimg.com/images/g/Qm4AAeSwk-9qfqvu/s-l225.jpg
合理,+2%,293.45,16,78.0,[Top MINT] Contax Carl Zeiss Vario-Sonnar T* 70-210mm f/3.5 Lens AEG C/Y JAPAN,contax sonnar 70-210mm f3.5,Contax,Lenses,Used,299.9,USD,FIXED_PRICE,grail:Sonnar;mount:contax/yashica;good-cond,JP,tokyosnapshot,99.7,2026-08-14T07:15:02.000Z,,https://www.ebay.com/itm/128025966569?hash=item1dcef137e9:g:IHkAAeSwNtZqfsGt,https://i.ebayimg.com/images/g/IHkAAeSwNtZqfsGt/s-l225.jpg
偏低,-14%,349.99,55,78.0,[Near MINT+] Mamiya Sekor C 45mm f2.8 Lens Mamiya 645 1000s Super Pro TL JAPAN,mamiya sekor 45mm f2.8,Mamiya,Lenses,Used,299.99,USD,"FIXED_PRICE,BEST_OFFER",grail:645;good-cond,JP,kam_camera_japan,100.0,2026-08-14T14:54:37.000Z,,https://www.ebay.com/itm/800507656211?hash=itemba61f97813:g:09cAAeSw0DZqQNFk,https://i.ebayimg.com/images/g/09cAAeSw0DZqQNFk/s-l225.jpg
合理,-7%,330.0,34,78.0,Contax Carl Zeiss Sonnar T* 85mm F2.8 AEG lens C/Y mount from Japan [Near Mint],contax sonnar 85mm f2.8,Contax,Lenses,Used,308.25,USD,FIXED_PRICE,grail:Sonnar;mount:contax/yashica;good-cond,JP,sakura_camera06,100.0,2026-08-14T14:49:47.000Z,,https://www.ebay.com/itm/287524911542?hash=item42f1d1f9b6:g:ODUAAeSwRXVqWs~o,https://i.ebayimg.com/images/g/ODUAAeSwRXVqWs~o/s-l225.jpg
合理,-8%,428.0,41,78.0,Voigtlander Ultron 40mm f/2 SL II-S Black for Nikon F mount [Near Mint] #8788LJ,voigtlander ultron 40mm f2,Voigtlander,Lenses,Used,395.39,USD,FIXED_PRICE,grail:Ultron;mount:nikon f;good-cond,JP,suns_factory-camera_jp,100.0,2026-08-14T04:17:43.000Z,,https://www.ebay.com/itm/237004821859?hash=item372e969563:g:~2gAAeSw65pqfpbf,https://i.ebayimg.com/images/g/~2gAAeSw65pqfpbf/s-l225.jpg
偏低,-13%,461.29,80,78.0,[MINT] Fujifilm NATURA NS Point & Shoot 35mm Film Camera From JAPAN,fujifilm natura,Fujifilm,Film Cameras,Used,399.99,USD,"FIXED_PRICE,BEST_OFFER",grail:NATURA;good-cond,JP,samurai_collection_japan,100.0,2026-08-14T23:53:55.000Z,,https://www.ebay.com/itm/407145411069?hash=item5ecbc1f1fd:g:QGsAAeSwC~ZqWz1s,https://i.ebayimg.com/images/g/QGsAAeSwC~ZqWz1s/s-l225.jpg
偏低,-20%,499.0,80,78.0,[ MINT ] Mamiya Sekor Z 110mm f/2.8 W Lens For RZ67 Pro II IID From Japan,mamiya sekor 110mm f2.8,Mamiya,Lenses,Used,399.99,USD,FIXED_PRICE,grail:RZ67;good-cond,JP,1st_camera_tokyo,99.1,2026-08-14T12:34:15.000Z,,https://www.ebay.com/itm/377417930224?hash=item57dfdc95f0:g:lrwAAeSwYtBqfwx2,https://i.ebayimg.com/images/g/lrwAAeSwYtBqfwx2/s-l225.jpg
偏低,-19%,491.99,40,78.0,[Top Mint] Voigtlander Ultron 27mm F2 Black for Fujifilm X from JAPAN,voigtlander ultron 27mm f2,Voigtlander,Lenses,Used,399.99,USD,FIXED_PRICE,grail:Ultron;good-cond,JP,sa-307363,100.0,2026-08-14T09:19:57.000Z,,https://www.ebay.com/itm/158187153590?hash=item24d4b068b6:g:S-4AAeSwOfRqft1E,https://i.ebayimg.com/images/g/S-4AAeSwOfRqft1E/s-l225.jpg
偏低,-13%,461.29,80,78.0,[ NEAR MINT ] Fujifilm Natura Classica 35mm Point & Shoot Camera From Japan,fujifilm natura,Fujifilm,Film Cameras,Used,399.99,USD,"FIXED_PRICE,BEST_OFFER",grail:Natura;good-cond,JP,yu-na-camera-japan,99.6,2026-08-14T08:28:56.000Z,,https://www.ebay.com/itm/318728108066?hash=item4a35acf822:g:mKsAAeSwxghqfqkO,https://i.ebayimg.com/images/g/mKsAAeSwxghqfqkO/s-l225.jpg
偏低,-23%,547.49,80,78.0,[ MINT ] Contax Carl Zeiss Biogon T* 28mm F2.8 Lens For G1 G2 JAPAN,contax biogon 28mm f2.8,Contax,Lenses,Used,419.9,USD,FIXED_PRICE,grail:Biogon;good-cond,JP,asahi_rising_camera_japan,99.6,2026-08-14T14:01:44.000Z,,https://www.ebay.com/itm/137620690097?hash=item200ad514b1:g:pwQAAeSwmiFqfyCJ,https://i.ebayimg.com/images/g/pwQAAeSwmiFqfyCJ/s-l225.jpg
合理,+10%,379.99,80,78.0,[TOP MINT] Contax Carl Zeiss Planar T* 85mm F/1.4 AEG C/Y Mount From JAPAN #321,contax planar 85mm f1.4,Contax,Lenses,Used,419.99,USD,FIXED_PRICE,grail:Planar;mount:contax/yashica;good-cond,JP,shop-nakasone,99.5,2026-08-15T00:09:14.000Z,,https://www.ebay.com/itm/128027164330?hash=item1dcf037eaa:g:BkUAAeSwHitqQq2b,https://i.ebayimg.com/images/g/BkUAAeSwHitqQq2b/s-l225.jpg
合理,+10%,379.99,80,78.0,[Near MINT] CONTAX Carl Zeiss Planar T* 85mm f/1.4 MMJ MF C/Y Lens JAPAN #439,contax planar 85mm f1.4,Contax,Lenses,Used,419.99,USD,FIXED_PRICE,grail:Planar;mount:contax/yashica;good-cond,JP,*kon_nichiwa*camera-japan,100.0,2026-08-14T04:29:13.000Z,,https://www.ebay.com/itm/318727286303?hash=item4a35a06e1f:g:jYIAAOSwXEtm5GGU,https://i.ebayimg.com/images/g/jYIAAOSwXEtm5GGU/s-l225.jpg
偏低,-12%,490.83,80,78.0,[Near MINT w/ Strap] Nikon F5 SLR 35mm Film Camera Black Body From JAPAN,nikon f5,Nikon,Film Cameras,Used,429.99,USD,FIXED_PRICE,grail:Nikon F5;good-cond,JP,shima-0201,99.8,2026-08-15T02:23:34.000Z,,https://www.ebay.com/itm/287525878652?hash=item42f1e0bb7c:g:jC0AAeSw8TRqf84j,https://i.ebayimg.com/images/g/jC0AAeSw8TRqf84j/s-l225.jpg
合理,+9%,393.95,80,78.0,[Top MINT] Voigtlander Super Wide Heliar 15mm f/4.5 Aspherical III VM Leica Lens,voigtlander heliar 15mm f4.5,Voigtlander,Lenses,Used,429.99,USD,FIXED_PRICE,grail:Heliar;mount:leica m;good-cond,JP,ken-ken_camera_japan,100.0,2026-08-14T10:44:46.000Z,,https://www.ebay.com/itm/407143913780?hash=item5ecbab1934:g:XoMAAeSwB7tqfvId,https://i.ebayimg.com/images/g/XoMAAeSwB7tqfvId/s-l225.jpg
合理,+0%,428.0,41,78.0,[N MINT] Voigtlander ULTRON 40mm f/2 SL Aspherical Lens for M42 Mount from JAPAN,voigtlander ultron 40mm f2,Voigtlander,Lenses,Used,429.99,USD,FIXED_PRICE,grail:ULTRON;mount:m42;good-cond,JP,daihir_56,100.0,2026-08-14T07:13:48.000Z,,https://www.ebay.com/itm/407143480512?hash=item5ecba47cc0:g:ukcAAeSwlShqfsDs,https://i.ebayimg.com/images/g/ukcAAeSwlShqfsDs/s-l225.jpg
偏低,-16%,597.5,64,78.0,[TOP MINT] CONTAX Carl Zeiss Biogon 21mm f2.8 Lens w/ GF-21 For G1 G2 From JAPAN,contax biogon 21mm f2.8,Contax,Lenses,Used,499.99,USD,FIXED_PRICE,grail:Biogon;good-cond,JP,*kon_nichiwa*camera-japan,100.0,2026-08-14T04:29:13.000Z,,https://www.ebay.com/itm/318727286310?hash=item4a35a06e26:g:5nsAAeSwcQFpso7s,https://i.ebayimg.com/images/g/5nsAAeSwcQFpso7s/s-l225.jpg
偏低,-8%,545.0,77,78.0,[TOP MINT in/Box] Contax Carl Zeiss Distagon T* 18mm F4 MMJ Lens Minolta Mount,contax distagon 18mm f4,Contax,Lenses,Used,499.99,USD,FIXED_PRICE,grail:Distagon;good-cond,JP,*kon_nichiwa*camera-japan,100.0,2026-08-14T04:29:13.000Z,,https://www.ebay.com/itm/318727286321?hash=item4a35a06e31:g:2LMAAOSw1y1mkiLI,https://i.ebayimg.com/images/g/2LMAAOSw1y1mkiLI/s-l225.jpg
偏低,-24%,914.99,80,78.0,[Exc+5] FUJICA Fujifilm GW690 Pro 6x9 Medium Format 90mm f3.5 Lens From JAPAN,fujifilm gw690,Fujifilm,Film Cameras,Used,699.0,USD,FIXED_PRICE,grail:GW690;good-cond,JP,bgnsc_47,100.0,2026-08-14T19:06:49.000Z,,https://www.ebay.com/itm/398285898714?hash=item5cbbb083da:g:07cAAeSwj-Vqf2fJ,https://i.ebayimg.com/images/g/07cAAeSwj-Vqf2fJ/s-l225.jpg
偏低,-16%,924.99,58,78.0,⏯️S/N850xxx [MINT] Nikon F3/T Titan HP Black 35mm SLR Film Camera Body/MF-14 Jp,nikon f3/t titan,Nikon,Film Cameras,Used,779.99,USD,FIXED_PRICE,grail:Nikon F3;good-cond,JP,nipponnocamera,99.5,2026-08-14T05:52:37.000Z,,https://www.ebay.com/itm/366604637256?hash=item555b56d448:g:jZ8AAeSw~uRqfq5U,https://i.ebayimg.com/images/g/jZ8AAeSw~uRqfq5U/s-l225.jpg
偏低,-15%,929.99,77,78.0,[Exc+5] Fuji Fujifilm GW690 II Pro 6x9 Medium Format Camera 90mm f/3.5 FromJAPAN,fuji gw690,Fuji,Film Cameras,Used,789.99,USD,FIXED_PRICE,grail:GW690;good-cond,JP,kosod-78,100.0,2026-08-14T23:37:43.000Z,,https://www.ebay.com/itm/147505483125?hash=item2258030d75:g:OsAAAeSwQ0Fqf6f4,https://i.ebayimg.com/images/g/OsAAAeSwQ0Fqf6f4/s-l225.jpg
偏低,-13%,997.5,56,78.0,Rare! US Model【TOP MINT】Nikon 35Ti US Model Point & Shoot Film Camera From JAPAN,nikon 35ti,Nikon,Film Cameras,Used,868.99,USD,FIXED_PRICE,grail:35Ti;good-cond,JP,tosh_9804,100.0,2026-08-14T13:04:43.000Z,,https://www.ebay.com/itm/398284915885?hash=item5cbba184ad:g:jJYAAeSw1cJqfxLp,https://i.ebayimg.com/images/g/jJYAAeSw1cJqfxLp/s-l225.jpg
偏低,-16%,1064.99,32,78.0,⏯️[NEAR MINT] Fujifilm GSW690 II Pro 6x9 Medium Format Film Camera from JAPAN,fujifilm gsw690,Fujifilm,Film Cameras,Used,899.0,USD,"FIXED_PRICE,BEST_OFFER",grail:GSW690;good-cond,JP,chika_plus_jp,100.0,2026-08-14T22:30:02.000Z,,https://www.ebay.com/itm/800509226813?hash=itemba62116f3d:g:ufoAAeSwpLhpypHe,https://i.ebayimg.com/images/g/ufoAAeSwpLhpypHe/s-l225.jpg
偏低,-19%,1299.99,41,78.0,[TOP MINT] Pentax 645N Medium Format Camera Body w/120 Film Back From JAPAN #341,pentax 645n,Pentax,Film Cameras,Used,1049.99,USD,FIXED_PRICE,grail:645N;good-cond,JP,shop-nakasone,99.5,2026-08-15T13:19:01.000Z,,https://www.ebay.com/itm/128027958921?hash=item1dcf0f9e89:g:JMUAAeSwtBlqgGZQ,https://i.ebayimg.com/images/g/JMUAAeSwtBlqgGZQ/s-l225.jpg
偏低,-16%,1899.99,71,78.0,New Firmware 2026 [MINT+++ /Strap] Nikon F6 35mm SLR Film Camera Body From JAPAN,nikon f6,Nikon,Film Cameras,Used,1589.99,USD,FIXED_PRICE,grail:Nikon F6;good-cond,JP,drea7370,100.0,2026-08-15T09:54:27.000Z,,https://www.ebay.com/itm/137623754524?hash=item200b03d71c:g:hr4AAeSwJgVqgDh-,https://i.ebayimg.com/images/g/hr4AAeSwJgVqgDh-/s-l225.jpg
偏低,-10%,1899.99,71,78.0,【MINT+++】 Nikon F6 35mm SLR Film Camera Body From JAPAN,nikon f6,Nikon,Film Cameras,Used,1699.99,USD,FIXED_PRICE,grail:Nikon F6;good-cond,JP,ichiro-camera-japan,99.6,2026-08-14T23:16:50.000Z,,https://www.ebay.com/itm/237006508485?hash=item372eb051c5:g:fG4AAeSwHgFqf2rN,https://i.ebayimg.com/images/g/fG4AAeSwHgFqf2rN/s-l225.jpg
偏低,-12%,3049.49,18,78.0,Late [NEAR MINT] Carl Zeiss Planar 135mm f/3.5 T* Large Format Compur 1 JAPAN,zeiss planar 135mm f3.5,Zeiss,Lenses,Used,2694.99,USD,FIXED_PRICE,grail:Planar;good-cond,JP,ht-smile,100.0,2026-08-14T16:20:56.000Z,,https://www.ebay.com/itm/128026660373?hash=item1dcefbce15:g:yb8AAeSwtb5qNVHd,https://i.ebayimg.com/images/g/yb8AAeSwtb5qNVHd/s-l225.jpg
偏低,-23%,129.5,52,77.0,"[Near MINT , Film Tested] Mamiya 135 EF Point & Shoot Film Camera From Japan",mamiya 135,Mamiya,Film Cameras,Used,99.99,USD,FIXED_PRICE,mount:canon ef;good-cond,JP,sagami_camera,99.8,2026-08-15T08:34:03.000Z,,https://www.ebay.com/itm/398288109214?hash=item5cbbd23e9e:g:aNcAAeSwy0VqgCPi,https://i.ebayimg.com/images/g/aNcAAeSwy0VqgCPi/s-l225.jpg
超值,-34%,125.5,80,76.0,Asahi Pentax K1000 Film Camera - Tested,asahi k1000,Asahi,Film Cameras,Used,82.49,USD,FIXED_PRICE,grail:K1000,US,thegridgoodwill,99.6,2026-08-15T09:53:16.000Z,,https://www.ebay.com/itm/168615387310?hash=item274242a0ae:g:PgUAAeSw6wpqV~hz,https://i.ebayimg.com/images/g/PgUAAeSw6wpqV~hz/s-l225.jpg
超值,-32%,237.03,14,76.0,[Near MINT] Pentax SMC Takumar 6x7 150mm f/2.8 Lens For 6x7 67 67II From JAPAN,pentax takumar 150mm f2.8,Pentax,Lenses,Used,159.99,USD,FIXED_PRICE,grail:6x7;good-cond,JP,cats-camera211,100.0,2026-08-14T21:37:40.000Z,,https://www.ebay.com/itm/336742778514?hash=item4e676f0692:g:O1AAAeSwMwFqfl3l,https://i.ebayimg.com/images/g/O1AAAeSwMwFqfl3l/s-l225.jpg
无基准,,168.81,80,76.0,CLA’d [ Near MINT ] Nikon FE2 Black SLR 35mm Film Camera Body From JAPAN,nikon fe2,Nikon,Film Cameras,New,235.0,USD,"FIXED_PRICE,AUCTION",grail:FE2;good-cond;auction,JP,yustan28,0.0,2026-08-15T08:58:06.000Z,2026-08-25T08:58:06.000Z,https://www.ebay.com/itm/227476795986?hash=item34f6ac7252:g:wzQAAeSw4vtqfbbz,https://i.ebayimg.com/images/g/wzQAAeSw4vtqfbbz/s-l225.jpg
超值,-29%,419.72,57,76.0,[Exc+5] Sony Vario-Tessar T* E 16-70mm F4 ZA OSS SEL1670Z E Mount From JAPAN,sony tessar 16-70mm f4,Sony,Lenses,Used,299.99,USD,FIXED_PRICE,grail:Tessar;mount:sony e;good-cond,JP,classiccam-japan,100.0,2026-08-14T12:04:08.000Z,,https://www.ebay.com/itm/398284747819?hash=item5cbb9ef42b:g:WJEAAeSwsJVqfwXn,https://i.ebayimg.com/images/g/WJEAAeSwsJVqfwXn/s-l225.jpg
超值,-27%,547.49,80,76.0,Contax G Carl Zeiss Biogon 28mm f/2.8 T Lens,contax biogon 28mm f2.8,Contax,Lenses,Used,400.0,USD,"FIXED_PRICE,BEST_OFFER",grail:Biogon,US,szpot,100.0,2026-08-14T19:09:50.000Z,,https://www.ebay.com/itm/137621539092?hash=item200ae20914:g:rrcAAeSwUiNqf2ab,https://i.ebayimg.com/images/g/rrcAAeSwUiNqf2ab/s-l225.jpg
超值,-34%,751.61,80,76.0,Leica BLACK 90mm f2 Summicron SEOOF M Lens w/Caps f/Film & Digital Excellent USA,leica summicron 90mm f2,Leica,Lenses,Used,499.0,USD,"FIXED_PRICE,BEST_OFFER",grail:Summicron,US,f-stop_shop,100.0,2026-08-14T18:02:10.000Z,,https://www.ebay.com/itm/298588152274?hash=item45853da1d2:g:BWwAAeSwUiNqf1eC,https://i.ebayimg.com/images/g/BWwAAeSwUiNqf1eC/s-l225.jpg
超值,-31%,773.93,17,76.0,Voigtlander Nokton 50mm F1.1 8940366,voigtlander nokton 50mm f1.1,Voigtlander,Lenses,Used,530.0,USD,"FIXED_PRICE,BEST_OFFER",grail:Nokton,US,camerawestsf,100.0,2026-08-15T00:14:38.000Z,,https://www.ebay.com/itm/188794047459?hash=item2bf5008be3:g:zxMAAeSwtixqf6vN,https://i.ebayimg.com/images/g/zxMAAeSwtixqf6vN/s-l225.jpg
超值,-40%,946.0,75,76.0,Sony Distagon T* FE 35mm F/1.4 ZA SEL35F14Z (Sony E mount) -Near Mint- #217,sony distagon 35mm f1.4,Sony,Lenses,Very Good - Refurbished,569.05,USD,FIXED_PRICE,grail:Distagon;mount:sony e;good-cond,JP,mapcamera,100.0,2026-08-14T08:55:10.000Z,,https://www.ebay.com/itm/377417484615?hash=item57dfd5c947:g:KAoAAeSwgsZqftfj,https://i.ebayimg.com/images/g/KAoAAeSwgsZqftfj/s-l225.jpg
超值,-28%,1068.7,80,76.0,Hasselblad 2000 FC/M Zeiss Planar-F 80mm f2.8 T* lens. Hasselblad 2000 FC/W,hasselblad planar 80mm f2.8,Hasselblad,Lenses,Used,775.0,USD,FIXED_PRICE,grail:Planar,US,igorcamera,100.0,2026-08-14T22:23:01.000Z,,https://www.ebay.com/itm/407145279286?hash=item5ecbbfef36:g:hnAAAeSw0zlolSdf,https://i.ebayimg.com/images/g/hnAAAeSw0zlolSdf/s-l225.jpg
偏高,+16%,2174.99,10,76.0,w/ Hood [MINT++] Bronica RF645 Film Camera Zenzanon RF 65mm f/4 Lens From JAPAN,bronica rf645,Bronica,Film Cameras,Used,2529.99,USD,FIXED_PRICE,grail:Bronica RF645;mount:canon rf;good-cond,JP,japanese-store-two-sheep,100.0,2026-08-15T00:41:44.000Z,,https://www.ebay.com/itm/820003288963?hash=itembeec013783:g:v44AAeSwQOlqf7ZE,https://i.ebayimg.com/images/g/v44AAeSwQOlqf7ZE/s-l225.jpg
合理,+0%,739.99,19,75.0,[N MINT w/Grip] Pentax 6x7 Mirror UP Eye Level Camera SMC T 55mm Lens From JAPAN,pentax mirror eye,Pentax,Film Cameras,Used,739.99,USD,FIXED_PRICE,grail:6x7;55mm;good-cond,JP,sakura_vintage_camera,100.0,2026-08-15T04:43:29.000Z,,https://www.ebay.com/itm/398287453447?hash=item5cbbc83d07:g:~vEAAeSwIvJqf-9J,https://i.ebayimg.com/images/g/~vEAAeSwIvJqf-9J/s-l225.jpg
偏低,-14%,274.51,41,74.0,[Top MINT w/ Hood] SMC Pentax FA 645 150-300mm f/5.6 ED IF Lens for N NII JAPAN,pentax smc 150-300mm f5.6,Pentax,Lenses,Used,234.99,USD,FIXED_PRICE,grail:645;mount:pentax k;good-cond,JP,cloverhaven-treasures-japan,100.0,2026-08-14T15:43:08.000Z,,https://www.ebay.com/itm/398285334556?hash=item5cbba7e81c:g:jWIAAeSwg3NqfzhD,https://i.ebayimg.com/images/g/jWIAAeSwg3NqfzhD/s-l225.jpg
合理,-7%,419.99,8,74.0,[Near Mint] Voigtlander Ultron 40mm f/2 SL IIs Nikon Ai-s Lens From Japan #5152A,voigtlander ai-s 40mm f2,Voigtlander,Lenses,Used,388.55,USD,"FIXED_PRICE,BEST_OFFER",grail:Ultron;mount:nikon f;good-cond,JP,gusulabo.japan,100.0,2026-08-14T06:28:09.000Z,,https://www.ebay.com/itm/398283838460?hash=item5cbb9113fc:g:OvgAAeSwP~VqfqHO,https://i.ebayimg.com/images/g/OvgAAeSwP~VqfqHO/s-l225.jpg
偏高,+21%,322.49,66,74.0,[MINT+] LCD Works! Contax RTS III MF 35mm SLR Film Camera Body From JAPAN,contax rts iii,Contax,Film Cameras,Used,389.99,USD,FIXED_PRICE,grail:Contax RTS;good-cond,JP,ranta8823,100.0,2026-08-15T00:31:32.000Z,,https://www.ebay.com/itm/800509647090?hash=itemba6217d8f2:g:pCwAAeSwt99qf7Pd,https://i.ebayimg.com/images/g/pCwAAeSwt99qf7Pd/s-l225.jpg
合理,-5%,419.99,8,74.0,[Near Mint] Voigtlander Ultron 40mm f/2 SL IIs Nikon Ai-s Lens From Japan #5151A,voigtlander ai-s 40mm f2,Voigtlander,Lenses,Used,399.0,USD,"FIXED_PRICE,BEST_OFFER",grail:Ultron;mount:nikon f;good-cond,JP,gusulabo.japan,100.0,2026-08-14T06:28:48.000Z,,https://www.ebay.com/itm/398283842795?hash=item5cbb9124eb:g:Bx0AAeSw1~NqfqFj,https://i.ebayimg.com/images/g/Bx0AAeSw1~NqfqFj/s-l225.jpg
偏低,-18%,547.97,80,74.0,Voigtlander NOKTON 50mm F1.5 Aspherical Black L39 Leica Mount Used,voigtlander nokton 50mm f1.5,Voigtlander,Lenses,Used,447.71,USD,FIXED_PRICE,grail:NOKTON;mount:ltm/l39,JP,manekineko-japan,98.4,2026-08-14T07:32:21.000Z,,https://www.ebay.com/itm/206490035736?hash=item3013c3e618:g:RbwAAeSw1KtqfsU8,https://i.ebayimg.com/images/g/RbwAAeSw1KtqfsU8/s-l225.jpg
偏低,-12%,573.16,80,74.0,[Almost Unused] Carl Zeiss Planar T* 50mm f/2 ZM Lens for Leica M From JAPAN,zeiss planar 50mm f2,Zeiss,Lenses,Used,504.99,USD,FIXED_PRICE,grail:Planar;mount:leica m,JP,ranta8823,100.0,2026-08-15T00:33:04.000Z,,https://www.ebay.com/itm/800509656232?hash=itemba6217fca8:g:x9QAAeSwUrdqf7Q5,https://i.ebayimg.com/images/g/x9QAAeSwUrdqf7Q5/s-l225.jpg
偏高,+14%,464.94,50,74.0,▶️Red Dial Self Timer [ MINT ] Leica IIIf 3f Rangefinder Film Camera From JAPAN,leica 3f,Leica,Film Cameras,Used,529.9,USD,FIXED_PRICE,grail:Leica IIIf;good-cond,JP,yuni_camera_japan,100.0,2026-08-14T15:05:44.000Z,,https://www.ebay.com/itm/820001656695?hash=itembeebe84f77:g:DykAAeSwFkJqfy-2,https://i.ebayimg.com/images/g/DykAAeSwFkJqfy-2/s-l225.jpg
偏高,+26%,434.99,80,74.0,[N MINT+++ w/ Grip] Zenza Bronica ETR S Film Camera MC 75mm f2.8 Lens From JAPAN,bronica etr,Bronica,Film Cameras,Used,549.99,USD,FIXED_PRICE,grail:Bronica ETR;good-cond,JP,ty_camera_japan,100.0,2026-08-15T01:47:15.000Z,,https://www.ebay.com/itm/820003511924?hash=itembeec049e74:g:QocAAeSw76lqf8Wd,https://i.ebayimg.com/images/g/QocAAeSw76lqf8Wd/s-l225.jpg
偏高,+38%,434.99,80,74.0,2 Lens Set [Near MINT] Zenza Bronica ETR S MC 75mm 250mm AE-II Finder From JAPAN,bronica etr,Bronica,Film Cameras,Used,599.99,USD,FIXED_PRICE,grail:Bronica ETR;good-cond,JP,nao_reuse_camera_japan,100.0,2026-08-14T13:41:04.000Z,,https://www.ebay.com/itm/147504576462?hash=item2257f537ce:g:10YAAeSwtH5qfxuu,https://i.ebayimg.com/images/g/10YAAeSwtH5qfxuu/s-l225.jpg
偏高,+39%,482.42,80,74.0,[Near Mint] MAMIYA RZ67 PRO from Japan,mamiya rz67,Mamiya,Film Cameras,Used,669.99,USD,FIXED_PRICE,grail:RZ67;good-cond,JP,photo_life_japan,100.0,2026-08-14T09:43:33.000Z,,https://www.ebay.com/itm/287524376900?hash=item42f1c9d144:g:YfkAAeSw6qlqft1w,https://i.ebayimg.com/images/g/YfkAAeSw6qlqft1w/s-l225.jpg
偏高,+16%,644.99,58,74.0,Contax CONTAX S2 60YEAR 60th Anniversary Model SLRFilm Camera Tested [Near Mint],contax s2,Contax,Film Cameras,Used,750.0,USD,"FIXED_PRICE,BEST_OFFER",grail:CONTAX S2;good-cond,JP,re-camera,99.8,2026-08-14T08:44:24.000Z,,https://www.ebay.com/itm/336741706891?hash=item4e675eac8b:g:OwsAAeSwA6tqftaa,https://i.ebayimg.com/images/g/OwsAAeSwA6tqftaa/s-l225.jpg
偏高,+12%,727.5,46,74.0,[Top MINT w/ Strap & Body Cap] Leica R8 SLR 35mm Film Camera Body From JAPAN,leica r8,Leica,Film Cameras,Used,816.99,USD,FIXED_PRICE,grail:Leica R8;good-cond,JP,sat-camera-japan,100.0,2026-08-15T12:12:58.000Z,,https://www.ebay.com/itm/147506616997?hash=item2258145aa5:g:4mAAAeSw-h9qgFi-,https://i.ebayimg.com/images/g/4mAAAeSw-h9qgFi-/s-l225.jpg
偏高,+44%,899.99,80,74.0,Green Label [MINT in Box] Contax G1 35mm Film Camera 35mm f2 Lens Tla140 JAPAN,contax g1,Contax,Film Cameras,Used,1299.99,USD,FIXED_PRICE,grail:Contax G1;good-cond,JP,mitsu_64,100.0,2026-08-14T11:28:48.000Z,,https://www.ebay.com/itm/147504352596?hash=item2257f1cd54:g:0nUAAeSwiuJqfv0g,https://i.ebayimg.com/images/g/0nUAAeSwiuJqfv0g/s-l225.jpg
合理,+3%,1399.99,38,74.0,Olympus OM-3 Ti SLR Film Camera Titanium Black Body W/data back [Exc+5] US Stock,olympus om-3,Olympus,Film Cameras,Used,1449.0,USD,FIXED_PRICE,grail:OM-3;mount:olympus om;good-cond,US,camera-honpo,99.5,2026-08-15T12:47:26.000Z,,https://www.ebay.com/itm/800512553561?hash=itemba62443259:g:sSkAAeSwlmBqLrSw,https://i.ebayimg.com/images/g/sSkAAeSwlmBqLrSw/s-l225.jpg
偏高,+34%,1499.99,80,74.0,Hasselblad 500C/M BODY A12 -EXC- 3483,hasselblad a12,Hasselblad,Film Cameras,Used,2005.44,USD,FIXED_PRICE,grail:500C;good-cond,JP,kitamura_camera,100.0,2026-08-14T04:28:12.000Z,,https://www.ebay.com/itm/358924735575?hash=item539194d457:g:WG4AAeSwp49qfp8i,https://i.ebayimg.com/images/g/WG4AAeSwp49qfp8i/s-l225.jpg
偏高,+24%,1699.99,55,74.0,🎦50th Jahre【 Near MINT 】Leica M5 Anniversary 35mm Rangefinder Film Camera JAPAN,leica m5,Leica,Film Cameras,Used,2099.99,USD,"FIXED_PRICE,BEST_OFFER",grail:Leica M5;good-cond,JP,full-moon_camera_tokyo,99.8,2026-08-15T13:03:56.000Z,,https://www.ebay.com/itm/366607308029?hash=item555b7f94fd:g:kvwAAeSwU~BpehRh,https://i.ebayimg.com/images/g/kvwAAeSwU~BpehRh/s-l225.jpg
偏高,+26%,2999.99,31,74.0,[Near MINT] Hasselblad 501CM Camera CB 80mm Lens A12III Acute Matte D From JAPAN,hasselblad a12iii,Hasselblad,Film Cameras,Used,3768.0,USD,FIXED_PRICE,grail:501CM;good-cond,JP,taabo93,100.0,2026-08-14T11:12:35.000Z,,https://www.ebay.com/itm/137620227242?hash=item200ace04aa:g:7NYAAeSwn1Jqfvjf,https://i.ebayimg.com/images/g/7NYAAeSwn1Jqfvjf/s-l225.jpg
偏高,+19%,3274.95,80,74.0,No leakage [All Top MINT] Contax G2 Film Camera 28mm 45mm 90mm TLA200 From JAPAN,contax g2,Contax,Film Cameras,Very Good - Refurbished,3899.99,USD,FIXED_PRICE,grail:Contax G2;good-cond,JP,ken1129da,100.0,2026-08-15T13:18:39.000Z,,https://www.ebay.com/itm/147506715700?hash=item225815dc34:g:NtwAAeSwn~xqgGgm,https://i.ebayimg.com/images/g/NtwAAeSwn~xqgGgm/s-l225.jpg
偏高,+25%,3274.95,80,74.0,3 Lens [ All Top MINT ] Contax G2 Film Camera 28mm 45mm 90mm TLA200 Flash JAPAN,contax g2,Contax,Film Cameras,Used,4099.99,USD,FIXED_PRICE,grail:Contax G2;good-cond,JP,shibainu_camera_japan,100.0,2026-08-14T18:36:27.000Z,,https://www.ebay.com/itm/398285845595?hash=item5cbbafb45b:g:b5sAAeSwQ0Fqf2Ef,https://i.ebayimg.com/images/g/b5sAAeSwQ0Fqf2Ef/s-l225.jpg
偏高,+28%,3274.95,80,74.0,"Contax G2【TOP MINT w/Rare Bag】35mm Film Camera 28,45,90 3Lens TLA200 From JAPAN",contax g2,Contax,Film Cameras,Used,4199.99,USD,FIXED_PRICE,grail:Contax G2;good-cond,JP,tokiocamera,100.0,2026-08-15T09:33:53.000Z,,https://www.ebay.com/itm/318733396914?hash=item4a35fdabb2:g:wSYAAeSwfrtpc2pB,https://i.ebayimg.com/images/g/wSYAAeSwfrtpc2pB/s-l225.jpg
偏高,+37%,3274.95,80,74.0,"Contax G2【TOP MINT w/Rare Bag】35mm Film Camera 28,45,90 3Lens TLA200 From JAPAN",contax g2,Contax,Film Cameras,Used,4499.99,USD,FIXED_PRICE,grail:Contax G2;good-cond,JP,tokiocamera,100.0,2026-08-15T09:57:45.000Z,,https://www.ebay.com/itm/318733465953?hash=item4a35feb961:g:I~wAAeSwR-FqgDY5,https://i.ebayimg.com/images/g/I~wAAeSwR-FqgDY5/s-l225.jpg
超值,-27%,59.92,80,73.0,[MINT w/case] Canon Autoboy AiAF Zoom Point & Shoot 35mm Film Camera From JAPAN,canon autoboy aiaf,Canon,Film Cameras,Used,43.49,USD,FIXED_PRICE,good-cond,JP,vintage_camera_japan_10,99.4,2026-08-14T15:35:59.000Z,,https://www.ebay.com/itm/128026616303?hash=item1dcefb21ef:g:SCUAAeSwuMZqM0t9,https://i.ebayimg.com/images/g/SCUAAeSwuMZqM0t9/s-l225.jpg
超值,-36%,74.47,80,73.0,[Near MINT] Konica Genba Kantoku Zoom 28-56mm 35mm Film Camera from JAPAN,konica genba kantoku,Konica,Film Cameras,Used,48.0,USD,FIXED_PRICE,good-cond,JP,vintage_camera_japan_10,99.4,2026-08-14T15:35:09.000Z,,https://www.ebay.com/itm/128026615694?hash=item1dcefb1f8e:g:W6QAAeSwCfZp3x6v,https://i.ebayimg.com/images/g/W6QAAeSwCfZp3x6v/s-l225.jpg
超值,-36%,74.47,80,73.0,[EXC+5] Konica Genba Kantoku Zoom 28-56mm 35mm Film Camera from JAPAN,konica genba kantoku,Konica,Film Cameras,Used,48.0,USD,FIXED_PRICE,good-cond,JP,vintage_camera_japan_10,99.4,2026-08-14T15:34:47.000Z,,https://www.ebay.com/itm/128026615370?hash=item1dcefb1e4a:g:LTIAAeSwq~1pue-Y,https://i.ebayimg.com/images/g/LTIAAeSwq~1pue-Y/s-l225.jpg
超值,-30%,170.99,16,73.0,[Near MINT] Meter OK Olympus 35 DC 35mm Rangefinder 40mm f/1.7 Lens From JAPAN,olympus 35mm f1,Olympus,Film Cameras,Used,119.99,USD,FIXED_PRICE,good-cond,JP,gionkyotocamera,100.0,2026-08-14T13:29:03.000Z,,https://www.ebay.com/itm/398284976488?hash=item5cbba27168:g:0wsAAeSwVDJqazyQ,https://i.ebayimg.com/images/g/0wsAAeSwVDJqazyQ/s-l225.jpg
超值,-30%,186.39,80,73.0,[Almost MINT] Nikon F80 D F80D 35mm SLR Film Camera Body Nikon F80D From JAPAN,nikon f80,Nikon,Film Cameras,Used,129.99,USD,FIXED_PRICE,good-cond,JP,beryg_camera-japan,100.0,2026-08-14T15:23:20.000Z,,https://www.ebay.com/itm/800507748966?hash=itemba61fae266:g:EpAAAeSw5fZqfzQW,https://i.ebayimg.com/images/g/EpAAAeSw5fZqfzQW/s-l225.jpg
超值,-32%,189.99,61,73.0,READ [Exc+5] Olympus 35 SP Rangefinder Film Camera 42mm f1.7 lens From JAPAN,olympus 42mm f1.7,Olympus,Film Cameras,Used,129.99,USD,FIXED_PRICE,good-cond,JP,gionkyotocamera,100.0,2026-08-14T13:32:18.000Z,,https://www.ebay.com/itm/398284991987?hash=item5cbba2adf3:g:95YAAeSwV0tqKzYi,https://i.ebayimg.com/images/g/95YAAeSwV0tqKzYi/s-l225.jpg
超值,-36%,204.79,18,73.0,Shutter Count 28508 Mint Condition CANON EOS Kiss X3 Body KISSX3 BODY,canon x3,Canon,Film Cameras,Used,130.05,USD,"FIXED_PRICE,BEST_OFFER",good-cond,JP,manmaru42,100.0,2026-08-14T13:54:14.000Z,,https://www.ebay.com/itm/398285053127?hash=item5cbba39cc7:g:lHIAAeSw6glqfx6H,https://i.ebayimg.com/images/g/lHIAAeSw6glqfx6H/s-l225.jpg
超值,-41%,249.28,80,73.0,🎦 [Near MINT+] Canon Autoboy D5 Waterproof 35mm Point & Shoot Film Camera JAPAN,canon d5,Canon,Film Cameras,Used,145.99,USD,"FIXED_PRICE,BEST_OFFER",good-cond,JP,win-win_camera_japan,100.0,2026-08-14T16:00:01.000Z,,https://www.ebay.com/itm/336737995197?hash=item4e672609bd:g:d9MAAeSwqvlqe87t,https://i.ebayimg.com/images/g/d9MAAeSwqvlqe87t/s-l225.jpg
超值,-26%,294.99,59,73.0,Tested Near MINT Fujifilm Fuji Tiara Zoom 35mm Point & Shoot Film Camera JAPAN,fujifilm fuji tiara,Fujifilm,Film Cameras,Used,216.99,USD,FIXED_PRICE,good-cond,JP,vvorvv8,100.0,2026-08-14T14:06:28.000Z,,https://www.ebay.com/itm/227475734854?hash=item34f69c4146:g:dXEAAeSwLrlqUdW8,https://i.ebayimg.com/images/g/dXEAAeSwLrlqUdW8/s-l225.jpg
超值,-32%,439.99,57,73.0,[Near MINT] Canon EOS 7s body From JAPAN,canon 7s,Canon,Film Cameras,Used,299.99,USD,FIXED_PRICE,good-cond,JP,usagi_camera_japan,99.3,2026-08-14T13:48:57.000Z,,https://www.ebay.com/itm/307126399193?hash=item478228f0d9:g:7QAAAeSws4lqfx36,https://i.ebayimg.com/images/g/7QAAAeSws4lqfx36/s-l225.jpg
合理,+0%,329.99,57,73.0,[Near MINT] smc PENTAX 67 45mm f/4 Wide Angle MF Lens Late 67II 6x7 from JAPAN,pentax smc 45mm f4,Pentax,Lenses,Used,329.9,USD,FIXED_PRICE,grail:PENTAX 67;mount:pentax k;good-cond,JP,daihir_56,100.0,2026-08-14T07:05:40.000Z,,https://www.ebay.com/itm/407143467405?hash=item5ecba4498d:g:7BcAAeSwdh5qfr79,https://i.ebayimg.com/images/g/7BcAAeSwdh5qfr79/s-l225.jpg
超值,-29%,1192.49,80,73.0,[Top MINT] Nikon S3 Year 2000 Limited Edition 35mm Film Camera Body From JAPAN,nikon s3,Nikon,Film Cameras,Used,849.0,USD,FIXED_PRICE,good-cond,JP,bgnsc_47,100.0,2026-08-14T19:02:08.000Z,,https://www.ebay.com/itm/398285891956?hash=item5cbbb06974:g:uHEAAeSwj0Vqf2bp,https://i.ebayimg.com/images/g/uHEAAeSwj0Vqf2bp/s-l225.jpg
合理,+0%,900.0,14,73.0,[MINT] Contax Carl Zeiss Apo Makro Planar T* 645 120mm F4 Lens Tested From JAPAN,contax planar 120mm f4,Contax,Lenses,Used,899.99,USD,FIXED_PRICE,grail:645;good-cond,JP,fx-sakura,99.6,2026-08-14T07:16:19.000Z,,https://www.ebay.com/itm/318727844567?hash=item4a35a8f2d7:g:5ckAAeSw19lqfsFE,https://i.ebayimg.com/images/g/5ckAAeSw19lqfsFE/s-l225.jpg
合理,-0%,1299.99,7,73.0,[Top MINT] Minolta CLE Rangefinder Film Camera Nokton 40mm f/1.4 Lens From JAPAN,minolta cle nokton,Minolta,Film Cameras,Used,1299.0,USD,FIXED_PRICE,grail:Minolta CLE;good-cond,JP,bgnsc_47,100.0,2026-08-14T19:11:44.000Z,,https://www.ebay.com/itm/398285925097?hash=item5cbbb0eae9:g:oDUAAeSw87Bqf2lo,https://i.ebayimg.com/images/g/oDUAAeSw87Bqf2lo/s-l225.jpg
合理,+8%,1299.99,7,73.0,New Lens [Top MINT w/HOOD] MINOLTA CLE Rangefinder Nokton 40mm f/1.4 From JAPAN,minolta cle nokton,Minolta,Film Cameras,Used,1399.0,USD,FIXED_PRICE,grail:MINOLTA CLE;good-cond,JP,syashinkiten_japan,100.0,2026-08-14T13:08:36.000Z,,https://www.ebay.com/itm/327309971543?hash=item4c3531d057:g:2ZUAAeSwlC5qfxQL,https://i.ebayimg.com/images/g/2ZUAAeSwlC5qfxQL/s-l225.jpg
合理,-4%,103.9,80,72.0,LCD Works [ EXC+5 ] Olympus mju μ Zoom 105 Deluxe silver 35mm Film Camera JAPAN,olympus mju 105,Olympus,Film Cameras,Used,99.99,USD,"FIXED_PRICE,BEST_OFFER",grail:mju;good-cond,JP,asami-camerashop-japan,100.0,2026-08-15T01:44:15.000Z,,https://www.ebay.com/itm/800509941292?hash=itemba621c562c:g:RrwAAeSwhnxqI12P,https://i.ebayimg.com/images/g/RrwAAeSwhnxqI12P/s-l225.jpg
合理,+0%,99.99,80,72.0,[NEAR MINT w/Strap] Canon A-1 A1 35mm SLR Film Camera Black Body Only From JAPAN,canon a-1,Canon,Film Cameras,Used,99.99,USD,FIXED_PRICE,grail:Canon A-1;good-cond,JP,toshi-japan-camera,100.0,2026-08-14T09:03:46.000Z,,https://www.ebay.com/itm/377417505714?hash=item57dfd61bb2:g:juoAAeSw6z9p6t0Q,https://i.ebayimg.com/images/g/juoAAeSw6z9p6t0Q/s-l225.jpg
合理,+1%,113.0,80,72.0,*CLA'd : Near Mint* Mamiya Sekor C 250mm F/4.5 Lens for RB67 Pro S SD From Japan,mamiya sekor 250mm f4.5,Mamiya,Lenses,Used,113.99,USD,FIXED_PRICE,grail:RB67;good-cond,JP,hitonaga-0,100.0,2026-08-14T11:39:00.000Z,,https://www.ebay.com/itm/407143987971?hash=item5ecbac3b03:g:1msAAeSw75ZqWhN8,https://i.ebayimg.com/images/g/1msAAeSw75ZqWhN8/s-l225.jpg
合理,-2%,129.94,80,72.0,[NEAR MINT] Olympus mju Zoom 140 Deluxe Point & Shoot 35mm Film Camera JAPAN,olympus mju 140,Olympus,Film Cameras,Used,128.0,USD,FIXED_PRICE,grail:mju;good-cond,JP,vintage_camera_japan_10,99.4,2026-08-14T15:31:02.000Z,,https://www.ebay.com/itm/128026609610?hash=item1dcefb07ca:g:J60AAeSwzOhqX2BR,https://i.ebayimg.com/images/g/J60AAeSwzOhqX2BR/s-l225.jpg
合理,-8%,139.99,64,72.0,MINT Olympus mju Zoom 130 Point Shoot 35mm Compact Film Camera Japan,olympus mju 130,Olympus,Film Cameras,Used,128.99,USD,"FIXED_PRICE,BEST_OFFER",grail:mju;good-cond,JP,urunexus,100.0,2026-08-15T13:39:38.000Z,,https://www.ebay.com/itm/168615759895?hash=item2742485017:g:Ku8AAeSwL~NqgGmv,https://i.ebayimg.com/images/g/Ku8AAeSwL~NqgGmv/s-l225.jpg
合理,+0%,129.94,80,72.0,[N MINT ] Olympus µ mju Zoom 140 35mm Point & Shoot Film Camera from JAPAN,olympus mju 140,Olympus,Film Cameras,Used,129.99,USD,FIXED_PRICE,grail:mju;good-cond,JP,mido*japan*camera,100.0,2026-08-14T21:45:30.000Z,,https://www.ebay.com/itm/198571638394?hash=item2e3bcabe7a:g:caEAAeSwGTBqTSww,https://i.ebayimg.com/images/g/caEAAeSwGTBqTSww/s-l225.jpg
合理,+0%,129.94,80,72.0,[N-MINT/Tested] Olympus μ mju Zoom 140 Deluxe Point & Shoot 35mm Film from JAPAN,olympus mju 140,Olympus,Film Cameras,Used,129.99,USD,FIXED_PRICE,grail:mju;good-cond,JP,kurmas-12,99.5,2026-08-14T09:35:42.000Z,,https://www.ebay.com/itm/336741786009?hash=item4e675fe199:g:a94AAeSwQGhqdfJg,https://i.ebayimg.com/images/g/a94AAeSwQGhqdfJg/s-l225.jpg
合理,+0%,139.99,64,72.0,[Top MINT] Olympus μ mju Zoom 130 Point & Shoot 35mm Film Camera From JAPAN,olympus mju 130,Olympus,Film Cameras,Used,139.99,USD,FIXED_PRICE,grail:mju;good-cond,JP,tomi-camera-japan,100.0,2026-08-15T03:08:28.000Z,,https://www.ebay.com/itm/168614738254?hash=item274238b94e:g:zbAAAeSw6z1qf9jm,https://i.ebayimg.com/images/g/zbAAAeSw6z1qf9jm/s-l225.jpg
合理,-3%,154.99,58,72.0,"""Top Mint+++"" Contax Carl Zeiss Vario-Sonnar T* 80-200mm f/4 MMJ Zoom Lens JAPAN",contax sonnar 80-200mm f4,Contax,Lenses,Used,149.99,USD,"FIXED_PRICE,BEST_OFFER",grail:Sonnar;good-cond,JP,irodori-store,99.7,2026-08-15T00:14:19.000Z,,https://www.ebay.com/itm/227476351411?hash=item34f6a5a9b3:g:nB0AAeSw-DtqY~T2,https://i.ebayimg.com/images/g/nB0AAeSw-DtqY~T2/s-l225.jpg
合理,+7%,140.0,80,72.0,HOOD [Exc+5] Pentax MX 35mm SLR Film Camera 50mm F1.4 Lens From JAPAN,pentax 35mm f1.4,Pentax,Film Cameras,Used,149.99,USD,FIXED_PRICE,grail:Pentax MX;good-cond,JP,kaya6610,99.6,2026-08-14T19:06:00.000Z,,https://www.ebay.com/itm/318730434671?hash=item4a35d0786f:g:lo0AAeSwiuJqf2dd,https://i.ebayimg.com/images/g/lo0AAeSwiuJqf2dd/s-l225.jpg
合理,-1%,151.03,80,72.0,[ TOP MINT w/ Hood ] CONTAX Carl Zeiss Sonnar T* 90mm F/2.8 For G1 G2 From JAPAN,contax sonnar 90mm f2.8,Contax,Lenses,Used,149.99,USD,FIXED_PRICE,grail:Sonnar;good-cond,JP,ohana_camera_tokyo,99.6,2026-08-14T07:18:14.000Z,,https://www.ebay.com/itm/198570041624?hash=item2e3bb26118:g:Q2wAAeSw4qpqfsJp,https://i.ebayimg.com/images/g/Q2wAAeSw4qpqfsJp/s-l225.jpg
高价,+230%,50.0,80,72.0,[MINT] CONTAX RX Black 35mm SLR Film Camera Body C/Y From JAPAN #223,contax 35mm,Contax,Film Cameras,Used,164.99,USD,"FIXED_PRICE,BEST_OFFER",grail:CONTAX RX;mount:contax/yashica;good-cond,JP,*kon_nichiwa*camera-japan,100.0,2026-08-14T04:29:13.000Z,,https://www.ebay.com/itm/318727286263?hash=item4a35a06df7:g:TYMAAOSwU-xn0ZDK,https://i.ebayimg.com/images/g/TYMAAOSwU-xn0ZDK/s-l225.jpg
合理,+12%,152.49,80,72.0,*Almost Mint w/ Extension Tube* Mamiya Sekor NB 127mm F/3.8 Standard Lens RB67,mamiya sekor 127mm f3.8,Mamiya,Lenses,Used,169.99,USD,FIXED_PRICE,grail:RB67;good-cond,JP,dub0804-55,100.0,2026-08-14T11:34:40.000Z,,https://www.ebay.com/itm/366605134730?hash=item555b5e6b8a:g:jYUAAeSw~4xqNMae,https://i.ebayimg.com/images/g/jYUAAeSw~4xqNMae/s-l225.jpg
合理,+3%,170.0,70,72.0,[EXC+++++] Konica Big Mini BM-201 Point & Shoot 35mm Film Camera From Japan,konica bm-201,Konica,Film Cameras,Used,175.0,USD,"FIXED_PRICE,BEST_OFFER",grail:Big Mini;good-cond,JP,fromjapanselect,100.0,2026-08-15T01:41:55.000Z,,https://www.ebay.com/itm/147505638127?hash=item2258056aef:g:yOEAAeSwCsZqf7zs,https://i.ebayimg.com/images/g/yOEAAeSwCsZqf7zs/s-l225.jpg
合理,+6%,169.9,41,72.0,[MINT] Zenza Bronica Zenzanon PG 200mm f4.5 Telephoto Lens For GS-1 From JAPAN,bronica 200mm f4.5,Bronica,Lenses,Used,179.99,USD,FIXED_PRICE,grail:Bronica Zenzanon;good-cond,JP,japan.sadacamera,100.0,2026-08-14T14:22:07.000Z,,https://www.ebay.com/itm/377418213780?hash=item57dfe0e994:g:w54AAeSwmE9qfyQN,https://i.ebayimg.com/images/g/w54AAeSwmE9qfyQN/s-l225.jpg
合理,+12%,170.0,70,72.0,[N/MINT] Konica Big Mini BM-201 Gray Point & Shoot 35mm Film Camera From JAPAN,konica bm-201,Konica,Film Cameras,Used,189.99,USD,FIXED_PRICE,grail:Big Mini;good-cond,JP,peace.camera.japan,100.0,2026-08-15T04:26:21.000Z,,https://www.ebay.com/itm/398287405926?hash=item5cbbc78366:g:fKcAAeSwNtZqf-ub,https://i.ebayimg.com/images/g/fKcAAeSwNtZqf-ub/s-l225.jpg
合理,-4%,228.82,80,72.0,[Near MINT] OLYMPUS mju II 80 VF Point & Shoot 35mm Film Camera From JAPAN,olympus mju 80,Olympus,Film Cameras,Used,219.99,USD,FIXED_PRICE,grail:mju;good-cond,JP,ninnincamera,100.0,2026-08-14T14:05:37.000Z,,https://www.ebay.com/itm/318729325271?hash=item4a35bf8ad7:g:fdIAAeSwlShqfyGt,https://i.ebayimg.com/images/g/fdIAAeSwlShqfyGt/s-l225.jpg
合理,+3%,232.49,80,72.0,⏯️ [ MINT] Olympus μ mju II 170 VF Point & Shoot 35mm Film Camera From JAPAN,olympus mju 170,Olympus,Film Cameras,Used,239.99,USD,FIXED_PRICE,grail:mju;good-cond,JP,ky-camera.japan,100.0,2026-08-15T13:28:07.000Z,,https://www.ebay.com/itm/407146735830?hash=item5ecbd628d6:g:eQgAAeSwp31p3dl8,https://i.ebayimg.com/images/g/eQgAAeSwp31p3dl8/s-l225.jpg
合理,-7%,257.5,80,72.0,CONTAX Carl Zeiss Distagon T 28mm f2.8 AEJ Wide Angle MF From Japan Near MINT-,contax distagon 28mm f2.8,Contax,Lenses,Used,239.99,USD,FIXED_PRICE,grail:Distagon;good-cond,JP,harmony_lens_japan,100.0,2026-08-14T09:41:22.000Z,,https://www.ebay.com/itm/398284371425?hash=item5cbb9935e1:g:Ly8AAeSwMjhqfrUW,https://i.ebayimg.com/images/g/Ly8AAeSwMjhqfrUW/s-l225.jpg
合理,+9%,228.82,80,72.0,Near Mint Olympus μ mju II 80 VF 35mm Film Camera Point & Shoot From JAPAN,olympus mju 80,Olympus,Film Cameras,Used,249.99,USD,"FIXED_PRICE,BEST_OFFER",grail:mju;good-cond,JP,itsuki.japan.camera,100.0,2026-08-15T02:40:10.000Z,,https://www.ebay.com/itm/820003692924?hash=itembeec07617c:g:ag0AAeSwoi5qVxN4,https://i.ebayimg.com/images/g/ag0AAeSwoi5qVxN4/s-l225.jpg
合理,+0%,259.99,69,72.0,[Exc+5] Mamiya Sekor 65mm F/4.5 Wide Angle Lens RB67 Pro S SD From JAPAN,mamiya sekor 65mm f4.5,Mamiya,Lenses,Used,259.9,USD,FIXED_PRICE,grail:RB67;good-cond,JP,shogun-market,100.0,2026-08-14T13:35:55.000Z,,https://www.ebay.com/itm/318729238849?hash=item4a35be3941:g:ZDkAAeSwQ0Fqfxq6,https://i.ebayimg.com/images/g/ZDkAAeSwQ0Fqfxq6/s-l225.jpg
合理,+8%,239.99,32,72.0,[Top Mint] Olympus μ mju III 135 Point & Shoot 35mm Film Camera From Japan,olympus mju 135,Olympus,Film Cameras,Used,259.99,USD,FIXED_PRICE,grail:mju;good-cond,JP,yokohama_camera,100.0,2026-08-14T22:56:24.000Z,,https://www.ebay.com/itm/407145347056?hash=item5ecbc0f7f0:g:3PYAAeSwS4pqf5uR,https://i.ebayimg.com/images/g/3PYAAeSwS4pqf5uR/s-l225.jpg
合理,-2%,307.06,80,72.0,Mamiya Sekor C 80mm f/2.8 Lens for Mamiya 645 Medium Format From Japan,mamiya sekor f/2.8,Mamiya,Film Cameras,Used,299.98,USD,FIXED_PRICE,grail:645,JP,japanese-treasure-chest,99.4,2026-08-15T10:13:53.000Z,,https://www.ebay.com/itm/800512006457?hash=itemba623bd939:g:qskAAeSwqylqgDvc,https://i.ebayimg.com/images/g/qskAAeSwqylqgDvc/s-l225.jpg
合理,+3%,384.99,60,72.0,[Near MINT] Mamiya K/L KL 90mm f/3.5 L Lens for RB67 PRO S SD From JAPAN,mamiya 90mm f3.5,Mamiya,Lenses,Used,394.9,USD,FIXED_PRICE,grail:RB67;good-cond,JP,shogun-market,100.0,2026-08-14T13:39:40.000Z,,https://www.ebay.com/itm/318729244703?hash=item4a35be501f:g:XV0AAeSwg3NqfxuS,https://i.ebayimg.com/images/g/XV0AAeSwg3NqfxuS/s-l225.jpg
合理,+5%,379.99,80,72.0,[MINT in BOX] Contax Carl Zeiss Planar T* 85mm F/1.4 MMJ Lens CY Mount JAPAN,contax planar 85mm f1.4,Contax,Lenses,Used,399.99,USD,FIXED_PRICE,grail:Planar;good-cond,JP,tokiocamera,100.0,2026-08-14T22:44:21.000Z,,https://www.ebay.com/itm/318731234472?hash=item4a35dcaca8:g:9-UAAeSw~eVpXJEJ,https://i.ebayimg.com/images/g/9-UAAeSw~eVpXJEJ/s-l225.jpg
合理,+0%,399.99,80,72.0,Meter Works 【 NEAR MINT 】 Pentax 6x7 67 TTL Mirror Up Mup Body Film Camera JAPAN,pentax 67,Pentax,Film Cameras,Used,399.99,USD,FIXED_PRICE,grail:6x7;good-cond,JP,ykond91-camera-japan,100.0,2026-08-14T07:53:51.000Z,,https://www.ebay.com/itm/800506092602?hash=itemba61e19c3a:g:67wAAeSwv0lo6zxD,https://i.ebayimg.com/images/g/67wAAeSwv0lo6zxD/s-l225.jpg
合理,-2%,409.99,80,72.0,Contax CONTAX TVS Compact Film Camera From Japan Tested [Read Cond],contax contax tvs,Contax,Film Cameras,Used,400.0,USD,"FIXED_PRICE,BEST_OFFER",grail:CONTAX TVS,JP,re-camera,99.8,2026-08-14T08:44:24.000Z,,https://www.ebay.com/itm/336741706896?hash=item4e675eac90:g:41oAAeSwEx9qftXm,https://i.ebayimg.com/images/g/41oAAeSwEx9qftXm/s-l225.jpg
合理,-7%,461.29,80,72.0,Tested [Near MINT] Fujifilm Natura Classica 35mm Point & Shoot Film Camera JAPAN,fujifilm natura,Fujifilm,Film Cameras,Used,429.99,USD,FIXED_PRICE,grail:Natura;good-cond,JP,virtuoso1600jp,100.0,2026-08-14T11:44:47.000Z,,https://www.ebay.com/itm/257679858750?hash=item3bfeea9c3e:g:8-gAAeSwQGhqfwDG,https://i.ebayimg.com/images/g/8-gAAeSwQGhqfwDG/s-l225.jpg
合理,-7%,475.57,80,72.0,[MINT] Hasselblad Carl Zeiss T* Distagon C 50mm F/4 Lens From JAPAN,hasselblad distagon 50mm f4,Hasselblad,Lenses,Used,439.99,USD,FIXED_PRICE,grail:Distagon;good-cond,JP,yutajapan777,99.8,2026-08-14T17:12:21.000Z,,https://www.ebay.com/itm/820002028596?hash=itembeebedfc34:g:hYUAAeSwCclqf00t,https://i.ebayimg.com/images/g/hYUAAeSwCclqf00t/s-l225.jpg
合理,-2%,490.83,80,72.0,⏯️ [Near MINT] Nikon F5 SLR 35mm Film Camera + AF 50mm f/1.8 D Lens From JAPAN,nikon f5,Nikon,Film Cameras,Used,479.9,USD,FIXED_PRICE,grail:Nikon F5;good-cond,JP,tmok95_camera_japan,100.0,2026-08-14T15:32:44.000Z,,https://www.ebay.com/itm/168613622567?hash=item274227b327:g:VTMAAeSwn~xqfzWY,https://i.ebayimg.com/images/g/VTMAAeSwn~xqfzWY/s-l225.jpg
合理,+0%,499.0,80,72.0,CLA'd [Almost MINT] Mamiya Sekor C 110mm f/2.8 Lens For M645 645 Super Pro TL JP,mamiya sekor 110mm f2.8,Mamiya,Lenses,Used,499.99,USD,FIXED_PRICE,grail:645;good-cond,JP,sakura0000,100.0,2026-08-14T10:53:24.000Z,,https://www.ebay.com/itm/398284603390?hash=item5cbb9cbffe:g:SC0AAeSws4lqfvEM,https://i.ebayimg.com/images/g/SC0AAeSws4lqfvEM/s-l225.jpg
合理,+6%,490.83,80,72.0,[ Near MINT+++ ] Nikon F5 35mm Film Camera Body AF 50mm F/1.4 D Lens From JAPAN,nikon f5,Nikon,Film Cameras,Used,519.99,USD,FIXED_PRICE,grail:Nikon F5;good-cond,JP,hakusan_camera,100.0,2026-08-15T12:47:32.000Z,,https://www.ebay.com/itm/198572947984?hash=item2e3bdeba10:g:9iAAAeSwVopqgGDY,https://i.ebayimg.com/images/g/9iAAAeSwVopqgGDY/s-l225.jpg
合理,+8%,490.83,80,72.0,Late S/N:3205580 [MINT w/ Strap] Nikon F5 35mm SLR Film Camera Body From JAPAN,nikon f5,Nikon,Film Cameras,Used,529.99,USD,FIXED_PRICE,grail:Nikon F5;good-cond,JP,ham_7373,100.0,2026-08-14T06:48:23.000Z,,https://www.ebay.com/itm/366604717384?hash=item555b580d48:g:YHkAAeSwk3lqfrqx,https://i.ebayimg.com/images/g/YHkAAeSwk3lqfrqx/s-l225.jpg
合理,-7%,594.95,80,72.0,Pentax 6x7 Eye Level Finder Mediun Format Film Camera 75mm f/4.5 Lens [Exc+5],pentax eye level,Pentax,Film Cameras,Used,554.99,USD,"FIXED_PRICE,BEST_OFFER",grail:6x7;good-cond,JP,dream.camera.tokyo,100.0,2026-08-14T06:50:28.000Z,,https://www.ebay.com/itm/318727760027?hash=item4a35a7a89b:g:maUAAeSwZK1p3xXA,https://i.ebayimg.com/images/g/maUAAeSwZK1p3xXA/s-l225.jpg
合理,+1%,617.49,65,72.0,Contax Planar Carl Zeiss T* 45mm F2 AF Lens for G1 G2 from Japan [Mint w/ case],contax planar 45mm f2,Contax,Lenses,Used,625.75,USD,FIXED_PRICE,grail:Planar;good-cond,JP,sakura_camera06,100.0,2026-08-14T14:49:47.000Z,,https://www.ebay.com/itm/287524911522?hash=item42f1d1f9a2:g:aPAAAeSw0t5qBYmD,https://i.ebayimg.com/images/g/aPAAAeSw0t5qBYmD/s-l225.jpg
合理,-1%,684.99,50,72.0,LCD Works! [Near MINT] Ricoh GR1 Black Point & Shoot 35mm Film Camera From JAPAN,ricoh gr1,Ricoh,Film Cameras,Used,679.99,USD,"FIXED_PRICE,BEST_OFFER",grail:GR1;good-cond,JP,matsunami_camera_japan,100.0,2026-08-14T08:52:21.000Z,,https://www.ebay.com/itm/820000507210?hash=itembeebd6c54a:g:hs4AAeSwFJVqc79x,https://i.ebayimg.com/images/g/hs4AAeSwFJVqc79x/s-l225.jpg
合理,+6%,773.88,30,72.0,w/Hood [Near Mint++] Pentax 6x7 EyeLevel Film Camera SMC T 105mm f2.4 From JPN,pentax eyelevel smc,Pentax,Film Cameras,Used,819.99,USD,FIXED_PRICE,grail:6x7;good-cond,JP,shib5636,100.0,2026-08-15T01:01:19.000Z,,https://www.ebay.com/itm/398286803728?hash=item5cbbbe5310:g:OMoAAeSw1yVqf7ws,https://i.ebayimg.com/images/g/OMoAAeSw1yVqf7ws/s-l225.jpg
合理,-1%,905.0,17,72.0,[ Top MINT w/ Filter ] Hasselblad Carl Zeiss Distagon T* C 60mm F3.5 Lens JAPAN,hasselblad distagon 60mm f3.5,Hasselblad,Lenses,Used,899.99,USD,FIXED_PRICE,grail:Distagon;good-cond,JP,hideyo_88,100.0,2026-08-14T06:27:40.000Z,,https://www.ebay.com/itm/318727646401?hash=item4a35a5ecc1:g:FowAAeSwbjtqfraG,https://i.ebayimg.com/images/g/FowAAeSwbjtqfraG/s-l225.jpg
合理,-5%,997.5,56,72.0,Meter Works [MINT w/ Case] Nikon 35Ti 35 Ti 35mm Point&Shoot Film Camera JAPAN,nikon 35ti,Nikon,Film Cameras,Used,950.0,USD,FIXED_PRICE,grail:35Ti;good-cond,JP,kamakura_camera_jp,100.0,2026-08-15T03:24:29.000Z,,https://www.ebay.com/itm/800510365893?hash=itemba6222d0c5:g:-QoAAeSw87BqeW~W,https://i.ebayimg.com/images/g/-QoAAeSw87BqeW~W/s-l225.jpg
合理,+11%,929.99,77,72.0,[N Mint] Fuji Fujifilm GW690 II Pro 6x9 Medium Format Camera 90mm f/3.5 Japan,fuji gw690,Fuji,Film Cameras,Used,1029.99,USD,FIXED_PRICE,grail:GW690;good-cond,JP,rivermart1209,100.0,2026-08-14T16:37:42.000Z,,https://www.ebay.com/itm/366605664840?hash=item555b668248:g:jzoAAeSwCGNqfzib,https://i.ebayimg.com/images/g/jzoAAeSwCGNqfzib/s-l225.jpg
合理,-8%,1299.99,41,72.0,2Lens [Top MINT] Pentax 645N Camera FA 45-85mm 80-160mm 120 Film Back From JAPAN,pentax 645n,Pentax,Film Cameras,Used,1199.99,USD,FIXED_PRICE,grail:645N;good-cond,JP,hakusan_camera,100.0,2026-08-14T07:57:20.000Z,,https://www.ebay.com/itm/198570124008?hash=item2e3bb3a2e8:g:vX8AAeSwA6tqfsrb,https://i.ebayimg.com/images/g/vX8AAeSwA6tqfsrb/s-l225.jpg
合理,+3%,1449.99,16,72.0,Rare! [MINT+] Mamiya Sekor Fisheye Z 37mm f4.5 Middle Format RZ67 II IID JAPAN,mamiya sekor 37mm f4.5,Mamiya,Lenses,Used,1489.99,USD,FIXED_PRICE,grail:RZ67;good-cond,JP,akyama_71,100.0,2026-08-14T08:56:00.000Z,,https://www.ebay.com/itm/318728250401?hash=item4a35af2421:g:bbEAAeSw3BxqftkQ,https://i.ebayimg.com/images/g/bbEAAeSw3BxqftkQ/s-l225.jpg
合理,+0%,1599.99,65,72.0,C/T 003 [CLA'D MINT] Fuji Fujifilm GA645 Pro 6x4.5 Format Film Camera From JAPAN,fuji ga645,Fuji,Film Cameras,Used,1599.99,USD,FIXED_PRICE,grail:GA645;good-cond,JP,myon-38,99.7,2026-08-15T13:08:20.000Z,,https://www.ebay.com/itm/318734090047?hash=item4a36083f3f:g:A04AAeSwL~NqgGV9,https://i.ebayimg.com/images/g/A04AAeSwL~NqgGV9/s-l225.jpg
合理,+3%,1599.99,80,72.0,LCD Perfect Count 002[MINT] Fujifilm GA645 Pro 6x4.5 Film Camera From JAPAN,fujifilm ga645,Fujifilm,Film Cameras,Used,1649.99,USD,FIXED_PRICE,grail:GA645;good-cond,JP,airu55,100.0,2026-08-14T16:36:17.000Z,,https://www.ebay.com/itm/800508028471?hash=itemba61ff2637:g:7GMAAeSwYEVqf0Uz,https://i.ebayimg.com/images/g/7GMAAeSwYEVqf0Uz/s-l225.jpg
合理,+6%,1599.99,79,72.0,[MINT＋] Fujifilm FUji GA645Zi 645 Pro Black Medium Format Film Camera From JAPAN,fujifilm ga645zi,Fujifilm,Film Cameras,Used,1699.99,USD,FIXED_PRICE,grail:645;good-cond,JP,onda03,99.4,2026-08-15T00:10:46.000Z,,https://www.ebay.com/itm/137622351746?hash=item200aee6f82:g:oggAAeSw2SRqf69B,https://i.ebayimg.com/images/g/oggAAeSw2SRqf69B/s-l225.jpg
合理,+6%,1699.99,50,72.0,[Top MINT w/Strap] Pentax 645 NII N II Film Camera A 75mm F2.8 MF Lens 120 JAPAN,pentax nii,Pentax,Film Cameras,Used,1799.99,USD,FIXED_PRICE,grail:645;good-cond,JP,mitsu_64,100.0,2026-08-14T11:40:15.000Z,,https://www.ebay.com/itm/147504373639?hash=item2257f21f87:g:ARAAAeSwlShqfwBY,https://i.ebayimg.com/images/g/ARAAAeSwlShqfwBY/s-l225.jpg
高价,+191%,755.0,80,72.0,[N MINT+ w/ Shoe] Hasselblad 500 CM Film Camera CF 80mm f2.8 Lens A12 From JAPAN,hasselblad 500,Hasselblad,Film Cameras,Used,2199.99,USD,FIXED_PRICE,grail:500 CM;mount:hasselblad v;good-cond,JP,japancamera_au,100.0,2026-08-15T01:29:49.000Z,,https://www.ebay.com/itm/227476408369?hash=item34f6a68831:g:Cy4AAeSwP~Vqf8GH,https://i.ebayimg.com/images/g/Cy4AAeSwP~Vqf8GH/s-l225.jpg
偏低,-22%,65.84,52,71.0,*App Mint : Full Work* Mamiya ZE Quartz SLR 35mm Film Camera Body From Japan,mamiya quartz,Mamiya,Film Cameras,Used,51.29,USD,FIXED_PRICE,good-cond,JP,hitonaga-0,100.0,2026-08-14T11:38:59.000Z,,https://www.ebay.com/itm/407143987946?hash=item5ecbac3aea:g:c88AAOSwS4FmrskN,https://i.ebayimg.com/images/g/c88AAOSwS4FmrskN/s-l225.jpg
偏低,-24%,109.0,49,71.0,Zeiss Ikon Contessa LK 35mm Rangefinder | Tessar 50mm f/2.8 | w/ Hard Case,zeiss ikon contessa,Zeiss,Film Cameras,Used,83.02,USD,"FIXED_PRICE,BEST_OFFER",grail:Tessar,CA,miggysrediscoveredgoods,100.0,2026-08-15T12:12:06.000Z,,https://www.ebay.com/itm/398288653820?hash=item5cbbda8dfc:g:HcoAAeSw9Qdpkfvo,https://i.ebayimg.com/images/g/HcoAAeSw9Qdpkfvo/s-l225.jpg
偏低,-17%,240.0,79,71.0,Voigtlander BESSA-L Silver Rangefinder 35mm Film Camera Body [MINT] From JAPAN,voigtlander bessa-l,Voigtlander,Film Cameras,Used,199.9,USD,"FIXED_PRICE,BEST_OFFER",good-cond,JP,questers_jp,100.0,2026-08-14T06:59:45.000Z,,https://www.ebay.com/itm/398283925675?hash=item5cbb9268ab:g:628AAeSwIoZqXsJy,https://i.ebayimg.com/images/g/628AAeSwIoZqXsJy/s-l225.jpg
合理,-4%,279.99,38,71.0,[ NEAR MINT ] SMC Pentax A 645 55mm f2.8 Wide Angle Lens for 645N NII From JAPAN,pentax smc 55mm f2.8,Pentax,Lenses,Used,269.99,USD,"FIXED_PRICE,BEST_OFFER",grail:645;mount:pentax k;55mm;good-cond,JP,japan_camera_sippo,100.0,2026-08-14T16:00:53.000Z,,https://www.ebay.com/itm/398285387142?hash=item5cbba8b586:g:1~gAAeSwj~xp1cgm,https://i.ebayimg.com/images/g/1~gAAeSwj~xp1cgm/s-l225.jpg
合理,+7%,279.99,38,71.0,"""TOP MINT+++"" SMC PENTAX-A 645 55mm F/2.8 Wide Angle MF Lens For 645N NII JAPAN",pentax smc 55mm f2.8,Pentax,Lenses,Used,299.99,USD,"FIXED_PRICE,BEST_OFFER",grail:645;mount:pentax k;55mm;good-cond,JP,kawashima-camera,100.0,2026-08-14T05:39:34.000Z,,https://www.ebay.com/itm/147503808959?hash=item2257e981bf:g:ilAAAeSwisJqB9cz,https://i.ebayimg.com/images/g/ilAAAeSwisJqB9cz/s-l225.jpg
偏低,-12%,484.0,16,71.0,[Exc+5] WISTA 45N 45 N 4x5 Large Format Film Camera From JAPAN,wista 45n,Wista,Film Cameras,Used,428.0,USD,FIXED_PRICE,good-cond,JP,taabo93,100.0,2026-08-15T11:03:59.000Z,,https://www.ebay.com/itm/137623934963?hash=item200b0697f3:g:3fIAAeSwTHhqgEff,https://i.ebayimg.com/images/g/3fIAAeSwTHhqgEff/s-l225.jpg
合理,+0%,550.0,16,71.0,"""UNUSED w/ Box"" Voigtlander Nokton 55mm F/1.2 SL II S Nikon Ai-s F Mount JAPAN",voigtlander ai-s 55mm f1.2,Voigtlander,Lenses,Used,549.99,USD,"FIXED_PRICE,BEST_OFFER",grail:Nokton;mount:nikon f;55mm,JP,irodori-store,99.7,2026-08-14T06:36:10.000Z,,https://www.ebay.com/itm/227475216762?hash=item34f694597a:g:exEAAeSw-ghqPwky,https://i.ebayimg.com/images/g/exEAAeSw-ghqPwky/s-l225.jpg
偏低,-20%,1000.0,80,71.0,CLA'd 7th Anniversary [NEAR MINT] Voigtlander BESSA-R Black 35mm Camera JAPAN,voigtlander bessa-r,Voigtlander,Film Cameras,Used,794.99,USD,FIXED_PRICE,good-cond,JP,ht-smile,100.0,2026-08-14T16:20:56.000Z,,https://www.ebay.com/itm/128026660374?hash=item1dcefbce16:g:q7MAAeSwEvtqIETO,https://i.ebayimg.com/images/g/q7MAAeSwEvtqIETO/s-l225.jpg
合理,+0%,850.0,33,71.0,[N MINT] Leitz Minolta CL Rangefinder Film Camera M ROKKOR 40mm F2 Lens JAPAN,leitz minolta,Leitz,Film Cameras,Used,849.99,USD,FIXED_PRICE,mount:minolta md;good-cond,JP,dreamers_camera_japan,99.5,2026-08-15T08:30:31.000Z,,https://www.ebay.com/itm/366606939672?hash=item555b79f618:g:jMgAAeSwOjlqgCQj,https://i.ebayimg.com/images/g/jMgAAeSwOjlqgCQj/s-l225.jpg
高价,+2014%,127.75,80,71.0,"[Top Mint w/ Case, Manual] Rollei Rolleiflex SL66 SE Planar 80mm F2.8 HFT Japan",rollei rolleiflex,Rollei,Film Cameras,Used,2699.99,USD,FIXED_PRICE,grail:SL66;good-cond,JP,asakusa-camera-japan,100.0,2026-08-14T22:52:05.000Z,,https://www.ebay.com/itm/398286447658?hash=item5cbbb8e42a:g:548AAeSwpoNqf5nc,https://i.ebayimg.com/images/g/548AAeSwpoNqf5nc/s-l225.jpg
高价,+15277%,19.51,80,71.0,"""Mint+++"" Leica M3 Double Stroke Film Camera w/ Elmar 50mm F/2.8 Late Lens JAPAN",leica m3,Leica,Film Cameras,Used,2999.99,USD,"FIXED_PRICE,BEST_OFFER",grail:Leica M3;good-cond,JP,kawashima-camera,100.0,2026-08-14T05:50:24.000Z,,https://www.ebay.com/itm/147503827786?hash=item2257e9cb4a:g:8akAAeSwl2NpedEg,https://i.ebayimg.com/images/g/8akAAeSwl2NpedEg/s-l225.jpg
合理,+10%,2999.65,57,71.0,[ TOP MINT ] Hasselblad 503CX Camera Acute CF 80mm F/2.8 Lens A12 III From JAPAN,hasselblad 503cx,Hasselblad,Film Cameras,Used,3299.99,USD,FIXED_PRICE,mount:hasselblad v;good-cond,JP,ohana_camera_tokyo,99.6,2026-08-15T09:57:13.000Z,,https://www.ebay.com/itm/198572699335?hash=item2e3bdaeec7:g:TTgAAeSwCz5qgDiw,https://i.ebayimg.com/images/g/TTgAAeSwCz5qgDiw/s-l225.jpg
合理,-7%,5351.86,14,71.0,RARE 100 Jahre MMG [MINT] CONTAX Carl Zeiss Planar 55mm f1.2 MF Lens From JAPAN,contax planar 55mm f1.2,Contax,Lenses,Used,4949.99,USD,FIXED_PRICE,grail:Planar;55mm;good-cond,JP,hajimyokoyam_0,100.0,2026-08-15T00:26:15.000Z,,https://www.ebay.com/itm/227476362553?hash=item34f6a5d539:g:UN0AAeSwkfRqMG7n,https://i.ebayimg.com/images/g/UN0AAeSwkfRqMG7n/s-l225.jpg
偏高,+41%,249.0,80,70.0,[Cla'd MINT] Contax Carl Zeiss Planar 50mm f/1.4 AEJ Standard Lens C/Y JAPAN,contax planar 50mm f1.4,Contax,Lenses,Used,349.99,USD,FIXED_PRICE,grail:Planar;mount:contax/yashica;good-cond,JP,ranta8823,100.0,2026-08-14T06:02:44.000Z,,https://www.ebay.com/itm/800505652647?hash=itemba61dae5a7:g:CqoAAeSwAVhqfrA9,https://i.ebayimg.com/images/g/CqoAAeSwAVhqfrA9/s-l225.jpg
偏低,-17%,475.57,80,70.0,Hasselblad 50mm f4 Distagon CF T*,hasselblad distagon 50mm f4,Hasselblad,Lenses,Used,395.0,USD,"FIXED_PRICE,BEST_OFFER",grail:Distagon;mount:hasselblad v,US,malv9107,100.0,2026-08-14T20:53:42.000Z,,https://www.ebay.com/itm/278280763587?hash=item40cad378c3:g:1nIAAeSwE-hqdfvO,https://i.ebayimg.com/images/g/1nIAAeSwE-hqdfvO/s-l225.jpg
偏高,+17%,349.99,81,70.0,Contax Carl Zeiss Distagon T* 25mm f/2.8 MMJ Lens C/Y from Japan [Mint],contax distagon 25mm f2.8,Contax,Lenses,Used,408.25,USD,FIXED_PRICE,grail:Distagon;mount:contax/yashica;good-cond,JP,sakura_camera06,100.0,2026-08-14T14:49:47.000Z,,https://www.ebay.com/itm/287524911567?hash=item42f1d1f9cf:g:57IAAeSwsHRqYfOA,https://i.ebayimg.com/images/g/57IAAeSwsHRqYfOA/s-l225.jpg
偏高,+36%,353.0,80,70.0,[Top MINT] Voigtlander NOKTON classic 35mm F1.4 II MC VM From JAPAN,voigtlander nokton 35mm f1.4,Voigtlander,Lenses,Used,479.99,USD,FIXED_PRICE,grail:NOKTON;mount:leica m;good-cond,JP,rakuw_21,99.3,2026-08-14T06:17:51.000Z,,https://www.ebay.com/itm/318727619108?hash=item4a35a58224:g:EJoAAeSwH-NqfrOL,https://i.ebayimg.com/images/g/EJoAAeSwH-NqfrOL/s-l225.jpg
偏高,+40%,357.55,80,70.0,[MINT w/ Hood] Leica Elmar 50mm f/3.5 Collapsible Lens L39 LTM From Japan,leica elmar 50mm f3.5,Leica,Lenses,Used,499.0,USD,FIXED_PRICE,grail:Elmar;mount:ltm/l39;good-cond,JP,tommy_camera_japan,100.0,2026-08-14T08:23:20.000Z,,https://www.ebay.com/itm/407143619637?hash=item5ecba69c35:g:-YAAAeSwvFVqftD7,https://i.ebayimg.com/images/g/-YAAAeSwvFVqftD7/s-l225.jpg
偏高,+20%,428.0,41,70.0,"""OPTICS MINT""Voigtlander ULTRON 40mm F2 SL II Aspherical for Nikon F #6206",voigtlander ultron 40mm f2,Voigtlander,Lenses,Used,515.0,USD,FIXED_PRICE,grail:ULTRON;mount:nikon f;good-cond,JP,camerajapan20,100.0,2026-08-14T13:12:27.000Z,,https://www.ebay.com/itm/198570742016?hash=item2e3bbd1100:g:Ht4AAeSwUFpqcKG2,https://i.ebayimg.com/images/g/Ht4AAeSwUFpqcKG2/s-l225.jpg
偏高,+15%,649.99,9,70.0,[MINT] Bronica ETR S 6x4.5 Film Camera + Waist Level Finder + EII 75mm f2.8 Lens,bronica etr 6x4.5,Bronica,Film Cameras,Used,749.99,USD,"FIXED_PRICE,BEST_OFFER",grail:Bronica ETR;good-cond,JP,prosper-nagoya-japan,99.8,2026-08-14T13:10:42.000Z,,https://www.ebay.com/itm/267757018904?hash=item3e578fdf18:g:2HoAAeSwYEVqfxLV,https://i.ebayimg.com/images/g/2HoAAeSwYEVqfxLV/s-l225.jpg
偏低,-9%,990.49,8,70.0,FE Lens [Almost Unused] Hasselblad Carl Zeiss Sonnar T* 150mm F2.8 From JAPAN,hasselblad sonnar 150mm f2.8,Hasselblad,Lenses,Used,899.99,USD,FIXED_PRICE,grail:Sonnar;mount:sony e,JP,sugutamo_camera_japan,99.9,2026-08-14T14:28:34.000Z,,https://www.ebay.com/itm/188791984111?hash=item2bf4e10fef:g:7RIAAeSwmiFqfydB,https://i.ebayimg.com/images/g/7RIAAeSwmiFqfydB/s-l225.jpg
偏高,+26%,999.99,80,70.0,[MINT] Nikon FM3A Silver Film Camera body /w Ai-s 45mm f/2.8 P Lens From JAPAN,nikon fm3a,Nikon,Film Cameras,Used,1259.99,USD,FIXED_PRICE,grail:FM3A;mount:nikon f;good-cond,JP,japan_collects,100.0,2026-08-15T03:41:38.000Z,,https://www.ebay.com/itm/198572122880?hash=item2e3bd22300:g:wggAAeSwQGhqf-A1,https://i.ebayimg.com/images/g/wggAAeSwQGhqf-A1/s-l225.jpg
超值,-26%,84.99,11,69.0,[Exc+5/case] FUJI CARDIA HITE DATE Point and shoot 35mm Film Camera From JAPAN #,fuji cardia hite,Fuji,Film Cameras,Used,62.99,USD,FIXED_PRICE,good-cond,JP,mimoss.shop,100.0,2026-08-14T23:37:26.000Z,,https://www.ebay.com/itm/398286554162?hash=item5cbbba8432:g:-WgAAeSwtBlqf6XS,https://i.ebayimg.com/images/g/-WgAAeSwtBlqf6XS/s-l225.jpg
超值,-35%,276.6,13,69.0,[Top MINT] Tested. Pentax Q10 Mirrorless Camera Body From JAPAN,pentax q10,Pentax,Film Cameras,Used,180.99,USD,FIXED_PRICE,good-cond,JP,ichi_camera_jp,100.0,2026-08-14T16:49:51.000Z,,https://www.ebay.com/itm/820001961938?hash=itembeebecf7d2:g:R9oAAeSwBVhqf0hd,https://i.ebayimg.com/images/g/R9oAAeSwBVhqf0hd/s-l225.jpg
偏高,+35%,249.0,80,69.0,Contax RTS Planar 50mm F1.4 AE (J) -EXC- 0144,contax planar 50mm f1.4,Contax,Lenses,Used,336.41,USD,FIXED_PRICE,grail:Contax RTS;good-cond,JP,kitamura_camera,100.0,2026-08-14T15:27:18.000Z,,https://www.ebay.com/itm/820001736849?hash=itembeebe98891:g:enkAAeSwVhJqfzUH,https://i.ebayimg.com/images/g/enkAAeSwVhJqfzUH/s-l225.jpg
偏高,+17%,299.0,36,69.0,[Near MINT] Mamiya K/L KL 127mm f/3.5 L for RB67 Pro S SD RZ67 Pro II From JAPAN,mamiya 127mm f3.5,Mamiya,Lenses,Used,349.99,USD,FIXED_PRICE,grail:RB67;good-cond,JP,falcon-4777-jp,100.0,2026-08-14T14:24:46.000Z,,https://www.ebay.com/itm/188791961261?hash=item2bf4e0b6ad:g:kBwAAeSwMk1qfyZ2,https://i.ebayimg.com/images/g/kBwAAeSwMk1qfyZ2/s-l225.jpg
偏高,+23%,616.83,17,69.0,CONTAX TVS II Vario Sonnar 28-56mm Compact Film Camera From Japan Used,contax tvs vario,Contax,Film Cameras,Used,761.44,USD,FIXED_PRICE,grail:CONTAX TVS,JP,manekineko-japan,98.4,2026-08-14T08:42:43.000Z,,https://www.ebay.com/itm/206490152853?hash=item3013c5af95:g:NygAAeSwhP1qftYy,https://i.ebayimg.com/images/g/NygAAeSwhP1qftYy/s-l225.jpg
高价,+378%,627.5,20,69.0,AFD 【MINT】 Mamiya 645 AF Film Camera AF 55mm f/2.8 Lens 120 Film Back From Japan,mamiya 55mm f2.8,Mamiya,Film Cameras,Used,2999.0,USD,FIXED_PRICE,grail:645;55mm;good-cond,JP,cjmk-77,100.0,2026-08-14T13:54:01.000Z,,https://www.ebay.com/itm/407144419699?hash=item5ecbb2d173:g:mw4AAeSw9QJqKA~6,https://i.ebayimg.com/images/g/mw4AAeSw9QJqKA~6/s-l225.jpg
合理,+10%,45.48,80,68.0,[MINT] SMC Pentax A 645 200mm f/4 Lens For 645 645N 645Nll From JAPAN #323,pentax smc 200mm f4,Pentax,Lenses,Used,49.99,USD,"FIXED_PRICE,BEST_OFFER",grail:645;mount:pentax k;good-cond,JP,*kon_nichiwa*camera-japan,100.0,2026-08-14T04:29:13.000Z,,https://www.ebay.com/itm/318727286338?hash=item4a35a06e42:g:-s0AAOSwGFxmihUx,https://i.ebayimg.com/images/g/-s0AAOSwGFxmihUx/s-l225.jpg
偏低,-16%,65.5,80,68.0,[Near MINT] ASAHI PENTAX SMC TAKUMAR 6×7 200mm f/4 Telephoto MF for 6x7 67 JAPAN,asahi takumar 200mm f4,Asahi,Lenses,Used,54.99,USD,FIXED_PRICE,grail:6x7;good-cond,JP,*kon_nichiwa*camera-japan,100.0,2026-08-14T04:29:13.000Z,,https://www.ebay.com/itm/318727286309?hash=item4a35a06e25:g:~OAAAOSwfXZma4js,https://i.ebayimg.com/images/g/~OAAAOSwfXZma4js/s-l225.jpg
无基准,,51.38,80,68.0,Olympus OM-1 Silver 35mm SLR Film Camera Body w/ Case & Olympus Flash,olympus om-1,Olympus,Vintage Cameras,,100.0,USD,"FIXED_PRICE,AUCTION",grail:OM-1;mount:olympus om;auction,US,christophehero-0,100.0,2026-08-14T14:24:47.000Z,2026-08-21T14:24:47.000Z,https://www.ebay.com/itm/820001558081?hash=itembeebe6ce41:g:SAkAAeSwHiJqfyTn,https://i.ebayimg.com/images/g/SAkAAeSwHiJqfyTn/s-l225.jpg
合理,-7%,149.99,48,68.0,[TOP MINT] SMC Pentax A 645 150mm f/3.5 Telephoto Lens for 645N NII from JAPAN,pentax smc 150mm f3.5,Pentax,Lenses,Used,139.9,USD,FIXED_PRICE,grail:645;mount:pentax k;good-cond,JP,daihir_56,100.0,2026-08-14T07:10:31.000Z,,https://www.ebay.com/itm/407143475388?hash=item5ecba468bc:g:0dgAAeSwdixqfr~m,https://i.ebayimg.com/images/g/0dgAAeSwdixqfr~m/s-l225.jpg
合理,+10%,129.99,80,68.0,Near MINT SMC Pentax-A 645 80-160mm f/4.5 MF Telephoto Zoom Lens 645N NII JAPAN,pentax smc 80-160mm f4.5,Pentax,Lenses,Used,142.49,USD,FIXED_PRICE,grail:645;mount:pentax k;good-cond,JP,ume-japan,99.7,2026-08-14T22:49:29.000Z,,https://www.ebay.com/itm/128027083630?hash=item1dcf02436e:g:g0cAAeSwuhJppNga,https://i.ebayimg.com/images/g/g0cAAeSwuhJppNga/s-l225.jpg
偏低,-23%,257.5,80,68.0,[A UNUSED] Contax Carl Zeiss Distagon T* 28mm f/2.8 AEJ Wide Angle Lens JAPAN,contax distagon 28mm f2.8,Contax,Lenses,Used,199.0,USD,FIXED_PRICE,grail:Distagon,JP,camera_taro,100.0,2026-08-14T23:03:06.000Z,,https://www.ebay.com/itm/398286460843?hash=item5cbbb917ab:g:Y~EAAOSwkkxoW6q5,https://i.ebayimg.com/images/g/Y~EAAOSwkkxoW6q5/s-l225.jpg
无基准,,49.99,80,68.0,Olympus OM-2 35mm SLR Film Camera with 50 mm lens Kit,olympus om-2,Olympus,Film Cameras,Used,200.0,USD,"FIXED_PRICE,AUCTION",grail:OM-2;mount:olympus om;auction,US,idlfoto,0.0,2026-08-14T23:44:48.000Z,2026-08-21T23:44:48.000Z,https://www.ebay.com/itm/227476313830?hash=item34f6a516e6:g:rlwAAeSwhZ9qajUn,https://i.ebayimg.com/images/g/rlwAAeSwhZ9qajUn/s-l225.jpg
合理,+10%,199.99,61,68.0,[MINT] smc PENTAX A 645 45mm f/2.8 Wide Angle Lens 645N 645 NII from JAPAN,pentax smc 45mm f2.8,Pentax,Lenses,Used,219.99,USD,FIXED_PRICE,grail:645;mount:pentax k;good-cond,JP,daihir_56,100.0,2026-08-14T07:07:15.000Z,,https://www.ebay.com/itm/407143469774?hash=item5ecba452ce:g:RBgAAeSwOjlqfsFO,https://i.ebayimg.com/images/g/RBgAAeSwOjlqfsFO/s-l225.jpg
偏低,-13%,287.49,80,68.0,Nikon F3 Eye Level SLRFilm Camera From Japan Tested [Read Cond],nikon f3,Nikon,Film Cameras,Used,250.0,USD,"FIXED_PRICE,BEST_OFFER",grail:Nikon F3,JP,re-camera,99.8,2026-08-14T08:44:24.000Z,,https://www.ebay.com/itm/327309686248?hash=item4c352d75e8:g:GNsAAeSwSJFqftXl,https://i.ebayimg.com/images/g/GNsAAeSwSJFqftXl/s-l225.jpg
合理,-5%,309.99,81,68.0,SMC PENTAX A 645 120mm F4 MACRO Lens Medium Format [ MINT+++ ] From JAPAN #088,pentax smc 120mm f4,Pentax,Lenses,Used,294.99,USD,FIXED_PRICE,grail:645;mount:pentax k;good-cond,JP,lingenterpr-0,100.0,2026-08-14T07:01:54.000Z,,https://www.ebay.com/itm/178405467462?hash=item2989cb6546:g:QF8AAeSwP~Vqfr5Y,https://i.ebayimg.com/images/g/QF8AAeSwP~Vqfr5Y/s-l225.jpg
合理,+9%,274.51,41,68.0,[Top MINT w/ Hood] SMC Pentax FA 645 150-300mm f/5.6 ED IF for 645N NII JAPAN,pentax smc 150-300mm f5.6,Pentax,Lenses,Used,299.99,USD,FIXED_PRICE,grail:645;mount:pentax k;good-cond,JP,tommy_camera_japan,100.0,2026-08-14T08:29:21.000Z,,https://www.ebay.com/itm/407143631200?hash=item5ecba6c960:g:ms4AAeSwTHhqftKa,https://i.ebayimg.com/images/g/ms4AAeSwTHhqftKa/s-l225.jpg
合理,-8%,379.99,15,68.0,[MINT] SMC Pentax 67 Zoom 90-180mm f/5.6 SMC P Lens For 67II From JAPAN,pentax smc 90-180mm f5.6,Pentax,Lenses,Used,349.99,USD,FIXED_PRICE,grail:Pentax 67;mount:pentax k;good-cond,JP,fx-sakura,99.6,2026-08-14T07:17:48.000Z,,https://www.ebay.com/itm/318727847695?hash=item4a35a8ff0f:g:z4IAAeSw3xtqfsGd,https://i.ebayimg.com/images/g/z4IAAeSw3xtqfsGd/s-l225.jpg
偏高,+42%,329.99,63,68.0,Late Model [ MINT ] SMC Pentax 67 55mm f/4 MF Lens for 6x7 67 II From JAPAN,pentax smc 55mm f4,Pentax,Lenses,Used,467.19,USD,FIXED_PRICE,grail:Pentax 67;mount:pentax k;55mm;good-cond,JP,ysj830,100.0,2026-08-14T05:29:44.000Z,,https://www.ebay.com/itm/358924859161?hash=item539196b719:g:q6QAAeSwIGNqfqiE,https://i.ebayimg.com/images/g/q6QAAeSwIGNqfqiE/s-l225.jpg
无基准,,745.0,17,68.0,Carl Zeiss T* Biogon 25mm f/2.8 ZM Silver Lens for Leica M -- Coded,zeiss biogon 25mm f2.8,Zeiss,Lenses,Used,650.0,USD,"FIXED_PRICE,AUCTION",grail:Biogon;mount:leica m;auction,US,wahl2llb,100.0,2026-08-14T11:25:24.000Z,2026-08-24T11:25:24.000Z,https://www.ebay.com/itm/267756943643?hash=item3e578eb91b:g:e4gAAeSw5V9qV23C,https://i.ebayimg.com/images/g/e4gAAeSw5V9qV23C/s-l225.jpg
合理,-1%,1068.7,80,68.0,Hasselblad Carl Zeiss Planar C 80mm f/2.8 Lens V System Medium Format H0814,hasselblad planar 80mm f2.8,Hasselblad,Lenses,Used,1057.47,USD,FIXED_PRICE,grail:Planar;mount:hasselblad v,JP,kyoto_camera,99.7,2026-08-14T10:56:57.000Z,,https://www.ebay.com/itm/287524576813?hash=item42f1ccde2d:g:cX8AAeSwlShqfvP7,https://i.ebayimg.com/images/g/cX8AAeSwlShqfvP7/s-l225.jpg
偏低,-19%,1407.85,24,68.0,[Silver Rim] Hasselblad Carl Zeiss Planar C 100mm f/3.5 Non T*Lens,hasselblad planar 100mm f3.5,Hasselblad,Lenses,Used,1139.05,USD,"FIXED_PRICE,BEST_OFFER",grail:Planar,JP,cooljapantoys,100.0,2026-08-14T15:22:15.000Z,,https://www.ebay.com/itm/407144597649?hash=item5ecbb58891:g:CnkAAeSweEtqfzKg,https://i.ebayimg.com/images/g/CnkAAeSweEtqfzKg/s-l225.jpg
合理,+7%,1068.7,80,68.0,Hasselblad Carl Zeiss Planar C 80mm f/2.8 T* Black Lens V System Sweden H0814,hasselblad planar 80mm f2.8,Hasselblad,Lenses,Used,1143.36,USD,FIXED_PRICE,grail:Planar;mount:hasselblad v,JP,kyoto_camera,99.7,2026-08-14T10:54:16.000Z,,https://www.ebay.com/itm/278279300295?hash=item40cabd24c7:g:XCkAAeSwDp1qfvNa,https://i.ebayimg.com/images/g/XCkAAeSwDp1qfvNa/s-l225.jpg
偏低,-12%,1407.85,24,68.0,[Silver Rim] Hasselblad Carl Zeiss Planar C 100mm f/3.5 Non T*Lens from Japan,hasselblad planar 100mm f3.5,Hasselblad,Lenses,Used,1234.05,USD,"FIXED_PRICE,BEST_OFFER",grail:Planar,JP,cooljapantoys,100.0,2026-08-14T15:24:35.000Z,,https://www.ebay.com/itm/407144600965?hash=item5ecbb59585:g:8ZQAAeSwBclqfzMr,https://i.ebayimg.com/images/g/8ZQAAeSwBclqfzMr/s-l225.jpg
合理,+7%,1440.26,62,68.0,Voigtlander NOKTON 50mm F1.0 Aspherical VM for Leica M Mount from Japan E0815,voigtlander nokton 50mm f1,Voigtlander,Lenses,Used,1543.81,USD,FIXED_PRICE,grail:NOKTON;mount:leica m,JP,kyoto_camera,99.7,2026-08-15T00:01:07.000Z,,https://www.ebay.com/itm/278281139073?hash=item40cad93381:g:kVwAAeSwQQxqf6uV,https://i.ebayimg.com/images/g/kVwAAeSwQQxqf6uV/s-l225.jpg
偏低,-17%,6999.0,29,68.0,Rare!! [Almost Unused] Leica Noctilux-M 50mm F1.0 F1 4th E60 MF Lens 11822 JAPAN,leica noctilux 50mm f1,Leica,Lenses,Used,5799.99,USD,FIXED_PRICE,grail:Noctilux,JP,sugutamo_camera_japan,99.9,2026-08-14T23:34:33.000Z,,https://www.ebay.com/itm/188793904122?hash=item2bf4fe5bfa:g:LnwAAeSwkVdqf6aF,https://i.ebayimg.com/images/g/LnwAAeSwkVdqf6aF/s-l225.jpg
偏低,-16%,248.4,33,67.0,[Near Mint] Olympus PEN-FT Film Camera F.Zuiko Auto-S 38mm F1.8 FROM Japan,olympus pen-ft f.zuiko,Olympus,Film Cameras,Used,210.0,USD,"FIXED_PRICE,BEST_OFFER",mount:olympus om;good-cond,JP,rodia-aiko-japan,100.0,2026-08-15T10:21:41.000Z,,https://www.ebay.com/itm/398288392734?hash=item5cbbd6921e:g:qmUAAeSwhyNqf44S,https://i.ebayimg.com/images/g/qmUAAeSwhyNqf44S/s-l225.jpg
偏低,-15%,386.0,13,67.0,[Almost Unused] Leica Sofort Instant Film Camera 19101 MINT Color From JAPAN,leica sofort 19101,Leica,Film Cameras,Used,329.99,USD,FIXED_PRICE,good-cond,JP,authentic.heritage.japan,100.0,2026-08-14T15:59:44.000Z,,https://www.ebay.com/itm/307126615721?hash=item47822c3ea9:g:v-EAAeSwa4Fqfzyl,https://i.ebayimg.com/images/g/v-EAAeSwa4Fqfzyl/s-l225.jpg
偏低,-20%,539.9,27,67.0,Voigtlander COLOR-SKOPAR 50mm F/2.2 VM Black (for Leica M) -Near Mint- #260,voigtlander 50mm f2.2,Voigtlander,Lenses,Very Good - Refurbished,430.35,USD,FIXED_PRICE,mount:leica m;good-cond,JP,mapcamera,100.0,2026-08-14T08:46:30.000Z,,https://www.ebay.com/itm/377417462521?hash=item57dfd572f9:g:4LcAAeSwMeVqftXb,https://i.ebayimg.com/images/g/4LcAAeSwMeVqftXb/s-l225.jpg
偏低,-16%,711.9,80,67.0,⏯[Almost MINT] Leica Summarit 50mm f/1.5 5cm Collapsible LTM L39 Lens From JAPAN,leica summarit 50mm f1.5,Leica,Lenses,Used,599.99,USD,FIXED_PRICE,mount:ltm/l39;good-cond,JP,tommy_camera_japan,100.0,2026-08-14T08:30:53.000Z,,https://www.ebay.com/itm/407143633283?hash=item5ecba6d183:g:r~gAAeSwO2lqftMF,https://i.ebayimg.com/images/g/r~gAAeSwO2lqftMF/s-l225.jpg
偏高,+37%,619.99,80,67.0,[N MINT w/Grip] PENTAX 6x7 Camera TTL Mirror UP smc T 55mm 3.5 Lens From JAPAN,pentax ttl mirror,Pentax,Film Cameras,Used,849.99,USD,FIXED_PRICE,grail:6x7;55mm;good-cond,JP,sakura_vintage_camera,100.0,2026-08-15T07:23:35.000Z,,https://www.ebay.com/itm/398287901134?hash=item5cbbcf11ce:g:WzYAAeSw5ctqgBSs,https://i.ebayimg.com/images/g/WzYAAeSw5ctqgBSs/s-l225.jpg
偏低,-19%,1049.99,14,67.0,[Near Mint]Wista Field 45DX 4x5 type ii rose wood Large Format camera body JAPAN,wista 45dx,Wista,Film Cameras,Used,849.99,USD,FIXED_PRICE,good-cond,JP,narita-usedcamera-estore,100.0,2026-08-14T17:23:28.000Z,,https://www.ebay.com/itm/168613800256?hash=item27422a6940:g:wUoAAeSw2SRqf1AQ,https://i.ebayimg.com/images/g/wUoAAeSw2SRqf1AQ/s-l225.jpg
偏低,-17%,1389.99,73,67.0,Count 029 [N MINT] Canon EOS 1V 35mm Film Camera EF 50mm f1.8 II Lens From JAPAN,canon 1v,Canon,Film Cameras,Used,1149.99,USD,FIXED_PRICE,mount:canon ef;good-cond,JP,miytam_0,100.0,2026-08-15T13:47:34.000Z,,https://www.ebay.com/itm/398288894762?hash=item5cbbde3b2a:i:398288894762,
高价,+554%,260.0,80,67.0,[Top MINT] Konica Hexar RF 35mm Film Camera Nokton 40mm f/1.4 SC Lens From JAPAN,konica hexar,Konica,Film Cameras,Used,1699.99,USD,FIXED_PRICE,grail:Hexar;mount:canon rf;good-cond,JP,ham_7373,100.0,2026-08-15T12:56:06.000Z,,https://www.ebay.com/itm/366607300023?hash=item555b7f75b7:g:RJ8AAeSwRYJqgGJh,https://i.ebayimg.com/images/g/RJ8AAeSwRYJqgGJh/s-l225.jpg
偏低,-15%,1999.0,7,67.0,[TOP MINT] Voigtlander Bessa R3M 35mm Rangefinder Camera Black Body From Japan,voigtlander r3m,Voigtlander,Film Cameras,Used,1699.99,USD,FIXED_PRICE,good-cond,JP,1st_camera_tokyo,99.1,2026-08-15T12:30:21.000Z,,https://www.ebay.com/itm/377420519213?hash=item57e004172d:g:ACYAAeSwS4pqgF0N,https://i.ebayimg.com/images/g/ACYAAeSwS4pqgF0N/s-l225.jpg
高价,+782%,533.0,8,67.0,*Top MINT* CONTAX 645 Camera AE Distagon 45mm F2.8 Lens MFB-1 1A Film Back JAPAN,contax distagon,Contax,Film Cameras,Used,4699.99,USD,FIXED_PRICE,grail:645;good-cond,JP,japan.treasures.camera,100.0,2026-08-14T14:21:21.000Z,,https://www.ebay.com/itm/407144478666?hash=item5ecbb3b7ca:g:kVMAAeSwDO5qfyUV,https://i.ebayimg.com/images/g/kVMAAeSwDO5qfyUV/s-l225.jpg
高价,+91%,88.88,52,66.0,[Near MINT/BOX] Contax 139 Quartz 35mm SLR Film Camera Black Body From JAPAN,contax 139,Contax,Film Cameras,Used,169.99,USD,"FIXED_PRICE,BEST_OFFER",grail:Contax 139;good-cond,JP,hisagi.camera.marketjp,100.0,2026-08-14T15:26:29.000Z,,https://www.ebay.com/itm/377418354723?hash=item57dfe31023:g:pCoAAeSwyudqfzLb,https://i.ebayimg.com/images/g/pCoAAeSwyudqfzLb/s-l225.jpg
高价,+298%,50.0,80,66.0,[MINT] ALL Work!! Contax RX SLR 35mm Film Camera Body From JAPAN,contax 35mm,Contax,Film Cameras,Used,199.0,USD,"FIXED_PRICE,BEST_OFFER",grail:Contax RX;good-cond,JP,ab.japan.market,100.0,2026-08-14T19:15:34.000Z,,https://www.ebay.com/itm/318730492991?hash=item4a35d15c3f:g:3~gAAeSwj0Vqf2nW,https://i.ebayimg.com/images/g/3~gAAeSwj0Vqf2nW/s-l225.jpg
高价,+82%,110.02,80,66.0,Tested [N MINT] Mamiya RB67 Pro S Medium Format Film Camera Body Only From JAPAN,mamiya rb67,Mamiya,Film Cameras,Used,199.99,USD,FIXED_PRICE,grail:RB67;good-cond,JP,kamekame,100.0,2026-08-15T03:28:35.000Z,,https://www.ebay.com/itm/318732249630?hash=item4a35ec2a1e:g:DMoAAeSw9jhqf90r,https://i.ebayimg.com/images/g/DMoAAeSw9jhqf90r/s-l225.jpg
高价,+100%,165.0,80,66.0,ALL work [MINT] Contax RX II 2 Limited 3500 SLR 35mm Film Camera Body From JAPAN,contax 2,Contax,Film Cameras,Used,329.99,USD,FIXED_PRICE,grail:Contax RX;good-cond,JP,daihama_8,100.0,2026-08-15T06:00:14.000Z,,https://www.ebay.com/itm/407145950163?hash=item5ecbca2bd3:g:VU0AAeSwxxdqgAFv,https://i.ebayimg.com/images/g/VU0AAeSwxxdqgAFv/s-l225.jpg
高价,+87%,187.0,80,66.0,Pro F New Seal [N MINT+] Mamiya C330 Professional 6x6 TLR Film Camera Body JAPAN,mamiya c330,Mamiya,Film Cameras,Used,349.99,USD,FIXED_PRICE,grail:Mamiya C330;good-cond,JP,japancamera_au,100.0,2026-08-15T01:19:01.000Z,,https://www.ebay.com/itm/227476400547?hash=item34f6a669a3:g:4J8AAeSwp49qf789,https://i.ebayimg.com/images/g/4J8AAeSwp49qf789/s-l225.jpg
高价,+87%,187.0,80,66.0,Late Pro F [ Near MINT ++ ] Mamiya C330 6x6 TLR Film Camera Body From Japan,mamiya c330,Mamiya,Film Cameras,Used,349.99,USD,FIXED_PRICE,grail:Mamiya C330;good-cond,JP,tommy_camera_japan,100.0,2026-08-14T08:26:14.000Z,,https://www.ebay.com/itm/407143627622?hash=item5ecba6bb66:g:7UgAAeSwQOlqftHt,https://i.ebayimg.com/images/g/7UgAAeSwQOlqftHt/s-l225.jpg
高价,+368%,76.45,80,66.0,[Near MINT] Contax TVS Point & Shoot 35mm Film Camera From JAPAN,contax tvs,Contax,Film Cameras,Used,358.0,USD,FIXED_PRICE,grail:Contax TVS;good-cond,JP,vintage_camera_japan_10,99.4,2026-08-14T15:29:35.000Z,,https://www.ebay.com/itm/128026608555?hash=item1dcefb03ab:g:q5cAAeSwdbtqWCGK,https://i.ebayimg.com/images/g/q5cAAeSwdbtqWCGK/s-l225.jpg
高价,+371%,76.45,80,66.0,⏯️[Near MINT] Contax TVS Point & Shoot 35mm Film Camera LCD No Leak From JAPAN,contax tvs,Contax,Film Cameras,Used,359.99,USD,FIXED_PRICE,grail:Contax TVS;good-cond,JP,vintage_camera_japan_10,99.4,2026-08-14T15:28:34.000Z,,https://www.ebay.com/itm/128026607658?hash=item1dcefb002a:g:YPsAAeSwSHJqOUw2,https://i.ebayimg.com/images/g/YPsAAeSwSHJqOUw2/s-l225.jpg
高价,+371%,76.45,80,66.0,[Near MINT] Contax TVS 35mm Point & Shoot Film Camera From JAPAN,contax tvs,Contax,Film Cameras,Used,359.99,USD,FIXED_PRICE,grail:Contax TVS;good-cond,JP,nao_reuse_camera_japan,100.0,2026-08-14T13:43:28.000Z,,https://www.ebay.com/itm/147504578512?hash=item2257f53fd0:g:KA0AAeSwbiNqfxx5,https://i.ebayimg.com/images/g/KA0AAeSwbiNqfxx5/s-l225.jpg
高价,+397%,76.45,80,66.0,[Near MINT] ALL Works Contax TVS 35mm Point & Shoot Film Camera From JAPAN #7787,contax tvs,Contax,Film Cameras,Used,379.99,USD,"FIXED_PRICE,BEST_OFFER",grail:Contax TVS;good-cond,JP,hirnaga_51,100.0,2026-08-15T01:05:14.000Z,,https://www.ebay.com/itm/336743001584?hash=item4e67726df0:g:zQ8AAeSwOjlqf7pZ,https://i.ebayimg.com/images/g/zQ8AAeSwOjlqf7pZ/s-l225.jpg
高价,+422%,76.45,80,66.0,[MINT w/Case] Contax TVS Point & Shoot 35mm Film Camera From JAPAN,contax tvs,Contax,Film Cameras,Used,399.0,USD,FIXED_PRICE,grail:Contax TVS;good-cond,JP,stellarcamera,100.0,2026-08-14T16:33:30.000Z,,https://www.ebay.com/itm/377418480260?hash=item57dfe4fa84:g:zGgAAeSwxthqf0SM,https://i.ebayimg.com/images/g/zGgAAeSwxthqf0SM/s-l225.jpg
高价,+264%,110.02,80,66.0,Balsam Repaired Exc+4 : Mamiya RB67 Pro Prism 127mm f3.8 120 220 Back JAPAN,mamiya rb67,Mamiya,Film Cameras,Used,399.99,USD,FIXED_PRICE,grail:RB67;good-cond,JP,naruzo369,100.0,2026-08-15T13:30:59.000Z,,https://www.ebay.com/itm/800512748150?hash=itemba62472a76:g:jtIAAeSwWXtqgGqQ,https://i.ebayimg.com/images/g/jtIAAeSwWXtqgGqQ/s-l225.jpg
高价,+490%,67.83,80,66.0,[Exc+5] Rolleiflex 3.5A TLR Film Camera Tessar 75mm F/3.5 Rollei From JAPAN,rolleiflex rolleiflex,Rolleiflex,Film Cameras,Used,399.99,USD,FIXED_PRICE,grail:Tessar;good-cond,JP,japancamera_au,100.0,2026-08-15T01:20:33.000Z,,https://www.ebay.com/itm/227476401370?hash=item34f6a66cda:g:AL0AAeSwjgRqf78g,https://i.ebayimg.com/images/g/AL0AAeSwjgRqf78g/s-l225.jpg
高价,+423%,76.45,80,66.0,All Works [MINT] Contax TVS Point & Shoot 35mm Compact Film Camera From JAPAN,contax tvs,Contax,Film Cameras,Used,399.99,USD,FIXED_PRICE,grail:Contax TVS;good-cond,JP,camera_japan_chiba,100.0,2026-08-14T04:56:57.000Z,,https://www.ebay.com/itm/128025839727?hash=item1dceef486f:g:EoUAAeSwU79qfqEK,https://i.ebayimg.com/images/g/EoUAAeSwU79qfqEK/s-l225.jpg
高价,+300%,110.02,80,66.0,[ Near MINT ] Mamiya RB67 Pro Camera NB 127mm f3.8 Lens 120 Film Back From JAPAN,mamiya rb67,Mamiya,Film Cameras,Used,439.99,USD,FIXED_PRICE,grail:RB67;good-cond,JP,hakusan_camera,100.0,2026-08-15T12:49:19.000Z,,https://www.ebay.com/itm/198572952438?hash=item2e3bdecb76:g:N3cAAeSwbspqgGDI,https://i.ebayimg.com/images/g/N3cAAeSwbspqgGDI/s-l225.jpg
高价,+476%,76.45,80,66.0,[Near MINT w/ Case] Contax TVS Point & Shoot 35mm Film Camera From JAPAN,contax tvs,Contax,Film Cameras,Used,439.99,USD,FIXED_PRICE,grail:Contax TVS;good-cond,JP,haramijapan,100.0,2026-08-15T11:48:04.000Z,,https://www.ebay.com/itm/336743719003?hash=item4e677d605b:g:Ue8AAeSwy0VqgFKv,https://i.ebayimg.com/images/g/Ue8AAeSwy0VqgFKv/s-l225.jpg
高价,+496%,76.45,80,66.0,Read [MINT w/ box case] Contax TVS Point & Shoot 35mm Film Camera From JAPAN,contax tvs,Contax,Film Cameras,Used,455.55,USD,FIXED_PRICE,grail:Contax TVS;good-cond,JP,ku2ko1_76,100.0,2026-08-15T12:45:56.000Z,,https://www.ebay.com/itm/800512551341?hash=itemba624429ad:g:HswAAeSwSJFqgGB8,https://i.ebayimg.com/images/g/HswAAeSwSJFqgGB8/s-l225.jpg
高价,+336%,110.02,80,66.0,[Near MINT] Mamiya RB67 Pro Film Camera Sekor NB 127mm f/3.8 Lens 120 From JAPAN,mamiya rb67,Mamiya,Film Cameras,Used,479.9,USD,FIXED_PRICE,grail:RB67;good-cond,JP,camera_port_japan,100.0,2026-08-15T12:40:16.000Z,,https://www.ebay.com/itm/237007645774?hash=item372ec1ac4e:g:DLwAAeSwk-9qgF8n,https://i.ebayimg.com/images/g/DLwAAeSwk-9qgF8n/s-l225.jpg
高价,+336%,110.02,80,66.0,New Seal Exc+5 w/Hood : Mamiya RB67 Pro Prism Sekor 90mm f3.8 120 Back JAPAN,mamiya rb67,Mamiya,Film Cameras,Used,479.99,USD,FIXED_PRICE,grail:RB67;good-cond,JP,naruzo369,100.0,2026-08-14T13:31:42.000Z,,https://www.ebay.com/itm/800507348473?hash=itemba61f4c5f9:g:HbgAAeSw1WFqfxk-,https://i.ebayimg.com/images/g/HbgAAeSw1WFqfxk-/s-l225.jpg
高价,+554%,76.45,80,66.0,[ MINT w/ Case Strap ] Contax TVS Point & Shoot 35mm Film Camera From JAPAN,contax tvs,Contax,Film Cameras,Used,499.99,USD,FIXED_PRICE,grail:Contax TVS;good-cond,JP,maaami,100.0,2026-08-15T02:39:45.000Z,,https://www.ebay.com/itm/178408171268?hash=item2989f4a704:g:ZYoAAeSwYEVqf9Hu,https://i.ebayimg.com/images/g/ZYoAAeSwYEVqf9Hu/s-l225.jpg
高价,+354%,110.02,80,66.0,[N MINT] Mamiya RB67 Pro S Camera C 180mm f/4.5 Lens 120 Film Back From JAPAN,mamiya rb67,Mamiya,Film Cameras,Used,499.99,USD,FIXED_PRICE,grail:RB67;good-cond,JP,sakura_vintage_camera,100.0,2026-08-15T01:54:55.000Z,,https://www.ebay.com/itm/398286959456?hash=item5cbbc0b360:g:B4EAAeSwUulqf8em,https://i.ebayimg.com/images/g/B4EAAeSwUulqf8em/s-l225.jpg
高价,+54%,325.0,45,66.0,In box [MINT w/case ] Leica C1 Vario Elmar 38-105mm 35mm Film Camera From JAPAN,leica c1,Leica,Film Cameras,Used,499.99,USD,FIXED_PRICE,grail:Elmar;good-cond,JP,off_spring07,100.0,2026-08-14T16:00:15.000Z,,https://www.ebay.com/itm/188792313209?hash=item2bf4e61579:g:UegAAeSwA9Fqfzy-,https://i.ebayimg.com/images/g/UegAAeSwA9Fqfzy-/s-l225.jpg
高价,+354%,110.02,80,66.0,[Exc+5] Mamiya RB67 Pro Film Camera Sekor NB 127mm f3.8 Lens 120 From JAPAN,mamiya rb67,Mamiya,Film Cameras,Used,499.99,USD,FIXED_PRICE,grail:RB67;good-cond,JP,lc.consu-8,99.9,2026-08-14T12:42:55.000Z,,https://www.ebay.com/itm/398284859968?hash=item5cbba0aa40:g:pjkAAeSwxghqfw4G,https://i.ebayimg.com/images/g/pjkAAeSwxghqfw4G/s-l225.jpg
高价,+354%,110.02,80,66.0,2 Back [Near MINT] Mamiya RB67 PRO Film Camera 127mm F3.8 Lens 120 Back From JPN,mamiya rb67,Mamiya,Film Cameras,Used,499.99,USD,FIXED_PRICE,grail:RB67;good-cond,JP,kobayashi-camera,100.0,2026-08-14T06:39:22.000Z,,https://www.ebay.com/itm/398283873571?hash=item5cbb919d23:g:ZoQAAeSw-V9qfrkQ,https://i.ebayimg.com/images/g/ZoQAAeSw-V9qfrkQ/s-l225.jpg
高价,+354%,110.02,80,66.0,[ Exc+5 ] Mamiya RB67 Pro S Medium Format Film Camera 127mm f3.8 Lens From JAPAN,mamiya rb67,Mamiya,Film Cameras,Used,500.0,USD,"FIXED_PRICE,BEST_OFFER",grail:RB67;good-cond,JP,tiida_collection_japan,100.0,2026-08-15T10:13:44.000Z,,https://www.ebay.com/itm/820005067366?hash=itembeec1c5a66:g:xWEAAeSwWXRqZaLm,https://i.ebayimg.com/images/g/xWEAAeSwWXRqZaLm/s-l225.jpg
高价,+593%,76.45,80,66.0,[N Mint+++ in Box] Contax TVS 35mm Point & Shoot Film Camera from Japan,contax tvs,Contax,Film Cameras,Used,529.99,USD,FIXED_PRICE,grail:Contax TVS;good-cond,JP,rivermart1209,100.0,2026-08-14T16:38:32.000Z,,https://www.ebay.com/itm/366605666193?hash=item555b668791:g:vfUAAeSwjSBqfzyP,https://i.ebayimg.com/images/g/vfUAAeSwjSBqfzyP/s-l225.jpg
高价,+395%,110.02,80,66.0,[Near MINT] Mamiya RB67 Pro Medium Format Camera SEKOR 127mm F3.8 Lens JAPAN,mamiya rb67,Mamiya,Film Cameras,Used,544.9,USD,FIXED_PRICE,grail:RB67;good-cond,JP,tsutomu-mossan,98.8,2026-08-14T05:31:33.000Z,,https://www.ebay.com/itm/178405268207?hash=item2989c85aef:g:qswAAeSwMyRqfqls,https://i.ebayimg.com/images/g/qswAAeSwMyRqfqls/s-l225.jpg
高价,+400%,110.02,80,66.0,【 Near MINT 】 Mamiya RB67 Pro S + Sekor NB 127mm F3.8 + 120 Film Back From JAPAN,mamiya rb67,Mamiya,Film Cameras,Used,549.9,USD,FIXED_PRICE,grail:RB67;good-cond,JP,iseshima_japan_camera,100.0,2026-08-15T13:08:33.000Z,,https://www.ebay.com/itm/188796722451?hash=item2bf5295d13:g:lk8AAeSw2L1qgGXF,https://i.ebayimg.com/images/g/lk8AAeSw2L1qgGXF/s-l225.jpg
高价,+619%,76.45,80,66.0,Perfect LCD [MINT] Contax TVS II Point & Shoot 35mm Film Camera From JAPAN #389,contax tvs,Contax,Film Cameras,Used,549.99,USD,FIXED_PRICE,grail:Contax TVS;good-cond,JP,japan_otter_camera,99.6,2026-08-15T13:02:16.000Z,,https://www.ebay.com/itm/407146683683?hash=item5ecbd55d23:g:Wd0AAeSwMcpqfgUE,https://i.ebayimg.com/images/g/Wd0AAeSwMcpqfgUE/s-l225.jpg
高价,+69%,325.0,45,66.0,[N MINT+++] Leica C1 35mm Point & Shoot Camera Vario-Elmar 38-105mm From JAPAN,leica c1,Leica,Film Cameras,Used,549.99,USD,FIXED_PRICE,grail:Elmar;good-cond,JP,japanese-store-two-sheep,100.0,2026-08-15T00:38:38.000Z,,https://www.ebay.com/itm/820003277606?hash=itembeec010b26:g:m8UAAeSwYVRqf7ZA,https://i.ebayimg.com/images/g/m8UAAeSwYVRqf7ZA/s-l225.jpg
高价,+494%,92.58,80,66.0,[ MINT w/ Strap ] Mamiya 645 Pro TL Body Body Medium Format Camera From JAPAN,mamiya pro,Mamiya,Film Cameras,Used,549.99,USD,FIXED_PRICE,grail:645;good-cond,JP,path_of_th28,100.0,2026-08-14T14:05:13.000Z,,https://www.ebay.com/itm/188791881503?hash=item2bf4df7f1f:g:C4MAAeSwZoJqfyD8,https://i.ebayimg.com/images/g/C4MAAeSwZoJqfyD8/s-l225.jpg
高价,+452%,99.99,80,66.0,"*Exc+5* Mamiya 645 Super Medium Format w/ AE Finder , Sekor C 150mm F/4 Japan",mamiya super,Mamiya,Film Cameras,Used,551.99,USD,FIXED_PRICE,grail:645;good-cond,JP,dub0804-55,100.0,2026-08-14T11:34:40.000Z,,https://www.ebay.com/itm/366605134718?hash=item555b5e6b7e:g:cZMAAOSwIz1ha6aQ,https://i.ebayimg.com/images/g/cZMAAOSwIz1ha6aQ/s-l225.jpg
高价,+404%,110.02,80,66.0,New Seals Mamiya RB67 Pro S C 90mm F3.8 120 Back [ Exc+5 w/ Strap ] From JAPAN,mamiya rb67,Mamiya,Film Cameras,Used,554.99,USD,FIXED_PRICE,grail:RB67;good-cond,JP,antique.21,100.0,2026-08-14T13:05:43.000Z,,https://www.ebay.com/itm/407144250192?hash=item5ecbb03b50:g:2SQAAeSwuvdqfxOf,https://i.ebayimg.com/images/g/2SQAAeSwuvdqfxOf/s-l225.jpg
高价,+445%,110.02,80,66.0,[MINT] Mamiya RB67 Pro S Medium Format Film Camera C 90mm F3.8 Lens From JAPAN,mamiya rb67,Mamiya,Film Cameras,Used,599.9,USD,FIXED_PRICE,grail:RB67;good-cond,JP,falcon-4777-jp,100.0,2026-08-14T14:28:13.000Z,,https://www.ebay.com/itm/188791978147?hash=item2bf4e0f8a3:g:7FcAAeSw6glqfycz,https://i.ebayimg.com/images/g/7FcAAeSw6glqfycz/s-l225.jpg
高价,+685%,76.45,80,66.0,"[MINT w/ BOX,CASE] Contax TVS II Point & Shoot 35mm Film Camera From JAPAN",contax tvs,Contax,Film Cameras,Used,599.99,USD,"FIXED_PRICE,BEST_OFFER",grail:Contax TVS;good-cond,JP,morita-camera,99.1,2026-08-14T11:01:32.000Z,,https://www.ebay.com/itm/398284618169?hash=item5cbb9cf9b9:g:uU0AAeSw-DtqbFPw,https://i.ebayimg.com/images/g/uU0AAeSw-DtqbFPw/s-l225.jpg
高价,+50%,399.99,19,66.0,LCD Works 【Near Mint】 Contax TVS II D Data Back 35mm Film Camera From JAPAN #524,contax tvs data,Contax,Film Cameras,Used,599.99,USD,"FIXED_PRICE,BEST_OFFER",grail:Contax TVS;good-cond,JP,m.kt.r1,100.0,2026-08-14T09:12:14.000Z,,https://www.ebay.com/itm/398284300731?hash=item5cbb9821bb:g:M9EAAeSwawdqftru,https://i.ebayimg.com/images/g/M9EAAeSwawdqftru/s-l225.jpg
高价,+685%,76.45,80,66.0,[TOP MINT] Contax TVS ii Point & Shoot 35mm Film Camera From Japan,contax tvs,Contax,Film Cameras,Used,599.99,USD,"FIXED_PRICE,BEST_OFFER",grail:Contax TVS;good-cond,JP,tsusas-25,100.0,2026-08-14T06:29:28.000Z,,https://www.ebay.com/itm/398283849078?hash=item5cbb913d76:g:Jc4AAeSw0KxqfrVw,https://i.ebayimg.com/images/g/Jc4AAeSw0KxqfrVw/s-l225.jpg
高价,+698%,76.45,80,66.0,[TOP MINT] Contax TVS ii Point & Shoot 35mm Film Camera From Japan,contax tvs,Contax,Film Cameras,Used,609.99,USD,"FIXED_PRICE,BEST_OFFER",grail:Contax TVS;good-cond,JP,tsusas-25,100.0,2026-08-14T06:22:15.000Z,,https://www.ebay.com/itm/398283829039?hash=item5cbb90ef2f:g:4e4AAeSwsnZqfqud,https://i.ebayimg.com/images/g/4e4AAeSwsnZqfqud/s-l225.jpg
高价,+482%,110.02,80,66.0,[Top MINT] Mamiya RB67 Pro S Sekor C 127mm F3.8 Lens 120 Film Back From JAPAN,mamiya rb67,Mamiya,Film Cameras,Used,639.99,USD,FIXED_PRICE,grail:RB67;good-cond,JP,camera_japan_nagasaki,100.0,2026-08-14T05:23:37.000Z,,https://www.ebay.com/itm/800505467352?hash=itemba61d811d8:g:52UAAeSwnc1psM-p,https://i.ebayimg.com/images/g/52UAAeSwnc1psM-p/s-l225.jpg
高价,+274%,187.0,80,66.0,PRO F [Top MINT CLA'd New Seals] Mamiya C330 Pro F 80mm f2.8 Blue Dot Lens JAPAN,mamiya c330,Mamiya,Film Cameras,Used,699.95,USD,FIXED_PRICE,grail:Mamiya C330;good-cond,JP,shop365tokyo,100.0,2026-08-15T03:19:13.000Z,,https://www.ebay.com/itm/158189918112?hash=item24d4da97a0:g:~ukAAeSwa4Fqf9ry,https://i.ebayimg.com/images/g/~ukAAeSwa4Fqf9ry/s-l225.jpg
高价,+45%,482.42,80,66.0,[MINT] Mamiya RZ67 Pro body AE Prism Finder From JAPAN,mamiya rz67,Mamiya,Film Cameras,Used,699.99,USD,FIXED_PRICE,grail:RZ67;good-cond,JP,usagi_camera_japan,99.3,2026-08-14T14:22:30.000Z,,https://www.ebay.com/itm/307126443949?hash=item4782299fad:g:7GYAAeSw9jhqfyUj,https://i.ebayimg.com/images/g/7GYAAeSw9jhqfyUj/s-l225.jpg
高价,+1079%,67.83,80,66.0,［Exc+5］ Rolleiflex 3.5E Film Camera Xenotar 75mm From JAPAN #667,rolleiflex rolleiflex,Rolleiflex,Vintage Cameras,,799.99,USD,FIXED_PRICE,grail:Xenotar;good-cond,JP,*kon_nichiwa*camera-japan,100.0,2026-08-14T04:29:13.000Z,,https://www.ebay.com/itm/318727286282?hash=item4a35a06e0a:g:1ToAAeSwDI1pic5n,https://i.ebayimg.com/images/g/1ToAAeSwDI1pic5n/s-l225.jpg
高价,+70%,482.42,80,66.0,[Near MINT] Mamiya RZ67 Pro Medium Format SEKOR Z 110mm F2.8 Lens 120 From JAPAN,mamiya rz67,Mamiya,Film Cameras,Used,818.0,USD,"FIXED_PRICE,BEST_OFFER",grail:RZ67;good-cond,JP,ab.japan.market,100.0,2026-08-14T19:05:34.000Z,,https://www.ebay.com/itm/318730434317?hash=item4a35d0770d:g:uDoAAeSwjgRqf2d8,https://i.ebayimg.com/images/g/uDoAAeSwjgRqf2d8/s-l225.jpg
高价,+104%,420.6,80,66.0,In Box [Top Mint+ w/Strap] Mamiya 645 Pro AE Finder Film Camera Body From JAPAN,mamiya pro finder,Mamiya,Film Cameras,Used,859.99,USD,FIXED_PRICE,grail:645;good-cond,JP,shib5636,100.0,2026-08-15T01:10:43.000Z,,https://www.ebay.com/itm/398286836199?hash=item5cbbbed1e7:g:--sAAeSwvnpqf71I,https://i.ebayimg.com/images/g/--sAAeSwvnpqf71I/s-l225.jpg
高价,+745%,110.02,80,66.0,Grid Screen [N Mint++ w/Hood] Mamiya RB67 SD Film Camera KL 127mm f3.5 From JPN,mamiya rb67,Mamiya,Film Cameras,Used,929.99,USD,FIXED_PRICE,grail:RB67;good-cond,JP,shib5636,100.0,2026-08-15T06:21:11.000Z,,https://www.ebay.com/itm/398287726020?hash=item5cbbcc65c4:g:nkgAAeSwtH5qgAXU,https://i.ebayimg.com/images/g/nkgAAeSwtH5qgAXU/s-l225.jpg
高价,+120%,440.0,80,66.0,**MINT** Leica IIIg Rangefinder Film Camera L Mount Body w/ Strap From JAPAN,leica iiig,Leica,Film Cameras,Used,969.0,USD,FIXED_PRICE,grail:Leica IIIg;good-cond,JP,yama-store2018,99.7,2026-08-14T12:03:17.000Z,,https://www.ebay.com/itm/168613247732?hash=item274221faf4:g:89kAAeSwgYVqfwPi,https://i.ebayimg.com/images/g/89kAAeSwgYVqfwPi/s-l225.jpg
高价,+244%,284.94,80,66.0,All Works [Exc+5] Contax T2 Gold Point & Shoot Film Camera From JAPAN 125362,contax t2,Contax,Film Cameras,Used,979.0,USD,FIXED_PRICE,grail:Contax T2;good-cond,JP,bgnsc_47,100.0,2026-08-14T18:56:07.000Z,,https://www.ebay.com/itm/398285886431?hash=item5cbbb053df:g:skIAAeSwvl9qf2W7,https://i.ebayimg.com/images/g/skIAAeSwvl9qf2W7/s-l225.jpg
高价,+107%,482.42,80,66.0,[MINT] Mamiya RZ67 Pro II Medium Format 120 Film Back From JAPAN,mamiya rz67,Mamiya,Film Cameras,Used,999.99,USD,FIXED_PRICE,grail:RZ67;good-cond,JP,japancamerapro,99.2,2026-08-14T23:56:34.000Z,,https://www.ebay.com/itm/398286588938?hash=item5cbbbb0c0a:g:hSoAAeSw3Bxqf6un,https://i.ebayimg.com/images/g/hSoAAeSw3Bxqf6un/s-l225.jpg
高价,+107%,482.42,80,66.0,3 Lens [EXC+5] Mamiya RZ67 Pro Film Camera M 140mm Z 140mm 180mm 120 Back JAPAN,mamiya rz67,Mamiya,Film Cameras,Used,999.99,USD,"FIXED_PRICE,BEST_OFFER",grail:RZ67;good-cond,JP,japan_camera_sippo,100.0,2026-08-14T11:20:35.000Z,,https://www.ebay.com/itm/398284653360?hash=item5cbb9d8330:g:S9sAAeSwjgRqfu3X,https://i.ebayimg.com/images/g/S9sAAeSwjgRqfu3X/s-l225.jpg
高价,+251%,284.94,80,66.0,[Near MINT] Contax T2 Titan Silver Point & Shoot 35mm Film Camera From Japan 276,contax t2,Contax,Film Cameras,Used,999.99,USD,"FIXED_PRICE,BEST_OFFER",grail:Contax T2;good-cond,JP,matsunami_camera_japan,100.0,2026-08-14T08:53:41.000Z,,https://www.ebay.com/itm/820000509044?hash=itembeebd6cc74:g:vOYAAeSw4NdqY-Cn,https://i.ebayimg.com/images/g/vOYAAeSw4NdqY-Cn/s-l225.jpg
高价,+268%,284.94,80,66.0,[MINT w/ Data Back] Contax T2 Gold Point & Shoot 35mm Film Camera From JAPAN,contax t2,Contax,Film Cameras,Used,1049.99,USD,FIXED_PRICE,grail:Contax T2;good-cond,JP,chieoptixjapan,100.0,2026-08-15T10:30:07.000Z,,https://www.ebay.com/itm/318733589413?hash=item4a36009ba5:g:~UgAAeSw8TRqgD~v,https://i.ebayimg.com/images/g/~UgAAeSw8TRqgD~v/s-l225.jpg
高价,+1076%,92.58,80,66.0,*Top Mint* Mamiya 645 Pro Film Camera w/ 80mm F2.8N AE Finder 120 Holder Clank,mamiya pro,Mamiya,Film Cameras,Used,1089.0,USD,FIXED_PRICE,grail:645;good-cond,JP,yama-store2018,99.7,2026-08-14T12:05:11.000Z,,https://www.ebay.com/itm/168613251117?hash=item274222082d:g:N0MAAeSwBJRqfwRK,https://i.ebayimg.com/images/g/N0MAAeSwBJRqfwRK/s-l225.jpg
高价,+900%,110.02,80,66.0,Tested! [MINT] Mamiya RB67 Pro SD Camera w/ K/L 127mm f/3.5 L Lens From JAPAN,mamiya rb67,Mamiya,Film Cameras,Used,1099.99,USD,FIXED_PRICE,grail:RB67;good-cond,JP,nobumoto96,100.0,2026-08-15T13:39:56.000Z,,https://www.ebay.com/itm/237007740984?hash=item372ec32038:g:MtMAAeSwEMdqZG4A,https://i.ebayimg.com/images/g/MtMAAeSwEMdqZG4A/s-l225.jpg
高价,+128%,482.42,80,66.0,[MINT] Mamiya RZ67 Pro II AE Finder Medium Film Camera 120 II Back From JAPAN,mamiya rz67,Mamiya,Film Cameras,Used,1100.0,USD,"FIXED_PRICE,BEST_OFFER",grail:RZ67;good-cond,JP,kawamura-camera,99.7,2026-08-14T23:50:34.000Z,,https://www.ebay.com/itm/117359939885?hash=item1b5332912d:g:zKAAAeSwOfRqep8Z,https://i.ebayimg.com/images/g/zKAAAeSwOfRqep8Z/s-l225.jpg
高价,+293%,284.94,80,66.0,[ Near Mint w/case starap ] Contax T2 Titan Silver 35mm Film Camera From JAPAN,contax t2,Contax,Film Cameras,Used,1119.0,USD,FIXED_PRICE,grail:Contax T2;good-cond,JP,haruharu_2010,100.0,2026-08-15T02:55:26.000Z,,https://www.ebay.com/itm/318732189514?hash=item4a35eb3f4a:g:g5sAAeSwB7tqf9Wb,https://i.ebayimg.com/images/g/g5sAAeSwB7tqf9Wb/s-l225.jpg
高价,+300%,284.94,80,66.0,[Top MINT] Contax T2 Titan D Silver Point & Shoot 35mm Film Camera From JAPAN,contax t2,Contax,Film Cameras,Used,1139.05,USD,"FIXED_PRICE,BEST_OFFER",grail:Contax T2;good-cond,JP,cooljapantoys,100.0,2026-08-15T00:03:41.000Z,,https://www.ebay.com/itm/407145427853?hash=item5ecbc2338d:g:gEsAAeSwqXxqf6zY,https://i.ebayimg.com/images/g/gEsAAeSwqXxqf6zY/s-l225.jpg
高价,+300%,284.94,80,66.0,[N MINT] Contax T2 Titan Silver 35mm Point & Shoot Film Camera Japan #2175,contax t2,Contax,Film Cameras,Used,1139.99,USD,FIXED_PRICE,grail:Contax T2;good-cond,JP,sakura_snap_store,100.0,2026-08-14T12:41:09.000Z,,https://www.ebay.com/itm/398284856728?hash=item5cbba09d98:g:w~EAAeSw3DNqfsGN,https://i.ebayimg.com/images/g/w~EAAeSw3DNqfsGN/s-l225.jpg
高价,+321%,284.94,80,66.0,[ Top MINT ] Contax T2 Titan Silver 35mm Point & Shoot Film Camera From JAPAN,contax t2,Contax,Film Cameras,Used,1199.0,USD,FIXED_PRICE,grail:Contax T2;good-cond,JP,bgnsc_47,100.0,2026-08-14T19:10:09.000Z,,https://www.ebay.com/itm/398285917221?hash=item5cbbb0cc25:g:kVYAAeSwbEhqf2k7,https://i.ebayimg.com/images/g/kVYAAeSwbEhqf2k7/s-l225.jpg
高价,+321%,284.94,80,66.0,[N MINT w/ Case] Contax T2 Titan Silver Point & Shoot 35mm Film Camera FromJAPAN,contax t2,Contax,Film Cameras,Used,1199.99,USD,FIXED_PRICE,grail:Contax T2;good-cond,JP,massa-4656,100.0,2026-08-14T12:22:50.000Z,,https://www.ebay.com/itm/377417897208?hash=item57dfdc14f8:g:NHEAAeSwSLlqfwnx,https://i.ebayimg.com/images/g/NHEAAeSwSLlqfwnx/s-l225.jpg
高价,+1816%,67.83,80,66.0,READ[ Exc+5 ] Rolleiflex Rollei 3.5F TLR Film Camera Planar 75mm F3.5 From JAPAN,rolleiflex rolleiflex,Rolleiflex,Film Cameras,Used,1299.99,USD,FIXED_PRICE,grail:Planar;good-cond,JP,ohana_camera_tokyo,99.6,2026-08-15T09:52:09.000Z,,https://www.ebay.com/itm/198572692645?hash=item2e3bdad4a5:g:tGcAAeSw8ChqgDcI,https://i.ebayimg.com/images/g/tGcAAeSw8ChqgDcI/s-l225.jpg
高价,+356%,284.94,80,66.0,[N MINT] Contax T2 Titan Black 35mm Point & Shoot Film Camera / Strap From JAPAN,contax t2,Contax,Film Cameras,Used,1299.99,USD,FIXED_PRICE,grail:Contax T2;good-cond,JP,hrk.k-21,100.0,2026-08-14T09:02:06.000Z,,https://www.ebay.com/itm/298587079503?hash=item45852d434f:g:PIwAAeSwYPFqftoL,https://i.ebayimg.com/images/g/PIwAAeSwYPFqftoL/s-l225.jpg
高价,+374%,284.94,80,66.0,Contax CONTAX T2 Titanium Black Compact Film Camera From JP Tested [Near Mint],contax t2,Contax,Film Cameras,Used,1350.0,USD,"FIXED_PRICE,BEST_OFFER",grail:CONTAX T2;good-cond,JP,re-camera,99.8,2026-08-14T08:44:24.000Z,,https://www.ebay.com/itm/336741706892?hash=item4e675eac8c:g:MZoAAeSwCclqftXj,https://i.ebayimg.com/images/g/MZoAAeSwCclqftXj/s-l225.jpg
高价,+388%,284.94,80,66.0,[MINT] Contax T2 Gold & Black T2 60th Anniversary Compact Film Camera From JAPAN,contax t2,Contax,Film Cameras,Used,1390.0,USD,FIXED_PRICE,grail:Contax T2;good-cond,JP,musubiworks,100.0,2026-08-14T16:10:58.000Z,,https://www.ebay.com/itm/307126628322?hash=item47822c6fe2:g:kJsAAeSwFplqfz5T,https://i.ebayimg.com/images/g/kJsAAeSwFplqfz5T/s-l225.jpg
高价,+423%,284.94,80,66.0,[ Near MINT+++ w/ Strap] Contax T2 D T2D Titan Black 35mm Film Camera From JAPAN,contax t2,Contax,Film Cameras,Used,1489.99,USD,FIXED_PRICE,grail:Contax T2;good-cond,JP,mitsdoy_0,100.0,2026-08-14T14:20:52.000Z,,https://www.ebay.com/itm/407144476844?hash=item5ecbb3b0ac:g:OfMAAeSwd8Vqfxwq,https://i.ebayimg.com/images/g/OfMAAeSwd8Vqfxwq/s-l225.jpg
高价,+7588%,19.51,80,66.0,[Top MINT w/case ] Leica M3 Double Stroke Rangefinder Film Camera From JAPAN,leica m3,Leica,Film Cameras,Used,1499.99,USD,FIXED_PRICE,grail:Leica M3;good-cond,JP,japan_collects,100.0,2026-08-15T03:38:37.000Z,,https://www.ebay.com/itm/198572121306?hash=item2e3bd21cda:g:sPsAAeSwjWhqf99~,https://i.ebayimg.com/images/g/sPsAAeSwjWhqf99~/s-l225.jpg
高价,+2111%,67.83,80,66.0,Rare Rolleiflex 2.8D Xenotar 80mm f/2.8 TLR Film Camera Near MINT w/ Strap Cap,rolleiflex rolleiflex,Rolleiflex,Film Cameras,Used,1499.99,USD,FIXED_PRICE,grail:Xenotar;good-cond,JP,camera-lady777,100.0,2026-08-15T03:17:41.000Z,,https://www.ebay.com/itm/158189916477?hash=item24d4da913d:g:m28AAeSwF~xqf9uA,https://i.ebayimg.com/images/g/m28AAeSwF~xqf9uA/s-l225.jpg
高价,+251%,427.88,80,66.0,RARE [MINT] Bronica ETRS SF SAFARI 75 2.8 250 5.6 AEII Limited Model From JAPAN,bronica 75,Bronica,Film Cameras,Used,1499.99,USD,FIXED_PRICE,grail:Bronica ETRS;good-cond,JP,airu55,100.0,2026-08-14T16:52:33.000Z,,https://www.ebay.com/itm/800508084520?hash=itemba62000128:g:foUAAeSwVjtqf0jF,https://i.ebayimg.com/images/g/foUAAeSwVjtqf0jF/s-l225.jpg
高价,+7588%,19.51,80,66.0,[Near MINT w/Case] Leica M3 DS Double Stroke 1956 Body Chrome Film Camera JAPAN,leica m3,Leica,Film Cameras,Used,1499.99,USD,FIXED_PRICE,grail:Leica M3;good-cond,JP,camera-lady777,100.0,2026-08-14T06:51:19.000Z,,https://www.ebay.com/itm/158186747576?hash=item24d4aa36b8:g:x9wAAeSwUrdqfrwS,https://i.ebayimg.com/images/g/x9wAAeSwUrdqfrwS/s-l225.jpg
高价,+8101%,19.51,80,66.0,CLA'd [ MINT ] Leica M3 Single Stroke SS Rangefinder Film Camera From JAPAN,leica m3,Leica,Film Cameras,Used,1599.99,USD,FIXED_PRICE,grail:Leica M3;good-cond,JP,hakusan_camera,100.0,2026-08-15T12:39:29.000Z,,https://www.ebay.com/itm/198572934800?hash=item2e3bde8690:g:OLcAAeSwC-FqgF64,https://i.ebayimg.com/images/g/OLcAAeSwC-FqgF64/s-l225.jpg
高价,+78%,899.99,80,66.0,3Lenses [MINT] Contax G1 Green Label 35mm Film Camera 28mm 45mm 90mm From JAPAN,contax g1,Contax,Film Cameras,Used,1599.99,USD,FIXED_PRICE,grail:Contax G1;good-cond,JP,japan_camera_0511,100.0,2026-08-14T06:01:10.000Z,,https://www.ebay.com/itm/227475186044?hash=item34f693e17c:g:A30AAeSweEtqfrBW,https://i.ebayimg.com/images/g/A30AAeSweEtqfrBW/s-l225.jpg
高价,+8613%,19.51,80,66.0,[ N MINT ] Leica M3 Rangefinder Double Stroke Silver 35mm Film Camera From JAPAN,leica m3,Leica,Film Cameras,Used,1699.99,USD,FIXED_PRICE,grail:Leica M3;good-cond,JP,aga-8114,100.0,2026-08-14T13:11:03.000Z,,https://www.ebay.com/itm/237005578085?hash=item372ea21f65:g:HckAAeSwLKlqfxSi,https://i.ebayimg.com/images/g/HckAAeSwLKlqfxSi/s-l225.jpg
高价,+294%,482.42,80,66.0,w/ Hood [Top MINT Lens] Mamiya RZ67 Pro II Film Camera Z 110mm F2.8 W Lens JAPAN,mamiya rz67,Mamiya,Film Cameras,Used,1899.99,USD,FIXED_PRICE,grail:RZ67;good-cond,JP,toyo_camera_japan,99.8,2026-08-14T12:43:10.000Z,,https://www.ebay.com/itm/377417947384?hash=item57dfdcd8f8:g:oCkAAeSwnu5qfw4f,https://i.ebayimg.com/images/g/oCkAAeSwnu5qfw4f/s-l225.jpg
高价,+2085%,91.55,80,66.0,[test list]*NEAR MINT* Mamiya mamiya 645 pro 80mm 2.8 medium format From Japan,mamiya mamiya pro,Mamiya,Film Cameras,Used,2000.0,USD,FIXED_PRICE,grail:645;good-cond,JP,harry_camera_japan,100.0,2026-08-15T05:05:11.000Z,,https://www.ebay.com/itm/137623058678?hash=item200af938f6:g:dB4AAeSwMyRqf~N~,https://i.ebayimg.com/images/g/dB4AAeSwMyRqf~N~/s-l225.jpg
高价,+626%,284.94,80,66.0,Read [Top MINT] Contax T2 Titan Black Point & Shoot 35mm Film Camera From JAPAN,contax t2,Contax,Film Cameras,Used,2069.99,USD,FIXED_PRICE,grail:Contax T2;good-cond,JP,massa-4656,100.0,2026-08-14T12:23:32.000Z,,https://www.ebay.com/itm/377417898361?hash=item57dfdc1979:g:uToAAeSwSJFqfwpZ,https://i.ebayimg.com/images/g/uToAAeSwSJFqfwpZ/s-l225.jpg
高价,+110%,999.9,80,66.0,[N MINT] Hasselblad 500C/M Film Camera C 80mm f2.8 Lens A12 Type II From JAPAN,hasselblad 500c/m,Hasselblad,Film Cameras,Used,2099.0,USD,FIXED_PRICE,grail:500C;good-cond,JP,bgnsc_47,100.0,2026-08-14T18:52:58.000Z,,https://www.ebay.com/itm/398285882898?hash=item5cbbb04612:g:1XgAAeSwVjtqf2TG,https://i.ebayimg.com/images/g/1XgAAeSwVjtqf2TG/s-l225.jpg
高价,+856%,240.5,80,66.0,[N MINT w/ Strap] Mamiya 7 Rangefinder 6x7 Medium Format Film Camera Body JAPAN,mamiya 7,Mamiya,Film Cameras,Used,2299.99,USD,FIXED_PRICE,grail:6x7;good-cond,JP,japancamera_au,100.0,2026-08-15T01:17:28.000Z,,https://www.ebay.com/itm/227476399524?hash=item34f6a665a4:g:6AsAAeSwCclqf76k,https://i.ebayimg.com/images/g/6AsAAeSwCclqf76k/s-l225.jpg
高价,+1183%,187.0,80,66.0,Rare!! [Top MINT] Mamiya C330 Special Selection Gold 80mm F2.8 TLR Camera JAPAN,mamiya c330,Mamiya,Film Cameras,Used,2399.99,USD,FIXED_PRICE,grail:Mamiya C330;good-cond,JP,sugutamo_camera_japan,99.9,2026-08-14T14:31:32.000Z,,https://www.ebay.com/itm/188792022950?hash=item2bf4e1a7a6:g:LGAAAeSw5glqfydB,https://i.ebayimg.com/images/g/LGAAAeSw5glqfydB/s-l225.jpg
高价,+3586%,67.83,80,66.0,RARE White Face 12x24 [N MINT ] Rolleiflex 3.5F Xenotar 75mm F3.5 TLR From JAPAN,rolleiflex rolleiflex,Rolleiflex,Film Cameras,Used,2499.99,USD,FIXED_PRICE,grail:Xenotar;good-cond,JP,ohana_camera_tokyo,99.6,2026-08-14T07:23:47.000Z,,https://www.ebay.com/itm/198570048899?hash=item2e3bb27d83:g:GTwAAeSwOLpqfsO5,https://i.ebayimg.com/images/g/GTwAAeSwOLpqfsO5/s-l225.jpg
高价,+12714%,19.51,80,66.0,"""TOP MINT+++"" Leica M3 Single Stroke SS 35mm Film Camera Body From JAPAN #5109",leica m3,Leica,Film Cameras,Used,2499.99,USD,"FIXED_PRICE,BEST_OFFER",grail:Leica M3;good-cond,JP,kawashima-camera,100.0,2026-08-14T05:40:24.000Z,,https://www.ebay.com/itm/147503809206?hash=item2257e982b6:g:ePsAAeSw0SNpzFRz,https://i.ebayimg.com/images/g/ePsAAeSw0SNpzFRz/s-l225.jpg
合理,+10%,100.0,42,65.0,Contax 137MD QUARTZ Body SLRFilm Camera From Japan Tested [Exc+],contax 137md,Contax,Film Cameras,Used,110.0,USD,"FIXED_PRICE,BEST_OFFER",good-cond,JP,re-camera,99.8,2026-08-14T08:44:24.000Z,,https://www.ebay.com/itm/327309686254?hash=item4c352d75ee:g:CPcAAeSwPZVqftaS,https://i.ebayimg.com/images/g/CPcAAeSwPZVqftaS/s-l225.jpg
高价,+314%,43.41,80,65.0,[Near MINT] MINOLTA X-700 MPS 35mm SLR MC ROKKOR PF 58mm f/1.4 Lens From JAPAN,minolta x-700,Minolta,Film Cameras,Used,179.9,USD,FIXED_PRICE,grail:X-700;mount:minolta md;58mm;good-cond,JP,peke-japan,100.0,2026-08-14T22:46:53.000Z,,https://www.ebay.com/itm/287525610449?hash=item42f1dca3d1:g:iUYAAeSwjJxqf5vS,https://i.ebayimg.com/images/g/iUYAAeSwjJxqf5vS/s-l225.jpg
合理,-4%,209.0,24,65.0,Mamiya C22 Pro TLR Film Camera Sekor 105mm f/3.5 Lens [ Aimost MINT ] JAPAN #521,mamiya c22,Mamiya,Film Cameras,Used,199.99,USD,FIXED_PRICE,good-cond,JP,lingenterpr-0,100.0,2026-08-15T09:38:09.000Z,,https://www.ebay.com/itm/178409135981?hash=item298a035f6d:g:OOIAAeSwG~VqgDQ8,https://i.ebayimg.com/images/g/OOIAAeSwG~VqgDQ8/s-l225.jpg
无基准,,232.0,17,65.0,Mamiya Sekor K/L 127mm f/3.5 Manual Focus Lens for RB67 77mm,mamiya sekor 127mm f3.5,Mamiya,Lenses,Used,200.0,USD,"FIXED_PRICE,AUCTION",grail:RB67;77mm;auction,US,anbur_781234,100.0,2026-08-14T20:00:53.000Z,2026-08-21T20:00:53.000Z,https://www.ebay.com/itm/198571358862?hash=item2e3bc67a8e:g:9CQAAeSwTHhqf3M7,https://i.ebayimg.com/images/g/9CQAAeSwTHhqf3M7/s-l225.jpg
合理,-6%,234.44,80,65.0,[Near MINT] Mamiya C220 Pro TLR Film Camera Body + 80mm F/2.8 Lens From JAPAN,mamiya c220,Mamiya,Film Cameras,Used,219.99,USD,FIXED_PRICE,good-cond,JP,daihama_8,100.0,2026-08-15T11:39:02.000Z,,https://www.ebay.com/itm/407146516543?hash=item5ecbd2d03f:g:R4sAAeSw5TlqgFCQ,https://i.ebayimg.com/images/g/R4sAAeSw5TlqgFCQ/s-l225.jpg
高价,+430%,43.41,80,65.0,[Mint] Minolta X-700 SLR 35mm Camera Black w/MC ROKKOR-PF 55mm F1.7 Japan #941,minolta x-700,Minolta,Film Cameras,Used,229.99,USD,FIXED_PRICE,grail:X-700;mount:minolta md;55mm;good-cond,JP,lifetime-camera-japan,100.0,2026-08-15T12:53:43.000Z,,https://www.ebay.com/itm/398288739975?hash=item5cbbdbde87:g:4MIAAeSwnu5qgF-~,https://i.ebayimg.com/images/g/4MIAAeSwnu5qgF-~/s-l225.jpg
合理,-0%,230.99,59,65.0,[Near MINT w/ Case ] Mamiya C3 TLR Film Camera Sekor 105mm F/3.5 Lens From JAPAN,mamiya c3,Mamiya,Film Cameras,Used,229.99,USD,FIXED_PRICE,good-cond,JP,hakusan_camera,100.0,2026-08-14T07:52:10.000Z,,https://www.ebay.com/itm/198570111516?hash=item2e3bb3721c:g:KbsAAeSwxthqfsmr,https://i.ebayimg.com/images/g/KbsAAeSwxthqfsmr/s-l225.jpg
合理,+9%,229.9,69,65.0,[Near MINT w/Cap] Pentax SMC Takumar 6x7 55mm f/3.5 MF Lens 67 67II II From JAPA,pentax takumar 55mm f3.5,Pentax,Lenses,Used,249.99,USD,FIXED_PRICE,grail:6x7;55mm;good-cond,JP,kosod-78,100.0,2026-08-14T23:40:50.000Z,,https://www.ebay.com/itm/147505485502?hash=item22580316be:g:JSYAAeSwWQxqf6i9,https://i.ebayimg.com/images/g/JSYAAeSwWQxqf6i9/s-l225.jpg
合理,+1%,277.49,20,65.0,[ Top MINT w/ Strap ] Contax Tix Carl Zeiss 28mm f2.8 APS Film Camera From JAPAN,contax tix carl,Contax,Film Cameras,Used,279.99,USD,FIXED_PRICE,good-cond,JP,fullsun.shop,100.0,2026-08-14T14:38:41.000Z,,https://www.ebay.com/itm/188792030554?hash=item2bf4e1c55a:g:EP0AAeSw1Ktqfymh,https://i.ebayimg.com/images/g/EP0AAeSw1Ktqfymh/s-l225.jpg
偏高,+30%,222.5,80,65.0,[OPT MINT w/HOOD] Nikon Ai Nikkor 28mm f/2 MF Lens For F3 FM2 FE2 From JAPAN,nikon nikkor 28mm f2,Nikon,Lenses,Used,289.0,USD,FIXED_PRICE,grail:FM2;mount:nikon f;good-cond,JP,syashinkiten_japan,100.0,2026-08-14T13:11:51.000Z,,https://www.ebay.com/itm/327309978072?hash=item4c3531e9d8:g:8oQAAeSwtBlqfxVG,https://i.ebayimg.com/images/g/8oQAAeSwtBlqfxVG/s-l225.jpg
合理,-6%,399.99,37,65.0,"[BOXED MINT w/Case, Film x2] Leica Sofort White Instant Film Camera From JAPAN",leica sofort white,Leica,Film Cameras,Used,376.68,USD,FIXED_PRICE,good-cond,JP,arigato-jpn,100.0,2026-08-15T08:59:03.000Z,,https://www.ebay.com/itm/137623627247?hash=item200b01e5ef:g:dRUAAeSwN9NpB3CI,https://i.ebayimg.com/images/g/dRUAAeSwN9NpB3CI/s-l225.jpg
合理,+3%,1314.95,42,65.0,[Near Mint] Voigtlander BESSA R2 Olive Rangefinder 35mm Film Camera Japan 409,voigtlander r2,Voigtlander,Film Cameras,Used,1349.99,USD,FIXED_PRICE,good-cond,JP,japan-camera-harashima,99.6,2026-08-14T14:27:47.000Z,,https://www.ebay.com/itm/287524869794?hash=item42f1d156a2:g:ryQAAeSwH-NqfyaY,https://i.ebayimg.com/images/g/ryQAAeSwH-NqfyaY/s-l225.jpg
合理,+0%,3632.32,17,65.0,Leitz Leica M6 Black 10404 With Box #1680560,leitz m6,Leitz,Film Cameras,Used,3642.39,USD,FIXED_PRICE,grail:Leica M6,AT,mintandrare,99.9,2026-08-14T15:50:05.000Z,,https://www.ebay.com/itm/147504803588?hash=item2257f8af04:g:gMYAAeSwFkJqf~bq,https://i.ebayimg.com/images/g/gMYAAeSwFkJqf~bq/s-l225.jpg
偏低,-17%,59.97,80,64.0,Vintage Minolta Hi-Matic 7s 45mm leather case,minolta 7s,Minolta,Film Cameras,Used,50.0,USD,FIXED_PRICE,grail:Hi-Matic,US,liones-77,100.0,2026-08-15T02:06:28.000Z,,https://www.ebay.com/itm/318732015455?hash=item4a35e8975f:g:RnkAAeSww5Nqf8mg,https://i.ebayimg.com/images/g/RnkAAeSww5Nqf8mg/s-l225.jpg
高价,+173%,27.1,80,64.0,*READ : Exc+5* Pentax SP Spotmatic Film Camera SMC Takumar 55mm F/1.8 Lens /JPN,pentax spotmatic,Pentax,Film Cameras,Used,74.09,USD,FIXED_PRICE,grail:Pentax SP;55mm;good-cond,JP,dub0804-55,100.0,2026-08-14T11:34:40.000Z,,https://www.ebay.com/itm/366605134708?hash=item555b5e6b74:g:jtEAAOSwAFlkRHYp,https://i.ebayimg.com/images/g/jtEAAOSwAFlkRHYp/s-l225.jpg
偏低,-20%,99.99,80,64.0,Pentax K1000 35mm Film SLR Camera - Prism Desilvering Viewfinder,pentax k1000,Pentax,Film Cameras,Used,79.99,USD,FIXED_PRICE,grail:K1000,US,maxtimes,100.0,2026-08-14T20:51:29.000Z,,https://www.ebay.com/itm/366606021264?hash=item555b6bf290:g:r4MAAeSwOLpqf38A,https://i.ebayimg.com/images/g/r4MAAeSwOLpqf38A/s-l225.jpg
偏高,+15%,73.84,80,64.0,[TOP MINT] Mamiya 645 Sekor C 210mm f4 Lens for M645 Super Pro TL From JAPAN 266,mamiya sekor 210mm f4,Mamiya,Lenses,Used,84.99,USD,FIXED_PRICE,grail:645;good-cond,JP,*kon_nichiwa*camera-japan,100.0,2026-08-14T04:29:13.000Z,,https://www.ebay.com/itm/318727286228?hash=item4a35a06dd4:g:qwcAAOSw0N1mTZXT,https://i.ebayimg.com/images/g/qwcAAOSw0N1mTZXT/s-l225.jpg
偏高,+35%,73.84,80,64.0,[TOP MINT] Mamiya Sekor C 210mm f4 N for 645 Super Pro M645 1000s From JAPAN,mamiya sekor 210mm f4,Mamiya,Lenses,Used,99.99,USD,"FIXED_PRICE,BEST_OFFER",grail:645;good-cond,JP,*kon_nichiwa*camera-japan,100.0,2026-08-14T04:29:13.000Z,,https://www.ebay.com/itm/318727286349?hash=item4a35a06e4d:g:x5oAAOSwoMpnHuwA,https://i.ebayimg.com/images/g/x5oAAOSwoMpnHuwA/s-l225.jpg
偏高,+14%,90.49,42,64.0,[Mint] MINOLTA HI-MATIC AF-D Point & Shoot 35mm Film Camera Japan,minolta hi-matic af-d,Minolta,Film Cameras,Used,102.99,USD,FIXED_PRICE,grail:HI-MATIC;good-cond,JP,at_japan_camera_lab,99.6,2026-08-15T05:06:24.000Z,,https://www.ebay.com/itm/398287517994?hash=item5cbbc9392a:g:a~IAAeSwx7pqWJPX,https://i.ebayimg.com/images/g/a~IAAeSwx7pqWJPX/s-l225.jpg
合理,+12%,106.6,81,64.0,[Near MINT] Mamiya Sekor C 150mm F/4 for M645 645 Super pro TL From JAPAN,mamiya sekor 150mm f4,Mamiya,Lenses,Used,119.0,USD,FIXED_PRICE,grail:645;good-cond;low-feedback,JP,kazkoba86,96.2,2026-08-14T07:53:58.000Z,,https://www.ebay.com/itm/318727991295?hash=item4a35ab2fff:g:opQAAeSwT0pqfsoU,https://i.ebayimg.com/images/g/opQAAeSwT0pqfsoU/s-l225.jpg
偏低,-20%,151.03,80,64.0,Contax 90mm f2.8 T* Sonnar Autofocus Telephoto Prime Rangefinder Lens Silver,contax sonnar 90mm f2.8,Contax,Lenses,Used,120.0,USD,"FIXED_PRICE,BEST_OFFER",grail:Sonnar,US,dadbod98,100.0,2026-08-14T20:02:03.000Z,,https://www.ebay.com/itm/800508730566?hash=itemba6209dcc6:g:NAIAAeSwm6tqf3O~,https://i.ebayimg.com/images/g/NAIAAeSwm6tqf3O~/s-l225.jpg
偏高,+30%,99.99,80,64.0,ALL WORKS! [Almost MINT] Canon A-1 35mm SLR Black Body Film Camera From JAPAN,canon a-1,Canon,Film Cameras,Used,129.99,USD,FIXED_PRICE,grail:Canon A-1;good-cond,JP,kurogane_optics_tokyo,100.0,2026-08-14T18:39:38.000Z,,https://www.ebay.com/itm/298588223344?hash=item45853eb770:g:Q1cAAeSwYEVqf2He,https://i.ebayimg.com/images/g/Q1cAAeSwYEVqf2He/s-l225.jpg
偏高,+25%,103.9,80,64.0,[N MINT] Olympus mju Zoom 105 Deluxe 35mm Point & Shoot Film Camera Japan #2143,olympus mju 105,Olympus,Film Cameras,Used,129.99,USD,FIXED_PRICE,grail:mju;good-cond,JP,sakura_snap_store,100.0,2026-08-14T06:57:52.000Z,,https://www.ebay.com/itm/398283922817?hash=item5cbb925d81:g:6~0AAeSwinpqfrcy,https://i.ebayimg.com/images/g/6~0AAeSwinpqfrcy/s-l225.jpg
偏高,+22%,127.0,62,64.0,【N Mint in Box】 Olympus mju μ zoom 70 Deluxe 35mm Film Camera from Japan #249,olympus mju 70,Olympus,Film Cameras,Used,154.99,USD,FIXED_PRICE,grail:mju;good-cond,JP,yokohama-camera,100.0,2026-08-15T06:52:21.000Z,,https://www.ebay.com/itm/398287818679?hash=item5cbbcdcfb7:g:sQwAAeSwUrdqgAvY,https://i.ebayimg.com/images/g/sQwAAeSwUrdqgAvY/s-l225.jpg
偏高,+37%,124.18,80,64.0,【 MINT w/Case 】 Olympus μ mju ZOOM 115 DELUXE Point & Shoot Film Camera JAPAN,olympus mju 115,Olympus,Film Cameras,Used,169.99,USD,FIXED_PRICE,grail:mju;good-cond,JP,ykond91-camera-japan,100.0,2026-08-14T07:54:40.000Z,,https://www.ebay.com/itm/800506093698?hash=itemba61e1a082:g:5r8AAeSwFSNqJZPt,https://i.ebayimg.com/images/g/5r8AAeSwFSNqJZPt/s-l225.jpg
偏高,+45%,124.18,80,64.0,Tested [ Near MINT ] Olympus μ mju Ⅱ115 VF 35mm Point & Shoot Film From JAPAN,olympus mju 115,Olympus,Film Cameras,Used,179.99,USD,FIXED_PRICE,grail:mju;good-cond,JP,sss.yyy.-57,100.0,2026-08-15T05:27:09.000Z,,https://www.ebay.com/itm/298589371172?hash=item4585503b24:g:87wAAeSw2SRqf~js,https://i.ebayimg.com/images/g/87wAAeSw2SRqf~js/s-l225.jpg
偏低,-19%,232.0,17,64.0,Mamiya RB67 127mm f3.5 K/L Sekor L Lens RB-67 *Read #278,mamiya sekor 127mm f3.5,Mamiya,Lenses,Used,187.78,USD,"FIXED_PRICE,BEST_OFFER",grail:RB67,US,robertscamera,99.8,2026-08-14T21:50:05.000Z,,https://www.ebay.com/itm/407145234010?hash=item5ecbbf3e5a:g:Ac0AAeSwoTxqf42I,https://i.ebayimg.com/images/g/Ac0AAeSwoTxqf42I/s-l225.jpg
偏高,+26%,151.03,80,64.0,[TOP MINT in/Box] CONTAX Carl Zeiss Sonnar T* 90mm f/2.8 Lens For G1 G2 JP #512,contax sonnar 90mm f2.8,Contax,Lenses,Used,189.99,USD,"FIXED_PRICE,BEST_OFFER",grail:Sonnar;good-cond,JP,*kon_nichiwa*camera-japan,100.0,2026-08-14T04:29:13.000Z,,https://www.ebay.com/itm/318727286238?hash=item4a35a06dde:g:QOoAAOSwmr1nYuHO,https://i.ebayimg.com/images/g/QOoAAOSwmr1nYuHO/s-l225.jpg
偏高,+41%,139.99,64,64.0,[Near MINT] OLYMPUS μ mju ZOOM 130 Point & Shoot 35mm Film camera From JAPAN,olympus mju 130,Olympus,Film Cameras,Used,196.99,USD,FIXED_PRICE,grail:mju;good-cond,JP,sat-camera-japan,100.0,2026-08-14T12:30:09.000Z,,https://www.ebay.com/itm/147504457654?hash=item2257f367b6:g:1VUAAeSwMCBqfwtV,https://i.ebayimg.com/images/g/1VUAAeSwMCBqfwtV/s-l225.jpg
合理,+0%,199.99,17,64.0,[ NEAR MINT ] Pentax SMC PENTAX-FA 645 Zoom 55-110mm ƒ5.6,pentax smc 55-110mm,Pentax,Lenses,Used,199.95,USD,"FIXED_PRICE,BEST_OFFER",grail:645;mount:pentax k;good-cond,US,bayside46237,100.0,2026-08-14T04:48:45.000Z,,https://www.ebay.com/itm/168612527640?hash=item274216fe18:g:mVIAAeSw65pqflEa,https://i.ebayimg.com/images/g/mVIAAeSw65pqflEa/s-l225.jpg
偏高,+38%,144.95,80,64.0,MMJ [TOP MINT] Contax Carl Zeiss Sonnar 135mm f/2.8 T* MF Lens From JAPAN #605,contax sonnar 135mm f2.8,Contax,Lenses,Used,199.99,USD,FIXED_PRICE,grail:Sonnar;good-cond,JP,*kon_nichiwa*camera-japan,100.0,2026-08-14T04:29:13.000Z,,https://www.ebay.com/itm/318727286249?hash=item4a35a06de9:g:td0AAeSwgERpxb~P,https://i.ebayimg.com/images/g/td0AAeSwgERpxb~P/s-l225.jpg
合理,+7%,214.18,24,64.0,Nikon Nikonos III 3 Underwater Camera w/NIKKOR UW 28mm f3.5 SILVER Lens+ EXTRAS,nikon nikonos 3,Nikon,Film Cameras,Used,229.99,USD,FIXED_PRICE,grail:Nikonos;mount:nikon f,US,silaguilard-0,99.5,2026-08-14T05:20:01.000Z,,https://www.ebay.com/itm/227475151143?hash=item34f6935927:g:A6oAAOSwaVdmkjS2,https://i.ebayimg.com/images/g/A6oAAOSwaVdmkjS2/s-l225.jpg
偏低,-23%,349.9,66,64.0,[ NEAR MINT ] Mamiya Sekor C 55mm F2.8 Lens For M645 1000S Super Pro JAPAN,mamiya sekor 55mm f2.8,Mamiya,Lenses,Used,270.0,USD,"FIXED_PRICE,BEST_OFFER",55mm;good-cond,JP,tiida_collection_japan,100.0,2026-08-14T08:27:45.000Z,,https://www.ebay.com/itm/820000401728?hash=itembeebd52940:g:iLUAAeSwDh5pyxtC,https://i.ebayimg.com/images/g/iLUAAeSwDh5pyxtC/s-l225.jpg
偏高,+33%,209.9,27,64.0,[ MINT w/ case ] Olympus XA + A16 Flash Rangefinder Film Camera From JAPAN,olympus a16,Olympus,Film Cameras,Used,279.99,USD,FIXED_PRICE,grail:Olympus XA;good-cond,JP,tokyo-trade,100.0,2026-08-15T01:35:50.000Z,,https://www.ebay.com/itm/128027270580?hash=item1dcf051db4:g:qBcAAeSwDzRqf8K5,https://i.ebayimg.com/images/g/qBcAAeSwDzRqf8K5/s-l225.jpg
偏高,+41%,227.31,80,64.0,Honeycomb [ Near Mint w/ Strap] Nikon FM2 Black 35mm Film Camera Body From JAPAN,nikon fm2,Nikon,Film Cameras,Used,319.99,USD,FIXED_PRICE,grail:FM2;good-cond,JP,hakusan_camera,100.0,2026-08-15T12:42:13.000Z,,https://www.ebay.com/itm/198572941335?hash=item2e3bdea017:g:bQYAAeSwqgRqgF-V,https://i.ebayimg.com/images/g/bQYAAeSwqgRqgF-V/s-l225.jpg
偏低,-8%,349.9,66,64.0,[NEAR MINT w/Hood] Mamiya Sekor C 55mm f2.8 S Lens M645 Super 1000S Pro TL Japan,mamiya sekor 55mm f2.8,Mamiya,Lenses,Used,319.99,USD,FIXED_PRICE,55mm;good-cond,JP,ht-smile,100.0,2026-08-14T16:14:56.000Z,,https://www.ebay.com/itm/128026655579?hash=item1dcefbbb5b:g:7zIAAeSwtH5qfz2o,https://i.ebayimg.com/images/g/7zIAAeSwtH5qfz2o/s-l225.jpg
偏高,+38%,239.99,44,64.0,CLA'd [Near MINT+++] Mamiya Macro M 140mm f/4.5 M/L-A For RZ67 Pro II IID JAPAN,mamiya 140mm f4.5,Mamiya,Lenses,Used,329.99,USD,FIXED_PRICE,grail:RZ67;good-cond,JP,sakura0000,100.0,2026-08-14T11:02:12.000Z,,https://www.ebay.com/itm/398284618641?hash=item5cbb9cfb91:g:kdAAAeSwSG9qfvI-,https://i.ebayimg.com/images/g/kdAAAeSwSG9qfvI-/s-l225.jpg
偏高,+15%,287.49,80,64.0,Nikon F3 Eye Level 35mm SLR Film Camera Body Only w/MF-14 [Near MINT] From JAPAN,nikon f3,Nikon,Film Cameras,Used,329.99,USD,FIXED_PRICE,grail:Nikon F3;good-cond,JP,n-camera-japan,100.0,2026-08-14T05:43:41.000Z,,https://www.ebay.com/itm/800505554448?hash=itemba61d96610:g:370AAeSwRT9qfqw7,https://i.ebayimg.com/images/g/370AAeSwRT9qfqw7/s-l225.jpg
偏高,+18%,339.5,48,64.0,[Top MINT+ w/ Hood] Mamiya Sekor Z 90mm F3.5 W Lens For RZ67 Pro II IID From JPN,mamiya sekor 90mm f3.5,Mamiya,Lenses,Used,399.99,USD,FIXED_PRICE,grail:RZ67;good-cond,JP,omotenashi-jpn,100.0,2026-08-14T22:02:33.000Z,,https://www.ebay.com/itm/800509146551?hash=itemba621035b7:g:AccAAeSwBclqf5D4,https://i.ebayimg.com/images/g/AccAAeSwBclqf5D4/s-l225.jpg
偏高,+39%,287.49,80,64.0,[ MINT w / strap ] Nikon F3 Eye Level SLR 35mm Film Camera Body From JAPAN,nikon f3,Nikon,Film Cameras,Used,399.99,USD,FIXED_PRICE,grail:Nikon F3;good-cond,JP,aga-8114,100.0,2026-08-14T13:16:01.000Z,,https://www.ebay.com/itm/237005586379?hash=item372ea23fcb:g:nJwAAeSwgYVqfxZE,https://i.ebayimg.com/images/g/nJwAAeSwgYVqfxZE/s-l225.jpg
偏高,+39%,287.49,80,64.0,[Near MINT w/Case] Nikon F3 HP SLR 35mm Film Camera Black Body Only From JAPAN,nikon f3,Nikon,Film Cameras,Used,399.99,USD,FIXED_PRICE,grail:Nikon F3;good-cond,JP,n-camera-japan,100.0,2026-08-14T05:14:43.000Z,,https://www.ebay.com/itm/800505441376?hash=itemba61d7ac60:g:lZgAAeSwgIBqfqVx,https://i.ebayimg.com/images/g/lZgAAeSwgIBqfqVx/s-l225.jpg
偏高,+32%,379.99,80,64.0,[ Top MINT ] Contax Carl Zeiss Planar T* 85mm F/1.4 Lens CY Mount MMJ From JAPAN,contax planar 85mm f1.4,Contax,Lenses,Used,499.99,USD,FIXED_PRICE,grail:Planar;good-cond,JP,dreamers_camera_japan,99.5,2026-08-14T10:23:33.000Z,,https://www.ebay.com/itm/366605040619?hash=item555b5cfbeb:g:M14AAeSwJHdqfu3U,https://i.ebayimg.com/images/g/M14AAeSwJHdqfu3U/s-l225.jpg
偏低,-16%,606.5,80,64.0,[MINT in Box] SONY Vario-Tessar FE 16-35mm F4 ZA OSS SEL1635Z Lens E-mount JAPAN,sony tessar 16-35mm f4,Sony,Lenses,Used,509.98,USD,FIXED_PRICE,grail:Tessar;mount:sony e;good-cond,JP,chiba_camera_japan,100.0,2026-08-14T14:17:10.000Z,,https://www.ebay.com/itm/800507517454?hash=itemba61f75a0e:g:c3IAAeSwagNo~0mF,https://i.ebayimg.com/images/g/c3IAAeSwagNo~0mF/s-l225.jpg
偏高,+32%,399.99,80,64.0,[Near MINT] Pentax 6x7 67 Eye Level Film Camera SMC T 75mm f4.5 Lens From JAPAN,pentax 67,Pentax,Film Cameras,Used,529.99,USD,"FIXED_PRICE,BEST_OFFER",grail:6x7;good-cond,JP,yosuke_camera,99.7,2026-08-14T20:43:23.000Z,,https://www.ebay.com/itm/188793312226?hash=item2bf4f553e2:g:etEAAeSw0hNqf3wy,https://i.ebayimg.com/images/g/etEAAeSw0hNqf3wy/s-l225.jpg
偏低,-10%,606.5,80,64.0,SONY Vario-Tessar T* FE 16-35mm F4 ZA OSS (SEL1635Z) -EXC- 9633,sony tessar 16-35mm f4,Sony,Lenses,Used,545.62,USD,FIXED_PRICE,grail:Tessar;mount:sony e;good-cond,JP,kitamura_camera,100.0,2026-08-14T11:47:18.000Z,,https://www.ebay.com/itm/820000999898?hash=itembeebde49da:g:PRQAAeSwC-FqfwkX,https://i.ebayimg.com/images/g/PRQAAeSwC-FqfwkX/s-l225.jpg
偏高,+26%,461.29,80,64.0,[Top MINT] Fji Fujifilm Natura Classica N Point & Shoot Film Camera From JAPAN,fujifilm natura,Fujifilm,Film Cameras,Used,579.9,USD,FIXED_PRICE,grail:Natura;good-cond,JP,vintagehighqualitycamerashopymmmcamera,100.0,2026-08-15T02:48:51.000Z,,https://www.ebay.com/itm/398287119848?hash=item5cbbc325e8:g:e4oAAeSwinpqf9SC,https://i.ebayimg.com/images/g/e4oAAeSwinpqf9SC/s-l225.jpg
偏高,+20%,499.0,80,64.0,【TOP MINT w/ Hood】 Mamiya Sekor Z 110mm f/2.8 W Lens For RZ67 Pro II From Japan,mamiya sekor 110mm f2.8,Mamiya,Lenses,Used,599.0,USD,FIXED_PRICE,grail:RZ67;good-cond,JP,cjmk-77,100.0,2026-08-14T13:43:30.000Z,,https://www.ebay.com/itm/407144392280?hash=item5ecbb26658:g:97YAAeSwb6JqHQ8o,https://i.ebayimg.com/images/g/97YAAeSwb6JqHQ8o/s-l225.jpg
偏高,+40%,428.0,41,64.0,[Top Mint +close up] Voigtlander Ultron 40mm f/2 SLii N Nikon w/Hood Japan 407,voigtlander ultron 40mm f2,Voigtlander,Lenses,Used,599.99,USD,FIXED_PRICE,grail:Ultron;good-cond,JP,japan-camera-harashima,99.6,2026-08-14T13:49:28.000Z,,https://www.ebay.com/itm/287524824827?hash=item42f1d0a6fb:g:gj8AAeSww5Nqfx08,https://i.ebayimg.com/images/g/gj8AAeSww5Nqfx08/s-l225.jpg
偏高,+24%,490.83,80,64.0,Final Late S/N 323xxx [ TOP MINT w/ Strap ] Nikon F5 35mm SLR Camera Body JAPAN,nikon f5,Nikon,Film Cameras,Used,609.99,USD,FIXED_PRICE,grail:Nikon F5;good-cond,JP,toshi-japan-camera,100.0,2026-08-14T09:00:20.000Z,,https://www.ebay.com/itm/377417498278?hash=item57dfd5fea6:g:J98AAeSw-~pqVZGT,https://i.ebayimg.com/images/g/J98AAeSw-~pqVZGT/s-l225.jpg
偏高,+28%,490.83,80,64.0,[Near MINT in Box] Nikon F5 SLR 35mm Film Camera AF 50mm f/1.8 D Lens From JAPAN,nikon f5,Nikon,Film Cameras,Used,629.99,USD,FIXED_PRICE,grail:Nikon F5;good-cond,JP,zeni-fly,100.0,2026-08-14T04:33:16.000Z,,https://www.ebay.com/itm/377416996790?hash=item57dfce57b6:g:W2oAAeSw76lqfpsG,https://i.ebayimg.com/images/g/W2oAAeSw76lqfpsG/s-l225.jpg
偏高,+30%,490.83,80,64.0,[Top MINT w/ Hood] Nikon F5 35mm SLR Film Camera AF 50mm F/1.4 D Lens From JAPAN,nikon f5,Nikon,Film Cameras,Used,639.99,USD,FIXED_PRICE,grail:Nikon F5;good-cond,JP,shoyama_japan,100.0,2026-08-14T06:01:29.000Z,,https://www.ebay.com/itm/307125711529?hash=item47821e72a9:g:m1cAAeSwGbJqfrBo,https://i.ebayimg.com/images/g/m1cAAeSwGbJqfrBo/s-l225.jpg
偏高,+13%,619.99,80,64.0,Pentax 6x7 TTL Mirror Up Medium Format Film Camera Body 67 75mm f/4.5 [MINT],pentax ttl mirror,Pentax,Film Cameras,Used,699.0,USD,FIXED_PRICE,grail:6x7;good-cond,JP,musubiworks,100.0,2026-08-14T16:16:50.000Z,,https://www.ebay.com/itm/307126636097?hash=item47822c8e41:g:YhAAAeSwhnxqfz~w,https://i.ebayimg.com/images/g/YhAAAeSwhnxqfz~w/s-l225.jpg
偏高,+29%,594.95,80,64.0,[Near MINT] Pentax 6x7 Eye Level Film Camera Takumar 105mm f2.4 Lens From JAPAN,pentax eye level,Pentax,Film Cameras,Used,769.99,USD,"FIXED_PRICE,BEST_OFFER",grail:6x7;good-cond,JP,matsunami_camera_japan,100.0,2026-08-14T09:01:14.000Z,,https://www.ebay.com/itm/820000530241?hash=itembeebd71f41:g:BjAAAeSwvspqV7t~,https://i.ebayimg.com/images/g/BjAAAeSwvspqV7t~/s-l225.jpg
合理,+1%,771.0,40,64.0,Voigtlander Nokton Vintage Line 35mm f/1.5 Aspherical Type II Lens For Leica M,voigtlander nokton 35mm f1.5,Voigtlander,Lenses,Used,777.0,USD,FIXED_PRICE,grail:Nokton;mount:leica m,US,jordasteven94,100.0,2026-08-14T11:57:39.000Z,,https://www.ebay.com/itm/820001027576?hash=itembeebdeb5f8:g:UbQAAeSwdSZqfwJn,https://i.ebayimg.com/images/g/UbQAAeSwdSZqfwJn/s-l225.jpg
偏高,+32%,604.99,24,64.0,【TOP MINT w/ Hood】 Mamiya K/L 75mm f/3.5 L KL Lens For RB67 Pro S SD From Japan,mamiya 75mm f3.5,Mamiya,Lenses,Used,799.0,USD,FIXED_PRICE,grail:RB67;good-cond,JP,cjmk-77,100.0,2026-08-14T13:37:01.000Z,,https://www.ebay.com/itm/407144384597?hash=item5ecbb24855:g:rlwAAeSw6Ydp6gWi,https://i.ebayimg.com/images/g/rlwAAeSw6Ydp6gWi/s-l225.jpg
偏高,+16%,687.73,29,64.0,S/N 901xxxx [Top MINT w/Strap] Nikon New FM2/T Titan 35mm Film Camera Body JAPAN,nikon fm2/t titan,Nikon,Film Cameras,Used,799.99,USD,FIXED_PRICE,grail:FM2;good-cond,JP,teruiiz0,100.0,2026-08-14T16:16:13.000Z,,https://www.ebay.com/itm/336742327302?hash=item4e67682406:g:9n0AAeSwvnpqf0B~,https://i.ebayimg.com/images/g/9n0AAeSwvnpqf0B~/s-l225.jpg
偏高,+38%,599.99,80,64.0,w/Strap [Near Mint++] Pentax 6x7 EyeLevel Film Camera 105mm f2.4 Lens From JAPAN,pentax eyelevel,Pentax,Film Cameras,Used,829.99,USD,FIXED_PRICE,grail:6x7;good-cond,JP,shib5636,100.0,2026-08-15T01:15:57.000Z,,https://www.ebay.com/itm/398286854760?hash=item5cbbbf1a68:g:AkYAAeSw-BBqf74N,https://i.ebayimg.com/images/g/AkYAAeSw-BBqf74N/s-l225.jpg
偏低,-8%,946.0,75,64.0,SONY Distagon T* FE 35mm F1.4 ZA (SEL35F14Z) for Sony -Near Mint- 5977,sony distagon 35mm f1.4,Sony,Lenses,Used,869.61,USD,FIXED_PRICE,grail:Distagon;mount:sony e;good-cond,JP,kitamura_camera,100.0,2026-08-14T10:57:18.000Z,,https://www.ebay.com/itm/820000864080?hash=itembeebdc3750:g:32EAAeSwXudqfvoR,https://i.ebayimg.com/images/g/32EAAeSwXudqfvoR/s-l225.jpg
偏高,+17%,889.99,42,64.0,w/Hood [Near Mint++] Pentax 6x7 TTL MUP Film Camera T 105mm f2.4 Lens From JAPAN,pentax ttl mup,Pentax,Film Cameras,Used,1039.99,USD,FIXED_PRICE,grail:6x7;good-cond,JP,shib5636,100.0,2026-08-15T01:07:27.000Z,,https://www.ebay.com/itm/398286815110?hash=item5cbbbe7f86:g:5gYAAeSwEi9qf7yF,https://i.ebayimg.com/images/g/5gYAAeSwEi9qf7yF/s-l225.jpg
偏高,+18%,929.99,77,64.0,Tested [ MINT w/ Case ] Fuji Fujifilm GW690 II Pro 6x9 Film Camera From JAPAN,fuji gw690,Fuji,Film Cameras,Used,1099.99,USD,FIXED_PRICE,grail:GW690;good-cond,JP,hakusan_camera,100.0,2026-08-14T07:50:35.000Z,,https://www.ebay.com/itm/198570107969?hash=item2e3bb36441:g:-RQAAeSwX0ZqfsmF,https://i.ebayimg.com/images/g/-RQAAeSwX0ZqfsmF/s-l225.jpg
偏高,+15%,997.5,56,64.0,Meter Works [MINT] Nikon 35Ti 35 Ti 35mm Point&Shoot Film Camera From JAPAN,nikon 35ti,Nikon,Film Cameras,Used,1149.0,USD,FIXED_PRICE,grail:35Ti;good-cond,JP,kamakura_camera_jp,100.0,2026-08-15T04:00:44.000Z,,https://www.ebay.com/itm/800510502665?hash=itemba6224e709:g:HYsAAeSw8KNqavpB,https://i.ebayimg.com/images/g/HYsAAeSw8KNqavpB/s-l225.jpg
偏高,+15%,999.99,80,64.0,K3 S/N:28xxxx [Top MINT] Nikon FM3A Silver 35mm Film Camera SLR Body From JAPAN,nikon fm3a,Nikon,Film Cameras,Used,1149.9,USD,FIXED_PRICE,grail:FM3A;good-cond,JP,ham_7373,100.0,2026-08-14T06:43:35.000Z,,https://www.ebay.com/itm/366604712244?hash=item555b57f934:g:DkUAAeSwCz5qfroP,https://i.ebayimg.com/images/g/DkUAAeSwCz5qfroP/s-l225.jpg
偏高,+17%,1199.0,80,64.0,[Almost MINT] Leica Leitz Summicron M 35mm f2 Black Lens V3 Canada From JAPAN,leica summicron 35mm f2,Leica,Lenses,Used,1399.99,USD,"FIXED_PRICE,BEST_OFFER",grail:Summicron;good-cond,JP,matsunami_camera_japan,100.0,2026-08-14T04:16:30.000Z,,https://www.ebay.com/itm/358924707095?hash=item5391946517:g:GEMAAeSwRQxqfpW7,https://i.ebayimg.com/images/g/GEMAAeSwRQxqfpW7/s-l225.jpg
偏高,+28%,1399.49,60,64.0,w/Hood [Top MINT in Box] Fujifilm Fuji Klasse W 35mm Point & Shoot Camera JAPAN,fujifilm klasse,Fujifilm,Film Cameras,Used,1799.0,USD,FIXED_PRICE,grail:Klasse;good-cond,JP,bgnsc_47,100.0,2026-08-14T18:57:29.000Z,,https://www.ebay.com/itm/398285887286?hash=item5cbbb05736:g:ptYAAeSwQ0Fqf2YM,https://i.ebayimg.com/images/g/ptYAAeSwQ0Fqf2YM/s-l225.jpg
偏高,+26%,1899.99,71,64.0,▶️Firmware Updated 2026 [Top MINT Box Strap ] Nikon F6 Film Camera From JAPAN,nikon f6,Nikon,Film Cameras,Used,2399.9,USD,FIXED_PRICE,grail:Nikon F6;good-cond,JP,yuni_camera_japan,100.0,2026-08-14T15:07:33.000Z,,https://www.ebay.com/itm/820001659488?hash=itembeebe85a60:g:LtQAAeSwDzRqfy-y,https://i.ebayimg.com/images/g/LtQAAeSwDzRqfy-y/s-l225.jpg
偏高,+26%,1899.99,71,64.0,New Firmware [Top MINT in Box] Nikon F6 35mm SLR Film Camera From JAPAN,nikon f6,Nikon,Film Cameras,Used,2399.9,USD,FIXED_PRICE,grail:Nikon F6;good-cond,JP,jp2014-kongf,100.0,2026-08-14T14:31:37.000Z,,https://www.ebay.com/itm/168613526758?hash=item2742263ce6:g:I6oAAeSw8Chqfyf8,https://i.ebayimg.com/images/g/I6oAAeSw8Chqfyf8/s-l225.jpg
偏高,+41%,1699.99,50,64.0,【 TOP MINT in Box 】 Pentax 645 NII w/ FA 75mm f2.8 Lens 120 Film Back From JAPAN,pentax nii,Pentax,Film Cameras,Used,2399.99,USD,FIXED_PRICE,grail:645;good-cond,JP,jun0-73,100.0,2026-08-14T13:40:58.000Z,,https://www.ebay.com/itm/820001415805?hash=itembeebe4a27d:g:0TYAAeSwHJ5qO-YZ,https://i.ebayimg.com/images/g/0TYAAeSwHJ5qO-YZ/s-l225.jpg
偏高,+16%,2349.0,21,64.0,Leica Vario-Elmarit SL f2.8/24-70mm ASPH. -Near Mint- 0052,leica elmarit 24-70mm f2.8,Leica,Lenses,Used,2734.88,USD,FIXED_PRICE,grail:Elmarit;good-cond,JP,kitamura_camera,100.0,2026-08-14T08:27:18.000Z,,https://www.ebay.com/itm/820000400713?hash=itembeebd52549:g:8OcAAeSwCN1qftd0,https://i.ebayimg.com/images/g/8OcAAeSwCN1qftd0/s-l225.jpg
偏高,+15%,3119.49,80,64.0,Rare [Top MINT] Leica Summilux M 35mm f/1.4 ASPH E46 Titan Titanium Lens JAPAN,leica summilux 35mm f1.4,Leica,Lenses,Used,3579.99,USD,FIXED_PRICE,grail:Summilux;good-cond,JP,japan.camera.like,100.0,2026-08-14T17:47:54.000Z,,https://www.ebay.com/itm/178406940486?hash=item2989e1df46:g:uWYAAeSwlShqf1Xi,https://i.ebayimg.com/images/g/uWYAAeSwlShqf1Xi/s-l225.jpg
高价,+46%,4099.99,76,64.0,"MINT+++ w/ Hood"" Mamiya 7II Black 6x7 Film Camera Body N 65mm f/4 L Lens",mamiya 7ii,Mamiya,Film Cameras,Used,6000.0,USD,"FIXED_PRICE,BEST_OFFER",grail:6x7;good-cond,GB,gidprida_0,100.0,2026-08-14T13:57:56.000Z,,https://www.ebay.com/itm/137620668833?hash=item200ad4c1a1:g:9tgAAeSwQc1o64Gc,https://i.ebayimg.com/images/g/9tgAAeSwQc1o64Gc/s-l225.jpg
偏低,-18%,54.86,7,63.0,▶[N MINT] Pentax Z-70P Film Camera + smc Pentax-FA AL 28-70mm f4 Lens From JAPAN,pentax z-70p,Pentax,Film Cameras,Used,44.99,USD,FIXED_PRICE,mount:pentax k;good-cond,JP,taknis-78,100.0,2026-08-15T07:50:20.000Z,,https://www.ebay.com/itm/336743423914?hash=item4e6778dfaa:g:b0wAAeSwyRFqgBr1,https://i.ebayimg.com/images/g/b0wAAeSwyRFqgBr1/s-l225.jpg
偏高,+21%,329.99,63,63.0,[MINT] SMC PENTAX 6x7 55mm F/4 Wide Angle Medium Format Lens 67 67II From JAPAN,pentax smc 55mm f4,Pentax,Lenses,Used,399.99,USD,FIXED_PRICE,grail:6x7;mount:pentax k;55mm;good-cond,JP,whitrade-46,100.0,2026-08-14T09:05:05.000Z,,https://www.ebay.com/itm/398284277289?hash=item5cbb97c629:g:VC0AAeSwOcNqftty,https://i.ebayimg.com/images/g/VC0AAeSwOcNqftty/s-l225.jpg
偏高,+14%,449.99,25,63.0,[Near MINT] Voigtlander Bessa R 35mm Rangefinder Film Camera L39 Mount JAPAN,voigtlander l39,Voigtlander,Film Cameras,Used,512.99,USD,FIXED_PRICE,mount:ltm/l39;good-cond,JP,ume-japan,99.7,2026-08-14T22:49:29.000Z,,https://www.ebay.com/itm/128027083622?hash=item1dcf024366:g:QscAAeSwsfZoqQCd,https://i.ebayimg.com/images/g/QscAAeSwsfZoqQCd/s-l225.jpg
无基准,,399.5,40,62.0,"Rollei 35 Carl Zeiss Tessar With Case, Flash, Charger & Cords. Singapore",rollei carl zeiss,Rollei,Film Cameras,Used,0.0,USD,AUCTION,grail:Tessar;auction,US,mitcha1515,99.0,2026-08-14T20:20:42.000Z,2026-08-24T20:20:42.000Z,https://www.ebay.com/itm/377418878159?hash=item57dfeb0ccf:g:TnIAAeSwINxqZRbX,https://i.ebayimg.com/images/g/TnIAAeSwINxqZRbX/s-l225.jpg
无基准,,415.36,76,62.0,Leica M4-P Chrome 70 Year Edition Used Clean Excellent Plus Condition - Tested,leica 70,Leica,Film Cameras,Used,0.0,USD,AUCTION,grail:Leica M4;auction,US,bozemancamera,100.0,2026-08-14T17:31:49.000Z,2026-08-21T17:31:49.000Z,https://www.ebay.com/itm/227475963868?hash=item34f69fbfdc:g:1jsAAeSwsvpqJvZ4,https://i.ebayimg.com/images/g/1jsAAeSwsvpqJvZ4/s-l225.jpg
高价,+62%,51.38,80,62.0,read!▶[N MINT w/Strap Cap Case] Olympus OM-1 OM1 35mm SLR Film Camera From JAPAN,olympus om-1,Olympus,Film Cameras,Used,82.99,USD,FIXED_PRICE,grail:OM-1;mount:olympus om;good-cond,JP,taknis-78,100.0,2026-08-15T08:43:01.000Z,,https://www.ebay.com/itm/336743475616?hash=item4e6779a9a0:g:EA8AAeSwaRZqgCeK,https://i.ebayimg.com/images/g/EA8AAeSwaRZqgCeK/s-l225.jpg
高价,+175%,40.0,80,62.0,[ Exc+5 w/Strap] Canon AE-1 Black SLR Film Camera NEW FD 50mm f1.8 lens Japan,canon ae-1,Canon,Film Cameras,Used,109.9,USD,FIXED_PRICE,grail:AE-1;mount:canon fd;good-cond,JP,leaf_camera.watch_japan,100.0,2026-08-14T23:55:53.000Z,,https://www.ebay.com/itm/318731433942?hash=item4a35dfb7d6:g:ng0AAeSw-WJqGMBg,https://i.ebayimg.com/images/g/ng0AAeSw-WJqGMBg/s-l225.jpg
高价,+114%,51.38,80,62.0,[Near MINT] Olympus OM-1 Film Camera & ZUIKO 35-70mm F3.5-4.5 MF Lens From JAPAN,olympus om-1,Olympus,Film Cameras,Used,110.0,USD,FIXED_PRICE,grail:OM-1;mount:olympus om;good-cond,JP,stellarcamera,100.0,2026-08-14T16:37:47.000Z,,https://www.ebay.com/itm/377418487853?hash=item57dfe5182d:g:HG0AAeSwBCJqf0Ua,https://i.ebayimg.com/images/g/HG0AAeSwBCJqf0Ua/s-l225.jpg
高价,+114%,51.38,80,62.0,[Exc+3] OLYMPUS OM-1 35mm SLR Camera G.ZUIKO AUTO-S 50mm f/1.4 Lens = From JAPAN,olympus om-1,Olympus,Film Cameras,Used,110.0,USD,"FIXED_PRICE,BEST_OFFER",grail:OM-1;mount:olympus om;good-cond,JP,altmart3.0,100.0,2026-08-14T05:15:50.000Z,,https://www.ebay.com/itm/227475147055?hash=item34f693492f:g:5Z4AAeSwWQxqfngz,https://i.ebayimg.com/images/g/5Z4AAeSwWQxqfngz/s-l225.jpg
高价,+122%,51.38,80,62.0,*Exc+5* Olympus OM-1 Film Camera Tokina RMC 35-105mm F/3.5-4.5 Lens From Japan,olympus om-1,Olympus,Film Cameras,Used,113.99,USD,FIXED_PRICE,grail:OM-1;mount:olympus om;good-cond,JP,hitonaga-0,100.0,2026-08-14T11:38:59.000Z,,https://www.ebay.com/itm/407143987948?hash=item5ecbac3aec:g:Ai0AAOSwgk5nHfrg,https://i.ebayimg.com/images/g/Ai0AAOSwgk5nHfrg/s-l225.jpg
高价,+127%,51.38,80,62.0,Read [Exc+5] Olympus OM-1 35mm SLR Film Camera F.Zuiko AUTO-S 50mm F1.8 JAPAN,olympus om-1,Olympus,Film Cameras,Used,116.9,USD,FIXED_PRICE,grail:OM-1;mount:olympus om;good-cond,JP,shogun-market,100.0,2026-08-14T22:31:52.000Z,,https://www.ebay.com/itm/318731208929?hash=item4a35dc48e1:g:3okAAeSwUZFqf5hP,https://i.ebayimg.com/images/g/3okAAeSwUZFqf5hP/s-l225.jpg
合理,-1%,119.9,29,62.0,PENTAX Auto 110 SLR Film Camera + 24mm F2.8 Lens Tested Working Japan,pentax 24mm f2.8,Pentax,Film Cameras,Used,119.0,USD,FIXED_PRICE,grail:Auto 110,JP,samurai_camera_japan_000,0.0,2026-08-15T09:58:23.000Z,,https://www.ebay.com/itm/168615389183?hash=item274242a7ff:g:haUAAeSwIGNqgDg5,https://i.ebayimg.com/images/g/haUAAeSwIGNqgDg5/s-l225.jpg
高价,+225%,40.0,80,62.0,Read! Canon AE-1 Program 35mm Film Camera FD 50mm f/1.4 S.S.C.[Exc+5] JAPAN #519,canon ae-1,Canon,Film Cameras,Used,129.99,USD,FIXED_PRICE,grail:AE-1;mount:canon fd;good-cond,JP,lingenterpr-0,100.0,2026-08-15T06:59:22.000Z,,https://www.ebay.com/itm/178408742636?hash=item2989fd5eec:g:b9cAAeSwlShqgA7J,https://i.ebayimg.com/images/g/b9cAAeSwlShqgA7J/s-l225.jpg
高价,+164%,49.15,80,62.0,Nikon Nikonos II UW Film Camera W-Nikkor 35mm f2.5 Lens w/ Strap [NEAR MINT],nikon nikonos,Nikon,Film Cameras,Used,129.99,USD,FIXED_PRICE,grail:Nikonos;mount:nikon f;good-cond,JP,dream.camera.tokyo,100.0,2026-08-14T20:09:01.000Z,,https://www.ebay.com/itm/318730650320?hash=item4a35d3c2d0:g:yMYAAeSwf2lp3wgB,https://i.ebayimg.com/images/g/yMYAAeSwf2lp3wgB/s-l225.jpg
高价,+160%,49.99,80,62.0,Meter Works! [MINT] Olympus OM-2 35mm SLR Film Camera silver Body From JAPAN,olympus om-2,Olympus,Film Cameras,Used,129.99,USD,FIXED_PRICE,grail:OM-2;mount:olympus om;good-cond,JP,kurogane_optics_tokyo,100.0,2026-08-14T08:21:27.000Z,,https://www.ebay.com/itm/298586997320?hash=item45852c0248:g:~RMAAeSwGbJqftCn,https://i.ebayimg.com/images/g/~RMAAeSwGbJqftCn/s-l225.jpg
高价,+245%,40.0,80,62.0,Meter OK 🎦[N MINT++] Canon AE-1 Silver Film Camera + FD 50/1.4 SSC from Japan,canon ae-1,Canon,Film Cameras,Used,137.99,USD,FIXED_PRICE,grail:AE-1;mount:canon fd;good-cond,JP,hib9357,100.0,2026-08-14T21:10:35.000Z,,https://www.ebay.com/itm/158189044546?hash=item24d4cd4342:g:hDgAAeSwAllqEkpQ,https://i.ebayimg.com/images/g/hDgAAeSwAllqEkpQ/s-l225.jpg
高价,+250%,40.0,80,62.0,[Near MINT] Canon AE-1 black Film Camera Body + FD 50mm f/1.4 S.S.C. Lens JAPAN,canon ae-1,Canon,Film Cameras,Used,139.99,USD,FIXED_PRICE,grail:AE-1;mount:canon fd;good-cond,JP,daihama_8,100.0,2026-08-15T11:50:56.000Z,,https://www.ebay.com/itm/407146542528?hash=item5ecbd335c0:g:FxYAAeSwG~VqgFPP,https://i.ebayimg.com/images/g/FxYAAeSwG~VqgFPP/s-l225.jpg
高价,+250%,40.0,80,62.0,[N MINT] Canon AE-1 ae1 silver 35mm SLR Film Camera body FD 50mm f1.4 lens JAPAN,canon ae-1,Canon,Film Cameras,Used,139.99,USD,FIXED_PRICE,grail:AE-1;mount:canon fd;good-cond,JP,dreamers_camera_japan,99.5,2026-08-15T08:44:21.000Z,,https://www.ebay.com/itm/366606955310?hash=item555b7a332e:g:xYEAAeSwHdJqgCec,https://i.ebayimg.com/images/g/xYEAAeSwHdJqgCec/s-l225.jpg
高价,+250%,40.0,80,62.0,[Mint] Canon AE-1 35mm SLR Black Film Camera FD 50mm f/1.4 Lens From JAPAN,canon ae-1,Canon,Film Cameras,Used,139.99,USD,"FIXED_PRICE,BEST_OFFER",grail:AE-1;mount:canon fd;good-cond,JP,lemontree21117,100.0,2026-08-15T02:49:31.000Z,,https://www.ebay.com/itm/178408190216?hash=item2989f4f108:g:a5wAAeSwsIxqVdGY,https://i.ebayimg.com/images/g/a5wAAeSwsIxqVdGY/s-l225.jpg
高价,+250%,40.0,80,62.0,[ NEAR MINT ] Canon AE-1 35mm Film Camera New FD NFD 50mm F/1.8 Lens Japan,canon ae-1,Canon,Film Cameras,Used,139.99,USD,"FIXED_PRICE,BEST_OFFER",grail:AE-1;mount:canon fd;good-cond,JP,yu-na-camera-japan,99.6,2026-08-14T08:29:32.000Z,,https://www.ebay.com/itm/318728113522?hash=item4a35ad0d72:g:YMoAAeSwFJ1qfrUg,https://i.ebayimg.com/images/g/YMoAAeSwFJ1qfrUg/s-l225.jpg
高价,+250%,40.0,80,62.0,[ Near MINT ] Canon AE-1 35mm Film Camera New FD NFD 50mm f/1.8 Lens From JAPAN,canon ae-1,Canon,Film Cameras,Used,139.99,USD,FIXED_PRICE,grail:AE-1;mount:canon fd;good-cond,JP,hakusan_camera,100.0,2026-08-14T07:47:03.000Z,,https://www.ebay.com/itm/198570097324?hash=item2e3bb33aac:g:WG4AAeSw6z1qfsh2,https://i.ebayimg.com/images/g/WG4AAeSw6z1qfsh2/s-l225.jpg
合理,+2%,139.99,64,62.0,[ Excellent + ] Olympus μ mju ZOOM 130 Point & Shoot 35mm Film Camera Tested #03,olympus mju 130,Olympus,Film Cameras,Used,142.99,USD,FIXED_PRICE,grail:mju,JP,kj-japan,97.9,2026-08-15T06:41:27.000Z,,https://www.ebay.com/itm/307127503669?hash=item478239cb35:g:UUMAAeSwn~xqgAoP,https://i.ebayimg.com/images/g/UUMAAeSwn~xqgAoP/s-l225.jpg
高价,+226%,44.46,80,62.0,▶[Top MINT w/Strap Filter CLA'd] Minolta Hi-Matic SD Rokkor 38mm f2.7 From JAPAN,minolta hi-matic rokkor,Minolta,Film Cameras,Used,144.99,USD,FIXED_PRICE,grail:Hi-Matic;mount:minolta md;good-cond,JP,taknis-78,100.0,2026-08-15T09:45:46.000Z,,https://www.ebay.com/itm/336743554963?hash=item4e677adf93:g:e04AAeSwmiFqgDZD,https://i.ebayimg.com/images/g/e04AAeSwmiFqgDZD/s-l225.jpg
偏高,+35%,110.02,80,62.0,Mamiya RB67 Pro SD 120 645 Film Back Holder Medium Format,mamiya rb67,Mamiya,Vintage Cameras,,149.0,USD,"FIXED_PRICE,BEST_OFFER",grail:RB67,ZA,vfcamerashop,100.0,2026-08-15T06:35:37.000Z,,https://www.ebay.com/itm/178408703461?hash=item2989fcc5e5:g:VHcAAeSw3jFqYGMl,https://i.ebayimg.com/images/g/VHcAAeSw3jFqYGMl/s-l225.jpg
高价,+243%,43.41,80,62.0,[MINT] Minolta X-700 Black Body 35mm Film Camera MD 50mm F1.7 lens JAPAN,minolta x-700,Minolta,Film Cameras,Used,149.0,USD,FIXED_PRICE,grail:X-700;mount:minolta md;good-cond,JP,kamakura_camera_jp,100.0,2026-08-15T04:37:28.000Z,,https://www.ebay.com/itm/800510646200?hash=itemba622717b8:g:08kAAeSwX7JqHjvy,https://i.ebayimg.com/images/g/08kAAeSwX7JqHjvy/s-l225.jpg
高价,+275%,40.0,80,62.0,[N MINT+] Canon AE-1 35mm SLR Film Camera black body FD 50mm f1.4 ssc lens JAPAN,canon ae-1,Canon,Film Cameras,Used,149.99,USD,FIXED_PRICE,grail:AE-1;mount:canon fd;good-cond,JP,dreamers_camera_japan,99.5,2026-08-15T08:45:53.000Z,,https://www.ebay.com/itm/366606956030?hash=item555b7a35fe:g:ls4AAeSw4vtqgCe-,https://i.ebayimg.com/images/g/ls4AAeSw4vtqgCe-/s-l225.jpg
高价,+275%,40.0,80,62.0,[Exc+5] Canon AE-1 Program SLR Film Camera body FD 50mm f1.8 s.c lens From JAPAN,canon ae-1,Canon,Film Cameras,Used,149.99,USD,FIXED_PRICE,grail:AE-1;mount:canon fd;good-cond,JP,dreamers_camera_japan,99.5,2026-08-15T08:43:16.000Z,,https://www.ebay.com/itm/366606954093?hash=item555b7a2e6d:g:hIUAAeSwOwdqgCfV,https://i.ebayimg.com/images/g/hIUAAeSwOwdqgCfV/s-l225.jpg
高价,+246%,43.41,80,62.0,MINOLTA X-700 MPS Black Film Camera MC ROKKOR-PG 50mm F1.4 [EXC+5 ] From Japan,minolta x-700,Minolta,Film Cameras,Used,149.99,USD,"FIXED_PRICE,BEST_OFFER",grail:X-700;mount:minolta md;good-cond,JP,japanvintage33,100.0,2026-08-15T00:36:35.000Z,,https://www.ebay.com/itm/366606313859?hash=item555b706983:g:wtsAAeSwjF1qXbPA,https://i.ebayimg.com/images/g/wtsAAeSwjF1qXbPA/s-l225.jpg
高价,+192%,51.38,80,62.0,[Exc+5]Olympus OM-1 SLR 35mm Film Camera G.ZUIKO 50mm F1.4 Lens From Japan,olympus om-1,Olympus,Film Cameras,Used,149.99,USD,FIXED_PRICE,grail:OM-1;mount:olympus om;good-cond,JP,rytag50,100.0,2026-08-14T23:08:17.000Z,,https://www.ebay.com/itm/377419131379?hash=item57dfeee9f3:g:TKQAAeSwxahp8sMN,https://i.ebayimg.com/images/g/TKQAAeSwxahp8sMN/s-l225.jpg
高价,+275%,40.0,80,62.0,Canon AE-1 Program Black 35mm Film Camera NFD New FD 50mm F1.8 JAPAN[Exc+5]Read!,canon ae-1,Canon,Film Cameras,Used,149.99,USD,FIXED_PRICE,grail:AE-1;mount:canon fd;good-cond,JP,mido*japan*camera,100.0,2026-08-14T22:45:07.000Z,,https://www.ebay.com/itm/198571716717?hash=item2e3bcbf06d:g:e-8AAeSwJmtpNOQT,https://i.ebayimg.com/images/g/e-8AAeSwJmtpNOQT/s-l225.jpg
高价,+192%,51.38,80,62.0,[Near MINT] Olympus OM-1 & OM-System Zuiko Auto-Macro 50mm F/3.5 Lens From JAPAN,olympus om-1,Olympus,Film Cameras,Used,149.99,USD,FIXED_PRICE,grail:OM-1;mount:olympus om;good-cond,JP,stellarcamera,100.0,2026-08-14T16:39:27.000Z,,https://www.ebay.com/itm/377418490058?hash=item57dfe520ca:g:NBUAAeSwMCBqf0U9,https://i.ebayimg.com/images/g/NBUAAeSwMCBqf0U9/s-l225.jpg
高价,+237%,44.46,80,62.0,[MINT] Minolta Hi-Matic F Black Rokkor 38mm f/2.7 35mm Film camera From JAPAN,minolta hi-matic rokkor,Minolta,Film Cameras,Used,149.99,USD,FIXED_PRICE,grail:Hi-Matic;mount:minolta md;good-cond,JP,priority2007,100.0,2026-08-14T09:04:54.000Z,,https://www.ebay.com/itm/366604905581?hash=item555b5aec6d:g:hR8AAeSw3Bxqfttl,https://i.ebayimg.com/images/g/hR8AAeSw3Bxqfttl/s-l225.jpg
高价,+204%,49.99,80,62.0,tested【NEAR MINT】Olympus OM-2 black/ G.Zuiko auto-W 28mm F/3.5 From Japan,olympus om-2,Olympus,Film Cameras,Used,151.99,USD,"FIXED_PRICE,BEST_OFFER",grail:OM-2;mount:olympus om;good-cond,JP,japan-vintage-collection,100.0,2026-08-15T02:29:49.000Z,,https://www.ebay.com/itm/398287059198?hash=item5cbbc238fe:g:M6EAAeSwQw5qW~3P,https://i.ebayimg.com/images/g/M6EAAeSwQw5qW~3P/s-l225.jpg
合理,+6%,151.03,80,62.0,CONTAX Carl Zeiss Sonnar 90mm F2.8 T* G Mount Lens Excellent From Japan,contax sonnar 90mm f2.8,Contax,Lenses,Used,159.87,USD,FIXED_PRICE,grail:Sonnar,JP,manekineko-japan,98.4,2026-08-14T08:19:26.000Z,,https://www.ebay.com/itm/206490122764?hash=item3013c53a0c:g:ANUAAeSwtlZqftCN,https://i.ebayimg.com/images/g/ANUAAeSwtlZqftCN/s-l225.jpg
高价,+300%,40.0,80,62.0,Canon AE-1 35mm SLR Film Camera NFD New FD 50mm f/2 [Near MINT+] From JAPAN #518,canon ae-1,Canon,Film Cameras,Used,159.99,USD,FIXED_PRICE,grail:AE-1;mount:canon fd;good-cond,JP,lingenterpr-0,100.0,2026-08-15T06:46:15.000Z,,https://www.ebay.com/itm/178408712459?hash=item2989fce90b:g:PhsAAeSwxthqgAu3,https://i.ebayimg.com/images/g/PhsAAeSwxthqgAu3/s-l225.jpg
高价,+300%,40.0,80,62.0,tested【ALMOST NEAR MINT】Canon AE-1 program /canon FD 50mm f/1.8 s.c from Japan,canon ae-1,Canon,Film Cameras,Used,159.99,USD,"FIXED_PRICE,BEST_OFFER",grail:AE-1;mount:canon fd;good-cond,JP,japan-vintage-collection,100.0,2026-08-15T02:45:21.000Z,,https://www.ebay.com/itm/398287105628?hash=item5cbbc2ee5c:g:Xr4AAeSwMttqVoXk,https://i.ebayimg.com/images/g/Xr4AAeSwMttqVoXk/s-l225.jpg
高价,+300%,40.0,80,62.0,▶️CLA'd[N MINT w/Hood] Canon AE-1 Program 35mm SLR Camera New FD 50mm f1.4 JAPAN,canon ae-1,Canon,Film Cameras,Used,159.99,USD,"FIXED_PRICE,BEST_OFFER",grail:AE-1;mount:canon fd;good-cond,JP,manaco_shop_japan,99.6,2026-08-15T01:54:31.000Z,,https://www.ebay.com/itm/298589021831?hash=item45854ae687:g:FTMAAeSwBO5qLG0g,https://i.ebayimg.com/images/g/FTMAAeSwBO5qLG0g/s-l225.jpg
高价,+211%,51.38,80,62.0,[N MINT] Olympus OM-1 35mm SLR Film Camera Zuiko MC Auto-S 50mm f/1.8 From JAPAN,olympus om-1,Olympus,Film Cameras,Used,159.99,USD,FIXED_PRICE,grail:OM-1;mount:olympus om;good-cond,JP,joy-in-photography-japan,100.0,2026-08-14T18:47:00.000Z,,https://www.ebay.com/itm/128026820225?hash=item1dcefe3e81:g:lrUAAeSw-h9qf2Mi,https://i.ebayimg.com/images/g/lrUAAeSw-h9qf2Mi/s-l225.jpg
高价,+221%,51.38,80,62.0,Olympus OM-1 SLR Film Camera Black G.Zuiko 50mm f/1.4 Lens from JAPAN [Exc+5],olympus om-1,Olympus,Film Cameras,Used,164.99,USD,"FIXED_PRICE,BEST_OFFER",grail:OM-1;mount:olympus om;good-cond,JP,dream.camera.tokyo,100.0,2026-08-14T06:51:32.000Z,,https://www.ebay.com/itm/318727763143?hash=item4a35a7b4c7:g:iL0AAeSwvw1qbWEq,https://i.ebayimg.com/images/g/iL0AAeSwvw1qbWEq/s-l225.jpg
高价,+292%,43.41,80,62.0,[MINT] Minolta New X-700 MPS Black SLR 35mm Film Camera w/ MD 50mm f/1.7 JAPAN,minolta x-700,Minolta,Film Cameras,Used,169.99,USD,FIXED_PRICE,grail:X-700;mount:minolta md;good-cond,JP,sakuraya-japan,100.0,2026-08-14T21:15:25.000Z,,https://www.ebay.com/itm/327310587240?hash=item4c353b3568:g:y3sAAeSwBUdqfnIS,https://i.ebayimg.com/images/g/y3sAAeSwBUdqfnIS/s-l225.jpg
高价,+325%,40.0,80,62.0,[ Exc+5 ] Canon AE-1 Program 35mm Film Camera New FD 50mm f1.4 From JAPAN,canon ae-1,Canon,Film Cameras,Used,169.99,USD,FIXED_PRICE,grail:AE-1;mount:canon fd;good-cond,JP,japan.sadacamera,100.0,2026-08-14T13:30:17.000Z,,https://www.ebay.com/itm/377418112386?hash=item57dfdf5d82:g:xVYAAeSwOfRqdeBa,https://i.ebayimg.com/images/g/xVYAAeSwOfRqdeBa/s-l225.jpg
高价,+235%,51.38,80,62.0,tested【NEAR MINT】Olympus OM-1 / F.Zuiko AUTO-S 50mm F/1.8 From Japan,olympus om-1,Olympus,Film Cameras,Used,171.99,USD,"FIXED_PRICE,BEST_OFFER",grail:OM-1;mount:olympus om;good-cond,JP,japan-vintage-collection,100.0,2026-08-15T02:35:00.000Z,,https://www.ebay.com/itm/398287086309?hash=item5cbbc2a2e5:g:DVoAAeSwOzFqU-Gp,https://i.ebayimg.com/images/g/DVoAAeSwOzFqU-Gp/s-l225.jpg
高价,+237%,51.38,80,62.0,[ NEAR MINT w/ Case ] Olympus OM-1 MD + F.ZUIKO AUTO-S 50mm f/1.8 SLR,olympus om-1,Olympus,Film Cameras,Used,172.9,USD,FIXED_PRICE,grail:OM-1;mount:minolta md;good-cond,JP,oi_b24,98.8,2026-08-15T02:41:02.000Z,,https://www.ebay.com/itm/800510182827?hash=itemba622005ab:g:6K0AAeSwjPRqHUlE,https://i.ebayimg.com/images/g/6K0AAeSwjPRqHUlE/s-l225.jpg
高价,+345%,40.0,80,62.0,Canon AE-1 35mm SLR Film Camera FD 50mm f/1.4 S.S.C. Lens from JAPAN【Exc+3】,canon ae-1,Canon,Film Cameras,Used,178.0,USD,FIXED_PRICE,grail:AE-1;mount:canon fd;good-cond,JP,cozyspace,100.0,2026-08-14T06:33:47.000Z,,https://www.ebay.com/itm/168612700620?hash=item274219a1cc:g:D5EAAeSwWatqfrTq,https://i.ebayimg.com/images/g/D5EAAeSwWatqfrTq/s-l225.jpg
高价,+348%,40.0,80,62.0,⏯️[NEAR MINT] Canon AE-1 Program Film Camera Black FD 50mm F1.4 S.S.C From JAPAN,canon ae-1,Canon,Film Cameras,Used,179.0,USD,"FIXED_PRICE,BEST_OFFER",grail:AE-1;mount:canon fd;good-cond,JP,chika_plus_jp,100.0,2026-08-14T22:36:43.000Z,,https://www.ebay.com/itm/800509252972?hash=itemba6211d56c:g:7VkAAeSwQjhqLhUC,https://i.ebayimg.com/images/g/7VkAAeSwQjhqLhUC/s-l225.jpg
高价,+350%,40.0,80,62.0,[Near MINT] Canon AE-1 Black 35mm Film Camera New FD NFD 50mm f1.4 Lens JAPAN,canon ae-1,Canon,Film Cameras,Used,179.99,USD,FIXED_PRICE,grail:AE-1;mount:canon fd;good-cond,JP,aiyama_metsa_camera_japan,100.0,2026-08-15T10:27:13.000Z,,https://www.ebay.com/itm/820005107293?hash=itembeec1cf65d:g:G-IAAeSwuKZqgDx6,https://i.ebayimg.com/images/g/G-IAAeSwuKZqgDx6/s-l225.jpg
高价,+315%,43.41,80,62.0,[ MINT w/ Hood Strap ] Minolta X700 MPS Film Camera MD 50mm f/1.7 From JAPAN,minolta x700,Minolta,Film Cameras,Used,179.99,USD,FIXED_PRICE,grail:X700;mount:minolta md;good-cond,JP,mitshos_0,100.0,2026-08-15T07:52:26.000Z,,https://www.ebay.com/itm/227476745626?hash=item34f6abad9a:g:UDIAAeSwkVdqgBs1,https://i.ebayimg.com/images/g/UDIAAeSwkVdqgBs1/s-l225.jpg
高价,+350%,40.0,80,62.0,Tested Canon AE-1 35mm SLR Film Camera New FD 50mm f/1.4 [Near MINT+] JAPAN #520,canon ae-1,Canon,Film Cameras,Used,179.99,USD,FIXED_PRICE,grail:AE-1;mount:canon fd;good-cond,JP,lingenterpr-0,100.0,2026-08-15T07:21:23.000Z,,https://www.ebay.com/itm/178408795182?hash=item2989fe2c2e:g:x64AAeSwBJRqgBRi,https://i.ebayimg.com/images/g/x64AAeSwBJRqgBRi/s-l225.jpg
高价,+350%,40.0,80,62.0,[NEAR MINT] Canon AE-1 Program Black 35mm Film Camera NFD New FD 50mm f1.4 JAPAN,canon ae-1,Canon,Film Cameras,Used,179.99,USD,"FIXED_PRICE,BEST_OFFER",grail:AE-1;mount:canon fd;good-cond,JP,shiga-camera-shop.s-japan,100.0,2026-08-14T04:11:44.000Z,,https://www.ebay.com/itm/377416956429?hash=item57dfcdba0d:g:KyIAAeSw-V9qfpl5,https://i.ebayimg.com/images/g/KyIAAeSw-V9qfpl5/s-l225.jpg
高价,+80%,99.99,80,62.0,[N-MINT] Canon A-1 35mm SLR Film Camera New FD NFD 50mm F2 lens From Japan #C046,canon a-1,Canon,Film Cameras,Used,180.0,USD,FIXED_PRICE,grail:Canon A-1;mount:canon fd;good-cond,JP,pirogress_japan,100.0,2026-08-15T12:16:45.000Z,,https://www.ebay.com/itm/227476973924?hash=item34f6af2964:g:o8YAAeSwawdqgFdE,https://i.ebayimg.com/images/g/o8YAAeSwawdqgFdE/s-l225.jpg
高价,+256%,51.38,80,62.0,[ NEAR MINT+ w/ Case ] Olympus OM-1 MD + F.ZUIKO AUTO-S 50mm f/1.8 Lens SLR,olympus om-1,Olympus,Film Cameras,Used,182.9,USD,FIXED_PRICE,grail:OM-1;mount:minolta md;good-cond,JP,oi_b24,98.8,2026-08-15T02:39:53.000Z,,https://www.ebay.com/itm/800510179830?hash=itemba621ff9f6:g:3I4AAeSwM4hqFQ2f,https://i.ebayimg.com/images/g/3I4AAeSwM4hqFQ2f/s-l225.jpg
高价,+260%,51.38,80,62.0,Read! US Tax Included ▶[N MINT] Olympus OM-1 F.ZUIKO Auto-S 50mm f1.8 From JAPAN,olympus om-1,Olympus,Film Cameras,Used,184.99,USD,FIXED_PRICE,grail:OM-1;mount:olympus om;good-cond,JP,taknis-78,100.0,2026-08-15T10:20:20.000Z,,https://www.ebay.com/itm/336743606433?hash=item4e677ba8a1:g:3u0AAeSwbqVqgD4q,https://i.ebayimg.com/images/g/3u0AAeSwbqVqgD4q/s-l225.jpg
高价,+260%,51.38,80,62.0,Tested OK! [N MINT w/Genuine hood] Olympus OM-1 + G.Zuiko 50mm f/1.4 From JAPAN,olympus om-1,Olympus,Film Cameras,Used,184.99,USD,FIXED_PRICE,grail:OM-1;mount:olympus om;good-cond,JP,taknis-78,100.0,2026-08-15T08:27:40.000Z,,https://www.ebay.com/itm/336743462782?hash=item4e6779777e:g:0EsAAeSwDjZqgCO2,https://i.ebayimg.com/images/g/0EsAAeSwDjZqgCO2/s-l225.jpg
高价,+260%,51.38,80,62.0,Tested OK▶[N MINT CLA'd] Olympus OM-1 OM1 MD + G.Zuiko 50mm f1.4 Lens From JAPAN,olympus om-1,Olympus,Film Cameras,Used,184.99,USD,FIXED_PRICE,grail:OM-1;mount:minolta md;good-cond,JP,taknis-78,100.0,2026-08-15T08:13:29.000Z,,https://www.ebay.com/itm/336743450327?hash=item4e677946d7:g:cdcAAeSwDp1qgCCa,https://i.ebayimg.com/images/g/cdcAAeSwDp1qgCCa/s-l225.jpg
高价,+89%,99.99,80,62.0,[Near MINT] Canon A-1 35mm Film Camera Body NFD NEW FD 50mm F1.4 Lens From JAPAN,canon a-1,Canon,Film Cameras,Used,188.99,USD,FIXED_PRICE,grail:Canon A-1;mount:canon fd;good-cond,JP,re.lens,100.0,2026-08-14T08:15:45.000Z,,https://www.ebay.com/itm/800506169867?hash=itemba61e2ca0b:g:nW8AAeSwo41qCP2R,https://i.ebayimg.com/images/g/nW8AAeSwo41qCP2R/s-l225.jpg
高价,+270%,51.38,80,62.0,US Tax Included! [N MINT] Olympus OM-1 Black F.Zuiko 50mm f/1.8 Lens From JAPAN,olympus om-1,Olympus,Film Cameras,Used,189.99,USD,FIXED_PRICE,grail:OM-1;mount:olympus om;good-cond,JP,taknis-78,100.0,2026-08-15T10:17:12.000Z,,https://www.ebay.com/itm/336743599983?hash=item4e677b8f6f:g:1~oAAeSwvnpqgD2e,https://i.ebayimg.com/images/g/1~oAAeSwvnpqgD2e/s-l225.jpg
高价,+270%,51.38,80,62.0,▶[N MINT+++ w/Hood] Olympus OM-1 Film Camera + G.Zuiko 50mm f1.4 Lens From JAPAN,olympus om-1,Olympus,Film Cameras,Used,189.99,USD,FIXED_PRICE,grail:OM-1;mount:olympus om;good-cond,JP,taknis-78,100.0,2026-08-15T08:41:18.000Z,,https://www.ebay.com/itm/336743474321?hash=item4e6779a491:g:jOwAAeSwMeVqgCbm,https://i.ebayimg.com/images/g/jOwAAeSwMeVqgCbm/s-l225.jpg
高价,+90%,99.99,80,62.0,[Near MINT w/ Strap] Canon A-1 35mm Film Camera New FD 50mm F1.8 Lens From JAPAN,canon a-1,Canon,Film Cameras,Used,189.99,USD,FIXED_PRICE,grail:Canon A-1;mount:canon fd;good-cond,JP,omotenashi-jpn,100.0,2026-08-14T22:00:18.000Z,,https://www.ebay.com/itm/800509136341?hash=itemba62100dd5:g:CGMAAeSwIDhqf5Cs,https://i.ebayimg.com/images/g/CGMAAeSwIDhqf5Cs/s-l225.jpg
高价,+270%,51.38,80,62.0,[Exc+5] Olympus OM-1 35mm Film Camera G.Zuiko Auto-S 50mm f1.4 Lens From JAPAN,olympus om-1,Olympus,Film Cameras,Used,189.99,USD,FIXED_PRICE,grail:OM-1;mount:olympus om;good-cond,JP,priority2007,100.0,2026-08-14T09:03:10.000Z,,https://www.ebay.com/itm/366604902579?hash=item555b5ae0b3:g:VDcAAeSwvl9qftpY,https://i.ebayimg.com/images/g/VDcAAeSwvl9qftpY/s-l225.jpg
高价,+388%,40.0,80,62.0,Disassembled & cleaned▶[N MINT++] Canon AE-1 AE1 New FD NFD 50mm f1.4 Lens JAPAN,canon ae-1,Canon,Film Cameras,Used,194.99,USD,FIXED_PRICE,grail:AE-1;mount:canon fd;good-cond,JP,taknis-78,100.0,2026-08-15T08:21:26.000Z,,https://www.ebay.com/itm/336743456729?hash=item4e67795fd9:g:i3oAAeSwgIBqgCKt,https://i.ebayimg.com/images/g/i3oAAeSwgIBqgCKt/s-l225.jpg
高价,+97%,99.99,80,62.0,[Exc +5] Canon A-1 Black 35mm Film Camera + New FD NFD 50mm f1.4 Lens From JAPAN,canon a-1,Canon,Film Cameras,Used,196.99,USD,"FIXED_PRICE,BEST_OFFER",grail:Canon A-1;mount:canon fd;good-cond,JP,maco0_18,100.0,2026-08-15T13:41:04.000Z,,https://www.ebay.com/itm/800512783881?hash=itemba6247b609:g:n3gAAeSwVnxqLQXe,https://i.ebayimg.com/images/g/n3gAAeSwVnxqLQXe/s-l225.jpg
高价,+400%,40.0,80,62.0,[N MINT] Canon AE-1 PROGRAM Film Camera Black S.S.C. FD 50mm F1.4 Lens FromJAPAN,canon ae-1,Canon,Film Cameras,Used,199.9,USD,FIXED_PRICE,grail:AE-1;mount:canon fd;good-cond,JP,gionkyotocamera,100.0,2026-08-14T13:28:34.000Z,,https://www.ebay.com/itm/398284973822?hash=item5cbba266fe:g:n3sAAeSwSLlqdwHB,https://i.ebayimg.com/images/g/n3sAAeSwSLlqdwHB/s-l225.jpg
高价,+289%,51.38,80,62.0,CLA'd Aug 2026 [Near MINT] Olympus OM-1 Silver + Zuiko 50mm f1.4 Lens From JAPAN,olympus om-1,Olympus,Film Cameras,Used,199.99,USD,FIXED_PRICE,grail:OM-1;mount:olympus om;good-cond,JP,mintagecamerajapan,99.7,2026-08-14T14:12:03.000Z,,https://www.ebay.com/itm/366605434336?hash=item555b62fde0:g:ufIAAeSww5NqfyLw,https://i.ebayimg.com/images/g/ufIAAeSww5NqfyLw/s-l225.jpg
高价,+400%,40.0,80,62.0,[Near MINT] Canon AE-1 Program black Film Camera + NEW FD 50mm f1.8 Lens JAPAN,canon ae-1,Canon,Film Cameras,Used,199.99,USD,FIXED_PRICE,grail:AE-1;mount:canon fd;good-cond,JP,nobu-camera,100.0,2026-08-14T13:07:42.000Z,,https://www.ebay.com/itm/398284920405?hash=item5cbba19655:g:3iIAAeSw3DNqfxQV,https://i.ebayimg.com/images/g/3iIAAeSw3DNqfxQV/s-l225.jpg
高价,+400%,40.0,80,62.0,[MINT w/Hood] Canon AE-1 Black SLR Body FD 50mm f/1.4 SSC S.S.C. Lens From Japan,canon ae-1,Canon,Film Cameras,Used,199.99,USD,FIXED_PRICE,grail:AE-1;mount:canon fd;good-cond,JP,1st_camera_tokyo,99.1,2026-08-14T12:31:14.000Z,,https://www.ebay.com/itm/377417922815?hash=item57dfdc78ff:g:NeAAAeSwNz9qfwt5,https://i.ebayimg.com/images/g/NeAAAeSwNz9qfwt5/s-l225.jpg
高价,+295%,51.38,80,62.0,[Exc+3] OLYMPUS OM-1 35mm SLR G.ZUIKO AUTO-S 50mm f/1.4 - From JAPAN,olympus om-1,Olympus,Film Cameras,Used,203.0,USD,"FIXED_PRICE,BEST_OFFER",grail:OM-1;mount:olympus om;good-cond,JP,blueprint-films_japan,99.1,2026-08-14T13:29:17.000Z,,https://www.ebay.com/itm/206490694379?hash=item3013cdf2eb:g:8JYAAeSw~wRqfxfx,https://i.ebayimg.com/images/g/8JYAAeSw~wRqfxfx/s-l225.jpg
高价,+425%,40.0,80,62.0,[MINT] Canon AE-1 Program Black 35mm Film Camera New FD NFD 50mm f1.4 Lens JAPAN,canon ae-1,Canon,Film Cameras,Used,209.99,USD,FIXED_PRICE,grail:AE-1;mount:canon fd;good-cond,JP,aiyama_metsa_camera_japan,100.0,2026-08-15T10:49:37.000Z,,https://www.ebay.com/itm/820005162497?hash=itembeec1dce01:g:escAAeSwWXtqgEIu,https://i.ebayimg.com/images/g/escAAeSwWXtqgEIu/s-l225.jpg
高价,+110%,99.99,80,62.0,[ Near MINT ] Canon A-1 A1 35mm Film camera + New FD 50mm f1.4 Lens From JAPAN,canon a-1,Canon,Film Cameras,Used,209.99,USD,FIXED_PRICE,grail:Canon A-1;mount:canon fd;good-cond,JP,kanazaway,100.0,2026-08-15T00:01:19.000Z,,https://www.ebay.com/itm/407145419786?hash=item5ecbc2140a:g:iVEAAeSwNtZqf618,https://i.ebayimg.com/images/g/iVEAAeSwNtZqf618/s-l225.jpg
高价,+328%,51.38,80,62.0,[Near MINT+++] Olympus OM-1 35mm Film Camera G.Zuiko 50mm f/1.4 Lens From JAPAN,olympus om-1,Olympus,Film Cameras,Used,219.99,USD,FIXED_PRICE,grail:OM-1;mount:olympus om;good-cond,JP,dreamers_camera_japan,99.5,2026-08-15T08:27:17.000Z,,https://www.ebay.com/itm/366606937135?hash=item555b79ec2f:g:txMAAeSw1KtqgCQU,https://i.ebayimg.com/images/g/txMAAeSw1KtqgCQU/s-l225.jpg
高价,+120%,99.99,80,62.0,2 Lens [N MINT +++] Canon A-1 Film Camera New FD 50mm f/1.4 + 35-70mm Lens JAPAN,canon a-1,Canon,Film Cameras,Used,219.99,USD,FIXED_PRICE,grail:Canon A-1;mount:canon fd;good-cond,JP,miytam_0,100.0,2026-08-14T17:47:08.000Z,,https://www.ebay.com/itm/398285643932?hash=item5cbbaca09c:g:52gAAeSw19lqf1WM,https://i.ebayimg.com/images/g/52gAAeSw19lqf1WM/s-l225.jpg
高价,+120%,99.99,80,62.0,[N MINT] Canon A-1 SLR 35mm Film Camera FD 50mm f/1.4 SSC S.S.C. Lens From JAPAN,canon a-1,Canon,Film Cameras,Used,219.99,USD,FIXED_PRICE,grail:Canon A-1;mount:canon fd;good-cond,JP,beppu_onsen_film_camera,100.0,2026-08-14T12:50:58.000Z,,https://www.ebay.com/itm/398284890640?hash=item5cbba12210:g:5zcAAeSwOLpqfw~s,https://i.ebayimg.com/images/g/5zcAAeSwOLpqfw~s/s-l225.jpg
高价,+120%,99.99,80,62.0,[Near Mint]Canon A-1 35mm Film Camera New FD 50mm F1.4 MOTOR DRIVE MA from JAPAN,canon a-1,Canon,Film Cameras,Used,219.99,USD,"FIXED_PRICE,BEST_OFFER",grail:Canon A-1;mount:canon fd;good-cond,JP,akari_camera,100.0,2026-08-14T06:12:33.000Z,,https://www.ebay.com/itm/128025903321?hash=item1dcef040d9:g:ZWIAAeSwdjRpnsOw,https://i.ebayimg.com/images/g/ZWIAAeSwdjRpnsOw/s-l225.jpg
高价,+450%,40.0,80,62.0,[MINT] Canon AE-1 Program black 35mm film Camera New FD 50mm f/1.4 Lens JAPAN,canon ae-1,Canon,Film Cameras,Used,219.99,USD,FIXED_PRICE,grail:AE-1;mount:canon fd;good-cond,JP,camera_japan_nagasaki,100.0,2026-08-14T05:22:24.000Z,,https://www.ebay.com/itm/800505462219?hash=itemba61d7fdcb:g:qTkAAeSwKDdpsL-D,https://i.ebayimg.com/images/g/qTkAAeSwKDdpsL-D/s-l225.jpg
高价,+407%,43.41,80,62.0,【Near MINT】Minolta X700 Film Camera Kit /MD Zoom 35-70mm f3.5/Motor Drive Japan,minolta x700,Minolta,Film Cameras,Used,219.99,USD,"FIXED_PRICE,BEST_OFFER",grail:X700;mount:minolta md;good-cond,JP,masser2trade,100.0,2026-08-14T04:11:42.000Z,,https://www.ebay.com/itm/800505225369?hash=itemba61d46099:g:hDgAAeSw31tpqXIj,https://i.ebayimg.com/images/g/hDgAAeSw31tpqXIj/s-l225.jpg
高价,+130%,99.99,80,62.0,【NEAR MINT】 Canon A-1 35mm Film Camera Body NFD NEW FD 50mm F1.8 Lens From JAPAN,canon a-1,Canon,Film Cameras,Used,229.99,USD,"FIXED_PRICE,BEST_OFFER",grail:Canon A-1;mount:canon fd;good-cond,JP,yutaka-camera-japan,100.0,2026-08-15T12:47:22.000Z,,https://www.ebay.com/itm/147506661931?hash=item2258150a2b:g:DAsAAeSwRT9qgF6x,https://i.ebayimg.com/images/g/DAsAAeSwRT9qgF6x/s-l225.jpg
高价,+130%,99.99,80,62.0,▶[MINT++++ w/Strap] Canon A-1 Film Camera + New FD NFD 50mm f1.4 Lens From JAPAN,canon a-1,Canon,Film Cameras,Used,229.99,USD,FIXED_PRICE,grail:Canon A-1;mount:canon fd;good-cond,JP,taknis-78,100.0,2026-08-15T08:25:45.000Z,,https://www.ebay.com/itm/336743461910?hash=item4e67797416:g:lZEAAeSw87BqgCO7,https://i.ebayimg.com/images/g/lZEAAeSw87BqgCO7/s-l225.jpg
高价,+348%,51.38,80,62.0,[N MINT] Olympus OM-1 MD 35mm Film Camera silver body 50mm f1.8 Lens From JAPAN,olympus om-1,Olympus,Film Cameras,Used,229.99,USD,FIXED_PRICE,grail:OM-1;mount:minolta md;good-cond,JP,chieoptixjapan,100.0,2026-08-15T01:21:26.000Z,,https://www.ebay.com/itm/318731712411?hash=item4a35e3f79b:g:AS0AAeSwmE9qf8BG,https://i.ebayimg.com/images/g/AS0AAeSwmE9qf8BG/s-l225.jpg
高价,+348%,51.38,80,62.0,[Near MINT] Olympus OM-1 Silver 35mm SLR Film Camera Zuiko 50mm f1.8 Lens JAPAN,olympus om-1,Olympus,Film Cameras,Used,229.99,USD,FIXED_PRICE,grail:OM-1;mount:olympus om;good-cond,JP,kamekamecamerajapan,100.0,2026-08-14T13:22:54.000Z,,https://www.ebay.com/itm/206490677091?hash=item3013cdaf63:g:-O0AAeSwwhdqfxfc,https://i.ebayimg.com/images/g/-O0AAeSwwhdqfxfc/s-l225.jpg
高价,+130%,99.99,80,62.0,▶️ [Exc.]Canon A-1 SLR 35mm Film Camera Black ＋ FD 50mm f/1.4 2971674,canon a-1,Canon,Film Cameras,Used,230.0,USD,"FIXED_PRICE,BEST_OFFER",grail:Canon A-1;mount:canon fd;good-cond,JP,nomu-86,99.6,2026-08-14T04:48:10.000Z,,https://www.ebay.com/itm/407143261723?hash=item5ecba1261b:g:I4gAAeSwJBBqVtHH,https://i.ebayimg.com/images/g/I4gAAeSwJBBqVtHH/s-l225.jpg
高价,+478%,40.0,80,62.0,Canon AE-1 PROGRAM SLR Film Camera BLACK FD 50mm f/1.4 S.S.C. Lens Tested Exc+4,canon ae-1,Canon,Film Cameras,New,230.99,USD,"FIXED_PRICE,BEST_OFFER",grail:AE-1;mount:canon fd;good-cond,JP,chocolabtoto14,100.0,2026-08-14T12:13:11.000Z,,https://www.ebay.com/itm/188791481950?hash=item2bf4d9665e:g:FCMAAeSwbEhqfwZ4,https://i.ebayimg.com/images/g/FCMAAeSwbEhqfwZ4/s-l225.jpg
高价,+478%,40.0,80,62.0,[Exc+3] Canon AE-1 35mm SLR Film Camera FD 50mm f/1.4 S.S.C. Lens = From JAPAN,canon ae-1,Canon,Film Cameras,Used,231.0,USD,"FIXED_PRICE,BEST_OFFER",grail:AE-1;mount:canon fd;good-cond,JP,altmart3.0,100.0,2026-08-14T05:43:19.000Z,,https://www.ebay.com/itm/227475172842?hash=item34f693adea:g:1bYAAeSwAVhqfqp1,https://i.ebayimg.com/images/g/1bYAAeSwAVhqfqp1/s-l225.jpg
高价,+489%,40.0,80,62.0,Canon AE-1 Program 35mm Film Camera Black + FD 50mm f/1.4 Lens Japan [Near Mint],canon ae-1,Canon,Film Cameras,Used,235.6,USD,FIXED_PRICE,grail:AE-1;mount:canon fd;good-cond,JP,sakura_camera06,100.0,2026-08-14T14:49:47.000Z,,https://www.ebay.com/itm/287524911544?hash=item42f1d1f9b8:g:kpgAAeSwUN9pr-uH,https://i.ebayimg.com/images/g/kpgAAeSwUN9pr-uH/s-l225.jpg
高价,+447%,43.41,80,62.0,Near MINT Minolta New X-700 SLR Film Camera MD Rokkor 50mm f/1.4 Lens Hood JAPAN,minolta x-700,Minolta,Film Cameras,Used,237.49,USD,FIXED_PRICE,grail:X-700;mount:minolta md;good-cond,JP,uummee0,100.0,2026-08-14T22:50:37.000Z,,https://www.ebay.com/itm/147505427459?hash=item2258023403:g:mmEAAeSwEaNp4C03,https://i.ebayimg.com/images/g/mmEAAeSwEaNp4C03/s-l225.jpg
高价,+500%,40.0,80,62.0,[N MINT] Canon AE-1 Program SLR Film Camera FD 50mm Lens Flash Motor Drive #2070,canon ae-1,Canon,Film Cameras,Used,239.99,USD,FIXED_PRICE,grail:AE-1;mount:canon fd;good-cond,JP,sakura_snap_store,100.0,2026-08-15T08:22:41.000Z,,https://www.ebay.com/itm/398288070102?hash=item5cbbd1a5d6:g:UlIAAeSw-MdqgBvo,https://i.ebayimg.com/images/g/UlIAAeSw-MdqgBvo/s-l225.jpg
高价,+135%,102.21,80,62.0,Meter Works [Exc+5] Canon A1 A-1 New FD 50mm f/1.4 NFD Black 35mm From JAPAN,canon a1,Canon,Film Cameras,Used,239.99,USD,FIXED_PRICE,grail:Canon A1;mount:canon fd;good-cond,JP,japcam8,98.7,2026-08-14T13:32:52.000Z,,https://www.ebay.com/itm/327310012450?hash=item4c35327022:g:2EIAAOSwMgxm0QFR,https://i.ebayimg.com/images/g/2EIAAOSwMgxm0QFR/s-l225.jpg
高价,+367%,51.38,80,62.0,[MINT] Olympus OM-1 SLR 35mm Film Camera Zuiko Auto-S 50mm f1.8 Lens From JAPAN,olympus om-1,Olympus,Film Cameras,Used,239.99,USD,FIXED_PRICE,grail:OM-1;mount:olympus om;good-cond,JP,priority2007,100.0,2026-08-14T09:01:36.000Z,,https://www.ebay.com/itm/366604900542?hash=item555b5ad8be:g:PosAAeSw7-lqftm1,https://i.ebayimg.com/images/g/PosAAeSw7-lqftm1/s-l225.jpg
高价,+519%,40.0,80,62.0,Canon AE-1 Program SLR Black w/ New FD 50mm f/1.4 Lens Japan [Near Mint],canon ae-1,Canon,Film Cameras,Used,247.66,USD,FIXED_PRICE,grail:AE-1;mount:canon fd;good-cond,JP,sakura_camera06,100.0,2026-08-14T14:49:47.000Z,,https://www.ebay.com/itm/287524911595?hash=item42f1d1f9eb:g:uEIAAeSw2rxqIOQ2,https://i.ebayimg.com/images/g/uEIAAeSw2rxqIOQ2/s-l225.jpg
高价,+150%,99.99,80,62.0,Serviced [Near MINT] Canon A-1 Film Camera FD 50mm f/1.4 S.S.C. Lens From JAPAN,canon a-1,Canon,Film Cameras,Used,249.9,USD,FIXED_PRICE,grail:Canon A-1;mount:canon fd;good-cond,JP,takep90,100.0,2026-08-14T05:55:59.000Z,,https://www.ebay.com/itm/398283773274?hash=item5cbb90155a:g:wNMAAeSwQQxqfrD0,https://i.ebayimg.com/images/g/wNMAAeSwQQxqfrD0/s-l225.jpg
高价,+400%,49.99,80,62.0,[N MINT++] Olympus OM-2 N Film Camera + OM-System F.Zuiko Auto-S 50mm f1.8 JAPAN,olympus om-2,Olympus,Film Cameras,Used,249.99,USD,FIXED_PRICE,grail:OM-2;mount:olympus om;good-cond,JP,taknis-78,100.0,2026-08-15T10:15:40.000Z,,https://www.ebay.com/itm/336743597965?hash=item4e677b878d:g:RmcAAeSwbEhqgDzG,https://i.ebayimg.com/images/g/RmcAAeSwbEhqgDzG/s-l225.jpg
高价,+150%,99.99,80,62.0,US DDP! Disassembled & cleaned!▶[N MINT++] Canon A-1 New FD 50mm f1.4 From JAPAN,canon a-1,Canon,Film Cameras,Used,249.99,USD,FIXED_PRICE,grail:Canon A-1;mount:canon fd;good-cond,JP,taknis-78,100.0,2026-08-15T09:53:44.000Z,,https://www.ebay.com/itm/336743570959?hash=item4e677b1e0f:g:lyMAAeSwoTxqgDek,https://i.ebayimg.com/images/g/lyMAAeSwoTxqgDek/s-l225.jpg
高价,+525%,40.0,80,62.0,[Mint] Canon AE-1 Program SLR Silver Film Camera New FD 50mm f/1.4 From JAPAN,canon ae-1,Canon,Film Cameras,Used,249.99,USD,"FIXED_PRICE,BEST_OFFER",grail:AE-1;mount:canon fd;good-cond,JP,lemontree21117,100.0,2026-08-15T02:56:31.000Z,,https://www.ebay.com/itm/178408208641?hash=item2989f53901:g:PFYAAeSwzOhqWHrJ,https://i.ebayimg.com/images/g/PFYAAeSwzOhqWHrJ/s-l225.jpg
高价,+150%,99.99,80,62.0,[Top MINT] Canon A-1 35mm SLR Film Camera Body FD 50mm f1.4 SSC S.S.C From JAPAN,canon a-1,Canon,Film Cameras,Used,249.99,USD,FIXED_PRICE,grail:Canon A-1;mount:canon fd;good-cond,JP,hrk.k-21,100.0,2026-08-14T09:13:40.000Z,,https://www.ebay.com/itm/298587105756?hash=item45852da9dc:g:sJEAAeSwli9qft06,https://i.ebayimg.com/images/g/sJEAAeSwli9qft06/s-l225.jpg
高价,+152%,99.0,80,62.0,Late[Near MINT] Canon F-1 35mm Film Camera Body New FD 50mm f1.4 Lens From JAPAN,canon f-1,Canon,Film Cameras,Used,249.99,USD,FIXED_PRICE,grail:Canon F-1;mount:canon fd;good-cond,JP,hrk.k-21,100.0,2026-08-14T09:08:15.000Z,,https://www.ebay.com/itm/298587085408?hash=item45852d5a60:g:g28AAeSw2SRqftwx,https://i.ebayimg.com/images/g/g28AAeSw2SRqftwx/s-l225.jpg
高价,+550%,40.0,80,62.0,[Near MINT+++] Canon AE-1 PROGRAM 35mm SLR Film Camera NEW FD 50mm f/1.4 JAPAN,canon ae-1,Canon,Film Cameras,Used,259.99,USD,FIXED_PRICE,grail:AE-1;mount:canon fd;good-cond,JP,shengz33,100.0,2026-08-15T10:40:21.000Z,,https://www.ebay.com/itm/407146423629?hash=item5ecbd1654d:g:~DAAAeSwj0VqgEKP,https://i.ebayimg.com/images/g/~DAAAeSwj0VqgEKP/s-l225.jpg
高价,+575%,40.0,80,62.0,[MINT] Canon AE-1 PROGRAM 35mm SLR Film Camera NEW FD NFD 50mm f/1.4 From JAPAN,canon ae-1,Canon,Film Cameras,Used,269.99,USD,FIXED_PRICE,grail:AE-1;mount:canon fd;good-cond,JP,shengz33,100.0,2026-08-15T10:29:26.000Z,,https://www.ebay.com/itm/407146412732?hash=item5ecbd13abc:g:~1AAAeSwdh5qgEAG,https://i.ebayimg.com/images/g/~1AAAeSwdh5qgEAG/s-l225.jpg
高价,+173%,99.0,80,62.0,[Exc+5 w/Strap] Canon F-1 35mm Film Camera FD 50mm f/1.4 SSC S.S.C From JAPAN,canon f-1,Canon,Film Cameras,Used,269.99,USD,FIXED_PRICE,grail:Canon F-1;mount:canon fd;good-cond,JP,fuku._34,100.0,2026-08-15T02:28:58.000Z,,https://www.ebay.com/itm/206492049048?hash=item3013e29e98:g:8ZgAAeSwk4BqQuy2,https://i.ebayimg.com/images/g/8ZgAAeSwk4BqQuy2/s-l225.jpg
高价,+605%,40.0,80,62.0,[Exc+3] Canon AE-1 Black 35mm SLR Film FD 50mm f/1.8 Lens - From JAPAN,canon ae-1,Canon,Film Cameras,Used,282.0,USD,"FIXED_PRICE,BEST_OFFER",grail:AE-1;mount:canon fd;good-cond,JP,blueprint-films_japan,99.1,2026-08-14T13:27:55.000Z,,https://www.ebay.com/itm/206490688352?hash=item3013cddb60:g:Bi4AAeSwCN1qfxee,https://i.ebayimg.com/images/g/Bi4AAeSwCN1qfxee/s-l225.jpg
高价,+193%,99.0,80,62.0,[Lens MINT] Canon F-1 Early Film Camera Body + New FD NFD 50mm F/1.4 From JAPAN,canon f-1,Canon,Film Cameras,Used,289.99,USD,FIXED_PRICE,grail:Canon F-1;mount:canon fd;good-cond,JP,daihama_8,100.0,2026-08-15T06:05:00.000Z,,https://www.ebay.com/itm/407145958544?hash=item5ecbca4c90:g:y0UAAeSwbiNqgAIK,https://i.ebayimg.com/images/g/y0UAAeSwbiNqgAIK/s-l225.jpg
高价,+480%,49.99,80,62.0,[Near MINT] Olympus OM-2 SP Spot Program 35mm Film Camera 50mm f1.8 Lens Japan,olympus om-2,Olympus,Film Cameras,Used,289.99,USD,"FIXED_PRICE,BEST_OFFER",grail:OM-2;mount:olympus om;good-cond,JP,nippon_analog_camera,100.0,2026-08-15T02:20:12.000Z,,https://www.ebay.com/itm/398287034815?hash=item5cbbc1d9bf:g:Qz0AAeSwzDRqdCq1,https://i.ebayimg.com/images/g/Qz0AAeSwzDRqdCq1/s-l225.jpg
高价,+650%,40.0,80,62.0,2 Lens [Top MINT] Canon AE-1 Program New FD 50mm f1.4 + 135mm f2.8 From JAPAN,canon ae-1,Canon,Film Cameras,Used,299.99,USD,FIXED_PRICE,grail:AE-1;mount:canon fd;good-cond,JP,t.watanabe0811,100.0,2026-08-15T08:09:44.000Z,,https://www.ebay.com/itm/366606916011?hash=item555b7999ab:g:fSUAAeSwJgVqgB~9,https://i.ebayimg.com/images/g/fSUAAeSwJgVqgB~9/s-l225.jpg
合理,+3%,289.99,46,62.0,Late Model [Top MINT w/Filter] Pentax SMC 75mm f4.5 Lens for 6x7 67 II FromJAPAN,pentax smc 75mm f4.5,Pentax,Lenses,Used,299.99,USD,FIXED_PRICE,grail:6x7;good-cond,JP,toyo_camera_japan,99.8,2026-08-14T13:20:13.000Z,,https://www.ebay.com/itm/377418069056?hash=item57dfdeb440:g:5~QAAeSwqgRqfxdL,https://i.ebayimg.com/images/g/5~QAAeSwqgRqfxdL/s-l225.jpg
高价,+447%,54.87,80,62.0,[Near MINT ] Nikon F2 Photomic DP-1 35mm Camera Nikkor 50mm f/2 Lens From JAPAN,nikon f2,Nikon,Film Cameras,Used,299.99,USD,FIXED_PRICE,grail:Nikon F2;mount:nikon f;good-cond,JP,kosod-78,100.0,2026-08-14T12:53:30.000Z,,https://www.ebay.com/itm/147504498941?hash=item2257f408fd:g:QsgAAeSwFU5qfxBH,https://i.ebayimg.com/images/g/QsgAAeSwFU5qfxBH/s-l225.jpg
高价,+203%,99.0,80,62.0,Meter OK [Near MINT] Canon F-1 F1 early film camera FD 50mm f1.4 SSC From JAPAN,canon f-1,Canon,Film Cameras,Used,299.99,USD,FIXED_PRICE,grail:Canon F-1;mount:canon fd;good-cond,JP,rakuw_21,99.3,2026-08-14T09:18:30.000Z,,https://www.ebay.com/itm/318728334029?hash=item4a35b06acd:g:i0kAAeSwGbJqft5d,https://i.ebayimg.com/images/g/i0kAAeSwGbJqft5d/s-l225.jpg
高价,+650%,40.0,80,62.0,[Top MINT] Canon AE-1 Program 35mm Film Camera New FD 50mm f/1.4 Lens From JAPAN,canon ae-1,Canon,Film Cameras,Used,299.99,USD,FIXED_PRICE,grail:AE-1;mount:canon fd;good-cond,JP,priority2007,100.0,2026-08-14T09:13:00.000Z,,https://www.ebay.com/itm/366604917669?hash=item555b5b1ba5:g:dakAAeSwG5pqftzW,https://i.ebayimg.com/images/g/dakAAeSwG5pqftzW/s-l225.jpg
高价,+432%,59.99,80,62.0,Nikon F4 S F4S SLR Film Camera + AF Nikkor 28-70mm f3.5-4.5 [Near MINT] JAPAN,nikon f4,Nikon,Film Cameras,Used,319.0,USD,FIXED_PRICE,grail:Nikon F4;mount:nikon f;good-cond,JP,samura1_camera_japan,99.5,2026-08-15T02:22:05.000Z,,https://www.ebay.com/itm/407145650225?hash=item5ecbc59831:g:LG4AAeSwqvlqf83K,https://i.ebayimg.com/images/g/LG4AAeSwqvlqf83K/s-l225.jpg
高价,+551%,49.15,80,62.0,[N MINT] Nikon Nikonos V Olive Green Film Camera Nikkor 35mm f/2.5 Lens JAPAN,nikon nikonos,Nikon,Film Cameras,Used,319.99,USD,FIXED_PRICE,grail:Nikonos;mount:nikon f;good-cond,JP,mido*japan*camera,100.0,2026-08-14T22:49:01.000Z,,https://www.ebay.com/itm/198571719643?hash=item2e3bcbfbdb:g:6L4AAOSwvLNoAL1t,https://i.ebayimg.com/images/g/6L4AAOSwvLNoAL1t/s-l225.jpg
高价,+713%,40.0,80,62.0,[Exc+3] Canon AE-1 35mm SLR Film Camera FD 50mm f/1.4 S.S.C. Lens - From JAPAN,canon ae-1,Canon,Film Cameras,Used,325.0,USD,"FIXED_PRICE,BEST_OFFER",grail:AE-1;mount:canon fd;good-cond,JP,blueprint-films_japan,99.1,2026-08-14T13:11:34.000Z,,https://www.ebay.com/itm/206490636362?hash=item3013cd104a:g:Z00AAeSwk-9qfxOt,https://i.ebayimg.com/images/g/Z00AAeSwk-9qfxOt/s-l225.jpg
高价,+252%,99.0,80,62.0,Late [OPT MINT] Canon F-1 35mm Film Camera Body New FD 50mm f/1.4 From JAPAN,canon f-1,Canon,Film Cameras,Used,349.0,USD,FIXED_PRICE,grail:Canon F-1;mount:canon fd;good-cond,JP,syashinkiten_japan,100.0,2026-08-14T13:13:14.000Z,,https://www.ebay.com/itm/327309979591?hash=item4c3531efc7:g:q5wAAeSwB7tqfxVb,https://i.ebayimg.com/images/g/q5wAAeSwB7tqfxVb/s-l225.jpg
高价,+54%,227.31,80,62.0,[Exc+5] Nikon New FM2 Black SLR Film Camera Body Ai-s 50mm F/1.8 Lens From JAPAN,nikon fm2,Nikon,Film Cameras,Used,349.99,USD,FIXED_PRICE,grail:FM2;mount:nikon f;good-cond,JP,daihama_8,100.0,2026-08-15T06:06:32.000Z,,https://www.ebay.com/itm/407145960662?hash=item5ecbca54d6:g:SxIAAeSwDRtqgAJl,https://i.ebayimg.com/images/g/SxIAAeSwDRtqgAJl/s-l225.jpg
高价,+706%,43.41,80,62.0,[Top MINT] REAR MINOLTA X-700 Silver Body NEW MD 50mm f/1.7 From JAPAN,minolta x-700,Minolta,Film Cameras,Used,349.99,USD,FIXED_PRICE,grail:X-700;mount:minolta md;good-cond,JP,ma88_9646,100.0,2026-08-14T14:17:40.000Z,,https://www.ebay.com/itm/178406457504?hash=item2989da80a0:g:OigAAeSwVf1qfySx,https://i.ebayimg.com/images/g/OigAAeSwVf1qfySx/s-l225.jpg
高价,+850%,40.0,80,62.0,Near MINT Canon AE-1 P Program New FD 50mm f/1.4 28mm f/2.8 135mm Lens set JAPAN,canon ae-1,Canon,Film Cameras,Used,379.99,USD,FIXED_PRICE,grail:AE-1;mount:canon fd;good-cond,JP,uummee0,100.0,2026-08-14T22:50:37.000Z,,https://www.ebay.com/itm/147505427480?hash=item2258023418:g:8KoAAeSwnrZqRF1W,https://i.ebayimg.com/images/g/8KoAAeSwnrZqRF1W/s-l225.jpg
高价,+629%,54.87,80,62.0,[MINT] Nikon F2 Photomic DP-1 35mm Film Camera SLR NIKKOR 50mm f/1.4 Lens JAPAN,nikon f2,Nikon,Film Cameras,Used,399.99,USD,"FIXED_PRICE,BEST_OFFER",grail:Nikon F2;mount:nikon f;good-cond,JP,japan_camera_sippo,100.0,2026-08-14T15:18:22.000Z,,https://www.ebay.com/itm/398285282366?hash=item5cbba71c3e:g:XewAAeSwGiFqP39j,https://i.ebayimg.com/images/g/XewAAeSwGiFqP39j/s-l225.jpg
高价,+629%,54.87,80,62.0,Nikon F2 Photomic A BLK DP-11 Nippon Kogaku Ai coverted Nikkor 50mm f/1.4 N mint,nikon f2,Nikon,Film Cameras,Used,399.99,USD,"FIXED_PRICE,BEST_OFFER",grail:Nikon F2;mount:nikon f;good-cond,JP,kids_selection,100.0,2026-08-14T15:16:01.000Z,,https://www.ebay.com/itm/398285279759?hash=item5cbba7120f:g:EfIAAeSwLQ1qER94,https://i.ebayimg.com/images/g/EfIAAeSwLQ1qER94/s-l225.jpg
高价,+137%,168.81,80,62.0,Honeycomb [N MINT+ w/ Hood] Nikon FE2 35mm Film Camera Ai-s 50mm f1.4 Lens JAPAN,nikon fe2,Nikon,Film Cameras,Used,399.99,USD,FIXED_PRICE,grail:FE2;mount:nikon f;good-cond,JP,mitsu_64,100.0,2026-08-14T11:43:08.000Z,,https://www.ebay.com/itm/147504376736?hash=item2257f22ba0:g:K64AAeSwqhJqfwFe,https://i.ebayimg.com/images/g/K64AAeSwqhJqfwFe/s-l225.jpg
高价,+48%,287.49,80,62.0,Nikon F3 Eye Level SLR 35mm Film Camera Body MD-4 Strap From JAPAN [Exc+5],nikon f3,Nikon,Film Cameras,Used,426.75,USD,FIXED_PRICE,grail:Nikon F3;mount:minolta md;good-cond,JP,sakura_camera06,100.0,2026-08-14T14:49:47.000Z,,https://www.ebay.com/itm/287524911605?hash=item42f1d1f9f5:g:q68AAeSwLfFoeCwe,https://i.ebayimg.com/images/g/q68AAeSwLfFoeCwe/s-l225.jpg
合理,+1%,436.0,80,62.0,[Near MINT] PENTAX SMC Takumar 6x7 105mm f/2.4 MF Lens for 67 67II From JAPAN,pentax takumar 105mm f2.4,Pentax,Lenses,Used,439.99,USD,FIXED_PRICE,grail:6x7;good-cond,JP,kamekamecamerajapan,100.0,2026-08-14T13:18:23.000Z,,https://www.ebay.com/itm/206490661388?hash=item3013cd720c:g:vgUAAeSwiuJqfxZZ,https://i.ebayimg.com/images/g/vgUAAeSwiuJqfxZZ/s-l225.jpg
高价,+74%,287.49,80,62.0,[ N MINT ] Nikon F3 Eye Level 35mm SLR Camera + Ai-s Nikkor 50mm f1.4 lens JAPAN,nikon f3,Nikon,Film Cameras,Used,499.9,USD,FIXED_PRICE,grail:Nikon F3;mount:nikon f;good-cond,JP,kanazaway,100.0,2026-08-15T00:02:52.000Z,,https://www.ebay.com/itm/407145425233?hash=item5ecbc22951:g:KHgAAeSwOwdqf62Z,https://i.ebayimg.com/images/g/KHgAAeSwOwdqf62Z/s-l225.jpg
高价,+196%,168.81,80,62.0,[Near MINT+++ w/Strap] Nikon FE2 Black SLR Film Camera Ai-s 50/1.4 Lens From JP,nikon fe2,Nikon,Film Cameras,Used,499.99,USD,FIXED_PRICE,grail:FE2;mount:nikon f;good-cond,JP,kimu_1572,100.0,2026-08-15T08:38:43.000Z,,https://www.ebay.com/itm/137623585052?hash=item200b01411c:g:nZwAAeSwT0pqgCZN,https://i.ebayimg.com/images/g/nZwAAeSwT0pqgCZN/s-l225.jpg
无基准,,21.77,80,62.0,Olympus μ mju Stylus Limited Point & Shoot 35mm Film Camera Japan Chrome Rare,olympus stylus,Olympus,Film Cameras,Used,499.99,USD,"FIXED_PRICE,AUCTION",grail:mju;auction,US,metrocpa,100.0,2026-08-14T16:33:55.000Z,2026-08-19T16:33:55.000Z,https://www.ebay.com/itm/188792467576?hash=item2bf4e87078:g:L50AAeSw-Mdqf0K1,https://i.ebayimg.com/images/g/L50AAeSw-Mdqf0K1/s-l225.jpg
高价,+74%,287.49,80,62.0,[ MINT ] Nikon F3 Eye Level Eyelevel Camera Body Ai-s 50mm f/1.4 Lens From JAPAN,nikon f3,Nikon,Film Cameras,Used,499.99,USD,"FIXED_PRICE,BEST_OFFER",grail:Nikon F3;mount:nikon f;good-cond,JP,japan_camera_sippo,100.0,2026-08-14T15:18:23.000Z,,https://www.ebay.com/itm/398285282373?hash=item5cbba71c45:g:k0EAAeSwwgRqDZQx,https://i.ebayimg.com/images/g/k0EAAeSwwgRqDZQx/s-l225.jpg
高价,+91%,287.49,80,62.0,Nikon F3 HP Ai-s Nikkor 50mm f1.4 Lens 35mm Film Camera [Near MINT] From JAPAN,nikon f3,Nikon,Film Cameras,Used,549.0,USD,FIXED_PRICE,grail:Nikon F3;mount:nikon f;good-cond,JP,samura1_camera_japan,99.5,2026-08-15T02:25:03.000Z,,https://www.ebay.com/itm/407145653892?hash=item5ecbc5a684:g:i4UAAeSwFJ1qf857,https://i.ebayimg.com/images/g/i4UAAeSwFJ1qf857/s-l225.jpg
高价,+81%,359.63,80,62.0,Rare [ Top MINT / Hood ] ZEISS Distagon T * 25mm f2.8 ZS M42 Screw From JAPAN,zeiss distagon 25mm f2.8,Zeiss,Lenses,Used,649.9,USD,FIXED_PRICE,grail:Distagon;mount:m42;good-cond,JP,antique.21,100.0,2026-08-14T13:25:14.000Z,,https://www.ebay.com/itm/407144344610?hash=item5ecbb1ac22:g:m9cAAeSwHgFqfxi7,https://i.ebayimg.com/images/g/m9cAAeSwHgFqfxi7/s-l225.jpg
高价,+1176%,54.87,80,62.0,Meter Works [N MINT] Nikon F2 Photomic AS Film Camera Ai-s 50mm f1.4 Lens JAPAN,nikon f2,Nikon,Film Cameras,Used,699.9,USD,FIXED_PRICE,grail:Nikon F2;mount:nikon f;good-cond,JP,daihir_56,100.0,2026-08-15T03:40:29.000Z,,https://www.ebay.com/itm/407145771908?hash=item5ecbc77384:g:2oQAAeSwU4Zqf-An,https://i.ebayimg.com/images/g/2oQAAeSwU4Zqf-An/s-l225.jpg
高价,+74%,402.5,80,62.0,"""Near Mint+++"" Leica Summicron M 50mm 5cm f/2 Collapsible Lens for M Mount JAPAN",leica summicron 50mm f2,Leica,Lenses,Used,699.99,USD,"FIXED_PRICE,BEST_OFFER",grail:Summicron;mount:leica m;good-cond,JP,irodori-store,99.7,2026-08-15T00:14:56.000Z,,https://www.ebay.com/itm/227476352195?hash=item34f6a5acc3:g:mHkAAeSw45Bpg-Tt,https://i.ebayimg.com/images/g/mHkAAeSw45Bpg-Tt/s-l225.jpg
高价,+325%,187.0,80,62.0,EXC + Mamiya C330 F Pro Film Camera with 3 lenses Sekors 55 105 180 OUTFIT !,mamiya c330,Mamiya,Film Cameras,Used,795.0,USD,"FIXED_PRICE,BEST_OFFER",grail:Mamiya C330;good-cond,US,sbcarco,100.0,2026-08-14T22:20:41.000Z,,https://www.ebay.com/itm/237006447986?hash=item372eaf6572:g:4l4AAeSwCz5qf5H5,https://i.ebayimg.com/images/g/4l4AAeSwCz5qf5H5/s-l225.jpg
高价,+79%,475.57,80,62.0,FLE [ Top MINT ] Hasselblad Carl Zeiss Distagon T* 50mm f/4 CF Lens From JAPAN,hasselblad distagon 50mm f4,Hasselblad,Lenses,Used,849.99,USD,FIXED_PRICE,grail:Distagon;mount:hasselblad v;good-cond,JP,zeroportjapan,100.0,2026-08-14T23:03:46.000Z,,https://www.ebay.com/itm/237006498489?hash=item372eb02ab9:g:jyYAAeSweEtqf59O,https://i.ebayimg.com/images/g/jyYAAeSweEtqf59O/s-l225.jpg
高价,+96%,475.57,80,62.0,⏯️[ Opt MINT +]Hasselblad Carl Zeiss Distagon 50mm f4 CF T* FLE Lens From JAPAN,hasselblad distagon 50mm f4,Hasselblad,Lenses,Used,929.99,USD,FIXED_PRICE,grail:Distagon;mount:hasselblad v;good-cond,JP,good_time_camera,100.0,2026-08-14T16:24:58.000Z,,https://www.ebay.com/itm/407144727383?hash=item5ecbb78357:g:X9AAAeSwgGdqf0HY,https://i.ebayimg.com/images/g/X9AAAeSwgGdqf0HY/s-l225.jpg
合理,+0%,999.99,80,62.0,[Almost Unused w/ Strap] Nikon FM3A Silver 35mm SLR Film Camera Body From JAPAN,nikon fm3a,Nikon,Film Cameras,Used,999.99,USD,FIXED_PRICE,grail:FM3A,JP,hakusan_camera,100.0,2026-08-14T07:49:03.000Z,,https://www.ebay.com/itm/198570101934?hash=item2e3bb34cae:g:vAQAAeSwtGBqfsme,https://i.ebayimg.com/images/g/vAQAAeSwtGBqfsme/s-l225.jpg
高价,+610%,155.0,80,62.0,Late S/N 622xxxx [MINT] Nikon SP 35mm Film Camera Nikkor-S 5cm f/1.4 From JAPAN,nikon nikkor-s,Nikon,Film Cameras,Used,1099.99,USD,FIXED_PRICE,grail:Nikon SP;mount:nikon f;good-cond,JP,japan_collects,100.0,2026-08-14T07:27:11.000Z,,https://www.ebay.com/itm/198570059643?hash=item2e3bb2a77b:g:RDMAAeSw1~lqfsPK,https://i.ebayimg.com/images/g/RDMAAeSw1~lqfsPK/s-l225.jpg
高价,+278%,402.5,80,62.0,"Red ""R"" First [Almost MINT] Leica Summicron 50mm f/2 Rigid V1 Lens M Mount #2488",leica summicron 50mm f2,Leica,Lenses,Used,1519.99,USD,FIXED_PRICE,grail:Summicron;mount:leica m;good-cond,JP,japan-collection-camera-take,100.0,2026-08-14T15:20:14.000Z,,https://www.ebay.com/itm/398285284045?hash=item5cbba722cd:g:PJwAAeSwCX5pOYSg,https://i.ebayimg.com/images/g/PJwAAeSwCX5pOYSg/s-l225.jpg
高价,+1698%,89.0,80,62.0,[ MINT w/Strap ] Minolta CLE Rangefinder Camera M-Rokkor 40mm F2 Lens From JAPAN,minolta f2,Minolta,Film Cameras,Used,1599.9,USD,FIXED_PRICE,grail:Minolta CLE;mount:minolta md;good-cond,JP,ryutaka-94,100.0,2026-08-14T22:19:51.000Z,,https://www.ebay.com/itm/318731143871?hash=item4a35db4abf:g:3EoAAeSwa2dqf5U-,https://i.ebayimg.com/images/g/3EoAAeSwa2dqf5U-/s-l225.jpg
高价,+347%,402.5,80,62.0,"Vintage ""Mint+++"" Leica Summicron 50mm f/2 Rigid Lens M Mount Leitz From JAPAN",leica summicron 50mm f2,Leica,Lenses,Used,1799.99,USD,"FIXED_PRICE,BEST_OFFER",grail:Summicron;mount:leica m;good-cond,JP,kawashima-camera,100.0,2026-08-14T05:54:42.000Z,,https://www.ebay.com/itm/147503833327?hash=item2257e9e0ef:g:hq0AAeSwms5qWJBO,https://i.ebayimg.com/images/g/hq0AAeSwms5qWJBO/s-l225.jpg
合理,+0%,1899.99,71,62.0,S/N: 21xxxx [Unused / New Firmware] Nikon F6 SLR 35mm Film Camera Body JAPAN,nikon f6,Nikon,Film Cameras,Used,1899.99,USD,FIXED_PRICE,grail:Nikon F6,JP,happy-cameras-jp,100.0,2026-08-14T22:09:46.000Z,,https://www.ebay.com/itm/407145257166?hash=item5ecbbf98ce:g:cG0AAeSwg3Nqf5Kn,https://i.ebayimg.com/images/g/cG0AAeSwg3Nqf5Kn/s-l225.jpg
高价,+87%,1068.7,80,62.0,[ Top MINT w/ Cap] Hasselblad Carl Zeiss Planar T* 80mm F2.8 CFE Lens From JAPAN,hasselblad planar 80mm f2.8,Hasselblad,Lenses,Used,1999.9,USD,FIXED_PRICE,grail:Planar;mount:hasselblad v;good-cond,JP,antique.21,100.0,2026-08-14T13:41:53.000Z,,https://www.ebay.com/itm/407144390262?hash=item5ecbb25e76:g:51AAAeSwVNpqfxwO,https://i.ebayimg.com/images/g/51AAAeSwVNpqfxwO/s-l225.jpg
高价,+67%,1199.99,10,62.0,Special Edition [Top MINT] Zenza Bronica ETR Si AE III Camera PE 75mm f2.8 JAPAN,bronica etr iii,Bronica,Film Cameras,Used,1999.99,USD,FIXED_PRICE,grail:Bronica ETR;good-cond,JP,ckmarket2012,100.0,2026-08-14T14:17:53.000Z,,https://www.ebay.com/itm/287524855609?hash=item42f1d11f39:g:if0AAeSwWcdqfyVN,https://i.ebayimg.com/images/g/if0AAeSwWcdqfyVN/s-l225.jpg
高价,+278%,755.0,80,62.0,LATE Body *TESTED* Hasselblad 500 CM Film Camera CF 80mm f/2.8 Lens A12 II JAPAN,hasselblad 500,Hasselblad,Film Cameras,Used,2849.99,USD,FIXED_PRICE,grail:500 CM;mount:hasselblad v,JP,k.west.side85-0,100.0,2026-08-15T10:29:22.000Z,,https://www.ebay.com/itm/158190881819?hash=item24d4e94c1b:g:nK4AAeSweu9qgD4L,https://i.ebayimg.com/images/g/nK4AAeSweu9qgD4L/s-l225.jpg
高价,+290%,999.9,80,62.0,Hasselblad 500c/m Black Medium Format Camera w/ 80mm T* Lens A12 [EXC],hasselblad 500c/m,Hasselblad,Film Cameras,Used,3904.95,USD,FIXED_PRICE,grail:500c;good-cond,US,victorycamera,99.6,2026-08-15T05:12:23.000Z,,https://www.ebay.com/itm/377419762331?hash=item57dff88a9b:g:Wu4AAeSwBidqf8KE,https://i.ebayimg.com/images/g/Wu4AAeSwBidqf8KE/s-l225.jpg
高价,+46%,2749.49,16,62.0,Hasselblad 501c Black Camera w/ 80mm f2.8 C T* Lens A12 Back WLF [EXC+],hasselblad 501c,Hasselblad,Film Cameras,Used,4019.95,USD,FIXED_PRICE,grail:501c;good-cond,US,victorycamera,99.6,2026-08-14T09:37:03.000Z,,https://www.ebay.com/itm/237005267218?hash=item372e9d6112:g:-iQAAeSwSUhqfqrC,https://i.ebayimg.com/images/g/-iQAAeSwSUhqfqrC/s-l225.jpg
高价,+58%,4099.99,76,62.0,[Top MINT w/ Hood Strap] Mamiya 7II Champagne Gold N 80mm f/4 L Lens From JAPAN,mamiya 7ii,Mamiya,Film Cameras,Used,6499.99,USD,FIXED_PRICE,grail:Mamiya 7II;good-cond,JP,toyo_camera_japan,99.8,2026-08-14T13:06:57.000Z,,https://www.ebay.com/itm/377418019935?hash=item57dfddf45f:g:1uMAAeSwFplqfxPs,https://i.ebayimg.com/images/g/1uMAAeSwFplqfxPs/s-l225.jpg
无基准,,,,61.0,New HASSELBLAD body cap & rear lens cap set for V system from Japan,hasselblad rear,Hasselblad,Film Cameras,Used,47.98,USD,"FIXED_PRICE,BEST_OFFER",mount:hasselblad v,JP,shopaquarius,100.0,2026-08-14T09:00:52.000Z,,https://www.ebay.com/itm/407143697128?hash=item5ecba7cae8:g:X14AAeSw-zVqftp9,https://i.ebayimg.com/images/g/X14AAeSw-zVqftp9/s-l225.jpg
无基准,,,,61.0,HASSELBLAD Front Lens Cap B60 Bayonet 60 CF CFi CFE CB Compatible from Japan,hasselblad b60,Hasselblad,Film Cameras,Used,49.08,USD,"FIXED_PRICE,BEST_OFFER",mount:hasselblad v,JP,shopaquarius,100.0,2026-08-14T09:00:47.000Z,,https://www.ebay.com/itm/407143696931?hash=item5ecba7ca23:g:Vb4AAeSwYTBqftn~,https://i.ebayimg.com/images/g/Vb4AAeSwYTBqftn~/s-l225.jpg
偏低,-17%,59.92,80,61.0,[Almost MINT] Canon New Autoboy AiAF Zoom Point&Shoot Film Camera Japan #3034,canon autoboy aiaf,Canon,Film Cameras,Used,49.99,USD,FIXED_PRICE,good-cond,JP,japan-collection-camera-take,100.0,2026-08-14T15:20:14.000Z,,https://www.ebay.com/itm/398285284042?hash=item5cbba722ca:g:iwUAAeSwNKlqVPDA,https://i.ebayimg.com/images/g/iwUAAeSwNKlqVPDA/s-l225.jpg
偏低,-25%,74.47,80,61.0,[EXC+5] Konica Genba Kantoku Blue Compact 35mm Film Camera From JAPAN,konica genba kantoku,Konica,Film Cameras,Used,56.0,USD,FIXED_PRICE,good-cond,JP,vintage_camera_japan_10,99.4,2026-08-14T15:26:16.000Z,,https://www.ebay.com/itm/128026601011?hash=item1dcefae633:g:zl8AAeSwHNFp~YDA,https://i.ebayimg.com/images/g/zl8AAeSwHNFp~YDA/s-l225.jpg
偏低,-11%,65.0,80,61.0,[EXC+5] Konica Genbakantoku 28 WB Point & Shoot 35mm Film Camera From JAPAN,konica 28,Konica,Film Cameras,Used,58.0,USD,FIXED_PRICE,good-cond,JP,vintage_camera_japan_10,99.4,2026-08-14T15:25:33.000Z,,https://www.ebay.com/itm/128026599882?hash=item1dcefae1ca:g:vK8AAeSwcnFp2aQk,https://i.ebayimg.com/images/g/vK8AAeSwcnFp2aQk/s-l225.jpg
无基准,,,,61.0,[Near MINT] Canon T50 35mm SLR Film Camera w/New FD 35–70mm Zoom Lens From JAPAN,canon t50,Canon,Film Cameras,Used,72.99,USD,"FIXED_PRICE,BEST_OFFER",mount:canon fd;good-cond,JP,ysj830,100.0,2026-08-14T05:35:49.000Z,,https://www.ebay.com/itm/358924882012?hash=item539197105c:g:jb4AAeSw8vxqfql3,https://i.ebayimg.com/images/g/jb4AAeSw8vxqfql3/s-l225.jpg
无基准,,,,61.0,HASSELBLAD Hasselblad Rear Cover Multi Control V System Rear Cap from Japan,hasselblad hasselblad rear,Hasselblad,Film Cameras,Used,73.57,USD,"FIXED_PRICE,BEST_OFFER",mount:hasselblad v,JP,shopaquarius,100.0,2026-08-14T09:00:49.000Z,,https://www.ebay.com/itm/407143697073?hash=item5ecba7cab1:g:n0AAAeSwIVVqftn7,https://i.ebayimg.com/images/g/n0AAAeSwIVVqftn7/s-l225.jpg
无基准,,,,61.0,HASSELBLAD Lens opener for B50/B60 C lens CF lens maintenance tool from Japan,hasselblad opener b50/b60,Hasselblad,Film Cameras,Used,73.57,USD,"FIXED_PRICE,BEST_OFFER",mount:hasselblad v,JP,shopaquarius,100.0,2026-08-14T09:00:45.000Z,,https://www.ebay.com/itm/407143696901?hash=item5ecba7ca05:g:OOUAAeSwgIBqftpq,https://i.ebayimg.com/images/g/OOUAAeSwgIBqftpq/s-l225.jpg
无基准,,,,61.0,[EXC＋5 w/strap] Nikon FE Black 35mm SLR Film Camera Body From JAPAN,nikon 35mm,Nikon,Film Cameras,Used,88.89,USD,"FIXED_PRICE,BEST_OFFER",mount:sony e;good-cond,JP,betty.camera.tokyo,100.0,2026-08-14T11:40:42.000Z,,https://www.ebay.com/itm/137620304014?hash=item200acf308e:g:YpIAAOSwy-pnFf-K,https://i.ebayimg.com/images/g/YpIAAOSwy-pnFf-K/s-l225.jpg
合理,-7%,101.75,20,61.0,"Rera ""o"" Mark▶[N MINT w/Strap] Canon FTb QL FD 28mm f3.5 S.C. SC lens From JAPAN",canon ftb f3.5,Canon,Film Cameras,Used,94.99,USD,FIXED_PRICE,mount:canon fd;good-cond,JP,taknis-78,100.0,2026-08-15T09:48:53.000Z,,https://www.ebay.com/itm/336743561738?hash=item4e677afa0a:g:RPkAAeSwXyBqgDa5,https://i.ebayimg.com/images/g/RPkAAeSwXyBqgDa5/s-l225.jpg
无基准,,,,61.0,[NEAR MINT w/case]Olympus Trip 35 Compact Film Camera D.Zuiko 40mm F2.8 JAPAN,olympus trip,Olympus,Film Cameras,Used,99.99,USD,"FIXED_PRICE,BEST_OFFER",mount:olympus om;good-cond,JP,akari_camera,100.0,2026-08-14T06:14:04.000Z,,https://www.ebay.com/itm/128025904332?hash=item1dcef044cc:g:bskAAeSwYIpqHWPa,https://i.ebayimg.com/images/g/bskAAeSwYIpqHWPa/s-l225.jpg
无基准,,,,61.0,[MINT in BOX] Nikon F-801 AF SLR 35mm Film Camera F Mount w/ Strap From JAPAN,nikon f-801,Nikon,Film Cameras,Used,109.49,USD,"FIXED_PRICE,BEST_OFFER",mount:nikon f;good-cond,JP,ysj830,100.0,2026-08-14T05:40:16.000Z,,https://www.ebay.com/itm/358924890999?hash=item5391973377:g:aKEAAeSwA6tqfqs2,https://i.ebayimg.com/images/g/aKEAAeSwA6tqfqs2/s-l225.jpg
无基准,,,,61.0,[Exc+3] Nikon Nikomat FTN 35mm Film Camera Nikkor-S 50mm f/1.4 Non-AI From JAPAN,nikon nikomat ftn,Nikon,Film Cameras,Used,116.0,USD,"FIXED_PRICE,BEST_OFFER",mount:nikon f;good-cond,JP,altmart3.0,100.0,2026-08-14T05:27:54.000Z,,https://www.ebay.com/itm/227475160163?hash=item34f6937c63:g:f0kAAeSw2L1qfqbo,https://i.ebayimg.com/images/g/f0kAAeSw2L1qfqbo/s-l225.jpg
偏低,-8%,130.64,73,61.0,[Almost Unused / Tested] Contax 167MT 35mm SLR Film Camera Body From JAPAN,contax 167mt,Contax,Film Cameras,Used,119.99,USD,FIXED_PRICE,,JP,ichi_camera_jp,100.0,2026-08-14T14:34:30.000Z,,https://www.ebay.com/itm/820001589393?hash=itembeebe74891:g:iUEAAeSwIVVqfyfz,https://i.ebayimg.com/images/g/iUEAAeSwIVVqfyfz/s-l225.jpg
无基准,,,,61.0,*Near Mint* Nikon F70 Film Camera AF Nikkor 35-105mm F/3.5-4.5 Zoom Lens,nikon f70,Nikon,Film Cameras,Used,119.99,USD,FIXED_PRICE,mount:nikon f;good-cond,JP,dub0804-55,100.0,2026-08-14T11:34:40.000Z,,https://www.ebay.com/itm/366605134731?hash=item555b5e6b8b:g:olAAAeSwhIJqDu0t,https://i.ebayimg.com/images/g/olAAAeSwhIJqDu0t/s-l225.jpg
无基准,,,,61.0,[Exc+5] Nikon FE 35mm SLR Film Camera Body Black from JAPAN,nikon 35mm,Nikon,Film Cameras,Used,119.99,USD,FIXED_PRICE,mount:sony e;good-cond,JP,maui_camera_japan,100.0,2026-08-14T06:51:12.000Z,,https://www.ebay.com/itm/287524148802?hash=item42f1c65642:g:aiwAAeSwWQxqfrmo,https://i.ebayimg.com/images/g/aiwAAeSwWQxqfrmo/s-l225.jpg
无基准,,,,61.0,*Full Work : Exc+5* Olympus OM30 Film Camera Zuiko Auto Zoom 75-150mm F/4 Lens,olympus om30,Olympus,Film Cameras,Used,126.65,USD,FIXED_PRICE,mount:olympus om;good-cond,JP,hitonaga-0,100.0,2026-08-14T11:30:35.000Z,,https://www.ebay.com/itm/407143976168?hash=item5ecbac0ce8:g:ZQMAAeSws3loZv7t,https://i.ebayimg.com/images/g/ZQMAAeSws3loZv7t/s-l225.jpg
无基准,,,,61.0,*App Mint* Canon FTb QL Black Film Camera FD 135mm F/3.5 Telephoto Lens From JPN,canon ftb,Canon,Film Cameras,Used,132.99,USD,FIXED_PRICE,mount:canon fd;good-cond,JP,dub0804-55,100.0,2026-08-14T11:34:40.000Z,,https://www.ebay.com/itm/366605134722?hash=item555b5e6b82:g:d3wAAeSwvA9qWhhB,https://i.ebayimg.com/images/g/d3wAAeSwvA9qWhhB/s-l225.jpg
合理,+7%,130.76,40,61.0,READ[Exc+5] Olympus-35 LC G.Zuiko 42mm f1.7 lens Film Camera From JAPAN,olympus exc+5 olympus-35,Olympus,Film Cameras,Used,139.99,USD,FIXED_PRICE,mount:olympus om;good-cond,JP,japan_camera_select,100.0,2026-08-15T09:59:00.000Z,,https://www.ebay.com/itm/398288335235?hash=item5cbbd5b183:g:N~cAAeSwF~xqgDkc,https://i.ebayimg.com/images/g/N~cAAeSwF~xqgDkc/s-l225.jpg
高价,+385%,28.88,80,61.0,Read! Tested!【Exc+5】Canon CANONET QL17 GIII Rangefinder 35mm Film Camera JAPAN,canon canonet,Canon,Film Cameras,Used,139.99,USD,"FIXED_PRICE,BEST_OFFER",grail:CANONET;good-cond,JP,nacamera_japan,100.0,2026-08-15T02:59:27.000Z,,https://www.ebay.com/itm/800510261346?hash=itemba62213862:g:fa8AAeSwn~xqf9Pm,https://i.ebayimg.com/images/g/fa8AAeSwn~xqf9Pm/s-l225.jpg
无基准,,,,61.0,Nikon FE Chrome 35mm Vintage SLR Film Camera [ MINT Tested! ] From JAPAN #515,nikon 35mm,Nikon,Film Cameras,Used,149.99,USD,FIXED_PRICE,mount:sony e;good-cond,JP,lingenterpr-0,100.0,2026-08-14T06:20:49.000Z,,https://www.ebay.com/itm/178405365300?hash=item2989c9d634:g:SAYAAeSwLKlqfrTw,https://i.ebayimg.com/images/g/SAYAAeSwLKlqfrTw/s-l225.jpg
无基准,,,,61.0,*Near Mint w/ Case* Nikon FG-20 Film Camera Ai-s Zoom 35-70mm F/3.3-4.5 Lens /JP,nikon fg-20,Nikon,Film Cameras,Used,153.8,USD,FIXED_PRICE,mount:nikon f;good-cond,JP,hitonaga-0,100.0,2026-08-14T11:30:34.000Z,,https://www.ebay.com/itm/407143976153?hash=item5ecbac0cd9:g:BqkAAeSwYtxomSP6,https://i.ebayimg.com/images/g/BqkAAeSwYtxomSP6/s-l225.jpg
无基准,,,,61.0,⏯️[Exc+5] Pentax KX 35mm Film Camera SMC Pentax 50mm F1.4 Lens from Japan,pentax smc,Pentax,Film Cameras,Used,159.99,USD,FIXED_PRICE,mount:pentax k;good-cond,JP,nipponnocamera,99.5,2026-08-14T05:57:06.000Z,,https://www.ebay.com/itm/366604640381?hash=item555b56e07d:g:37QAAeSwEx9qfq6v,https://i.ebayimg.com/images/g/37QAAeSwEx9qfq6v/s-l225.jpg
无基准,,,,61.0,*Near Mint ++* Pentax MV1 Black Film Camera SMC Pentax M 50mm F/2 Lens From JPN,pentax mv1,Pentax,Film Cameras,Used,161.49,USD,FIXED_PRICE,mount:pentax k;good-cond,JP,dub0804-55,100.0,2026-08-14T11:34:41.000Z,,https://www.ebay.com/itm/366605134734?hash=item555b5e6b8e:g:h3UAAeSwo41p6dVO,https://i.ebayimg.com/images/g/h3UAAeSwo41p6dVO/s-l225.jpg
无基准,,,,61.0,Olympus ACE 35mm Film Camera E.Zuiko 45mm f/2.8 Repainted Black Tested [Exc+4],olympus ace e.zuiko,Olympus,Film Cameras,Used,164.98,USD,"FIXED_PRICE,BEST_OFFER",mount:olympus om;good-cond,JP,chocolabtoto14,100.0,2026-08-14T12:48:42.000Z,,https://www.ebay.com/itm/188791620110?hash=item2bf4db820e:g:qmQAAeSwfjZqfw7h,https://i.ebayimg.com/images/g/qmQAAeSwfjZqfw7h/s-l225.jpg
高价,+482%,28.88,80,61.0,"[ Serviced, NEAR MINT ] CANON Canonet QL17 Black a sister model to the GIII",canon canonet,Canon,Film Cameras,Used,167.9,USD,FIXED_PRICE,grail:Canonet;good-cond,JP,oi_b24,98.8,2026-08-15T04:53:23.000Z,,https://www.ebay.com/itm/800510714866?hash=itemba622823f2:g:Vj0AAeSwhKZqf-51,https://i.ebayimg.com/images/g/Vj0AAeSwhKZqf-51/s-l225.jpg
合理,-4%,185.75,80,61.0,[Near MINT] Nikon F Eye Level Silver SLR 35mm Film Camera Body 6436308 JAPAN,nikon eye level,Nikon,Film Cameras,Used,179.0,USD,FIXED_PRICE,mount:nikon f;good-cond,JP,bgnsc_47,100.0,2026-08-14T18:59:00.000Z,,https://www.ebay.com/itm/398285888372?hash=item5cbbb05b74:g:twAAAeSwOcNqf2Zq,https://i.ebayimg.com/images/g/twAAAeSwOcNqf2Zq/s-l225.jpg
高价,+523%,28.88,80,61.0,"[ Serviced, NEAR MINT+ ] CANON Canonet QL17 GIII 40mm f/1.7 Lens Film Camera",canon canonet,Canon,Film Cameras,Used,179.99,USD,FIXED_PRICE,grail:Canonet;good-cond,JP,oi_b24,98.8,2026-08-15T03:25:28.000Z,,https://www.ebay.com/itm/800510367258?hash=itemba6222d61a:g:400AAeSwqhJqf9j-,https://i.ebayimg.com/images/g/400AAeSwqhJqf9j-/s-l225.jpg
无基准,,,,61.0,*Near Mint ++* Canon EF Film Camera FD 50mm F/1.8 S.C Standard Lens From Japan,canon fd 50mm f1.8,Canon,Film Cameras,Used,180.49,USD,FIXED_PRICE,mount:canon fd;good-cond,JP,dub0804-55,100.0,2026-08-14T11:34:40.000Z,,https://www.ebay.com/itm/366605134703?hash=item555b5e6b6f:g:wugAAeSw-dNqDZiX,https://i.ebayimg.com/images/g/wugAAeSw-dNqDZiX/s-l225.jpg
无基准,,,,61.0,*Near Mint ++* Ricoh XR-2 Film Camera XR Rikenon 50mm F/2 Lens Pentax K PK Mount,ricoh xr-2,Ricoh,Film Cameras,Used,185.24,USD,FIXED_PRICE,mount:pentax k;good-cond,JP,hitonaga-0,100.0,2026-08-14T11:30:34.000Z,,https://www.ebay.com/itm/407143976151?hash=item5ecbac0cd7:g:buAAAOSwBiZnQTNX,https://i.ebayimg.com/images/g/buAAAOSwBiZnQTNX/s-l225.jpg
无基准,,,,61.0,*Near Mint ++ in Box* Nikon FE10 Film Camera Ai-s Zoom Nikkor 35-70mm F/3.5-4.8,nikon fe10,Nikon,Film Cameras,Used,189.99,USD,FIXED_PRICE,mount:nikon f;good-cond,JP,hitonaga-0,100.0,2026-08-14T11:30:35.000Z,,https://www.ebay.com/itm/407143976156?hash=item5ecbac0cdc:g:SEIAAeSwHxppp3Iz,https://i.ebayimg.com/images/g/SEIAAeSwHxppp3Iz/s-l225.jpg
合理,+8%,185.75,80,61.0,First Model 641xxxx [Exc+3] Nikon F Eye Level Finder 35mm SLR Film Camera JAPAN,nikon eye level,Nikon,Film Cameras,Used,199.99,USD,FIXED_PRICE,mount:nikon f;good-cond,JP,ken-ken_camera_japan,100.0,2026-08-15T02:20:36.000Z,,https://www.ebay.com/itm/407145648469?hash=item5ecbc59155:g:cKoAAeSwOLpqf82p,https://i.ebayimg.com/images/g/cKoAAeSwOLpqf82p/s-l225.jpg
无基准,,,,61.0,Tested! Nikon FE Silver SLR Camera + Ai Nikkor 50mm f/1.4 Lens [MINT] JAPAN #514,nikon nikkor 50mm f1.4,Nikon,Film Cameras,Used,199.99,USD,FIXED_PRICE,mount:nikon f;good-cond,JP,lingenterpr-0,100.0,2026-08-14T06:01:45.000Z,,https://www.ebay.com/itm/178405319555?hash=item2989c92383:g:ldUAAeSwGbJqfq-L,https://i.ebayimg.com/images/g/ldUAAeSwGbJqfq-L/s-l225.jpg
无基准,,,,61.0,Nikon FE Body Black SLRFilm Camera From Japan Tested [Near Mint],nikon slrfilm,Nikon,Film Cameras,Used,200.0,USD,"FIXED_PRICE,BEST_OFFER",mount:sony e;good-cond,JP,re-camera,99.8,2026-08-14T08:44:24.000Z,,https://www.ebay.com/itm/227475348268?hash=item34f6965b2c:g:L6kAAeSw2SRqftXq,https://i.ebayimg.com/images/g/L6kAAeSw2SRqftXq/s-l225.jpg
合理,+10%,185.75,80,61.0,Final Late Apollo S/N740xx【 NEAR MINT+】Nikon F Eye Level Silver SLR Camera JAPAN,nikon eye level,Nikon,Film Cameras,Used,204.59,USD,FIXED_PRICE,mount:nikon f;good-cond,JP,s19640309,100.0,2026-08-15T02:32:10.000Z,,https://www.ebay.com/itm/158189817371?hash=item24d4d90e1b:g:beMAAeSwvLhqf8rJ,https://i.ebayimg.com/images/g/beMAAeSwvLhqf8rJ/s-l225.jpg
高价,+627%,28.88,80,61.0,[Near MINT] CANON Canonet QL17 GIII Rangefinder 35mm Film Camera from JAPAN,canon canonet,Canon,Film Cameras,Used,209.99,USD,FIXED_PRICE,grail:Canonet;good-cond,JP,aiyama_metsa_camera_japan,100.0,2026-08-15T11:08:09.000Z,,https://www.ebay.com/itm/820005196499?hash=itembeec1e52d3:g:4xkAAeSwYEVqgEaF,https://i.ebayimg.com/images/g/4xkAAeSwYEVqgEaF/s-l225.jpg
无基准,,,,61.0,[ NEAR MINT ] Canon P Rangefinder 35mm Film Camera Body L39 Mount From Japan,canon l39,Canon,Film Cameras,Used,214.99,USD,"FIXED_PRICE,BEST_OFFER",mount:ltm/l39;good-cond,JP,yu-na-camera-japan,99.6,2026-08-14T05:34:22.000Z,,https://www.ebay.com/itm/318727483486?hash=item4a35a3705e:g:ju0AAeSw5ctqfqfM,https://i.ebayimg.com/images/g/ju0AAeSw5ctqfqfM/s-l225.jpg
高价,+662%,28.88,80,61.0,[N MINT] Canon Canonet QL17 GIII G-III Rangefinder 35mm Film Camera From JAPAN,canon canonet,Canon,Film Cameras,Used,219.99,USD,FIXED_PRICE,grail:Canonet;good-cond,JP,tochigi-camera-japan,100.0,2026-08-14T15:02:17.000Z,,https://www.ebay.com/itm/407144561301?hash=item5ecbb4fa95:g:L5wAAeSwFN5qfy8q,https://i.ebayimg.com/images/g/L5wAAeSwFN5qfy8q/s-l225.jpg
无基准,,,,61.0,Nikon FM10 SLR Film Camera w/ Nikkor 35-70mm F3.5-4.8 Lens 【MINT w/Box】 JAPAN,nikon fm10,Nikon,Film Cameras,Used,219.99,USD,"FIXED_PRICE,BEST_OFFER",mount:nikon f;good-cond,JP,jumari-japan-vintage,100.0,2026-08-14T12:19:14.000Z,,https://www.ebay.com/itm/366605212431?hash=item555b5f9b0f:g:xLUAAeSwLxRqfcZ5,https://i.ebayimg.com/images/g/xLUAAeSwLxRqfcZ5/s-l225.jpg
高价,+728%,28.88,80,61.0,Meter Works *Exc+5* Canon Canonet QL17 GIII Rnagefinder Film Camera Black,canon canonet,Canon,Film Cameras,Used,239.0,USD,FIXED_PRICE,grail:Canonet;good-cond,JP,yama-store2018,99.7,2026-08-14T12:06:33.000Z,,https://www.ebay.com/itm/168613254627?hash=item27422215e3:g:d54AAeSw1KtqfwSR,https://i.ebayimg.com/images/g/d54AAeSw1KtqfwSR/s-l225.jpg
无基准,,,,61.0,Nikon F Eye Level Late Model Silver SLRFilm Camera From Japan Tested [Exc+],nikon eye level,Nikon,Film Cameras,Used,240.0,USD,"FIXED_PRICE,BEST_OFFER",mount:nikon f;good-cond,JP,re-camera,99.8,2026-08-14T08:44:23.000Z,,https://www.ebay.com/itm/327309686244?hash=item4c352d75e4:g:4oQAAeSwU4ZqftZe,https://i.ebayimg.com/images/g/4oQAAeSwU4ZqftZe/s-l225.jpg
偏低,-14%,289.99,15,61.0,[Near MINT] Olympus XA4 35mm Point & Shoot Film Camera w/ A11 Flash from Japan,olympus xa4,Olympus,Film Cameras,Used,249.99,USD,FIXED_PRICE,good-cond,JP,rivermart1209,100.0,2026-08-14T16:39:32.000Z,,https://www.ebay.com/itm/366605668000?hash=item555b668ea0:g:9b4AAeSwYPFqfylq,https://i.ebayimg.com/images/g/9b4AAeSwYPFqfylq/s-l225.jpg
无基准,,,,61.0,▶️ [Exc.]OLYMPUS PEN F 35mm Half Frame Film Camera + F.Zuiko 38mm f/1.8 2971669,olympus pen half,Olympus,Film Cameras,Used,250.0,USD,"FIXED_PRICE,BEST_OFFER",mount:olympus om;good-cond,JP,nomu-86,99.6,2026-08-14T04:45:49.000Z,,https://www.ebay.com/itm/407143260164?hash=item5ecba12004:g:JdQAAeSw4VJqVs~n,https://i.ebayimg.com/images/g/JdQAAeSw4VJqVs~n/s-l225.jpg
无基准,,,,61.0,*CLA'd : Near Mint ++* Olympus OM-2N Film Camera Zuiko Auto S 50mm F/1.8 Lens JP,olympus om-2n,Olympus,Film Cameras,Used,265.99,USD,FIXED_PRICE,mount:olympus om;good-cond,JP,hitonaga-0,100.0,2026-08-14T11:38:59.000Z,,https://www.ebay.com/itm/407143987952?hash=item5ecbac3af0:g:jskAAeSwzDRqaJWI,https://i.ebayimg.com/images/g/jskAAeSwzDRqaJWI/s-l225.jpg
无基准,,,,61.0,Nikon F4S 35mm Film Camera MB-21 NIKKOR AF 28-85mm f/3.5-4.5 Lens JAPAN【Exc+4】,nikon f4s,Nikon,Film Cameras,Used,267.0,USD,FIXED_PRICE,mount:nikon f;good-cond,JP,cozyspace,100.0,2026-08-14T06:45:07.000Z,,https://www.ebay.com/itm/168612715007?hash=item274219d9ff:g:jNoAAeSwUrdqfrd-,https://i.ebayimg.com/images/g/jNoAAeSwUrdqfrd-/s-l225.jpg
无基准,,,,61.0,[N MINT] Olympus OM-2n Film Camera & G.Zuiko Auto-S 50mm F/1.4 Lens From Japan,olympus om-2n,Olympus,Film Cameras,Used,269.85,USD,FIXED_PRICE,mount:olympus om;good-cond,JP,olik-99,100.0,2026-08-14T08:38:51.000Z,,https://www.ebay.com/itm/820000457508?hash=itembeebd60324:g:5mMAAeSwJvdqftEJ,https://i.ebayimg.com/images/g/5mMAAeSwJvdqftEJ/s-l225.jpg
合理,-7%,299.99,80,61.0,[MINT w/strap] Canon EOS-1N RS 35mm SLR Film Camera Body EF Mount from JAPAN,canon eos-1n,Canon,Film Cameras,Used,279.99,USD,FIXED_PRICE,mount:canon ef;good-cond,JP,shima-0201,99.8,2026-08-15T04:55:05.000Z,,https://www.ebay.com/itm/287526046651?hash=item42f1e34bbb:g:kaIAAeSwkOdqf~Ft,https://i.ebayimg.com/images/g/kaIAAeSwkOdqf~Ft/s-l225.jpg
无基准,,,,61.0,*Almost Mint* Nikon F Eye level Finder SLR 35mm Film Camera Body Mid-Term Model,nikon eye level,Nikon,Film Cameras,Used,284.99,USD,FIXED_PRICE,mount:nikon f;good-cond,JP,dub0804-55,100.0,2026-08-14T11:34:41.000Z,,https://www.ebay.com/itm/366605134735?hash=item555b5e6b8f:g:mvAAAeSw0Ulp5gNj,https://i.ebayimg.com/images/g/mvAAAeSw0Ulp5gNj/s-l225.jpg
合理,-8%,324.5,72,61.0,[ MINT ] Nikon FA Black 35mm Film Camera Ais Ai-s 50mm f/1.8 Lens From JAPAN,nikon ai-s 35mm f1.8,Nikon,Film Cameras,Used,299.99,USD,FIXED_PRICE,mount:nikon f;good-cond,JP,koma_6521,100.0,2026-08-14T23:58:17.000Z,,https://www.ebay.com/itm/820003129850?hash=itembeebfec9fa:g:eSgAAeSwgsZqf6zC,https://i.ebayimg.com/images/g/eSgAAeSwgsZqf6zC/s-l225.jpg
合理,+5%,284.99,17,61.0,w/ Finder [TOP MINT] Voigtlander COLOR HELLIAR 75mm f/2.5 L39 Lens From JAPAN,voigtlander l39 75mm f2.5,Voigtlander,Lenses,Used,299.99,USD,FIXED_PRICE,mount:ltm/l39;good-cond,JP,1st_camera_tokyo,99.1,2026-08-14T12:23:17.000Z,,https://www.ebay.com/itm/377417897788?hash=item57dfdc173c:g:vbUAAeSwS4pqfwoy,https://i.ebayimg.com/images/g/vbUAAeSwS4pqfwoy/s-l225.jpg
高价,+974%,28.88,80,61.0,Canon Canonet QL17 GIII Black 40mm f1.7 Rangefinder Film Camera JAPAN Near mint+,canon canonet,Canon,Film Cameras,Used,309.99,USD,"FIXED_PRICE,BEST_OFFER",grail:Canonet;good-cond,JP,kids_selection,100.0,2026-08-14T15:15:33.000Z,,https://www.ebay.com/itm/398285279067?hash=item5cbba70f5b:g:WU8AAeSw17BqYfDE,https://i.ebayimg.com/images/g/WU8AAeSw17BqYfDE/s-l225.jpg
无基准,,,,61.0,w/Box Olympus OM-D E-M10 Mark III 16.1MP Digital Camera [ Top MINT ] JAPAN #306,olympus e-m10,Olympus,Film Cameras,Used,319.99,USD,FIXED_PRICE,mount:olympus om;good-cond,JP,lingenterpr-0,100.0,2026-08-14T06:53:29.000Z,,https://www.ebay.com/itm/178405456683?hash=item2989cb3b2b:g:ByIAAeSwYTBqfrxc,https://i.ebayimg.com/images/g/ByIAAeSwYTBqfrxc/s-l225.jpg
高价,+1043%,28.88,80,61.0,Canon Canonet QL17 GIII Black 40mm f/1.7 Rangefinder Film Camera Case JAPAN Mint,canon canonet,Canon,Film Cameras,Used,329.99,USD,"FIXED_PRICE,BEST_OFFER",grail:Canonet;good-cond,JP,kids_selection,100.0,2026-08-14T15:14:46.000Z,,https://www.ebay.com/itm/398285278490?hash=item5cbba70d1a:g:yTMAAeSw8KJqYfMt,https://i.ebayimg.com/images/g/yTMAAeSw8KJqYfMt/s-l225.jpg
合理,+0%,349.9,29,61.0,[Near MINT] Nikon F Apollo Photomic FTN Silver 35mm SLR Film Camera from JAPAN,nikon apollo photomic,Nikon,Film Cameras,Used,349.9,USD,FIXED_PRICE,mount:nikon f;good-cond,JP,daihir_56,100.0,2026-08-15T03:43:31.000Z,,https://www.ebay.com/itm/407145775731?hash=item5ecbc78273:g:sMEAAeSwIvJqf-Ea,https://i.ebayimg.com/images/g/sMEAAeSwIvJqf-Ea/s-l225.jpg
合理,+4%,335.0,33,61.0,🎦【MINT】Voigtlander SNAPSHOT-SKOPAR 25mm f/4 MC Silver L39 25mm Viewfinder JAPAN,voigtlander l39 25mm f4,Voigtlander,Lenses,Used,349.99,USD,FIXED_PRICE,mount:ltm/l39;good-cond,JP,full-moon_camera_tokyo,99.8,2026-08-14T06:54:56.000Z,,https://www.ebay.com/itm/366604725378?hash=item555b582c82:g:Na0AAeSw9vtqTKQl,https://i.ebayimg.com/images/g/Na0AAeSw9vtqTKQl/s-l225.jpg
无基准,,,,61.0,[Exc+4] Nikon F4S 35mm MB-21 NIKKOR AF 28-85mm f/3.5-4.5 Lens = From JAPAN,nikon f4s,Nikon,Film Cameras,Used,351.0,USD,"FIXED_PRICE,BEST_OFFER",mount:nikon f;good-cond,JP,altmart3.0,100.0,2026-08-14T07:28:42.000Z,,https://www.ebay.com/itm/227475273110?hash=item34f6953596:g:UwcAAeSwtH5qfsM3,https://i.ebayimg.com/images/g/UwcAAeSwtH5qfsM3/s-l225.jpg
偏低,-20%,499.99,80,61.0,Late Black Dial *MINT w/ Case* Nikon S2 Rangefinder Film Camera Body From JAPAN,nikon s2,Nikon,Film Cameras,Used,399.99,USD,FIXED_PRICE,good-cond,JP,japan.treasures.camera,100.0,2026-08-14T14:12:43.000Z,,https://www.ebay.com/itm/407144458723?hash=item5ecbb369e3:g:uPgAAeSw64ZqfyLb,https://i.ebayimg.com/images/g/uPgAAeSw64ZqfyLb/s-l225.jpg
无基准,,,,61.0,[Near MINT] Minolta Autocord III TLR Camera Body w/ Rokkor 75mm f3.5 From JAPAN,minolta autocord iii,Minolta,Film Cameras,Used,419.99,USD,FIXED_PRICE,mount:minolta md;good-cond,JP,cloverhaven-treasures-japan,100.0,2026-08-14T05:49:00.000Z,,https://www.ebay.com/itm/398283753467?hash=item5cbb8fc7fb:g:Z-8AAeSwgYVqfq1A,https://i.ebayimg.com/images/g/Z-8AAeSwgYVqfq1A/s-l225.jpg
高价,+1424%,28.88,80,61.0,[TOP MINT w/ Case & Strap] Canon Canonet QL17 GIII Black 35mm Film Camera JAPAN,canon canonet,Canon,Film Cameras,Used,439.99,USD,FIXED_PRICE,grail:Canonet;good-cond,JP,toshi-japan-camera,100.0,2026-08-14T08:51:47.000Z,,https://www.ebay.com/itm/377417476636?hash=item57dfd5aa1c:g:WhkAAeSw10tqNNd5,https://i.ebayimg.com/images/g/WhkAAeSw10tqNNd5/s-l225.jpg
合理,+2%,439.99,57,61.0,[Top MINT] Canon EOS 7S AF Film SLR Body EF 50mm f/1.8 II Lens From JAPAN,canon 7s,Canon,Film Cameras,Used,449.99,USD,FIXED_PRICE,mount:canon ef;good-cond,JP,zakky-camera-japan,99.8,2026-08-14T21:06:53.000Z,,https://www.ebay.com/itm/800508954984?hash=itemba620d4968:g:vgoAAeSwVopqf4Rj,https://i.ebayimg.com/images/g/vgoAAeSwVopqf4Rj/s-l225.jpg
高价,+91%,249.0,80,61.0,Contax RTS Planar 50mm F1.4 AE (J) -Near Mint- 6207,contax planar 50mm f1.4,Contax,Lenses,Used,476.19,USD,FIXED_PRICE,grail:Contax RTS;good-cond,JP,kitamura_camera,100.0,2026-08-14T06:57:40.000Z,,https://www.ebay.com/itm/820000172699?hash=itembeebd1aa9b:g:XIIAAeSwX0Zqfryn,https://i.ebayimg.com/images/g/XIIAAeSwX0Zqfryn/s-l225.jpg
合理,+3%,477.99,59,61.0,Voigtlander SEPTON 40mm F/2 ASPH. (for Sony E mount) -Near Mint- #264,voigtlander 40mm f2,Voigtlander,Lenses,Very Good - Refurbished,492.1,USD,FIXED_PRICE,mount:sony e;good-cond,JP,mapcamera,100.0,2026-08-14T08:48:56.000Z,,https://www.ebay.com/itm/327309689828?hash=item4c352d83e4:g:NfMAAeSw2SRqftZs,https://i.ebayimg.com/images/g/NfMAAeSw2SRqftZs/s-l225.jpg
合理,-7%,539.99,49,61.0,[ Near MINT ] Canon P RangeFinder Film Camera Repaint Black Body L39 From JAPAN,canon repaint,Canon,Film Cameras,Used,499.99,USD,FIXED_PRICE,mount:ltm/l39;good-cond,JP,gionkyotocamera,100.0,2026-08-14T13:30:02.000Z,,https://www.ebay.com/itm/398284983766?hash=item5cbba28dd6:g:HawAAeSwt4FqY-Pa,https://i.ebayimg.com/images/g/HawAAeSwt4FqY-Pa/s-l225.jpg
合理,-8%,565.0,22,61.0,Carl Zeiss Milvus 35mm F/2 ZE (for Canon EF mount) -Near Mint- #84,zeiss ef 35mm f2,Zeiss,Lenses,Very Good - Refurbished,521.55,USD,FIXED_PRICE,mount:canon ef;good-cond,JP,mapcamera,100.0,2026-08-14T09:20:04.000Z,,https://www.ebay.com/itm/327309729913?hash=item4c352e2079:g:hh0AAeSwQOlqft25,https://i.ebayimg.com/images/g/hh0AAeSwQOlqft25/s-l225.jpg
无基准,,,,61.0,[MINT] Olympus PEN FT Half Frame Film Camera w/ F.Zuiko 25mm f/2.8 Lens JAPAN,olympus pen half,Olympus,Film Cameras,Used,549.99,USD,FIXED_PRICE,mount:olympus om;good-cond,JP,isshin39,100.0,2026-08-14T08:55:59.000Z,,https://www.ebay.com/itm/198570231081?hash=item2e3bb54529:g:LgwAAeSwXudqfthi,https://i.ebayimg.com/images/g/LgwAAeSwXudqfthi/s-l225.jpg
无基准,,,,61.0,[MINT+++] Canon P Repaint Black Body 35mm Rangefinder Film Camera L39 From JAPAN,canon repaint,Canon,Film Cameras,Used,559.99,USD,FIXED_PRICE,mount:ltm/l39;good-cond,JP,shoyama_japan,100.0,2026-08-14T06:02:54.000Z,,https://www.ebay.com/itm/307125712533?hash=item47821e7695:g:BPgAAeSw8fdqfrAL,https://i.ebayimg.com/images/g/BPgAAeSw8fdqfrAL/s-l225.jpg
高价,+718%,76.45,80,61.0,Contax TVS II 35mm Film Camera - Zeiss Vario - Sonnar 28-56mm - Fully Working,contax tvs,Contax,Film Cameras,Used,625.1,USD,"FIXED_PRICE,BEST_OFFER",grail:Contax TVS,JP,cooljapantoys,100.0,2026-08-15T00:10:38.000Z,,https://www.ebay.com/itm/407145452733?hash=item5ecbc294bd:g:2tgAAeSwIGNqf644,https://i.ebayimg.com/images/g/2tgAAeSwIGNqf644/s-l225.jpg
无基准,,,,61.0,*CLA'd : Late Model 743xxxx : Near Mint* Nikon F Eye Level Black Film Camera /JP,nikon eye level,Nikon,Film Cameras,Used,643.99,USD,FIXED_PRICE,mount:nikon f;good-cond,JP,dub0804-55,100.0,2026-08-14T11:44:32.000Z,,https://www.ebay.com/itm/366605145777?hash=item555b5e96b1:g:1jwAAOSwkOxnEbPQ,https://i.ebayimg.com/images/g/1jwAAOSwkOxnEbPQ/s-l225.jpg
无基准,,,,61.0,[MINT w/2Lenses] Olympus OM-4Ti Black 35mm SLR Film Camera From Japan,olympus om-4ti,Olympus,Film Cameras,Used,769.99,USD,"FIXED_PRICE,BEST_OFFER",mount:olympus om;good-cond,JP,morita-camera,99.1,2026-08-14T10:47:54.000Z,,https://www.ebay.com/itm/398284575727?hash=item5cbb9c53ef:g:gAIAAeSwxhdqaf4u,https://i.ebayimg.com/images/g/gAIAAeSwxhdqaf4u/s-l225.jpg
无基准,,,,61.0,w/ Hood [Top MINT] Olympus OM-4Ti Ti Black Film Camera 50mm f1.8 Lens From JAPAN,olympus om-4ti,Olympus,Film Cameras,Used,899.99,USD,FIXED_PRICE,mount:olympus om;good-cond,JP,toyo_camera_japan,99.8,2026-08-14T13:02:34.000Z,,https://www.ebay.com/itm/377418012258?hash=item57dfddd662:i:377418012258,
偏低,-16%,1192.49,80,61.0,[Near MINT] Nikon S3 original model 35mm Rangefinder Film Camera From JAPAN,nikon s3,Nikon,Film Cameras,Used,999.9,USD,FIXED_PRICE,good-cond,JP,falcon-4777-jp,100.0,2026-08-14T14:29:46.000Z,,https://www.ebay.com/itm/188792003098?hash=item2bf4e15a1a:g:mHYAAeSwk3lqfycR,https://i.ebayimg.com/images/g/mHYAAeSwk3lqfycR/s-l225.jpg
无基准,,,,61.0,[Mint w/Box] Olympus OM-4Ti Champagne Gold 35mm SLR Film Camera Body From JAPAN,olympus om-4ti,Olympus,Film Cameras,Used,1194.99,USD,"FIXED_PRICE,BEST_OFFER",mount:olympus om;good-cond,JP,morita-camera,99.1,2026-08-14T10:44:26.000Z,,https://www.ebay.com/itm/398284570196?hash=item5cbb9c3e54:g:HbsAAeSwXRFqagGI,https://i.ebayimg.com/images/g/HbsAAeSwXRFqagGI/s-l225.jpg
偏低,-20%,1508.0,70,61.0,[Top Mint in Box] Pentax 645NII Film Camera Body / 120 Film Back From JAPAN,pentax 645nii,Pentax,Film Cameras,Used,1199.99,USD,FIXED_PRICE,good-cond,JP,kaya6610,99.6,2026-08-14T19:11:57.000Z,,https://www.ebay.com/itm/318730487519?hash=item4a35d146df:g:qukAAeSwCsZqf2mN,https://i.ebayimg.com/images/g/qukAAeSwCsZqf2mN/s-l225.jpg
高价,+339%,284.94,80,61.0,CONTAX T2 Compact Film Camera Carl Zeiss Sonnar 38mm F2.8 T With Case Used,contax t2,Contax,Film Cameras,Used,1252.11,USD,FIXED_PRICE,grail:CONTAX T2,JP,manekineko-japan,98.4,2026-08-14T08:40:54.000Z,,https://www.ebay.com/itm/206490151667?hash=item3013c5aaf3:g:LicAAeSwCclqftWK,https://i.ebayimg.com/images/g/LicAAeSwCclqftWK/s-l225.jpg
偏低,-9%,1695.0,75,61.0,LCD OK CT: 005 w/Hood [N MINT+3] Fuji Fujifilm GA645Zi Medium Film Camera JAPAN,fuji ga645zi,Fuji,Film Cameras,Used,1549.99,USD,FIXED_PRICE,good-cond,JP,happy-cameras-jp,100.0,2026-08-14T22:22:55.000Z,,https://www.ebay.com/itm/407145279224?hash=item5ecbbfeef8:g:i5MAAeSwPZVqf5Xz,https://i.ebayimg.com/images/g/i5MAAeSwPZVqf5Xz/s-l225.jpg
高价,+400%,399.99,80,61.0,All Late [Top Mint w/ Case Hood Grip ] Pentax 67 6x7 TTL p 105mm f2.4 From JAPAN,pentax 67,Pentax,Film Cameras,Used,1999.9,USD,FIXED_PRICE,grail:Pentax 67;good-cond,JP,daisu19,99.0,2026-08-14T09:38:44.000Z,,https://www.ebay.com/itm/800506491782?hash=itemba61e7b386:g:tBMAAeSwv8xqfuKg,https://i.ebayimg.com/images/g/tBMAAeSwv8xqfuKg/s-l225.jpg
无基准,,,,61.0,Mamiya 7 II Black Rangefinder Film Camera #1035 w/ Mamiya N 80mm f/4 Lens #1038,mamiya 7,Mamiya,Film Cameras,Used,7439.0,USD,"FIXED_PRICE,BEST_OFFER",grail:Mamiya 7 II,HK,pandacamera_com,99.4,2026-08-14T07:37:15.000Z,,https://www.ebay.com/itm/267756802366?hash=item3e578c913e:g:idIAAeSw1clqfsSn,https://i.ebayimg.com/images/g/idIAAeSw1clqfsSn/s-l225.jpg
无基准,,,,61.0,[MINT] Linhof Master Technika 45 Camera w/ Zeiss 75 135 250mm Lenses From JAPAN,linhof 45,Linhof,Film Cameras,Used,8448.0,USD,FIXED_PRICE,good-cond,JP,taabo93,100.0,2026-08-14T11:03:16.000Z,,https://www.ebay.com/itm/137620208281?hash=item200acdba99:g:sfUAAeSw19lqfvZ9,https://i.ebayimg.com/images/g/sfUAAeSw19lqfvZ9/s-l225.jpg
无基准,,,,60.0,Mamiya Sekor 1000 TL 35mm Film Camera w/ 55mm f/1.8 Lens – M42 – Vintage SLR,mamiya 1000,Mamiya,Film Cameras,Used,55.0,USD,FIXED_PRICE,mount:m42;55mm,US,northwest-curated,99.3,2026-08-14T10:29:16.000Z,,https://www.ebay.com/itm/137620121776?hash=item200acc68b0:g:uhMAAeSw2FBpPynw,https://i.ebayimg.com/images/g/uhMAAeSw2FBpPynw/s-l225.jpg
偏高,+25%,99.99,80,60.0,Working Canon A-1 FL 50 F1.4 Film DSLR Camera,canon a-1,Canon,Film Cameras,Used,124.66,USD,FIXED_PRICE,grail:Canon A-1;mount:canon fd,JP,tukemai,100.0,2026-08-15T11:33:18.000Z,,https://www.ebay.com/itm/407146512103?hash=item5ecbd2bee7:g:Ho0AAeSwlC5qgE76,https://i.ebayimg.com/images/g/Ho0AAeSwlC5qgE76/s-l225.jpg
偏高,+19%,134.94,8,60.0,[Top Mint-] Mamiya Sekor 360mm f6.3 Telephoto Lens for RB67 Pro S SD From JAPAN,mamiya sekor 360mm f6.3,Mamiya,Lenses,Used,159.99,USD,FIXED_PRICE,grail:RB67;good-cond,JP,shib5636,100.0,2026-08-14T05:17:11.000Z,,https://www.ebay.com/itm/398283688060?hash=item5cbb8ec87c:g:OmkAAeSwEe9qfqXR,https://i.ebayimg.com/images/g/OmkAAeSwEe9qfqXR/s-l225.jpg
偏高,+27%,149.99,48,60.0,[MINT] SMC Pentax-A 645 150mm F3.5 Manual Lens w/Filter for 645 N NII From JAPAN,pentax smc 150mm f3.5,Pentax,Lenses,Used,189.99,USD,FIXED_PRICE,grail:645;mount:pentax k;good-cond,JP,hajimyokoyam_0,100.0,2026-08-15T00:20:57.000Z,,https://www.ebay.com/itm/227476358449?hash=item34f6a5c531:g:d~8AAeSwmrBqP3QF,https://i.ebayimg.com/images/g/d~8AAeSwmrBqP3QF/s-l225.jpg
偏低,-23%,299.48,8,60.0,Carl Zeiss Touit 12mm f/2.8 T* Distagon Lens For Sony E-Mount with Hood & Cap,zeiss distagon 12mm f2.8,Zeiss,Lenses,Used,229.99,USD,"FIXED_PRICE,BEST_OFFER",grail:Distagon,US,diaz_electronics,99.8,2026-08-15T00:25:08.000Z,,https://www.ebay.com/itm/318731525776?hash=item4a35e11e90:g:bw0AAeSwqylqf3j8,https://i.ebayimg.com/images/g/bw0AAeSwqylqf3j8/s-l225.jpg
偏高,+16%,337.44,80,60.0,Read[TOP MINT] SMC Pentax A 645 35mm f3.5 for 645 N NII From Japan,pentax smc 35mm f3.5,Pentax,Lenses,Used,389.99,USD,"FIXED_PRICE,BEST_OFFER",grail:645;mount:pentax k;good-cond,JP,shonan_vintage_japan,100.0,2026-08-14T21:35:53.000Z,,https://www.ebay.com/itm/147505337771?hash=item225800d5ab:g:DpIAAeSwkEFqLTL8,https://i.ebayimg.com/images/g/DpIAAeSwkEFqLTL8/s-l225.jpg
偏高,+19%,337.44,80,60.0,[Top Mint] Pentax SMC Pentax-A 35mm F3.5 Wide Angle Lens for 645N NII From JAPAN,pentax smc 35mm f3.5,Pentax,Lenses,Used,399.99,USD,FIXED_PRICE,grail:645N;mount:pentax k;good-cond,JP,bais_4223,100.0,2026-08-14T17:59:27.000Z,,https://www.ebay.com/itm/800508314307?hash=itemba620382c3:g:LesAAeSwQAFqBL4E,https://i.ebayimg.com/images/g/LesAAeSwQAFqBL4E/s-l225.jpg
偏高,+33%,299.99,28,60.0,*MINT* Canon FD 24-35mm F3.5 S.S.C Aspherical ASPH Zoom Lens F-1 AE-1 From JAPAN,canon fd 24-35mm f3.5,Canon,Lenses,Used,399.99,USD,FIXED_PRICE,grail:AE-1;mount:canon fd;good-cond,JP,japan.treasures.camera,100.0,2026-08-14T14:03:35.000Z,,https://www.ebay.com/itm/407144438661?hash=item5ecbb31b85:g:u-gAAeSw-klqfyC2,https://i.ebayimg.com/images/g/u-gAAeSw-klqfyC2/s-l225.jpg
偏高,+40%,349.04,80,60.0,SC [ Unused in Box ] Voigtlander Nokton Classic 40mm F1.4 VM Leica M From JAPAN,voigtlander nokton 40mm f1.4,Voigtlander,Lenses,Used,489.9,USD,FIXED_PRICE,grail:Nokton;mount:leica m,JP,ryutaka-94,100.0,2026-08-14T22:16:34.000Z,,https://www.ebay.com/itm/318731132750?hash=item4a35db1f4e:g:kecAAeSw-h9qf5Tv,https://i.ebayimg.com/images/g/kecAAeSw-h9qf5Tv/s-l225.jpg
偏高,+41%,353.0,80,60.0,[ Unused ] Voigtlander NOKTON Classic 35mm F/1.4 II MC VM for Leica M Lens japan,voigtlander nokton 35mm f1.4,Voigtlander,Lenses,Open box,499.0,USD,FIXED_PRICE,grail:NOKTON;mount:leica m,JP,ageha.b-48,100.0,2026-08-14T13:00:50.000Z,,https://www.ebay.com/itm/800507207099?hash=itemba61f29dbb:g:COwAAeSwcqNpBqac,https://i.ebayimg.com/images/g/COwAAeSwcqNpBqac/s-l225.jpg
偏高,+23%,689.94,38,60.0,Hasselblad Carl Zeiss Makro-Planar CF 120mm f/4 Lens V Mount Medium Format H0814,hasselblad planar 120mm f4,Hasselblad,Lenses,Used,850.73,USD,FIXED_PRICE,grail:Planar;mount:hasselblad v,JP,kyoto_camera,99.7,2026-08-14T11:00:04.000Z,,https://www.ebay.com/itm/287524579193?hash=item42f1cce779:g:XUsAAeSwIDhqfvSw,https://i.ebayimg.com/images/g/XUsAAeSwIDhqfvSw/s-l225.jpg
偏高,+24%,773.93,17,60.0,Voigtlander Nokton 50mm F1.1 VM Black Lens for Leica M Mount From Japan E0815,voigtlander nokton 50mm f1.1,Voigtlander,Lenses,Used,957.45,USD,FIXED_PRICE,grail:Nokton;mount:leica m,JP,kyoto_camera,99.7,2026-08-14T23:18:16.000Z,,https://www.ebay.com/itm/287525635685?hash=item42f1dd0665:g:bpgAAeSw~wRqf6Gj,https://i.ebayimg.com/images/g/bpgAAeSw~wRqf6Gj/s-l225.jpg
偏高,+34%,1199.99,18,60.0,Hasselblad Distagon FE 50mm f/2.8 TCC FLE Lens Carl Zeiss Medium Format H0814,hasselblad distagon 50mm f2.8,Hasselblad,Lenses,Used,1614.12,USD,FIXED_PRICE,grail:Distagon;mount:sony e,JP,kyoto_camera,99.7,2026-08-14T10:51:40.000Z,,https://www.ebay.com/itm/278279298599?hash=item40cabd1e27:g:YM4AAeSwtBlqfvKe,https://i.ebayimg.com/images/g/YM4AAeSwtBlqfvKe/s-l225.jpg
偏高,+18%,2549.94,10,60.0,"""Almost Unused"" Leica M4-P Black Rangefinder 35mm Film Camera Body From JAPAN",leica m4-p,Leica,Film Cameras,Used,2999.99,USD,"FIXED_PRICE,BEST_OFFER",grail:Leica M4,JP,kawashima-camera,100.0,2026-08-14T22:47:33.000Z,,https://www.ebay.com/itm/147505421663?hash=item2258021d5f:g:9-4AAeSwtH5qf5oP,https://i.ebayimg.com/images/g/9-4AAeSwtH5qf5oP/s-l225.jpg
无基准,,67.83,80,59.0,Vintage Rolleiflex 3.5A K4A – Zeiss-Opton Tessar 75mm f/3.5 – Synchro-Compur,rolleiflex rolleiflex,Rolleiflex,Vintage Cameras,,0.0,USD,AUCTION,grail:Tessar;auction,BR,flsc_1983,100.0,2026-08-14T21:27:10.000Z,2026-08-21T21:27:10.000Z,https://www.ebay.com/itm/800509028835?hash=itemba620e69e3:g:eNgAAeSwKTRqf3-2,https://i.ebayimg.com/images/g/eNgAAeSwKTRqf3-2/s-l225.jpg
无基准,,,,59.0,mamiya rz67 extension tube no.1 45mm,mamiya rz67,Mamiya,Film Cameras,Usato,0.0,USD,"AUCTION,BEST_OFFER",grail:rz67;auction,IT,raving_mad_photographer,100.0,2026-08-14T07:54:59.000Z,2026-08-24T07:54:59.000Z,https://www.ebay.com/itm/287524250268?hash=item42f1c7e29c:g:rwIAAOSwWo5jjgeS,https://i.ebayimg.com/images/g/rwIAAOSwWo5jjgeS/s-l225.jpg
高价,+301%,27.1,80,59.0,*READ : Near Mint* Pentax Spotmatic SP Film Camera Super Takumar 55mm F/1.8 /JPN,pentax spotmatic,Pentax,Film Cameras,Used,108.56,USD,FIXED_PRICE,grail:Spotmatic;55mm;good-cond,JP,hitonaga-0,100.0,2026-08-14T11:30:34.000Z,,https://www.ebay.com/itm/407143976133?hash=item5ecbac0cc5:g:IkkAAeSw24NobGIr,https://i.ebayimg.com/images/g/IkkAAeSw24NobGIr/s-l225.jpg
高价,+416%,27.1,80,59.0,[Near MINT] Pentax Spotmatic SP Black 35mm SLR SMC TAKUMAR 55mm F1.8 From JAPAN,pentax spotmatic,Pentax,Film Cameras,Used,139.9,USD,FIXED_PRICE,grail:Spotmatic;55mm;good-cond,JP,kyomjp96,100.0,2026-08-14T16:15:55.000Z,,https://www.ebay.com/itm/147504848880?hash=item2257f95ff0:g:GaEAAeSwinpqfz~2,https://i.ebayimg.com/images/g/GaEAAeSwinpqfz~2/s-l225.jpg
高价,+426%,27.1,80,59.0,*Near Mint w/ Flash* Pentax Spotmatic SP Black Film Camera SMC T 55mm F/1.8 Lens,pentax spotmatic,Pentax,Film Cameras,Used,142.49,USD,FIXED_PRICE,grail:Spotmatic;55mm;good-cond,JP,hitonaga-0,100.0,2026-08-14T11:30:35.000Z,,https://www.ebay.com/itm/407143976180?hash=item5ecbac0cf4:g:t7kAAOSwgg5j9WVQ,https://i.ebayimg.com/images/g/t7kAAOSwgg5j9WVQ/s-l225.jpg
无基准,,99.99,80,59.0,Canon A-1 Film Camera with 50mm f1.8 Lens - very good condition,canon a-1,Canon,Film Cameras,Used,144.14,USD,"FIXED_PRICE,AUCTION",grail:Canon A-1;auction,CA,applejack_sasquatch,100.0,2026-08-14T23:40:39.000Z,2026-08-21T23:40:39.000Z,https://www.ebay.com/itm/278281101364?hash=item40cad8a034:g:m0MAAeSwls1qf6Sm,https://i.ebayimg.com/images/g/m0MAAeSwls1qf6Sm/s-l225.jpg
高价,+327%,39.78,80,59.0,▶️ [N.Mint]PENTAX SP 35mm Film Camera ＋SMC Takumar 55mm f/1.8 2971677,pentax smc,Pentax,Film Cameras,Used,170.0,USD,"FIXED_PRICE,BEST_OFFER",grail:PENTAX SP;55mm;good-cond,JP,nomu-86,99.6,2026-08-14T04:50:14.000Z,,https://www.ebay.com/itm/407143267846?hash=item5ecba13e06:g:vOoAAeSwfVNqVtLM,https://i.ebayimg.com/images/g/vOoAAeSwfVNqVtLM/s-l225.jpg
高价,+428%,35.99,80,59.0,[Near Mint] ASAHI PENTAX SPOTMATIC SPⅡ & Super Takumar 55mm F1.8 from JAPAN,asahi spotmatic,Asahi,Film Cameras,Used,189.99,USD,FIXED_PRICE,grail:SPOTMATIC;55mm;good-cond,JP,photo_life_japan,100.0,2026-08-14T09:17:04.000Z,,https://www.ebay.com/itm/287524337805?hash=item42f1c9388d:g:UKQAAeSw4PZqfsLJ,https://i.ebayimg.com/images/g/UKQAAeSw4PZqfsLJ/s-l225.jpg
高价,+967%,27.1,80,59.0,*Rare Black : Near Mint ++* Pentax Spotmatic SP II Camera SMC T 55mm F/1.8 / JPN,pentax spotmatic,Pentax,Film Cameras,Used,289.12,USD,FIXED_PRICE,grail:Spotmatic;55mm;good-cond,JP,dub0804-55,100.0,2026-08-14T11:44:32.000Z,,https://www.ebay.com/itm/366605145789?hash=item555b5e96bd:g:jGkAAOSw8S1lUGQg,https://i.ebayimg.com/images/g/jGkAAOSw8S1lUGQg/s-l225.jpg
无基准,,99.99,80,59.0,Pentax K1000 - Heirloom Belonged to....,pentax k1000,Pentax,Vintage Cameras,,312.39,USD,"FIXED_PRICE,AUCTION",grail:K1000;auction,IT,alias.sas-5,100.0,2026-08-14T13:53:31.000Z,2026-08-24T13:53:31.000Z,https://www.ebay.com/itm/227475725610?hash=item34f69c1d2a:g:4SUAAeSwc5lqV48R,https://i.ebayimg.com/images/g/4SUAAeSwc5lqV48R/s-l225.jpg
高价,+218%,99.0,80,59.0,Meter Works [EXC+++++] Canon F-1 35mm Film Camera 55mm F1.2 SSC Lens From Japan,canon f-1,Canon,Film Cameras,Used,314.99,USD,FIXED_PRICE,grail:Canon F-1;55mm;good-cond,JP,ht-smile,100.0,2026-08-14T16:20:56.000Z,,https://www.ebay.com/itm/128026660377?hash=item1dcefbce19:g:S4AAAeSwK4lp2ke-,https://i.ebayimg.com/images/g/S4AAAeSwK4lp2ke-/s-l225.jpg
偏低,-13%,379.0,11,59.0,【 MINT / Full Set 】Voigtlander COLOR-SKOPAR 21mm f/4 Lens Leica LTM L39,voigtlander ltm 21mm f4,Voigtlander,Lenses,Used,330.0,USD,"FIXED_PRICE,BEST_OFFER",mount:ltm/l39;good-cond,US,lu-823366,100.0,2026-08-14T09:57:10.000Z,,https://www.ebay.com/itm/820000657483?hash=itembeebd9104b:g:bUUAAeSwwvJqZr9C,https://i.ebayimg.com/images/g/bUUAAeSwwvJqZr9C/s-l225.jpg
高价,+1371%,39.78,80,59.0,Pentax 645 A Film Camera SMC A 55mm f/2.8 120 Film Insert from JAPAN [NEAR MINT],pentax smc,Pentax,Film Cameras,Used,584.99,USD,"FIXED_PRICE,BEST_OFFER",grail:645;55mm;good-cond,JP,dream.camera.tokyo,100.0,2026-08-14T06:50:57.000Z,,https://www.ebay.com/itm/318727761573?hash=item4a35a7aea5:g:qnIAAeSwB-dqWT04,https://i.ebayimg.com/images/g/qnIAAeSwB-dqWT04/s-l225.jpg
高价,+105%,399.99,80,59.0,w/Hood&Strap [Mint] Pentax 6x7 67 TTL MUP Film Camera 55mm f3.5 Lens From JAPAN,pentax 67,Pentax,Film Cameras,Used,819.99,USD,FIXED_PRICE,grail:6x7;55mm;good-cond,JP,shib5636,100.0,2026-08-14T05:18:48.000Z,,https://www.ebay.com/itm/398283689918?hash=item5cbb8ecfbe:g:bxsAAeSwqvlqfqYs,https://i.ebayimg.com/images/g/bxsAAeSwqvlqfqYs/s-l225.jpg
高价,+133%,399.99,80,59.0,[N MINT w/ Grip] Pentax 6x7 67 TTL Mirror Up + SMC Takumar 55mm F/3.5 From JAPAN,pentax 67,Pentax,Film Cameras,Used,929.99,USD,FIXED_PRICE,grail:6x7;55mm;good-cond,JP,marcury-29,100.0,2026-08-14T04:45:51.000Z,,https://www.ebay.com/itm/398283614677?hash=item5cbb8da9d5:g:80wAAeSw1~Nqfp6w,https://i.ebayimg.com/images/g/80wAAeSw1~Nqfp6w/s-l225.jpg
高价,+300%,399.99,80,59.0,3 Lens【N MINT】Pentax 6x7 67 TTL Mup Film Camera Grip SMC T 55mm 105mm 200mm Case,pentax 67,Pentax,Film Cameras,Used,1599.99,USD,FIXED_PRICE,grail:6x7;55mm;good-cond,JP,hirmim-12,100.0,2026-08-15T08:37:44.000Z,,https://www.ebay.com/itm/398288126686?hash=item5cbbd282de:g:j8oAAeSwJHdqgCKm,https://i.ebayimg.com/images/g/j8oAAeSwJHdqgCKm/s-l225.jpg
高价,+325%,399.99,80,59.0,4 Lens【N MINT Case】Pentax 6x7 67 TTL Mup Film Camera Grip 55mm 105mm 135mm 200mm,pentax 67,Pentax,Film Cameras,Used,1699.99,USD,FIXED_PRICE,grail:6x7;55mm;good-cond,JP,hirmim-12,100.0,2026-08-14T10:49:11.000Z,,https://www.ebay.com/itm/398284583174?hash=item5cbb9c7106:g:RuAAAeSwYPFqfu4i,https://i.ebayimg.com/images/g/RuAAAeSwYPFqfu4i/s-l225.jpg
高价,+69%,2749.49,16,59.0,"Hasselblad 501C Complete Kit 50mm, 80mm Carl Zeiss T 2 A12 Backs PM5 Prism Mint*",hasselblad 501c,Hasselblad,Film Cameras,Used,4648.65,USD,"FIXED_PRICE,BEST_OFFER",grail:501C;good-cond,CA,lauwierz0,0.0,2026-08-15T01:55:26.000Z,,https://www.ebay.com/itm/158189704426?hash=item24d4d754ea:g:SYUAAeSw-wlqf7~g,https://i.ebayimg.com/images/g/SYUAAeSw-wlqf7~g/s-l225.jpg
无基准,,220.0,80,58.0,Black Leica Leitz Wetzlar Elmar 9cm 90mm f/4 M mount,leica elmar 90mm f4,Leica,Lenses,Used,0.0,USD,"AUCTION,BEST_OFFER",grail:Elmar;mount:leica m;auction,US,k7fm,100.0,2026-08-14T23:24:23.000Z,2026-08-19T23:24:23.000Z,https://www.ebay.com/itm/336742888047?hash=item4e6770b26f:g:RAQAAeSwJaRqZQD0,https://i.ebayimg.com/images/g/RAQAAeSwJaRqZQD0/s-l225.jpg
无基准,,3119.49,80,58.0,"Leica Summilux-M 35mm f1.4 ASPH. Lens (Leica M, Black, 11874)",leica summilux 35mm f1.4,Leica,Lenses,Used,0.0,USD,AUCTION,grail:Summilux;mount:leica m;auction,US,5th_and_broadway,100.0,2026-08-14T19:40:57.000Z,2026-08-21T19:40:57.000Z,https://www.ebay.com/itm/336742625266?hash=item4e676caff2:g:C-wAAeSwBidqf21h,https://i.ebayimg.com/images/g/C-wAAeSwBidqf21h/s-l225.jpg
无基准,,501.75,80,58.0,"Carl Zeiss C Sonnar T* 50mm F1.5 ZM Leica M Mount Black Used Clean w/Hood,Box",zeiss sonnar 50mm f1.5,Zeiss,Lenses,Used,0.0,USD,AUCTION,grail:Sonnar;mount:leica m;auction,US,bozemancamera,100.0,2026-08-14T16:56:11.000Z,2026-08-21T16:56:11.000Z,https://www.ebay.com/itm/227475925332?hash=item34f69f2954:g:1jEAAeSwdbJqGdOg,https://i.ebayimg.com/images/g/1jEAAeSwdbJqGdOg/s-l225.jpg
无基准,,,,58.0,"Canon A-1 SLR Camera 50mm 1:1.8 / 100-200mm 1:15.6 FD, Pwr Winder A, Speedlite",canon a-1,Canon,Film Cameras,Used,0.0,USD,AUCTION,grail:Canon A-1;mount:canon fd;auction,US,the13thronin,100.0,2026-08-14T10:33:42.000Z,2026-08-21T10:33:42.000Z,https://www.ebay.com/itm/278279253027?hash=item40cabc6c23:g:WTAAAeSwrBRo93QS,https://i.ebayimg.com/images/g/WTAAAeSwrBRo93QS/s-l225.jpg
合理,+10%,72.49,80,58.0,Minolta SRT 102 SRT102 35mm SLR Camera Body ~Meter Works~ #640,minolta 102,Minolta,Vintage Cameras,,79.99,USD,"FIXED_PRICE,BEST_OFFER",grail:SRT102,US,mphotoplus,100.0,2026-08-14T18:05:03.000Z,,https://www.ebay.com/itm/820002190349?hash=itembeebf0740d:g:ApgAAeSwyudqf1hi,https://i.ebayimg.com/images/g/ApgAAeSwyudqf1hi/s-l225.jpg
合理,-2%,99.99,80,58.0,Pentax K1000 SE 35mm SLR Film Camera (HPB031470),pentax k1000,Pentax,Film Cameras,Used,97.99,USD,FIXED_PRICE,grail:K1000,US,send_an_offer1992,99.5,2026-08-15T13:14:56.000Z,,https://www.ebay.com/itm/278282940883?hash=item40caf4b1d3:g:Y90AAeSwa2dqgGY-,https://i.ebayimg.com/images/g/Y90AAeSwa2dqgGY-/s-l225.jpg
合理,+0%,139.99,80,58.0,Meter Works [N MINT] Pentax K2 35mm SLR Film Camera 55mm F/1.8 lens From JAPAN,pentax k2,Pentax,Film Cameras,Used,139.99,USD,FIXED_PRICE,55mm;good-cond,JP,gionkyotocamera,100.0,2026-08-14T13:33:04.000Z,,https://www.ebay.com/itm/398284994012?hash=item5cbba2b5dc:g:z3sAAeSwhm1qKSiC,https://i.ebayimg.com/images/g/z3sAAeSwhm1qKSiC/s-l225.jpg
无基准,,,,58.0,*Almost Mint* Pentax SL Film Camera Super Takumar 55mm F/1.8 Standard Lens / JPN,pentax super takumar,Pentax,Film Cameras,Used,147.05,USD,FIXED_PRICE,55mm;good-cond,JP,hitonaga-0,100.0,2026-08-14T11:30:35.000Z,,https://www.ebay.com/itm/407143976169?hash=item5ecbac0ce9:g:YDsAAeSw9Rtn~d2x,https://i.ebayimg.com/images/g/YDsAAeSw9Rtn~d2x/s-l225.jpg
无基准,,,,58.0,*Near Mint ++ w/Case* Pentax SV Film Camera Super Takumar 55mm F/1.8 Early Model,pentax super takumar,Pentax,Film Cameras,Used,148.68,USD,FIXED_PRICE,55mm;good-cond,JP,hitonaga-0,100.0,2026-08-14T11:30:34.000Z,,https://www.ebay.com/itm/407143976145?hash=item5ecbac0cd1:g:84cAAeSwYIpqGhCW,https://i.ebayimg.com/images/g/84cAAeSwYIpqGhCW/s-l225.jpg
无基准,,,,58.0,Nikon FE2 Photomic Black 35mm,nikon fe2,Nikon,Film Cameras,Used,150.0,USD,"FIXED_PRICE,BEST_OFFER",grail:FE2,US,no_134103,100.0,2026-08-14T07:36:51.000Z,,https://www.ebay.com/itm/800506023521?hash=itemba61e08e61:g:S68AAeSwAY9qcF98,https://i.ebayimg.com/images/g/S68AAeSwAY9qcF98/s-l225.jpg
无基准,,,,58.0,*Rare Black : Near Mint* Pentax SL Film Camera Super Takumar 55mm F/2 From Japan,pentax super takumar,Pentax,Film Cameras,Used,161.49,USD,FIXED_PRICE,55mm;good-cond,JP,dub0804-55,100.0,2026-08-14T11:44:32.000Z,,https://www.ebay.com/itm/366605145788?hash=item555b5e96bc:g:nGYAAeSwVuppLX2R,https://i.ebayimg.com/images/g/nGYAAeSwVuppLX2R/s-l225.jpg
无基准,,,,58.0,Canon AE-1 Program 35mm Film Camera (Body Only) from Japan Tested & Ready to Use,canon ae-1,Canon,Film Cameras,Used,175.0,USD,"FIXED_PRICE,BEST_OFFER",grail:AE-1,US,myamolin2,97.9,2026-08-14T09:59:27.000Z,,https://www.ebay.com/itm/298587178716?hash=item45852ec6dc:g:2akAAeSwGbJqfuX2,https://i.ebayimg.com/images/g/2akAAeSwGbJqfuX2/s-l225.jpg
无基准,,,,58.0,Canon AE-1 Program 35mm Manual SLR Film Camera with 3 Lens and Bag,canon ae-1,Canon,Film Cameras,Used,185.76,USD,FIXED_PRICE,grail:AE-1,US,bookwormtoys,100.0,2026-08-14T10:24:32.000Z,,https://www.ebay.com/itm/327309793843?hash=item4c352f1a33:g:ibgAAOSwNw5mfzXM,https://i.ebayimg.com/images/g/ibgAAOSwNw5mfzXM/s-l225.jpg
无基准,,,,58.0,*Near Mint* Konica FP Film Camera Hexanon 52mm F/1.8 Standard Lens From Japan,konica hexanon,Konica,Film Cameras,Used,193.79,USD,FIXED_PRICE,52mm;good-cond,JP,hitonaga-0,100.0,2026-08-14T11:38:59.000Z,,https://www.ebay.com/itm/407143987944?hash=item5ecbac3ae8:g:M-IAAOSwolNkU1dK,https://i.ebayimg.com/images/g/M-IAAOSwolNkU1dK/s-l225.jpg
合理,+5%,186.39,80,58.0,CLA'd▶[N MINT+] Nikon F80 MB-16 SLR + DX AF-S 18-55mm f3.5-5.6 G Lens From JAPAN,nikon f80,Nikon,Film Cameras,Used,194.99,USD,FIXED_PRICE,55mm;good-cond,JP,taknis-78,100.0,2026-08-15T09:51:56.000Z,,https://www.ebay.com/itm/336743568664?hash=item4e677b1518:g:l-MAAeSw-h9qgDe2,https://i.ebayimg.com/images/g/l-MAAeSw-h9qgDe2/s-l225.jpg
无基准,,,,58.0,*Near Mint* Konica FP SLR 35mm Film Camera Hexanon 52mm F/1.8 Lens From Japan,konica hexanon 35mm f1.8,Konica,Film Cameras,Used,199.49,USD,FIXED_PRICE,52mm;good-cond,JP,dub0804-55,100.0,2026-08-14T11:34:40.000Z,,https://www.ebay.com/itm/366605134695?hash=item555b5e6b67:g:GYwAAOSwZ11jfZ4w,https://i.ebayimg.com/images/g/GYwAAOSwZ11jfZ4w/s-l225.jpg
无基准,,,,58.0,Pentax K1000 SE 35mm SLR Film Camera Manual Focus Vintage Camera Hong Kong Used,pentax k1000,Pentax,Film Cameras,Used,209.99,USD,"FIXED_PRICE,BEST_OFFER",grail:K1000,US,toms_trade_and_supply,100.0,2026-08-14T11:48:44.000Z,,https://www.ebay.com/itm/178406084854?hash=item2989d4d0f6:g:O6oAAeSw8fdqfwHo,https://i.ebayimg.com/images/g/O6oAAeSw8fdqfwHo/s-l225.jpg
合理,-7%,237.03,14,58.0,[N MINT] PENTAX SMC Takumar 6x7 150mm F2.8 Medium Format Lens 67 67II From JAPAN,pentax takumar 150mm f2.8,Pentax,Lenses,Used,219.99,USD,FIXED_PRICE,grail:6x7;good-cond,JP,whitrade-46,100.0,2026-08-14T04:17:55.000Z,,https://www.ebay.com/itm/398283557158?hash=item5cbb8cc926:g:99YAAeSwSKxqfpet,https://i.ebayimg.com/images/g/99YAAeSwSKxqfpet/s-l225.jpg
合理,+11%,220.0,80,58.0,Leica 90mm f4 Elmar Late Dual Scale Chrome M Lens w/Caps f/Film/Digital NICE!,leica elmar 90mm f4,Leica,Lenses,Used,245.0,USD,"FIXED_PRICE,BEST_OFFER",grail:Elmar,US,jimmynbetty,100.0,2026-08-14T13:52:47.000Z,,https://www.ebay.com/itm/206490753265?hash=item3013ced8f1:g:g5YAAeSw9jhqfxsX,https://i.ebayimg.com/images/g/g5YAAeSw9jhqfxsX/s-l225.jpg
合理,+11%,225.0,37,58.0,[Almost Unused] Nikon UW Nikkor 15mm f/2.8 Lens For Nikonos From JAPAN #1179,nikon nikkor 15mm f2.8,Nikon,Lenses,Used,249.99,USD,FIXED_PRICE,grail:Nikonos;mount:nikon f,JP,jojig_59_camera_japan,99.7,2026-08-15T00:11:22.000Z,,https://www.ebay.com/itm/137622358303?hash=item200aee891f:g:xq0AAeSwSG9qf69g,https://i.ebayimg.com/images/g/xq0AAeSwSG9qf69g/s-l225.jpg
无基准,,,,58.0,Pentax Asahi K1000 35mm Film Camera W/50mm Lens Film Tested! READ DESC,pentax k1000,Pentax,Film Cameras,Used,250.0,USD,"FIXED_PRICE,BEST_OFFER",grail:K1000,US,hasull_28,0.0,2026-08-14T04:14:58.000Z,,https://www.ebay.com/itm/377416959212?hash=item57dfcdc4ec:g:xg4AAeSwhyNqfpYN,https://i.ebayimg.com/images/g/xg4AAeSwhyNqfpYN/s-l225.jpg
合理,+8%,232.0,17,58.0,Mamiya RB67 127mm f3.5 K/L Sekor L Lens RB-67 *Read #043,mamiya sekor 127mm f3.5,Mamiya,Lenses,Used,250.38,USD,"FIXED_PRICE,BEST_OFFER",grail:RB67,US,robertscamera,99.8,2026-08-14T21:48:01.000Z,,https://www.ebay.com/itm/147505346987?hash=item225800f9ab:g:jFEAAeSwv-Jqf40L,https://i.ebayimg.com/images/g/jFEAAeSwv-Jqf40L/s-l225.jpg
合理,-3%,349.9,66,58.0,[Almost MINT w/Case] Mamiya Sekor C 55mm f/2.8 N Lens For M645 Super Pro TL,mamiya sekor 55mm f2.8,Mamiya,Lenses,Used,339.99,USD,FIXED_PRICE,55mm;good-cond,JP,n-camera-japan,100.0,2026-08-14T05:56:53.000Z,,https://www.ebay.com/itm/800505620005?hash=itemba61da6625:g:21wAAeSwH-Nqfq6h,https://i.ebayimg.com/images/g/21wAAeSwH-Nqfq6h/s-l225.jpg
合理,+5%,379.99,80,58.0,Contax 85mm f1.4 Planar T* Lens,contax planar 85mm f1.4,Contax,Lenses,Used,399.0,USD,"FIXED_PRICE,BEST_OFFER",grail:Planar,US,papasseller,100.0,2026-08-14T15:26:25.000Z,,https://www.ebay.com/itm/237005842064?hash=item372ea62690:g:e2YAAeSwdh5qfzKr,https://i.ebayimg.com/images/g/e2YAAeSwdh5qfzKr/s-l225.jpg
无基准,,,,58.0,Nikon F3 with 50mm F1.4,nikon f3,Nikon,Film Cameras,Used,450.0,USD,FIXED_PRICE,grail:Nikon F3,US,alexandebrune-3,100.0,2026-08-14T09:43:30.000Z,,https://www.ebay.com/itm/178405843962?hash=item2989d123fa:g:p2MAAeSwpoNqfuIp,https://i.ebayimg.com/images/g/p2MAAeSwpoNqfuIp/s-l225.jpg
无基准,,,,58.0,*CLA'd : Rare Black : Near Mint ++* Pentax S2 Late Model Camera Takumar 55mm F/2,pentax s2,Pentax,Film Cameras,Used,462.29,USD,FIXED_PRICE,55mm;good-cond,JP,hitonaga-0,100.0,2026-08-14T11:38:59.000Z,,https://www.ebay.com/itm/407143987949?hash=item5ecbac3aed:g:U8QAAOSwUO1nNBED,https://i.ebayimg.com/images/g/U8QAAOSwUO1nNBED/s-l225.jpg
高价,+400%,99.99,80,58.0,Canon A-1 Japan 35mm INCLUDES 6 Genuine Canon FD/FL Lenses CLA'd,canon a-1,Canon,Film Cameras,Used,500.0,USD,FIXED_PRICE,grail:Canon A-1;mount:canon fd;good-cond,US,microauction,100.0,2026-08-14T14:38:55.000Z,,https://www.ebay.com/itm/327310124451?hash=item4c353425a3:g:utwAAeSwIDhqEJkt,https://i.ebayimg.com/images/g/utwAAeSwIDhqEJkt/s-l225.jpg
无基准,,,,58.0,*RARE : Near Mint* Pentax AP The first Model SLR Camera Takumar 58mm F/2 Lens JP,pentax first model,Pentax,Film Cameras,Used,551.99,USD,FIXED_PRICE,58mm;good-cond,JP,dub0804-55,100.0,2026-08-14T11:34:40.000Z,,https://www.ebay.com/itm/366605134726?hash=item555b5e6b86:g:sKMAAOSwPQxlNv1c,https://i.ebayimg.com/images/g/sKMAAOSwPQxlNv1c/s-l225.jpg
合理,-4%,600.0,80,58.0,Leica Macro Elmarit R 60mm f2.8 w/ 2x Extender - In Box,leica elmarit 60mm f2.8,Leica,Lenses,Used,575.0,USD,FIXED_PRICE,grail:Elmarit,US,quicksilverphotolab,100.0,2026-08-15T00:27:14.000Z,,https://www.ebay.com/itm/800509619078?hash=itemba62176b86:g:zB4AAeSwVnNqf69-,https://i.ebayimg.com/images/g/zB4AAeSwVnNqf69-/s-l225.jpg
合理,+11%,559.32,80,58.0,SONY Sonnar T* FE 35mm F2.8 ZA (SEL35F28Z) for Sony FE mount -Mint- 4110,sony sonnar 35mm f2.8,Sony,Lenses,Used,618.75,USD,FIXED_PRICE,grail:Sonnar;mount:sony e;good-cond,JP,kitamura_camera,100.0,2026-08-14T15:27:18.000Z,,https://www.ebay.com/itm/820001736848?hash=itembeebe98890:g:L8QAAeSwjJxqfzSP,https://i.ebayimg.com/images/g/L8QAAeSwjJxqfzSP/s-l225.jpg
高价,+161%,287.49,80,58.0,Nikon F3 HP 35mm SLR Film Camera Body + Nikon MD-4 Motor Drive 1 owner mint cond,nikon f3,Nikon,Film Cameras,Used,749.95,USD,"FIXED_PRICE,BEST_OFFER",grail:Nikon F3;mount:minolta md;good-cond,US,nikonf8,100.0,2026-08-15T05:08:04.000Z,,https://www.ebay.com/itm/267757696803?hash=item3e579a3723:g:ylwAAeSwYTBqf-Or,https://i.ebayimg.com/images/g/ylwAAeSwYTBqf-Or/s-l225.jpg
无基准,,,,58.0,Pentax Spotmatic Film Photography Kit,pentax spotmatic,Pentax,Film Cameras,Used,1000.0,USD,"FIXED_PRICE,BEST_OFFER",grail:Spotmatic,US,dig.d-14,0.0,2026-08-14T10:29:41.000Z,,https://www.ebay.com/itm/366605047947?hash=item555b5d188b:g:MlAAAeSw8fdqfux-,https://i.ebayimg.com/images/g/MlAAAeSw8fdqfux-/s-l225.jpg
合理,+5%,999.99,80,58.0,"Zeiss Distagon 35mm f/1.4 Distagon T* ZM Lens for M-Mount, Black",zeiss distagon 35mm f1.4,Zeiss,Lenses,Used,1049.0,USD,"FIXED_PRICE,BEST_OFFER",grail:Distagon,US,adorwin,99.4,2026-08-14T08:20:02.000Z,,https://www.ebay.com/itm/327309658756?hash=item4c352d0a84:i:327309658756,
无基准,,,,58.0,*Super Rare: CLA'd Almost Mint* Tower 26 ( Pentax AP ) Camera Takumar 58mm F/2.4,pentax takumar f/2.4,Pentax,Film Cameras,Used,1379.99,USD,FIXED_PRICE,58mm;good-cond,JP,hitonaga-0,100.0,2026-08-14T11:39:00.000Z,,https://www.ebay.com/itm/407143987983?hash=item5ecbac3b0f:g:7KIAAOSwcRZlO2ja,https://i.ebayimg.com/images/g/7KIAAOSwcRZlO2ja/s-l225.jpg
合理,-4%,2074.69,12,58.0,[ Top Mint ] Fujifilm Super EBC Fujinon 45mm f4 Lens TX-1 TX-2 XPAN From JAPAN,fujifilm 45mm f4,Fujifilm,Lenses,Used,1999.9,USD,FIXED_PRICE,grail:XPAN;good-cond,JP,daisu19,99.0,2026-08-14T09:43:11.000Z,,https://www.ebay.com/itm/800506504163?hash=itemba61e7e3e3:g:o3wAAeSwxghqfuRh,https://i.ebayimg.com/images/g/o3wAAeSwxghqfuRh/s-l225.jpg
偏低,-14%,133.41,13,57.0,[MINT] Canon Autoboy N130 Sure Shot 130u 35mm Film Camera w/Case From Japan,canon n130,Canon,Film Cameras,Used,115.0,USD,"FIXED_PRICE,BEST_OFFER",good-cond,JP,akatsuki3054,99.2,2026-08-14T16:13:19.000Z,,https://www.ebay.com/itm/137621042180?hash=item200ada7404:g:6AkAAeSwSOpqfz5v,https://i.ebayimg.com/images/g/6AkAAeSwSOpqfz5v/s-l225.jpg
偏高,+13%,106.25,18,57.0,New Light Seal [N MINT] Rollei Rolleimat F Point & Shoot 35mm Film camera JAPAN,rollei rolleimat,Rollei,Film Cameras,Used,119.99,USD,FIXED_PRICE,good-cond,JP,mido*japan*camera,100.0,2026-08-14T21:48:15.000Z,,https://www.ebay.com/itm/198571640843?hash=item2e3bcac80b:g:umUAAOSwS-hoRQVk,https://i.ebayimg.com/images/g/umUAAOSwS-hoRQVk/s-l225.jpg
偏低,-14%,197.5,10,57.0,[Near MINT] Canon VL2 35mm Rangefinder Film Camera 50mm F1.8 Lens JAPAN #8229,canon vl2,Canon,Film Cameras,Used,169.99,USD,"FIXED_PRICE,BEST_OFFER",good-cond,JP,takkita86_japan,100.0,2026-08-14T15:25:35.000Z,,https://www.ebay.com/itm/318729605150?hash=item4a35c3d01e:g:~OYAAeSwlShqfy2G,https://i.ebayimg.com/images/g/~OYAAeSwlShqfy2G/s-l225.jpg
偏高,+29%,209.0,24,57.0,[Near MINT] Mamiya C22 Pro TLR 6x6 Film Camera Sekor 80mm f/2.8 Lens From JAPAN,mamiya c22,Mamiya,Film Cameras,Used,269.0,USD,FIXED_PRICE,good-cond,JP,lc.consu-8,99.9,2026-08-15T12:09:21.000Z,,https://www.ebay.com/itm/398288635431?hash=item5cbbda4627:g:BxAAAeSws4lqgFds,https://i.ebayimg.com/images/g/BxAAAeSws4lqgFds/s-l225.jpg
偏高,+22%,229.9,69,57.0,[MINT] Pentax SMC Takumar 6x7 55mm f3.5 Wide Angle Lens for 6x7 67 II From JAPAN,pentax takumar 55mm f3.5,Pentax,Lenses,Used,279.9,USD,FIXED_PRICE,grail:6x7;55mm;good-cond,JP,stmmy39,99.8,2026-08-14T20:11:11.000Z,,https://www.ebay.com/itm/366605972673?hash=item555b6b34c1:g:GPAAAeSwnCZqf3eB,https://i.ebayimg.com/images/g/GPAAAeSwnCZqf3eB/s-l225.jpg
偏高,+20%,250.0,70,57.0,[N MINT+ w Hood] Mamiya C33 Pro TLR Film Camera 6x6 Sekor 105mm F/3.5 Lens JAPAN,mamiya c33,Mamiya,Film Cameras,Used,299.99,USD,FIXED_PRICE,good-cond,JP,japancamera_au,100.0,2026-08-15T01:23:38.000Z,,https://www.ebay.com/itm/227476403786?hash=item34f6a6764a:g:KpcAAeSwUrdqf8DL,https://i.ebayimg.com/images/g/KpcAAeSwUrdqf8DL/s-l225.jpg
偏高,+43%,234.44,80,57.0,Blue Dot [Near MINT] Mamiya C220 Pro TLR Film Camera Sekor 80mm f/2.8 From JAPAN,mamiya c220,Mamiya,Film Cameras,Used,334.99,USD,FIXED_PRICE,good-cond,JP,kosod-78,100.0,2026-08-14T23:46:58.000Z,,https://www.ebay.com/itm/147505489053?hash=item225803249d:g:gV8AAeSwyRFqf6mz,https://i.ebayimg.com/images/g/gV8AAeSwyRFqf6mz/s-l225.jpg
无基准,,,,57.0,Voigtlander Bessa R 35mm LTM Rangefinder - Silver - Great Cond. - Meter Works,voigtlander bessa ltm,Voigtlander,Film Cameras,Used,450.0,USD,"FIXED_PRICE,BEST_OFFER",mount:ltm/l39,US,nichvail-0,100.0,2026-08-14T04:19:08.000Z,,https://www.ebay.com/itm/287523974747?hash=item42f1c3ae5b:g:LSEAAeSwk3lqfpW9,https://i.ebayimg.com/images/g/LSEAAeSwk3lqfpW9/s-l225.jpg
偏高,+25%,399.99,80,57.0,All works [ MINT ] Rollei 35 S 35S Silver 35mm Film Camera From JAPAN,rollei 35s,Rollei,Film Cameras,Used,499.99,USD,FIXED_PRICE,good-cond,JP,kanazaway,100.0,2026-08-14T23:53:15.000Z,,https://www.ebay.com/itm/407145410641?hash=item5ecbc1f051:g:XqoAAeSwyedqf6rm,https://i.ebayimg.com/images/g/XqoAAeSwyedqf6rm/s-l225.jpg
偏高,+23%,649.94,70,57.0,New Bellows [N MINT] Toyo Field 45A 4×5 Large Format Film Camera From JAPAN,toyo 45a,Toyo,Film Cameras,Used,799.99,USD,FIXED_PRICE,good-cond,JP,massa-4656,100.0,2026-08-15T11:16:56.000Z,,https://www.ebay.com/itm/377420377999?hash=item57e001ef8f:g:H2gAAeSwU4ZqgEtw,https://i.ebayimg.com/images/g/H2gAAeSwU4ZqgEtw/s-l225.jpg
偏高,+34%,1777.95,50,57.0,New Bellows [MINT w/Cam] Linhof Master Technika 45 Classic 4x5 Camera From JAPAN,linhof 45,Linhof,Film Cameras,Used,2388.0,USD,FIXED_PRICE,good-cond,JP,taabo93,100.0,2026-08-14T11:06:24.000Z,,https://www.ebay.com/itm/137620210427?hash=item200acdc2fb:g:3hMAAeSw-klqfvb2,https://i.ebayimg.com/images/g/3hMAAeSw-klqfvb2/s-l225.jpg
高价,+3586%,67.83,80,57.0,Rolleiflex 2.8F Planar + Accessories + Recent CLA + Working Meter,rolleiflex rolleiflex,Rolleiflex,Vintage Cameras,,2500.0,USD,FIXED_PRICE,grail:Rolleiflex 2.8F,US,prsu77us,100.0,2026-08-15T12:36:00.000Z,,https://www.ebay.com/itm/117360852135?hash=item1b53407ca7:g:bicAAeSwhnxqd509,https://i.ebayimg.com/images/g/bicAAeSwhnxqd509/s-l225.jpg
高价,+2766%,157.0,80,57.0,Contax 645 Medium Format w/ Zeiss Planar 80mm F/2 *No Dark Slide* - 401,contax zeiss,Contax,Film Cameras,Used,4499.99,USD,FIXED_PRICE,grail:645,US,cameraspot,99.8,2026-08-14T16:12:00.000Z,,https://www.ebay.com/itm/377418437001?hash=item57dfe45189:g:hFEAAeSwocpqfz1q,https://i.ebayimg.com/images/g/hFEAAeSwocpqfz1q/s-l225.jpg
高价,+98%,40.0,80,56.0,Canon AE-1 Film Camera Body Only From JAPAN Exc,canon ae-1,Canon,Film Cameras,Used,79.0,USD,FIXED_PRICE,grail:AE-1;good-cond,JP,best-film-camera,99.9,2026-08-15T12:09:04.000Z,,https://www.ebay.com/itm/137624119688?hash=item200b096988:g:aBAAAeSwy0Vqf~Ok,https://i.ebayimg.com/images/g/aBAAAeSwy0Vqf~Ok/s-l225.jpg
高价,+105%,40.0,80,56.0,[N. MINT] Canon AE-1 35mm Film Camera SLR AE1 Silver From JAPAN Meter Works !,canon ae-1,Canon,Film Cameras,Used,81.99,USD,"FIXED_PRICE,BEST_OFFER",grail:AE-1;good-cond,JP,maco0_18,100.0,2026-08-15T13:40:57.000Z,,https://www.ebay.com/itm/800512783483?hash=itemba6247b47b:g:A5YAAeSwEQFqQN9~,https://i.ebayimg.com/images/g/A5YAAeSwEQFqQN9~/s-l225.jpg
高价,+77%,48.53,80,56.0,HASSELBLAD External metal hood for C38 SWC (unused item) Hasselblad from Japan,hasselblad swc,Hasselblad,Film Cameras,Used,85.86,USD,"FIXED_PRICE,BEST_OFFER",grail:SWC,JP,shopaquarius,100.0,2026-08-14T09:00:47.000Z,,https://www.ebay.com/itm/407143696923?hash=item5ecba7ca1b:g:ZbMAAeSwtGBqftn8,https://i.ebayimg.com/images/g/ZbMAAeSwtGBqftn8/s-l225.jpg
高价,+80%,50.0,80,56.0,[Exc+5] Olympus μ mju Zoom Panorama Point & Shoot 35mm Film Camera From JAPAN,olympus mju,Olympus,Film Cameras,Used,89.99,USD,"FIXED_PRICE,BEST_OFFER",grail:mju;good-cond,JP,koumatsu,100.0,2026-08-14T05:35:56.000Z,,https://www.ebay.com/itm/800505529227?hash=itemba61d9038b:g:qSQAAeSwdUJqfqdf,https://i.ebayimg.com/images/g/qSQAAeSwdUJqfqdf/s-l225.jpg
高价,+90%,50.0,80,56.0,[NEAR MINT] OLYMPUS μ mju Zoom Panorama Black 35mm Film Camera From JAPAN,olympus mju,Olympus,Film Cameras,Used,94.99,USD,FIXED_PRICE,grail:mju;good-cond,JP,santarou,100.0,2026-08-14T11:52:53.000Z,,https://www.ebay.com/itm/377417812048?hash=item57dfdac850:g:43UAAeSwGbJqfwFe,https://i.ebayimg.com/images/g/43UAAeSwGbJqfwFe/s-l225.jpg
高价,+150%,40.0,80,56.0,Lens MINT [Exc+4] Canon AE-1 35mm SLR Film Camera Silver NFD 28mm f/2.8 JAPAN,canon ae-1,Canon,Film Cameras,Used,99.99,USD,FIXED_PRICE,grail:AE-1;good-cond,JP,1st_camera_tokyo,99.1,2026-08-14T12:24:53.000Z,,https://www.ebay.com/itm/377417900234?hash=item57dfdc20ca:g:dm0AAeSwL~Nqfwo7,https://i.ebayimg.com/images/g/dm0AAeSwL~Nqfwo7/s-l225.jpg
高价,+150%,40.0,80,56.0,[NEAR MINT] Canon AE-1 Program Black 35mm SLR Film Camera Body Only JAPAN,canon ae-1,Canon,Film Cameras,Used,99.99,USD,"FIXED_PRICE,BEST_OFFER",grail:AE-1;good-cond,JP,shiga-camera-shop.s-japan,100.0,2026-08-14T04:37:58.000Z,,https://www.ebay.com/itm/377417000381?hash=item57dfce65bd:g:aMIAAeSwcShqfpqr,https://i.ebayimg.com/images/g/aMIAAeSwcShqfpqr/s-l225.jpg
高价,+82%,54.87,80,56.0,Nikon F2 Photomic DP-1 Black SLRFilm Camera From Japan Tested [Exc+],nikon f2,Nikon,Film Cameras,Used,100.0,USD,"FIXED_PRICE,BEST_OFFER",grail:Nikon F2;good-cond,JP,re-camera,99.8,2026-08-14T08:44:23.000Z,,https://www.ebay.com/itm/336741706874?hash=item4e675eac7a:g:ev4AAeSwlC5qftWt,https://i.ebayimg.com/images/g/ev4AAeSwlC5qftWt/s-l225.jpg
高价,+634%,14.99,80,56.0,[NEAR MINT] Minolta Hi-Matic AF2-M 38㎜ f2.8 Point & S 35㎜ Film Camera From JAPAN,minolta 38,Minolta,Film Cameras,Used,109.99,USD,FIXED_PRICE,grail:Hi-Matic;good-cond,JP,ky-camera.japan,100.0,2026-08-14T13:26:23.000Z,,https://www.ebay.com/itm/407144349923?hash=item5ecbb1c0e3:g:G9IAAeSw6fRqfxa~,https://i.ebayimg.com/images/g/G9IAAeSw6fRqfxa~/s-l225.jpg
高价,+186%,40.0,80,56.0,Canon AE-1 Program AE-1 P 35mm SLR Film Camera Black Body From JAPAN [Exc+5] #11,canon ae-1,Canon,Film Cameras,Used,114.37,USD,FIXED_PRICE,grail:AE-1;good-cond,JP,sakura_camera06,100.0,2026-08-14T14:49:47.000Z,,https://www.ebay.com/itm/287524911537?hash=item42f1d1f9b1:g:OnUAAeSw1FloYjRi,https://i.ebayimg.com/images/g/OnUAAeSw1FloYjRi/s-l225.jpg
高价,+451%,21.77,80,56.0,[NEAR MINT] OLYMPUS Stylus (μ mju) Zoom 105 35mm Film Camera From JAPAN,olympus stylus,Olympus,Film Cameras,Used,119.99,USD,FIXED_PRICE,grail:mju;good-cond,JP,santarou,100.0,2026-08-15T13:32:39.000Z,,https://www.ebay.com/itm/377420640240?hash=item57e005eff0:g:UDYAAeSwj-VqfwIB,https://i.ebayimg.com/images/g/UDYAAeSwj-VqfwIB/s-l225.jpg
高价,+373%,25.38,80,56.0,"[N-MINT ,Tested ,New Seal] Minolta Hi-Matic S Point & Shoot Film Camera From JP",minolta hi-matic,Minolta,Film Cameras,Used,119.99,USD,FIXED_PRICE,grail:Hi-Matic;good-cond,JP,sagami_camera,99.8,2026-08-15T12:14:32.000Z,,https://www.ebay.com/itm/398288658648?hash=item5cbbdaa0d8:g:wCEAAeSwYPFqgFeI,https://i.ebayimg.com/images/g/wCEAAeSwYPFqgFeI/s-l225.jpg
高价,+200%,40.0,80,56.0,[Read/Near MINT] Canon AE-1 Program 35mm SLR Film Camera Silver Body From JAPAN,canon ae-1,Canon,Film Cameras,Used,119.99,USD,"FIXED_PRICE,BEST_OFFER",grail:AE-1;good-cond,JP,akari_camera,100.0,2026-08-14T06:13:26.000Z,,https://www.ebay.com/itm/128025903969?hash=item1dcef04361:g:jUYAAeSwbodprjM6,https://i.ebayimg.com/images/g/jUYAAeSwbodprjM6/s-l225.jpg
高价,+212%,40.0,80,56.0,Canon AE-1 Silver 35mm Film SLR Camera Body from Japan [Near Mint],canon ae-1,Canon,Film Cameras,Used,124.76,USD,FIXED_PRICE,grail:AE-1;good-cond,JP,sakura_camera06,100.0,2026-08-14T14:49:47.000Z,,https://www.ebay.com/itm/287524911557?hash=item42f1d1f9c5:g:i-sAAeSw6o1pzxnA,https://i.ebayimg.com/images/g/i-sAAeSw6o1pzxnA/s-l225.jpg
高价,+474%,21.77,80,56.0,[NEAR MINT] OLYMPUS Stylus (μ mju) Zoom 105 35mm Film Camera From JAPAN,olympus stylus,Olympus,Film Cameras,Used,124.99,USD,FIXED_PRICE,grail:mju;good-cond,JP,santarou,100.0,2026-08-14T11:57:07.000Z,,https://www.ebay.com/itm/377417815636?hash=item57dfdad654:g:UDYAAeSwj-VqfwIB,https://i.ebayimg.com/images/g/UDYAAeSwj-VqfwIB/s-l225.jpg
高价,+516%,21.77,80,56.0,[Top MINT]OLYMPUS μ mju ZOOM 140 DELUXE Stylus Point & Shoot Camera From JAPAN,olympus stylus,Olympus,Film Cameras,Used,133.99,USD,FIXED_PRICE,grail:mju;good-cond,JP,tosh_9804,100.0,2026-08-14T21:49:47.000Z,,https://www.ebay.com/itm/398286293660?hash=item5cbbb68a9c:g:KxkAAeSwAfJqf45y,https://i.ebayimg.com/images/g/KxkAAeSwAfJqf45y/s-l225.jpg
高价,+416%,27.1,80,56.0,[Near MINT] Pentax SPOTMATIC F SPF Film Camera SMC TAKUMAR 50mm F/1.4 From JAPAN,pentax spotmatic,Pentax,Film Cameras,Used,139.9,USD,FIXED_PRICE,grail:SPOTMATIC;good-cond,JP,kyomjp96,100.0,2026-08-14T16:21:39.000Z,,https://www.ebay.com/itm/147504857941?hash=item2257f98355:g:GncAAeSwG5pqf0FN,https://i.ebayimg.com/images/g/GncAAeSwG5pqf0FN/s-l225.jpg
高价,+180%,50.0,80,56.0,【N MINT w/Box 】 OLYMPUS μ mju Zoom PANORAMA Point ＆ Shoot 35mm Film Camera JAPAN,olympus mju,Olympus,Film Cameras,Used,139.99,USD,FIXED_PRICE,grail:mju;good-cond,JP,ykond91-camera-japan,100.0,2026-08-15T12:12:04.000Z,,https://www.ebay.com/itm/800512440298?hash=itemba624277ea:g:nacAAeSwYG9qWjCP,https://i.ebayimg.com/images/g/nacAAeSwYG9qWjCP/s-l225.jpg
高价,+180%,50.0,80,56.0,"[Near MINT , Tested] Konica Big Mini Point & Shoot 35mm Film Camera From JAPAN",konica big mini,Konica,Film Cameras,Used,139.99,USD,FIXED_PRICE,grail:Big Mini;good-cond,JP,sagami_camera,99.8,2026-08-15T11:56:35.000Z,,https://www.ebay.com/itm/398288599133?hash=item5cbbd9b85d:g:Uk8AAeSwJ2dqgFOC,https://i.ebayimg.com/images/g/Uk8AAeSwJ2dqgFOC/s-l225.jpg
高价,+49%,99.99,80,56.0,"Canon A-1 35mm SLR Film Camera Black Body ""Near Mint!!!!!!!"" From Japan 20260324",canon a-1,Canon,Film Cameras,Used,148.51,USD,"FIXED_PRICE,BEST_OFFER",grail:Canon A-1;good-cond,JP,takayu14,100.0,2026-08-15T05:26:36.000Z,,https://www.ebay.com/itm/178408526014?hash=item2989fa10be:g:vLsAAeSwi2Fp0zL6,https://i.ebayimg.com/images/g/vLsAAeSwi2Fp0zL6/s-l225.jpg
高价,+275%,40.0,80,56.0,[Top MINT w/ Data Back] Canon AE-1 P Program 35mm SLR Film Camera Black JAPAN,canon ae-1,Canon,Film Cameras,Used,149.99,USD,FIXED_PRICE,grail:AE-1;good-cond,JP,ichi_camera_jp,100.0,2026-08-14T16:28:02.000Z,,https://www.ebay.com/itm/820001874379?hash=itembeebeba1cb:g:GyMAAeSwXudqf0KQ,https://i.ebayimg.com/images/g/GyMAAeSwXudqf0KQ/s-l225.jpg
高价,+246%,43.41,80,56.0,[ Near MINT ] MINOLTA X-700 X700 35mm SLR Film Camera Black Body From JAPAN,minolta x-700,Minolta,Film Cameras,Used,149.99,USD,FIXED_PRICE,grail:X-700;good-cond,JP,aga-8114,100.0,2026-08-14T13:09:50.000Z,,https://www.ebay.com/itm/237005576685?hash=item372ea219ed:g:3jYAAeSwKTRqfxSS,https://i.ebayimg.com/images/g/3jYAAeSwKTRqfxSS/s-l225.jpg
高价,+67%,89.99,80,56.0,"[Top Mint w/ Hood, Caps] Mamiya Sekor Z 180mm F4.5 W-N for RZ67 Pro II IID Japan",mamiya sekor 180mm f4.5,Mamiya,Lenses,Used,149.99,USD,FIXED_PRICE,grail:RZ67;good-cond,JP,asakusa-camera-japan,100.0,2026-08-14T12:30:36.000Z,,https://www.ebay.com/itm/398284830014?hash=item5cbba0353e:g:LKEAAeSw5glqfwoR,https://i.ebayimg.com/images/g/LKEAAeSw5glqfwoR/s-l225.jpg
高价,+50%,99.99,80,56.0,[EXC+5] Canon A-1 35mm Film Camera NFD 50mm F/1.8 Lens 188A From JAPAN #C028,canon a-1,Canon,Film Cameras,Used,150.0,USD,FIXED_PRICE,grail:Canon A-1;good-cond,JP,pirogress_japan,100.0,2026-08-15T12:06:55.000Z,,https://www.ebay.com/itm/227476953317?hash=item34f6aed8e5:g:KzwAAeSwT4dqgFNT,https://i.ebayimg.com/images/g/KzwAAeSwT4dqgFNT/s-l225.jpg
高价,+598%,21.77,80,56.0,[N.MINT] OLYMPUS Stylus mju μ Zoom 105 Point & Shoot 35mm Film Camera From JAPAN,olympus stylus,Olympus,Film Cameras,Used,151.99,USD,"FIXED_PRICE,BEST_OFFER",grail:mju;good-cond,JP,maco0_18,100.0,2026-08-14T14:53:04.000Z,,https://www.ebay.com/itm/800507644818?hash=itemba61f94b92:g:ceQAAeSwOKhqXIYu,https://i.ebayimg.com/images/g/ceQAAeSwOKhqXIYu/s-l225.jpg
高价,+461%,27.1,80,56.0,*Near Mint ++* Pentax Spotmatic SP Film Camera Super Takumar 200m F/4 Telephoto,pentax spotmatic,Pentax,Film Cameras,Used,151.99,USD,FIXED_PRICE,grail:Spotmatic;good-cond,JP,hitonaga-0,100.0,2026-08-14T11:30:34.000Z,,https://www.ebay.com/itm/407143976148?hash=item5ecbac0cd4:g:Kz8AAeSw0FpqGhRn,https://i.ebayimg.com/images/g/Kz8AAeSw0FpqGhRn/s-l225.jpg
高价,+49%,103.9,80,56.0,【Optics N Mint】 Olympus mju μ zoom 105 Deluxe 35mm Film Camera from Japan #250,olympus mju 105,Olympus,Film Cameras,Used,154.99,USD,FIXED_PRICE,grail:mju;good-cond,JP,yokohama-camera,100.0,2026-08-15T06:22:13.000Z,,https://www.ebay.com/itm/398287727314?hash=item5cbbcc6ad2:g:dkMAAeSwSOpqgANp,https://i.ebayimg.com/images/g/dkMAAeSwSOpqgANp/s-l225.jpg
高价,+1234%,11.99,80,56.0,3Lenses Read [N MINT] Pentax Auto 110 35mm Film camera 50/24/18 Lens From JAPAN,pentax 35mm,Pentax,Film Cameras,Used,159.99,USD,FIXED_PRICE,grail:Auto 110;good-cond,JP,sakura_vintage_camera,100.0,2026-08-15T01:34:14.000Z,,https://www.ebay.com/itm/398286901634?hash=item5cbbbfd182:g:9FgAAeSwEG1qf8LL,https://i.ebayimg.com/images/g/9FgAAeSwEG1qf8LL/s-l225.jpg
偏高,+35%,125.5,80,56.0,Asahi Pentax K1000 35mm SLR Film Camera SMC Pentax-A 50mm f1.7 Lens Box Manual,asahi k1000,Asahi,Film Cameras,Used,169.9,USD,"FIXED_PRICE,BEST_OFFER",grail:K1000;mount:pentax k,US,akarido,99.7,2026-08-14T21:31:58.000Z,,https://www.ebay.com/itm/318730935691?hash=item4a35d81d8b:g:IHQAAeSw8TRqf4ff,https://i.ebayimg.com/images/g/IHQAAeSw8TRqf4ff/s-l225.jpg
高价,+240%,50.0,80,56.0,[Near Mint] Olympus μ mju Zoom Panorama 35-70mm 35mm Film Camera Tested,olympus mju,Olympus,Film Cameras,Used,169.99,USD,"FIXED_PRICE,BEST_OFFER",grail:mju;good-cond,JP,tokyo_sakura_camera,100.0,2026-08-15T08:55:22.000Z,,https://www.ebay.com/itm/366606967750?hash=item555b7a63c6:g:sGYAAeSwJtNqgCQ-,https://i.ebayimg.com/images/g/sGYAAeSwJtNqgCQ-/s-l225.jpg
高价,+50%,113.0,80,56.0,w/Hood [ TOP MiNT ] Mamiya Sekor C 250mm f4.5 Lens For RB67 Pro S SD From JAPAN,mamiya sekor 250mm f4.5,Mamiya,Lenses,Used,169.99,USD,"FIXED_PRICE,BEST_OFFER",grail:RB67;good-cond,JP,asami-camerashop-japan,100.0,2026-08-15T00:25:51.000Z,,https://www.ebay.com/itm/800509617557?hash=itemba62176595:g:YjQAAeSwfRBqUtaW,https://i.ebayimg.com/images/g/YjQAAeSwfRBqUtaW/s-l225.jpg
高价,+1318%,11.99,80,56.0,New Seal [ NEAR MINT ] Pentax MX Silver 35mm SLR Film Camera Body From JAPAN,pentax 35mm,Pentax,Film Cameras,Used,169.99,USD,FIXED_PRICE,grail:Pentax MX;good-cond,JP,tarmanpuk_0,99.7,2026-08-14T23:39:21.000Z,,https://www.ebay.com/itm/287525664756?hash=item42f1dd77f4:g:3MgAAeSwnN9qZQTe,https://i.ebayimg.com/images/g/3MgAAeSwnN9qZQTe/s-l225.jpg
高价,+240%,50.0,80,56.0,[MINT w/Box] Olympus μ mju stylus Zoom 115 Deluxe 35mm Film Camera From Japan,olympus stylus 115,Olympus,Film Cameras,Used,169.99,USD,"FIXED_PRICE,BEST_OFFER",grail:mju;good-cond,JP,morita-camera,99.1,2026-08-14T11:22:45.000Z,,https://www.ebay.com/itm/398284657882?hash=item5cbb9d94da:g:6TAAAeSwS4pqfvjT,https://i.ebayimg.com/images/g/6TAAAeSwS4pqfvjT/s-l225.jpg
高价,+328%,40.0,80,56.0,Near MINT Canon AE-1 SLR Film Camera NFD 35-70mm f/3.5-4.5 MF Zoom Lens JAPAN,canon ae-1,Canon,Film Cameras,Used,170.99,USD,FIXED_PRICE,grail:AE-1;good-cond,JP,uummee0,100.0,2026-08-14T22:50:37.000Z,,https://www.ebay.com/itm/147505427458?hash=item2258023402:g:mA4AAeSwJaRqXWPw,https://i.ebayimg.com/images/g/mA4AAeSwJaRqXWPw/s-l225.jpg
高价,+50%,119.99,80,56.0,[Exc+5] Olympus XA 35mm Rangefinder Film Camera A11 Flash From JAPAN,olympus a11,Olympus,Film Cameras,Used,179.9,USD,FIXED_PRICE,grail:Olympus XA;good-cond,JP,falcon-4777-jp,100.0,2026-08-14T14:32:58.000Z,,https://www.ebay.com/itm/188792024854?hash=item2bf4e1af16:g:R1UAAeSwEi9qfyfb,https://i.ebayimg.com/images/g/R1UAAeSwEi9qfyfb/s-l225.jpg
高价,+336%,41.25,80,56.0,[Almost MINT] Minolta Hi-Matic AF2 35mm Point&Shoot Film Camera 38mm f/2.8 JAPAN,minolta af2,Minolta,Film Cameras,Used,179.99,USD,"FIXED_PRICE,BEST_OFFER",grail:Hi-Matic;good-cond,JP,setacamera,100.0,2026-08-15T05:34:55.000Z,,https://www.ebay.com/itm/318732668152?hash=item4a35f28cf8:g:lUUAAeSw3DNqf~cw,https://i.ebayimg.com/images/g/lUUAAeSw3DNqf~cw/s-l225.jpg
高价,+59%,113.0,80,56.0,w/Hood [Top Mint] Mamiya Sekor 250mm f4.5 Telephoto Lens For RB67 Pro S SD JAPAN,mamiya sekor 250mm f4.5,Mamiya,Lenses,Used,179.99,USD,FIXED_PRICE,grail:RB67;good-cond,JP,shib5636,100.0,2026-08-15T01:04:23.000Z,,https://www.ebay.com/itm/398286809654?hash=item5cbbbe6a36:g:D2YAAeSwiodqf7tX,https://i.ebayimg.com/images/g/D2YAAeSwiodqf7tX/s-l225.jpg
高价,+228%,54.87,80,56.0,[Near MINT-] Nikon F2 Photomic DP-1 35mm SLR Film Camera Body Only From JAPAN,nikon f2,Nikon,Film Cameras,Used,179.99,USD,FIXED_PRICE,grail:Nikon F2;good-cond,JP,n-camera-japan,100.0,2026-08-14T05:00:51.000Z,,https://www.ebay.com/itm/800505384820?hash=itemba61d6cf74:g:c4UAAeSwqhJqfqJE,https://i.ebayimg.com/images/g/c4UAAeSwqhJqfqJE/s-l225.jpg
高价,+355%,40.0,80,56.0,Meter Works [Top MINT] Canon AE-1 Program Black 35mm Film Camera Body From JAPAN,canon ae-1,Canon,Film Cameras,Used,182.0,USD,FIXED_PRICE,grail:AE-1;good-cond,JP,coral-takesea,100.0,2026-08-15T07:55:57.000Z,,https://www.ebay.com/itm/318733113592?hash=item4a35f958f8:g:RT0AAeSwYPFqgBts,https://i.ebayimg.com/images/g/RT0AAeSwYPFqgBts/s-l225.jpg
高价,+47%,127.0,62,56.0,[Near MINT] Olympus μ mju Zoom 70 Deluxe Point & Shoot Film Camera From JAPAN,olympus mju 70,Olympus,Film Cameras,Used,186.99,USD,FIXED_PRICE,grail:mju;good-cond,JP,sat-camera-japan,100.0,2026-08-14T12:31:27.000Z,,https://www.ebay.com/itm/147504463177?hash=item2257f37d49:g:erwAAeSw2RBqfwwC,https://i.ebayimg.com/images/g/erwAAeSw2RBqfwwC/s-l225.jpg
高价,+83%,103.9,80,56.0,[ MINT ] Olympus μ mju Zoom 105 deluxe 35mm Film Camera From JAPAN,olympus mju 105,Olympus,Film Cameras,Used,189.99,USD,FIXED_PRICE,grail:mju;good-cond,JP,kanazaway,100.0,2026-08-14T23:43:43.000Z,,https://www.ebay.com/itm/407145401222?hash=item5ecbc1cb86:g:S9YAAeSwdixqf6lg,https://i.ebayimg.com/images/g/S9YAAeSwdixqf6lg/s-l225.jpg
高价,+1860%,10.0,80,56.0,[N MINT] Olympus XA Rangefinder Film Camera 35mm w/A11 Flash From JAPAN #2096,olympus 35mm,Olympus,Film Cameras,Used,195.99,USD,FIXED_PRICE,grail:Olympus XA;good-cond,JP,sakura_snap_store,100.0,2026-08-15T12:41:03.000Z,,https://www.ebay.com/itm/398288719423?hash=item5cbbdb8e3f:g:8RIAAeSwjgRqdtZx,https://i.ebayimg.com/images/g/8RIAAeSwjgRqdtZx/s-l225.jpg
高价,+233%,59.99,80,56.0,[Near MINT+++ w/Strap] Nikon F4 SLR 35mm Black Film Camera DP-20 Body From JAPAN,nikon f4,Nikon,Film Cameras,Used,199.99,USD,FIXED_PRICE,grail:Nikon F4;good-cond,JP,drea7370,100.0,2026-08-15T09:32:43.000Z,,https://www.ebay.com/itm/137623706726?hash=item200b031c66:g:dLoAAeSwj-VqgDNs,https://i.ebayimg.com/images/g/dLoAAeSwj-VqgDNs/s-l225.jpg
高价,+54%,129.94,80,56.0,[Top MINT w/Box] Olympus μ mju Zoom 140 VF 35mm AF Film Camera From JAPAN,olympus mju 140,Olympus,Film Cameras,Used,199.99,USD,FIXED_PRICE,grail:mju;good-cond,JP,chieoptixjapan,100.0,2026-08-15T01:18:19.000Z,,https://www.ebay.com/itm/318731698615?hash=item4a35e3c1b7:g:EXEAAeSwOT5qf79L,https://i.ebayimg.com/images/g/EXEAAeSwOT5qf79L/s-l225.jpg
高价,+67%,119.99,80,56.0,"[Near MINT] Olympus XA 35mm Rangefinder Film Camera w/Strap,A11 Flash From JAPAN",olympus a11,Olympus,Film Cameras,Used,199.99,USD,"FIXED_PRICE,BEST_OFFER",grail:Olympus XA;good-cond,JP,akari_camera,100.0,2026-08-14T06:13:49.000Z,,https://www.ebay.com/itm/128025904172?hash=item1dcef0442c:g:g2YAAeSwsrNprjJe,https://i.ebayimg.com/images/g/g2YAAeSwsrNprjJe/s-l225.jpg
高价,+264%,54.87,80,56.0,Nikon F2 Photomic Black SLRFilm Camera From Japan Tested [Exc+],nikon f2,Nikon,Film Cameras,Used,200.0,USD,"FIXED_PRICE,BEST_OFFER",grail:Nikon F2;good-cond,JP,re-camera,99.8,2026-08-14T08:44:24.000Z,,https://www.ebay.com/itm/227475348271?hash=item34f6965b2f:g:PaYAAeSwR-Fqftae,https://i.ebayimg.com/images/g/PaYAAeSwR-Fqftae/s-l225.jpg
高价,+423%,40.0,80,56.0,[Top MINT] Canon AE-1 P Program Silver 35mm SLR Film Camera Body From JAPAN,canon ae-1,Canon,Film Cameras,Used,209.0,USD,FIXED_PRICE,grail:AE-1;good-cond,JP,kamakura_camera_jp,100.0,2026-08-15T04:38:36.000Z,,https://www.ebay.com/itm/800510647074?hash=itemba62271b22:g:P~QAAeSwGYJp64EE,https://i.ebayimg.com/images/g/P~QAAeSwGYJp64EE/s-l225.jpg
高价,+2000%,10.0,80,56.0,A11 Flash [ N MINT w/ Strap ] Olympus XA Rangefinder 35mm Film Camera From JAPAN,olympus 35mm,Olympus,Film Cameras,Used,209.99,USD,FIXED_PRICE,grail:Olympus XA;good-cond,JP,ohana_camera_tokyo,99.6,2026-08-15T10:08:02.000Z,,https://www.ebay.com/itm/198572713840?hash=item2e3bdb2770:g:wrMAAeSwj-VqgDsB,https://i.ebayimg.com/images/g/wrMAAeSwj-VqgDsB/s-l225.jpg
高价,+328%,50.0,80,56.0,Olympus μ mju III 120 Point & Shoot 35mm Film Camera from Japan [Exc+5],olympus mju,Olympus,Film Cameras,Used,213.73,USD,FIXED_PRICE,grail:mju;good-cond,JP,sakura_camera06,100.0,2026-08-14T14:49:47.000Z,,https://www.ebay.com/itm/287524911600?hash=item42f1d1f9f0:g:oL4AAeSwmqxqOi1N,https://i.ebayimg.com/images/g/oL4AAeSwmqxqOi1N/s-l225.jpg
高价,+330%,50.0,80,56.0,[Top MINT] Olympus mju: III 120 35mm Point & Shoot Compact Film Camera FromJAPAN,olympus mju,Olympus,Film Cameras,Used,214.99,USD,FIXED_PRICE,grail:mju;good-cond,JP,ban_zai_camera,100.0,2026-08-14T05:10:24.000Z,,https://www.ebay.com/itm/407143297357?hash=item5ecba1b14d:g:l-4AAeSwSJFqfqOM,https://i.ebayimg.com/images/g/l-4AAeSwSJFqfqOM/s-l225.jpg
高价,+67%,129.44,80,56.0,[Top MINT in Box] OLYMPUS μ mju stylus Zoom 140 VF 35mm Film Camera From JAPAN,olympus stylus 140,Olympus,Film Cameras,Used,215.99,USD,FIXED_PRICE,grail:mju;good-cond,JP,tosh_9804,100.0,2026-08-14T21:38:00.000Z,,https://www.ebay.com/itm/398286279157?hash=item5cbbb651f5:g:k78AAeSwg5hqf4tw,https://i.ebayimg.com/images/g/k78AAeSwg5hqf4tw/s-l225.jpg
高价,+910%,21.77,80,56.0,[Near MINT] Olympus μ Mju I Infinity Stylus Camera Point & Shoot From JAPAN,olympus stylus,Olympus,Film Cameras,Used,219.99,USD,FIXED_PRICE,grail:Mju;good-cond,JP,kei_camera,99.5,2026-08-14T22:16:57.000Z,,https://www.ebay.com/itm/178407619263?hash=item2989ec3abf:g:8NgAAeSwHiJqf5TB,https://i.ebayimg.com/images/g/8NgAAeSwHiJqf5TB/s-l225.jpg
高价,+407%,43.41,80,56.0,[N MINT] MINOLTA New X-700 D SLR Film Camera MC 50mm f1.7 Lens Motor Drive JAPAN,minolta x-700,Minolta,Film Cameras,Used,219.99,USD,FIXED_PRICE,grail:X-700;good-cond,JP,massa-4656,100.0,2026-08-14T12:17:18.000Z,,https://www.ebay.com/itm/377417881823?hash=item57dfdbd8df:g:eoQAAeSwUdhp813u,https://i.ebayimg.com/images/g/eoQAAeSwUdhp813u/s-l225.jpg
高价,+360%,50.0,80,56.0,⏯️ Tested [MINT w / Case] Olympus μ mju METAL 35mm Point & Shoot Film From JAPAN,olympus mju,Olympus,Film Cameras,Used,229.99,USD,FIXED_PRICE,grail:mju;good-cond,JP,ky-camera.japan,100.0,2026-08-15T13:27:07.000Z,,https://www.ebay.com/itm/407146731748?hash=item5ecbd618e4:g:eDQAAeSwAGppmyHl,https://i.ebayimg.com/images/g/eDQAAeSwAGppmyHl/s-l225.jpg
高价,+85%,124.18,80,56.0,[MINT] Olympus mju μ II 115 VF 35mm Point & Shoot AF Zoom Film Camera JAPAN,olympus mju 115,Olympus,Film Cameras,Used,229.99,USD,"FIXED_PRICE,BEST_OFFER",grail:mju;good-cond,JP,kn_camera_japan,100.0,2026-08-15T11:31:52.000Z,,https://www.ebay.com/itm/206492949893?hash=item3013f05d85:g:d2MAAeSwWhZqEFP8,https://i.ebayimg.com/images/g/d2MAAeSwWhZqEFP8/s-l225.jpg
高价,+319%,54.87,80,56.0,Read [MINT] Nikon F2 Eye Level Black 35mm SLR Film Camera From JAPAN 1336,nikon f2,Nikon,Film Cameras,Used,229.99,USD,FIXED_PRICE,grail:Nikon F2;good-cond,JP,jojig_59_camera_japan,99.7,2026-08-15T04:04:22.000Z,,https://www.ebay.com/itm/137622908527?hash=item200af6ee6f:g:D3wAAeSwqgRqf-Zo,https://i.ebayimg.com/images/g/D3wAAeSwqgRqf-Zo/s-l225.jpg
高价,+64%,140.0,80,56.0,[Near MINT] Pentax MX Black 35mm SLR Film Camera Body 50mm f/1.4 Lens From JAPAN,pentax 35mm f1.4,Pentax,Film Cameras,Used,229.99,USD,FIXED_PRICE,grail:Pentax MX;good-cond,JP,ma88_9646,100.0,2026-08-14T14:12:25.000Z,,https://www.ebay.com/itm/178406450463?hash=item2989da651f:g:ufMAAeSwBUdqfyN5,https://i.ebayimg.com/images/g/ufMAAeSwBUdqfyN5/s-l225.jpg
高价,+51%,152.49,80,56.0,CLA'd [Near MINT] Mamiya Sekor C 127mm F3.8 Standard Lens For RB67 From JAPAN,mamiya sekor 127mm f3.8,Mamiya,Lenses,Used,229.99,USD,FIXED_PRICE,grail:RB67;good-cond,JP,sakura0000,100.0,2026-08-14T11:10:45.000Z,,https://www.ebay.com/itm/398284640831?hash=item5cbb9d523f:g:XUoAAeSwCYxqfvFx,https://i.ebayimg.com/images/g/XUoAAeSwCYxqfvFx/s-l225.jpg
高价,+92%,119.99,80,56.0,[Almost MINT strap] Olympus XA Rangefinder 35mm Film Camera A11 Flash From JAPAN,olympus a11,Olympus,Film Cameras,Used,229.99,USD,FIXED_PRICE,grail:Olympus XA;good-cond,JP,yt_camera.japan,100.0,2026-08-14T08:06:16.000Z,,https://www.ebay.com/itm/336741664146?hash=item4e675e0592:g:vyEAAeSw4qpqfs1s,https://i.ebayimg.com/images/g/vyEAAeSw4qpqfs1s/s-l225.jpg
高价,+319%,54.87,80,56.0,Nikon F2 Photomic S Black SLRFilm Camera From Japan Tested [Exc+],nikon f2,Nikon,Film Cameras,Used,230.0,USD,"FIXED_PRICE,BEST_OFFER",grail:Nikon F2;good-cond,JP,re-camera,99.8,2026-08-14T08:44:23.000Z,,https://www.ebay.com/itm/327309686243?hash=item4c352d75e3:g:fykAAeSwlC5qftYf,https://i.ebayimg.com/images/g/fykAAeSwlC5qftYf/s-l225.jpg
高价,+774%,27.1,80,56.0,Pentax Spotmatic SP Black 35mm Film Camera Body Tested Working Near Mint Japan,pentax spotmatic,Pentax,Film Cameras,Used,237.0,USD,"FIXED_PRICE,BEST_OFFER",grail:Spotmatic;good-cond,JP,finali40,100.0,2026-08-15T02:03:09.000Z,,https://www.ebay.com/itm/800510010948?hash=itemba621d6644:g:EdoAAeSwIvJqf8e0,https://i.ebayimg.com/images/g/EdoAAeSwIvJqf8e0/s-l225.jpg
高价,+380%,50.0,80,56.0,Tested[MINT in Box] Olympus μ mju Panorama Point & Shoot Film Camera From JAPAN,olympus mju,Olympus,Film Cameras,Used,239.99,USD,FIXED_PRICE,grail:mju;good-cond,JP,sss.yyy.-57,100.0,2026-08-15T05:22:41.000Z,,https://www.ebay.com/itm/298589368954?hash=item458550327a:g:p8kAAeSwaRZqf~hb,https://i.ebayimg.com/images/g/p8kAAeSwaRZqf~hb/s-l225.jpg
高价,+93%,124.18,80,56.0,[Near MINT w/Case] Olympus µ mju III 115 Point & Shoot 35mm Film Camera JAPAN,olympus mju 115,Olympus,Film Cameras,Used,239.99,USD,FIXED_PRICE,grail:mju;good-cond,JP,mido*japan*camera,100.0,2026-08-14T21:42:31.000Z,,https://www.ebay.com/itm/198571635825?hash=item2e3bcab471:g:xogAAeSwyWlqD8wO,https://i.ebayimg.com/images/g/xogAAeSwyWlqD8wO/s-l225.jpg
高价,+337%,54.87,80,56.0,[MINT] Nikon F2 Photomic Silver Film Camera Non-Ai 50mm 1.4 Lens From JAPAN,nikon f2,Nikon,Film Cameras,Used,239.99,USD,FIXED_PRICE,grail:Nikon F2;good-cond,JP,kaya6610,99.6,2026-08-14T19:10:22.000Z,,https://www.ebay.com/itm/318730481536?hash=item4a35d12f80:g:ni0AAeSw3xtqf2jY,https://i.ebayimg.com/images/g/ni0AAeSw3xtqf2jY/s-l225.jpg
高价,+380%,50.0,80,56.0,[NEAR MINT] Olympus μ mju II 110 Point & Shoot 35mm Film Camera From JAPAN,olympus mju,Olympus,Film Cameras,Used,239.99,USD,"FIXED_PRICE,BEST_OFFER",grail:mju;good-cond,JP,japan_camera_sippo,100.0,2026-08-14T12:51:04.000Z,,https://www.ebay.com/itm/398284892209?hash=item5cbba12831:g:EUwAAeSwNKlqVzdI,https://i.ebayimg.com/images/g/EUwAAeSwNKlqVzdI/s-l225.jpg
高价,+100%,119.94,80,56.0,[Near MINT] Pentax MX Silver 35mm Film Camera Pentax-M 50mm F1.7 Lens From JAPAN,pentax 35mm f1.7,Pentax,Film Cameras,Used,239.99,USD,FIXED_PRICE,grail:Pentax MX;good-cond,JP,shoyama_japan,100.0,2026-08-14T06:08:54.000Z,,https://www.ebay.com/itm/307125717786?hash=item47821e8b1a:g:FEUAAeSwj0VqfrFx,https://i.ebayimg.com/images/g/FEUAAeSwj0VqfrFx/s-l225.jpg
高价,+104%,119.99,80,56.0,[ Near Mint ] OLYMPUS XA A11 35mm Rangefinder Film Camera New Light Seals JAPAN,olympus a11,Olympus,Film Cameras,Used,244.95,USD,FIXED_PRICE,grail:OLYMPUS XA;good-cond,JP,yorozuya_japan.en,100.0,2026-08-14T18:06:10.000Z,,https://www.ebay.com/itm/257680423894?hash=item3bfef33bd6:g:dR4AAeSweEtqf1nQ,https://i.ebayimg.com/images/g/dR4AAeSweEtqf1nQ/s-l225.jpg
高价,+317%,59.99,80,56.0,[Top MINT] Nikon F4 Body 35mm Film Camera From JAPAN 1412,nikon f4,Nikon,Film Cameras,Used,249.99,USD,FIXED_PRICE,grail:Nikon F4;good-cond,JP,jojig_59_camera_japan,99.7,2026-08-15T07:41:23.000Z,,https://www.ebay.com/itm/137623427265?hash=item200afed8c1:g:KSsAAeSwtH5qgBif,https://i.ebayimg.com/images/g/KSsAAeSwtH5qgBif/s-l225.jpg
高价,+152%,99.0,80,56.0,Meter Works [MINT] Canon F-1 35mm Film Camera Body From JAPAN,canon f-1,Canon,Film Cameras,Used,249.99,USD,FIXED_PRICE,grail:Canon F-1;good-cond,JP,t.watanabe0811,100.0,2026-08-14T15:49:37.000Z,,https://www.ebay.com/itm/366605588106?hash=item555b65568a:g:CxQAAeSwL8lqfznK,https://i.ebayimg.com/images/g/CxQAAeSwL8lqfznK/s-l225.jpg
高价,+101%,124.18,80,56.0,[ TOP MINT w/Case ] Olympus mju μ II 115 VF Point & Shoot Film Camera From JAPAN,olympus mju 115,Olympus,Film Cameras,Used,249.99,USD,"FIXED_PRICE,BEST_OFFER",grail:mju;good-cond,JP,japan_camera_sippo,100.0,2026-08-14T15:18:22.000Z,,https://www.ebay.com/itm/398285282369?hash=item5cbba71c41:g:V3wAAeSwM8pqLXDs,https://i.ebayimg.com/images/g/V3wAAeSwM8pqLXDs/s-l225.jpg
高价,+152%,99.0,80,56.0,Late Model [Near MINT w/cap] Canon F-1 SLR Film Camera Body From JAPAN,canon f-1,Canon,Film Cameras,Used,249.99,USD,FIXED_PRICE,grail:Canon F-1;good-cond,JP,hiroshimakamera,100.0,2026-08-14T06:49:45.000Z,,https://www.ebay.com/itm/287524146649?hash=item42f1c64dd9:g:YuoAAeSwSKxqfrt9,https://i.ebayimg.com/images/g/YuoAAeSwSKxqfrt9/s-l225.jpg
高价,+538%,40.0,80,56.0,[N MINT] Canon AE-1 Program Silver + 50mm f1.4 + Speedlite 188A 35mm Film Camera,canon ae-1,Canon,Film Cameras,Used,254.95,USD,FIXED_PRICE,grail:AE-1;good-cond,JP,yorozuya_japan.en,100.0,2026-08-14T18:08:17.000Z,,https://www.ebay.com/itm/257680425821?hash=item3bfef3435d:g:RT0AAeSwiodqf1nr,https://i.ebayimg.com/images/g/RT0AAeSwiodqf1nr/s-l225.jpg
高价,+420%,50.0,80,56.0,[MINT w / Strap ] Olympus µ mju II 110 Point & Shoot Film Camera From JAPAN,olympus mju,Olympus,Film Cameras,Used,259.99,USD,FIXED_PRICE,grail:mju;good-cond,JP,mido*japan*camera,100.0,2026-08-14T21:37:13.000Z,,https://www.ebay.com/itm/198571632777?hash=item2e3bcaa889:g:crsAAeSwtJZqG8f9,https://i.ebayimg.com/images/g/crsAAeSwtJZqG8f9/s-l225.jpg
高价,+429%,49.15,80,56.0,[ Near MINT ] Nikon Nikonos V Under Water Camera 28mm f3.5 Lens From JAPAN,nikon nikonos,Nikon,Film Cameras,Used,259.99,USD,FIXED_PRICE,grail:Nikonos;good-cond,JP,fullsun.shop,100.0,2026-08-14T14:57:19.000Z,,https://www.ebay.com/itm/188792099581?hash=item2bf4e2d2fd:g:aFcAAeSwfwBqfy36,https://i.ebayimg.com/images/g/aFcAAeSwfwBqfy36/s-l225.jpg
高价,+435%,50.0,80,56.0,Olympus μ mju III 120 Point & Shoot Film Camera from Japan [Mint],olympus mju,Olympus,Film Cameras,Used,267.55,USD,FIXED_PRICE,grail:mju;good-cond,JP,sakura_camera06,100.0,2026-08-14T14:49:47.000Z,,https://www.ebay.com/itm/287524911596?hash=item42f1d1f9ec:g:JzgAAeSwMKdqS~nX,https://i.ebayimg.com/images/g/JzgAAeSwMKdqS~nX/s-l225.jpg
高价,+2144%,11.99,80,56.0,Pentax MX Black 35mm SLR Film Camera Black Body From JAPAN Near Mint,pentax 35mm,Pentax,Film Cameras,Used,269.0,USD,FIXED_PRICE,grail:Pentax MX;good-cond,JP,seira_japan,100.0,2026-08-14T05:07:18.000Z,,https://www.ebay.com/itm/398283662355?hash=item5cbb8e6413:g:EHgAAeSwSLlqfqHm,https://i.ebayimg.com/images/g/EHgAAeSwSLlqfqHm/s-l225.jpg
高价,+392%,54.87,80,56.0,【 NEAR MINT 】Nikon F2 Eye Level Silver 35mm SLR Film Camera Body From JAPAN #907,nikon f2,Nikon,Film Cameras,Used,269.69,USD,FIXED_PRICE,grail:Nikon F2;good-cond,JP,s19640309,100.0,2026-08-15T00:13:19.000Z,,https://www.ebay.com/itm/158189459489?hash=item24d4d39821:g:jI4AAeSwbjtqf6Tx,https://i.ebayimg.com/images/g/jI4AAeSwbjtqf6Tx/s-l225.jpg
高价,+117%,124.18,80,56.0,Near Mint Olympus μ mju II 115 VF 35mm Film Camera Point & Shoot From JAPAN,olympus mju 115,Olympus,Film Cameras,Used,269.99,USD,"FIXED_PRICE,BEST_OFFER",grail:mju;good-cond,JP,itsuki.japan.camera,100.0,2026-08-15T04:40:56.000Z,,https://www.ebay.com/itm/820004100217?hash=itembeec0d9879:g:8VQAAeSw87xqVvMZ,https://i.ebayimg.com/images/g/8VQAAeSw87xqVvMZ/s-l225.jpg
高价,+367%,59.99,80,56.0,[N MINT+++] Nikon F4 Body 35mm SLR Film Camera Body AF 28mm F2.8 Lens From JAPAN,nikon f4,Nikon,Film Cameras,Used,279.99,USD,FIXED_PRICE,grail:Nikon F4;good-cond,JP,kuwashiku.05,99.6,2026-08-15T08:43:45.000Z,,https://www.ebay.com/itm/178408990926?hash=item298a0128ce:g:~2QAAeSwyRFqgCfy,https://i.ebayimg.com/images/g/~2QAAeSwyRFqgCfy/s-l225.jpg
高价,+98%,141.36,80,56.0,2Lens [MINT] Pentax MX 35mm Film Camera SLR SMC 50mm f/1.7 + 50mm f/4 Lens JAPAN,pentax smc 35mm f1.7,Pentax,Film Cameras,Used,279.99,USD,"FIXED_PRICE,BEST_OFFER",grail:Pentax MX;good-cond,JP,asami-camerashop-japan,100.0,2026-08-15T00:25:14.000Z,,https://www.ebay.com/itm/800509616555?hash=itemba621761ab:g:qAMAAeSwzN5p6p2d,https://i.ebayimg.com/images/g/qAMAAeSwzN5p6p2d/s-l225.jpg
高价,+410%,54.87,80,56.0,Nikon F2 Photomic Body Black SLRFilm Camera From Japan Tested [Near Mint],nikon f2,Nikon,Film Cameras,Used,280.0,USD,"FIXED_PRICE,BEST_OFFER",grail:Nikon F2;good-cond,JP,re-camera,99.8,2026-08-14T08:44:23.000Z,,https://www.ebay.com/itm/227475348265?hash=item34f6965b29:g:A0MAAeSw6qlqftYg,https://i.ebayimg.com/images/g/A0MAAeSw6qlqftYg/s-l225.jpg
高价,+193%,99.0,80,56.0,Read [Near Mint] Canon New F-1 F1 AE Finder 35mm SLR Camera From JAPAN #770,canon f-1,Canon,Film Cameras,Used,289.99,USD,FIXED_PRICE,grail:New F-1;good-cond,JP,lifetime-camera-japan,100.0,2026-08-15T11:18:46.000Z,,https://www.ebay.com/itm/398288526099?hash=item5cbbd89b13:g:8CoAAeSwQ0FqfG1O,https://i.ebayimg.com/images/g/8CoAAeSwQ0FqfG1O/s-l225.jpg
高价,+141%,124.18,80,56.0,[Top MINT] Olympus μ Mju II 115 VF 35mm Point & Shoot Film Camera From JAPAN,olympus mju 115,Olympus,Film Cameras,Used,299.0,USD,FIXED_PRICE,grail:Mju;good-cond,JP,syashinkiten_japan,100.0,2026-08-14T12:53:23.000Z,,https://www.ebay.com/itm/327309954691?hash=item4c35318e83:g:9OUAAeSwUiNqfxA~,https://i.ebayimg.com/images/g/9OUAAeSwUiNqfxA~/s-l225.jpg
高价,+78%,168.81,80,56.0,[ Exc+5 w/ Strap & Film ] Nikon FE2 Black Body 35mm Film Camera From JAPAN,nikon fe2,Nikon,Film Cameras,Used,299.9,USD,FIXED_PRICE,grail:FE2;good-cond,JP,haneul_2,100.0,2026-08-15T04:18:39.000Z,,https://www.ebay.com/itm/366606609788?hash=item555b74ed7c:g:WU0AAeSwQOlqf-lZ,https://i.ebayimg.com/images/g/WU0AAeSwQOlqf-lZ/s-l225.jpg
高价,+447%,54.87,80,56.0,[Almost MINT] Nikon F2 Photomic A DP-11 F2A 35mm SLR Film Camera Body From Japan,nikon f2,Nikon,Film Cameras,Used,299.99,USD,FIXED_PRICE,grail:Nikon F2;good-cond,JP,linksjapan,100.0,2026-08-15T08:42:01.000Z,,https://www.ebay.com/itm/318733211232?hash=item4a35fad660:g:jLkAAeSwn~xqgCUv,https://i.ebayimg.com/images/g/jLkAAeSwn~xqgCUv/s-l225.jpg
高价,+447%,54.87,80,56.0,Meter Works [ MINT ] Nikon F2 Photomic S F2S DP-2 35mm Film Camera From JAPAN,nikon f2,Nikon,Film Cameras,Used,299.99,USD,FIXED_PRICE,grail:Nikon F2;good-cond,JP,mitshos_0,100.0,2026-08-15T08:05:00.000Z,,https://www.ebay.com/itm/227476757388?hash=item34f6abdb8c:g:cmUAAeSwfDJqgB6g,https://i.ebayimg.com/images/g/cmUAAeSwfDJqgB6g/s-l225.jpg
高价,+447%,54.87,80,56.0,[Near MINT] Nikon F2 Photomic Black DP-1 Film Camera 50mm F/1.4 Lens From JAPAN,nikon f2,Nikon,Film Cameras,Used,299.99,USD,FIXED_PRICE,grail:Nikon F2;good-cond,JP,zen-camera-japan,99.6,2026-08-15T05:36:41.000Z,,https://www.ebay.com/itm/188795146423?hash=item2bf51150b7:g:sbsAAeSwJ2dqf~wc,https://i.ebayimg.com/images/g/sbsAAeSwJ2dqf~wc/s-l225.jpg
高价,+447%,54.87,80,56.0,[Near Mint] Nikon F2 Photomic A DP-11 Black 35mm Film Camera Body from Japan,nikon f2,Nikon,Film Cameras,Used,299.99,USD,FIXED_PRICE,grail:Nikon F2;good-cond,JP,rivermart1209,100.0,2026-08-14T16:39:03.000Z,,https://www.ebay.com/itm/366605667129?hash=item555b668b39:g:AIEAAeSwndBqfzA9,https://i.ebayimg.com/images/g/AIEAAeSwndBqfzA9/s-l225.jpg
高价,+500%,54.87,80,56.0,[OPT MINT] Nikon F2 Photomic S Black 35mm Film Camera 50mm f1.4 Lens From JAPAN,nikon f2,Nikon,Film Cameras,Used,329.0,USD,FIXED_PRICE,grail:Nikon F2;good-cond,JP,syashinkiten_japan,100.0,2026-08-14T12:55:06.000Z,,https://www.ebay.com/itm/327309957901?hash=item4c35319b0d:g:ymIAAeSwMcpqfxDj,https://i.ebayimg.com/images/g/ymIAAeSwMcpqfxDj/s-l225.jpg
高价,+175%,119.99,80,56.0,Olympus XA A11 35mm Compact Film Camera Near Mint Tested Working Clean #4517,olympus a11,Olympus,Film Cameras,Excellent - Refurbished,329.99,USD,FIXED_PRICE,grail:Olympus XA;good-cond,JP,kobe_snap_studio,100.0,2026-08-14T23:00:31.000Z,,https://www.ebay.com/itm/307127048223?hash=item478232d81f:g:KngAAeSwvFVqf6Ca,https://i.ebayimg.com/images/g/KngAAeSwvFVqf6Ca/s-l225.jpg
高价,+501%,54.87,80,56.0,[N MINT ++ ] Nikon F2 Photomic Black DP-1 Film Camera 50mm F/1.4 Lens From JAPAN,nikon f2,Nikon,Film Cameras,Used,329.99,USD,FIXED_PRICE,grail:Nikon F2;good-cond,JP,tommy_camera_japan,100.0,2026-08-14T08:27:59.000Z,,https://www.ebay.com/itm/407143629107?hash=item5ecba6c133:g:28YAAeSwdUJqftKR,https://i.ebayimg.com/images/g/28YAAeSwdUJqftKR/s-l225.jpg
高价,+183%,119.99,80,56.0,CLA'd NewSeal [Top Mint] Olympus XA Rangefinder 35mm f2.8 + A11 Flash From JAPAN,olympus a11,Olympus,Film Cameras,Used,339.9,USD,FIXED_PRICE,grail:Olympus XA;good-cond,JP,daisu19,99.0,2026-08-14T09:54:02.000Z,,https://www.ebay.com/itm/800506555874?hash=itemba61e8ade2:g:8VYAAeSws3Nqfubo,https://i.ebayimg.com/images/g/8VYAAeSws3Nqfubo/s-l225.jpg
高价,+520%,54.87,80,56.0,Meter Works [ N MINT] Nikon F2 Photomic A Silver 35mm SLR Film Camera From JAPAN,nikon f2,Nikon,Film Cameras,Used,339.99,USD,FIXED_PRICE,grail:Nikon F2;good-cond,JP,kazuar_64,100.0,2026-08-15T07:21:55.000Z,,https://www.ebay.com/itm/227476713213?hash=item34f6ab2efd:g:~SwAAeSw4U1qgBSQ,https://i.ebayimg.com/images/g/~SwAAeSw4U1qgBSQ/s-l225.jpg
高价,+584%,50.0,80,56.0,[MINT] Olympus mju μ ii Zoom Point & Shoot 35mm Film Camera From JAPAN,olympus mju,Olympus,Film Cameras,Used,341.99,USD,FIXED_PRICE,grail:mju;good-cond,JP,sat-camera-japan,100.0,2026-08-14T12:37:32.000Z,,https://www.ebay.com/itm/147504471992?hash=item2257f39fb8:g:YTwAAeSwPoZqfwxN,https://i.ebayimg.com/images/g/YTwAAeSwPoZqfwxN/s-l225.jpg
高价,+538%,54.87,80,56.0,⏯[N MINT] Nikon F2 Photomic Black 35mm Film Camera 50mm f/1.4 Lens From JAPAN,nikon f2,Nikon,Film Cameras,Used,349.9,USD,FIXED_PRICE,grail:Nikon F2;good-cond,JP,tommy_camera_japan,100.0,2026-08-14T08:32:26.000Z,,https://www.ebay.com/itm/407143636733?hash=item5ecba6defd:g:6O8AAeSwHgFqftMX,https://i.ebayimg.com/images/g/6O8AAeSwHgFqftMX/s-l225.jpg
高价,+107%,168.81,80,56.0,[N MINT w/ Strap] Nikon FE2 Black 35mm Film Camera Ai 50mm f/1.8 Lens From JAPAN,nikon fe2,Nikon,Film Cameras,Used,349.99,USD,FIXED_PRICE,grail:FE2;good-cond,JP,hakusan_camera,100.0,2026-08-15T12:38:26.000Z,,https://www.ebay.com/itm/198572932740?hash=item2e3bde7e84:g:b-cAAeSwgGdqgF78,https://i.ebayimg.com/images/g/b-cAAeSwgGdqgF78/s-l225.jpg
高价,+107%,168.81,80,56.0,[NEAR MINT] Nikon FE2 black 35mm Film Camera Ai 50mm F1.4 Lens From JAPAN,nikon fe2,Nikon,Film Cameras,Used,349.99,USD,"FIXED_PRICE,BEST_OFFER",grail:FE2;good-cond,JP,japan-vintage-cameras-and-watch,99.8,2026-08-15T07:47:21.000Z,,https://www.ebay.com/itm/137623431208?hash=item200afee828:g:rZ8AAeSw-cBpyzYn,https://i.ebayimg.com/images/g/rZ8AAeSw-cBpyzYn/s-l225.jpg
高价,+483%,59.99,80,56.0,No Leak [MINT] Nikon F4 SLR 35mm Film Camera AF 50mm f/1.4 AF Lens From JAPAN,nikon f4,Nikon,Film Cameras,Used,349.99,USD,FIXED_PRICE,grail:Nikon F4;good-cond,JP,zeta-camera,100.0,2026-08-15T01:48:36.000Z,,https://www.ebay.com/itm/178408040882?hash=item2989f2a9b2:g:IRYAAeSwvmNqf8W3,https://i.ebayimg.com/images/g/IRYAAeSwvmNqf8W3/s-l225.jpg
高价,+254%,99.0,80,56.0,[Near MINT] Canon NEW F-1 AE Finder 35mm Film Camera 50mm F1.4 lens From JAPAN,canon f-1,Canon,Film Cameras,Used,349.99,USD,FIXED_PRICE,grail:NEW F-1;good-cond,JP,kaya6610,99.6,2026-08-14T18:08:31.000Z,,https://www.ebay.com/itm/318730255594?hash=item4a35cdbcea:g:TTAAAeSwcShqf1rR,https://i.ebayimg.com/images/g/TTAAAeSwcShqf1rR/s-l225.jpg
高价,+57%,227.31,80,56.0,[NEAR MINT] Nikon New FM2 FM2N Black Body 35mm SLR Film Camera From JAPAN,nikon fm2,Nikon,Film Cameras,Used,357.99,USD,"FIXED_PRICE,BEST_OFFER",grail:FM2;good-cond,JP,koumatsu,100.0,2026-08-14T05:43:56.000Z,,https://www.ebay.com/itm/800505554746?hash=itemba61d9673a:g:TucAAeSwVNVp-Lsa,https://i.ebayimg.com/images/g/TucAAeSwVNVp-Lsa/s-l225.jpg
高价,+269%,99.0,80,56.0,[MINT] Canon NEW F-1 Eye Level 35mm SLR Film Camera Body From JAPAN,canon f-1,Canon,Film Cameras,Used,364.9,USD,FIXED_PRICE,grail:NEW F-1;good-cond,JP,tokyosnapshot,99.7,2026-08-15T01:57:36.000Z,,https://www.ebay.com/itm/128027292240?hash=item1dcf057250:g:UlIAAeSwFJ1qf8fO,https://i.ebayimg.com/images/g/UlIAAeSwFJ1qf8fO/s-l225.jpg
高价,+517%,59.99,80,56.0,No Leak *MINT w/Hood* Nikon F4 SLR 35mm Film Camera AF 50mm F1.4 + 35-70mm JAPAN,nikon f4,Nikon,Film Cameras,Used,369.9,USD,FIXED_PRICE,grail:Nikon F4;good-cond,JP,made-1n-japan,100.0,2026-08-15T00:03:15.000Z,,https://www.ebay.com/itm/336742933530?hash=item4e6771641a:g:h44AAeSw5Vxqf615,https://i.ebayimg.com/images/g/h44AAeSw5Vxqf615/s-l225.jpg
高价,+136%,168.81,80,56.0,[Near MINT w/Strap] Nikon FE2 35mm SLR Film Camera Ai 50mm f/1.4 LensFrom JAPAN,nikon fe2,Nikon,Film Cameras,Used,398.0,USD,FIXED_PRICE,grail:FE2;good-cond,JP,sakura_vintage_camera,100.0,2026-08-15T01:59:33.000Z,,https://www.ebay.com/itm/398286963538?hash=item5cbbc0c352:g:JVEAAeSwCQJqf8h~,https://i.ebayimg.com/images/g/JVEAAeSwCQJqf8h~/s-l225.jpg
高价,+421%,76.45,80,56.0,Contax TVS Point ＆ Shoot 35mm Film Camera From JAPAN,contax tvs,Contax,Film Cameras,Used,398.0,USD,"FIXED_PRICE,BEST_OFFER",grail:Contax TVS,JP,japan-camera-select-ayafuji,100.0,2026-08-14T15:06:34.000Z,,https://www.ebay.com/itm/407144568078?hash=item5ecbb5150e:g:OekAAeSwQOlqfy3x,https://i.ebayimg.com/images/g/OekAAeSwQOlqfy3x/s-l225.jpg
高价,+627%,54.87,80,56.0,[Opt MINT] Nikon F2 Eye Level Black Film Camera 50mm f/2 Non Ai Lens From JAPAN,nikon f2,Nikon,Film Cameras,Used,399.0,USD,FIXED_PRICE,grail:Nikon F2;good-cond,JP,bgnsc_47,100.0,2026-08-14T19:00:35.000Z,,https://www.ebay.com/itm/398285890066?hash=item5cbbb06212:g:kmsAAeSwAfJqf2aN,https://i.ebayimg.com/images/g/kmsAAeSwAfJqf2aN/s-l225.jpg
高价,+76%,227.31,80,56.0,[MINT] S/N 8580xxx Nikon NEW FM2 35mm SLR Film Camera Body From JAPAN 1404,nikon fm2,Nikon,Film Cameras,Used,399.99,USD,FIXED_PRICE,grail:FM2;good-cond,JP,jojig_59_camera_japan,99.7,2026-08-15T07:35:18.000Z,,https://www.ebay.com/itm/137623422679?hash=item200afec6d7:g:FfAAAeSwrJFqgBcx,https://i.ebayimg.com/images/g/FfAAAeSwrJFqgBcx/s-l225.jpg
高价,+137%,168.81,80,56.0,CLA'd Lens New Seals [MINT + Hood] Nikon FE2 Black Ai 50mm f/1.4 Lens From JAPAN,nikon fe2,Nikon,Film Cameras,Used,399.99,USD,FIXED_PRICE,grail:FE2;good-cond,JP,mintagecamerajapan,99.7,2026-08-15T04:28:26.000Z,,https://www.ebay.com/itm/366606621147?hash=item555b7519db:g:RW0AAeSwFW1qf-ui,https://i.ebayimg.com/images/g/RW0AAeSwFW1qf-ui/s-l225.jpg
高价,+137%,168.81,80,56.0,[Near MINT] Nikon FE2 Black Ai 50mm F/1.4 35mm Film SLR Camera & Lens From Japan,nikon fe2,Nikon,Film Cameras,Used,399.99,USD,FIXED_PRICE,grail:FE2;good-cond,JP,leilanipo_65,99.6,2026-08-15T00:25:28.000Z,,https://www.ebay.com/itm/178407852314?hash=item2989efc91a:g:gaUAAeSwYVRqf7Kv,https://i.ebayimg.com/images/g/gaUAAeSwYVRqf7Kv/s-l225.jpg
高价,+74%,229.5,46,56.0,[MINT Box] Contax Carl Zeiss Vario-Sonnar T* 28-85mm F3.3-4 MMJ Lens JAPAN,contax sonnar 28-85mm f3.3,Contax,Lenses,Used,399.99,USD,FIXED_PRICE,grail:Sonnar;good-cond,JP,tokiocamera,100.0,2026-08-14T22:44:21.000Z,,https://www.ebay.com/itm/318731234471?hash=item4a35dcaca7:g:ijQAAeSwCFxpYc8u,https://i.ebayimg.com/images/g/ijQAAeSwCFxpYc8u/s-l225.jpg
高价,+159%,154.28,80,56.0,[Near MINT] Pentax 6x7 6×7 Body MLU Late Model Mirror Up From JAPAN,pentax 6,Pentax,Film Cameras,Used,399.99,USD,FIXED_PRICE,grail:6x7;good-cond,JP,usagi_camera_japan,99.3,2026-08-14T14:03:00.000Z,,https://www.ebay.com/itm/307126415352?hash=item4782292ff8:g:eW8AAeSwCYxqfyBa,https://i.ebayimg.com/images/g/eW8AAeSwCYxqfyBa/s-l225.jpg
高价,+900%,40.0,80,56.0,[Top MINT in Box] Canon AE-1 Program Black Body SLR 35mm film Camera From JAPAN,canon ae-1,Canon,Film Cameras,Used,399.99,USD,FIXED_PRICE,grail:AE-1;good-cond,JP,priority2007,100.0,2026-08-14T09:00:14.000Z,,https://www.ebay.com/itm/366604897653?hash=item555b5acd75:g:XIwAAeSwG5pqftpY,https://i.ebayimg.com/images/g/XIwAAeSwG5pqftpY/s-l225.jpg
高价,+1428%,27.1,80,56.0,*Polished Glossy Gold : CLA'd* Pentax Spotmatic SP Film Camera Body From Japan,pentax spotmatic,Pentax,Film Cameras,Used,414.0,USD,FIXED_PRICE,grail:Spotmatic;good-cond,JP,hitonaga-0,100.0,2026-08-14T11:23:44.000Z,,https://www.ebay.com/itm/407143968451?hash=item5ecbabeec3:g:8ZUAAeSwyiJpjrXR,https://i.ebayimg.com/images/g/8ZUAAeSwyiJpjrXR/s-l225.jpg
高价,+679%,54.87,80,56.0,[Exc+5] Nikon F2 Photomic SB DP-3 Silver 35mm SLR Film Camera From Japan #7273,nikon f2,Nikon,Film Cameras,Used,427.38,USD,FIXED_PRICE,grail:Nikon F2;good-cond,JP,bluebirdjapan,100.0,2026-08-15T01:00:00.000Z,,https://www.ebay.com/itm/158163831509?hash=item24d34c8ad5:g:K2MAAeSwBUdqdeyM,https://i.ebayimg.com/images/g/K2MAAeSwBUdqdeyM/s-l225.jpg
高价,+204%,141.36,80,56.0,▶️【MINT】Pentax LX Black 35mm Film Camera + SMC M 50mm F1.7 Lens from JAPAN Q40,pentax smc 35mm f1.7,Pentax,Film Cameras,Used,429.9,USD,FIXED_PRICE,grail:Pentax LX;good-cond,JP,japanyuichi,100.0,2026-08-15T00:45:20.000Z,,https://www.ebay.com/itm/298588895933?hash=item458548fabd:g:AQIAAeSwls1qf7P7,https://i.ebayimg.com/images/g/AQIAAeSwls1qf7P7/s-l225.jpg
高价,+142%,177.75,80,56.0,Mamiya Press Super 23 Sekor 100mm f/3.5 365961,mamiya 23,Mamiya,Film Cameras,Used,429.94,USD,FIXED_PRICE,grail:Mamiya Press,JP,digree_japan,99.7,2026-08-14T23:44:42.000Z,,https://www.ebay.com/itm/307127092661?hash=item47823385b5:g:q-MAAeSwbjtqf6kh,https://i.ebayimg.com/images/g/q-MAAeSwbjtqf6kh/s-l225.jpg
高价,+50%,287.49,80,56.0,[MINT] Nikon F3 Eye Level SLR 35mm Film Camera Ai 50mm F1.8 Lens from JAPAN,nikon f3,Nikon,Film Cameras,Used,429.99,USD,FIXED_PRICE,grail:Nikon F3;good-cond,JP,kaya6610,99.6,2026-08-14T19:08:36.000Z,,https://www.ebay.com/itm/318730457474?hash=item4a35d0d182:g:4YgAAeSwhnxqf2jt,https://i.ebayimg.com/images/g/4YgAAeSwhnxqf2jt/s-l225.jpg
高价,+53%,287.49,80,56.0,S/N 194xxxx [ NEAR MINT ] Nikon F3 HP F3HP 35mm SLR Flim Camera Body from Japan,nikon f3,Nikon,Film Cameras,Used,439.99,USD,FIXED_PRICE,grail:Nikon F3;good-cond,JP,tarmanpuk_0,99.7,2026-08-14T23:39:21.000Z,,https://www.ebay.com/itm/287525664754?hash=item42f1dd77f2:g:gEwAAeSwtWFqYUtI,https://i.ebayimg.com/images/g/gEwAAeSwtWFqYUtI/s-l225.jpg
高价,+53%,287.49,80,56.0,[Near MINT++] Nikon F3 HP 35mm SLR Film Camera Body Black From JAPAN,nikon f3,Nikon,Film Cameras,Used,439.99,USD,FIXED_PRICE,grail:Nikon F3;good-cond,JP,modern-classics-camera-shop,98.8,2026-08-14T23:27:12.000Z,,https://www.ebay.com/itm/318731347841?hash=item4a35de6781:g:lJEAAeSw3bJqf6UH,https://i.ebayimg.com/images/g/lJEAAeSw3bJqf6UH/s-l225.jpg
高价,+309%,110.02,80,56.0,MAMIYA RB67 PROFESSONAL 61796,mamiya rb67,Mamiya,Film Cameras,Used,449.93,USD,FIXED_PRICE,grail:RB67,JP,digree_japan,99.7,2026-08-14T23:44:42.000Z,,https://www.ebay.com/itm/307127092663?hash=item47823385b7:g:Ug8AAeSw1Ktqf6is,https://i.ebayimg.com/images/g/Ug8AAeSw1Ktqf6is/s-l225.jpg
高价,+354%,99.0,80,56.0,[MINT w/strap] Canon NEW F-1 F1 AE Finder 35mm SLR Camera Body From JAPAN,canon f-1,Canon,Film Cameras,Used,449.99,USD,FIXED_PRICE,grail:NEW F-1;good-cond,JP,hiroshimakamera,100.0,2026-08-15T12:54:32.000Z,,https://www.ebay.com/itm/287526647787?hash=item42f1ec77eb:g:5egAAeSwlShqgGIH,https://i.ebayimg.com/images/g/5egAAeSwlShqgGIH/s-l225.jpg
高价,+720%,54.87,80,56.0,SN 777 [MINT] Nikon F2 Photomic A F2A Black SLR 35mm Film Camera Body from Japan,nikon f2,Nikon,Film Cameras,Used,449.99,USD,FIXED_PRICE,grail:Nikon F2;good-cond,JP,tarmanpuk_0,99.7,2026-08-14T23:39:21.000Z,,https://www.ebay.com/itm/287525664753?hash=item42f1dd77f1:g:wWwAAeSwQAFqExUr,https://i.ebayimg.com/images/g/wWwAAeSwQAFqExUr/s-l225.jpg
高价,+102%,227.31,80,56.0,🌸[ N MINT ] Nikon NEW FM2 FM2N Black 35mm film camera Ai 50mm f1.4 Lens JAPAN,nikon fm2,Nikon,Film Cameras,Used,458.99,USD,"FIXED_PRICE,BEST_OFFER",grail:FM2;good-cond,JP,sakura.camera.japan.37,100.0,2026-08-15T12:04:09.000Z,,https://www.ebay.com/itm/318733863982?hash=item4a3604cc2e:g:LlAAAeSweu9qgEv3,https://i.ebayimg.com/images/g/LlAAAeSweu9qgEv3/s-l225.jpg
高价,+64%,287.49,80,56.0,[Near MINT w/Hood] Nikon F3 HP 35mm SLR Film Camera Ai 50mm f1.4 Lens From JAPAN,nikon f3,Nikon,Film Cameras,Used,469.99,USD,FIXED_PRICE,grail:Nikon F3;good-cond,JP,hakusan_camera,100.0,2026-08-14T07:53:45.000Z,,https://www.ebay.com/itm/198570115133?hash=item2e3bb3803d:g:VxMAAeSwOfRqfsq7,https://i.ebayimg.com/images/g/VxMAAeSwOfRqfsq7/s-l225.jpg
高价,+880%,50.0,80,56.0,[Exc+++++] Olympus mju ii Silver Point & Shoot 35mm f/2.8 Film Camera From JAPAN,olympus mju,Olympus,Film Cameras,Used,490.0,USD,FIXED_PRICE,grail:mju;good-cond,JP,musubiworks,100.0,2026-08-14T16:12:26.000Z,,https://www.ebay.com/itm/307126631300?hash=item47822c7b84:g:6kcAAeSwsnZqfz9f,https://i.ebayimg.com/images/g/6kcAAeSwsnZqfz9f/s-l225.jpg
高价,+809%,54.87,80,56.0,[Top MINT] Nikon F2 Photomic Black 35mm Film Camera 50mm f1.4 Lens From JAPAN,nikon f2,Nikon,Film Cameras,Used,499.0,USD,FIXED_PRICE,grail:Nikon F2;good-cond,JP,syashinkiten_japan,100.0,2026-08-14T13:04:22.000Z,,https://www.ebay.com/itm/327309968125?hash=item4c3531c2fd:g:~poAAeSws3NqfxLT,https://i.ebayimg.com/images/g/~poAAeSws3NqfxLT/s-l225.jpg
高价,+74%,287.49,80,56.0,All Works 【 MINT w/ Strap 】 Nikon F3 HP Black 35mm SLR Camera Body From JAPAN,nikon f3,Nikon,Film Cameras,Used,499.9,USD,FIXED_PRICE,grail:Nikon F3;good-cond,JP,iseshima_japan_camera,100.0,2026-08-14T13:54:28.000Z,,https://www.ebay.com/itm/188791868762?hash=item2bf4df4d5a:g:iGAAAeSwXudqfx8E,https://i.ebayimg.com/images/g/iGAAAeSwXudqfx8E/s-l225.jpg
高价,+1157%,39.78,80,56.0,[N MINT] PENTAX 645 medium camera smc A 150mm f3.5 Lens 120 film Back From JAPAN,pentax smc,Pentax,Film Cameras,Used,499.99,USD,FIXED_PRICE,grail:645;good-cond,JP,sakura_vintage_camera,100.0,2026-08-15T01:36:19.000Z,,https://www.ebay.com/itm/398286903952?hash=item5cbbbfda90:g:6GUAAeSwuvdqf8MN,https://i.ebayimg.com/images/g/6GUAAeSwuvdqf8MN/s-l225.jpg
高价,+74%,287.49,80,56.0,[ Near Mint+++ 194xxxx ] Nikon F3 Eye Level Body SLR 35mm Film Camera From JAPAN,nikon f3,Nikon,Film Cameras,Used,499.99,USD,FIXED_PRICE,grail:Nikon F3;good-cond,JP,bais_4223,100.0,2026-08-14T18:04:18.000Z,,https://www.ebay.com/itm/800508332842?hash=itemba6203cb2a:g:LbYAAeSwsa1qLDlv,https://i.ebayimg.com/images/g/LbYAAeSwsa1qLDlv/s-l225.jpg
高价,+74%,287.49,80,56.0,[Near MINT w/ Strap] Nikon F3 HP 35mm Film Camera Ai 50mm f/1.4 Lens From JAPAN,nikon f3,Nikon,Film Cameras,Used,499.99,USD,FIXED_PRICE,grail:Nikon F3;good-cond,JP,miytam_0,100.0,2026-08-14T16:58:57.000Z,,https://www.ebay.com/itm/398285538719?hash=item5cbbab059f:g:cikAAeSw4U1qf0uL,https://i.ebayimg.com/images/g/cikAAeSw4U1qf0uL/s-l225.jpg
高价,+117%,229.99,80,56.0,[Top MINT] Mamiya M 65mm f/4 L-A Floating System Lens for RZ67 Pro II From JAPAN,mamiya 65mm f4,Mamiya,Lenses,Used,499.99,USD,FIXED_PRICE,grail:RZ67;good-cond,JP,toyo_camera_japan,99.8,2026-08-14T13:26:06.000Z,,https://www.ebay.com/itm/377418096827?hash=item57dfdf20bb:g:Ss4AAeSwdixqfxju,https://i.ebayimg.com/images/g/Ss4AAeSwdixqfxju/s-l225.jpg
高价,+76%,287.49,80,56.0,*Top Mint w/ Case* Nikon F3 Eye Level SLR 35mm Film Camera Body From Japan,nikon f3,Nikon,Film Cameras,Used,505.99,USD,FIXED_PRICE,grail:Nikon F3;good-cond,JP,hitonaga-0,100.0,2026-08-14T11:30:35.000Z,,https://www.ebay.com/itm/407143976166?hash=item5ecbac0ce6:g:90YAAOSwBCFmySQJ,https://i.ebayimg.com/images/g/90YAAOSwBCFmySQJ/s-l225.jpg
高价,+960%,50.0,80,56.0,[MINT] Olympus mju II Silver Point & Shoot 35mm Film Camera From JAPAN #0870,olympus mju,Olympus,Film Cameras,Used,529.99,USD,"FIXED_PRICE,BEST_OFFER",grail:mju;good-cond,JP,hisagi.camera.marketjp,100.0,2026-08-14T15:18:53.000Z,,https://www.ebay.com/itm/377418343402?hash=item57dfe2e3ea:g:RCgAAeSwCGNqfzCr,https://i.ebayimg.com/images/g/RCgAAeSwCGNqfzCr/s-l225.jpg
高价,+960%,50.0,80,56.0,[MINT] Olympus mju II Silver Point & Shoot 35mm Film Camera From JAPAN,olympus mju,Olympus,Film Cameras,Used,529.99,USD,FIXED_PRICE,grail:mju;good-cond,JP,ninnincamera,100.0,2026-08-14T13:42:54.000Z,,https://www.ebay.com/itm/318729251666?hash=item4a35be6b52:g:eLAAAeSwsnZqfxwV,https://i.ebayimg.com/images/g/eLAAAeSwsnZqfxwV/s-l225.jpg
高价,+88%,287.49,80,56.0,[Top MINT] Nikon F3 HP F3HP SLR 35mm Film Camera Black Body From JAPAN 1410,nikon f3,Nikon,Film Cameras,Used,539.99,USD,FIXED_PRICE,grail:Nikon F3;good-cond,JP,jojig_59_camera_japan,99.7,2026-08-15T07:39:43.000Z,,https://www.ebay.com/itm/137623426589?hash=item200afed61d:g:HLAAAeSwJoxqgBgB,https://i.ebayimg.com/images/g/HLAAAeSwJoxqgBgB/s-l225.jpg
高价,+91%,287.49,80,56.0,[MINT] Nikon F3 Eyelevel Film Camera Body Ai 50mm f1.4 Lens From JAPAN,nikon f3,Nikon,Film Cameras,Used,549.99,USD,FIXED_PRICE,grail:Nikon F3;good-cond,JP,zakky-camera-japan,99.8,2026-08-14T21:08:54.000Z,,https://www.ebay.com/itm/800508967987?hash=itemba620d7c33:g:9QcAAeSw8fdqf4Sf,https://i.ebayimg.com/images/g/9QcAAeSw8fdqf4Sf/s-l225.jpg
高价,+121%,249.0,80,56.0,[Top MINT w/Box] Contax Carl Zeiss Planar T* 50mm F1.4 MMJ Camera Lens JAPAN,contax planar 50mm f1.4,Contax,Lenses,Used,549.99,USD,FIXED_PRICE,grail:Planar;good-cond,JP,tokiocamera,100.0,2026-08-14T05:07:30.000Z,,https://www.ebay.com/itm/318727378554?hash=item4a35a1d67a:g:XVwAAeSwFpZpbZu~,https://i.ebayimg.com/images/g/XVwAAeSwFpZpbZu~/s-l225.jpg
偏高,+12%,498.03,12,56.0,【NearMINT】Zeiss Batis 18mm f2.8 Distagon T* Lens for Sony E Mount B#12825,zeiss distagon 18mm f2.8,Zeiss,Lenses,Used,559.35,USD,"FIXED_PRICE,BEST_OFFER",grail:Distagon;mount:sony e,JP,japan_makana.store,100.0,2026-08-15T00:26:17.000Z,,https://www.ebay.com/itm/820003235717?hash=itembeec006785:g:6BcAAeSwMttqXiLz,https://i.ebayimg.com/images/g/6BcAAeSwMttqXiLz/s-l225.jpg
高价,+151%,227.31,80,56.0,[N MINT] SN901xxxx Nikon New FM2 T Titan SLR 35mm Film Camera Body From JAPAN,nikon fm2,Nikon,Film Cameras,Used,569.99,USD,FIXED_PRICE,grail:FM2;good-cond,JP,massa-4656,100.0,2026-08-15T12:55:41.000Z,,https://www.ebay.com/itm/377420566966?hash=item57e004d1b6:g:GIsAAeSwrptqbfFE,https://i.ebayimg.com/images/g/GIsAAeSwrptqbfFE/s-l225.jpg
高价,+113%,269.9,27,56.0,[Exc+5] Olympus Mju III 150 Point & Shoot Film Camera 37.5-150mm Lens From JAPAN,olympus mju 150,Olympus,Film Cameras,Used,575.0,USD,"FIXED_PRICE,BEST_OFFER",grail:Mju;good-cond,JP,blueprint-films_japan,99.1,2026-08-14T13:31:22.000Z,,https://www.ebay.com/itm/206490705584?hash=item3013ce1eb0:g:sQEAAeSwiiFqfxhs,https://i.ebayimg.com/images/g/sQEAAeSwiiFqfxhs/s-l225.jpg
高价,+50%,399.99,80,56.0,w/ Hood [Near MINT+] Pentax 6x7 67 Film Camera Eye Level 75mm f4.5 Lens fr JAPAN,pentax 67,Pentax,Film Cameras,Used,599.9,USD,FIXED_PRICE,grail:6x7;good-cond,JP,stmmy39,99.8,2026-08-14T10:43:04.000Z,,https://www.ebay.com/itm/366605067199?hash=item555b5d63bf:g:mAsAAeSwVnNqfvJy,https://i.ebayimg.com/images/g/mAsAAeSwVnNqfvJy/s-l225.jpg
高价,+109%,287.49,80,56.0,[ TOP MINT w/ Case Strap] Nikon F3 HP SLR 35mm Film Camera Black Body From JAPAN,nikon f3,Nikon,Film Cameras,Used,599.99,USD,FIXED_PRICE,grail:Nikon F3;good-cond,JP,ohana_camera_tokyo,99.6,2026-08-15T10:13:56.000Z,,https://www.ebay.com/itm/198572731815?hash=item2e3bdb6da7:g:wWMAAeSw8fdqgDxb,https://i.ebayimg.com/images/g/wWMAAeSw8fdqgDxb/s-l225.jpg
高价,+109%,287.49,80,56.0,▶️S/N184 [Near MINT] Nikon F3 Eye Level Film Camera Ai 50mm F1.4 Lens From JAPAN,nikon f3,Nikon,Film Cameras,Used,599.99,USD,FIXED_PRICE,grail:Nikon F3;good-cond,JP,shunino-71,100.0,2026-08-14T14:22:58.000Z,,https://www.ebay.com/itm/188791956277?hash=item2bf4e0a335:g:oNMAAeSwtBlqfyUD,https://i.ebayimg.com/images/g/oNMAAeSwtBlqfyUD/s-l225.jpg
高价,+994%,54.87,80,56.0,SN/79xx [MINT] Nikon F2 Waist Level Finder SLR Film Camera 50mm F1.4 From JAPAN,nikon f2,Nikon,Film Cameras,Used,599.99,USD,FIXED_PRICE,grail:Nikon F2;good-cond,JP,gionkyotocamera,100.0,2026-08-14T13:31:07.000Z,,https://www.ebay.com/itm/398284990361?hash=item5cbba2a799:g:Ck0AAeSw-~pqYoVt,https://i.ebayimg.com/images/g/Ck0AAeSw-~pqYoVt/s-l225.jpg
高价,+506%,99.0,80,56.0,S/N309xxx [N MINT Box] Canon NEW F-1 AE Finder SLR 35mm Film Camera From JAPAN,canon f-1,Canon,Film Cameras,Used,599.99,USD,FIXED_PRICE,grail:NEW F-1;good-cond,JP,priority2007,100.0,2026-08-14T08:50:37.000Z,,https://www.ebay.com/itm/366604880688?hash=item555b5a8b30:g:7QQAAeSw~8JqftdZ,https://i.ebayimg.com/images/g/7QQAAeSw~8JqftdZ/s-l225.jpg
高价,+111%,287.49,80,56.0,Nikon F3 HP High Eyepoint 35mm Film SLR Camera Body from Japan [Mint],nikon f3,Nikon,Film Cameras,Used,606.75,USD,FIXED_PRICE,grail:Nikon F3;good-cond,JP,sakura_camera06,100.0,2026-08-14T14:49:47.000Z,,https://www.ebay.com/itm/287524911588?hash=item42f1d1f9e4:g:T5EAAeSwMVhqS8gw,https://i.ebayimg.com/images/g/T5EAAeSwMVhqS8gw/s-l225.jpg
高价,+114%,287.49,80,56.0,Nikon F3 Eye Level Finder 35mm Film Camera Ai 50mm f/1.4 from Japan [Exc+5],nikon f3,Nikon,Film Cameras,Used,615.79,USD,FIXED_PRICE,grail:Nikon F3;good-cond,JP,sakura_camera06,100.0,2026-08-14T14:49:47.000Z,,https://www.ebay.com/itm/287524911554?hash=item42f1d1f9c2:g:P6sAAeSwGvhpUKj-,https://i.ebayimg.com/images/g/P6sAAeSwGvhpUKj-/s-l225.jpg
高价,+57%,399.99,80,56.0,[Near MINT w/ Wood Grip] Pentax 6x7 67 Film Camera + SMC T 75mm f4.5 Lens,pentax 67,Pentax,Film Cameras,Used,629.99,USD,"FIXED_PRICE,BEST_OFFER",grail:6x7;good-cond,JP,prosper-nagoya-japan,99.8,2026-08-14T09:12:51.000Z,,https://www.ebay.com/itm/267756864567?hash=item3e578d8437:g:hy8AAeSwCz5qftvh,https://i.ebayimg.com/images/g/hy8AAeSwCz5qftvh/s-l225.jpg
高价,+119%,287.49,80,56.0,[Top MINT w/ Case] Nikon F3 Eye level Film Camera Ai 50mm f1.4 Lens From JAPAN,nikon f3,Nikon,Film Cameras,Used,629.99,USD,FIXED_PRICE,grail:Nikon F3;good-cond,JP,beppu_onsen_film_camera,100.0,2026-08-14T04:33:38.000Z,,https://www.ebay.com/itm/398283603252?hash=item5cbb8d7d34:g:Dq4AAeSwKTRqfpta,https://i.ebayimg.com/images/g/Dq4AAeSwKTRqfpta/s-l225.jpg
高价,+1000%,57.82,80,56.0,Rare 1940 Praktiflex 35mm SLR camera /Carl Zeiss Jenna Tessar 1:2.8 f=5cm 301776,zeiss 1,Zeiss,Vintage Cameras,,636.0,USD,FIXED_PRICE,grail:Tessar,JP,himawari_camera_japan,100.0,2026-08-15T02:16:24.000Z,,https://www.ebay.com/itm/800510077002?hash=itemba621e684a:g:XqsAAeSwJgVqf8ua,https://i.ebayimg.com/images/g/XqsAAeSwJgVqf8ua/s-l225.jpg
高价,+1559%,39.78,80,56.0,×2 Holder[Near MINT w/ Flash] Pentax 645 Film Camera SMC A 75mm f/2.8 From JAPAN,pentax smc,Pentax,Film Cameras,Used,659.99,USD,FIXED_PRICE,grail:645;good-cond,JP,haramijapan,100.0,2026-08-15T11:42:42.000Z,,https://www.ebay.com/itm/336743712159?hash=item4e677d459f:g:v78AAeSwxxdqgFFq,https://i.ebayimg.com/images/g/v78AAeSwxxdqgFFq/s-l225.jpg
高价,+1121%,54.87,80,56.0,S/N 789xxxx[ MINT ] Nikon F2 Photomic AS 35mm SLR Film Camera Body From JAPAN,nikon f2,Nikon,Film Cameras,Used,669.9,USD,FIXED_PRICE,grail:Nikon F2;good-cond,JP,dassyu-rumirumi-japan,99.2,2026-08-14T10:10:45.000Z,,https://www.ebay.com/itm/128026210886?hash=item1dcef4f246:g:G~0AAeSwfn9qfunm,https://i.ebayimg.com/images/g/G~0AAeSwfn9qfunm/s-l225.jpg
高价,+175%,244.0,80,56.0,Hood [Mint in Box] Carl Zeiss Planar T* 50mm f/1.4 ZK Pentax K from Japan 401,zeiss planar 50mm f1.4,Zeiss,Lenses,Used,669.99,USD,FIXED_PRICE,grail:Planar;good-cond,JP,japan-camera-harashima,99.6,2026-08-14T14:47:03.000Z,,https://www.ebay.com/itm/287524907560?hash=item42f1d1ea28:g:~roAAeSwrJFqfyrk,https://i.ebayimg.com/images/g/~roAAeSwrJFqfyrk/s-l225.jpg
高价,+69%,399.99,80,56.0,CLA'd Body [Near Mint w/Hood] Pentax 6x7 67 TTL MUP 75mm f4.5 Lens From JAPAN,pentax 67,Pentax,Film Cameras,Used,675.99,USD,FIXED_PRICE,grail:6x7;good-cond,JP,shib5636,100.0,2026-08-14T05:15:37.000Z,,https://www.ebay.com/itm/398283685448?hash=item5cbb8ebe48:g:OlcAAeSwEi9qfqWi,https://i.ebayimg.com/images/g/OlcAAeSwEi9qfqWi/s-l225.jpg
高价,+144%,287.49,80,56.0,[Top MINT] Nikon F3 HP F3HP 35mm SLR Film Camera + Ai 50mm f1.4 Lens From JAPAN,nikon f3,Nikon,Film Cameras,Used,699.99,USD,FIXED_PRICE,grail:Nikon F3;good-cond,JP,beryg_camera-japan,100.0,2026-08-14T15:18:12.000Z,,https://www.ebay.com/itm/800507738789?hash=itemba61fabaa5:g:fBgAAeSwNtZqfzK4,https://i.ebayimg.com/images/g/fBgAAeSwNtZqfzK4/s-l225.jpg
高价,+536%,110.02,80,56.0,In Box [Almost Unused] Mamiya RB67 Pro S Film Camera Body 120 Film Back From JPN,mamiya rb67,Mamiya,Film Cameras,Used,699.99,USD,FIXED_PRICE,grail:RB67,JP,shib5636,100.0,2026-08-14T05:23:40.000Z,,https://www.ebay.com/itm/398283695670?hash=item5cbb8ee636:g:pLIAAeSwg3NqfqcS,https://i.ebayimg.com/images/g/pLIAAeSwg3NqfqcS/s-l225.jpg
高价,+49%,490.83,80,56.0,NIKON F5 Film SLR body -EXC- 3048,nikon f5,Nikon,Film Cameras,Used,731.68,USD,FIXED_PRICE,grail:NIKON F5;good-cond,JP,kitamura_camera,100.0,2026-08-14T07:17:45.000Z,,https://www.ebay.com/itm/820000228167?hash=itembeebd28347:g:yyAAAeSwHdJqfskp,https://i.ebayimg.com/images/g/yyAAAeSwHdJqfskp/s-l225.jpg
高价,+86%,399.99,80,56.0,Pentax 6x7 67 TTL SMC Takumar 75mm f/4.5 & 200mm f/4 Lenses From Japan [N Mint],pentax 67,Pentax,Film Cameras,Used,745.15,USD,FIXED_PRICE,grail:6x7;good-cond,JP,sakura_camera06,100.0,2026-08-14T14:49:47.000Z,,https://www.ebay.com/itm/287524911638?hash=item42f1d1fa16:g:hnAAAeSwN4dovnnQ,https://i.ebayimg.com/images/g/hnAAAeSwN4dovnnQ/s-l225.jpg
高价,+88%,399.99,80,56.0,[Opt Near MINT] Pentax 6x7 67 Mirror up Film Camera + SMC T 135mm 150mm 2Lenses,pentax 67,Pentax,Film Cameras,Used,749.99,USD,"FIXED_PRICE,BEST_OFFER",grail:6x7;good-cond,JP,prosper-nagoya-japan,99.8,2026-08-15T06:08:36.000Z,,https://www.ebay.com/itm/267757730227?hash=item3e579ab9b3:g:dnwAAeSwtEFqgAAr,https://i.ebayimg.com/images/g/dnwAAeSwtEFqgAAr/s-l225.jpg
偏高,+25%,639.99,41,56.0,Voigtlander USA WARRANTY 35mm f/2 Ultron II Black Leica M for All Leica M,voigtlander ultron 35mm f2,Voigtlander,Lenses,New,799.0,USD,FIXED_PRICE,grail:Ultron;mount:leica m,US,stephengandycameraquest,100.0,2026-08-14T18:41:11.000Z,,https://www.ebay.com/itm/366605848648?hash=item555b695048:g:NToAAOSwt1Vgjt1Z,https://i.ebayimg.com/images/g/NToAAOSwt1Vgjt1Z/s-l225.jpg
高价,+220%,250.0,80,56.0,Rare Pre-War 1937 Zeiss Super Ikonta 531/2 6x9 Film Camera Tessar 75mm f3.5 Lens,zeiss super ikonta,Zeiss,Film Cameras,Used,799.99,USD,FIXED_PRICE,grail:Tessar,JP,daihir_56,100.0,2026-08-15T04:37:34.000Z,,https://www.ebay.com/itm/407145856104?hash=item5ecbc8bc68:g:gY0AAeSwyedqf-85,https://i.ebayimg.com/images/g/gY0AAeSwyedqf-85/s-l225.jpg
高价,+60%,499.0,80,56.0,*Near Mint* Mamiya Sekor Z 110mm F/2.8 W Standard Lens for RZ67 Pro II IID / JPN,mamiya sekor 110mm f2.8,Mamiya,Lenses,Used,800.39,USD,FIXED_PRICE,grail:RZ67;good-cond,JP,dub0804-55,100.0,2026-08-14T11:44:32.000Z,,https://www.ebay.com/itm/366605145797?hash=item555b5e96c5:g:6lUAAOSwTxBiZebN,https://i.ebayimg.com/images/g/6lUAAOSwTxBiZebN/s-l225.jpg
高价,+108%,399.99,80,56.0,Late [ MINT+++ w/Strap ] Pentax 67 TTL Mirror Up Mup Film Camera Body From JAPAN,pentax 67,Pentax,Film Cameras,Used,829.99,USD,FIXED_PRICE,grail:Pentax 67;good-cond,JP,hakusan_camera,100.0,2026-08-14T08:02:14.000Z,,https://www.ebay.com/itm/198570128269?hash=item2e3bb3b38d:g:lscAAeSw6glqfsy3,https://i.ebayimg.com/images/g/lscAAeSw6glqfsy3/s-l225.jpg
高价,+1449%,54.87,80,56.0,SN800xx Late[MINT] Nikon F2 Photomic AS DP12 Film Camera Ai 50mm f1.4 FROM JAPAN,nikon f2,Nikon,Film Cameras,Used,849.9,USD,FIXED_PRICE,grail:Nikon F2;good-cond,JP,vintagehighqualitycamerashopymmmcamera,100.0,2026-08-15T02:50:12.000Z,,https://www.ebay.com/itm/398287128954?hash=item5cbbc3497a:g:cp4AAeSwJ2dqf9Sa,https://i.ebayimg.com/images/g/cp4AAeSwJ2dqf9Sa/s-l225.jpg
高价,+759%,99.0,80,56.0,Meter NG! [Near MINT] Canon F-1 Olive Drab 35mm SLR Film Camera Body From JAPAN,canon f-1,Canon,Film Cameras,Used,849.99,USD,FIXED_PRICE,grail:Canon F-1;good-cond,JP,ryo_103,100.0,2026-08-14T11:10:00.000Z,,https://www.ebay.com/itm/407143948331?hash=item5ecbaba02b:g:r3IAAeSwd3dqfvcl,https://i.ebayimg.com/images/g/r3IAAeSwd3dqfvcl/s-l225.jpg
高价,+73%,490.83,80,56.0,Nikon F5 Body 50th Anniversary Model SLRFilm Camera From JP Tested [Near Mint],nikon f5,Nikon,Film Cameras,Used,850.0,USD,"FIXED_PRICE,BEST_OFFER",grail:Nikon F5;good-cond,JP,re-camera,99.8,2026-08-14T08:44:23.000Z,,https://www.ebay.com/itm/227475348262?hash=item34f6965b26:g:MisAAeSwdh5qftZc,https://i.ebayimg.com/images/g/MisAAeSwdh5qftZc/s-l225.jpg
高价,+46%,594.95,80,56.0,Lens CLA'd [ MINT ] Pentax 6x7 Eye Level SMC T 105mm F2.4 Lens From JAPAN,pentax eye level,Pentax,Film Cameras,Used,869.9,USD,FIXED_PRICE,grail:6x7;good-cond,JP,daisu19,99.0,2026-08-14T09:44:47.000Z,,https://www.ebay.com/itm/800506509296?hash=itemba61e7f7f0:g:6TQAAeSw8TRqfuQM,https://i.ebayimg.com/images/g/6TQAAeSw8TRqfuQM/s-l225.jpg
高价,+79%,490.83,80,56.0,Nikon F5 50th Anniversary Model SLRFilm Camera From Japan Tested [Near Mint],nikon f5,Nikon,Film Cameras,Used,880.0,USD,"FIXED_PRICE,BEST_OFFER",grail:Nikon F5;good-cond,JP,re-camera,99.8,2026-08-14T08:44:24.000Z,,https://www.ebay.com/itm/327309686247?hash=item4c352d75e7:g:1oIAAeSwxkhqftaX,https://i.ebayimg.com/images/g/1oIAAeSwxkhqftaX/s-l225.jpg
高价,+125%,399.99,80,56.0,Tested [ Near MINT ] Pentax 6x7 67 TTL M/Up SMC T 105mm f2.4 Lens From JAPAN,pentax 67,Pentax,Film Cameras,Used,899.99,USD,FIXED_PRICE,grail:6x7;good-cond,JP,dreamers_camera_japan,99.5,2026-08-14T07:46:10.000Z,,https://www.ebay.com/itm/366604790779?hash=item555b592bfb:g:Pe8AAeSwtAZqfsi4,https://i.ebayimg.com/images/g/Pe8AAeSwtAZqfsi4/s-l225.jpg
高价,+308%,227.31,80,56.0,NIKON New FM2 Film SLR body BLACK -Near Mint- 4915,nikon fm2,Nikon,Film Cameras,Used,927.93,USD,FIXED_PRICE,grail:FM2;good-cond,JP,kitamura_camera,100.0,2026-08-14T15:27:18.000Z,,https://www.ebay.com/itm/820001736859?hash=itembeebe9889b:g:skkAAeSwk71qfzUJ,https://i.ebayimg.com/images/g/skkAAeSwk71qfzUJ/s-l225.jpg
高价,+870%,99.0,80,56.0,[Near MINT] Meter Works LIMITED Canon F-1 Olive Drab OD Body From JAPAN,canon f-1,Canon,Film Cameras,Used,959.99,USD,FIXED_PRICE,grail:Canon F-1;good-cond,JP,teriyaki_camera,100.0,2026-08-14T14:33:12.000Z,,https://www.ebay.com/itm/336742189305?hash=item4e676608f9:g:-64AAeSwvl9qfygf,https://i.ebayimg.com/images/g/-64AAeSwvl9qfygf/s-l225.jpg
高价,+145%,399.99,80,56.0,２Lens [N MINT] Pentax 6x7 67 TTL Mirror Up SMC Takumar 105mm 200mm From JAPAN,pentax 67,Pentax,Film Cameras,Used,979.99,USD,FIXED_PRICE,grail:6x7;good-cond,JP,massa-4656,100.0,2026-08-14T11:27:02.000Z,,https://www.ebay.com/itm/377417762207?hash=item57dfda059f:g:kPgAAeSwk-9qfvw-,https://i.ebayimg.com/images/g/kPgAAeSwk-9qfvw-/s-l225.jpg
高价,+248%,287.49,80,56.0,[Top MINT] Nikon F3/T Titan Black F3 HP 35mm SLR Film Camera Body From JAPAN,nikon f3,Nikon,Film Cameras,Used,999.99,USD,FIXED_PRICE,grail:Nikon F3;good-cond,JP,wasatoro_camera_japan,100.0,2026-08-15T09:16:58.000Z,,https://www.ebay.com/itm/198572649995?hash=item2e3bda2e0b:g:-U4AAeSwn~xqgC9-,https://i.ebayimg.com/images/g/-U4AAeSwn~xqgC9-/s-l225.jpg
高价,+50%,665.0,37,56.0,"""NEAR MINT+++"" Carl Zeiss Distagon 35mm f/2 Black Lens Contarex Mount From JAPAN",zeiss distagon 35mm f2,Zeiss,Lenses,Used,999.99,USD,"FIXED_PRICE,BEST_OFFER",grail:Distagon;good-cond,JP,irodori-store,99.7,2026-08-15T00:17:43.000Z,,https://www.ebay.com/itm/227476354538?hash=item34f6a5b5ea:g:0HcAAeSw6mBqGShl,https://i.ebayimg.com/images/g/0HcAAeSw6mBqGShl/s-l225.jpg
高价,+150%,399.99,80,56.0,[Almost MINT] Pentax 67 TTL SMC Takumar 105mm f/2.4 Lens Wood Grip Hood JAPAN,pentax 67,Pentax,Film Cameras,Used,999.99,USD,FIXED_PRICE,grail:Pentax 67;good-cond,JP,isshin39,100.0,2026-08-14T08:59:07.000Z,,https://www.ebay.com/itm/198570232478?hash=item2e3bb54a9e:g:WwUAAeSwa2dqftoO,https://i.ebayimg.com/images/g/WwUAAeSwa2dqftoO/s-l225.jpg
高价,+933%,99.0,80,56.0,Canon F-1 Olive Drab 35mm SLR Film Camera Body Fully Serviced From Japan,canon f-1,Canon,Film Cameras,Used,1023.0,USD,FIXED_PRICE,grail:Canon F-1;good-cond,JP,tetsai_0,100.0,2026-08-15T08:59:43.000Z,,https://www.ebay.com/itm/336743496840?hash=item4e6779fc88:g:s8kAAeSwhrBqgCp6,https://i.ebayimg.com/images/g/s8kAAeSwhrBqgCp6/s-l225.jpg
高价,+2008%,49.38,80,56.0,OLYMPUS mju II Stylus Epic 35mm Film Camera 35mm f2.8 Black Tested Mint,olympus stylus epic,Olympus,Film Cameras,Used,1041.09,USD,"FIXED_PRICE,BEST_OFFER",grail:mju;good-cond,JP,imotake-japan-selections,100.0,2026-08-14T21:14:17.000Z,,https://www.ebay.com/itm/398286223549?hash=item5cbbb578bd:g:ZGIAAeSw1~Nqf4ZU,https://i.ebayimg.com/images/g/ZGIAAeSw1~Nqf4ZU/s-l225.jpg
高价,+162%,399.99,80,56.0,Read [Near MINT] Pentax 67 TTL Late Model Mirror Up Body Camera w/grip JAPAN 911,pentax 67,Pentax,Film Cameras,Used,1049.99,USD,FIXED_PRICE,grail:Pentax 67;good-cond,JP,lifetime-camera-japan,100.0,2026-08-15T13:28:53.000Z,,https://www.ebay.com/itm/398288829574?hash=item5cbbdd3c86:g:HEYAAeSw~8JqgGg0,https://i.ebayimg.com/images/g/HEYAAeSw~8JqgGg0/s-l225.jpg
高价,+162%,399.99,80,56.0,[NEAR MINT w/Grip] Pentax 6x7 67 Film Camera + TTL Finder + SMC T 105mm f2.4,pentax 67,Pentax,Film Cameras,Used,1049.99,USD,"FIXED_PRICE,BEST_OFFER",grail:6x7;good-cond,JP,prosper-nagoya-japan,99.8,2026-08-14T07:05:39.000Z,,https://www.ebay.com/itm/267756779888?hash=item3e578c3970:g:ZIsAAeSwFplqfrxH,https://i.ebayimg.com/images/g/ZIsAAeSwFplqfrxH/s-l225.jpg
高价,+981%,99.0,80,56.0,"[Near Mint+++] Canon F-1 Olive Drab 35mm Manual Film Camera ""3000 LIMITED"" JAPAN",canon f-1,Canon,Film Cameras,Used,1069.99,USD,FIXED_PRICE,grail:Canon F-1;good-cond,JP,tsukada.camera.japan,100.0,2026-08-14T17:23:55.000Z,,https://www.ebay.com/itm/366605726591?hash=item555b67737f:g:9ecAAeSwRQxqf0~r,https://i.ebayimg.com/images/g/9ecAAeSwRQxqf0~r/s-l225.jpg
高价,+175%,399.99,80,56.0,Meter Works [N MINT] Late Pentax 67 TTL Film Camera SMC T 105mm f2.4 Lens JAPAN,pentax 67,Pentax,Film Cameras,Used,1099.0,USD,FIXED_PRICE,grail:Pentax 67;good-cond,JP,bgnsc_47,100.0,2026-08-14T19:08:23.000Z,,https://www.ebay.com/itm/398285901428?hash=item5cbbb08e74:g:mS8AAeSwFW1qf2fs,https://i.ebayimg.com/images/g/mS8AAeSwFW1qf2fs/s-l225.jpg
高价,+304%,284.94,80,56.0,All Work [Box Case ] Contax T2 Titan Silver Point & Shoot film Camera from Japan,contax t2,Contax,Film Cameras,Used,1149.99,USD,FIXED_PRICE,grail:Contax T2,JP,rakuw_21,99.3,2026-08-14T06:20:59.000Z,,https://www.ebay.com/itm/318727624514?hash=item4a35a59742:g:wScAAeSwR-FqfrTE,https://i.ebayimg.com/images/g/wScAAeSwR-FqfrTE/s-l225.jpg
高价,+200%,399.99,80,56.0,Late [N MINT] Pentax 6x7 67 TTL Mirror Up MUP 45mm f/4 Lens Hood Grip From JAPAN,pentax 67,Pentax,Film Cameras,Used,1199.99,USD,FIXED_PRICE,grail:6x7;good-cond,JP,dreamers_camera_japan,99.5,2026-08-14T07:44:25.000Z,,https://www.ebay.com/itm/366604789364?hash=item555b592674:g:3ZAAAeSwqgRqfshR,https://i.ebayimg.com/images/g/3ZAAAeSwqgRqfshR/s-l225.jpg
高价,+337%,287.49,80,56.0,NIKON F3 T (Titan) Film SLR body -EXC- 9968,nikon f3,Nikon,Film Cameras,Used,1257.48,USD,FIXED_PRICE,grail:NIKON F3;good-cond,JP,kitamura_camera,100.0,2026-08-14T06:57:40.000Z,,https://www.ebay.com/itm/820000172718?hash=itembeebd1aaae:g:wA4AAeSw1Ktqfrzf,https://i.ebayimg.com/images/g/wA4AAeSw1Ktqfrzf/s-l225.jpg
高价,+225%,399.99,80,56.0,ALL Late [MINT] Pentax 6x7 67 TTL Mirror Up film camera 45mm f4 Lens from japan,pentax 67,Pentax,Film Cameras,Used,1299.99,USD,FIXED_PRICE,grail:6x7;good-cond,JP,mitsu_64,100.0,2026-08-14T12:18:22.000Z,,https://www.ebay.com/itm/147504434423?hash=item2257f30cf7:g:f-MAAeSwfoNqfwjt,https://i.ebayimg.com/images/g/f-MAAeSwfoNqfwjt/s-l225.jpg
高价,+6563%,19.51,80,56.0,Leica M3 DS Double Stroke Silver Chrome Rangefinder Camera Body 1955 SN738xxx JP,leica m3,Leica,Film Cameras,Used,1299.99,USD,FIXED_PRICE,grail:Leica M3,JP,camera-lady777,100.0,2026-08-14T05:18:33.000Z,,https://www.ebay.com/itm/158186513269?hash=item24d4a6a375:g:a3EAAeSwTHhqfqZO,https://i.ebayimg.com/images/g/a3EAAeSwTHhqfqZO/s-l225.jpg
高价,+387%,287.49,80,56.0,S/N 951xxxx [Unused Boxed] Nikon F3 HP Limited 35mm SLR Film Camera From Japan,nikon f3,Nikon,Film Cameras,Used,1399.99,USD,FIXED_PRICE,grail:Nikon F3;good-cond,JP,sheekstyle,99.7,2026-08-15T09:33:36.000Z,,https://www.ebay.com/itm/237007366012?hash=item372ebd677c:g:WWwAAeSwjSBqgDKx,https://i.ebayimg.com/images/g/WWwAAeSwjSBqgDKx/s-l225.jpg
高价,+50%,999.99,80,56.0,⏯️ [MINT in Box] Nikon FM3A Black 35mm SLR FIlm Camera Body from JAPAN,nikon fm3a,Nikon,Film Cameras,Used,1499.99,USD,"FIXED_PRICE,BEST_OFFER",grail:FM3A;good-cond,JP,tomooka_49,99.8,2026-08-15T11:51:16.000Z,,https://www.ebay.com/itm/158191055338?hash=item24d4ebf1ea:g:ymQAAeSwFCdqA6F4,https://i.ebayimg.com/images/g/ymQAAeSwFCdqA6F4/s-l225.jpg
高价,+447%,284.94,80,56.0,CONTAX T2 35mm Point & Shoot Film Camera,contax t2,Contax,Film Cameras,Very Good - Refurbished,1559.0,USD,"FIXED_PRICE,BEST_OFFER",grail:CONTAX T2,JP,fivestarcamera,99.9,2026-08-15T01:31:42.000Z,,https://www.ebay.com/itm/298588986370?hash=item45854a5c02:g:SKcAAeSwBclqf8F3,https://i.ebayimg.com/images/g/SKcAAeSwBclqf8F3/s-l225.jpg
高价,+3155%,49.15,80,56.0,Super Rare [Exc+5] Nikon Nikonos I 1st White Model Under Water Camera From JAPAN,nikon nikonos,Nikon,Film Cameras,Used,1599.99,USD,FIXED_PRICE,grail:Nikonos;good-cond,JP,authentic.heritage.japan,100.0,2026-08-14T15:58:17.000Z,,https://www.ebay.com/itm/307126614959?hash=item47822c3baf:g:~s4AAeSwHn1qfzwR,https://i.ebayimg.com/images/g/~s4AAeSwHn1qfzwR/s-l225.jpg
高价,+1445%,110.02,80,56.0,[Unused] Mamiya RB67 Pro SD Medium Format Camera K/L 127mm f3.5 Lens From JAPAN,mamiya rb67,Mamiya,Film Cameras,Used,1699.99,USD,FIXED_PRICE,grail:RB67,JP,kaho_camera,100.0,2026-08-15T02:57:58.000Z,,https://www.ebay.com/itm/188794641357?hash=item2bf5099bcd:g:RlUAAeSwYexqbVuk,https://i.ebayimg.com/images/g/RlUAAeSwYexqbVuk/s-l225.jpg
高价,+273%,482.42,80,56.0,w/Bonus [Almost Unused] Mamiya RZ67 Pro II Film Camera 120 Film Back From JPN,mamiya rz67,Mamiya,Film Cameras,Used,1799.99,USD,FIXED_PRICE,grail:RZ67,JP,shib5636,100.0,2026-08-15T01:14:13.000Z,,https://www.ebay.com/itm/398286853423?hash=item5cbbbf152f:g:5v4AAeSwBUdqf72k,https://i.ebayimg.com/images/g/5v4AAeSwBUdqf72k/s-l225.jpg
高价,+80%,999.99,80,56.0,[TOP MINT In Box] Nikon FM3A Black SLR 35mm Film Camera Body w/ Strap From JAPAN,nikon fm3a,Nikon,Film Cameras,Used,1799.99,USD,FIXED_PRICE,grail:FM3A;good-cond,JP,midorimid_29,100.0,2026-08-14T23:27:51.000Z,,https://www.ebay.com/itm/377419163274?hash=item57dfef668a:g:QvMAAeSwCclqf6UR,https://i.ebayimg.com/images/g/QvMAAeSwCclqf6UR/s-l225.jpg
高价,+362%,399.99,80,56.0,All Late [Top MINT Grip Hood] Pentax 67 TTL Film Camera P 105mm f2.4 Lens JAPAN,pentax 67,Pentax,Film Cameras,Used,1849.99,USD,FIXED_PRICE,grail:Pentax 67;good-cond,JP,toyo_camera_japan,99.8,2026-08-14T12:46:34.000Z,,https://www.ebay.com/itm/377417955962?hash=item57dfdcfa7a:g:FKsAAeSwxxdqfw6k,https://i.ebayimg.com/images/g/FKsAAeSwxxdqfw6k/s-l225.jpg
高价,+96%,999.9,80,56.0,Hasselblad 500C/M Film Camera Body with Meter Prism Finder from Japan E0815,hasselblad 500c/m,Hasselblad,Film Cameras,Used,1958.39,USD,FIXED_PRICE,grail:500C,JP,kyoto_camera,99.7,2026-08-15T00:22:27.000Z,,https://www.ebay.com/itm/287525718129?hash=item42f1de4871:g:fiIAAeSw4vtqf7CO,https://i.ebayimg.com/images/g/fiIAAeSw4vtqf7CO/s-l225.jpg
高价,+54%,1299.99,41,56.0,[ ALL TOP MINT ] Pentax 645N Film Camera SMC A 75mm F2.8 Lens 120 220 From JAPAN,pentax 645n,Pentax,Film Cameras,Used,1999.99,USD,FIXED_PRICE,grail:645N;good-cond,JP,ohana_camera_tokyo,99.6,2026-08-15T10:19:01.000Z,,https://www.ebay.com/itm/198572737122?hash=item2e3bdb8262:g:oioAAeSw7OJqgD2S,https://i.ebayimg.com/images/g/oioAAeSw7OJqgD2S/s-l225.jpg
高价,+3545%,54.87,80,56.0,CLA'd [Almost Unused] Nikon F2 Titanium 35mm SLR Film Camera Body From JAPAN,nikon f2,Nikon,Film Cameras,Used,1999.99,USD,FIXED_PRICE,grail:Nikon F2;good-cond,JP,honest-jpn,99.7,2026-08-14T05:05:08.000Z,,https://www.ebay.com/itm/377417039215?hash=item57dfcefd6f:g:XrgAAeSwYEVqfqL2,https://i.ebayimg.com/images/g/XrgAAeSwYEVqfqL2/s-l225.jpg
高价,+77%,1299.99,41,56.0,ALL BOX [MINT w/ Flash] Pentax 645N + SMC FA 75mm f/2.8 + 120 Film Back x2 JAPAN,pentax 645n,Pentax,Film Cameras,Used,2299.99,USD,FIXED_PRICE,grail:645N;good-cond,JP,haramijapan,100.0,2026-08-15T12:00:35.000Z,,https://www.ebay.com/itm/336743734362?hash=item4e677d9c5a:g:2JoAAeSwUZFqgFWG,https://i.ebayimg.com/images/g/2JoAAeSwUZFqgFWG/s-l225.jpg
高价,+575%,399.99,80,56.0,[MINT w/ Grip Strap] PENTAX 67 II AE Finder Medium Format Camera Body From JAPAN,pentax 67,Pentax,Film Cameras,Used,2699.99,USD,FIXED_PRICE,grail:PENTAX 67;good-cond,JP,mitsu_64,100.0,2026-08-14T11:25:29.000Z,,https://www.ebay.com/itm/147504350134?hash=item2257f1c3b6:g:yg4AAeSwiuJqfvwf,https://i.ebayimg.com/images/g/yg4AAeSwiuJqfvwf/s-l225.jpg
高价,+142%,1199.0,80,56.0,Rare!! [TOP MINT] Leica Summicron M 35mm f/2 Canada 7 Elements Lens Bokeh Japan,leica summicron 35mm f2,Leica,Lenses,Used,2899.49,USD,FIXED_PRICE,grail:Summicron;good-cond,JP,kobe_japan_camera,99.2,2026-08-14T14:16:07.000Z,,https://www.ebay.com/itm/318729380625?hash=item4a35c06311:g:YpgAAeSwIDhqfyH3,https://i.ebayimg.com/images/g/YpgAAeSwIDhqfyH3/s-l225.jpg
高价,+110%,1451.04,80,56.0,Leica Summilux M 50mm F1.4 E43 Black -EXC- 9726,leica summilux 50mm f1.4,Leica,Lenses,Used,3053.32,USD,FIXED_PRICE,grail:Summilux;good-cond,JP,kitamura_camera,100.0,2026-08-14T15:27:18.000Z,,https://www.ebay.com/itm/820001736862?hash=itembeebe9889e:g:QqgAAeSwnu5qfzTM,https://i.ebayimg.com/images/g/QqgAAeSwnu5qfzTM/s-l225.jpg
高价,+65%,3334.99,66,56.0,⏯️ Final Late Double Teeth Black [ALMOST UNUSED in Box] Contax T3 Camera JAPAN,contax t3,Contax,Film Cameras,Used,5500.0,USD,"FIXED_PRICE,BEST_OFFER",grail:Contax T3,JP,tomooka_49,99.8,2026-08-15T11:50:38.000Z,,https://www.ebay.com/itm/158191052952?hash=item24d4ebe898:g:PwwAAeSwAuVqdTGv,https://i.ebayimg.com/images/g/PwwAAeSwAuVqdTGv/s-l225.jpg
无基准,,,,55.0,"Leitz TELE-ELMAR 135mm F4 lens, LEICA M mount, red feet scale",leitz elmar 135mm f4,Leitz,Lenses,Used,0.0,USD,AUCTION,grail:ELMAR;mount:leica m;auction,ZA,kakieboskameras,100.0,2026-08-14T19:49:55.000Z,2026-08-21T19:49:55.000Z,https://www.ebay.com/itm/206491390805?hash=item3013d89355:g:QVcAAeSwuzJp~xrr,https://i.ebayimg.com/images/g/QVcAAeSwuzJp~xrr/s-l225.jpg
无基准,,,,55.0,Read!▶[Exc+5 CLA'd w/Strap] Olympus OM-10 OM10 35mm SLR Film Camera From JAPAN,olympus om-10,Olympus,Film Cameras,Used,34.99,USD,FIXED_PRICE,mount:olympus om;good-cond,JP,taknis-78,100.0,2026-08-15T08:07:33.000Z,,https://www.ebay.com/itm/336743443195?hash=item4e67792afb:g:M6cAAeSwy0VqgB86,https://i.ebayimg.com/images/g/M6cAAeSwy0VqgB86/s-l225.jpg
无基准,,,,55.0,[Near MINT] Olympus IZM 300 Film Camera + 38-105mm f/4.5-6 Zoom Lens From JAPAN,olympus 300,Olympus,Film Cameras,Used,40.99,USD,FIXED_PRICE,good-cond,JP,taknis-78,100.0,2026-08-15T08:52:56.000Z,,https://www.ebay.com/itm/336743487573?hash=item4e6779d855:g:9EYAAeSwTF5qgClZ,https://i.ebayimg.com/images/g/9EYAAeSwTF5qgClZ/s-l225.jpg
无基准,,,,55.0,Olympus IZM 220 Panorama Zoom Compact Film Camera [EXC+++++] #25343,olympus izm panorama,Olympus,Film Cameras,Used,45.33,USD,"FIXED_PRICE,BEST_OFFER",good-cond,JP,satsukijapan,99.8,2026-08-15T02:07:55.000Z,,https://www.ebay.com/itm/188794435166?hash=item2bf506765e:g:Ju0AAeSwrbtozmnP,https://i.ebayimg.com/images/g/Ju0AAeSwrbtozmnP/s-l225.jpg
无基准,,,,55.0,Minolta P's Point & Shoot 35mm Film camera [EXC++++] #25335-3,minolta 35mm,Minolta,Film Cameras,Used,47.21,USD,"FIXED_PRICE,BEST_OFFER",good-cond,JP,satsukijapan,99.8,2026-08-15T02:15:23.000Z,,https://www.ebay.com/itm/188794488692?hash=item2bf5074774:g:Pg4AAeSwp49qf8uG,https://i.ebayimg.com/images/g/Pg4AAeSwp49qf8uG/s-l225.jpg
无基准,,,,55.0,[N MINT++++ CLA'd w/Case] FUJI Cardia Cute Date 35mm f3.5 Film Camera From JAPAN,fuji cardia cute,Fuji,Film Cameras,Used,54.99,USD,FIXED_PRICE,good-cond,JP,taknis-78,100.0,2026-08-15T08:04:29.000Z,,https://www.ebay.com/itm/336743440689?hash=item4e67792131:g:u9QAAeSwyShqgB68,https://i.ebayimg.com/images/g/u9QAAeSwyShqgB68/s-l225.jpg
无基准,,,,55.0,Tested OK! [N MINT] FUJI Zoom Cardia Super 115 Black 35mm Film Camera From JAPAN,fuji 115,Fuji,Film Cameras,Used,59.99,USD,FIXED_PRICE,good-cond,JP,taknis-78,100.0,2026-08-15T10:50:32.000Z,,https://www.ebay.com/itm/336743646857?hash=item4e677c4689:g:FsAAAeSw19lqgEWq,https://i.ebayimg.com/images/g/FsAAAeSw19lqgEWq/s-l225.jpg
无基准,,,,55.0,[Lens Mint READ] Canon EOS 650 Film Camera & Tamron AF 28-300mm LD Lens JAPAN,canon 650,Canon,Film Cameras,Used,59.99,USD,FIXED_PRICE,good-cond,JP,maui_camera_japan,100.0,2026-08-14T09:24:10.000Z,,https://www.ebay.com/itm/287524345107?hash=item42f1c95513:g:TBcAAeSwG5pqftiR,https://i.ebayimg.com/images/g/TBcAAeSwG5pqftiR/s-l225.jpg
无基准,,,,55.0,[Optical Mint READ] Nikon Nikomat FTN 35mm SLR Film Camera Body Black from JAPAN,nikon nikomat ftn,Nikon,Film Cameras,Used,59.99,USD,FIXED_PRICE,good-cond,JP,maui_camera_japan,100.0,2026-08-14T07:09:59.000Z,,https://www.ebay.com/itm/287524177707?hash=item42f1c6c72b:g:ZjkAAeSwJ2dqfrw~,https://i.ebayimg.com/images/g/ZjkAAeSwJ2dqfrw~/s-l225.jpg
合理,+2%,59.99,31,55.0,[N MINT] Fuji Zoom Cardia Super 115 Discovery 35mm Film Camera From Japan,fuji 115,Fuji,Film Cameras,Used,61.0,USD,"FIXED_PRICE,BEST_OFFER",good-cond,JP,akatsuki3054,99.2,2026-08-14T16:47:57.000Z,,https://www.ebay.com/itm/137621135182?hash=item200adbdf4e:g:OYoAAeSwbqVqf0XN,https://i.ebayimg.com/images/g/OYoAAeSwbqVqf0XN/s-l225.jpg
无基准,,,,55.0,[Top MINT IN BOX] Olympus L-2 QD 35mm Film Camera 35-135mm Lens From JAPAN,olympus l-2,Olympus,Film Cameras,Used,63.54,USD,FIXED_PRICE,good-cond,JP,arigato-jpn,100.0,2026-08-14T08:21:11.000Z,,https://www.ebay.com/itm/137619735106?hash=item200ac68242:g:Ki0AAOSwXBxgIT-w,https://i.ebayimg.com/images/g/Ki0AAOSwXBxgIT-w/s-l225.jpg
无基准,,,,55.0,Tested! [MINT+++] Minolta AF Passive Panorama Zoom 135 38-135mm Macro From JAPAN,minolta 135,Minolta,Film Cameras,Used,64.99,USD,FIXED_PRICE,good-cond,JP,taknis-78,100.0,2026-08-15T10:39:30.000Z,,https://www.ebay.com/itm/336743633591?hash=item4e677c12b7:g:c6QAAeSwE-hqgEIl,https://i.ebayimg.com/images/g/c6QAAeSwE-hqgEIl/s-l225.jpg
无基准,,,,55.0,▶[N MINT+] Pentax A3 DATE Film Camera SMC F Zoom 35-105mm f4-5.6 Lens From JAPAN,pentax a3,Pentax,Film Cameras,Used,64.99,USD,FIXED_PRICE,good-cond,JP,taknis-78,100.0,2026-08-15T08:38:12.000Z,,https://www.ebay.com/itm/336743472365?hash=item4e67799ced:g:lRsAAeSwNz9qgCYr,https://i.ebayimg.com/images/g/lRsAAeSwNz9qgCYr/s-l225.jpg
无基准,,,,55.0,HASSELBLAD Rubber eye cup for Hasselblad Prism Finder from Japan,hasselblad rubber eye,Hasselblad,Film Cameras,Used,67.41,USD,"FIXED_PRICE,BEST_OFFER",,JP,shopaquarius,100.0,2026-08-14T09:00:50.000Z,,https://www.ebay.com/itm/407143697096?hash=item5ecba7cac8:g:JK8AAeSwawdqftnI,https://i.ebayimg.com/images/g/JK8AAeSwawdqftnI/s-l225.jpg
无基准,,,,55.0,HASSELBLAD Protective glass screen repair parts for Hasselblad from Japan,hasselblad protective glass,Hasselblad,Film Cameras,Used,67.41,USD,"FIXED_PRICE,BEST_OFFER",,JP,shopaquarius,100.0,2026-08-14T09:00:49.000Z,,https://www.ebay.com/itm/407143696943?hash=item5ecba7ca2f:g:G-4AAeSwMeVqftpA,https://i.ebayimg.com/images/g/G-4AAeSwMeVqftpA/s-l225.jpg
无基准,,,,55.0,HASSELBLAD Strap mounting hardware (1 pair left and right) from Japan,hasselblad 1,Hasselblad,Film Cameras,Used,67.41,USD,"FIXED_PRICE,BEST_OFFER",,JP,shopaquarius,100.0,2026-08-14T09:00:46.000Z,,https://www.ebay.com/itm/407143696910?hash=item5ecba7ca0e:g:ZdUAAeSw-Mdqftn7,https://i.ebayimg.com/images/g/ZdUAAeSw-Mdqftn7/s-l225.jpg
无基准,,,,55.0,"New Seal [MINT] Nikon EM ""Little Nikon"" SLR 35mm Film Camera Body Only Japan",nikon little nikon,Nikon,Film Cameras,Used,68.2,USD,"FIXED_PRICE,BEST_OFFER",good-cond,JP,growz9652,100.0,2026-08-14T23:56:32.000Z,,https://www.ebay.com/itm/188793969055?hash=item2bf4ff599f:g:0HgAAeSwH5FqDsPn,https://i.ebayimg.com/images/g/0HgAAeSwH5FqDsPn/s-l225.jpg
无基准,,,,55.0,"[Near MINT , Film Tested] Canon Prima Twin Point & Shoot Film Camera From Japan",canon prima twin,Canon,Film Cameras,Used,69.99,USD,FIXED_PRICE,good-cond,JP,sagami_camera,99.8,2026-08-15T11:18:51.000Z,,https://www.ebay.com/itm/398288526214?hash=item5cbbd89b86:g:7Y8AAeSwfjZqgEqG,https://i.ebayimg.com/images/g/7Y8AAeSwfjZqgEqG/s-l225.jpg
无基准,,,,55.0,"[Near MINT , Film Tested] Pentax Espio P Point & Shoot Film Camera From JAPAN",pentax espio,Pentax,Film Cameras,Used,69.99,USD,FIXED_PRICE,good-cond,JP,sagami_camera,99.8,2026-08-15T08:53:57.000Z,,https://www.ebay.com/itm/398288172961?hash=item5cbbd337a1:g:AygAAeSwBclqgCh7,https://i.ebayimg.com/images/g/AygAAeSwBclqgCh7/s-l225.jpg
无基准,,,,55.0,[Top MINT] Nikon Zoom 500 AF From JAPAN,nikon 500,Nikon,Film Cameras,Used,69.99,USD,FIXED_PRICE,good-cond,JP,irodori-92,100.0,2026-08-15T04:13:28.000Z,,https://www.ebay.com/itm/377419669008?hash=item57dff71e10:g:7cIAAeSwB7tqf-hO,https://i.ebayimg.com/images/g/7cIAAeSwB7tqf-hO/s-l225.jpg
无基准,,,,55.0,Canon Autoboy TELE Quartz Date Point & Shoot Camera from Japan 【EXC】,canon autoboy tele,Canon,Film Cameras,Used,69.99,USD,FIXED_PRICE,good-cond,JP,tominjp,100.0,2026-08-14T06:38:22.000Z,,https://www.ebay.com/itm/158186703103?hash=item24d4a988ff:g:htwAAeSw7DdqfrdV,https://i.ebayimg.com/images/g/htwAAeSw7DdqfrdV/s-l225.jpg
无基准,,,,55.0,Tested works rare Mamiya ZM SLR 35mm film camera body & motor drive from Japan,mamiya 35mm,Mamiya,Film Cameras,Used,69.99,USD,FIXED_PRICE,,JP,keiz_house,100.0,2026-08-14T05:45:58.000Z,,https://www.ebay.com/itm/327309499706?hash=item4c352a9d3a:g:RmQAAeSw6sppw4Nk,https://i.ebayimg.com/images/g/RmQAAeSw6sppw4Nk/s-l225.jpg
无基准,,,,55.0,[Exc+2] Minolta XD Silver 35mm film SLR camera Body from japan #035,minolta 35mm,Minolta,Film Cameras,Used,70.0,USD,FIXED_PRICE,good-cond,JP,sakiho_store,99.8,2026-08-14T12:26:14.000Z,,https://www.ebay.com/itm/800507074343?hash=itemba61f09727:g:6KgAAeSw~oJqZKB9,https://i.ebayimg.com/images/g/6KgAAeSw~oJqZKB9/s-l225.jpg
无基准,,,,55.0,RARE!!【Top Mint】FUJI AX multi program +EBC X-FUJINON 50mm f/1.6 from Japan#E0122,fuji multi program,Fuji,Film Cameras,Used,72.0,USD,"FIXED_PRICE,BEST_OFFER",good-cond,JP,espressivo,99.9,2026-08-15T02:14:35.000Z,,https://www.ebay.com/itm/820003591327?hash=itembeec05d49f:g:U74AAeSw4U1qf8pX,https://i.ebayimg.com/images/g/U74AAeSw4U1qf8pX/s-l225.jpg
无基准,,,,55.0,[ MINT ] CANON Autoboy TELE QUARTZ DATE Point & Shoot Film Camera From JAPAN,canon autoboy tele,Canon,Film Cameras,Used,73.99,USD,"FIXED_PRICE,BEST_OFFER",good-cond,JP,camera_yu1010_japan,100.0,2026-08-15T12:15:58.000Z,,https://www.ebay.com/itm/287526595892?hash=item42f1ebad34:g:bDkAAeSw2jxpo98x,https://i.ebayimg.com/images/g/bDkAAeSw2jxpo98x/s-l225.jpg
无基准,,,,55.0,[MINT] Canon EOS 650 AF SLR 35mm Film Camera Body Only Genuine From Japan,canon 650,Canon,Film Cameras,Used,74.4,USD,"FIXED_PRICE,BEST_OFFER",good-cond,JP,growz9652,100.0,2026-08-14T23:56:33.000Z,,https://www.ebay.com/itm/188793969078?hash=item2bf4ff59b6:g:m34AAeSwTU5qDtl-,https://i.ebayimg.com/images/g/m34AAeSwTU5qDtl-/s-l225.jpg
无基准,,,,55.0,New Seal [MINT] Nikon EM SLR 35mm Film Camera Body Only Genuine From Japan,nikon 35mm,Nikon,Film Cameras,Used,74.4,USD,"FIXED_PRICE,BEST_OFFER",good-cond,JP,growz9652,100.0,2026-08-14T23:56:32.000Z,,https://www.ebay.com/itm/188793969054?hash=item2bf4ff599e:g:CWoAAeSwX8RqDsFE,https://i.ebayimg.com/images/g/CWoAAeSwX8RqDsFE/s-l225.jpg
无基准,,,,55.0,[Near MINT] Canon EOS 55 35mm Film Camera Body From Japan,canon 55,Canon,Film Cameras,Used,75.99,USD,FIXED_PRICE,good-cond,JP,yumicurbo,100.0,2026-08-14T13:00:45.000Z,,https://www.ebay.com/itm/158187702487?hash=item24d4b8c8d7:g:kboAAeSw3DNqdK96,https://i.ebayimg.com/images/g/kboAAeSw3DNqdK96/s-l225.jpg
无基准,,,,55.0,New HASSELBLAD Bottom tripod plate for Hasselblad from Japan,hasselblad bottom tripod,Hasselblad,Film Cameras,Used,79.71,USD,"FIXED_PRICE,BEST_OFFER",,JP,shopaquarius,100.0,2026-08-14T09:00:48.000Z,,https://www.ebay.com/itm/407143696947?hash=item5ecba7ca33:g:FwMAAeSwuvdqfto5,https://i.ebayimg.com/images/g/FwMAAeSwuvdqfto5/s-l225.jpg
无基准,,,,55.0,[Near MINT in Box] Pentax Z-50P 35mm SLR Film Camera Body w/ Panorama Mode #427,pentax z-50p,Pentax,Film Cameras,Used,79.9,USD,FIXED_PRICE,good-cond,JP,blueprint_3,100.0,2026-08-15T09:17:31.000Z,,https://www.ebay.com/itm/407146275832?hash=item5ecbcf23f8:g:oWUAAeSwiT9p2qNq,https://i.ebayimg.com/images/g/oWUAAeSwiT9p2qNq/s-l225.jpg
无基准,,,,55.0,[NEAR MINT] Olympus PEN EE-3 Half Frame Film Camera From JAPAN A53,olympus ee-3,Olympus,Film Cameras,Used,79.9,USD,FIXED_PRICE,good-cond,JP,asbase_japan,98.9,2026-08-14T08:12:22.000Z,,https://www.ebay.com/itm/800506161810?hash=itemba61e2aa92:g:dPUAAeSwi69qFQl-,https://i.ebayimg.com/images/g/dPUAAeSwi69qFQl-/s-l225.jpg
无基准,,,,55.0,[N-MINT/Tested] Canon Autoboy Luna 105 point & shoot 35mm Film camera From JAPAN,canon 105,Canon,Film Cameras,Used,79.99,USD,FIXED_PRICE,good-cond,JP,sagami_camera,99.8,2026-08-15T12:08:33.000Z,,https://www.ebay.com/itm/398288627790?hash=item5cbbda284e:g:MrQAAeSw2L1qgFZC,https://i.ebayimg.com/images/g/MrQAAeSw2L1qgFZC/s-l225.jpg
无基准,,,,55.0,"[Near MINT , Film Tested] Minolta P's Point & Shoot 35mm Film Camera From JPN",minolta 35mm,Minolta,Film Cameras,Used,79.99,USD,FIXED_PRICE,good-cond,JP,sagami_camera,99.8,2026-08-15T08:41:36.000Z,,https://www.ebay.com/itm/398288130801?hash=item5cbbd292f1:g:dxsAAeSwFkJqgCYS,https://i.ebayimg.com/images/g/dxsAAeSwFkJqgCYS/s-l225.jpg
无基准,,,,55.0,▶[Top MINT w/Strap Cap Case] Nikon EM 35mm SLR Black Film Camera Body From JAPAN,nikon 35mm,Nikon,Film Cameras,Used,79.99,USD,FIXED_PRICE,good-cond,JP,taknis-78,100.0,2026-08-15T08:36:41.000Z,,https://www.ebay.com/itm/336743471668?hash=item4e67799a34:g:hRMAAeSwMeVqgCYM,https://i.ebayimg.com/images/g/hRMAAeSwMeVqgCYM/s-l225.jpg
无基准,,,,55.0,DATE OK [NEAR MINT] Pentax MZ-L 35mm SLR AF Body only Film Camera From JAPAN,pentax mz-l,Pentax,Film Cameras,Used,79.99,USD,"FIXED_PRICE,BEST_OFFER",good-cond,JP,orizurucamera_japan,100.0,2026-08-15T08:09:11.000Z,,https://www.ebay.com/itm/398288032414?hash=item5cbbd1129e:g:N-oAAeSwhrBqgBsV,https://i.ebayimg.com/images/g/N-oAAeSwhrBqgBsV/s-l225.jpg
无基准,,,,55.0,*Near Mint* Yashica FRII FR II SLR Film Camera Body Contax / Yashica Mount / JPN,yashica frii,Yashica,Film Cameras,Used,81.42,USD,FIXED_PRICE,good-cond,JP,hitonaga-0,100.0,2026-08-14T11:30:35.000Z,,https://www.ebay.com/itm/407143976172?hash=item5ecbac0cec:g:~akAAeSwutRoNUnm,https://i.ebayimg.com/images/g/~akAAeSwutRoNUnm/s-l225.jpg
无基准,,,,55.0,*Near Mint w/ Case* Konica FTA Film Camera Hexanon AR 50mm F/1.8 Lens From Japan,konica fta hexanon,Konica,Film Cameras,Used,82.33,USD,FIXED_PRICE,good-cond,JP,hitonaga-0,100.0,2026-08-14T11:38:59.000Z,,https://www.ebay.com/itm/407143987934?hash=item5ecbac3ade:g:rMgAAOSwfvVkco2u,https://i.ebayimg.com/images/g/rMgAAOSwfvVkco2u/s-l225.jpg
无基准,,,,55.0,Meter Works! [Almost MINT] Canon Demi 28mm f2.8 Half Frame Camera from JAPAN,canon demi f2.8,Canon,Film Cameras,Used,84.9,USD,FIXED_PRICE,good-cond,JP,tokyosnapshot,99.7,2026-08-14T10:54:45.000Z,,https://www.ebay.com/itm/128026253162?hash=item1dcef5976a:g:pgsAAeSwdUJqfvUd,https://i.ebayimg.com/images/g/pgsAAeSwdUJqfvUd/s-l225.jpg
无基准,,,,55.0,Read! [N MINT CLA'd] Canon EOS 650 + SIGMA DL Zoom 35-80mm f4-5.6 SLR From JAPAN,canon 650,Canon,Film Cameras,Used,84.99,USD,FIXED_PRICE,good-cond,JP,taknis-78,100.0,2026-08-15T09:56:48.000Z,,https://www.ebay.com/itm/336743573714?hash=item4e677b28d2:g:oyMAAeSwbqVqgDhh,https://i.ebayimg.com/images/g/oyMAAeSwbqVqgDhh/s-l225.jpg
无基准,,,,55.0,*Near Mint* Canon Autoboy Luna 105S ( Sure Shot 105 Zoom S ) Film Camera From JP,canon 105s,Canon,Film Cameras,Used,85.49,USD,FIXED_PRICE,good-cond,JP,dub0804-55,100.0,2026-08-14T11:34:40.000Z,,https://www.ebay.com/itm/366605134706?hash=item555b5e6b72:g:9TMAAeSw5oRqPQ53,https://i.ebayimg.com/images/g/9TMAAeSw5oRqPQ53/s-l225.jpg
无基准,,,,55.0,[N MINT in Box] Canon Autoboy S Ai AF Panorama 35mm Film Camera From JAPAN A62,canon autoboy panorama,Canon,Film Cameras,Used,89.9,USD,FIXED_PRICE,good-cond,JP,asbase_japan,98.9,2026-08-14T08:12:22.000Z,,https://www.ebay.com/itm/800506161797?hash=itemba61e2aa85:g:5KQAAeSwNOFqF~9k,https://i.ebayimg.com/images/g/5KQAAeSwNOFqF~9k/s-l225.jpg
无基准,,,,55.0,[MINT] Fuji Rensha Cardia Byu-N 8 continuous shooting Film Camera From JAPAN,fuji 8,Fuji,Film Cameras,Used,89.99,USD,FIXED_PRICE,good-cond,JP,daihama_8,100.0,2026-08-15T11:44:49.000Z,,https://www.ebay.com/itm/407146523035?hash=item5ecbd2e99b:g:jwEAAeSwYPFqgFIl,https://i.ebayimg.com/images/g/jwEAAeSwYPFqgFIl/s-l225.jpg
无基准,,,,55.0,"[Near MINT , Film Tested] Ricoh TF-200D Point & Shoot Film Camera From JAPAN",ricoh tf-200d,Ricoh,Film Cameras,Used,89.99,USD,FIXED_PRICE,good-cond,JP,sagami_camera,99.8,2026-08-15T09:13:50.000Z,,https://www.ebay.com/itm/398288222362?hash=item5cbbd3f89a:g:UjoAAeSwXRhqgC1l,https://i.ebayimg.com/images/g/UjoAAeSwXRhqgC1l/s-l225.jpg
无基准,,,,55.0,"[Near MINT , Film Tested] Canon Autoboy3 Point & Shoot Film Camera From Japan",canon autoboy3,Canon,Film Cameras,Used,89.99,USD,FIXED_PRICE,good-cond,JP,sagami_camera,99.8,2026-08-15T09:10:41.000Z,,https://www.ebay.com/itm/398288209212?hash=item5cbbd3c53c:g:s2wAAeSwHgFqgCz2,https://i.ebayimg.com/images/g/s2wAAeSwHgFqgCz2/s-l225.jpg
无基准,,,,55.0,"[Near MINT , Film Tested] Canon Autoboy 3 Point & Shoot Film Camera From Japan",canon 3,Canon,Film Cameras,Used,89.99,USD,FIXED_PRICE,good-cond,JP,sagami_camera,99.8,2026-08-15T09:09:38.000Z,,https://www.ebay.com/itm/398288202442?hash=item5cbbd3aaca:g:1yAAAeSwE-hqgCyL,https://i.ebayimg.com/images/g/1yAAAeSwE-hqgCyL/s-l225.jpg
无基准,,,,55.0,"[Near MINT , Film Tested] PENTAX SPORT-1 Point & Shoot Film Camera From JAPAN",pentax sport-1,Pentax,Film Cameras,Used,89.99,USD,FIXED_PRICE,good-cond,JP,sagami_camera,99.8,2026-08-15T08:57:48.000Z,,https://www.ebay.com/itm/398288180913?hash=item5cbbd356b1:g:KTAAAeSweEtqgCmQ,https://i.ebayimg.com/images/g/KTAAAeSweEtqgCmQ/s-l225.jpg
无基准,,,,55.0,"[Near MINT , Film Tested] Nikon Zoom 300 AF Point & Shoot Film Camera From JAPAN",nikon 300,Nikon,Film Cameras,Used,89.99,USD,FIXED_PRICE,good-cond,JP,sagami_camera,99.8,2026-08-15T08:39:31.000Z,,https://www.ebay.com/itm/398288128668?hash=item5cbbd28a9c:g:v1sAAeSwg3NqgCVK,https://i.ebayimg.com/images/g/v1sAAeSwg3NqgCVK/s-l225.jpg
无基准,,,,55.0,[NEAR MINT] Kyocera Yashica Samurai X3.0 Half Frame 35mm Film Camera from JAPAN,yashica samurai x3.0,Yashica,Film Cameras,Used,89.99,USD,FIXED_PRICE,good-cond,JP,ky-camera.japan,100.0,2026-08-15T07:04:07.000Z,,https://www.ebay.com/itm/407146046255?hash=item5ecbcba32f:g:IXoAAeSwwhdqgA6H,https://i.ebayimg.com/images/g/IXoAAeSwwhdqgA6H/s-l225.jpg
无基准,,,,55.0,〖MINT++〗 Pentax ESPIO 115 Silver Point & Shoot 35mm Film Camera From JAPAN,pentax 115,Pentax,Film Cameras,Used,89.99,USD,"FIXED_PRICE,BEST_OFFER",good-cond,JP,msk_8665,100.0,2026-08-15T06:17:49.000Z,,https://www.ebay.com/itm/147506078336?hash=item22580c2280:g:1nQAAeSwRRNqVEl-,https://i.ebayimg.com/images/g/1nQAAeSwRRNqVEl-/s-l225.jpg
无基准,,,,55.0,Read [Exc+5] MINOLTA PROD 20's Point & Shoot 35mm Film Camera w/ Cap From JAPAN,minolta 20,Minolta,Film Cameras,Used,89.99,USD,"FIXED_PRICE,BEST_OFFER",good-cond,JP,ysj830,100.0,2026-08-15T02:47:11.000Z,,https://www.ebay.com/itm/820003718285?hash=itembeec07c48d:g:Y6wAAeSwxkhqf9Ot,https://i.ebayimg.com/images/g/Y6wAAeSwxkhqf9Ot/s-l225.jpg
无基准,,,,55.0,Meter Works [Exc+5] Pentax K2 35mm Film Camera SMC 50mm f1.4 Lens From JAPAN,pentax k2,Pentax,Film Cameras,Used,89.99,USD,FIXED_PRICE,good-cond,JP,mitsu_64,100.0,2026-08-14T12:00:39.000Z,,https://www.ebay.com/itm/147504398385?hash=item2257f28031:g:NnUAAeSwy0VqfwTN,https://i.ebayimg.com/images/g/NnUAAeSwy0VqfwTN/s-l225.jpg
无基准,,,,55.0,[Exc+4] Yashica Kyocera Samurai X3.0 Red 35mm Half Frame Camera From JAPAN,yashica kyocera samurai,Yashica,Film Cameras,Used,89.99,USD,FIXED_PRICE,good-cond,JP,sakura_japan-camera,100.0,2026-08-14T09:03:56.000Z,,https://www.ebay.com/itm/178405764296?hash=item2989cfecc8:g:LFYAAeSwMjhqftrv,https://i.ebayimg.com/images/g/LFYAAeSwMjhqftrv/s-l225.jpg
无基准,,,,55.0,【 NEAR MINT 】Canon Autoboy F Panorama Black Point & Shoot 35mm Film Camera Japan,canon autoboy panorama,Canon,Film Cameras,Used,89.99,USD,"FIXED_PRICE,BEST_OFFER",good-cond,JP,camera.fumio.japan,100.0,2026-08-14T07:53:52.000Z,,https://www.ebay.com/itm/398284088912?hash=item5cbb94e650:g:4sgAAeSw5ctqfse0,https://i.ebayimg.com/images/g/4sgAAeSw5ctqfse0/s-l225.jpg
无基准,,,,55.0,[N MINT] Fuji Fujica AX-1 Film camera X-Fujinon 50mm F/1.9 FM Standard Lens #819,fuji ax-1,Fuji,Film Cameras,Used,93.0,USD,FIXED_PRICE,good-cond,JP,camera-shop-kiku,100.0,2026-08-15T03:30:55.000Z,,https://www.ebay.com/itm/147505810094?hash=item2258080aae:g:v9AAAeSwkohpWfCH,https://i.ebayimg.com/images/g/v9AAAeSwkohpWfCH/s-l225.jpg
无基准,,,,55.0,[Tested / NEAR MINT] FUJI CARDIA HITE DATE Point and shoot 35mm Camera Japan,fuji cardia hite,Fuji,Film Cameras,Used,93.99,USD,FIXED_PRICE,good-cond,JP,soulcamera,99.6,2026-08-15T06:20:18.000Z,,https://www.ebay.com/itm/287526122426?hash=item42f1e473ba:g:bqoAAeSwVhJqe2-x,https://i.ebayimg.com/images/g/bqoAAeSwVhJqe2-x/s-l225.jpg
无基准,,,,55.0,Olympus Pen Half Frame 35mm Film Camera First-generation model Serviced Working,olympus pen half,Olympus,Film Cameras,Used,94.98,USD,FIXED_PRICE,good-cond,JP,kj-japan,97.9,2026-08-15T02:42:59.000Z,,https://www.ebay.com/itm/307127265030?hash=item4782362706:g:t38AAeSwls1qf9Hl,https://i.ebayimg.com/images/g/t38AAeSwls1qf9Hl/s-l225.jpg
无基准,,,,55.0,All works!! [Near MINT] Nikon Nikomat FT2 Black 35mm SLR Film Camera From JAPAN,nikon ft2,Nikon,Film Cameras,Used,94.99,USD,FIXED_PRICE,good-cond,JP,sakura_photograph_japan,100.0,2026-08-15T05:57:40.000Z,,https://www.ebay.com/itm/377419829429?hash=item57dff990b5:g:1RoAAeSwFplqgABS,https://i.ebayimg.com/images/g/1RoAAeSwFplqgABS/s-l225.jpg
无基准,,,,55.0,[NEAR MINT+ Case] Pentax ESPIO 115 35mm Point & Shoot Zoom Film Camera Japan,pentax 115,Pentax,Film Cameras,Used,94.99,USD,"FIXED_PRICE,BEST_OFFER",good-cond,JP,hj_camera_japan,99.8,2026-08-14T04:05:13.000Z,,https://www.ebay.com/itm/327309399699?hash=item4c35291693:g:TF0AAeSw3j1pdBPP,https://i.ebayimg.com/images/g/TF0AAeSw3j1pdBPP/s-l225.jpg
无基准,,,,55.0,Olympus TRIP35 Vintage Green [CLA'd/Exc+5] Film Camera Point & Shoot sn2484227,olympus trip35,Olympus,Film Cameras,Used,95.99,USD,FIXED_PRICE,good-cond,JP,usapoc,100.0,2026-08-14T10:57:04.000Z,,https://www.ebay.com/itm/366605084460?hash=item555b5da72c:g:rbkAAeSwLKlqfvT7,https://i.ebayimg.com/images/g/rbkAAeSwLKlqfvT7/s-l225.jpg
无基准,,,,55.0,[Exc+5] PENTAX ESPIO 115M P&S Film Camera 38-115mm Zoom Lens = From JAPAN,pentax 115m,Pentax,Film Cameras,Used,96.0,USD,"FIXED_PRICE,BEST_OFFER",good-cond,JP,altmart3.0,100.0,2026-08-14T05:54:51.000Z,,https://www.ebay.com/itm/227475181589?hash=item34f693d015:g:AV8AAeSw-BBqfq1P,https://i.ebayimg.com/images/g/AV8AAeSw-BBqfq1P/s-l225.jpg
无基准,,,,55.0,New Seal [MINT] Minolta SR-1 SLR 35mm Film Camera Genuine Body Only From Japan,minolta sr-1,Minolta,Film Cameras,Used,96.1,USD,"FIXED_PRICE,BEST_OFFER",good-cond,JP,growz9652,100.0,2026-08-14T23:56:32.000Z,,https://www.ebay.com/itm/188793969058?hash=item2bf4ff59a2:g:rg8AAeSwPL5qD361,https://i.ebayimg.com/images/g/rg8AAeSwPL5qD361/s-l225.jpg
无基准,,,,55.0,[Meter works / NEAR MINT+] Konica C35 Flash matic flashmatic 38mm from JAPAN,konica c35,Konica,Film Cameras,Used,98.99,USD,FIXED_PRICE,good-cond,JP,soulcamera,99.6,2026-08-15T06:42:39.000Z,,https://www.ebay.com/itm/287526143972?hash=item42f1e4c7e4:g:oDMAAeSwcShqf3nC,https://i.ebayimg.com/images/g/oDMAAeSwcShqf3nC/s-l225.jpg
无基准,,,,55.0,[MINT] Konica C35 38mm f/2.8 Hexanon Rangefinder 35mm Film Camera JAPAN #472,konica c35,Konica,Film Cameras,Used,99.9,USD,FIXED_PRICE,good-cond,JP,blueprint_3,100.0,2026-08-14T09:32:02.000Z,,https://www.ebay.com/itm/407143763638?hash=item5ecba8ceb6:g:QJMAAeSwwQVqL3IJ,https://i.ebayimg.com/images/g/QJMAAeSwwQVqL3IJ/s-l225.jpg
无基准,,,,55.0,[Near MINT] Konica BigMini A4 Point & Shoot 35mm Film Camera Black from JAPAN,konica a4,Konica,Film Cameras,Used,99.9,USD,FIXED_PRICE,good-cond,JP,tokyosnapshot,99.7,2026-08-14T07:16:31.000Z,,https://www.ebay.com/itm/128025968383?hash=item1dcef13eff:g:WY4AAeSw-zVqfsIA,https://i.ebayimg.com/images/g/WY4AAeSw-zVqfsIA/s-l225.jpg
无基准,,,,55.0,[Mint] Pentax Espio 110 Black Point & Shoot 35mm Compact Film Camera Japan #942,pentax espio,Pentax,Film Cameras,Used,99.99,USD,FIXED_PRICE,good-cond,JP,lifetime-camera-japan,100.0,2026-08-15T12:14:22.000Z,,https://www.ebay.com/itm/398288658321?hash=item5cbbda9f91:g:taEAAeSwbqVqgFNP,https://i.ebayimg.com/images/g/taEAAeSwbqVqgFNP/s-l225.jpg
无基准,,,,55.0,[N-MINT/Tested] Canon Autoboy Luna 105 point & shoot 35mm Film camera From Japan,canon 105,Canon,Film Cameras,Used,99.99,USD,FIXED_PRICE,good-cond,JP,sagami_camera,99.8,2026-08-15T12:10:16.000Z,,https://www.ebay.com/itm/398288643345?hash=item5cbbda6511:g:AXwAAeSw~uRqgFbm,https://i.ebayimg.com/images/g/AXwAAeSw~uRqgFbm/s-l225.jpg
无基准,,,,55.0,"[Near MINT , Film Tested] MINOLTA Capios 75 Point & Shoot Film Camera From JAPAN",minolta 75,Minolta,Film Cameras,Used,99.99,USD,FIXED_PRICE,good-cond,JP,sagami_camera,99.8,2026-08-15T11:49:49.000Z,,https://www.ebay.com/itm/398288583587?hash=item5cbbd97ba3:g:VNQAAeSw65pqgFH6,https://i.ebayimg.com/images/g/VNQAAeSw65pqgFH6/s-l225.jpg
无基准,,,,55.0,[NEAR MINT] Canon Autoboy AF35ML Quartz Date Film Camera LCD Bleeding JAPAN,canon af35ml,Canon,Film Cameras,Used,99.99,USD,"FIXED_PRICE,BEST_OFFER",good-cond,JP,kn_camera_japan,100.0,2026-08-15T11:27:55.000Z,,https://www.ebay.com/itm/206492928108?hash=item3013f0086c:g:VCoAAeSw-YFp0Jw4,https://i.ebayimg.com/images/g/VCoAAeSw-YFp0Jw4/s-l225.jpg
无基准,,,,55.0,"[Near MINT , Tested , New Seal] Olympus C-AF Point & Shoot Film Camera From JPN",olympus c-af,Olympus,Film Cameras,Used,99.99,USD,FIXED_PRICE,good-cond,JP,sagami_camera,99.8,2026-08-15T11:24:06.000Z,,https://www.ebay.com/itm/398288533375?hash=item5cbbd8b77f:g:KZIAAeSweu9qgEt7,https://i.ebayimg.com/images/g/KZIAAeSweu9qgEt7/s-l225.jpg
无基准,,,,55.0,"[Near MINT , Tested , New Seals] Konica C35 EF3 Point & Shoot Camera From Japan",konica c35,Konica,Film Cameras,Used,99.99,USD,FIXED_PRICE,good-cond,JP,sagami_camera,99.8,2026-08-15T08:48:24.000Z,,https://www.ebay.com/itm/398288144080?hash=item5cbbd2c6d0:g:jgEAAeSw5TlqgCcF,https://i.ebayimg.com/images/g/jgEAAeSw5TlqgCcF/s-l225.jpg
无基准,,,,55.0,[Near MINT] Canon EOS5 From JAPAN,canon eos5,Canon,Film Cameras,Used,99.99,USD,FIXED_PRICE,good-cond,JP,irodori-92,100.0,2026-08-15T04:14:57.000Z,,https://www.ebay.com/itm/377419671424?hash=item57dff72780:g:eHEAAeSwyRFqf-g9,https://i.ebayimg.com/images/g/eHEAAeSwyRFqf-g9/s-l225.jpg
无基准,,,,55.0,[Exc+5 w/Strap] Olympus XA2 35mm Point&Shoot film Camera Compact From JAPAN,olympus xa2,Olympus,Film Cameras,Used,99.99,USD,FIXED_PRICE,good-cond,JP,sakura_vintage_camera,100.0,2026-08-15T01:50:20.000Z,,https://www.ebay.com/itm/398286941923?hash=item5cbbc06ee3:g:IekAAeSwA6tqf8cD,https://i.ebayimg.com/images/g/IekAAeSwA6tqf8cD/s-l225.jpg
无基准,,,,55.0,〖Near MINT〗 Fuji Fujifilm Fujipet Green Medium Format Film Camera From JAPAN,fuji fujifilm fujipet,Fuji,Film Cameras,Used,99.99,USD,"FIXED_PRICE,BEST_OFFER",good-cond,JP,msk_8665,100.0,2026-08-14T09:31:51.000Z,,https://www.ebay.com/itm/147504191948?hash=item2257ef59cc:g:FFoAAeSwoTxqfuFA,https://i.ebayimg.com/images/g/FFoAAeSwoTxqfuFA/s-l225.jpg
无基准,,,,55.0,[Near MINT] Yashica Kyocera Samurai X3.0 Biack 35mm Half Frame Camera From JAPAN,yashica kyocera samurai,Yashica,Film Cameras,Used,99.99,USD,FIXED_PRICE,good-cond,JP,sakura_japan-camera,100.0,2026-08-14T09:07:04.000Z,,https://www.ebay.com/itm/178405768025?hash=item2989cffb59:g:KVsAAeSwEx9qfts8,https://i.ebayimg.com/images/g/KVsAAeSwEx9qfts8/s-l225.jpg
无基准,,,,55.0,[Exc+5] Yashica Kyocera Samurai X3.0 Black 35mm Half Frame Camera From JAPAN,yashica kyocera samurai,Yashica,Film Cameras,Used,99.99,USD,FIXED_PRICE,good-cond,JP,sakura_japan-camera,100.0,2026-08-14T09:02:28.000Z,,https://www.ebay.com/itm/178405761106?hash=item2989cfe052:g:Z-IAAeSwThVqftqY,https://i.ebayimg.com/images/g/Z-IAAeSwThVqftqY/s-l225.jpg
无基准,,,,55.0,[Near MINT] Yashica Electro 35 Rangefinder Film Camera 45mm F1.7 Lens From JAPAN,yashica electro,Yashica,Film Cameras,Used,99.99,USD,FIXED_PRICE,good-cond,JP,hrk.k-21,100.0,2026-08-14T07:07:39.000Z,,https://www.ebay.com/itm/298586846397?hash=item458529b4bd:g:PQUAAeSw-zVqfr-z,https://i.ebayimg.com/images/g/PQUAAeSw-zVqfr-z/s-l225.jpg
无基准,,,,55.0,【NEAR MINT w/Box】Pentax Espio 160 White Gold Color 35mm Film Camera From JAPAN,pentax 160,Pentax,Film Cameras,Used,99.99,USD,FIXED_PRICE,good-cond,JP,naokaznak-0,100.0,2026-08-14T05:34:40.000Z,,https://www.ebay.com/itm/178405275000?hash=item2989c87578:g:24YAAOSwWgBoCLyI,https://i.ebayimg.com/images/g/24YAAOSwWgBoCLyI/s-l225.jpg
无基准,,,,55.0,《EXC+4》Pentax KM 35mm SLR Film Camera Body From JAPAN✈✈✈✈✈✈✈✈✈✈✈✈✈✈✈✈✈✈✈✈✈✈✈🚀🎁,pentax 35mm,Pentax,Film Cameras,Used,100.0,USD,FIXED_PRICE,good-cond,JP,rtmy19,100.0,2026-08-15T10:53:41.000Z,,https://www.ebay.com/itm/800512146442?hash=itemba623dfc0a:g:S4QAAOSwLudoLo9X,https://i.ebayimg.com/images/g/S4QAAOSwLudoLo9X/s-l225.jpg
无基准,,,,55.0,[Exc+5] Canon AF35M Autoboy Point & Shoot Camera 38mm f/2.8 From JAPAN,canon af35m,Canon,Film Cameras,Used,100.0,USD,FIXED_PRICE,good-cond,JP,fuku._34,100.0,2026-08-15T01:44:07.000Z,,https://www.ebay.com/itm/206491972917?hash=item3013e17535:g:CLUAAeSw4PZqf8Ue,https://i.ebayimg.com/images/g/CLUAAeSw4PZqf8Ue/s-l225.jpg
无基准,,,,55.0,[N MINT] Olympus Trip 35 35mm Rangefinder Compact Film Camera From Japan #2094,olympus trip,Olympus,Film Cameras,Used,104.99,USD,FIXED_PRICE,good-cond,JP,sakura_snap_store,100.0,2026-08-15T12:41:03.000Z,,https://www.ebay.com/itm/398288719428?hash=item5cbbdb8e44:g:4J8AAeSwPoZqdtRU,https://i.ebayimg.com/images/g/4J8AAeSwPoZqdtRU/s-l225.jpg
无基准,,,,55.0,[Near MINT] Canon Autoboy Luna 35 PANORAMA Black Ai AF 35mm Film Camera JAPAN354,canon autoboy luna,Canon,Film Cameras,Used,104.99,USD,FIXED_PRICE,good-cond,JP,clover-co.japan-camera,100.0,2026-08-15T10:59:00.000Z,,https://www.ebay.com/itm/168615483321?hash=item27424417b9:g:xicAAeSwXudqgD1-,https://i.ebayimg.com/images/g/xicAAeSwXudqgD1-/s-l225.jpg
无基准,,,,55.0,[MINT w/ Case] Olympus AF-10 Super QD Quartz Date 35mm f/3.5 Film Camera Japan,olympus af-10,Olympus,Film Cameras,Used,104.99,USD,"FIXED_PRICE,BEST_OFFER",good-cond,JP,arigatocamera,100.0,2026-08-15T08:04:45.000Z,,https://www.ebay.com/itm/398288016849?hash=item5cbbd0d5d1:g:Vk4AAeSwVf1qgBso,https://i.ebayimg.com/images/g/Vk4AAeSwVf1qgBso/s-l225.jpg
无基准,,,,55.0,[N MINT w/Case] Olympus XA2 XA 2 Black Point & Shoot 35mm Film Camera From JAPAN,olympus xa2,Olympus,Film Cameras,Used,104.99,USD,"FIXED_PRICE,BEST_OFFER",good-cond,JP,morita-camera,99.1,2026-08-14T23:56:29.000Z,,https://www.ebay.com/itm/398286588836?hash=item5cbbbb0ba4:g:HdMAAeSwuvdqf6mn,https://i.ebayimg.com/images/g/HdMAAeSwuvdqf6mn/s-l225.jpg
无基准,,,,55.0,[MINT] Konica Genbakantoku WIDE 28 WB Compact Film Camera From JAPAN,konica 28,Konica,Film Cameras,Used,104.99,USD,FIXED_PRICE,good-cond,JP,tosh_9804,100.0,2026-08-14T11:30:08.000Z,,https://www.ebay.com/itm/398284673086?hash=item5cbb9dd03e:g:FiYAAeSw6glqfvyE,https://i.ebayimg.com/images/g/FiYAAeSw6glqfvyE/s-l225.jpg
无基准,,,,55.0,[MINT--] Minolta Capios 150S Silver Point & Shoot 35mm Film Camera From Japan,minolta 150s,Minolta,Film Cameras,Used,105.0,USD,FIXED_PRICE,good-cond,JP,at_japan_camera_lab,99.6,2026-08-14T23:53:46.000Z,,https://www.ebay.com/itm/398286587261?hash=item5cbbbb057d:g:ZNcAAeSw9~xqf6lS,https://i.ebayimg.com/images/g/ZNcAAeSw9~xqf6lS/s-l225.jpg
无基准,,,,55.0,【MINT 】 Minolta P's Panorama 35mm Film Camera Black Tested Japan,minolta panorama,Minolta,Film Cameras,Used,105.99,USD,FIXED_PRICE,good-cond,JP,at_japan_camera_lab,99.6,2026-08-14T11:48:48.000Z,,https://www.ebay.com/itm/398284709932?hash=item5cbb9e602c:g:MW4AAeSwIGNqfv9r,https://i.ebayimg.com/images/g/MW4AAeSwIGNqfv9r/s-l225.jpg
无基准,,,,55.0,*Near Mint* Olympus Pen D Half Flame Film Camera 3.2cm F1.9 Lens From JAPAN,olympus pen half,Olympus,Film Cameras,Used,109.0,USD,FIXED_PRICE,good-cond,JP,yama-store2018,99.7,2026-08-15T13:30:46.000Z,,https://www.ebay.com/itm/168615744160?hash=item27424812a0:g:ZD4AAeSwOfRqgGyl,https://i.ebayimg.com/images/g/ZD4AAeSwOfRqgGyl/s-l225.jpg
无基准,,,,55.0,*Near Mint* Olympus Infinity ∞ Zoom 105 P&S Film Camera 38-105mm Lens From JAPAN,olympus 105,Olympus,Film Cameras,Used,109.0,USD,FIXED_PRICE,good-cond,JP,yama-store2018,99.7,2026-08-14T12:07:43.000Z,,https://www.ebay.com/itm/168613255686?hash=item2742221a06:g:OGMAAeSw5TlqfwTk,https://i.ebayimg.com/images/g/OGMAAeSw5TlqfwTk/s-l225.jpg
无基准,,,,55.0,【NEAR MINT】 Fujifilm Fuji Cardia Mini Elite Op Point & Shoot 35mm Camera JAPAN,fujifilm fuji cardia,Fujifilm,Film Cameras,Used,109.9,USD,FIXED_PRICE,good-cond,JP,yusuknagasaw0,100.0,2026-08-15T03:04:28.000Z,,https://www.ebay.com/itm/307127290887?hash=item4782368c07:g:R4gAAeSwur5p10Yg,https://i.ebayimg.com/images/g/R4gAAeSwur5p10Yg/s-l225.jpg
无基准,,,,55.0,Red Flag OK [Near MINT] Olympus Trip 35 Point & Shoot Film Camera From JAPAN,olympus trip,Olympus,Film Cameras,Used,109.99,USD,FIXED_PRICE,good-cond,JP,binden_japanesevintages,100.0,2026-08-15T12:08:09.000Z,,https://www.ebay.com/itm/820005396916?hash=itembeec2161b4:g:cOgAAeSw19lqgE66,https://i.ebayimg.com/images/g/cOgAAeSw19lqgE66/s-l225.jpg
无基准,,,,55.0,"[Near MINT , Film Tested] Canon Autoboy Luna Point & Shoot Film Camera From JPN",canon autoboy luna,Canon,Film Cameras,Used,109.99,USD,FIXED_PRICE,good-cond,JP,sagami_camera,99.8,2026-08-15T12:02:24.000Z,,https://www.ebay.com/itm/398288607903?hash=item5cbbd9da9f:g:pUEAAeSwPZVqgFTA,https://i.ebayimg.com/images/g/pUEAAeSwPZVqgFTA/s-l225.jpg
无基准,,,,55.0,[NEAR MINT Case] Kyocera Yashica Samurai x3.0 Half Frame Film Camera From JAPAN,yashica samurai x3.0,Yashica,Film Cameras,Used,109.99,USD,"FIXED_PRICE,BEST_OFFER",good-cond,JP,d-camera-tokyo,98.9,2026-08-15T07:44:15.000Z,,https://www.ebay.com/itm/206492568010?hash=item3013ea89ca:g:I64AAeSwbspqgBfv,https://i.ebayimg.com/images/g/I64AAeSwbspqgBfv/s-l225.jpg
无基准,,,,55.0,[Near MINT] Olympus AF-1 From JAPAN,olympus af-1,Olympus,Film Cameras,Used,109.99,USD,FIXED_PRICE,good-cond,JP,irodori-92,100.0,2026-08-15T04:09:04.000Z,,https://www.ebay.com/itm/377419659154?hash=item57dff6f792:g:GhYAAeSwwhdqf-cW,https://i.ebayimg.com/images/g/GhYAAeSwwhdqf-cW/s-l225.jpg
无基准,,,,55.0,All works!! [ Exc+4 ] Olympus LT-1 35mm Point & Shoot Film Camera From JAPAN,olympus lt-1,Olympus,Film Cameras,Used,109.99,USD,"FIXED_PRICE,BEST_OFFER",good-cond,JP,asami-camerashop-japan,100.0,2026-08-15T01:52:43.000Z,,https://www.ebay.com/itm/800509982400?hash=itemba621cf6c0:g:DKMAAeSwh3tp03jg,https://i.ebayimg.com/images/g/DKMAAeSwh3tp03jg/s-l225.jpg
合理,+9%,100.42,80,55.0,[ Near MINT w/ Strap ] Olympus XA2 XA 2 ii Film Camera Point Shoot From JAPAN,olympus xa2,Olympus,Film Cameras,Used,109.99,USD,FIXED_PRICE,good-cond,JP,fullsun.shop,100.0,2026-08-14T23:43:19.000Z,,https://www.ebay.com/itm/188793911943?hash=item2bf4fe7a87:g:U38AAeSw6glqf6lJ,https://i.ebayimg.com/images/g/U38AAeSw6glqf6lJ/s-l225.jpg
无基准,,,,55.0,[N MINT w/ Case] Nikon L35 AD3 Pikaichi 3 35mm Point & Shoot Film Camera JAPAN,nikon l35,Nikon,Film Cameras,Used,109.99,USD,FIXED_PRICE,good-cond,JP,mitsu_64,100.0,2026-08-14T10:37:31.000Z,,https://www.ebay.com/itm/147504288890?hash=item2257f0d47a:g:TWMAAeSwqXxqfvEf,https://i.ebayimg.com/images/g/TWMAAeSwqXxqfvEf/s-l225.jpg
无基准,,,,55.0,[Near MINT] Yashica Kyocera Samurai X3.0 Red 35mm Half Frame Camera From JAPAN,yashica kyocera samurai,Yashica,Film Cameras,Used,109.99,USD,FIXED_PRICE,good-cond,JP,sakura_japan-camera,100.0,2026-08-14T08:57:39.000Z,,https://www.ebay.com/itm/178405752958?hash=item2989cfc07e:g:QEQAAeSw8fdqftm4,https://i.ebayimg.com/images/g/QEQAAeSw8fdqftm4/s-l225.jpg
无基准,,,,55.0,Olympus PEN EE-3 Half Frame 35mm Film Camera 28mm f/3.5 Lens Tested【Exc+5】,olympus ee-3,Olympus,Film Cameras,Used,110.98,USD,"FIXED_PRICE,BEST_OFFER",good-cond,JP,chocolabtoto14,100.0,2026-08-14T12:35:47.000Z,,https://www.ebay.com/itm/188791588985?hash=item2bf4db0879:g:mP4AAeSwxvxqfwvI,https://i.ebayimg.com/images/g/mP4AAeSwxvxqfwvI/s-l225.jpg
无基准,,,,55.0,KONICA Genba kantoku LENS 28 WB Compact 35mm Film Camera Tested Japan [Exc+4],konica 28,Konica,Film Cameras,Used,112.98,USD,"FIXED_PRICE,BEST_OFFER",good-cond,JP,chocolabtoto14,100.0,2026-08-15T11:01:37.000Z,,https://www.ebay.com/itm/188796275565?hash=item2bf5228b6d:g:P48AAeSwvnpqgEc9,https://i.ebayimg.com/images/g/P48AAeSwvnpqgEc9/s-l225.jpg
无基准,,,,55.0,*New Light Seal : Near Mint* Olympus Pen EE-3 35mm Half Frame Film Camera /Japan,olympus ee-3,Olympus,Film Cameras,Used,113.99,USD,FIXED_PRICE,good-cond,JP,dub0804-55,100.0,2026-08-14T11:44:32.000Z,,https://www.ebay.com/itm/366605145822?hash=item555b5e96de:g:YwsAAeSw7EJqTOgG,https://i.ebayimg.com/images/g/YwsAAeSw7EJqTOgG/s-l225.jpg
无基准,,,,55.0,*New Seal: Almost Mint* Yashica Auto Focus First Model Point & Shoot Film Camera,yashica first model,Yashica,Film Cameras,Used,113.99,USD,FIXED_PRICE,good-cond,JP,hitonaga-0,100.0,2026-08-14T11:30:35.000Z,,https://www.ebay.com/itm/407143976175?hash=item5ecbac0cef:g:t2sAAeSw3ZNqO8GX,https://i.ebayimg.com/images/g/t2sAAeSw3ZNqO8GX/s-l225.jpg
无基准,,,,55.0,Canon AF35ML Exc+5 35mm Film Camera Point & Shoot with Strap ＆ Grip From JAPAN,canon af35ml,Canon,Film Cameras,Used,114.99,USD,"FIXED_PRICE,BEST_OFFER",good-cond,JP,itsuki.japan.camera,100.0,2026-08-15T02:35:43.000Z,,https://www.ebay.com/itm/820003685910?hash=itembeec074616:g:MOMAAeSw-7BqEnyM,https://i.ebayimg.com/images/g/MOMAAeSw-7BqEnyM/s-l225.jpg
无基准,,,,55.0,[ MINT ] Canon AF35M Autoboy Sure Shot Point & Shoot 35mm Film Camera from JAPAN,canon af35m,Canon,Film Cameras,Used,114.99,USD,FIXED_PRICE,good-cond,JP,moon_camera_japan,100.0,2026-08-14T12:33:36.000Z,,https://www.ebay.com/itm/407144152212?hash=item5ecbaebc94:g:x8cAAeSwbqVqfwpy,https://i.ebayimg.com/images/g/x8cAAeSwbqVqfwpy/s-l225.jpg
无基准,,,,55.0,[MINT] ALLWORKS!! Canon EOS 5 35mm Film SLR AF Camera Body From JAPAN,canon 5,Canon,Film Cameras,Used,114.99,USD,FIXED_PRICE,good-cond,JP,tosh_9804,100.0,2026-08-14T10:50:10.000Z,,https://www.ebay.com/itm/398284590572?hash=item5cbb9c8dec:g:nLUAAeSwjgRqfvPt,https://i.ebayimg.com/images/g/nLUAAeSwjgRqfvPt/s-l225.jpg
无基准,,,,55.0,[ Exc+5 ] Nikon L35 AD2 Pikaichi 2 Film Camera Point & Shoot From JAPAN,nikon l35,Nikon,Film Cameras,Used,119.9,USD,FIXED_PRICE,good-cond,JP,kanazaway,100.0,2026-08-14T23:54:46.000Z,,https://www.ebay.com/itm/407145411799?hash=item5ecbc1f4d7:g:dOYAAeSw8TRqf6t~,https://i.ebayimg.com/images/g/dOYAAeSw8TRqf6t~/s-l225.jpg
无基准,,,,55.0,[Near Mint] Olympus Pen EES-2 Half Film Camera 30mm F/2.8 from JAPAN _1770,olympus ees-2,Olympus,Film Cameras,Used,119.9,USD,"FIXED_PRICE,BEST_OFFER",good-cond,JP,wonder_japan,100.0,2026-08-14T10:19:44.000Z,,https://www.ebay.com/itm/168613085625?hash=item27421f81b9:g:AMQAAeSwhjZqC0Db,https://i.ebayimg.com/images/g/AMQAAeSwhjZqC0Db/s-l225.jpg
无基准,,,,55.0,Canon AF35M Autoboy point & shoot 35mm Film Camera [NEAR MINT] From JAPAN #294,canon af35m,Canon,Film Cameras,Used,119.98,USD,"FIXED_PRICE,BEST_OFFER",good-cond,JP,shun-camera.japan,100.0,2026-08-15T11:45:08.000Z,,https://www.ebay.com/itm/366607180871?hash=item555b7da447:g:NQcAAeSwUGhqO2mL,https://i.ebayimg.com/images/g/NQcAAeSwUGhqO2mL/s-l225.jpg
无基准,,,,55.0,[Exc+5] Ricoh Auto Half EF2 From JAPAN,ricoh ef2,Ricoh,Film Cameras,Used,119.99,USD,FIXED_PRICE,good-cond,JP,irodori-92,100.0,2026-08-15T04:19:23.000Z,,https://www.ebay.com/itm/377419680013?hash=item57dff7490d:g:bTsAAeSwdh5qf-mE,https://i.ebayimg.com/images/g/bTsAAeSwdh5qf-mE/s-l225.jpg
无基准,,,,55.0,[MINT] Minolta Case for CLE From JAPAN,minolta cle,Minolta,Film Cameras,Used,119.99,USD,FIXED_PRICE,good-cond,JP,irodori-92,100.0,2026-08-15T04:12:00.000Z,,https://www.ebay.com/itm/377419667213?hash=item57dff7170d:g:Xy4AAeSw9~xqf-gJ,https://i.ebayimg.com/images/g/Xy4AAeSw9~xqf-gJ/s-l225.jpg
无基准,,,,55.0,[MINT w/case] Canon Autoboy Mini T Ai AF 38-70mm Point & Shoot Camera From JAPAN,canon autoboy mini,Canon,Film Cameras,Used,119.99,USD,FIXED_PRICE,good-cond,JP,chieoptixjapan,100.0,2026-08-15T01:19:46.000Z,,https://www.ebay.com/itm/318731701345?hash=item4a35e3cc61:g:0gYAAeSwXyBqf79q,https://i.ebayimg.com/images/g/0gYAAeSwXyBqf79q/s-l225.jpg
无基准,,,,55.0,*READ : Near Mint* Pentax P30T Film Camera Tokina SD 28-70mm F/3.5-4.5 From JPN,pentax p30t,Pentax,Film Cameras,Used,119.99,USD,FIXED_PRICE,good-cond,JP,dub0804-55,100.0,2026-08-14T11:34:40.000Z,,https://www.ebay.com/itm/366605134719?hash=item555b5e6b7f:g:giwAAeSwl6Zp4MIX,https://i.ebayimg.com/images/g/giwAAeSwl6Zp4MIX/s-l225.jpg
无基准,,,,55.0,Canon EOS 40D 10.1MP Digital SLR Camera Body [ MINT+ ] From JAPAN #517,canon 40d,Canon,Film Cameras,Used,119.99,USD,FIXED_PRICE,good-cond,JP,lingenterpr-0,100.0,2026-08-14T06:47:57.000Z,,https://www.ebay.com/itm/178405427020?hash=item2989cac74c:g:j~0AAeSwLKlqfrrZ,https://i.ebayimg.com/images/g/j~0AAeSwLKlqfrrZ/s-l225.jpg
无基准,,,,55.0,[NEAR MINT] Mamiya Sekor 250mm f/6.3 TLR Lens C22 C220 C33 C330 From JAPAN,mamiya sekor 250mm f6.3,Mamiya,Lenses,Used,119.99,USD,"FIXED_PRICE,BEST_OFFER",good-cond,JP,koumatsu,100.0,2026-08-14T05:43:25.000Z,,https://www.ebay.com/itm/800505554103?hash=itemba61d964b7:g:o1IAAeSwGjJqWIMO,https://i.ebayimg.com/images/g/o1IAAeSwGjJqWIMO/s-l225.jpg
无基准,,,,55.0,Canon Autoboy TELE 6 Date Point & Shoot 35mm Film Camera [MINT] From JAPAN #277,canon 6,Canon,Film Cameras,Used,124.99,USD,"FIXED_PRICE,BEST_OFFER",good-cond,JP,shun-camera.japan,100.0,2026-08-15T11:36:13.000Z,,https://www.ebay.com/itm/366607174106?hash=item555b7d89da:g:5XUAAeSwCctqDt5-,https://i.ebayimg.com/images/g/5XUAAeSwCctqDt5-/s-l225.jpg
无基准,,,,55.0,[ Near MINT Red Flag OK ] Olympus Trip 35 Point & Shoot Film Camera From JAPAN,olympus trip,Olympus,Film Cameras,Used,124.99,USD,FIXED_PRICE,good-cond,JP,mitshos_0,100.0,2026-08-15T08:07:56.000Z,,https://www.ebay.com/itm/227476759348?hash=item34f6abe334:g:hQoAAeSw-klqgB7X,https://i.ebayimg.com/images/g/hQoAAeSw-klqgB7X/s-l225.jpg
无基准,,,,55.0,[ Near MINT ] Read Canon Autoboy 2 QD AF35M II 35mm Film Camera JAPAN,canon 2,Canon,Film Cameras,Used,124.99,USD,"FIXED_PRICE,BEST_OFFER",good-cond,JP,camera_yu1010_japan,100.0,2026-08-14T12:17:47.000Z,,https://www.ebay.com/itm/287524693254?hash=item42f1cea506:g:9GgAAeSwNylqF4mi,https://i.ebayimg.com/images/g/9GgAAeSwNylqF4mi/s-l225.jpg
无基准,,,,55.0,[MINT w/ strap] Olympus XA2 XA 2 Black Point & Shoot 35mm Film Camera From JAPAN,olympus xa2,Olympus,Film Cameras,Used,129.99,USD,FIXED_PRICE,good-cond,JP,daihama_8,100.0,2026-08-15T11:49:25.000Z,,https://www.ebay.com/itm/407146541334?hash=item5ecbd33116:g:uNsAAeSw9jhqgFL-,https://i.ebayimg.com/images/g/uNsAAeSw9jhqgFL-/s-l225.jpg
无基准,,,,55.0,"[Near MINT , Tested] Canon Autoboy Luna 35 Point & Shoot Film Camera From JAPAN",canon autoboy luna,Canon,Film Cameras,Used,129.99,USD,FIXED_PRICE,good-cond,JP,sagami_camera,99.8,2026-08-15T11:46:06.000Z,,https://www.ebay.com/itm/398288569601?hash=item5cbbd94501:g:jXIAAeSwS4pqgFDh,https://i.ebayimg.com/images/g/jXIAAeSwS4pqgFDh/s-l225.jpg
无基准,,,,55.0,▶️ MINT OLYMPUS 35 DC Yellow Rangefinder 35mm Film Camera Japan 2862394,olympus yellow,Olympus,Film Cameras,Used,129.99,USD,FIXED_PRICE,good-cond,JP,momo_and_ai_japan,100.0,2026-08-15T07:56:20.000Z,,https://www.ebay.com/itm/318733113906?hash=item4a35f95a32:g:jUcAAeSwg6Bp9nsE,https://i.ebayimg.com/images/g/jUcAAeSwg6Bp9nsE/s-l225.jpg
无基准,,,,55.0,Rare All Works【NEAR MINT+】 Nikon Zoom 8 Movie Camera 8-32mm f1.8 Lens From JAPAN,nikon 8,Nikon,Vintage Cameras,,129.99,USD,FIXED_PRICE,good-cond,JP,osaka-camera-takeuchi,98.1,2026-08-14T14:47:20.000Z,,https://www.ebay.com/itm/257680122870?hash=item3bfeeea3f6:g:pPIAAeSwXRhqfyTR,https://i.ebayimg.com/images/g/pPIAAeSwXRhqfyTR/s-l225.jpg
无基准,,,,55.0,[ MINT ] Pentax Super Multi Coated Takumar 105mm f/2.8 MF Lens From JAPAN,pentax super multi,Pentax,Film Cameras,Used,129.99,USD,FIXED_PRICE,good-cond,JP,tosh_9804,100.0,2026-08-14T11:20:47.000Z,,https://www.ebay.com/itm/398284653809?hash=item5cbb9d84f1:g:FEQAAeSwls1qfvtI,https://i.ebayimg.com/images/g/FEQAAeSwls1qfvtI/s-l225.jpg
无基准,,,,55.0,[Top MINT] Canon EOS 55 ELAN Eye Control Panorama 35mm Film Camera Black JAPAN,canon 55,Canon,Film Cameras,Used,129.99,USD,FIXED_PRICE,good-cond,JP,kurogane_optics_tokyo,100.0,2026-08-14T08:33:26.000Z,,https://www.ebay.com/itm/298587028879?hash=item45852c7d8f:g:CsUAAeSw76lqftPM,https://i.ebayimg.com/images/g/CsUAAeSw76lqftPM/s-l225.jpg
无基准,,,,55.0,[Exc+3] G YASHICA Electro 35 GS COLOR-YASHINON DX 45mm f/1.7 - From JAPAN,yashica electro,Yashica,Film Cameras,Used,132.0,USD,"FIXED_PRICE,BEST_OFFER",good-cond,JP,blueprint-films_japan,99.1,2026-08-15T13:19:23.000Z,,https://www.ebay.com/itm/206493162515?hash=item3013f39c13:g:tc4AAeSw3bJqgGcf,https://i.ebayimg.com/images/g/tc4AAeSw3bJqgGcf/s-l225.jpg
无基准,,,,55.0,*Near Mint w/ MF-26 & New Strap* Nikon F90 SLR Film Camera Body From Japan,nikon f90,Nikon,Film Cameras,Used,132.99,USD,FIXED_PRICE,good-cond,JP,dub0804-55,100.0,2026-08-14T11:44:32.000Z,,https://www.ebay.com/itm/366605145828?hash=item555b5e96e4:g:SLYAAeSwqxBpkFNO,https://i.ebayimg.com/images/g/SLYAAeSwqxBpkFNO/s-l225.jpg
无基准,,,,55.0,Olympus Super zoom 105G 35mm Point & Shoot Film Camera [MINT] From JAPAN #298,olympus 105g,Olympus,Film Cameras,Used,134.97,USD,"FIXED_PRICE,BEST_OFFER",good-cond,JP,shun-camera.japan,100.0,2026-08-15T11:40:55.000Z,,https://www.ebay.com/itm/366607177949?hash=item555b7d98dd:g:YpAAAeSwmkpqO0hl,https://i.ebayimg.com/images/g/YpAAAeSwmkpqO0hl/s-l225.jpg
无基准,,,,55.0,[Near Mint W/case] Olympus PEN F Half Frame Film Camera Body Only From JAPAN,olympus pen half,Olympus,Film Cameras,Used,135.99,USD,FIXED_PRICE,good-cond,JP,at_japan_camera_lab,99.6,2026-08-15T02:18:35.000Z,,https://www.ebay.com/itm/398287032807?hash=item5cbbc1d1e7:g:ITYAAeSw-jZp9VjV,https://i.ebayimg.com/images/g/ITYAAeSw-jZp9VjV/s-l225.jpg
无基准,,,,55.0,[Exc+3] Yashica Electro 35 Rangefinder Yashinon 45mm f/1.7 lens - From JAPAN,yashica electro,Yashica,Film Cameras,Used,136.0,USD,"FIXED_PRICE,BEST_OFFER",good-cond,JP,blueprint-films_japan,99.1,2026-08-15T13:29:06.000Z,,https://www.ebay.com/itm/206493169838?hash=item3013f3b8ae:g:cV0AAeSwfn9qgGke,https://i.ebayimg.com/images/g/cV0AAeSwfn9qgGke/s-l225.jpg
无基准,,,,55.0,*Rare ELW : APP Mint* Nikon Nikomat ELW EL W Black Film Camera Body From Japan,nikon nikomat elw,Nikon,Film Cameras,Used,136.79,USD,FIXED_PRICE,good-cond,JP,hitonaga-0,100.0,2026-08-14T11:38:59.000Z,,https://www.ebay.com/itm/407143987941?hash=item5ecbac3ae5:g:vgwAAOSweppmvT~v,https://i.ebayimg.com/images/g/vgwAAOSweppmvT~v/s-l225.jpg
无基准,,,,55.0,[Exc+5 / CLA'd] Olympus 35 RC 35mm Rangefinder Film Camera 42mm f2.8 From Japan,olympus 35mm f2.8,Olympus,Film Cameras,Used,138.9,USD,"FIXED_PRICE,BEST_OFFER",good-cond,JP,yukidama-film,100.0,2026-08-14T10:51:23.000Z,,https://www.ebay.com/itm/336741874101?hash=item4e676139b5:g:Q1EAAeSwBXxqfvHX,https://i.ebayimg.com/images/g/Q1EAAeSwBXxqfvHX/s-l225.jpg
无基准,,,,55.0,PENTAX MZ-3 35mm Film SLR Camera Body Tested from Japan [Exc+3],pentax mz-3,Pentax,Film Cameras,Used,139.0,USD,FIXED_PRICE,good-cond,JP,aa2com,100.0,2026-08-15T01:25:20.000Z,,https://www.ebay.com/itm/237006704517?hash=item372eb34f85:g:DscAAeSwTrRqfthA,https://i.ebayimg.com/images/g/DscAAeSwTrRqfthA/s-l225.jpg
无基准,,,,55.0,[ Near MINT ] Olympus XA2 Black 35mm Point & Shoot Film Camera From JAPAN,olympus xa2,Olympus,Film Cameras,Used,139.9,USD,FIXED_PRICE,good-cond,JP,haneul_2,100.0,2026-08-14T07:10:52.000Z,,https://www.ebay.com/itm/366604748250?hash=item555b5885da:g:fJ8AAeSwtqtqfsAC,https://i.ebayimg.com/images/g/fJ8AAeSwtqtqfsAC/s-l225.jpg
无基准,,,,55.0,All Works [Near MINT] NIKON L35 AD2 Black Pikaichi 35mm Film Camera From JAPAN,nikon l35,Nikon,Film Cameras,Used,139.99,USD,FIXED_PRICE,good-cond,JP,main.uza-13,100.0,2026-08-15T12:40:51.000Z,,https://www.ebay.com/itm/318733973989?hash=item4a360679e5:g:wk4AAeSwocpqgF7P,https://i.ebayimg.com/images/g/wk4AAeSwocpqgF7P/s-l225.jpg
无基准,,,,55.0,"[EXC+5 , Film Tested] Fuji WORK RECORD Point & Shoot 35mm Film Camera From JAPAN",fuji work record,Fuji,Film Cameras,Used,139.99,USD,FIXED_PRICE,good-cond,JP,sagami_camera,99.8,2026-08-15T09:18:16.000Z,,https://www.ebay.com/itm/398288226474?hash=item5cbbd408aa:g:M~gAAeSwrKZqgC45,https://i.ebayimg.com/images/g/M~gAAeSwrKZqgC45/s-l225.jpg
无基准,,,,55.0,[NEAR MINT] Canon demi EE17 35mm Half Frame Film Camera SH 30mm f/1.7 From JAPAN,canon ee17,Canon,Film Cameras,Used,139.99,USD,FIXED_PRICE,good-cond,JP,ky-camera.japan,100.0,2026-08-15T06:57:37.000Z,,https://www.ebay.com/itm/407146033481?hash=item5ecbcb7149:g:pS4AAeSwjgRqgA0A,https://i.ebayimg.com/images/g/pS4AAeSwjgRqgA0A/s-l225.jpg
无基准,,,,55.0,[NEAR MINT] Pentax PC35 AF-M DATE Point & Shoot 35mm Film Camera From JAPAN,pentax pc35,Pentax,Film Cameras,Used,139.99,USD,FIXED_PRICE,good-cond,JP,sevenseascamera_japan,100.0,2026-08-15T04:39:58.000Z,,https://www.ebay.com/itm/128027436930?hash=item1dcf07a782:g:ZWYAAeSww5Nqf-y3,https://i.ebayimg.com/images/g/ZWYAAeSww5Nqf-y3/s-l225.jpg
无基准,,,,55.0,[Near MINT] Yashica Flex New B TLR From JAPAN,yashica flex,Yashica,Film Cameras,Used,139.99,USD,FIXED_PRICE,good-cond,JP,irodori-92,100.0,2026-08-15T04:17:54.000Z,,https://www.ebay.com/itm/377419677898?hash=item57dff740ca:g:Zh8AAeSwFJ1qf-kq,https://i.ebayimg.com/images/g/Zh8AAeSwFJ1qf-kq/s-l225.jpg
合理,+8%,130.0,57,55.0,Tested [Top MINT w/ Case] Olympus Superzoom 105G 35mm Point Shoot From JAPAN,olympus 105g,Olympus,Film Cameras,Used,139.99,USD,FIXED_PRICE,good-cond,JP,tokyolensmarket,100.0,2026-08-14T23:08:23.000Z,,https://www.ebay.com/itm/398286480366?hash=item5cbbb963ee:g:KmwAAeSwv8xqf6Bg,https://i.ebayimg.com/images/g/KmwAAeSwv8xqf6Bg/s-l225.jpg
无基准,,,,55.0,▶️CLA'd[N MINT] Mamiya Sekor Macro C 80mm f4 N For M645 1000S Super Pro TL JAPAN,mamiya sekor 80mm f4,Mamiya,Lenses,Used,139.99,USD,"FIXED_PRICE,BEST_OFFER",good-cond,JP,manaco_shop_japan,99.6,2026-08-14T15:23:34.000Z,,https://www.ebay.com/itm/298587857289?hash=item4585392189:g:Ki4AAeSwzXdqUWMI,https://i.ebayimg.com/images/g/Ki4AAeSwzXdqUWMI/s-l225.jpg
无基准,,,,55.0,*Rare : Near Mint* Ricoh XR1000S Film Camera Rikenon P Zoom 35-70mm F/3.4-4.5 JP,ricoh xr1000s,Ricoh,Film Cameras,Used,142.49,USD,FIXED_PRICE,good-cond,JP,dub0804-55,100.0,2026-08-14T11:34:40.000Z,,https://www.ebay.com/itm/366605134720?hash=item555b5e6b80:g:0jcAAOSw~Qdlfj6d,https://i.ebayimg.com/images/g/0jcAAOSw~Qdlfj6d/s-l225.jpg
无基准,,,,55.0,*Near Mint ++* Yashica ROOKIE TLR Film Camera Yashimar 80mm F/3.5 From Japan,yashica rookie yashimar,Yashica,Film Cameras,Used,142.49,USD,FIXED_PRICE,good-cond,JP,hitonaga-0,100.0,2026-08-14T11:30:35.000Z,,https://www.ebay.com/itm/407143976178?hash=item5ecbac0cf2:g:Ex4AAeSwVHlpn-Zz,https://i.ebayimg.com/images/g/Ex4AAeSwVHlpn-Zz/s-l225.jpg
无基准,,,,55.0,Canon Autoboy 2 QD AF35M II Point & Shoot 35mm Film Camera [ MINT ] From JAPAN,canon 2,Canon,Film Cameras,Used,142.99,USD,"FIXED_PRICE,BEST_OFFER",good-cond,JP,camera_yu1010_japan,100.0,2026-08-14T12:17:53.000Z,,https://www.ebay.com/itm/287524693372?hash=item42f1cea57c:g:WhQAAeSw7kpp7aZn,https://i.ebayimg.com/images/g/WhQAAeSw7kpp7aZn/s-l225.jpg
合理,+9%,132.5,80,55.0,Olympus Stylus Zoom 105 Deluxe Point & Shoot from Japan [Near Mint],olympus stylus 105,Olympus,Film Cameras,Used,144.87,USD,FIXED_PRICE,good-cond,JP,sakura_camera06,100.0,2026-08-14T14:49:47.000Z,,https://www.ebay.com/itm/287524911620?hash=item42f1d1fa04:g:SCAAAeSwRRNqVFgW,https://i.ebayimg.com/images/g/SCAAAeSwRRNqVFgW/s-l225.jpg
无基准,,,,55.0,[Exc+3] G YASHICA Electro 35 GS COLOR-YASHINON DX 45mm f/1.7 - From JAPAN,yashica electro,Yashica,Film Cameras,Used,146.0,USD,"FIXED_PRICE,BEST_OFFER",good-cond,JP,blueprint-films_japan,99.1,2026-08-15T13:23:35.000Z,,https://www.ebay.com/itm/206493165542?hash=item3013f3a7e6:g:aOwAAeSwR01qgGgW,https://i.ebayimg.com/images/g/aOwAAeSwR01qgGgW/s-l225.jpg
无基准,,,,55.0,[Exc+3] YASHICA Electro 35 GT G COLOR-YASHINON DX 45mm f/1.7 - From JAPAN,yashica electro,Yashica,Film Cameras,Used,146.0,USD,"FIXED_PRICE,BEST_OFFER",good-cond,JP,blueprint-films_japan,99.1,2026-08-15T13:22:03.000Z,,https://www.ebay.com/itm/206493164475?hash=item3013f3a3bb:g:zOIAAeSw-wlqgGe-,https://i.ebayimg.com/images/g/zOIAAeSw-wlqgGe-/s-l225.jpg
无基准,,,,55.0,*Exc+5* Canon IIs II S kai Rangefinder Film Camera from Japan #4983,canon iis kai,Canon,Film Cameras,Used,148.0,USD,FIXED_PRICE,good-cond,JP,qululu-plus123_jp,100.0,2026-08-14T04:36:41.000Z,,https://www.ebay.com/itm/188789974125?hash=item2bf4c2646d:g:oZIAAeSweARpw6GL,https://i.ebayimg.com/images/g/oZIAAeSweARpw6GL/s-l225.jpg
无基准,,,,55.0,[Exc+5] Mamiya Sekor 250mm F6.3 TLR Lens for C220 C330 From JAPAN,mamiya sekor 250mm f6.3,Mamiya,Lenses,Used,149.0,USD,FIXED_PRICE,good-cond,JP,camera_marvey,100.0,2026-08-14T06:19:12.000Z,,https://www.ebay.com/itm/398283822325?hash=item5cbb90d4f5:g:-oIAAOSwhXJlm7Gm,https://i.ebayimg.com/images/g/-oIAAOSwhXJlm7Gm/s-l225.jpg
无基准,,,,55.0,[N MINT+++ w/ Srtap] Pentax ME 35mm Film Camera SMC M 50mm f/1.7 Lens From JAPAN,pentax smc,Pentax,Film Cameras,Used,149.9,USD,FIXED_PRICE,good-cond,JP,tommy_camera_japan,100.0,2026-08-14T08:49:01.000Z,,https://www.ebay.com/itm/407143667059?hash=item5ecba75573:g:JJMAAeSw7-lqftes,https://i.ebayimg.com/images/g/JJMAAeSw7-lqftes/s-l225.jpg
无基准,,,,55.0,[Top MINT] Fujifilm instax mini 11 BTS Butter Edition Instant Film Camera JAPAN,fujifilm instax 11,Fujifilm,Film Cameras,Used,149.99,USD,FIXED_PRICE,good-cond,JP,sss.yyy.-57,100.0,2026-08-15T05:24:04.000Z,,https://www.ebay.com/itm/298589369621?hash=item4585503515:g:pR8AAeSwdSZqf~kn,https://i.ebayimg.com/images/g/pR8AAeSwdSZqf~kn/s-l225.jpg
无基准,,,,55.0,Rare Color [ Almost MINT ] Pentax ESPIO 120 SW 35mm Film Camera From JAPAN,pentax espio,Pentax,Film Cameras,Used,149.99,USD,FIXED_PRICE,good-cond,JP,sss.yyy.-57,100.0,2026-08-15T05:14:53.000Z,,https://www.ebay.com/itm/298589363310?hash=item4585501c6e:g:iTkAAeSwRQxqf~bC,https://i.ebayimg.com/images/g/iTkAAeSwRQxqf~bC/s-l225.jpg
无基准,,,,55.0,[NEAR MINT] Olympus LT-1 LT1 Brown Point & Shoot 35mm Film Camera from JAPAN,olympus lt-1,Olympus,Film Cameras,Used,149.99,USD,FIXED_PRICE,good-cond,JP,at_japan_camera_lab,99.6,2026-08-15T02:25:25.000Z,,https://www.ebay.com/itm/398287043284?hash=item5cbbc1fad4:g:AXoAAeSwO85qJsae,https://i.ebayimg.com/images/g/AXoAAeSwO85qJsae/s-l225.jpg
无基准,,,,55.0,CLA'd [Top Mint w/Case] Mamiya Sekor C 150mm f4 Lens For M645 Pro TL From JAPAN,mamiya sekor 150mm f4,Mamiya,Lenses,Used,149.99,USD,FIXED_PRICE,good-cond,JP,shib5636,100.0,2026-08-15T00:59:48.000Z,,https://www.ebay.com/itm/398286801864?hash=item5cbbbe4bc8:g:5kgAAeSwvl9qf7ss,https://i.ebayimg.com/images/g/5kgAAeSwvl9qf7ss/s-l225.jpg
无基准,,,,55.0,[MINT w/Case] Olympus XA2 Point & Shoot 35mm Film Camera w/ A11 Flash JAPAN,olympus xa2,Olympus,Film Cameras,Used,149.99,USD,"FIXED_PRICE,BEST_OFFER",good-cond,JP,morita-camera,99.1,2026-08-15T00:08:11.000Z,,https://www.ebay.com/itm/398286626097?hash=item5cbbbb9d31:g:0P4AAeSwyShqf6xT,https://i.ebayimg.com/images/g/0P4AAeSwyShqf6xT/s-l225.jpg
无基准,,,,55.0,[Near MINT] Ricoh Auto Half E Classic Car Half Frame 35mm Film Camera From JAPAN,ricoh half car,Ricoh,Film Cameras,Used,149.99,USD,FIXED_PRICE,good-cond,JP,akahar90,100.0,2026-08-15T00:03:55.000Z,,https://www.ebay.com/itm/398286602149?hash=item5cbbbb3fa5:g:xeAAAeSwvLhqf64b,https://i.ebayimg.com/images/g/xeAAAeSwvLhqf64b/s-l225.jpg
无基准,,,,55.0,[ Near MINT ] Mamiya Sekor P 127mm f4.7 Lens Universal Press Super From JAPAN,mamiya sekor 127mm f4.7,Mamiya,Lenses,Used,149.99,USD,FIXED_PRICE,good-cond,JP,ageha.b-48,100.0,2026-08-14T13:00:50.000Z,,https://www.ebay.com/itm/800507207098?hash=itemba61f29dba:g:NBoAAeSw-~tqQH5E,https://i.ebayimg.com/images/g/NBoAAeSw-~tqQH5E/s-l225.jpg
无基准,,,,55.0,[NEAR MINT] Kyocera Yashica Samurai X3.0 Half frame 35mm Film Camera From JAPAN,yashica samurai x3.0,Yashica,Film Cameras,Used,150.0,USD,"FIXED_PRICE,BEST_OFFER",good-cond,JP,tiida_collection_japan,100.0,2026-08-15T10:12:22.000Z,,https://www.ebay.com/itm/820005066286?hash=itembeec1c562e:g:sAAAAeSwxGBpn11B,https://i.ebayimg.com/images/g/sAAAAeSwxGBpn11B/s-l225.jpg
无基准,,,,55.0,Olympus PEN EE-3 Compact Film Camera From Japan Tested [Exc+],olympus ee-3,Olympus,Film Cameras,Used,150.0,USD,"FIXED_PRICE,BEST_OFFER",good-cond,JP,re-camera,99.8,2026-08-14T08:44:24.000Z,,https://www.ebay.com/itm/336741706899?hash=item4e675eac93:g:MGYAAeSw9~xqftZo,https://i.ebayimg.com/images/g/MGYAAeSw9~xqftZo/s-l225.jpg
无基准,,,,55.0,《Near MINT w/Lens Cap》Ricoh Auto Half Frame E Flower 35mm Film Camera JAPAN✈🚀🎁,ricoh half frame,Ricoh,Film Cameras,Used,153.84,USD,FIXED_PRICE,good-cond,JP,rtmy19,100.0,2026-08-15T12:26:54.000Z,,https://www.ebay.com/itm/800512476199?hash=itemba62430427:g:iZwAAeSwcflqgFiW,https://i.ebayimg.com/images/g/iZwAAeSwcflqgFiW/s-l225.jpg
无基准,,,,55.0,[NEAR MINT] Nikon L35 AD ISO400 Pikaichi Point & Shoot Film 35mm Camera JAPAN,nikon l35,Nikon,Film Cameras,Used,154.99,USD,"FIXED_PRICE,BEST_OFFER",good-cond,JP,edaryo,100.0,2026-08-15T06:06:21.000Z,,https://www.ebay.com/itm/398287675076?hash=item5cbbcb9ec4:g:5xwAAeSw~8JqgAHY,https://i.ebayimg.com/images/g/5xwAAeSw~8JqgAHY/s-l225.jpg
无基准,,,,55.0,[Exc+3] YASHICA Electro 35 GT COLOR-YASHINON DX 45mm f/1.7 - From JAPAN,yashica electro,Yashica,Film Cameras,Used,157.0,USD,"FIXED_PRICE,BEST_OFFER",good-cond,JP,blueprint-films_japan,99.1,2026-08-15T13:20:43.000Z,,https://www.ebay.com/itm/206493163720?hash=item3013f3a0c8:g:f~YAAeSw1~lqgGdv,https://i.ebayimg.com/images/g/f~YAAeSw1~lqgGdv/s-l225.jpg
无基准,,,,55.0,[Near Mint] Canon Demi EE17 30mm F1.7 35mm Half Film Camera from Japam _1783,canon ee17,Canon,Film Cameras,Used,159.9,USD,"FIXED_PRICE,BEST_OFFER",good-cond,JP,wonder_japan,100.0,2026-08-15T09:34:52.000Z,,https://www.ebay.com/itm/168615360157?hash=item274242369d:g:OWUAAeSwhPFqEUsk,https://i.ebayimg.com/images/g/OWUAAeSwhPFqEUsk/s-l225.jpg
无基准,,,,55.0,[Exc+5] Mamiya Sekor Zoom C 55-110mm f/4.5 N For M645 1000S Super Pro TL JAPAN,mamiya sekor 55-110mm f4.5,Mamiya,Lenses,Used,159.9,USD,FIXED_PRICE,good-cond,JP,shogun-market,100.0,2026-08-14T22:34:56.000Z,,https://www.ebay.com/itm/318731215540?hash=item4a35dc62b4:g:irYAAeSw5UJqf5j6,https://i.ebayimg.com/images/g/irYAAeSw5UJqf5j6/s-l225.jpg
无基准,,,,55.0,[Top MINT] Canon Autoboy TELE 6 DATE Point & Shoot 35mm Film Camera From JAPAN,canon 6,Canon,Film Cameras,Used,159.99,USD,FIXED_PRICE,good-cond,JP,japan_camera_select,100.0,2026-08-15T10:03:26.000Z,,https://www.ebay.com/itm/398288343977?hash=item5cbbd5d3a9:g:Q8cAAeSw3lhqgDns,https://i.ebayimg.com/images/g/Q8cAAeSw3lhqgDns/s-l225.jpg
无基准,,,,55.0,Eye Control Work [MINT] Canon EOS 7 Elan 7E 35mm Film SLR Camera Body From JAPAN,canon 7,Canon,Film Cameras,Used,159.99,USD,FIXED_PRICE,good-cond,JP,daihama_8,100.0,2026-08-15T05:54:07.000Z,,https://www.ebay.com/itm/407145946905?hash=item5ecbca1f19:g:IjMAAeSw7-lqgAAu,https://i.ebayimg.com/images/g/IjMAAeSw7-lqgAAu/s-l225.jpg
无基准,,,,55.0,[Near MINT] Canon Demi EE17 35mm Half Frame Film Camera w/ 30mm f/1.7 From JAPAN,canon ee17,Canon,Film Cameras,Used,159.99,USD,FIXED_PRICE,good-cond,JP,qqbz-24,100.0,2026-08-15T02:41:44.000Z,,https://www.ebay.com/itm/168614703055?hash=item2742382fcf:g:uAUAAeSwThVqf9Kg,https://i.ebayimg.com/images/g/uAUAAeSwThVqf9Kg/s-l225.jpg
无基准,,,,55.0,Tested!【NEAR MINT】Nikon F90X Film Camera / Sigma DL Zoom 35-80 mm f/4-5.6 JAPAN,nikon f90x,Nikon,Film Cameras,Used,159.99,USD,"FIXED_PRICE,BEST_OFFER",good-cond,JP,nacamera_japan,100.0,2026-08-15T02:22:35.000Z,,https://www.ebay.com/itm/800510093733?hash=itemba621ea9a5:g:afUAAeSw5Vxqf8qS,https://i.ebayimg.com/images/g/afUAAeSw5Vxqf8qS/s-l225.jpg
无基准,,,,55.0,[MINT+++ w/ Strap] Konica Lexio 70 Point & Shoot 35mm Film Camera From JAPAN,konica 70,Konica,Film Cameras,Used,159.99,USD,FIXED_PRICE,good-cond,JP,yt_camera.japan,100.0,2026-08-14T07:58:47.000Z,,https://www.ebay.com/itm/336741658182?hash=item4e675dee46:g:alIAAeSwJtNqfss2,https://i.ebayimg.com/images/g/alIAAeSwJtNqfss2/s-l225.jpg
无基准,,,,55.0,[ NEAR MINT] Nikon L35 AD2 L35AD2 PIKAICH Point & Shoot 35mm Film Camera JAPAN,nikon l35,Nikon,Film Cameras,Used,160.0,USD,"FIXED_PRICE,BEST_OFFER",good-cond,JP,tiida_collection_japan,100.0,2026-08-15T10:16:42.000Z,,https://www.ebay.com/itm/820005071114?hash=itembeec1c690a:g:GvMAAeSwpc9qGEpK,https://i.ebayimg.com/images/g/GvMAAeSwpc9qGEpK/s-l225.jpg
无基准,,,,55.0,[NEAR MINT] Mamiya Sekor Super 180mm f/4.5 TLR Lens C22 C33 C330 C220 From JAPAN,mamiya sekor 180mm f4.5,Mamiya,Lenses,Used,169.0,USD,FIXED_PRICE,good-cond,JP,daya_2548,100.0,2026-08-14T22:59:04.000Z,,https://www.ebay.com/itm/398286454531?hash=item5cbbb8ff03:g:L9wAAeSwvmNqf57k,https://i.ebayimg.com/images/g/L9wAAeSwvmNqf57k/s-l225.jpg
无基准,,,,55.0,【No US Duty Mint】Nikon AF600 Panorama 35mm Point & Shoot Film Camera-#5705,nikon af600,Nikon,Film Cameras,Used,169.99,USD,FIXED_PRICE,good-cond,JP,orbicon_japan,98.8,2026-08-15T12:37:02.000Z,,https://www.ebay.com/itm/287526631629?hash=item42f1ec38cd:g:E5QAAeSwStpqJNBu,https://i.ebayimg.com/images/g/E5QAAeSwStpqJNBu/s-l225.jpg
无基准,,,,55.0,[Near MINT] Olympus XA2 Point & Shoot Compact Film Camera A11 Flash From JAPAN,olympus xa2,Olympus,Film Cameras,Used,169.99,USD,FIXED_PRICE,good-cond,JP,crossdym,100.0,2026-08-15T09:48:32.000Z,,https://www.ebay.com/itm/137623723249?hash=item200b035cf1:g:h80AAeSwNSNqgDaq,https://i.ebayimg.com/images/g/h80AAeSwNSNqgDaq/s-l225.jpg
无基准,,,,55.0,READ[MINT] Nikon AF600 Panorama BLACK 35mm Point & Shoot Film Camera From JAPAN,nikon af600,Nikon,Film Cameras,Used,169.99,USD,"FIXED_PRICE,BEST_OFFER",good-cond,JP,d-camera-tokyo,98.9,2026-08-15T07:27:38.000Z,,https://www.ebay.com/itm/206492535275?hash=item3013ea09eb:g:A04AAeSwv8xqgBMJ,https://i.ebayimg.com/images/g/A04AAeSwv8xqgBMJ/s-l225.jpg
无基准,,,,55.0,Olympus XA2 Gray Exc+5 35mm Film Camera Point & Shoot From JAPAN,olympus xa2,Olympus,Film Cameras,Used,169.99,USD,"FIXED_PRICE,BEST_OFFER",good-cond,JP,itsuki.japan.camera,100.0,2026-08-15T02:39:03.000Z,,https://www.ebay.com/itm/820003690817?hash=itembeec075941:g:qEAAAeSw9aNqFn3Z,https://i.ebayimg.com/images/g/qEAAAeSw9aNqFn3Z/s-l225.jpg
无基准,,,,55.0,【NEAR MINT】 Nikon L35 AD2 Pikaichi Point & Shoot 35mm Film Camera From JAPAN,nikon l35,Nikon,Film Cameras,Used,169.99,USD,"FIXED_PRICE,BEST_OFFER",good-cond,JP,yutaka-camera-japan,100.0,2026-08-14T09:37:32.000Z,,https://www.ebay.com/itm/147504202017?hash=item2257ef8121:g:yE0AAeSwHdJqfuGX,https://i.ebayimg.com/images/g/yE0AAeSwHdJqfuGX/s-l225.jpg
无基准,,,,55.0,Canon EOS 50D 15.1 MP CMOS DSLR Camera [Top MINT] From JAPAN #516,canon 50d,Canon,Film Cameras,Used,169.99,USD,FIXED_PRICE,good-cond,JP,lingenterpr-0,100.0,2026-08-14T06:35:08.000Z,,https://www.ebay.com/itm/178405411128?hash=item2989ca8938:g:REgAAeSwuvdqfrfS,https://i.ebayimg.com/images/g/REgAAeSwuvdqfrfS/s-l225.jpg
无基准,,,,55.0,[Exc+5] Minolta Capios 160A Zoom 160 35mm Point & Shoot Camera = From JAPAN,minolta 160a,Minolta,Film Cameras,Used,172.0,USD,"FIXED_PRICE,BEST_OFFER",good-cond,JP,altmart3.0,100.0,2026-08-14T07:38:46.000Z,,https://www.ebay.com/itm/227475284801?hash=item34f6956341:g:7~EAAeSwqvlqfsU9,https://i.ebayimg.com/images/g/7~EAAeSwqvlqfsU9/s-l225.jpg
无基准,,,,55.0,[N MINT] Nikon AF600 Panorama Black Point & Shoot 35mm Film Camera from JAPAN,nikon af600,Nikon,Film Cameras,Used,179.9,USD,FIXED_PRICE,good-cond,JP,daihir_56,100.0,2026-08-15T03:45:03.000Z,,https://www.ebay.com/itm/407145777256?hash=item5ecbc78868:g:FfkAAeSw1WFqf-Gv,https://i.ebayimg.com/images/g/FfkAAeSw1WFqf-Gv/s-l225.jpg
无基准,,,,55.0,[MINT] Nikon Nikomat FT 35mm Film Camera Non Ai 50mm f/1.4 Lens From JAPAN #939,nikon nikomat,Nikon,Film Cameras,Used,179.99,USD,FIXED_PRICE,good-cond,JP,lifetime-camera-japan,100.0,2026-08-15T13:06:06.000Z,,https://www.ebay.com/itm/398288775326?hash=item5cbbdc689e:g:Wz0AAeSwgvRqgGIs,https://i.ebayimg.com/images/g/Wz0AAeSwgvRqgGIs/s-l225.jpg
无基准,,,,55.0,[N MINT +++] Yashica Electro 35 GX Black Rangefinder 35mm Film Camera From JAPAN,yashica electro,Yashica,Film Cameras,Used,179.99,USD,FIXED_PRICE,good-cond,JP,miytam_0,100.0,2026-08-15T12:24:47.000Z,,https://www.ebay.com/itm/398288676060?hash=item5cbbdae4dc:g:daoAAeSwhnxqgFu7,https://i.ebayimg.com/images/g/daoAAeSwhnxqgFu7/s-l225.jpg
无基准,,,,55.0,[Near Mint] Pentax Espio 120SW II Blue 35mm Point & Shoot Film Camera Japan #943,pentax 120sw,Pentax,Film Cameras,Used,179.99,USD,FIXED_PRICE,good-cond,JP,lifetime-camera-japan,100.0,2026-08-15T11:52:12.000Z,,https://www.ebay.com/itm/398288594821?hash=item5cbbd9a785:g:PN4AAeSwk3lqgFAs,https://i.ebayimg.com/images/g/PN4AAeSwk3lqgFAs/s-l225.jpg
无基准,,,,55.0,[Near MINT] Olympus XA2 Point & Shoot 35mm Film Camera w/ A11 Flash JAPAN,olympus xa2,Olympus,Film Cameras,Used,179.99,USD,FIXED_PRICE,good-cond,JP,leaf_camera.watch_japan,100.0,2026-08-15T08:12:46.000Z,,https://www.ebay.com/itm/318733173048?hash=item4a35fa4138:g:SbwAAeSwUulqgB3t,https://i.ebayimg.com/images/g/SbwAAeSwUulqgB3t/s-l225.jpg
无基准,,,,55.0,[Almost MINT] Olympus XA2 Point & Shoot Compact Film Camera A11 Flash From JAPAN,olympus xa2,Olympus,Film Cameras,Used,179.99,USD,FIXED_PRICE,good-cond,JP,crossdym,100.0,2026-08-15T05:47:21.000Z,,https://www.ebay.com/itm/137623157273?hash=item200afaba19:g:0McAAeSwwyJqf~5h,https://i.ebayimg.com/images/g/0McAAeSwwyJqf~5h/s-l225.jpg
无基准,,,,55.0,HASSELBLAD Diopter correction loupe (-2) (with box/good quality) for late waist,hasselblad 2,Hasselblad,Film Cameras,Used,182.06,USD,"FIXED_PRICE,BEST_OFFER",,JP,shopaquarius,100.0,2026-08-14T09:00:51.000Z,,https://www.ebay.com/itm/407143697113?hash=item5ecba7cad9:g:OkkAAeSwPZVqftp3,https://i.ebayimg.com/images/g/OkkAAeSwPZVqftp3/s-l225.jpg
无基准,,,,55.0,《Near MINT》Konica III L1 Rangefinder Film Camera 48mm F/2 From JAPAN✈✈✈✈✈✈✈✈🚀🎁,konica l1,Konica,Film Cameras,Used,184.61,USD,FIXED_PRICE,good-cond,JP,rtmy19,100.0,2026-08-15T10:53:41.000Z,,https://www.ebay.com/itm/800512146443?hash=itemba623dfc0b:g:lu4AAOSw25FncsvS,https://i.ebayimg.com/images/g/lu4AAOSw25FncsvS/s-l225.jpg
无基准,,,,55.0,Nikon L35 AD ISO 1000 Pikaichi Point & Shoot 35mm Film Camera JAPAN [NEAR MINT],nikon l35,Nikon,Film Cameras,Used,184.9,USD,FIXED_PRICE,good-cond,JP,tominjp,100.0,2026-08-14T04:07:26.000Z,,https://www.ebay.com/itm/158186333720?hash=item24d4a3e618:g:pk8AAeSw7spqTPWQ,https://i.ebayimg.com/images/g/pk8AAeSw7spqTPWQ/s-l225.jpg
无基准,,,,55.0,[N MINT- in Case] Canon Single-8 518 Auto Zoom Movie 8mm Film Camera JAPAN Read!,canon 518,Canon,Vintage Cameras,,184.99,USD,FIXED_PRICE,good-cond,JP,mido*japan*camera,100.0,2026-08-14T22:05:30.000Z,,https://www.ebay.com/itm/198571661933?hash=item2e3bcb1a6d:g:QTgAAeSwwQBqKcy-,https://i.ebayimg.com/images/g/QTgAAeSwwQBqKcy-/s-l225.jpg
无基准,,,,55.0,ALL WORKS!! Canon Demi EE17 35mm Half Frame Film Camera w/strap [ Near MINT ] JP,canon ee17,Canon,Film Cameras,Used,187.99,USD,"FIXED_PRICE,BEST_OFFER",good-cond,JP,camera_yu1010_japan,100.0,2026-08-14T12:18:06.000Z,,https://www.ebay.com/itm/287524693583?hash=item42f1cea64f:g:vfkAAeSwWahplSQU,https://i.ebayimg.com/images/g/vfkAAeSwWahplSQU/s-l225.jpg
无基准,,,,55.0,▶️[Exc+5] Canon IIs II-S 2S Rangefinder 50mm f1.8 L Mount Film Camera From JAPAN,canon 2s,Canon,Film Cameras,Used,189.99,USD,"FIXED_PRICE,BEST_OFFER",good-cond,JP,manaco_shop_japan,99.6,2026-08-15T02:03:03.000Z,,https://www.ebay.com/itm/298589030084?hash=item45854b06c4:g:wrEAAeSwo1lqEjhN,https://i.ebayimg.com/images/g/wrEAAeSwo1lqEjhN/s-l225.jpg
无基准,,,,55.0,▶️ [N.Mint]Canon Demi EE17 35mm Half Frame Film Camera w/ SH 30mm f/1.7 2971676,canon ee17,Canon,Film Cameras,Used,195.0,USD,"FIXED_PRICE,BEST_OFFER",good-cond,JP,nomu-86,99.6,2026-08-14T04:49:10.000Z,,https://www.ebay.com/itm/407143264590?hash=item5ecba1314e:g:xDYAAeSwpx9qVtJ5,https://i.ebayimg.com/images/g/xDYAAeSwpx9qVtJ5/s-l225.jpg
无基准,,,,55.0,CLA'd w/Hood [ Mint++ ] Mamiya Sekor C 180mm f4.5 Telephoto Lens From JAPAN,mamiya sekor 180mm f4.5,Mamiya,Lenses,Used,195.99,USD,FIXED_PRICE,good-cond,JP,shib5636,100.0,2026-08-14T05:14:07.000Z,,https://www.ebay.com/itm/398283682504?hash=item5cbb8eb2c8:g:g6wAAeSwJtNqfqTZ,https://i.ebayimg.com/images/g/g6wAAeSwJtNqfqTZ/s-l225.jpg
无基准,,,,55.0,Eye Control [MINT] Canon EOS 7 Elan 7E Film Camera Body + BP-300 Grip From JAPAN,canon 7,Canon,Film Cameras,Used,199.99,USD,FIXED_PRICE,good-cond,JP,daihama_8,100.0,2026-08-15T11:42:05.000Z,,https://www.ebay.com/itm/407146519712?hash=item5ecbd2dca0:g:NWAAAeSw3T9qgFDM,https://i.ebayimg.com/images/g/NWAAAeSw3T9qgFDM/s-l225.jpg
无基准,,,,55.0,《Near MINT》Konica III L1 Rangefinder Film Camera 48mm F/2 From JAPAN✈✈✈✈✈✈✈✈🚀🎁,konica l1,Konica,Film Cameras,Used,199.99,USD,FIXED_PRICE,good-cond,JP,rtmy19,100.0,2026-08-15T10:53:41.000Z,,https://www.ebay.com/itm/800512146448?hash=itemba623dfc10:g:EAwAAeSw3rtpvXRx,https://i.ebayimg.com/images/g/EAwAAeSw3rtpvXRx/s-l225.jpg
无基准,,,,55.0,bell & Howell [Exc+5] Canon Model 7 Rangefinder Film Camera 35/1.8 Lens From JP,canon 7,Canon,Film Cameras,Used,199.99,USD,FIXED_PRICE,good-cond,JP,kimu_1572,100.0,2026-08-15T08:47:55.000Z,,https://www.ebay.com/itm/137623599112?hash=item200b017808:g:9e4AAeSwRYJqgCjc,https://i.ebayimg.com/images/g/9e4AAeSwRYJqgCjc/s-l225.jpg
无基准,,,,55.0,[MINT] Nikon F4S F4 SLR 35mm Film Camera Body DP-20 MB-21 From JAPAN,nikon f4s,Nikon,Film Cameras,Used,199.99,USD,FIXED_PRICE,good-cond,JP,japancamerapro,99.2,2026-08-14T23:47:03.000Z,,https://www.ebay.com/itm/398286564594?hash=item5cbbbaacf2:g:gWoAAeSw8Chqf6mt,https://i.ebayimg.com/images/g/gWoAAeSw8Chqf6mt/s-l225.jpg
合理,+3%,195.0,80,55.0,[Almost MINT] Nikon F4S F4 SLR 35mm Film Camera Body DP-20 MB-21 From JAPAN,nikon f4s,Nikon,Film Cameras,Used,199.99,USD,FIXED_PRICE,good-cond,JP,japancamerapro,99.2,2026-08-14T23:43:04.000Z,,https://www.ebay.com/itm/398286560971?hash=item5cbbba9ecb:g:txsAAeSwhKZqf6kB,https://i.ebayimg.com/images/g/txsAAeSwhKZqf6kB/s-l225.jpg
无基准,,,,55.0,【Near MINT】 Mamiya Sekor 100mm F3.5 Lens for Universal Press Super 23 From JAPAN,mamiya sekor 100mm f3.5,Mamiya,Lenses,Used,199.99,USD,FIXED_PRICE,good-cond,JP,came_came_camera_from_japan,100.0,2026-08-14T20:06:50.000Z,,https://www.ebay.com/itm/318730625922?hash=item4a35d36382:g:F08AAeSwOwdqf3ZL,https://i.ebayimg.com/images/g/F08AAeSwOwdqf3ZL/s-l225.jpg
无基准,,,,55.0,[ APP MINT ] Nikon F4E F4 35mm SLR Film Camera Body MB-23 From JAPAN #18987,nikon f4e,Nikon,Film Cameras,Used,199.99,USD,FIXED_PRICE,good-cond,JP,z1came-0,99.7,2026-08-14T12:54:20.000Z,,https://www.ebay.com/itm/407144200717?hash=item5ecbaf7a0d:g:2-sAAeSwRT9qfw-h,https://i.ebayimg.com/images/g/2-sAAeSwRT9qfw-h/s-l225.jpg
无基准,,,,55.0,[Top MINT] Yashica Kyocera Samurai X3.0 Red 35mm Half Frame Camera From JAPAN,yashica kyocera samurai,Yashica,Film Cameras,Used,199.99,USD,FIXED_PRICE,good-cond,JP,sakura_japan-camera,100.0,2026-08-14T09:05:24.000Z,,https://www.ebay.com/itm/178405765761?hash=item2989cff281:g:DnoAAeSwTHhqfttH,https://i.ebayimg.com/images/g/DnoAAeSwTHhqfttH/s-l225.jpg
无基准,,,,55.0,Blue Dot 【NEAR MINT+++】 Mamiya Sekor 65mm f3.5 TLR Lens C220 C33 C330 From JAPAN,mamiya sekor 65mm f3.5,Mamiya,Lenses,Used,199.99,USD,FIXED_PRICE,good-cond,JP,ichiro-camera-japan,99.6,2026-08-14T06:20:48.000Z,,https://www.ebay.com/itm/237004995454?hash=item372e993b7e:g:r6gAAeSwbEhqfrK9,https://i.ebayimg.com/images/g/r6gAAeSwbEhqfrK9/s-l225.jpg
无基准,,,,55.0,[ MINT ] Konica Lexio 70 BLACK Point & Shoot 35mm Film Camera From JAPAN,konica 70,Konica,Film Cameras,Used,200.99,USD,"FIXED_PRICE,BEST_OFFER",good-cond,JP,w.a.t.k.r.japan.camera,100.0,2026-08-15T02:47:45.000Z,,https://www.ebay.com/itm/377419518204?hash=item57dff4d0fc:g:WDYAAeSwsdppwbrt,https://i.ebayimg.com/images/g/WDYAAeSwsdppwbrt/s-l225.jpg
无基准,,,,55.0,[Near Mint] FUJIFILM Cardia Mini Tiara Zoom 35mm Film Camera From JAPAN #940,fujifilm cardia mini,Fujifilm,Film Cameras,Used,209.99,USD,FIXED_PRICE,good-cond,JP,lifetime-camera-japan,100.0,2026-08-15T11:07:33.000Z,,https://www.ebay.com/itm/398288488220?hash=item5cbbd8071c:g:lA0AAeSwvgtqgEYG,https://i.ebayimg.com/images/g/lA0AAeSwvgtqgEYG/s-l225.jpg
无基准,,,,55.0,Blue Dot [Near MINT] Mamiya Sekor DS 105mm F/3.5 Lens C330 C220 From JAPAN 6F16,mamiya sekor 105mm f3.5,Mamiya,Lenses,Used,209.99,USD,FIXED_PRICE,good-cond,JP,kson-62,99.6,2026-08-14T16:02:08.000Z,,https://www.ebay.com/itm/407144668089?hash=item5ecbb69bb9:g:u~UAAeSwdh5qfzlW,https://i.ebayimg.com/images/g/u~UAAeSwdh5qfzlW/s-l225.jpg
无基准,,,,55.0,Nikon L35 AD ISO 1000 Pikaichi Point & Shoot Film Camera From Japan [Near Mint],nikon l35,Nikon,Film Cameras,Used,209.99,USD,"FIXED_PRICE,BEST_OFFER",good-cond,JP,hokkaido_camera_from_japan,100.0,2026-08-14T09:45:48.000Z,,https://www.ebay.com/itm/188791001313?hash=item2bf4d210e1:g:28IAAeSwtqtqft~Y,https://i.ebayimg.com/images/g/28IAAeSwtqtqft~Y/s-l225.jpg
无基准,,,,55.0,[MINT] Minolta XD-S Black 35mm SLR Film Camera Body From JAPAN FAST! Tested! JP,minolta xd-s,Minolta,Film Cameras,Used,218.0,USD,"FIXED_PRICE,BEST_OFFER",good-cond,JP,sakurashutterjapan,100.0,2026-08-15T06:58:42.000Z,,https://www.ebay.com/itm/178408742234?hash=item2989fd5d5a:g:4GIAAeSw1cJqgA39,https://i.ebayimg.com/images/g/4GIAAeSw1cJqgA39/s-l225.jpg
无基准,,,,55.0,Read! OLYMPUS PEN F 35mm Half Frame Film Camera 38mm + 100mm 2Lens [Exc+5] #54,olympus pen half,Olympus,Film Cameras,Used,219.99,USD,"FIXED_PRICE,BEST_OFFER",good-cond,JP,nostalgic_camera_tokyo,100.0,2026-08-15T10:18:59.000Z,,https://www.ebay.com/itm/377420289602?hash=item57e0009642:g:taIAAeSwFU5qet5v,https://i.ebayimg.com/images/g/taIAAeSwFU5qet5v/s-l225.jpg
无基准,,,,55.0,[MINT] Minolta XD-S Black 35mm SLR Film Camera Body From JAPAN,minolta xd-s,Minolta,Film Cameras,Used,219.99,USD,FIXED_PRICE,good-cond,JP,irodori-92,100.0,2026-08-15T04:04:37.000Z,,https://www.ebay.com/itm/377419651068?hash=item57dff6d7fc:g:74AAAeSwiuJqf-aE,https://i.ebayimg.com/images/g/74AAAeSwiuJqf-aE/s-l225.jpg
无基准,,,,55.0,*Near Mint* Canon Demi C Half Frame Film Camera SD 50mm 28mm F/2.8 Lens From JPN,canon demi half,Canon,Film Cameras,Used,222.29,USD,FIXED_PRICE,good-cond,JP,hitonaga-0,100.0,2026-08-14T11:30:35.000Z,,https://www.ebay.com/itm/407143976176?hash=item5ecbac0cf0:g:3agAAOSw6jlnqr3o,https://i.ebayimg.com/images/g/3agAAOSw6jlnqr3o/s-l225.jpg
无基准,,,,55.0,Read! [Exc+5 w/lens cap] Nikon L35 AF ISO 1000 PIKAICHI 35mm Film Camera JAPAN,nikon l35,Nikon,Film Cameras,Used,224.99,USD,"FIXED_PRICE,BEST_OFFER",good-cond,JP,akari_camera,100.0,2026-08-14T06:13:07.000Z,,https://www.ebay.com/itm/128025903776?hash=item1dcef042a0:g:iggAAeSwTfpqHWiv,https://i.ebayimg.com/images/g/iggAAeSwTfpqHWiv/s-l225.jpg
无基准,,,,55.0,Minolta Alpha α7 a7 Maxxum Dynax AF SLR 35mm Film Camera Body [N. MINT] JAPAN,minolta 7,Minolta,Film Cameras,Used,229.9,USD,"FIXED_PRICE,BEST_OFFER",good-cond,JP,questers_jp,100.0,2026-08-15T06:57:25.000Z,,https://www.ebay.com/itm/398287824571?hash=item5cbbcde6bb:g:hPQAAeSwPZVqgApT,https://i.ebayimg.com/images/g/hPQAAeSwPZVqgApT/s-l225.jpg
无基准,,,,55.0,2Lens![N MINT+++ w/Adapter] Olympus OM10 + Auto-Zoom 35-70mm f4 + 75-150mm JAPAN,olympus om10,Olympus,Film Cameras,Used,229.99,USD,FIXED_PRICE,good-cond,JP,taknis-78,100.0,2026-08-15T10:48:28.000Z,,https://www.ebay.com/itm/336743644560?hash=item4e677c3d90:g:zNkAAeSwK~ZqgERD,https://i.ebayimg.com/images/g/zNkAAeSwK~ZqgERD/s-l225.jpg
无基准,,,,55.0,[Near MINT] Canon EOS 7 7E ELAN W/BP-300 SLR 35mm Film Camera Body From JAPAN,canon 7,Canon,Film Cameras,Used,229.99,USD,FIXED_PRICE,good-cond,JP,ayako_japan2012,100.0,2026-08-15T08:00:23.000Z,,https://www.ebay.com/itm/318733118969?hash=item4a35f96df9:g:YhAAAeSwJoxqgB2G,https://i.ebayimg.com/images/g/YhAAAeSwJoxqgB2G/s-l225.jpg
无基准,,,,55.0,[Top MINT] Olympus Stylus zoom 160 Film Camera 35mm Point&Shoot From JAPAN,olympus stylus 160,Olympus,Film Cameras,Used,229.99,USD,FIXED_PRICE,good-cond,JP,sakura_vintage_camera,100.0,2026-08-15T01:51:51.000Z,,https://www.ebay.com/itm/398286954054?hash=item5cbbc09e46:g:GRMAAeSwv8xqf8Z3,https://i.ebayimg.com/images/g/GRMAAeSwv8xqf8Z3/s-l225.jpg
无基准,,,,55.0,[Top MINT w/ Strap] Canon EOS 7 ELAN 7E SLR 35mm Film Camera Body From JAPAN,canon 7,Canon,Film Cameras,Used,229.99,USD,FIXED_PRICE,good-cond,JP,dreamers_camera_japan,99.5,2026-08-14T10:21:49.000Z,,https://www.ebay.com/itm/366605039023?hash=item555b5cf5af:g:SNMAAeSwDRtqfu1t,https://i.ebayimg.com/images/g/SNMAAeSwDRtqfu1t/s-l225.jpg
无基准,,,,55.0,Schneider Symmar 210mm F/5.6 370mm F/12 Lens [Exc+5 w/Linhof Case] From JAPAN,linhof 210mm f5.6,Linhof,Lenses,Used,229.99,USD,FIXED_PRICE,good-cond,JP,rebirth_japan,100.0,2026-08-14T10:00:06.000Z,,https://www.ebay.com/itm/237005293699?hash=item372e9dc883:g:8IgAAeSwEe9qfuge,https://i.ebayimg.com/images/g/8IgAAeSwEe9qfuge/s-l225.jpg
无基准,,,,55.0,"Olympus Mju II Wide 100 Zoom 35mm Point&Shoot Camera - Film Tested, Excellent",olympus mju,Olympus,Film Cameras,Eccellente - Ricondizionato,230.44,USD,FIXED_PRICE,grail:Mju,IT,www.camistry.eu,99.7,2026-08-14T13:02:45.000Z,,https://www.ebay.com/itm/336742039034?hash=item4e6763bdfa:g:edIAAeSwYTBqfxCZ,https://i.ebayimg.com/images/g/edIAAeSwYTBqfxCZ/s-l225.jpg
无基准,,,,55.0,Minolta X-700 Body Black Analog Reflex 35mm Working Guaranteed. 35mm film,minolta x-700,Minolta,Film Cameras,Usato,230.55,USD,"FIXED_PRICE,BEST_OFFER",grail:X-700,IT,blackdove-cameras,100.0,2026-08-14T09:12:30.000Z,,https://www.ebay.com/itm/336741738066?hash=item4e675f2652:g:VRoAAeSwFz1qfttd,https://i.ebayimg.com/images/g/VRoAAeSwFz1qfttd/s-l225.jpg
无基准,,,,55.0,*Rare Black : Near Mint* Konica FP Film Camera Hexanon 50mm F/2 Lens From Japan,konica hexanon,Konica,Film Cameras,Used,234.33,USD,FIXED_PRICE,good-cond,JP,hitonaga-0,100.0,2026-08-14T11:39:00.000Z,,https://www.ebay.com/itm/407143987975?hash=item5ecbac3b07:g:s40AAOSwGrRl5WOD,https://i.ebayimg.com/images/g/s40AAOSwGrRl5WOD/s-l225.jpg
无基准,,,,55.0,【Near MINT/Cap】Nikon L35AF ISO400 Pikaichi 35mm Point & Shoot Film Camera Japan,nikon l35af,Nikon,Film Cameras,Used,234.99,USD,"FIXED_PRICE,BEST_OFFER",good-cond,JP,japanvintage33,100.0,2026-08-14T06:33:48.000Z,,https://www.ebay.com/itm/366604699327?hash=item555b57c6bf:g:5D4AAeSwY3xqQRcx,https://i.ebayimg.com/images/g/5D4AAeSwY3xqQRcx/s-l225.jpg
无基准,,,,55.0,*Almost Mint w/ Case* Fuji Fujica AX-3 Film Camera EBC X Fujinon DM 50mm F/1.6,fuji ax-3,Fuji,Film Cameras,Used,237.49,USD,FIXED_PRICE,good-cond,JP,hitonaga-0,100.0,2026-08-14T11:30:34.000Z,,https://www.ebay.com/itm/407143976149?hash=item5ecbac0cd5:g:Q-4AAeSwLfppp3C4,https://i.ebayimg.com/images/g/Q-4AAeSwLfppp3C4/s-l225.jpg
无基准,,,,55.0,Meter works Olympus PEN FT 35mm Film Camera + 40mm F1.4 Lens + α [N. Mint] Video,olympus pen,Olympus,Film Cameras,Used,237.99,USD,"FIXED_PRICE,BEST_OFFER",good-cond,JP,maco0_18,100.0,2026-08-15T13:41:18.000Z,,https://www.ebay.com/itm/800512784749?hash=itemba6247b96d:g:-rQAAeSw8wtpSTuz,https://i.ebayimg.com/images/g/-rQAAeSw8wtpSTuz/s-l225.jpg
无基准,,,,55.0,Olympus XA4 Macro 35mm Point & Shoot Film Camera w/ A11 Flash [MINT] From Japan,olympus xa4,Olympus,Film Cameras,Used,239.99,USD,FIXED_PRICE,good-cond,JP,sevenpark,100.0,2026-08-15T13:08:11.000Z,,https://www.ebay.com/itm/178409644268?hash=item298a0b20ec:g:e-0AAeSwUcpqftdP,https://i.ebayimg.com/images/g/e-0AAeSwUcpqftdP/s-l225.jpg
无基准,,,,55.0,*Overhauled* [ALMOST MINT w/ Case] Canon IIIA Rangefinder Film Camera Body JAPAN,canon iiia,Canon,Film Cameras,Used,239.99,USD,FIXED_PRICE,good-cond,JP,enjoy_camera_japan,100.0,2026-08-15T10:50:35.000Z,,https://www.ebay.com/itm/800512134521?hash=itemba623dcd79:g:sAAAAeSwQJpqMkt3,https://i.ebayimg.com/images/g/sAAAAeSwQJpqMkt3/s-l225.jpg
无基准,,,,55.0,[Top MINT] Lomo Lomography LC-Wide Compact 35mm Film Camera From JAPAN,lomo lomography lc-wide,Lomo,Film Cameras,Used,239.99,USD,FIXED_PRICE,good-cond,JP,drea7370,100.0,2026-08-15T09:30:44.000Z,,https://www.ebay.com/itm/137623699900?hash=item200b0301bc:g:PQUAAeSwseNqgDJ6,https://i.ebayimg.com/images/g/PQUAAeSwseNqgDJ6/s-l225.jpg
无基准,,,,55.0,[MINT +Cap] Mamiya Sekor C 80mm F2.8 Lens for M645 1000S Super Pro TL From JAPAN,mamiya sekor 80mm f2.8,Mamiya,Lenses,Used,239.99,USD,FIXED_PRICE,good-cond,JP,onda03,99.4,2026-08-15T00:12:14.000Z,,https://www.ebay.com/itm/137622362487?hash=item200aee9977:g:hgMAAeSw1~Nqf7AN,https://i.ebayimg.com/images/g/hgMAAeSw1~Nqf7AN/s-l225.jpg
合理,-4%,249.9,80,55.0,[ EXC+5 ] Fujifilm Cardia Mini Tiara Point & Shoot 35mm Film Camera From JAPAN,fujifilm cardia mini,Fujifilm,Film Cameras,Used,239.99,USD,FIXED_PRICE,good-cond,JP,tarmanpuk_0,99.7,2026-08-14T23:39:21.000Z,,https://www.ebay.com/itm/287525664752?hash=item42f1dd77f0:g:oj4AAeSwGjJqYH3d,https://i.ebayimg.com/images/g/oj4AAeSwGjJqYH3d/s-l225.jpg
无基准,,,,55.0,Tested [MINT] Canon Single 8 518 SV Auto Zoom 8mm Film Movie Camera From JAPAN,canon 8,Canon,Vintage Cameras,,239.99,USD,FIXED_PRICE,good-cond,JP,kensei.43,100.0,2026-08-14T22:53:34.000Z,,https://www.ebay.com/itm/206491705938?hash=item3013dd6252:g:JW4AAeSw3Bxqf50l,https://i.ebayimg.com/images/g/JW4AAeSw3Bxqf50l/s-l225.jpg
合理,-4%,249.9,80,55.0,[Exc+5] Fujifilm CARDIA mini TIARA 35mm Point & Shoot Camera From JAPAN #4768,fujifilm cardia mini,Fujifilm,Film Cameras,Used,239.99,USD,FIXED_PRICE,good-cond,JP,lembodeck,99.3,2026-08-14T20:28:14.000Z,,https://www.ebay.com/itm/307126921514?hash=item478230e92a:g:tQIAAeSwnCZqfZiA,https://i.ebayimg.com/images/g/tQIAAeSwnCZqfZiA/s-l225.jpg
无基准,,,,55.0,【Near MINT in Box】 Mamiya Sekor 127mm f/4.7 Lens Polaroid 600SE Hood From Japan,mamiya sekor 127mm f4.7,Mamiya,Lenses,Used,239.99,USD,FIXED_PRICE,good-cond,JP,came_came_camera_from_japan,100.0,2026-08-14T20:02:13.000Z,,https://www.ebay.com/itm/318730615659?hash=item4a35d33b6b:g:-yYAAeSwgvRqf3TC,https://i.ebayimg.com/images/g/-yYAAeSwgvRqf3TC/s-l225.jpg
无基准,,,,55.0,[MINT] Fujifilm Cardia Mini Tiara Zoom Point & Shoot Film Camera From JAPAN 267,fujifilm cardia mini,Fujifilm,Film Cameras,Used,239.99,USD,FIXED_PRICE,good-cond,JP,*kon_nichiwa*camera-japan,100.0,2026-08-14T04:29:13.000Z,,https://www.ebay.com/itm/318727286379?hash=item4a35a06e6b:g:TlYAAOSwOA9mEPxK,https://i.ebayimg.com/images/g/TlYAAOSwOA9mEPxK/s-l225.jpg
无基准,,,,55.0,[ Exc+5 w/Strap ] Fujifilm Cardia Mini TIARA II Point & Shoot Film Camera JAPAN,fujifilm cardia mini,Fujifilm,Film Cameras,Used,240.0,USD,"FIXED_PRICE,BEST_OFFER",good-cond,JP,tiida_collection_japan,100.0,2026-08-14T08:20:11.000Z,,https://www.ebay.com/itm/820000385732?hash=itembeebd4eac4:g:ZJIAAeSwLlNqGEhg,https://i.ebayimg.com/images/g/ZJIAAeSwLlNqGEhg/s-l225.jpg
无基准,,,,55.0,[MINT w/Strap] Nikon F4S 35mm SLR Film Camera Black Body MB-21 From JAPAN,nikon f4s,Nikon,Film Cameras,Used,244.99,USD,FIXED_PRICE,good-cond,JP,drea7370,100.0,2026-08-15T09:29:12.000Z,,https://www.ebay.com/itm/137623688436?hash=item200b02d4f4:g:dzoAAeSwcShqgDJh,https://i.ebayimg.com/images/g/dzoAAeSwcShqgDJh/s-l225.jpg
无基准,,,,55.0,Canon Demi EE17 35mm Half Frame Film Camera Repaint 30mm f/1.7 Lens Tested Exc+4,canon ee17,Canon,Film Cameras,Used,248.98,USD,"FIXED_PRICE,BEST_OFFER",good-cond,JP,chocolabtoto14,100.0,2026-08-15T10:44:05.000Z,,https://www.ebay.com/itm/188796206821?hash=item2bf5217ee5:g:DwIAAeSws3NqgEPG,https://i.ebayimg.com/images/g/DwIAAeSws3NqgEPG/s-l225.jpg
高价,+98%,125.55,80,55.0,SIC Ver. [MINT w/HOOD] Nikon Ai-s Micro 55mm f2.8 Lens For FM2 F3 FM3A FromJAPAN,nikon ai-s 55mm f2.8,Nikon,Lenses,Used,249.0,USD,FIXED_PRICE,grail:FM2;mount:nikon f;55mm;good-cond,JP,syashinkiten_japan,100.0,2026-08-14T13:05:58.000Z,,https://www.ebay.com/itm/327309969461?hash=item4c3531c835:g:EN0AAeSwXI1qfxOo,https://i.ebayimg.com/images/g/EN0AAeSwXI1qfxOo/s-l225.jpg
