寻宝类型,评分,标题,品牌,类目,成色,价格,币种,购买方式,图片数,图片像素,标记,所在地,卖家,好评率,上架时间,结束时间,链接,图片
查无市价,110.0,*Near Mint* Contax RTS 1st Model SLR 35mm Film Camera Grid Screen From Japan,Contax,Film Cameras,Used,142.49,USD,FIXED_PRICE,14,1600,grail:Contax RTS;good-cond;underpriced(med 600),JP,dub0804-55,100.0,2026-08-14T11:34:40.000Z,,https://www.ebay.com/itm/366605134709?hash=item555b5e6b75:g:5xAAAeSw1XtpwnVi,https://i.ebayimg.com/images/g/5xAAAeSw1XtpwnVi/s-l225.jpg
查无市价,106.0,HASSELBLAD 503CX/500CLASSIC/503CXi/501C/503CW/501CM/500ELX/553ELX/555ELD from Ja,Hasselblad,Film Cameras,Used,46.75,USD,"FIXED_PRICE,BEST_OFFER",2,1200,grail:501C;underpriced(med 1470),JP,shopaquarius,100.0,2026-08-14T09:00:46.000Z,,https://www.ebay.com/itm/407143696895?hash=item5ecba7c9ff:g:UL4AAeSwDjZqftm9,https://i.ebayimg.com/images/g/UL4AAeSwDjZqftm9/s-l225.jpg
残件/按现状,102.0,Contax 139 Quartz 35mm SLR Film Camera Body Only PARTS/REPAIR,Contax,Film Cameras,For parts or not working,34.99,USD,"FIXED_PRICE,BEST_OFFER",10,1600,grail:Contax 139;underpriced(med 600),US,cwhi1421,100.0,2026-08-14T02:13:10.000Z,,https://www.ebay.com/itm/168612243391?hash=item274212a7bf:g:SyYAAeSwaRZqfnl3,https://i.ebayimg.com/images/g/SyYAAeSwaRZqfnl3/s-l225.jpg
查无市价,102.0,Leica M Mount Elmar 9cm f/4 Lens by Ernst Leitz GmbH Wetzlar,Leica,Vintage Cameras,,129.99,USD,FIXED_PRICE,8,1600,grail:Elmar;mount:leica m;underpriced(med 325),US,0711seamcd,97.3,2026-08-13T17:57:19.000Z,,https://www.ebay.com/itm/117357789508?hash=item1b5311c144:g:L1cAAeSwIoZqbzl7,https://i.ebayimg.com/images/g/L1cAAeSwIoZqbzl7/s-l225.jpg
型号不明,100.0,[Exc+5] Kenko 2x RB Teleplus MC6 Teleconverter Mamiya RB67 Pro S SD From JAPAN,Mamiya,Lenses,Used,99.99,USD,FIXED_PRICE,11,1600,grail:RB67;good-cond;underpriced(med 270),JP,rebirth_japan,100.0,2026-08-13T10:27:38.000Z,,https://www.ebay.com/itm/237003173603?hash=item372e7d6ee3:g:GmMAAeSwVhJqfZ1K,https://i.ebayimg.com/images/g/GmMAAeSwVhJqfZ1K/s-l225.jpg
残件/按现状,98.0,Olympus OM-2 35mm Body Film Camera *FOR PARTS OR REPAIR ONLY w/ Box,Olympus,Film Cameras,For parts or not working,39.95,USD,FIXED_PRICE,8,1600,grail:OM-2;mount:olympus om;as-is;underpriced(med 160),US,kcrawford25,100.0,2026-08-13T21:26:04.000Z,,https://www.ebay.com/itm/206488948659?hash=item3013b34fb3:g:MToAAeSwsJVqfjXb,https://i.ebayimg.com/images/g/MToAAeSwsJVqfjXb/s-l225.jpg
残件/按现状,96.0,[As-is For parts] Canon AE-1 35mm SLR Film Camera Body from Japan,Canon,Film Cameras,For parts or not working,29.99,USD,FIXED_PRICE,13,1280,grail:AE-1;as-is;underpriced(med 166),JP,maui_camera_japan,100.0,2026-08-14T00:46:31.000Z,,https://www.ebay.com/itm/287523651338?hash=item42f1bebf0a:g:6UYAAOSwvghoRXAY,https://i.ebayimg.com/images/g/6UYAAOSwvghoRXAY/s-l225.jpg
残件/按现状,96.0,🍙For Parts🍙 Canon AE-1 Program Black 35mm SLR Body Only from Japan,Canon,Film Cameras,For parts or not working,39.99,USD,FIXED_PRICE,18,1600,grail:AE-1;as-is;underpriced(med 166),JP,nokik_0,99.4,2026-08-13T22:43:24.000Z,,https://www.ebay.com/itm/188788702765?hash=item2bf4aefe2d:g:zj0AAeSw7ehqXJdj,https://i.ebayimg.com/images/g/zj0AAeSw7ehqXJdj/s-l225.jpg
型号不明,96.0,[TOP MINT] PENTAX Rear Converter-A 645 2x Tele Converter Lens From Japan #2988,Pentax,Lenses,Used,40.99,USD,FIXED_PRICE,17,1600,grail:645;good-cond;underpriced(med 177),JP,japan-collection-camera-take,100.0,2026-08-13T19:18:01.000Z,,https://www.ebay.com/itm/398282249863?hash=item5cbb78d687:g:LoEAAeSwbJRqRS0t,https://i.ebayimg.com/images/g/LoEAAeSwbJRqRS0t/s-l225.jpg
残件/按现状,96.0,AS-IS Canon AE-1 Black *For Parts or Repair Z2791,Canon,Film Cameras,For parts or not working,47.99,USD,"FIXED_PRICE,BEST_OFFER",15,1600,grail:AE-1;as-is;underpriced(med 166),JP,tsurujapan532,100.0,2026-08-14T07:32:25.000Z,,https://www.ebay.com/itm/178405550749?hash=item2989ccaa9d:g:OyAAAeSw8TRqdWna,https://i.ebayimg.com/images/g/OyAAAeSw8TRqdWna/s-l225.jpg
残件/按现状,96.0,Voigtlander Vitessa 35mm Film Camera Ultron 50mm f2 Lens & Kontur Rangefinder,Voigtlander,Film Cameras,For parts or not working,150.0,USD,FIXED_PRICE,14,1600,grail:Ultron;underpriced(med 500),US,whiskers25,99.8,2026-08-13T11:21:45.000Z,,https://www.ebay.com/itm/278254294779?hash=item40c93f96fb:g:vhQAAeSwCclqdRj9,https://i.ebayimg.com/images/g/vhQAAeSwCclqdRj9/s-l225.jpg
查无市价,94.0,Set [ Unused in Box ] MegaHouse SHARAN Leica IIIf Mini Film Camera From JAPAN,Leica,Film Cameras,Used,159.99,USD,FIXED_PRICE,9,1096,grail:Leica IIIf;underpriced(med 855),JP,sss.yyy.-57,100.0,2026-08-13T11:03:45.000Z,,https://www.ebay.com/itm/298584539830?hash=item45850682b6:g:gD0AAeSwRQxqfaZz,https://i.ebayimg.com/images/g/gD0AAeSwRQxqfaZz/s-l225.jpg
型号不明,94.0,[Near MINT] Carl Zeiss Jena Tessar 21cm f4.5 VII Modified product From JAPAN,Zeiss,Lenses,Used,239.99,USD,FIXED_PRICE,10,1600,grail:Tessar;good-cond;underpriced(med 594),JP,taabo93,100.0,2026-08-13T11:03:45.000Z,,https://www.ebay.com/itm/137616440145?hash=item200a943b51:g:aMUAAeSwVnNqfaau,https://i.ebayimg.com/images/g/aMUAAeSwVnNqfaau/s-l225.jpg
型号不明,94.0,[Top MINT in Box] Hasselblad Lens Converter 2XE For 500CM 501CM 503CW From JAPAN,Hasselblad,Lenses,Used,249.99,USD,FIXED_PRICE,10,1600,grail:500CM;good-cond;underpriced(med 902),JP,michi926,100.0,2026-08-13T11:23:30.000Z,,https://www.ebay.com/itm/366603044415?hash=item555b3e863f:g:jr8AAeSwP~VqfauD,https://i.ebayimg.com/images/g/jr8AAeSwP~VqfauD/s-l225.jpg
查无市价,93.0,[Almost MINT] Sinar Wide Angle Bag Bellows for P P2 F F1 F2 4x5 Camera Fro JAPAN,Sinar,Film Cameras,Used,79.99,USD,FIXED_PRICE,23,0,good-cond;underpriced(med 500),JP,tokyocamerastore,100.0,2026-08-13T12:15:51.000Z,,https://www.ebay.com/itm/137616687295?hash=item200a9800bf:g:VfwAAeSw-V9qfblY,https://i.ebayimg.com/images/g/VfwAAeSw-V9qfblY/s-l225.jpg
查无市价,93.0,Meter Works! [Near MINT] Voigtlander Bessa-L Black 35mm Film Camera JAPAN #841,Voigtlander,Film Cameras,Used,144.99,USD,FIXED_PRICE,23,0,good-cond;underpriced(med 500),JP,japan.camera.like,100.0,2026-08-13T15:40:54.000Z,,https://www.ebay.com/itm/178403434989?hash=item2989ac61ed:g:KUgAAeSwR-FqffBb,https://i.ebayimg.com/images/g/KUgAAeSwR-FqffBb/s-l225.jpg
残件/按现状;型号不明,92.0,Honeywell Pentax SP II body for parts,Pentax,Film Cameras,For parts or not working,25.0,USD,FIXED_PRICE,3,1600,grail:Pentax SP;as-is;underpriced(med 159),US,tnrhaven1,100.0,2026-08-14T01:29:43.000Z,,https://www.ebay.com/itm/336741213639?hash=item4e675725c7:g:mOwAAeSwPZVqfm8-,https://i.ebayimg.com/images/g/mOwAAeSwPZVqfm8-/s-l225.jpg
型号不明,92.0,Rokunar RB 2X Auto Tele Converter for Mamiya RB67 Cameras,Mamiya,Lenses,Used,25.0,USD,"FIXED_PRICE,BEST_OFFER",7,1454,grail:RB67;underpriced(med 270),US,coloradocameraparts,100.0,2026-08-13T19:21:04.000Z,,https://www.ebay.com/itm/168611605886?hash=item274208ed7e:g:j2oAAeSwRT9qfhj8,https://i.ebayimg.com/images/g/j2oAAeSwRT9qfhj8/s-l225.jpg
残件/按现状,92.0,Pentax ME Super SLR Film Camera Body Chrome #G211,Pentax,Film Cameras,For parts or not working,29.64,USD,"FIXED_PRICE,BEST_OFFER",7,1600,grail:Pentax ME Super;underpriced(med 159),US,robertscamera,99.8,2026-08-13T14:53:33.000Z,,https://www.ebay.com/itm/147502387783?hash=item2257d3d247:g:SgUAAeSw19lqfdpl,https://i.ebayimg.com/images/g/SgUAAeSw19lqfdpl/s-l225.jpg
残件/按现状,92.0,Minolta Hi-Matic S2 35mm Film Camera – Flash Not Working – FOR PARTS / REPAIR,Minolta,Film Cameras,For parts or not working,35.0,USD,"FIXED_PRICE,BEST_OFFER",8,1600,grail:Hi-Matic;as-is;underpriced(med 100),US,srgedgoods,100.0,2026-08-14T02:00:01.000Z,,https://www.ebay.com/itm/336737545034?hash=item4e671f2b4a:g:aosAAeSwLKlqe3A6,https://i.ebayimg.com/images/g/aosAAeSwLKlqe3A6/s-l225.jpg
残件/按现状,92.0,Canon AE-1 SLR Film Camera - Black,Canon,Film Cameras,For parts or not working,35.0,USD,"FIXED_PRICE,BEST_OFFER",4,1599,grail:AE-1;underpriced(med 166),US,silfelto,100.0,2026-08-14T01:44:15.000Z,,https://www.ebay.com/itm/267756587409?hash=item3e57894991:g:sR4AAeSwn~xqfnKl,https://i.ebayimg.com/images/g/sR4AAeSwn~xqfnKl/s-l225.jpg
残件/按现状,92.0,Olympus Stylus Epic Zoom 80 35mm Film Camera 38-80mm All Weather FOR PARTS,Olympus,Film Cameras,For parts or not working,35.95,USD,"FIXED_PRICE,BEST_OFFER",12,1600,grail:Stylus Epic;as-is;underpriced(med 160),US,hiddentreasures8,100.0,2026-08-13T22:52:56.000Z,,https://www.ebay.com/itm/407142658829?hash=item5ecb97f30d:g:ZI0AAeSwSLlqfkXW,https://i.ebayimg.com/images/g/ZI0AAeSwSLlqfkXW/s-l225.jpg
残件/按现状;打包杂件,92.0,Pentax Minolta Canon 35mm Film Camera Lot 115M Hi-Matic AF2 Classic 120 Parts,Pentax,Film Cameras,For parts or not working,39.99,USD,"FIXED_PRICE,BEST_OFFER",17,1600,grail:Hi-Matic;underpriced(med 159),US,casualjoe90,100.0,2026-08-13T15:17:30.000Z,,https://www.ebay.com/itm/117357491001?hash=item1b530d3339:g:i~oAAeSwBUdqfd7Y,https://i.ebayimg.com/images/g/i~oAAeSwBUdqfd7Y/s-l225.jpg
残件/按现状,92.0,Asahi Pentax Spotmatic Camera Body *Untested*,Asahi,Film Cameras,Used,39.99,USD,FIXED_PRICE,3,1600,grail:Spotmatic;as-is;underpriced(med 143),US,doupeterso-43,100.0,2026-08-13T14:02:17.000Z,,https://www.ebay.com/itm/298584893109?hash=item45850be6b5:g:JVAAAeSwVkVpZtr~,https://i.ebayimg.com/images/g/JVAAAeSwVkVpZtr~/s-l225.jpg
残件/按现状,92.0,Asahi Pentax Spotmatic SV CAMERA ( PART or REPAIR ),Asahi,Film Cameras,For parts or not working,49.99,USD,"FIXED_PRICE,BEST_OFFER",6,1600,grail:Spotmatic;underpriced(med 143),US,54598387,99.6,2026-08-13T15:05:01.000Z,,https://www.ebay.com/itm/267752240956?hash=item3e5746f73c:g:LvEAAeSwqXxqePH7,https://i.ebayimg.com/images/g/LvEAAeSwqXxqePH7/s-l225.jpg
残件/按现状,92.0,Vtg Canon Canonet 28 Range Finder Film Camera 40 Mm 1.28 Lens 1968 UNTESTED,Canon,Film Cameras,Used,52.0,USD,"FIXED_PRICE,BEST_OFFER",9,1024,grail:Canonet;as-is;underpriced(med 166),US,redoldbarn,100.0,2026-08-13T20:48:30.000Z,,https://www.ebay.com/itm/336740941418?hash=item4e6752fe6a:g:lUYAAeSwFz1qfirf,https://i.ebayimg.com/images/g/lUYAAeSwFz1qfirf/s-l225.jpg
打包杂件,92.0,Vintage Honeywell Pentax Spotmatic F 35mm SLR Film Bundle READ,Pentax,Film Cameras,Used,60.0,USD,"FIXED_PRICE,BEST_OFFER",8,1024,grail:Spotmatic;underpriced(med 159),US,ladybugpickerllc,99.0,2026-08-14T01:21:53.000Z,,https://www.ebay.com/itm/298586251980?hash=item458520a2cc:g:NH8AAeSwJHdqfl7N,https://i.ebayimg.com/images/g/NH8AAeSwJHdqfl7N/s-l225.jpg
残件/按现状,91.0,Canon Canonet QL17 GIII G3 35mm Rangefinder Camera UNTESTED,Canon,Film Cameras,For parts or not working,64.98,USD,"FIXED_PRICE,BEST_OFFER",10,1600,grail:Canonet;as-is;underpriced(med 166),US,whitewolfff,99.1,2026-08-14T02:05:09.000Z,,https://www.ebay.com/itm/267756598008?hash=item3e578972f8:g:V8cAAeSwYoFqQz~r,https://i.ebayimg.com/images/g/V8cAAeSwYoFqQz~r/s-l225.jpg
残件/按现状,91.0,Canon Canonet QL17 G-III Rangefinder 35mm Film Camera PARTS/REPAIR,Canon,Film Cameras,Used,69.99,USD,"FIXED_PRICE,BEST_OFFER",12,1600,grail:Canonet;underpriced(med 166),US,cwhi1421,100.0,2026-08-14T00:38:45.000Z,,https://www.ebay.com/itm/168612096949?hash=item2742106bb5:g:doMAAeSwgGdqfmFK,https://i.ebayimg.com/images/g/doMAAeSwgGdqfmFK/s-l225.jpg
残件/按现状,90.0,*For Parts* Pentax ESII Black SV & Spotmatic SP Film Camera Body From Japan,Pentax,Film Cameras,Used,66.49,USD,FIXED_PRICE,18,1600,grail:Spotmatic;as-is;underpriced(med 159),JP,dub0804-55,100.0,2026-08-14T11:44:32.000Z,,https://www.ebay.com/itm/366605145817?hash=item555b5e96d9:g:7i4AAeSws35pPUoH,https://i.ebayimg.com/images/g/7i4AAeSws35pPUoH/s-l225.jpg
残件/按现状,90.0,Leica IIIF black Dial Rangefinder 35mm Film Camera,Leica,Film Cameras,For parts or not working,195.0,USD,"FIXED_PRICE,BEST_OFFER",10,1600,grail:Leica IIIF;underpriced(med 855),US,mdm2010,99.2,2026-08-13T22:06:56.000Z,,https://www.ebay.com/itm/267756436375?hash=item3e5786fb97:g:GbYAAeSwrJFqfj-e,https://i.ebayimg.com/images/g/GbYAAeSwrJFqfj-e/s-l225.jpg
残件/按现状,90.0,Contax Tix APS Film Camera Carl Zeiss Sonnar 28mm f/2.8 T FOR PARTS/REPAIR*,Contax,Film Cameras,For parts or not working,199.0,USD,"FIXED_PRICE,BEST_OFFER",5,1600,grail:Sonnar;as-is;underpriced(med 600),US,bryon82,0.0,2026-08-13T23:56:59.000Z,,https://www.ebay.com/itm/366604193857?hash=item555b501041:g:WioAAeSwtixqflgf,https://i.ebayimg.com/images/g/WioAAeSwtixqflgf/s-l225.jpg
查无市价,90.0,[MINT] Contax RTS III RTS3 35mm SLR Film Camera Body Vacuum Plate JAPAN,Contax,Film Cameras,Used,299.49,USD,"FIXED_PRICE,BEST_OFFER",10,1600,grail:Contax RTS;good-cond,JP,hisar-0,100.0,2026-08-13T19:25:53.000Z,,https://www.ebay.com/itm/227474648968?hash=item34f68baf88:g:ODcAAeSwd0Bpulsh,https://i.ebayimg.com/images/g/ODcAAeSwd0Bpulsh/s-l225.jpg
查无市价,90.0,Leica IIIa 35mm 1939 Rangefinder 324364 - US Seller,Leica,Film Cameras,Used,299.99,USD,"FIXED_PRICE,BEST_OFFER",17,0,grail:Leica IIIa;underpriced(med 855),US,ruskisplay,99.4,2026-08-13T18:15:54.000Z,,https://www.ebay.com/itm/407142202816?hash=item5ecb90fdc0:g:fuUAAeSwav5qNbo4,https://i.ebayimg.com/images/g/fuUAAeSwav5qNbo4/s-l225.jpg
查无市价,90.0,Leica IIIa 35mm 1938 Rangefinder 293357 - US Seller,Leica,Film Cameras,Used,349.99,USD,"FIXED_PRICE,BEST_OFFER",17,0,grail:Leica IIIa;underpriced(med 855),US,ruskisplay,99.4,2026-08-13T18:16:17.000Z,,https://www.ebay.com/itm/407142203672?hash=item5ecb910118:g:q~cAAeSw9SNqNbqk,https://i.ebayimg.com/images/g/q~cAAeSw9SNqNbqk/s-l225.jpg
残件/按现状,89.0,Pentax ME Super 35mm SLR Film Camera Body Only (Untested - for parts/repairs),Pentax,Film Cameras,For parts or not working,31.77,USD,"FIXED_PRICE,BEST_OFFER",9,1280,grail:Pentax ME Super;as-is;underpriced(med 159),AU,bowerboutique,100.0,2026-08-14T05:35:03.000Z,,https://www.ebay.com/itm/336741482591?hash=item4e675b405f:g:RuMAAeSwDp1qfqjt,https://i.ebayimg.com/images/g/RuMAAeSwDp1qfqjt/s-l225.jpg
残件/按现状,89.0,Olympus XA With A11 Flash With Defects Read Description,Olympus,Film Cameras,Per parti di ricambio o non funzionante,57.63,USD,FIXED_PRICE,19,1600,grail:Olympus XA;underpriced(med 160),IT,larealtadelpassato,99.1,2026-08-13T13:39:13.000Z,,https://www.ebay.com/itm/358921993981?hash=item53916afefd:g:aj0AAeSwhrBqfchp,https://i.ebayimg.com/images/g/aj0AAeSwhrBqfchp/s-l225.jpg
查无市价,89.0,[Unused] Hasselblad A16 Type III Film Back 6x4.5 645 for 500 CM From JAPAN,Hasselblad,Film Cameras,Used,529.99,USD,FIXED_PRICE,11,1600,grail:645;underpriced(med 1470),JP,japan-trade810,98.9,2026-08-13T16:16:50.000Z,,https://www.ebay.com/itm/117357657141?hash=item1b530fbc35:g:0SkAAeSwIVVqffjV,https://i.ebayimg.com/images/g/0SkAAeSwIVVqffjV/s-l225.jpg
查无市价,87.0,Leica IIIc NOTTESTED,Leica,Film Cameras,Used,163.56,USD,FIXED_PRICE,6,0,grail:Leica IIIc;underpriced(med 855),DE,jbv-foto,100.0,2026-08-13T12:24:13.000Z,,https://www.ebay.com/itm/287522534433?hash=item42f1adb421:g:OfoAAeSw~8JqfdxG,https://i.ebayimg.com/images/g/OfoAAeSw~8JqfdxG/s-l225.jpg
查无市价,87.0,Leica IIIf Body 1950 NOTTESTED,Leica,Film Cameras,Used,188.91,USD,FIXED_PRICE,6,0,grail:Leica IIIf;underpriced(med 855),DE,jbv-foto,100.0,2026-08-13T12:34:02.000Z,,https://www.ebay.com/itm/287522546949?hash=item42f1ade505:g:pO0AAeSwxvxqfc0G,https://i.ebayimg.com/images/g/pO0AAeSwxvxqfc0G/s-l225.jpg
查无市价,87.0,Leica IIIb 1939 Chrome NOTTESTED,Leica,Film Cameras,Used,303.02,USD,FIXED_PRICE,6,0,grail:Leica IIIb;underpriced(med 855),DE,jbv-foto,100.0,2026-08-13T12:24:10.000Z,,https://www.ebay.com/itm/287522534394?hash=item42f1adb3fa:g:nbkAAeSw1~lqfb2Y,https://i.ebayimg.com/images/g/nbkAAeSw1~lqfb2Y/s-l225.jpg
查无市价,87.0,Leica III Mod. F 1933 NOTTESTED,Leica,Film Cameras,Used,379.09,USD,FIXED_PRICE,6,0,grail:Leica III;underpriced(med 855),DE,jbv-foto,100.0,2026-08-13T12:33:57.000Z,,https://www.ebay.com/itm/287522546852?hash=item42f1ade4a4:g:eRMAAeSwuKZqfdTw,https://i.ebayimg.com/images/g/eRMAAeSwuKZqfdTw/s-l225.jpg
残件/按现状,86.0,Pentax ME Super SE 35mm Camera Untested AS/IS 50mm lens,Pentax,Film Cameras,Used,60.31,USD,FIXED_PRICE,7,1600,grail:Pentax ME Super;as-is;underpriced(med 159),US,future_fun,99.8,2026-08-14T12:12:10.000Z,,https://www.ebay.com/itm/128026331801?hash=item1dcef6ca99:g:nJ8AAeSwQIpp3oKD,https://i.ebayimg.com/images/g/nJ8AAeSwQIpp3oKD/s-l225.jpg
残件/按现状,86.0,Pentax ME Super Camera & lens & winder (Locked up),Pentax,Film Cameras,For parts or not working,65.0,USD,FIXED_PRICE,6,1600,grail:Pentax ME Super;underpriced(med 159),US,mr.customerservice,100.0,2026-08-13T21:00:10.000Z,,https://www.ebay.com/itm/318725564401?hash=item4a358627f1:g:f5QAAeSwMjhqfjBT,https://i.ebayimg.com/images/g/f5QAAeSwMjhqfjBT/s-l225.jpg
残件/按现状,86.0,Pentax MX SLR Film Camera w/ Pentax-M 50mm 1.7 Lens #128,Pentax,Film Cameras,For parts or not working,69.99,USD,FIXED_PRICE,12,1600,grail:Pentax MX;underpriced(med 159),US,okazziondirect,99.9,2026-08-13T17:16:34.000Z,,https://www.ebay.com/itm/137617548243?hash=item200aa523d3:g:EukAAeSwXudqffpC,https://i.ebayimg.com/images/g/EukAAeSwXudqffpC/s-l225.jpg
型号不明,85.0,🍙N.Mint w/Box🍙 Nikon TC‑200 2X Teleconverter Lens for F Mount from Japan,Nikon,Lenses,Used,34.99,USD,FIXED_PRICE,16,1600,mount:nikon f;good-cond;underpriced(med 249),JP,nokik_0,99.4,2026-08-13T11:56:01.000Z,,https://www.ebay.com/itm/188786427319?hash=item2bf48c45b7:g:~QkAAeSw7dlqW23c,https://i.ebayimg.com/images/g/~QkAAeSw7dlqW23c/s-l225.jpg
残件/按现状,85.0,Olympus OM-20 (OM-G) 35mm SLR Film Camera Body As-Is Meter Not Working F. Japan,Olympus,Film Cameras,Used,55.9,USD,"FIXED_PRICE,BEST_OFFER",17,1080,mount:olympus om;as-is;underpriced(med 160),JP,yukikkurod-0,100.0,2026-08-14T02:41:10.000Z,,https://www.ebay.com/itm/257679191145?hash=item3bfee06c69:g:KLAAAeSwp49qfn4u,https://i.ebayimg.com/images/g/KLAAAeSwp49qfn4u/s-l225.jpg
残件/按现状,85.0,Revue X-4M Multiprogram SLR w Revuenon 50mm f/1.4 MCF Mamiya Z mount Film Camera,Mamiya,Film Cameras,For parts or not working,136.31,USD,"FIXED_PRICE,BEST_OFFER",23,1403,mount:nikon z;underpriced(med 460),US,well-cam,100.0,2026-08-13T23:03:00.000Z,,https://www.ebay.com/itm/358923092323?hash=item53917bc163:g:sgQAAeSwyadqMxQv,https://i.ebayimg.com/images/g/sgQAAeSwyadqMxQv/s-l225.jpg
残件/按现状;型号不明,84.0,Lens for LEITZ R mount VARIO-ELMAR-R F470-210 Junk Used,Leitz,Lenses,Used,299.57,USD,FIXED_PRICE,6,1280,grail:ELMAR;as-is;underpriced(med 829),JP,hard-off-japan-in-au,99.2,2026-08-13T17:22:31.000Z,,https://www.ebay.com/itm/318724697217?hash=item4a3578ec81:g:N3IAAeSwIvJqfgup,https://i.ebayimg.com/images/g/N3IAAeSwIvJqfgup/s-l225.jpg
残件/按现状,83.0,Leica AF-C1 35mm Film Camera with 40-80mm f/2.8-5.6 Autofocus READ DESCRIPTION!!,Leica,Film Cameras,For parts or not working,79.99,USD,"FIXED_PRICE,AUCTION",23,1299,underpriced(med 855);auction,US,illyria1967,100.0,2026-08-13T22:06:46.000Z,2026-08-20T22:06:46.000Z,https://www.ebay.com/itm/137618300564?hash=item200ab09e94:g:6BsAAeSwiX5qfe4m,https://i.ebayimg.com/images/g/6BsAAeSwiX5qfe4m/s-l225.jpg
残件/按现状,83.0,【Mamiya】MAMIYA-16 Miniature Camera Sold as-is #W146 From Japan,Mamiya,Film Cameras,Used,80.39,USD,FIXED_PRICE,3,1200,as-is;underpriced(med 460),JP,quorefl-53,100.0,2026-08-14T00:10:20.000Z,,https://www.ebay.com/itm/800504346543?hash=itemba61c6f7af:g:A2kAAeSwMjhqfl3c,https://i.ebayimg.com/images/g/A2kAAeSwMjhqfl3c/s-l225.jpg
残件/按现状,83.0,Mamiya 6 Bellows Camera SEKOR T 7.5cm F3.5 COPAL-MX Junk For Parts From Japan,Mamiya,Film Cameras,For parts or not working,129.88,USD,FIXED_PRICE,9,1200,as-is;underpriced(med 460),JP,manekineko-japan,98.4,2026-08-13T14:12:11.000Z,,https://www.ebay.com/itm/206488184284?hash=item3013a7a5dc:g:pxcAAeSw9~xqfd~-,https://i.ebayimg.com/images/g/pxcAAeSw9~xqfd~-/s-l225.jpg
查无市价,83.0,Rare War Time [MINT] Leica IIIC III C 35mm w/ Coating Elmar 50mm 3.5 L39 From JP,Leica,Film Cameras,Used,1199.99,USD,FIXED_PRICE,10,1600,grail:Leica IIIC;mount:ltm/l39;good-cond,JP,japan-trade810,98.9,2026-08-13T07:36:28.000Z,,https://www.ebay.com/itm/117356845981?hash=item1b53035b9d:g:C6kAAeSwjJxqfXUe,https://i.ebayimg.com/images/g/C6kAAeSwjJxqfXUe/s-l225.jpg
残件/按现状,82.0,VINTAGE Mamiya M Auto Focus 35mm Film Camera Made In Japan NOT WORKING,Mamiya,Film Cameras,For parts or not working,35.26,USD,"FIXED_PRICE,BEST_OFFER",10,1600,as-is;underpriced(med 460),AU,base787,99.9,2026-08-14T06:41:55.000Z,,https://www.ebay.com/itm/237005029464?hash=item372e99c058:g:3DYAAeSwt99qfrhF,https://i.ebayimg.com/images/g/3DYAAeSwt99qfrhF/s-l225.jpg
残件/按现状,81.0,Nikon FM10 35mm SLR Film Camera Ai-s 35-70mm Zoom Lens From JAPAN. Untested,Nikon,Film Cameras,For parts or not working,25.0,USD,"FIXED_PRICE,BEST_OFFER",12,1600,mount:nikon f;as-is;underpriced(med 240),US,hedintheshed,100.0,2026-08-13T17:59:53.000Z,,https://www.ebay.com/itm/298585449808?hash=item4585146550:g:1sMAAeSw1yVqfON2,https://i.ebayimg.com/images/g/1sMAAeSw1yVqfON2/s-l225.jpg
残件/按现状,81.0,Canon FTb-N QL Silver 35mm SLR Film Camera with Fl 50mm 1:1.8 S.C.,Canon,Film Cameras,For parts or not working,36.0,USD,FIXED_PRICE,7,1600,mount:canon fd;underpriced(med 166),US,us2014-maal,99.0,2026-08-13T13:10:59.000Z,,https://www.ebay.com/itm/168610908645?hash=item2741fe49e5:g:ZbAAAeSwJHdqfcI4,https://i.ebayimg.com/images/g/ZbAAAeSwJHdqfcI4/s-l225.jpg
残件/按现状,81.0,Nikon N6006 35mm Film Camera & AF Nikkor 35-135mm -- PARTS / REPAIR (READ),Nikon,Film Cameras,For parts or not working,49.99,USD,"FIXED_PRICE,BEST_OFFER",23,1600,mount:nikon f;underpriced(med 240),US,chocolatemochi,99.9,2026-08-14T08:33:07.000Z,,https://www.ebay.com/itm/227475340551?hash=item34f6963d07:g:PmkAAeSw1NdpPuUf,https://i.ebayimg.com/images/g/PmkAAeSw1NdpPuUf/s-l225.jpg
型号不明,81.0,Lensbaby Muse for Canon EF LBM2C Double Glass Optic f/4 Disc Boxed Kit,Canon,Lenses,Used,49.99,USD,FIXED_PRICE,3,1600,mount:canon ef;good-cond;underpriced(med 297),US,ourfivelittleacres,100.0,2026-08-13T19:55:11.000Z,,https://www.ebay.com/itm/147502944551?hash=item2257dc5127:g:Fg8AAeSwdh5qfh~H,https://i.ebayimg.com/images/g/Fg8AAeSwdh5qfh~H/s-l225.jpg
型号不明,81.0,[Near MINT] Pentax 67 Rear Converter 2x for 6x7 67 67II From JAPAN,Pentax,Lenses,Used,89.99,USD,FIXED_PRICE,8,1600,grail:Pentax 67;good-cond,JP,kmtrade5738,100.0,2026-08-13T06:31:01.000Z,,https://www.ebay.com/itm/158182985783?hash=item24d470d037:g:j4wAAeSwCz5qfWUm,https://i.ebayimg.com/images/g/j4wAAeSwCz5qfWUm/s-l225.jpg
查无市价,80.0,For Part Zeiss Ikon 207/3 6.5x9 Folding Plate Camera Tessar 10.5cm f/4.5 Compur,Zeiss,Vintage Cameras,,50.0,USD,FIXED_PRICE,17,0,grail:Tessar,US,sabeostore,100.0,2026-08-14T05:58:27.000Z,,https://www.ebay.com/itm/137619388221?hash=item200ac1373d:g:cPsAAeSwhyNqfq1W,https://i.ebayimg.com/images/g/cPsAAeSwhyNqfq1W/s-l225.jpg
残件/按现状,80.0,Leica Panasonic DG Summilux 1:1.4/25 ASPH 25MM Lens Parts Or Repair,Leica,Lenses,For parts or not working,199.99,USD,"FIXED_PRICE,BEST_OFFER",6,907,grail:Summilux;underpriced(med 1181),US,silasdeanepawnshop,99.8,2026-08-13T18:33:47.000Z,,https://www.ebay.com/itm/168611530098?hash=item274207c572:g:0kgAAeSw7OJqdiiq,https://i.ebayimg.com/images/g/0kgAAeSw7OJqdiiq/s-l225.jpg
型号不明,80.0,leitz vario-elmar-r 35-70 3 cam lens with caps,Leitz,Lenses,Used,350.0,USD,"FIXED_PRICE,BEST_OFFER",7,1600,grail:elmar;underpriced(med 829),US,desha,100.0,2026-08-13T19:07:55.000Z,,https://www.ebay.com/itm/298585555276?hash=item458516014c:g:UQEAAeSwjWhqffYg,https://i.ebayimg.com/images/g/UQEAAeSwjWhqffYg/s-l225.jpg
残件/按现状,80.0,CONTAX RTS 35mm SLR Film Camera Body Tested From Japan AS IS,Contax,Film Cameras,For parts or not working,352.89,USD,FIXED_PRICE,11,1080,grail:CONTAX RTS;as-is,JP,manekineko-japan,98.4,2026-08-13T14:53:45.000Z,,https://www.ebay.com/itm/206488282390?hash=item3013a92516:g:Fw4AAeSwIGNqfeU3,https://i.ebayimg.com/images/g/Fw4AAeSwIGNqfeU3/s-l225.jpg
查无市价,80.0,[MINT+++] Leica C3 Vario Elmar 28-80mm 35mm Point & Shoot Film Camera From JAPAN,Leica,Film Cameras,Used,429.99,USD,FIXED_PRICE,15,1200,grail:Elmar;good-cond,JP,yuk1camera-japan,100.0,2026-08-13T11:58:20.000Z,,https://www.ebay.com/itm/366603095422?hash=item555b3f4d7e:g:C3YAAeSwTrRqfbHX,https://i.ebayimg.com/images/g/C3YAAeSwTrRqfbHX/s-l225.jpg
查无市价,80.0,Rare Flat Dial [Near MINT] Leica IIIF Rangefinder Camera S/N544xxx From JAPAN,Leica,Film Cameras,Used,489.99,USD,FIXED_PRICE,16,1600,grail:Leica IIIF;good-cond,JP,japan-trade810,98.9,2026-08-13T16:59:58.000Z,,https://www.ebay.com/itm/117357711685?hash=item1b53109145:g:XVIAAeSwBJRqfgUp,https://i.ebayimg.com/images/g/XVIAAeSwBJRqfgUp/s-l225.jpg
查无市价,80.0,Rare Flat Dial [Near MINT] Leica IIIF Rangefinder Film Camera S/N526xxx JAPAN,Leica,Film Cameras,Used,489.99,USD,FIXED_PRICE,11,1600,grail:Leica IIIF;good-cond,JP,japan-trade810,98.9,2026-08-13T16:58:26.000Z,,https://www.ebay.com/itm/117357711053?hash=item1b53108ecd:g:c~IAAeSw4U1qfgUF,https://i.ebayimg.com/images/g/c~IAAeSw4U1qfgUF/s-l225.jpg
查无市价,80.0,[MINT] Plaubel Peco w/Schneider 65mm 6.8 Tessar 100mm 3.5 Tele Congo 240mm 6.3,Plaubel,Film Cameras,Used,1149.99,USD,FIXED_PRICE,14,1600,grail:Tessar;good-cond,JP,japan-trade810,98.9,2026-08-13T14:14:35.000Z,,https://www.ebay.com/itm/117357394576?hash=item1b530bba90:g:TYEAAeSw3lhqfdxI,https://i.ebayimg.com/images/g/TYEAAeSw3lhqfdxI/s-l225.jpg
残件/按现状,79.0,"Nikon Action Touch 35mm Camera with 35mm f/2.8 AF Lens (sold as is, for parts)",Nikon,Film Cameras,For parts or not working,34.0,USD,"FIXED_PRICE,AUCTION",5,1267,as-is;underpriced(med 240);auction,US,wil-584736,100.0,2026-08-13T19:49:26.000Z,2026-08-20T19:49:26.000Z,https://www.ebay.com/itm/237004159102?hash=item372e8c787e:g:SYQAAeSwA2NqIzpf,https://i.ebayimg.com/images/g/SYQAAeSwA2NqIzpf/s-l225.jpg
残件/按现状,79.0,Nikon N65 Camera /w Sigma Zoom 55m 28-80mm 1:3.5-5.6 II Macro Lens,Nikon,Film Cameras,For parts or not working,46.0,USD,"FIXED_PRICE,AUCTION",16,640,underpriced(med 240);auction,US,bigmude,99.6,2026-08-13T21:27:20.000Z,2026-08-20T21:27:20.000Z,https://www.ebay.com/itm/377416228194?hash=item57dfc29d62:g:4agAAeSwThVqfjVH,https://i.ebayimg.com/images/g/4agAAeSwThVqfjVH/s-l225.jpg
残件/按现状,79.0,"Canon, other, electronic cameras",Canon,Film Cameras,For parts or not working,52.0,USD,"FIXED_PRICE,AUCTION",2,1600,underpriced(med 166);auction,US,daveroad51,100.0,2026-08-13T14:18:05.000Z,2026-08-23T14:18:05.000Z,https://www.ebay.com/itm/358922137978?hash=item53916d317a:g:tKkAAeSwan9qYMq0,https://i.ebayimg.com/images/g/tKkAAeSwan9qYMq0/s-l225.jpg
残件/按现状;打包杂件,79.0,*For Parts* Lot of 2 Pentax SV & Pentax MV1 Film Camera Body From Japan #C5-1,Pentax,Film Cameras,Used,54.28,USD,FIXED_PRICE,22,1600,as-is;underpriced(med 159),JP,dub0804-55,100.0,2026-08-14T11:34:40.000Z,,https://www.ebay.com/itm/366605134723?hash=item555b5e6b83:g:yfsAAeSwI~NoFDTE,https://i.ebayimg.com/images/g/yfsAAeSwI~NoFDTE/s-l225.jpg
残件/按现状,79.0,Zeiss Ikon Ikonta 520/16 120 Film Camera - Novar Anastigmat 4.5/7.5cm UNTESTED,Zeiss,Film Cameras,Used,69.0,USD,FIXED_PRICE,23,1600,as-is;underpriced(med 276),US,budsbeefbarn4,100.0,2026-08-13T22:41:24.000Z,,https://www.ebay.com/itm/307125268406?hash=item478217afb6:g:cm4AAeSwhP1qfkXF,https://i.ebayimg.com/images/g/cm4AAeSwhP1qfkXF/s-l225.jpg
残件/按现状,79.0,Graflex Speed Graphic Vintage 4x5 Press Camera Kalart Range Finder - For parts,Graflex,Vintage Cameras,,75.0,USD,FIXED_PRICE,8,1600,as-is;underpriced(med 235),US,tdcoastal,99.8,2026-08-14T03:12:16.000Z,,https://www.ebay.com/itm/336741327534?hash=item4e6758e2ae:g:R1sAAeSwv-JqfoeP,https://i.ebayimg.com/images/g/R1sAAeSwv-JqfoeP/s-l225.jpg
型号不明,79.0,[Top MINT] Nikon Teleconverter TC-301 2X AI-S for F Mount Lens From JAPAN,Nikon,Lenses,Used,79.99,USD,FIXED_PRICE,23,1600,mount:nikon f;good-cond;underpriced(med 249),JP,ken-ken_camera_japan,100.0,2026-08-13T04:48:05.000Z,,https://www.ebay.com/itm/407140551038?hash=item5ecb77c97e:g:ccoAAeSwdixqfU04,https://i.ebayimg.com/images/g/ccoAAeSwdixqfU04/s-l225.jpg
型号不明,79.0,[MINT] Nikon Teleconverter TC-14B 1.4X AI-S for F Mount Lens From JAPAN,Nikon,Lenses,Used,79.99,USD,FIXED_PRICE,23,1600,mount:nikon f;good-cond;underpriced(med 249),JP,ken-ken_camera_japan,100.0,2026-08-13T04:45:09.000Z,,https://www.ebay.com/itm/407140549070?hash=item5ecb77c1ce:g:aJUAAeSw-V9qfU0A,https://i.ebayimg.com/images/g/aJUAAeSw-V9qfU0A/s-l225.jpg
残件/按现状,79.0,Zeiss Ikon Contax III 35mm Rangefinder Vintage Camera Germany Parts/Repair,Zeiss,Film Cameras,Used,99.99,USD,FIXED_PRICE,9,1600,underpriced(med 276),US,0711seamcd,97.3,2026-08-13T17:57:19.000Z,,https://www.ebay.com/itm/117357789465?hash=item1b5311c119:g:SCwAAeSwSFFqbz11,https://i.ebayimg.com/images/g/SCwAAeSwSFFqbz11/s-l225.jpg
查无市价,78.0,Leica R6.2 New In Box Never Used Mint Condition Original Box Case Strap Manual,Leica,Film Cameras,New,0.0,USD,"AUCTION,BEST_OFFER",12,1600,grail:Leica R6;good-cond;auction,US,dranjelique,100.0,2026-08-13T20:43:37.000Z,2026-08-20T20:43:37.000Z,https://www.ebay.com/itm/158185303789?hash=item24d4942eed:g:px8AAeSwtcVqNFc8,https://i.ebayimg.com/images/g/px8AAeSwtcVqNFc8/s-l225.jpg
残件/按现状,78.0,Ricoh XR-2s SLR 35mm Analog SLR Camera Body Pentax K Mount Black - Defect,Ricoh,Film Cameras,For parts or not working,38.05,USD,"FIXED_PRICE,BEST_OFFER",3,1600,mount:pentax k;underpriced(med 116),DE,easybuyshop,99.9,2026-08-13T17:20:29.000Z,,https://www.ebay.com/itm/358922776401?hash=item539176ef51:g:AisAAeSwhS1p-0ux,https://i.ebayimg.com/images/g/AisAAeSwhS1p-0ux/s-l225.jpg
残件/按现状,78.0,CANON A-1 Film Camera 35mm with Canon FD 50mm 1:1.8 Lens,Canon,Film Cameras,For parts or not working,85.0,USD,"FIXED_PRICE,BEST_OFFER",4,1600,grail:CANON A-1;mount:canon fd,US,wohuphu-ga4m3igk,100.0,2026-08-14T01:20:23.000Z,,https://www.ebay.com/itm/800504592896?hash=itemba61caba00:g:a7QAAeSwNz9qfmyo,https://i.ebayimg.com/images/g/a7QAAeSwNz9qfmyo/s-l225.jpg
残件/按现状,78.0,Nikon F2A 35mm SLR Film Camera 55mm 1: 3.5 Micro Nikkor Lens parts/repair only,Nikon,Film Cameras,Used,99.99,USD,"FIXED_PRICE,BEST_OFFER",13,1600,mount:nikon f;55mm;underpriced(med 240),US,lowdigitvintageplates,100.0,2026-08-13T17:38:20.000Z,,https://www.ebay.com/itm/206488568745?hash=item3013ad83a9:g:b98AAeSw2S9qUrP0,https://i.ebayimg.com/images/g/b98AAeSw2S9qUrP0/s-l225.jpg
图片过小,78.0,🎦 [Near MINT] Contax Carl Zeiss Distagon T* 25mm F/2.8 MMG MF Lens C/Y JAPAN,Contax,Lenses,Used,299.99,USD,"FIXED_PRICE,BEST_OFFER",13,539,grail:Distagon;mount:contax/yashica;good-cond,JP,win-win_camera_japan,100.0,2026-08-13T10:50:43.000Z,,https://www.ebay.com/itm/336740194489?hash=item4e674798b9:g:G4QAAeSw2bRqNmqB,https://i.ebayimg.com/images/g/G4QAAeSw2bRqNmqB/s-l225.jpg
查无市价,78.0,[MINT] Leica Leitz DII IID Silver 35mm Rangefinder Elmar 50mm 3.5 L39 From JAPAN,Leica,Film Cameras,Used,749.99,USD,FIXED_PRICE,11,1600,grail:Elmar;mount:ltm/l39;good-cond,JP,japan-trade810,98.9,2026-08-13T14:37:38.000Z,,https://www.ebay.com/itm/117357419688?hash=item1b530c1ca8:g:2IIAAeSwMCBqfeND,https://i.ebayimg.com/images/g/2IIAAeSwMCBqfeND/s-l225.jpg
查无市价,78.0,"【NEAR MINT】Hasselblad 503CW CF 80mm f2.8 A12 BACK ""ACUTE MATTE D ISO 3200"" #6205",Hasselblad,Film Cameras,Used,4465.0,USD,FIXED_PRICE,23,1438,grail:503CW;mount:hasselblad v;good-cond,JP,camerajapan20,100.0,2026-08-14T12:02:08.000Z,,https://www.ebay.com/itm/198570598877?hash=item2e3bbae1dd:g:b~4AAeSwaJdqfwQf,https://i.ebayimg.com/images/g/b~4AAeSwaJdqfwQf/s-l225.jpg
查无市价,78.0,▶️Acute D 42217 [Top MINT] Hasselblad 503CW Film Camera CFE 80mm Lens A12 JAPAN,Hasselblad,Film Cameras,Used,4999.99,USD,FIXED_PRICE,15,1600,grail:503CW;mount:hasselblad v;good-cond,JP,hideyo_88,100.0,2026-08-14T06:34:56.000Z,,https://www.ebay.com/itm/318727692324?hash=item4a35a6a024:g:H8AAAeSwVnNqfrgD,https://i.ebayimg.com/images/g/H8AAAeSwVnNqfrgD/s-l225.jpg
查无市价,78.0,Acute Matte D [MINT] Hasselblad 503CW CFE 80mm f2.8 Lens A12 IV 42215 From JAPAN,Hasselblad,Film Cameras,Used,5699.9,USD,FIXED_PRICE,18,1600,grail:503CW;mount:hasselblad v;good-cond,JP,milyenb_64,100.0,2026-08-14T01:46:14.000Z,,https://www.ebay.com/itm/298586293432?hash=item45852144b8:g:1DIAAeSwNSNqfnPg,https://i.ebayimg.com/images/g/1DIAAeSwNSNqfnPg/s-l225.jpg
残件/按现状;型号不明,76.0,ZENZA BRONICA Medium Format Camera Lens for PG250MM F5 6 Junk Used,Bronica,Lenses,Used,118.28,USD,FIXED_PRICE,7,1280,grail:BRONICA Medium;as-is,JP,hard-off-japan-in-au,99.2,2026-08-13T17:22:22.000Z,,https://www.ebay.com/itm/318724697026?hash=item4a3578ebc2:g:FwYAAeSwuKZqfgmr,https://i.ebayimg.com/images/g/FwYAAeSwuKZqfgmr/s-l225.jpg
查无市价,76.0,Leica IIIa 35mm 1936 Rangefinder 199107 - US Seller,Leica,Film Cameras,Used,399.99,USD,"FIXED_PRICE,BEST_OFFER",17,0,grail:Leica IIIa,US,ruskisplay,99.4,2026-08-13T18:16:35.000Z,,https://www.ebay.com/itm/407142204289?hash=item5ecb910381:g:hZEAAeSwubhqNbsh,https://i.ebayimg.com/images/g/hZEAAeSwubhqNbsh/s-l225.jpg
残件/按现状,75.0,RARE Olympus IS-31 Gray 35mm Film Camera with Strap & Lens Cap [UNTESTED],Olympus,Vintage Cameras,,25.0,USD,"FIXED_PRICE,BEST_OFFER",3,1600,as-is;underpriced(med 127),US,oxi.jayn,100.0,2026-08-14T00:58:12.000Z,,https://www.ebay.com/itm/407142864432?hash=item5ecb9b1630:g:b0EAAeSwVhJqfmc9,https://i.ebayimg.com/images/g/b0EAAeSwVhJqfmc9/s-l225.jpg
残件/按现状,75.0,2 x Nikon N2000 Cameras Untested,Nikon,Film Cameras,For parts or not working,25.0,USD,"FIXED_PRICE,BEST_OFFER",8,1599,as-is;underpriced(med 240),US,thriftblondie88,99.4,2026-08-13T23:08:44.000Z,,https://www.ebay.com/itm/168611950492?hash=item27420e2f9c:g:qwsAAeSwVhJqfk5u,https://i.ebayimg.com/images/g/qwsAAeSwVhJqfk5u/s-l225.jpg
残件/按现状,75.0,PARTS ONLY Nikon FG 35mm Film Camera Chrome Body Only,Nikon,Film Cameras,For parts or not working,25.0,USD,FIXED_PRICE,15,1600,as-is;underpriced(med 240),US,purplepancakes1,99.2,2026-08-13T21:07:17.000Z,,https://www.ebay.com/itm/358923495377?hash=item539181e7d1:g:OaAAAeSwIGNqfjF8,https://i.ebayimg.com/images/g/OaAAAeSwIGNqfjF8/s-l225.jpg
残件/按现状,75.0,Canon EOS 700 Camera For Parts,Canon,Film Cameras,For parts or not working,25.0,USD,FIXED_PRICE,10,1600,as-is;underpriced(med 166),US,pete-ra,99.6,2026-08-13T10:06:26.000Z,,https://www.ebay.com/itm/168610534678?hash=item2741f89516:g:VeMAAOSwDH1mQtEn,https://i.ebayimg.com/images/g/VeMAAOSwDH1mQtEn/s-l225.jpg
残件/按现状,75.0,"Minolta SRT 201 35mm Camera Body, Chrome",Minolta,Film Cameras,For parts or not working,25.99,USD,FIXED_PRICE,12,1600,underpriced(med 100),US,johnsoddballz,99.9,2026-08-14T01:09:36.000Z,,https://www.ebay.com/itm/178404661600?hash=item2989bf1960:g:k14AAeSw2RBqfmp~,https://i.ebayimg.com/images/g/k14AAeSw2RBqfmp~/s-l225.jpg
残件/按现状,75.0,Minolta Freedom Zoom 105i APZ 35mm Point and Shoot Film Camera Untested zak,Minolta,Film Cameras,Used,27.71,USD,FIXED_PRICE,3,1600,as-is;underpriced(med 100),US,click-itz,100.0,2026-08-14T12:23:19.000Z,,https://www.ebay.com/itm/227475637971?hash=item34f69ac6d3:g:wCcAAeSwl4Roxai-,https://i.ebayimg.com/images/g/wCcAAeSwl4Roxai-/s-l225.jpg
残件/按现状,75.0,Olympus Stylus Zoom 35-70mm compact Film Camera point &shoot 35mm infinty As is,Olympus,Film Cameras,For parts or not working,27.82,USD,"FIXED_PRICE,BEST_OFFER",13,1148,as-is;underpriced(med 160),US,well-cam,100.0,2026-08-13T18:04:00.000Z,,https://www.ebay.com/itm/358922689544?hash=item5391759c08:g:CZIAAeSwYC9qKidf,https://i.ebayimg.com/images/g/CZIAAeSwYC9qKidf/s-l225.jpg
残件/按现状,75.0,Nikon Action Touch AF 35mm Film Camera Water Resistant 1:2.8 Lens Parts Only,Nikon,Film Cameras,For parts or not working,27.99,USD,"FIXED_PRICE,BEST_OFFER",10,1600,as-is;underpriced(med 225),US,smart.mamaa,100.0,2026-08-13T05:38:47.000Z,,https://www.ebay.com/itm/198567341587?hash=item2e3b892e13:g:c~oAAeSwWEBqVaS8,https://i.ebayimg.com/images/g/c~oAAeSwWEBqVaS8/s-l225.jpg
残件/按现状,75.0,Vintage Minolta X-370s 35mm SLR Film Camera w/ Kalimar 80-200mm Lens - Untested,Minolta,Film Cameras,Used,28.0,USD,"FIXED_PRICE,BEST_OFFER",19,1599,as-is;underpriced(med 100),US,braunyladsgrabs,99.9,2026-08-13T14:00:48.000Z,,https://www.ebay.com/itm/398281404992?hash=item5cbb6bf240:g:r8gAAeSwO0dqBiYu,https://i.ebayimg.com/images/g/r8gAAeSwO0dqBiYu/s-l225.jpg
残件/按现状,75.0,Nikon Zoom Touch 400 35mm Camera 35-70mm Zoom Lens + Bag Cover -Untested,Nikon,Film Cameras,Used,29.95,USD,"FIXED_PRICE,BEST_OFFER",10,1600,as-is;underpriced(med 240),US,bmfj007,99.9,2026-08-14T12:41:16.000Z,,https://www.ebay.com/itm/137620462411?hash=item200ad19b4b:g:XyYAAeSw87BqfwyE,https://i.ebayimg.com/images/g/XyYAAeSw87BqfwyE/s-l225.jpg
残件/按现状,75.0,Vintage Minolta Maxxum 4 Camera & Quantaray 28-90mm Lens Untested Free Shipping,Minolta,Film Cameras,For parts or not working,29.95,USD,"FIXED_PRICE,BEST_OFFER",9,1600,as-is;underpriced(med 100),US,d-dbargainoutlet,99.9,2026-08-14T12:00:01.000Z,,https://www.ebay.com/itm/206472960332?hash=item3012bf594c:g:bWkAAeSwoTxqdhjb,https://i.ebayimg.com/images/g/bWkAAeSwoTxqdhjb/s-l225.jpg
残件/按现状,75.0,Canon AF35M Sure Shot 35mm Film Camera UNTESTED AS IS,Canon,Film Cameras,For parts or not working,29.95,USD,"FIXED_PRICE,BEST_OFFER",5,1600,as-is;underpriced(med 166),US,jarh-73,99.3,2026-08-14T10:25:15.000Z,,https://www.ebay.com/itm/820000752386?hash=itembeebda8302:g:TvoAAeSwFJVqc54I,https://i.ebayimg.com/images/g/TvoAAeSwFJVqc54I/s-l225.jpg
残件/按现状,75.0,Minolta Maxxum Qtsi 35mm SLR Film Camera with 35-80mm & 70-210mm lens Untested M,Minolta,Film Cameras,Used,29.95,USD,FIXED_PRICE,12,1600,as-is;underpriced(med 100),US,tracecreek7832,99.8,2026-08-13T19:42:42.000Z,,https://www.ebay.com/itm/158185157521?hash=item24d491f391:g:1nkAAeSwXI1qfh28,https://i.ebayimg.com/images/g/1nkAAeSwXI1qfh28/s-l225.jpg
残件/按现状,75.0,Pentax ZX-7 35mm Film Camera w/AF 28-80MM LENS Untested As Is Parts And Repair,Pentax,Film Cameras,For parts or not working,29.99,USD,"FIXED_PRICE,BEST_OFFER",9,1600,as-is;underpriced(med 159),US,jepgal1,99.8,2026-08-14T08:00:01.000Z,,https://www.ebay.com/itm/227474445114?hash=item34f688933a:g:RvgAAeSw~bxqfepP,https://i.ebayimg.com/images/g/RvgAAeSw~bxqfepP/s-l225.jpg
残件/按现状,75.0,Pentax Efina J Silver Built-In Flash Point & Shoot Film Camera Untested,Pentax,Film Cameras,Used,29.99,USD,FIXED_PRICE,5,1600,as-is;underpriced(med 159),US,goodwillsouthflorida,99.6,2026-08-14T02:11:20.000Z,,https://www.ebay.com/itm/800504771503?hash=itemba61cd73af:g:zlwAAeSwUp5qfnoA,https://i.ebayimg.com/images/g/zlwAAeSwUp5qfnoA/s-l225.jpg
残件/按现状,75.0,*PARTS/REPAIR* Nikon One Touch 35mm Point & Shoot Film Camera (NO POWER),Nikon,Film Cameras,For parts or not working,29.99,USD,FIXED_PRICE,7,1600,underpriced(med 225),US,jna_distributions,99.5,2026-08-13T07:08:27.000Z,,https://www.ebay.com/itm/227473836783?hash=item34f67f4aef:g:qdoAAeSw-klqfWny,https://i.ebayimg.com/images/g/qdoAAeSw-klqfWny/s-l225.jpg
残件/按现状,75.0,FUJIFILM picPAL2 Compact Film Camera With Original Case Untested,Fujifilm,Film Cameras,For parts or not working,30.0,USD,FIXED_PRICE,5,1599,as-is;underpriced(med 130),US,anderson_exchange,99.8,2026-08-14T12:07:28.000Z,,https://www.ebay.com/itm/800507008923?hash=itemba61ef979b:g:7wAAAeSw2QtouEo~,https://i.ebayimg.com/images/g/7wAAAeSw2QtouEo~/s-l225.jpg
残件/按现状,75.0,Vintage Canon Sure Shot Zoom Max SAF MACRO 0.45m /1.5ft 35mm Untested,Canon,Film Cameras,For parts or not working,30.0,USD,"FIXED_PRICE,BEST_OFFER",17,1599,as-is;underpriced(med 166),US,eastcoastsales401,99.6,2026-08-13T22:34:58.000Z,,https://www.ebay.com/itm/800504049551?hash=itemba61c26f8f:g:h~0AAeSwJHdqfkZT,https://i.ebayimg.com/images/g/h~0AAeSwJHdqfkZT/s-l225.jpg
残件/按现状,75.0,Vintage Yashica Electro 35 - 35mm Film Rangefinder Camera - UNTESTED SOLD AS IS,Yashica,Film Cameras,For parts or not working,30.0,USD,"FIXED_PRICE,BEST_OFFER",5,1600,as-is;underpriced(med 134),US,rockies_rescue,98.9,2026-08-13T21:43:48.000Z,,https://www.ebay.com/itm/178404226445?hash=item2989b8758d:g:ZNEAAeSwX0ZqfjpL,https://i.ebayimg.com/images/g/ZNEAAeSwX0ZqfjpL/s-l225.jpg
残件/按现状,75.0,Canon EOS Elan II E Camera For Parts Not Sure If Working.,Canon,Film Cameras,For parts or not working,30.0,USD,"FIXED_PRICE,BEST_OFFER",7,1600,as-is;underpriced(med 166),US,iwizzrepairs,100.0,2026-08-13T18:37:50.000Z,,https://www.ebay.com/itm/237004057418?hash=item372e8aeb4a:g:yOsAAeSw8vxqfg6U,https://i.ebayimg.com/images/g/yOsAAeSw8vxqfg6U/s-l225.jpg
残件/按现状,75.0,Olympus Infinity 76 AF 35mm Film Camera Strap & Case Zoom 38-76mm Not working,Olympus,Film Cameras,For parts or not working,30.0,USD,"FIXED_PRICE,BEST_OFFER",5,1317,as-is;underpriced(med 160),US,my_eclectic_closet,100.0,2026-08-13T18:14:14.000Z,,https://www.ebay.com/itm/327308701401?hash=item4c351e6ed9:g:EL4AAeSwpoNqfgkk,https://i.ebayimg.com/images/g/EL4AAeSwpoNqfgkk/s-l225.jpg
残件/按现状,75.0,Untested Pentax Zoom 280-P 35mm Film Camera Panorama 28-80mm Lens AF Multi Gray,Pentax,Film Cameras,Used,30.0,USD,"FIXED_PRICE,BEST_OFFER",11,1600,as-is;underpriced(med 159),US,reedsretro,100.0,2026-08-13T17:40:48.000Z,,https://www.ebay.com/itm/307124952423?hash=item478212dd67:g:ZJEAAeSw76lqfgGf,https://i.ebayimg.com/images/g/ZJEAAeSw76lqfgGf/s-l225.jpg
残件/按现状,75.0,Minolta SRT 101 SLR Film Camera Body Chrome #G209,Minolta,Film Cameras,For parts or not working,30.09,USD,"FIXED_PRICE,BEST_OFFER",6,1600,underpriced(med 100),US,robertscamera,99.8,2026-08-13T14:53:22.000Z,,https://www.ebay.com/itm/206488282224?hash=item3013a92470:g:RikAAeSwYPFqfdpb,https://i.ebayimg.com/images/g/RikAAeSwYPFqfdpb/s-l225.jpg
残件/按现状,75.0,Nikon One Touch Zoom 90s AF QD 35mm Point & Shoot Film Camera Untested,Nikon,Film Cameras,For parts or not working,31.49,USD,"FIXED_PRICE,BEST_OFFER",4,1600,as-is;underpriced(med 240),US,coexisting,100.0,2026-08-13T23:09:57.000Z,,https://www.ebay.com/itm/287523534893?hash=item42f1bcf82d:g:e9YAAeSwnSNp3uhi,https://i.ebayimg.com/images/g/e9YAAeSwnSNp3uhi/s-l225.jpg
残件/按现状,75.0,Konica FT-1 Motor 35mm SLR Film Camera Body Japan Parts Repair Vintage,Konica,Film Cameras,For parts or not working,31.99,USD,"FIXED_PRICE,BEST_OFFER",8,1600,underpriced(med 137),US,dudeifoundthis,98.7,2026-08-14T08:39:46.000Z,,https://www.ebay.com/itm/307125877694?hash=item478220fbbe:g:YvIAAeSwIVVqftPP,https://i.ebayimg.com/images/g/YvIAAeSwIVVqftPP/s-l225.jpg
残件/按现状,75.0,CANON Standard Zoom Lens FD 35-70mm Junk Used,Canon,Lenses,Used,32.4,USD,FIXED_PRICE,4,1280,mount:canon fd;as-is;underpriced(med 297),JP,hard-off-japan-in-au,99.2,2026-08-13T17:22:18.000Z,,https://www.ebay.com/itm/318724696915?hash=item4a3578eb53:g:gw0AAeSw2L1qfguN,https://i.ebayimg.com/images/g/gw0AAeSw2L1qfguN/s-l225.jpg
残件/按现状,75.0,Olympus Superzoom 160 G Multi AF 35mm Point & Shoot Film Camera Untested,Olympus,Film Cameras,Used,32.95,USD,"FIXED_PRICE,BEST_OFFER",8,1600,as-is;underpriced(med 160),US,bmfj007,99.9,2026-08-14T12:37:16.000Z,,https://www.ebay.com/itm/137620453465?hash=item200ad17859:g:lLcAAeSwMcpqfwub,https://i.ebayimg.com/images/g/lLcAAeSwMcpqfwub/s-l225.jpg
残件/按现状;打包杂件,75.0,Canon EOS Rebel G 35mm SLR Film Camera 35-80mm Lens Strap Bundle Parts Only,Canon,Film Cameras,Used,33.24,USD,FIXED_PRICE,10,886,as-is;underpriced(med 166),US,milehighhustle,99.9,2026-08-13T22:00:20.000Z,,https://www.ebay.com/itm/198569119017?hash=item2e3ba44d29:g:8mQAAeSwrsFqVXRv,https://i.ebayimg.com/images/g/8mQAAeSwrsFqVXRv/s-l225.jpg
残件/按现状,75.0,Vintage Yashica 35 MF Camera UNTESTED/ AS IS,Yashica,Film Cameras,For parts or not working,33.3,USD,"FIXED_PRICE,BEST_OFFER",9,1600,as-is;underpriced(med 134),US,sunflowerrevivalks,99.8,2026-08-14T00:31:50.000Z,,https://www.ebay.com/itm/336741147528?hash=item4e67562388:g:tYcAAeSwSeRp3aZ8,https://i.ebayimg.com/images/g/tYcAAeSwSeRp3aZ8/s-l225.jpg
残件/按现状,75.0,Canon T-70 35mm SLR Film Camera For Parts or Repair Not Working READ With Case,Canon,Film Cameras,For parts or not working,34.0,USD,"FIXED_PRICE,BEST_OFFER",12,1600,as-is;underpriced(med 166),US,lela357,100.0,2026-08-13T09:08:32.000Z,,https://www.ebay.com/itm/198567794353?hash=item2e3b9016b1:g:jg0AAOSwqu5njrw5,https://i.ebayimg.com/images/g/jg0AAOSwqu5njrw5/s-l225.jpg
残件/按现状,75.0,Vintage Canon ELPH Film Camera 24-48MM Ultra Compact Point & Shoot Untested 1996,Canon,Film Cameras,Used,34.95,USD,"FIXED_PRICE,BEST_OFFER",4,1600,as-is;underpriced(med 166),US,pamarino,100.0,2026-08-13T11:18:59.000Z,,https://www.ebay.com/itm/168610690401?hash=item2741faf561:g:a-MAAeSwAxFoJmbc,https://i.ebayimg.com/images/g/a-MAAeSwAxFoJmbc/s-l225.jpg
残件/按现状,75.0,Ricoh XR-P Multi-Program 35mm SLR Film Camera Body Parts/Repair w/ Case Strap,Ricoh,Film Cameras,For parts or not working,34.99,USD,"FIXED_PRICE,BEST_OFFER",2,1600,underpriced(med 116),US,donawaysc51,100.0,2026-08-13T20:22:35.000Z,,https://www.ebay.com/itm/407142427176?hash=item5ecb946a28:g:SykAAeSwAfJqfidJ,https://i.ebayimg.com/images/g/SykAAeSwAfJqfidJ/s-l225.jpg
残件/按现状,75.0,Konica Jump Auto Weatherproof 35mm Film Camera - NOT TESTED,Konica,Film Cameras,For parts or not working,34.99,USD,"FIXED_PRICE,BEST_OFFER",8,1600,underpriced(med 137),US,agentmeeks,100.0,2026-08-13T15:30:20.000Z,,https://www.ebay.com/itm/318724261500?hash=item4a3572467c:g:9SsAAeSw3T9qfeID,https://i.ebayimg.com/images/g/9SsAAeSw3T9qfeID/s-l225.jpg
残件/按现状,75.0,Nikon N8008s 35mm SLR Film Camera & Sigma 28-70mm Lens Parts Only Not Working,Nikon,Film Cameras,For parts or not working,35.0,USD,"FIXED_PRICE,BEST_OFFER",7,1599,as-is;underpriced(med 240),US,cgtrz_68,100.0,2026-08-13T12:57:19.000Z,,https://www.ebay.com/itm/398281215123?hash=item5cbb690c93:g:JKEAAeSwG~Vqfbid,https://i.ebayimg.com/images/g/JKEAAeSwG~Vqfbid/s-l225.jpg
残件/按现状,75.0,Fujifilm Instax Mini 12 Instant Camera Pastel Blue - AS IS,Fujifilm,Film Cameras,For parts or not working,35.95,USD,FIXED_PRICE,5,1080,as-is;underpriced(med 130),US,nfb_store,99.8,2026-08-13T07:57:52.000Z,,https://www.ebay.com/itm/198567596048?hash=item2e3b8d1010:g:NKkAAeSwhrBqfXjH,https://i.ebayimg.com/images/g/NKkAAeSwhrBqfXjH/s-l225.jpg
残件/按现状,75.0,"Fujifilm Instax Mini 12 Instant Film Camera, Clay White - AS IS",Fujifilm,Film Cameras,For parts or not working,35.95,USD,FIXED_PRICE,5,1080,as-is;underpriced(med 130),US,nfb_store,99.8,2026-08-13T07:56:30.000Z,,https://www.ebay.com/itm/198567595100?hash=item2e3b8d0c5c:g:bSAAAeSw3C1qfXhr,https://i.ebayimg.com/images/g/bSAAAeSw3C1qfXhr/s-l225.jpg
打包杂件,75.0,Fujifilm Instax Mini 11 Sky Blue Bundle - TESTED & WORKING Includes 1 Film Sheet,Fujifilm,Film Cameras,Used,35.99,USD,"FIXED_PRICE,BEST_OFFER",20,1600,underpriced(med 130),US,trevmatt,100.0,2026-08-13T23:28:00.000Z,,https://www.ebay.com/itm/117358186059?hash=item1b5317ce4b:g:GDwAAeSwRQxqflGq,https://i.ebayimg.com/images/g/GDwAAeSwRQxqflGq/s-l225.jpg
残件/按现状,75.0,Canon AF35M Auto Focus Point and Shoot Camera Partially Working FOR PARTS VIDEO!,Canon,Film Cameras,For parts or not working,38.0,USD,"FIXED_PRICE,BEST_OFFER",12,1600,as-is;underpriced(med 166),US,thethriftyteacher14,99.9,2026-08-13T13:10:10.000Z,,https://www.ebay.com/itm/188786693285?hash=item2bf49054a5:g:864AAeSw30VpPbju,https://i.ebayimg.com/images/g/864AAeSw30VpPbju/s-l225.jpg
残件/按现状,75.0,2 Nikon FG Chrome 35mm Film analog SLR camera PARTS ONLY missing parts NO RETURN,Nikon,Film Cameras,For parts or not working,38.85,USD,FIXED_PRICE,9,1600,as-is;underpriced(med 240),US,lukavakeli,99.9,2026-08-14T11:16:50.000Z,,https://www.ebay.com/itm/206490418008?hash=item3013c9bb58:g:Kp4AAeSwXCJqOytF,https://i.ebayimg.com/images/g/Kp4AAeSwXCJqOytF/s-l225.jpg
残件/按现状,75.0,Honeywell Asahi Pentax SP500 Camera + Lens Untested,Asahi,Film Cameras,Used,39.0,USD,"FIXED_PRICE,BEST_OFFER",8,1600,as-is;underpriced(med 143),US,thestranger21,100.0,2026-08-14T06:34:01.000Z,,https://www.ebay.com/itm/117358628721?hash=item1b531e8f71:g:zHQAAeSwdUJqfhzR,https://i.ebayimg.com/images/g/zHQAAeSwdUJqfhzR/s-l225.jpg
残件/按现状,75.0,Canon Sure Shot 70 Zoom Date 35mm Film Camera – Tested Working – Flash Issue,Canon,Film Cameras,For parts or not working,39.95,USD,"FIXED_PRICE,BEST_OFFER",9,1600,underpriced(med 166),US,srgedgoods,100.0,2026-08-14T13:00:01.000Z,,https://www.ebay.com/itm/336737532482?hash=item4e671efa42:g:L4wAAeSwWQxqe22l,https://i.ebayimg.com/images/g/L4wAAeSwWQxqe22l/s-l225.jpg
残件/按现状,75.0,Vintage Pentax ME Camera Asahi 35mm SLR Stabilitz 28-80mm Zoom Lens Parts Repair,Pentax,Film Cameras,For parts or not working,39.95,USD,"FIXED_PRICE,BEST_OFFER",9,1600,underpriced(med 159),US,country_junkers_life,99.9,2026-08-14T02:06:45.000Z,,https://www.ebay.com/itm/407143003953?hash=item5ecb9d3731:g:B0EAAeSw7DdqfnaQ,https://i.ebayimg.com/images/g/B0EAAeSw7DdqfnaQ/s-l225.jpg
残件/按现状,75.0,Minolta 110 Zoom Date Point & Shoot 35mm Film Camera Fresh Battery Silver Read,Minolta,Film Cameras,For parts or not working,39.99,USD,FIXED_PRICE,8,1419,underpriced(med 100),US,deliman17,99.4,2026-08-14T04:48:47.000Z,,https://www.ebay.com/itm/298586605476?hash=item45852607a4:g:QxUAAeSwG~NoD~WY,https://i.ebayimg.com/images/g/QxUAAeSwG~NoD~WY/s-l225.jpg
残件/按现状,75.0,NIKON One-Touch Zoom AF 35mm Film Camera 38-70mm Point & Shoot with box not test,Nikon,Film Cameras,For parts or not working,39.99,USD,"FIXED_PRICE,BEST_OFFER",6,1599,underpriced(med 240),US,houseofawesome,100.0,2026-08-14T02:20:00.000Z,,https://www.ebay.com/itm/147501043035?hash=item2257bf4d5b:g:ZkUAAeSwZy5qfMRn,https://i.ebayimg.com/images/g/ZkUAAeSwZy5qfMRn/s-l225.jpg
打包杂件,75.0,Fujifilm Instax Mini 8 Blue Camera Bundle - Purple Unicorn Case - TESTED Working,Fujifilm,Film Cameras,Used,39.99,USD,"FIXED_PRICE,BEST_OFFER",15,1600,underpriced(med 130),US,trevmatt,100.0,2026-08-13T23:36:11.000Z,,https://www.ebay.com/itm/117358199934?hash=item1b5318047e:g:uR4AAeSwjRtqflQo,https://i.ebayimg.com/images/g/uR4AAeSwjRtqflQo/s-l225.jpg
残件/按现状,75.0,Canon Sure Shot TELEmax 38/70mm UNTESTED,Canon,Film Cameras,For parts or not working,39.99,USD,FIXED_PRICE,17,1600,as-is;underpriced(med 166),US,nostalogyllc,100.0,2026-08-13T22:51:48.000Z,,https://www.ebay.com/itm/327308988529?hash=item4c3522d071:g:fLkAAeSwRT9qfkpT,https://i.ebayimg.com/images/g/fLkAAeSwRT9qfkpT/s-l225.jpg
残件/按现状,75.0,PARTS/REPAIR ONLY! Pentax SV 35mm SLR Camera BODY & 1:1.8/55 Asahi Lens,Pentax,Film Cameras,For parts or not working,39.99,USD,"FIXED_PRICE,BEST_OFFER",23,1600,underpriced(med 159),US,mom_and_dad_plus_us,99.9,2026-08-13T19:56:26.000Z,,https://www.ebay.com/itm/287523269951?hash=item42f1b8ed3f:g:AsgAAeSw4U1qfiA4,https://i.ebayimg.com/images/g/AsgAAeSw4U1qfiA4/s-l225.jpg
残件/按现状,75.0,Olympus Infinity Stylus Zoom 105 35mm Film Camera Black - FOR PARTS (Stuck Lens),Olympus,Film Cameras,For parts or not working,39.99,USD,"FIXED_PRICE,BEST_OFFER",11,1600,as-is;underpriced(med 160),US,tonyvault,99.7,2026-08-13T18:24:48.000Z,,https://www.ebay.com/itm/227474597402?hash=item34f68ae61a:g:x4YAAeSwVhJqfgvk,https://i.ebayimg.com/images/g/x4YAAeSwVhJqfgvk/s-l225.jpg
残件/按现状;打包杂件,75.0,Minolta 35mm Camera Lot Freedom Zoom 90 Maxxum 5xi 3000i QTs,Minolta,Film Cameras,For parts or not working,40.0,USD,FIXED_PRICE,5,1600,underpriced(med 100),US,savageventuresllc,98.9,2026-08-13T22:45:38.000Z,,https://www.ebay.com/itm/257678890009?hash=item3bfedbd419:g:qzcAAeSwP~VqfknO,https://i.ebayimg.com/images/g/qzcAAeSwP~VqfknO/s-l225.jpg
残件/按现状,75.0,Minolta Maxxum 3XI 35mm Autofocus SLR Film Camera Untested,Minolta,Film Cameras,For parts or not working,40.0,USD,"FIXED_PRICE,BEST_OFFER",20,1600,as-is;underpriced(med 100),US,mikey81672013,99.6,2026-08-13T14:20:14.000Z,,https://www.ebay.com/itm/227474298443?hash=item34f686564b:g:te8AAeSwKTRqfdI7,https://i.ebayimg.com/images/g/te8AAeSwKTRqfdI7/s-l225.jpg
残件/按现状,75.0,Canon Sure Shot Autofocus 35mm Film Camera 38mm f/2.8 - Flash Not Working!,Canon,Film Cameras,Used,40.7,USD,FIXED_PRICE,10,1600,as-is;underpriced(med 166),US,rafadr6522,100.0,2026-08-13T21:56:27.000Z,,https://www.ebay.com/itm/407142566337?hash=item5ecb9689c1:g:DCAAAeSwSOpqfj2A,https://i.ebayimg.com/images/g/DCAAAeSwSOpqfj2A/s-l225.jpg
打包杂件,75.0,Minolta AF Big Finder Date 35mm Camera Point & Shoot Bundle Carry Case Box Strap,Minolta,Film Cameras,Used,41.97,USD,FIXED_PRICE,13,1600,underpriced(med 100),US,rugerskick,100.0,2026-08-14T03:48:21.000Z,,https://www.ebay.com/itm/287523940076?hash=item42f1c326ec:g:OdcAAOSwZd1l~SGO,https://i.ebayimg.com/images/g/OdcAAOSwZd1l~SGO/s-l225.jpg
残件/按现状,75.0,Canon EOS 5 35mm Film Camera Body Only – Untested – Parts/Repair,Canon,Film Cameras,For parts or not working,42.85,USD,"FIXED_PRICE,BEST_OFFER",10,1600,as-is;underpriced(med 166),US,kythrifter502,100.0,2026-08-14T06:48:32.000Z,,https://www.ebay.com/itm/147503906299?hash=item2257eafdfb:g:HWsAAeSwhANp3ZrR,https://i.ebayimg.com/images/g/HWsAAeSwhANp3ZrR/s-l225.jpg
残件/按现状,75.0,Vintage Yashica Electro 35 GT Black Rangefinder Camera For Parts / Repair + Case,Yashica,Film Cameras,For parts or not working,44.5,USD,"FIXED_PRICE,BEST_OFFER",8,1600,as-is;underpriced(med 134),US,geordidog,100.0,2026-08-13T21:23:57.000Z,,https://www.ebay.com/itm/168611791919?hash=item27420bc42f:g:1R8AAeSw-h9qfjSO,https://i.ebayimg.com/images/g/1R8AAeSw-h9qfjSO/s-l225.jpg
残件/按现状,75.0,Yashica FX-7 Super 35mm Single Lens Reflex Film Camera Untested W 80-200mm 1:3.5,Yashica,Film Cameras,Used,45.0,USD,FIXED_PRICE,5,1600,as-is;underpriced(med 134),US,vintagebargaingirl,100.0,2026-08-14T05:00:07.000Z,,https://www.ebay.com/itm/267756699575?hash=item3e578affb7:g:0jsAAeSwRoFnvKl9,https://i.ebayimg.com/images/g/0jsAAeSwRoFnvKl9/s-l225.jpg
残件/按现状;型号不明,75.0,Leica 11236 Extender-R 2x Teleconverter #G576,Leica,Lenses,For parts or not working,46.95,USD,"FIXED_PRICE,BEST_OFFER",7,1600,underpriced(med 1181),US,robertscamera,99.8,2026-08-13T16:07:17.000Z,,https://www.ebay.com/itm/206488399884?hash=item3013aaf00c:g:MKYAAeSw4VRqfeus,https://i.ebayimg.com/images/g/MKYAAeSw4VRqfeus/s-l225.jpg
残件/按现状,75.0,Canon AL-1 Vintage 35mm Film Camera Untested With 50mm Canon Lens,Canon,Film Cameras,For parts or not working,47.5,USD,FIXED_PRICE,5,1600,as-is;underpriced(med 166),US,holmescountypicker,99.7,2026-08-13T14:35:56.000Z,,https://www.ebay.com/itm/318724066538?hash=item4a356f4cea:g:LvEAAeSwgn5o~i8N,https://i.ebayimg.com/images/g/LvEAAeSwgn5o~i8N/s-l225.jpg
残件/按现状,75.0,Untested Canon EOS Rebel Film Camera 35-80mm 1:4-5.6,Canon,Film Cameras,For parts or not working,49.95,USD,FIXED_PRICE,11,1600,as-is;underpriced(med 166),US,vitable,99.9,2026-08-14T00:59:20.000Z,,https://www.ebay.com/itm/298586211565?hash=item45852004ed:g:y7oAAeSwEWdp3a03,https://i.ebayimg.com/images/g/y7oAAeSwEWdp3a03/s-l225.jpg
残件/按现状,75.0,Olympus Infinity Stylus Zoom 140 DLX 35mm Film Camera Point and Shoot - UNTESTED,Olympus,Film Cameras,For parts or not working,49.97,USD,"FIXED_PRICE,BEST_OFFER",6,1599,as-is;underpriced(med 160),US,thedappe_74,99.7,2026-08-14T05:39:45.000Z,,https://www.ebay.com/itm/398283741802?hash=item5cbb8f9a6a:g:zTUAAeSwj0VqfqoT,https://i.ebayimg.com/images/g/zTUAAeSwj0VqfqoT/s-l225.jpg
残件/按现状,75.0,Yashica FX-D Quartz 35mm SLR Camera w/ RMC Tokina 35-70mm 1:3.5 Lens UNTESTED,Yashica,Film Cameras,Used,49.99,USD,FIXED_PRICE,6,1600,as-is;underpriced(med 134),US,valeriysvalues,99.5,2026-08-14T03:42:27.000Z,,https://www.ebay.com/itm/128025776043?hash=item1dceee4fab:g:LjcAAOSwdnZoVvrQ,https://i.ebayimg.com/images/g/LjcAAOSwdnZoVvrQ/s-l225.jpg
残件/按现状,75.0,Nikon FG-20 35mm Film SLR Camera Body AS-IS,Nikon,Film Cameras,Used,49.99,USD,"FIXED_PRICE,BEST_OFFER",6,1600,as-is;underpriced(med 240),US,sungoddessphotography,100.0,2026-08-14T02:20:10.000Z,,https://www.ebay.com/itm/147503500725?hash=item2257e4cdb5:g:MyAAAeSw1~lqfnrg,https://i.ebayimg.com/images/g/MyAAAeSw1~lqfnrg/s-l225.jpg
残件/按现状,75.0,Pair of Canon Snappy '84 35mm Film Cameras LA Olympic 1984 Japan,Canon,Film Cameras,For parts or not working,49.99,USD,FIXED_PRICE,13,1600,underpriced(med 166),US,g00dies4saleonline,99.9,2026-08-14T00:33:28.000Z,,https://www.ebay.com/itm/158185858589?hash=item24d49ca61d:g:bZgAAeSwiodqfmEo,https://i.ebayimg.com/images/g/bZgAAeSwiodqfmEo/s-l225.jpg
残件/按现状;打包杂件,75.0,Lot 4 35mm Film SLR Cameras Canon T50 EOS A2E Nikon N80 Revueflex SD1 Untested,Canon,Film Cameras,For parts or not working,49.99,USD,"FIXED_PRICE,BEST_OFFER",10,1075,as-is;underpriced(med 166),US,birdsongg,99.8,2026-08-13T18:32:26.000Z,,https://www.ebay.com/itm/398282167438?hash=item5cbb77948e:g:h6UAAeSw~ZdpoHci,https://i.ebayimg.com/images/g/h6UAAeSw~ZdpoHci/s-l225.jpg
残件/按现状,75.0,Ricoh Auto 35 35mm Rangefinder Film Camera – Shutter Fires – Untested – Vintage,Ricoh,Film Cameras,Used,49.99,USD,"FIXED_PRICE,BEST_OFFER",7,1600,as-is;underpriced(med 116),US,inf3rn90,100.0,2026-08-13T17:58:06.000Z,,https://www.ebay.com/itm/188787769671?hash=item2bf4a0c147:g:fN0AAeSwFJ1qfgN3,https://i.ebayimg.com/images/g/fN0AAeSwFJ1qfgN3/s-l225.jpg
残件/按现状,75.0,Vintage Yashica Electro 35 35mm Film Camera Yashinon DX 45mm F1.7 Japan UNTESTED,Yashica,Film Cameras,For parts or not working,49.99,USD,FIXED_PRICE,16,1600,as-is;underpriced(med 134),US,greeneyedfinds,100.0,2026-08-13T16:47:11.000Z,,https://www.ebay.com/itm/398281826151?hash=item5cbb725f67:g:MeIAAeSwd69qTsJO,https://i.ebayimg.com/images/g/MeIAAeSwd69qTsJO/s-l225.jpg
残件/按现状,75.0,Nikon Nikkormat FT3 Film Camera Black W/ 50mm f2 Lens,Nikon,Film Cameras,For parts or not working,49.99,USD,FIXED_PRICE,9,1600,underpriced(med 240),US,nostalgia.etc,100.0,2026-08-13T15:20:04.000Z,,https://www.ebay.com/itm/237003690022?hash=item372e855026:g:YRUAAeSwFplqfeA0,https://i.ebayimg.com/images/g/YRUAAeSwFplqfeA0/s-l225.jpg
残件/按现状,75.0,Pentax PC35AF-M Film Camera untested,Pentax,Film Cameras,For parts or not working,50.0,USD,"FIXED_PRICE,BEST_OFFER",6,1600,as-is;underpriced(med 159),US,mdm2010,99.2,2026-08-13T21:42:23.000Z,,https://www.ebay.com/itm/267756419786?hash=item3e5786baca:g:WpEAAeSwIVVqfjoA,https://i.ebayimg.com/images/g/WpEAAeSwIVVqfjoA/s-l225.jpg
打包杂件,75.0,"Fujifilm Instax Mini 7+ Instant Camera Bundle – Light Blue – Film, Case, Album",Fujifilm,Film Cameras,Open box,50.0,USD,"FIXED_PRICE,BEST_OFFER",11,1600,underpriced(med 130),US,aabc888,99.1,2026-08-13T21:21:34.000Z,,https://www.ebay.com/itm/128025337247?hash=item1dcee79d9f:g:KIQAAeSwVnNqfjVP,https://i.ebayimg.com/images/g/KIQAAeSwVnNqfjVP/s-l225.jpg
型号不明,75.0,Bilora Bella 66 Vintage Silver Film Camera w/ Canon Lens,Canon,Vintage Cameras,,50.0,USD,"FIXED_PRICE,BEST_OFFER",4,1600,underpriced(med 200),US,ricla-1319,100.0,2026-08-13T17:52:42.000Z,,https://www.ebay.com/itm/307124970101?hash=item4782132275:g:OqMAAeSwYtBqfgQB,https://i.ebayimg.com/images/g/OqMAAeSwYtBqfgQB/s-l225.jpg
残件/按现状,75.0,"Pentax Espio 120Mi (also known as the Pentax IQZoom 120Mi),",Pentax,Film Cameras,For parts or not working,50.0,USD,"FIXED_PRICE,BEST_OFFER",9,1600,underpriced(med 160),US,ryancowley80,100.0,2026-08-13T04:41:47.000Z,,https://www.ebay.com/itm/800500102514?hash=itemba61863572:g:NugAAeSwF~xqfUrG,https://i.ebayimg.com/images/g/NugAAeSwF~xqfUrG/s-l225.jpg
残件/按现状,75.0,NIKON LENS AF-S NIKKOR 18-105MM 1:3.5-5.6 Junk Used,Nikon,Lenses,Used,51.49,USD,FIXED_PRICE,4,1280,mount:nikon f;as-is;underpriced(med 249),JP,hard-off-japan-in-au,99.2,2026-08-13T17:22:18.000Z,,https://www.ebay.com/itm/318724696904?hash=item4a3578eb48:g:QSkAAeSwvFVqfgv-,https://i.ebayimg.com/images/g/QSkAAeSwvFVqfgv-/s-l225.jpg
残件/按现状,75.0,Canon Cabinet QL19 Parts Camera,Canon,Film Cameras,For parts or not working,55.0,USD,FIXED_PRICE,9,1599,underpriced(med 166),US,miamidc1977,99.4,2026-08-13T22:30:49.000Z,,https://www.ebay.com/itm/137618374002?hash=item200ab1bd72:g:SfoAAeSwiX5qfkT8,https://i.ebayimg.com/images/g/SfoAAeSwiX5qfkT8/s-l225.jpg
残件/按现状,75.0,"Nikon N4004s 35mm Film Camera + 2 Lenses, Strap - Powers On & Shutter Fires!",Nikon,Film Cameras,For parts or not working,55.0,USD,"FIXED_PRICE,BEST_OFFER",16,1600,underpriced(med 240),US,fga580,99.9,2026-08-13T18:13:37.000Z,,https://www.ebay.com/itm/128025093181?hash=item1dcee3e43d:g:H0kAAeSwEi9qfgf5,https://i.ebayimg.com/images/g/H0kAAeSwEi9qfgf5/s-l225.jpg
残件/按现状,75.0,FINE Nikon AF cameras PARTS REPAIR ISSUES NO RETURN N80 N70 TWO N65 N4004,Nikon,Film Cameras,For parts or not working,58.85,USD,FIXED_PRICE,23,1600,underpriced(med 240),US,lukavakeli,99.9,2026-08-13T11:16:56.000Z,,https://www.ebay.com/itm/206487783456?hash=item3013a18820:g:zXkAAeSwM4hqFj23,https://i.ebayimg.com/images/g/zXkAAeSwM4hqFj23/s-l225.jpg
残件/按现状,75.0,Olympus Infinity Zoom 70 Gold 38-70mm Point & Shoot Film Camera,Olympus,Film Cameras,For parts or not working,59.95,USD,"FIXED_PRICE,BEST_OFFER",12,1600,underpriced(med 160),US,rudolphscollectibles,100.0,2026-08-14T08:35:14.000Z,,https://www.ebay.com/itm/178405710575?hash=item2989cf1aef:g:nlIAAeSwSKxqftIG,https://i.ebayimg.com/images/g/nlIAAeSwSKxqftIG/s-l225.jpg
残件/按现状;打包杂件,75.0,"Lot of 3 Olympus Stylus Zoom 105, Zoom 115, and Zoom 170 for parts",Olympus,Film Cameras,For parts or not working,59.99,USD,"FIXED_PRICE,BEST_OFFER",15,1600,as-is;underpriced(med 160),US,casualjoe90,100.0,2026-08-13T15:17:30.000Z,,https://www.ebay.com/itm/117357491002?hash=item1b530d333a:g:bOEAAeSwoUJqfdhn,https://i.ebayimg.com/images/g/bOEAAeSwoUJqfdhn/s-l225.jpg
残件/按现状,75.0,Vintage Canon EOS Rebel II 35mm Film Camera w/ Lens flash untested Andre Agassi,Canon,Film Cameras,For parts or not working,60.0,USD,"FIXED_PRICE,BEST_OFFER",7,1170,as-is;underpriced(med 166),US,discocool,100.0,2026-08-13T18:14:17.000Z,,https://www.ebay.com/itm/128025093715?hash=item1dcee3e653:g:UT8AAeSwQQxqfghY,https://i.ebayimg.com/images/g/UT8AAeSwQQxqfghY/s-l225.jpg
残件/按现状,75.0,Canon Pellix QL 35mm Camera W/ Canon 50mm f3.5 FL Macro lens FL Untested READ,Canon,Film Cameras,For parts or not working,69.95,USD,"FIXED_PRICE,BEST_OFFER",14,1465,mount:canon fd;as-is;underpriced(med 166),US,daydream_collectibles,100.0,2026-08-13T17:13:07.000Z,,https://www.ebay.com/itm/800502998249?hash=itemba61b264e9:g:pDgAAeSw1yVqffEN,https://i.ebayimg.com/images/g/pDgAAeSw1yVqffEN/s-l225.jpg
残件/按现状,75.0,CANON AE-1 PROGRAM 35MM SLR FILM CAMERA FD 50MM 1:1.8 LENS - NEEDS REPAIR *READ*,Canon,Film Cameras,For parts or not working,89.55,USD,FIXED_PRICE,12,1600,grail:AE-1;mount:canon fd,CA,bestsellersbookstore,99.9,2026-08-14T00:46:00.000Z,,https://www.ebay.com/itm/800504450556?hash=itemba61c88dfc:g:lNsAAOSwbwFnrpwJ,https://i.ebayimg.com/images/g/lNsAAOSwbwFnrpwJ/s-l225.jpg
打包杂件,75.0,"Nikon N2020 AF Camera 2 Lenses Filters, Nikkor 35-75mm Zoom, Manuals & Case LOT",Nikon,Film Cameras,Used,98.0,USD,FIXED_PRICE,16,1539,mount:nikon f;underpriced(med 240),US,your_score,100.0,2026-08-14T00:11:40.000Z,,https://www.ebay.com/itm/278277763794?hash=item40caa5b2d2:g:65IAAeSwbspqflhw,https://i.ebayimg.com/images/g/65IAAeSwbspqflhw/s-l225.jpg
型号不明,75.0,New Light Seal [Near MINT] Nikon FE Black SLR Film Camera Body w/Strap JAPAN,Nikon,Film Cameras,Used,109.99,USD,FIXED_PRICE,15,1600,mount:sony e;good-cond,JP,78camera-japan,100.0,2026-08-13T13:36:17.000Z,,https://www.ebay.com/itm/287522643855?hash=item42f1af5f8f:g:XnUAAeSw0KxqfdKd,https://i.ebayimg.com/images/g/XnUAAeSw0KxqfdKd/s-l225.jpg
查无市价,75.0,"EXC+ Voigtlander Bessa L Rangefinder Camera, cleaned/tested, Leica LTM/L39",Voigtlander,Film Cameras,Used,225.0,USD,"FIXED_PRICE,BEST_OFFER",5,0,mount:ltm/l39;good-cond,US,huskyandseal,100.0,2026-08-13T21:02:10.000Z,,https://www.ebay.com/itm/366604002226?hash=item555b4d23b2:g:p8UAAeSwNz9qfi~T,https://i.ebayimg.com/images/g/p8UAAeSwNz9qfi~T/s-l225.jpg
查无市价,74.0,Zenza Bronica EC TL 6x6 Film Camera Nikkor P.C 75mm f2.8 Lens,Bronica,Film Cameras,Used,0.0,USD,AUCTION,4,0,grail:Bronica EC;mount:nikon f;auction,US,coins_plus,99.7,2026-08-13T21:15:01.000Z,2026-08-20T21:15:01.000Z,https://www.ebay.com/itm/318721648314?hash=item4a354a66ba:g:mlcAAeSw5fZqfTZS,https://i.ebayimg.com/images/g/mlcAAeSw5fZqfTZS/s-l225.jpg
残件/按现状,74.0,Nikon AF-S DX Nikkor 18-55mm f/3.5-5.6G VR Lens Parts/Repair,Nikon,Lenses,For parts or not working,25.0,USD,"FIXED_PRICE,BEST_OFFER",7,1600,mount:nikon f;55mm;underpriced(med 249),US,surplus_guy_365,100.0,2026-08-13T19:27:41.000Z,,https://www.ebay.com/itm/168611611704?hash=item2742090438:g:WpcAAeSw~bxqfhp2,https://i.ebayimg.com/images/g/WpcAAeSw~bxqfhp2/s-l225.jpg
查无市价,74.0,Vintage 1950s VOIGTLANDER VITESSA FILM CAMERA w ULTRON 50mm 1:2 LENS & CASE,Voigtlander,Vintage Cameras,,94.97,USD,"FIXED_PRICE,BEST_OFFER",20,0,grail:ULTRON,US,to_trach,99.9,2026-08-13T19:54:25.000Z,,https://www.ebay.com/itm/267756339280?hash=item3e57858050:g:vh4AAeSwoTxqfh-X,https://i.ebayimg.com/images/g/vh4AAeSwoTxqfh-X/s-l225.jpg
查无市价,74.0,Rollei 16 Subminiature Film Camera w/ 25mm f/2.8 Zeiss Tessar Lens,Rollei,Vintage Cameras,,120.0,USD,FIXED_PRICE,6,0,grail:Tessar,US,lineman957,100.0,2026-08-13T16:56:51.000Z,,https://www.ebay.com/itm/137617471408?hash=item200aa3f7b0:g:SqsAAeSwIoZqWRPI,https://i.ebayimg.com/images/g/SqsAAeSwIoZqWRPI/s-l225.jpg
残件/按现状,74.0,LEICA AS IS TELE ELMARIT 90mm F2.8 Used,Leica,Lenses,Used,490.4,USD,FIXED_PRICE,7,1280,grail:ELMARIT;as-is;underpriced(med 1181),JP,hard-off-japan-in-au,99.2,2026-08-13T17:22:26.000Z,,https://www.ebay.com/itm/318724697132?hash=item4a3578ec2c:g:fxwAAeSwwhdqfgow,https://i.ebayimg.com/images/g/fxwAAeSwwhdqfgow/s-l225.jpg
型号不明,74.0,Leica Elmarit M135 2.8 Late Model with Glasses from Japan,Leica,Lenses,Used,493.3,USD,FIXED_PRICE,7,700,grail:Elmarit;underpriced(med 1181),JP,ginzaluxuryfinds,100.0,2026-08-13T11:16:13.000Z,,https://www.ebay.com/itm/366603033013?hash=item555b3e59b5:g:SWkAAeSwBCJqfaf7,https://i.ebayimg.com/images/g/SWkAAeSwBCJqfaf7/s-l225.jpg
型号不明,74.0,Leica Elmar M90mm F4 from Japan,Leica,Lenses,Used,493.3,USD,FIXED_PRICE,7,700,grail:Elmar;underpriced(med 1181),JP,ginzaluxuryfinds,100.0,2026-08-13T11:16:11.000Z,,https://www.ebay.com/itm/366603032686?hash=item555b3e586e:g:o40AAeSwTrRqfajy,https://i.ebayimg.com/images/g/o40AAeSwTrRqfajy/s-l225.jpg
型号不明,74.0,Leica IIIf Black Syncro from Japan,Leica,Lenses,Used,495.03,USD,FIXED_PRICE,7,700,grail:Leica IIIf;underpriced(med 1181),JP,ginzaluxuryfinds,100.0,2026-08-13T11:16:12.000Z,,https://www.ebay.com/itm/366603032900?hash=item555b3e5944:g:s1cAAeSwQ0Fqfaf8,https://i.ebayimg.com/images/g/s1cAAeSwQ0Fqfaf8/s-l225.jpg
型号不明,74.0,Leica III from Japan,Leica,Lenses,Used,501.98,USD,FIXED_PRICE,7,700,grail:Leica III;underpriced(med 1181),JP,ginzaluxuryfinds,100.0,2026-08-13T11:16:13.000Z,,https://www.ebay.com/itm/366603032946?hash=item555b3e5972:g:hQgAAeSwU4ZqfagX,https://i.ebayimg.com/images/g/hQgAAeSwU4ZqfagX/s-l225.jpg
型号不明,74.0,Leica IIIf Black Syncro from Japan,Leica,Lenses,Used,501.98,USD,FIXED_PRICE,7,700,grail:Leica IIIf;underpriced(med 1181),JP,ginzaluxuryfinds,100.0,2026-08-13T11:16:12.000Z,,https://www.ebay.com/itm/366603032888?hash=item555b3e5938:g:s50AAeSwtixqfahH,https://i.ebayimg.com/images/g/s50AAeSwtixqfahH/s-l225.jpg
型号不明,74.0,Leica IIIf Self Timer Camera from Japan,Leica,Lenses,Used,510.67,USD,FIXED_PRICE,7,700,grail:Leica IIIf;underpriced(med 1181),JP,ginzaluxuryfinds,100.0,2026-08-13T11:16:10.000Z,,https://www.ebay.com/itm/366603032603?hash=item555b3e581b:g:iToAAeSwqvlqfagl,https://i.ebayimg.com/images/g/iToAAeSwqvlqfagl/s-l225.jpg
型号不明,74.0,Leica IIIf from Japan,Leica,Lenses,Used,521.09,USD,FIXED_PRICE,7,700,grail:Leica IIIf;underpriced(med 1181),JP,ginzaluxuryfinds,100.0,2026-08-13T11:16:12.000Z,,https://www.ebay.com/itm/366603032847?hash=item555b3e590f:g:lqkAAeSwRQxqfah4,https://i.ebayimg.com/images/g/lqkAAeSwRQxqfah4/s-l225.jpg
型号不明,74.0,Leica Elmar M 5cm 3.5 from Japan,Leica,Lenses,Used,525.0,USD,FIXED_PRICE,7,700,grail:Elmar;underpriced(med 1181),JP,ginzaluxuryfinds,100.0,2026-08-13T11:16:10.000Z,,https://www.ebay.com/itm/366603032549?hash=item555b3e57e5:g:NSkAAeSwFz1qfafP,https://i.ebayimg.com/images/g/NSkAAeSwFz1qfafP/s-l225.jpg
型号不明,74.0,Leica III f from Japan,Leica,Lenses,Used,528.9,USD,FIXED_PRICE,4,828,grail:Leica III;underpriced(med 1181),JP,ginzaluxuryfinds,100.0,2026-08-13T11:16:12.000Z,,https://www.ebay.com/itm/366603032865?hash=item555b3e5921:g:sogAAeSw4U1qfaik,https://i.ebayimg.com/images/g/sogAAeSw4U1qfaik/s-l225.jpg
查无市价,73.0,"Hasselblad 500c w/ back, waist level & Zeiss150mm F:4 Sonnar lens & Extra Back",Hasselblad,Film Cameras,Used,0.0,USD,AUCTION,22,0,grail:500c;auction,US,bot.inc,100.0,2026-08-13T23:31:02.000Z,2026-08-23T23:31:02.000Z,https://www.ebay.com/itm/377416444620?hash=item57dfc5eacc:g:vQAAAeSwIvJqflE3,https://i.ebayimg.com/images/g/vQAAAeSwIvJqflE3/s-l225.jpg
残件/按现状,73.0,(As-is condition) Fuji Film Fujica-8 T3 Operation confirmed #0161 #23 From Japan,Fuji,Film Cameras,Used,81.68,USD,FIXED_PRICE,6,1200,as-is;underpriced(med 250),JP,quorefl-53,100.0,2026-08-13T07:59:12.000Z,,https://www.ebay.com/itm/800500890414?hash=itemba61923b2e:g:bAUAAeSw3lhqfXpn,https://i.ebayimg.com/images/g/bAUAAeSw3lhqfXpn/s-l225.jpg
残件/按现状,73.0,Rolleiflex SLX Rollei Film Camera 120 6x6 Medium Format SLR Germany works Read,Rolleiflex,Film Cameras,For parts or not working,228.71,USD,"FIXED_PRICE,BEST_OFFER",14,1332,underpriced(med 1100),US,well-cam,100.0,2026-08-13T20:50:00.000Z,,https://www.ebay.com/itm/318725469542?hash=item4a3584b566:g:93QAAeSwX5NqPLOq,https://i.ebayimg.com/images/g/93QAAeSwX5NqPLOq/s-l225.jpg
型号不明,73.0,[Almost Unused] Hasselblad Converter 2XE 2x Teleconverter 500 203FE V System JP,Hasselblad,Lenses,Used,229.99,USD,FIXED_PRICE,23,1600,mount:hasselblad v;underpriced(med 902),JP,tokyocamerastore,100.0,2026-08-13T11:49:54.000Z,,https://www.ebay.com/itm/137616573200?hash=item200a964310:g:638AAeSwsJVqfbEv,https://i.ebayimg.com/images/g/638AAeSwsJVqfbEv/s-l225.jpg
查无市价,73.0,Rare[Top MINT] Leica M6 J M6J Film Camera + Elmar M 50mm 2.8 E39 Lens From JAPAN,Leica,Film Cameras,Used,6699.99,USD,FIXED_PRICE,7,1600,grail:Leica M6;good-cond,JP,japan-trade810,98.9,2026-08-13T11:12:44.000Z,,https://www.ebay.com/itm/117357158380?hash=item1b53081fec:g:os0AAeSwYEVqfajK,https://i.ebayimg.com/images/g/os0AAeSwYEVqfajK/s-l225.jpg
残件/按现状,72.0,TESTED UFO matrix 26mm 35mm Film Camera point and shoot LOMO BOX silver,Lomo,Film Cameras,For parts or not working,29.0,USD,"FIXED_PRICE,BEST_OFFER",21,1280,underpriced(med 130),UA,olekyast_0,99.7,2026-08-14T09:33:02.000Z,,https://www.ebay.com/itm/318728388456?hash=item4a35b13f68:g:Z20AAeSwFW1qft7z,https://i.ebayimg.com/images/g/Z20AAeSwFW1qft7z/s-l225.jpg
残件/按现状,72.0,Canon Rebel Eos Ti 35mm Film Camera Body Only As Is Untested,Canon,Film Cameras,For parts or not working,30.86,USD,FIXED_PRICE,6,1600,as-is;underpriced(med 166),CA,jay_89_bay,100.0,2026-08-13T15:14:34.000Z,,https://www.ebay.com/itm/407141821040?hash=item5ecb8b2a70:g:XFYAAeSwv8xqfd9J,https://i.ebayimg.com/images/g/XFYAAeSwv8xqfd9J/s-l225.jpg
残件/按现状,72.0,Canon AF35M Autoboy Point Shoot 35mm Film Camera 38mm F2.8 Lens Powers On *READ*,Canon,Film Cameras,For parts or not working,32.27,USD,"FIXED_PRICE,BEST_OFFER",12,1600,underpriced(med 166),CA,hubersmarketplace,100.0,2026-08-13T08:22:17.000Z,,https://www.ebay.com/itm/128024230725?hash=item1dced6bb45:g:cEwAAeSwLLxqLRoo,https://i.ebayimg.com/images/g/cEwAAeSwLLxqLRoo/s-l225.jpg
残件/按现状,72.0,NIKON Lite Touch Zoom 70w AF Camera- Untested,Nikon,Film Cameras,For parts or not working,35.89,USD,FIXED_PRICE,7,1600,as-is;underpriced(med 240),CA,andmcg_5541,99.0,2026-08-13T22:42:06.000Z,,https://www.ebay.com/itm/137618397107?hash=item200ab217b3:g:5vYAAeSwtixqfkgr,https://i.ebayimg.com/images/g/5vYAAeSwtixqfkgr/s-l225.jpg
残件/按现状,72.0,Konica Minolta Freedom Zoom 65 38-65mm Camera Film Minolta Lens w/ bag untested,Konica,Film Cameras,Used,37.14,USD,"FIXED_PRICE,BEST_OFFER",5,1600,as-is;underpriced(med 137),CA,sellingbooksmusicandmore,99.5,2026-08-13T10:25:54.000Z,,https://www.ebay.com/itm/800501443811?hash=itemba619aace3:g:viMAAeSwgY5plNeL,https://i.ebayimg.com/images/g/viMAAeSwgY5plNeL/s-l225.jpg
残件/按现状,72.0,Canon Sure Shot Vintage 35mm Film Camera 38mm f/2.8 - Powers On,Canon,Film Cameras,For parts or not working,45.18,USD,"FIXED_PRICE,BEST_OFFER",14,1600,underpriced(med 166),CA,hubersmarketplace,100.0,2026-08-13T06:51:03.000Z,,https://www.ebay.com/itm/128024122604?hash=item1dced514ec:g:vM4AAeSw3ZNqLQTR,https://i.ebayimg.com/images/g/vM4AAeSw3ZNqLQTR/s-l225.jpg
残件/按现状,72.0,Nikon N2020 AF 35mm SLR Camera W/ Nikon Series E 135mm f/2.8 Lens Untested,Nikon,Film Cameras,For parts or not working,54.98,USD,"FIXED_PRICE,BEST_OFFER",10,1525,as-is;underpriced(med 240),CA,shawnzshoeznstuff,99.6,2026-08-13T20:35:25.000Z,,https://www.ebay.com/itm/407142448887?hash=item5ecb94bef7:g:p4kAAeSwUulqfihQ,https://i.ebayimg.com/images/g/p4kAAeSwUulqfihQ/s-l225.jpg
残件/按现状,72.0,Olympus Stylus Epic Zoom 80 DLX 35mm Film Camera All Weather w/ Case Untested,Olympus,Film Cameras,For parts or not working,74.99,USD,FIXED_PRICE,14,1600,grail:Stylus Epic;as-is,US,thriftinity-and-beyond,99.0,2026-08-13T20:48:37.000Z,,https://www.ebay.com/itm/377416166215?hash=item57dfc1ab47:g:5hgAAeSwxE5qQsk6,https://i.ebayimg.com/images/g/5hgAAeSwxE5qQsk6/s-l225.jpg
残件/按现状,72.0,"ASAHI PENTAX Auto 110 Film Camera, Flash and Winder NO LENS 5248",Asahi,Film Cameras,For parts or not working,74.99,USD,"FIXED_PRICE,BEST_OFFER",18,1600,grail:Auto 110,US,theporchmarketplace,100.0,2026-08-13T16:39:16.000Z,,https://www.ebay.com/itm/800502868312?hash=itemba61b06958:g:T4MAAeSw3DNqffEX,https://i.ebayimg.com/images/g/T4MAAeSw3DNqffEX/s-l225.jpg
残件/按现状,72.0,Pentax K1000 SE 35mm Film Camera (Body Only) -READ DESCRIPTION -,Pentax,Film Cameras,Used,89.87,USD,FIXED_PRICE,11,1048,grail:K1000,US,camera-and-palette,99.9,2026-08-13T12:45:47.000Z,,https://www.ebay.com/itm/168610837723?hash=item2741fd34db:g:VZsAAeSw3lhqe2mI,https://i.ebayimg.com/images/g/VZsAAeSw3lhqe2mI/s-l225.jpg
残件/按现状,72.0,Pentax K1000 SLR Camera Body Untested w/ 49mm Lens UNTESTED & Leather Case,Pentax,Film Cameras,Used,93.31,USD,"FIXED_PRICE,BEST_OFFER",12,1600,grail:K1000;49mm;as-is,CA,hubersmarketplace,100.0,2026-08-14T10:19:00.000Z,,https://www.ebay.com/itm/128026218450?hash=item1dcef50fd2:g:LAQAAeSwAVhqfuuD,https://i.ebayimg.com/images/g/LAQAAeSwAVhqfuuD/s-l225.jpg
残件/按现状;打包杂件,72.0,CANON AE-1 FILM CAMERA LOT+POWER WINDER+50MM+80-200MM LENSES AND CAPS -FOR PARTS,Canon,Film Cameras,For parts or not working,99.99,USD,"FIXED_PRICE,BEST_OFFER",12,1043,grail:AE-1;as-is,US,seconhandtreasures2u,99.8,2026-08-13T14:55:28.000Z,,https://www.ebay.com/itm/137617159819?hash=item200a9f368b:g:Ud8AAeSw76lqfdmM,https://i.ebayimg.com/images/g/Ud8AAeSw76lqfdmM/s-l225.jpg
残件/按现状,72.0,Nikon Nikonos-V 35mm Underwater CAMERA W/ 28MM F/3.5 FOR PARTS OR REPAIR,Nikon,Film Cameras,For parts or not working,110.0,USD,"FIXED_PRICE,BEST_OFFER",9,1600,grail:Nikonos;as-is,US,atticaction,99.9,2026-08-13T16:43:05.000Z,,https://www.ebay.com/itm/278276721010?hash=item40ca95c972:g:OyQAAeSwG5pqffKx,https://i.ebayimg.com/images/g/OyQAAeSwG5pqffKx/s-l225.jpg
残件/按现状,72.0,Mamiya RB67 ProS Medium Format Camera As-is Condition 260701B6004 From Japan,Mamiya,Film Cameras,For parts or not working,300.44,USD,FIXED_PRICE,9,640,grail:RB67;as-is,JP,quorefl-53,100.0,2026-08-14T01:16:33.000Z,,https://www.ebay.com/itm/800504588526?hash=itemba61caa8ee:g:mA4AAeSwBVhqfmy1,https://i.ebayimg.com/images/g/mA4AAeSwBVhqfmy1/s-l225.jpg
残件/按现状,72.0,Rollei 35 T 35mm Film Camera Tessar 40mm f/3.5 Lens from JAPAN【AS IS】,Rollei,Film Cameras,For parts or not working,310.0,USD,"FIXED_PRICE,BEST_OFFER",13,1600,grail:Tessar;as-is,JP,hana_from_japan,100.0,2026-08-13T06:44:09.000Z,,https://www.ebay.com/itm/168610092561?hash=item2741f1d611:g:YyQAAeSw6fRqfWcz,https://i.ebayimg.com/images/g/YyQAAeSw6fRqfWcz/s-l225.jpg
无图,72.0,[Mint w/ Box] Contax ZEISS Distagon T* 28mm f/2.8 MF Lens MMJ from Japan,Contax,Lenses,Used,329.49,USD,"FIXED_PRICE,BEST_OFFER",0,0,grail:Distagon;good-cond,JP,hisar-0,100.0,2026-08-13T19:25:53.000Z,,https://www.ebay.com/itm/227474648958?hash=item34f68baf7e:i:227474648958,
查无市价,72.0,[Opt MINT] Konica Big mini F #8859 35mm f/2.8 Point & Shoot Camera in Box Fr JPN,Konica,Film Cameras,Used,369.0,USD,"FIXED_PRICE,BEST_OFFER",12,1600,grail:Big mini;good-cond,JP,mochi_jp,100.0,2026-08-13T06:00:00.000Z,,https://www.ebay.com/itm/366594756534?hash=item555ac00fb6:g:X9AAAeSwmE9qeAvV,https://i.ebayimg.com/images/g/X9AAAeSwmE9qeAvV/s-l225.jpg
查无市价,72.0,【 MINT w/ Glip 】Bronica SQ-Am AE Finder Zenzanon-S 80mm F2.8 120 Back From JAPAN,Bronica,Film Cameras,Used,749.9,USD,FIXED_PRICE,16,1600,grail:Bronica SQ;good-cond,JP,iseshima_japan_camera,100.0,2026-08-13T14:24:35.000Z,,https://www.ebay.com/itm/188786947839?hash=item2bf49436ff:g:dMQAAeSwL~NqfeCZ,https://i.ebayimg.com/images/g/dMQAAeSwL~NqfeCZ/s-l225.jpg
查无市价,72.0,[N MINT] Zenza Bronica SQ-A Cds Medium Format Camera 105mm f/3.5 Lens From JAPAN,Bronica,Film Cameras,Used,799.99,USD,FIXED_PRICE,19,1600,grail:Bronica SQ;good-cond,JP,ham_7373,100.0,2026-08-13T22:18:48.000Z,,https://www.ebay.com/itm/366604095625?hash=item555b4e9089:g:Ry4AAeSwv-JqfkPw,https://i.ebayimg.com/images/g/Ry4AAeSwv-JqfkPw/s-l225.jpg
查无市价,72.0,[MINT] Zenza Bronica SQ-A SQA Film Camera Zenzanon S 80mm f/2.8 Lens From JAPAN,Bronica,Film Cameras,Used,929.99,USD,FIXED_PRICE,22,1600,grail:Bronica SQ;good-cond,JP,japan_camera_0511,100.0,2026-08-13T11:03:33.000Z,,https://www.ebay.com/itm/227474101171?hash=item34f68353b3:g:Q~UAAeSwEe9qfabd,https://i.ebayimg.com/images/g/Q~UAAeSwEe9qfabd/s-l225.jpg
无图,72.0,Linhof Technika IV 23 6x9 Body CLA'd + Carl Zeiss PLANAR 100mm f/2.8 Grip Cam JP,Linhof,Film Cameras,Used,1499.99,USD,FIXED_PRICE,0,0,grail:PLANAR;good-cond,JP,camera-lady777,100.0,2026-08-13T23:00:26.000Z,,https://www.ebay.com/itm/158185632420?hash=item24d49932a4:i:158185632420,
查无市价,72.0,Early Model [MINT] Leitz Leica M5 Silver Rangefinder 35mm Film Camera From JAPAN,Leitz,Film Cameras,Used,1599.99,USD,FIXED_PRICE,16,1600,grail:Leica M5;good-cond,JP,hakata_camera_japan,100.0,2026-08-13T15:32:10.000Z,,https://www.ebay.com/itm/800502631680?hash=itemba61accd00:g:h5kAAeSw7Ddqfe~i,https://i.ebayimg.com/images/g/h5kAAeSw7Ddqfe~i/s-l225.jpg
查无市价,72.0,Rare Mushroom [Near MINT] Leica 1A 1 A Black Body + Elmar 50mm 3.5 From JAPAN,Leica,Film Cameras,Used,1849.99,USD,FIXED_PRICE,11,1600,grail:Elmar;good-cond,JP,japan-trade810,98.9,2026-08-13T09:24:19.000Z,,https://www.ebay.com/itm/117356997910?hash=item1b5305ad16:g:WR8AAeSwHiJqfY54,https://i.ebayimg.com/images/g/WR8AAeSwHiJqfY54/s-l225.jpg
查无市价,72.0,"S/N 123xxxx ""MINT+++"" Leica M4 35mm Rangefinder Film Camera Silver Body JAPAN",Leica,Film Cameras,Used,2499.99,USD,"FIXED_PRICE,BEST_OFFER",14,1600,grail:Leica M4;good-cond,JP,kawashima-camera,100.0,2026-08-14T05:51:37.000Z,,https://www.ebay.com/itm/147503831753?hash=item2257e9dac9:g:QsUAAeSwEhhohbBw,https://i.ebayimg.com/images/g/QsUAAeSwEhhohbBw/s-l225.jpg
查无市价,72.0,[Top MINT] Leica M6 0.72 Silver Non TTL 35mm Vintage Film Camera Body From JAPAN,Leica,Film Cameras,Used,2899.99,USD,"FIXED_PRICE,BEST_OFFER",12,1600,grail:Leica M6;good-cond,JP,cf_camera_tokyo,100.0,2026-08-14T02:45:34.000Z,,https://www.ebay.com/itm/377416807993?hash=item57dfcb7639:g:tFEAAeSwj-Vqfm5C,https://i.ebayimg.com/images/g/tFEAAeSwj-Vqfm5C/s-l225.jpg
查无市价,72.0,[Near MINT] Leica M6 0.85 TTL Black Rangefinder Film Camera Body From JAPAN,Leica,Film Cameras,Used,2999.0,USD,FIXED_PRICE,20,1600,grail:Leica M6;good-cond,JP,bgnsc_47,100.0,2026-08-13T18:17:15.000Z,,https://www.ebay.com/itm/398282134478?hash=item5cbb7713ce:g:hXcAAeSwPTdqfhZe,https://i.ebayimg.com/images/g/hXcAAeSwPTdqfhZe/s-l225.jpg
查无市价,72.0,Rare!! [MINT in BOX] Hasselblad 500CM C/M 30th Gold Edition 80mm F2.8 Lens JAPAN,Hasselblad,Film Cameras,Used,5599.49,USD,FIXED_PRICE,23,1600,grail:500CM;good-cond,JP,kobe_japan_camera,99.2,2026-08-13T21:45:02.000Z,,https://www.ebay.com/itm/318725711681?hash=item4a35886741:g:pPAAAeSwb89p06VL,https://i.ebayimg.com/images/g/pPAAAeSwb89p06VL/s-l225.jpg
残件/按现状,71.0,Nikon 1 NIKKOR 10-30 VR 10-30mm f/3.5 Zoom Lens for Nikon 1 Mount,Nikon,Lenses,For parts or not working,30.99,USD,FIXED_PRICE,3,1600,mount:nikon f;underpriced(med 249),US,spacecityproviders,99.6,2026-08-13T15:54:03.000Z,,https://www.ebay.com/itm/257678281363?hash=item3bfed28a93:g:2uIAAeSw~8JqfehF,https://i.ebayimg.com/images/g/2uIAAeSw~8JqfehF/s-l225.jpg
残件/按现状,71.0,Minolta Auto Tele Rokkor -PF 1:2.8 F 135mm 1112325 Untested,Minolta,Lenses,Used,33.99,USD,"FIXED_PRICE,BEST_OFFER",5,1600,mount:minolta md;as-is;underpriced(med 125),US,treasureislandusa,99.9,2026-08-13T20:18:06.000Z,,https://www.ebay.com/itm/318725380460?hash=item4a3583596c:g:f3QAAeSw6wpqVU7Y,https://i.ebayimg.com/images/g/f3QAAeSw6wpqVU7Y/s-l225.jpg
残件/按现状,71.0,Canon New-FD 35-105mm f3.5 Zoom Lens With Filter Without Caps.,Canon,Lenses,For parts or not working,35.0,USD,FIXED_PRICE,3,1455,mount:canon fd;underpriced(med 297),US,rockstat,100.0,2026-08-13T19:44:45.000Z,,https://www.ebay.com/itm/198568925968?hash=item2e3ba15b10:g:9mAAAeSwWKNqfhxY,https://i.ebayimg.com/images/g/9mAAAeSwWKNqfhxY/s-l225.jpg
型号不明,71.0,Nikon Z ADAPTER TO 52X1 mm New!,Nikon,Vintage Lenses,,45.0,USD,FIXED_PRICE,3,1600,underpriced(med 142),US,eastwestphoto,100.0,2026-08-13T20:46:25.000Z,,https://www.ebay.com/itm/158184799508?hash=item24d48c7d14:g:LgMAAeSw-V9qfgBa,https://i.ebayimg.com/images/g/LgMAAeSw-V9qfgBa/s-l225.jpg
残件/按现状,71.0,"SMC Pentax-M 1:1.7 50mm Lens Asahi Opt. Co., Japan 4070030 *Untested*",Pentax,Lenses,Used,49.95,USD,FIXED_PRICE,3,1600,mount:pentax k;as-is;underpriced(med 177),US,alex60391-us,100.0,2026-08-13T15:34:05.000Z,,https://www.ebay.com/itm/287522835786?hash=item42f1b24d4a:g:o0kAAeSwGbJqfeN4,https://i.ebayimg.com/images/g/o0kAAeSwGbJqfeN4/s-l225.jpg
残件/按现状,71.0,Canon EF 75-300mm f/4-5.6 Zoom Telephoto Camera Lens – Works-AS-IS / Flaw,Canon,Lenses,Used,54.99,USD,"FIXED_PRICE,BEST_OFFER",16,1600,mount:canon ef;as-is;underpriced(med 297),US,peachtree_picks,100.0,2026-08-13T08:12:53.000Z,,https://www.ebay.com/itm/377414544140?hash=item57dfa8eb0c:g:1TAAAeSwlD9pqLDV,https://i.ebayimg.com/images/g/1TAAAeSwlD9pqLDV/s-l225.jpg
残件/按现状,71.0,Nikon AF Nikkor 35-105mm 1:3.5-4.5 D Lens with Hoya Skylight Filter *Untested*,Nikon,Lenses,Used,59.95,USD,FIXED_PRICE,3,1600,mount:nikon f;as-is;underpriced(med 249),US,alex60391-us,100.0,2026-08-13T16:30:14.000Z,,https://www.ebay.com/itm/287522979314?hash=item42f1b47df2:g:Qq0AAeSwYVRqfe71,https://i.ebayimg.com/images/g/Qq0AAeSwYVRqfe71/s-l225.jpg
型号不明,71.0,NIKON AF NIKKOR 70-210 1:4 LENS (MVP040222),Nikon,Lenses,Used,59.99,USD,"FIXED_PRICE,BEST_OFFER",3,1200,mount:nikon f;underpriced(med 249),US,mvppawn,99.6,2026-08-13T18:52:44.000Z,,https://www.ebay.com/itm/168611560181?hash=item2742083af5:g:GpAAAeSwXyBqfhJ6,https://i.ebayimg.com/images/g/GpAAAeSwXyBqfhJ6/s-l225.jpg
残件/按现状,70.0,Olympus OM-1 35mm film camera with Bushnell lens Untested,Olympus,Vintage Cameras,,99.0,USD,"FIXED_PRICE,BEST_OFFER",10,1600,grail:OM-1;mount:olympus om;as-is,US,vwdubud,99.3,2026-08-14T02:33:35.000Z,,https://www.ebay.com/itm/147503534415?hash=item2257e5514f:g:92EAAeSw4PZqfn1S,https://i.ebayimg.com/images/g/92EAAeSw4PZqfn1S/s-l225.jpg
型号不明,70.0,Pixco Mamiya 645 ? Fujifilm G-Mount,Mamiya,Lenses,Used,158.24,USD,"FIXED_PRICE,BEST_OFFER",1,1080,grail:645,JP,l9531336,100.0,2026-08-13T08:20:32.000Z,,https://www.ebay.com/itm/298584201599?hash=item458501597f:g:qsIAAeSw6z1qfX9J,https://i.ebayimg.com/images/g/qsIAAeSw6z1qfX9J/s-l225.jpg
型号不明,70.0,"Body Cap for Mamiya MAMIYA 7II, Part No. 534100",Mamiya,Lenses,Used,173.37,USD,"FIXED_PRICE,BEST_OFFER",1,1080,grail:MAMIYA 7II,JP,l9531336,100.0,2026-08-13T08:20:32.000Z,,https://www.ebay.com/itm/298584201607?hash=item4585015987:g:j0MAAeSwtH5qfX8M,https://i.ebayimg.com/images/g/j0MAAeSwtH5qfX8M/s-l225.jpg
残件/按现状;型号不明,69.0,MINOLTA lens AF 75-300 Junk Used,Minolta,Lenses,Used,32.4,USD,FIXED_PRICE,3,1280,as-is;underpriced(med 125),JP,hard-off-japan-in-au,99.2,2026-08-13T17:22:18.000Z,,https://www.ebay.com/itm/318724696914?hash=item4a3578eb52:g:8SUAAeSwk-9qfgjr,https://i.ebayimg.com/images/g/8SUAAeSwk-9qfgjr/s-l225.jpg
残件/按现状,69.0,PENTAX LENS TAKUMAR 200MM F=4 Junk Used,Pentax,Lenses,Used,51.49,USD,FIXED_PRICE,6,1280,as-is;underpriced(med 177),JP,hard-off-japan-in-au,99.2,2026-08-13T11:25:02.000Z,,https://www.ebay.com/itm/318723316167?hash=item4a3563d9c7:g:prMAAeSwbjtqfasK,https://i.ebayimg.com/images/g/prMAAeSwbjtqfasK/s-l225.jpg
残件/按现状,69.0,OLYMPUS LENS M ZUIKO DIGITAL 14-42MM 1:3.5- Junk Used,Olympus,Lenses,Used,61.03,USD,FIXED_PRICE,5,1280,mount:olympus om;as-is;underpriced(med 212),JP,hard-off-japan-in-au,99.2,2026-08-13T17:22:35.000Z,,https://www.ebay.com/itm/318724697328?hash=item4a3578ecf0:g:kkkAAeSwtBlqfglo,https://i.ebayimg.com/images/g/kkkAAeSwtBlqfglo/s-l225.jpg
残件/按现状,69.0,CANON Lens EF 20-35MM 1:3.5-4.5 Junk Used,Canon,Lenses,Used,61.03,USD,FIXED_PRICE,9,1280,mount:canon ef;as-is;underpriced(med 297),JP,hard-off-japan-in-au,99.2,2026-08-13T17:22:14.000Z,,https://www.ebay.com/itm/318724696806?hash=item4a3578eae6:g:0fYAAeSwXudqfgmg,https://i.ebayimg.com/images/g/0fYAAeSwXudqfgmg/s-l225.jpg
残件/按现状,69.0,CANON Lens EF 75-300MM 1:4-5.6 Junk Used,Canon,Lenses,Used,61.03,USD,FIXED_PRICE,7,1280,mount:canon ef;as-is;underpriced(med 297),JP,hard-off-japan-in-au,99.2,2026-08-13T17:22:14.000Z,,https://www.ebay.com/itm/318724696817?hash=item4a3578eaf1:g:To0AAeSw3BxqfgkA,https://i.ebayimg.com/images/g/To0AAeSw3BxqfgkA/s-l225.jpg
残件/按现状,69.0,Vintage Canon Sure Shot Z115 Film Camera TESTED!!! READ DESCRIPTION!!!,Canon,Film Cameras,Used,63.0,USD,FIXED_PRICE,8,1200,underpriced(med 166),US,goodwillomaha,99.8,2026-08-14T09:54:05.000Z,,https://www.ebay.com/itm/287524390082?hash=item42f1ca04c2:g:UvwAAeSwfoNqdK5f,https://i.ebayimg.com/images/g/UvwAAeSwfoNqdK5f/s-l225.jpg
残件/按现状,69.0,Canon AL-1 35mm SLR Film Camera Body and Lens Untested For Parts,Canon,Film Cameras,For parts or not working,64.99,USD,"FIXED_PRICE,BEST_OFFER",3,1599,as-is;underpriced(med 166),US,danaryan_01,99.5,2026-08-13T17:23:14.000Z,,https://www.ebay.com/itm/336740680593?hash=item4e674f0391:g:W3wAAeSwCBdpZr35,https://i.ebayimg.com/images/g/W3wAAeSwCBdpZr35/s-l225.jpg
残件/按现状,69.0,Canon Sure Shot 76 Zoom 35mm Point & Shoot Film Camera w/ 38-76mm Great condit.,Canon,Film Cameras,For parts or not working,69.99,USD,"FIXED_PRICE,BEST_OFFER",11,1600,underpriced(med 166),US,cactuscoinmachine,99.4,2026-08-14T01:59:18.000Z,,https://www.ebay.com/itm/287523807902?hash=item42f1c1229e:g:y8IAAeSw4qpqfJg~,https://i.ebayimg.com/images/g/y8IAAeSw4qpqfJg~/s-l225.jpg
残件/按现状,69.0,Vintage Canon S8200 35mm Motor Drive 35 mm Camera For Parts Or Repair Only,Canon,Film Cameras,For parts or not working,69.99,USD,"FIXED_PRICE,BEST_OFFER",22,1599,as-is;underpriced(med 166),US,las_vegas_flips,99.8,2026-08-13T04:10:32.000Z,,https://www.ebay.com/itm/227473695618?hash=item34f67d2382:g:ezQAAeSwMPNoxu9V,https://i.ebayimg.com/images/g/ezQAAeSwMPNoxu9V/s-l225.jpg
型号不明,69.0,NIKON LENS NIKKOR-Q AUTO 20CM F4 Used,Nikon,Lenses,Used,70.57,USD,FIXED_PRICE,4,1280,mount:nikon f;underpriced(med 249),JP,hard-off-japan-in-au,99.2,2026-08-13T17:22:35.000Z,,https://www.ebay.com/itm/318724697326?hash=item4a3578ecee:g:sGEAAeSwjgRqfgoi,https://i.ebayimg.com/images/g/sGEAAeSwjgRqfgoi/s-l225.jpg
残件/按现状,69.0,NICON Junk Single Focus Lens NIKKOR 35MM 1:2.8 Used,Nikkor,Lenses,Used,80.11,USD,FIXED_PRICE,3,1280,mount:nikon f;as-is;underpriced(med 238),JP,hard-off-japan-in-au,99.2,2026-08-13T17:22:14.000Z,,https://www.ebay.com/itm/318724696822?hash=item4a3578eaf6:g:KYgAAeSw4vtqfgvF,https://i.ebayimg.com/images/g/KYgAAeSw4vtqfgvF/s-l225.jpg
残件/按现状,69.0,CANON Replacement Lenses FL 50MM 1:1.4 Junk Used,Canon,Lenses,Used,80.11,USD,FIXED_PRICE,2,1280,mount:canon fd;as-is;underpriced(med 297),JP,hard-off-japan-in-au,99.2,2026-08-13T17:22:09.000Z,,https://www.ebay.com/itm/318724696693?hash=item4a3578ea75:g:WPEAAeSwr-1qfgnZ,https://i.ebayimg.com/images/g/WPEAAeSwr-1qfgnZ/s-l225.jpg
残件/按现状,69.0,CANON Lens EF-S 55-250MM 1:4-5.6 IS Junk Used,Canon,Lenses,Used,89.66,USD,FIXED_PRICE,7,1280,mount:canon ef;as-is;underpriced(med 297),JP,hard-off-japan-in-au,99.2,2026-08-13T17:22:13.000Z,,https://www.ebay.com/itm/318724696803?hash=item4a3578eae3:g:KwgAAeSw3lhqfgif,https://i.ebayimg.com/images/g/KwgAAeSw3lhqfgif/s-l225.jpg
残件/按现状,69.0,CANON Replacement Lens FD 28mm 1:2.8 S.C Junk Used,Canon,Lenses,Used,89.66,USD,FIXED_PRICE,2,1280,mount:canon fd;as-is;underpriced(med 297),JP,hard-off-japan-in-au,99.2,2026-08-13T17:22:09.000Z,,https://www.ebay.com/itm/318724696688?hash=item4a3578ea70:g:o0sAAeSwTrRqfgn8,https://i.ebayimg.com/images/g/o0sAAeSwTrRqfgn8/s-l225.jpg
残件/按现状,69.0,Nikon FA chrome 35mm Film camera body RED D DEMO RARE READ shutter not working,Nikon,Film Cameras,Used,98.85,USD,FIXED_PRICE,9,1600,as-is;underpriced(med 240),US,lukavakeli,99.9,2026-08-14T11:05:21.000Z,,https://www.ebay.com/itm/206490385076?hash=item3013c93ab4:g:2A8AAeSwZy5qdwfu,https://i.ebayimg.com/images/g/2A8AAeSwZy5qdwfu/s-l225.jpg
残件/按现状;型号不明,69.0,NIKON LENS NIKKOR 50MM1.4 Junk Used,Nikon,Lenses,Used,99.19,USD,FIXED_PRICE,4,1280,mount:nikon f;as-is;underpriced(med 249),JP,hard-off-japan-in-au,99.2,2026-08-13T17:22:14.000Z,,https://www.ebay.com/itm/318724696813?hash=item4a3578eaed:g:p6cAAeSw19lqfgoD,https://i.ebayimg.com/images/g/p6cAAeSw19lqfgoD/s-l225.jpg
打包杂件;图片过小,69.0,Bundle! For Nikkormat Nikon FT AND FT3 Camera Body Only,Nikon,Film Cameras,Used,99.99,USD,FIXED_PRICE,3,517,underpriced(med 240),US,thevaultloans_13177,99.7,2026-08-13T19:33:23.000Z,,https://www.ebay.com/itm/188788108919?hash=item2bf4a5ee77:g:DuIAAeSwvmNqfhrK,https://i.ebayimg.com/images/g/DuIAAeSwvmNqfhrK/s-l225.jpg
型号不明,69.0,[ MINT ] Sigma 2x EX DG APO Tele Converter Canon EF From JAPAN #18819,Sigma,Lenses,Used,99.99,USD,FIXED_PRICE,17,1600,mount:canon ef;good-cond;underpriced(med 345),JP,z1came-0,99.7,2026-08-13T14:26:07.000Z,,https://www.ebay.com/itm/407141708855?hash=item5ecb897437:g:~M4AAeSw6glqfdOO,https://i.ebayimg.com/images/g/~M4AAeSw6glqfdOO/s-l225.jpg
残件/按现状,69.0,Canon AE-1 35mm Film Manual Camera with 50mm Lens Untested Read Vintage Japan,Canon,Film Cameras,For parts or not working,100.49,USD,"FIXED_PRICE,BEST_OFFER",16,1600,grail:AE-1;as-is,CA,vincesvintage*,100.0,2026-08-14T11:42:07.000Z,,https://www.ebay.com/itm/168613218185?hash=item2742218789:g:LckAAeSwMk1qfv3D,https://i.ebayimg.com/images/g/LckAAeSwMk1qfv3D/s-l225.jpg
残件/按现状,69.0,"Nikon Series E 35mm Film Camera, SB-E Speedlight Vivitar Lens Cases Untested",Nikon,Film Cameras,Used,102.88,USD,"FIXED_PRICE,BEST_OFFER",13,837,as-is;underpriced(med 240),US,blacopp0,100.0,2026-08-14T07:57:38.000Z,,https://www.ebay.com/itm/158186935624?hash=item24d4ad1548:g:Qp0AAeSw-NBowd6z,https://i.ebayimg.com/images/g/Qp0AAeSw-NBowd6z/s-l225.jpg
残件/按现状;型号不明,69.0,NIKON LENS NIKKOR 50MM1:1.4 Junk Used,Nikon,Lenses,Used,108.74,USD,FIXED_PRICE,7,1280,mount:nikon f;as-is;underpriced(med 249),JP,hard-off-japan-in-au,99.2,2026-08-13T17:22:14.000Z,,https://www.ebay.com/itm/318724696809?hash=item4a3578eae9:g:NwkAAeSwR-Fqfgmv,https://i.ebayimg.com/images/g/NwkAAeSwR-Fqfgmv/s-l225.jpg
型号不明,69.0,[Top MINT] Sigma EX APO TELE CONVERTER 2X for Nikon F From JAPAN,Sigma,Lenses,Used,119.99,USD,FIXED_PRICE,7,1600,mount:nikon f;good-cond;underpriced(med 345),JP,japan-trade810,98.9,2026-08-13T16:30:46.000Z,,https://www.ebay.com/itm/117357677352?hash=item1b53100b28:g:AskAAeSwMyRqfftP,https://i.ebayimg.com/images/g/AskAAeSwMyRqfftP/s-l225.jpg
残件/按现状,69.0,Canon Canonet QL17 GIII 35mm Rangefinder Camera w/40mm F1.7 Lens (for parts),Canon,Film Cameras,Used,125.99,USD,FIXED_PRICE,6,1600,grail:Canonet;as-is,US,8ten1944,99.8,2026-08-13T18:48:29.000Z,,https://www.ebay.com/itm/168611545369?hash=item2742080119:g:pe8AAeSwa2dqfrJ1,https://i.ebayimg.com/images/g/pe8AAeSwa2dqfrJ1/s-l225.jpg
型号不明,69.0,[Top MINT] Contax Carl Zeiss Mutar 1.4x T* Teleconverter Lens C/Y From JAPAN,Contax,Lenses,Used,159.99,USD,FIXED_PRICE,7,1600,mount:contax/yashica;good-cond,JP,japan-trade810,98.9,2026-08-13T16:32:19.000Z,,https://www.ebay.com/itm/117357682092?hash=item1b53101dac:g:uQkAAeSwBCJqff7R,https://i.ebayimg.com/images/g/uQkAAeSwBCJqff7R/s-l225.jpg
查无市价,68.0,"Leica Camera - Leitz Elmar 1:3,5 F=50mm - Ernst Leitz Wetzlar - Germany",Leica,Vintage Cameras,,0.0,USD,AUCTION,6,0,grail:Elmar;auction,US,cycannara,100.0,2026-08-13T22:56:36.000Z,2026-08-18T22:56:36.000Z,https://www.ebay.com/itm/188788762336?hash=item2bf4afe6e0:g:emIAAeSwXudqfklv,https://i.ebayimg.com/images/g/emIAAeSwXudqfklv/s-l225.jpg
残件/按现状,68.0,hasselblad 500 C With Lens,Hasselblad,Film Cameras,For parts or not working,0.0,USD,AUCTION,7,1600,grail:500 C;auction,US,allchrisall,100.0,2026-08-13T22:53:37.000Z,2026-08-20T22:53:37.000Z,https://www.ebay.com/itm/237004382267?hash=item372e8fe03b:g:ueYAAeSwU21qfkcl,https://i.ebayimg.com/images/g/ueYAAeSwU21qfkcl/s-l225.jpg
查无市价,68.0,Leica M3 Single Stroke #10447xx Nice Working Camera Bright Finder Good Curtains,Leica,Vintage Cameras,,0.0,USD,AUCTION,21,0,grail:Leica M3;auction,US,bot.inc,100.0,2026-08-13T22:45:41.000Z,2026-08-23T22:45:41.000Z,https://www.ebay.com/itm/377416367646?hash=item57dfc4be1e:g:J8MAAeSwKTRqfkbZ,https://i.ebayimg.com/images/g/J8MAAeSwKTRqfkbZ/s-l225.jpg
残件/按现状,68.0,Zeiss Ikon Contax IIIa 35mm Rangefinder Zeiss-Opton Sonnar 50mm f/2 T - UNTESTED,Zeiss,Vintage Cameras,,0.0,USD,AUCTION,18,1402,grail:Sonnar;as-is;auction,US,tcrobison,100.0,2026-08-13T16:23:30.000Z,2026-08-20T16:23:30.000Z,https://www.ebay.com/itm/307124858149?hash=item4782116d25:g:XEgAAeSwgsZqfe8b,https://i.ebayimg.com/images/g/XEgAAeSwgsZqfe8b/s-l225.jpg
查无市价,68.0,[Tested!] Zeiss Ikon 35 533/24 Contessa 35mm Rangefinder Camera w/45mm Tessar,Zeiss,Film Cameras,Used,0.0,USD,AUCTION,5,0,grail:Tessar;auction,US,ggt-jas-0gtsozlm,99.1,2026-08-13T14:41:42.000Z,2026-08-20T14:41:42.000Z,https://www.ebay.com/itm/327308451077?hash=item4c351a9d05:g:FXQAAeSwJtNqfdcX,https://i.ebayimg.com/images/g/FXQAAeSwJtNqfdcX/s-l225.jpg
残件/按现状,68.0,Kyocera Yashica AF 35-70mm f/3.3-4.5 Macro Zoom Lens + 52mm UV Filter,Yashica,Lenses,For parts or not working,27.99,USD,"FIXED_PRICE,BEST_OFFER",6,1600,52mm;underpriced(med 91),US,nesbes8,100.0,2026-08-13T06:14:43.000Z,,https://www.ebay.com/itm/137615663201?hash=item200a886061:g:AAMAAeSwjSBqfV6v,https://i.ebayimg.com/images/g/AAMAAeSwjSBqfV6v/s-l225.jpg
型号不明,68.0,Macro Entension Bellows Accessories For Nikon F Mount Lens Camera D3 D4,Nikon,Lenses,Brand New,31.89,USD,"FIXED_PRICE,BEST_OFFER",6,1600,mount:nikon f;underpriced(med 249),CN,madbest,99.6,2026-08-13T07:10:20.000Z,,https://www.ebay.com/itm/366602623455?hash=item555b3819df:g:0zUAAeSwjZxqfW3F,https://i.ebayimg.com/images/g/0zUAAeSwjZxqfW3F/s-l225.jpg
残件/按现状;打包杂件,68.0,Petri FT C.C Auto 55/1.8 55mm f1.8 & 135mm f3.5 2 Lens SLR 35mm Film Camera lot,Petri,Film Cameras,For parts or not working,42.31,USD,"FIXED_PRICE,BEST_OFFER",14,1507,55mm;underpriced(med 106),US,well-cam,100.0,2026-08-13T22:30:00.000Z,,https://www.ebay.com/itm/358922689538?hash=item5391759c02:g:PvoAAeSwfDRpwtZY,https://i.ebayimg.com/images/g/PvoAAeSwfDRpwtZY/s-l225.jpg
残件/按现状,68.0,Canon A-1 35mm SLR Body Data Back A Motor Drive MA Parts/Repair Japan,Canon,Film Cameras,For parts or not working,109.99,USD,"FIXED_PRICE,BEST_OFFER",20,1600,grail:Canon A-1,JP,eihachicamera-jp,100.0,2026-08-13T11:39:24.000Z,,https://www.ebay.com/itm/206487832695?hash=item3013a24877:g:PQYAAeSwt99qfant,https://i.ebayimg.com/images/g/PQYAAeSwt99qfant/s-l225.jpg
残件/按现状,68.0,[As-is For parts READ] Canon NEW F-1 F1 35mm SLR Film Camera Body NO FINDER JPN,Canon,Film Cameras,For parts or not working,149.99,USD,FIXED_PRICE,9,1280,grail:NEW F-1;as-is,JP,maui_camera_japan,100.0,2026-08-14T06:42:39.000Z,,https://www.ebay.com/itm/287524140039?hash=item42f1c63407:g:HdYAAeSwS4pqfrBo,https://i.ebayimg.com/images/g/HdYAAeSwS4pqfrBo/s-l225.jpg
查无市价,68.0,Zeiss Ikon Ikonta 521/2 Camera Zeiss Tessar 4.5 / 10.5cm W/ Compur Rapid Shutter,Zeiss,Vintage Cameras,,199.99,USD,FIXED_PRICE,23,0,grail:Tessar,US,a2bworld,99.7,2026-08-14T03:55:13.000Z,,https://www.ebay.com/itm/137619156402?hash=item200abdadb2:g:wxoAAeSwyedqfo8w,https://i.ebayimg.com/images/g/wxoAAeSwyedqfo8w/s-l225.jpg
查无市价,68.0,[Top MINT] SMC Pentax A 645 Takumar 45mm f/2.8 Wide Angle MF Lens From JAPAN,Pentax,Lenses,Used,249.99,USD,FIXED_PRICE,16,0,grail:645;mount:pentax k;good-cond,JP,japan_camera_0511,100.0,2026-08-13T11:11:10.000Z,,https://www.ebay.com/itm/227474107247?hash=item34f6836b6f:g:fiMAAeSwxvxqfaaO,https://i.ebayimg.com/images/g/fiMAAeSwxvxqfaaO/s-l225.jpg
查无市价,68.0,Voigtlander Prominent 24X36 35mm Film Camera Ultron 1:2/50 Parts or Repair,Voigtlander,Vintage Cameras,,250.0,USD,"FIXED_PRICE,BEST_OFFER",12,0,grail:Ultron,US,evins94,97.8,2026-08-14T12:46:19.000Z,,https://www.ebay.com/itm/168613342930?hash=item2742236ed2:g:~egAAeSwdh5qfeYv,https://i.ebayimg.com/images/g/~egAAeSwdh5qfeYv/s-l225.jpg
残件/按现状,68.0,Rare Early Mamiya 35 I Hexar Konishiroku f3.5/50mm Rangefinder Camera MIOJ 1949,Mamiya,Film Cameras,For parts or not working,335.52,USD,"FIXED_PRICE,BEST_OFFER",23,1316,grail:Hexar,US,well-cam,100.0,2026-08-13T20:15:00.000Z,,https://www.ebay.com/itm/358923092318?hash=item53917bc15e:g:TnsAAeSwaJdqfgAg,https://i.ebayimg.com/images/g/TnsAAeSwaJdqfgAg/s-l225.jpg
无图,68.0,S/N 841xxx [N MINT+++] Nikon New FM2 FM2N Film Camera Ai-s 50mm f/1.4 Lens JAPAN,Nikon,Film Cameras,Used,499.49,USD,"FIXED_PRICE,BEST_OFFER",0,0,grail:FM2;mount:nikon f;good-cond,JP,hisar-0,100.0,2026-08-13T19:25:53.000Z,,https://www.ebay.com/itm/227474648964?hash=item34f68baf84:i:227474648964,
查无市价,68.0,Rare [MINT] voigtlander Heliar 15cm 150mm 4.5 L39 Mount w/ M Adapter From JAPAN,Voigtlander,Lenses,Used,1149.99,USD,FIXED_PRICE,7,1600,grail:Heliar;mount:ltm/l39;good-cond,JP,japan-trade810,98.9,2026-08-13T07:26:14.000Z,,https://www.ebay.com/itm/117356805179?hash=item1b5302bc3b:g:JQ8AAeSw2SRqfXJK,https://i.ebayimg.com/images/g/JQ8AAeSw2SRqfXJK/s-l225.jpg
查无市价,68.0,[MINT] Hasselblad Carl Zeiss T Distagon CF 40mm 4 FLE Lens Nikon F adapter Japan,Hasselblad,Lenses,Used,1899.99,USD,FIXED_PRICE,15,1600,grail:Distagon;mount:nikon f;good-cond,JP,sakura_vintage_camera,100.0,2026-08-13T09:54:27.000Z,,https://www.ebay.com/itm/398280711307?hash=item5cbb615c8b:g:mNIAAeSwMjhqfZWF,https://i.ebayimg.com/images/g/mNIAAeSwMjhqfZWF/s-l225.jpg
查无市价,68.0,Rare Black Paint[MINT] Leica M4 S/N 124xxxx Rangefinder Film Camera From JAPAN,Leica,Film Cameras,Used,6999.99,USD,FIXED_PRICE,9,1600,grail:Leica M4;good-cond,JP,japan-trade810,98.9,2026-08-13T16:46:30.000Z,,https://www.ebay.com/itm/117357692251?hash=item1b5310455b:g:A0wAAeSwWUhqff63,https://i.ebayimg.com/images/g/A0wAAeSwWUhqff63/s-l225.jpg
查无市价,68.0,Rare Original Black [Top MINT] Leica M4 S/N1413xxx Rangefinder Film Camera JAPAN,Leica,Film Cameras,Used,6999.99,USD,FIXED_PRICE,13,1600,grail:Leica M4;good-cond,JP,japan-trade810,98.9,2026-08-13T15:19:53.000Z,,https://www.ebay.com/itm/117357501035?hash=item1b530d5a6b:g:L6AAAeSw-Mdqfe7y,https://i.ebayimg.com/images/g/L6AAAeSw-Mdqfe7y/s-l225.jpg
型号不明,67.0,LEICA Extender R 2x LEITZ EXTENDER-R2X FOR LEICA-R Used,Leica,Lenses,Used,156.44,USD,FIXED_PRICE,2,1280,underpriced(med 1181),JP,hard-off-japan-in-au,99.2,2026-08-13T11:24:58.000Z,,https://www.ebay.com/itm/318723316073?hash=item4a3563d969:g:u60AAeSwCYxqfarC,https://i.ebayimg.com/images/g/u60AAeSwCYxqfarC/s-l225.jpg
型号不明,67.0,AVENON P.H28 AIR LENS with Leica Mount and Filter,Leica,Lenses,Used,230.77,USD,"FIXED_PRICE,BEST_OFFER",3,1080,underpriced(med 1181),JP,l9531336,100.0,2026-08-13T08:20:34.000Z,,https://www.ebay.com/itm/298584201788?hash=item4585015a3c:g:x1wAAeSwLxRqfX8K,https://i.ebayimg.com/images/g/x1wAAeSwLxRqfX8K/s-l225.jpg
型号不明,67.0,"Leica 18548 for d-lux 7.8, Type 109",Leica,Lenses,Used,252.53,USD,"FIXED_PRICE,BEST_OFFER",2,1080,underpriced(med 1181),JP,l9531336,100.0,2026-08-13T08:20:32.000Z,,https://www.ebay.com/itm/298584201553?hash=item4585015951:g:2DAAAeSwNtZqfX97,https://i.ebayimg.com/images/g/2DAAAeSwNtZqfX97/s-l225.jpg
型号不明,67.0,LEICA 12585 E39 Lens Hood for M35mm and M50mm Lenses,Leica,Lenses,Used,254.95,USD,"FIXED_PRICE,BEST_OFFER",6,893,underpriced(med 1181),JP,l9531336,100.0,2026-08-13T08:20:32.000Z,,https://www.ebay.com/itm/298584201617?hash=item4585015991:g:36YAAeSwWatqfX8a,https://i.ebayimg.com/images/g/36YAAeSwWatqfX8a/s-l225.jpg
残件/按现状,66.0,PENTAX Junk Single Focus Lens SUPER-TAKUMAR 55MM 1:1.855 Used,Pentax,Lenses,Used,61.03,USD,FIXED_PRICE,4,1280,55mm;as-is;underpriced(med 177),JP,hard-off-japan-in-au,99.2,2026-08-13T17:22:14.000Z,,https://www.ebay.com/itm/318724696807?hash=item4a3578eae7:g:imMAAeSwy0VqfglB,https://i.ebayimg.com/images/g/imMAAeSwy0VqfglB/s-l225.jpg
型号不明,66.0,Leica IIc L39 Mount Silver Body from Japan,Leica,Lenses,Used,663.52,USD,FIXED_PRICE,8,1000,grail:Leica IIc;mount:ltm/l39,JP,ginzaluxuryfinds,100.0,2026-08-13T11:16:13.000Z,,https://www.ebay.com/itm/366603033011?hash=item555b3e59b3:g:tE8AAeSwAuVqfai8,https://i.ebayimg.com/images/g/tE8AAeSwAuVqfai8/s-l225.jpg
型号不明,66.0,Leica Elmar 50 2.8 Retractable Lens (L39) from Japan,Leica,Lenses,Used,693.05,USD,FIXED_PRICE,7,700,grail:Elmar;mount:ltm/l39,JP,ginzaluxuryfinds,100.0,2026-08-13T11:16:10.000Z,,https://www.ebay.com/itm/366603032530?hash=item555b3e57d2:g:jpYAAeSw3DNqfaht,https://i.ebayimg.com/images/g/jpYAAeSw3DNqfaht/s-l225.jpg
残件/按现状,65.0,"instax mini film camera, Lens Is Jammed, Parts Only And Accessories",Instax,Film Cameras,For parts or not working,25.0,USD,"FIXED_PRICE,BEST_OFFER",4,1600,as-is;underpriced(med 156),US,bill49684,98.7,2026-08-13T23:12:17.000Z,,https://www.ebay.com/itm/158185669312?hash=item24d499c2c0:g:pKQAAeSwR01qfk7S,https://i.ebayimg.com/images/g/pKQAAeSwR01qfk7S/s-l225.jpg
残件/按现状,65.0,Nikon AF-S DX NIKON 55-200 mm 1:4-5.6G ED Lens Parts/Repair,Nikon,Lenses,For parts or not working,25.0,USD,"FIXED_PRICE,BEST_OFFER",9,1600,underpriced(med 249),US,surplus_guy_365,100.0,2026-08-13T19:32:36.000Z,,https://www.ebay.com/itm/168611630018?hash=item2742094bc2:g:~HsAAeSwE-hqfhu6,https://i.ebayimg.com/images/g/~HsAAeSwE-hqfhu6/s-l225.jpg
残件/按现状,65.0,Zenit-E Olympics SLR,Zenit,Film Cameras,For parts or not working,25.0,USD,"FIXED_PRICE,BEST_OFFER",6,1600,underpriced(med 99),US,jmook789,100.0,2026-08-13T18:55:49.000Z,,https://www.ebay.com/itm/227474622178?hash=item34f68b46e2:g:Bg4AAeSwazxqfhFY,https://i.ebayimg.com/images/g/Bg4AAeSwazxqfhFY/s-l225.jpg
型号不明,65.0,Olympus Teleconverter 1.3X Lens - Quick Shooter/ AFL-S,Olympus,Lenses,Used,27.99,USD,FIXED_PRICE,4,1600,underpriced(med 212),US,kriando0,99.6,2026-08-13T11:30:59.000Z,,https://www.ebay.com/itm/800501680075?hash=itemba619e47cb:g:s-4AAeSwlKlqEXva,https://i.ebayimg.com/images/g/s-4AAeSwlKlqEXva/s-l225.jpg
型号不明,65.0,"Vintage Yashica DX50mm 1:2 Manual Lens, in great shape",Yashica,Lenses,Used,29.74,USD,"FIXED_PRICE,BEST_OFFER",4,1600,underpriced(med 91),US,treasureislandusa,99.9,2026-08-13T19:36:04.000Z,,https://www.ebay.com/itm/318725195248?hash=item4a358085f0:g:RQ0AAeSwJM5qVUUZ,https://i.ebayimg.com/images/g/RQ0AAeSwJM5qVUUZ/s-l225.jpg
残件/按现状,65.0,Konica Hexanon AR 135mm f/3.2 Manual Focus Telephoto Lens Japan with Caps & Case,Konica,Lenses,For parts or not working,42.0,USD,FIXED_PRICE,13,1600,underpriced(med 141),US,things-n-moreshop,100.0,2026-08-13T13:00:39.000Z,,https://www.ebay.com/itm/237003421975?hash=item372e813917:g:oIQAAOSw0SFnp9f3,https://i.ebayimg.com/images/g/oIQAAOSw0SFnp9f3/s-l225.jpg
型号不明,65.0,Nikon Fisheye converter FC-E8 0.21x ultra wide angle JAPAN,Nikon,Lenses,Used,55.96,USD,"FIXED_PRICE,BEST_OFFER",10,1600,underpriced(med 249),US,nuts4hogs,99.8,2026-08-13T18:42:19.000Z,,https://www.ebay.com/itm/237004061627?hash=item372e8afbbb:g:bzMAAOSw3W5nhalZ,https://i.ebayimg.com/images/g/bzMAAOSw3W5nhalZ/s-l225.jpg
型号不明;图片不足,65.0,NIKON AF-P NIKKOR 18-55 (PPJ032305),Nikon,Lenses,New,70.0,USD,"FIXED_PRICE,BEST_OFFER",1,640,mount:nikon f;underpriced(med 249),US,paramountpawn,100.0,2026-08-13T18:00:20.000Z,,https://www.ebay.com/itm/147502749392?hash=item2257d956d0:g:-4YAAeSwDp1qfgYz,https://i.ebayimg.com/images/g/-4YAAeSwDp1qfgYz/s-l225.jpg
型号不明,65.0,Canon EF-S 18-55 F3.5-5.6 IS II Excellent Condition,Canon,Lenses,Used,89.99,USD,FIXED_PRICE,5,1600,mount:canon ef;underpriced(med 297),US,c546_97,99.6,2026-08-13T20:32:45.000Z,,https://www.ebay.com/itm/398282453599?hash=item5cbb7bf25f:g:tkcAAeSwC-Fqfimv,https://i.ebayimg.com/images/g/tkcAAeSwC-Fqfimv/s-l225.jpg
型号不明,65.0,MINT CONDITION Canon FT QL film camera,Canon,Vintage Cameras,,110.0,USD,"FIXED_PRICE,BEST_OFFER",9,1600,good-cond,US,blmav-88,100.0,2026-08-13T17:50:23.000Z,,https://www.ebay.com/itm/377415811523?hash=item57dfbc41c3:g:dfcAAeSw5fZqfgMi,https://i.ebayimg.com/images/g/dfcAAeSw5fZqfgMi/s-l225.jpg
型号不明,65.0,[Top MINT w/bag] Canon Extender EF 1.4x II Teleconverter For EF Mount From JAPAN,Canon,Lenses,Used,134.99,USD,FIXED_PRICE,23,1240,mount:canon ef;good-cond,JP,ban_zai_camera,100.0,2026-08-13T06:35:04.000Z,,https://www.ebay.com/itm/407140684019?hash=item5ecb79d0f3:g:eVYAAeSwbspqfWYV,https://i.ebayimg.com/images/g/eVYAAeSwbspqfWYV/s-l225.jpg
型号不明;无图,65.0,[MINT] Canon Extender EF 1.4x ii ll Teleconverter From JAPAN,Canon,Lenses,Used,139.99,USD,FIXED_PRICE,0,0,mount:canon ef;good-cond,JP,sat-camera-japan,100.0,2026-08-13T13:06:25.000Z,,https://www.ebay.com/itm/147502195782?hash=item2257d0e446:i:147502195782,
型号不明,65.0,【 Opt MINT 】Canon Extender EF 2x II Teleconverter Lens EF Mount From JAPAN #483,Canon,Lenses,Used,144.99,USD,FIXED_PRICE,8,1600,mount:canon ef;good-cond,JP,full-moon_camera_tokyo,99.8,2026-08-13T07:40:57.000Z,,https://www.ebay.com/itm/366602676769?hash=item555b38ea21:g:WPQAAeSwFd5qBcRX,https://i.ebayimg.com/images/g/WPQAAeSwFd5qBcRX/s-l225.jpg
查无市价,65.0,[MINT] Zeiss Ikon Movinette 8B Carl Zeiss 10mm F/2.8 Movitelar 2xf From JAPAN,Zeiss,Film Cameras,Used,199.99,USD,FIXED_PRICE,11,0,good-cond,JP,japan-trade810,98.9,2026-08-13T14:41:24.000Z,,https://www.ebay.com/itm/117357425769?hash=item1b530c3469:g:qrUAAeSwgIBqfeK1,https://i.ebayimg.com/images/g/qrUAAeSwgIBqfeK1/s-l225.jpg
残件/按现状,64.0,Olympus OM-1 35mm SLR Film Camera W Zuiko 50mm 1.8 Lens,Olympus,Film Cameras,For parts or not working,0.0,USD,"AUCTION,BEST_OFFER",8,1600,grail:OM-1;mount:olympus om;auction,US,gthunter342,99.3,2026-08-13T15:26:43.000Z,2026-08-20T15:26:43.000Z,https://www.ebay.com/itm/117357519809?hash=item1b530da3c1:g:nzEAAeSwk8FqRoLG,https://i.ebayimg.com/images/g/nzEAAeSwk8FqRoLG/s-l225.jpg
残件/按现状,64.0,Canon F-1 35mm SLR Camera FD 85mm f/1.8 SSC Speed Finder Kit Japan Untested (J),Canon,Vintage Cameras,,0.0,USD,"AUCTION,BEST_OFFER",16,1600,grail:Canon F-1;mount:canon fd;as-is;auction,US,booksfromca,99.7,2026-08-13T14:09:44.000Z,2026-08-20T14:09:44.000Z,https://www.ebay.com/itm/800502311337?hash=itemba61a7e9a9:g:iloAAeSw8KJqVowZ,https://i.ebayimg.com/images/g/iloAAeSw8KJqVowZ/s-l225.jpg
残件/按现状,64.0,Canon F-1 35mm SLR Film Camera w/ Canon FD 35mm f/2 Lens Japan Untested (J),Canon,Vintage Cameras,,0.0,USD,"AUCTION,BEST_OFFER",13,1600,grail:Canon F-1;mount:canon fd;as-is;auction,US,booksfromca,99.7,2026-08-13T14:09:44.000Z,2026-08-20T14:09:44.000Z,https://www.ebay.com/itm/147502296541?hash=item2257d26ddd:g:GIYAAeSw5oRqVk7E,https://i.ebayimg.com/images/g/GIYAAeSw5oRqVk7E/s-l225.jpg
残件/按现状,64.0,"Sony Carl Zeiss VARIO Tessar 2,8-3,7/6-72 7.2mega Pixels Untested",Sony,Camcorders,For parts or not working,25.49,USD,"FIXED_PRICE,BEST_OFFER",7,1600,grail:Tessar;as-is;underpriced(med 160),US,treasureislandusa,99.9,2026-08-13T22:18:25.000Z,,https://www.ebay.com/itm/318725833151?hash=item4a358a41bf:g:bgEAAeSwsHRqVWre,https://i.ebayimg.com/images/g/bgEAAeSwsHRqVWre/s-l225.jpg
残件/按现状,64.0,Minolta x-300s 35mm SLR Camera Body PARTS Has No Battery Cover Cannot Confirm,Minolta,Film Cameras,For parts or not working,28.24,USD,"FIXED_PRICE,BEST_OFFER",8,1600,underpriced(med 100);low-feedback,AU,perfect_pixels,96.1,2026-08-13T23:24:58.000Z,,https://www.ebay.com/itm/398282839510?hash=item5cbb81d5d6:g:h1gAAOSwBC1mcuKv,https://i.ebayimg.com/images/g/h1gAAOSwBC1mcuKv/s-l225.jpg
残件/按现状,64.0,Minolta X-700 Vintage Film Camera Untested,Minolta,Film Cameras,For parts or not working,67.62,USD,"FIXED_PRICE,BEST_OFFER",10,1600,grail:X-700;as-is,US,mafri4931,100.0,2026-08-13T20:09:34.000Z,,https://www.ebay.com/itm/800503576484?hash=itemba61bb37a4:g:fQUAAeSwMDlqVUyn,https://i.ebayimg.com/images/g/fQUAAeSwMDlqVUyn/s-l225.jpg
残件/按现状,64.0,MINOLTA X-700 35mm Film Camera Body Nikon N80 Lens Flash Bag Vivatar 50Mm Hoya,Minolta,Film Cameras,For parts or not working,99.99,USD,"FIXED_PRICE,BEST_OFFER",22,1600,grail:X-700,US,classictoysmi,99.9,2026-08-13T16:08:03.000Z,,https://www.ebay.com/itm/257678292366?hash=item3bfed2b58e:g:-XAAAeSwZVNqOHsG,https://i.ebayimg.com/images/g/-XAAAeSwZVNqOHsG/s-l225.jpg
残件/按现状,64.0,Vintage Asahi Pentax K1000 Film Camera w/Filter TESTED!!! READ DESCRIPTION!!!,Asahi,Film Cameras,Used,112.49,USD,FIXED_PRICE,10,1600,grail:K1000,US,goodwillomaha,99.8,2026-08-13T10:02:36.000Z,,https://www.ebay.com/itm/287522346963?hash=item42f1aad7d3:g:~7wAAeSwSApqc4FO,https://i.ebayimg.com/images/g/~7wAAeSwSApqc4FO/s-l225.jpg
残件/按现状,64.0,Vintage Canon AE-1 Program 35mm Film Camera Untested Expired Film A8,Canon,Film Cameras,For parts or not working,129.95,USD,FIXED_PRICE,6,1600,grail:AE-1;as-is,US,thethri_26,99.1,2026-08-13T08:52:31.000Z,,https://www.ebay.com/itm/800501106589?hash=itemba6195879d:g:rbIAAeSw~cFqfO4j,https://i.ebayimg.com/images/g/rbIAAeSw~cFqfO4j/s-l225.jpg
残件/按现状,64.0,Canon AE-1 Film Camera with Canon 50mm Lens and Cap Untested AS IS,Canon,Film Cameras,Used,139.95,USD,FIXED_PRICE,10,1410,grail:AE-1;as-is,US,xoticpawn,99.0,2026-08-13T19:34:39.000Z,,https://www.ebay.com/itm/168611632470?hash=item2742095556:g:NnYAAOSwuTNlvB3x,https://i.ebayimg.com/images/g/NnYAAOSwuTNlvB3x/s-l225.jpg
残件/按现状,64.0,Canon AE-1 Program 35mm Manual SLR Film Camera with 50mm 1:1.8 Lens,Canon,Film Cameras,For parts or not working,140.0,USD,FIXED_PRICE,4,1600,grail:AE-1,US,cruzin55az,100.0,2026-08-13T23:01:03.000Z,,https://www.ebay.com/itm/128025471872?hash=item1dcee9ab80:g:y0QAAeSwVnNqfkoj,https://i.ebayimg.com/images/g/y0QAAeSwVnNqfkoj/s-l225.jpg
残件/按现状;描述含糊,64.0,Asahi PENTAX SPOTMATIC F W/ Tamron 2 28mm Lens + 75-200mm Lens Untested See Pics,Asahi,Vintage Cameras,,149.0,USD,"FIXED_PRICE,BEST_OFFER",22,1600,grail:SPOTMATIC;as-is,US,blueb444,100.0,2026-08-13T17:23:03.000Z,,https://www.ebay.com/itm/377415728997?hash=item57dfbaff65:g:cKEAAeSw4qpqffos,https://i.ebayimg.com/images/g/cKEAAeSw4qpqffos/s-l225.jpg
残件/按现状;打包杂件,64.0,Lot Of 3 Canon AE-1 a300 S30 Cameras unknown working All for parts,Canon,Film Cameras,For parts or not working,149.89,USD,"FIXED_PRICE,BEST_OFFER",3,1600,grail:AE-1;as-is,US,thecleanersvtg,98.3,2026-08-13T06:25:53.000Z,,https://www.ebay.com/itm/178402044942?hash=item2989972c0e:g:5WkAAeSw1yVqfWNJ,https://i.ebayimg.com/images/g/5WkAAeSw1yVqfWNJ/s-l225.jpg
残件/按现状,64.0,Nikon F2 A with DP-11 Photomic with Nikkor 28mm f2.8 Tested. Timer doesn't work,Nikon,Film Cameras,Used,250.0,USD,"FIXED_PRICE,BEST_OFFER",20,1600,grail:Nikon F2;mount:nikon f;as-is,US,timothyb-radharris,0.0,2026-08-13T23:41:30.000Z,,https://www.ebay.com/itm/287523582181?hash=item42f1bdb0e5:g:yFQAAeSwJtNqflVY,https://i.ebayimg.com/images/g/yFQAAeSwJtNqflVY/s-l225.jpg
查无市价,64.0,ZEISS Batis 18mm f/2.8 Distagon T* AF Lens Sony E Mount Front Rear Caps,Zeiss,Film Cameras,Used,550.0,USD,"FIXED_PRICE,BEST_OFFER",6,1600,grail:Distagon;mount:sony e,US,wind-tech,100.0,2026-08-14T07:15:08.000Z,,https://www.ebay.com/itm/318727841699?hash=item4a35a8e7a3:g:SOsAAeSwqXxqfr~2,https://i.ebayimg.com/images/g/SOsAAeSwqXxqfr~2/s-l225.jpg
残件/按现状,63.0,Zeiss Ikon Contina 35mm Camera Novar-A 45mm f/3.5 w/ leather Case untested,Zeiss,Vintage Cameras,,25.0,USD,"FIXED_PRICE,BEST_OFFER",10,1600,as-is,US,mdm2010,99.2,2026-08-13T22:18:57.000Z,,https://www.ebay.com/itm/267756445919?hash=item3e578720df:g:NKcAAeSw19lqfkJs,https://i.ebayimg.com/images/g/NKcAAeSw19lqfkJs/s-l225.jpg
残件/按现状,63.0,NIKON LENS 18-105MM 3.5-5.6G ED Junk Used,Nikon,Lenses,Used,61.03,USD,FIXED_PRICE,5,1280,as-is;underpriced(med 249),JP,hard-off-japan-in-au,99.2,2026-08-13T17:22:35.000Z,,https://www.ebay.com/itm/318724697327?hash=item4a3578ecef:g:ULIAAeSwtEFqfguh,https://i.ebayimg.com/images/g/ULIAAeSwtEFqfguh/s-l225.jpg
型号不明,63.0,NIKON Standard Zoom Lens AF-P 18-55M 1:3.5-5.6 G Used,Nikon,Lenses,Used,61.03,USD,FIXED_PRICE,2,1280,underpriced(med 249),JP,hard-off-japan-in-au,99.2,2026-08-13T17:22:35.000Z,,https://www.ebay.com/itm/318724697350?hash=item4a3578ed06:g:QmwAAeSwqXxqfgm8,https://i.ebayimg.com/images/g/QmwAAeSwqXxqfgm8/s-l225.jpg
残件/按现状,63.0,Olympus Digital 40-150mm f/4-5.6 ED MSC 1657 Telephoto Zoom Lens UNTESTED AS IS,Olympus,Lenses,Used,69.0,USD,"FIXED_PRICE,BEST_OFFER",17,1600,as-is;underpriced(med 212),JP,best-film-camera,99.9,2026-08-13T07:52:24.000Z,,https://www.ebay.com/itm/137615911392?hash=item200a8c29e0:g:kngAAeSwPxJqWHM1,https://i.ebayimg.com/images/g/kngAAeSwPxJqWHM1/s-l225.jpg
型号不明,63.0,SIGMAFOR PENTAX LENS 70-300MMF4-5.6DL MACRO SUPER Used,Pentax,Lenses,Used,70.57,USD,FIXED_PRICE,3,1280,underpriced(med 177),JP,hard-off-japan-in-au,99.2,2026-08-13T17:22:22.000Z,,https://www.ebay.com/itm/318724697034?hash=item4a3578ebca:g:jYgAAeSwMyRqfghh,https://i.ebayimg.com/images/g/jYgAAeSwMyRqfghh/s-l225.jpg
残件/按现状,63.0,OLYMPUS Single Focus Lens 38MM 1.8 Junk Used,Olympus,Lenses,Used,80.11,USD,FIXED_PRICE,3,1280,as-is;underpriced(med 212),JP,hard-off-japan-in-au,99.2,2026-08-13T17:22:18.000Z,,https://www.ebay.com/itm/318724696898?hash=item4a3578eb42:g:MBMAAeSwvmNqfgjq,https://i.ebayimg.com/images/g/MBMAAeSwvmNqfgjq/s-l225.jpg
型号不明,63.0,CANON lens Used,Canon,Lenses,Used,97.55,USD,FIXED_PRICE,3,1200,underpriced(med 297),JP,beecruise04,97.6,2026-08-13T16:39:35.000Z,,https://www.ebay.com/itm/318724543059?hash=item4a35769253:g:0LQAAeSwCQJqff6p,https://i.ebayimg.com/images/g/0LQAAeSwCQJqff6p/s-l225.jpg
型号不明,63.0,[Unused Set] Canon Tele Converter TC-DC58A 1.5x Lens Adapter LA-DC58C From JAPAN,Canon,Lenses,Used,99.99,USD,FIXED_PRICE,7,1600,underpriced(med 297),JP,hideyo_88,100.0,2026-08-13T07:20:05.000Z,,https://www.ebay.com/itm/318722470210?hash=item4a3556f142:g:~5UAAeSwQOlqfXEI,https://i.ebayimg.com/images/g/~5UAAeSwQOlqfXEI/s-l225.jpg
型号不明,63.0,CANON Single Focus Lens EF50MM F1.8 STM Used,Canon,Lenses,Used,127.82,USD,FIXED_PRICE,9,1280,underpriced(med 297),JP,hard-off-japan-in-au,99.2,2026-08-13T17:22:18.000Z,,https://www.ebay.com/itm/318724696912?hash=item4a3578eb50:g:1LwAAeSwMCBqfgoc,https://i.ebayimg.com/images/g/1LwAAeSwMCBqfgoc/s-l225.jpg
残件/按现状,63.0,Classic Camera Set of 6 MAMIYA-6 Voigtlander Kodak Bellows Camera 8mm Junk Item,Mamiya,Film Cameras,For parts or not working,208.41,USD,FIXED_PRICE,8,1200,as-is,JP,quorefl-53,100.0,2026-08-14T00:02:26.000Z,,https://www.ebay.com/itm/800504296352?hash=itemba61c633a0:g:LI4AAeSwHn1qflxC,https://i.ebayimg.com/images/g/LI4AAeSwHn1qflxC/s-l225.jpg
型号不明,63.0,Leica M Adapter T Mount Adapter from Japan,Leica,Lenses,Used,488.09,USD,FIXED_PRICE,12,1200,mount:leica m;underpriced(med 1181),JP,ginzaluxuryfinds,100.0,2026-08-13T10:52:23.000Z,,https://www.ebay.com/itm/366602994098?hash=item555b3dc1b2:g:RhYAAeSw3bJqfaLv,https://i.ebayimg.com/images/g/RhYAAeSw3bJqfaLv/s-l225.jpg
残件/按现状;打包杂件,62.0,Junk Canon IXY Olympus μ[mju:] Minolta APS Compact Film Cameras Lot of 5 JAPAN,Canon,Film Cameras,For parts or not working,0.0,USD,AUCTION,2,1285,grail:mju;as-is;auction,JP,jantoyo9,100.0,2026-08-13T12:07:12.000Z,2026-08-20T12:07:12.000Z,https://www.ebay.com/itm/257677956517?hash=item3bfecd95a5:g:fXkAAeSwsFZqcDEJ,https://i.ebayimg.com/images/g/fXkAAeSwsFZqcDEJ/s-l225.jpg
型号不明,62.0,Auto Extension tube 26 for Macro Close-Up Shooting Compatible with Nikon AI,Nikon,Lenses,Usato,29.96,USD,"FIXED_PRICE,BEST_OFFER",2,800,underpriced(med 249),IT,blackdove-cameras,100.0,2026-08-13T08:18:06.000Z,,https://www.ebay.com/itm/318722664347?hash=item4a3559e79b:g:hdoAAeSwWQxqfX0Y,https://i.ebayimg.com/images/g/hdoAAeSwWQxqfX0Y/s-l225.jpg
型号不明;图片过小,62.0,"Micro Zoom Lens Nikon/Vivitar Micro Zoom Lens Japon Black 5,5""mm Case Aluminum",Nikon,Lenses,Used,46.65,USD,"FIXED_PRICE,BEST_OFFER",12,512,underpriced(med 249),CA,percivalbuntyn,99.3,2026-08-13T11:20:01.000Z,,https://www.ebay.com/itm/188786301982?hash=item2bf48a5c1e:g:hscAAOSw9XNnaGj~,https://i.ebayimg.com/images/g/hscAAOSw9XNnaGj~/s-l225.jpg
残件/按现状,62.0,ZENZA BRONICA LENS ZENZANON PE 150MM F3.5 Junk Used,Bronica,Lenses,Used,156.44,USD,FIXED_PRICE,17,1280,grail:BRONICA LENS;as-is,JP,hard-off-japan-in-au,99.2,2026-08-13T17:22:39.000Z,,https://www.ebay.com/itm/318724697464?hash=item4a3578ed78:g:pqQAAeSwJoxqfglJ,https://i.ebayimg.com/images/g/pqQAAeSwJoxqfglJ/s-l225.jpg
残件/按现状,62.0,[For Parts/Junk] Nikon F2 Photomic Silver DP-1 35mm SLR Film Camera Body #256,Nikon,Film Cameras,Used,197.42,USD,FIXED_PRICE,23,1600,grail:Nikon F2;as-is,JP,his50s,100.0,2026-08-13T15:52:03.000Z,,https://www.ebay.com/itm/188787320622?hash=item2bf499e72e:g:ZG8AAeSwEHxqLnWa,https://i.ebayimg.com/images/g/ZG8AAeSwEHxqLnWa/s-l225.jpg
残件/按现状,62.0,[For Parts/Junk] Nikon F2 Photomic Silver DP-1 35mm SLR Film Camera Body #259,Nikon,Film Cameras,Used,199.42,USD,FIXED_PRICE,23,1600,grail:Nikon F2;as-is,JP,his50s,100.0,2026-08-14T07:52:02.000Z,,https://www.ebay.com/itm/188790639236?hash=item2bf4cc8a84:g:ioQAAeSwAdhqLxZH,https://i.ebayimg.com/images/g/ioQAAeSwAdhqLxZH/s-l225.jpg
查无市价,62.0,[Vintage Top MINT] Kodak Regent Folding Film Camera jena Tessar 10.5cm f4.5 JPN,Kodak,Film Cameras,Used,399.99,USD,FIXED_PRICE,20,0,grail:Tessar;good-cond,JP,coral-takesea,100.0,2026-08-13T22:05:10.000Z,,https://www.ebay.com/itm/318725767989?hash=item4a35894335:g:4RYAAeSwndBqfj9e,https://i.ebayimg.com/images/g/4RYAAeSwndBqfj9e/s-l225.jpg
残件/按现状,62.0,CONTAX G1 Film Camera Body Titanium Rangefinder Junk From Japan,Contax,Film Cameras,For parts or not working,404.53,USD,FIXED_PRICE,8,1200,grail:CONTAX G1;as-is,JP,manekineko-japan,98.4,2026-08-14T11:17:48.000Z,,https://www.ebay.com/itm/206490418837?hash=item3013c9be95:g:rJEAAeSwJHdqfvne,https://i.ebayimg.com/images/g/rJEAAeSwJHdqfvne/s-l225.jpg
型号不明,62.0,COSINA Voigtlander MACRO APO-ULTRON D35mm F2 NIKON Z -Mint- 2564,Voigtlander,Lenses,Used,524.33,USD,FIXED_PRICE,2,1200,grail:ULTRON;good-cond,JP,kitamura_camera,100.0,2026-08-13T09:27:26.000Z,,https://www.ebay.com/itm/358921133948?hash=item53915ddf7c:g:UCQAAeSw6fRqftvi,https://i.ebayimg.com/images/g/UCQAAeSw6fRqftvi/s-l225.jpg
查无市价,62.0,RARE! ▶️ PENTAX auto 110 Skeleton Dummy Camera 3Lens set [NEAR MINT] From JAPAN,Pentax,Film Cameras,Used,529.99,USD,FIXED_PRICE,18,1600,grail:auto 110;good-cond,JP,nico_camera.japan,100.0,2026-08-13T13:08:31.000Z,,https://www.ebay.com/itm/128024692634?hash=item1dceddc79a:g:f7MAAeSw-V9qfcGu,https://i.ebayimg.com/images/g/f7MAAeSw-V9qfcGu/s-l225.jpg
型号不明,62.0,D&A DSA 4x5 Digital Backslide Adapter for Contax 645 Large Format,Contax,Film Cameras,Used,731.32,USD,FIXED_PRICE,8,1080,grail:645,JP,taka_68,100.0,2026-08-13T04:12:15.000Z,,https://www.ebay.com/itm/366602369993?hash=item555b343bc9:g:29cAAeSwvFVqfJkG,https://i.ebayimg.com/images/g/29cAAeSwvFVqfJkG/s-l225.jpg
查无市价,62.0,▶MUP 【EXC+5 Grip】 Pentax 6x7 Mirro UP Eye Level Finder + T 105mm Lens from JAPAN,Pentax,Film Cameras,Used,799.9,USD,FIXED_PRICE,23,1600,grail:6x7;good-cond,JP,japanyuichi,100.0,2026-08-13T22:33:25.000Z,,https://www.ebay.com/itm/298585955735?hash=item45851c1d97:g:s6gAAeSwoUJqfkYZ,https://i.ebayimg.com/images/g/s6gAAeSwoUJqfkYZ/s-l225.jpg
残件/按现状,62.0,CONTAX RTS II QUARTZ Film Camera with Telephoto Lens Manual Used AS IS,Contax,Film Cameras,For parts or not working,978.53,USD,FIXED_PRICE,7,1080,grail:CONTAX RTS;as-is,JP,manekineko-japan,98.4,2026-08-13T14:34:34.000Z,,https://www.ebay.com/itm/206488248481?hash=item3013a8a0a1:g:zHEAAeSwUrdqfeJO,https://i.ebayimg.com/images/g/zHEAAeSwUrdqfeJO/s-l225.jpg
查无市价,62.0,Read [MINT] Ricoh GR1V Black 35mm Point Shoot Film Camera Body From JAPAN,Ricoh,Film Cameras,Used,979.99,USD,FIXED_PRICE,9,1600,grail:GR1V;good-cond,JP,japan-trade810,98.9,2026-08-13T15:13:59.000Z,,https://www.ebay.com/itm/117357477608?hash=item1b530cfee8:g:THYAAeSw8fdqfe2a,https://i.ebayimg.com/images/g/THYAAeSw8fdqfe2a/s-l225.jpg
查无市价,62.0,[Unused in Box] Rollei 35 S Black Sonnar 40mm F2.8 Film Camera Flash 121BC JAPAN,Rollei,Film Cameras,Used,1049.99,USD,FIXED_PRICE,17,1600,grail:Sonnar,JP,camera-lady777,100.0,2026-08-13T07:44:02.000Z,,https://www.ebay.com/itm/158183167425?hash=item24d47395c1:g:mxkAAeSwVjtqfXcR,https://i.ebayimg.com/images/g/mxkAAeSwVjtqfXcR/s-l225.jpg
型号不明,62.0,S/N622xxxx [Opt Near Mint ] Nikon SP Black Film Camera 5cm f/1.4 Lens From JAPAN,Nikon,Film Cameras,Used,1549.99,USD,FIXED_PRICE,23,1600,grail:Nikon SP;good-cond,JP,wasabi.camera_825,100.0,2026-08-14T08:38:21.000Z,,https://www.ebay.com/itm/188790814720?hash=item2bf4cf3800:g:fNsAAeSw6wNowWLe,https://i.ebayimg.com/images/g/fNsAAeSw6wNowWLe/s-l225.jpg
查无市价,62.0,Leica M6 Classic Body Black - Meter Issues,Leica,Film Cameras,Used,2600.0,USD,"FIXED_PRICE,AUCTION",14,1600,grail:Leica M6;auction,US,jknorton,100.0,2026-08-14T04:13:05.000Z,2026-08-24T04:13:05.000Z,https://www.ebay.com/itm/227475094624?hash=item34f6927c60:g:t7QAAeSwFatqL1z2,https://i.ebayimg.com/images/g/t7QAAeSwFatqL1z2/s-l225.jpg
查无市价,62.0,Rare[Near MINT] Contax Carl Zeiss APO Sonnar T* 200mm F2 MMJ lens From JAPAN,Contax,Lenses,Used,3999.99,USD,FIXED_PRICE,15,1600,grail:Sonnar;good-cond,JP,japan-trade810,98.9,2026-08-13T15:15:09.000Z,,https://www.ebay.com/itm/117357481187?hash=item1b530d0ce3:g:CAwAAeSwtlZqfeuE,https://i.ebayimg.com/images/g/CAwAAeSwtlZqfeuE/s-l225.jpg
查无市价,62.0,Leica M6 Chrome 35mm Rangefinder Film Camera Body,Leica,Film Cameras,Very Good - Refurbished,4006.0,USD,"FIXED_PRICE,BEST_OFFER",10,800,grail:Leica M6,JP,fivestarcamera,99.9,2026-08-14T03:35:18.000Z,,https://www.ebay.com/itm/307125565733?hash=item47821c3925:g:kd4AAeSwtGBqfozy,https://i.ebayimg.com/images/g/kd4AAeSwtGBqfozy/s-l225.jpg
型号不明,61.0,Sigma 28-105 F2.8 Nikon F Mount Zoom Lens,Sigma,Lenses,Used,48.99,USD,"FIXED_PRICE,BEST_OFFER",9,1600,mount:nikon f;underpriced(med 345),US,chesbb,100.0,2026-08-13T15:28:10.000Z,,https://www.ebay.com/itm/147502440196?hash=item2257d49f04:g:g6EAAeSwazxqfeHc,https://i.ebayimg.com/images/g/g6EAAeSwazxqfeHc/s-l225.jpg
残件/按现状,61.0,Minolta Maxxum 7000 35mm Film Camera w 50mm f1.7 AF Lens Vintage Untested,Minolta,Film Cameras,For parts or not working,49.95,USD,"FIXED_PRICE,BEST_OFFER",9,1600,as-is,US,archiveandanomaly,100.0,2026-08-13T18:16:03.000Z,,https://www.ebay.com/itm/257678482686?hash=item3bfed59cfe:g:zvMAAeSw5jFprdxE,https://i.ebayimg.com/images/g/zvMAAeSw5jFprdxE/s-l225.jpg
残件/按现状,61.0,Minolta X-370 35mm SLR Film Camera Untested,Minolta,Film Cameras,For parts or not working,59.95,USD,"FIXED_PRICE,BEST_OFFER",18,1125,as-is,US,computer-consignments,99.5,2026-08-13T16:17:22.000Z,,https://www.ebay.com/itm/336740610187?hash=item4e674df08b:g:TawAAeSwjgRqfe1u,https://i.ebayimg.com/images/g/TawAAeSwjgRqfe1u/s-l225.jpg
残件/按现状,61.0,Minolta Hi‑Matic AF2 35mm Film Camera & Leather Case/Strap **Untested**,Minolta,Film Cameras,Used,60.0,USD,"FIXED_PRICE,BEST_OFFER",11,1575,as-is,US,safarisupplyco,100.0,2026-08-14T11:01:06.000Z,,https://www.ebay.com/itm/407143933790?hash=item5ecbab675e:g:vL8AAeSwTF5qfvTU,https://i.ebayimg.com/images/g/vL8AAeSwTF5qfvTU/s-l225.jpg
打包杂件,61.0,Fujifilm Instax Mini SE Instant Film Camera + Film Bundle - Green... FREE S&H!,Fujifilm,Film Cameras,New,60.0,USD,FIXED_PRICE,0,1600,,US,browndogretail,99.7,2026-08-13T21:23:45.000Z,,https://www.ebay.com/itm/336740978651?hash=item4e67538fdb:g:CM4AAeSwPw9p4oH~,https://i.ebayimg.com/images/g/CM4AAeSwPw9p4oH~/s-l225.jpg
残件/按现状,61.0,Minolta SRT 202 35mm Film Camera W/ Rokkor-X 50mm f/1.4 Lens - Untested,Minolta,Film Cameras,Used,65.0,USD,FIXED_PRICE,8,1600,mount:minolta md;as-is,US,vintagecollectora,100.0,2026-08-14T02:48:28.000Z,,https://www.ebay.com/itm/307125521174?hash=item47821b8b16:g:fnkAAeSwBclqfoFp,https://i.ebayimg.com/images/g/fnkAAeSwBclqfoFp/s-l225.jpg
打包杂件,61.0,Canon EOS 630 35mm SLR Film Camera + Canon EF 70-210mm f4 + More Bundle,Canon,Film Cameras,Used,79.99,USD,"FIXED_PRICE,BEST_OFFER",11,1600,mount:canon ef,US,jms_products,99.8,2026-08-13T19:12:49.000Z,,https://www.ebay.com/itm/198568880290?hash=item2e3ba0a8a2:g:WfEAAeSwawdqfhbl,https://i.ebayimg.com/images/g/WfEAAeSwawdqfhbl/s-l225.jpg
打包杂件,61.0,Honeywell Pentax Spotmatic Camera Super-Tacumar 55mm Lens Accessory Lot Japan,Pentax,Vintage Cameras,,206.72,USD,"FIXED_PRICE,BEST_OFFER",23,1332,grail:Spotmatic;55mm,US,dustinlee1982,99.7,2026-08-13T20:30:00.000Z,,https://www.ebay.com/itm/800503635643?hash=itemba61bc1ebb:g:03UAAeSwU21qfih1,https://i.ebayimg.com/images/g/03UAAeSwU21qfih1/s-l225.jpg
查无市价,61.0,"Leica-IIIb Vintage 1938-1940 German RF 35mm Camera w/ Lens Leitz Elmar f3,5/5cm",Leica,Film Cameras,Used,1199.99,USD,"FIXED_PRICE,BEST_OFFER",17,1024,grail:Elmar;mount:canon rf,UA,artado,100.0,2026-08-13T13:45:25.000Z,,https://www.ebay.com/itm/147502249607?hash=item2257d1b687:g:dVcAAeSwEx9qfcIC,https://i.ebayimg.com/images/g/dVcAAeSwEx9qfcIC/s-l225.jpg
型号不明,60.0,Nikon AF D Nikki’s 79-210,Nikon,Lenses,Used,100.0,USD,"FIXED_PRICE,AUCTION",2,1600,underpriced(med 249);auction,AU,mb500slc,100.0,2026-08-13T04:18:33.000Z,2026-08-20T04:18:33.000Z,https://www.ebay.com/itm/227473700480?hash=item34f67d3680:g:~XEAAeSwxkhqfUPD,https://i.ebayimg.com/images/g/~XEAAeSwxkhqfUPD/s-l225.jpg
型号不明,60.0,Leica R6 Body Black from Japan,Leica,Lenses,Used,536.72,USD,FIXED_PRICE,7,700,grail:Leica R6,JP,ginzaluxuryfinds,100.0,2026-08-13T11:16:13.000Z,,https://www.ebay.com/itm/366603032956?hash=item555b3e597c:g:WX0AAeSwjZxqfajB,https://i.ebayimg.com/images/g/WX0AAeSwjZxqfajB/s-l225.jpg
型号不明,60.0,Leica Elmar M 90 F4 from Japan,Leica,Lenses,Used,545.41,USD,FIXED_PRICE,7,700,grail:Elmar,JP,ginzaluxuryfinds,100.0,2026-08-13T11:16:12.000Z,,https://www.ebay.com/itm/366603032905?hash=item555b3e5949:g:bZAAAeSwG~Vqfag9,https://i.ebayimg.com/images/g/bZAAAeSwG~Vqfag9/s-l225.jpg
型号不明,60.0,Leica Summicron R 50 2 from Japan,Leica,Lenses,Used,554.09,USD,FIXED_PRICE,7,700,grail:Summicron,JP,ginzaluxuryfinds,100.0,2026-08-13T11:16:12.000Z,,https://www.ebay.com/itm/366603032906?hash=item555b3e594a:g:e3sAAeSwQQxqfaii,https://i.ebayimg.com/images/g/e3sAAeSwQQxqfaii/s-l225.jpg
型号不明,60.0,Leica Elmarit R 90 2.8 3CAM Lens from Japan,Leica,Lenses,Used,554.09,USD,FIXED_PRICE,7,700,grail:Elmarit,JP,ginzaluxuryfinds,100.0,2026-08-13T11:16:11.000Z,,https://www.ebay.com/itm/366603032747?hash=item555b3e58ab:g:URwAAeSw-zVqfaf-,https://i.ebayimg.com/images/g/URwAAeSw-zVqfaf-/s-l225.jpg
型号不明,60.0,Leica Elmar 5cm 3.5 Lens from Japan,Leica,Lenses,Used,564.51,USD,FIXED_PRICE,7,700,grail:Elmar,JP,ginzaluxuryfinds,100.0,2026-08-13T11:16:13.000Z,,https://www.ebay.com/itm/366603032985?hash=item555b3e5999:g:X9AAAeSw1clqfaf4,https://i.ebayimg.com/images/g/X9AAAeSw1clqfaf4/s-l225.jpg
型号不明,60.0,Leica Summicron R 50 2 R only from Japan,Leica,Lenses,Used,564.51,USD,FIXED_PRICE,7,700,grail:Summicron,JP,ginzaluxuryfinds,100.0,2026-08-13T11:16:12.000Z,,https://www.ebay.com/itm/366603032855?hash=item555b3e5917:g:bZ4AAeSwVf1qfajB,https://i.ebayimg.com/images/g/bZ4AAeSwVf1qfajB/s-l225.jpg
型号不明,60.0,Leica IIIf No Self Timer from Japan,Leica,Lenses,Used,564.51,USD,FIXED_PRICE,7,700,grail:Leica IIIf,JP,ginzaluxuryfinds,100.0,2026-08-13T11:16:12.000Z,,https://www.ebay.com/itm/366603032879?hash=item555b3e592f:g:iPUAAeSwndBqfag3,https://i.ebayimg.com/images/g/iPUAAeSwndBqfag3/s-l225.jpg
型号不明;图片过小,60.0,MINOX DCC Leica M3 Digital Camera from Japan,Leica,Lenses,Used,569.72,USD,FIXED_PRICE,0,350,grail:Leica M3,JP,ginzaluxuryfinds,100.0,2026-08-13T11:16:10.000Z,,https://www.ebay.com/itm/366603032593?hash=item555b3e5811:g:TwMAAeSwCclqfafR,https://i.ebayimg.com/images/g/TwMAAeSwCclqfafR/s-l225.jpg
型号不明,60.0,Leica Summicron L 5cm 2 Retractable Lens from Japan,Leica,Lenses,Used,580.14,USD,FIXED_PRICE,7,700,grail:Summicron,JP,ginzaluxuryfinds,100.0,2026-08-13T11:16:11.000Z,,https://www.ebay.com/itm/366603032664?hash=item555b3e5858:g:nD4AAeSwwyJqfaix,https://i.ebayimg.com/images/g/nD4AAeSwwyJqfaix/s-l225.jpg
型号不明,60.0,Leica Elmarit M 135 2.8 from Japan,Leica,Lenses,Used,580.14,USD,FIXED_PRICE,7,700,grail:Elmarit,JP,ginzaluxuryfinds,100.0,2026-08-13T11:16:10.000Z,,https://www.ebay.com/itm/366603032545?hash=item555b3e57e1:g:xdAAAeSwoTxqfahz,https://i.ebayimg.com/images/g/xdAAAeSwoTxqfahz/s-l225.jpg
型号不明,60.0,Leica Elmar 65 3.5 16464K Silver from Japan,Leica,Lenses,Used,588.83,USD,FIXED_PRICE,7,700,grail:Elmar,JP,ginzaluxuryfinds,100.0,2026-08-13T11:16:10.000Z,,https://www.ebay.com/itm/366603032641?hash=item555b3e5841:g:rDQAAeSwhKZqfaf1,https://i.ebayimg.com/images/g/rDQAAeSwhKZqfaf1/s-l225.jpg
型号不明,60.0,Leica Summicron L50 2 Lens from Japan,Leica,Lenses,Used,606.2,USD,FIXED_PRICE,7,700,grail:Summicron,JP,ginzaluxuryfinds,100.0,2026-08-13T11:16:11.000Z,,https://www.ebay.com/itm/366603032714?hash=item555b3e588a:g:nLYAAeSwawdqfah7,https://i.ebayimg.com/images/g/nLYAAeSwawdqfah7/s-l225.jpg
型号不明,60.0,Leica IIIc from Japan,Leica,Lenses,Used,607.94,USD,FIXED_PRICE,7,700,grail:Leica IIIc,JP,ginzaluxuryfinds,100.0,2026-08-13T11:16:10.000Z,,https://www.ebay.com/itm/366603032630?hash=item555b3e5836:g:nH0AAeSwTrRqfahO,https://i.ebayimg.com/images/g/nH0AAeSwTrRqfahO/s-l225.jpg
型号不明,60.0,Leica Elmar 5cm f3.5 from Japan,Leica,Lenses,Used,623.39,USD,FIXED_PRICE,14,1600,grail:Elmar,JP,ginzaluxuryfinds,100.0,2026-08-13T11:16:10.000Z,,https://www.ebay.com/itm/366603032554?hash=item555b3e57ea:g:deQAAeSwli9qfaf4,https://i.ebayimg.com/images/g/deQAAeSwli9qfaf4/s-l225.jpg
型号不明,60.0,Leica Summicron L50 2 from Japan,Leica,Lenses,Used,625.31,USD,FIXED_PRICE,7,731,grail:Summicron,JP,ginzaluxuryfinds,100.0,2026-08-13T11:16:11.000Z,,https://www.ebay.com/itm/366603032675?hash=item555b3e5863:g:ncUAAeSwVopqfah0,https://i.ebayimg.com/images/g/ncUAAeSwVopqfah0/s-l225.jpg
型号不明,60.0,Leica III f Red Synchronization (Self Timer) from Japan,Leica,Lenses,Used,625.31,USD,FIXED_PRICE,7,700,grail:Leica III,JP,ginzaluxuryfinds,100.0,2026-08-13T11:16:10.000Z,,https://www.ebay.com/itm/366603032590?hash=item555b3e580e:g:TXgAAeSwZoJqfahx,https://i.ebayimg.com/images/g/TXgAAeSwZoJqfahx/s-l225.jpg
型号不明,60.0,Leica Viso Elmar 65 F3.5 from Japan,Leica,Lenses,Used,632.25,USD,FIXED_PRICE,7,700,grail:Elmar,JP,ginzaluxuryfinds,100.0,2026-08-13T11:16:12.000Z,,https://www.ebay.com/itm/366603032884?hash=item555b3e5934:g:eGwAAeSwiodqfafD,https://i.ebayimg.com/images/g/eGwAAeSwiodqfafD/s-l225.jpg
型号不明,60.0,Leica Summicron M50 2 (Retractable) from Japan,Leica,Lenses,Used,633.99,USD,FIXED_PRICE,7,700,grail:Summicron,JP,ginzaluxuryfinds,100.0,2026-08-13T11:16:11.000Z,,https://www.ebay.com/itm/366603032687?hash=item555b3e586f:g:o1YAAeSwCGNqfahK,https://i.ebayimg.com/images/g/o1YAAeSwCGNqfahK/s-l225.jpg
型号不明;无图,60.0,Leica IIIa Camera from Japan,Leica,Lenses,Used,640.94,USD,FIXED_PRICE,0,0,grail:Leica IIIa,JP,ginzaluxuryfinds,100.0,2026-08-13T11:16:10.000Z,,https://www.ebay.com/itm/366603032555?hash=item555b3e57eb:i:366603032555,
型号不明,60.0,Leica Elmarit R 28 2.8 3 Cam from Japan,Leica,Lenses,Used,649.62,USD,FIXED_PRICE,7,700,grail:Elmarit,JP,ginzaluxuryfinds,100.0,2026-08-13T11:16:11.000Z,,https://www.ebay.com/itm/366603032699?hash=item555b3e587b:g:W3EAAeSwUulqfag9,https://i.ebayimg.com/images/g/W3EAAeSwUulqfag9/s-l225.jpg
型号不明,60.0,Leica Summicron L 5cm 2 (Retractable) from Japan,Leica,Lenses,Used,651.36,USD,FIXED_PRICE,7,700,grail:Summicron,JP,ginzaluxuryfinds,100.0,2026-08-13T11:16:13.000Z,,https://www.ebay.com/itm/366603032996?hash=item555b3e59a4:g:us4AAeSwfn9qfahA,https://i.ebayimg.com/images/g/us4AAeSwfn9qfahA/s-l225.jpg
型号不明,60.0,Leica Summicron L 5cm 2 from Japan,Leica,Lenses,Used,651.36,USD,FIXED_PRICE,7,700,grail:Summicron,JP,ginzaluxuryfinds,100.0,2026-08-13T11:16:11.000Z,,https://www.ebay.com/itm/366603032728?hash=item555b3e5898:g:igQAAeSwT4dqfaji,https://i.ebayimg.com/images/g/igQAAeSwT4dqfaji/s-l225.jpg
型号不明,60.0,Leica III from Japan,Leica,Lenses,Used,651.36,USD,FIXED_PRICE,7,700,grail:Leica III,JP,ginzaluxuryfinds,100.0,2026-08-13T11:16:10.000Z,,https://www.ebay.com/itm/366603032612?hash=item555b3e5824:g:HTIAAeSwPd5qfaiA,https://i.ebayimg.com/images/g/HTIAAeSwPd5qfaiA/s-l225.jpg
型号不明,60.0,Leica VARIO ELMAR R 28 70 3.5 4.5 (3 Cam) from Japan,Leica,Lenses,Used,666.99,USD,FIXED_PRICE,7,700,grail:ELMAR,JP,ginzaluxuryfinds,100.0,2026-08-13T11:16:13.000Z,,https://www.ebay.com/itm/366603032989?hash=item555b3e599d:g:YyAAAeSwtGBqfahv,https://i.ebayimg.com/images/g/YyAAAeSwtGBqfahv/s-l225.jpg
型号不明,60.0,Leica Summicron L 5cm 2 from Japan,Leica,Lenses,Used,666.99,USD,FIXED_PRICE,7,700,grail:Summicron,JP,ginzaluxuryfinds,100.0,2026-08-13T11:16:11.000Z,,https://www.ebay.com/itm/366603032778?hash=item555b3e58ca:g:utUAAeSwj-Vqfaf7,https://i.ebayimg.com/images/g/utUAAeSwj-Vqfaf7/s-l225.jpg
型号不明,60.0,Leica VARIO ELMAR R 35 70 3.5 from Japan,Leica,Lenses,Used,666.99,USD,FIXED_PRICE,7,700,grail:ELMAR,JP,ginzaluxuryfinds,100.0,2026-08-13T11:16:10.000Z,,https://www.ebay.com/itm/366603032551?hash=item555b3e57e7:g:sUUAAeSwUiNqfagg,https://i.ebayimg.com/images/g/sUUAAeSwUiNqfagg/s-l225.jpg
型号不明,60.0,Leica Elmar 65 3.5 Lens from Japan,Leica,Lenses,Used,675.68,USD,FIXED_PRICE,7,700,grail:Elmar,JP,ginzaluxuryfinds,100.0,2026-08-13T11:16:13.000Z,,https://www.ebay.com/itm/366603032967?hash=item555b3e5987:g:wqAAAeSwaRZqfahp,https://i.ebayimg.com/images/g/wqAAAeSwaRZqfahp/s-l225.jpg
型号不明,60.0,Leica Summicron M50 2 Retractable Lens from Japan,Leica,Lenses,Used,677.41,USD,FIXED_PRICE,7,700,grail:Summicron,JP,ginzaluxuryfinds,100.0,2026-08-13T11:16:12.000Z,,https://www.ebay.com/itm/366603032853?hash=item555b3e5915:g:v0wAAeSw1yVqfahy,https://i.ebayimg.com/images/g/v0wAAeSw1yVqfahy/s-l225.jpg
型号不明,60.0,Lenses for LEICA L Mount ELMAR 5CM 3.5L 3RD Used,Leica,Lenses,Used,681.24,USD,FIXED_PRICE,4,1280,grail:ELMAR,JP,hard-off-japan-in-au,99.2,2026-08-13T17:22:26.000Z,,https://www.ebay.com/itm/318724697128?hash=item4a3578ec28:g:jVAAAeSwT4dqfgva,https://i.ebayimg.com/images/g/jVAAAeSwT4dqfgva/s-l225.jpg
型号不明,60.0,Leica Elmar 5cm 3.5 from Japan,Leica,Lenses,Used,684.36,USD,FIXED_PRICE,7,700,grail:Elmar,JP,ginzaluxuryfinds,100.0,2026-08-13T11:16:12.000Z,,https://www.ebay.com/itm/366603032858?hash=item555b3e591a:g:vrgAAeSw1WFqfair,https://i.ebayimg.com/images/g/vrgAAeSw1WFqfair/s-l225.jpg
型号不明,60.0,Leica Summicron R 50 2 (3 CAM) Lens from Japan,Leica,Lenses,Used,693.05,USD,FIXED_PRICE,7,700,grail:Summicron,JP,ginzaluxuryfinds,100.0,2026-08-13T11:16:13.000Z,,https://www.ebay.com/itm/366603032987?hash=item555b3e599b:g:WMUAAeSwjZxqfaiu,https://i.ebayimg.com/images/g/WMUAAeSwjZxqfaiu/s-l225.jpg
型号不明,60.0,Leica Nickel Elmar L 50 3.5 Lens from Japan,Leica,Lenses,Used,693.05,USD,FIXED_PRICE,7,700,grail:Elmar,JP,ginzaluxuryfinds,100.0,2026-08-13T11:16:10.000Z,,https://www.ebay.com/itm/366603032604?hash=item555b3e581c:g:yn8AAeSw5fZqfai2,https://i.ebayimg.com/images/g/yn8AAeSw5fZqfai2/s-l225.jpg
型号不明,60.0,Leica Summicron M 50 2 from Japan,Leica,Lenses,Used,694.78,USD,FIXED_PRICE,7,700,grail:Summicron,JP,ginzaluxuryfinds,100.0,2026-08-13T11:16:12.000Z,,https://www.ebay.com/itm/366603032923?hash=item555b3e595b:g:vxoAAeSwWcdqfah5,https://i.ebayimg.com/images/g/vxoAAeSwWcdqfah5/s-l225.jpg
型号不明,60.0,Leica Summicron R 50 2 (2 CAM) from Japan,Leica,Lenses,Used,701.73,USD,FIXED_PRICE,7,700,grail:Summicron,JP,ginzaluxuryfinds,100.0,2026-08-13T11:16:12.000Z,,https://www.ebay.com/itm/366603032874?hash=item555b3e592a:g:kMcAAeSwjJxqfagB,https://i.ebayimg.com/images/g/kMcAAeSwjJxqfagB/s-l225.jpg
型号不明,60.0,Leica IIIF Black Synchron Camera from Japan,Leica,Lenses,Used,703.47,USD,FIXED_PRICE,7,700,grail:Leica IIIF,JP,ginzaluxuryfinds,100.0,2026-08-13T11:16:11.000Z,,https://www.ebay.com/itm/366603032721?hash=item555b3e5891:g:JAcAAeSwv-Jqfais,https://i.ebayimg.com/images/g/JAcAAeSwv-Jqfais/s-l225.jpg
型号不明,60.0,Leica Summicron L 5cm 2 Retractable from Japan,Leica,Lenses,Used,710.42,USD,FIXED_PRICE,7,700,grail:Summicron,JP,ginzaluxuryfinds,100.0,2026-08-13T11:16:12.000Z,,https://www.ebay.com/itm/366603032825?hash=item555b3e58f9:g:tSUAAeSwBidqfaf6,https://i.ebayimg.com/images/g/tSUAAeSwBidqfaf6/s-l225.jpg
型号不明,60.0,Leica IIIF from Japan,Leica,Lenses,Used,712.15,USD,FIXED_PRICE,7,700,grail:Leica IIIF,JP,ginzaluxuryfinds,100.0,2026-08-13T11:16:10.000Z,,https://www.ebay.com/itm/366603032642?hash=item555b3e5842:g:pL0AAeSwyedqfah2,https://i.ebayimg.com/images/g/pL0AAeSwyedqfah2/s-l225.jpg
型号不明,60.0,Leica ELMARIT R 24 2.8 Lens from Japan,Leica,Lenses,Used,719.1,USD,FIXED_PRICE,7,700,grail:ELMARIT,JP,ginzaluxuryfinds,100.0,2026-08-13T11:16:11.000Z,,https://www.ebay.com/itm/366603032719?hash=item555b3e588f:g:KxMAAeSwt99qfah-,https://i.ebayimg.com/images/g/KxMAAeSwt99qfah-/s-l225.jpg
型号不明,60.0,Leica IIIf from Japan,Leica,Lenses,Used,720.84,USD,FIXED_PRICE,7,700,grail:Leica IIIf,JP,ginzaluxuryfinds,100.0,2026-08-13T11:16:11.000Z,,https://www.ebay.com/itm/366603032707?hash=item555b3e5883:g:aLwAAeSw-Mdqfail,https://i.ebayimg.com/images/g/aLwAAeSw-Mdqfail/s-l225.jpg
型号不明,60.0,Leica ELMARIT M135 F2.8 Late Model from Japan,Leica,Lenses,Used,727.79,USD,FIXED_PRICE,7,700,grail:ELMARIT,JP,ginzaluxuryfinds,100.0,2026-08-13T11:16:12.000Z,,https://www.ebay.com/itm/366603032896?hash=item555b3e5940:g:UEEAAeSwU79qfai2,https://i.ebayimg.com/images/g/UEEAAeSwU79qfai2/s-l225.jpg
残件/按现状,59.0,Olympus FE-3010 Orange Digital Camera 12 Megapixel Zoom **NOT TESTED**,Olympus,Digital Cameras,For parts or not working,28.97,USD,"FIXED_PRICE,BEST_OFFER",15,1600,mount:sony e;underpriced(med 231),US,989design,99.6,2026-08-13T14:02:22.000Z,,https://www.ebay.com/itm/278276284540?hash=item40ca8f207c:g:G0IAAeSweKpntj9k,https://i.ebayimg.com/images/g/G0IAAeSweKpntj9k/s-l225.jpg
残件/按现状,59.0,SIGMA Lens DL Zoom 35-80MM 1:4-5.6 Junk Used,Sigma,Lenses,Used,32.4,USD,FIXED_PRICE,2,1280,as-is;underpriced(med 345),JP,hard-off-japan-in-au,99.2,2026-08-13T17:22:18.000Z,,https://www.ebay.com/itm/318724696899?hash=item4a3578eb43:g:XKYAAeSwG~Vqfgjt,https://i.ebayimg.com/images/g/XKYAAeSwG~Vqfgjt/s-l225.jpg
残件/按现状,59.0,TOKINA LENS AF 70-210MM F4-5.6 Junk Used,Tokina,Lenses,Used,32.4,USD,FIXED_PRICE,4,1280,as-is;underpriced(med 145),JP,hard-off-japan-in-au,99.2,2026-08-13T17:22:18.000Z,,https://www.ebay.com/itm/318724696921?hash=item4a3578eb59:g:yXAAAeSwPTdqfgmd,https://i.ebayimg.com/images/g/yXAAAeSwPTdqfgmd/s-l225.jpg
残件/按现状,59.0,Olympus FE-300 12.0MP Digital Camera Black Working READ DESCRIPTION,Olympus,Digital Cameras,Used,49.95,USD,FIXED_PRICE,14,1600,mount:sony e;underpriced(med 231),US,niro_119060,99.8,2026-08-13T05:55:33.000Z,,https://www.ebay.com/itm/407140628658?hash=item5ecb78f8b2:g:6t0AAeSw6z1qfVq6,https://i.ebayimg.com/images/g/6t0AAeSw6z1qfVq6/s-l225.jpg
型号不明,59.0,Sony Lens SAL55200-2 Used,Sony,Lenses,Used,51.49,USD,FIXED_PRICE,3,1280,underpriced(med 350),JP,hard-off-japan-in-au,99.2,2026-08-13T17:22:31.000Z,,https://www.ebay.com/itm/318724697218?hash=item4a3578ec82:g:td8AAeSwFN5qfgo5,https://i.ebayimg.com/images/g/td8AAeSwFN5qfgo5/s-l225.jpg
残件/按现状,59.0,SIGMA Telephoto Lens 70-300MM F4-5.6 DL Junk Used,Sigma,Lenses,Used,51.49,USD,FIXED_PRICE,4,1280,as-is;underpriced(med 345),JP,hard-off-japan-in-au,99.2,2026-08-13T17:22:18.000Z,,https://www.ebay.com/itm/318724696901?hash=item4a3578eb45:g:oQMAAeSwk3lqfgir,https://i.ebayimg.com/images/g/oQMAAeSwk3lqfgir/s-l225.jpg
型号不明,59.0,SIGMA Camera Lens 70-300MM1:4-5.6DL MACRO Used,Sigma,Lenses,Used,51.49,USD,FIXED_PRICE,6,1280,underpriced(med 345),JP,hard-off-japan-in-au,99.2,2026-08-13T11:24:58.000Z,,https://www.ebay.com/itm/318723316075?hash=item4a3563d96b:g:3lsAAeSw-klqfarS,https://i.ebayimg.com/images/g/3lsAAeSw-klqfarS/s-l225.jpg
残件/按现状,59.0,FUJIFILM CARDIA SUPER PANORAMA 28WP Body Compact Film Camera [As-is condition],Fujifilm,Film Cameras,Used,75.07,USD,FIXED_PRICE,9,1200,as-is,JP,quorefl-53,100.0,2026-08-13T06:29:57.000Z,,https://www.ebay.com/itm/800500544917?hash=itemba618cf595:g:R4EAAeSwa4FqfWSl,https://i.ebayimg.com/images/g/R4EAAeSwa4FqfWSl/s-l225.jpg
型号不明,59.0,[Top MINT] Nikon AF-S Teleconverter TC-20E II 2x w/ Caps From JAPAN,Nikon,Lenses,Used,119.99,USD,FIXED_PRICE,23,1600,good-cond,JP,tokyocamerastore,100.0,2026-08-13T11:36:17.000Z,,https://www.ebay.com/itm/137616550477?hash=item200a95ea4d:g:794AAeSwFN5qfa2z,https://i.ebayimg.com/images/g/794AAeSwFN5qfa2z/s-l225.jpg
型号不明,59.0,[Mint] Nikon AF-S Teleconverter TC-17E II 1.7x w/Box & Case for F Mount 609,Nikon,Lenses,Used,159.0,USD,FIXED_PRICE,13,1600,mount:nikon f;good-cond,JP,amator-jp,100.0,2026-08-13T13:24:36.000Z,,https://www.ebay.com/itm/287522627409?hash=item42f1af1f51:g:dPMAAeSw1clqfcNg,https://i.ebayimg.com/images/g/dPMAAeSw1clqfcNg/s-l225.jpg
型号不明,59.0,[TOP MINT in Box] Canon Extender EF 1.4x II Teleconverter Lens For EF From JAPAN,Canon,Lenses,Used,169.99,USD,"FIXED_PRICE,BEST_OFFER",7,1600,mount:canon ef;good-cond,JP,japan_camera_sippo,100.0,2026-08-13T09:39:13.000Z,,https://www.ebay.com/itm/398280656765?hash=item5cbb60877d:g:JnUAAeSwcSpp5duQ,https://i.ebayimg.com/images/g/JnUAAeSwcSpp5duQ/s-l225.jpg
残件/按现状,59.0,Mamiya 645AFD II Medium Format Camera Body - For Parts/Repair,Mamiya,Film Cameras,Used,270.0,USD,"FIXED_PRICE,BEST_OFFER",1,1438,as-is,US,yul7374,100.0,2026-08-13T15:29:32.000Z,,https://www.ebay.com/itm/377415457131?hash=item57dfb6d96b:g:rpQAAeSw7-lqfeHw,https://i.ebayimg.com/images/g/rpQAAeSw7-lqfeHw/s-l225.jpg
型号不明,59.0,CARL ZEISS PANCOLAR electric M42 Y3892,Zeiss,Lenses,Used,373.63,USD,"FIXED_PRICE,BEST_OFFER",9,1080,mount:m42,JP,l9531336,100.0,2026-08-13T08:20:37.000Z,,https://www.ebay.com/itm/298584202123?hash=item4585015b8b:g:kicAAeSwH-NqfX9E,https://i.ebayimg.com/images/g/kicAAeSwH-NqfX9E/s-l225.jpg
型号不明,59.0,Leitz Leica M39 Elmar 3.5/5cm Red Scale Lens #1296474,Leitz,Lenses,Used,483.68,USD,"FIXED_PRICE,BEST_OFFER",8,1024,grail:Elmar;mount:ltm/l39,AT,mintandrare,99.9,2026-08-13T08:48:17.000Z,,https://www.ebay.com/itm/147501739755?hash=item2257c9eeeb:g:DtkAAeSw3BxqfVLx,https://i.ebayimg.com/images/g/DtkAAeSw3BxqfVLx/s-l225.jpg
残件/按现状,58.0,Canon Canonet Film Camera With Lens SE 45mm 1:1.9 Lens as is for parts,Canon,Film Cameras,Used,0.0,USD,AUCTION,13,1600,grail:Canonet;as-is;auction,US,shophappyhuntingla,99.8,2026-08-13T22:45:28.000Z,2026-08-23T22:45:28.000Z,https://www.ebay.com/itm/278277543944?hash=item40caa25808:g:sJcAAeSwapBqYwXZ,https://i.ebayimg.com/images/g/sJcAAeSwapBqYwXZ/s-l225.jpg
打包杂件,58.0,Vintage Camera Lot Asahi Pentax Spotmatic Polaroid Kodak With cases.,Asahi,Film Cameras,Used,0.0,USD,"AUCTION,BEST_OFFER",9,1600,grail:Spotmatic;auction,US,war_of_saints,100.0,2026-08-13T21:03:21.000Z,2026-08-20T21:03:21.000Z,https://www.ebay.com/itm/188788382647?hash=item2bf4aa1bb7:g:QYMAAeSwzHlqIeTZ,https://i.ebayimg.com/images/g/QYMAAeSwzHlqIeTZ/s-l225.jpg
残件/按现状,58.0,"Minolta X-700 35mm Film SLR Camera Kit with 50mm Lens, UNTESTED",Minolta,Film Cameras,Used,0.0,USD,AUCTION,3,640,grail:X-700;as-is;auction,US,silver1974260z,100.0,2026-08-13T17:18:45.000Z,2026-08-20T17:18:45.000Z,https://www.ebay.com/itm/198568715240?hash=item2e3b9e23e8:g:JOUAAeSw5MxohPdq,https://i.ebayimg.com/images/g/JOUAAeSw5MxohPdq/s-l225.jpg
型号不明,58.0,Leica Leitz Summicron 1:2/35 Lens 11308,Leica,Lenses,Used,0.0,USD,"AUCTION,BEST_OFFER",9,1600,grail:Summicron;auction,US,ahulgan1,100.0,2026-08-13T16:57:17.000Z,2026-08-20T16:57:17.000Z,https://www.ebay.com/itm/267756207135?hash=item3e57837c1f:g:Z1YAAeSwl-1qV6ih,https://i.ebayimg.com/images/g/Z1YAAeSwl-1qV6ih/s-l225.jpg
残件/按现状,58.0,Leica 90mm f2.8 Elmarit Black lens w/Leitz SDPOO and MR-4 meter AS-IS,Leica,Lenses,For parts or not working,0.0,USD,AUCTION,9,1600,grail:Elmarit;as-is;auction,US,tamarkincamera,100.0,2026-08-13T16:39:37.000Z,2026-08-20T16:39:37.000Z,https://www.ebay.com/itm/227474490958?hash=item34f689464e:g:~EUAAeSwR01qfe7x,https://i.ebayimg.com/images/g/~EUAAeSwR01qfe7x/s-l225.jpg
残件/按现状,58.0,Nikon F2 35mm film camera body (U41111) US RESIDENTS ONLY *READ*,Nikon,Film Cameras,For parts or not working,0.0,USD,AUCTION,3,1600,grail:Nikon F2;auction,US,milford_photo_inc,99.6,2026-08-13T15:31:55.000Z,2026-08-20T15:31:55.000Z,https://www.ebay.com/itm/278276525645?hash=item40ca92ce4d:g:n84AAeSwa4FqfeFw,https://i.ebayimg.com/images/g/n84AAeSwa4FqfeFw/s-l225.jpg
型号不明,58.0,"Ernst Leitz Wetzlar Lens, Elmar F=9cm 1:4 No 697954",Leitz,Lenses,Used,0.0,USD,"AUCTION,BEST_OFFER",5,1600,grail:Elmar;auction,US,smartteddy123,100.0,2026-08-13T14:14:36.000Z,2026-08-20T14:14:36.000Z,https://www.ebay.com/itm/307124596583?hash=item47820d6f67:g:0SMAAeSwvA9qcJ-I,https://i.ebayimg.com/images/g/0SMAAeSwvA9qcJ-I/s-l225.jpg
残件/按现状,58.0,Vintage Olympus Stylus Epic DLX 35mm Point & Shoot Camera Silver Date Quartzdate,Olympus,Film Cameras,For parts or not working,0.0,USD,"AUCTION,BEST_OFFER",23,0,grail:Stylus Epic;auction,US,cabin_fund,99.7,2026-08-13T04:36:00.000Z,2026-08-20T04:36:00.000Z,https://www.ebay.com/itm/377414011844?hash=item57dfa0cbc4:g:WuwAAeSwU4ZqfRtD,https://i.ebayimg.com/images/g/WuwAAeSwU4ZqfRtD/s-l225.jpg
打包杂件,58.0,CANON AE-1 PROGRAM FILM CAMERA BUNDLE,Canon,Film Cameras,Used,195.7,USD,FIXED_PRICE,15,1287,grail:AE-1,US,bookwormtoys,100.0,2026-08-14T10:22:35.000Z,,https://www.ebay.com/itm/327309793299?hash=item4c352f1813:g:W8UAAeSwjPloxs6Y,https://i.ebayimg.com/images/g/W8UAAeSwjPloxs6Y/s-l225.jpg
型号不明,58.0,Olympus XA Film Camera,Olympus,Film Cameras,Used,219.99,USD,FIXED_PRICE,0,1348,grail:Olympus XA,US,lcscamerastore,99.9,2026-08-14T11:47:05.000Z,,https://www.ebay.com/itm/147504380404?hash=item2257f239f4:g:57IAAeSwMCBqfo42,https://i.ebayimg.com/images/g/57IAAeSwMCBqfo42/s-l225.jpg
打包杂件,58.0,"Canon AE-1 35mm SLR Film Camera Bundle with Lenses, Manuals and Bag",Canon,Vintage Cameras,,243.56,USD,FIXED_PRICE,13,1600,grail:AE-1,US,pepmar_67,100.0,2026-08-13T17:56:48.000Z,,https://www.ebay.com/itm/168611473398?hash=item274206e7f6:g:cgYAAeSwmE9qfgUP,https://i.ebayimg.com/images/g/cgYAAeSwmE9qfgUP/s-l225.jpg
残件/按现状,58.0,"Black Canon AE-1 35mm SLR Camera Kit w/ 50mm 1.8 Lens, 155A Flash, Case - AS-IS",Canon,Film Cameras,For parts or not working,245.0,USD,"FIXED_PRICE,BEST_OFFER",13,1600,grail:AE-1;as-is,US,jeeptopless,97.3,2026-08-14T03:35:35.000Z,,https://www.ebay.com/itm/336741353521?hash=item4e67594831:g:tfcAAeSwfjZqforF,https://i.ebayimg.com/images/g/tfcAAeSwfjZqforF/s-l225.jpg
残件/按现状,58.0,"Vintage Canon A-1 35mm SLR Film Camera Kit w Lenses, Flash, & Cases | Untested",Canon,Film Cameras,Used,245.0,USD,"FIXED_PRICE,BEST_OFFER",9,1600,grail:Canon A-1;as-is,US,yugmthriftstores,99.8,2026-08-13T18:06:26.000Z,,https://www.ebay.com/itm/407142186873?hash=item5ecb90bf79:g:KhkAAeSwSKxqfhSz,https://i.ebayimg.com/images/g/KhkAAeSwSKxqfhSz/s-l225.jpg
残件/按现状,58.0,"Asahi Pentax 6x7 SLR Camera, Medium Format￼",Asahi,Film Cameras,For parts or not working,250.0,USD,"FIXED_PRICE,BEST_OFFER",12,1599,grail:6x7,US,welikealeica,100.0,2026-08-14T01:28:31.000Z,,https://www.ebay.com/itm/147503409257?hash=item2257e36869:g:5dwAAeSwMyRqfm4x,https://i.ebayimg.com/images/g/5dwAAeSwMyRqfm4x/s-l225.jpg
残件/按现状,58.0,"""AS-IS"" Mamiya RB67 Pro S + Sekor-C 90mm 3.8 Lens – MUST READ! (3936)",Mamiya,Film Cameras,For parts or not working,499.99,USD,FIXED_PRICE,6,1024,grail:RB67;as-is,US,servicephotoauctions,99.7,2026-08-13T18:28:34.000Z,,https://www.ebay.com/itm/198568815372?hash=item2e3b9fab0c:g:LycAAeSwBidqfhVH,https://i.ebayimg.com/images/g/LycAAeSwBidqfhVH/s-l225.jpg
查无市价,58.0,Voigtlander NOKTON 17.5mm F0.95 Aspherical MFT Wide Manual Lens from Japan D0814,Voigtlander,Lenses,Used,652.32,USD,FIXED_PRICE,2,0,grail:NOKTON;mount:micro 4/3,JP,kyoto_camera,99.7,2026-08-13T19:03:25.000Z,,https://www.ebay.com/itm/278277060426?hash=item40ca9af74a:g:MpEAAeSwtAZqfhSh,https://i.ebayimg.com/images/g/MpEAAeSwtAZqfhSh/s-l225.jpg
查无市价,58.0,Voigtlander NOKTON 10.5mm F0.95 Aspherical MFT Wide Manual Lens from Japan D0814,Voigtlander,Lenses,Used,658.65,USD,FIXED_PRICE,2,0,grail:NOKTON;mount:micro 4/3,JP,kyoto_camera,99.7,2026-08-13T18:59:37.000Z,,https://www.ebay.com/itm/278277055520?hash=item40ca9ae420:g:pU4AAeSwYTBqfhO6,https://i.ebayimg.com/images/g/pU4AAeSwYTBqfhO6/s-l225.jpg
查无市价,58.0,Voigtlander NOKTON 10.5mm F0.95 Aspherical MFT Manual Wide Lens from Japan D0813,Voigtlander,Lenses,Used,701.96,USD,FIXED_PRICE,2,0,grail:NOKTON;mount:micro 4/3,JP,kyoto_camera,99.7,2026-08-13T08:46:16.000Z,,https://www.ebay.com/itm/278275451425?hash=item40ca826a21:g:xI0AAeSwEi9qfYQA,https://i.ebayimg.com/images/g/xI0AAeSwEi9qfYQA/s-l225.jpg
查无市价,58.0,Cosina Voigtlander NOKTON 10.5mm F0.95 Micro Four Thirds Mount from Japan D0813,Voigtlander,Lenses,Used,747.98,USD,FIXED_PRICE,2,0,grail:NOKTON;mount:micro 4/3,JP,kyoto_camera,99.7,2026-08-13T08:33:46.000Z,,https://www.ebay.com/itm/287522237541?hash=item42f1a92c65:g:0ikAAeSwQOlqfYEf,https://i.ebayimg.com/images/g/0ikAAeSwQOlqfYEf/s-l225.jpg
查无市价,58.0,Read[Near MINT] SMC PENTAX-A* 645 600mm F5.6 ED IF Lens for 645 Body From JAPAN,Pentax,Lenses,Used,1149.99,USD,FIXED_PRICE,10,0,grail:645;mount:pentax k;good-cond,JP,japan-trade810,98.9,2026-08-13T16:52:26.000Z,,https://www.ebay.com/itm/117357707337?hash=item1b53108049:g:Yl8AAeSw9~xqfgEb,https://i.ebayimg.com/images/g/Yl8AAeSw9~xqfgEb/s-l225.jpg
查无市价,58.0,[Exc+5] SMC PENTAX M* 67 800mm F6.7 ED IF GREEN STAR Lens for 6x7 67 From JAPAN,Pentax,Lenses,Used,1349.99,USD,FIXED_PRICE,12,0,grail:6x7;mount:pentax k;good-cond,JP,japan-trade810,98.9,2026-08-13T17:06:10.000Z,,https://www.ebay.com/itm/117357714732?hash=item1b53109d2c:g:dzAAAeSwNSNqfgQz,https://i.ebayimg.com/images/g/dzAAAeSwNSNqfgQz/s-l225.jpg
查无市价,58.0,Leica M6 Classic Body Black - Meter Issues,Leica,Film Cameras,Used,2150.0,USD,FIXED_PRICE,14,0,grail:Leica M6,US,jknorton,100.0,2026-08-14T04:16:35.000Z,,https://www.ebay.com/itm/227475097551?hash=item34f69287cf:g:t7QAAeSwFatqL1z2,https://i.ebayimg.com/images/g/t7QAAeSwFatqL1z2/s-l225.jpg
残件/按现状;打包杂件,57.0,Canon DC330 DVD Camcorder 48x Zoom Bundle -For Parts- Please Read,Canon,Camcorders,For parts or not working,27.95,USD,"FIXED_PRICE,BEST_OFFER",9,1600,as-is;underpriced(med 125),US,kaboom1978,99.8,2026-08-13T17:32:48.000Z,,https://www.ebay.com/itm/188787691402?hash=item2bf49f8f8a:g:LegAAeSw~bxqff9e,https://i.ebayimg.com/images/g/LegAAeSw~bxqff9e/s-l225.jpg
残件/按现状,57.0,Canon VIXIA HF R21 HD Camcorder 32GB AVCHD HDMI 20X Zoom CMOS Untested...,Canon,Camcorders,For parts or not working,39.99,USD,"FIXED_PRICE,BEST_OFFER",5,0,as-is;underpriced(med 125),US,jesmil-8828,99.5,2026-08-13T20:31:25.000Z,,https://www.ebay.com/itm/198569007297?hash=item2e3ba298c1:g:xhwAAeSwDCFqVW02,https://i.ebayimg.com/images/g/xhwAAeSwDCFqVW02/s-l225.jpg
残件/按现状,57.0,Olympus Compact Digital Camera C-40 Zoom Junk Used,Olympus,Digital Cameras,Used,43.6,USD,FIXED_PRICE,4,1280,as-is;underpriced(med 231),JP,hard-off-japan-in-au,99.2,2026-08-13T17:23:00.000Z,,https://www.ebay.com/itm/318724698135?hash=item4a3578f017:g:aJMAAeSwgvRqfgw8,https://i.ebayimg.com/images/g/aJMAAeSwgvRqfgw8/s-l225.jpg
残件/按现状,57.0,Fujifilm Digital Camera Finepix 1300 Junk Used,Fujifilm,Digital Cameras,Used,43.6,USD,FIXED_PRICE,5,1280,as-is;underpriced(med 250),JP,hard-off-japan-in-au,99.2,2026-08-13T17:22:50.000Z,,https://www.ebay.com/itm/318724697728?hash=item4a3578ee80:g:iVoAAeSwK~Zqfgig,https://i.ebayimg.com/images/g/iVoAAeSwK~Zqfgig/s-l225.jpg
残件/按现状,57.0,M722 [AS-IS JUNK] Canon IXY DIGITAL 60 PowerShot SD450 Silver Digicam From JAPAN,Canon,Digital Cameras,Used,60.0,USD,"FIXED_PRICE,BEST_OFFER",12,1280,as-is;underpriced(med 333),JP,glanzworks,100.0,2026-08-13T06:52:35.000Z,,https://www.ebay.com/itm/318722366716?hash=item4a35555cfc:g:l5gAAeSwcShqfWbF,https://i.ebayimg.com/images/g/l5gAAeSwcShqfWbF/s-l225.jpg
打包杂件,57.0,Vintage Voigtlander Vito II Camera Bundle w/ Bobby Lee Strap & Ising Tripod,Voigtlander,Vintage Cameras,,135.0,USD,"FIXED_PRICE,BEST_OFFER",13,1319,,US,philthy_finds,100.0,2026-08-14T03:10:17.000Z,,https://www.ebay.com/itm/158186215680?hash=item24d4a21900:g:XJEAAeSwBJRqfoPo,https://i.ebayimg.com/images/g/XJEAAeSwBJRqfoPo/s-l225.jpg
型号不明,57.0,FUJIFILM XF35mm F1.4R Genuine Lens Hood,Fujifilm,Lenses,Used,184.62,USD,"FIXED_PRICE,BEST_OFFER",3,1080,underpriced(med 430),JP,l9531336,100.0,2026-08-13T08:20:34.000Z,,https://www.ebay.com/itm/298584201791?hash=item4585015a3f:g:2xAAAeSw3bJqfX7i,https://i.ebayimg.com/images/g/2xAAAeSw3bJqfX7i/s-l225.jpg
型号不明,57.0,FUJIFILM lenses Used,Fujifilm,Lenses,Used,192.66,USD,FIXED_PRICE,4,1200,underpriced(med 430),JP,beecruise04,97.6,2026-08-13T18:38:31.000Z,,https://www.ebay.com/itm/318724981363?hash=item4a357d4273:g:fDcAAeSw8fdqfhcw,https://i.ebayimg.com/images/g/fDcAAeSw8fdqfhcw/s-l225.jpg
型号不明,57.0,Leica SOFORT ORANGE from Japan,Leica,Lenses,New,486.35,USD,FIXED_PRICE,3,1200,underpriced(med 1181),JP,ginzaluxuryfinds,100.0,2026-08-13T10:52:25.000Z,,https://www.ebay.com/itm/366602994241?hash=item555b3dc241:g:32kAAeSwNz9qfaL6,https://i.ebayimg.com/images/g/32kAAeSwNz9qfaL6/s-l225.jpg
型号不明,57.0,Leica D LUX 4 Black Compact Digital Camera with Case Charger and Battery from Ja,Leica,Lenses,Used,496.77,USD,FIXED_PRICE,13,1200,underpriced(med 1181),JP,ginzaluxuryfinds,100.0,2026-08-13T10:52:24.000Z,,https://www.ebay.com/itm/366602994188?hash=item555b3dc20c:g:DYoAAeSwiiFqfaKn,https://i.ebayimg.com/images/g/DYoAAeSwiiFqfaKn/s-l225.jpg
型号不明;图片过小,57.0,Leica Summar 5cm F2 from Japan,Leica,Lenses,Used,510.67,USD,FIXED_PRICE,2,500,underpriced(med 1181),JP,ginzaluxuryfinds,100.0,2026-08-13T11:16:10.000Z,,https://www.ebay.com/itm/366603032520?hash=item555b3e57c8:g:rxUAAeSwhKZqfag9,https://i.ebayimg.com/images/g/rxUAAeSwhKZqfag9/s-l225.jpg
型号不明,57.0,Leica Summitar L 5cm 2 (Retractable) from Japan,Leica,Lenses,Used,512.4,USD,FIXED_PRICE,7,700,underpriced(med 1181),JP,ginzaluxuryfinds,100.0,2026-08-13T11:16:11.000Z,,https://www.ebay.com/itm/366603032784?hash=item555b3e58d0:g:iwEAAeSwsJVqfaj6,https://i.ebayimg.com/images/g/iwEAAeSwsJVqfaj6/s-l225.jpg
型号不明,57.0,Leica Summitar L 5Cm 2 (Late Model) from Japan,Leica,Lenses,Used,521.09,USD,FIXED_PRICE,7,700,underpriced(med 1181),JP,ginzaluxuryfinds,100.0,2026-08-13T11:16:13.000Z,,https://www.ebay.com/itm/366603032943?hash=item555b3e596f:g:nHIAAeSwTrRqfahM,https://i.ebayimg.com/images/g/nHIAAeSwTrRqfahM/s-l225.jpg
型号不明,57.0,Leica Apo Telyt R 180 3.4 3 Cam from Japan,Leica,Lenses,Used,528.04,USD,FIXED_PRICE,7,700,underpriced(med 1181),JP,ginzaluxuryfinds,100.0,2026-08-13T11:16:12.000Z,,https://www.ebay.com/itm/366603032915?hash=item555b3e5953:g:sXMAAeSwAuVqfaiF,https://i.ebayimg.com/images/g/sXMAAeSwAuVqfaiF/s-l225.jpg
型号不明,57.0,Leica Summitar L5cm 2 from Japan,Leica,Lenses,Used,529.77,USD,FIXED_PRICE,7,700,underpriced(med 1181),JP,ginzaluxuryfinds,100.0,2026-08-13T11:16:12.000Z,,https://www.ebay.com/itm/366603032840?hash=item555b3e5908:g:zKIAAeSwFJ1qfai-,https://i.ebayimg.com/images/g/zKIAAeSwFJ1qfai-/s-l225.jpg
型号不明,57.0,Leica Summarit L 50 1.5 from Japan,Leica,Lenses,Used,529.77,USD,FIXED_PRICE,7,700,underpriced(med 1181),JP,ginzaluxuryfinds,100.0,2026-08-13T11:16:12.000Z,,https://www.ebay.com/itm/366603032901?hash=item555b3e5945:g:E1QAAeSwiX5qfagN,https://i.ebayimg.com/images/g/E1QAAeSwiX5qfagN/s-l225.jpg
型号不明,57.0,Leica C Typ112 Black Body from Japan,Leica,Lenses,Used,529.77,USD,FIXED_PRICE,4,1200,underpriced(med 1181),JP,ginzaluxuryfinds,100.0,2026-08-13T10:52:25.000Z,,https://www.ebay.com/itm/366602994231?hash=item555b3dc237:g:FygAAeSw~uRqfaMa,https://i.ebayimg.com/images/g/FygAAeSw~uRqfaMa/s-l225.jpg
型号不明,57.0,Leica R5 Film Camera ELMARIT R F2.8 90 from Japan,Leica,Lenses,Used,816.37,USD,FIXED_PRICE,14,1200,grail:Leica R5,JP,ginzaluxuryfinds,100.0,2026-08-13T10:52:23.000Z,,https://www.ebay.com/itm/366602994128?hash=item555b3dc1d0:g:C2cAAeSwhyNqfaLD,https://i.ebayimg.com/images/g/C2cAAeSwhyNqfaLD/s-l225.jpg
型号不明,57.0,Carl Zeiss Planar 1.4 50 Distagon 2.8 35,Zeiss,Lenses,Used,1076.92,USD,"FIXED_PRICE,BEST_OFFER",8,1080,grail:Planar,JP,l9531336,100.0,2026-08-13T08:20:33.000Z,,https://www.ebay.com/itm/298584201723?hash=item45850159fb:g:atQAAeSwjRtqfX7V,https://i.ebayimg.com/images/g/atQAAeSwjRtqfX7V/s-l225.jpg
型号不明;图片过小,57.0,Leica CL Black Body Only 19301 from Japan,Leica,Lenses,Used,3897.22,USD,FIXED_PRICE,0,400,grail:Leica CL,JP,ginzaluxuryfinds,100.0,2026-08-13T11:16:10.000Z,,https://www.ebay.com/itm/366603032651?hash=item555b3e584b:g:nxgAAeSwYVRqfajX,https://i.ebayimg.com/images/g/nxgAAeSwYVRqfajX/s-l225.jpg
残件/按现状,56.0,Olympus Digital Camera FE-360 8.0MP Pink (screen Issue),Olympus,Digital Cameras,For parts or not working,26.96,USD,"FIXED_PRICE,BEST_OFFER",8,0,mount:sony e;underpriced(med 231),GB,noyna_11,99.8,2026-08-13T05:45:01.000Z,,https://www.ebay.com/itm/327307817878?hash=item4c3510f396:g:elkAAOSwsxNnhQcK,https://i.ebayimg.com/images/g/elkAAOSwsxNnhQcK/s-l225.jpg
残件/按现状,56.0,Sony Cybershot Camera DSC W830 20.1 MP Compact 8X Black Digital PARTS ONLY China,Sony,Film Cameras,Used,71.78,USD,"FIXED_PRICE,BEST_OFFER",11,0,as-is;underpriced(med 206),CA,bestadvintages59,100.0,2026-08-13T18:00:01.000Z,,https://www.ebay.com/itm/267755263310?hash=item3e5775154e:g:OQ0AAeSwDp1qfMKq,https://i.ebayimg.com/images/g/OQ0AAeSwDp1qfMKq/s-l225.jpg
型号不明,55.0,Zeiss Tele tessar 135/4 for rolleiflex QBM mount excellent with its caps.,Zeiss,Lenses,Usato,0.0,USD,AUCTION,9,0,grail:tessar;auction,IT,ctabc,100.0,2026-08-13T16:41:51.000Z,2026-08-20T16:41:51.000Z,https://www.ebay.com/itm/287522998496?hash=item42f1b4c8e0:g:F5kAAOSwExJiY-bQ,https://i.ebayimg.com/images/g/F5kAAOSwExJiY-bQ/s-l225.jpg
残件/按现状,55.0,Tamron 35-135mm 1:3.5-4.5 BBAR MC Lens *Untested*,Tamron,Lenses,Used,26.95,USD,FIXED_PRICE,4,0,as-is;underpriced(med 206),US,alex60391-us,100.0,2026-08-13T16:10:38.000Z,,https://www.ebay.com/itm/287522954090?hash=item42f1b41b6a:g:St0AAeSw1Ktqfexk,https://i.ebayimg.com/images/g/St0AAeSw1Ktqfexk/s-l225.jpg
残件/按现状,55.0,Tamron SP 70-300mm f/4-5.6 Di USD Lens Minolta/Sony A Mount - Manual Only A005,Tamron,Lenses,For parts or not working,40.0,USD,"FIXED_PRICE,BEST_OFFER",7,0,underpriced(med 206),US,auspuffturbolader,100.0,2026-08-13T16:50:03.000Z,,https://www.ebay.com/itm/267756203099?hash=item3e57836c5b:g:nEMAAeSw2MxqXBpF,https://i.ebayimg.com/images/g/nEMAAeSw2MxqXBpF/s-l225.jpg
残件/按现状,55.0,Sigma 18-250mm f/3.5-6.3 DC OS HSM Zoom Lens for Nikon D50 AUTOFOCUS NOT WORKING,Sigma,Lenses,For parts or not working,40.0,USD,"FIXED_PRICE,BEST_OFFER",5,0,as-is;underpriced(med 345),US,jerewess_0,100.0,2026-08-13T05:01:49.000Z,,https://www.ebay.com/itm/398279991794?hash=item5cbb5661f2:g:pYsAAeSwfwBqfU5X,https://i.ebayimg.com/images/g/pYsAAeSwfwBqfU5X/s-l225.jpg
残件/按现状;型号不明,55.0,Sony E 3.5-5.6/PZ 16-50 OSS – 0.25/0.82ft-0.30m/0.98ft Lens SELP1650 *Untested*,Sony,Lenses,Used,49.95,USD,FIXED_PRICE,3,0,as-is;underpriced(med 350),US,alex60391-us,100.0,2026-08-13T15:54:38.000Z,,https://www.ebay.com/itm/287522929470?hash=item42f1b3bb3e:g:6KIAAeSwfoNqfee0,https://i.ebayimg.com/images/g/6KIAAeSwfoNqfee0/s-l225.jpg
打包杂件,55.0,Sony Minolta A-Mount Lens Bundle,Sony,Lenses,Used,50.0,USD,FIXED_PRICE,7,0,underpriced(med 350),US,08-essen64,100.0,2026-08-13T06:33:30.000Z,,https://www.ebay.com/itm/287522006657?hash=item42f1a5a681:g:PQ8AAeSwHgFqfWPp,https://i.ebayimg.com/images/g/PQ8AAeSwHgFqfWPp/s-l225.jpg
残件/按现状,55.0,Rokinon 35mm T1.5 Cine VDSLR Wide-Angle Lens for MFT Lens Mount - SKU#2089104,Rokinon,Lenses,For parts or not working,68.0,USD,"FIXED_PRICE,BEST_OFFER",0,0,mount:micro 4/3;underpriced(med 160),US,adorama-trade,99.9,2026-08-13T08:17:54.000Z,,https://www.ebay.com/itm/237002992757?hash=item372e7aac75:i:237002992757,
残件/按现状,55.0,Canon AF35ML Point & Shoot 35mm Film Camera 40mm f/1.9 Lens AF 35 ML - UNTESTED,Canon,Film Cameras,Used,75.0,USD,"FIXED_PRICE,BEST_OFFER",4,0,as-is,US,trove1410,100.0,2026-08-13T23:22:25.000Z,,https://www.ebay.com/itm/198569216325?hash=item2e3ba5c945:g:MqYAAeSwls1qflGE,https://i.ebayimg.com/images/g/MqYAAeSwls1qflGE/s-l225.jpg
残件/按现状,55.0,Pentax PV-EM100A Untested Parts Only Recording Camera Video Black,Pentax,Film Cameras,For parts or not working,75.0,USD,FIXED_PRICE,20,0,as-is,US,ukrdynamics,99.1,2026-08-13T22:26:59.000Z,,https://www.ebay.com/itm/358923722749?hash=item5391855ffd:g:Gb0AAeSwUalpj7n2,https://i.ebayimg.com/images/g/Gb0AAeSwUalpj7n2/s-l225.jpg
残件/按现状,55.0,"Canon T90 35mm SLR Film Camera Tokina 28-70mm , 70-210mm - Not Tested As Is",Canon,Film Cameras,Used,75.0,USD,FIXED_PRICE,7,0,as-is,US,natechav-0,99.8,2026-08-13T20:25:41.000Z,,https://www.ebay.com/itm/257678692266?hash=item3bfed8cfaa:g:TtYAAeSwYexqaB4t,https://i.ebayimg.com/images/g/TtYAAeSwYexqaB4t/s-l225.jpg
残件/按现状,55.0,Olympus XA2 35mm Point & Shoot Camera with A11 Flash For Parts Or Repairs,Olympus,Film Cameras,For parts or not working,79.95,USD,FIXED_PRICE,8,0,as-is,US,vblood123,100.0,2026-08-13T21:39:32.000Z,,https://www.ebay.com/itm/137618241357?hash=item200aafb74d:g:f7oAAeSw3QFqb2ve,https://i.ebayimg.com/images/g/f7oAAeSw3QFqb2ve/s-l225.jpg
残件/按现状,55.0,Olympus OMG 35mm SLR Film Camera w/ 50mm Skylight Lens Extras Untested,Olympus,Film Cameras,For parts or not working,79.99,USD,"FIXED_PRICE,BEST_OFFER",6,0,as-is,US,mendellstore,99.7,2026-08-14T04:36:34.000Z,,https://www.ebay.com/itm/128025823828?hash=item1dceef0a54:g:JPsAAeSwqgRqfpsv,https://i.ebayimg.com/images/g/JPsAAeSwqgRqfpsv/s-l225.jpg
残件/按现状,55.0,Canon Autoboy 2 35mm Point & Shoot Film Camera - Flash Does Not Work,Canon,Film Cameras,Used,80.0,USD,"FIXED_PRICE,BEST_OFFER",4,0,,US,gqtdf_56,100.0,2026-08-14T01:10:27.000Z,,https://www.ebay.com/itm/318726399607?hash=item4a3592e677:g:S70AAeSwjJxqfmpS,https://i.ebayimg.com/images/g/S70AAeSwjJxqfmpS/s-l225.jpg
残件/按现状,55.0,Canon EOS-1N 35mm SLR Film Camera Body Only For Parts/As Is BC Error,Canon,Film Cameras,For parts or not working,80.0,USD,"FIXED_PRICE,BEST_OFFER",2,0,as-is,US,acoolcat,100.0,2026-08-13T13:55:15.000Z,,https://www.ebay.com/itm/278276276229?hash=item40ca8f0005:g:3FIAAeSwSUhqfcus,https://i.ebayimg.com/images/g/3FIAAeSwSUhqfcus/s-l225.jpg
打包杂件,55.0,Canon Sure Shot Z115 35mm Point & Shoot Film Camera Bundle W/Case and Paperwork,Canon,Film Cameras,Used,84.99,USD,"FIXED_PRICE,BEST_OFFER",16,0,,US,stecough_0,99.5,2026-08-13T17:59:59.000Z,,https://www.ebay.com/itm/298585449919?hash=item45851465bf:g:WG0AAeSwWatqfgW6,https://i.ebayimg.com/images/g/WG0AAeSwWatqfgW6/s-l225.jpg
残件/按现状,55.0,Canon AF35M II 35mm Point & Shoot Camera 38mm f/2.8 Lens + 2 Filters Kit REPAIR,Canon,Film Cameras,For parts or not working,89.99,USD,"FIXED_PRICE,BEST_OFFER",22,0,,US,theestatekings,99.7,2026-08-13T22:26:31.000Z,,https://www.ebay.com/itm/158185550955?hash=item24d497f46b:g:MX4AAeSw65tpXq90,https://i.ebayimg.com/images/g/MX4AAeSw65tpXq90/s-l225.jpg
残件/按现状;打包杂件,55.0,Lot of 17 FOR PARTS or REPAIR Film & Digital Camera - Canon Sony Nikon Minolta,Canon,Film Cameras,For parts or not working,99.95,USD,"FIXED_PRICE,BEST_OFFER",13,0,as-is,US,jonomama,99.9,2026-08-13T19:12:36.000Z,,https://www.ebay.com/itm/227474637475?hash=item34f68b82a3:g:VOwAAeSwMeVqfhcb,https://i.ebayimg.com/images/g/VOwAAeSwMeVqfhcb/s-l225.jpg
打包杂件,55.0,Canon FX 35mm Film Camera Bundle,Canon,Film Cameras,Used,100.0,USD,"FIXED_PRICE,BEST_OFFER",5,0,,US,tplaz4,97.9,2026-08-13T18:05:35.000Z,,https://www.ebay.com/itm/358922962823?hash=item539179c787:g:7SkAAeSwjRtqfgcQ,https://i.ebayimg.com/images/g/7SkAAeSwjRtqfgcQ/s-l225.jpg
残件/按现状;型号不明,55.0,Nikon AF-S DX NIKKOR 18-200 f / 3.5-5.6G ED VR Lens. **Read Description**,Nikon,Lenses,For parts or not working,120.0,USD,"FIXED_PRICE,AUCTION",3,0,mount:nikon f;auction,US,johnthecaameraguy58,100.0,2026-08-13T13:31:29.000Z,2026-08-23T13:31:29.000Z,https://www.ebay.com/itm/137616932388?hash=item200a9bbe24:g:xhoAAeSw18Vp2VZ-,https://i.ebayimg.com/images/g/xhoAAeSw18Vp2VZ-/s-l225.jpg
残件/按现状,55.0,Nikon Zoom Lens AF-S NIKKOR 18-200MM 1:3.5-5.6 Junk Used,Nikon,Lenses,Used,127.82,USD,FIXED_PRICE,5,0,mount:nikon f;as-is,JP,hard-off-japan-in-au,99.2,2026-08-13T17:22:35.000Z,,https://www.ebay.com/itm/318724697349?hash=item4a3578ed05:g:-EcAAeSwcShqfgw6,https://i.ebayimg.com/images/g/-EcAAeSwcShqfgw6/s-l225.jpg
残件/按现状,55.0,NIKON LENS NIKKOR 300MM 1:4.5 Junk Used,Nikon,Lenses,Used,127.82,USD,FIXED_PRICE,7,0,mount:nikon f;as-is,JP,hard-off-japan-in-au,99.2,2026-08-13T17:22:14.000Z,,https://www.ebay.com/itm/318724696812?hash=item4a3578eaec:g:CU8AAeSwjRtqfgl7,https://i.ebayimg.com/images/g/CU8AAeSwjRtqfgl7/s-l225.jpg
残件/按现状,55.0,NIKON Replacement Lenses NIKKOR 300MM 1:4.5 Junk Used,Nikon,Lenses,Used,127.82,USD,FIXED_PRICE,9,0,mount:nikon f;as-is,JP,hard-off-japan-in-au,99.2,2026-08-13T17:22:09.000Z,,https://www.ebay.com/itm/318724696699?hash=item4a3578ea7b:g:IkUAAeSwv8xqfgk4,https://i.ebayimg.com/images/g/IkUAAeSwv8xqfgk4/s-l225.jpg
型号不明,55.0,[Almost Unused] Nikon TC-20E II 2x Teleconverter AF-S for Nikon F Mount JAPAN,Nikon,Lenses,Used,129.99,USD,FIXED_PRICE,23,0,mount:nikon f,JP,lifevector,100.0,2026-08-13T12:26:01.000Z,,https://www.ebay.com/itm/407141413239?hash=item5ecb84f177:g:7EEAAeSwUp5qfbtg,https://i.ebayimg.com/images/g/7EEAAeSwUp5qfbtg/s-l225.jpg
型号不明,55.0,Canon EF24mm F2.8 EF Mount 803501,Canon,Lenses,Used,148.03,USD,FIXED_PRICE,15,0,mount:canon ef,JP,digree_japan,99.7,2026-08-13T16:05:02.000Z,,https://www.ebay.com/itm/307124838306?hash=item4782111fa2:g:kGoAAeSwnu5qffbT,https://i.ebayimg.com/images/g/kGoAAeSwnu5qffbT/s-l225.jpg
型号不明,55.0,G3111 Nikon Ai NIKKOR 28 3.5 Nikon Nikkor,Nikon,Lenses,Used,148.35,USD,"FIXED_PRICE,BEST_OFFER",9,0,mount:nikon f,JP,l9531336,100.0,2026-08-13T08:20:36.000Z,,https://www.ebay.com/itm/298584202044?hash=item4585015b3c:g:ncEAAeSwlShqfX8a,https://i.ebayimg.com/images/g/ncEAAeSwlShqfX8a/s-l225.jpg
型号不明,55.0,*READ : Near Mint* Yashica-D Yashica D TLR 6x6 Medium Format Film Camera From JP,Yashica,Film Cameras,Used,170.99,USD,FIXED_PRICE,22,0,good-cond,JP,dub0804-55,100.0,2026-08-14T11:34:41.000Z,,https://www.ebay.com/itm/366605134739?hash=item555b5e6b93:g:3jYAAeSwGYJp6v2k,https://i.ebayimg.com/images/g/3jYAAeSwGYJp6v2k/s-l225.jpg
型号不明,55.0,*Rare Black : CLA'd : Almost Mint* Pentax SL Film Camera Body From Japan,Pentax,Film Cameras,Used,171.89,USD,FIXED_PRICE,15,0,good-cond,JP,hitonaga-0,100.0,2026-08-14T11:39:00.000Z,,https://www.ebay.com/itm/407143987977?hash=item5ecbac3b09:g:VgQAAeSwFONqMoHC,https://i.ebayimg.com/images/g/VgQAAeSwFONqMoHC/s-l225.jpg
型号不明,55.0,Read [ Appearance Near Mint ] Canon P Rangefinder Film Camera Body 3013370,Canon,Film Cameras,Used,199.9,USD,FIXED_PRICE,13,0,good-cond,JP,sunlit_camera_tokyo,100.0,2026-08-13T09:19:37.000Z,,https://www.ebay.com/itm/407140977153?hash=item5ecb7e4a01:g:y7kAAeSwtlZqeWit,https://i.ebayimg.com/images/g/y7kAAeSwtlZqeWit/s-l225.jpg
残件/按现状,55.0,Vintage Zeiss Ikonflex 1249-16 Film Camera w/Leather Case (Read Description),Zeiss,Vintage Cameras,,240.0,USD,"FIXED_PRICE,AUCTION",10,0,auction,US,preforged,100.0,2026-08-13T19:09:08.000Z,2026-08-20T19:09:08.000Z,https://www.ebay.com/itm/278277071182?hash=item40ca9b214e:g:3nEAAeSwZl5qYlyI,https://i.ebayimg.com/images/g/3nEAAeSwZl5qYlyI/s-l225.jpg
残件/按现状,55.0,Mamiya M645 Body Waist Level Finder Medium Format Film Camera Junk J2601035,Mamiya,Film Cameras,For parts or not working,359.74,USD,FIXED_PRICE,9,0,as-is,JP,manekineko-japan,98.4,2026-08-13T14:12:34.000Z,,https://www.ebay.com/itm/206488187343?hash=item3013a7b1cf:g:hZYAAeSw-V9qfd~B,https://i.ebayimg.com/images/g/hZYAAeSw-V9qfd~B/s-l225.jpg
查无市价,55.0,[MINT] Sinar F Nr. 4x5 Large Format View Camera Body w/Cut Holder x5 From JAPAN,Sinar,Film Cameras,Used,479.99,USD,FIXED_PRICE,15,0,good-cond,JP,japan-trade810,98.9,2026-08-13T08:24:46.000Z,,https://www.ebay.com/itm/117356911785?hash=item1b53045ca9:g:17kAAeSw76lqfYBE,https://i.ebayimg.com/images/g/17kAAeSw76lqfYBE/s-l225.jpg
查无市价,55.0,Rollei 35 40mm f/3.5 Singapore -EXC- 0347,Rollei,Film Cameras,Used,658.55,USD,FIXED_PRICE,2,0,good-cond,JP,kitamura_camera,100.0,2026-08-14T04:17:18.000Z,,https://www.ebay.com/itm/358924709881?hash=item5391946ff9:g:iK8AAeSw7Ddqfp8d,https://i.ebayimg.com/images/g/iK8AAeSw7Ddqfp8d/s-l225.jpg
查无市价,55.0,[EXC+5 in Trunk] TOYO VIEW C Film Camera FUJINON W 210mm f/5.6 Lens from JAPAN,Toyo,Film Cameras,Good - Refurbished,768.0,USD,FIXED_PRICE,19,0,good-cond,JP,tessan-camera336,100.0,2026-08-14T05:14:59.000Z,,https://www.ebay.com/itm/198569839856?hash=item2e3baf4cf0:g:P9IAAOSw6yZmypE6,https://i.ebayimg.com/images/g/P9IAAOSw6yZmypE6/s-l225.jpg
查无市价,55.0,[EXC+5 in Trunk] TOYO VIEW G Film Camera + Schneider 180mm f/5.6 Lens from JAPAN,Toyo,Film Cameras,Good - Refurbished,804.0,USD,FIXED_PRICE,20,0,good-cond,JP,tessan-camera336,100.0,2026-08-14T05:14:20.000Z,,https://www.ebay.com/itm/198569839248?hash=item2e3baf4a90:g:Kf4AAOSwHApoFCOu,https://i.ebayimg.com/images/g/Kf4AAOSwHApoFCOu/s-l225.jpg
查无市价,55.0,[EXC+5 in Trunk] TOYO VIEW G Film Camera + Schneider 150mm f/5.6 Lens from JAPAN,Toyo,Film Cameras,Good - Refurbished,816.0,USD,FIXED_PRICE,20,0,good-cond,JP,tessan-camera336,100.0,2026-08-14T05:14:01.000Z,,https://www.ebay.com/itm/198569838743?hash=item2e3baf4897:g:9w4AAOSwaQNoFCX6,https://i.ebayimg.com/images/g/9w4AAOSwaQNoFCX6/s-l225.jpg
查无市价,55.0,Rollei 35 40mm f/3.5 Singapore -Near Mint- 0330,Rollei,Film Cameras,Used,823.32,USD,FIXED_PRICE,2,0,good-cond,JP,kitamura_camera,100.0,2026-08-14T04:17:18.000Z,,https://www.ebay.com/itm/358924709873?hash=item5391946ff1:g:85QAAeSwgYVqfp6n,https://i.ebayimg.com/images/g/85QAAeSwgYVqfp6n/s-l225.jpg
查无市价,55.0,[Near MINT] Sinar F 4x5 Film Camera w/ Rodenstock Sironar N 100mm f/5.6 MC Lens,Sinar,Film Cameras,Very Good - Refurbished,999.9,USD,FIXED_PRICE,20,0,good-cond,JP,tessan-camera336,100.0,2026-08-13T09:12:27.000Z,,https://www.ebay.com/itm/198567803488?hash=item2e3b903a60:g:9v8AAOSw6qBoJxVF,https://i.ebayimg.com/images/g/9v8AAOSw6qBoJxVF/s-l225.jpg
查无市价,55.0,[Top MINT] Voigtlander Bessa R3A Black Rangefinder 35mm Film Camera From JAPAN,Voigtlander,Film Cameras,Used,1449.99,USD,FIXED_PRICE,11,0,good-cond,JP,japan-trade810,98.9,2026-08-13T09:07:19.000Z,,https://www.ebay.com/itm/117356965512?hash=item1b53052e88:g:~uQAAeSw~cFqfYp5,https://i.ebayimg.com/images/g/~uQAAeSw~cFqfYp5/s-l225.jpg
查无市价,55.0,New Bellows [N MINT] Toyo Field 45AII L 4x5 Schneider Apo 150mm Lens From JAPAN,Toyo,Film Cameras,Used,1798.0,USD,FIXED_PRICE,19,0,good-cond,JP,taabo93,100.0,2026-08-14T11:01:42.000Z,,https://www.ebay.com/itm/137620207231?hash=item200acdb67f:g:fzUAAeSwSKxqfvXW,https://i.ebayimg.com/images/g/fzUAAeSwSKxqfvXW/s-l225.jpg
查无市价,55.0,Rare Silver [Top MINT] Leica Leitz M4-P Rangefinder 35mm Film Camera From JAPAN,Leica,Film Cameras,Used,2199.99,USD,FIXED_PRICE,15,0,good-cond,JP,japan-trade810,98.9,2026-08-13T08:32:59.000Z,,https://www.ebay.com/itm/117356928758?hash=item1b53049ef6:g:zPMAAeSwRT9qfYJs,https://i.ebayimg.com/images/g/zPMAAeSwRT9qfYJs/s-l225.jpg
查无市价,55.0,[MINT] Leica Leitz M6 0.72 Non TTL Black Rangefinder Film Camera Body From JAPAN,Leica,Film Cameras,Used,2949.99,USD,FIXED_PRICE,7,0,good-cond,JP,japan-trade810,98.9,2026-08-13T13:22:33.000Z,,https://www.ebay.com/itm/117357337531?hash=item1b530adbbb:g:InAAAeSwqgRqfdJ4,https://i.ebayimg.com/images/g/InAAAeSwqgRqfdJ4/s-l225.jpg
查无市价,55.0,【MINT+++】Linhof Technorama 612 PC Panoramic Camera 65mm 5.6 Lens From JAPAN 4405,Linhof,Film Cameras,Used,5499.99,USD,FIXED_PRICE,14,0,good-cond,JP,jun0-73,100.0,2026-08-13T05:37:28.000Z,,https://www.ebay.com/itm/358920497140?hash=item53915427f4:g:hl8AAeSwYEVqfVJA,https://i.ebayimg.com/images/g/hl8AAeSwYEVqfVJA/s-l225.jpg
残件/按现状,54.0,Mamiya Sekor 1000 DTL 35mm SLR Camera Auto 55mm f1.8 Lens Japan Untested (J),Mamiya,Vintage Cameras,,0.0,USD,"AUCTION,BEST_OFFER",8,0,55mm;as-is;auction,US,booksfromca,99.7,2026-08-13T14:09:44.000Z,2026-08-20T14:09:44.000Z,https://www.ebay.com/itm/800502311344?hash=itemba61a7e9b0:g:YSUAAeSww4BqS-O7,https://i.ebayimg.com/images/g/YSUAAeSww4BqS-O7/s-l225.jpg
残件/按现状,54.0,Canon ES600 with batteries CA-R200 charger manual case powers on,Canon,Camcorders,For parts or not working,25.63,USD,FIXED_PRICE,6,0,underpriced(med 125),GB,aardvarkelectronics,99.9,2026-08-14T13:04:45.000Z,,https://www.ebay.com/itm/128026410694?hash=item1dcef7fec6:g:4PIAAeSwls1qfxJj,https://i.ebayimg.com/images/g/4PIAAeSwls1qfxJj/s-l225.jpg
残件/按现状,54.0,Canon DC100 Handheld DVD-RW Camcorder Silver parts only not tested,Canon,Camcorders,For parts or not working,40.47,USD,FIXED_PRICE,5,0,as-is;underpriced(med 125),GB,gadget.games,99.4,2026-08-13T09:47:15.000Z,,https://www.ebay.com/itm/278275584182?hash=item40ca8470b6:g:dkUAAeSwi0Vp3BwK,https://i.ebayimg.com/images/g/dkUAAeSwi0Vp3BwK/s-l225.jpg
残件/按现状,53.0,Fujifilm FinePix F20 SE 6.3MP Compact Digital Camera Silver Untested,Fujifilm,Vintage Cameras,,25.49,USD,FIXED_PRICE,5,0,as-is,US,goodwillsocalshop,99.7,2026-08-13T09:44:10.000Z,,https://www.ebay.com/itm/267755913650?hash=item3e577f01b2:g:7r4AAeSwMs1qPRB8,https://i.ebayimg.com/images/g/7r4AAeSwMs1qPRB8/s-l225.jpg
残件/按现状,53.0,Canon PowerShot ELPH S100 2.1MP Digital Camera Digital ELPH Untested No Card 3C,Canon,Digital Cameras,Used,25.95,USD,"FIXED_PRICE,BEST_OFFER",8,0,as-is;underpriced(med 333),US,redemption_60,99.7,2026-08-13T07:55:29.000Z,,https://www.ebay.com/itm/377414522349?hash=item57dfa895ed:g:O~AAAeSw1-pnw2kI,https://i.ebayimg.com/images/g/O~AAAeSw1-pnw2kI/s-l225.jpg
残件/按现状,53.0,Pentax Optio P70 Digital Camera - FOR PARTS/REPAIR!!!!,Pentax,Digital Cameras,Used,25.99,USD,"FIXED_PRICE,BEST_OFFER",1,0,as-is;underpriced(med 235),US,srfsteve2012,99.8,2026-08-13T14:52:02.000Z,,https://www.ebay.com/itm/168611129094?hash=item274201a706:g:kmgAAeSwbiNqfdme,https://i.ebayimg.com/images/g/kmgAAeSwbiNqfdme/s-l225.jpg
残件/按现状,53.0,"Canon Powershot Digital G3 Empty Box ONLY with Remote, Manuals Tray Instructions",Canon,Digital Cameras,For parts or not working,28.35,USD,"FIXED_PRICE,BEST_OFFER",13,0,underpriced(med 333),US,hall1998,99.5,2026-08-13T15:53:15.000Z,,https://www.ebay.com/itm/117357610281?hash=item1b530f0529:g:ck8AAOSwpwxnhYlZ,https://i.ebayimg.com/images/g/ck8AAOSwpwxnhYlZ/s-l225.jpg
残件/按现状,53.0,Fujifilm FinePix F410 Digital Camera - FAULTY SENSOR/MATRIX - w/ Battery & Card,Fujifilm,Digital Cameras,For parts or not working,28.49,USD,"FIXED_PRICE,BEST_OFFER",7,0,underpriced(med 250),US,vintage_reno,99.8,2026-08-13T16:45:21.000Z,,https://www.ebay.com/itm/188787478186?hash=item2bf49c4eaa:g:Hm8AAeSwayVqWnhQ,https://i.ebayimg.com/images/g/Hm8AAeSwayVqWnhQ/s-l225.jpg
残件/按现状,53.0,Canon EOS Rebel XS / 1000D 10.1MP Digital SLR Camera Black Body Only Parts only,Canon,Digital Cameras,For parts or not working,29.0,USD,"FIXED_PRICE,BEST_OFFER",6,0,as-is;underpriced(med 333),US,chasingtruth,100.0,2026-08-13T11:10:07.000Z,,https://www.ebay.com/itm/227474106727?hash=item34f6836967:g:a0QAAeSw24RqcJ11,https://i.ebayimg.com/images/g/a0QAAeSw24RqcJ11/s-l225.jpg
残件/按现状,53.0,Canon EOS Digital Rebel / EOS 300D 6.3MP Digital SLR Camera Parts Or Restore,Canon,Digital Cameras,For parts or not working,29.99,USD,FIXED_PRICE,8,0,underpriced(med 333),US,holmescountypicker,99.7,2026-08-13T14:51:29.000Z,,https://www.ebay.com/itm/318724122890?hash=item4a3570290a:g:3~4AAOSwO95nZYZ9,https://i.ebayimg.com/images/g/3~4AAOSwO95nZYZ9/s-l225.jpg
残件/按现状,53.0,Canon EOS Rebel-X Film Camera,Canon,Digital Cameras,For parts or not working,29.99,USD,"FIXED_PRICE,BEST_OFFER",4,0,underpriced(med 333),US,novasells777,99.8,2026-08-13T07:24:46.000Z,,https://www.ebay.com/itm/377414463310?hash=item57dfa7af4e:g:5iYAAeSwfAtoVDDc,https://i.ebayimg.com/images/g/5iYAAeSwfAtoVDDc/s-l225.jpg
残件/按现状,53.0,Nikon Coolpix L620 18.1MP 14X Zoom Digital Camera - READ DESCRIPTION! -,Nikon,Digital Cameras,For parts or not working,29.99,USD,"FIXED_PRICE,BEST_OFFER",21,0,underpriced(med 253),US,squigy01,100.0,2026-08-13T04:59:37.000Z,,https://www.ebay.com/itm/267755687253?hash=item3e577b8d55:g:YDsAAeSwP8ZpRc76,https://i.ebayimg.com/images/g/YDsAAeSwP8ZpRc76/s-l225.jpg
残件/按现状,53.0,Miranda Mode F (Late Version) SLR Body Only for parts,Miranda,Film Cameras,Used,30.0,USD,"FIXED_PRICE,BEST_OFFER",5,0,as-is,US,123letssell,100.0,2026-08-13T13:56:25.000Z,,https://www.ebay.com/itm/318723937440?hash=item4a356d54a0:g:B78AAeSw1clqeiOf,https://i.ebayimg.com/images/g/B78AAeSw1clqeiOf/s-l225.jpg
打包杂件,53.0,Lot of 3 USSR Cameras: Zorki 6 (2pcs) + Zorki 5 RF Film 35mm Case #21 READ DESC,Zorki,Film Cameras,Used,34.99,USD,"FIXED_PRICE,BEST_OFFER",23,0,mount:canon rf;neg;underpriced(med 90),UA,marsherem-44,100.0,2026-08-14T05:02:44.000Z,,https://www.ebay.com/itm/188790045538?hash=item2bf4c37b62:g:~7QAAeSwHKFqQMiD,https://i.ebayimg.com/images/g/~7QAAeSwHKFqQMiD/s-l225.jpg
打包杂件,53.0,Fujifilm Digital FinePix 1400 Zoom 1.3Mega Pixels Tested Working 4MB Card Bundle,Fujifilm,Digital Cameras,Used,34.99,USD,FIXED_PRICE,5,0,underpriced(med 250),US,erthom_4656,99.5,2026-08-13T16:59:00.000Z,,https://www.ebay.com/itm/178403597738?hash=item2989aeddaa:g:6ycAAeSw0hNqffeT,https://i.ebayimg.com/images/g/6ycAAeSw0hNqffeT/s-l225.jpg
残件/按现状,53.0,Canon PowerShot A50 Digital Camera No Battery or Charger. UNTESTED,Canon,Digital Cameras,Used,34.99,USD,"FIXED_PRICE,BEST_OFFER",5,0,as-is;underpriced(med 333),US,keeper.of.the.grumper.tucson,99.0,2026-08-13T16:05:32.000Z,,https://www.ebay.com/itm/178403482822?hash=item2989ad1cc6:g:UBIAAeSwbiNqfesp,https://i.ebayimg.com/images/g/UBIAAeSwbiNqfesp/s-l225.jpg
残件/按现状,53.0,Pentax K2000 Digital SLR Camera with Sigma Zoom 28-105mm f/2.8-4 Lens Parts Only,Pentax,Digital Cameras,For parts or not working,34.99,USD,FIXED_PRICE,19,0,as-is;underpriced(med 235),US,silverod_772012,100.0,2026-08-13T15:57:17.000Z,,https://www.ebay.com/itm/128024937967?hash=item1dcee185ef:g:GOoAAeSwkB5qZk9E,https://i.ebayimg.com/images/g/GOoAAeSwkB5qZk9E/s-l225.jpg
残件/按现状,53.0,Nikon Coolpix S3300 Digital Camera 16MP 6X Zoom Silver Silver*Parts Only* *Read*,Nikon,Digital Cameras,For parts or not working,39.95,USD,FIXED_PRICE,6,0,as-is;underpriced(med 253),US,k3_flips,100.0,2026-08-13T13:29:41.000Z,,https://www.ebay.com/itm/227474252365?hash=item34f685a24d:g:k0kAAeSwLDFqZvLx,https://i.ebayimg.com/images/g/k0kAAeSwLDFqZvLx/s-l225.jpg
残件/按现状,53.0,Nikon Coolpix S6000 Digital Camera NON-WORKING WON'T POWER ON COSMETICALLY NICE,Nikon,Digital Cameras,For parts or not working,39.95,USD,FIXED_PRICE,11,0,underpriced(med 253),US,aneye4treasure208,99.9,2026-08-13T10:08:14.000Z,,https://www.ebay.com/itm/278275631531?hash=item40ca8529ab:g:UZcAAeSw9lxoeSjQ,https://i.ebayimg.com/images/g/UZcAAeSw9lxoeSjQ/s-l225.jpg
残件/按现状,53.0,Canon EOS Rebel Film Camera With 35-80mm Zoom Lens,Canon,Digital Cameras,For parts or not working,39.99,USD,FIXED_PRICE,7,0,underpriced(med 333),US,novasells777,99.8,2026-08-13T07:14:30.000Z,,https://www.ebay.com/itm/377414442759?hash=item57dfa75f07:g:IYgAAeSwJZFoVDAx,https://i.ebayimg.com/images/g/IYgAAeSwJZFoVDAx/s-l225.jpg
打包杂件,53.0,Pentax Optio 430RS Digital Camera Silver Bundle Battery Case Card new Charger,Pentax,Digital Cameras,Used,43.99,USD,FIXED_PRICE,14,0,underpriced(med 235),US,rugerskick,100.0,2026-08-13T05:06:18.000Z,,https://www.ebay.com/itm/287521895792?hash=item42f1a3f570:g:8YgAAOSwEjlmc4NF,https://i.ebayimg.com/images/g/8YgAAOSwEjlmc4NF/s-l225.jpg
残件/按现状,53.0,Fujifilm STX-2 Black 35mm Film SLR Camera w/ Fujinon 50mm f/1.9 Lens Untested,Fujifilm,Vintage Cameras,,45.0,USD,"FIXED_PRICE,BEST_OFFER",9,0,as-is,US,mrbingustcg,100.0,2026-08-13T23:27:32.000Z,,https://www.ebay.com/itm/407142704644?hash=item5ecb98a604:g:D4oAAeSwWatqflE5,https://i.ebayimg.com/images/g/D4oAAeSwWatqflE5/s-l225.jpg
残件/按现状,53.0,Canon PowerShot Digital ELPH SD400 5.0MP Digital Camera - FOR PARTS/REPAIR!!!,Canon,Digital Cameras,Used,45.0,USD,"FIXED_PRICE,BEST_OFFER",1,0,as-is;underpriced(med 333),US,srfsteve2012,99.8,2026-08-13T14:36:31.000Z,,https://www.ebay.com/itm/168611100355?hash=item27420136c3:g:DmQAAeSwBVhqfdYA,https://i.ebayimg.com/images/g/DmQAAeSwBVhqfdYA/s-l225.jpg
残件/按现状;打包杂件,53.0,Lot of Misc Digital Point and Shoot Cameras (AS-IS for Parts or Repair) Canon,Canon,Digital Cameras,For parts or not working,45.0,USD,"FIXED_PRICE,BEST_OFFER",6,0,as-is;underpriced(med 333),US,bargainbandito,99.5,2026-08-13T13:52:50.000Z,,https://www.ebay.com/itm/318723926778?hash=item4a356d2afa:g:So0AAeSwFk1pnToE,https://i.ebayimg.com/images/g/So0AAeSwFk1pnToE/s-l225.jpg
残件/按现状,53.0,Canon EOS 70D (W) DSLR Camera Body {20.2MP} BODY ONLY (Parts/Repair),Canon,Digital Cameras,Used,49.0,USD,FIXED_PRICE,1,0,underpriced(med 333),US,overstock-321,100.0,2026-08-13T14:31:07.000Z,,https://www.ebay.com/itm/307124615015?hash=item47820db767:g:fOwAAeSwcGlqbiHW,https://i.ebayimg.com/images/g/fOwAAeSwcGlqbiHW/s-l225.jpg
残件/按现状;打包杂件,53.0,"Vintage Lot (3) MINOLTA MAXXUM 5000, 5000i, MAXXUM AF Zoom 100-200mm untested",Minolta,Vintage Cameras,,49.99,USD,"FIXED_PRICE,BEST_OFFER",7,0,as-is,US,richesagain,99.4,2026-08-14T01:28:14.000Z,,https://www.ebay.com/itm/318726514985?hash=item4a3594a929:g:uWAAAeSw9~xqfm3p,https://i.ebayimg.com/images/g/uWAAAeSw9~xqfm3p/s-l225.jpg
残件/按现状;打包杂件,53.0,Fujifilm FinePix J10 8.2MP Digital + Ricoh TF-900 Film Camera Lot Of 2 UNTESTED,Fujifilm,Digital Cameras,Used,49.99,USD,"FIXED_PRICE,BEST_OFFER",10,0,as-is;underpriced(med 250),US,officialgarmentgallery,99.9,2026-08-13T17:23:51.000Z,,https://www.ebay.com/itm/267756225479?hash=item3e5783c3c7:g:JlMAAeSwdSZqff1B,https://i.ebayimg.com/images/g/JlMAAeSwdSZqff1B/s-l225.jpg
残件/按现状,53.0,D41 Canon PowerShot SX150 IS PC1677 Digital Camera - FOR PARTS/REPAIR!!!,Canon,Digital Cameras,For parts or not working,49.99,USD,"FIXED_PRICE,BEST_OFFER",1,0,as-is;underpriced(med 333),US,srfsteve2012,99.8,2026-08-13T14:21:12.000Z,,https://www.ebay.com/itm/168611064821?hash=item274200abf5:g:zRQAAeSwCYxqfdH-,https://i.ebayimg.com/images/g/zRQAAeSwCYxqfdH-/s-l225.jpg
残件/按现状,53.0,Vintage Canon PowerShot SX110 IS 9.0MP Digital Camera - Black - *FOR PARTS READ*,Canon,Digital Cameras,For parts or not working,49.99,USD,"FIXED_PRICE,BEST_OFFER",10,0,as-is;underpriced(med 333),US,212suzzyq,100.0,2026-08-13T11:27:15.000Z,,https://www.ebay.com/itm/267755963362?hash=item3e577fc3e2:g:ylgAAeSwoTxqfajj,https://i.ebayimg.com/images/g/ylgAAeSwoTxqfajj/s-l225.jpg
残件/按现状,53.0,Nikon Coolpix S203 Red Compact Digital Camera 4x Wide Optical Zoom Untested,Nikon,Digital Cameras,Used,50.0,USD,"FIXED_PRICE,BEST_OFFER",11,0,as-is;underpriced(med 253),US,mr.leahey23,100.0,2026-08-13T17:39:23.000Z,,https://www.ebay.com/itm/178403697564?hash=item2989b0639c:g:8z0AAeSwP~VqfgDO,https://i.ebayimg.com/images/g/8z0AAeSwP~VqfgDO/s-l225.jpg
残件/按现状,53.0,Nikon COOLPIX AW110 Waterproof Digital Camera (For Parts or Repair) Orange READ,Nikon,Digital Cameras,For parts or not working,58.02,USD,FIXED_PRICE,8,0,as-is;underpriced(med 253),US,yoyospam,99.9,2026-08-13T14:39:17.000Z,,https://www.ebay.com/itm/137617117095?hash=item200a9e8fa7:g:JesAAeSwprZptEP2,https://i.ebayimg.com/images/g/JesAAeSwprZptEP2/s-l225.jpg
残件/按现状,53.0,"Yashica Electro 8 LD-6 - Super 8 Camera, Untested",Yashica,Vintage Cameras,,60.0,USD,"FIXED_PRICE,BEST_OFFER",4,0,as-is,US,wubalubadubz,100.0,2026-08-14T02:57:20.000Z,,https://www.ebay.com/itm/398283376117?hash=item5cbb8a05f5:g:QRMAAeSwEi9qfoP1,https://i.ebayimg.com/images/g/QRMAAeSwEi9qfoP1/s-l225.jpg
残件/按现状,53.0,Nikon Coolpix S3000 Digital Compact Camera Working 4x Wide Zoom Lens - FOR PARTS,Nikon,Digital Cameras,Used,60.0,USD,FIXED_PRICE,7,0,as-is;underpriced(med 253),US,tsgtech,100.0,2026-08-13T14:16:24.000Z,,https://www.ebay.com/itm/398281446247?hash=item5cbb6c9367:g:A9MAAeSwsJVqdP93,https://i.ebayimg.com/images/g/A9MAAeSwsJVqdP93/s-l225.jpg
残件/按现状,53.0,Nikon Coolpix S3300 Digital Compact Camera Working w/ Nikkor 6x Wide Zoom - READ,Nikon,Digital Cameras,For parts or not working,69.99,USD,"FIXED_PRICE,BEST_OFFER",9,0,mount:nikon f;underpriced(med 253),US,evorecommerceexperts,99.6,2026-08-13T16:13:08.000Z,,https://www.ebay.com/itm/227474453248?hash=item34f688b300:g:PDAAAeSwseNqfex5,https://i.ebayimg.com/images/g/PDAAAeSwseNqfex5/s-l225.jpg
型号不明,53.0,TAMRON Lens af28-200f 3.8-5.6 Used,Tamron,Lenses,Used,76.42,USD,FIXED_PRICE,6,0,underpriced(med 206),JP,beecruise04,97.6,2026-08-13T16:39:35.000Z,,https://www.ebay.com/itm/318724543061?hash=item4a35769255:g:QZAAAeSwBUdqfgBn,https://i.ebayimg.com/images/g/QZAAAeSwBUdqfgBn/s-l225.jpg
型号不明,53.0,PANASONIC Lens H-FS014045 Used,Panasonic,Lenses,Used,99.19,USD,FIXED_PRICE,4,0,underpriced(med 349),JP,hard-off-japan-in-au,99.2,2026-08-13T11:24:58.000Z,,https://www.ebay.com/itm/318723316063?hash=item4a3563d95f:g:2jAAAeSwrKZqfatU,https://i.ebayimg.com/images/g/2jAAAeSwrKZqfatU/s-l225.jpg
型号不明,53.0,Voigtlander Super-Dynarex 4/135 Ultramatic Camera Tele Lens,Voigtlander,Vintage Lenses,,99.99,USD,FIXED_PRICE,9,0,,US,0711seamcd,97.3,2026-08-13T17:57:18.000Z,,https://www.ebay.com/itm/117357789403?hash=item1b5311c0db:g:pzcAAeSwgblqbzxB,https://i.ebayimg.com/images/g/pzcAAeSwgblqbzxB/s-l225.jpg
型号不明,53.0,SIGMA Lens 28-300MM1:3.5-6.3 Used,Sigma,Lenses,Used,108.74,USD,FIXED_PRICE,4,0,underpriced(med 345),JP,hard-off-japan-in-au,99.2,2026-08-13T17:22:18.000Z,,https://www.ebay.com/itm/318724696900?hash=item4a3578eb44:g:JHsAAeSwt99qfgoG,https://i.ebayimg.com/images/g/JHsAAeSwt99qfgoG/s-l225.jpg
残件/按现状,53.0,Olympus 35 RC Rangefinder 35mm Film Camera Zuiko 42mm f/2.8 Untested,Olympus,Film Cameras,Used,120.0,USD,FIXED_PRICE,9,0,mount:olympus om;as-is,US,janicev25,100.0,2026-08-14T06:42:34.000Z,,https://www.ebay.com/itm/117358632962?hash=item1b531ea002:g:B9QAAeSwgPtqVXXf,https://i.ebayimg.com/images/g/B9QAAeSwgPtqVXXf/s-l225.jpg
打包杂件,53.0,Olympus OmG OM Film Camera Zuiko 50mm Albinar 28mm 2 Lens T20 Flash lot SLR 35mm,Olympus,Film Cameras,Used,125.56,USD,"FIXED_PRICE,BEST_OFFER",20,0,mount:olympus om,US,well-cam,100.0,2026-08-13T17:26:00.000Z,,https://www.ebay.com/itm/358922689558?hash=item5391759c16:g:ITsAAeSwF~xqfe5j,https://i.ebayimg.com/images/g/ITsAAeSwF~xqfe5j/s-l225.jpg
型号不明,53.0,PANASONIC Standard Zoom Lens H-PS14042 Used,Panasonic,Lenses,Used,127.82,USD,FIXED_PRICE,5,0,underpriced(med 349),JP,hard-off-japan-in-au,99.2,2026-08-13T17:22:18.000Z,,https://www.ebay.com/itm/318724696907?hash=item4a3578eb4b:g:DXgAAeSwPd5qfgnJ,https://i.ebayimg.com/images/g/DXgAAeSwPd5qfgnJ/s-l225.jpg
残件/按现状;打包杂件,53.0,Praktica FX 1954 Rare Nameplate & FX M42 lot 2 film cameras screw SLR 35mm As Is,Praktica,Film Cameras,For parts or not working,136.02,USD,"FIXED_PRICE,BEST_OFFER",14,0,mount:m42;as-is,US,well-cam,100.0,2026-08-13T23:46:00.000Z,,https://www.ebay.com/itm/318724620929?hash=item4a3577c281:g:rU8AAeSwp49qffd2,https://i.ebayimg.com/images/g/rU8AAeSwp49qffd2/s-l225.jpg
型号不明,53.0,Topcon Auto Topcor 5.8cm f/1.8 Lens M42 Mount Good Condition JP,Topcon,Vintage Lenses,,139.9,USD,"FIXED_PRICE,BEST_OFFER",8,0,mount:m42,JP,japan4ever,97.9,2026-08-13T08:59:53.000Z,,https://www.ebay.com/itm/158183331645?hash=item24d476173d:g:LpYAAeSwRYJqfYh7,https://i.ebayimg.com/images/g/LpYAAeSwRYJqfYh7/s-l225.jpg
型号不明,52.0,Medium Format PENTAX REAR CONVERTER-A 645 1.4X,Pentax,Lenses,Used,153.85,USD,"FIXED_PRICE,BEST_OFFER",10,0,grail:645,JP,l9531336,100.0,2026-08-13T08:20:35.000Z,,https://www.ebay.com/itm/298584201974?hash=item4585015af6:g:tHIAAeSwDRtqfX8f,https://i.ebayimg.com/images/g/tHIAAeSwDRtqfX8f/s-l225.jpg
型号不明,52.0,ASAHI PENTAX 6x7 HELICOID EXTENSION TUBE,Asahi,Lenses,Used,185.49,USD,"FIXED_PRICE,BEST_OFFER",5,0,grail:6x7,JP,l9531336,100.0,2026-08-13T08:20:33.000Z,,https://www.ebay.com/itm/298584201756?hash=item4585015a1c:g:mKQAAeSwxthqfX-A,https://i.ebayimg.com/images/g/mKQAAeSwxthqfX-A/s-l225.jpg
型号不明,52.0,[Almost Unused] Pentax 645 Medium Format Camera Body only 120 Film Back Japan,Pentax,Film Cameras,Used,449.99,USD,FIXED_PRICE,13,0,grail:645,JP,yuk1camera-japan,100.0,2026-08-14T05:34:06.000Z,,https://www.ebay.com/itm/366604617880?hash=item555b568898:g:a6oAAeSwGbJqfqn9,https://i.ebayimg.com/images/g/a6oAAeSwGbJqfqn9/s-l225.jpg
残件/按现状,52.0,Practical item Nikon F3 eye level film SLR camera body as is 4716,Nikon,Film Cameras,Used,529.7,USD,"FIXED_PRICE,BEST_OFFER",9,0,grail:Nikon F3;as-is,JP,manmaru42,100.0,2026-08-13T13:36:19.000Z,,https://www.ebay.com/itm/398281319286?hash=item5cbb6aa376:g:DO8AAeSwMCBqfdNn,https://i.ebayimg.com/images/g/DO8AAeSwMCBqfdNn/s-l225.jpg
残件/按现状,52.0,*READ*Asahi Pentax 6x7 Medium Format Film Camera w/Wood Hndle 1:4/200 Lens Xtras,Asahi,Film Cameras,For parts or not working,650.0,USD,"FIXED_PRICE,AUCTION",16,0,grail:6x7;auction,US,dwsail,99.6,2026-08-13T21:21:06.000Z,2026-08-20T21:21:06.000Z,https://www.ebay.com/itm/307125174662?hash=item4782164186:g:Ut8AAeSwk3lqfjOb,https://i.ebayimg.com/images/g/Ut8AAeSwk3lqfjOb/s-l225.jpg
残件/按现状,52.0,Nikon F3 50mm F1.4 with Battery Grip Powered On Untested Film Camera Single Lens,Nikon,Film Cameras,Used,690.0,USD,"FIXED_PRICE,BEST_OFFER",6,0,grail:Nikon F3;as-is,JP,manmaru42,100.0,2026-08-13T13:36:16.000Z,,https://www.ebay.com/itm/398281319121?hash=item5cbb6aa2d1:g:gvgAAeSwbiNqfdf8,https://i.ebayimg.com/images/g/gvgAAeSwbiNqfdf8/s-l225.jpg
残件/按现状,52.0,Nikon F5 film single lens reflex camera with MF 27 untested,Nikon,Film Cameras,Used,695.52,USD,"FIXED_PRICE,BEST_OFFER",9,0,grail:Nikon F5;as-is,JP,manmaru42,100.0,2026-08-13T13:36:18.000Z,,https://www.ebay.com/itm/398281319201?hash=item5cbb6aa321:g:HNMAAeSwU79qfdgh,https://i.ebayimg.com/images/g/HNMAAeSwU79qfdgh/s-l225.jpg
型号不明,52.0,Leica IIIf from Japan,Leica,Lenses,Used,771.21,USD,FIXED_PRICE,7,0,grail:Leica IIIf,JP,ginzaluxuryfinds,100.0,2026-08-13T11:16:11.000Z,,https://www.ebay.com/itm/366603032672?hash=item555b3e5860:g:RvMAAeSwBCJqfafI,https://i.ebayimg.com/images/g/RvMAAeSwBCJqfafI/s-l225.jpg
型号不明,52.0,CARL ZEISS LENS BIOGON 235ZM Used,Zeiss,Lenses,Used,776.65,USD,FIXED_PRICE,2,0,grail:BIOGON,JP,hard-off-japan-in-au,99.2,2026-08-13T17:22:39.000Z,,https://www.ebay.com/itm/318724697457?hash=item4a3578ed71:g:RjoAAeSwHn1qfgiQ,https://i.ebayimg.com/images/g/RjoAAeSwHn1qfgiQ/s-l225.jpg
型号不明,52.0,Leica Macro Elmar R 100 4 3 CAM from Japan,Leica,Lenses,Used,779.9,USD,FIXED_PRICE,7,0,grail:Elmar,JP,ginzaluxuryfinds,100.0,2026-08-13T11:16:12.000Z,,https://www.ebay.com/itm/366603032859?hash=item555b3e591b:g:ongAAeSwxghqfajb,https://i.ebayimg.com/images/g/ongAAeSwxghqfajb/s-l225.jpg
型号不明,52.0,Leica Summicron 5cm 2 from Japan,Leica,Lenses,Used,797.26,USD,FIXED_PRICE,7,0,grail:Summicron,JP,ginzaluxuryfinds,100.0,2026-08-13T11:16:10.000Z,,https://www.ebay.com/itm/366603032565?hash=item555b3e57f5:g:cSsAAeSwL8lqfagB,https://i.ebayimg.com/images/g/cSsAAeSwL8lqfagB/s-l225.jpg
型号不明,52.0,Leica Nickel Elmar L50 3.5 from Japan,Leica,Lenses,Used,812.03,USD,FIXED_PRICE,7,0,grail:Elmar,JP,ginzaluxuryfinds,100.0,2026-08-13T11:16:11.000Z,,https://www.ebay.com/itm/366603032745?hash=item555b3e58a9:g:yS4AAeSwsqlqfag7,https://i.ebayimg.com/images/g/yS4AAeSwsqlqfag7/s-l225.jpg
型号不明,52.0,Leica ELMARIT M 135 F2.8 1st from Japan,Leica,Lenses,Used,819.15,USD,FIXED_PRICE,7,0,grail:ELMARIT,JP,ginzaluxuryfinds,100.0,2026-08-13T11:16:10.000Z,,https://www.ebay.com/itm/366603032618?hash=item555b3e582a:g:g~IAAeSwgGdqfahx,https://i.ebayimg.com/images/g/g~IAAeSwgGdqfahx/s-l225.jpg
型号不明,52.0,Leica Nickel Elmar 50 3.5 from Japan,Leica,Lenses,Used,823.32,USD,FIXED_PRICE,7,0,grail:Elmar,JP,ginzaluxuryfinds,100.0,2026-08-13T11:16:11.000Z,,https://www.ebay.com/itm/366603032713?hash=item555b3e5889:g:bRwAAeSwMwFqfahv,https://i.ebayimg.com/images/g/bRwAAeSwMwFqfahv/s-l225.jpg
型号不明,52.0,Leica Summicron M 5cm 2 Lens from Japan,Leica,Lenses,Used,840.69,USD,FIXED_PRICE,7,0,grail:Summicron,JP,ginzaluxuryfinds,100.0,2026-08-13T11:16:12.000Z,,https://www.ebay.com/itm/366603032833?hash=item555b3e5901:g:sH0AAeSw64ZqfahH,https://i.ebayimg.com/images/g/sH0AAeSw64ZqfahH/s-l225.jpg
型号不明,52.0,Leica IIIg Camera from Japan,Leica,Lenses,Used,868.48,USD,FIXED_PRICE,7,0,grail:Leica IIIg,JP,ginzaluxuryfinds,100.0,2026-08-13T11:16:11.000Z,,https://www.ebay.com/itm/366603032702?hash=item555b3e587e:g:r~8AAeSwBclqfais,https://i.ebayimg.com/images/g/r~8AAeSwBclqfais/s-l225.jpg
型号不明,52.0,Leica Elmarit R35 2.8 (3 CAM) from Japan,Leica,Lenses,Used,885.85,USD,FIXED_PRICE,7,0,grail:Elmarit,JP,ginzaluxuryfinds,100.0,2026-08-13T11:16:11.000Z,,https://www.ebay.com/itm/366603032735?hash=item555b3e589f:g:qtQAAeSwJoxqfai9,https://i.ebayimg.com/images/g/qtQAAeSwJoxqfai9/s-l225.jpg
型号不明,52.0,Leica Apo Macro Elmarit R100 2.8 (3 Cam) from Japan,Leica,Lenses,Used,892.8,USD,FIXED_PRICE,7,0,grail:Elmarit,JP,ginzaluxuryfinds,100.0,2026-08-13T11:16:11.000Z,,https://www.ebay.com/itm/366603032763?hash=item555b3e58bb:g:sygAAeSwNSNqfagQ,https://i.ebayimg.com/images/g/sygAAeSwNSNqfagQ/s-l225.jpg
型号不明,52.0,Leica Elmar L50 2.8 from Japan,Leica,Lenses,Used,901.48,USD,FIXED_PRICE,7,0,grail:Elmar,JP,ginzaluxuryfinds,100.0,2026-08-13T11:16:12.000Z,,https://www.ebay.com/itm/366603032834?hash=item555b3e5902:g:dfEAAeSwli9qfaf6,https://i.ebayimg.com/images/g/dfEAAeSwli9qfaf6/s-l225.jpg
型号不明,52.0,Leica IIIf Self Timer from Japan,Leica,Lenses,Used,910.17,USD,FIXED_PRICE,7,0,grail:Leica IIIf,JP,ginzaluxuryfinds,100.0,2026-08-13T11:16:12.000Z,,https://www.ebay.com/itm/366603032889?hash=item555b3e5939:g:HJ8AAeSwpoNqfagA,https://i.ebayimg.com/images/g/HJ8AAeSwpoNqfagA/s-l225.jpg
型号不明,52.0,Leica R6.2 Camera from Japan,Leica,Lenses,Used,918.85,USD,FIXED_PRICE,7,0,grail:Leica R6,JP,ginzaluxuryfinds,100.0,2026-08-13T11:16:12.000Z,,https://www.ebay.com/itm/366603032799?hash=item555b3e58df:g:GeMAAeSwfwBqfagJ,https://i.ebayimg.com/images/g/GeMAAeSwfwBqfagJ/s-l225.jpg
型号不明,52.0,Leica IIIg Camera from Japan,Leica,Lenses,Used,928.76,USD,FIXED_PRICE,13,0,grail:Leica IIIg,JP,ginzaluxuryfinds,100.0,2026-08-13T11:16:13.000Z,,https://www.ebay.com/itm/366603032970?hash=item555b3e598a:g:yucAAeSwOT5qfaiR,https://i.ebayimg.com/images/g/yucAAeSwOT5qfaiR/s-l225.jpg
型号不明,52.0,Leica Summicron L50 2 Lens from Japan,Leica,Lenses,Used,929.27,USD,FIXED_PRICE,7,0,grail:Summicron,JP,ginzaluxuryfinds,100.0,2026-08-13T11:16:10.000Z,,https://www.ebay.com/itm/366603032587?hash=item555b3e580b:g:GuwAAeSwiX5qfai2,https://i.ebayimg.com/images/g/GuwAAeSwiX5qfai2/s-l225.jpg
型号不明,52.0,Leica Summicron M 90 F2 from Japan,Leica,Lenses,Used,929.27,USD,FIXED_PRICE,7,0,grail:Summicron,JP,ginzaluxuryfinds,100.0,2026-08-13T11:16:10.000Z,,https://www.ebay.com/itm/366603032637?hash=item555b3e583d:g:x9kAAeSwn1Jqfais,https://i.ebayimg.com/images/g/x9kAAeSwn1Jqfais/s-l225.jpg
型号不明,52.0,Leica Minilux Zoom Compact Camera from Japan,Leica,Lenses,Used,998.75,USD,FIXED_PRICE,7,0,grail:Minilux,JP,ginzaluxuryfinds,100.0,2026-08-13T11:16:10.000Z,,https://www.ebay.com/itm/366603032613?hash=item555b3e5825:g:H0YAAeSwNz9qfah1,https://i.ebayimg.com/images/g/H0YAAeSwNz9qfah1/s-l225.jpg
查无市价,52.0,Leica Elmar 5cm f3.5 19mm Diameter UV Filter Fiore from Japan,Leica,Lenses,Used,1007.44,USD,FIXED_PRICE,4,0,grail:Elmar,JP,ginzaluxuryfinds,100.0,2026-08-13T10:52:23.000Z,,https://www.ebay.com/itm/366602994102?hash=item555b3dc1b6:g:TxwAAeSwawdqfaJw,https://i.ebayimg.com/images/g/TxwAAeSwawdqfaJw/s-l225.jpg
型号不明,52.0,Leica Summicron L 5cm 2 (Retractable) from Japan,Leica,Lenses,Used,1016.12,USD,FIXED_PRICE,7,0,grail:Summicron,JP,ginzaluxuryfinds,100.0,2026-08-13T11:16:11.000Z,,https://www.ebay.com/itm/366603032681?hash=item555b3e5869:g:uOAAAeSw0Kxqfagz,https://i.ebayimg.com/images/g/uOAAAeSw0Kxqfagz/s-l225.jpg
型号不明,52.0,Leica IIIg Body from Japan,Leica,Lenses,Used,1102.97,USD,FIXED_PRICE,7,0,grail:Leica IIIg,JP,ginzaluxuryfinds,100.0,2026-08-13T11:16:13.000Z,,https://www.ebay.com/itm/366603032988?hash=item555b3e599c:g:TgUAAeSwhyNqfag0,https://i.ebayimg.com/images/g/TgUAAeSwhyNqfag0/s-l225.jpg
型号不明,52.0,Leica R8 Body from Japan,Leica,Lenses,Used,1102.97,USD,FIXED_PRICE,7,0,grail:Leica R8,JP,ginzaluxuryfinds,100.0,2026-08-13T11:16:11.000Z,,https://www.ebay.com/itm/366603032679?hash=item555b3e5867:g:sMsAAeSw4U1qfah3,https://i.ebayimg.com/images/g/sMsAAeSw4U1qfah3/s-l225.jpg
型号不明,52.0,Leica 11082 Super Vario Elmar TL F3.5 4.5 11 23 ASPH from Japan,Leica,Lenses,Used,1111.65,USD,FIXED_PRICE,7,0,grail:Elmar,JP,ginzaluxuryfinds,100.0,2026-08-13T11:16:13.000Z,,https://www.ebay.com/itm/366603033001?hash=item555b3e59a9:g:vWgAAeSwkOdqfajv,https://i.ebayimg.com/images/g/vWgAAeSwkOdqfajv/s-l225.jpg
残件/按现状,52.0,Nikon SP Titanium Curtain Body Rangefinder Film Camera as is,Nikon,Film Cameras,Used,1115.04,USD,"FIXED_PRICE,BEST_OFFER",8,0,grail:Nikon SP;as-is,JP,manmaru42,100.0,2026-08-13T13:36:18.000Z,,https://www.ebay.com/itm/398281319224?hash=item5cbb6aa338:g:6cQAAeSwRT9qfdKp,https://i.ebayimg.com/images/g/6cQAAeSwRT9qfdKp/s-l225.jpg
型号不明,52.0,Leica Summicron M 50 2 Retractable Lens from Japan,Leica,Lenses,Used,1172.45,USD,FIXED_PRICE,7,0,grail:Summicron,JP,ginzaluxuryfinds,100.0,2026-08-13T11:16:11.000Z,,https://www.ebay.com/itm/366603032671?hash=item555b3e585f:g:XKYAAeSwJHdqfagZ,https://i.ebayimg.com/images/g/XKYAAeSwJHdqfagZ/s-l225.jpg
型号不明,52.0,Carl Zeiss Distagon T 2.8 1.5 ZF.2 for Nikon,Zeiss,Lenses,Used,1219.56,USD,"FIXED_PRICE,BEST_OFFER",11,0,grail:Distagon,JP,l9531336,100.0,2026-08-13T08:20:35.000Z,,https://www.ebay.com/itm/298584201989?hash=item4585015b05:g:dlkAAeSwfwBqfX9H,https://i.ebayimg.com/images/g/dlkAAeSwfwBqfX9H/s-l225.jpg
型号不明,52.0,Leica Elmarit M 28 2.8 3rd (Early) from Japan,Leica,Lenses,Used,1222.82,USD,FIXED_PRICE,7,0,grail:Elmarit,JP,ginzaluxuryfinds,100.0,2026-08-13T11:16:10.000Z,,https://www.ebay.com/itm/366603032615?hash=item555b3e5827:g:1CIAAeSwNtZqfah6,https://i.ebayimg.com/images/g/1CIAAeSwNtZqfah6/s-l225.jpg
型号不明,52.0,Leica Elmarit M 90 2.8 from Japan,Leica,Lenses,Used,1346.14,USD,FIXED_PRICE,7,0,grail:Elmarit,JP,ginzaluxuryfinds,100.0,2026-08-13T11:16:12.000Z,,https://www.ebay.com/itm/366603032919?hash=item555b3e5957:g:TDoAAeSwYTBqfaih,https://i.ebayimg.com/images/g/TDoAAeSwYTBqfaih/s-l225.jpg
型号不明,52.0,Leica Summicron L 50 F2 from Japan,Leica,Lenses,Used,1346.14,USD,FIXED_PRICE,7,0,grail:Summicron,JP,ginzaluxuryfinds,100.0,2026-08-13T11:16:10.000Z,,https://www.ebay.com/itm/366603032577?hash=item555b3e5801:g:UbkAAeSwVNpqfah8,https://i.ebayimg.com/images/g/UbkAAeSwVNpqfah8/s-l225.jpg
型号不明,52.0,Leica Elmar M 50 2.8 Silver from Japan,Leica,Lenses,Used,1432.99,USD,FIXED_PRICE,7,0,grail:Elmar,JP,ginzaluxuryfinds,100.0,2026-08-13T11:16:12.000Z,,https://www.ebay.com/itm/366603032836?hash=item555b3e5904:g:ppoAAeSwJtNqfaim,https://i.ebayimg.com/images/g/ppoAAeSwJtNqfaim/s-l225.jpg
型号不明,52.0,Leica M5 Black from Japan,Leica,Lenses,Used,1432.99,USD,FIXED_PRICE,7,0,grail:Leica M5,JP,ginzaluxuryfinds,100.0,2026-08-13T11:16:12.000Z,,https://www.ebay.com/itm/366603032860?hash=item555b3e591c:g:xvcAAeSw3C1qfaje,https://i.ebayimg.com/images/g/xvcAAeSw3C1qfaje/s-l225.jpg
型号不明,52.0,Leica M3 BODY from Japan,Leica,Lenses,Used,1432.99,USD,FIXED_PRICE,7,0,grail:Leica M3,JP,ginzaluxuryfinds,100.0,2026-08-13T11:16:12.000Z,,https://www.ebay.com/itm/366603032909?hash=item555b3e594d:g:VvgAAeSwjZxqfah1,https://i.ebayimg.com/images/g/VvgAAeSwjZxqfah1/s-l225.jpg
型号不明,52.0,Leica Summicron R50 2 (2 CAM) from Japan,Leica,Lenses,Used,1432.99,USD,FIXED_PRICE,7,0,grail:Summicron,JP,ginzaluxuryfinds,100.0,2026-08-13T11:16:10.000Z,,https://www.ebay.com/itm/366603032557?hash=item555b3e57ed:g:fMEAAeSw2L1qfaiE,https://i.ebayimg.com/images/g/fMEAAeSw2L1qfaiE/s-l225.jpg
型号不明,52.0,Leica Elmarit M28 2.8 4th Generation from Japan,Leica,Lenses,Used,1432.99,USD,FIXED_PRICE,7,0,grail:Elmarit,JP,ginzaluxuryfinds,100.0,2026-08-13T11:16:10.000Z,,https://www.ebay.com/itm/366603032620?hash=item555b3e582c:g:fFgAAeSwYtBqfagM,https://i.ebayimg.com/images/g/fFgAAeSwYtBqfagM/s-l225.jpg
型号不明,52.0,Leica Summicron M90 2.0 (E55) from Japan,Leica,Lenses,Used,1450.36,USD,FIXED_PRICE,7,0,grail:Summicron,JP,ginzaluxuryfinds,100.0,2026-08-13T11:16:11.000Z,,https://www.ebay.com/itm/366603032788?hash=item555b3e58d4:g:KSIAAeSwt99qfahJ,https://i.ebayimg.com/images/g/KSIAAeSwt99qfahJ/s-l225.jpg
型号不明,52.0,Leica Summicron M50 2 Barrel from Japan,Leica,Lenses,Used,1450.36,USD,FIXED_PRICE,7,0,grail:Summicron,JP,ginzaluxuryfinds,100.0,2026-08-13T11:16:10.000Z,,https://www.ebay.com/itm/366603032647?hash=item555b3e5847:g:qVcAAeSwBVhqfahc,https://i.ebayimg.com/images/g/qVcAAeSwBVhqfahc/s-l225.jpg
型号不明,52.0,Leica SUMMICRON M 50 2 3rd from Japan,Leica,Lenses,Used,1493.79,USD,FIXED_PRICE,7,0,grail:SUMMICRON,JP,ginzaluxuryfinds,100.0,2026-08-13T11:16:10.000Z,,https://www.ebay.com/itm/366603032566?hash=item555b3e57f6:g:WRUAAeSwCclqfaii,https://i.ebayimg.com/images/g/WRUAAeSwCclqfaii/s-l225.jpg
型号不明,52.0,Leica Summicron M50 2 (2nd) from Japan,Leica,Lenses,Used,1519.84,USD,FIXED_PRICE,7,0,grail:Summicron,JP,ginzaluxuryfinds,100.0,2026-08-13T11:16:13.000Z,,https://www.ebay.com/itm/366603032986?hash=item555b3e599a:g:vdAAAeSwQOlqfahZ,https://i.ebayimg.com/images/g/vdAAAeSwQOlqfahZ/s-l225.jpg
型号不明,52.0,Leica Elmarit M 28 2.8 2nd Generation Late E48 from Japan,Leica,Lenses,Used,1519.84,USD,FIXED_PRICE,7,0,grail:Elmarit,JP,ginzaluxuryfinds,100.0,2026-08-13T11:16:11.000Z,,https://www.ebay.com/itm/366603032691?hash=item555b3e5873:g:d6QAAeSwHiJqfai~,https://i.ebayimg.com/images/g/d6QAAeSwHiJqfai~/s-l225.jpg
型号不明,52.0,Leica Summicron M 50 2 from Japan,Leica,Lenses,Used,1519.84,USD,FIXED_PRICE,7,0,grail:Summicron,JP,ginzaluxuryfinds,100.0,2026-08-13T11:16:11.000Z,,https://www.ebay.com/itm/366603032692?hash=item555b3e5874:g:iroAAeSw8vxqfagr,https://i.ebayimg.com/images/g/iroAAeSw8vxqfagr/s-l225.jpg
型号不明,52.0,Leica Summicron M 50 2 2nd from Japan,Leica,Lenses,Used,1537.21,USD,FIXED_PRICE,7,0,grail:Summicron,JP,ginzaluxuryfinds,100.0,2026-08-13T11:16:11.000Z,,https://www.ebay.com/itm/366603032736?hash=item555b3e58a0:g:V8wAAeSw~uRqfagX,https://i.ebayimg.com/images/g/V8wAAeSw~uRqfagX/s-l225.jpg
型号不明,52.0,Leica Apo Macro Elmarit R 100 2.8 3CAM from Japan,Leica,Lenses,Used,1554.58,USD,FIXED_PRICE,7,0,grail:Elmarit,JP,ginzaluxuryfinds,100.0,2026-08-13T11:16:13.000Z,,https://www.ebay.com/itm/366603033004?hash=item555b3e59ac:g:VA0AAeSwvgtqfagi,https://i.ebayimg.com/images/g/VA0AAeSwvgtqfagi/s-l225.jpg
型号不明,52.0,Leica ELMARIT M 28 2.8 Lens from Japan,Leica,Lenses,Used,1563.26,USD,FIXED_PRICE,7,0,grail:ELMARIT,JP,ginzaluxuryfinds,100.0,2026-08-13T11:16:13.000Z,,https://www.ebay.com/itm/366603032978?hash=item555b3e5992:g:HJwAAeSwPd5qfahy,https://i.ebayimg.com/images/g/HJwAAeSwPd5qfahy/s-l225.jpg
型号不明,52.0,Leica Summicron L 50 F2 from Japan,Leica,Lenses,Used,1580.63,USD,FIXED_PRICE,7,0,grail:Summicron,JP,ginzaluxuryfinds,100.0,2026-08-13T11:16:13.000Z,,https://www.ebay.com/itm/366603032974?hash=item555b3e598e:g:yFYAAeSwLxRqfagk,https://i.ebayimg.com/images/g/yFYAAeSwLxRqfagk/s-l225.jpg
型号不明,52.0,Leica ELMARIT M 21 2.8 E60 Lens from Japan,Leica,Lenses,Used,1580.63,USD,FIXED_PRICE,7,0,grail:ELMARIT,JP,ginzaluxuryfinds,100.0,2026-08-13T11:16:12.000Z,,https://www.ebay.com/itm/366603032871?hash=item555b3e5927:g:FmsAAeSwjRtqfahB,https://i.ebayimg.com/images/g/FmsAAeSwjRtqfahB/s-l225.jpg
型号不明,52.0,Leica Minilux Camera from Japan,Leica,Lenses,Used,1589.32,USD,FIXED_PRICE,7,0,grail:Minilux,JP,ginzaluxuryfinds,100.0,2026-08-13T11:16:12.000Z,,https://www.ebay.com/itm/366603032934?hash=item555b3e5966:g:wioAAeSwMk1qfait,https://i.ebayimg.com/images/g/wioAAeSwMk1qfait/s-l225.jpg
型号不明,52.0,Leica Summicron M50 2 2nd Black from Japan,Leica,Lenses,Used,1598.0,USD,FIXED_PRICE,7,0,grail:Summicron,JP,ginzaluxuryfinds,100.0,2026-08-13T11:16:12.000Z,,https://www.ebay.com/itm/366603032829?hash=item555b3e58fd:g:S~YAAeSwa2dqfafK,https://i.ebayimg.com/images/g/S~YAAeSwa2dqfafK/s-l225.jpg
查无市价,52.0,Ricoh GR1V Black 35mm Compact Film Camera,Ricoh,Film Cameras,Used,1604.0,USD,FIXED_PRICE,9,0,grail:GR1V,JP,ein.japan,99.5,2026-08-14T12:57:17.000Z,,https://www.ebay.com/itm/237005554886?hash=item372ea1c4c6:g:cw0AAeSwT0pqfxHm,https://i.ebayimg.com/images/g/cw0AAeSwT0pqfxHm/s-l225.jpg
型号不明,52.0,Leica Elmar M 50 2.8 Silver from Japan,Leica,Lenses,Used,1606.69,USD,FIXED_PRICE,7,0,grail:Elmar,JP,ginzaluxuryfinds,100.0,2026-08-13T11:16:13.000Z,,https://www.ebay.com/itm/366603032969?hash=item555b3e5989:g:TRAAAeSwVNpqfagB,https://i.ebayimg.com/images/g/TRAAAeSwVNpqfagB/s-l225.jpg
型号不明,52.0,Leica IIIf Red Synchron Self Release from Japan,Leica,Lenses,Used,1606.69,USD,FIXED_PRICE,7,0,grail:Leica IIIf,JP,ginzaluxuryfinds,100.0,2026-08-13T11:16:13.000Z,,https://www.ebay.com/itm/366603032991?hash=item555b3e599f:g:RGwAAeSwv8xqfaf8,https://i.ebayimg.com/images/g/RGwAAeSwv8xqfaf8/s-l225.jpg
型号不明,52.0,Leica Fisheye Elmarit R 16 2.8 from Japan,Leica,Lenses,Used,1606.69,USD,FIXED_PRICE,7,0,grail:Elmarit,JP,ginzaluxuryfinds,100.0,2026-08-13T11:16:13.000Z,,https://www.ebay.com/itm/366603032999?hash=item555b3e59a7:g:hsAAAeSwKTRqfaf2,https://i.ebayimg.com/images/g/hsAAAeSwKTRqfaf2/s-l225.jpg
型号不明,52.0,Leica Summicron M 5cm 2 First Generation Lens from Japan,Leica,Lenses,Used,1606.69,USD,FIXED_PRICE,7,0,grail:Summicron,JP,ginzaluxuryfinds,100.0,2026-08-13T11:16:12.000Z,,https://www.ebay.com/itm/366603032910?hash=item555b3e594e:g:gmgAAeSwtqtqfai7,https://i.ebayimg.com/images/g/gmgAAeSwtqtqfai7/s-l225.jpg
型号不明,52.0,Leica Elmarit M28 2.8 2nd Generation from Japan,Leica,Lenses,Used,1606.69,USD,FIXED_PRICE,7,0,grail:Elmarit,JP,ginzaluxuryfinds,100.0,2026-08-13T11:16:12.000Z,,https://www.ebay.com/itm/366603032914?hash=item555b3e5952:g:K7UAAeSwjWhqfagG,https://i.ebayimg.com/images/g/K7UAAeSwjWhqfagG/s-l225.jpg
型号不明,52.0,Leica SUMMICRON M 50 2 (With Hood) from Japan,Leica,Lenses,Used,1606.69,USD,FIXED_PRICE,7,0,grail:SUMMICRON,JP,ginzaluxuryfinds,100.0,2026-08-13T11:16:11.000Z,,https://www.ebay.com/itm/366603032682?hash=item555b3e586a:g:V8sAAeSwbEhqfaf~,https://i.ebayimg.com/images/g/V8sAAeSwbEhqfaf~/s-l225.jpg
型号不明,52.0,Leica Elmarit 28 F2.8 2nd No Stopper from Japan,Leica,Lenses,Used,1615.37,USD,FIXED_PRICE,7,0,grail:Elmarit,JP,ginzaluxuryfinds,100.0,2026-08-13T11:16:11.000Z,,https://www.ebay.com/itm/366603032759?hash=item555b3e58b7:g:i70AAeSwKTRqfah4,https://i.ebayimg.com/images/g/i70AAeSwKTRqfah4/s-l225.jpg
型号不明,52.0,Leica Summicron M50 2 (3rd) from Japan,Leica,Lenses,Used,1624.06,USD,FIXED_PRICE,7,0,grail:Summicron,JP,ginzaluxuryfinds,100.0,2026-08-13T11:16:12.000Z,,https://www.ebay.com/itm/366603032837?hash=item555b3e5905:g:Wy8AAeSwgvRqfafA,https://i.ebayimg.com/images/g/Wy8AAeSwgvRqfafA/s-l225.jpg
型号不明,52.0,Leica ELMARIT M 28 2.8 3rd from Japan,Leica,Lenses,Used,1624.06,USD,FIXED_PRICE,7,0,grail:ELMARIT,JP,ginzaluxuryfinds,100.0,2026-08-13T11:16:11.000Z,,https://www.ebay.com/itm/366603032724?hash=item555b3e5894:g:niUAAeSwCYxqfahU,https://i.ebayimg.com/images/g/niUAAeSwCYxqfahU/s-l225.jpg
型号不明,52.0,Leica Elmarit R 24 2.8 (ROM) from Japan,Leica,Lenses,Used,1658.8,USD,FIXED_PRICE,7,0,grail:Elmarit,JP,ginzaluxuryfinds,100.0,2026-08-13T11:16:10.000Z,,https://www.ebay.com/itm/366603032591?hash=item555b3e580f:g:VQgAAeSwA6tqfaiG,https://i.ebayimg.com/images/g/VQgAAeSwA6tqfaiG/s-l225.jpg
型号不明,52.0,Leica Elmarit M28 2.8 Second Generation from Japan,Leica,Lenses,Used,1667.48,USD,FIXED_PRICE,7,0,grail:Elmarit,JP,ginzaluxuryfinds,100.0,2026-08-13T11:16:10.000Z,,https://www.ebay.com/itm/366603032589?hash=item555b3e580d:g:SPIAAeSwyudqfagE,https://i.ebayimg.com/images/g/SPIAAeSwyudqfagE/s-l225.jpg
型号不明,52.0,Leica DR Summicron M 50 2 with Glasses from Japan,Leica,Lenses,Used,1693.54,USD,FIXED_PRICE,7,0,grail:Summicron,JP,ginzaluxuryfinds,100.0,2026-08-13T11:16:13.000Z,,https://www.ebay.com/itm/366603032990?hash=item555b3e599e:g:rgEAAeSwBVhqfajR,https://i.ebayimg.com/images/g/rgEAAeSwBVhqfajR/s-l225.jpg
型号不明,52.0,Leica APO VARIO ELMAR TL 55 135 3.5 5.6 ASPH. from Japan,Leica,Lenses,Used,1693.54,USD,FIXED_PRICE,7,0,grail:ELMAR,JP,ginzaluxuryfinds,100.0,2026-08-13T11:16:12.000Z,,https://www.ebay.com/itm/366603032876?hash=item555b3e592c:g:o~UAAeSwlC5qfafn,https://i.ebayimg.com/images/g/o~UAAeSwlC5qfafn/s-l225.jpg
型号不明,52.0,Leica APO MACRO ELMARIT R100 2.8 ROM from Japan,Leica,Lenses,Used,1745.64,USD,FIXED_PRICE,7,0,grail:ELMARIT,JP,ginzaluxuryfinds,100.0,2026-08-13T11:16:11.000Z,,https://www.ebay.com/itm/366603032779?hash=item555b3e58cb:g:uJQAAeSwhnxqfai3,https://i.ebayimg.com/images/g/uJQAAeSwhnxqfai3/s-l225.jpg
型号不明,52.0,Leica Apo Macro Elmarit R100 2.8 3 CAM from Japan,Leica,Lenses,Used,1754.33,USD,FIXED_PRICE,7,0,grail:Elmarit,JP,ginzaluxuryfinds,100.0,2026-08-13T11:16:11.000Z,,https://www.ebay.com/itm/366603032739?hash=item555b3e58a3:g:eXAAAeSwQQxqfah3,https://i.ebayimg.com/images/g/eXAAAeSwQQxqfah3/s-l225.jpg
型号不明,52.0,Leica DR Summicron M 50 2 from Japan,Leica,Lenses,Used,1780.38,USD,FIXED_PRICE,7,0,grail:Summicron,JP,ginzaluxuryfinds,100.0,2026-08-13T11:16:10.000Z,,https://www.ebay.com/itm/366603032608?hash=item555b3e5820:g:pwEAAeSwdixqfagC,https://i.ebayimg.com/images/g/pwEAAeSwdixqfagC/s-l225.jpg
型号不明,52.0,Leica minilux from Japan,Leica,Lenses,Used,1780.38,USD,FIXED_PRICE,7,0,grail:minilux,JP,ginzaluxuryfinds,100.0,2026-08-13T11:16:10.000Z,,https://www.ebay.com/itm/366603032624?hash=item555b3e5830:g:m6oAAeSwRQxqfaju,https://i.ebayimg.com/images/g/m6oAAeSwRQxqfaju/s-l225.jpg
型号不明,52.0,Leica Minilux Compact Film Camera from Japan,Leica,Lenses,Used,1780.38,USD,FIXED_PRICE,4,0,grail:Minilux,JP,ginzaluxuryfinds,100.0,2026-08-13T11:16:10.000Z,,https://www.ebay.com/itm/366603032634?hash=item555b3e583a:g:j9oAAeSwxvxqfagM,https://i.ebayimg.com/images/g/j9oAAeSwxvxqfagM/s-l225.jpg
型号不明,52.0,Leica Elmarit M 28 2.8 (E46) from Japan,Leica,Lenses,Used,1832.49,USD,FIXED_PRICE,7,0,grail:Elmarit,JP,ginzaluxuryfinds,100.0,2026-08-13T11:16:12.000Z,,https://www.ebay.com/itm/366603032922?hash=item555b3e595a:g:ou0AAeSwK~Zqfaij,https://i.ebayimg.com/images/g/ou0AAeSwK~Zqfaij/s-l225.jpg
型号不明,52.0,Leica M3 DS from Japan,Leica,Lenses,Used,1867.23,USD,FIXED_PRICE,7,0,grail:Leica M3,JP,ginzaluxuryfinds,100.0,2026-08-13T11:16:11.000Z,,https://www.ebay.com/itm/366603032783?hash=item555b3e58cf:g:obAAAeSwfoNqfahz,https://i.ebayimg.com/images/g/obAAAeSwfoNqfahz/s-l225.jpg
型号不明,52.0,Leica M5 from Japan,Leica,Lenses,Used,1884.6,USD,FIXED_PRICE,7,0,grail:Leica M5,JP,ginzaluxuryfinds,100.0,2026-08-13T11:16:12.000Z,,https://www.ebay.com/itm/366603032845?hash=item555b3e590d:g:UJMAAeSwhP1qfag2,https://i.ebayimg.com/images/g/UJMAAeSwhP1qfag2/s-l225.jpg
型号不明,52.0,Leica M3 SS from Japan,Leica,Lenses,Used,1954.08,USD,FIXED_PRICE,7,0,grail:Leica M3,JP,ginzaluxuryfinds,100.0,2026-08-13T11:16:10.000Z,,https://www.ebay.com/itm/366603032614?hash=item555b3e5826:g:kNkAAeSwOfRqfaiX,https://i.ebayimg.com/images/g/kNkAAeSwOfRqfaiX/s-l225.jpg
型号不明,52.0,Leica Summicron M 50 2 Lens from Japan,Leica,Lenses,Used,1971.45,USD,FIXED_PRICE,7,0,grail:Summicron,JP,ginzaluxuryfinds,100.0,2026-08-13T11:16:13.000Z,,https://www.ebay.com/itm/366603033000?hash=item555b3e59a8:g:pkoAAeSwfoNqfajI,https://i.ebayimg.com/images/g/pkoAAeSwfoNqfajI/s-l225.jpg
型号不明,52.0,Leica M3 DS from Japan,Leica,Lenses,Used,1971.45,USD,FIXED_PRICE,7,0,grail:Leica M3,JP,ginzaluxuryfinds,100.0,2026-08-13T11:16:11.000Z,,https://www.ebay.com/itm/366603032729?hash=item555b3e5899:g:t8MAAeSwd8VqfagH,https://i.ebayimg.com/images/g/t8MAAeSwd8VqfagH/s-l225.jpg
型号不明,52.0,LEICA M1 Black Paint Overhauled from Japan,Leica,Lenses,Used,1980.13,USD,FIXED_PRICE,9,0,grail:LEICA M1,JP,ginzaluxuryfinds,100.0,2026-08-13T10:52:24.000Z,,https://www.ebay.com/itm/366602994150?hash=item555b3dc1e6:g:ewAAAeSwFJ1qfaJ5,https://i.ebayimg.com/images/g/ewAAAeSwFJ1qfaJ5/s-l225.jpg
型号不明,52.0,Leica M3 MC Meter from Japan,Leica,Lenses,Used,2021.82,USD,FIXED_PRICE,7,0,grail:Leica M3,JP,ginzaluxuryfinds,100.0,2026-08-13T11:16:12.000Z,,https://www.ebay.com/itm/366603032856?hash=item555b3e5918:g:TxEAAeSwg5hqfajl,https://i.ebayimg.com/images/g/TxEAAeSwg5hqfajl/s-l225.jpg
型号不明,52.0,Leica Summicron M 50 2 Lens from Japan,Leica,Lenses,Used,2040.93,USD,FIXED_PRICE,7,0,grail:Summicron,JP,ginzaluxuryfinds,100.0,2026-08-13T11:16:11.000Z,,https://www.ebay.com/itm/366603032704?hash=item555b3e5880:g:IzAAAeSw4vtqfai3,https://i.ebayimg.com/images/g/IzAAAeSw4vtqfai3/s-l225.jpg
型号不明,52.0,Leica Summicron M50 2 with Hood from Japan,Leica,Lenses,Used,2066.98,USD,FIXED_PRICE,7,0,grail:Summicron,JP,ginzaluxuryfinds,100.0,2026-08-13T11:16:13.000Z,,https://www.ebay.com/itm/366603033007?hash=item555b3e59af:g:XaEAAeSw-MdqfafD,https://i.ebayimg.com/images/g/XaEAAeSw-MdqfafD/s-l225.jpg
型号不明,52.0,Leica M2 (Late Model with Self timer) from Japan,Leica,Lenses,Used,2084.35,USD,FIXED_PRICE,7,0,grail:Leica M2,JP,ginzaluxuryfinds,100.0,2026-08-13T11:16:13.000Z,,https://www.ebay.com/itm/366603032945?hash=item555b3e5971:g:fWAAAeSwU21qfaf6,https://i.ebayimg.com/images/g/fWAAAeSwU21qfaf6/s-l225.jpg
型号不明,52.0,Leica Summicron M 50 F2 2nd from Japan,Leica,Lenses,Used,2099.98,USD,FIXED_PRICE,7,0,grail:Summicron,JP,ginzaluxuryfinds,100.0,2026-08-13T11:16:10.000Z,,https://www.ebay.com/itm/366603032631?hash=item555b3e5837:g:LEMAAeSwSLlqfahP,https://i.ebayimg.com/images/g/LEMAAeSwSLlqfahP/s-l225.jpg
型号不明,52.0,Leica M3 SS from Japan,Leica,Lenses,Used,2099.98,USD,FIXED_PRICE,7,0,grail:Leica M3,JP,ginzaluxuryfinds,100.0,2026-08-13T11:16:10.000Z,,https://www.ebay.com/itm/366603032652?hash=item555b3e584c:g:pywAAeSwYPFqfagI,https://i.ebayimg.com/images/g/pywAAeSwYPFqfagI/s-l225.jpg
型号不明,52.0,Leica M3 (SS) from Japan,Leica,Lenses,Used,2101.72,USD,FIXED_PRICE,7,0,grail:Leica M3,JP,ginzaluxuryfinds,100.0,2026-08-13T11:16:12.000Z,,https://www.ebay.com/itm/366603032848?hash=item555b3e5910:g:YJwAAeSwGbJqfait,https://i.ebayimg.com/images/g/YJwAAeSwGbJqfait/s-l225.jpg
型号不明,52.0,Leica M3 SS from Japan,Leica,Lenses,Used,2188.57,USD,FIXED_PRICE,7,0,grail:Leica M3,JP,ginzaluxuryfinds,100.0,2026-08-13T11:16:10.000Z,,https://www.ebay.com/itm/366603032570?hash=item555b3e57fa:g:TvEAAeSwiiFqfafC,https://i.ebayimg.com/images/g/TvEAAeSwiiFqfafC/s-l225.jpg
型号不明,52.0,Leica Summicron M50 2 3rd Black (Canada) from Japan,Leica,Lenses,Used,2214.62,USD,FIXED_PRICE,7,0,grail:Summicron,JP,ginzaluxuryfinds,100.0,2026-08-13T11:16:13.000Z,,https://www.ebay.com/itm/366603033005?hash=item555b3e59ad:g:YQ8AAeSwinpqfagO,https://i.ebayimg.com/images/g/YQ8AAeSwinpqfagO/s-l225.jpg
型号不明,52.0,Leica M3 SS Camera from Japan,Leica,Lenses,Used,2214.62,USD,FIXED_PRICE,7,0,grail:Leica M3,JP,ginzaluxuryfinds,100.0,2026-08-13T11:16:12.000Z,,https://www.ebay.com/itm/366603032802?hash=item555b3e58e2:g:JbQAAeSwT0pqfahz,https://i.ebayimg.com/images/g/JbQAAeSwT0pqfahz/s-l225.jpg
型号不明,52.0,Leica A Type Elmar 50 3.5 Gold from Japan,Leica,Lenses,Used,2231.99,USD,FIXED_PRICE,7,0,grail:Elmar,JP,ginzaluxuryfinds,100.0,2026-08-13T11:16:13.000Z,,https://www.ebay.com/itm/366603032998?hash=item555b3e59a6:g:b08AAeSwr-1qfagS,https://i.ebayimg.com/images/g/b08AAeSwr-1qfagS/s-l225.jpg
型号不明,52.0,Leica M5 Black from Japan,Leica,Lenses,Used,2231.99,USD,FIXED_PRICE,7,0,grail:Leica M5,JP,ginzaluxuryfinds,100.0,2026-08-13T11:16:12.000Z,,https://www.ebay.com/itm/366603032899?hash=item555b3e5943:g:mLAAAeSw5Tlqfafj,https://i.ebayimg.com/images/g/mLAAAeSw5Tlqfafj/s-l225.jpg
型号不明,52.0,Leica Summilux M50 1.4 from Japan,Leica,Lenses,Used,2301.47,USD,FIXED_PRICE,7,0,grail:Summilux,JP,ginzaluxuryfinds,100.0,2026-08-13T11:16:12.000Z,,https://www.ebay.com/itm/366603032794?hash=item555b3e58da:g:u6sAAeSw-wlqfahG,https://i.ebayimg.com/images/g/u6sAAeSw-wlqfahG/s-l225.jpg
型号不明,52.0,Leica M5 from Japan,Leica,Lenses,Used,2301.47,USD,FIXED_PRICE,6,0,grail:Leica M5,JP,ginzaluxuryfinds,100.0,2026-08-13T11:16:11.000Z,,https://www.ebay.com/itm/366603032662?hash=item555b3e5856:g:tIIAAeSwqhJqfajh,https://i.ebayimg.com/images/g/tIIAAeSwqhJqfajh/s-l225.jpg
型号不明,52.0,Leica M5 Body Black Early from Japan,Leica,Lenses,Used,2301.47,USD,FIXED_PRICE,7,0,grail:Leica M5,JP,ginzaluxuryfinds,100.0,2026-08-13T11:16:10.000Z,,https://www.ebay.com/itm/366603032616?hash=item555b3e5828:g:lngAAeSwWQxqfafE,https://i.ebayimg.com/images/g/lngAAeSwWQxqfafE/s-l225.jpg
型号不明,52.0,Leica Summicron M 50 2 Lens from Japan,Leica,Lenses,Used,2388.32,USD,FIXED_PRICE,7,0,grail:Summicron,JP,ginzaluxuryfinds,100.0,2026-08-13T11:16:13.000Z,,https://www.ebay.com/itm/366603032949?hash=item555b3e5975:g:vikAAeSwaJdqfagP,https://i.ebayimg.com/images/g/vikAAeSwaJdqfagP/s-l225.jpg
型号不明,52.0,Leica M3 Silver Single Stroke Body HK10760 from Japan,Leica,Lenses,Used,2431.74,USD,FIXED_PRICE,8,0,grail:Leica M3,JP,ginzaluxuryfinds,100.0,2026-08-13T11:16:10.000Z,,https://www.ebay.com/itm/366603032595?hash=item555b3e5813:g:voMAAeSwd8Vqfaiu,https://i.ebayimg.com/images/g/voMAAeSwd8Vqfaiu/s-l225.jpg
型号不明,52.0,Leica ELMARIT M 21 2.8 from Japan,Leica,Lenses,Used,2475.17,USD,FIXED_PRICE,7,0,grail:ELMARIT,JP,ginzaluxuryfinds,100.0,2026-08-13T11:16:12.000Z,,https://www.ebay.com/itm/366603032898?hash=item555b3e5942:g:LUYAAeSwSLlqfahp,https://i.ebayimg.com/images/g/LUYAAeSwSLlqfahp/s-l225.jpg
型号不明,52.0,Leica M3 2 Stroke from Japan,Leica,Lenses,Used,2483.85,USD,FIXED_PRICE,7,0,grail:Leica M3,JP,ginzaluxuryfinds,100.0,2026-08-13T11:16:10.000Z,,https://www.ebay.com/itm/366603032582?hash=item555b3e5806:g:nysAAeSw-V9qfage,https://i.ebayimg.com/images/g/nysAAeSw-V9qfage/s-l225.jpg
型号不明,52.0,Leica Summicron L50 2 from Japan,Leica,Lenses,Used,2492.54,USD,FIXED_PRICE,7,0,grail:Summicron,JP,ginzaluxuryfinds,100.0,2026-08-13T11:16:12.000Z,,https://www.ebay.com/itm/366603032869?hash=item555b3e5925:g:ocMAAeSwfoNqfah1,https://i.ebayimg.com/images/g/ocMAAeSwfoNqfah1/s-l225.jpg
型号不明,52.0,Leica Summilux M50 1.4 Early Model from Japan,Leica,Lenses,Used,2492.54,USD,FIXED_PRICE,7,0,grail:Summilux,JP,ginzaluxuryfinds,100.0,2026-08-13T11:16:12.000Z,,https://www.ebay.com/itm/366603032891?hash=item555b3e593b:g:n2UAAeSwp49qfajL,https://i.ebayimg.com/images/g/n2UAAeSwp49qfajL/s-l225.jpg
型号不明,52.0,Leica M3 Silver Single Stroke Body jp27167 from Japan,Leica,Lenses,Used,2527.28,USD,FIXED_PRICE,8,0,grail:Leica M3,JP,ginzaluxuryfinds,100.0,2026-08-13T11:16:12.000Z,,https://www.ebay.com/itm/366603032887?hash=item555b3e5937:g:mgYAAeSwYVRqfahS,https://i.ebayimg.com/images/g/mgYAAeSwYVRqfahS/s-l225.jpg
型号不明,52.0,Leica Summicron M35 2 ASPH. Black from Japan,Leica,Lenses,Used,2534.22,USD,FIXED_PRICE,7,0,grail:Summicron,JP,ginzaluxuryfinds,100.0,2026-08-13T11:16:13.000Z,,https://www.ebay.com/itm/366603033010?hash=item555b3e59b2:g:vf8AAeSwls1qfai-,https://i.ebayimg.com/images/g/vf8AAeSwls1qfai-/s-l225.jpg
型号不明,52.0,Leica Elmarit R 19 F2.8 from Japan,Leica,Lenses,Used,2534.22,USD,FIXED_PRICE,7,0,grail:Elmarit,JP,ginzaluxuryfinds,100.0,2026-08-13T11:16:11.000Z,,https://www.ebay.com/itm/366603032665?hash=item555b3e5859:g:hP0AAeSwm6tqfafA,https://i.ebayimg.com/images/g/hP0AAeSwm6tqfafA/s-l225.jpg
型号不明,52.0,Leica Summicron M35 2 3rd Generation from Japan,Leica,Lenses,Used,2562.02,USD,FIXED_PRICE,7,0,grail:Summicron,JP,ginzaluxuryfinds,100.0,2026-08-13T11:16:10.000Z,,https://www.ebay.com/itm/366603032596?hash=item555b3e5814:g:hKkAAeSwbjtqfagy,https://i.ebayimg.com/images/g/hKkAAeSwbjtqfagy/s-l225.jpg
型号不明,52.0,Leica M3 Single Stroke Body from Japan,Leica,Lenses,Used,2602.83,USD,FIXED_PRICE,8,0,grail:Leica M3,JP,ginzaluxuryfinds,100.0,2026-08-13T11:16:11.000Z,,https://www.ebay.com/itm/366603032695?hash=item555b3e5877:g:Y7gAAeSwVf1qfaf3,https://i.ebayimg.com/images/g/Y7gAAeSwVf1qfaf3/s-l225.jpg
型号不明,52.0,Leica D LUX8 LEICA Black SUMMILUX Set from Japan,Leica,Lenses,Used,2613.0,USD,FIXED_PRICE,8,0,grail:SUMMILUX,JP,ginzaluxuryfinds,100.0,2026-08-13T10:52:24.000Z,,https://www.ebay.com/itm/366602994147?hash=item555b3dc1e3:g:Dx8AAeSwVNpqfaLh,https://i.ebayimg.com/images/g/Dx8AAeSwVNpqfaLh/s-l225.jpg
型号不明,52.0,Leica M5 Silver from Japan,Leica,Lenses,Used,2666.23,USD,FIXED_PRICE,7,0,grail:Leica M5,JP,ginzaluxuryfinds,100.0,2026-08-13T11:16:12.000Z,,https://www.ebay.com/itm/366603032815?hash=item555b3e58ef:g:tfQAAeSwhnxqfah4,https://i.ebayimg.com/images/g/tfQAAeSwhnxqfah4/s-l225.jpg
型号不明,52.0,Leica Summilux M50 1.4 1st Late Silver from Japan,Leica,Lenses,Used,2692.29,USD,FIXED_PRICE,7,0,grail:Summilux,JP,ginzaluxuryfinds,100.0,2026-08-13T11:16:12.000Z,,https://www.ebay.com/itm/366603032907?hash=item555b3e594b:g:LCEAAeSwE-hqfaiy,https://i.ebayimg.com/images/g/LCEAAeSwE-hqfaiy/s-l225.jpg
型号不明,52.0,Leica M5 Body Silver 50th Anniversary from Japan,Leica,Lenses,Used,2718.34,USD,FIXED_PRICE,7,0,grail:Leica M5,JP,ginzaluxuryfinds,100.0,2026-08-13T11:16:11.000Z,,https://www.ebay.com/itm/366603032754?hash=item555b3e58b2:g:CCAAAeSwk-9qfair,https://i.ebayimg.com/images/g/CCAAAeSwk-9qfair/s-l225.jpg
型号不明,52.0,Leica Summilux M50 1.4 (2nd) Black Chrome from Japan,Leica,Lenses,Used,2735.71,USD,FIXED_PRICE,7,0,grail:Summilux,JP,ginzaluxuryfinds,100.0,2026-08-13T11:16:12.000Z,,https://www.ebay.com/itm/366603032796?hash=item555b3e58dc:g:ZP0AAeSwC-FqfaiF,https://i.ebayimg.com/images/g/ZP0AAeSwC-FqfaiF/s-l225.jpg
型号不明,52.0,Leica A Type (New Elmar 50 3.5) with FODIS Rangefinder from Japan,Leica,Lenses,Used,2753.08,USD,FIXED_PRICE,7,0,grail:Elmar,JP,ginzaluxuryfinds,100.0,2026-08-13T11:16:10.000Z,,https://www.ebay.com/itm/366603032585?hash=item555b3e5809:g:Lq8AAeSwvFVqfaf-,https://i.ebayimg.com/images/g/Lq8AAeSwvFVqfaf-/s-l225.jpg
型号不明,52.0,Leica 11606 Elmarit M 2.8 28 ASPH from Japan,Leica,Lenses,Used,2796.51,USD,FIXED_PRICE,7,0,grail:Elmarit,JP,ginzaluxuryfinds,100.0,2026-08-13T11:16:11.000Z,,https://www.ebay.com/itm/366603032770?hash=item555b3e58c2:g:fNEAAeSwocpqfaiO,https://i.ebayimg.com/images/g/fNEAAeSwocpqfaiO/s-l225.jpg
型号不明,52.0,Leica Summilux M 50 1.4 2nd from Japan,Leica,Lenses,Used,2839.93,USD,FIXED_PRICE,7,0,grail:Summilux,JP,ginzaluxuryfinds,100.0,2026-08-13T11:16:12.000Z,,https://www.ebay.com/itm/366603032852?hash=item555b3e5914:g:PcEAAeSwFz1qfaiu,https://i.ebayimg.com/images/g/PcEAAeSwFz1qfaiu/s-l225.jpg
型号不明,52.0,Leica Summilux M 50 1.4 from Japan,Leica,Lenses,Used,2839.93,USD,FIXED_PRICE,7,0,grail:Summilux,JP,ginzaluxuryfinds,100.0,2026-08-13T11:16:10.000Z,,https://www.ebay.com/itm/366603032571?hash=item555b3e57fb:g:ZvcAAeSwVf1qfagy,https://i.ebayimg.com/images/g/ZvcAAeSwVf1qfagy/s-l225.jpg
型号不明,52.0,Leica Summilux M 50 1.4 2nd Generation E43 Black from Japan,Leica,Lenses,Used,2909.41,USD,FIXED_PRICE,7,0,grail:Summilux,JP,ginzaluxuryfinds,100.0,2026-08-13T11:16:12.000Z,,https://www.ebay.com/itm/366603032925?hash=item555b3e595d:g:i8sAAeSwOwdqfagM,https://i.ebayimg.com/images/g/i8sAAeSwOwdqfagM/s-l225.jpg
型号不明,52.0,Leica M4 2 Camera from Japan,Leica,Lenses,Used,2926.78,USD,FIXED_PRICE,7,0,grail:Leica M4,JP,ginzaluxuryfinds,100.0,2026-08-13T11:16:13.000Z,,https://www.ebay.com/itm/366603032977?hash=item555b3e5991:g:Gd0AAeSwfwBqfagI,https://i.ebayimg.com/images/g/Gd0AAeSwfwBqfagI/s-l225.jpg
型号不明,52.0,Leica Summilux M 50 1.4 from Japan,Leica,Lenses,Used,2926.78,USD,FIXED_PRICE,7,0,grail:Summilux,JP,ginzaluxuryfinds,100.0,2026-08-13T11:16:11.000Z,,https://www.ebay.com/itm/366603032660?hash=item555b3e5854:g:ig0AAeSwm6tqfagz,https://i.ebayimg.com/images/g/ig0AAeSwm6tqfagz/s-l225.jpg
型号不明,52.0,Leica Summilux 50 1.4 Lens (2nd Generation) from Japan,Leica,Lenses,Used,2952.83,USD,FIXED_PRICE,7,0,grail:Summilux,JP,ginzaluxuryfinds,100.0,2026-08-13T11:16:12.000Z,,https://www.ebay.com/itm/366603032812?hash=item555b3e58ec:g:sFcAAeSw6glqfaf7,https://i.ebayimg.com/images/g/sFcAAeSw6glqfaf7/s-l225.jpg
型号不明,52.0,Leica SUMMILUX 50 1.4 Late Model from Japan,Leica,Lenses,Used,3143.9,USD,FIXED_PRICE,7,0,grail:SUMMILUX,JP,ginzaluxuryfinds,100.0,2026-08-13T11:16:13.000Z,,https://www.ebay.com/itm/366603032948?hash=item555b3e5974:g:UEEAAeSwyudqfajH,https://i.ebayimg.com/images/g/UEEAAeSwyudqfajH/s-l225.jpg
型号不明,52.0,Leica Summilux M 50 1.4 2nd Black from Japan,Leica,Lenses,Used,3187.32,USD,FIXED_PRICE,7,0,grail:Summilux,JP,ginzaluxuryfinds,100.0,2026-08-13T11:16:10.000Z,,https://www.ebay.com/itm/366603032579?hash=item555b3e5803:g:XCEAAeSwiiFqfajC,https://i.ebayimg.com/images/g/XCEAAeSwiiFqfajC/s-l225.jpg
型号不明,52.0,Leica Summilux M 50 1.4 2nd from Japan,Leica,Lenses,Used,3230.75,USD,FIXED_PRICE,7,0,grail:Summilux,JP,ginzaluxuryfinds,100.0,2026-08-13T11:16:12.000Z,,https://www.ebay.com/itm/366603032866?hash=item555b3e5922:g:MB0AAeSw4PZqfai5,https://i.ebayimg.com/images/g/MB0AAeSw4PZqfai5/s-l225.jpg
型号不明,52.0,Leica Elmarit M 24 F2.8 ASPH. 6Bit Lens from Japan,Leica,Lenses,Used,3256.8,USD,FIXED_PRICE,7,0,grail:Elmarit,JP,ginzaluxuryfinds,100.0,2026-08-13T11:16:11.000Z,,https://www.ebay.com/itm/366603032742?hash=item555b3e58a6:g:gjAAAeSwUcpqfai7,https://i.ebayimg.com/images/g/gjAAAeSwUcpqfai7/s-l225.jpg
型号不明,52.0,Leica Summilux M50 1.4 from Japan,Leica,Lenses,Used,3274.17,USD,FIXED_PRICE,7,0,grail:Summilux,JP,ginzaluxuryfinds,100.0,2026-08-13T11:16:11.000Z,,https://www.ebay.com/itm/366603032761?hash=item555b3e58b9:g:iZsAAeSwwhdqfahw,https://i.ebayimg.com/images/g/iZsAAeSwwhdqfahw/s-l225.jpg
型号不明,52.0,Leica Summilux M35 1.4 ASPH (3rd Generation) Black from Japan,Leica,Lenses,Used,3361.02,USD,FIXED_PRICE,7,0,grail:Summilux,JP,ginzaluxuryfinds,100.0,2026-08-13T11:16:10.000Z,,https://www.ebay.com/itm/366603032592?hash=item555b3e5810:g:wTYAAeSw3C1qfahc,https://i.ebayimg.com/images/g/wTYAAeSw3C1qfahc/s-l225.jpg
型号不明,52.0,Leica Summilux R 80 F1.4 Lens from Japan,Leica,Lenses,Used,3419.21,USD,FIXED_PRICE,7,0,grail:Summilux,JP,ginzaluxuryfinds,100.0,2026-08-13T11:16:12.000Z,,https://www.ebay.com/itm/366603032804?hash=item555b3e58e4:g:uFkAAeSw8fdqfaja,https://i.ebayimg.com/images/g/uFkAAeSw8fdqfaja/s-l225.jpg
型号不明,52.0,Leica Summicron M35 2 ASPH. from Japan,Leica,Lenses,Used,3430.5,USD,FIXED_PRICE,7,0,grail:Summicron,JP,ginzaluxuryfinds,100.0,2026-08-13T11:16:11.000Z,,https://www.ebay.com/itm/366603032755?hash=item555b3e58b3:g:hJAAAeSwFplqfafA,https://i.ebayimg.com/images/g/hJAAAeSwFplqfafA/s-l225.jpg
型号不明,52.0,Leica 11826C Summicron M 50 2 (6BIT) from Japan,Leica,Lenses,Used,3430.5,USD,FIXED_PRICE,7,0,grail:Summicron,JP,ginzaluxuryfinds,100.0,2026-08-13T11:16:10.000Z,,https://www.ebay.com/itm/366603032543?hash=item555b3e57df:g:qpAAAeSwdixqfahQ,https://i.ebayimg.com/images/g/qpAAAeSwdixqfahQ/s-l225.jpg
型号不明,52.0,Leica Summilux M50 1.4 Lens from Japan,Leica,Lenses,Used,3447.87,USD,FIXED_PRICE,7,0,grail:Summilux,JP,ginzaluxuryfinds,100.0,2026-08-13T11:16:13.000Z,,https://www.ebay.com/itm/366603032981?hash=item555b3e5995:g:oRMAAeSwlP5qfago,https://i.ebayimg.com/images/g/oRMAAeSwlP5qfago/s-l225.jpg
型号不明,52.0,Leica Summilux M 50 F1.4 Lens from Japan,Leica,Lenses,Used,3447.87,USD,FIXED_PRICE,7,0,grail:Summilux,JP,ginzaluxuryfinds,100.0,2026-08-13T11:16:13.000Z,,https://www.ebay.com/itm/366603032997?hash=item555b3e59a5:g:x~oAAeSwbqVqfaf~,https://i.ebayimg.com/images/g/x~oAAeSwbqVqfaf~/s-l225.jpg
型号不明,52.0,Leica M4 from Japan,Leica,Lenses,Used,3534.71,USD,FIXED_PRICE,7,0,grail:Leica M4,JP,ginzaluxuryfinds,100.0,2026-08-13T11:16:11.000Z,,https://www.ebay.com/itm/366603032790?hash=item555b3e58d6:g:u~cAAeSwdSZqfaij,https://i.ebayimg.com/images/g/u~cAAeSwdSZqfaij/s-l225.jpg
型号不明,52.0,Leica Summilux M 35 1.4 2nd Stopperless Lens from Japan,Leica,Lenses,Used,3593.77,USD,FIXED_PRICE,7,0,grail:Summilux,JP,ginzaluxuryfinds,100.0,2026-08-13T11:16:13.000Z,,https://www.ebay.com/itm/366603033003?hash=item555b3e59ab:g:mkAAAeSw7OJqfahJ,https://i.ebayimg.com/images/g/mkAAAeSw7OJqfahJ/s-l225.jpg
型号不明,52.0,Leica Summilux 50 1.4 1st from Japan,Leica,Lenses,Used,3708.41,USD,FIXED_PRICE,7,0,grail:Summilux,JP,ginzaluxuryfinds,100.0,2026-08-13T11:16:12.000Z,,https://www.ebay.com/itm/366603032878?hash=item555b3e592e:g:WnEAAeSwfDJqfai9,https://i.ebayimg.com/images/g/WnEAAeSwfDJqfai9/s-l225.jpg
型号不明,52.0,Leica M3 DS Camera from Japan,Leica,Lenses,Used,3708.41,USD,FIXED_PRICE,7,0,grail:Leica M3,JP,ginzaluxuryfinds,100.0,2026-08-13T11:16:11.000Z,,https://www.ebay.com/itm/366603032690?hash=item555b3e5872:g:imQAAeSwbjtqfaiw,https://i.ebayimg.com/images/g/imQAAeSwbjtqfaiw/s-l225.jpg
型号不明,52.0,Leica M4 P 70th Anniversary Model from Japan,Leica,Lenses,Used,3732.73,USD,FIXED_PRICE,9,0,grail:Leica M4,JP,ginzaluxuryfinds,100.0,2026-08-13T11:16:11.000Z,,https://www.ebay.com/itm/366603032782?hash=item555b3e58ce:g:sboAAeSwsnZqfaf4,https://i.ebayimg.com/images/g/sboAAeSwsnZqfaf4/s-l225.jpg
型号不明,52.0,LEICA M4 Body Chrome Serial 1 270 000 from Japan,Leica,Lenses,Used,3769.2,USD,FIXED_PRICE,9,0,grail:LEICA M4,JP,ginzaluxuryfinds,100.0,2026-08-13T10:52:24.000Z,,https://www.ebay.com/itm/366602994194?hash=item555b3dc212:g:hdUAAeSwPTdqfaLv,https://i.ebayimg.com/images/g/hdUAAeSwPTdqfaLv/s-l225.jpg
型号不明,52.0,Leica M3 SS from Japan,Leica,Lenses,Used,3795.26,USD,FIXED_PRICE,7,0,grail:Leica M3,JP,ginzaluxuryfinds,100.0,2026-08-13T11:16:12.000Z,,https://www.ebay.com/itm/366603032819?hash=item555b3e58f3:g:TrYAAeSwa2dqfagD,https://i.ebayimg.com/images/g/TrYAAeSwa2dqfagD/s-l225.jpg
型号不明,52.0,Leica M4 Silver from Japan,Leica,Lenses,Used,3795.26,USD,FIXED_PRICE,7,0,grail:Leica M4,JP,ginzaluxuryfinds,100.0,2026-08-13T11:16:11.000Z,,https://www.ebay.com/itm/366603032789?hash=item555b3e58d5:g:WAgAAeSwEe9qfajI,https://i.ebayimg.com/images/g/WAgAAeSwEe9qfajI/s-l225.jpg
型号不明,52.0,LEICA SUMMICRON M f2.0 35 ASPH. from Japan,Leica,Lenses,Used,3871.68,USD,FIXED_PRICE,11,0,grail:SUMMICRON,JP,ginzaluxuryfinds,100.0,2026-08-13T10:52:24.000Z,,https://www.ebay.com/itm/366602994176?hash=item555b3dc200:g:dg8AAeSwyShqfaLs,https://i.ebayimg.com/images/g/dg8AAeSwyShqfaLs/s-l225.jpg
型号不明,52.0,Leica M4 Black Paint from Japan,Leica,Lenses,Used,3925.53,USD,FIXED_PRICE,8,0,grail:Leica M4,JP,ginzaluxuryfinds,100.0,2026-08-13T11:16:11.000Z,,https://www.ebay.com/itm/366603032685?hash=item555b3e586d:g:iHgAAeSwTHhqfaf9,https://i.ebayimg.com/images/g/iHgAAeSwTHhqfaf9/s-l225.jpg
型号不明,52.0,Leica M4 Silver Rangefinder Camera Body from Japan,Leica,Lenses,Used,3960.27,USD,FIXED_PRICE,9,0,grail:Leica M4,JP,ginzaluxuryfinds,100.0,2026-08-13T11:16:13.000Z,,https://www.ebay.com/itm/366603033012?hash=item555b3e59b4:g:fUAAAeSwseNqfah-,https://i.ebayimg.com/images/g/fUAAAeSwseNqfah-/s-l225.jpg
型号不明,52.0,Leica M4 from Japan,Leica,Lenses,Used,3968.95,USD,FIXED_PRICE,7,0,grail:Leica M4,JP,ginzaluxuryfinds,100.0,2026-08-13T11:16:11.000Z,,https://www.ebay.com/itm/366603032683?hash=item555b3e586b:g:puIAAeSwdixqfaf~,https://i.ebayimg.com/images/g/puIAAeSwdixqfaf~/s-l225.jpg
型号不明,52.0,Leica Summilux M 75 1.4 Lens from Japan,Leica,Lenses,Used,3968.95,USD,FIXED_PRICE,7,0,grail:Summilux,JP,ginzaluxuryfinds,100.0,2026-08-13T11:16:10.000Z,,https://www.ebay.com/itm/366603032610?hash=item555b3e5822:g:r3MAAeSwqylqfaj~,https://i.ebayimg.com/images/g/r3MAAeSwqylqfaj~/s-l225.jpg
型号不明,52.0,Leica Elmarit R 19 2.8 ROM from Japan,Leica,Lenses,Used,4038.43,USD,FIXED_PRICE,7,0,grail:Elmarit,JP,ginzaluxuryfinds,100.0,2026-08-13T11:16:12.000Z,,https://www.ebay.com/itm/366603032861?hash=item555b3e591d:g:rbMAAeSwa4Fqfahh,https://i.ebayimg.com/images/g/rbMAAeSwa4Fqfahh/s-l225.jpg
型号不明,52.0,Leica Apo Summicron M 75 2 ASPH Lens from Japan,Leica,Lenses,Used,4055.8,USD,FIXED_PRICE,7,0,grail:Summicron,JP,ginzaluxuryfinds,100.0,2026-08-13T11:16:11.000Z,,https://www.ebay.com/itm/366603032697?hash=item555b3e5879:g:0XIAAeSwNtZqfag0,https://i.ebayimg.com/images/g/0XIAAeSwNtZqfag0/s-l225.jpg
型号不明,52.0,Leica M5 50th Anniversary Model from Japan,Leica,Lenses,Used,4212.13,USD,FIXED_PRICE,6,0,grail:Leica M5,JP,ginzaluxuryfinds,100.0,2026-08-13T11:16:13.000Z,,https://www.ebay.com/itm/366603033006?hash=item555b3e59ae:g:HjUAAeSw1~NqfagR,https://i.ebayimg.com/images/g/HjUAAeSw1~NqfagR/s-l225.jpg
型号不明,52.0,Leica SUMMILUX M 50 1.4 11868 from Japan,Leica,Lenses,Used,4298.98,USD,FIXED_PRICE,7,0,grail:SUMMILUX,JP,ginzaluxuryfinds,100.0,2026-08-13T11:16:10.000Z,,https://www.ebay.com/itm/366603032583?hash=item555b3e5807:g:rggAAeSw4VRqfaiC,https://i.ebayimg.com/images/g/rggAAeSw4VRqfaiC/s-l225.jpg
型号不明,52.0,Leica M6 Chrome Rangefinder Film Camera from Japan,Leica,Lenses,Used,4384.09,USD,FIXED_PRICE,10,0,grail:Leica M6,JP,ginzaluxuryfinds,100.0,2026-08-13T11:16:10.000Z,,https://www.ebay.com/itm/366603032597?hash=item555b3e5815:g:tVAAAeSwfn9qfafB,https://i.ebayimg.com/images/g/tVAAAeSwfn9qfafB/s-l225.jpg
型号不明,52.0,Leica SUMMILUX M 35 1.4 ASPH from Japan,Leica,Lenses,Used,4385.82,USD,FIXED_PRICE,7,0,grail:SUMMILUX,JP,ginzaluxuryfinds,100.0,2026-08-13T11:16:13.000Z,,https://www.ebay.com/itm/366603032994?hash=item555b3e59a2:g:XkYAAeSwfDJqfakG,https://i.ebayimg.com/images/g/XkYAAeSwfDJqfakG/s-l225.jpg
型号不明,52.0,Leica M6 Silver from Japan,Leica,Lenses,Used,4385.82,USD,FIXED_PRICE,7,0,grail:Leica M6,JP,ginzaluxuryfinds,100.0,2026-08-13T11:16:11.000Z,,https://www.ebay.com/itm/366603032765?hash=item555b3e58bd:g:eo4AAeSwUcpqfagL,https://i.ebayimg.com/images/g/eo4AAeSwUcpqfagL/s-l225.jpg
残件/按现状,51.0,Zeiss Ikon Contaflex | 35mm SLR Camera | Hazy Lens | Leather Case | AS-IS,Zeiss,Vintage Cameras,,0.0,USD,AUCTION,5,0,as-is;auction,US,socal_cameras,100.0,2026-08-13T20:50:14.000Z,2026-08-20T20:50:14.000Z,https://www.ebay.com/itm/800503710787?hash=itemba61bd4443:g:awYAAeSw9~xqdPMz,https://i.ebayimg.com/images/g/awYAAeSw9~xqdPMz/s-l225.jpg
残件/按现状,51.0,~Voigtlander Bessa 6X9 folding 120 film camera 10.5cm f6.3 lens~ Untested As Is,Voigtlander,Film Cameras,Used,0.0,USD,AUCTION,13,0,as-is;auction,US,scsm-9877,100.0,2026-08-13T19:44:27.000Z,2026-08-18T19:44:27.000Z,https://www.ebay.com/itm/800503485153?hash=itemba61b9d2e1:g:DFYAAeSwteRpzyyg,https://i.ebayimg.com/images/g/DFYAAeSwteRpzyyg/s-l225.jpg
型号不明,51.0,"AUTO GRAFLEX 4X5 Camera With B&L Lens, Suydam Roll and Glass Cut Film Holders",Graflex,Vintage Cameras,,0.0,USD,AUCTION,13,0,auction,US,carboy1711,100.0,2026-08-13T16:33:34.000Z,2026-08-20T16:33:34.000Z,https://www.ebay.com/itm/188787466695?hash=item2bf49c21c7:g:SEQAAeSwC-FqffE2,https://i.ebayimg.com/images/g/SEQAAeSwC-FqffE2/s-l225.jpg
残件/按现状,51.0,:Graflex Baby Speed Graphic 2x3 Press Camera w/ Kodak Lens,Graflex,Film Cameras,For parts or not working,0.0,USD,AUCTION,5,0,auction,US,rcn1984,98.9,2026-08-13T16:15:11.000Z,2026-08-20T16:15:11.000Z,https://www.ebay.com/itm/257678317042?hash=item3bfed315f2:g:RooAAeSwpAlqfe1N,https://i.ebayimg.com/images/g/RooAAeSwpAlqfe1N/s-l225.jpg
残件/按现状,51.0,Mamiya Sekor Auto XTL 35mm Film Camera ES 21mm f4 Wide Lens Japan Untested (J),Mamiya,Vintage Cameras,,0.0,USD,"AUCTION,BEST_OFFER",6,0,as-is;auction,US,booksfromca,99.7,2026-08-13T14:09:44.000Z,2026-08-20T14:09:44.000Z,https://www.ebay.com/itm/198568308084?hash=item2e3b97ed74:g:pAAAAeSwGGJqS-3h,https://i.ebayimg.com/images/g/pAAAAeSwGGJqS-3h/s-l225.jpg
残件/按现状,51.0,Mamiya Sekor Auto XTL 35mm Film Camera ES 135mm f2.8 Lens Japan Untested (J),Mamiya,Vintage Cameras,,0.0,USD,"AUCTION,BEST_OFFER",12,0,as-is;auction,US,booksfromca,99.7,2026-08-13T14:09:44.000Z,2026-08-20T14:09:44.000Z,https://www.ebay.com/itm/147502296477?hash=item2257d26d9d:g:12QAAeSwDftqS-my,https://i.ebayimg.com/images/g/12QAAeSwDftqS-my/s-l225.jpg
残件/按现状,51.0,56386 Sony DCR-TRV8 MiniDV Camcorder Nightshot NTSC AS-IS,Sony,Camcorders,Used,39.2,USD,"FIXED_PRICE,BEST_OFFER",16,0,as-is;underpriced(med 165),JP,sihongyang730-3,100.0,2026-08-13T08:45:30.000Z,,https://www.ebay.com/itm/227472309475?hash=item34f667fce3:g:az8AAeSwQOlqe8fF,https://i.ebayimg.com/images/g/az8AAeSwQOlqe8fF/s-l225.jpg
残件/按现状,51.0,[For Tapeless] 1173617 Sony DCR-PC110 MiniDV Camcorder Nightshot NTSC AS-IS,Sony,Camcorders,Used,47.2,USD,"FIXED_PRICE,BEST_OFFER",23,0,as-is;underpriced(med 165),JP,sihongyang730-3,100.0,2026-08-13T08:46:51.000Z,,https://www.ebay.com/itm/227472309552?hash=item34f667fd30:g:fyEAAeSwUrdqe8fy,https://i.ebayimg.com/images/g/fyEAAeSwUrdqe8fy/s-l225.jpg
残件/按现状,51.0,Pentax Digital Camera Espio140 Junk Used,Pentax,Digital Cameras,Used,62.68,USD,FIXED_PRICE,2,0,as-is;underpriced(med 235),JP,hard-off-japan-in-au,99.2,2026-08-13T17:23:00.000Z,,https://www.ebay.com/itm/318724698119?hash=item4a3578f007:g:qYAAAeSwBidqfgnK,https://i.ebayimg.com/images/g/qYAAAeSwBidqfgnK/s-l225.jpg
残件/按现状,51.0,Nikon digital camera Coolpix S3000 Junk Used,Nikon,Digital Cameras,Used,62.68,USD,FIXED_PRICE,3,0,as-is;underpriced(med 253),JP,hard-off-japan-in-au,99.2,2026-08-13T17:22:54.000Z,,https://www.ebay.com/itm/318724697860?hash=item4a3578ef04:g:cEcAAeSwMwFqfgwD,https://i.ebayimg.com/images/g/cEcAAeSwMwFqfgwD/s-l225.jpg
残件/按现状,51.0,Fujifilm Junk Digital Camera Finepix Z1 Used,Fujifilm,Digital Cameras,Used,62.68,USD,FIXED_PRICE,6,0,as-is;underpriced(med 250),JP,hard-off-japan-in-au,99.2,2026-08-13T17:22:50.000Z,,https://www.ebay.com/itm/318724697714?hash=item4a3578ee72:g:SyMAAeSwg5hqfgyG,https://i.ebayimg.com/images/g/SyMAAeSwg5hqfgyG/s-l225.jpg
残件/按现状,51.0,Nikon Junk Film Camera F50 Used,Nikon,Digital Cameras,Used,62.68,USD,FIXED_PRICE,10,0,as-is;underpriced(med 253),JP,hard-off-japan-in-au,99.2,2026-08-13T17:22:44.000Z,,https://www.ebay.com/itm/318724697566?hash=item4a3578edde:g:vFoAAeSwDRtqfgmK,https://i.ebayimg.com/images/g/vFoAAeSwDRtqfgmK/s-l225.jpg
残件/按现状,51.0,CANON DSLR Camera EOS KISS DIGITAL Junk Used,Canon,Digital Cameras,Used,62.68,USD,FIXED_PRICE,9,0,as-is;underpriced(med 333),JP,hard-off-japan-in-au,99.2,2026-08-13T17:22:44.000Z,,https://www.ebay.com/itm/318724697572?hash=item4a3578ede4:g:joIAAeSwWUhqfgxv,https://i.ebayimg.com/images/g/joIAAeSwWUhqfgxv/s-l225.jpg
残件/按现状,51.0,Olympus digital camera μDIGITAL 600 Junk Used,Olympus,Digital Cameras,Used,62.68,USD,FIXED_PRICE,6,0,as-is;underpriced(med 231),JP,hard-off-japan-in-au,99.2,2026-08-13T17:22:44.000Z,,https://www.ebay.com/itm/318724697573?hash=item4a3578ede5:g:rOkAAeSw7-lqfgn2,https://i.ebayimg.com/images/g/rOkAAeSw7-lqfgn2/s-l225.jpg
残件/按现状,51.0,Fujifilm Digital Camera Finepix JZ700 Junk Used,Fujifilm,Digital Cameras,Used,62.68,USD,FIXED_PRICE,12,0,as-is;underpriced(med 250),JP,hard-off-japan-in-au,99.2,2026-08-13T17:22:39.000Z,,https://www.ebay.com/itm/318724697458?hash=item4a3578ed72:g:jlkAAeSwX0ZqfguL,https://i.ebayimg.com/images/g/jlkAAeSwX0ZqfguL/s-l225.jpg
残件/按现状,51.0,Fujifilm Digital Camera Finepix S5700 Junk Used,Fujifilm,Digital Cameras,Used,62.68,USD,FIXED_PRICE,7,0,as-is;underpriced(med 250),JP,hard-off-japan-in-au,99.2,2026-08-13T17:22:39.000Z,,https://www.ebay.com/itm/318724697468?hash=item4a3578ed7c:g:lHsAAeSwL~Nqfgo-,https://i.ebayimg.com/images/g/lHsAAeSwL~Nqfgo-/s-l225.jpg
残件/按现状,51.0,Fujifilm Digicam Finepix 1200 Junk Used,Fujifilm,Digital Cameras,Used,67.45,USD,FIXED_PRICE,5,0,as-is;underpriced(med 250),JP,hard-off-japan-in-au,99.2,2026-08-13T17:23:05.000Z,,https://www.ebay.com/itm/318724698492?hash=item4a3578f17c:g:SVoAAeSw~cFqfgwG,https://i.ebayimg.com/images/g/SVoAAeSw~cFqfgwG/s-l225.jpg
残件/按现状,51.0,CANON Digital SLR EOS KISS X Junk Used,Canon,Digital Cameras,Used,72.22,USD,FIXED_PRICE,7,0,as-is;underpriced(med 333),JP,hard-off-japan-in-au,99.2,2026-08-13T17:22:44.000Z,,https://www.ebay.com/itm/318724697588?hash=item4a3578edf4:g:OckAAeSwGbJqfgkO,https://i.ebayimg.com/images/g/OckAAeSwGbJqfgkO/s-l225.jpg
残件/按现状,51.0,Olympus Digicam Sp-600uz Junk Used,Olympus,Digital Cameras,Used,77.95,USD,FIXED_PRICE,6,0,as-is;underpriced(med 231),JP,hard-off-japan-in-au,99.2,2026-08-13T17:23:05.000Z,,https://www.ebay.com/itm/318724698499?hash=item4a3578f183:g:k5wAAeSwYVRqfgjd,https://i.ebayimg.com/images/g/k5wAAeSwYVRqfgjd/s-l225.jpg
残件/按现状,51.0,OLYMPUS μ-MINI DIGTAL Junk Used,Olympus,Digital Cameras,Used,81.76,USD,FIXED_PRICE,7,0,as-is;underpriced(med 231),JP,hard-off-japan-in-au,99.2,2026-08-13T17:22:54.000Z,,https://www.ebay.com/itm/318724697868?hash=item4a3578ef0c:g:bKEAAeSwMwFqfgvO,https://i.ebayimg.com/images/g/bKEAAeSwMwFqfgvO/s-l225.jpg
残件/按现状,51.0,Fujifilm JX200 Junk Used,Fujifilm,Digital Cameras,Used,81.76,USD,FIXED_PRICE,9,0,as-is;underpriced(med 250),JP,hard-off-japan-in-au,99.2,2026-08-13T17:22:54.000Z,,https://www.ebay.com/itm/318724697872?hash=item4a3578ef10:g:m88AAeSwFW1qfgmp,https://i.ebayimg.com/images/g/m88AAeSwFW1qfgmp/s-l225.jpg
残件/按现状,51.0,RICOH Condegi G700 Junk Used,Ricoh,Digital Cameras,Used,81.76,USD,FIXED_PRICE,9,0,as-is;underpriced(med 338),JP,hard-off-japan-in-au,99.2,2026-08-13T17:22:44.000Z,,https://www.ebay.com/itm/318724697577?hash=item4a3578ede9:g:KxYAAeSwG5pqfglq,https://i.ebayimg.com/images/g/KxYAAeSwG5pqfglq/s-l225.jpg
型号不明,51.0,Lensbaby Control Freak Special Effects Lens Pentax K Mount Vintage f/4,Pentax,Lenses,Used,89.99,USD,"FIXED_PRICE,BEST_OFFER",4,0,mount:pentax k,US,lvngrm,100.0,2026-08-13T17:42:26.000Z,,https://www.ebay.com/itm/287523077645?hash=item42f1b5fe0d:g:z1wAAeSwv8xqfgEN,https://i.ebayimg.com/images/g/z1wAAeSwv8xqfgEN/s-l225.jpg
残件/按现状,51.0,Olympus Digital Camera Sz-11 Junk Used,Olympus,Digital Cameras,Used,91.31,USD,FIXED_PRICE,3,0,as-is;underpriced(med 231),JP,hard-off-japan-in-au,99.2,2026-08-13T17:23:00.000Z,,https://www.ebay.com/itm/318724698130?hash=item4a3578f012:g:crQAAeSwUcpqfgnd,https://i.ebayimg.com/images/g/crQAAeSwUcpqfgnd/s-l225.jpg
残件/按现状,51.0,CANON Junk digital camera PC1351 Used,Canon,Digital Cameras,Used,91.31,USD,FIXED_PRICE,6,0,as-is;underpriced(med 333),JP,hard-off-japan-in-au,99.2,2026-08-13T17:22:50.000Z,,https://www.ebay.com/itm/318724697725?hash=item4a3578ee7d:g:ZTgAAeSwli9qfgkj,https://i.ebayimg.com/images/g/ZTgAAeSwli9qfgkj/s-l225.jpg
残件/按现状,51.0,RICOH Condegi G600 Junk Used,Ricoh,Digital Cameras,Used,91.31,USD,FIXED_PRICE,13,0,as-is;underpriced(med 338),JP,hard-off-japan-in-au,99.2,2026-08-13T17:22:44.000Z,,https://www.ebay.com/itm/318724697567?hash=item4a3578eddf:g:SsAAAeSwtGBqfgn1,https://i.ebayimg.com/images/g/SsAAAeSwtGBqfgn1/s-l225.jpg
残件/按现状,51.0,CANON DSLR Ds126151 Junk Used,Canon,Digital Cameras,Used,91.31,USD,FIXED_PRICE,5,0,as-is;underpriced(med 333),JP,hard-off-japan-in-au,99.2,2026-08-13T17:22:44.000Z,,https://www.ebay.com/itm/318724697585?hash=item4a3578edf1:g:ircAAeSwn~xqfgic,https://i.ebayimg.com/images/g/ircAAeSwn~xqfgic/s-l225.jpg
残件/按现状,51.0,Nikon digital camera Coolpix A10 Junk Used,Nikon,Digital Cameras,Used,91.31,USD,FIXED_PRICE,7,0,as-is;underpriced(med 253),JP,hard-off-japan-in-au,99.2,2026-08-13T17:22:39.000Z,,https://www.ebay.com/itm/318724697450?hash=item4a3578ed6a:g:lMwAAeSwsZdqfglz,https://i.ebayimg.com/images/g/lMwAAeSwsZdqfglz/s-l225.jpg
残件/按现状,51.0,Nikon Mirrorless SLR Nikon1 J2 Junk Used,Nikon,Digital Cameras,Used,98.94,USD,FIXED_PRICE,17,0,as-is;underpriced(med 253),JP,hard-off-japan-in-au,99.2,2026-08-13T17:22:54.000Z,,https://www.ebay.com/itm/318724697861?hash=item4a3578ef05:g:-S8AAeSw2SRqfgx3,https://i.ebayimg.com/images/g/-S8AAeSw2SRqfgx3/s-l225.jpg
残件/按现状,51.0,Shot Count 4891 Olympus OLYMPUS PEN Lite E PL6 Body White as is 2629 From Japan,Olympus,Digital Cameras,Used,99.68,USD,"FIXED_PRICE,BEST_OFFER",9,0,as-is;underpriced(med 231),JP,tanigawa-shokai4,100.0,2026-08-13T13:24:21.000Z,,https://www.ebay.com/itm/178403078246?hash=item2989a6f066:g:7M0AAeSw1KtqfdIV,https://i.ebayimg.com/images/g/7M0AAeSw1KtqfdIV/s-l225.jpg
型号不明,51.0,Excellent condition Optio E60 Silver PENTAX Digital camera Digital camera body o,Pentax,Digital Cameras,Used,101.14,USD,"FIXED_PRICE,BEST_OFFER",2,0,underpriced(med 235),JP,tanigawa-shokai4,100.0,2026-08-13T13:24:25.000Z,,https://www.ebay.com/itm/178403078385?hash=item2989a6f0f1:g:1MgAAeSw87BqfdBM,https://i.ebayimg.com/images/g/1MgAAeSw87BqfdBM/s-l225.jpg
型号不明,51.0,Excellent condition COOLPIX L23 Silver Digital camera Nikon Digital camera Body,Nikon,Digital Cameras,Used,106.96,USD,"FIXED_PRICE,BEST_OFFER",2,0,underpriced(med 253),JP,tanigawa-shokai4,100.0,2026-08-13T13:24:19.000Z,,https://www.ebay.com/itm/178403078158?hash=item2989a6f00e:g:BwYAAeSwVnNqfc~w,https://i.ebayimg.com/images/g/BwYAAeSwVnNqfc~w/s-l225.jpg
型号不明,51.0,Super Excellent condition COOLPIX S3000 Vivid Pink Nikon Digital Camera Body and,Nikon,Digital Cameras,Used,108.91,USD,"FIXED_PRICE,BEST_OFFER",0,0,underpriced(med 253),JP,tanigawa-shokai4,100.0,2026-08-13T13:24:23.000Z,,https://www.ebay.com/itm/178403078339?hash=item2989a6f0c3:i:178403078339,
残件/按现状,51.0,Nikon Compact Digicam Coolpix S8 Junk Used,Nikon,Digital Cameras,Used,110.39,USD,FIXED_PRICE,15,0,as-is;underpriced(med 253),JP,hard-off-japan-in-au,99.2,2026-08-13T17:23:06.000Z,,https://www.ebay.com/itm/318724698503?hash=item4a3578f187:g:wykAAeSwfoNqfgwB,https://i.ebayimg.com/images/g/wykAAeSwfoNqfgwB/s-l225.jpg
残件/按现状,51.0,*Very Rare Black : For Parts* Pentax SV SLR 35mm Film Camera Body From Japan,Pentax,Film Cameras,Used,117.61,USD,FIXED_PRICE,10,0,as-is,JP,hitonaga-0,100.0,2026-08-14T11:30:34.000Z,,https://www.ebay.com/itm/407143976140?hash=item5ecbac0ccc:g:Ng8AAOSwDMJnZgtg,https://i.ebayimg.com/images/g/Ng8AAOSwDMJnZgtg/s-l225.jpg
残件/按现状,51.0,Nikon AF-S FX Nikkor 17-35mm F/2.8d IF-ED Zoom Lens for Parts Or Repair,Nikon,Lenses,For parts or not working,120.0,USD,"FIXED_PRICE,BEST_OFFER",5,0,mount:nikon f;as-is,US,eclectichobbyist,99.3,2026-08-13T18:07:38.000Z,,https://www.ebay.com/itm/327308690680?hash=item4c351e44f8:g:mHMAAeSwWcdqfgdg,https://i.ebayimg.com/images/g/mHMAAeSwWcdqfgdg/s-l225.jpg
型号不明,51.0,Canon Cannon Extender EF 2X II Tested Working Excellent,Canon,Lenses,Used,139.99,USD,"FIXED_PRICE,BEST_OFFER",4,0,mount:canon ef,US,tyhein74,99.1,2026-08-13T04:10:13.000Z,,https://www.ebay.com/itm/227473695043?hash=item34f67d2143:g:fGYAAeSwR-FqfUM4,https://i.ebayimg.com/images/g/fGYAAeSwR-FqfUM4/s-l225.jpg
打包杂件,51.0,Fujifilm Instax Mini LiPlay Blush Gold Hybrid Camera Box Film Bundle Tested USED,Fujifilm,Film Cameras,Used,146.49,USD,FIXED_PRICE,15,0,,JP,tyotti-japan,100.0,2026-08-14T09:05:16.000Z,,https://www.ebay.com/itm/168612943272?hash=item27421d55a8:g:VUEAAeSw5Vxqftj~,https://i.ebayimg.com/images/g/VUEAAeSw5Vxqftj~/s-l225.jpg
打包杂件,51.0,Canon PowerShot SX160 IS 16.0MP Digital Camera w/16x Zoom Black Bundle,Canon,Digital Cameras,Used,149.0,USD,"FIXED_PRICE,AUCTION",1,0,underpriced(med 333);auction,US,toonces49,100.0,2026-08-13T13:18:39.000Z,2026-08-20T13:18:39.000Z,https://www.ebay.com/itm/287522621786?hash=item42f1af095a:g:zOIAAeSw1WFqfcOm,https://i.ebayimg.com/images/g/zOIAAeSw1WFqfcOm/s-l225.jpg
残件/按现状,51.0,Canon RF 24-105mm f/4-7.1 IS STM Mirrorless Zoom Lens - For Parts Or Repair,Canon,Lenses,For parts or not working,149.99,USD,FIXED_PRICE,11,0,mount:canon rf;as-is,US,tyring-0,100.0,2026-08-13T16:46:50.000Z,,https://www.ebay.com/itm/298585326165?hash=item4585128255:g:zHsAAeSw1yVqffTT,https://i.ebayimg.com/images/g/zHsAAeSw1yVqffTT/s-l225.jpg
残件/按现状,51.0,Vintage Graflex 23 Speed Graphic Camera Kodak Ektar 107mm f/3.7 Lens UNTESTED,Graflex,Vintage Cameras,,249.99,USD,"FIXED_PRICE,BEST_OFFER",8,0,as-is,US,windycityraider94,99.2,2026-08-13T20:51:26.000Z,,https://www.ebay.com/itm/267756382479?hash=item3e5786290f:g:r~IAAeSwBCJqeSZf,https://i.ebayimg.com/images/g/r~IAAeSwBCJqeSZf/s-l225.jpg
型号不明,51.0,⏯️ [Exc+4] Nikon Reflex NIKKOR 1000mm f/11 Telephoto Mirror MF Lens From JAPAN,Nikon,Lenses,Used,249.99,USD,FIXED_PRICE,23,0,mount:nikon f;good-cond,JP,hirotan0402,100.0,2026-08-13T20:07:36.000Z,,https://www.ebay.com/itm/358923329944?hash=item53917f6198:g:HNQAAeSwH-NqfiSE,https://i.ebayimg.com/images/g/HNQAAeSwH-NqfiSE/s-l225.jpg
型号不明,51.0,Near Mint Canon Extender EF 2x III Lens Teleconverter w/ Caps Pouch from Japan,Canon,Lenses,Used,249.99,USD,"FIXED_PRICE,BEST_OFFER",11,0,mount:canon ef;good-cond,JP,treasures-camera-geek,100.0,2026-08-13T04:53:07.000Z,,https://www.ebay.com/itm/237002710414?hash=item372e765d8e:g:3u4AAeSwnCZqfUwO,https://i.ebayimg.com/images/g/3u4AAeSwnCZqfUwO/s-l225.jpg
型号不明,51.0,Nikon AF-S TC-20E III 2x Teleconverter Aspherical F Mount Japan [Top Mint],Nikon,Lenses,Used,269.99,USD,"FIXED_PRICE,BEST_OFFER",11,0,mount:nikon f;good-cond,JP,nipponadventureshop,100.0,2026-08-13T15:24:13.000Z,,https://www.ebay.com/itm/800502584130?hash=itemba61ac1342:g:VnsAAeSwH5NqMAdA,https://i.ebayimg.com/images/g/VnsAAeSwH5NqMAdA/s-l225.jpg
型号不明,51.0,[N.MINT/In Box] PENTAX smc PENTAX DA 18-270mmF3.5 6.3ED SDM From JAPAN # h11562,Pentax,Lenses,Used,303.0,USD,FIXED_PRICE,11,0,mount:pentax k;good-cond,JP,camelion-japan,99.7,2026-08-13T09:21:01.000Z,,https://www.ebay.com/itm/407140980749?hash=item5ecb7e580d:g:K0wAAeSwbEhqfYxF,https://i.ebayimg.com/images/g/K0wAAeSwbEhqfYxF/s-l225.jpg
型号不明,51.0,*Rare 1/4000 Mechanical Shutter : Unused* Kenko KF-2N Nikon F Mount Film Camera,Nikon,Film Cameras,Used,341.99,USD,FIXED_PRICE,16,0,mount:nikon f,JP,hitonaga-0,100.0,2026-08-14T11:38:59.000Z,,https://www.ebay.com/itm/407143987957?hash=item5ecbac3af5:g:j6EAAeSwNyhoWdHP,https://i.ebayimg.com/images/g/j6EAAeSwNyhoWdHP/s-l225.jpg
型号不明,51.0,[Almost MINT] Nikon Reflex Nikkor 1000mm f/11 MF Lens From JAPAN 1396,Nikon,Lenses,Used,369.99,USD,FIXED_PRICE,7,0,mount:nikon f;good-cond,JP,jojig_59_camera_japan,99.7,2026-08-13T14:27:14.000Z,,https://www.ebay.com/itm/137617079825?hash=item200a9dfe11:g:b1cAAeSw~8JqfeCe,https://i.ebayimg.com/images/g/b1cAAeSw~8JqfeCe/s-l225.jpg
型号不明,51.0,Nikon FE Film SLR body Silver -Near Mint- 7482,Nikon,Film Cameras,Used,463.23,USD,FIXED_PRICE,2,0,mount:sony e;good-cond,JP,kitamura_camera,100.0,2026-08-14T03:37:46.000Z,,https://www.ebay.com/itm/358924619131?hash=item5391930d7b:g:xlsAAeSwfoNqfpBm,https://i.ebayimg.com/images/g/xlsAAeSwfoNqfpBm/s-l225.jpg
打包杂件,50.0,Vintage Canon Rebel 2000 35mm SLR Film Camera Body + EF-S 18-55mm IS Lens Lot,Canon,Vintage Cameras,,0.0,USD,AUCTION,7,0,mount:canon ef;55mm;auction,US,shopats,99.6,2026-08-13T23:00:00.000Z,2026-08-16T23:00:00.000Z,https://www.ebay.com/itm/358923355706?hash=item53917fc63a:g:WXAAAeSwjSBqfidf,https://i.ebayimg.com/images/g/WXAAAeSwjSBqfidf/s-l225.jpg
残件/按现状,50.0,Nikon Coolpix L5 7.2MP Compact Digital Camera Silver 5x Zoom Spares Or Repairs,Nikon,Digital Cameras,For parts or not working,26.96,USD,"FIXED_PRICE,BEST_OFFER",7,0,underpriced(med 253),GB,southwestsourcing,99.9,2026-08-13T07:57:22.000Z,,https://www.ebay.com/itm/267755827038?hash=item3e577daf5e:g:53kAAeSwjZxqdOOW,https://i.ebayimg.com/images/g/53kAAeSwjZxqdOOW/s-l225.jpg
残件/按现状,50.0,Fujifilm FinePix J Series J50 8.2MP Digital Camera,Fujifilm,Digital Cameras,For parts or not working,26.97,USD,FIXED_PRICE,8,0,underpriced(med 250),GB,maddisonsattic,100.0,2026-08-13T14:30:42.000Z,,https://www.ebay.com/itm/318724056827?hash=item4a356f26fb:g:7~gAAeSwVopqfdUH,https://i.ebayimg.com/images/g/7~gAAeSwVopqfdUH/s-l225.jpg
残件/按现状,50.0,Film Camera 35 mm Fed 5V cameras body For parts or repair,Fed,Film Cameras,Used,27.0,USD,"FIXED_PRICE,BEST_OFFER",6,0,as-is,LV,gennadij46,100.0,2026-08-14T10:07:41.000Z,,https://www.ebay.com/itm/278279130817?hash=item40caba8ec1:g:U-EAAOSwvbtnw24Q,https://i.ebayimg.com/images/g/U-EAAOSwvbtnw24Q/s-l225.jpg
残件/按现状,50.0,Canon Digital IXUS 95 IS 10MP Digital Camera Silver for spare parts,Canon,Digital Cameras,For parts or not working,29.0,USD,"FIXED_PRICE,BEST_OFFER",13,0,underpriced(med 333),UA,vintageussr2291,100.0,2026-08-13T16:07:51.000Z,,https://www.ebay.com/itm/227474448233?hash=item34f6889f69:g:zrgAAeSwJ2dqfef6,https://i.ebayimg.com/images/g/zrgAAeSwJ2dqfef6/s-l225.jpg
残件/按现状,50.0,CANON EOS 550D DIGITAL SLR CAMERA BODY ONLY UNTESTED FOR PARTS OR REPAIR,Canon,Digital Cameras,For parts or not working,30.0,USD,"FIXED_PRICE,BEST_OFFER",11,0,as-is;underpriced(med 333),UA,antonyseller,100.0,2026-08-13T14:24:36.000Z,,https://www.ebay.com/itm/366603407847?hash=item555b4411e7:g:qwsAAeSw8EtpsCHk,https://i.ebayimg.com/images/g/qwsAAeSw8EtpsCHk/s-l225.jpg
残件/按现状,50.0,🐬 FujiFilm FinePix 6800Zoom Digital Camera - Faulty,Fujifilm,Digital Cameras,For parts or not working,30.35,USD,"FIXED_PRICE,BEST_OFFER",5,0,underpriced(med 250),GB,flipper4,100.0,2026-08-13T09:23:16.000Z,,https://www.ebay.com/itm/227473965639?hash=item34f6814247:g:TrwAAeSwTF5qfYvs,https://i.ebayimg.com/images/g/TrwAAeSwTF5qfYvs/s-l225.jpg
残件/按现状,50.0,Nikon D50 DSLR Camera Body Only w/ Battery & Strap - Works (Defective Flash)⁠,Nikon,Digital Cameras,Used,31.51,USD,"FIXED_PRICE,BEST_OFFER",6,0,as-is;underpriced(med 253),GB,tcandcodealers,100.0,2026-08-13T10:38:21.000Z,,https://www.ebay.com/itm/318723169206?hash=item4a35619bb6:g:GuQAAeSw6fRqfZ3b,https://i.ebayimg.com/images/g/GuQAAeSw6fRqfZ3b/s-l225.jpg
残件/按现状,50.0,NIKON COOLPIX S4200 16.0 MP 5X OPTICAL ZOOM DIGITAL RED CAMERA - NOT WORKING,Nikon,Digital Cameras,For parts or not working,35.71,USD,FIXED_PRICE,6,0,as-is;underpriced(med 253),CA,bestsellersbookstore,99.9,2026-08-13T15:12:14.000Z,,https://www.ebay.com/itm/800502559066?hash=itemba61abb15a:g:TwYAAOSwuGVn9v13,https://i.ebayimg.com/images/g/TwYAAOSwuGVn9v13/s-l225.jpg
残件/按现状,50.0,PENTAX OPTIO M60 10 MP 5X ZOOM DIGITAL CAMERA - NO CHARGER ***READ DESCRIPTION**,Pentax,Digital Cameras,Used,35.71,USD,FIXED_PRICE,8,0,underpriced(med 235),CA,bestsellersbookstore,99.9,2026-08-13T15:12:14.000Z,,https://www.ebay.com/itm/800502559116?hash=itemba61abb18c:g:yHEAAeSwA0BpC3Lv,https://i.ebayimg.com/images/g/yHEAAeSwA0BpC3Lv/s-l225.jpg
残件/按现状,50.0,Nikon Coolpix L120 Digital Camera Black 14.1MP 21x Zoom Cracked LCD Parts,Nikon,Digital Cameras,For parts or not working,39.46,USD,"FIXED_PRICE,BEST_OFFER",13,0,underpriced(med 253),AU,quietarchive,100.0,2026-08-13T09:45:01.000Z,,https://www.ebay.com/itm/257543916848?hash=item3bf6d04d30:g:O0AAAeSwkxBqIAfu,https://i.ebayimg.com/images/g/O0AAAeSwkxBqIAfu/s-l225.jpg
残件/按现状;打包杂件,50.0,Canon Sure Shot 35mm Film Camera Lot 60 Zoom Owl 90u Parts Repair Lot of 3,Canon,Film Cameras,For parts or not working,39.99,USD,"FIXED_PRICE,BEST_OFFER",15,0,neg;underpriced(med 166),US,casualjoe90,100.0,2026-08-13T15:17:30.000Z,,https://www.ebay.com/itm/117357491000?hash=item1b530d3338:g:hLUAAeSwbjtqfdsP,https://i.ebayimg.com/images/g/hLUAAeSwbjtqfdsP/s-l225.jpg
残件/按现状,50.0,Canon PowerShot ELPH 180 20 MP Compact Digital Camera Untested For Parts /Repair,Canon,Digital Cameras,For parts or not working,48.78,USD,"FIXED_PRICE,BEST_OFFER",8,0,as-is;underpriced(med 333),CA,bellevegasshop,99.1,2026-08-13T13:25:54.000Z,,https://www.ebay.com/itm/117357339226?hash=item1b530ae25a:g:Ue4AAeSwrKZqfPRd,https://i.ebayimg.com/images/g/Ue4AAeSwrKZqfPRd/s-l225.jpg
残件/按现状,50.0,Camera PRAKTICA LTL PROFESSIONAL CAMERA AS IS BEAUTY!!!!,Praktica,Film Cameras,For parts or not working,50.0,USD,"FIXED_PRICE,BEST_OFFER",7,0,as-is,CA,frwl0007,100.0,2026-08-13T12:14:56.000Z,,https://www.ebay.com/itm/257677981873?hash=item3bfecdf8b1:g:pbsAAOSwlCBnV1A6,https://i.ebayimg.com/images/g/pbsAAOSwlCBnV1A6/s-l225.jpg
残件/按现状,50.0,Konica C35 EF Compact Camera,Konica,Film Cameras,For parts or not working,102.16,USD,"FIXED_PRICE,BEST_OFFER",3,0,mount:canon ef,DE,foto-sandor,100.0,2026-08-13T08:22:50.000Z,,https://www.ebay.com/itm/366602758865?hash=item555b3a2ad1:g:yT4AAeSwyJFqfW5o,https://i.ebayimg.com/images/g/yT4AAeSwyJFqfW5o/s-l225.jpg
打包杂件,49.0,"Vintage 35 mm Made in Japan Lens Lot - 5 Lenses - Minolta, Toyo, Tamron, Tokina",Minolta,Vintage Lenses,,39.99,USD,"FIXED_PRICE,BEST_OFFER",2,0,,US,nostalgiaegg,100.0,2026-08-14T01:01:58.000Z,,https://www.ebay.com/itm/206489320897?hash=item3013b8fdc1:g:ddYAAeSwWXtqfmj3,https://i.ebayimg.com/images/g/ddYAAeSwWXtqfmj3/s-l225.jpg
残件/按现状;型号不明,49.0,PENTAX Single Focus Lens SUPER-TAKUMAR 1:1.450 Junk Used,Pentax,Lenses,Used,89.66,USD,FIXED_PRICE,7,0,as-is,JP,hard-off-japan-in-au,99.2,2026-08-13T17:22:26.000Z,,https://www.ebay.com/itm/318724697138?hash=item4a3578ec32:g:KyAAAeSwhyNqfglL,https://i.ebayimg.com/images/g/KyAAAeSwhyNqfglL/s-l225.jpg
型号不明,49.0,PENTAX lens Used,Pentax,Lenses,Used,97.55,USD,FIXED_PRICE,4,0,,JP,beecruise04,97.6,2026-08-13T16:39:35.000Z,,https://www.ebay.com/itm/318724543052?hash=item4a3576924c:g:9BEAAeSwpAlqff1p,https://i.ebayimg.com/images/g/9BEAAeSwpAlqff1p/s-l225.jpg
打包杂件,49.0,Sony 3pc Conversion Lens Lot VCL-HG0737X VCL-HG2037X 37mm Wide Tele Japan,Sony,Lenses,Used,99.99,USD,"FIXED_PRICE,BEST_OFFER",13,0,underpriced(med 350),US,turtlepower707,99.7,2026-08-13T06:57:07.000Z,,https://www.ebay.com/itm/327307947811?hash=item4c3512ef23:g:4HkAAeSwL8lqfWpy,https://i.ebayimg.com/images/g/4HkAAeSwL8lqfWpy/s-l225.jpg
残件/按现状;型号不明,49.0,Pentax Junk Medium Format Lens Macro-Takumar 1:4135 Used,Pentax,Lenses,Used,108.74,USD,FIXED_PRICE,6,0,as-is,JP,hard-off-japan-in-au,99.2,2026-08-13T17:22:14.000Z,,https://www.ebay.com/itm/318724696808?hash=item4a3578eae8:g:lcUAAeSwEx9qfgmO,https://i.ebayimg.com/images/g/lcUAAeSwEx9qfgmO/s-l225.jpg
型号不明,49.0,PENTAX 06 Telephoto Zoom Lens Q Mount Compact Lightweight 22157 Digital Camera,Pentax,Lenses,Used,111.98,USD,FIXED_PRICE,2,0,,JP,japan-recommend,99.6,2026-08-13T17:42:32.000Z,,https://www.ebay.com/itm/287523077967?hash=item42f1b5ff4f:g:38MAAeSwoTxqfsRO,https://i.ebayimg.com/images/g/38MAAeSwoTxqfsRO/s-l225.jpg
残件/按现状,49.0,OLYMPUS Single Focus Lens 35mm f2.8 Junk Used,Olympus,Lenses,Used,127.82,USD,FIXED_PRICE,3,0,as-is,JP,hard-off-japan-in-au,99.2,2026-08-13T17:22:31.000Z,,https://www.ebay.com/itm/318724697226?hash=item4a3578ec8a:g:PCcAAeSw4PZqfgwe,https://i.ebayimg.com/images/g/PCcAAeSw4PZqfgwe/s-l225.jpg
型号不明,49.0,Canon Lens Case LZ1326 and LZ1128 Set,Canon,Lenses,Used,148.35,USD,"FIXED_PRICE,BEST_OFFER",6,0,,JP,l9531336,100.0,2026-08-13T08:20:33.000Z,,https://www.ebay.com/itm/298584201751?hash=item4585015a17:g:kfIAAeSwMcpqfX9G,https://i.ebayimg.com/images/g/kfIAAeSwMcpqfX9G/s-l225.jpg
型号不明,49.0,Canon EF-S 55-250 4-5.6 IS II 297243,Canon,Lenses,Used,160.65,USD,FIXED_PRICE,9,0,mount:canon ef,JP,digree_japan,99.7,2026-08-13T16:05:02.000Z,,https://www.ebay.com/itm/307124838315?hash=item4782111fab:g:TtgAAeSw1cJqffW5,https://i.ebayimg.com/images/g/TtgAAeSw1cJqffW5/s-l225.jpg
型号不明,49.0,"Canon Extender EF 1.4x II Teleconverter – Clean Optics, Tested, Made in Japan",Canon,Lenses,Used,161.0,USD,"FIXED_PRICE,BEST_OFFER",6,0,mount:canon ef,JP,jamazon77,99.2,2026-08-13T04:09:38.000Z,,https://www.ebay.com/itm/377414165353?hash=item57dfa32369:g:AksAAeSwwyJqfUKU,https://i.ebayimg.com/images/g/AksAAeSwwyJqfUKU/s-l225.jpg
型号不明,49.0,Fujifilm Fujinon XF23mm F2 R WR Black X-Mount Lens,Fujifilm,Lenses,Used,270.0,USD,"FIXED_PRICE,AUCTION",2,0,mount:fuji x;auction,US,dobro-3,100.0,2026-08-13T12:52:18.000Z,2026-08-16T12:52:18.000Z,https://www.ebay.com/itm/267756016124?hash=item3e578091fc:g:XQcAAeSwseNqfb2P,https://i.ebayimg.com/images/g/XQcAAeSwseNqfb2P/s-l225.jpg
型号不明,49.0,HASSELBLAD Camera Lens CF Sonar 250mmf5.6 Used,Hasselblad,Lenses,Used,490.4,USD,FIXED_PRICE,9,0,mount:hasselblad v,JP,hard-off-japan-in-au,99.2,2026-08-13T17:22:39.000Z,,https://www.ebay.com/itm/318724697465?hash=item4a3578ed79:g:bY8AAeSwHdJqfguu,https://i.ebayimg.com/images/g/bY8AAeSwHdJqfguu/s-l225.jpg
型号不明,49.0,Leica M Adapter L Black from Japan,Leica,Lenses,Used,555.83,USD,FIXED_PRICE,5,0,mount:leica m,JP,ginzaluxuryfinds,100.0,2026-08-13T10:52:24.000Z,,https://www.ebay.com/itm/366602994190?hash=item555b3dc20e:g:8XwAAeSws4lqfaMi,https://i.ebayimg.com/images/g/8XwAAeSws4lqfaMi/s-l225.jpg
型号不明,49.0,Leica Summarit 50 1.5 L39 Mount from Japan,Leica,Lenses,Used,625.31,USD,FIXED_PRICE,7,0,mount:ltm/l39,JP,ginzaluxuryfinds,100.0,2026-08-13T11:16:11.000Z,,https://www.ebay.com/itm/366603032777?hash=item555b3e58c9:g:mSwAAeSweu9qfaf3,https://i.ebayimg.com/images/g/mSwAAeSweu9qfaf3/s-l225.jpg
型号不明,49.0,Leica M System Adapter from Japan,Leica,Lenses,New,720.84,USD,FIXED_PRICE,2,0,mount:leica m,JP,ginzaluxuryfinds,100.0,2026-08-13T10:52:24.000Z,,https://www.ebay.com/itm/366602994216?hash=item555b3dc228:g:EPcAAeSwQGhqfaJ1,https://i.ebayimg.com/images/g/EPcAAeSwQGhqfaJ1/s-l225.jpg
残件/按现状,48.0,"Rollei Rolleicord Vintage TLR Twin Lens Reflex Camera 120 Film, Parts or Repair",Rollei,Vintage Cameras,For parts or not working,0.0,USD,"AUCTION,BEST_OFFER",10,0,auction,AU,seekersvault,100.0,2026-08-13T22:34:53.000Z,2026-08-20T22:34:53.000Z,https://www.ebay.com/itm/298585956422?hash=item45851c2046:g:cucAAeSw1yVqdQoD,https://i.ebayimg.com/images/g/cucAAeSw1yVqdQoD/s-l225.jpg
残件/按现状;型号不明,48.0,AE-1 CANON 2 LENS 1 CASE /LENS COVERS ALL UNTESTED IN VG COSMETIC CONDITION!,Canon,Lenses,Used,0.0,USD,"AUCTION,BEST_OFFER",21,0,grail:AE-1;as-is;auction,US,spleef_inc,100.0,2026-08-13T17:30:16.000Z,2026-08-20T17:30:16.000Z,https://www.ebay.com/itm/188787671837?hash=item2bf49f431d:g:VwUAAeSwUGhqNCPK,https://i.ebayimg.com/images/g/VwUAAeSwUGhqNCPK/s-l225.jpg
残件/按现状,48.0,Ricoh GR1 35 mm Film Camera (Non Working LCD Screen),Ricoh,Film Cameras,Used,495.0,USD,FIXED_PRICE,7,0,grail:GR1,US,jguacheta,100.0,2026-08-13T16:22:13.000Z,,https://www.ebay.com/itm/178403518846?hash=item2989ada97e:g:LE8AAeSwSKxqfe4S,https://i.ebayimg.com/images/g/LE8AAeSwSKxqfe4S/s-l225.jpg
残件/按现状,48.0,Fuji Fujifilm GW690 III Pro Medium Format Film Camera Fujinon 90mm f/3.5 Lens AS,Fuji,Film Cameras,For parts or not working,595.0,USD,"FIXED_PRICE,BEST_OFFER",17,0,grail:GW690,US,americanpawninbocaraton,99.6,2026-08-13T21:37:01.000Z,,https://www.ebay.com/itm/287523387134?hash=item42f1bab6fe:g:NaAAAeSwG~Vqfjjk,https://i.ebayimg.com/images/g/NaAAAeSwG~Vqfjjk/s-l225.jpg
型号不明,48.0,Early Carl Zeiss Sonnar T 30cm f4 Jena 300/4 Olympia Exakta Lens US Seller Rare,Zeiss,Lenses,Used,733.95,USD,"FIXED_PRICE,BEST_OFFER",23,0,grail:Sonnar,US,well-cam,100.0,2026-08-13T20:03:00.000Z,,https://www.ebay.com/itm/358923092316?hash=item53917bc15c:g:uyEAAeSwEe9qff4r,https://i.ebayimg.com/images/g/uyEAAeSwEe9qff4r/s-l225.jpg
残件/按现状,47.0,70's MINOLTA XG-1 35mm Camera with MINOLTA MD ROKKOR-X 50mm 1:1.7 Lens VINTAGE,Minolta,Film Cameras,For parts or not working,0.0,USD,"AUCTION,BEST_OFFER",16,0,mount:minolta md;auction,US,predator-2026,99.6,2026-08-14T00:00:02.000Z,2026-08-21T00:00:02.000Z,https://www.ebay.com/itm/267756503570?hash=item3e57880212:g:wtAAAeSwRo9qYRt0,https://i.ebayimg.com/images/g/wtAAAeSwRo9qYRt0/s-l225.jpg
型号不明,47.0,nikon f camera body,Nikon,Film Cameras,Used,0.0,USD,AUCTION,4,0,mount:nikon f;auction,US,allchrisall,100.0,2026-08-13T23:17:06.000Z,2026-08-20T23:17:06.000Z,https://www.ebay.com/itm/237004398072?hash=item372e901df8:g:zPkAAeSwSUhqfk9S,https://i.ebayimg.com/images/g/zPkAAeSwSUhqfk9S/s-l225.jpg
型号不明,47.0,"Ernst Leitz Wetzlar Lens, Hector F=13.5 cm 1:4.5 Lens, Serial No 600825",Leitz,Vintage Lenses,,0.0,USD,"AUCTION,BEST_OFFER",5,0,auction,US,smartteddy123,100.0,2026-08-13T14:38:30.000Z,2026-08-20T14:38:30.000Z,https://www.ebay.com/itm/307124623523?hash=item47820dd8a3:g:EQ0AAeSwN09qcKYq,https://i.ebayimg.com/images/g/EQ0AAeSwN09qcKYq/s-l225.jpg
残件/按现状,47.0,Panasonic OmniMovie VHS HQ AF X6 CCD VHS Camcorder FOR PARTS UNTESTED,Panasonic,Camcorders,For parts or not working,25.0,USD,"FIXED_PRICE,BEST_OFFER",13,0,as-is;underpriced(med 108),US,disneydudedan,100.0,2026-08-13T14:48:36.000Z,,https://www.ebay.com/itm/298584991860?hash=item45850d6874:g:ZScAAeSwY5dqfdjx,https://i.ebayimg.com/images/g/ZScAAeSwY5dqfdjx/s-l225.jpg
残件/按现状,47.0,Sony Handycam Video 8 Camcorder CCD-FX410 Camera Not Working. Tape Door Sticks,Sony,Camcorders,For parts or not working,25.46,USD,"FIXED_PRICE,BEST_OFFER",6,0,as-is;underpriced(med 165),US,sunderhomestead,99.4,2026-08-13T07:05:10.000Z,,https://www.ebay.com/itm/168610113598?hash=item2741f2283e:g:J~kAAOSw58Jmnd4S,https://i.ebayimg.com/images/g/J~kAAOSw58Jmnd4S/s-l225.jpg
残件/按现状,47.0,Sony Handycam Video 8 CCD-FX420 - Parts only,Sony,Camcorders,For parts or not working,26.99,USD,FIXED_PRICE,1,0,as-is;underpriced(med 160),US,recota,99.9,2026-08-14T09:59:17.000Z,,https://www.ebay.com/itm/366605002999?hash=item555b5c68f7:g:GwQAAeSw-klqfugk,https://i.ebayimg.com/images/g/GwQAAeSw-klqfugk/s-l225.jpg
残件/按现状,47.0,"""For Parts Only"" Sony DCR SR45 Handycam 30GB HDD Camcorder And Battery (CK)",Sony,Camcorders,For parts or not working,26.99,USD,"FIXED_PRICE,BEST_OFFER",7,0,as-is;underpriced(med 160),US,wmb007,99.5,2026-08-13T17:26:58.000Z,,https://www.ebay.com/itm/398282007018?hash=item5cbb7521ea:g:JWoAAeSw-wlqffyc,https://i.ebayimg.com/images/g/JWoAAeSw-wlqffyc/s-l225.jpg
残件/按现状,47.0,Sony Handycam DCR-HC30 Mini DV Camcorder W/ 2 Batteries & Charger - PARTS ONLY,Sony,Camcorders,For parts or not working,27.95,USD,FIXED_PRICE,6,0,as-is;underpriced(med 160),US,tkcip05,100.0,2026-08-13T17:00:08.000Z,,https://www.ebay.com/itm/137617473387?hash=item200aa3ff6b:g:ld4AAeSwQQxqffbK,https://i.ebayimg.com/images/g/ld4AAeSwQQxqffbK/s-l225.jpg
残件/按现状,47.0,PANASONIC CAMCORDER PV-GS50D MiniDV Mini DV Video Camera VCR Player AS IS Parts,Panasonic,Camcorders,Used,29.87,USD,"FIXED_PRICE,BEST_OFFER",8,0,as-is;underpriced(med 105),US,atlfalc-45,99.4,2026-08-13T11:01:35.000Z,,https://www.ebay.com/itm/407141187675?hash=item5ecb81805b:g:kjAAAeSwvLhqeveT,https://i.ebayimg.com/images/g/kjAAAeSwvLhqeveT/s-l225.jpg
残件/按现状,47.0,NONWORKING Sony Handycam Minidv Camcorder DCR-HC85 HC85 85 DV PARTS REPAIR,Sony,Camcorders,For parts or not working,29.99,USD,FIXED_PRICE,5,0,underpriced(med 160),US,dmodeforlife,100.0,2026-08-14T08:29:10.000Z,,https://www.ebay.com/itm/318728110262?hash=item4a35ad00b6:g:OSUAAOSwIJZl3Dxk,https://i.ebayimg.com/images/g/OSUAAOSwIJZl3Dxk/s-l225.jpg
残件/按现状;打包杂件,47.0,"Sony CCD-FX310 & CCDFX330 Video Camera Recorder Video8 LOT - PARTS ""AS IS""",Sony,Camcorders,For parts or not working,29.99,USD,FIXED_PRICE,4,0,as-is;underpriced(med 160),US,valeriysvalues,99.5,2026-08-14T03:42:26.000Z,,https://www.ebay.com/itm/128025775975?hash=item1dceee4f67:g:2R4AAeSwfDRp1Fxf,https://i.ebayimg.com/images/g/2R4AAeSwfDRp1Fxf/s-l225.jpg
残件/按现状,47.0,Sony Handycam Model CCD-FX620 Video Camera Recorder Untested,Sony,Camcorders,Used,29.99,USD,FIXED_PRICE,5,0,as-is;underpriced(med 160),US,goodwillsouthflorida,99.6,2026-08-14T01:12:14.000Z,,https://www.ebay.com/itm/800504577669?hash=itemba61ca7e85:g:tqMAAeSw2L1qfmuw,https://i.ebayimg.com/images/g/tqMAAeSw2L1qfmuw/s-l225.jpg
残件/按现状,47.0,Sony Handycam CCD-TR31 Video8 Camcorder 10x Zoom Vintage Untested Parts Repair,Sony,Camcorders,For parts or not working,29.99,USD,"FIXED_PRICE,BEST_OFFER",10,0,as-is;underpriced(med 160),US,atticgemsfinds,100.0,2026-08-13T14:17:09.000Z,,https://www.ebay.com/itm/158184268793?hash=item24d48463f9:g:fO8AAeSwMjhqfH4d,https://i.ebayimg.com/images/g/fO8AAeSwMjhqfH4d/s-l225.jpg
残件/按现状,47.0,Vintage Sony CCD-F40 HandyCam Video 8 Camcorder Black W/ Charger READ,Sony,Camcorders,For parts or not working,30.0,USD,FIXED_PRICE,15,0,underpriced(med 160),US,angel8puma,99.4,2026-08-13T13:39:15.000Z,,https://www.ebay.com/itm/158184117546?hash=item24d482152a:g:dnMAAeSw8fdqfaOF,https://i.ebayimg.com/images/g/dnMAAeSw8fdqfaOF/s-l225.jpg
残件/按现状,47.0,Sony Handycam CCD-TRV21 8mm Analog Camcorder And Charger For Parts Or Repair,Sony,Camcorders,For parts or not working,30.99,USD,"FIXED_PRICE,BEST_OFFER",14,0,as-is;underpriced(med 160),US,mnmrob6873,100.0,2026-08-13T19:59:13.000Z,,https://www.ebay.com/itm/278277187541?hash=item40ca9ce7d5:g:FX4AAeSw2Cpp3Zxr,https://i.ebayimg.com/images/g/FX4AAeSw2Cpp3Zxr/s-l225.jpg
残件/按现状,47.0,Sony Handycam DCR-HC38 MiniDV Digital Video Camera Recorder Bag & Accessories,Sony,Camcorders,For parts or not working,32.0,USD,"FIXED_PRICE,BEST_OFFER",8,0,underpriced(med 160),US,justichoyl0,99.9,2026-08-14T11:49:23.000Z,,https://www.ebay.com/itm/237005430664?hash=item372e9fdf88:g:KEAAAeSwj9dphU31,https://i.ebayimg.com/images/g/KEAAAeSwj9dphU31/s-l225.jpg
残件/按现状,47.0,Vintage Panasonic PV 320D OmniMovie VHS Video Camera Camcorder + Remote Untested,Panasonic,Camcorders,For parts or not working,33.99,USD,"FIXED_PRICE,BEST_OFFER",0,0,as-is;underpriced(med 108),US,travis_m_9,100.0,2026-08-14T06:56:25.000Z,,https://www.ebay.com/itm/267756774816?hash=item3e578c25a0:g:42YAAeSwg5hqfprd,https://i.ebayimg.com/images/g/42YAAeSwg5hqfprd/s-l225.jpg
残件/按现状,47.0,Panasonic Palmcorder PV-L352D VHS-C Analog Camcorder - UNTESTED,Panasonic,Camcorders,Used,34.87,USD,"FIXED_PRICE,BEST_OFFER",6,0,as-is;underpriced(med 105),US,atlfalc-45,99.4,2026-08-13T10:56:43.000Z,,https://www.ebay.com/itm/407141177104?hash=item5ecb815710:g:p94AAeSwkOdqeHYo,https://i.ebayimg.com/images/g/p94AAeSwkOdqeHYo/s-l225.jpg
残件/按现状,47.0,Sony Video Camera Recorder CCD-TR61 15Xl 17XL Battery Charger Enko HDMI Geneva,Sony,Camcorders,For parts or not working,34.99,USD,FIXED_PRICE,19,0,underpriced(med 160),US,osinzone,99.5,2026-08-13T14:13:48.000Z,,https://www.ebay.com/itm/298584918520?hash=item45850c49f8:g:wSkAAeSwyJFqfc6E,https://i.ebayimg.com/images/g/wSkAAeSwyJFqfc6E/s-l225.jpg
残件/按现状,47.0,Vintage Polaroid One Step 600 Instant Film Camera Untested Retro 90's,Polaroid,Vintage Cameras,,38.79,USD,"FIXED_PRICE,AUCTION",3,0,as-is;auction,US,bass-matt51,100.0,2026-08-14T03:36:49.000Z,2026-08-24T03:36:49.000Z,https://www.ebay.com/itm/227475050899?hash=item34f691d193:g:LjwAAeSw371qX9PT,https://i.ebayimg.com/images/g/LjwAAeSw371qX9PT/s-l225.jpg
残件/按现状,47.0,Sony Handycam DCR-HC20 MiniDV Camcorder For Parts/Repair Powers On w/ Bag Extras,Sony,Camcorders,For parts or not working,39.95,USD,"FIXED_PRICE,BEST_OFFER",3,0,as-is;underpriced(med 160),US,shatown-21,99.7,2026-08-13T14:39:05.000Z,,https://www.ebay.com/itm/237003601291?hash=item372e83f58b:g:EIUAAeSw~cFqfdbJ,https://i.ebayimg.com/images/g/EIUAAeSw~cFqfdbJ/s-l225.jpg
残件/按现状,47.0,Broken Sony CCD-TR65 Video 8 HandyCam Read,Sony,Camcorders,Used,39.99,USD,FIXED_PRICE,20,0,as-is;underpriced(med 160),US,paymore_dayton_south,99.6,2026-08-13T20:07:38.000Z,,https://www.ebay.com/itm/366603939030?hash=item555b4c2cd6:g:z2cAAeSwbQhpuC~g,https://i.ebayimg.com/images/g/z2cAAeSwbQhpuC~g/s-l225.jpg
残件/按现状,47.0,"Sony Handycam CCD-TR517 Video8 Camcorder 20x/200x NightShot 2.5"" Silver",Sony,Camcorders,For parts or not working,40.0,USD,"FIXED_PRICE,BEST_OFFER",0,0,underpriced(med 160),US,natda_4440,100.0,2026-08-13T19:51:29.000Z,,https://www.ebay.com/itm/358923293431?hash=item53917ed2f7:g:kbwAAeSwWatqfh~0,https://i.ebayimg.com/images/g/kbwAAeSwWatqfh~0/s-l225.jpg
残件/按现状,47.0,Sony Handycam DCR-TRV280 Digital-8 Camcorder No Charger For Parts NOT WORKING,Sony,Camcorders,Used,40.0,USD,FIXED_PRICE,8,0,as-is;underpriced(med 165),US,evermore44,99.8,2026-08-13T11:27:07.000Z,,https://www.ebay.com/itm/318723321917?hash=item4a3563f03d:g:5-kAAeSwgGdqejam,https://i.ebayimg.com/images/g/5-kAAeSwgGdqejam/s-l225.jpg
残件/按现状,47.0,NONWORKING Sony Handycam 8mm XR Camcorder CCD-TR517 517 TR CCD Hi8 PARTS REPAIR,Sony,Camcorders,For parts or not working,44.99,USD,FIXED_PRICE,4,0,underpriced(med 160),US,dmodeforlife,100.0,2026-08-14T08:29:10.000Z,,https://www.ebay.com/itm/168612894063?hash=item27421c956f:g:OsYAAOSwsEZnsDPG,https://i.ebayimg.com/images/g/OsYAAOSwsEZnsDPG/s-l225.jpg
残件/按现状,47.0,Sony Handycam Video8 Video Camera Recorder Model CCD-FX410 (YMP44),Sony,Camcorders,For parts or not working,45.0,USD,"FIXED_PRICE,BEST_OFFER",11,0,underpriced(med 160),US,solanotraders,99.9,2026-08-13T22:33:58.000Z,,https://www.ebay.com/itm/366604117073?hash=item555b4ee451:g:HYgAAeSwDzRqfeAB,https://i.ebayimg.com/images/g/HYgAAeSwDzRqfeAB/s-l225.jpg
残件/按现状,47.0,"Sony Handycam Video8 8mm CCD-FX411 10-zoom Camcorder Powers On, tape Won’t Lower",Sony,Camcorders,For parts or not working,47.87,USD,"FIXED_PRICE,BEST_OFFER",23,0,underpriced(med 160),US,treasures_to-go,100.0,2026-08-13T14:44:04.000Z,,https://www.ebay.com/itm/117357431982?hash=item1b530c4cae:g:SZwAAeSwYgBpC3AX,https://i.ebayimg.com/images/g/SZwAAeSwYgBpC3AX/s-l225.jpg
残件/按现状,47.0,"Sony Digital Handycam Mega Pixel DCR-TRV25 NTSC 120x Digital Zoom1,8/3,7-37",Sony,Camcorders,For parts or not working,49.0,USD,"FIXED_PRICE,BEST_OFFER",9,0,underpriced(med 160),US,direct_auto_mall,98.4,2026-08-13T16:31:25.000Z,,https://www.ebay.com/itm/227474483192?hash=item34f68927f8:g:DQsAAeSwUp5qffDg,https://i.ebayimg.com/images/g/DQsAAeSwUp5qffDg/s-l225.jpg
残件/按现状,47.0,Sony Handycam HDR-CX190 Black Digital Video Camcorder 30x Zoom 5.3MP No Charger,Sony,Camcorders,For parts or not working,49.95,USD,"FIXED_PRICE,BEST_OFFER",10,0,underpriced(med 160),US,jerchil-73,99.0,2026-08-13T21:24:26.000Z,,https://www.ebay.com/itm/237004287074?hash=item372e8e6c62:g:Yl8AAeSw1yVqfjW6,https://i.ebayimg.com/images/g/Yl8AAeSw1yVqfjW6/s-l225.jpg
残件/按现状,47.0,Sony CCD-TRV25 HI8 Video8 Camera Camcorder Player Video Transfer Untested*READ*,Sony,Camcorders,For parts or not working,49.99,USD,FIXED_PRICE,6,0,as-is;underpriced(med 160),US,3antar,99.1,2026-08-13T22:34:23.000Z,,https://www.ebay.com/itm/206489078542?hash=item3013b54b0e:g:CXgAAeSwdJpqV7lx,https://i.ebayimg.com/images/g/CXgAAeSwdJpqV7lx/s-l225.jpg
残件/按现状,47.0,Sony DCR-TRV260 Handycam Digital 8 Camcorder *UNTESTED AS IS*,Sony,Camcorders,For parts or not working,50.0,USD,"FIXED_PRICE,BEST_OFFER",7,0,as-is;underpriced(med 165),US,ryancowley80,100.0,2026-08-13T04:43:44.000Z,,https://www.ebay.com/itm/800500105249?hash=itemba61864021:g:VFIAAeSwawdqfUtM,https://i.ebayimg.com/images/g/VFIAAeSwawdqfUtM/s-l225.jpg
残件/按现状,47.0,PANASONIC Digital Camera DMC-TZ7 Junk Used,Panasonic,Digital Cameras,Used,53.14,USD,FIXED_PRICE,14,0,as-is;underpriced(med 185),JP,hard-off-japan-in-au,99.2,2026-08-13T17:23:10.000Z,,https://www.ebay.com/itm/318724698902?hash=item4a3578f316:g:lZQAAeSwIDhqfgxE,https://i.ebayimg.com/images/g/lZQAAeSwIDhqfgxE/s-l225.jpg
残件/按现状,47.0,Sony Digital Camera Dsc-p100 Junk Used,Sony,Digital Cameras,Used,53.14,USD,FIXED_PRICE,7,0,as-is;underpriced(med 250),JP,hard-off-japan-in-au,99.2,2026-08-13T17:22:50.000Z,,https://www.ebay.com/itm/318724697719?hash=item4a3578ee77:g:ljQAAeSwWatqfgu5,https://i.ebayimg.com/images/g/ljQAAeSwWatqfgu5/s-l225.jpg
残件/按现状,47.0,Sony Handycam CCD-TRV37 Vision Video8 Camcorder . PARTS ONLY,Sony,Camcorders,For parts or not working,55.0,USD,FIXED_PRICE,1,0,as-is;underpriced(med 160),US,tinix123,99.4,2026-08-14T04:10:12.000Z,,https://www.ebay.com/itm/178405068978?hash=item2989c550b2:g:8JYAAeSw5UJqfpRE,https://i.ebayimg.com/images/g/8JYAAeSw5UJqfpRE/s-l225.jpg
残件/按现状,47.0,Sony Handycam DCR-SX45 Black SD Card Camcorder. MISSING BATTERY,Sony,Camcorders,For parts or not working,55.0,USD,"FIXED_PRICE,BEST_OFFER",3,0,underpriced(med 160),US,evwa88,100.0,2026-08-13T23:49:12.000Z,,https://www.ebay.com/itm/800504245509?hash=itemba61c56d05:g:9W4AAeSw3C1qflej,https://i.ebayimg.com/images/g/9W4AAeSw3C1qflej/s-l225.jpg
残件/按现状,47.0,Sony Handycam CCD-FX330 Video Camera Recorder w Cables Remote & Manual,Sony,Camcorders,For parts or not working,59.95,USD,"FIXED_PRICE,BEST_OFFER",9,0,underpriced(med 165),US,3daynap,100.0,2026-08-13T11:48:08.000Z,,https://www.ebay.com/itm/257677928258?hash=item3bfecd2742:g:StIAAeSwxvxpmAfe,https://i.ebayimg.com/images/g/StIAAeSwxvxpmAfe/s-l225.jpg
残件/按现状,47.0,Sony Handycam DCR-HC26 Touchscreen not Working Battery doesnt hold charge,Sony,Camcorders,For parts or not working,60.0,USD,FIXED_PRICE,8,0,as-is;underpriced(med 160),US,tll1_99,100.0,2026-08-13T18:42:07.000Z,,https://www.ebay.com/itm/128025122297?hash=item1dcee455f9:g:YyYAAeSwJvdqfg~z,https://i.ebayimg.com/images/g/YyYAAeSwJvdqfg~z/s-l225.jpg
残件/按现状,47.0,Sony Handycam DCR-HC96 - Mini DV Digital Camcorder -PARTS/REPAIR,Sony,Camcorders,For parts or not working,60.0,USD,FIXED_PRICE,10,0,underpriced(med 160),US,hotwheelz31,100.0,2026-08-13T16:15:01.000Z,,https://www.ebay.com/itm/206487468795?hash=item30139cbafb:g:xjwAAeSw76lqefSG,https://i.ebayimg.com/images/g/xjwAAeSw76lqefSG/s-l225.jpg
残件/按现状,47.0,Canon PowerShot A590 IS 8.0MP Digital Camera Digicam - Gray - *FOR PARTS READ*,Canon,Digital Cameras,For parts or not working,69.99,USD,"FIXED_PRICE,BEST_OFFER",10,0,as-is;underpriced(med 333),US,212suzzyq,100.0,2026-08-13T11:12:31.000Z,,https://www.ebay.com/itm/257677889595?hash=item3bfecc903b:g:pBMAAeSwRYJqfaTn,https://i.ebayimg.com/images/g/pBMAAeSwRYJqfaTn/s-l225.jpg
残件/按现状,47.0,Olympus Infinity Stylus 35mm f/3.5 Film Camera,Olympus,Film Cameras,For parts or not working,74.99,USD,"FIXED_PRICE,BEST_OFFER",4,0,low-feedback,US,valerz33,94.7,2026-08-14T01:09:51.000Z,,https://www.ebay.com/itm/800504549139?hash=itemba61ca0f13:g:lxYAAeSwnCZqfmqS,https://i.ebayimg.com/images/g/lxYAAeSwnCZqfmqS/s-l225.jpg
残件/按现状,47.0,Nikon Coolpix S01 10.1 MP Digital Camera 2.5 in LCD 3X Optical Zoom FOR PARTS,Nikon,Digital Cameras,For parts or not working,74.99,USD,"FIXED_PRICE,BEST_OFFER",9,0,as-is;underpriced(med 253),US,modashopping1,99.6,2026-08-13T16:23:43.000Z,,https://www.ebay.com/itm/158184607356?hash=item24d4898e7c:g:ZjcAAeSwOcNqeqt1,https://i.ebayimg.com/images/g/ZjcAAeSwOcNqeqt1/s-l225.jpg
残件/按现状,47.0,Minolta AF 7000 Maxxum Camera w/Minolta AF Lens 35-70mm & Flash 2800AF Untested,Minolta,Film Cameras,Used,75.0,USD,"FIXED_PRICE,BEST_OFFER",14,0,as-is,US,ars9-10,0.0,2026-08-13T16:52:37.000Z,,https://www.ebay.com/itm/800502916277?hash=itemba61b124b5:g:rTcAAeSw4U1qffUf,https://i.ebayimg.com/images/g/rTcAAeSw4U1qffUf/s-l225.jpg
残件/按现状,47.0,Canon PowerShot SD1100 IS 8MP Blue For Parts Only Wont Focus,Canon,Digital Cameras,For parts or not working,78.0,USD,FIXED_PRICE,5,0,as-is;underpriced(med 333),US,sherwoodfield,99.8,2026-08-13T15:13:42.000Z,,https://www.ebay.com/itm/800502565004?hash=itemba61abc88c:g:HO0AAeSwZlJqcMXd,https://i.ebayimg.com/images/g/HO0AAeSwZlJqcMXd/s-l225.jpg
残件/按现状,47.0,Nikon Coolpix L22 Camera #G212,Nikon,Digital Cameras,For parts or not working,78.54,USD,"FIXED_PRICE,BEST_OFFER",6,0,underpriced(med 253),US,robertscamera,99.8,2026-08-13T14:55:33.000Z,,https://www.ebay.com/itm/147502390657?hash=item2257d3dd81:g:RH4AAeSwsZdqfdre,https://i.ebayimg.com/images/g/RH4AAeSwsZdqfdre/s-l225.jpg
残件/按现状,47.0,Canon PowerShot A2200 HD 14.1MP 4x Digital Camera (Parts or Repair Only),Canon,Digital Cameras,For parts or not working,79.99,USD,FIXED_PRICE,4,0,underpriced(med 333),US,eliandval,100.0,2026-08-13T16:51:27.000Z,,https://www.ebay.com/itm/147502627732?hash=item2257d77b94:g:3sIAAeSwSUhqffYq,https://i.ebayimg.com/images/g/3sIAAeSwSUhqffYq/s-l225.jpg
残件/按现状,47.0,Canon Powershot A610 Camera. Working. See Description. Includes SD Card. 5.0 MP,Canon,Digital Cameras,Used,80.0,USD,"FIXED_PRICE,BEST_OFFER",6,0,underpriced(med 333),US,aydensnake,98.5,2026-08-13T15:08:57.000Z,,https://www.ebay.com/itm/188787124307?hash=item2bf496e853:g:BL8AAeSwOcNqd3Ex,https://i.ebayimg.com/images/g/BL8AAeSwOcNqd3Ex/s-l225.jpg
打包杂件,47.0,MINOLTA XG-M 35mm SLR Film Camera Bundle W/ Multiple Lenses & Accessories,Minolta,Film Cameras,Used,84.99,USD,"FIXED_PRICE,BEST_OFFER",10,0,,US,griffsgames,100.0,2026-08-13T21:07:27.000Z,,https://www.ebay.com/itm/267756394427?hash=item3e578657bb:g:unoAAeSwbqVqfjGL,https://i.ebayimg.com/images/g/unoAAeSwbqVqfjGL/s-l225.jpg
打包杂件,47.0,Vintage Konica Autoreflex T3 35mm SLR Film Camera Lot With 3 Lenses & Flash,Konica,Vintage Cameras,,89.99,USD,FIXED_PRICE,9,0,,US,goodwillsocalshop,99.7,2026-08-13T18:45:32.000Z,,https://www.ebay.com/itm/267756285040?hash=item3e5784ac70:g:XvIAAeSwUulqdNb1,https://i.ebayimg.com/images/g/XvIAAeSwUulqdNb1/s-l225.jpg
残件/按现状,47.0,Nikon D70s 6.1MP Digital SLR Camera Body Only DSLR Tested Powers On AS-IS Extras,Nikon,Digital Cameras,Used,94.99,USD,FIXED_PRICE,23,0,as-is;underpriced(med 253),US,chancesumsion123,100.0,2026-08-13T13:34:33.000Z,,https://www.ebay.com/itm/158184110983?hash=item24d481fb87:g:HoYAAeSwNRxqXmaf,https://i.ebayimg.com/images/g/HoYAAeSwNRxqXmaf/s-l225.jpg
打包杂件,47.0,Ricoh Singlex TLS w Takumar 50mm f1.4 Sigma 200mm f3.5 2 Lenses Film Camera lot,Ricoh,Film Cameras,Used,98.33,USD,"FIXED_PRICE,BEST_OFFER",23,0,,US,well-cam,100.0,2026-08-13T23:15:00.000Z,,https://www.ebay.com/itm/358923092321?hash=item53917bc161:g:5agAAeSwRQxqfhGx,https://i.ebayimg.com/images/g/5agAAeSwRQxqfhGx/s-l225.jpg
残件/按现状,47.0,YASHICA-A Japanese Twin Reflex Camera 1950’s Waist Level Viewfinder Untested,Yashica,Vintage Cameras,,99.99,USD,"FIXED_PRICE,BEST_OFFER",6,0,as-is,US,richesagain,99.4,2026-08-14T01:11:24.000Z,,https://www.ebay.com/itm/267756559112?hash=item3e5788db08:g:V8wAAeSwv-JqfmoR,https://i.ebayimg.com/images/g/V8wAAeSwv-JqfmoR/s-l225.jpg
残件/按现状,47.0,Yashica Electro 35 GX 35mm Rangefinder Film Camera 40mm f/1.7 Silver - Parts,Yashica,Film Cameras,For parts or not working,99.99,USD,FIXED_PRICE,15,0,,US,pomskyman,100.0,2026-08-13T22:03:05.000Z,,https://www.ebay.com/itm/318725765119?hash=item4a358937ff:g:kBwAAeSwd8Vqfjuy,https://i.ebayimg.com/images/g/kBwAAeSwd8Vqfjuy/s-l225.jpg
残件/按现状,47.0,"ASAHI PENTAX MV 35mm SLR Film Camera, 50mm Lens and AF200S Flash 5247",Asahi,Film Cameras,For parts or not working,99.99,USD,"FIXED_PRICE,BEST_OFFER",15,0,,US,theporchmarketplace,100.0,2026-08-13T16:28:54.000Z,,https://www.ebay.com/itm/800502829296?hash=itemba61afd0f0:g:1J4AAeSwHgFqfe2y,https://i.ebayimg.com/images/g/1J4AAeSwHgFqfe2y/s-l225.jpg
打包杂件,47.0,Fujifilm Instax Mini 12 Instant Camera Holiday Bundle 2025 Pastel Blue Film NEW,Fujifilm,Film Cameras,New,99.99,USD,FIXED_PRICE,4,0,,US,polosalesnj,99.7,2026-08-13T16:08:54.000Z,,https://www.ebay.com/itm/377415555794?hash=item57dfb85ad2:g:67YAAeSwPoZqeiEa,https://i.ebayimg.com/images/g/67YAAeSwPoZqeiEa/s-l225.jpg
打包杂件,47.0,Fujifilm Instax Mini 12 Instant Camera Holiday Bundle 2025 Lilac Purple Film NEW,Fujifilm,Film Cameras,New,99.99,USD,FIXED_PRICE,6,0,,US,polosalesnj,99.7,2026-08-13T16:08:31.000Z,,https://www.ebay.com/itm/377415553961?hash=item57dfb853a9:g:vv0AAeSwcShqeiC5,https://i.ebayimg.com/images/g/vv0AAeSwcShqeiC5/s-l225.jpg
打包杂件,47.0,Canon PowerShot G2 4MP Digital Camera Bundle Tested & Working,Canon,Digital Cameras,Used,105.99,USD,"FIXED_PRICE,BEST_OFFER",7,0,underpriced(med 333),US,retroresale-r.i,99.8,2026-08-13T13:22:47.000Z,,https://www.ebay.com/itm/358921942714?hash=item53916a36ba:g:RZ8AAeSwJvdqfcSu,https://i.ebayimg.com/images/g/RZ8AAeSwJvdqfcSu/s-l225.jpg
残件/按现状,47.0,Fujifilm Instax Square SQ6 Instant Film Camera (For parts or repair.),Fujifilm,Film Cameras,For parts or not working,106.99,USD,FIXED_PRICE,1,0,as-is,US,8ten1944,99.8,2026-08-13T19:06:37.000Z,,https://www.ebay.com/itm/168611582280?hash=item2742089148:g:FdgAAeSwBVhqfrHL,https://i.ebayimg.com/images/g/FdgAAeSwBVhqfrHL/s-l225.jpg
残件/按现状,47.0,Canon 110ED 20 Compact 110 Film Camera w/ Canolite ED Flash & Case *UNTESTED,Canon,Film Cameras,For parts or not working,115.0,USD,"FIXED_PRICE,BEST_OFFER",5,0,as-is,US,walkerboyz91,99.8,2026-08-14T02:29:24.000Z,,https://www.ebay.com/itm/267756618447?hash=item3e5789c2cf:g:Uz0AAeSwfVNqYYal,https://i.ebayimg.com/images/g/Uz0AAeSwfVNqYYal/s-l225.jpg
残件/按现状,47.0,canon powershot sx700 hs digital camera,Canon,Digital Cameras,For parts or not working,115.0,USD,"FIXED_PRICE,BEST_OFFER",6,0,underpriced(med 333),US,mrchann9393,100.0,2026-08-13T05:49:48.000Z,,https://www.ebay.com/itm/168610000670?hash=item2741f06f1e:g:78YAAeSw19lqfVrF,https://i.ebayimg.com/images/g/78YAAeSw19lqfVrF/s-l225.jpg
残件/按现状,47.0,8 PC FUJIFILM Instax Mini 9 Camera - FOR PARTS/ REPAIR Pink Blue Green Yellow,Fujifilm,Film Cameras,For parts or not working,119.99,USD,"FIXED_PRICE,BEST_OFFER",7,0,as-is,US,odyha_0,98.8,2026-08-14T12:11:17.000Z,,https://www.ebay.com/itm/237005470841?hash=item372ea07c79:g:bqoAAeSwaJdqfwPq,https://i.ebayimg.com/images/g/bqoAAeSwaJdqfwPq/s-l225.jpg
残件/按现状,47.0,Vintage Praktica 1 Ltl 35mm Slr Camera UNTESTED,Praktica,Film Cameras,Used,124.99,USD,FIXED_PRICE,7,0,as-is,US,cardmusem,100.0,2026-08-13T17:01:06.000Z,,https://www.ebay.com/itm/278276779155?hash=item40ca96ac93:g:sloAAeSwWEBqXmJH,https://i.ebayimg.com/images/g/sloAAeSwWEBqXmJH/s-l225.jpg
残件/按现状,47.0,(I) Minolta XL-Sound 42 Super 8 Movie Camera w/ Mic & Cords As-Is,Minolta,Vintage Cameras,,124.99,USD,FIXED_PRICE,12,0,as-is,US,patriotfindsllc,98.6,2026-08-13T10:52:45.000Z,,https://www.ebay.com/itm/278275803479?hash=item40ca87c957:g:EcYAAeSwseNqewbJ,https://i.ebayimg.com/images/g/EcYAAeSwseNqewbJ/s-l225.jpg
残件/按现状,47.0,Miranda Fv 35mm Film Camera Body With Soligor Lens Japan VTG AS IS!,Miranda,Film Cameras,For parts or not working,125.22,USD,"FIXED_PRICE,BEST_OFFER",18,0,as-is,US,bubbles88-8,100.0,2026-08-13T19:01:29.000Z,,https://www.ebay.com/itm/178403868180?hash=item2989b2fe14:g:7qQAAeSwtupoqVmJ,https://i.ebayimg.com/images/g/7qQAAeSwtupoqVmJ/s-l225.jpg
残件/按现状,47.0,Nikon AF-S DX Zoom Nikkor ED 18-70mm F3.5-4.5G IF Lens For Parts,Nikon,Lenses,Used,131.64,USD,"FIXED_PRICE,BEST_OFFER",3,0,mount:nikon f;as-is;low-feedback,JP,nissn_3,95.0,2026-08-13T10:45:32.000Z,,https://www.ebay.com/itm/366602982603?hash=item555b3d94cb:g:YmkAAeSwFJ1qfaDK,https://i.ebayimg.com/images/g/YmkAAeSwFJ1qfaDK/s-l225.jpg
打包杂件,47.0,Pentax ZX-L 35mm SLR 28-80mm & 75-300mm Lens Bundle K-Mount,Pentax,Film Cameras,Used,139.99,USD,"FIXED_PRICE,BEST_OFFER",21,0,,US,liberty529,99.7,2026-08-13T23:13:50.000Z,,https://www.ebay.com/itm/137618470088?hash=item200ab334c8:g:iVsAAeSwPZVqfkzE,https://i.ebayimg.com/images/g/iVsAAeSwPZVqfkzE/s-l225.jpg
打包杂件,47.0,Vintage Canon ES8400V Hi8 8mm Video Camcorder Bundle w/ Bag & Tapes tested Work,Canon,Vintage Cameras,,140.0,USD,FIXED_PRICE,11,0,,US,sellfromstorage,99.9,2026-08-14T01:04:39.000Z,,https://www.ebay.com/itm/298586218460?hash=item4585201fdc:g:rQoAAeSw2L1qfmqa,https://i.ebayimg.com/images/g/rQoAAeSw2L1qfmqa/s-l225.jpg
残件/按现状;打包杂件,47.0,VINTAGE MINOLTA SR-T 201 35MM SLR CAMERA BUNDLE - UNTESTED,Minolta,Film Cameras,Used,145.0,USD,"FIXED_PRICE,BEST_OFFER",10,0,as-is,US,seconhandtreasures2u,99.8,2026-08-13T15:52:26.000Z,,https://www.ebay.com/itm/137617325247?hash=item200aa1bcbf:g:EgYAAeSw-klqfefT,https://i.ebayimg.com/images/g/EgYAAeSw-klqfefT/s-l225.jpg
打包杂件,47.0,Minolta X-370 35mm Film SLR Camera bundle - Everything pictured included,Minolta,Film Cameras,Used,150.0,USD,FIXED_PRICE,13,0,,US,elsol-7372,99.9,2026-08-14T09:03:18.000Z,,https://www.ebay.com/itm/318728261187?hash=item4a35af4e43:g:UkEAAeSwC89oVLaL,https://i.ebayimg.com/images/g/UkEAAeSwC89oVLaL/s-l225.jpg
型号不明,47.0,SONY Cyber-shot DSC-W530 Compact Digital Camera Tested Working Japan,Sony,Lenses,Used,152.0,USD,"FIXED_PRICE,BEST_OFFER",8,0,underpriced(med 350),JP,life_is_mine,100.0,2026-08-13T12:25:57.000Z,,https://www.ebay.com/itm/366603163060?hash=item555b4055b4:g:mkIAAeSwMCBqfb5r,https://i.ebayimg.com/images/g/mkIAAeSwMCBqfb5r/s-l225.jpg
打包杂件,47.0,Vintage Minolta XG-M 35mm SLR Camera Rokkor-X 1:1.7 50mm Lens Bundle,Minolta,Film Cameras,Used,175.0,USD,FIXED_PRICE,0,0,mount:minolta md,US,8weekmethod,100.0,2026-08-14T06:27:56.000Z,,https://www.ebay.com/itm/178405372963?hash=item2989c9f423:g:YZUAAeSwUrdqfrRZ,https://i.ebayimg.com/images/g/YZUAAeSwUrdqfrRZ/s-l225.jpg
残件/按现状,47.0,Olympus PEN-FT Film Camera w/ Zuiko Auto-Zoom 50-90mm Lens (Please Read),Olympus,Film Cameras,For parts or not working,249.99,USD,"FIXED_PRICE,BEST_OFFER",7,0,mount:olympus om,US,collectorscorner101,99.9,2026-08-13T19:33:31.000Z,,https://www.ebay.com/itm/178403957163?hash=item2989b459ab:g:qQgAAeSwamJp3bYh,https://i.ebayimg.com/images/g/qQgAAeSwamJp3bYh/s-l225.jpg
残件/按现状,46.0,Vintage Petri Flex V 35mm SLR Camera Kuribayashi CC 55mm f/2 Lens FOR PARTS,Petri,Vintage Cameras,,34.99,USD,"FIXED_PRICE,BEST_OFFER",21,0,55mm;as-is,US,michellemooreco,100.0,2026-08-13T13:58:47.000Z,,https://www.ebay.com/itm/237003527280?hash=item372e82d470:g:-p0AAeSwhnxqfcj4,https://i.ebayimg.com/images/g/-p0AAeSwhnxqfcj4/s-l225.jpg
残件/按现状,45.0,[ For Parts ] Nikon R8 R 8 Super 8mm Movie Film Camera 7.5-60 F/1.8 From JAPAN,Nikon,Vintage Cameras,,199.99,USD,FIXED_PRICE,12,0,as-is,JP,ohana_camera_tokyo,99.6,2026-08-13T06:06:54.000Z,,https://www.ebay.com/itm/198567372472?hash=item2e3b89a6b8:g:gVkAAeSwpAlqfV~5,https://i.ebayimg.com/images/g/gVkAAeSwpAlqfV~5/s-l225.jpg
型号不明,45.0,A22)OLYMPUS Compact Film Camera Good Condition Point & Shoot JP,Olympus,Vintage Cameras,,244.9,USD,"FIXED_PRICE,BEST_OFFER",6,0,,JP,japan4ever,97.9,2026-08-13T04:51:44.000Z,,https://www.ebay.com/itm/158182699105?hash=item24d46c7061:g:ZycAAeSwRT9qfU5S,https://i.ebayimg.com/images/g/ZycAAeSwRT9qfU5S/s-l225.jpg
型号不明,45.0,Konica II B Rangefinder Film Camera Body From JAPAN,Konica,Film Cameras,Used,329.0,USD,"FIXED_PRICE,BEST_OFFER",10,0,,JP,rinanten,100.0,2026-08-14T02:17:14.000Z,,https://www.ebay.com/itm/800504787342?hash=itemba61cdb18e:g:GVAAAeSws3Nqfntg,https://i.ebayimg.com/images/g/GVAAAeSws3Nqfntg/s-l225.jpg
型号不明,45.0,Olympus MC-20 Teleconverter -Mint- 3811,Olympus,Lenses,Used,374.36,USD,FIXED_PRICE,2,0,good-cond,JP,kitamura_camera,100.0,2026-08-13T04:47:25.000Z,,https://www.ebay.com/itm/358920360960?hash=item5391521400:g:eOoAAeSwWXtqftvZ,https://i.ebayimg.com/images/g/eOoAAeSwWXtqftvZ/s-l225.jpg
型号不明,45.0,*Polished Glossy Gold : CLA'd : Near Mint* Pentax KX Film Camera Body From Japan,Pentax,Film Cameras,Used,414.0,USD,FIXED_PRICE,15,0,good-cond,JP,hitonaga-0,100.0,2026-08-14T11:23:09.000Z,,https://www.ebay.com/itm/407143967917?hash=item5ecbabecad:g:HnsAAeSwhnhpfo7Z,https://i.ebayimg.com/images/g/HnsAAeSwhnhpfo7Z/s-l225.jpg
残件/按现状;型号不明,45.0,"""AS-IS"" Leitz Wetzlar Summarit 5cm 1.5 Lens + Leica M Adapter – MUST SEE! (4185)",Leitz,Lenses,For parts or not working,449.99,USD,FIXED_PRICE,6,0,mount:leica m;as-is,US,servicephotoauctions,99.7,2026-08-13T18:28:34.000Z,,https://www.ebay.com/itm/188787856544?hash=item2bf4a214a0:g:BtgAAeSwiodqfhXp,https://i.ebayimg.com/images/g/BtgAAeSwiodqfhXp/s-l225.jpg
残件/按现状,44.0,Mamiya Sekor ES 55mm f/1.8 Manual Focus Prime Lens SX Mount Japan Untested (J),Mamiya,Lenses,Used,0.0,USD,"AUCTION,BEST_OFFER",5,0,55mm;as-is;auction,US,booksfromca,99.7,2026-08-13T14:09:44.000Z,2026-08-20T14:09:44.000Z,https://www.ebay.com/itm/147502296473?hash=item2257d26d99:g:T-YAAeSwJuVqS~ac,https://i.ebayimg.com/images/g/T-YAAeSwJuVqS~ac/s-l225.jpg
残件/按现状,44.0,Sony Handycam CCD-TR441E Handheld Video Hi8 XR Camcorder 1990’s Repair Parts,Sony,Camcorders,For parts or not working,33.67,USD,"FIXED_PRICE,BEST_OFFER",5,0,underpriced(med 165),GB,meechysmuk,99.5,2026-08-13T11:36:16.000Z,,https://www.ebay.com/itm/398280968148?hash=item5cbb6547d4:g:2UwAAeSwQzFqfavi,https://i.ebayimg.com/images/g/2UwAAeSwQzFqfavi/s-l225.jpg
残件/按现状,44.0,Sony DCR-HC35E Mini DV Camcorder *Read* Handycam Zeiss Nightshot video camera,Sony,Camcorders,For parts or not working,35.07,USD,"FIXED_PRICE,BEST_OFFER",12,0,underpriced(med 160),GB,vr6_monkey_tennis,100.0,2026-08-13T18:49:10.000Z,,https://www.ebay.com/itm/206488679724?hash=item3013af352c:g:JQEAAeSwdUJqfhFl,https://i.ebayimg.com/images/g/JQEAAeSwdUJqfhFl/s-l225.jpg
残件/按现状,44.0,Sony DCR-TRV145E Camcorder - Not Working,Sony,Camcorders,For parts or not working,40.03,USD,"FIXED_PRICE,BEST_OFFER",6,0,as-is;underpriced(med 160),GB,tar-1653,100.0,2026-08-13T17:48:09.000Z,,https://www.ebay.com/itm/366603736787?hash=item555b4916d3:g:esoAAeSweEtqfgNV,https://i.ebayimg.com/images/g/esoAAeSweEtqfgNV/s-l225.jpg
残件/按现状,44.0,Sony DSC-F707 Digital Camera,Sony,Camcorders,For parts or not working,40.45,USD,FIXED_PRICE,3,0,underpriced(med 160),GB,sonnet72,100.0,2026-08-13T15:20:01.000Z,,https://www.ebay.com/itm/158184451359?hash=item24d4872d1f:g:XDcAAeSw1cJqfd-2,https://i.ebayimg.com/images/g/XDcAAeSw1cJqfd-2/s-l225.jpg
残件/按现状,44.0,Sony CCD-V8AF-E Video 8 Camcorder/Camera With Case,Sony,Camcorders,For parts or not working,53.93,USD,FIXED_PRICE,22,0,underpriced(med 160),GB,howie09departuretime,100.0,2026-08-13T15:37:13.000Z,,https://www.ebay.com/itm/267756119931?hash=item3e5782277b:g:F3sAAeSwoxhqI-~B,https://i.ebayimg.com/images/g/F3sAAeSwoxhqI-~B/s-l225.jpg
残件/按现状,44.0,Sony CCD-VX1E 3CCD Professional Hi8 Camcorder - Spares Repair,Sony,Camcorders,For parts or not working,53.93,USD,FIXED_PRICE,4,0,underpriced(med 160),GB,acapella61,100.0,2026-08-13T15:09:52.000Z,,https://www.ebay.com/itm/206488308144?hash=item3013a989b0:g:TcMAAeSwg5hqfd14,https://i.ebayimg.com/images/g/TcMAAeSwg5hqfd14/s-l225.jpg
残件/按现状,44.0,FAULTY - CANON EOS 50D - SEE DESCRIPTION (f2),Canon,Digital Cameras,For parts or not working,60.69,USD,"FIXED_PRICE,BEST_OFFER",6,0,underpriced(med 333),GB,gri_959966,100.0,2026-08-13T09:33:50.000Z,,https://www.ebay.com/itm/307124163856?hash=item478206d510:g:RZ8AAeSwfoNqfY2Z,https://i.ebayimg.com/images/g/RZ8AAeSwfoNqfY2Z/s-l225.jpg
残件/按现状,44.0,NIKON COOLPIX S9900 CAMERA FOR SPARES DOES POWER ON WITH BATTERY,Nikon,Digital Cameras,For parts or not working,67.44,USD,FIXED_PRICE,15,0,underpriced(med 253),GB,zamtag,100.0,2026-08-13T07:35:48.000Z,,https://www.ebay.com/itm/168610190588?hash=item2741f354fc:g:Tb4AAeSwL~NqfWXA,https://i.ebayimg.com/images/g/Tb4AAeSwL~NqfWXA/s-l225.jpg
描述含糊,44.0,Minolta Maxxum 9000 AF working good see photos,Minolta,Film Cameras,Usato,80.7,USD,"FIXED_PRICE,BEST_OFFER",3,0,,IT,gabrton_3036,100.0,2026-08-13T13:10:07.000Z,,https://www.ebay.com/itm/188786692927?hash=item2bf490533f:g:cNUAAeSw87Bqfasp,https://i.ebayimg.com/images/g/cNUAAeSw87Bqfasp/s-l225.jpg
残件/按现状,44.0,Olympus Digital Camera Stylus Tough TG-4 16.0MP WiFi Rugged Spares or Repair,Olympus,Digital Cameras,For parts or not working,80.91,USD,"FIXED_PRICE,BEST_OFFER",7,0,underpriced(med 231),GB,finity.trading,100.0,2026-08-13T13:18:09.000Z,,https://www.ebay.com/itm/158184068223?hash=item24d481547f:g:g90AAeSwhP1qfeIL,https://i.ebayimg.com/images/g/g90AAeSwhP1qfeIL/s-l225.jpg
残件/按现状,44.0,Nikon Coolpix S4000 Digital Camera Pink Charger & 8GB Card *FOCUS ISSUES NOTES*,Nikon,Digital Cameras,For parts or not working,87.67,USD,"FIXED_PRICE,BEST_OFFER",20,0,underpriced(med 253),GB,abid305ali,99.8,2026-08-13T07:10:29.000Z,,https://www.ebay.com/itm/327307959137?hash=item4c35131b61:g:4xIAAeSwGyxo7SA0,https://i.ebayimg.com/images/g/4xIAAeSwGyxo7SA0/s-l225.jpg
残件/按现状,43.0,Polaroid One Step Express Green Instant Film Camera Vintage Untested,Polaroid,Vintage Cameras,,25.0,USD,"FIXED_PRICE,BEST_OFFER",11,0,as-is,US,c_ccollectibles,99.2,2026-08-14T11:54:05.000Z,,https://www.ebay.com/itm/117359031598?hash=item1b5324b52e:g:nOEAAeSwMPVqNrNQ,https://i.ebayimg.com/images/g/nOEAAeSwMPVqNrNQ/s-l225.jpg
残件/按现状;打包杂件,43.0,Vintage Lot Camera Polaroid One Step Impulse Flash Herco Imperial UNTESTED,Polaroid,Vintage Cameras,,25.0,USD,FIXED_PRICE,13,0,as-is,US,maxxpowermania,99.8,2026-08-13T23:58:50.000Z,,https://www.ebay.com/itm/168612026945?hash=item27420f5a41:g:OVsAAeSw2L1qfll4,https://i.ebayimg.com/images/g/OVsAAeSw2L1qfll4/s-l225.jpg
残件/按现状,43.0,Vintage Kodak Bantam f/4.5 folding Bellows Camera - Untested,Kodak,Vintage Cameras,,25.0,USD,FIXED_PRICE,15,0,as-is,US,seller80123,99.4,2026-08-13T22:34:23.000Z,,https://www.ebay.com/itm/327308973731?hash=item4c352296a3:g:ZCwAAeSw-h9qfkXg,https://i.ebayimg.com/images/g/ZCwAAeSw-h9qfkXg/s-l225.jpg
残件/按现状,43.0,Vintage Polaroid Automatic 250 Land Camera - Untested,Polaroid,Vintage Cameras,,25.0,USD,FIXED_PRICE,9,0,as-is,US,seller80123,99.4,2026-08-13T21:40:44.000Z,,https://www.ebay.com/itm/327308917284?hash=item4c3521ba24:g:7sYAAeSwkOdqfjjy,https://i.ebayimg.com/images/g/7sYAAeSwkOdqfjjy/s-l225.jpg
残件/按现状,43.0,Vintage Brown Eastman Kodak 50th Anniversary 1930 120 Film Box Camera (Untested),Kodak,Vintage Cameras,,25.0,USD,"FIXED_PRICE,BEST_OFFER",4,0,as-is,US,retro-pacific,100.0,2026-08-13T20:56:02.000Z,,https://www.ebay.com/itm/117358015054?hash=item1b5315324e:g:ohAAAeSw1KtqfP9g,https://i.ebayimg.com/images/g/ohAAAeSw1KtqfP9g/s-l225.jpg
残件/按现状,43.0,Sony Cyber-shot DSC-H2 6.0MP Compact Camera 12x Zoom IS 2.0in USB Silver,Sony,Digital Cameras,For parts or not working,25.0,USD,"FIXED_PRICE,BEST_OFFER",3,0,underpriced(med 250),US,chrgeier_0,0.0,2026-08-13T17:40:54.000Z,,https://www.ebay.com/itm/178403698921?hash=item2989b068e9:g:5jQAAeSwbEhqfgDp,https://i.ebayimg.com/images/g/5jQAAeSwbEhqfgDp/s-l225.jpg
残件/按现状,43.0,Vivitar Micro 110 Camera,Vivitar,Film Cameras,For parts or not working,25.0,USD,FIXED_PRICE,3,0,,US,bnuti-70,99.9,2026-08-13T14:51:54.000Z,,https://www.ebay.com/itm/168611128932?hash=item274201a664:g:PYkAAOSw7qBnrsZj,https://i.ebayimg.com/images/g/PYkAAOSw7qBnrsZj/s-l225.jpg
残件/按现状,43.0,Kodak Colorburst 250 Instant Camera With Original Bag Untested VGC za4,Kodak,Vintage Cameras,,25.05,USD,"FIXED_PRICE,BEST_OFFER",3,0,as-is,US,click-itz,100.0,2026-08-13T13:42:42.000Z,,https://www.ebay.com/itm/227474265680?hash=item34f685d650:g:mFkAAOSw6PFmBfC9,https://i.ebayimg.com/images/g/mFkAAOSw6PFmBfC9/s-l225.jpg
残件/按现状,43.0,Chinon 30R XL Direct Sound Super 8 Film Movie Camera Zoom Lens JPN *PARTS ONLY*,Chinon,Vintage Cameras,,25.46,USD,"FIXED_PRICE,BEST_OFFER",19,0,as-is,US,oregonflipfinds,100.0,2026-08-13T05:01:21.000Z,,https://www.ebay.com/itm/168609906524?hash=item2741eeff5c:g:JnUAAOSw~jRkxZfk,https://i.ebayimg.com/images/g/JnUAAOSw~jRkxZfk/s-l225.jpg
打包杂件,43.0,Vintage Polaroid Impulse & Polaroid One Instant Camera Lot Tested 600 Series,Polaroid,Vintage Cameras,,25.49,USD,FIXED_PRICE,7,0,,US,goodwillsocalshop,99.7,2026-08-13T09:43:50.000Z,,https://www.ebay.com/itm/267755913565?hash=item3e577f015d:g:YgIAAeSwwMBqPZ0b,https://i.ebayimg.com/images/g/YgIAAeSwwMBqPZ0b/s-l225.jpg
残件/按现状,43.0,Vintage Polaroid Sun600 LMS Instant Camera Black Silver - Untested,Polaroid,Vintage Cameras,,25.5,USD,"FIXED_PRICE,BEST_OFFER",6,0,as-is,US,tilkt-qe1kfo,99.2,2026-08-14T02:04:15.000Z,,https://www.ebay.com/itm/327309183494?hash=item4c3525ca06:g:sxEAAeSw4vtqfnb8,https://i.ebayimg.com/images/g/sxEAAeSw4vtqfnb8/s-l225.jpg
残件/按现状,43.0,Polaroid Land Camera Colorpack II Instant Film Camera ( Untested ),Polaroid,Vintage Cameras,,25.98,USD,"FIXED_PRICE,BEST_OFFER",6,0,as-is,US,harli160,100.0,2026-08-13T16:30:49.000Z,,https://www.ebay.com/itm/178403543854?hash=item2989ae0b2e:g:1CMAAOSw7LJjXaM7,https://i.ebayimg.com/images/g/1CMAAOSw7LJjXaM7/s-l225.jpg
残件/按现状;打包杂件,43.0,Kodak Flexichrome Rare Vintage Color Lot 7 Colors Untested zaks,Kodak,Film Cameras,Used,26.62,USD,FIXED_PRICE,0,0,as-is,US,click-itz,100.0,2026-08-13T13:25:45.000Z,,https://www.ebay.com/itm/227474246024?hash=item34f6858988:g:jUIAAeSwv~Rpjd-J,https://i.ebayimg.com/images/g/jUIAAeSwv~Rpjd-J/s-l225.jpg
残件/按现状,43.0,Polaroid 250 Automatic Instant Camera w/ Tan Cowhide Leather Case - Untested,Polaroid,Vintage Cameras,,26.98,USD,"FIXED_PRICE,BEST_OFFER",9,0,as-is,US,pgbsales,99.8,2026-08-13T22:25:52.000Z,,https://www.ebay.com/itm/307125235685?hash=item4782172fe5:g:QJQAAeSwiC9qIGrB,https://i.ebayimg.com/images/g/QJQAAeSwiC9qIGrB/s-l225.jpg
残件/按现状,43.0,Vtg Polaroid One Step Land Camera UNTESTED Rainbow Stripe With Flash Bulbs Sx 70,Polaroid,Vintage Cameras,,26.99,USD,"FIXED_PRICE,BEST_OFFER",16,0,as-is,US,workinghardforaliving,100.0,2026-08-14T08:51:14.000Z,,https://www.ebay.com/itm/188790864473?hash=item2bf4cffa59:g:HtsAAeSwBlRoZF9Q,https://i.ebayimg.com/images/g/HtsAAeSwBlRoZF9Q/s-l225.jpg
残件/按现状,43.0,Kodak Instamatic 804 camera With Case Untested,Kodak,Film Cameras,Used,26.99,USD,FIXED_PRICE,14,0,as-is,US,ttotheoresale,99.8,2026-08-13T08:20:42.000Z,,https://www.ebay.com/itm/206487473601?hash=item30139ccdc1:g:OXUAAeSwCSlo1qNx,https://i.ebayimg.com/images/g/OXUAAeSwCSlo1qNx/s-l225.jpg
残件/按现状,43.0,Kodak Tourist Folding Camera w/Kodet Lens (#379.1) (Untested),Kodak,Vintage Cameras,,27.0,USD,"FIXED_PRICE,BEST_OFFER",6,0,as-is,US,retro-pacific,100.0,2026-08-13T20:56:02.000Z,,https://www.ebay.com/itm/117358015070?hash=item1b5315325e:g:WQ8AAeSwLKlqfPjU,https://i.ebayimg.com/images/g/WQ8AAeSwLKlqfPjU/s-l225.jpg
残件/按现状,43.0,Vintage Polaroid Super Shooter Plus Land Camera Instant Camera Untested Retro,Polaroid,Vintage Cameras,,27.5,USD,"FIXED_PRICE,BEST_OFFER",6,0,as-is,US,tpar50,100.0,2026-08-14T01:50:17.000Z,,https://www.ebay.com/itm/407142967315?hash=item5ecb9ca813:g:vfUAAeSwA6tqfnQp,https://i.ebayimg.com/images/g/vfUAAeSwA6tqfnQp/s-l225.jpg
型号不明,43.0,Polaroid Instant Digital Camera,Polaroid,Vintage Cameras,,27.5,USD,"FIXED_PRICE,BEST_OFFER",4,0,,US,bigdave2k14,100.0,2026-08-13T18:00:48.000Z,,https://www.ebay.com/itm/168611477289?hash=item274206f729:g:nsYAAeSwPTdqfgYY,https://i.ebayimg.com/images/g/nsYAAeSwPTdqfgYY/s-l225.jpg
残件/按现状,43.0,Kodak Bantam f/4.5 Folding Art Deco 828 Compact Black Film Camera *Untested*,Kodak,Vintage Cameras,,29.0,USD,FIXED_PRICE,8,0,as-is,US,cardenvy,99.6,2026-08-13T12:50:16.000Z,,https://www.ebay.com/itm/158184005190?hash=item24d4805e46:g:tIMAAOSw3dNmEqoD,https://i.ebayimg.com/images/g/tIMAAOSw3dNmEqoD/s-l225.jpg
残件/按现状,43.0,UNTESTED - Sony Cybershot DSC-T1 Digital Camera w/ Battery & 512MB Memory Card,Sony,Digital Cameras,For parts or not working,29.95,USD,"FIXED_PRICE,BEST_OFFER",4,0,as-is;underpriced(med 250),US,valentinegames,100.0,2026-08-13T17:32:52.000Z,,https://www.ebay.com/itm/407142134569?hash=item5ecb8ff329:g:n6oAAeSwjRtqff9n,https://i.ebayimg.com/images/g/n6oAAeSwjRtqff9n/s-l225.jpg
残件/按现状,43.0,Sony Mavica MVC-FD91 0.8MP Digital Camera no Battery UNTESTED (as is) read,Sony,Digital Cameras,For parts or not working,29.95,USD,"FIXED_PRICE,BEST_OFFER",14,0,as-is;underpriced(med 250),US,richardsentzrichard,99.6,2026-08-13T05:34:56.000Z,,https://www.ebay.com/itm/206487146259?hash=item301397cf13:g:pt4AAeSw3DNqfVdI,https://i.ebayimg.com/images/g/pt4AAeSw3DNqfVdI/s-l225.jpg
残件/按现状,43.0,POLAROID 600 ONESTEP CAMERA BLACK - UNTESTED W/ ORIGINAL BOX & INSTRUCTIONS,Polaroid,Film Cameras,Used,29.99,USD,"FIXED_PRICE,BEST_OFFER",6,0,as-is,US,jos-34156,100.0,2026-08-13T15:27:44.000Z,,https://www.ebay.com/itm/227474371703?hash=item34f6877477:g:th4AAeSwEE5pvdeF,https://i.ebayimg.com/images/g/th4AAeSwEE5pvdeF/s-l225.jpg
残件/按现状,43.0,Agfa Silette Pronto 35mm Camera UNTESTED With Extras And Case Germany.,Agfa,Vintage Cameras,,29.99,USD,"FIXED_PRICE,BEST_OFFER",14,0,as-is,US,reddevilbazaar,99.8,2026-08-13T13:27:36.000Z,,https://www.ebay.com/itm/128024717828?hash=item1dcede2a04:g:L-UAAOSw6KxliFLl,https://i.ebayimg.com/images/g/L-UAAOSw6KxliFLl/s-l225.jpg
型号不明,43.0,Soligor Miranda 5028344 1:1.9 f=5cm Lens,Miranda,Lenses,Used,30.0,USD,"FIXED_PRICE,BEST_OFFER",5,0,,US,123letssell,100.0,2026-08-13T14:39:14.000Z,,https://www.ebay.com/itm/318724071880?hash=item4a356f61c8:g:UxQAAeSwpAlqfdbq,https://i.ebayimg.com/images/g/UxQAAeSwpAlqfdbq/s-l225.jpg
残件/按现状,43.0,Sony DSC-W55 Vintage Digital Camera Silver PARTS ONLY Includes Battery,Sony,Digital Cameras,For parts or not working,30.0,USD,FIXED_PRICE,4,0,as-is;underpriced(med 250),US,born2k-90,100.0,2026-08-13T12:54:27.000Z,,https://www.ebay.com/itm/407141522118?hash=item5ecb869ac6:g:CeQAAeSwJvdqfb5E,https://i.ebayimg.com/images/g/CeQAAeSwJvdqfb5E/s-l225.jpg
残件/按现状,43.0,Vintage Instant Film Polaroid Sun 600 LMS Land Camera With Strap UNTESTED,Polaroid,Vintage Cameras,,30.0,USD,"FIXED_PRICE,BEST_OFFER",5,0,as-is,US,brucestoys,100.0,2026-08-13T06:56:39.000Z,,https://www.ebay.com/itm/800500661156?hash=itemba618ebba4:g:kPYAAeSws3NqfWou,https://i.ebayimg.com/images/g/kPYAAeSws3NqfWou/s-l225.jpg
残件/按现状,43.0,Kodak “The Handle” Instant Camera – Vintage 1970s Retro Film Camera – Untested,Kodak,Vintage Cameras,,31.46,USD,FIXED_PRICE,4,0,as-is,US,shinystash,99.7,2026-08-13T18:55:10.000Z,,https://www.ebay.com/itm/137617791875?hash=item200aa8db83:g:kyUAAeSwCFZo7dTy,https://i.ebayimg.com/images/g/kyUAAeSwCFZo7dTy/s-l225.jpg
残件/按现状,43.0,"Kodak Premoette 1A SR Film Camera 2.5"" x 4.25"" folding box c. 1913 - Untested",Kodak,Vintage Cameras,,31.88,USD,"FIXED_PRICE,BEST_OFFER",15,0,as-is,US,wlepinski,100.0,2026-08-13T10:41:30.000Z,,https://www.ebay.com/itm/358921321711?hash=item539160bcef:g:MikAAeSwRXVqWUVh,https://i.ebayimg.com/images/g/MikAAeSwRXVqWUVh/s-l225.jpg
残件/按现状,43.0,Antique Box Cameras (2) Ansco 4A Kodak Brownie 2A As Is Repair/Parts,Kodak,Vintage Cameras,,34.99,USD,"FIXED_PRICE,BEST_OFFER",17,0,as-is,US,somebodypinchmeplease,100.0,2026-08-13T18:57:03.000Z,,https://www.ebay.com/itm/168611563576?hash=item2742084838:g:eyIAAeSwYPFqfgYW,https://i.ebayimg.com/images/g/eyIAAeSwYPFqfgYW/s-l225.jpg
残件/按现状,43.0,Kodak Ektasound 240 Super 8 Sound Movie Camera Vintage 1970s UNTESTEd,Kodak,Vintage Cameras,,34.99,USD,"FIXED_PRICE,BEST_OFFER",16,0,as-is,US,completestuff,99.7,2026-08-13T18:25:06.000Z,,https://www.ebay.com/itm/158184892704?hash=item24d48de920:g:DoUAAeSwgGdqff8m,https://i.ebayimg.com/images/g/DoUAAeSwgGdqff8m/s-l225.jpg
残件/按现状,43.0,Vintage Untested RACER Petri Camera Co. W/ 45mm Lens & Strap Parts/Repair,Petri,Vintage Cameras,,34.99,USD,"FIXED_PRICE,BEST_OFFER",6,0,as-is,US,provokingkitty,99.7,2026-08-13T17:42:48.000Z,,https://www.ebay.com/itm/267756239569?hash=item3e5783fad1:g:XQYAAeSw1yVqfgG6,https://i.ebayimg.com/images/g/XQYAAeSw1yVqfgG6/s-l225.jpg
残件/按现状,43.0,Sony Cyber-shot DSC-T20 Silver Digital Camera Untested For Parts As-Is,Sony,Digital Cameras,For parts or not working,34.99,USD,"FIXED_PRICE,BEST_OFFER",5,0,as-is;underpriced(med 250),US,shareinthegood,99.8,2026-08-13T16:45:37.000Z,,https://www.ebay.com/itm/336740643801?hash=item4e674e73d9:g:VWQAAeSwjZxqffSF,https://i.ebayimg.com/images/g/VWQAAeSwjZxqffSF/s-l225.jpg
残件/按现状,43.0,Vintage Polaroid Sun 660 Autofocus AS-IS UNTESTED,Polaroid,Vintage Cameras,,35.0,USD,FIXED_PRICE,5,0,as-is,US,micsan_2706,100.0,2026-08-14T03:21:10.000Z,,https://www.ebay.com/itm/377416873470?hash=item57dfcc75fe:g:zcUAAOSwYfRnxjhU,https://i.ebayimg.com/images/g/zcUAAOSwYfRnxjhU/s-l225.jpg
残件/按现状,43.0,3 disposable flashbars designed for Polaroid SX-70 instant cameras. Untested,Polaroid,Vintage Cameras,,35.0,USD,FIXED_PRICE,1,0,as-is,US,osb2593,100.0,2026-08-14T01:15:53.000Z,,https://www.ebay.com/itm/158185958371?hash=item24d49e2be3:g:h18AAeSwvgtqfmwV,https://i.ebayimg.com/images/g/h18AAeSwvgtqfmwV/s-l225.jpg
残件/按现状,43.0,Agfa Ansco Readyset Special Vintage Folding Rollfilm Camera 1930's Untested,Agfa,Vintage Cameras,,35.0,USD,FIXED_PRICE,11,0,as-is,US,warwicks-vault,99.7,2026-08-13T16:11:52.000Z,,https://www.ebay.com/itm/237003805723?hash=item372e87141b:g:HVoAAeSwiuJqfexq,https://i.ebayimg.com/images/g/HVoAAeSwiuJqfexq/s-l225.jpg
残件/按现状,43.0,"Kodak Retina Reflex IV 35mm Film Camera w/ 50mm Lens, Stuck Shutter, Rough Case",Kodak,Film Cameras,For parts or not working,38.87,USD,"FIXED_PRICE,BEST_OFFER",11,0,,US,drewletch-sales,100.0,2026-08-14T05:45:43.000Z,,https://www.ebay.com/itm/377417103348?hash=item57dfcff7f4:g:0sMAAeSwU79qflOw,https://i.ebayimg.com/images/g/0sMAAeSwU79qflOw/s-l225.jpg
残件/按现状,43.0,Polaroid Amigo 620 Instant Land Camera 600 Film Vintage - Untested - As-Is,Polaroid,Vintage Cameras,,39.99,USD,"FIXED_PRICE,BEST_OFFER",0,0,as-is,US,jrlowry64,100.0,2026-08-14T03:41:06.000Z,,https://www.ebay.com/itm/188789767865?hash=item2bf4bf3eb9:g:cdcAAeSwBCJqfo2y,https://i.ebayimg.com/images/g/cdcAAeSwBCJqfo2y/s-l225.jpg
残件/按现状,43.0,Vintage Petri 2.8 Color Corrected Super 35mm Rangefinder Camera - UNTESTED/AS-IS,Petri,Vintage Cameras,,39.99,USD,FIXED_PRICE,10,0,as-is,US,typri_5975,99.9,2026-08-13T20:11:50.000Z,,https://www.ebay.com/itm/237004194390?hash=item372e8d0256:g:e8AAAeSwtEFqfiQ1,https://i.ebayimg.com/images/g/e8AAAeSwtEFqfiQ1/s-l225.jpg
残件/按现状,43.0,Sony Cyber-Shot DSC-W120 7.2MP Digital Camera Silver Carl Zeiss Untested,Sony,Digital Cameras,For parts or not working,39.99,USD,"FIXED_PRICE,BEST_OFFER",6,0,as-is;underpriced(med 250),US,shareinthegood,99.8,2026-08-13T17:03:05.000Z,,https://www.ebay.com/itm/336740660767?hash=item4e674eb61f:g:mWoAAeSwIDhqffie,https://i.ebayimg.com/images/g/mWoAAeSwIDhqffie/s-l225.jpg
残件/按现状,43.0,SONY Cyber-shot DSC-W80 Digital Still Camera Untested,Sony,Digital Cameras,For parts or not working,39.99,USD,"FIXED_PRICE,BEST_OFFER",7,0,as-is;underpriced(med 250),US,shareinthegood,99.8,2026-08-13T16:54:17.000Z,,https://www.ebay.com/itm/336740653695?hash=item4e674e9a7f:g:SdkAAeSwhrBqffZ1,https://i.ebayimg.com/images/g/SdkAAeSwhrBqffZ1/s-l225.jpg
残件/按现状,43.0,Vintage Polaroid Automatic 100 Land Camera Untested with Cover,Polaroid,Vintage Cameras,,39.99,USD,FIXED_PRICE,4,0,as-is,US,doupeterso-43,100.0,2026-08-13T14:10:10.000Z,,https://www.ebay.com/itm/298584910608?hash=item45850c2b10:g:veYAAeSwkZZpZt0C,https://i.ebayimg.com/images/g/veYAAeSwkZZpZt0C/s-l225.jpg
残件/按现状,43.0,Polaroid One600 Instant Camera Blue 100mm + Film Spectra Platinum Untested,Polaroid,Vintage Cameras,,40.0,USD,FIXED_PRICE,9,0,as-is,US,terrodr2,99.9,2026-08-14T11:47:29.000Z,,https://www.ebay.com/itm/377417801275?hash=item57dfda9e3b:g:O40AAOSwPDZmt~~y,https://i.ebayimg.com/images/g/O40AAOSwPDZmt~~y/s-l225.jpg
残件/按现状,43.0,Vintage Agfa Silette Pronto German Film Camera With Leather Case Untested,Agfa,Vintage Cameras,,40.0,USD,"FIXED_PRICE,BEST_OFFER",15,0,as-is,US,elizmck_13,100.0,2026-08-13T19:58:24.000Z,,https://www.ebay.com/itm/318725293020?hash=item4a358203dc:g:suQAAeSwlShqfh2P,https://i.ebayimg.com/images/g/suQAAeSwlShqfh2P/s-l225.jpg
残件/按现状,43.0,VINTAGE Kodak XL342 Movie Camera CAT 110 1856 UNTESTED Beautiful Collection Add,Kodak,Vintage Cameras,,42.0,USD,"FIXED_PRICE,BEST_OFFER",22,0,as-is,US,thriftswiththrills,99.9,2026-08-14T08:57:23.000Z,,https://www.ebay.com/itm/318728252383?hash=item4a35af2bdf:g:iSoAAeSwpOxooWgr,https://i.ebayimg.com/images/g/iSoAAeSwpOxooWgr/s-l225.jpg
残件/按现状,43.0,Vintage Brownie Hawkeye Camera Kodak Flash Model 620 w/ box & manual Untested,Kodak,Vintage Cameras,,43.0,USD,FIXED_PRICE,16,0,as-is,US,jbs-books,99.0,2026-08-13T21:41:00.000Z,,https://www.ebay.com/itm/227474772347?hash=item34f68d917b:g:vdkAAeSwGgVp9Xyj,https://i.ebayimg.com/images/g/vdkAAeSwGgVp9Xyj/s-l225.jpg
残件/按现状,43.0,Vintage Kodak Retina Reflex III Silver Film Camera Germany - For Parts Or Repair,Kodak,Vintage Cameras,,45.0,USD,"FIXED_PRICE,BEST_OFFER",13,0,as-is,US,craig_r_72,100.0,2026-08-13T23:51:40.000Z,,https://www.ebay.com/itm/198569254219?hash=item2e3ba65d4b:g:0jAAAeSwMbhqflYc,https://i.ebayimg.com/images/g/0jAAAeSwMbhqflYc/s-l225.jpg
残件/按现状,43.0,Vintage Polaroid One-Step Rainbow Stripe SX-70 Instant Camera with Case UNTESTED,Polaroid,Vintage Cameras,,45.0,USD,FIXED_PRICE,11,0,as-is,US,theelephanttrunk,100.0,2026-08-13T19:13:27.000Z,,https://www.ebay.com/itm/298585577689?hash=item45851658d9:g:S34AAeSwsqlqfhXl,https://i.ebayimg.com/images/g/S34AAeSwsqlqfhXl/s-l225.jpg
残件/按现状,43.0,Vintage Kodak Brownie Hawkeye Camera Flash Model With Case Untested,Kodak,Vintage Cameras,,45.0,USD,"FIXED_PRICE,BEST_OFFER",14,0,as-is,US,chaos4us,100.0,2026-08-13T17:22:48.000Z,,https://www.ebay.com/itm/407142102255?hash=item5ecb8f74ef:g:lGIAAeSwSFFqX3Yo,https://i.ebayimg.com/images/g/lGIAAeSwSFFqX3Yo/s-l225.jpg
残件/按现状,43.0,Polaroid Land Camera Super Shooter Plus Vintage 70s Instant Film Camera Untested,Polaroid,Vintage Cameras,,45.0,USD,"FIXED_PRICE,BEST_OFFER",9,0,as-is,US,the_unique_edit,99.6,2026-08-13T10:10:50.000Z,,https://www.ebay.com/itm/318723018478?hash=item4a355f4eee:g:RCIAAeSwp1ho7WZ5,https://i.ebayimg.com/images/g/RCIAAeSwp1ho7WZ5/s-l225.jpg
残件/按现状,43.0,Holga 120 CFN Medium Format Film Camera Built-In Flash Photography Red Untested,Holga,Film Cameras,Used,49.95,USD,"FIXED_PRICE,BEST_OFFER",3,0,as-is,US,laura_pdx,100.0,2026-08-13T19:19:00.000Z,,https://www.ebay.com/itm/298585587506?hash=item4585167f32:g:Zg0AAeSwsqlqfhgZ,https://i.ebayimg.com/images/g/Zg0AAeSwsqlqfhgZ/s-l225.jpg
型号不明,43.0,GO GEN 2 FILE POLAROID CAMERA,Polaroid,Film Cameras,New,49.99,USD,"FIXED_PRICE,BEST_OFFER",3,0,,US,exchangestation,99.5,2026-08-13T19:38:29.000Z,,https://www.ebay.com/itm/188788115529?hash=item2bf4a60849:g:4mkAAeSw76lqfhzx,https://i.ebayimg.com/images/g/4mkAAeSw76lqfhzx/s-l225.jpg
残件/按现状,43.0,Polaroid Sun 600 LMS Film Instant Land Camera with Strap & Box - Untested,Polaroid,Vintage Cameras,,49.99,USD,FIXED_PRICE,10,0,as-is,US,mmturnings21,100.0,2026-08-13T17:35:38.000Z,,https://www.ebay.com/itm/168611442129?hash=item2742066dd1:g:DXkAAeSwqvlqfgAP,https://i.ebayimg.com/images/g/DXkAAeSwqvlqfgAP/s-l225.jpg
残件/按现状,43.0,Sony Cyber-Shot DSC-T7 Silver Built-In Flash Digital Camera - FOR PARTS/REPAIR!!,Sony,Digital Cameras,Used,49.99,USD,"FIXED_PRICE,BEST_OFFER",1,0,as-is;underpriced(med 250),US,srfsteve2012,99.8,2026-08-13T14:47:20.000Z,,https://www.ebay.com/itm/168611110494?hash=item2742015e5e:g:pVoAAeSwaRZqfdiL,https://i.ebayimg.com/images/g/pVoAAeSwaRZqfdiL/s-l225.jpg
描述含糊,43.0,SONY MAVICA REPLACEMENT FLOPPY DRIVE SEE PHOTOS FOR INFORMATION,Sony,Digital Cameras,Open box,50.0,USD,FIXED_PRICE,3,0,underpriced(med 250),US,pete-1175,100.0,2026-08-13T08:47:04.000Z,,https://www.ebay.com/itm/178402443168?hash=item29899d3fa0:g:jU4AAeSwtiBpuFN2,https://i.ebayimg.com/images/g/jU4AAeSwtiBpuFN2/s-l225.jpg
打包杂件,43.0,"Polaroid Go Gen 2 Instant Instant Camera + Clip Bundle, Black (Generation 2)",Polaroid,Vintage Cameras,,53.0,USD,"FIXED_PRICE,BEST_OFFER",8,0,,US,jecr_4096,99.6,2026-08-13T21:46:04.000Z,,https://www.ebay.com/itm/227474776282?hash=item34f68da0da:g:GdoAAeSwYTBqfjr1,https://i.ebayimg.com/images/g/GdoAAeSwYTBqfjr1/s-l225.jpg
残件/按现状,43.0,Vintage Polaroid 800 Land Camera With Accessories & Manuals Untested Read,Polaroid,Vintage Cameras,,55.99,USD,"FIXED_PRICE,BEST_OFFER",23,0,as-is,US,las_vegas_flips,99.8,2026-08-13T04:10:33.000Z,,https://www.ebay.com/itm/227473695637?hash=item34f67d2395:g:1CQAAeSwdfpo7vct,https://i.ebayimg.com/images/g/1CQAAeSwdfpo7vct/s-l225.jpg
残件/按现状,43.0,Vintage Kodak Colorburst 100 Instant Camera w Film Cartridge Untested Retro,Kodak,Vintage Cameras,,59.0,USD,"FIXED_PRICE,BEST_OFFER",5,0,as-is,US,konazeev,100.0,2026-08-13T20:33:56.000Z,,https://www.ebay.com/itm/318725463140?hash=item4a35849c64:g:hHAAAeSwFJ1qfiod,https://i.ebayimg.com/images/g/hHAAAeSwFJ1qfiod/s-l225.jpg
残件/按现状,43.0,VTG Kodak Signet 35mm Camera w/ Original Field Leather Case UNTESTED,Kodak,Vintage Cameras,,59.99,USD,"FIXED_PRICE,BEST_OFFER",10,0,as-is,US,joesoretro,99.5,2026-08-14T03:33:15.000Z,,https://www.ebay.com/itm/307125562977?hash=item47821c2e61:g:4d0AAeSw0hNqfouS,https://i.ebayimg.com/images/g/4d0AAeSw0hNqfouS/s-l225.jpg
残件/按现状;打包杂件,43.0,Canon Optura MiniDV Camcorder Bundle – Untested,Canon,Camcorders,Used,60.0,USD,"FIXED_PRICE,BEST_OFFER",4,0,as-is,US,hecthorrogel,100.0,2026-08-14T02:35:21.000Z,,https://www.ebay.com/itm/327309267794?hash=item4c35271352:g:deEAAeSw-wlqfn5-,https://i.ebayimg.com/images/g/deEAAeSw-wlqfn5-/s-l225.jpg
打包杂件,43.0,CAMERA POLAROID MD 95A Speedliner Vintage 1957-1961 Lot Flash Manual Case etc.,Polaroid,Vintage Cameras,,75.0,USD,"FIXED_PRICE,BEST_OFFER",13,0,mount:minolta md,US,minnihancollects,100.0,2026-08-13T23:21:25.000Z,,https://www.ebay.com/itm/407142695200?hash=item5ecb988120:g:HbMAAeSw1yVqfk37,https://i.ebayimg.com/images/g/HbMAAeSw1yVqfk37/s-l225.jpg
残件/按现状,43.0,Vtg Minolta Rokkor-X RF 500mm f8 Reflex Manual Focus Lens With Hood Sold As Is,Minolta,Lenses,For parts or not working,129.99,USD,"FIXED_PRICE,BEST_OFFER",14,0,mount:canon rf;as-is,US,openboxstudio,99.8,2026-08-13T16:17:43.000Z,,https://www.ebay.com/itm/278276639034?hash=item40ca94893a:g:JOkAAeSwKRRqAilG,https://i.ebayimg.com/images/g/JOkAAeSwKRRqAilG/s-l225.jpg
残件/按现状,43.0,Olympus Zuiko MC 35mm f2 Auto-W Japan wide lens OM system 35/2 f2.0 READ WELL,Olympus,Lenses,For parts or not working,141.6,USD,"FIXED_PRICE,BEST_OFFER",23,0,mount:olympus om,US,well-cam,100.0,2026-08-13T18:42:00.000Z,,https://www.ebay.com/itm/358922689547?hash=item5391759c0b:g:A1wAAeSw6B9qPp5r,https://i.ebayimg.com/images/g/A1wAAeSw6B9qPp5r/s-l225.jpg
型号不明,43.0,Nikon Lens AF-S DX VR ED 18-200 3.5-5.6G Used,Nikon,Lenses,Used,156.44,USD,FIXED_PRICE,8,0,,JP,hard-off-japan-in-au,99.2,2026-08-13T17:22:26.000Z,,https://www.ebay.com/itm/318724697131?hash=item4a3578ec2b:g:y-gAAeSwsnZqfgvQ,https://i.ebayimg.com/images/g/y-gAAeSwsnZqfgvQ/s-l225.jpg
型号不明,43.0,"Canon, COSINA, Kenko, Asahi Optical: A Roundup of 8 Lens Converters",Canon,Lenses,Used,175.6,USD,"FIXED_PRICE,BEST_OFFER",17,0,,JP,l9531336,100.0,2026-08-13T08:20:34.000Z,,https://www.ebay.com/itm/298584201856?hash=item4585015a80:g:fFoAAeSwSLlqfX6X,https://i.ebayimg.com/images/g/fFoAAeSwSLlqfX6X/s-l225.jpg
型号不明,43.0,1D872 Wide Conversion Lens WCL-X70 B for the Fujifilm X70 B,Fujifilm,Lenses,Used,195.6,USD,"FIXED_PRICE,BEST_OFFER",5,0,,JP,l9531336,100.0,2026-08-13T08:20:35.000Z,,https://www.ebay.com/itm/298584201880?hash=item4585015a98:g:kHYAAeSwZy5qfX8X,https://i.ebayimg.com/images/g/kHYAAeSwZy5qfX8X/s-l225.jpg
型号不明,43.0,"Fringer FR-FX10 for Fujifilm X Series, AF-Compatible, with Electronic Contacts",Fujifilm,Lenses,Used,241.65,USD,"FIXED_PRICE,BEST_OFFER",4,0,,JP,l9531336,100.0,2026-08-13T08:20:32.000Z,,https://www.ebay.com/itm/298584201517?hash=item458501592d:g:uNQAAeSwsnZqfX96,https://i.ebayimg.com/images/g/uNQAAeSwsnZqfX96/s-l225.jpg
型号不明,43.0,Leica HG SCL4 16063 Multi Function Hand Grip from Japan,Leica,Lenses,New,533.25,USD,FIXED_PRICE,1,0,,JP,ginzaluxuryfinds,100.0,2026-08-13T10:52:24.000Z,,https://www.ebay.com/itm/366602994196?hash=item555b3dc214:g:VZoAAeSwwyJqfaMk,https://i.ebayimg.com/images/g/VZoAAeSwwyJqfaMk/s-l225.jpg
型号不明,43.0,Leica APO EXTENDER R 1.4x from Japan,Leica,Lenses,Used,536.72,USD,FIXED_PRICE,6,0,,JP,ginzaluxuryfinds,100.0,2026-08-13T10:52:24.000Z,,https://www.ebay.com/itm/366602994199?hash=item555b3dc217:g:fssAAeSw-wlqfaLy,https://i.ebayimg.com/images/g/fssAAeSw-wlqfaLy/s-l225.jpg
型号不明,43.0,Leica ERNST LEITZ WETZLAR UVa E41 Red Letter from Japan,Leica,Lenses,Used,551.48,USD,FIXED_PRICE,4,0,,JP,ginzaluxuryfinds,100.0,2026-08-13T10:52:23.000Z,,https://www.ebay.com/itm/366602994093?hash=item555b3dc1ad:g:ZMQAAeSwLKlqfaJr,https://i.ebayimg.com/images/g/ZMQAAeSwLKlqfaJr/s-l225.jpg
型号不明,43.0,Leica Summaron 3.5cm F3.5 L Mount from Japan,Leica,Lenses,Used,555.83,USD,FIXED_PRICE,8,0,,JP,ginzaluxuryfinds,100.0,2026-08-13T10:52:24.000Z,,https://www.ebay.com/itm/366602994197?hash=item555b3dc215:g:XMgAAeSwYEVqfaM5,https://i.ebayimg.com/images/g/XMgAAeSwYEVqfaM5/s-l225.jpg
型号不明,43.0,Leica M10 Hand Grip from Japan,Leica,Lenses,New,562.78,USD,FIXED_PRICE,9,0,,JP,ginzaluxuryfinds,100.0,2026-08-13T10:52:23.000Z,,https://www.ebay.com/itm/366602994114?hash=item555b3dc1c2:g:VpMAAeSwawdqfaLe,https://i.ebayimg.com/images/g/VpMAAeSwawdqfaLe/s-l225.jpg
型号不明,43.0,Leica SOFORT 2 Black from Japan,Leica,Lenses,New,564.5,USD,FIXED_PRICE,5,0,,JP,ginzaluxuryfinds,100.0,2026-08-13T10:52:24.000Z,,https://www.ebay.com/itm/366602994145?hash=item555b3dc1e1:g:Dn0AAeSw-zVqfaK5,https://i.ebayimg.com/images/g/Dn0AAeSw-zVqfaK5/s-l225.jpg
型号不明,43.0,Leica APO Extender R 2X ROM from Japan,Leica,Lenses,Used,564.51,USD,FIXED_PRICE,7,0,,JP,ginzaluxuryfinds,100.0,2026-08-13T11:16:12.000Z,,https://www.ebay.com/itm/366603032921?hash=item555b3e5959:g:fKwAAeSw~wRqfahU,https://i.ebayimg.com/images/g/fKwAAeSw~wRqfahU/s-l225.jpg
型号不明,43.0,Leica D LUX 3 10MP Digital Camera from Japan,Leica,Lenses,Used,571.46,USD,FIXED_PRICE,2,0,,JP,ginzaluxuryfinds,100.0,2026-08-13T11:16:12.000Z,,https://www.ebay.com/itm/366603032827?hash=item555b3e58fb:g:r9AAAeSwjSBqfai8,https://i.ebayimg.com/images/g/r9AAAeSwjSBqfai8/s-l225.jpg
型号不明,43.0,Leica M11 Hand Grip from Japan,Leica,Lenses,New,571.46,USD,FIXED_PRICE,9,0,,JP,ginzaluxuryfinds,100.0,2026-08-13T10:52:25.000Z,,https://www.ebay.com/itm/366602994221?hash=item555b3dc22d:g:cgoAAeSws3NqfaMZ,https://i.ebayimg.com/images/g/cgoAAeSws3NqfaMZ/s-l225.jpg
型号不明,43.0,Leica APO EXTENDER R 1.4x from Japan,Leica,Lenses,Used,571.46,USD,FIXED_PRICE,8,0,,JP,ginzaluxuryfinds,100.0,2026-08-13T10:52:23.000Z,,https://www.ebay.com/itm/366602994090?hash=item555b3dc1aa:g:GK0AAeSwCQJqfaMj,https://i.ebayimg.com/images/g/GK0AAeSwCQJqfaMj/s-l225.jpg
型号不明,43.0,Leica DIII Body from Japan,Leica,Lenses,Used,572.33,USD,FIXED_PRICE,7,0,,JP,ginzaluxuryfinds,100.0,2026-08-13T11:16:10.000Z,,https://www.ebay.com/itm/366603032561?hash=item555b3e57f1:g:grMAAeSwiodqfaik,https://i.ebayimg.com/images/g/grMAAeSwiodqfaik/s-l225.jpg
型号不明,43.0,Leica Summaron 3.5cm F3.5 from Japan,Leica,Lenses,Used,577.54,USD,FIXED_PRICE,3,0,,JP,ginzaluxuryfinds,100.0,2026-08-13T11:16:10.000Z,,https://www.ebay.com/itm/366603032578?hash=item555b3e5802:g:Xe0AAeSwCQJqfaiA,https://i.ebayimg.com/images/g/Xe0AAeSwCQJqfaiA/s-l225.jpg
型号不明,43.0,Leica Apo Extender R 2X ROM 11269 from Japan,Leica,Lenses,Used,588.83,USD,FIXED_PRICE,7,0,,JP,ginzaluxuryfinds,100.0,2026-08-13T11:16:11.000Z,,https://www.ebay.com/itm/366603032748?hash=item555b3e58ac:g:fgIAAeSwiodqfahE,https://i.ebayimg.com/images/g/fgIAAeSwiodqfahE/s-l225.jpg
型号不明,43.0,LEICA Brand new R4 R5 R6 R6.2 R7 Soft Case 14520 Leather Dead from Japan,Leica,Lenses,New,588.83,USD,FIXED_PRICE,3,0,,JP,ginzaluxuryfinds,100.0,2026-08-13T10:52:24.000Z,,https://www.ebay.com/itm/366602994167?hash=item555b3dc1f7:g:EqYAAeSwiiFqfaMi,https://i.ebayimg.com/images/g/EqYAAeSwiiFqfaMi/s-l225.jpg
型号不明,43.0,LEICA Brand New R6 R6.2 Rapid Case 14510 from Japan,Leica,Lenses,New,588.83,USD,FIXED_PRICE,5,0,,JP,ginzaluxuryfinds,100.0,2026-08-13T10:52:23.000Z,,https://www.ebay.com/itm/366602994096?hash=item555b3dc1b0:g:Zd0AAeSwbiNqfaJ6,https://i.ebayimg.com/images/g/Zd0AAeSwbiNqfaJ6/s-l225.jpg
型号不明,43.0,Leica D LUX 3 10MP Digital Camera from Japan,Leica,Lenses,Used,597.51,USD,FIXED_PRICE,4,0,,JP,ginzaluxuryfinds,100.0,2026-08-13T11:16:13.000Z,,https://www.ebay.com/itm/366603032953?hash=item555b3e5979:g:sgUAAeSwQzFqfajT,https://i.ebayimg.com/images/g/sgUAAeSwQzFqfajT/s-l225.jpg
型号不明,43.0,Leica D LUX 3 10MP Black Digital Camera from Japan,Leica,Lenses,Used,597.51,USD,FIXED_PRICE,4,0,,JP,ginzaluxuryfinds,100.0,2026-08-13T11:16:12.000Z,,https://www.ebay.com/itm/366603032908?hash=item555b3e594c:g:Q2gAAeSwbspqfahG,https://i.ebayimg.com/images/g/Q2gAAeSwbspqfahG/s-l225.jpg
型号不明,43.0,Leica D LUX4 Digital Camera from Japan,Leica,Lenses,Used,597.51,USD,FIXED_PRICE,7,0,,JP,ginzaluxuryfinds,100.0,2026-08-13T11:16:10.000Z,,https://www.ebay.com/itm/366603032517?hash=item555b3e57c5:g:fBoAAeSw2L1qfah4,https://i.ebayimg.com/images/g/fBoAAeSw2L1qfah4/s-l225.jpg
型号不明,43.0,Leica C LUX3 Digital Camera from Japan,Leica,Lenses,Used,604.29,USD,FIXED_PRICE,0,0,,JP,ginzaluxuryfinds,100.0,2026-08-13T11:16:12.000Z,,https://www.ebay.com/itm/366603032828?hash=item555b3e58fc:g:y-sAAeSweEtqfai-,https://i.ebayimg.com/images/g/y-sAAeSweEtqfai-/s-l225.jpg
型号不明,43.0,Leica Summar L50 2 Chrome from Japan,Leica,Lenses,Used,606.2,USD,FIXED_PRICE,7,0,,JP,ginzaluxuryfinds,100.0,2026-08-13T11:16:10.000Z,,https://www.ebay.com/itm/366603032602?hash=item555b3e581a:g:k4sAAeSwJ2dqfakG,https://i.ebayimg.com/images/g/k4sAAeSwJ2dqfakG/s-l225.jpg
型号不明,43.0,Leica D LUX3 Black from Japan,Leica,Lenses,Used,614.88,USD,FIXED_PRICE,6,0,,JP,ginzaluxuryfinds,100.0,2026-08-13T10:52:23.000Z,,https://www.ebay.com/itm/366602994135?hash=item555b3dc1d7:g:dtEAAeSwBidqfaK5,https://i.ebayimg.com/images/g/dtEAAeSwBidqfaK5/s-l225.jpg
型号不明,43.0,Leica PHOTAR 25 2.5 PHOTAR ADAPTAR R from Japan,Leica,Lenses,Used,623.57,USD,FIXED_PRICE,7,0,,JP,ginzaluxuryfinds,100.0,2026-08-13T11:16:13.000Z,,https://www.ebay.com/itm/366603032959?hash=item555b3e597f:g:okgAAeSwCGNqfagw,https://i.ebayimg.com/images/g/okgAAeSwCGNqfagw/s-l225.jpg
型号不明,43.0,Leica Summar 5cm 2 from Japan,Leica,Lenses,Used,640.94,USD,FIXED_PRICE,7,0,,JP,ginzaluxuryfinds,100.0,2026-08-13T11:16:12.000Z,,https://www.ebay.com/itm/366603032927?hash=item555b3e595f:g:mXYAAeSwn~xqfaiI,https://i.ebayimg.com/images/g/mXYAAeSwn~xqfaiI/s-l225.jpg
型号不明,43.0,Leica Hektor 125 2.5 from Japan,Leica,Lenses,Used,640.94,USD,FIXED_PRICE,7,0,,JP,ginzaluxuryfinds,100.0,2026-08-13T11:16:10.000Z,,https://www.ebay.com/itm/366603032606?hash=item555b3e581e:g:5NcAAeSwxxdqfaiZ,https://i.ebayimg.com/images/g/5NcAAeSwxxdqfaiZ/s-l225.jpg
型号不明,43.0,Leica LEICAFLEX SL Black from Japan,Leica,Lenses,Used,649.62,USD,FIXED_PRICE,9,0,,JP,ginzaluxuryfinds,100.0,2026-08-13T11:16:10.000Z,,https://www.ebay.com/itm/366603032544?hash=item555b3e57e0:g:nbEAAeSwAfJqfahC,https://i.ebayimg.com/images/g/nbEAAeSwAfJqfahC/s-l225.jpg
型号不明,43.0,Leica C Typ 112 Digital Camera from Japan,Leica,Lenses,Used,651.18,USD,FIXED_PRICE,9,0,,JP,ginzaluxuryfinds,100.0,2026-08-13T10:52:24.000Z,,https://www.ebay.com/itm/366602994141?hash=item555b3dc1dd:g:UugAAeSwPZVqfaJu,https://i.ebayimg.com/images/g/UugAAeSwPZVqfaJu/s-l225.jpg
型号不明,43.0,Leica DIII (Shiny Chrome) from Japan,Leica,Lenses,Used,658.31,USD,FIXED_PRICE,7,0,,JP,ginzaluxuryfinds,100.0,2026-08-13T11:16:11.000Z,,https://www.ebay.com/itm/366603032780?hash=item555b3e58cc:g:nX8AAeSwEx9qfaj6,https://i.ebayimg.com/images/g/nX8AAeSwEx9qfaj6/s-l225.jpg
型号不明,43.0,Leica Zummarit L 5cm 1.5 from Japan,Leica,Lenses,Used,658.31,USD,FIXED_PRICE,7,0,,JP,ginzaluxuryfinds,100.0,2026-08-13T11:16:10.000Z,,https://www.ebay.com/itm/366603032628?hash=item555b3e5834:g:ihcAAeSwndBqfaha,https://i.ebayimg.com/images/g/ihcAAeSwndBqfaha/s-l225.jpg
型号不明,43.0,Leica Summar 50 2 Lens from Japan,Leica,Lenses,Used,666.99,USD,FIXED_PRICE,7,0,,JP,ginzaluxuryfinds,100.0,2026-08-13T11:16:12.000Z,,https://www.ebay.com/itm/366603032821?hash=item555b3e58f5:g:W04AAeSwbEhqfahA,https://i.ebayimg.com/images/g/W04AAeSwbEhqfahA/s-l225.jpg
型号不明,43.0,Leica Summaron L35 3.5 from Japan,Leica,Lenses,Used,666.99,USD,FIXED_PRICE,7,0,,JP,ginzaluxuryfinds,100.0,2026-08-13T11:16:12.000Z,,https://www.ebay.com/itm/366603032912?hash=item555b3e5950:g:wokAAeSw1KtqfaiN,https://i.ebayimg.com/images/g/wokAAeSw1KtqfaiN/s-l225.jpg
型号不明,43.0,Leica D III from Japan,Leica,Lenses,Used,666.99,USD,FIXED_PRICE,7,0,,JP,ginzaluxuryfinds,100.0,2026-08-13T11:16:11.000Z,,https://www.ebay.com/itm/366603032764?hash=item555b3e58bc:g:idgAAeSwIVVqfahr,https://i.ebayimg.com/images/g/idgAAeSwIVVqfahr/s-l225.jpg
型号不明,43.0,Leica Summarit L 50 1.5 from Japan,Leica,Lenses,Used,675.68,USD,FIXED_PRICE,7,0,,JP,ginzaluxuryfinds,100.0,2026-08-13T11:16:10.000Z,,https://www.ebay.com/itm/366603032633?hash=item555b3e5839:g:t2kAAeSw3T9qfag1,https://i.ebayimg.com/images/g/t2kAAeSw3T9qfag1/s-l225.jpg
型号不明,43.0,Leica Digital Camera C LUX2 from Japan,Leica,Lenses,Used,692.82,USD,FIXED_PRICE,0,0,,JP,ginzaluxuryfinds,100.0,2026-08-13T11:16:13.000Z,,https://www.ebay.com/itm/366603032982?hash=item555b3e5996:g:FKAAAeSwSOpqfag-,https://i.ebayimg.com/images/g/FKAAAeSwSOpqfag-/s-l225.jpg
型号不明,43.0,Leica SF60 Flash from Japan,Leica,Lenses,Used,694.7,USD,FIXED_PRICE,5,0,,JP,ginzaluxuryfinds,100.0,2026-08-13T10:52:24.000Z,,https://www.ebay.com/itm/366602994143?hash=item555b3dc1df:g:X5MAAeSwXyBqfaL8,https://i.ebayimg.com/images/g/X5MAAeSwXyBqfaL8/s-l225.jpg
型号不明,43.0,Leica DIII Chrome from Japan,Leica,Lenses,Used,701.73,USD,FIXED_PRICE,7,0,,JP,ginzaluxuryfinds,100.0,2026-08-13T11:16:12.000Z,,https://www.ebay.com/itm/366603032849?hash=item555b3e5911:g:jcAAAeSw8vxqfaiG,https://i.ebayimg.com/images/g/jcAAAeSw8vxqfaiG/s-l225.jpg
型号不明,43.0,Leica Summarit L50 1.5 Early from Japan,Leica,Lenses,Used,712.15,USD,FIXED_PRICE,7,0,,JP,ginzaluxuryfinds,100.0,2026-08-13T11:16:13.000Z,,https://www.ebay.com/itm/366603032993?hash=item555b3e59a1:g:nFIAAeSwFW1qfaiw,https://i.ebayimg.com/images/g/nFIAAeSwFW1qfaiw/s-l225.jpg
型号不明,43.0,Leica R50 2 (3CAM) from Japan,Leica,Lenses,Used,712.15,USD,FIXED_PRICE,7,0,,JP,ginzaluxuryfinds,100.0,2026-08-13T11:16:10.000Z,,https://www.ebay.com/itm/366603032643?hash=item555b3e5843:g:pAMAAeSwYPFqfae7,https://i.ebayimg.com/images/g/pAMAAeSwYPFqfae7/s-l225.jpg
型号不明,43.0,Leica DIII Chrome from Japan,Leica,Lenses,Used,719.1,USD,FIXED_PRICE,7,0,,JP,ginzaluxuryfinds,100.0,2026-08-13T11:16:10.000Z,,https://www.ebay.com/itm/366603032534?hash=item555b3e57d6:g:ty4AAeSwAVhqfah0,https://i.ebayimg.com/images/g/ty4AAeSwAVhqfah0/s-l225.jpg
型号不明,43.0,Leica Ic Camera from Japan,Leica,Lenses,Used,719.1,USD,FIXED_PRICE,7,0,,JP,ginzaluxuryfinds,100.0,2026-08-13T11:16:10.000Z,,https://www.ebay.com/itm/366603032562?hash=item555b3e57f2:g:H-0AAeSw4vtqfah1,https://i.ebayimg.com/images/g/H-0AAeSw4vtqfah1/s-l225.jpg
型号不明,43.0,Leica D LUX4 from Japan,Leica,Lenses,Used,723.53,USD,FIXED_PRICE,0,0,,JP,ginzaluxuryfinds,100.0,2026-08-13T11:16:10.000Z,,https://www.ebay.com/itm/366603032645?hash=item555b3e5845:g:m6IAAeSwYEVqfagJ,https://i.ebayimg.com/images/g/m6IAAeSwYEVqfagJ/s-l225.jpg
型号不明,43.0,Leica M9 Base Plate from Japan,Leica,Lenses,New,729.52,USD,FIXED_PRICE,9,0,,JP,ginzaluxuryfinds,100.0,2026-08-13T10:52:24.000Z,,https://www.ebay.com/itm/366602994206?hash=item555b3dc21e:g:Wb0AAeSwCYxqfaLp,https://i.ebayimg.com/images/g/Wb0AAeSwCYxqfaLp/s-l225.jpg
型号不明,43.0,Leica Summarit 5cm F1.5 from Japan,Leica,Lenses,Used,746.02,USD,FIXED_PRICE,4,0,,JP,ginzaluxuryfinds,100.0,2026-08-13T11:16:11.000Z,,https://www.ebay.com/itm/366603032734?hash=item555b3e589e:g:uvMAAeSwls1qfah4,https://i.ebayimg.com/images/g/uvMAAeSwls1qfah4/s-l225.jpg
型号不明,42.0,Nikon Z Teleconverter TC-1.4x 426,Nikon,Lenses,Used,764.73,USD,"FIXED_PRICE,BEST_OFFER",5,0,grail:TC-1,JP,l9531336,100.0,2026-08-13T08:20:37.000Z,,https://www.ebay.com/itm/298584202170?hash=item4585015bba:g:jKwAAeSwxkhqfX8Y,https://i.ebayimg.com/images/g/jKwAAeSwxkhqfX8Y/s-l225.jpg
型号不明,42.0,KIPON Pentax 67-GFX 0.62x Focal Reducer,Pentax,Lenses,Used,1956.04,USD,"FIXED_PRICE,BEST_OFFER",13,0,grail:Pentax 67,JP,l9531336,100.0,2026-08-13T08:20:36.000Z,,https://www.ebay.com/itm/298584202082?hash=item4585015b62:g:tlsAAeSwkOdqfX8k,https://i.ebayimg.com/images/g/tlsAAeSwkOdqfX8k/s-l225.jpg
残件/按现状,41.0,Exakta VX1000 35mm Film Camera With Travemat Prism NO LENS,Exakta,Film Cameras,For parts or not working,0.0,USD,"AUCTION,BEST_OFFER",15,0,auction,US,fm001,100.0,2026-08-14T10:41:40.000Z,2026-08-19T10:41:40.000Z,https://www.ebay.com/itm/147504292746?hash=item2257f0e38a:g:Sg4AAeSwBEtqV6gH,https://i.ebayimg.com/images/g/Sg4AAeSwBEtqV6gH/s-l225.jpg
残件/按现状;打包杂件,41.0,"Lot of 4 Film Cameras, 2 lenses FOR PARTS/NOT WORKING, Canon, Kodak",Canon,Film Cameras,For parts or not working,0.0,USD,AUCTION,20,0,as-is;auction,US,nasbuyandsell,100.0,2026-08-14T02:30:04.000Z,2026-08-21T02:30:04.000Z,https://www.ebay.com/itm/398283308924?hash=item5cbb88ff7c:g:X3AAAeSwtixqfn0D,https://i.ebayimg.com/images/g/X3AAAeSwtixqfn0D/s-l225.jpg
残件/按现状;打包杂件,41.0,"Lot of 5 Vintage Camera Lenses Konica, Osawa, Star D & Tele Plus Untested",Konica,Film Cameras,Used,0.0,USD,AUCTION,20,0,as-is;auction,US,jagerh-76,100.0,2026-08-14T00:18:30.000Z,2026-08-24T00:18:30.000Z,https://www.ebay.com/itm/178404553246?hash=item2989bd721e:g:7lIAAeSwU4Zqflye,https://i.ebayimg.com/images/g/7lIAAeSwU4Zqflye/s-l225.jpg
残件/按现状;打包杂件,41.0,"Vintage 35mm Point & Shoot Film Camera Lot of 8 - Canon, Pentax, Konic Untested",Canon,Film Cameras,For parts or not working,0.0,USD,AUCTION,8,0,as-is;auction,US,jagerh-76,100.0,2026-08-13T23:58:55.000Z,2026-08-23T23:58:55.000Z,https://www.ebay.com/itm/178404499441?hash=item2989bc9ff1:g:WmkAAeSwuKZqfldz,https://i.ebayimg.com/images/g/WmkAAeSwuKZqfldz/s-l225.jpg
残件/按现状,41.0,Yashica Electro 35 GSN Film Camera With Case Untested,Yashica,Film Cameras,Used,0.0,USD,"AUCTION,BEST_OFFER",14,0,as-is;auction,US,jester40,100.0,2026-08-13T23:44:00.000Z,2026-08-20T23:44:00.000Z,https://www.ebay.com/itm/267756496336?hash=item3e5787e5d0:g:hQkAAeSwnSNp3rvx,https://i.ebayimg.com/images/g/hQkAAeSwnSNp3rvx/s-l225.jpg
残件/按现状,41.0,Nikon F100 35mm Film Camera 35-105mm F3.5-4.5 D Lens From JAPAN AS IS For Repair,Nikon,Film Cameras,For parts or not working,0.0,USD,AUCTION,11,0,as-is;auction,US,foregoods,99.8,2026-08-13T23:00:31.000Z,2026-08-20T23:00:31.000Z,https://www.ebay.com/itm/366604029589?hash=item555b4d8e95:g:rugAAeSwxghqfjZ9,https://i.ebayimg.com/images/g/rugAAeSwxghqfjZ9/s-l225.jpg
残件/按现状,41.0,Minolta A2 | 35mm Rangefinder Camera | Locked Up | Clean Lens & Case | AS-IS,Minolta,Film Cameras,For parts or not working,0.0,USD,AUCTION,6,0,as-is;auction,US,socal_cameras,100.0,2026-08-13T22:20:06.000Z,2026-08-20T22:20:06.000Z,https://www.ebay.com/itm/800504004513?hash=itemba61c1bfa1:g:-0YAAeSwy0VqdQeJ,https://i.ebayimg.com/images/g/-0YAAeSwy0VqdQeJ/s-l225.jpg
打包杂件,41.0,LOT 5 of Fujifilm QuickSnap Flash 400 Disposable 35 mm Cameras BRAND NEW,Fujifilm,Film Cameras,New,0.0,USD,"AUCTION,BEST_OFFER",1,0,auction,US,kimkchick1978,100.0,2026-08-13T21:54:41.000Z,2026-08-20T21:54:41.000Z,https://www.ebay.com/itm/298585880297?hash=item45851af6e9:g:KaQAAeSwMKJooUAn,https://i.ebayimg.com/images/g/KaQAAeSwMKJooUAn/s-l225.jpg
残件/按现状,41.0,Minolta untested camera body and 35mm lens,Minolta,Film Cameras,Used,0.0,USD,AUCTION,5,0,as-is;auction,US,sajohn321,100.0,2026-08-13T21:47:16.000Z,2026-08-20T21:47:16.000Z,https://www.ebay.com/itm/237004315983?hash=item372e8edd4f:g:yBIAAeSwh0NqWVAW,https://i.ebayimg.com/images/g/yBIAAeSwh0NqWVAW/s-l225.jpg
残件/按现状,41.0,ZEISS IKON CONTRAFLEX 35mm CAMERA & CASE UNTESTED IN VG COSMETIC CONDITION!,Zeiss,Lenses,Used,0.0,USD,"AUCTION,BEST_OFFER",23,0,as-is;auction,US,spleef_inc,100.0,2026-08-13T18:12:29.000Z,2026-08-20T18:12:29.000Z,https://www.ebay.com/itm/188787824622?hash=item2bf4a197ee:g:dwYAAeSwnCNqNC77,https://i.ebayimg.com/images/g/dwYAAeSwnCNqNC77/s-l225.jpg
残件/按现状;打包杂件,41.0,Pentax 35mm Film 4 Camera Lot With 5 Lenses Vintage Untested,Pentax,Film Cameras,For parts or not working,0.0,USD,AUCTION,22,0,as-is;auction,US,nihoksb_0,100.0,2026-08-13T17:40:01.000Z,2026-08-23T17:40:01.000Z,https://www.ebay.com/itm/358918410228?hash=item5391344ff4:g:ufQAAeSw2RBqfKwG,https://i.ebayimg.com/images/g/ufQAAeSw2RBqfKwG/s-l225.jpg
残件/按现状,41.0,Konica Auto S2 35mm Rangefinder Silver Hexanon 45mm 1.8 Vintage *untested*,Konica,Vintage Cameras,,0.0,USD,AUCTION,10,0,as-is;auction,US,tinkersdome,98.4,2026-08-13T14:38:39.000Z,2026-08-20T14:38:39.000Z,https://www.ebay.com/itm/206488252704?hash=item3013a8b120:g:F24AAeSweFNqNABs,https://i.ebayimg.com/images/g/F24AAeSweFNqNABs/s-l225.jpg
残件/按现状;型号不明,41.0,Mamiya CdS Porrofinder Prism Finder for C220 C330 TLR Camera w/ Box Untested (J),Mamiya,Lenses,Used,0.0,USD,"AUCTION,BEST_OFFER",7,0,as-is;auction,US,booksfromca,99.7,2026-08-13T14:09:45.000Z,2026-08-20T14:09:45.000Z,https://www.ebay.com/itm/198568308205?hash=item2e3b97eded:g:FIMAAeSwvA9qVTAQ,https://i.ebayimg.com/images/g/FIMAAeSwvA9qVTAQ/s-l225.jpg
残件/按现状,41.0,Mamiya Sekor 65mm f/3.5 Stereo Twin Lens Assembly w/ Case Japan Untested (J),Mamiya,Lenses,Used,0.0,USD,"AUCTION,BEST_OFFER",9,0,as-is;auction,US,booksfromca,99.7,2026-08-13T14:09:44.000Z,2026-08-20T14:09:44.000Z,https://www.ebay.com/itm/198568308163?hash=item2e3b97edc3:g:WT0AAeSwtD9qUUz8,https://i.ebayimg.com/images/g/WT0AAeSwtD9qUUz8/s-l225.jpg
型号不明,41.0,BNCR Michelle Lens Empty Shell For Zeiss Arri Arriflex Red Collector Items,Zeiss,Lenses,Used,0.0,USD,AUCTION,5,0,auction,US,make-your-offer,100.0,2026-08-13T13:30:39.000Z,2026-08-20T13:30:39.000Z,https://www.ebay.com/itm/298584840145?hash=item45850b17d1:g:aYkAAeSw9XdqM~IR,https://i.ebayimg.com/images/g/aYkAAeSw9XdqM~IR/s-l225.jpg
打包杂件,41.0,Fujifilm Instax Mini 9 Instant Camera Lot 2 Pieces Pink & Smoky White Tested,Fujifilm,Film Cameras,Used,0.0,USD,AUCTION,7,0,auction,US,goodwillsocalshop,99.7,2026-08-13T13:30:16.000Z,2026-08-20T13:30:16.000Z,https://www.ebay.com/itm/267756040286?hash=item3e5780f05e:g:HYsAAeSwxxdqfdNf,https://i.ebayimg.com/images/g/HYsAAeSwxxdqfdNf/s-l225.jpg
打包杂件,41.0,Fujifilm Instax Mini 8 Instant Film Camera Lot Mixed Colors 3 Pieces Tested,Fujifilm,Film Cameras,Used,0.0,USD,AUCTION,7,0,auction,US,goodwillsocalshop,99.7,2026-08-13T13:30:16.000Z,2026-08-20T13:30:16.000Z,https://www.ebay.com/itm/267756040288?hash=item3e5780f060:g:-q4AAeSwSJFqfdP3,https://i.ebayimg.com/images/g/-q4AAeSwSJFqfdP3/s-l225.jpg
残件/按现状,41.0,Fujifilm Instax Wide 300 Instant Film Camera Black Silver UNTESTED. READ!!,Fujifilm,Film Cameras,Used,0.0,USD,AUCTION,12,0,as-is;auction,US,carlostgk,99.5,2026-08-13T13:27:23.000Z,2026-08-20T13:27:23.000Z,https://www.ebay.com/itm/257678082291?hash=item3bfecf80f3:g:4QoAAeSwdSZqfcXo,https://i.ebayimg.com/images/g/4QoAAeSwdSZqfcXo/s-l225.jpg
残件/按现状,41.0,Minolta Freedom III AF 35mm Point & Shoot Film Camera - Not tested,Minolta,Film Cameras,For parts or not working,0.0,USD,"AUCTION,BEST_OFFER",18,0,auction,US,nosulli31612,100.0,2026-08-13T12:52:23.000Z,2026-08-20T12:52:23.000Z,https://www.ebay.com/itm/178403005923?hash=item2989a5d5e3:g:sq4AAeSwqUtp8oUt,https://i.ebayimg.com/images/g/sq4AAeSwqUtp8oUt/s-l225.jpg
残件/按现状,41.0,Canon EOS Rebel G 35mm SLR Film Camera Kit with 2 Sigma Lens. READ DESCRIPTION,Canon,Film Cameras,Used,0.0,USD,"AUCTION,BEST_OFFER",8,0,auction,US,tyson2184,100.0,2026-08-13T09:21:45.000Z,2026-08-20T09:21:45.000Z,https://www.ebay.com/itm/227473964927?hash=item34f6813f7f:g:DKgAAeSw8kxp6m5Y,https://i.ebayimg.com/images/g/DKgAAeSw8kxp6m5Y/s-l225.jpg
残件/按现状,41.0,Sony Handycam CCD-TR21 Camcorder Video8 Chargers Batteries NOT Tested PARTS ONLY,Sony,Camcorders,Used,61.9,USD,"FIXED_PRICE,BEST_OFFER",20,0,as-is;underpriced(med 160),US,nancic1,99.9,2026-08-14T01:39:14.000Z,,https://www.ebay.com/itm/227474959227?hash=item34f6906b7b:g:eOcAAeSweq9pXGUN,https://i.ebayimg.com/images/g/eOcAAeSweq9pXGUN/s-l225.jpg
残件/按现状,41.0,PANASONIC Working Digital Camera DMC-ZX1 Junk Used,Panasonic,Digital Cameras,Used,62.68,USD,FIXED_PRICE,10,0,as-is;underpriced(med 185),JP,hard-off-japan-in-au,99.2,2026-08-13T17:23:11.000Z,,https://www.ebay.com/itm/318724698935?hash=item4a3578f337:g:oL0AAeSwK~Zqfgpd,https://i.ebayimg.com/images/g/oL0AAeSwK~Zqfgpd/s-l225.jpg
残件/按现状,41.0,PANASONIC Digital Camera DMC-fx30-t Junk Used,Panasonic,Digital Cameras,Used,62.68,USD,FIXED_PRICE,10,0,as-is;underpriced(med 185),JP,hard-off-japan-in-au,99.2,2026-08-13T17:22:39.000Z,,https://www.ebay.com/itm/318724697471?hash=item4a3578ed7f:g:zYAAAeSwg3Nqfgvf,https://i.ebayimg.com/images/g/zYAAAeSwg3Nqfgvf/s-l225.jpg
残件/按现状,41.0,Sony 8MM EV-C8 VCR for PARTS REPAIR NONWORKING EV-C8U Video Cassette Player,Sony,Camcorders,For parts or not working,64.99,USD,FIXED_PRICE,3,0,as-is;underpriced(med 160),US,dmodeforlife,100.0,2026-08-14T08:29:09.000Z,,https://www.ebay.com/itm/168612893863?hash=item27421c94a7:g:AN8AAOSwDeVlclVX,https://i.ebayimg.com/images/g/AN8AAOSwDeVlclVX/s-l225.jpg
残件/按现状,41.0,Sony CCD-TRV81 Video Hi8 8MM Analog Camcorder **For Parts Cassette Door Stuck**,Sony,Camcorders,For parts or not working,64.99,USD,"FIXED_PRICE,BEST_OFFER",20,0,as-is;underpriced(med 165),US,e_zilla_rc,100.0,2026-08-13T04:23:53.000Z,,https://www.ebay.com/itm/168609842725?hash=item2741ee0625:g:iJkAAeSwhP1qfUXt,https://i.ebayimg.com/images/g/iJkAAeSwhP1qfUXt/s-l225.jpg
打包杂件,41.0,Sony Webbie HD MHS-PM1 Orange Digital Camcorder 5MP 4GB Memory Stick Bundle,Sony,Camcorders,Used,69.87,USD,"FIXED_PRICE,BEST_OFFER",9,0,underpriced(med 160),US,darrens-daily-deals,100.0,2026-08-14T00:56:26.000Z,,https://www.ebay.com/itm/287523660946?hash=item42f1bee492:g:XjEAAeSwOjlqfme6,https://i.ebayimg.com/images/g/XjEAAeSwOjlqfme6/s-l225.jpg
残件/按现状,41.0,Sony CCD-TR2000E 10x Zoom Handycam Video Camera Recorder Hi8 PARTS ONLY PLZ READ,Sony,Camcorders,For parts or not working,69.99,USD,FIXED_PRICE,20,0,as-is;underpriced(med 160),US,aavanb57,100.0,2026-08-13T20:31:30.000Z,,https://www.ebay.com/itm/336740927232?hash=item4e6752c700:g:HL4AAeSwIDhqfii7,https://i.ebayimg.com/images/g/HL4AAeSwIDhqfii7/s-l225.jpg
残件/按现状,41.0,Sony CCD-F401 Camcorder - Black,Sony,Camcorders,For parts or not working,69.99,USD,"FIXED_PRICE,BEST_OFFER",4,0,underpriced(med 160),US,macre_2720,100.0,2026-08-13T19:26:23.000Z,,https://www.ebay.com/itm/398282261412?hash=item5cbb7903a4:g:yCMAAeSwIVVqev2T,https://i.ebayimg.com/images/g/yCMAAeSwIVVqev2T/s-l225.jpg
残件/按现状,41.0,Sony Handycam CCD-TRV22 Video8 8mm Camcorder 26x Zoom SteadyShot Bag AS-IS,Sony,Camcorders,For parts or not working,70.0,USD,FIXED_PRICE,7,0,as-is;underpriced(med 160),US,robwm80,100.0,2026-08-13T20:29:44.000Z,,https://www.ebay.com/itm/366603965004?hash=item555b4c924c:g:SqwAAeSwbL1pu-B~,https://i.ebayimg.com/images/g/SqwAAeSwbL1pu-B~/s-l225.jpg
残件/按现状,41.0,"Sony V-3000 Camcorder Viewfinder, Please Read Description!",Sony,Camcorders,For parts or not working,71.99,USD,"FIXED_PRICE,BEST_OFFER",9,0,underpriced(med 160),US,iliquidate360,100.0,2026-08-14T12:04:53.000Z,,https://www.ebay.com/itm/318728853102?hash=item4a35b8566e:g:DZsAAeSwC-FqfwRj,https://i.ebayimg.com/images/g/DZsAAeSwC-FqfwRj/s-l225.jpg
残件/按现状,41.0,PANASONIC Digital Camera DMC-TZ7 Junk Used,Panasonic,Digital Cameras,Used,72.22,USD,FIXED_PRICE,10,0,as-is;underpriced(med 185),JP,hard-off-japan-in-au,99.2,2026-08-13T17:22:54.000Z,,https://www.ebay.com/itm/318724697866?hash=item4a3578ef0a:g:dcsAAeSwWUhqfgoV,https://i.ebayimg.com/images/g/dcsAAeSwWUhqfgoV/s-l225.jpg
残件/按现状,41.0,PANASONIC Digital Camera DMC-ft2 Junk Used,Panasonic,Digital Cameras,Used,72.22,USD,FIXED_PRICE,9,0,as-is;underpriced(med 185),JP,hard-off-japan-in-au,99.2,2026-08-13T17:22:54.000Z,,https://www.ebay.com/itm/318724697869?hash=item4a3578ef0d:g:RxIAAeSwvFVqfgx0,https://i.ebayimg.com/images/g/RxIAAeSwvFVqfgx0/s-l225.jpg
残件/按现状,41.0,PANASONIC DMC-G1 Junk Used,Panasonic,Digital Cameras,Used,72.22,USD,FIXED_PRICE,7,0,as-is;underpriced(med 185),JP,hard-off-japan-in-au,99.2,2026-08-13T17:22:54.000Z,,https://www.ebay.com/itm/318724697878?hash=item4a3578ef16:g:iOgAAeSw3DNqfgj7,https://i.ebayimg.com/images/g/iOgAAeSw3DNqfgj7/s-l225.jpg
残件/按现状,41.0,Nikomat FTN Film Camera Tokina RMC 100-300mm f/5.6 Zoom Lens for Nikon Ai【As-is】,Tokina,Film Cameras,Used,75.0,USD,FIXED_PRICE,18,0,as-is,JP,cozyspace,100.0,2026-08-13T07:06:14.000Z,,https://www.ebay.com/itm/168610115125?hash=item2741f22e35:g:4eEAAeSwHiJqfWrg,https://i.ebayimg.com/images/g/4eEAAeSwHiJqfWrg/s-l225.jpg
型号不明,41.0,Vintage Polaroid Camera,Polaroid,Vintage Cameras,,77.0,USD,"FIXED_PRICE,AUCTION",3,0,auction,US,rydertools,100.0,2026-08-13T23:06:29.000Z,2026-08-23T23:06:29.000Z,https://www.ebay.com/itm/407142673918?hash=item5ecb982dfe:g:QJoAAeSwHzxo5BK4,https://i.ebayimg.com/images/g/QJoAAeSwHzxo5BK4/s-l225.jpg
残件/按现状,41.0,PANASONIC Digicam DMC-LS1 Junk Used,Panasonic,Digital Cameras,Used,77.95,USD,FIXED_PRICE,7,0,as-is;underpriced(med 185),JP,hard-off-japan-in-au,99.2,2026-08-13T17:23:05.000Z,,https://www.ebay.com/itm/318724698490?hash=item4a3578f17a:g:nXoAAeSw~bxqfgpK,https://i.ebayimg.com/images/g/nXoAAeSw~bxqfgpK/s-l225.jpg
残件/按现状,41.0,Sony DSLR-A200 Junk Used,Sony,Digital Cameras,Used,81.76,USD,FIXED_PRICE,7,0,as-is;underpriced(med 250),JP,hard-off-japan-in-au,99.2,2026-08-13T17:22:54.000Z,,https://www.ebay.com/itm/318724697870?hash=item4a3578ef0e:g:puYAAeSweu9qfgpb,https://i.ebayimg.com/images/g/puYAAeSweu9qfgpb/s-l225.jpg
残件/按现状,41.0,SONY Cyber Shot DSC-W610 Blue Digital Camera 4x Zoom 14.1MP READ,Sony,Digital Cameras,For parts or not working,89.99,USD,"FIXED_PRICE,BEST_OFFER",3,0,underpriced(med 250),JP,love-of-japan,99.0,2026-08-13T15:49:22.000Z,,https://www.ebay.com/itm/800502678813?hash=itemba61ad851d:g:~bgAAeSwsnZqfeck,https://i.ebayimg.com/images/g/~bgAAeSwsnZqfeck/s-l225.jpg
残件/按现状,41.0,Sony Digicam DSC-T20 Junk Used,Sony,Digital Cameras,Used,91.31,USD,FIXED_PRICE,9,0,as-is;underpriced(med 250),JP,hard-off-japan-in-au,99.2,2026-08-13T17:22:50.000Z,,https://www.ebay.com/itm/318724697729?hash=item4a3578ee81:g:mZMAAeSwxkhqfgtQ,https://i.ebayimg.com/images/g/mZMAAeSwxkhqfgtQ/s-l225.jpg
残件/按现状,41.0,Sony Digital Camera Dsc-tx5 Junk Used,Sony,Digital Cameras,Used,110.39,USD,FIXED_PRICE,8,0,as-is;underpriced(med 250),JP,hard-off-japan-in-au,99.2,2026-08-13T17:22:50.000Z,,https://www.ebay.com/itm/318724697721?hash=item4a3578ee79:g:TVYAAeSw3lhqfgt9,https://i.ebayimg.com/images/g/TVYAAeSw3lhqfgt9/s-l225.jpg
残件/按现状,41.0,as is SONY Cyber shot DSC HX300 20.4MP Optical 50x Carl Zeiss Image Stabilizatio,Sony,Digital Cameras,Used,110.85,USD,"FIXED_PRICE,BEST_OFFER",9,0,as-is;underpriced(med 250),JP,tanigawa-shokai4,100.0,2026-08-13T13:24:22.000Z,,https://www.ebay.com/itm/178403078289?hash=item2989a6f091:g:XccAAeSwdSZqfdLZ,https://i.ebayimg.com/images/g/XccAAeSwdSZqfdLZ/s-l225.jpg
打包杂件,41.0,Polaroid OneStep Land Camera & Impulse Instant Camera Lot Black/Gray/White​Vinta,Polaroid,Vintage Cameras,,125.0,USD,"FIXED_PRICE,AUCTION",0,0,auction,US,outlawrydersbiz,100.0,2026-08-13T11:32:35.000Z,2026-08-20T11:32:35.000Z,https://www.ebay.com/itm/188786357920?hash=item2bf48b36a0:g:d8AAAeSwnCZqfak2,https://i.ebayimg.com/images/g/d8AAAeSwnCZqfak2/s-l225.jpg
打包杂件,41.0,[Retro] Kodak & Fujifilm Disposable Cameras & Film - Bundle Sale (Long-t,Kodak,Film Cameras,Used,133.55,USD,"FIXED_PRICE,BEST_OFFER",6,0,,JP,banzai-tokyo.labo,98.2,2026-08-14T02:55:47.000Z,,https://www.ebay.com/itm/198569635202?hash=item2e3bac2d82:g:T-YAAeSwjZxqfoTj,https://i.ebayimg.com/images/g/T-YAAeSwjZxqfoTj/s-l225.jpg
型号不明,41.0,G2412 PENTAX Asahi 105 2.8 Pentax,Pentax,Lenses,Used,147.25,USD,"FIXED_PRICE,BEST_OFFER",9,0,,JP,l9531336,100.0,2026-08-13T08:20:37.000Z,,https://www.ebay.com/itm/298584202186?hash=item4585015bca:g:3JMAAeSwS4pqfX-L,https://i.ebayimg.com/images/g/3JMAAeSwS4pqfX-L/s-l225.jpg
打包杂件,41.0,Fujifilm Instax Square SQ6 Instant Film Camera Bundle - Blush Gold Works Great,Fujifilm,Film Cameras,Used,165.0,USD,"FIXED_PRICE,BEST_OFFER",12,0,,US,prinlex,100.0,2026-08-13T05:03:05.000Z,,https://www.ebay.com/itm/257677399851?hash=item3bfec5172b:g:qk4AAeSwk71qeh2I,https://i.ebayimg.com/images/g/qk4AAeSwk71qeh2I/s-l225.jpg
型号不明,41.0,Excellent OLYMPUS M.ZUIKO 40-150 80717,Olympus,Lenses,Used,174.51,USD,"FIXED_PRICE,BEST_OFFER",9,0,mount:olympus om,JP,l9531336,100.0,2026-08-13T08:20:36.000Z,,https://www.ebay.com/itm/298584202035?hash=item4585015b33:g:0swAAeSw2L1qfX9M,https://i.ebayimg.com/images/g/0swAAeSw2L1qfX9M/s-l225.jpg
型号不明,41.0,Nikon Zoom Ai Nikkor 35-70 f/3.5-4.8 Macro,Nikon,Lenses,Used,184.62,USD,"FIXED_PRICE,BEST_OFFER",5,0,mount:nikon f,JP,l9531336,100.0,2026-08-13T08:20:36.000Z,,https://www.ebay.com/itm/298584202029?hash=item4585015b2d:g:pRYAAeSwa4FqfX6Z,https://i.ebayimg.com/images/g/pRYAAeSwa4FqfX6Z/s-l225.jpg
型号不明,41.0,Olympus wide angle single focus lens focal length: 25m micro four thirds Used,Olympus,Lenses,Used,185.07,USD,FIXED_PRICE,1,0,mount:micro 4/3,JP,hard-off-japan-in-au,99.2,2026-08-13T17:22:35.000Z,,https://www.ebay.com/itm/318724697338?hash=item4a3578ecfa:g:IZ4AAeSwiiFqfgiB,https://i.ebayimg.com/images/g/IZ4AAeSwiiFqfgiB/s-l225.jpg
打包杂件,41.0,"Minolta SRT 201 Camera Lot w/ Lenses, Flash, Bag Osawa Seikanon - TESTED & WORKS",Minolta,Film Cameras,Used,190.8,USD,"FIXED_PRICE,BEST_OFFER",23,0,,US,treasures_to-go,100.0,2026-08-13T16:03:34.000Z,,https://www.ebay.com/itm/117357636599?hash=item1b530f6bf7:g:zJgAAeSwZfZqOHRF,https://i.ebayimg.com/images/g/zJgAAeSwZfZqOHRF/s-l225.jpg
型号不明,41.0,"Canon Extender EF 2x II Teleconverter – Clean Optics, Tested, Made in Japan",Canon,Lenses,Used,195.29,USD,"FIXED_PRICE,BEST_OFFER",4,0,mount:canon ef,JP,jamazon77,99.2,2026-08-13T04:39:34.000Z,,https://www.ebay.com/itm/377414207496?hash=item57dfa3c808:g:myAAAeSwjWhqfUod,https://i.ebayimg.com/images/g/myAAAeSwjWhqfUod/s-l225.jpg
残件/按现状,41.0,Nikon FM 35mm SLR Film Camera with 50 mm lens Kit UNTESTED,Nikon,Film Cameras,Used,199.0,USD,"FIXED_PRICE,BEST_OFFER",10,0,as-is,US,caralv.7ldlx,98.3,2026-08-13T20:05:10.000Z,,https://www.ebay.com/itm/128025231239?hash=item1dcee5ff87:g:UgsAAeSwJvdqfiLz,https://i.ebayimg.com/images/g/UgsAAeSwJvdqfiLz/s-l225.jpg
残件/按现状,41.0,"Konica Auto S3 Black With Lens, Flash, and Cases Parts Only Untested Read Descri",Konica,Film Cameras,For parts or not working,199.99,USD,"FIXED_PRICE,BEST_OFFER",23,0,as-is,US,jaclmatt22,98.7,2026-08-14T02:13:02.000Z,,https://www.ebay.com/itm/168612243271?hash=item274212a747:g:ufQAAeSwiX5qfng8,https://i.ebayimg.com/images/g/ufQAAeSwiX5qfng8/s-l225.jpg
型号不明,41.0,Excellent Canon Extender EF 2X 1642,Canon,Lenses,Used,214.29,USD,"FIXED_PRICE,BEST_OFFER",9,0,mount:canon ef,JP,l9531336,100.0,2026-08-13T08:20:33.000Z,,https://www.ebay.com/itm/298584201664?hash=item45850159c0:g:xQ8AAeSwOT5qfX7N,https://i.ebayimg.com/images/g/xQ8AAeSwOT5qfX7N/s-l225.jpg
型号不明,41.0,Canon EXTENDER EF 1.4x II 3970,Canon,Lenses,Used,236.26,USD,"FIXED_PRICE,BEST_OFFER",9,0,mount:canon ef,JP,l9531336,100.0,2026-08-13T08:20:37.000Z,,https://www.ebay.com/itm/298584202213?hash=item4585015be5:g:zWEAAeSwSUhqfX6g,https://i.ebayimg.com/images/g/zWEAAeSwSUhqfX6g/s-l225.jpg
型号不明,41.0,Nikon Nikkor 70-300 4.5-6.3 G ED AF-P DX VR VR Zoom,Nikon,Lenses,Used,249.0,USD,"FIXED_PRICE,BEST_OFFER",3,0,mount:nikon f,JP,ck-camera-shop,100.0,2026-08-13T04:04:28.000Z,,https://www.ebay.com/itm/178401692609?hash=item298991cbc1:g:bAEAAeSwR-FqfUDa,https://i.ebayimg.com/images/g/bAEAAeSwR-FqfUDa/s-l225.jpg
型号不明,41.0,PENTAX Lens SMC PENTAX-DA 16-50MMF2.8ED AL Used,Pentax,Lenses,Used,251.86,USD,FIXED_PRICE,7,0,mount:pentax k,JP,hard-off-japan-in-au,99.2,2026-08-13T17:22:31.000Z,,https://www.ebay.com/itm/318724697221?hash=item4a3578ec85:g:rGwAAeSw7-lqfgnt,https://i.ebayimg.com/images/g/rGwAAeSw7-lqfgnt/s-l225.jpg
打包杂件,41.0,"Ricoh XR7 Film Camera W/ Rikenon 50mm, 150 mm Star-d610038 Lens Converter Bundle",Ricoh,Film Cameras,Used,259.0,USD,"FIXED_PRICE,BEST_OFFER",18,0,,US,cookieand_48,100.0,2026-08-13T15:24:45.000Z,,https://www.ebay.com/itm/800502585213?hash=itemba61ac177d:g:ml4AAeSwseNqfd3v,https://i.ebayimg.com/images/g/ml4AAeSwseNqfd3v/s-l225.jpg
型号不明,41.0,Canon Extender EF 2x III Teleconverter Lens Almost Unused in Box From Japan,Canon,Lenses,Used,289.49,USD,"FIXED_PRICE,BEST_OFFER",9,0,mount:canon ef,JP,hisar-0,100.0,2026-08-13T19:25:54.000Z,,https://www.ebay.com/itm/227474648988?hash=item34f68baf9c:g:aBQAAeSwYlFqXb6b,https://i.ebayimg.com/images/g/aBQAAeSwYlFqXb6b/s-l225.jpg
型号不明,41.0,Nikon AF S Nikkor 18 35 3.5 4.5 g ed 15109,Nikon,Lenses,Used,312.32,USD,FIXED_PRICE,9,0,mount:nikon f,JP,digree_japan,99.7,2026-08-13T16:14:56.000Z,,https://www.ebay.com/itm/307124848760?hash=item4782114878:g:YecAAeSwIvJqfffm,https://i.ebayimg.com/images/g/YecAAeSwIvJqfffm/s-l225.jpg
型号不明,41.0,[ Top MINT ]Canon Extender RF 1.4X Teleconverter for RF Mount w/ Case JAPAN,Canon,Lenses,Used,449.0,USD,"FIXED_PRICE,BEST_OFFER",11,0,mount:canon rf;good-cond,JP,teriyaki_cam_store,100.0,2026-08-13T15:41:57.000Z,,https://www.ebay.com/itm/358922387333?hash=item539170ff85:g:C0sAAeSwkN9qX~b8,https://i.ebayimg.com/images/g/C0sAAeSwkN9qX~b8/s-l225.jpg
型号不明,41.0,FUJIFILM XF60mm F2.4 R Macro for Fujifilm X mount -EXC- 8282,Fujifilm,Lenses,Used,452.12,USD,FIXED_PRICE,2,0,mount:fuji x;good-cond,JP,kitamura_camera,100.0,2026-08-13T15:27:28.000Z,,https://www.ebay.com/itm/358922345690?hash=item5391705cda:g:JFAAAeSwlShqfttm,https://i.ebayimg.com/images/g/JFAAAeSwlShqfttm/s-l225.jpg
型号不明,41.0,FUJIFILM XF23mm F2 R WR BLACK for Fujifilm X mount -EXC- 8882,Fujifilm,Lenses,Used,480.82,USD,FIXED_PRICE,2,0,mount:fuji x;good-cond,JP,kitamura_camera,100.0,2026-08-13T15:27:28.000Z,,https://www.ebay.com/itm/358922345697?hash=item5391705ce1:g:aGcAAeSwa2dqftty,https://i.ebayimg.com/images/g/aGcAAeSwa2dqftty/s-l225.jpg
型号不明,41.0,FUJIFILM XF23mm F2 R WR BLACK for Fujifilm X mount -Mint- 5065,Fujifilm,Lenses,Used,548.39,USD,FIXED_PRICE,2,0,mount:fuji x;good-cond,JP,kitamura_camera,100.0,2026-08-13T15:27:28.000Z,,https://www.ebay.com/itm/358922345684?hash=item5391705cd4:g:WEQAAeSwRT9qftvX,https://i.ebayimg.com/images/g/WEQAAeSwRT9qftvX/s-l225.jpg
打包杂件,41.0,Graflex Crown Graphic 4x5 Camera Optar 135mm f/4.7 Graflite 2773 Case Lot,Graflex,Vintage Cameras,,599.99,USD,"FIXED_PRICE,BEST_OFFER",23,0,,US,mooker5000,98.4,2026-08-13T15:45:14.000Z,,https://www.ebay.com/itm/278276542322?hash=item40ca930f72:g:K1YAAeSwA9FqfeXZ,https://i.ebayimg.com/images/g/K1YAAeSwA9FqfeXZ/s-l225.jpg
打包杂件,41.0,"Mamiya C220 Professional Medium Format Twin Lens Reflex Film, Camera Bundle",Mamiya,Film Cameras,Used,650.0,USD,"FIXED_PRICE,BEST_OFFER",23,0,,US,treasurehunter1,99.8,2026-08-13T22:26:51.000Z,,https://www.ebay.com/itm/287523458940?hash=item42f1bbcf7c:g:bAkAAeSwGbJqfkPo,https://i.ebayimg.com/images/g/bAkAAeSwGbJqfkPo/s-l225.jpg
型号不明,41.0,CANON EF-M32mm F1.4 STM for Canon EF-M mount -Mint- 2366,Canon,Lenses,Used,690.03,USD,FIXED_PRICE,2,0,mount:leica m;good-cond,JP,kitamura_camera,100.0,2026-08-13T11:07:28.000Z,,https://www.ebay.com/itm/358921394833?hash=item539161da91:g:SYIAAeSwJtNqftvU,https://i.ebayimg.com/images/g/SYIAAeSwJtNqftvU/s-l225.jpg
型号不明,41.0,CANON EF100mm F2.8L Macro IS USM for Canon EF mount -EXC- 6536,Canon,Lenses,Used,702.98,USD,FIXED_PRICE,2,0,mount:canon ef;good-cond,JP,kitamura_camera,100.0,2026-08-13T15:27:28.000Z,,https://www.ebay.com/itm/358922345671?hash=item5391705cc7:g:zhYAAeSw3T9qftxU,https://i.ebayimg.com/images/g/zhYAAeSw3T9qftxU/s-l225.jpg
型号不明,41.0,[Exc+5] Nikon Nippon Kougaku W Nikkor 3.5cm f1.8 S Mount Lens From JAPAN,Nikon,Lenses,Used,719.99,USD,FIXED_PRICE,7,0,mount:nikon f;good-cond,JP,japan-trade810,98.9,2026-08-13T11:05:44.000Z,,https://www.ebay.com/itm/117357146223?hash=item1b5307f06f:g:Ez0AAeSw4vtqfacn,https://i.ebayimg.com/images/g/Ez0AAeSw4vtqfacn/s-l225.jpg
型号不明,41.0,FUJIFILM XF35mm F1.4 R for Fujifilm X mount from Japan -EXC- 0121,Fujifilm,Lenses,Used,731.68,USD,FIXED_PRICE,2,0,mount:fuji x;good-cond,JP,kitamura_camera,100.0,2026-08-13T15:27:28.000Z,,https://www.ebay.com/itm/358922345628?hash=item5391705c9c:g:5pkAAeSwsqlqftwc,https://i.ebayimg.com/images/g/5pkAAeSwsqlqftwc/s-l225.jpg
型号不明,41.0,FUJIFILM XF35mm F1.4 R for Fujifilm X mount from Japan -Near Mint- 9712,Fujifilm,Lenses,Used,732.61,USD,FIXED_PRICE,2,0,mount:fuji x;good-cond,JP,kitamura_camera,100.0,2026-08-13T07:17:35.000Z,,https://www.ebay.com/itm/358920773818?hash=item53915860ba:g:GygAAeSwxkhqftvZ,https://i.ebayimg.com/images/g/GygAAeSwxkhqftvZ/s-l225.jpg
型号不明,41.0,FUJIFILM XF23mm F1.4 R LM WR for Fujifilm X mount -Near Mint- 3324,Fujifilm,Lenses,Used,860.35,USD,FIXED_PRICE,2,0,mount:fuji x;good-cond,JP,kitamura_camera,100.0,2026-08-13T15:38:08.000Z,,https://www.ebay.com/itm/358922382423?hash=item539170ec57:g:XAsAAeSwNz9qftum,https://i.ebayimg.com/images/g/XAsAAeSwNz9qftum/s-l225.jpg
型号不明,41.0,Nikon F,Nikon,Film Cameras,Used,894.24,USD,"FIXED_PRICE,BEST_OFFER",6,0,mount:nikon f,JP,manmaru42,100.0,2026-08-13T13:36:16.000Z,,https://www.ebay.com/itm/398281319077?hash=item5cbb6aa2a5:g:4KAAAeSwJtNqfdLB,https://i.ebayimg.com/images/g/4KAAAeSwJtNqfdLB/s-l225.jpg
型号不明,41.0,FUJIFILM XF33mm F1.4 R LM WR for Fujifilm X mount -Near Mint- 3317,Fujifilm,Lenses,Used,925.15,USD,FIXED_PRICE,2,0,mount:fuji x;good-cond,JP,kitamura_camera,100.0,2026-08-13T15:27:28.000Z,,https://www.ebay.com/itm/358922345702?hash=item5391705ce6:g:4IAAAeSwDO5qftxQ,https://i.ebayimg.com/images/g/4IAAAeSwDO5qftxQ/s-l225.jpg
型号不明,41.0,Leica Summarit 5cm 1.5 Early L39 from Japan,Leica,Lenses,Used,1090.46,USD,FIXED_PRICE,7,0,mount:ltm/l39,JP,ginzaluxuryfinds,100.0,2026-08-13T11:16:10.000Z,,https://www.ebay.com/itm/366603032601?hash=item555b3e5819:g:pDIAAeSw6qlqfahz,https://i.ebayimg.com/images/g/pDIAAeSw6qlqfahz/s-l225.jpg
型号不明,41.0,CANON RF100mm F2.8 L Macro IS USM for Canon RF mount -Mint- 1992,Canon,Lenses,Used,1633.31,USD,FIXED_PRICE,2,0,mount:canon rf;good-cond,JP,kitamura_camera,100.0,2026-08-13T09:47:18.000Z,,https://www.ebay.com/itm/358921175718?hash=item53915e82a6:g:2a8AAeSwk3lqftxX,https://i.ebayimg.com/images/g/2a8AAeSwk3lqftxX/s-l225.jpg
残件/按现状,40.0,Kodak Disc 3100 Camera Gold and Black Vintage 1980's Untested,Kodak,Vintage Cameras,,25.49,USD,"FIXED_PRICE,BEST_OFFER",6,0,as-is,CA,partbox,98.3,2026-08-13T11:44:21.000Z,,https://www.ebay.com/itm/366603072537?hash=item555b3ef419:g:wiQAAeSwuPFqLWwL,https://i.ebayimg.com/images/g/wiQAAeSwuPFqLWwL/s-l225.jpg
残件/按现状,40.0,Vintage Vivitar Kids Critter Camera Tiger 90s 35mm As Is/Untested,Vivitar,Vintage Cameras,,28.71,USD,"FIXED_PRICE,BEST_OFFER",4,0,as-is,CA,samh-3425,100.0,2026-08-14T02:45:44.000Z,,https://www.ebay.com/itm/137618971248?hash=item200abada70:g:EKwAAeSwhrBqfoEL,https://i.ebayimg.com/images/g/EKwAAeSwhrBqfoEL/s-l225.jpg
残件/按现状,40.0,PETRI FT EE Full Auto Black 35mm SLR Camera w/ PETRI CC 55mm f1.8 Lens UNTESTED,Petri,Vintage Cameras,,69.99,USD,FIXED_PRICE,6,0,55mm;as-is,US,valeriysvalues,99.5,2026-08-14T03:42:27.000Z,,https://www.ebay.com/itm/128025776024?hash=item1dceee4f98:g:YOIAAOSwoARnQj4c,https://i.ebayimg.com/images/g/YOIAAOSwoARnQj4c/s-l225.jpg
残件/按现状,40.0,Vintage Lens MINOLTA MC ROKKOR-PG 58mm 1:1.2,Minolta,Lenses,For parts or not working,199.0,USD,"FIXED_PRICE,BEST_OFFER",9,0,mount:minolta md;58mm,US,mr.belletti,100.0,2026-08-13T05:48:44.000Z,,https://www.ebay.com/itm/227473769267?hash=item34f67e4333:g:D9oAAeSwZy5qfVpA,https://i.ebayimg.com/images/g/D9oAAeSwZy5qfVpA/s-l225.jpg
残件/按现状;型号不明,39.0,TOKINA Wide Angle Zoom Lens SD 12-24 F4 IF DX II Junk Used,Tokina,Lenses,Used,89.66,USD,FIXED_PRICE,1,0,as-is,JP,hard-off-japan-in-au,99.2,2026-08-13T17:22:18.000Z,,https://www.ebay.com/itm/318724696913?hash=item4a3578eb51:g:83AAAeSwVjtqfgj0,https://i.ebayimg.com/images/g/83AAAeSwVjtqfgj0/s-l225.jpg
残件/按现状,39.0,TAMRON PENTAX MF 500MM 1:8 Junk Used,Tamron,Lenses,Used,108.74,USD,FIXED_PRICE,1,0,as-is,JP,hard-off-japan-in-au,99.2,2026-08-13T17:22:39.000Z,,https://www.ebay.com/itm/318724697466?hash=item4a3578ed7a:g:jx4AAeSwMeVqfglG,https://i.ebayimg.com/images/g/jx4AAeSwMeVqfglG/s-l225.jpg
型号不明,39.0,TAMRON NIKON Mount 28-300 F3.5-6.3 Ld 185d Used,Tamron,Lenses,Used,108.74,USD,FIXED_PRICE,7,0,,JP,hard-off-japan-in-au,99.2,2026-08-13T17:22:31.000Z,,https://www.ebay.com/itm/318724697233?hash=item4a3578ec91:g:FsAAAeSws4lqfgiL,https://i.ebayimg.com/images/g/FsAAAeSws4lqfgiL/s-l225.jpg
打包杂件,39.0,Fujifilm Instax Mini 41 Fuji Instant Film Camera Bundle Toffee Color NEW SEALED,Fujifilm,Film Cameras,New,125.0,USD,"FIXED_PRICE,BEST_OFFER",4,0,low-feedback,US,thatmotodude,95.8,2026-08-13T21:29:01.000Z,,https://www.ebay.com/itm/398282579675?hash=item5cbb7ddedb:g:WRIAAeSwMyRqfjbZ,https://i.ebayimg.com/images/g/WRIAAeSwMyRqfjbZ/s-l225.jpg
打包杂件,39.0,"Canon VIXIA HF R700 HD Camcorder Bundle - Mint Condition, Never Used (NWOB)",Canon,Camcorders,Open box,130.0,USD,"FIXED_PRICE,BEST_OFFER",6,0,good-cond,US,honeyxharvest,100.0,2026-08-14T05:43:38.000Z,,https://www.ebay.com/itm/128025875596?hash=item1dceefd48c:g:xrIAAeSw5UJqfquF,https://i.ebayimg.com/images/g/xrIAAeSw5UJqfquF/s-l225.jpg
残件/按现状;打包杂件,38.0,Minolta 7000 35mm SLR Camera AF Zoom Lens Flash & Case Bundle (Untested),Minolta,Film Cameras,Used,0.0,USD,"AUCTION,BEST_OFFER",6,0,as-is;auction,CA,gees_collectibles,100.0,2026-08-14T12:52:44.000Z,2026-08-21T12:52:44.000Z,https://www.ebay.com/itm/178406247422?hash=item2989d74bfe:g:fvAAAeSwQGhqfw92,https://i.ebayimg.com/images/g/fvAAAeSwQGhqfw92/s-l225.jpg
残件/按现状,38.0,Canon Auto Zoom 814 Electronic Super 8 8mm Film Movie Camera - NOT WORKING.,Canon,Vintage Cameras,,0.0,USD,AUCTION,7,0,as-is;auction,CA,stimaca,100.0,2026-08-13T22:13:44.000Z,2026-08-20T22:13:44.000Z,https://www.ebay.com/itm/188788627161?hash=item2bf4add6d9:g:5twAAeSwrsFqa8sX,https://i.ebayimg.com/images/g/5twAAeSwrsFqa8sX/s-l225.jpg
残件/按现状,38.0,Faulty Sony HDR-HC3 Mini DV Camcorder -LCD SCREEN FAULTY,Sony,Camcorders,For parts or not working,61.97,USD,FIXED_PRICE,5,0,underpriced(med 160),GB,rhl-shop,99.8,2026-08-13T17:13:18.000Z,,https://www.ebay.com/itm/257678399090?hash=item3bfed45672:g:evIAAeSws3NqffEQ,https://i.ebayimg.com/images/g/evIAAeSws3NqffEQ/s-l225.jpg
残件/按现状,38.0,Sony Handycam HDR-PJ620 9.2MP Handheld HD Projector Camcorder - NO POWER FAULTY,Sony,Camcorders,For parts or not working,69.22,USD,"FIXED_PRICE,BEST_OFFER",7,0,underpriced(med 160),GB,tar-1653,100.0,2026-08-13T17:24:26.000Z,,https://www.ebay.com/itm/366603704037?hash=item555b4896e5:g:v2AAAeSw-zVqff3D,https://i.ebayimg.com/images/g/v2AAAeSw-zVqff3D/s-l225.jpg
残件/按现状,38.0,Sony Handycam DCR-DVD201E Camcorder 8cm Digital Disc Video Camera (Not Working),Sony,Camcorders,For parts or not working,70.51,USD,"FIXED_PRICE,BEST_OFFER",12,0,as-is;underpriced(med 160),AU,larnatic.77,100.0,2026-08-14T00:29:06.000Z,,https://www.ebay.com/itm/287523632676?hash=item42f1be7624:g:I~MAAeSw-ltn4NYA,https://i.ebayimg.com/images/g/I~MAAeSw-ltn4NYA/s-l225.jpg
打包杂件,38.0,Large Lot Of Vintage New Old Stock Video/Camera Lenses & Acc Canon Lenmar & More,Canon,Lenses,Open box,95.0,USD,"FIXED_PRICE,AUCTION",23,0,neg;underpriced(med 297);auction,US,midwestnaturalliving,100.0,2026-08-13T16:08:40.000Z,2026-08-20T16:08:40.000Z,https://www.ebay.com/itm/158184579536?hash=item24d48921d0:g:n3YAAeSwYrtqWPvR,https://i.ebayimg.com/images/g/n3YAAeSwYrtqWPvR/s-l225.jpg
打包杂件,38.0,Fujifilm instax mini 11 & 12 Instant Camera Lot,Fujifilm,Film Cameras,New,323.02,USD,"FIXED_PRICE,BEST_OFFER",21,0,,CA,malachii,0.0,2026-08-13T21:19:46.000Z,,https://www.ebay.com/itm/137618173927?hash=item200aaeafe7:g:pF0AAeSwXyBqfjQN,https://i.ebayimg.com/images/g/pF0AAeSwXyBqfjQN/s-l225.jpg
型号不明,37.0,Canon 4113C002 Extender RF 1.4x Teleconverter,Canon,Lenses,Used,0.0,USD,AUCTION,8,0,mount:canon rf;auction,US,15gkm,100.0,2026-08-13T20:00:29.000Z,2026-08-20T20:00:29.000Z,https://www.ebay.com/itm/257678664786?hash=item3bfed86452:g:gicAAeSwSG9qfiBD,https://i.ebayimg.com/images/g/gicAAeSwSG9qfiBD/s-l225.jpg
型号不明,37.0,Canon Extenter EF 2X Japan,Canon,Lenses,Used,0.0,USD,AUCTION,5,0,mount:canon ef;auction,US,dealsfoundhere3,99.5,2026-08-13T17:14:57.000Z,2026-08-20T17:14:57.000Z,https://www.ebay.com/itm/137617538666?hash=item200aa4fe6a:g:B78AAeSwARVqa2HC,https://i.ebayimg.com/images/g/B78AAeSwARVqa2HC/s-l225.jpg
残件/按现状,37.0,2-Nikon AF Nikkor 50mm 1:1.4 Lenses Parts/Repair,Nikon,Lenses,For parts or not working,0.0,USD,AUCTION,9,0,mount:nikon f;auction,US,gilco4020,99.9,2026-08-13T17:01:27.000Z,2026-08-18T17:01:27.000Z,https://www.ebay.com/itm/800502930461?hash=itemba61b15c1d:g:qRoAAeSwEx9qffd9,https://i.ebayimg.com/images/g/qRoAAeSwEx9qffd9/s-l225.jpg
残件/按现状,37.0,Canon FD 50mm f/1.8 S.C. Lens w/ Hood Filter Cap BW-55-A Ring Japan Untested (J),Canon,Lenses,Used,0.0,USD,"AUCTION,BEST_OFFER",9,0,mount:canon fd;as-is;auction,US,booksfromca,99.7,2026-08-13T14:09:44.000Z,2026-08-20T14:09:44.000Z,https://www.ebay.com/itm/147502296457?hash=item2257d26d89:g:8SsAAeSwtWFqVnNW,https://i.ebayimg.com/images/g/8SsAAeSwtWFqVnNW/s-l225.jpg
残件/按现状,37.0,Canon FD 100-200mm f/5.6 Manual Focus Zoom Lens Japan Untested (J),Canon,Lenses,Used,0.0,USD,"AUCTION,BEST_OFFER",6,0,mount:canon fd;as-is;auction,US,booksfromca,99.7,2026-08-13T14:09:44.000Z,2026-08-20T14:09:44.000Z,https://www.ebay.com/itm/147502296513?hash=item2257d26dc1:g:jPEAAeSwYwRqVl03,https://i.ebayimg.com/images/g/jPEAAeSwYwRqVl03/s-l225.jpg
残件/按现状,37.0,SMC Pentax-M 135mm f/3.5 K Mount Manual Focus Lens w/ Case Untested (J),Pentax,Lenses,Used,0.0,USD,"AUCTION,BEST_OFFER",5,0,mount:pentax k;as-is;auction,US,booksfromca,99.7,2026-08-13T14:09:44.000Z,2026-08-20T14:09:44.000Z,https://www.ebay.com/itm/198568308168?hash=item2e3b97edc8:g:S-QAAeSwfwRqVRGO,https://i.ebayimg.com/images/g/S-QAAeSwfwRqVRGO/s-l225.jpg
残件/按现状,37.0,SMC Pentax-M 200mm f/4 Telephoto Lens K Mount w/ Tiffen Filter Untested (J),Pentax,Lenses,Used,0.0,USD,"AUCTION,BEST_OFFER",10,0,mount:pentax k;as-is;auction,US,booksfromca,99.7,2026-08-13T14:09:44.000Z,2026-08-20T14:09:44.000Z,https://www.ebay.com/itm/147502296479?hash=item2257d26d9f:g:-q4AAeSwLuxqVQSr,https://i.ebayimg.com/images/g/-q4AAeSwLuxqVQSr/s-l225.jpg
残件/按现状,37.0,SMC Pentax-M Macro 50mm f/4 K Mount Manual Focus Lens w/ Box Japan Untested (J),Pentax,Lenses,Used,0.0,USD,"AUCTION,BEST_OFFER",11,0,mount:pentax k;as-is;auction,US,booksfromca,99.7,2026-08-13T14:09:44.000Z,2026-08-20T14:09:44.000Z,https://www.ebay.com/itm/147502296522?hash=item2257d26dca:g:2dcAAeSwFolqTAW-,https://i.ebayimg.com/images/g/2dcAAeSwFolqTAW-/s-l225.jpg
打包杂件,37.0,Lot Vintage Vivitar Tec 155 Polaroid Colorpack II Cameras Pentax AF160 + Extras,Vivitar,Film Cameras,Used,65.0,USD,"FIXED_PRICE,BEST_OFFER",23,0,,US,investo-45,100.0,2026-08-14T00:16:12.000Z,,https://www.ebay.com/itm/237004472193?hash=item372e913f81:g:jGwAAeSwI3ZqBSaI,https://i.ebayimg.com/images/g/jGwAAeSwI3ZqBSaI/s-l225.jpg
残件/按现状,37.0,Vintage Barbie Pink Polaroid One Step 600 Instant Camera With Strap UNTESTED,Polaroid,Vintage Cameras,,65.56,USD,"FIXED_PRICE,BEST_OFFER",5,0,as-is,US,leslieb77,100.0,2026-08-13T17:54:39.000Z,,https://www.ebay.com/itm/307124971924?hash=item4782132994:g:wmQAAeSwVjtqfgS~,https://i.ebayimg.com/images/g/wmQAAeSwVjtqfgS~/s-l225.jpg
残件/按现状;打包杂件,37.0,HOLGA 120 SF Medium format SLR Film Camera With Lens & Flash UNTESTED | LOT OF 2,Holga,Film Cameras,For parts or not working,65.99,USD,"FIXED_PRICE,BEST_OFFER",17,0,as-is,US,tle.72,99.8,2026-08-14T02:43:42.000Z,,https://www.ebay.com/itm/128025709611?hash=item1dceed4c2b:g:PYcAAeSwFN5qfoAS,https://i.ebayimg.com/images/g/PYcAAeSwFN5qfoAS/s-l225.jpg
打包杂件,37.0,Panasonic Lumix DMC-ZS6 12.1MP 12X Optical Zoom Digital Camera Bundle Lot TESTED,Panasonic,Digital Cameras,Used,78.95,USD,"FIXED_PRICE,BEST_OFFER",8,0,underpriced(med 185),US,mcg244,99.8,2026-08-13T16:00:38.000Z,,https://www.ebay.com/itm/366603571591?hash=item555b469187:g:zzEAAeSwk71qfekq,https://i.ebayimg.com/images/g/zzEAAeSwk71qfekq/s-l225.jpg
残件/按现状,37.0,Vintage Kodak Retina III 35mm Rangefinder Film Camera Case Flash Untested,Kodak,Film Cameras,For parts or not working,79.99,USD,"FIXED_PRICE,BEST_OFFER",15,0,as-is,US,ks_-50,99.9,2026-08-13T22:59:06.000Z,,https://www.ebay.com/itm/307125288036?hash=item478217fc64:g:bZAAAeSwSUhqfkSv,https://i.ebayimg.com/images/g/bZAAAeSwSUhqfkSv/s-l225.jpg
打包杂件,37.0,"Vintage Kodak Camera Lot Brownie Hawkeye Flash + Fiesta + Flash, Bulbs, Case",Kodak,Vintage Cameras,,79.99,USD,"FIXED_PRICE,BEST_OFFER",5,0,,US,cvanamber2012,100.0,2026-08-13T18:57:31.000Z,,https://www.ebay.com/itm/287523192325?hash=item42f1b7be05:g:4z0AAeSw39JpHPvG,https://i.ebayimg.com/images/g/4z0AAeSw39JpHPvG/s-l225.jpg
打包杂件,37.0,Kodak Fun Saver Single-Use Camera Bundle,Kodak,Film Cameras,New,84.74,USD,FIXED_PRICE,5,0,,US,paklabs61,98.3,2026-08-13T20:57:51.000Z,,https://www.ebay.com/itm/800503728089?hash=itemba61bd87d9:g:3zYAAeSwHdJqfi6d,https://i.ebayimg.com/images/g/3zYAAeSwHdJqfi6d/s-l225.jpg
打包杂件,37.0,Sony Cyber-shot DSC-H10 8.1MP Digital Camera Black 10x Optical Zoom Bundle Case,Sony,Digital Cameras,Used,89.99,USD,"FIXED_PRICE,BEST_OFFER",15,0,underpriced(med 250),US,calande20,99.8,2026-08-13T11:30:32.000Z,,https://www.ebay.com/itm/178402821782?hash=item2989a30696:g:tlUAAeSwFkJqfarV,https://i.ebayimg.com/images/g/tlUAAeSwFkJqfarV/s-l225.jpg
残件/按现状,37.0,Sony Camcorder NEX-VG10 Junk Used,Sony,Camcorders,Used,92.96,USD,FIXED_PRICE,10,0,mount:sony e;as-is,JP,hard-off-japan-in-au,99.2,2026-08-13T17:25:36.000Z,,https://www.ebay.com/itm/318724705554?hash=item4a35790d12:g:v1oAAeSwTrRqfgwp,https://i.ebayimg.com/images/g/v1oAAeSwTrRqfgwp/s-l225.jpg
残件/按现状,37.0,Polaroid 600 Taz Instant Camera Looney Tunes Collect Tasmanian Devil - UNTESTED,Polaroid,Vintage Cameras,,99.99,USD,"FIXED_PRICE,BEST_OFFER",5,0,as-is,US,jringo2000,100.0,2026-08-13T12:22:21.000Z,,https://www.ebay.com/itm/307124434032?hash=item47820af470:g:86EAAeSwFW1qfa~h,https://i.ebayimg.com/images/g/86EAAeSwFW1qfa~h/s-l225.jpg
残件/按现状,37.0,Polaroid SX-70 Folding Land Camera with Brown Accents & Leather Case *FOR PARTS*,Polaroid,Vintage Cameras,,100.0,USD,"FIXED_PRICE,BEST_OFFER",3,0,as-is,US,jigill_48,0.0,2026-08-13T21:25:32.000Z,,https://www.ebay.com/itm/318725644195?hash=item4a35875fa3:g:NWcAAeSwwhdqfjYW,https://i.ebayimg.com/images/g/NWcAAeSwwhdqfjYW/s-l225.jpg
残件/按现状,37.0,Olympus Digicam Sh-60 Junk Used,Olympus,Digital Cameras,Used,110.39,USD,FIXED_PRICE,6,0,as-is,JP,hard-off-japan-in-au,99.2,2026-08-13T17:22:50.000Z,,https://www.ebay.com/itm/318724697732?hash=item4a3578ee84:g:fZUAAeSwFplqfgmE,https://i.ebayimg.com/images/g/fZUAAeSwFplqfgmE/s-l225.jpg
型号不明,37.0,Super Excellent condition SP 820UZ Black Digital Camera OLYMPUS Digital Camera B,Olympus,Digital Cameras,Used,112.79,USD,"FIXED_PRICE,BEST_OFFER",2,0,,JP,tanigawa-shokai4,100.0,2026-08-13T13:24:25.000Z,,https://www.ebay.com/itm/178403078393?hash=item2989a6f0f9:g:61QAAeSw3xtqfdUR,https://i.ebayimg.com/images/g/61QAAeSw3xtqfdUR/s-l225.jpg
打包杂件,37.0,Kodak Ultramax & Gold 35mm Film Bundle - 6 Rolls with Microfiber Clean Cloth,Kodak,Film Cameras,New,114.99,USD,FIXED_PRICE,8,0,,US,teresashop-20,98.9,2026-08-13T18:20:48.000Z,,https://www.ebay.com/itm/287523136063?hash=item42f1b6e23f:g:mtAAAeSwWxpqBctx,https://i.ebayimg.com/images/g/mtAAAeSwWxpqBctx/s-l225.jpg
残件/按现状,37.0,For repair purposes Liquid crystal corners OLYMPUS OLYMPUS PEN E PL1S Mirrorless,Olympus,Digital Cameras,Used,116.48,USD,"FIXED_PRICE,BEST_OFFER",8,0,as-is,JP,tanigawa-shokai4,100.0,2026-08-13T13:24:23.000Z,,https://www.ebay.com/itm/178403078337?hash=item2989a6f0c1:g:VtAAAeSwhKZqfdLE,https://i.ebayimg.com/images/g/VtAAAeSwhKZqfdLE/s-l225.jpg
型号不明,37.0,Excellent condition FinePix HS10 Black FUJIFILM Digital camera Digital camera bo,Fujifilm,Digital Cameras,Used,116.68,USD,"FIXED_PRICE,BEST_OFFER",2,0,,JP,tanigawa-shokai4,100.0,2026-08-13T13:24:25.000Z,,https://www.ebay.com/itm/178403078386?hash=item2989a6f0f2:g:0Y0AAeSwB7tqfdAF,https://i.ebayimg.com/images/g/0Y0AAeSwB7tqfdAF/s-l225.jpg
残件/按现状;型号不明,37.0,186000 as is PENTAX Digital Camera K r From Japan,Pentax,Digital Cameras,Used,116.68,USD,"FIXED_PRICE,BEST_OFFER",9,0,as-is,JP,tanigawa-shokai4,100.0,2026-08-13T13:24:21.000Z,,https://www.ebay.com/itm/178403078229?hash=item2989a6f055:g:61YAAeSwSJFqfdK5,https://i.ebayimg.com/images/g/61YAAeSwSJFqfdK5/s-l225.jpg
残件/按现状,37.0,Nikon COOLPIX S8200 Red Digital Camera For Parts / Not Working from Japan,Nikon,Digital Cameras,For parts or not working,120.0,USD,"FIXED_PRICE,BEST_OFFER",8,0,as-is,JP,sherryrobin,100.0,2026-08-13T04:44:47.000Z,,https://www.ebay.com/itm/227473724176?hash=item34f67d9310:g:iLMAAeSwyudqfUav,https://i.ebayimg.com/images/g/iLMAAeSwyudqfUav/s-l225.jpg
打包杂件,37.0,Vintage 1950s Kodak Retina Ia (1a) 35mm Camera Case Flash LOT Owner's Manual,Kodak,Vintage Cameras,,125.0,USD,"FIXED_PRICE,BEST_OFFER",11,0,,US,closetspaceresale,99.8,2026-08-13T14:45:10.000Z,,https://www.ebay.com/itm/158184351797?hash=item24d485a835:g:Iy8AAeSw2RBqfdU0,https://i.ebayimg.com/images/g/Iy8AAeSw2RBqfdU0/s-l225.jpg
残件/按现状,37.0,Fujifilm Digital Camera Finepix F600EXR Junk Used,Fujifilm,Digital Cameras,Used,129.47,USD,FIXED_PRICE,8,0,as-is,JP,hard-off-japan-in-au,99.2,2026-08-13T17:23:05.000Z,,https://www.ebay.com/itm/318724698491?hash=item4a3578f17b:g:mOUAAeSw5Tlqfgpb,https://i.ebayimg.com/images/g/mOUAAeSw5Tlqfgpb/s-l225.jpg
残件/按现状,37.0,Petri Classic IV / Classic 35 35mm Film Camera –Fujita 45mm f/3.5 Lens –Untested,Petri,Vintage Cameras,,129.99,USD,"FIXED_PRICE,BEST_OFFER",10,0,as-is,US,inf3rn90,100.0,2026-08-13T21:56:08.000Z,,https://www.ebay.com/itm/188788572232?hash=item2bf4ad0048:g:vMQAAeSwy0VqfjgM,https://i.ebayimg.com/images/g/vMQAAeSwy0VqfjgM/s-l225.jpg
残件/按现状,37.0,"Kodak Retina Reflex S, III, IV CAMERA AND LENS. UNTESTED PARTS REPAIR",Kodak,Film Cameras,Used,129.99,USD,FIXED_PRICE,17,0,as-is,US,0711seamcd,97.3,2026-08-13T17:57:19.000Z,,https://www.ebay.com/itm/117357789479?hash=item1b5311c127:g:3owAAeSwmkxqb0Be,https://i.ebayimg.com/images/g/3owAAeSwmkxqb0Be/s-l225.jpg
残件/按现状,37.0,M072 [AS-IS UNTESTED] Nikon D5100 SLR Camera AF-S 55-200mm VR Lens Set,Nikon,Digital Cameras,Used,130.0,USD,"FIXED_PRICE,BEST_OFFER",17,0,as-is,JP,glanzworks,100.0,2026-08-13T07:53:05.000Z,,https://www.ebay.com/itm/318722563587?hash=item4a35585e03:g:G0wAAeSwIvJqfXXy,https://i.ebayimg.com/images/g/G0wAAeSwIvJqfXXy/s-l225.jpg
残件/按现状,37.0,"1890s FOLDING POCKET KODAK ORIGINAL MODEL 2 1/4"" X 3 1/4"" SHUTTER DOES NOT WORK",Kodak,Vintage Cameras,,139.0,USD,FIXED_PRICE,15,0,,US,thephotosource,99.9,2026-08-13T17:23:54.000Z,,https://www.ebay.com/itm/336740681079?hash=item4e674f0577:g:qtUAAeSwIVVqffWa,https://i.ebayimg.com/images/g/qtUAAeSwIVVqffWa/s-l225.jpg
残件/按现状,37.0,Vintage Polaroid Land Camera Model 95 Untested Amazing Old Camera!,Polaroid,Vintage Cameras,,139.96,USD,"FIXED_PRICE,BEST_OFFER",13,0,as-is,US,sweetprice110,100.0,2026-08-14T04:18:00.000Z,,https://www.ebay.com/itm/206489664267?hash=item3013be3b0b:g:IB4AAeSww5NqfpYi,https://i.ebayimg.com/images/g/IB4AAeSww5NqfpYi/s-l225.jpg
型号不明,37.0,Freewell 2-in-1 Wide Angle/Macro Lens for Fuji X100VI/X100V - New in Box,Fuji,Lenses,New,140.0,USD,"FIXED_PRICE,BEST_OFFER",6,0,,US,ferafabrica,100.0,2026-08-13T13:50:40.000Z,,https://www.ebay.com/itm/287522674206?hash=item42f1afd61e:g:AFkAAeSwdSZqfclo,https://i.ebayimg.com/images/g/AFkAAeSwdSZqfclo/s-l225.jpg
残件/按现状,37.0,Vintage Big Shot Polaroid Land Camera Andy Warhol - UNTESTED AS IS,Polaroid,Vintage Cameras,,149.99,USD,"FIXED_PRICE,BEST_OFFER",18,0,as-is,US,jenn929991,100.0,2026-08-13T09:59:52.000Z,,https://www.ebay.com/itm/188786010289?hash=item2bf485e8b1:g:yq8AAeSwOT5qe0ho,https://i.ebayimg.com/images/g/yq8AAeSwOT5qe0ho/s-l225.jpg
残件/按现状,37.0,Nikon Nikkor AF-S 17-35mm F2.8 D ED IF Zoom 17-35/2.8 Lens Japan US Seller Read!,Nikon,Lenses,For parts or not working,177.38,USD,"FIXED_PRICE,BEST_OFFER",21,0,mount:nikon f,US,well-cam,100.0,2026-08-13T08:33:00.000Z,,https://www.ebay.com/itm/318722104293?hash=item4a35515be5:g:9dcAAeSwd8VqfUOP,https://i.ebayimg.com/images/g/9dcAAeSwd8VqfUOP/s-l225.jpg
残件/按现状,37.0,Canon 50mm f1.2 Japan Standard bright m39 Lens Leica mount Ltm 50/1.2 Read Haze,Canon,Lenses,For parts or not working,230.0,USD,"FIXED_PRICE,BEST_OFFER",23,0,mount:ltm/l39;as-is,US,well-cam,100.0,2026-08-13T13:06:00.000Z,,https://www.ebay.com/itm/358921873240?hash=item5391692758:g:Gt8AAeSwPd5qfcC7,https://i.ebayimg.com/images/g/Gt8AAeSwPd5qfcC7/s-l225.jpg
残件/按现状,37.0,Nikon Tick Marks 5cm f2 Nikkor-S Non AI Nippon Kogaku Lens 50mm Pat. Pend AS IS,Nikon,Lenses,For parts or not working,297.37,USD,"FIXED_PRICE,BEST_OFFER",23,0,mount:nikon f;as-is,US,well-cam,100.0,2026-08-13T12:35:00.000Z,,https://www.ebay.com/itm/358920495436?hash=item539154214c:g:W3oAAeSwMk1qfVIR,https://i.ebayimg.com/images/g/W3oAAeSwMk1qfVIR/s-l225.jpg
残件/按现状,37.0,Nikon Nikkor Af-S ED SWM 300mm f2.8 D II IF AI-S Telephoto Lens 300/2.8 PARTS,Nikon,Lenses,For parts or not working,365.19,USD,"FIXED_PRICE,BEST_OFFER",23,0,mount:nikon f,US,well-cam,100.0,2026-08-13T09:39:00.000Z,,https://www.ebay.com/itm/318722104299?hash=item4a35515beb:g:Gd4AAeSwCeVqMZxt,https://i.ebayimg.com/images/g/Gd4AAeSwCeVqMZxt/s-l225.jpg
残件/按现状,36.0,Olympus Infinity Stylus 35mm Point & Shoot Film Camera. untested.,Olympus,Film Cameras,For parts or not working,107.67,USD,"FIXED_PRICE,BEST_OFFER",7,0,as-is;low-feedback,CA,lily_vintage_store,96.0,2026-08-13T20:29:48.000Z,,https://www.ebay.com/itm/307125134920?hash=item478215a648:g:qj4AAeSwHt1qRHH3,https://i.ebayimg.com/images/g/qj4AAeSwHt1qRHH3/s-l225.jpg
残件/按现状,35.0,Nikon VN-400 Action-8 Camcorder 12x Zoom - UNTESTED For Parts,Nikon,Camcorders,For parts or not working,25.46,USD,"FIXED_PRICE,BEST_OFFER",5,0,as-is,US,reserveresale,99.3,2026-08-13T10:02:16.000Z,,https://www.ebay.com/itm/287522346664?hash=item42f1aad6a8:g:2ygAAeSwnLZqBIrG,https://i.ebayimg.com/images/g/2ygAAeSwnLZqBIrG/s-l225.jpg
型号不明,35.0,**Exc+++++** Vintage SANRIO Hello Kitty Red 35mm Film Camera From Japan J0026,,Film Cameras,Used,49.99,USD,FIXED_PRICE,10,0,good-cond,JP,japan_super-sales,98.9,2026-08-14T08:08:07.000Z,,https://www.ebay.com/itm/227475310189?hash=item34f695c66d:g:kIgAAeSwmZtpZ7ZA,https://i.ebayimg.com/images/g/kIgAAeSwmZtpZ7ZA/s-l225.jpg
型号不明,35.0,【Exc+4】Welica W-11 Point & Shoot Toy Film Camera 50mm f/6 Lens from JAPAN,,Film Cameras,Used,53.0,USD,"FIXED_PRICE,BEST_OFFER",12,0,good-cond,JP,hana_from_japan,100.0,2026-08-14T02:38:52.000Z,,https://www.ebay.com/itm/168612286141?hash=item2742134ebd:g:1fUAAeSwxRhpoPXp,https://i.ebayimg.com/images/g/1fUAAeSwxRhpoPXp/s-l225.jpg
型号不明,35.0,G3110 KONICA HEXANON AR 40 1.8 Konica,Konica,Lenses,Used,170.33,USD,"FIXED_PRICE,BEST_OFFER",9,0,,JP,l9531336,100.0,2026-08-13T08:20:37.000Z,,https://www.ebay.com/itm/298584202122?hash=item4585015b8a:g:g1AAAeSwSLlqfX9O,https://i.ebayimg.com/images/g/g1AAAeSwSLlqfX9O/s-l225.jpg
型号不明,35.0,"NiSi Black Mist 1/4 for FUJI XVI100, Silver",Fuji,Lenses,Used,170.33,USD,"FIXED_PRICE,BEST_OFFER",2,0,,JP,l9531336,100.0,2026-08-13T08:20:36.000Z,,https://www.ebay.com/itm/298584202023?hash=item4585015b27:g:oZMAAeSwPZVqfX9G,https://i.ebayimg.com/images/g/oZMAAeSwPZVqfX9G/s-l225.jpg
残件/按现状,35.0,[As-is] Nikomat FTN Film Camera Tokina RMC 100-300mm f/5.6 Nikon Ai - From JAPAN,Tokina,Film Cameras,Used,175.0,USD,"FIXED_PRICE,BEST_OFFER",18,0,as-is,JP,blueprint-films_japan,99.1,2026-08-13T09:13:14.000Z,,https://www.ebay.com/itm/206487574466?hash=item30139e57c2:g:1M8AAeSwyJFqfYM7,https://i.ebayimg.com/images/g/1M8AAeSwyJFqfYM7/s-l225.jpg
型号不明,35.0,TOPCON RE.Auto-Topcor 1.8 5.8 cm Lens Hood,Topcon,Lenses,Used,175.82,USD,"FIXED_PRICE,BEST_OFFER",3,0,,JP,l9531336,100.0,2026-08-13T08:20:34.000Z,,https://www.ebay.com/itm/298584201781?hash=item4585015a35:g:s1oAAeSwkOdqfX7t,https://i.ebayimg.com/images/g/s1oAAeSwkOdqfX7t/s-l225.jpg
残件/按现状,35.0,Polaroid SX-70 Land Camera Alpha 1 SE Black Instant Camera & Flash Untested READ,Polaroid,Vintage Cameras,,189.95,USD,"FIXED_PRICE,AUCTION",17,0,as-is;auction,US,muskymitch,100.0,2026-08-13T20:52:07.000Z,2026-08-18T20:52:07.000Z,https://www.ebay.com/itm/168611748543?hash=item27420b1abf:g:XA8AAeSwYVRqfinu,https://i.ebayimg.com/images/g/XA8AAeSwYVRqfinu/s-l225.jpg
残件/按现状,35.0,Sigma Art 24-105mm f4 DG 013 Zoom Lens for Canon EF,Sigma,Lenses,For parts or not working,200.0,USD,"FIXED_PRICE,BEST_OFFER",11,0,mount:canon ef,US,revivetechpr,100.0,2026-08-13T19:27:27.000Z,,https://www.ebay.com/itm/198568897709?hash=item2e3ba0ecad:g:8VcAAeSwB7tqfhkF,https://i.ebayimg.com/images/g/8VcAAeSwB7tqfhkF/s-l225.jpg
型号不明,35.0,Canon EOS-Kiss X7 zoom 410037,Canon,Lenses,Used,200.28,USD,FIXED_PRICE,1,0,,JP,digree_japan,99.7,2026-08-13T16:05:02.000Z,,https://www.ebay.com/itm/307124838327?hash=item4782111fb7:g:07gAAeSw-h9qffaW,https://i.ebayimg.com/images/g/07gAAeSw-h9qffaW/s-l225.jpg
型号不明,35.0,Canon EOS Kiss X5 Body 23039MTT,Canon,Lenses,Used,227.5,USD,"FIXED_PRICE,BEST_OFFER",9,0,,JP,heihachi2017,100.0,2026-08-13T06:04:33.000Z,,https://www.ebay.com/itm/128024076446?hash=item1dced4609e:g:X1cAAeSwgvRqfV7z,https://i.ebayimg.com/images/g/X1cAAeSwgvRqfV7z/s-l225.jpg
型号不明,35.0,Nikon Speedlight SB-500 (21979MTT),Nikon,Lenses,Used,237.9,USD,"FIXED_PRICE,BEST_OFFER",9,0,,JP,heihachi2017,100.0,2026-08-13T06:04:33.000Z,,https://www.ebay.com/itm/128024076445?hash=item1dced4609d:g:OJsAAeSwNtZqfV6y,https://i.ebayimg.com/images/g/OJsAAeSwNtZqfV6y/s-l225.jpg
型号不明,35.0,Canon IXY DIGITAL 20 IS 22041MTT,Canon,Lenses,Used,250.9,USD,"FIXED_PRICE,BEST_OFFER",9,0,,JP,heihachi2017,100.0,2026-08-13T06:04:33.000Z,,https://www.ebay.com/itm/128024076461?hash=item1dced460ad:g:hR8AAeSwT4dqfV-j,https://i.ebayimg.com/images/g/hR8AAeSwT4dqfV-j/s-l225.jpg
型号不明,35.0,PENTAX Camera Lens 17MMF3.5-28MMF4.5 Used,Pentax,Lenses,Used,251.86,USD,FIXED_PRICE,2,0,,JP,hard-off-japan-in-au,99.2,2026-08-13T17:22:31.000Z,,https://www.ebay.com/itm/318724697231?hash=item4a3578ec8f:g:sDgAAeSwvl9qfgj-,https://i.ebayimg.com/images/g/sDgAAeSwvl9qfgj-/s-l225.jpg
型号不明,35.0,"Set of 12 FUJI FILTER OPTICAL ND Filters, 10, 10 cm",Fuji,Lenses,Used,252.75,USD,"FIXED_PRICE,BEST_OFFER",1,0,,JP,l9531336,100.0,2026-08-13T08:20:35.000Z,,https://www.ebay.com/itm/298584201928?hash=item4585015ac8:g:mfoAAeSwazxqfX9F,https://i.ebayimg.com/images/g/mfoAAeSwazxqfX9F/s-l225.jpg
型号不明,35.0,"Canon Speedlite 430EX III‑RT Flash – Excellent Condition, Tested, With Box",Canon,Lenses,Used,260.32,USD,"FIXED_PRICE,BEST_OFFER",4,0,,JP,jamazon77,99.2,2026-08-13T05:04:40.000Z,,https://www.ebay.com/itm/377414242875?hash=item57dfa4523b:g:pvcAAeSwPTdqfVAc,https://i.ebayimg.com/images/g/pvcAAeSwPTdqfVAc/s-l225.jpg
型号不明,35.0,Excellent Nikon AF-S Teleconverter TC-14E�U,Nikon,Lenses,Used,263.74,USD,"FIXED_PRICE,BEST_OFFER",6,0,,JP,l9531336,100.0,2026-08-13T08:20:36.000Z,,https://www.ebay.com/itm/298584202033?hash=item4585015b31:g:h~MAAeSwnu5qfX9D,https://i.ebayimg.com/images/g/h~MAAeSwnu5qfX9D/s-l225.jpg
型号不明,35.0,253 photos taken; Pentax K-r 18-55/55-300 lens set 23091MTT,Pentax,Lenses,Used,266.5,USD,"FIXED_PRICE,BEST_OFFER",9,0,,JP,heihachi2017,100.0,2026-08-13T06:04:33.000Z,,https://www.ebay.com/itm/128024076450?hash=item1dced460a2:g:YP4AAeSw5glqfV7w,https://i.ebayimg.com/images/g/YP4AAeSw5glqfV7w/s-l225.jpg
型号不明,35.0,Nikon Telecon Tc-20eIII Used,Nikon,Lenses,Used,299.57,USD,FIXED_PRICE,7,0,,JP,hard-off-japan-in-au,99.2,2026-08-13T17:22:26.000Z,,https://www.ebay.com/itm/318724697145?hash=item4a3578ec39:g:CisAAeSw4vtqfgkY,https://i.ebayimg.com/images/g/CisAAeSw4vtqfgkY/s-l225.jpg
型号不明,35.0,Canon EOS Kiss X7 Body 22370MTT,Canon,Lenses,Used,315.9,USD,"FIXED_PRICE,BEST_OFFER",9,0,,JP,heihachi2017,100.0,2026-08-13T06:04:33.000Z,,https://www.ebay.com/itm/128024076468?hash=item1dced460b4:g:ClgAAeSws3NqfV6z,https://i.ebayimg.com/images/g/ClgAAeSws3NqfV6z/s-l225.jpg
型号不明,35.0,Nikon PB-4 and PS-4 Bellows Set,Nikon,Lenses,Used,338.46,USD,"FIXED_PRICE,BEST_OFFER",12,0,,JP,l9531336,100.0,2026-08-13T08:20:34.000Z,,https://www.ebay.com/itm/298584201773?hash=item4585015a2d:g:DVkAAeSwIGNqfX8K,https://i.ebayimg.com/images/g/DVkAAeSwIGNqfX8K/s-l225.jpg
型号不明,35.0,OLYMPUS PEN E-PL8 Body 21233MTT,Olympus,Lenses,Used,374.4,USD,"FIXED_PRICE,BEST_OFFER",9,0,,JP,heihachi2017,100.0,2026-08-13T06:04:33.000Z,,https://www.ebay.com/itm/128024076464?hash=item1dced460b0:g:-v0AAeSwSKxqfV9p,https://i.ebayimg.com/images/g/-v0AAeSwSKxqfV9p/s-l225.jpg
型号不明,35.0,Canon EF50mm F1.4 USM Full-Frame Compatible Prime Lens,Canon,Lenses,Used,399.99,USD,FIXED_PRICE,5,0,,JP,info_tanikawa,97.8,2026-08-13T19:18:10.000Z,,https://www.ebay.com/itm/227474641622?hash=item34f68b92d6:g:EdwAAeSwRYJqfh-s,https://i.ebayimg.com/images/g/EdwAAeSwRYJqfh-s/s-l225.jpg
型号不明,35.0,FUJIFILM XF27mmF2.8 R WR -Mint- 9705,Fujifilm,Lenses,Used,500.26,USD,FIXED_PRICE,2,0,good-cond,JP,kitamura_camera,100.0,2026-08-13T07:17:35.000Z,,https://www.ebay.com/itm/358920773847?hash=item53915860d7:g:KGMAAeSw3DNqfttu,https://i.ebayimg.com/images/g/KGMAAeSw3DNqfttu/s-l225.jpg
型号不明,35.0,[Excellent+5] Ricoh GR DIGITAL IV Black w/ Charger Works Tested From Japan TB04,Ricoh,Film Cameras,Used,548.79,USD,FIXED_PRICE,9,0,,JP,dannysjapancollectable,100.0,2026-08-14T05:35:32.000Z,,https://www.ebay.com/itm/287524064340?hash=item42f1c50c54:g:60IAAeSwMCBqfqoX,https://i.ebayimg.com/images/g/60IAAeSwMCBqfqoX/s-l225.jpg
残件/按现状,35.0,KYOCERA Yashica T4 Zoom Film Camera Used From Japan AS IS,Yashica,Film Cameras,For parts or not working,724.5,USD,FIXED_PRICE,8,0,as-is,JP,manekineko-japan,98.4,2026-08-13T14:40:40.000Z,,https://www.ebay.com/itm/206488254962?hash=item3013a8b9f2:g:lKYAAeSwhP1qfeOV,https://i.ebayimg.com/images/g/lKYAAeSwhP1qfeOV/s-l225.jpg
型号不明,35.0,Carl Zeiss Touit 1.8 32 X-mount Lens Body,Zeiss,Lenses,Used,747.25,USD,"FIXED_PRICE,BEST_OFFER",11,0,,JP,l9531336,100.0,2026-08-13T08:20:32.000Z,,https://www.ebay.com/itm/298584201616?hash=item4585015990:g:lcYAAeSwBJRqfX8N,https://i.ebayimg.com/images/g/lcYAAeSwBJRqfX8N/s-l225.jpg
型号不明,35.0,Leica D LUX4 from Japan,Leica,Lenses,Used,779.9,USD,FIXED_PRICE,0,0,,JP,ginzaluxuryfinds,100.0,2026-08-13T11:16:13.000Z,,https://www.ebay.com/itm/366603032983?hash=item555b3e5997:g:aykAAeSw3BxqfagP,https://i.ebayimg.com/images/g/aykAAeSw3BxqfagP/s-l225.jpg
型号不明,35.0,Leica SF64 Flash 4982 from Japan,Leica,Lenses,Used,785.62,USD,FIXED_PRICE,5,0,,JP,ginzaluxuryfinds,100.0,2026-08-13T10:52:24.000Z,,https://www.ebay.com/itm/366602994202?hash=item555b3dc21a:g:PrkAAeSwIVVqfaI4,https://i.ebayimg.com/images/g/PrkAAeSwIVVqfaI4/s-l225.jpg
型号不明,35.0,Leica Summar 50 F2 Lens from Japan,Leica,Lenses,Used,788.58,USD,FIXED_PRICE,7,0,,JP,ginzaluxuryfinds,100.0,2026-08-13T11:16:11.000Z,,https://www.ebay.com/itm/366603032726?hash=item555b3e5896:g:oXwAAeSwFW1qfakK,https://i.ebayimg.com/images/g/oXwAAeSwFW1qfakK/s-l225.jpg
型号不明,35.0,"Rollei-Mutar 1.5 for Rollei, with teleconversion lens case",Rollei,Lenses,Used,789.01,USD,"FIXED_PRICE,BEST_OFFER",12,0,,JP,l9531336,100.0,2026-08-13T08:20:32.000Z,,https://www.ebay.com/itm/298584201646?hash=item45850159ae:g:nbAAAeSwCsZqfX9K,https://i.ebayimg.com/images/g/nbAAAeSwCsZqfX9K/s-l225.jpg
型号不明,35.0,Leica Zofort Orange from Japan,Leica,Lenses,Used,794.4,USD,FIXED_PRICE,0,0,,JP,ginzaluxuryfinds,100.0,2026-08-13T11:16:11.000Z,,https://www.ebay.com/itm/366603032708?hash=item555b3e5884:g:o1IAAeSwJtNqfahl,https://i.ebayimg.com/images/g/o1IAAeSwJtNqfahl/s-l225.jpg
型号不明,35.0,Leica C Typ 112 Digital Camera from Japan,Leica,Lenses,Used,803.7,USD,FIXED_PRICE,0,0,,JP,ginzaluxuryfinds,100.0,2026-08-13T11:16:11.000Z,,https://www.ebay.com/itm/366603032696?hash=item555b3e5878:g:Y6cAAeSwGbJqfajt,https://i.ebayimg.com/images/g/Y6cAAeSwGbJqfajt/s-l225.jpg
型号不明,35.0,Leica Summaron 3.5cm 3.5 Lens with Glasses from Japan,Leica,Lenses,Used,816.37,USD,FIXED_PRICE,7,0,,JP,ginzaluxuryfinds,100.0,2026-08-13T11:16:12.000Z,,https://www.ebay.com/itm/366603032830?hash=item555b3e58fe:g:pnAAAeSwYPFqfaf5,https://i.ebayimg.com/images/g/pnAAAeSwYPFqfaf5/s-l225.jpg
型号不明,35.0,Leica Summar L50 2 Chrome from Japan,Leica,Lenses,Used,816.37,USD,FIXED_PRICE,7,0,,JP,ginzaluxuryfinds,100.0,2026-08-13T11:16:12.000Z,,https://www.ebay.com/itm/366603032844?hash=item555b3e590c:g:vbQAAeSw9jhqfaf~,https://i.ebayimg.com/images/g/vbQAAeSw9jhqfaf~/s-l225.jpg
型号不明,35.0,Leica Summarit 5cm F1.5 Leica L Mount from Japan,Leica,Lenses,Used,816.37,USD,FIXED_PRICE,2,0,,JP,ginzaluxuryfinds,100.0,2026-08-13T11:16:10.000Z,,https://www.ebay.com/itm/366603032525?hash=item555b3e57cd:g:bHkAAeSwVf1qfaio,https://i.ebayimg.com/images/g/bHkAAeSwVf1qfaio/s-l225.jpg
型号不明,35.0,Leica R50 F2 3 Cam from Japan,Leica,Lenses,Used,819.15,USD,FIXED_PRICE,7,0,,JP,ginzaluxuryfinds,100.0,2026-08-13T11:16:12.000Z,,https://www.ebay.com/itm/366603032904?hash=item555b3e5948:g:w8YAAeSw-h9qfahy,https://i.ebayimg.com/images/g/w8YAAeSw-h9qfahy/s-l225.jpg
型号不明,35.0,Leica D LUX6 from Japan,Leica,Lenses,Used,832.87,USD,FIXED_PRICE,4,0,,JP,ginzaluxuryfinds,100.0,2026-08-13T11:16:10.000Z,,https://www.ebay.com/itm/366603032569?hash=item555b3e57f9:g:X3QAAeSwUulqfaiP,https://i.ebayimg.com/images/g/X3QAAeSwUulqfaiP/s-l225.jpg
型号不明,35.0,Leica C Typ 112 from Japan,Leica,Lenses,Used,858.06,USD,FIXED_PRICE,0,0,,JP,ginzaluxuryfinds,100.0,2026-08-13T11:16:11.000Z,,https://www.ebay.com/itm/366603032716?hash=item555b3e588c:g:Lv8AAeSwT0pqfakv,https://i.ebayimg.com/images/g/Lv8AAeSwT0pqfakv/s-l225.jpg
型号不明,35.0,Leica C Typ Digital Camera Gold from Japan,Leica,Lenses,Used,858.06,USD,FIXED_PRICE,0,0,,JP,ginzaluxuryfinds,100.0,2026-08-13T11:16:10.000Z,,https://www.ebay.com/itm/366603032639?hash=item555b3e583f:g:CgsAAeSwyRFqfaiM,https://i.ebayimg.com/images/g/CgsAAeSwyRFqfaiM/s-l225.jpg
型号不明,35.0,Leica Summarit L 50 1.5 from Japan,Leica,Lenses,Used,859.8,USD,FIXED_PRICE,7,0,,JP,ginzaluxuryfinds,100.0,2026-08-13T11:16:11.000Z,,https://www.ebay.com/itm/366603032688?hash=item555b3e5870:g:uY0AAeSwdSZqfahs,https://i.ebayimg.com/images/g/uY0AAeSwdSZqfahs/s-l225.jpg
型号不明,35.0,Leica SOFORT 2 Burton Edition Camera (Jake Blue) from Japan,Leica,Lenses,New,875.43,USD,FIXED_PRICE,5,0,,JP,ginzaluxuryfinds,100.0,2026-08-13T10:52:25.000Z,,https://www.ebay.com/itm/366602994220?hash=item555b3dc22c:g:ZwcAAeSwOLpqfaK0,https://i.ebayimg.com/images/g/ZwcAAeSwOLpqfaK0/s-l225.jpg
型号不明,35.0,Leica Zofort Orange from Japan,Leica,Lenses,Used,882.77,USD,FIXED_PRICE,0,0,,JP,ginzaluxuryfinds,100.0,2026-08-13T11:16:10.000Z,,https://www.ebay.com/itm/366603032646?hash=item555b3e5846:g:tU8AAeSwd8Vqfae~,https://i.ebayimg.com/images/g/tU8AAeSwd8Vqfae~/s-l225.jpg
残件/按现状,35.0,As is no Nikon F3AF with AF80mmF2.8 lens Nikon NI9041 Camera Multi Seido,Nikon,Film Cameras,Used,892.03,USD,"FIXED_PRICE,BEST_OFFER",19,0,as-is,JP,manmaru42,100.0,2026-08-13T13:36:15.000Z,,https://www.ebay.com/itm/398281319025?hash=item5cbb6aa271:g:DPEAAeSw1cJqfdgD,https://i.ebayimg.com/images/g/DPEAAeSw1cJqfdgD/s-l225.jpg
型号不明,35.0,Nikon,Nikon,Film Cameras,Used,894.24,USD,"FIXED_PRICE,BEST_OFFER",0,0,,JP,manmaru42,100.0,2026-08-13T13:36:19.000Z,,https://www.ebay.com/itm/398281319271?hash=item5cbb6aa367:g:JHEAAeSwqhJqfddp,https://i.ebayimg.com/images/g/JHEAAeSwqhJqfddp/s-l225.jpg
型号不明,35.0,Leica Summarit L 5cm 1.5 from Japan,Leica,Lenses,Used,911.9,USD,FIXED_PRICE,7,0,,JP,ginzaluxuryfinds,100.0,2026-08-13T11:16:10.000Z,,https://www.ebay.com/itm/366603032531?hash=item555b3e57d3:g:ookAAeSwfoNqfaiF,https://i.ebayimg.com/images/g/ookAAeSwfoNqfaiF/s-l225.jpg
型号不明,35.0,Leica D LUX6 BLACK from Japan,Leica,Lenses,Used,911.9,USD,FIXED_PRICE,7,0,,JP,ginzaluxuryfinds,100.0,2026-08-13T11:16:10.000Z,,https://www.ebay.com/itm/366603032632?hash=item555b3e5838:g:XtYAAeSwgvRqfagI,https://i.ebayimg.com/images/g/XtYAAeSwgvRqfagI/s-l225.jpg
型号不明,35.0,Leica Ig Body from Japan,Leica,Lenses,Used,927.54,USD,FIXED_PRICE,7,0,,JP,ginzaluxuryfinds,100.0,2026-08-13T11:16:11.000Z,,https://www.ebay.com/itm/366603032744?hash=item555b3e58a8:g:h8oAAeSwwhdqfahK,https://i.ebayimg.com/images/g/h8oAAeSwwhdqfahK/s-l225.jpg
型号不明,35.0,FUJIFILM XF18mm F1.4 R LM WR -Near Mint- 9736,Fujifilm,Lenses,Used,927.93,USD,FIXED_PRICE,2,0,good-cond,JP,kitamura_camera,100.0,2026-08-13T07:17:35.000Z,,https://www.ebay.com/itm/358920773850?hash=item53915860da:g:aLMAAeSw1~NqftxW,https://i.ebayimg.com/images/g/aLMAAeSw1~NqftxW/s-l225.jpg
型号不明,35.0,LEICA D LUX 6 Compact Digital Camera Black from Japan,Leica,Lenses,Used,970.09,USD,FIXED_PRICE,11,0,,JP,ginzaluxuryfinds,100.0,2026-08-13T10:52:24.000Z,,https://www.ebay.com/itm/366602994161?hash=item555b3dc1f1:g:5B4AAeSw1~NqfaMg,https://i.ebayimg.com/images/g/5B4AAeSw1~NqfaMg/s-l225.jpg
型号不明,35.0,Leica D LUX4 from Japan,Leica,Lenses,Used,988.33,USD,FIXED_PRICE,0,0,,JP,ginzaluxuryfinds,100.0,2026-08-13T11:16:10.000Z,,https://www.ebay.com/itm/366603032559?hash=item555b3e57ef:g:shUAAeSwa4Fqfai4,https://i.ebayimg.com/images/g/shUAAeSwa4Fqfai4/s-l225.jpg
型号不明,35.0,Leica V LUX3 Digital Camera from Japan,Leica,Lenses,Used,997.02,USD,FIXED_PRICE,4,0,,JP,ginzaluxuryfinds,100.0,2026-08-13T11:16:11.000Z,,https://www.ebay.com/itm/366603032703?hash=item555b3e587f:g:Zc8AAeSwWXtqfaiK,https://i.ebayimg.com/images/g/Zc8AAeSwWXtqfaiK/s-l225.jpg
型号不明,35.0,Leica V LUX3 from Japan,Leica,Lenses,Used,997.02,USD,FIXED_PRICE,4,0,,JP,ginzaluxuryfinds,100.0,2026-08-13T11:16:11.000Z,,https://www.ebay.com/itm/366603032717?hash=item555b3e588d:g:Q8QAAeSwtH5qfagC,https://i.ebayimg.com/images/g/Q8QAAeSwtH5qfagC/s-l225.jpg
型号不明,35.0,Leica Summaron 3.5cm 3.5 (E39) from Japan,Leica,Lenses,Used,998.75,USD,FIXED_PRICE,7,0,,JP,ginzaluxuryfinds,100.0,2026-08-13T11:16:10.000Z,,https://www.ebay.com/itm/366603032586?hash=item555b3e580a:g:R3EAAeSwv8xqfahF,https://i.ebayimg.com/images/g/R3EAAeSwv8xqfahF/s-l225.jpg
型号不明,35.0,[Unused w/ BOX CASE] RICOH GR Compact Digital Black Camera From JAPAN,Ricoh,Film Cameras,Used,999.99,USD,FIXED_PRICE,13,0,,JP,priority2007,100.0,2026-08-14T09:11:22.000Z,,https://www.ebay.com/itm/366604915225?hash=item555b5b1219:g:rTUAAeSwli9qftzw,https://i.ebayimg.com/images/g/rTUAAeSwli9qftzw/s-l225.jpg
型号不明,35.0,Leica Summaron L 3.5cm 3.5 from Japan,Leica,Lenses,Used,1000.57,USD,FIXED_PRICE,7,0,,JP,ginzaluxuryfinds,100.0,2026-08-13T11:16:10.000Z,,https://www.ebay.com/itm/366603032576?hash=item555b3e5800:g:E3AAAeSwiX5qfagQ,https://i.ebayimg.com/images/g/E3AAAeSwiX5qfagQ/s-l225.jpg
型号不明,35.0,Leica Summarit L 5cm 1.5 Late Model from Japan,Leica,Lenses,Used,1016.12,USD,FIXED_PRICE,7,0,,JP,ginzaluxuryfinds,100.0,2026-08-13T11:16:11.000Z,,https://www.ebay.com/itm/366603032776?hash=item555b3e58c8:g:ZfoAAeSwinpqfah2,https://i.ebayimg.com/images/g/ZfoAAeSwinpqfah2/s-l225.jpg
型号不明,35.0,Leica SUMMARON M 35 3.5 with Glasses from Japan,Leica,Lenses,Used,1031.75,USD,FIXED_PRICE,7,0,,JP,ginzaluxuryfinds,100.0,2026-08-13T11:16:10.000Z,,https://www.ebay.com/itm/366603032538?hash=item555b3e57da:g:tk4AAeSwkVdqfajg,https://i.ebayimg.com/images/g/tk4AAeSwkVdqfajg/s-l225.jpg
型号不明,35.0,Leica Summaron L35 3.5 from Japan,Leica,Lenses,Used,1050.86,USD,FIXED_PRICE,7,0,,JP,ginzaluxuryfinds,100.0,2026-08-13T11:16:12.000Z,,https://www.ebay.com/itm/366603032890?hash=item555b3e593a:g:xYsAAeSw5fZqfag8,https://i.ebayimg.com/images/g/xYsAAeSw5fZqfag8/s-l225.jpg
型号不明,35.0,Leica DIII from Japan,Leica,Lenses,Used,1083.86,USD,FIXED_PRICE,12,0,,JP,ginzaluxuryfinds,100.0,2026-08-13T11:16:13.000Z,,https://www.ebay.com/itm/366603032937?hash=item555b3e5969:g:vb8AAeSws3Nqfajz,https://i.ebayimg.com/images/g/vb8AAeSws3Nqfajz/s-l225.jpg
型号不明,35.0,LEICA C Typ 112 Dark Red from Japan,Leica,Lenses,Used,1092.55,USD,FIXED_PRICE,11,0,,JP,ginzaluxuryfinds,100.0,2026-08-13T10:52:24.000Z,,https://www.ebay.com/itm/366602994209?hash=item555b3dc221:g:bMkAAeSwhnxqfaIy,https://i.ebayimg.com/images/g/bMkAAeSwhnxqfaIy/s-l225.jpg
型号不明,35.0,Leica Binoculars Ultravid 10 25 BR 40253 from Japan,Leica,Lenses,Used,1097.24,USD,FIXED_PRICE,0,0,,JP,ginzaluxuryfinds,100.0,2026-08-13T11:16:12.000Z,,https://www.ebay.com/itm/366603032809?hash=item555b3e58e9:g:p98AAeSw6qlqfai8,https://i.ebayimg.com/images/g/p98AAeSw6qlqfai8/s-l225.jpg
型号不明,35.0,Leica TL Body Black from Japan,Leica,Lenses,Used,1120.34,USD,FIXED_PRICE,9,0,,JP,ginzaluxuryfinds,100.0,2026-08-13T10:52:23.000Z,,https://www.ebay.com/itm/366602994130?hash=item555b3dc1d2:g:4O4AAeSwMbhqfaK2,https://i.ebayimg.com/images/g/4O4AAeSwMbhqfaK2/s-l225.jpg
型号不明,35.0,Leica Summarit L 5cm F1.5 from Japan,Leica,Lenses,Used,1127.29,USD,FIXED_PRICE,7,0,,JP,ginzaluxuryfinds,100.0,2026-08-13T11:16:12.000Z,,https://www.ebay.com/itm/366603032929?hash=item555b3e5961:g:djoAAeSwHiJqfaii,https://i.ebayimg.com/images/g/djoAAeSwHiJqfaii/s-l225.jpg
型号不明,35.0,Leica C Typ 112 Light Gold from Japan,Leica,Lenses,Used,1153.34,USD,FIXED_PRICE,12,0,,JP,ginzaluxuryfinds,100.0,2026-08-13T10:52:23.000Z,,https://www.ebay.com/itm/366602994131?hash=item555b3dc1d3:g:QaMAAeSwtBlqfaIv,https://i.ebayimg.com/images/g/QaMAAeSwtBlqfaIv/s-l225.jpg
型号不明,35.0,Leica Digital Camera Typ 112 from Japan,Leica,Lenses,Used,1162.03,USD,FIXED_PRICE,0,0,,JP,ginzaluxuryfinds,100.0,2026-08-13T11:16:12.000Z,,https://www.ebay.com/itm/366603032800?hash=item555b3e58e0:g:regAAeSw6fRqfajF,https://i.ebayimg.com/images/g/regAAeSw6fRqfajF/s-l225.jpg
型号不明,35.0,Leica Digital Camera D LUX6 10.1 Megapixels Optical 3.8x Zoom 18461 from Japan,Leica,Lenses,Used,1162.03,USD,FIXED_PRICE,3,0,,JP,ginzaluxuryfinds,100.0,2026-08-13T11:16:12.000Z,,https://www.ebay.com/itm/366603032801?hash=item555b3e58e1:g:lPcAAeSwxvxqfaiH,https://i.ebayimg.com/images/g/lPcAAeSwxvxqfaiH/s-l225.jpg
型号不明,35.0,Leica D LUX6 from Japan,Leica,Lenses,Used,1162.03,USD,FIXED_PRICE,1,0,,JP,ginzaluxuryfinds,100.0,2026-08-13T11:16:12.000Z,,https://www.ebay.com/itm/366603032911?hash=item555b3e594f:g:jZgAAeSwMcpqfagM,https://i.ebayimg.com/images/g/jZgAAeSwMcpqfagM/s-l225.jpg
型号不明,35.0,Leica C Typ 112 Digital Camera from Japan,Leica,Lenses,Used,1162.03,USD,FIXED_PRICE,2,0,,JP,ginzaluxuryfinds,100.0,2026-08-13T11:16:11.000Z,,https://www.ebay.com/itm/366603032774?hash=item555b3e58c6:g:KqsAAeSwDp1qfahN,https://i.ebayimg.com/images/g/KqsAAeSwDp1qfahN/s-l225.jpg
型号不明,35.0,Leica C Digital Camera Dark Red Typ 112 12.1 Megapixels from Japan,Leica,Lenses,Used,1162.03,USD,FIXED_PRICE,2,0,,JP,ginzaluxuryfinds,100.0,2026-08-13T11:16:10.000Z,,https://www.ebay.com/itm/366603032537?hash=item555b3e57d9:g:VIgAAeSwVNpqfajI,https://i.ebayimg.com/images/g/VIgAAeSwVNpqfajI/s-l225.jpg
型号不明,35.0,Leica Digital Camera Leica C Typ Red 112 12.1 Megapixels Dark Red from Japan,Leica,Lenses,Used,1162.03,USD,FIXED_PRICE,0,0,,JP,ginzaluxuryfinds,100.0,2026-08-13T11:16:10.000Z,,https://www.ebay.com/itm/366603032539?hash=item555b3e57db:g:cEQAAeSwVf1qfaj4,https://i.ebayimg.com/images/g/cEQAAeSwVf1qfaj4/s-l225.jpg
型号不明,35.0,Leica D LUX6 Digital Camera 10.1 Megapixels Optical 3.8x Zoom from Japan,Leica,Lenses,Used,1162.03,USD,FIXED_PRICE,1,0,,JP,ginzaluxuryfinds,100.0,2026-08-13T11:16:10.000Z,,https://www.ebay.com/itm/366603032540?hash=item555b3e57dc:g:Rz0AAeSwOjlqfaf4,https://i.ebayimg.com/images/g/Rz0AAeSwOjlqfaf4/s-l225.jpg
型号不明,35.0,Leica D LUX6 Digital Camera from Japan,Leica,Lenses,Used,1162.03,USD,FIXED_PRICE,3,0,,JP,ginzaluxuryfinds,100.0,2026-08-13T11:16:10.000Z,,https://www.ebay.com/itm/366603032558?hash=item555b3e57ee:g:XPYAAeSwtGBqfaf3,https://i.ebayimg.com/images/g/XPYAAeSwtGBqfaf3/s-l225.jpg
型号不明,35.0,Leica Summaron L 3.5cm F3.5 from Japan,Leica,Lenses,Used,1172.45,USD,FIXED_PRICE,7,0,,JP,ginzaluxuryfinds,100.0,2026-08-13T11:16:11.000Z,,https://www.ebay.com/itm/366603032673?hash=item555b3e5861:g:S10AAeSwZoJqfag4,https://i.ebayimg.com/images/g/S10AAeSwZoJqfag4/s-l225.jpg
型号不明,35.0,Leica Digital Camera V LUX Typ 114 from Japan,Leica,Lenses,Used,1187.56,USD,FIXED_PRICE,0,0,,JP,ginzaluxuryfinds,100.0,2026-08-13T11:16:13.000Z,,https://www.ebay.com/itm/366603032951?hash=item555b3e5977:g:tyQAAeSwLKlqfaiC,https://i.ebayimg.com/images/g/tyQAAeSwLKlqfaiC/s-l225.jpg
型号不明,35.0,Leica Hektor 12.5cm 2.5 Midland from Japan,Leica,Lenses,Used,1188.51,USD,FIXED_PRICE,7,0,,JP,ginzaluxuryfinds,100.0,2026-08-13T11:16:12.000Z,,https://www.ebay.com/itm/366603032872?hash=item555b3e5928:g:gCkAAeSwY5dqfai9,https://i.ebayimg.com/images/g/gCkAAeSwY5dqfai9/s-l225.jpg
型号不明,35.0,Leica Summarit L 5cm F1.5 Early Model Lens from Japan,Leica,Lenses,Used,1207.19,USD,FIXED_PRICE,7,0,,JP,ginzaluxuryfinds,100.0,2026-08-13T11:16:11.000Z,,https://www.ebay.com/itm/366603032668?hash=item555b3e585c:g:EqQAAeSwHgFqfajg,https://i.ebayimg.com/images/g/EqQAAeSwHgFqfajg/s-l225.jpg
型号不明,35.0,Leica Super Anguron R 21 F4 3CAM from Japan,Leica,Lenses,Used,1223.34,USD,FIXED_PRICE,7,0,,JP,ginzaluxuryfinds,100.0,2026-08-13T11:16:10.000Z,,https://www.ebay.com/itm/366603032623?hash=item555b3e582f:g:p2QAAeSw6fRqfahE,https://i.ebayimg.com/images/g/p2QAAeSw6fRqfahE/s-l225.jpg
型号不明,35.0,Leica Film Camera Illg from Japan,Leica,Lenses,Used,1244.36,USD,FIXED_PRICE,19,0,,JP,ginzaluxuryfinds,100.0,2026-08-13T11:16:10.000Z,,https://www.ebay.com/itm/366603032625?hash=item555b3e5831:g:tLQAAeSwrJFqfajz,https://i.ebayimg.com/images/g/tLQAAeSwrJFqfajz/s-l225.jpg
型号不明,35.0,Leica DII Body Black from Japan,Leica,Lenses,Used,1259.3,USD,FIXED_PRICE,7,0,,JP,ginzaluxuryfinds,100.0,2026-08-13T11:16:11.000Z,,https://www.ebay.com/itm/366603032693?hash=item555b3e5875:g:dRMAAeSwli9qfafo,https://i.ebayimg.com/images/g/dRMAAeSwli9qfafo/s-l225.jpg
型号不明,35.0,Leica V LUX 5 4207 from Japan,Leica,Lenses,Used,1288.91,USD,FIXED_PRICE,5,0,,JP,ginzaluxuryfinds,100.0,2026-08-13T10:52:24.000Z,,https://www.ebay.com/itm/366602994191?hash=item555b3dc20f:g:W~wAAeSw6qlqfaLp,https://i.ebayimg.com/images/g/W~wAAeSw6qlqfaLp/s-l225.jpg
型号不明,35.0,Leica Digital Camera X1 from Japan,Leica,Lenses,Used,1292.3,USD,FIXED_PRICE,0,0,,JP,ginzaluxuryfinds,100.0,2026-08-13T11:16:12.000Z,,https://www.ebay.com/itm/366603032838?hash=item555b3e5906:g:lYMAAeSwO2lqfafn,https://i.ebayimg.com/images/g/lYMAAeSwO2lqfafn/s-l225.jpg
型号不明,35.0,Leica Summaron L 3.5cm 3.5 from Japan,Leica,Lenses,Used,1294.04,USD,FIXED_PRICE,7,0,,JP,ginzaluxuryfinds,100.0,2026-08-13T11:16:12.000Z,,https://www.ebay.com/itm/366603032895?hash=item555b3e593f:g:kCgAAeSwOfRqfaiC,https://i.ebayimg.com/images/g/kCgAAeSwOfRqfaiC/s-l225.jpg
型号不明,35.0,LEICA TL Body Silver 4595 from Japan,Leica,Lenses,Used,1329.29,USD,FIXED_PRICE,5,0,,JP,ginzaluxuryfinds,100.0,2026-08-13T10:52:25.000Z,,https://www.ebay.com/itm/366602994236?hash=item555b3dc23c:g:h-4AAeSw5fZqfaLt,https://i.ebayimg.com/images/g/h-4AAeSw5fZqfaLt/s-l225.jpg
型号不明,35.0,Leica 18430 X VARIO Black (Typ107) from Japan,Leica,Lenses,Used,1346.14,USD,FIXED_PRICE,7,0,,JP,ginzaluxuryfinds,100.0,2026-08-13T11:16:13.000Z,,https://www.ebay.com/itm/366603032947?hash=item555b3e5973:g:TnMAAeSwtEFqfag~,https://i.ebayimg.com/images/g/TnMAAeSwtEFqfag~/s-l225.jpg
型号不明,35.0,Leica Summarit L 50 1.5 Lens from Japan,Leica,Lenses,Used,1346.14,USD,FIXED_PRICE,7,0,,JP,ginzaluxuryfinds,100.0,2026-08-13T11:16:13.000Z,,https://www.ebay.com/itm/366603032950?hash=item555b3e5976:g:WrMAAeSwR-Fqfai2,https://i.ebayimg.com/images/g/WrMAAeSwR-Fqfai2/s-l225.jpg
型号不明,35.0,Leica D LUX Typ 109 from Japan,Leica,Lenses,Used,1346.14,USD,FIXED_PRICE,4,0,,JP,ginzaluxuryfinds,100.0,2026-08-13T11:16:12.000Z,,https://www.ebay.com/itm/366603032868?hash=item555b3e5924:g:YqsAAeSwqXxqfajL,https://i.ebayimg.com/images/g/YqsAAeSwqXxqfajL/s-l225.jpg
型号不明,35.0,Leica D LUX Typ109 Camera from Japan,Leica,Lenses,Used,1346.14,USD,FIXED_PRICE,4,0,,JP,ginzaluxuryfinds,100.0,2026-08-13T11:16:11.000Z,,https://www.ebay.com/itm/366603032718?hash=item555b3e588e:g:6ucAAeSwDzRqfah~,https://i.ebayimg.com/images/g/6ucAAeSwDzRqfah~/s-l225.jpg
型号不明,35.0,Leica D LUX Typ109 from Japan,Leica,Lenses,Used,1346.14,USD,FIXED_PRICE,4,0,,JP,ginzaluxuryfinds,100.0,2026-08-13T11:16:11.000Z,,https://www.ebay.com/itm/366603032772?hash=item555b3e58c4:g:c9kAAeSwHn1qfajB,https://i.ebayimg.com/images/g/c9kAAeSwHn1qfajB/s-l225.jpg
型号不明,35.0,Leica D LUX Typ 109 Digital Camera from Japan,Leica,Lenses,Used,1346.14,USD,FIXED_PRICE,4,0,,JP,ginzaluxuryfinds,100.0,2026-08-13T11:16:10.000Z,,https://www.ebay.com/itm/366603032594?hash=item555b3e5812:g:sEQAAeSwMyRqfaiC,https://i.ebayimg.com/images/g/sEQAAeSwMyRqfaiC/s-l225.jpg
型号不明,35.0,Leica D LUX7 Compact Digital Camera from Japan,Leica,Lenses,Used,1346.14,USD,FIXED_PRICE,8,0,,JP,ginzaluxuryfinds,100.0,2026-08-13T10:52:25.000Z,,https://www.ebay.com/itm/366602994240?hash=item555b3dc240:g:l5kAAeSw8ChqfaJp,https://i.ebayimg.com/images/g/l5kAAeSw8ChqfaJp/s-l225.jpg
型号不明,35.0,Leica V LUX 30 from Japan,Leica,Lenses,Used,1349.84,USD,FIXED_PRICE,0,0,,JP,ginzaluxuryfinds,100.0,2026-08-13T11:16:10.000Z,,https://www.ebay.com/itm/366603032611?hash=item555b3e5823:g:frkAAeSw2L1qfaiw,https://i.ebayimg.com/images/g/frkAAeSw2L1qfaiw/s-l225.jpg
型号不明,35.0,Leica Summaron M 35 2.8 from Japan,Leica,Lenses,Used,1363.51,USD,FIXED_PRICE,7,0,,JP,ginzaluxuryfinds,100.0,2026-08-13T11:16:10.000Z,,https://www.ebay.com/itm/366603032635?hash=item555b3e583b:g:b1QAAeSwMwFqfaif,https://i.ebayimg.com/images/g/b1QAAeSwMwFqfaif/s-l225.jpg
型号不明,35.0,Leica V LUX Typ 114 20 Megapixels Optical 16x Zoom from Japan,Leica,Lenses,Used,1370.46,USD,FIXED_PRICE,2,0,,JP,ginzaluxuryfinds,100.0,2026-08-13T11:16:11.000Z,,https://www.ebay.com/itm/366603032753?hash=item555b3e58b1:g:tgEAAeSwSJFqfahN,https://i.ebayimg.com/images/g/tgEAAeSwSJFqfahN/s-l225.jpg
型号不明,35.0,Leica Nickel Hektor 5cm 2.5 from Japan,Leica,Lenses,Used,1405.2,USD,FIXED_PRICE,7,0,,JP,ginzaluxuryfinds,100.0,2026-08-13T11:16:10.000Z,,https://www.ebay.com/itm/366603032564?hash=item555b3e57f4:g:mQcAAeSwSKxqfaiE,https://i.ebayimg.com/images/g/mQcAAeSwSKxqfaiE/s-l225.jpg
型号不明,35.0,Leica D LUX6 G STAR RAW Edition from Japan,Leica,Lenses,Used,1411.97,USD,FIXED_PRICE,4,0,,JP,ginzaluxuryfinds,100.0,2026-08-13T11:16:10.000Z,,https://www.ebay.com/itm/366603032573?hash=item555b3e57fd:g:US8AAeSwCclqfaf9,https://i.ebayimg.com/images/g/US8AAeSwCclqfaf9/s-l225.jpg
型号不明,35.0,Leica D LUX7 4619 from Japan,Leica,Lenses,Used,1450.54,USD,FIXED_PRICE,5,0,,JP,ginzaluxuryfinds,100.0,2026-08-13T10:52:25.000Z,,https://www.ebay.com/itm/366602994244?hash=item555b3dc244:g:O6cAAeSw2L1qfaMe,https://i.ebayimg.com/images/g/O6cAAeSw2L1qfaMe/s-l225.jpg
型号不明,35.0,Leica D LUX Typ 109 from Japan,Leica,Lenses,Used,1457.31,USD,FIXED_PRICE,2,0,,JP,ginzaluxuryfinds,100.0,2026-08-13T11:16:13.000Z,,https://www.ebay.com/itm/366603032984?hash=item555b3e5998:g:zeEAAeSwThVqfajF,https://i.ebayimg.com/images/g/zeEAAeSwThVqfajF/s-l225.jpg
型号不明,35.0,Leica Super Angulon M21 4 from Japan,Leica,Lenses,Used,1457.31,USD,FIXED_PRICE,7,0,,JP,ginzaluxuryfinds,100.0,2026-08-13T11:16:12.000Z,,https://www.ebay.com/itm/366603032877?hash=item555b3e592d:g:lDIAAeSw5UJqfag7,https://i.ebayimg.com/images/g/lDIAAeSw5UJqfag7/s-l225.jpg
型号不明,35.0,Leica D LUX Typ Black from Japan,Leica,Lenses,Used,1457.31,USD,FIXED_PRICE,2,0,,JP,ginzaluxuryfinds,100.0,2026-08-13T11:16:10.000Z,,https://www.ebay.com/itm/366603032519?hash=item555b3e57c7:g:t8kAAeSwrKZqfah8,https://i.ebayimg.com/images/g/t8kAAeSwrKZqfah8/s-l225.jpg
型号不明,35.0,Leica MDa from Japan,Leica,Lenses,Used,1474.68,USD,FIXED_PRICE,7,0,,JP,ginzaluxuryfinds,100.0,2026-08-13T11:16:12.000Z,,https://www.ebay.com/itm/366603032924?hash=item555b3e595c:g:wlAAAeSwaJdqfahy,https://i.ebayimg.com/images/g/wlAAAeSwaJdqfahy/s-l225.jpg
型号不明,35.0,Leica D LUX7 Silver from Japan,Leica,Lenses,Used,1484.92,USD,FIXED_PRICE,11,0,,JP,ginzaluxuryfinds,100.0,2026-08-13T10:52:23.000Z,,https://www.ebay.com/itm/366602994137?hash=item555b3dc1d9:g:4TYAAeSwNz9qfaMb,https://i.ebayimg.com/images/g/4TYAAeSwNz9qfaMb/s-l225.jpg
型号不明,35.0,Leica Leitz Xenon 5cm 1.5 L from Japan,Leica,Lenses,Used,1493.79,USD,FIXED_PRICE,7,0,,JP,ginzaluxuryfinds,100.0,2026-08-13T11:16:10.000Z,,https://www.ebay.com/itm/366603032621?hash=item555b3e582d:g:3dUAAeSwS4pqfaj9,https://i.ebayimg.com/images/g/3dUAAeSwS4pqfaj9/s-l225.jpg
型号不明,35.0,Leica MDa Chrome from Japan,Leica,Lenses,Used,1571.95,USD,FIXED_PRICE,7,0,,JP,ginzaluxuryfinds,100.0,2026-08-13T11:16:11.000Z,,https://www.ebay.com/itm/366603032773?hash=item555b3e58c5:g:wVYAAeSwdh5qfaft,https://i.ebayimg.com/images/g/wVYAAeSwdh5qfaft/s-l225.jpg
型号不明,35.0,LEICA V LUX Camera Case Set ARTISAN ARTIST from Japan,Leica,Lenses,Used,1571.95,USD,FIXED_PRICE,8,0,,JP,ginzaluxuryfinds,100.0,2026-08-13T10:52:23.000Z,,https://www.ebay.com/itm/366602994136?hash=item555b3dc1d8:g:GCEAAeSwC-FqfaJ4,https://i.ebayimg.com/images/g/GCEAAeSwC-FqfaJ4/s-l225.jpg
型号不明,35.0,Leica D LUX7 TypeNO.3952 Camera from Japan,Leica,Lenses,Used,1606.69,USD,FIXED_PRICE,7,0,,JP,ginzaluxuryfinds,100.0,2026-08-13T11:16:11.000Z,,https://www.ebay.com/itm/366603032723?hash=item555b3e5893:g:txEAAeSwQ0FqfahP,https://i.ebayimg.com/images/g/txEAAeSwQ0FqfahP/s-l225.jpg
型号不明,35.0,Leica D LUX7 TypeNO.3952 from Japan,Leica,Lenses,Used,1606.69,USD,FIXED_PRICE,7,0,,JP,ginzaluxuryfinds,100.0,2026-08-13T11:16:10.000Z,,https://www.ebay.com/itm/366603032568?hash=item555b3e57f8:g:ycIAAeSwLxRqfahH,https://i.ebayimg.com/images/g/ycIAAeSwLxRqfahH/s-l225.jpg
