寻宝类型,评分,标题,品牌,类目,成色,价格,币种,购买方式,图片数,图片像素,标记,所在地,卖家,好评率,上架时间,结束时间,链接,图片
查无市价,110.0,*Near Mint* Contax RTS 1st Model SLR 35mm Film Camera Grid Screen From Japan,Contax,Film Cameras,Used,142.49,USD,FIXED_PRICE,14,1600,grail:Contax RTS;good-cond;underpriced(med 600),JP,dub0804-55,100.0,2026-08-14T11:34:40.000Z,,https://www.ebay.com/itm/366605134709?hash=item555b5e6b75:g:5xAAAeSw1XtpwnVi,https://i.ebayimg.com/images/g/5xAAAeSw1XtpwnVi/s-l225.jpg
查无市价,106.0,HASSELBLAD 503CX/500CLASSIC/503CXi/501C/503CW/501CM/500ELX/553ELX/555ELD from Ja,Hasselblad,Film Cameras,Used,46.75,USD,"FIXED_PRICE,BEST_OFFER",2,1200,grail:501C;underpriced(med 1470),JP,shopaquarius,100.0,2026-08-14T09:00:46.000Z,,https://www.ebay.com/itm/407143696895?hash=item5ecba7c9ff:g:UL4AAeSwDjZqftm9,https://i.ebayimg.com/images/g/UL4AAeSwDjZqftm9/s-l225.jpg
型号不明,106.0,*Mint* Zenza Bronica Teleconverter S 2x for SQ SQ-i SQ-Ai From Japan #A4-2A,Bronica,Lenses,Used,53.2,USD,FIXED_PRICE,7,1600,grail:Bronica Teleconverter;good-cond;underpriced(med 180),JP,hitonaga-0,100.0,2026-08-14T11:38:59.000Z,,https://www.ebay.com/itm/407143987945?hash=item5ecbac3ae9:g:lvwAAOSwyV1iXJgy,https://i.ebayimg.com/images/g/lvwAAOSwyV1iXJgy/s-l225.jpg
型号不明,102.0,[MINT w/Cap] SMC PENTAX Rear Converter-A 645 2x Tele Converter Lens From JAPAN,Pentax,Lenses,Used,49.99,USD,FIXED_PRICE,6,822,grail:645;mount:pentax k;good-cond;underpriced(med 180),JP,hajimyokoyam_0,100.0,2026-08-15T00:17:43.000Z,,https://www.ebay.com/itm/227476354543?hash=item34f6a5b5ef:g:7PcAAeSwSY9pPmaG,https://i.ebayimg.com/images/g/7PcAAeSwSY9pPmaG/s-l225.jpg
残件/按现状,102.0,Mamiya RB67 Pro Medium Format Camera Body Only For Parts,Mamiya,Film Cameras,For parts or not working,49.99,USD,FIXED_PRICE,4,1600,grail:RB67;as-is;underpriced(med 457),US,nycamprince,99.8,2026-08-14T15:35:12.000Z,,https://www.ebay.com/itm/128026615715?hash=item1dcefb1fa3:g:5XEAAeSwL8lqfzR-,https://i.ebayimg.com/images/g/5XEAAeSwL8lqfzR-/s-l225.jpg
残件/按现状,102.0,Olympus OM-2 OM2 Black SLR 35mm Film Camera Body Only【As-Is】From JAPAN,Olympus,Film Cameras,Used,59.99,USD,FIXED_PRICE,11,1600,grail:OM-2;mount:olympus om;as-is;underpriced(med 160),JP,naokaznak-0,100.0,2026-08-14T23:42:07.000Z,,https://www.ebay.com/itm/178407759248?hash=item2989ee5d90:g:DgcAAeSwlURpKoqY,https://i.ebayimg.com/images/g/DgcAAeSwlURpKoqY/s-l225.jpg
查无市价,96.0,CARL ZEISS LENS PRO-TESSAR 80MM F4 Used,Zeiss,Lenses,Used,42.05,USD,FIXED_PRICE,4,0,grail:TESSAR;underpriced(med 570),JP,hard-off-japan-in-au,99.2,2026-08-14T17:37:51.000Z,,https://www.ebay.com/itm/318730128108?hash=item4a35cbcaec:g:Q8cAAeSwrJFqf3RP,https://i.ebayimg.com/images/g/Q8cAAeSwrJFqf3RP/s-l225.jpg
残件/按现状,96.0,Pentax Spotmatic F SPF 35mm Film SLR Camera Silver : From JAPAN #4824355,Pentax,Film Cameras,For parts or not working,43.21,USD,"FIXED_PRICE,BEST_OFFER",12,1600,grail:Spotmatic;underpriced(med 157),JP,takakun,100.0,2026-08-15T08:39:14.000Z,,https://www.ebay.com/itm/820004856096?hash=itembeec192120:g:gG0AAeSwGjJqYrdw,https://i.ebayimg.com/images/g/gG0AAeSwGjJqYrdw/s-l225.jpg
残件/按现状,96.0,AS-IS Canon AE-1 Black *For Parts or Repair Z2791,Canon,Film Cameras,For parts or not working,47.99,USD,"FIXED_PRICE,BEST_OFFER",15,1600,grail:AE-1;as-is;underpriced(med 166),JP,tsurujapan532,100.0,2026-08-14T07:32:25.000Z,,https://www.ebay.com/itm/178405550749?hash=item2989ccaa9d:g:OyAAAeSw8TRqdWna,https://i.ebayimg.com/images/g/OyAAAeSw8TRqdWna/s-l225.jpg
型号不明,96.0,*Near Mint ++* Pentax Rear Converter A 645 2x Teleconverter for 645 N NII /Japan,Pentax,Lenses,Used,49.99,USD,FIXED_PRICE,11,1600,grail:645;good-cond;underpriced(med 180),JP,hitonaga-0,100.0,2026-08-14T11:39:00.000Z,,https://www.ebay.com/itm/407143987980?hash=item5ecbac3b0c:g:w7EAAeSwNIpp6LZ-,https://i.ebayimg.com/images/g/w7EAAeSwNIpp6LZ-/s-l225.jpg
残件/按现状,96.0,Rollei 35 T Black | Tessar 40mm f3.5 | For Parts or Repair | $120 | 6423xxx |,Rollei,Film Cameras,Used,120.0,USD,FIXED_PRICE,6,1472,grail:Tessar;as-is;underpriced(med 407),US,vintagephotographica,99.8,2026-08-14T20:47:15.000Z,,https://www.ebay.com/itm/287525386369?hash=item42f1d93881:g:j7gAAeSwXI1qf3tD,https://i.ebayimg.com/images/g/j7gAAeSwXI1qf3tD/s-l225.jpg
残件/按现状,96.0,Rollei 35 T Black | Tessar 40mm f3.5 | For Parts or Repair | $120 | 6420xxx |,Rollei,Film Cameras,Used,120.0,USD,FIXED_PRICE,8,1472,grail:Tessar;as-is;underpriced(med 407),US,vintagephotographica,99.8,2026-08-14T18:04:27.000Z,,https://www.ebay.com/itm/287525161376?hash=item42f1d5c9a0:g:FgEAAeSw-wlqf1I~,https://i.ebayimg.com/images/g/FgEAAeSw-wlqf1I~/s-l225.jpg
查无市价,93.0,[Near MINT] Zeiss Ikon 520/18 127 Camera Novar Anastigmat 50mm f/6.3 Lens JAPAN,Zeiss,Film Cameras,Used,99.99,USD,"FIXED_PRICE,BEST_OFFER",11,640,good-cond;underpriced(med 276),JP,ysj830,100.0,2026-08-14T23:58:02.000Z,,https://www.ebay.com/itm/820003129569?hash=itembeebfec8e1:g:fTAAAeSwYTBqf6x-,https://i.ebayimg.com/images/g/fTAAAeSwYTBqf6x-/s-l225.jpg
残件/按现状,92.0,Canon Canonet 28 35mm Rangefinder Film Camera,Canon,Film Cameras,For parts or not working,25.0,USD,"FIXED_PRICE,BEST_OFFER",4,1600,grail:Canonet;underpriced(med 165),US,leilani71cnv,100.0,2026-08-15T03:00:01.000Z,,https://www.ebay.com/itm/287525118198?hash=item42f1d520f6:g:TM0AAeSw4vtqf0jF,https://i.ebayimg.com/images/g/TM0AAeSw4vtqf0jF/s-l225.jpg
残件/按现状,92.0,Minolta X-700 35mm SLR Film Camera Body Only for Parts or Repair,Minolta,Film Cameras,For parts or not working,25.75,USD,"FIXED_PRICE,BEST_OFFER",6,1600,grail:X-700;as-is;underpriced(med 100),US,skyboy49707,100.0,2026-08-15T11:10:30.000Z,,https://www.ebay.com/itm/128027819834?hash=item1dcf0d7f3a:g:rU8AAeSw3lhqgEiF,https://i.ebayimg.com/images/g/rU8AAeSw3lhqgEiF/s-l225.jpg
残件/按现状,92.0,Canon AE-1 SLR 35mm SLR Film Camera Body Made in Japan *UNTESTED* FOR PARTS,Canon,Film Cameras,For parts or not working,34.99,USD,"FIXED_PRICE,BEST_OFFER",5,1600,grail:AE-1;as-is;underpriced(med 165),US,mack_media,99.9,2026-08-15T12:37:14.000Z,,https://www.ebay.com/itm/287526632054?hash=item42f1ec3a76:g:LRgAAeSwtGBqgF1g,https://i.ebayimg.com/images/g/LRgAAeSwtGBqgF1g/s-l225.jpg
残件/按现状,92.0,Pentax MX SLR 35mm Camera - READ-,Pentax,Film Cameras,For parts or not working,45.0,USD,"FIXED_PRICE,BEST_OFFER",4,1600,grail:Pentax MX;underpriced(med 157),US,vcpbrattleboro,100.0,2026-08-14T18:58:45.000Z,,https://www.ebay.com/itm/267757276005?hash=item3e5793cb65:g:Z6IAAeSw~8Jqf2VQ,https://i.ebayimg.com/images/g/Z6IAAeSw~8Jqf2VQ/s-l225.jpg
查无市价,92.0,Canon Canonet 28 35mm Rangefinder Film Camera Silver w/ Canon Case,Canon,Vintage Cameras,,50.0,USD,"FIXED_PRICE,BEST_OFFER",3,0,grail:Canonet;underpriced(med 200),US,68f8g75,100.0,2026-08-14T21:58:05.000Z,,https://www.ebay.com/itm/147505364496?hash=item2258013e10:g:omAAAeSwt99qf473,https://i.ebayimg.com/images/g/omAAAeSwt99qf473/s-l225.jpg
残件/按现状,91.0,Vintage Canon Canonet QL17 GIII G3 Camera 40mm - Untested,Canon,Film Cameras,For parts or not working,74.0,USD,FIXED_PRICE,7,1600,grail:Canonet;as-is;underpriced(med 165),US,mikmartis619,99.9,2026-08-14T22:03:20.000Z,,https://www.ebay.com/itm/318731054496?hash=item4a35d9eda0:g:SpcAAeSwsZdqf5AV,https://i.ebayimg.com/images/g/SpcAAeSwsZdqf5AV/s-l225.jpg
残件/按现状,90.0,*For Parts* Pentax ESII Black SV & Spotmatic SP Film Camera Body From Japan,Pentax,Film Cameras,Used,66.49,USD,FIXED_PRICE,18,1600,grail:Spotmatic;as-is;underpriced(med 159),JP,dub0804-55,100.0,2026-08-14T11:44:32.000Z,,https://www.ebay.com/itm/366605145817?hash=item555b5e96d9:g:7i4AAeSws35pPUoH,https://i.ebayimg.com/images/g/7i4AAeSws35pPUoH/s-l225.jpg
残件/按现状;型号不明,90.0,Contax Camera Lens VARIO-SONNAR 3.540-80 Junk Used,Contax,Lenses,Used,128.14,USD,FIXED_PRICE,4,1280,grail:SONNAR;as-is;underpriced(med 339),JP,hard-off-japan-in-au,99.2,2026-08-14T17:37:21.000Z,,https://www.ebay.com/itm/318730127246?hash=item4a35cbc78e:g:WJIAAeSwj0Vqf3U8,https://i.ebayimg.com/images/g/WJIAAeSwj0Vqf3U8/s-l225.jpg
残件/按现状,90.0,Contax RTS II Quartz Film Camera 35mm Body Only Flash Doesn’t Work,Contax,Film Cameras,For parts or not working,179.0,USD,"FIXED_PRICE,BEST_OFFER",8,1600,grail:Contax RTS;underpriced(med 600),US,jsgunner,100.0,2026-08-14T22:00:05.000Z,,https://www.ebay.com/itm/178407583497?hash=item2989ebaf09:g:s40AAeSwEi9qf47J,https://i.ebayimg.com/images/g/s40AAeSwEi9qf47J/s-l225.jpg
残件/按现状,90.0,Rolleiflex SL35ME 35mm Camera 1.8/50mm Planar HFT Rollei Lens w/ Case UNTESTED,Rolleiflex,Film Cameras,For parts or not working,180.0,USD,FIXED_PRICE,14,1600,grail:Planar;as-is;underpriced(med 1100),US,thesirusfactor,99.9,2026-08-14T15:54:10.000Z,,https://www.ebay.com/itm/158188178013?hash=item24d4c00a5d:g:-lsAAeSwdippteY3,https://i.ebayimg.com/images/g/-lsAAeSwdippteY3/s-l225.jpg
残件/按现状,90.0,"Contax TVS Point & Shoot 35mm film camera (FOR PARTS / ""OFF"" in view finder)",Contax,Film Cameras,For parts or not working,225.0,USD,"FIXED_PRICE,BEST_OFFER",16,1600,grail:Contax TVS;as-is;underpriced(med 600),US,borrowedtimevtg,100.0,2026-08-14T22:19:49.000Z,,https://www.ebay.com/itm/237006446786?hash=item372eaf60c2:g:dIcAAeSw64Zqf5ME,https://i.ebayimg.com/images/g/dIcAAeSw64Zqf5ME/s-l225.jpg
残件/按现状,89.0,Pentax ME Super 35mm SLR Film Camera Body Only (Untested - for parts/repairs),Pentax,Film Cameras,For parts or not working,31.77,USD,"FIXED_PRICE,BEST_OFFER",9,1280,grail:Pentax ME Super;as-is;underpriced(med 159),AU,bowerboutique,100.0,2026-08-14T05:35:03.000Z,,https://www.ebay.com/itm/336741482591?hash=item4e675b405f:g:RuMAAeSwDp1qfqjt,https://i.ebayimg.com/images/g/RuMAAeSwDp1qfqjt/s-l225.jpg
型号不明,89.0,[Mint w/ Video] Contax Zeiss Mutar II 2x T* Teleconverter Lens C/Y From JAPAN,Contax,Lenses,Used,69.99,USD,FIXED_PRICE,11,1600,mount:contax/yashica;good-cond;underpriced(med 339),JP,camera-lens-talk,100.0,2026-08-14T13:35:09.000Z,,https://www.ebay.com/itm/147504568943?hash=item2257f51a6f:g:3ZIAAeSwnCZqfxkF,https://i.ebayimg.com/images/g/3ZIAAeSwnCZqfxkF/s-l225.jpg
残件/按现状,89.0,[AS-IS] Mamiya Six Folding Rangefinder Camera D.Zuiko 75mm f/3.5 Case From JAPAN,Mamiya,Film Cameras,Used,99.99,USD,FIXED_PRICE,23,1600,mount:olympus om;as-is;underpriced(med 457),JP,isshin39,100.0,2026-08-15T11:58:32.000Z,,https://www.ebay.com/itm/198572867013?hash=item2e3bdd7dc5:g:4n4AAeSw4vtqgFTl,https://i.ebayimg.com/images/g/4n4AAeSw4vtqgFTl/s-l225.jpg
查无市价,89.0,Meter Works [N MINT w/43-86mm Lens SET ] Nikon FE Silver SLR Film Camera JAPAN,Nikon,Film Cameras,Used,104.99,USD,FIXED_PRICE,19,0,mount:sony e;good-cond;underpriced(med 253),JP,camera-shop-kiku,100.0,2026-08-15T03:53:32.000Z,,https://www.ebay.com/itm/147505857432?hash=item225808c398:g:NsgAAeSwL3FqKAL4,https://i.ebayimg.com/images/g/NsgAAeSwL3FqKAL4/s-l225.jpg
残件/按现状,86.0,Pentax ME Super SE 35mm Camera Untested AS/IS 50mm lens,Pentax,Film Cameras,Used,60.31,USD,FIXED_PRICE,7,1600,grail:Pentax ME Super;as-is;underpriced(med 159),US,future_fun,99.8,2026-08-14T12:12:10.000Z,,https://www.ebay.com/itm/128026331801?hash=item1dcef6ca99:g:nJ8AAeSwQIpp3oKD,https://i.ebayimg.com/images/g/nJ8AAeSwQIpp3oKD/s-l225.jpg
型号不明,86.0,[ MINT ] Zenza Bronica PE 1.4x Teleconverter Lens for ETR S Si Camera JP #18980,Bronica,Lenses,Used,99.99,USD,FIXED_PRICE,17,1600,grail:Bronica PE;good-cond,JP,z1came-0,99.7,2026-08-14T13:06:00.000Z,,https://www.ebay.com/itm/407144251443?hash=item5ecbb04033:g:70MAAeSwsZdqfxKB,https://i.ebayimg.com/images/g/70MAAeSwsZdqfxKB/s-l225.jpg
查无市价,86.0,[Exc+5]Mamiya 645 105-210mm f4.5 Sekor ULD C Lens From JAPAN #j6682-1,Mamiya,Lenses,Used,135.0,USD,FIXED_PRICE,11,1600,grail:645;good-cond,JP,camelion-japan,99.7,2026-08-14T07:53:11.000Z,,https://www.ebay.com/itm/407143556545?hash=item5ecba5a5c1:g:NzsAAeSwMeVqfsjO,https://i.ebayimg.com/images/g/NzsAAeSwMeVqfsjO/s-l225.jpg
残件/按现状,85.0,Mamiya/Sekor MSX 500 35mm SLR Camera - Untested - AS-IS/Parts G199799,Mamiya,Film Cameras,For parts or not working,29.99,USD,"FIXED_PRICE,BEST_OFFER",4,1600,as-is;underpriced(med 457),US,sillybearimage,100.0,2026-08-14T15:06:03.000Z,,https://www.ebay.com/itm/327310152655?hash=item4c353493cf:g:ip8AAeSwQGhqfy7G,https://i.ebayimg.com/images/g/ip8AAeSwQGhqfy7G/s-l225.jpg
残件/按现状,85.0,Mamiya/Sekor MSX 500 35mm SLR Camera - Untested - AS-IS/Parts G143898,Mamiya,Film Cameras,For parts or not working,29.99,USD,"FIXED_PRICE,BEST_OFFER",5,1600,as-is;underpriced(med 457),US,sillybearimage,100.0,2026-08-14T15:04:39.000Z,,https://www.ebay.com/itm/327310149217?hash=item4c35348661:g:wA8AAeSwbjtqfy5w,https://i.ebayimg.com/images/g/wA8AAeSwbjtqfy5w/s-l225.jpg
残件/按现状,85.0,film camera: Mamiya ZE-2 Quartz- w/ 50mm Lens PARTS/REPAIR Untested,Mamiya,Film Cameras,Used,40.5,USD,"FIXED_PRICE,BEST_OFFER",3,1599,as-is;underpriced(med 457),US,newgan,100.0,2026-08-14T17:15:34.000Z,,https://www.ebay.com/itm/237006031481?hash=item372ea90a79:g:hg4AAeSw4PZqf0y9,https://i.ebayimg.com/images/g/hg4AAeSw4PZqf0y9/s-l225.jpg
残件/按现状,85.0,Zeiss Ikon Ikonta 524/16 Folding Camera AS-IS,Zeiss,Film Cameras,For parts or not working,49.99,USD,"FIXED_PRICE,BEST_OFFER",2,1600,as-is;underpriced(med 276),US,cameraexchange,100.0,2026-08-15T10:45:49.000Z,,https://www.ebay.com/itm/278282552726?hash=item40caeec596:g:YREAAeSwQGhqfwve,https://i.ebayimg.com/images/g/YREAAeSwQGhqfwve/s-l225.jpg
残件/按现状,85.0,Mamiya Mamiyaflex Twin Lens Reflex TLR Camera - AS IS,Mamiya,Film Cameras,For parts or not working,55.0,USD,"FIXED_PRICE,BEST_OFFER",6,1600,as-is;underpriced(med 457),US,jasstephens363,100.0,2026-08-14T21:46:50.000Z,,https://www.ebay.com/itm/128027012496?hash=item1dcf012d90:g:NrYAAeSwjgRqf4xn,https://i.ebayimg.com/images/g/NrYAAeSwjgRqf4xn/s-l225.jpg
型号不明,85.0,[Exc+5] Canon Extender FD 1.4x-A Teleconverter Lens From JAPAN,Canon,Lenses,Used,59.99,USD,FIXED_PRICE,23,1600,mount:canon fd;good-cond;underpriced(med 295),JP,star-store-japan,100.0,2026-08-14T17:06:22.000Z,,https://www.ebay.com/itm/307126707899?hash=item47822da6bb:g:iKMAAeSwtlZqf0xD,https://i.ebayimg.com/images/g/iKMAAeSwtlZqf0xD/s-l225.jpg
残件/按现状,84.0,Vintage Minolta Hi-Matic E Camera w/ Minolta Rokkor-QF 40mm/1.7 Lens. Untested,Minolta,Film Cameras,Used,50.0,USD,"FIXED_PRICE,BEST_OFFER",5,1600,grail:Hi-Matic;mount:minolta md;as-is,US,notjunkinaround,99.0,2026-08-14T14:07:04.000Z,,https://www.ebay.com/itm/206490766354?hash=item3013cf0c12:g:MSMAAeSwG~VqfyDW,https://i.ebayimg.com/images/g/MSMAAeSwG~VqfyDW/s-l225.jpg
型号不明,84.0,CARL ZEISS Telephoto Lens TELE TESSAR 3.5200 Used,Zeiss,Lenses,Used,156.83,USD,FIXED_PRICE,9,1280,grail:TESSAR;underpriced(med 570),JP,hard-off-japan-in-au,99.2,2026-08-14T17:37:51.000Z,,https://www.ebay.com/itm/318730128092?hash=item4a35cbcadc:g:HH8AAeSwH-Nqf3TO,https://i.ebayimg.com/images/g/HH8AAeSwH-Nqf3TO/s-l225.jpg
型号不明,84.0,CARL ZEISS Telephoto Lens TELE TESSAR 4300 Used,Zeiss,Lenses,Used,185.52,USD,FIXED_PRICE,9,1280,grail:TESSAR;underpriced(med 570),JP,hard-off-japan-in-au,99.2,2026-08-14T17:37:51.000Z,,https://www.ebay.com/itm/318730128094?hash=item4a35cbcade:g:PjUAAeSwfoNqf3Ro,https://i.ebayimg.com/images/g/PjUAAeSwfoNqf3Ro/s-l225.jpg
残件/按现状,84.0,Tested [No Fog / As Is] Voigtlander Color Heliar 75mm f/2.5 SL Pentax K JP #2780,Voigtlander,Lenses,Used,199.99,USD,FIXED_PRICE,22,1600,grail:Heliar;as-is;underpriced(med 522),JP,japan-collection-camera-take,100.0,2026-08-14T15:20:14.000Z,,https://www.ebay.com/itm/398285284044?hash=item5cbba722cc:g:OO0AAeSwrmRp3Z04,https://i.ebayimg.com/images/g/OO0AAeSwrmRp3Z04/s-l225.jpg
型号不明,83.0,[MINT] Nikon TW Zoom From JAPAN,Nikon,Film Cameras,Used,78.99,USD,FIXED_PRICE,23,1600,good-cond;underpriced(med 253),JP,irodori-92,100.0,2026-08-15T04:16:26.000Z,,https://www.ebay.com/itm/377419675826?hash=item57dff738b2:g:fb0AAeSwyRFqf-jS,https://i.ebayimg.com/images/g/fb0AAeSwyRFqf-jS/s-l225.jpg
型号不明,83.0,[Mint BOX] Leica Leitz ADVOO 16503 Close-Up Unit for Leica E39 Lens Japan,Leica,Lenses,Used,129.9,USD,FIXED_PRICE,7,1600,good-cond;underpriced(med 1195),JP,natane57,100.0,2026-08-14T12:47:29.000Z,,https://www.ebay.com/itm/206490569405?hash=item3013cc0abd:g:58oAAeSwV-lon-DM,https://i.ebayimg.com/images/g/58oAAeSwV-lon-DM/s-l225.jpg
查无市价,83.0,Carl Zeiss Jena Tessar 50mm F2.8 Vintage Cine Mod Prime Portrait Lens | Canon EF,Zeiss,Lenses,Very Good - Refurbished,159.99,USD,FIXED_PRICE,8,0,grail:Tessar;mount:canon ef;underpriced(med 570),UA,terphotostore,100.0,2026-08-14T20:15:45.000Z,,https://www.ebay.com/itm/178407275425?hash=item2989e6fba1:g:LocAAeSwFplqf3ho,https://i.ebayimg.com/images/g/LocAAeSwFplqf3ho/s-l225.jpg
残件/按现状,82.0,VINTAGE Mamiya M Auto Focus 35mm Film Camera Made In Japan NOT WORKING,Mamiya,Film Cameras,For parts or not working,35.26,USD,"FIXED_PRICE,BEST_OFFER",10,1600,as-is;underpriced(med 460),AU,base787,99.9,2026-08-14T06:41:55.000Z,,https://www.ebay.com/itm/237005029464?hash=item372e99c058:g:3DYAAeSwt99qfrhF,https://i.ebayimg.com/images/g/3DYAAeSwt99qfrhF/s-l225.jpg
残件/按现状,81.0,Canon EOS A2E 35mm SLR Film Camera Body w/ EF 28-90mm f/4-5.6 II Lens BROKEN,Canon,Film Cameras,For parts or not working,29.36,USD,FIXED_PRICE,5,1599,mount:canon ef;as-is;underpriced(med 165),US,yad-3447,98.3,2026-08-14T20:23:52.000Z,,https://www.ebay.com/itm/820002564237?hash=itembeebf6288d:g:VXIAAeSwU21qf3kR,https://i.ebayimg.com/images/g/VXIAAeSwU21qf3kR/s-l225.jpg
残件/按现状,81.0,Honeywell Heiland Pentax H3 w/M42 Rexatar 10-100 mm lens (For parts or repairs),Pentax,Film Cameras,For parts or not working,31.42,USD,"FIXED_PRICE,BEST_OFFER",11,1600,mount:m42;as-is;underpriced(med 157),US,auctiomaven,99.9,2026-08-14T16:47:11.000Z,,https://www.ebay.com/itm/307126688817?hash=item47822d5c31:g:8mUAAeSwrbhpGAN9,https://i.ebayimg.com/images/g/8mUAAeSwrbhpGAN9/s-l225.jpg
残件/按现状,81.0,Canon T70 35mm Camera With Canon Zoom Lens FD 50mm FOR PARTS UNTESTED,Canon,Film Cameras,For parts or not working,34.99,USD,FIXED_PRICE,11,1600,mount:canon fd;as-is;underpriced(med 165),US,trent6565,100.0,2026-08-14T19:12:38.000Z,,https://www.ebay.com/itm/168614002780?hash=item27422d805c:g:dU8AAeSwEJpp3p8e,https://i.ebayimg.com/images/g/dU8AAeSwEJpp3p8e/s-l225.jpg
残件/按现状,81.0,Canon T50 35mm SLR Film Camera Untested w/ FD 50mm 1:.8 Lens,Canon,Film Cameras,For parts or not working,36.99,USD,FIXED_PRICE,8,1600,mount:canon fd;as-is;underpriced(med 165),US,trent6565,100.0,2026-08-14T19:13:57.000Z,,https://www.ebay.com/itm/168614005147?hash=item27422d899b:g:tJoAAeSwQOlp3p~Y,https://i.ebayimg.com/images/g/tJoAAeSwQOlp3p~Y/s-l225.jpg
残件/按现状,81.0,Canon FTb-N QL Silver 35mm SLR Film Camera with FD 50mm 1:1.8,Canon,Film Cameras,For parts or not working,43.5,USD,FIXED_PRICE,23,1162,mount:canon fd;underpriced(med 165),US,bran6man,100.0,2026-08-14T16:17:46.000Z,,https://www.ebay.com/itm/307126636630?hash=item47822c9056:g:rDkAAeSwgIBqfzvR,https://i.ebayimg.com/images/g/rDkAAeSwgIBqfzvR/s-l225.jpg
残件/按现状,81.0,Nikon N2020 AF 35mm Camera w/ AF NIKKOR 35-70mm Lens - For Parts Or Repair,Nikon,Film Cameras,For parts or not working,44.75,USD,FIXED_PRICE,9,1600,mount:nikon f;as-is;underpriced(med 253),US,tripleskipler,99.7,2026-08-14T21:23:14.000Z,,https://www.ebay.com/itm/227476217224?hash=item34f6a39d88:g:eoUAAeSwOjlqf4dy,https://i.ebayimg.com/images/g/eoUAAeSwOjlqf4dy/s-l225.jpg
残件/按现状,81.0,Nikon N55 35mm SLR Film Camera AF Nikkor 28-80mm Lens Strap Silver Untested,Nikon,Film Cameras,Used,49.99,USD,"FIXED_PRICE,BEST_OFFER",8,1600,mount:nikon f;as-is;underpriced(med 253),US,ranlexmom,100.0,2026-08-14T18:44:44.000Z,,https://www.ebay.com/itm/278280451920?hash=item40caceb750:g:mWUAAeSwfjZqf2IO,https://i.ebayimg.com/images/g/mWUAAeSwfjZqf2IO/s-l225.jpg
残件/按现状,81.0,Nikon N6006 35mm Film Camera & AF Nikkor 35-135mm -- PARTS / REPAIR (READ),Nikon,Film Cameras,For parts or not working,49.99,USD,"FIXED_PRICE,BEST_OFFER",23,1600,mount:nikon f;underpriced(med 240),US,chocolatemochi,99.9,2026-08-14T08:33:07.000Z,,https://www.ebay.com/itm/227475340551?hash=item34f6963d07:g:PmkAAeSw1NdpPuUf,https://i.ebayimg.com/images/g/PmkAAeSw1NdpPuUf/s-l225.jpg
查无市价,80.0,For Part Zeiss Ikon 207/3 6.5x9 Folding Plate Camera Tessar 10.5cm f/4.5 Compur,Zeiss,Vintage Cameras,,50.0,USD,FIXED_PRICE,17,0,grail:Tessar,US,sabeostore,100.0,2026-08-14T05:58:27.000Z,,https://www.ebay.com/itm/137619388221?hash=item200ac1373d:g:cPsAAeSwhyNqfq1W,https://i.ebayimg.com/images/g/cPsAAeSwhyNqfq1W/s-l225.jpg
型号不明,80.0,"Leica SM 5cm f:3.5 RS Elmar red scale lens, US SELLER ""LQQK""",Leica,Lenses,Used,275.0,USD,"FIXED_PRICE,BEST_OFFER",2,1600,grail:Elmar;underpriced(med 1195),US,leitzusa,100.0,2026-08-15T00:32:41.000Z,,https://www.ebay.com/itm/137622405712?hash=item200aef4250:g:R5wAAeSwOwdqf7F4,https://i.ebayimg.com/images/g/R5wAAeSwOwdqf7F4/s-l225.jpg
残件/按现状,79.0,Fuji Zoom Cardia Super 115 Point & Shoot 35mm Film Camera For Parts,Fuji,Film Cameras,Used,30.0,USD,FIXED_PRICE,22,1600,as-is;underpriced(med 250),JP,japanese.wholesaler.oden,99.5,2026-08-15T13:11:09.000Z,,https://www.ebay.com/itm/377420591846?hash=item57e00532e6:g:yWsAAeSwCkVqT7Sl,https://i.ebayimg.com/images/g/yWsAAeSwCkVqT7Sl/s-l225.jpg
残件/按现状,79.0,"Minolta Maxxum 7000i 35mm SLR Film Camera + Lens, NOT TESTED",Minolta,Film Cameras,For parts or not working,32.5,USD,"FIXED_PRICE,AUCTION",5,1600,underpriced(med 100);auction,US,aorapello,100.0,2026-08-14T22:11:05.000Z,2026-08-24T22:11:05.000Z,https://www.ebay.com/itm/227476250822?hash=item34f6a420c6:g:IVYAAOSwiKVkKgYk,https://i.ebayimg.com/images/g/IVYAAOSwiKVkKgYk/s-l225.jpg
残件/按现状,79.0,🍙For Parts🍙 Ricoh R1 Silver Point & Shoot 35mm Compact Film Camera from Japan,Ricoh,Film Cameras,For parts or not working,49.99,USD,FIXED_PRICE,18,1600,as-is;underpriced(med 121),JP,nokik_0,99.4,2026-08-15T12:55:32.000Z,,https://www.ebay.com/itm/188796701769?hash=item2bf5290c49:g:2GIAAeSwEbBqW5K4,https://i.ebayimg.com/images/g/2GIAAeSwEbBqW5K4/s-l225.jpg
残件/按现状;打包杂件,79.0,*For Parts* Lot of 2 Pentax SV & Pentax MV1 Film Camera Body From Japan #C5-1,Pentax,Film Cameras,Used,54.28,USD,FIXED_PRICE,22,1600,as-is;underpriced(med 159),JP,dub0804-55,100.0,2026-08-14T11:34:40.000Z,,https://www.ebay.com/itm/366605134723?hash=item555b5e6b83:g:yfsAAeSwI~NoFDTE,https://i.ebayimg.com/images/g/yfsAAeSwI~NoFDTE/s-l225.jpg
残件/按现状,79.0,"Nikon N6006 AF 35mm SLR FILM Camera Body Only w/ strap & box, untested, parts *",Nikon,Film Cameras,Used,55.96,USD,"FIXED_PRICE,AUCTION",23,1438,as-is;underpriced(med 253);auction,US,prjprj,100.0,2026-08-15T12:48:04.000Z,2026-08-25T12:48:04.000Z,https://www.ebay.com/itm/327311512577?hash=item4c35495401:g:KisAAeSwRf9oywEV,https://i.ebayimg.com/images/g/KisAAeSwRf9oywEV/s-l225.jpg
残件/按现状,79.0,Voigtlander Brillant S 6x6 TLR Film Camera Voigtar 7.5cm f/3.5 Lens V20 Untested,Voigtlander,Film Cameras,Used,84.99,USD,"FIXED_PRICE,BEST_OFFER",4,1600,as-is;underpriced(med 490),US,gooddeal4sure2012,100.0,2026-08-15T12:04:59.000Z,,https://www.ebay.com/itm/820005385617?hash=itembeec213591:g:XhIAAeSwXbRoh02E,https://i.ebayimg.com/images/g/XhIAAeSwXbRoh02E/s-l225.jpg
型号不明,79.0,Canon Extender EF 1.4x Teleconverter Lens for EF Mount EOS [MINT] From Japan,Canon,Lenses,Used,115.99,USD,FIXED_PRICE,17,1600,mount:canon ef;good-cond;underpriced(med 295),JP,sevenpark,100.0,2026-08-14T20:41:24.000Z,,https://www.ebay.com/itm/178407327769?hash=item2989e7c819:g:n2sAAeSwfn9qeO0O,https://i.ebayimg.com/images/g/n2sAAeSwfn9qeO0O/s-l225.jpg
残件/按现状,79.0,USED/DAMAGED - LEICA Z2X Silver,Leica,Film Cameras,Used,150.0,USD,"FIXED_PRICE,BEST_OFFER",5,1024,as-is;underpriced(med 820),US,deadmoonma,100.0,2026-08-15T05:52:26.000Z,,https://www.ebay.com/itm/298589423448?hash=item4585510758:g:cPcAAeSwAfJqeUiJ,https://i.ebayimg.com/images/g/cPcAAeSwAfJqeUiJ/s-l225.jpg
残件/按现状,78.0,Canon Zoom Lens - EF 75-300mm - 1:4-5.6 - 58mm - Philippines - Untested - VG,Canon,Lenses,Used,40.0,USD,"FIXED_PRICE,AUCTION",4,1599,mount:canon ef;58mm;as-is;underpriced(med 295);auction,US,jrondot,100.0,2026-08-14T21:34:56.000Z,2026-08-21T21:34:56.000Z,https://www.ebay.com/itm/407145217342?hash=item5ecbbefd3e:g:4~sAAeSw7EhqYifq,https://i.ebayimg.com/images/g/4~sAAeSw7EhqYifq/s-l225.jpg
残件/按现状,78.0,Minolta X-700 Camera 35mm SLR & RMC Tokina 35-105mm Close Focus Lens UNTESTED,Minolta,Film Cameras,Used,49.95,USD,"FIXED_PRICE,BEST_OFFER",14,1600,grail:X-700;as-is,US,universalmatrixconcepts,99.7,2026-08-15T01:33:01.000Z,,https://www.ebay.com/itm/407145570887?hash=item5ecbc46247:g:BgkAAeSwyRFqf7ov,https://i.ebayimg.com/images/g/BgkAAeSwyRFqf7ov/s-l225.jpg
残件/按现状,78.0,MINOLTA Camera Lens MC ROKKOR-PF 58mm f1.4 Junk Used,Minolta,Lenses,Used,56.4,USD,FIXED_PRICE,5,1280,mount:minolta md;58mm;as-is;underpriced(med 127),JP,hard-off-japan-in-au,99.2,2026-08-14T17:37:51.000Z,,https://www.ebay.com/itm/318730128110?hash=item4a35cbcaee:g:OtAAAeSwWatqf3Ru,https://i.ebayimg.com/images/g/OtAAAeSwWatqf3Ru/s-l225.jpg
残件/按现状,78.0,Canon AE-1 35mm SLR Film Camera with Canon 50mm f/1.8 FD Lens - Untested Parts,Canon,Film Cameras,For parts or not working,89.95,USD,"FIXED_PRICE,BEST_OFFER",9,1600,grail:AE-1;mount:canon fd;as-is,US,arci-007,100.0,2026-08-15T05:09:56.000Z,,https://www.ebay.com/itm/158190165635?hash=item24d4de5e83:g:UpwAAeSw2RBqf~QC,https://i.ebayimg.com/images/g/UpwAAeSw2RBqf~QC/s-l225.jpg
图片过小,78.0,[ Near MINT ] Olympus µ mju Panorama 35mm point & shoot Film Camera From JAPAN,Olympus,Film Cameras,Used,138.99,USD,"FIXED_PRICE,BEST_OFFER",11,500,grail:mju;good-cond,JP,w.a.t.k.r.japan.camera,100.0,2026-08-15T02:46:22.000Z,,https://www.ebay.com/itm/377419516595?hash=item57dff4cab3:g:8WEAAeSwQBhqaSlC,https://i.ebayimg.com/images/g/8WEAAeSwQBhqaSlC/s-l225.jpg
查无市价,78.0,"【NEAR MINT】Hasselblad 503CW CF 80mm f2.8 A12 BACK ""ACUTE MATTE D ISO 3200"" #6205",Hasselblad,Film Cameras,Used,4465.0,USD,FIXED_PRICE,23,1438,grail:503CW;mount:hasselblad v;good-cond,JP,camerajapan20,100.0,2026-08-14T12:02:08.000Z,,https://www.ebay.com/itm/198570598877?hash=item2e3bbae1dd:g:b~4AAeSwaJdqfwQf,https://i.ebayimg.com/images/g/b~4AAeSwaJdqfwQf/s-l225.jpg
查无市价,78.0,▶️Acute D 42217 [Top MINT] Hasselblad 503CW Film Camera CFE 80mm Lens A12 JAPAN,Hasselblad,Film Cameras,Used,4999.99,USD,FIXED_PRICE,15,1600,grail:503CW;mount:hasselblad v;good-cond,JP,hideyo_88,100.0,2026-08-14T06:34:56.000Z,,https://www.ebay.com/itm/318727692324?hash=item4a35a6a024:g:H8AAAeSwVnNqfrgD,https://i.ebayimg.com/images/g/H8AAAeSwVnNqfrgD/s-l225.jpg
查无市价,77.0,[TOP MINT] Linhof Kardan BI System Large Format Film Camera 4x5 Body JAPAN,Linhof,Film Cameras,Used,479.99,USD,FIXED_PRICE,16,1600,good-cond;underpriced(med 1412),JP,honest-jpn,99.7,2026-08-15T04:32:01.000Z,,https://www.ebay.com/itm/377419707081?hash=item57dff7b2c9:g:ahoAAeSwsnZqf-x2,https://i.ebayimg.com/images/g/ahoAAeSwsnZqf-x2/s-l225.jpg
查无市价,77.0,[MINT] Count 148 : Fujica GW690 Pro 6x9 Texas Leica EBC Fujinon 90mm JAPAN,Leica,Film Cameras,Used,899.99,USD,FIXED_PRICE,20,1600,grail:GW690;good-cond,JP,naruzo369,100.0,2026-08-14T13:32:56.000Z,,https://www.ebay.com/itm/800507350798?hash=itemba61f4cf0e:g:JkkAAeSw8vxqfxqC,https://i.ebayimg.com/images/g/JkkAAeSw8vxqfxqC/s-l225.jpg
残件/按现状,75.0,Olympus OM10 35mm Film Camera AS IS .. for parts or repair,Olympus,Film Cameras,For parts or not working,25.0,USD,FIXED_PRICE,15,1600,as-is;underpriced(med 160),US,lucky_ducky_sells_online,99.9,2026-08-15T12:44:03.000Z,,https://www.ebay.com/itm/257681881716?hash=item3bff097a74:g:lI4AAeSwDO5qgF0C,https://i.ebayimg.com/images/g/lI4AAeSwDO5qgF0C/s-l225.jpg
残件/按现状,75.0,Fujifilm Instax Mini 11 Instant Camera Sky Blue UNTESTED,Fujifilm,Film Cameras,For parts or not working,25.0,USD,"FIXED_PRICE,BEST_OFFER",6,1600,as-is;underpriced(med 126),US,breun-60,0.0,2026-08-14T23:30:51.000Z,,https://www.ebay.com/itm/407145388311?hash=item5ecbc19917:g:jqwAAeSw-wlqf6IQ,https://i.ebayimg.com/images/g/jqwAAeSw-wlqf6IQ/s-l225.jpg
残件/按现状,75.0,Canon EOS Rebel 2000 35mm SLR Film Camera Body Only w/ Strap UNTESTED,Canon,Film Cameras,For parts or not working,25.0,USD,"FIXED_PRICE,BEST_OFFER",5,960,as-is;underpriced(med 165),US,profprovo,100.0,2026-08-14T16:13:15.000Z,,https://www.ebay.com/itm/188792382249?hash=item2bf4e72329:g:GfgAAeSwG~Vqfzyy,https://i.ebayimg.com/images/g/GfgAAeSwG~Vqfzyy/s-l225.jpg
残件/按现状,75.0,Pentax Zoom 60-X 35mm Film Compact Camera,Pentax,Film Cameras,For parts or not working,25.5,USD,"FIXED_PRICE,BEST_OFFER",5,1599,underpriced(med 157),US,azulamare,100.0,2026-08-15T13:40:34.000Z,,https://www.ebay.com/itm/398288886482?hash=item5cbbde1ad2:g:i1QAAeSwVNpqgGu4,https://i.ebayimg.com/images/g/i1QAAeSwVNpqgGu4/s-l225.jpg
残件/按现状,75.0,Minolta Freedom Zoom 105i APZ 35mm Point and Shoot Film Camera Untested zak,Minolta,Film Cameras,Used,27.71,USD,FIXED_PRICE,3,1600,as-is;underpriced(med 100),US,click-itz,100.0,2026-08-14T12:23:19.000Z,,https://www.ebay.com/itm/227475637971?hash=item34f69ac6d3:g:wCcAAeSwl4Roxai-,https://i.ebayimg.com/images/g/wCcAAeSwl4Roxai-/s-l225.jpg
残件/按现状,75.0,YASHICA ELECTRO 35 GSN 35mm RANGEFINDER FILM CAMERA UNTESTED,Yashica,Film Cameras,Used,27.99,USD,"FIXED_PRICE,BEST_OFFER",8,1600,as-is;underpriced(med 130),US,fetching.gems,100.0,2026-08-14T22:09:30.000Z,,https://www.ebay.com/itm/366606126202?hash=item555b6d8c7a:g:S2gAAeSwIX5qYClF,https://i.ebayimg.com/images/g/S2gAAeSwIX5qYClF/s-l225.jpg
残件/按现状,75.0,"Minolta XE-7 35mm Film Camera Body, Black (For Parts and Repair)",Minolta,Film Cameras,Used,28.95,USD,"FIXED_PRICE,BEST_OFFER",9,1599,as-is;underpriced(med 100),US,marus.59igt,99.5,2026-08-14T20:47:08.000Z,,https://www.ebay.com/itm/128026950118?hash=item1dcf0039e6:g:iXUAAeSwMk1qf35o,https://i.ebayimg.com/images/g/iXUAAeSwMk1qf35o/s-l225.jpg
残件/按现状,75.0,Vintage Canon T80 35mm film SLR Camera - Body Lens - Parts Or Repair - Untested,Canon,Film Cameras,For parts or not working,29.95,USD,"FIXED_PRICE,BEST_OFFER",8,1600,as-is;underpriced(med 165),US,coolcatmcgee,99.8,2026-08-15T09:26:49.000Z,,https://www.ebay.com/itm/257681612287?hash=item3bff055dff:g:cKwAAeSwD-BqcKr7,https://i.ebayimg.com/images/g/cKwAAeSwD-BqcKr7/s-l225.jpg
残件/按现状,75.0,Nikon Zoom Touch 400 35mm Camera 35-70mm Zoom Lens + Bag Cover -Untested,Nikon,Film Cameras,Used,29.95,USD,"FIXED_PRICE,BEST_OFFER",10,1600,as-is;underpriced(med 240),US,bmfj007,99.9,2026-08-14T12:41:16.000Z,,https://www.ebay.com/itm/137620462411?hash=item200ad19b4b:g:XyYAAeSw87BqfwyE,https://i.ebayimg.com/images/g/XyYAAeSw87BqfwyE/s-l225.jpg
残件/按现状,75.0,Vintage Minolta Maxxum 4 Camera & Quantaray 28-90mm Lens Untested Free Shipping,Minolta,Film Cameras,For parts or not working,29.95,USD,"FIXED_PRICE,BEST_OFFER",9,1600,as-is;underpriced(med 100),US,d-dbargainoutlet,99.9,2026-08-14T12:00:01.000Z,,https://www.ebay.com/itm/206472960332?hash=item3012bf594c:g:bWkAAeSwoTxqdhjb,https://i.ebayimg.com/images/g/bWkAAeSwoTxqdhjb/s-l225.jpg
残件/按现状,75.0,Canon AF35M Sure Shot 35mm Film Camera UNTESTED AS IS,Canon,Film Cameras,For parts or not working,29.95,USD,"FIXED_PRICE,BEST_OFFER",5,1600,as-is;underpriced(med 166),US,jarh-73,99.3,2026-08-14T10:25:15.000Z,,https://www.ebay.com/itm/820000752386?hash=itembeebda8302:g:TvoAAeSwFJVqc54I,https://i.ebayimg.com/images/g/TvoAAeSwFJVqc54I/s-l225.jpg
残件/按现状,75.0,"Konica Af-34 Film Camera. Powers on, otherwise untested",Konica,Film Cameras,Used,29.99,USD,FIXED_PRICE,3,1600,as-is;underpriced(med 135),US,dturlis,99.8,2026-08-15T12:18:05.000Z,,https://www.ebay.com/itm/128027891695?hash=item1dcf0e97ef:g:Pw8AAeSwHs9oTvEE,https://i.ebayimg.com/images/g/Pw8AAeSwHs9oTvEE/s-l225.jpg
残件/按现状,75.0,Pentax IQZoom 200 35mm Film Camera 48-200mm Zoom Lens UnTested Point & Shoot,Pentax,Film Cameras,For parts or not working,29.99,USD,"FIXED_PRICE,BEST_OFFER",7,1599,as-is;underpriced(med 157),US,codyjc61,100.0,2026-08-15T02:19:36.000Z,,https://www.ebay.com/itm/147505692165?hash=item2258063e05:g:HmMAAeSwSOpqf8x8,https://i.ebayimg.com/images/g/HmMAAeSwSOpqf8x8/s-l225.jpg
残件/按现状,75.0,Canon EX Auto 35mm SLR Film Camera with 50mm 1.8 Lens - AS IS,Canon,Film Cameras,For parts or not working,29.99,USD,"FIXED_PRICE,BEST_OFFER",6,1600,as-is;underpriced(med 165),US,jasstephens363,100.0,2026-08-14T21:42:02.000Z,,https://www.ebay.com/itm/128027008968?hash=item1dcf011fc8:g:hUoAAeSwiiFqf4tD,https://i.ebayimg.com/images/g/hUoAAeSwiiFqf4tD/s-l225.jpg
残件/按现状,75.0,Vintage Nikon One Touch 35mm Film w/Box & Manual PARTS OR REPAIR AS-IS READ,Nikon,Film Cameras,For parts or not working,29.99,USD,FIXED_PRICE,11,1600,as-is;underpriced(med 253),US,emt7978,99.8,2026-08-14T14:38:49.000Z,,https://www.ebay.com/itm/327310124384?hash=item4c35342560:g:uKIAAeSwBxxp35pm,https://i.ebayimg.com/images/g/uKIAAeSwBxxp35pm/s-l225.jpg
残件/按现状,75.0,Pentax ZX-7 35mm Film Camera w/AF 28-80MM LENS Untested As Is Parts And Repair,Pentax,Film Cameras,For parts or not working,29.99,USD,"FIXED_PRICE,BEST_OFFER",9,1600,as-is;underpriced(med 159),US,jepgal1,99.8,2026-08-14T08:00:01.000Z,,https://www.ebay.com/itm/227474445114?hash=item34f688933a:g:RvgAAeSw~bxqfepP,https://i.ebayimg.com/images/g/RvgAAeSw~bxqfepP/s-l225.jpg
残件/按现状,75.0,NIKON Nikkormat FT 35mm SLR Film Camera Body Only - READ -,Nikon,Film Cameras,For parts or not working,30.0,USD,"FIXED_PRICE,BEST_OFFER",9,1600,underpriced(med 253),US,vcpbrattleboro,100.0,2026-08-14T19:17:30.000Z,,https://www.ebay.com/itm/267757288929?hash=item3e5793fde1:g:iIMAAeSwUulqf2mU,https://i.ebayimg.com/images/g/iIMAAeSwUulqf2mU/s-l225.jpg
残件/按现状,75.0,Vintage Minolta XG7 SLR Camera Body Parts And Repair,Minolta,Film Cameras,For parts or not working,30.0,USD,FIXED_PRICE,14,1600,underpriced(med 100),US,brownie42022-5,100.0,2026-08-14T16:43:25.000Z,,https://www.ebay.com/itm/307126685030?hash=item47822d4d66:g:L0EAAeSwDRtqf0Vj,https://i.ebayimg.com/images/g/L0EAAeSwDRtqf0Vj/s-l225.jpg
残件/按现状,75.0,FUJIFILM picPAL2 Compact Film Camera With Original Case Untested,Fujifilm,Film Cameras,For parts or not working,30.0,USD,FIXED_PRICE,5,1599,as-is;underpriced(med 130),US,anderson_exchange,99.8,2026-08-14T12:07:28.000Z,,https://www.ebay.com/itm/800507008923?hash=itemba61ef979b:g:7wAAAeSw2QtouEo~,https://i.ebayimg.com/images/g/7wAAAeSw2QtouEo~/s-l225.jpg
残件/按现状,75.0,Konica FT-1 Motor 35mm SLR Film Camera Body Japan Parts Repair Vintage,Konica,Film Cameras,For parts or not working,31.99,USD,"FIXED_PRICE,BEST_OFFER",8,1600,underpriced(med 137),US,dudeifoundthis,98.7,2026-08-14T08:39:46.000Z,,https://www.ebay.com/itm/307125877694?hash=item478220fbbe:g:YvIAAeSwIVVqftPP,https://i.ebayimg.com/images/g/YvIAAeSwIVVqftPP/s-l225.jpg
残件/按现状,75.0,Vtg Minolta Maxxum QT si 35mm Film camera with AF Zoom 35-70mm Untested,Minolta,Film Cameras,For parts or not working,32.0,USD,"FIXED_PRICE,BEST_OFFER",20,1600,as-is;underpriced(med 100),US,nellieooo,100.0,2026-08-14T13:09:58.000Z,,https://www.ebay.com/itm/336742050465?hash=item4e6763eaa1:g:BcUAAeSw6z1qfxOT,https://i.ebayimg.com/images/g/BcUAAeSw6z1qfxOT/s-l225.jpg
残件/按现状,75.0,"vintage yashica camera, 35MM, auto focus, parts only, untested, with case",Yashica,Film Cameras,For parts or not working,32.4,USD,"FIXED_PRICE,BEST_OFFER",7,1600,as-is;underpriced(med 130),US,gikent,99.9,2026-08-14T20:14:11.000Z,,https://www.ebay.com/itm/307126898404?hash=item4782308ee4:g:224AAeSwzY5qVq0V,https://i.ebayimg.com/images/g/224AAeSwzY5qVq0V/s-l225.jpg
残件/按现状,75.0,NIKON LENS NIKKOR-Q AUTO 1:3.5 135MM Junk Used,Nikon,Lenses,Used,32.49,USD,FIXED_PRICE,3,1280,mount:nikon f;as-is;underpriced(med 249),JP,hard-off-japan-in-au,99.2,2026-08-14T17:37:47.000Z,,https://www.ebay.com/itm/318730127978?hash=item4a35cbca6a:g:JqwAAeSwY5dqf3Ro,https://i.ebayimg.com/images/g/JqwAAeSwY5dqf3Ro/s-l225.jpg
残件/按现状,75.0,Olympus Superzoom 160 G Multi AF 35mm Point & Shoot Film Camera Untested,Olympus,Film Cameras,Used,32.95,USD,"FIXED_PRICE,BEST_OFFER",8,1600,as-is;underpriced(med 160),US,bmfj007,99.9,2026-08-14T12:37:16.000Z,,https://www.ebay.com/itm/137620453465?hash=item200ad17859:g:lLcAAeSwMcpqfwub,https://i.ebayimg.com/images/g/lLcAAeSwMcpqfwub/s-l225.jpg
残件/按现状,75.0,Olympus IS-2 DLX Quartzdate 35mm Film Camera 35-135mm Zoom Macro Untested,Olympus,Film Cameras,Used,33.16,USD,"FIXED_PRICE,BEST_OFFER",10,1285,as-is;underpriced(med 160),US,coastal_trading_post,99.8,2026-08-14T17:46:00.000Z,,https://www.ebay.com/itm/298588122630?hash=item45853d2e06:g:tDEAAeSwyRFqfhZt,https://i.ebayimg.com/images/g/tDEAAeSwyRFqfhZt/s-l225.jpg
残件/按现状,75.0,Nikon N80 35mm Film SLR Camera BODY ONLY FOR PARTS AS-IS NO LENSE,Nikon,Film Cameras,For parts or not working,34.87,USD,"FIXED_PRICE,BEST_OFFER",4,1440,as-is;underpriced(med 253),US,jondoc93,99.2,2026-08-15T00:29:12.000Z,,https://www.ebay.com/itm/128027192222?hash=item1dcf03eb9e:g:VecAAeSwF7JpP-8M,https://i.ebayimg.com/images/g/VecAAeSwF7JpP-8M/s-l225.jpg
残件/按现状,75.0,Canon Autoboy2 AF35M II Sure Shot 35mm Point & Shoot From JAPAN Parts/Repair,Canon,Film Cameras,For parts or not working,34.95,USD,"FIXED_PRICE,BEST_OFFER",8,1600,underpriced(med 165),US,artnoveauseller,99.5,2026-08-14T15:25:36.000Z,,https://www.ebay.com/itm/398285291813?hash=item5cbba74125:g:jS0AAOSw6SVmMpce,https://i.ebayimg.com/images/g/jS0AAOSw6SVmMpce/s-l225.jpg
残件/按现状,75.0,Olympus Accura View 90 AF 35mm Film Camera 38-90mm Zoom Quartz Date Untested,Olympus,Film Cameras,For parts or not working,34.99,USD,"FIXED_PRICE,BEST_OFFER",9,1600,as-is;underpriced(med 160),US,retromikes661,100.0,2026-08-15T07:15:40.000Z,,https://www.ebay.com/itm/168615151535?hash=item27423f07af:g:AgwAAeSwPoZqgBD5,https://i.ebayimg.com/images/g/AgwAAeSwPoZqgBD5/s-l225.jpg
残件/按现状,75.0,Nikon N80 35mm Film SLR Camera Body Only For Parts - ERROR,Nikon,Film Cameras,For parts or not working,34.99,USD,"FIXED_PRICE,BEST_OFFER",5,1600,as-is;underpriced(med 253),US,sillybearimage,100.0,2026-08-14T15:06:52.000Z,,https://www.ebay.com/itm/327310153239?hash=item4c35349617:g:eG8AAeSwW4tqfy8C,https://i.ebayimg.com/images/g/eG8AAeSwW4tqfy8C/s-l225.jpg
残件/按现状,75.0,Canon Sure Shot 35mm Auto Focus 38mm 1:2.8 Point & Shoot Camera Read Description,Canon,Film Cameras,Used,35.0,USD,"FIXED_PRICE,BEST_OFFER",7,1600,underpriced(med 165),US,nicolique,99.9,2026-08-14T20:46:24.000Z,,https://www.ebay.com/itm/198571435200?hash=item2e3bc7a4c0:g:I0YAAeSwrndqaRRk,https://i.ebayimg.com/images/g/I0YAAeSwrndqaRRk/s-l225.jpg
残件/按现状,75.0,Canon AL-1 35mm SLR Film Camera Body Only - For Parts/repair,Canon,Film Cameras,For parts or not working,35.0,USD,"FIXED_PRICE,BEST_OFFER",6,1600,as-is;underpriced(med 165),US,shellyfett529,100.0,2026-08-14T18:00:43.000Z,,https://www.ebay.com/itm/398285734918?hash=item5cbbae0406:g:7y0AAeSwR01qf1eq,https://i.ebayimg.com/images/g/7y0AAeSwR01qf1eq/s-l225.jpg
残件/按现状,75.0,Minolta srt 101 camera with 80-200mm lens,Minolta,Film Cameras,For parts or not working,35.0,USD,"FIXED_PRICE,BEST_OFFER",7,1600,underpriced(med 100),US,aelvitct,100.0,2026-08-14T17:07:53.000Z,,https://www.ebay.com/itm/147504923172?hash=item2257fa8224:g:P-UAAeSwMjhqf0rv,https://i.ebayimg.com/images/g/P-UAAeSwMjhqf0rv/s-l225.jpg
残件/按现状,75.0,Canon AF35M 35mm Film Camera Point & Shoot f/2.8 Lens Parts/Repair READ,Canon,Film Cameras,For parts or not working,35.41,USD,"FIXED_PRICE,BEST_OFFER",15,1600,underpriced(med 165),US,kythrifter502,100.0,2026-08-15T06:46:18.000Z,,https://www.ebay.com/itm/147506117857?hash=item22580cbce1:g:WjMAAeSwS-xp3vXN,https://i.ebayimg.com/images/g/WjMAAeSwS-xp3vXN/s-l225.jpg
残件/按现状,75.0,Minolta A 7700i SLR Camera W/ AF Zoom 35-105mm 3.5-4.5 Lens PARTS ONLY,Minolta,Film Cameras,For parts or not working,35.72,USD,"FIXED_PRICE,BEST_OFFER",6,1599,as-is;underpriced(med 100),US,travelinshopper,99.6,2026-08-14T19:16:32.000Z,,https://www.ebay.com/itm/257680540529?hash=item3bfef50371:g:YyMAAeSw8Ixn~wIt,https://i.ebayimg.com/images/g/YyMAAeSw8Ixn~wIt/s-l225.jpg
残件/按现状,75.0,2 Nikon FG Chrome 35mm Film analog SLR camera PARTS ONLY missing parts NO RETURN,Nikon,Film Cameras,For parts or not working,38.85,USD,FIXED_PRICE,9,1600,as-is;underpriced(med 240),US,lukavakeli,99.9,2026-08-14T11:16:50.000Z,,https://www.ebay.com/itm/206490418008?hash=item3013c9bb58:g:Kp4AAeSwXCJqOytF,https://i.ebayimg.com/images/g/Kp4AAeSwXCJqOytF/s-l225.jpg
残件/按现状,75.0,Fujifilm Instant Film Camera Instax 210 For Parts Repair READ,Fujifilm,Film Cameras,For parts or not working,38.99,USD,"FIXED_PRICE,BEST_OFFER",6,1600,as-is;underpriced(med 126),US,khw72004,99.5,2026-08-14T20:41:39.000Z,,https://www.ebay.com/itm/237006315912?hash=item372ead6188:g:qrgAAeSw3C1qf300,https://i.ebayimg.com/images/g/qrgAAeSw3C1qf300/s-l225.jpg
残件/按现状,75.0,Honeywell Asahi Pentax SP500 Camera + Lens Untested,Asahi,Film Cameras,Used,39.0,USD,"FIXED_PRICE,BEST_OFFER",8,1600,as-is;underpriced(med 143),US,thestranger21,100.0,2026-08-14T06:34:01.000Z,,https://www.ebay.com/itm/117358628721?hash=item1b531e8f71:g:zHQAAeSwdUJqfhzR,https://i.ebayimg.com/images/g/zHQAAeSwdUJqfhzR/s-l225.jpg
残件/按现状,75.0,Canon AF35ML 35mm Film Camera w/ 40mm f/1.9 Lens – FOR PARTS / NOT WORKING,Canon,Film Cameras,For parts or not working,39.95,USD,"FIXED_PRICE,BEST_OFFER",6,1600,as-is;underpriced(med 165),US,srgedgoods,100.0,2026-08-15T13:00:01.000Z,,https://www.ebay.com/itm/336737533754?hash=item4e671eff3a:g:bWgAAeSwSLlqe24P,https://i.ebayimg.com/images/g/bWgAAeSwSLlqe24P/s-l225.jpg
残件/按现状,75.0,Canon Sure Shot 70 Zoom Date 35mm Film Camera – Tested Working – Flash Issue,Canon,Film Cameras,For parts or not working,39.95,USD,"FIXED_PRICE,BEST_OFFER",9,1600,underpriced(med 166),US,srgedgoods,100.0,2026-08-14T13:00:01.000Z,,https://www.ebay.com/itm/336737532482?hash=item4e671efa42:g:L4wAAeSwWQxqe22l,https://i.ebayimg.com/images/g/L4wAAeSwWQxqe22l/s-l225.jpg
残件/按现状,75.0,2 Vintage Konica Cameras w lenses FS-1 & Autoreflex T Estate Find UNTESTED AS IS,Konica,Film Cameras,For parts or not working,39.98,USD,FIXED_PRICE,21,1600,as-is;underpriced(med 135),US,certifiedtreasurehunter,100.0,2026-08-14T14:31:54.000Z,,https://www.ebay.com/itm/257680110555?hash=item3bfeee73db:g:QuEAAeSwdwxpd7Ix,https://i.ebayimg.com/images/g/QuEAAeSwdwxpd7Ix/s-l225.jpg
残件/按现状,75.0,Pentax K2 Silver 35mm Film Camera ASIS PARTS,Pentax,Film Cameras,For parts or not working,39.99,USD,"FIXED_PRICE,BEST_OFFER",3,1600,underpriced(med 157),US,stephenscloset,100.0,2026-08-14T16:22:57.000Z,,https://www.ebay.com/itm/820001865102?hash=itembeebeb7d8e:g:CXIAAeSwgYVqf0CF,https://i.ebayimg.com/images/g/CXIAAeSwgYVqf0CF/s-l225.jpg
残件/按现状,75.0,Olympus AF-1 Quartzdate 35mm Point and Shoot [FOR PARTS / Winding Not Working],Olympus,Film Cameras,Used,39.99,USD,FIXED_PRICE,2,1600,as-is;underpriced(med 160),US,sinanzee421,100.0,2026-08-14T16:22:50.000Z,,https://www.ebay.com/itm/237005949667?hash=item372ea7cae3:g:WhMAAeSwm6tqf0CN,https://i.ebayimg.com/images/g/WhMAAeSwm6tqf0CN/s-l225.jpg
打包杂件,75.0,Fujifilm Instax Mini 8 and Mini 9 Instant Film Camera 2 Piece Lot Red Blue,Fujifilm,Film Cameras,Used,39.99,USD,FIXED_PRICE,6,1600,underpriced(med 126),US,goodwillsocalshop,99.7,2026-08-14T13:08:53.000Z,,https://www.ebay.com/itm/267757016693?hash=item3e578fd675:g:3UEAAeSwJM5qU44V,https://i.ebayimg.com/images/g/3UEAAeSwJM5qU44V/s-l225.jpg
残件/按现状,75.0,Minolta 110 Zoom Date Point & Shoot 35mm Film Camera Fresh Battery Silver Read,Minolta,Film Cameras,For parts or not working,39.99,USD,FIXED_PRICE,8,1419,underpriced(med 100),US,deliman17,99.4,2026-08-14T04:48:47.000Z,,https://www.ebay.com/itm/298586605476?hash=item45852607a4:g:QxUAAeSwG~NoD~WY,https://i.ebayimg.com/images/g/QxUAAeSwG~NoD~WY/s-l225.jpg
残件/按现状,75.0,Minolta Freedom DL 35mm Point & Shoot Film Camera Dual Lens AF Strap,Minolta,Film Cameras,For parts or not working,40.0,USD,"FIXED_PRICE,BEST_OFFER",5,1600,underpriced(med 100),US,qa63_1,100.0,2026-08-15T09:49:48.000Z,,https://www.ebay.com/itm/227476851842?hash=item34f6ad4c82:g:w4YAAeSwGjJqY98I,https://i.ebayimg.com/images/g/w4YAAeSwGjJqY98I/s-l225.jpg
残件/按现状,75.0,"Olympus Stylus Zoom 115 All-Weather 35mm Film Camera, for Parts",Olympus,Film Cameras,For parts or not working,40.0,USD,"FIXED_PRICE,BEST_OFFER",10,1600,as-is;underpriced(med 160),US,wallywalkin35,0.0,2026-08-14T21:21:00.000Z,,https://www.ebay.com/itm/178407500674?hash=item2989ea6b82:g:5m4AAeSwBUdqf4UI,https://i.ebayimg.com/images/g/5m4AAeSwBUdqf4UI/s-l225.jpg
残件/按现状,75.0,CANON FL Lens 135MM F3.5 Junk Used,Canon,Lenses,Used,42.05,USD,FIXED_PRICE,4,1280,mount:canon fd;as-is;underpriced(med 295),JP,hard-off-japan-in-au,99.2,2026-08-14T17:37:30.000Z,,https://www.ebay.com/itm/318730127486?hash=item4a35cbc87e:g:MV0AAeSwlC5qf3Tx,https://i.ebayimg.com/images/g/MV0AAeSwlC5qf3Tx/s-l225.jpg
残件/按现状,75.0,Canon EOS 5 35mm Film Camera Body Only – Untested – Parts/Repair,Canon,Film Cameras,For parts or not working,42.85,USD,"FIXED_PRICE,BEST_OFFER",10,1600,as-is;underpriced(med 166),US,kythrifter502,100.0,2026-08-14T06:48:32.000Z,,https://www.ebay.com/itm/147503906299?hash=item2257eafdfb:g:HWsAAeSwhANp3ZrR,https://i.ebayimg.com/images/g/HWsAAeSwhANp3ZrR/s-l225.jpg
打包杂件,75.0,Fujifilm Instax Mini 11 Instant Film Camera Bundle Lilac Purple Open Box Works,Fujifilm,Film Cameras,Open box,42.99,USD,"FIXED_PRICE,BEST_OFFER",15,1600,underpriced(med 126),US,secretlakellc2,100.0,2026-08-15T12:21:02.000Z,,https://www.ebay.com/itm/168615619729?hash=item2742462c91:g:7lQAAeSwbiNqf7OZ,https://i.ebayimg.com/images/g/7lQAAeSwbiNqf7OZ/s-l225.jpg
残件/按现状,75.0,Konica TOP’S AF-300 35mm Film Camera w/ Case & Manual – Untested,Konica,Film Cameras,Used,44.5,USD,"FIXED_PRICE,BEST_OFFER",1,1600,as-is;underpriced(med 135),US,ozzz-96,100.0,2026-08-14T15:48:41.000Z,,https://www.ebay.com/itm/407144646110?hash=item5ecbb645de:g:I9YAAeSw-wlqfzfZ,https://i.ebayimg.com/images/g/I9YAAeSw-wlqfzfZ/s-l225.jpg
残件/按现状,75.0,Olympus 35 RC 35mm Rangefinder Vintage Film Camera - AS IS - READ,Olympus,Film Cameras,For parts or not working,44.99,USD,"FIXED_PRICE,BEST_OFFER",5,1600,as-is;underpriced(med 160),US,jasstephens363,100.0,2026-08-14T21:52:13.000Z,,https://www.ebay.com/itm/128027021291?hash=item1dcf014feb:g:LUAAAeSwgIBqf423,https://i.ebayimg.com/images/g/LUAAAeSwgIBqf423/s-l225.jpg
残件/按现状,75.0,Olympus Infinity Stylus Zoom 115 QuartzDate 35mm Film Camera Parts/Repair,Olympus,Film Cameras,For parts or not working,44.99,USD,"FIXED_PRICE,BEST_OFFER",3,1600,underpriced(med 160),US,hawknationia,99.6,2026-08-14T15:04:57.000Z,,https://www.ebay.com/itm/267757085078?hash=item3e5790e196:g:TZQAAeSwXudqfy5U,https://i.ebayimg.com/images/g/TZQAAeSwXudqfy5U/s-l225.jpg
残件/按现状;打包杂件,75.0,VTG Canon EOS Rebel G Sureshot Film SLR Camera Lens Filter Flash Lot Untested,Canon,Film Cameras,For parts or not working,44.99,USD,"FIXED_PRICE,BEST_OFFER",9,1080,as-is;underpriced(med 165),US,amaizeingj,99.5,2026-08-14T14:30:13.000Z,,https://www.ebay.com/itm/227475755075?hash=item34f69c9043:g:KVcAAeSwWnhoJez2,https://i.ebayimg.com/images/g/KVcAAeSwWnhoJez2/s-l225.jpg
残件/按现状,75.0,Olympus PEN EE 35mm Half Frame Film Camera W/ Case - Untested,Olympus,Film Cameras,For parts or not working,45.0,USD,FIXED_PRICE,5,1600,as-is;underpriced(med 160),US,winecountryretro,99.6,2026-08-15T03:19:50.000Z,,https://www.ebay.com/itm/178408251382?hash=item2989f5dff6:g:6CAAAeSw3bJqf9qA,https://i.ebayimg.com/images/g/6CAAAeSw3bJqf9qA/s-l225.jpg
残件/按现状,75.0,Olympus Infinity Zoom 230 Quartzdate 35mm Point & Shoot Camera - Untested,Olympus,Film Cameras,Used,45.0,USD,"FIXED_PRICE,BEST_OFFER",5,1599,as-is;underpriced(med 160),US,thrifting_34,100.0,2026-08-14T23:14:55.000Z,,https://www.ebay.com/itm/820003021533?hash=itembeebfd22dd:g:GEMAAeSw4qpqf6FD,https://i.ebayimg.com/images/g/GEMAAeSw4qpqf6FD/s-l225.jpg
残件/按现状,75.0,Yashica Electro 35 G Rangefinder Film Camera w/45mm f1.7 Lens,Yashica,Film Cameras,For parts or not working,45.0,USD,FIXED_PRICE,19,1600,underpriced(med 130),US,the-rl-shop,100.0,2026-08-14T19:23:34.000Z,,https://www.ebay.com/itm/147505136254?hash=item2257fdc27e:g:yMQAAeSwlP5qf2qU,https://i.ebayimg.com/images/g/yMQAAeSwlP5qf2qU/s-l225.jpg
残件/按现状,75.0,Yashica FX-7 Super 35mm Single Lens Reflex Film Camera Untested W 80-200mm 1:3.5,Yashica,Film Cameras,Used,45.0,USD,FIXED_PRICE,5,1600,as-is;underpriced(med 134),US,vintagebargaingirl,100.0,2026-08-14T05:00:07.000Z,,https://www.ebay.com/itm/267756699575?hash=item3e578affb7:g:0jsAAeSwRoFnvKl9,https://i.ebayimg.com/images/g/0jsAAeSwRoFnvKl9/s-l225.jpg
残件/按现状,75.0,Vintage 🔥 Konica U-mini RED - 35mm Film Camera Fixed Focus READ Description,Konica,Film Cameras,Used,49.49,USD,FIXED_PRICE,14,1600,underpriced(med 135),US,sabeostore,100.0,2026-08-15T03:41:15.000Z,,https://www.ebay.com/itm/137622861736?hash=item200af637a8:g:LkgAAeSwt5tqL53y,https://i.ebayimg.com/images/g/LkgAAeSwt5tqL53y/s-l225.jpg
残件/按现状,75.0,Olympus Infinity Stylus Zoom 140 DLX 35mm Film Camera Point and Shoot - UNTESTED,Olympus,Film Cameras,For parts or not working,49.97,USD,"FIXED_PRICE,BEST_OFFER",6,1599,as-is;underpriced(med 160),US,thedappe_74,99.7,2026-08-14T05:39:45.000Z,,https://www.ebay.com/itm/398283741802?hash=item5cbb8f9a6a:g:zTUAAeSwj0VqfqoT,https://i.ebayimg.com/images/g/zTUAAeSwj0VqfqoT/s-l225.jpg
残件/按现状,75.0,Olympus LT Zoom 105 Point & Shoot 35mm Camera Burgundy Manual Powers On PARTS,Olympus,Film Cameras,For parts or not working,49.99,USD,"FIXED_PRICE,BEST_OFFER",12,1600,underpriced(med 160),US,rodtrading444,99.4,2026-08-15T13:30:04.000Z,,https://www.ebay.com/itm/298590242656?hash=item45855d8760:g:I8YAAeSwnudqLLUY,https://i.ebayimg.com/images/g/I8YAAeSwnudqLLUY/s-l225.jpg
残件/按现状,75.0,Canon T70 35mm camera With Vivitar 28-200 Mm Lens Untested,Canon,Film Cameras,Used,49.99,USD,"FIXED_PRICE,BEST_OFFER",11,1186,as-is;underpriced(med 165),US,make-ends-meet,99.7,2026-08-15T11:02:37.000Z,,https://www.ebay.com/itm/206492884894?hash=item3013ef5f9e:g:400AAeSwrBhpblKx,https://i.ebayimg.com/images/g/400AAeSwrBhpblKx/s-l225.jpg
残件/按现状,75.0,Vintage Yashica T2/T2D Film Camera Point And Shoot 35 MM - UNTESTED,Yashica,Film Cameras,Used,50.0,USD,FIXED_PRICE,9,1600,as-is;underpriced(med 130),US,andble8453,99.4,2026-08-15T00:48:10.000Z,,https://www.ebay.com/itm/318731590928?hash=item4a35e21d10:g:BSgAAeSwyShqf7Uf,https://i.ebayimg.com/images/g/BSgAAeSwyShqf7Uf/s-l225.jpg
残件/按现状,75.0,Canon Sure Shot Max 35mm Point & Shoot Film Camera Untested,Canon,Film Cameras,For parts or not working,50.0,USD,FIXED_PRICE,8,1600,as-is;underpriced(med 165),US,cmorg-26,100.0,2026-08-14T23:33:35.000Z,,https://www.ebay.com/itm/398286542030?hash=item5cbbba54ce:g:4TUAAeSwL~Nqf6UK,https://i.ebayimg.com/images/g/4TUAAeSwL~Nqf6UK/s-l225.jpg
打包杂件,75.0,Nikon N8008 N2020 Camera Lot With Bag Accessories,Nikon,Film Cameras,Used,50.0,USD,"FIXED_PRICE,BEST_OFFER",23,1600,underpriced(med 253),US,roydagger,100.0,2026-08-14T13:38:11.000Z,,https://www.ebay.com/itm/318729242525?hash=item4a35be479d:g:NrcAAeSwFW1qfxm-,https://i.ebayimg.com/images/g/NrcAAeSwFW1qfxm-/s-l225.jpg
型号不明,75.0,NIKON LENS AF NIKKOR 35-135 3.5-4.5 Used,Nikon,Lenses,Used,51.61,USD,FIXED_PRICE,8,1280,mount:nikon f;underpriced(med 249),JP,hard-off-japan-in-au,99.2,2026-08-14T17:37:47.000Z,,https://www.ebay.com/itm/318730127974?hash=item4a35cbca66:g:F24AAeSwMeVqf3Rj,https://i.ebayimg.com/images/g/F24AAeSwMeVqf3Rj/s-l225.jpg
型号不明,75.0,Minolta MD ZOOM ROKKOR 100ｰ200mm f/5.6 [Excellent] Zoom Lens MD Mount from Japan,Minolta,Lenses,Used,53.39,USD,FIXED_PRICE,16,1409,mount:minolta md;underpriced(med 127),JP,zero0s1-camera-hub-japan,100.0,2026-08-14T16:36:49.000Z,,https://www.ebay.com/itm/820001912058?hash=itembeebec34fa:g:hkgAAOSwbZ5nAz7d,https://i.ebayimg.com/images/g/hkgAAOSwbZ5nAz7d/s-l225.jpg
残件/按现状,75.0,Konica Autoreflex T Film Camera With Konica Hexanon AR 50mm F1:7 Lens Untested,Konica,Film Cameras,For parts or not working,54.99,USD,"FIXED_PRICE,BEST_OFFER",14,1600,as-is;underpriced(med 135),US,thrivethroughfinds,99.9,2026-08-15T01:58:47.000Z,,https://www.ebay.com/itm/206491999681?hash=item3013e1ddc1:g:9WEAAeSwxkhqf8eS,https://i.ebayimg.com/images/g/9WEAAeSwxkhqf8eS/s-l225.jpg
打包杂件,75.0,Fujifilm Instax Mini 11 Instant Camera In Lilac Purple And Film Lot,Fujifilm,Film Cameras,Used,54.99,USD,"FIXED_PRICE,BEST_OFFER",13,1600,underpriced(med 126),US,saywhatsales4u,99.7,2026-08-14T18:14:25.000Z,,https://www.ebay.com/itm/287525174358?hash=item42f1d5fc56:g:h~gAAeSwiiFqf063,https://i.ebayimg.com/images/g/h~gAAeSwiiFqf063/s-l225.jpg
残件/按现状,75.0,Pentax Zoom 105 Super AF 35mm Film Camera Tested Working (see description),Pentax,Film Cameras,Used,55.95,USD,"FIXED_PRICE,BEST_OFFER",8,1162,underpriced(med 157),US,bigtimedeals2025,99.8,2026-08-14T23:34:12.000Z,,https://www.ebay.com/itm/318731379795?hash=item4a35dee453:g:Rq4AAeSwFz1qf6V3,https://i.ebayimg.com/images/g/Rq4AAeSwFz1qf6V3/s-l225.jpg
残件/按现状,75.0,Olympus Infinity Zoom 70 Gold 38-70mm Point & Shoot Film Camera,Olympus,Film Cameras,For parts or not working,59.95,USD,"FIXED_PRICE,BEST_OFFER",12,1600,underpriced(med 160),US,rudolphscollectibles,100.0,2026-08-14T08:35:14.000Z,,https://www.ebay.com/itm/178405710575?hash=item2989cf1aef:g:nlIAAeSwSKxqftIG,https://i.ebayimg.com/images/g/nlIAAeSwSKxqftIG/s-l225.jpg
打包杂件,75.0,Olympus CAMEDIA C-730 Ultra Zoom 3.2MP Digital Camera Bundle Lenses Remote Works,Olympus,Film Cameras,Used,59.98,USD,FIXED_PRICE,20,1024,underpriced(med 160),US,kkranich2012,99.9,2026-08-14T19:17:31.000Z,,https://www.ebay.com/itm/237006206349?hash=item372eabb58d:g:ofEAAeSwJHdqf2lX,https://i.ebayimg.com/images/g/ofEAAeSwJHdqf2lX/s-l225.jpg
残件/按现状,75.0,Olympus Trip 35 Compact Point & Shoot Film Camera w/40mm F/2.8 Lens Untested,Olympus,Film Cameras,Used,59.99,USD,FIXED_PRICE,8,1600,as-is;underpriced(med 160),US,loot-n-trade,100.0,2026-08-15T04:19:04.000Z,,https://www.ebay.com/itm/820004014550?hash=itembeec0c49d6:g:zngAAeSwjRtqf-ib,https://i.ebayimg.com/images/g/zngAAeSwjRtqf-ib/s-l225.jpg
残件/按现状,75.0,Canon SureShot 105 Zoom Point & Shoot Camera Auto Focus Flash 38-105mm Untested,Canon,Film Cameras,For parts or not working,59.99,USD,"FIXED_PRICE,BEST_OFFER",6,1599,as-is;underpriced(med 165),US,codyjc61,100.0,2026-08-15T02:15:44.000Z,,https://www.ebay.com/itm/147505686145?hash=item2258062681:g:iGoAAeSwyShqf8tn,https://i.ebayimg.com/images/g/iGoAAeSwyShqf8tn/s-l225.jpg
打包杂件,75.0,Olympus OM88 Film Camera Bundle w/ 35-70mm & 70-210mm & AF 50mm Zoom Lenses,Olympus,Film Cameras,Used,59.99,USD,"FIXED_PRICE,BEST_OFFER",10,1600,underpriced(med 160),US,guyusaf,100.0,2026-08-14T21:19:36.000Z,,https://www.ebay.com/itm/237006368016?hash=item372eae2d10:g:df8AAeSwX61qL0Sl,https://i.ebayimg.com/images/g/df8AAeSwX61qL0Sl/s-l225.jpg
型号不明,75.0,"Zeiss Ikon 1.7x Teleskop, Stuttgart Germany, Read",Zeiss,Lenses,Used,59.99,USD,"FIXED_PRICE,BEST_OFFER",3,1600,underpriced(med 570),US,tensawc0,100.0,2026-08-14T18:52:07.000Z,,https://www.ebay.com/itm/287525214523?hash=item42f1d6993b:g:UjkAAeSwpoNqf2NF,https://i.ebayimg.com/images/g/UjkAAeSwpoNqf2NF/s-l225.jpg
残件/按现状,75.0,"Nikon F 35mm Film SLR Camera, Body Only, Low Serial Number-Early 60’s, For Parts",Nikon,Film Cameras,For parts or not working,74.99,USD,FIXED_PRICE,5,1600,mount:nikon f;as-is;underpriced(med 253),US,mydadsstuff,100.0,2026-08-14T21:28:12.000Z,,https://www.ebay.com/itm/307126966847?hash=item4782319a3f:g:fw4AAeSweFNqMYzM,https://i.ebayimg.com/images/g/fw4AAeSweFNqMYzM/s-l225.jpg
残件/按现状,75.0,Nikon F 35mm Camera Body with Nikon F Plain eye-level Prism - READ-,Nikon,Film Cameras,For parts or not working,85.0,USD,"FIXED_PRICE,BEST_OFFER",8,1600,mount:nikon f;underpriced(med 253),US,vcpbrattleboro,100.0,2026-08-14T19:13:35.000Z,,https://www.ebay.com/itm/267757286835?hash=item3e5793f5b3:g:nqoAAeSw3Bxqf2ik,https://i.ebayimg.com/images/g/nqoAAeSw3Bxqf2ik/s-l225.jpg
型号不明,75.0,Tessar 3.5/80 Carl Zeiss Jena CZJ Heavy Lens #2384443,Zeiss,Vintage Lenses,,89.0,USD,FIXED_PRICE,8,1600,grail:Tessar,UA,fotomaestro,100.0,2026-08-14T19:40:30.000Z,,https://www.ebay.com/itm/137621621502?hash=item200ae34afe:g:rhcAAeSwpoNqf24N,https://i.ebayimg.com/images/g/rhcAAeSwpoNqf24N/s-l225.jpg
残件/按现状,74.0,Nikon 18-55mm f/3.5-5.6G AF-S DX VR Nikkor Zoom Lens For Parts,Nikon,Lenses,For parts or not working,30.0,USD,"FIXED_PRICE,BEST_OFFER",6,1232,mount:nikon f;55mm;as-is;underpriced(med 249),US,astop4you,100.0,2026-08-14T16:48:08.000Z,,https://www.ebay.com/itm/327310270325?hash=item4c35365f75:g:SBkAAeSwA6tqf0Yg,https://i.ebayimg.com/images/g/SBkAAeSwA6tqf0Yg/s-l225.jpg
查无市价,74.0,Zeiss Ikon Ikonta 521/2 Camera Zeiss Tessar 4.5 / 10.5cm W/ Compur Rapid Shutter,Zeiss,Vintage Cameras,,120.0,USD,FIXED_PRICE,23,1600,grail:Tessar,US,a2bworld,99.7,2026-08-15T13:02:27.000Z,,https://www.ebay.com/itm/137624297000?hash=item200b0c1e28:g:wxoAAeSwyedqfo8w,https://i.ebayimg.com/images/g/wxoAAeSwyedqfo8w/s-l225.jpg
残件/按现状,73.0,Read [As-Is] Olympus OZ 110 zoom Black Point & Shoot 35mm Film Camera From JAPAN,Olympus,Film Cameras,Used,69.99,USD,"FIXED_PRICE,BEST_OFFER",17,720,as-is;underpriced(med 160),JP,ikut_jp2014,98.1,2026-08-14T14:41:42.000Z,,https://www.ebay.com/itm/158187984010?hash=item24d4bd148a:g:UwQAAOSwn5ZnZeJS,https://i.ebayimg.com/images/g/UwQAAOSwn5ZnZeJS/s-l225.jpg
型号不明,73.0,Canon FT QL Film DSLR Camera Console,Canon,Film Cameras,Used,72.22,USD,FIXED_PRICE,3,1080,underpriced(med 165),JP,tukemai,100.0,2026-08-15T11:16:13.000Z,,https://www.ebay.com/itm/407146486410?hash=item5ecbd25a8a:g:TSEAAeSwyedqgEr8,https://i.ebayimg.com/images/g/TSEAAeSwyedqgEr8/s-l225.jpg
型号不明,73.0,Beautiful!!! [Top MINT+] Nikon AF-I Teleconverter TC-14E 1.4x Lens From JAPAN,Nikon,Lenses,Used,79.99,USD,FIXED_PRICE,23,1600,good-cond;underpriced(med 249),JP,ken-ken_camera_japan,100.0,2026-08-14T10:50:23.000Z,,https://www.ebay.com/itm/407143921722?hash=item5ecbab383a:g:7KkAAeSwXRhqfvQ2,https://i.ebayimg.com/images/g/7KkAAeSwXRhqfvQ2/s-l225.jpg
型号不明,73.0,CARL ZEISS JENA DDR MF Single Focus Lens S1:3.5 F=135 Used,Zeiss,Lenses,Used,99.44,USD,FIXED_PRICE,3,1280,underpriced(med 570),JP,hard-off-japan-in-au,99.2,2026-08-14T17:37:30.000Z,,https://www.ebay.com/itm/318730127491?hash=item4a35cbc883:g:QAYAAeSwBVhqf3SB,https://i.ebayimg.com/images/g/QAYAAeSwBVhqf3SB/s-l225.jpg
残件/按现状,72.0,TESTED UFO matrix 26mm 35mm Film Camera point and shoot LOMO BOX silver,Lomo,Film Cameras,For parts or not working,29.0,USD,"FIXED_PRICE,BEST_OFFER",21,1280,underpriced(med 130),UA,olekyast_0,99.7,2026-08-14T09:33:02.000Z,,https://www.ebay.com/itm/318728388456?hash=item4a35b13f68:g:Z20AAeSwFW1qft7z,https://i.ebayimg.com/images/g/Z20AAeSwFW1qft7z/s-l225.jpg
残件/按现状,72.0,Minolta Dynax 500si 35mm Camera W/Sigma Zoom 35-70mm 1:3.5-4.5 Lens (3D) MO#8756,Minolta,Film Cameras,For parts or not working,34.71,USD,"FIXED_PRICE,BEST_OFFER",8,1262,underpriced(med 100),AU,sellinguptotravel,99.0,2026-08-15T07:46:05.000Z,,https://www.ebay.com/itm/137623428955?hash=item200afedf5b:g:iE4AAeSwU9ppjgqJ,https://i.ebayimg.com/images/g/iE4AAeSwU9ppjgqJ/s-l225.jpg
打包杂件,72.0,"Pentax Espio 80V 35mm Film Camera Bundle w/ Case, Manual - Fully Working Tested",Pentax,Film Cameras,Used,36.04,USD,"FIXED_PRICE,BEST_OFFER",6,1600,underpriced(med 157),CA,kiemad0,100.0,2026-08-14T21:07:46.000Z,,https://www.ebay.com/itm/407145173959?hash=item5ecbbe53c7:g:YmsAAeSwQGhqf4L6,https://i.ebayimg.com/images/g/YmsAAeSwQGhqf4L6/s-l225.jpg
残件/按现状,72.0,Canon Sure Shot Max 35mm Point & Shoot Film Camera for Parts / Repair Powers On,Canon,Film Cameras,For parts or not working,39.63,USD,"FIXED_PRICE,BEST_OFFER",12,1600,as-is;underpriced(med 165),CA,306videogames,100.0,2026-08-15T04:12:05.000Z,,https://www.ebay.com/itm/820003977993?hash=itembeec0bbb09:g:yCwAAeSw~uRqfQ4j,https://i.ebayimg.com/images/g/yCwAAeSw~uRqfQ4j/s-l225.jpg
残件/按现状,72.0,Olympus Superzoom 76G 35mm Film Camera 38-76mm Point & Shoot Untested,Olympus,Film Cameras,For parts or not working,43.24,USD,"FIXED_PRICE,BEST_OFFER",10,1600,as-is;underpriced(med 160),CA,bestfindscompany,100.0,2026-08-14T21:24:53.000Z,,https://www.ebay.com/itm/168614215033?hash=item274230bd79:g:enUAAeSwYTBqf4bt,https://i.ebayimg.com/images/g/enUAAeSwYTBqf4bt/s-l225.jpg
残件/按现状,72.0,"w/Running video: Asahi Pentax MX 35mm Camera, Shutter/Meter OK, but with issue",Asahi,Film Cameras,For parts or not working,79.0,USD,FIXED_PRICE,5,1267,grail:Pentax MX,US,billnsue,99.5,2026-08-14T14:38:40.000Z,,https://www.ebay.com/itm/278279824126?hash=item40cac522fe:g:fDIAAeSwbiNqfyca,https://i.ebayimg.com/images/g/fDIAAeSwbiNqfyca/s-l225.jpg
残件/按现状,72.0,Canon A-1 35mm Film Camera With Lenses VTG Japan SLR For Parts Only UNTESTED,Canon,Film Cameras,For parts or not working,87.97,USD,"FIXED_PRICE,BEST_OFFER",19,1600,grail:Canon A-1;as-is,US,do*your*best,99.8,2026-08-15T11:49:52.000Z,,https://www.ebay.com/itm/168615562582?hash=item2742454d56:g:~gUAAeSwHdJqgFIn,https://i.ebayimg.com/images/g/~gUAAeSwHdJqgFIn/s-l225.jpg
残件/按现状,72.0,Pentax K1000 SLR Camera Body Untested w/ 49mm Lens UNTESTED & Leather Case,Pentax,Film Cameras,Used,93.31,USD,"FIXED_PRICE,BEST_OFFER",12,1600,grail:K1000;49mm;as-is,CA,hubersmarketplace,100.0,2026-08-14T10:19:00.000Z,,https://www.ebay.com/itm/128026218450?hash=item1dcef50fd2:g:LAQAAeSwAVhqfuuD,https://i.ebayimg.com/images/g/LAQAAeSwAVhqfuuD/s-l225.jpg
残件/按现状,72.0,Pentax K-1000 Asahi 35mm Camera AS IS Untested W Lens Vintage,Pentax,Film Cameras,For parts or not working,98.5,USD,FIXED_PRICE,18,1600,grail:K-1000;as-is,US,danafarmboy,100.0,2026-08-14T18:29:00.000Z,,https://www.ebay.com/itm/128026803336?hash=item1dcefdfc88:g:OP8AAeSwhP1qf13D,https://i.ebayimg.com/images/g/OP8AAeSwhP1qf13D/s-l225.jpg
残件/按现状,72.0,Vtg. Canon AE-1 Program 35mm Film Camera with Powerwinder,Canon,Film Cameras,For parts or not working,99.0,USD,"FIXED_PRICE,BEST_OFFER",22,1600,grail:AE-1,US,kjjd2005,100.0,2026-08-14T20:02:26.000Z,,https://www.ebay.com/itm/188793173180?hash=item2bf4f334bc:g:FSMAAeSw3xtqf3Ni,https://i.ebayimg.com/images/g/FSMAAeSw3xtqf3Ni/s-l225.jpg
查无市价,72.0,[Near MINT w/case] Olympus XA Rangefinder 35mm Film Camera JAPAN 1401,Olympus,Film Cameras,Used,189.99,USD,FIXED_PRICE,9,1600,grail:Olympus XA;good-cond,JP,jojig_59_camera_japan,99.7,2026-08-15T07:51:52.000Z,,https://www.ebay.com/itm/137623455319?hash=item200aff4657:g:WMMAAeSwXudqgBuM,https://i.ebayimg.com/images/g/WMMAAeSwXudqgBuM/s-l225.jpg
图片过小,72.0,[ Near MINT ] Konica BiG mini BM-301 Point & Shoot 35mm Film Camera From JAPAN,Konica,Film Cameras,Used,193.99,USD,"FIXED_PRICE,BEST_OFFER",11,500,grail:BiG mini;good-cond,JP,w.a.t.k.r.japan.camera,100.0,2026-08-15T01:57:33.000Z,,https://www.ebay.com/itm/377419439145?hash=item57dff39c29:g:DPoAAeSwgYVqf8dk,https://i.ebayimg.com/images/g/DPoAAeSwgYVqf8dk/s-l225.jpg
图片过小,72.0,[ Near MINT ] PENTAX MX Silver SLR Film Camera SMC 100mm F/2.8 Lens From JAPAN,Pentax,Film Cameras,Used,198.99,USD,"FIXED_PRICE,BEST_OFFER",8,500,grail:PENTAX MX;good-cond,JP,w.a.t.k.r.japan.camera,100.0,2026-08-15T02:59:49.000Z,,https://www.ebay.com/itm/377419538511?hash=item57dff5204f:g:MAoAAeSwdJBp~9Wr,https://i.ebayimg.com/images/g/MAoAAeSwdJBp~9Wr/s-l225.jpg
图片过小,72.0,[Near MINT in Case] Olympus XA Rangefinder 35mm Film Camera A11 Flash From JAPAN,Olympus,Film Cameras,Used,243.99,USD,"FIXED_PRICE,BEST_OFFER",11,500,grail:Olympus XA;good-cond,JP,w.a.t.k.r.japan.camera,100.0,2026-08-15T01:30:24.000Z,,https://www.ebay.com/itm/377419393312?hash=item57dff2e920:g:D8kAAeSwdixqf8D9,https://i.ebayimg.com/images/g/D8kAAeSwdixqf8D9/s-l225.jpg
查无市价,72.0,Voigtlander Nokton 25mm f/0.95 Type II For Lumix MFT-Micro Four Thirds Mount,Voigtlander,Lenses,Used,249.95,USD,FIXED_PRICE,18,0,grail:Nokton;mount:micro 4/3,US,mane13,100.0,2026-08-14T20:44:39.000Z,,https://www.ebay.com/itm/318730742012?hash=item4a35d528fc:g:wyEAAeSwZQpqDM9v,https://i.ebayimg.com/images/g/wyEAAeSwZQpqDM9v/s-l225.jpg
查无市价,72.0,Leica IIIf Body Film Rengefinder Camera From Japan Tested [Near Mint],Leica,Digital Cameras,Used,550.0,USD,"FIXED_PRICE,BEST_OFFER",9,0,grail:Leica IIIf;good-cond;underpriced(med 1731),JP,re-camera,99.8,2026-08-14T08:44:24.000Z,,https://www.ebay.com/itm/327309686261?hash=item4c352d75f5:g:5fMAAeSwCN1qftap,https://i.ebayimg.com/images/g/5fMAAeSwCN1qftap/s-l225.jpg
查无市价,72.0,[Near MINT+++] Zenza Bronica SQ-Am w/ Zenzanon-S 50mm f/3.5 Tested From Japan,Bronica,Film Cameras,Used,719.99,USD,"FIXED_PRICE,BEST_OFFER",18,1600,grail:Bronica SQ;good-cond,JP,nippon_analog_camera,100.0,2026-08-14T14:05:34.000Z,,https://www.ebay.com/itm/398285071010?hash=item5cbba3e2a2:g:MhEAAeSwlOZqZLni,https://i.ebayimg.com/images/g/MhEAAeSwlOZqZLni/s-l225.jpg
无图,72.0,⏯️[ Opt MINT w/ Hood ] Mamiya RZ67 Pro II Film Camera Z 50mm F4.5 W Lens JAPAN,Mamiya,Film Cameras,Used,1399.99,USD,FIXED_PRICE,0,0,grail:RZ67;good-cond,JP,good_time_camera,100.0,2026-08-15T13:46:07.000Z,,https://www.ebay.com/itm/407146781978?hash=item5ecbd6dd1a:i:407146781978,
查无市价,72.0,Super Rare[Near MINT++] Zenza Bronica ETR-Si 40th Anniversary Limited Edition JP,Bronica,Film Cameras,Used,1699.99,USD,FIXED_PRICE,23,1600,grail:Bronica ETR;good-cond,JP,airu55,100.0,2026-08-14T16:51:04.000Z,,https://www.ebay.com/itm/800508081155?hash=itemba61fff403:g:WSYAAeSw9jhqf0g1,https://i.ebayimg.com/images/g/WSYAAeSw9jhqf0g1/s-l225.jpg
查无市价,72.0,"S/N 123xxxx ""MINT+++"" Leica M4 35mm Rangefinder Film Camera Silver Body JAPAN",Leica,Film Cameras,Used,2499.99,USD,"FIXED_PRICE,BEST_OFFER",14,1600,grail:Leica M4;good-cond,JP,kawashima-camera,100.0,2026-08-14T05:51:37.000Z,,https://www.ebay.com/itm/147503831753?hash=item2257e9dac9:g:QsUAAeSwEhhohbBw,https://i.ebayimg.com/images/g/QsUAAeSwEhhohbBw/s-l225.jpg
查无市价,72.0,"CLA'd Rare ""K"" [MINT+++] Leica IIIc III c gray Rangefinder Film Camera JAPAN",Leica,Film Cameras,Used,2949.99,USD,FIXED_PRICE,23,1600,grail:Leica IIIc;good-cond,JP,japan.camera.like,100.0,2026-08-14T16:42:25.000Z,,https://www.ebay.com/itm/178406793643?hash=item2989dfa1ab:g:g0IAAeSwTF5qf0W2,https://i.ebayimg.com/images/g/g0IAAeSwTF5qf0W2/s-l225.jpg
查无市价,72.0,Read [ Top MINT ] Leica M6 Non TTL 0.72 Black Rangefinder Film Camera From JAPAN,Leica,Film Cameras,Used,2999.99,USD,FIXED_PRICE,18,1600,grail:Leica M6;good-cond,JP,zen-camera-japan,99.6,2026-08-15T05:34:57.000Z,,https://www.ebay.com/itm/188795145069?hash=item2bf5114b6d:g:W2UAAeSwFU5qf~s5,https://i.ebayimg.com/images/g/W2UAAeSwFU5qf~s5/s-l225.jpg
查无市价,72.0,[MINT w/ Strap] Mamiya 645 AFD III Medium Format Film Camera Body From JAPAN,Mamiya,Film Cameras,Used,3199.99,USD,FIXED_PRICE,10,1600,grail:645;good-cond,JP,megalithjapancamera,100.0,2026-08-15T10:43:48.000Z,,https://www.ebay.com/itm/398288436319?hash=item5cbbd73c5f:g:A3AAAeSwg3NqgEQV,https://i.ebayimg.com/images/g/A3AAAeSwg3NqgEQV/s-l225.jpg
查无市价,72.0,【CLA'd TOP MINT w/ Case Box Strap】 Leica M6 0.72 Titanium Titan from JAPAN Q06,Leica,Film Cameras,Used,4499.9,USD,FIXED_PRICE,23,1097,grail:Leica M6;good-cond,JP,japanyuichi,100.0,2026-08-14T23:26:13.000Z,,https://www.ebay.com/itm/298588755317?hash=item458546d575:g:uEYAAeSw7rBqNwjh,https://i.ebayimg.com/images/g/uEYAAeSw7rBqNwjh/s-l225.jpg
查无市价,72.0,Rare!! 🎦[Top Mint] Hasselblad 500CM C/M 30th Gold Edition 80mm F2.8 Lens JAPAN,Hasselblad,Film Cameras,Used,5499.49,USD,FIXED_PRICE,23,1600,grail:500CM;good-cond,JP,kobe_japan_camera,99.2,2026-08-14T22:07:45.000Z,,https://www.ebay.com/itm/318731065360?hash=item4a35da1810:g:e00AAeSwXiNqagZy,https://i.ebayimg.com/images/g/e00AAeSwXiNqagZy/s-l225.jpg
残件/按现状,71.0,Nikon Zoom Nikkor AI-S 50-135mm f/3.5 manual focus lens - For Parts - Untested,Nikon,Lenses,For parts or not working,29.95,USD,FIXED_PRICE,14,1600,mount:nikon f;as-is;underpriced(med 249),US,jogotit,100.0,2026-08-14T05:11:15.000Z,,https://www.ebay.com/itm/398283668115?hash=item5cbb8e7a93:g:OAUAAeSwtGBqfqLV,https://i.ebayimg.com/images/g/OAUAAeSwtGBqfqLV/s-l225.jpg
残件/按现状,71.0,Canon EF-S 18-200mm f/3.5-5.6 IS For Parts,Canon,Lenses,For parts or not working,29.99,USD,"FIXED_PRICE,BEST_OFFER",6,1600,mount:canon ef;as-is;underpriced(med 295),US,uncle_lou_finds_atx,99.1,2026-08-14T23:40:22.000Z,,https://www.ebay.com/itm/366606232263?hash=item555b6f2ac7:g:lI0AAeSwbEhqe41H,https://i.ebayimg.com/images/g/lI0AAeSwbEhqe41H/s-l225.jpg
残件/按现状,71.0,Canon 28-80mm f/3.5-5.6 III USM EF Mount Autofocus Zoom Lens Read,Canon,Lenses,For parts or not working,29.99,USD,"FIXED_PRICE,BEST_OFFER",3,1600,mount:canon ef;underpriced(med 295),US,tensawc0,100.0,2026-08-14T21:12:51.000Z,,https://www.ebay.com/itm/287525421824?hash=item42f1d9c300:g:ZVQAAeSwA6tqf4Q2,https://i.ebayimg.com/images/g/ZVQAAeSwA6tqf4Q2/s-l225.jpg
型号不明,71.0,"Soligor Minolta MD 2x TELE CONVERTER SR, MD Lens Series JAPAN",Minolta,Lenses,Used,38.73,USD,"FIXED_PRICE,BEST_OFFER",11,1008,mount:minolta md;underpriced(med 127),US,semigreensales,99.5,2026-08-14T15:19:47.000Z,,https://www.ebay.com/itm/137620887756?hash=item200ad818cc:g:iQQAAOSwV61mX1Mi,https://i.ebayimg.com/images/g/iQQAAOSwV61mX1Mi/s-l225.jpg
残件/按现状,71.0,Nikon 50mm F/1.8 AI-S AIS E PRIME Pancake lens AS IS NOT WORKING parts repair,Nikon,Lenses,For parts or not working,38.85,USD,FIXED_PRICE,4,1600,mount:nikon f;as-is;underpriced(med 249),US,lukavakeli,99.9,2026-08-14T11:11:29.000Z,,https://www.ebay.com/itm/147504334016?hash=item2257f184c0:g:MhEAAeSw2~5qWse3,https://i.ebayimg.com/images/g/MhEAAeSw2~5qWse3/s-l225.jpg
残件/按现状,71.0,Vintage Canon FD 50mm f/1.8 Manual Focus Lens – Made in Japan – Untested,Canon,Lenses,Used,38.99,USD,"FIXED_PRICE,BEST_OFFER",4,1005,mount:canon fd;as-is;underpriced(med 295),US,wellingtonthriftsandrips,100.0,2026-08-14T21:46:14.000Z,,https://www.ebay.com/itm/117359782089?hash=item1b533028c9:g:QG4AAeSwS4pqf4wH,https://i.ebayimg.com/images/g/QG4AAeSwS4pqf4wH/s-l225.jpg
残件/按现状,71.0,Canon FD 135mm f/2.5 S.C. Telephoto Manual Focus Lens FD Mount Untested,Canon,Lenses,Used,39.99,USD,FIXED_PRICE,12,1600,mount:canon fd;as-is;underpriced(med 295),US,browns_vintage,100.0,2026-08-14T19:51:23.000Z,,https://www.ebay.com/itm/237006251116?hash=item372eac646c:g:5FUAAeSwU4Zqf2~v,https://i.ebayimg.com/images/g/5FUAAeSwU4Zqf2~v/s-l225.jpg
残件/按现状,71.0,Canon EF 50mm f/1.4 USM Lens - Not Working,Canon,Lenses,For parts or not working,40.0,USD,FIXED_PRICE,5,1600,mount:canon ef;as-is;underpriced(med 295),US,mesa3000,100.0,2026-08-14T20:19:30.000Z,,https://www.ebay.com/itm/168614108992?hash=item27422f1f40:g:39UAAeSwiiFqfHUJ,https://i.ebayimg.com/images/g/39UAAeSwiiFqfHUJ/s-l225.jpg
残件/按现状,71.0,Canon EF-S 17-85mm f/4-5.6 IS USM as-is not tested,Canon,Lenses,For parts or not working,40.0,USD,"FIXED_PRICE,BEST_OFFER",4,1258,mount:canon ef;as-is;underpriced(med 295),US,astop4you,100.0,2026-08-14T17:08:54.000Z,,https://www.ebay.com/itm/327310302325?hash=item4c3536dc75:g:vCwAAeSwMyRqf0sN,https://i.ebayimg.com/images/g/vCwAAeSwMyRqf0sN/s-l225.jpg
残件/按现状,71.0,Nikon AF Nikkor 24-120mm 1:35-5.6D Camera Lens - UNTESTED,Nikon,Lenses,For parts or not working,44.55,USD,FIXED_PRICE,8,1600,mount:nikon f;as-is;underpriced(med 249),US,waterfrontrescuemission,99.7,2026-08-14T09:57:11.000Z,,https://www.ebay.com/itm/318728457479?hash=item4a35b24d07:g:60cAAeSwU7xqVtdf,https://i.ebayimg.com/images/g/60cAAeSwU7xqVtdf/s-l225.jpg
残件/按现状,71.0,"Nikon 1 Nikkor 30-110mm f3.8-5.6 VR ED IF Lens, Inoperable #483",Nikon,Lenses,For parts or not working,48.15,USD,"FIXED_PRICE,BEST_OFFER",7,1600,mount:nikon f;underpriced(med 249),US,robertscamera,99.8,2026-08-14T22:54:13.000Z,,https://www.ebay.com/itm/147505436430?hash=item225802570e:g:uOAAAeSwFW1qf5yP,https://i.ebayimg.com/images/g/uOAAAeSwFW1qf5yP/s-l225.jpg
残件/按现状,71.0,Nikon AF-S DX NIKKOR 18-200mm f/3.5-5.6G ED VR Lens + Tiffen UV Filter,Nikon,Lenses,For parts or not working,48.74,USD,"FIXED_PRICE,BEST_OFFER",1,1600,mount:nikon f;underpriced(med 249),US,khw72004,99.5,2026-08-14T20:09:08.000Z,,https://www.ebay.com/itm/336742667947?hash=item4e676d56ab:g:Vh8AAeSwfn9qf3We,https://i.ebayimg.com/images/g/Vh8AAeSwfn9qf3We/s-l225.jpg
残件/按现状,71.0,Canon EF-S 17-85mm f4-5.6 IS USM Macro Lens EFS Inoperable #647,Canon,Lenses,For parts or not working,54.16,USD,"FIXED_PRICE,BEST_OFFER",7,1600,mount:canon ef;underpriced(med 295),US,robertscamera,99.8,2026-08-14T22:01:04.000Z,,https://www.ebay.com/itm/407145245461?hash=item5ecbbf6b15:g:0OUAAeSwEbBqc~-d,https://i.ebayimg.com/images/g/0OUAAeSwEbBqc~-d/s-l225.jpg
型号不明,71.0,Canon FD f3.5 Vintage Photography Zoom Lens Tested,Canon,Lenses,Used,59.0,USD,FIXED_PRICE,4,1600,mount:canon fd;underpriced(med 295),US,hnrose222,99.5,2026-08-14T18:20:45.000Z,,https://www.ebay.com/itm/257680452829?hash=item3bfef3acdd:g:d4oAAeSwhnRqQ84N,https://i.ebayimg.com/images/g/d4oAAeSwhnRqQ84N/s-l225.jpg
残件/按现状,71.0,Canon EF 28mm f/2.8 Wide Angle Lens - For Parts Not tested *READ*,Canon,Lenses,For parts or not working,60.0,USD,"FIXED_PRICE,BEST_OFFER",4,1599,mount:canon ef;as-is;underpriced(med 295),US,astop4you,100.0,2026-08-14T17:53:17.000Z,,https://www.ebay.com/itm/327310368438?hash=item4c3537deb6:g:8W0AAeSwQQxqf1SL,https://i.ebayimg.com/images/g/8W0AAeSwQQxqf1SL/s-l225.jpg
型号不明,71.0,Excellent+++++ Pentax 67 Rear Converter 1.4x Lens Teleconverter 6x7 67II Japan,Pentax,Lenses,Used,89.99,USD,"FIXED_PRICE,BEST_OFFER",11,1600,grail:Pentax 67,JP,treasures-camera-geek,100.0,2026-08-14T04:50:30.000Z,,https://www.ebay.com/itm/237004870499?hash=item372e975363:g:Oi4AAeSwJtNqfpzU,https://i.ebayimg.com/images/g/Oi4AAeSwJtNqfpzU/s-l225.jpg
查无市价,71.0,Tested [MINT] SMC Pentax FA 645 Zoom 33-55mm f4.5 AL Lens for 645N II From JAPAN,Pentax,Lenses,Used,299.99,USD,FIXED_PRICE,11,1600,grail:645;mount:pentax k;55mm;good-cond,JP,koma_6521,100.0,2026-08-14T23:55:16.000Z,,https://www.ebay.com/itm/820003125308?hash=itembeebfeb83c:g:gHcAAeSwPoZqf6si,https://i.ebayimg.com/images/g/gHcAAeSwPoZqf6si/s-l225.jpg
查无市价,71.0,[N MINT w/ Hood] smc PENTAX FA 645 Zoom 33-55mm f4.5 AF Lens 645N NII from JAPAN,Pentax,Lenses,Used,349.9,USD,FIXED_PRICE,9,1600,grail:645;mount:pentax k;55mm;good-cond,JP,daihir_56,100.0,2026-08-14T07:12:16.000Z,,https://www.ebay.com/itm/407143477768?hash=item5ecba47208:g:DqgAAeSwRYJqfsD9,https://i.ebayimg.com/images/g/DqgAAeSwRYJqfsD9/s-l225.jpg
查无市价,71.0,[MINT in BOX] smc Pentax FA Zoom 33-55mm f/4.5 AL Lens for 645N N NII from JAPAN,Pentax,Lenses,Used,399.99,USD,FIXED_PRICE,9,1600,grail:645N;mount:pentax k;55mm;good-cond,JP,daihir_56,100.0,2026-08-14T07:15:21.000Z,,https://www.ebay.com/itm/407143482780?hash=item5ecba4859c:g:Ps0AAeSwk71qfsDR,https://i.ebayimg.com/images/g/Ps0AAeSwk71qfsDR/s-l225.jpg
残件/按现状,70.0,"Minolta ""UNTESTED"" X-700 Black 35mm SLR Film Camera w/ Original Minolta Strap",Minolta,Vintage Cameras,,30.0,USD,"FIXED_PRICE,BEST_OFFER",4,1600,grail:X-700;as-is,US,nobrat34,0.0,2026-08-15T02:00:02.000Z,,https://www.ebay.com/itm/800509994134?hash=itemba621d2496:g:Ca8AAeSwVhJqeilm,https://i.ebayimg.com/images/g/Ca8AAeSwVhJqeilm/s-l225.jpg
残件/按现状,70.0,Minolta X-700 35mm SLR Film Camera Body – FOR PARTS/REPAIR – Non-Working,Minolta,Film Cameras,For parts or not working,49.99,USD,"FIXED_PRICE,BEST_OFFER",5,1024,grail:X-700;as-is;low-feedback,US,jpl2112,94.7,2026-08-14T15:23:53.000Z,,https://www.ebay.com/itm/158188086849?hash=item24d4bea641:g:Y~kAAeSws3NqfzJy,https://i.ebayimg.com/images/g/Y~kAAeSws3NqfzJy/s-l225.jpg
型号不明,70.0,CONTAX KYOCERA camera lens CARL ZEISS SONNAR 2.890 Used,Contax,Lenses,Used,156.83,USD,FIXED_PRICE,7,1280,grail:SONNAR,JP,hard-off-japan-in-au,99.2,2026-08-14T17:37:21.000Z,,https://www.ebay.com/itm/318730127248?hash=item4a35cbc790:g:SCoAAeSwJgVqf3UB,https://i.ebayimg.com/images/g/SCoAAeSwJgVqf3UB/s-l225.jpg
型号不明,70.0,CONTAX Lens VARIO-SONNAR 3.5-4.570-200 Used,Contax,Lenses,Used,185.52,USD,FIXED_PRICE,6,1280,grail:SONNAR,JP,hard-off-japan-in-au,99.2,2026-08-14T17:37:21.000Z,,https://www.ebay.com/itm/318730127243?hash=item4a35cbc78b:g:L9cAAeSwYtBqf3TJ,https://i.ebayimg.com/images/g/L9cAAeSwYtBqf3TJ/s-l225.jpg
型号不明,70.0,SALUT Industar-29 2.8/80 lens USSR Medium Format camera HASSELBLAD,Hasselblad,Film Cameras,Used,349.0,USD,"FIXED_PRICE,BEST_OFFER",20,1600,underpriced(med 1390),UA,ukraineshopstudio,100.0,2026-08-15T06:21:22.000Z,,https://www.ebay.com/itm/318732797259?hash=item4a35f4854b:g:BE0AAeSwXqlqKY30,https://i.ebayimg.com/images/g/BE0AAeSwXqlqKY30/s-l225.jpg
查无市价,70.0,HASSELBLAD E16 645 Type IV Shuriro Film Back 259410,Hasselblad,Film Cameras,Used,693.76,USD,FIXED_PRICE,8,1200,grail:645,JP,digree_japan,99.7,2026-08-14T23:44:42.000Z,,https://www.ebay.com/itm/307127092658?hash=item47823385b2:g:S~UAAeSwCGNqf6jh,https://i.ebayimg.com/images/g/S~UAAeSwCGNqf6jh/s-l225.jpg
型号不明,69.0,Nikon Teleconverter TC-200 2x No. 216006 Excellent,Nikon,Lenses,Used,33.0,USD,"FIXED_PRICE,BEST_OFFER",6,1600,underpriced(med 249),JP,fushichoutkb,100.0,2026-08-14T12:05:31.000Z,,https://www.ebay.com/itm/237005453050?hash=item372ea036fa:g:gIMAAeSwrJFqdsWM,https://i.ebayimg.com/images/g/gIMAAeSwrJFqdsWM/s-l225.jpg
型号不明,69.0,CANON Telecon TELE-CONVERTER 1.4X 46 Used,Canon,Lenses,Used,37.27,USD,FIXED_PRICE,6,1280,underpriced(med 295),JP,hard-off-japan-in-au,99.2,2026-08-14T17:37:21.000Z,,https://www.ebay.com/itm/318730127258?hash=item4a35cbc79a:g:r~AAAeSwFU5qf3Rf,https://i.ebayimg.com/images/g/r~AAAeSwFU5qf3Rf/s-l225.jpg
型号不明,69.0,Fuji Photo Film Co. Lens Fujinar-E 1:4.5 F=5CM Used,Fuji,Lenses,Used,42.05,USD,FIXED_PRICE,3,1280,underpriced(med 190),JP,hard-off-japan-in-au,99.2,2026-08-14T17:37:47.000Z,,https://www.ebay.com/itm/318730127959?hash=item4a35cbca57:g:IOAAAeSwOfRqf3Sc,https://i.ebayimg.com/images/g/IOAAAeSwOfRqf3Sc/s-l225.jpg
残件/按现状,69.0,NIKON Telephoto Zoom Lens NIKKOR-C 80-200MM 1:4.5 Junk Used,Nikon,Lenses,Used,61.18,USD,FIXED_PRICE,8,1280,mount:nikon f;as-is;underpriced(med 249),JP,hard-off-japan-in-au,99.2,2026-08-14T17:37:51.000Z,,https://www.ebay.com/itm/318730128098?hash=item4a35cbcae2:g:Q~cAAeSwrJFqf3RT,https://i.ebayimg.com/images/g/Q~cAAeSwrJFqf3RT/s-l225.jpg
型号不明,69.0,NIKON LENS NIKKOR-Q AUTO 20CM F4 Used,Nikon,Lenses,Used,61.18,USD,FIXED_PRICE,6,1280,mount:nikon f;underpriced(med 249),JP,hard-off-japan-in-au,99.2,2026-08-14T17:37:47.000Z,,https://www.ebay.com/itm/318730127960?hash=item4a35cbca58:g:X0UAAeSwDRtqf3Tf,https://i.ebayimg.com/images/g/X0UAAeSwDRtqf3Tf/s-l225.jpg
残件/按现状,69.0,CANON Lens EF 75-300MM 1:4-5.6 II Junk Used,Canon,Lenses,Used,61.18,USD,FIXED_PRICE,4,1280,mount:canon ef;as-is;underpriced(med 295),JP,hard-off-japan-in-au,99.2,2026-08-14T17:37:42.000Z,,https://www.ebay.com/itm/318730127830?hash=item4a35cbc9d6:g:54YAAeSwFz1qf3Sk,https://i.ebayimg.com/images/g/54YAAeSwFz1qf3Sk/s-l225.jpg
型号不明,69.0,NIKON LENS AF-S NIKKOR 1:3.5-5.6G Used,Nikon,Lenses,Used,61.18,USD,FIXED_PRICE,7,1280,mount:nikon f;underpriced(med 249),JP,hard-off-japan-in-au,99.2,2026-08-14T17:37:25.000Z,,https://www.ebay.com/itm/318730127343?hash=item4a35cbc7ef:g:WLUAAeSwNSNqf3TK,https://i.ebayimg.com/images/g/WLUAAeSwNSNqf3TK/s-l225.jpg
残件/按现状,69.0,CANON Junk Lens EF-S 55-250mm f4-5.6 Used,Canon,Lenses,Used,61.18,USD,FIXED_PRICE,6,1280,mount:canon ef;as-is;underpriced(med 295),JP,hard-off-japan-in-au,99.2,2026-08-14T17:37:21.000Z,,https://www.ebay.com/itm/318730127241?hash=item4a35cbc789:g:S2cAAeSw7-lqf3UF,https://i.ebayimg.com/images/g/S2cAAeSw7-lqf3UF/s-l225.jpg
残件/按现状,69.0,Vintage Canon Sure Shot Z115 Film Camera TESTED!!! READ DESCRIPTION!!!,Canon,Film Cameras,Used,63.0,USD,FIXED_PRICE,8,1200,underpriced(med 166),US,goodwillomaha,99.8,2026-08-14T09:54:05.000Z,,https://www.ebay.com/itm/287524390082?hash=item42f1ca04c2:g:UvwAAeSwfoNqdK5f,https://i.ebayimg.com/images/g/UvwAAeSwfoNqdK5f/s-l225.jpg
型号不明,69.0,NIKON LENS NIKKOR-Q AUTO 13.5CM f3.5 Used,Nikon,Lenses,Used,70.75,USD,FIXED_PRICE,7,1280,mount:nikon f;underpriced(med 249),JP,hard-off-japan-in-au,99.2,2026-08-14T17:37:42.000Z,,https://www.ebay.com/itm/318730127847?hash=item4a35cbc9e7:g:WIkAAeSwOcNqf3Tt,https://i.ebayimg.com/images/g/WIkAAeSwOcNqf3Tt/s-l225.jpg
打包杂件,69.0,"rmk99 Nikon ME 35mm SLR Camera Imaldo Lens,Padded Bag,Owners Manual Bundle st135",Nikon,Film Cameras,Used,79.95,USD,"FIXED_PRICE,BEST_OFFER",11,1600,underpriced(med 253),US,shopturnstyles,99.7,2026-08-14T20:01:41.000Z,,https://www.ebay.com/itm/318730615118?hash=item4a35d3394e:g:vZkAAeSwBpdqOz4C,https://i.ebayimg.com/images/g/vZkAAeSwBpdqOz4C/s-l225.jpg
残件/按现状,69.0,Nikon FA chrome 35mm Film camera body RED D DEMO RARE READ shutter not working,Nikon,Film Cameras,Used,98.85,USD,FIXED_PRICE,9,1600,as-is;underpriced(med 240),US,lukavakeli,99.9,2026-08-14T11:05:21.000Z,,https://www.ebay.com/itm/206490385076?hash=item3013c93ab4:g:2A8AAeSwZy5qdwfu,https://i.ebayimg.com/images/g/2A8AAeSwZy5qdwfu/s-l225.jpg
残件/按现状,69.0,Canon AE-1 35mm Film Manual Camera with 50mm Lens Untested Read Vintage Japan,Canon,Film Cameras,For parts or not working,100.49,USD,"FIXED_PRICE,BEST_OFFER",16,1600,grail:AE-1;as-is,CA,vincesvintage*,100.0,2026-08-14T11:42:07.000Z,,https://www.ebay.com/itm/168613218185?hash=item2742218789:g:LckAAeSwMk1qfv3D,https://i.ebayimg.com/images/g/LckAAeSwMk1qfv3D/s-l225.jpg
残件/按现状,69.0,"Nikon Series E 35mm Film Camera, SB-E Speedlight Vivitar Lens Cases Untested",Nikon,Film Cameras,Used,102.88,USD,"FIXED_PRICE,BEST_OFFER",13,837,as-is;underpriced(med 240),US,blacopp0,100.0,2026-08-14T07:57:38.000Z,,https://www.ebay.com/itm/158186935624?hash=item24d4ad1548:g:Qp0AAeSw-NBowd6z,https://i.ebayimg.com/images/g/Qp0AAeSw-NBowd6z/s-l225.jpg
型号不明,69.0,Authentic CANON EF-S55-250/4-5.6IS #260-007-532-4223,Canon,Lenses,Used,105.16,USD,FIXED_PRICE,9,1200,mount:canon ef;underpriced(med 295),JP,komehyo,99.5,2026-08-14T23:10:56.000Z,,https://www.ebay.com/itm/178407711665?hash=item2989eda3b1:g:~FEAAeSwg3Nqf6B7,https://i.ebayimg.com/images/g/~FEAAeSwg3Nqf6B7/s-l225.jpg
型号不明,69.0,Canon EXTENDER EF 2x Teleconverter Lens free shipping,Canon,Lenses,Used,105.91,USD,FIXED_PRICE,3,1200,mount:canon ef;underpriced(med 295),JP,mdjo9251,98.6,2026-08-14T11:32:25.000Z,,https://www.ebay.com/itm/336741925238?hash=item4e67620176:g:82gAAOSwYXVnDRbR,https://i.ebayimg.com/images/g/82gAAOSwYXVnDRbR/s-l225.jpg
型号不明,69.0,Nikon Lens MICRO-NIKKOR 553.5 Used,Nikon,Lenses,Used,109.0,USD,FIXED_PRICE,4,1280,mount:nikon f;underpriced(med 249),JP,hard-off-japan-in-au,99.2,2026-08-14T17:37:39.000Z,,https://www.ebay.com/itm/318730127744?hash=item4a35cbc980:g:MUoAAeSwfjZqf3Ti,https://i.ebayimg.com/images/g/MUoAAeSwfjZqf3Ti/s-l225.jpg
查无市价,69.0,[RARE! MINT] Fuji HD-R Fujinon 38mm f/2.8 waterproof Film Camera From Japan,Fuji,Film Cameras,Used,114.99,USD,FIXED_PRICE,23,0,good-cond,JP,tosh_9804,100.0,2026-08-14T22:33:17.000Z,,https://www.ebay.com/itm/398286406948?hash=item5cbbb84524:g:gGMAAeSwBJRqf5hl,https://i.ebayimg.com/images/g/gGMAAeSwBJRqf5hl/s-l225.jpg
查无市价,69.0,RARE Graflex 3x4 SLOTTED sheet film holder for SLR RB Super D with Box,Graflex,Film Cameras,Used,125.0,USD,"FIXED_PRICE,AUCTION",3,0,auction,US,bearclaws,100.0,2026-08-14T18:29:04.000Z,2026-08-21T18:29:04.000Z,https://www.ebay.com/itm/298588198192?hash=item45853e5530:g:tqUAAeSwZnFqZp03,https://i.ebayimg.com/images/g/tqUAAeSwZnFqZp03/s-l225.jpg
型号不明,69.0,CANON EF Single-Focus Lens EF24MM F:2.8 Used,Canon,Lenses,Used,128.14,USD,FIXED_PRICE,2,1280,mount:canon ef;underpriced(med 295),JP,hard-off-japan-in-au,99.2,2026-08-14T20:52:22.000Z,,https://www.ebay.com/itm/318730784365?hash=item4a35d5ce6d:g:wuMAAeSwUiNqf4E1,https://i.ebayimg.com/images/g/wuMAAeSwUiNqf4E1/s-l225.jpg
型号不明,69.0,[Top MINT] SIGMA APO TELECONVERTER 2X EX DG Lens for Nikon F Mount From JAPAN,Sigma,Lenses,Used,129.99,USD,FIXED_PRICE,23,1600,mount:nikon f;good-cond;underpriced(med 353),JP,kazu_camera_yamanashi_japan,99.8,2026-08-14T18:07:12.000Z,,https://www.ebay.com/itm/168613872103?hash=item27422b81e7:g:QywAAeSwLxRqf1qE,https://i.ebayimg.com/images/g/QywAAeSwLxRqf1qE/s-l225.jpg
查无市价,68.0,Very Rare EARLY FIRST BATCH Leica IIIg Rangefinder Camera Body CAMERA #189!,Leica,Vintage Cameras,,0.0,USD,AUCTION,8,0,grail:Leica IIIg;auction,US,redsoxwinitall,100.0,2026-08-15T01:40:00.000Z,2026-08-22T01:40:00.000Z,https://www.ebay.com/itm/198571259770?hash=item2e3bc4f77a:g:8LcAAeSwr6JqSB3d,https://i.ebayimg.com/images/g/8LcAAeSwr6JqSB3d/s-l225.jpg
查无市价,68.0,Very Clean VINTAGE Leica iiif Red Dial Rangefinder Camera Body With Case,Leica,Film Cameras,Used,0.0,USD,AUCTION,7,0,grail:Leica iiif;auction,US,redsoxwinitall,100.0,2026-08-15T01:00:00.000Z,2026-08-20T01:00:00.000Z,https://www.ebay.com/itm/206491272218?hash=item3013d6c41a:g:JN4AAeSwZoJqf1wh,https://i.ebayimg.com/images/g/JN4AAeSwZoJqf1wh/s-l225.jpg
残件/按现状,68.0,Hasselblad 500 c w/ 120 back & WLF (U41224) US RESIDENTS ONLY *READ*,Hasselblad,Film Cameras,For parts or not working,0.0,USD,AUCTION,4,1600,grail:500 c;auction,US,milford_photo_inc,99.6,2026-08-14T17:45:14.000Z,2026-08-21T17:45:14.000Z,https://www.ebay.com/itm/278280303377?hash=item40cacc7311:g:pKAAAeSwCsZqf1La,https://i.ebayimg.com/images/g/pKAAAeSwCsZqf1La/s-l225.jpg
查无市价,68.0,"Leica M4 SN 1190527 w/ manual, light meter, lenses, sunshade, filters & more",Leica,Film Cameras,Used,0.0,USD,AUCTION,7,0,grail:Leica M4;auction,US,zoomgarden,0.0,2026-08-14T16:22:53.000Z,2026-08-24T16:22:53.000Z,https://www.ebay.com/itm/336742332890?hash=item4e676839da:g:TtIAAeSwoUJqf0Au,https://i.ebayimg.com/images/g/TtIAAeSwoUJqf0Au/s-l225.jpg
型号不明,68.0,New Macro Entension Bellows For Nikon F Mount For Nikon AI Mount Lens Camera,Nikon,Lenses,Brand New,30.45,USD,"FIXED_PRICE,BEST_OFFER",6,1600,mount:nikon f;underpriced(med 249),CN,yunchaungke005,99.2,2026-08-14T09:40:10.000Z,,https://www.ebay.com/itm/800506497476?hash=itemba61e7c9c4:g:zMsAAeSw-BBqfuJt,https://i.ebayimg.com/images/g/zMsAAeSw-BBqfuJt/s-l225.jpg
残件/按现状,68.0,As is (Working) Olympus mju Zoom 140 VF Infinity Stylus 35mm Compact Film Camera,Olympus,Film Cameras,For parts or not working,105.66,USD,FIXED_PRICE,23,1600,grail:mju;as-is,JP,cribd_82,100.0,2026-08-14T16:22:58.000Z,,https://www.ebay.com/itm/398285446532?hash=item5cbba99d84:g:mX8AAeSwVPFqHPhg,https://i.ebayimg.com/images/g/mX8AAeSwVPFqHPhg/s-l225.jpg
残件/按现状;型号不明,68.0,[For Parts] Pentax 645 Medium Format Film Camera Body only Repair From JAPAN,Pentax,Film Cameras,For parts or not working,119.99,USD,FIXED_PRICE,15,1600,grail:645;as-is,JP,sakura_vintage_camera,100.0,2026-08-15T01:37:50.000Z,,https://www.ebay.com/itm/398286906096?hash=item5cbbbfe2f0:g:OP4AAeSwMCBqf8QY,https://i.ebayimg.com/images/g/OP4AAeSwMCBqf8QY/s-l225.jpg
残件/按现状,68.0,[As-is For parts READ] Canon NEW F-1 F1 35mm SLR Film Camera Body NO FINDER JPN,Canon,Film Cameras,For parts or not working,149.99,USD,FIXED_PRICE,9,1280,grail:NEW F-1;as-is,JP,maui_camera_japan,100.0,2026-08-14T06:42:39.000Z,,https://www.ebay.com/itm/287524140039?hash=item42f1c63407:g:HdYAAeSwS4pqfrBo,https://i.ebayimg.com/images/g/HdYAAeSwS4pqfrBo/s-l225.jpg
残件/按现状,68.0,OLYMPUS OM-1 35mm SLR Film Camera G.ZUIKO AUTO-S 50mm f/1.4 Lens JAPAN【AS IS】,Olympus,Film Cameras,Used,209.0,USD,"FIXED_PRICE,BEST_OFFER",18,1257,grail:OM-1;mount:olympus om;as-is,JP,hana_from_japan,100.0,2026-08-15T03:18:13.000Z,,https://www.ebay.com/itm/168614755970?hash=item274238fe82:g:3tcAAeSwYPFqf9r~,https://i.ebayimg.com/images/g/3tcAAeSwYPFqf9r~/s-l225.jpg
残件/按现状,68.0,Zeiss Ikon Super Ikonta A 2 1/4 x 3 1/4 W/ Tessar 70mm Lens AS-IS,Zeiss,Film Cameras,Used,249.99,USD,"FIXED_PRICE,BEST_OFFER",5,1196,grail:Tessar;as-is,US,abrvin89,100.0,2026-08-14T18:40:06.000Z,,https://www.ebay.com/itm/318730368707?hash=item4a35cf76c3:g:cS4AAeSwDRtqf1~i,https://i.ebayimg.com/images/g/cS4AAeSwDRtqf1~i/s-l225.jpg
查无市价,68.0,Voigtlander Prominent 24X36 35mm Film Camera Ultron 1:2/50 Parts or Repair,Voigtlander,Vintage Cameras,,250.0,USD,"FIXED_PRICE,BEST_OFFER",12,0,grail:Ultron,US,evins94,97.8,2026-08-14T12:46:19.000Z,,https://www.ebay.com/itm/168613342930?hash=item2742236ed2:g:~egAAeSwdh5qfeYv,https://i.ebayimg.com/images/g/~egAAeSwdh5qfeYv/s-l225.jpg
型号不明,68.0,Carl Zeiss PLANAR T*1.4/50 ZE for Canon EF mount -Near Mint- 7202,Zeiss,Lenses,Used,401.21,USD,FIXED_PRICE,2,1200,grail:PLANAR;mount:canon ef;good-cond,JP,kitamura_camera,100.0,2026-08-14T09:08:14.000Z,,https://www.ebay.com/itm/820000543572?hash=itembeebd75354:g:SmYAAeSwIDhqfuBe,https://i.ebayimg.com/images/g/SmYAAeSwIDhqfuBe/s-l225.jpg
查无市价,68.0,Near Mint Hasselblad 501CM Japanese market Star model w/ extras,Hasselblad,Film Cameras,Used,5000.0,USD,"FIXED_PRICE,BEST_OFFER",6,1600,grail:501CM;good-cond,US,nakconnection03,100.0,2026-08-14T23:54:15.000Z,,https://www.ebay.com/itm/307127098496?hash=item4782339c80:g:lgEAAeSw2RBqf6lw,https://i.ebayimg.com/images/g/lgEAAeSw2RBqf6lw/s-l225.jpg
打包杂件,67.0,"Minolta SRT101 35mm Camera, Minolta 58mm f1:1.4 Lens, Auto 32 Flash Lot (VIDEO)",Minolta,Film Cameras,Used,110.17,USD,FIXED_PRICE,21,1600,grail:SRT101;58mm,US,nixstore,100.0,2026-08-14T15:04:58.000Z,,https://www.ebay.com/itm/336742225737?hash=item4e67669749:g:cZAAAeSwFLlqIG9a,https://i.ebayimg.com/images/g/cZAAAeSwFLlqIG9a/s-l225.jpg
残件/按现状,67.0,Contax TVS 35mm Compact Film Camera Vario Sonnar 28-56mm Untested As-Is,Contax,Film Cameras,For parts or not working,869.2,USD,FIXED_PRICE,9,720,grail:Contax TVS;as-is,JP,manekineko-japan,98.4,2026-08-14T13:43:59.000Z,,https://www.ebay.com/itm/206490715808?hash=item3013ce46a0:g:R04AAeSwO2lqfxzN,https://i.ebayimg.com/images/g/R04AAeSwO2lqfxzN/s-l225.jpg
查无市价,67.0,All in Box [Unused] Leica M6 TTL 0.72 Black Film Camera ELMAR-M 50mm f2.8 JAPAN,Leica,Film Cameras,Used,6000.0,USD,FIXED_PRICE,18,1600,grail:Leica M6,JP,toyo_camera_japan,99.8,2026-08-14T13:27:16.000Z,,https://www.ebay.com/itm/377418101230?hash=item57dfdf31ee:g:zDMAAeSwinpqfxii,https://i.ebayimg.com/images/g/zDMAAeSwinpqfxii/s-l225.jpg
残件/按现状,66.0,NIKON LENS AF-S 18-55MM f3.5.5.6GII Junk Used,Nikon,Lenses,Used,70.75,USD,FIXED_PRICE,3,1280,55mm;as-is;underpriced(med 249),JP,hard-off-japan-in-au,99.2,2026-08-14T17:37:21.000Z,,https://www.ebay.com/itm/318730127239?hash=item4a35cbc787:g:AZ0AAeSwfDJqf3TI,https://i.ebayimg.com/images/g/AZ0AAeSwfDJqf3TI/s-l225.jpg
残件/按现状,66.0,Vintage Canon Sure Shot Supreme 35mm Point & Shoot Film Camera w/ Case UNTESTED,Canon,Film Cameras,For parts or not working,72.07,USD,FIXED_PRICE,11,1600,as-is;underpriced(med 165),CA,doggo3d,99.5,2026-08-14T22:01:10.000Z,,https://www.ebay.com/itm/398286320239?hash=item5cbbb6f26f:g:CvAAAeSw1yVqf49x,https://i.ebayimg.com/images/g/CvAAAeSw1yVqf49x/s-l225.jpg
型号不明,65.0,Spiratone Auto 2X & 3X TelXtender Camera Lenses Japan Pentax Photograph Vintage,Pentax,Lenses,Used,27.5,USD,"FIXED_PRICE,BEST_OFFER",6,1343,underpriced(med 180),US,ousana,100.0,2026-08-14T13:31:23.000Z,,https://www.ebay.com/itm/188791795707?hash=item2bf4de2ffb:g:-FEAAOSwxrNjfSXZ,https://i.ebayimg.com/images/g/-FEAAOSwxrNjfSXZ/s-l225.jpg
残件/按现状,65.0,Vintage Petri Penta V Camera Untested For Parts Repair Refurbishment No Lens,Petri,Film Cameras,For parts or not working,29.99,USD,FIXED_PRICE,18,1600,as-is;underpriced(med 101),US,treazure_trollz,100.0,2026-08-14T22:51:13.000Z,,https://www.ebay.com/itm/188793754810?hash=item2bf4fc14ba:g:R8kAAeSwpAlqf5sz,https://i.ebayimg.com/images/g/R8kAAeSwpAlqf5sz/s-l225.jpg
残件/按现状,65.0,nikon 18-200mm vr For Parts Or Repair.,Nikon,Lenses,For parts or not working,35.5,USD,"FIXED_PRICE,BEST_OFFER",4,1600,as-is;underpriced(med 249),US,auspuffturbolader,100.0,2026-08-15T00:32:31.000Z,,https://www.ebay.com/itm/227476367145?hash=item34f6a5e729:g:sqQAAeSwOT5qf7M3,https://i.ebayimg.com/images/g/sqQAAeSwOT5qf7M3/s-l225.jpg
残件/按现状,65.0,AS IS Minolta Dynax 7Xi SLR Camera Body Japan,Minolta,Film Cameras,Used,49.0,USD,"FIXED_PRICE,BEST_OFFER",18,1600,as-is,JP,best-film-camera,99.9,2026-08-15T09:51:38.000Z,,https://www.ebay.com/itm/137623742503?hash=item200b03a827:g:EqcAAeSwNz9qf~Kz,https://i.ebayimg.com/images/g/EqcAAeSwNz9qf~Kz/s-l225.jpg
型号不明,65.0,Promaster AF-MF 70-300 F4-5.6 LD Tele-Macro Lens for Canon w/ Lens Hood & Cap,Canon,Lenses,Used,50.0,USD,"FIXED_PRICE,BEST_OFFER",8,1600,underpriced(med 295),US,bryansells247,100.0,2026-08-14T15:47:59.000Z,,https://www.ebay.com/itm/168613644221?hash=item27422807bd:g:ztAAAeSw~uRqfzgU,https://i.ebayimg.com/images/g/ztAAAeSw~uRqfzgU/s-l225.jpg
残件/按现状,65.0,Canon nFD FD 50mm F1.4 Lens +caps fungus AS IS,Canon,Lenses,For parts or not working,64.98,USD,"FIXED_PRICE,BEST_OFFER",7,1599,mount:canon fd;as-is;underpriced(med 295),US,phil_1231,98.3,2026-08-14T16:24:17.000Z,,https://www.ebay.com/itm/227475896850?hash=item34f69eba12:g:H74AAeSwXvBoZI8Q,https://i.ebayimg.com/images/g/H74AAeSwXvBoZI8Q/s-l225.jpg
型号不明,65.0,Olympus Macro Converter MCON-P02 Micro Four Thirds MFT M43,Olympus,Lenses,Used,70.0,USD,FIXED_PRICE,3,1600,mount:micro 4/3;underpriced(med 215),US,trabik,100.0,2026-08-14T20:02:50.000Z,,https://www.ebay.com/itm/287525316939?hash=item42f1d8294b:g:wbcAAeSwBXxqf3DX,https://i.ebayimg.com/images/g/wbcAAeSwBXxqf3DX/s-l225.jpg
残件/按现状,65.0,Nikon DX AF-S Nikkor 55-200MM 1:4-5.6G ED VR ZOOM LENS. ￼Untested.,Nikon,Lenses,Used,72.0,USD,FIXED_PRICE,5,1600,mount:nikon f;as-is;underpriced(med 249),US,funinthewild,99.8,2026-08-15T00:46:19.000Z,,https://www.ebay.com/itm/168614515124?hash=item27423551b4:g:MIIAAOSwOHBmy84-,https://i.ebayimg.com/images/g/MIIAAOSwOHBmy84-/s-l225.jpg
残件/按现状,65.0,Graflex 22 Twin Lens Camera–Century Graftar 85mm f/3.5-SHUTTER FIRE,Graflex,Film Cameras,For parts or not working,95.0,USD,"FIXED_PRICE,BEST_OFFER",4,1600,,US,sald-4929,100.0,2026-08-15T03:03:29.000Z,,https://www.ebay.com/itm/336743117157?hash=item4e67743165:g:2ZYAAeSwls1qf9bD,https://i.ebayimg.com/images/g/2ZYAAeSwls1qf9bD/s-l225.jpg
残件/按现状,65.0,Canon Zoom Lens EF 17-40mm 1:4 L USM Wide Angle Lens PARTS/REPAIR,Canon,Lenses,For parts or not working,95.0,USD,"FIXED_PRICE,BEST_OFFER",5,1600,mount:canon ef;underpriced(med 295),US,jensenda,100.0,2026-08-14T16:47:25.000Z,,https://www.ebay.com/itm/327310269961?hash=item4c35365e09:g:P6EAAeSwvFVqf0Sq,https://i.ebayimg.com/images/g/P6EAAeSwvFVqf0Sq/s-l225.jpg
型号不明,65.0,"Canon Extender EF 1.4x Teleconverter for Canon EF ""L"" Mount Lenses",Canon,Lenses,Used,99.0,USD,FIXED_PRICE,5,1600,mount:canon ef;underpriced(med 295),US,fap-ezonline.com,99.8,2026-08-14T21:23:33.000Z,,https://www.ebay.com/itm/117359757701?hash=item1b532fc985:g:FUUAAeSwS4pqf4bd,https://i.ebayimg.com/images/g/FUUAAeSwS4pqf4bd/s-l225.jpg
型号不明,65.0,Nikon Nikkor AF-S DX VR 55-200 f/4-5.6G IF-ED Zoom Lens With Original Box,Nikon,Lenses,Open box,99.99,USD,FIXED_PRICE,9,1600,mount:nikon f;underpriced(med 249),US,sharpnstuff,100.0,2026-08-14T09:52:40.000Z,,https://www.ebay.com/itm/168613036158?hash=item27421ec07e:g:3TsAAeSwvl9qfuR4,https://i.ebayimg.com/images/g/3TsAAeSwvl9qfuR4/s-l225.jpg
型号不明,65.0,[MINT] Canon Extender EF 2x Teleconverter Camera Lens for EF EOS From JAPAN,Canon,Lenses,Used,149.99,USD,FIXED_PRICE,23,1600,mount:canon ef;good-cond,JP,hayato_camera_japan,98.9,2026-08-14T14:14:17.000Z,,https://www.ebay.com/itm/407144461873?hash=item5ecbb37631:g:yC4AAeSwkOdqfyOr,https://i.ebayimg.com/images/g/yC4AAeSwkOdqfyOr/s-l225.jpg
型号不明,65.0,[MINT w/ Case] Sinar F 4x5 Large Format 4x5 Film Camera Body from JAPAN,Sinar,Film Cameras,Used,349.99,USD,FIXED_PRICE,9,1600,good-cond,JP,zakky-camera-japan,99.8,2026-08-14T21:02:39.000Z,,https://www.ebay.com/itm/800508948039?hash=itemba620d2e47:g:uXoAAeSwDO5qf4Ng,https://i.ebayimg.com/images/g/uXoAAeSwDO5qf4Ng/s-l225.jpg
查无市价,65.0,[MINT] Voigtlander BESSA L Silver Body Snap shot 25mm F4 Lens / No Finder JAPAN,Voigtlander,Film Cameras,Used,399.99,USD,FIXED_PRICE,15,1600,good-cond,JP,daihama_8,100.0,2026-08-15T05:58:43.000Z,,https://www.ebay.com/itm/407145949489?hash=item5ecbca2931:g:S9gAAeSwcShqgAE~,https://i.ebayimg.com/images/g/S9gAAeSwcShqgAE~/s-l225.jpg
查无市价,64.0,Leica M Mount Camera Lens Tele-Elmarit 1:2.8/90mm Leitz Canada WITH BOX,Leica,Lenses,Used,0.0,USD,AUCTION,12,0,grail:Elmarit;mount:leica m;auction,US,redsoxwinitall,100.0,2026-08-15T00:28:00.000Z,2026-08-20T00:28:00.000Z,https://www.ebay.com/itm/206491272222?hash=item3013d6c41e:g:g8cAAeSwm6tqf16D,https://i.ebayimg.com/images/g/g8cAAeSwm6tqf16D/s-l225.jpg
打包杂件,64.0,"LOT AE-1 Program CANON BUNDLE w/ Lenses, Converter & Filters FD 50mm 1:1.8 Vtg",Canon,Film Cameras,Used,0.0,USD,AUCTION,12,1600,grail:AE-1;mount:canon fd;auction,US,isoldit.il0219,99.7,2026-08-14T22:38:15.000Z,2026-08-21T22:38:15.000Z,https://www.ebay.com/itm/147505415308?hash=item225802048c:g:RbIAAeSwbjtqf5oF,https://i.ebayimg.com/images/g/RbIAAeSwbjtqf5oF/s-l225.jpg
残件/按现状,64.0,Olympus OM-1 With 50mm Zuiko Lens,Olympus,Film Cameras,For parts or not working,0.0,USD,AUCTION,13,1600,grail:OM-1;mount:olympus om;auction,US,nocman_2,100.0,2026-08-14T13:27:44.000Z,2026-08-21T13:27:44.000Z,https://www.ebay.com/itm/298587593120?hash=item45853519a0:g:bqQAAeSwBVhqdPak,https://i.ebayimg.com/images/g/bqQAAeSwBVhqdPak/s-l225.jpg
残件/按现状,64.0,Minolta X-700 MPS 35mm SLR Camera Body - Beautiful Exterior Condition - Untested,Minolta,Vintage Cameras,,69.99,USD,"FIXED_PRICE,BEST_OFFER",4,1600,grail:X-700;as-is,US,seb4t33,100.0,2026-08-14T18:57:14.000Z,,https://www.ebay.com/itm/237006184762?hash=item372eab613a:g:tn4AAeSwls1qf2NZ,https://i.ebayimg.com/images/g/tn4AAeSwls1qf2NZ/s-l225.jpg
残件/按现状,64.0,Minolta 7S Hi-Matic 35mm Film Camera for Parts Or Repair,Minolta,Film Cameras,For parts or not working,70.0,USD,"FIXED_PRICE,BEST_OFFER",3,1600,grail:Hi-Matic;as-is,US,staticbee,100.0,2026-08-15T04:46:35.000Z,,https://www.ebay.com/itm/278281742503?hash=item40cae268a7:g:emUAAeSwwSNqf-7l,https://i.ebayimg.com/images/g/emUAAeSwwSNqf-7l/s-l225.jpg
打包杂件,64.0,Vintage Minolta Hi-Matic 11 35mm Camera Retro Photography Lot Case Bag Manual,Minolta,Vintage Cameras,,79.99,USD,"FIXED_PRICE,BEST_OFFER",9,1600,grail:Hi-Matic,US,second-half-supply-co,100.0,2026-08-15T03:39:55.000Z,,https://www.ebay.com/itm/318732300802?hash=item4a35ecf202:g:McYAAeSwsqlqf-Fv,https://i.ebayimg.com/images/g/McYAAeSwsqlqf-Fv/s-l225.jpg
残件/按现状,64.0,ASAHI Pentax Auto 110 Film Camera 18mm F/2.8 Black For Parts,Asahi,Film Cameras,Used,99.99,USD,"FIXED_PRICE,BEST_OFFER",7,1600,grail:Auto 110;as-is,US,deserttreasures95,100.0,2026-08-15T02:31:59.000Z,,https://www.ebay.com/itm/178408158512?hash=item2989f47530:g:1~QAAeSwPAZqUr1J,https://i.ebayimg.com/images/g/1~QAAeSwPAZqUr1J/s-l225.jpg
残件/按现状,64.0,Minolta X-700 Vintage Camera Quantaray 70-210 mm Lens SLR Film UNTESTED,Minolta,Film Cameras,For parts or not working,129.95,USD,"FIXED_PRICE,BEST_OFFER",5,1600,grail:X-700;as-is,US,sunrisepickers,99.7,2026-08-14T17:27:57.000Z,,https://www.ebay.com/itm/298588079907?hash=item45853c8723:g:0bUAAOSwYz1nZ0kf,https://i.ebayimg.com/images/g/0bUAAOSwYz1nZ0kf/s-l225.jpg
打包杂件,64.0,Asahi Pentax K1000 35mm SLR Camera Ricoh 50mm Lens Case Flash Bundle,Asahi,Film Cameras,Used,131.99,USD,"FIXED_PRICE,BEST_OFFER",15,1600,grail:K1000,US,mysticfindsco,99.7,2026-08-14T15:00:01.000Z,,https://www.ebay.com/itm/318688917679?hash=item4a3356f8af:g:zNwAAeSwfFdo7BBR,https://i.ebayimg.com/images/g/zNwAAeSwfFdo7BBR/s-l225.jpg
查无市价,64.0,Pentax SP 8x40 Binoculars SP 8x 40,Pentax,Vintage Cameras,,133.0,USD,FIXED_PRICE,4,0,grail:Pentax SP,US,anma-8284,100.0,2026-08-15T04:06:20.000Z,,https://www.ebay.com/itm/377419652977?hash=item57dff6df71:g:0h0AAeSwZy5qf-W4,https://i.ebayimg.com/images/g/0h0AAeSwZy5qf-W4/s-l225.jpg
打包杂件,64.0,"Minolta X-700 35mm SLR Camera MPS 50mm, 28mm + AF 75-200mm Lenses Bundle",Minolta,Film Cameras,Used,134.99,USD,"FIXED_PRICE,BEST_OFFER",10,1600,grail:X-700,US,darkmatter333,100.0,2026-08-14T18:58:07.000Z,,https://www.ebay.com/itm/287525219062?hash=item42f1d6aaf6:g:44oAAeSw0XBqVo2n,https://i.ebayimg.com/images/g/44oAAeSw0XBqVo2n/s-l225.jpg
残件/按现状,64.0,Canon AE-1 Black Body with TOKINA Lens - Untested As-Is,Canon,Film Cameras,For parts or not working,145.0,USD,"FIXED_PRICE,BEST_OFFER",23,1600,grail:AE-1;as-is,US,carolinaconvert,100.0,2026-08-14T13:30:48.000Z,,https://www.ebay.com/itm/227475705066?hash=item34f69bccea:g:B-gAAeSwJ2dqfxgQ,https://i.ebayimg.com/images/g/B-gAAeSwJ2dqfxgQ/s-l225.jpg
残件/按现状,64.0,Olympus OM-4 35mm SLR Film Camera With 28mm Lens NOT TESTED AS IS PARTS / REPAIR,Olympus,Film Cameras,For parts or not working,199.99,USD,FIXED_PRICE,8,1599,grail:OM-4;mount:olympus om;as-is,US,quorthonandboss,99.5,2026-08-14T15:57:04.000Z,,https://www.ebay.com/itm/307126614006?hash=item47822c37f6:g:HwQAAeSwsJVqfzni,https://i.ebayimg.com/images/g/HwQAAeSwsJVqfzni/s-l225.jpg
查无市价,64.0,ZEISS Batis 18mm f/2.8 Distagon T* AF Lens Sony E Mount Front Rear Caps,Zeiss,Film Cameras,Used,550.0,USD,"FIXED_PRICE,BEST_OFFER",6,1600,grail:Distagon;mount:sony e,US,wind-tech,100.0,2026-08-14T07:15:08.000Z,,https://www.ebay.com/itm/318727841699?hash=item4a35a8e7a3:g:SOsAAeSwqXxqfr~2,https://i.ebayimg.com/images/g/SOsAAeSwqXxqfr~2/s-l225.jpg
残件/按现状;型号不明,63.0,Nikon Telephoto Lens 70-300F1:4.5-5.6 Junk Used,Nikon,Lenses,Used,61.18,USD,FIXED_PRICE,5,1280,as-is;underpriced(med 249),JP,hard-off-japan-in-au,99.2,2026-08-14T17:37:12.000Z,,https://www.ebay.com/itm/318730127026?hash=item4a35cbc6b2:g:jYoAAeSwnu5qf1KM,https://i.ebayimg.com/images/g/jYoAAeSwnu5qf1KM/s-l225.jpg
型号不明,63.0,CANON lens Used,Canon,Lenses,Used,76.49,USD,FIXED_PRICE,4,1200,underpriced(med 295),JP,beecruise04,98.5,2026-08-14T08:38:49.000Z,,https://www.ebay.com/itm/318728158409?hash=item4a35adbcc9:g:GLwAAeSwhrBqftVO,https://i.ebayimg.com/images/g/GLwAAeSwhrBqftVO/s-l225.jpg
型号不明,63.0,【Very Good】RICOH GW-1 Wide Conversion Lens No Fungus No Haze Japan,Ricoh,Lenses,Used,80.0,USD,FIXED_PRICE,5,1600,as-is;underpriced(med 194),JP,grandexperiences,100.0,2026-08-14T08:57:19.000Z,,https://www.ebay.com/itm/168612937762?hash=item27421d4022:g:8M0AAeSwKTRqfthI,https://i.ebayimg.com/images/g/8M0AAeSwKTRqfthI/s-l225.jpg
型号不明,63.0,【Excellent】RICOH DW-6 Wide Conversion Lens No Fungus No Haze From Japan,Ricoh,Lenses,Used,80.0,USD,FIXED_PRICE,4,1600,as-is;underpriced(med 194),JP,grandexperiences,100.0,2026-08-14T08:51:06.000Z,,https://www.ebay.com/itm/168612931478?hash=item27421d2796:g:VUMAAeSwMwFqftbq,https://i.ebayimg.com/images/g/VUMAAeSwMwFqftbq/s-l225.jpg
残件/按现状,63.0,NIKON Standard Zoom Lens 35-70MM 1:2.8 Junk Used,Nikon,Lenses,Used,89.87,USD,FIXED_PRICE,4,1280,as-is;underpriced(med 249),JP,hard-off-japan-in-au,99.2,2026-08-14T17:37:51.000Z,,https://www.ebay.com/itm/318730128101?hash=item4a35cbcae5:g:ZLcAAeSwdh5qf3T9,https://i.ebayimg.com/images/g/ZLcAAeSwdh5qf3T9/s-l225.jpg
型号不明,63.0,CANON lens canonzoomlenzef Used,Canon,Lenses,Used,97.66,USD,FIXED_PRICE,6,1200,underpriced(med 295),JP,beecruise04,98.5,2026-08-14T22:38:33.000Z,,https://www.ebay.com/itm/318731222913?hash=item4a35dc7f81:g:2EsAAeSwcShqf5kt,https://i.ebayimg.com/images/g/2EsAAeSwcShqf5kt/s-l225.jpg
查无市价,63.0,"Leica M4 black paint bottom plate (new), very rare (last one)",Leica,Film Cameras,Aperto - mai usato,451.23,USD,"FIXED_PRICE,BEST_OFFER",5,1600,grail:Leica M4,IT,foto-9698,100.0,2026-08-15T07:41:33.000Z,,https://www.ebay.com/itm/377419998899?hash=item57dffc26b3:g:A8AAAeSwFO1p32vK,https://i.ebayimg.com/images/g/A8AAAeSwFO1p32vK/s-l225.jpg
型号不明,62.0,"Soviet ZOOM Lens LOMO PF 6A F = 18 - 30 1 : 1,2 For camera QUARZ USSR -",Lomo,Lenses,Used,40.0,USD,"FIXED_PRICE,BEST_OFFER",9,1024,underpriced(med 306),LT,somorodok,99.0,2026-08-14T13:10:17.000Z,,https://www.ebay.com/itm/188791713136?hash=item2bf4dced70:g:FWgAAOSwdY5kmdHU,https://i.ebayimg.com/images/g/FWgAAOSwdY5kmdHU/s-l225.jpg
残件/按现状,62.0,NIKON D40 w/ AF-S NIKKOR 18-55mm f/3.5-5.6G II ED LENS (DOES NOT TURN ON),Nikon,Digital Cameras,For parts or not working,50.0,USD,FIXED_PRICE,3,927,mount:nikon f;55mm;underpriced(med 252),US,noroshi,100.0,2026-08-14T07:37:11.000Z,,https://www.ebay.com/itm/178405557431?hash=item2989ccc4b7:g:8lcAAeSwJ2dqfsVV,https://i.ebayimg.com/images/g/8lcAAeSwJ2dqfsVV/s-l225.jpg
残件/按现状,62.0,[For Parts/Junk] Nikon F2 Photomic Silver DP-1 35mm SLR Film Camera Body #259,Nikon,Film Cameras,Used,199.42,USD,FIXED_PRICE,23,1600,grail:Nikon F2;as-is,JP,his50s,100.0,2026-08-14T07:52:02.000Z,,https://www.ebay.com/itm/188790639236?hash=item2bf4cc8a84:g:ioQAAeSwAdhqLxZH,https://i.ebayimg.com/images/g/ioQAAeSwAdhqLxZH/s-l225.jpg
残件/按现状;型号不明,62.0,[As-Is] Pentax 6x7 Body Medium Format Camera w/Case & Accessories JAPAN #124,Pentax,Film Cameras,For parts or not working,199.99,USD,"FIXED_PRICE,BEST_OFFER",8,1600,grail:6x7;as-is,JP,emk_930,100.0,2026-08-14T23:04:47.000Z,,https://www.ebay.com/itm/198571736563?hash=item2e3bcc3df3:g:NgYAAeSwRT1qUJLH,https://i.ebayimg.com/images/g/NgYAAeSwRT1qUJLH/s-l225.jpg
型号不明,62.0,CONTAX KYOCERA camera lens CARL ZEISS DISTAGON 2.828 Used,Contax,Lenses,Used,300.3,USD,FIXED_PRICE,5,1280,grail:DISTAGON,JP,hard-off-japan-in-au,99.2,2026-08-14T17:37:21.000Z,,https://www.ebay.com/itm/318730127254?hash=item4a35cbc796:g:3lgAAeSwNz9qf3VL,https://i.ebayimg.com/images/g/3lgAAeSwNz9qf3VL/s-l225.jpg
残件/按现状;型号不明,62.0,CONTAX Lens DISTAGON 2.835 Junk Used,Contax,Lenses,Used,319.42,USD,FIXED_PRICE,4,1280,grail:DISTAGON;as-is,JP,hard-off-japan-in-au,99.2,2026-08-14T17:37:25.000Z,,https://www.ebay.com/itm/318730127361?hash=item4a35cbc801:g:5gAAAeSwSLlqf3Sz,https://i.ebayimg.com/images/g/5gAAAeSwSLlqf3Sz/s-l225.jpg
残件/按现状;型号不明,62.0,ZENZA BRONICA Medium Format Camera Unknown Junk Used,Bronica,Lenses,Used,395.95,USD,FIXED_PRICE,11,1280,grail:BRONICA Medium;as-is,JP,hard-off-japan-in-au,99.2,2026-08-14T17:37:42.000Z,,https://www.ebay.com/itm/318730127836?hash=item4a35cbc9dc:g:Lq4AAeSwvLhqf3Ra,https://i.ebayimg.com/images/g/Lq4AAeSwvLhqf3Ra/s-l225.jpg
残件/按现状,62.0,CONTAX G1 Film Camera Body Titanium Rangefinder Junk From Japan,Contax,Film Cameras,For parts or not working,404.53,USD,FIXED_PRICE,8,1200,grail:CONTAX G1;as-is,JP,manekineko-japan,98.4,2026-08-14T11:17:48.000Z,,https://www.ebay.com/itm/206490418837?hash=item3013c9be95:g:rJEAAeSwJHdqfvne,https://i.ebayimg.com/images/g/rJEAAeSwJHdqfvne/s-l225.jpg
查无市价,62.0,[EX+3] Graflex XL Black Linhof Planar 100mm f2.8 Lens 6x9 From Japan #7780,Graflex,Film Cameras,Used,429.99,USD,"FIXED_PRICE,BEST_OFFER",7,1600,grail:Planar,JP,hirnaga_51,100.0,2026-08-15T02:16:42.000Z,,https://www.ebay.com/itm/336743076781?hash=item4e677393ad:g:XL0AAeSw3C1qf8pD,https://i.ebayimg.com/images/g/XL0AAeSw3C1qf8pD/s-l225.jpg
无图,62.0,S/N 302xxxx [MINT w/ Pro Strap] Nikon F5 SLR 35mm Film Camera Black Body JAPAN,Nikon,Film Cameras,Used,469.99,USD,FIXED_PRICE,0,0,grail:Nikon F5;good-cond,JP,mitsu_64,100.0,2026-08-15T13:43:17.000Z,,https://www.ebay.com/itm/147506753550?hash=item225816700e:i:147506753550,
型号不明,62.0,Leica Leitz 5cm f2 Summicron Collapsible M Mount Lens #51932,Leica,Lenses,Used,649.0,USD,FIXED_PRICE,9,1600,grail:Summicron;mount:leica m,US,occamera,99.7,2026-08-14T16:47:27.000Z,,https://www.ebay.com/itm/117359401748?hash=item1b532a5b14:g:TBMAAeSwCz5qf0QB,https://i.ebayimg.com/images/g/TBMAAeSwCz5qf0QB/s-l225.jpg
型号不明,62.0,CONTAX Planar T* G 45/2 -Near Mint- 1407,Contax,Lenses,Used,711.32,USD,FIXED_PRICE,2,1200,grail:Planar;good-cond,JP,kitamura_camera,100.0,2026-08-14T10:47:18.000Z,,https://www.ebay.com/itm/820000815256?hash=itembeebdb7898:g:6DsAAeSweu9qfxPk,https://i.ebayimg.com/images/g/6DsAAeSweu9qfxPk/s-l225.jpg
型号不明,62.0,Contax Biogon T* G 21/2.8 Chrome -Mint- 3772,Contax,Lenses,Used,839.06,USD,FIXED_PRICE,2,1200,grail:Biogon;good-cond,JP,kitamura_camera,100.0,2026-08-14T06:57:40.000Z,,https://www.ebay.com/itm/820000172673?hash=itembeebd1aa81:g:YhQAAeSwIDhqfr0Z,https://i.ebayimg.com/images/g/YhQAAeSwIDhqfr0Z/s-l225.jpg
查无市价,62.0,LCD Perfect [NEAR MINT] Ricoh GR1V Silver 35mm Point Shoot Film Camera JAPAN,Ricoh,Film Cameras,Used,1299.99,USD,"FIXED_PRICE,BEST_OFFER",14,1600,grail:GR1V;good-cond,JP,happy-camera-japan,99.7,2026-08-15T00:37:26.000Z,,https://www.ebay.com/itm/336742976150?hash=item4e67720a96:g:4z8AAeSwRQxqenWo,https://i.ebayimg.com/images/g/4z8AAeSwRQxqenWo/s-l225.jpg
型号不明,62.0,S/N622xxxx [Opt Near Mint ] Nikon SP Black Film Camera 5cm f/1.4 Lens From JAPAN,Nikon,Film Cameras,Used,1549.99,USD,FIXED_PRICE,23,1600,grail:Nikon SP;good-cond,JP,wasabi.camera_825,100.0,2026-08-14T08:38:21.000Z,,https://www.ebay.com/itm/188790814720?hash=item2bf4cf3800:g:fNsAAeSw6wNowWLe,https://i.ebayimg.com/images/g/fNsAAeSw6wNowWLe/s-l225.jpg
型号不明,62.0,S/N6202077[Top MINT] Nikon SP Rangefinder 35 Film Camera S.C 50/1.4 Lens From JP,Nikon,Film Cameras,Used,1599.99,USD,FIXED_PRICE,20,1600,grail:Nikon SP;good-cond,JP,kimu_1572,100.0,2026-08-15T07:49:35.000Z,,https://www.ebay.com/itm/137623446096?hash=item200aff2250:g:AREAAeSwcflqgBqO,https://i.ebayimg.com/images/g/AREAAeSwcflqgBqO/s-l225.jpg
查无市价,62.0,Hasselblad 500C/M Film Camera Body with NC-2 Prism Finder from Japan E0815,Hasselblad,Film Cameras,Used,1777.92,USD,FIXED_PRICE,7,700,grail:500C,JP,kyoto_camera,99.7,2026-08-15T00:17:49.000Z,,https://www.ebay.com/itm/287525712014?hash=item42f1de308e:g:nVcAAeSwDRtqf69u,https://i.ebayimg.com/images/g/nVcAAeSwDRtqf69u/s-l225.jpg
查无市价,62.0,Rare!! [Top MINT] Mamiya A 300mm F2.8 APO Lens for 645 SUPER Pro TL From JAPAN,Mamiya,Lenses,Used,1999.99,USD,FIXED_PRICE,23,1600,grail:645;good-cond,JP,sugutamo_camera_japan,99.9,2026-08-14T14:29:51.000Z,,https://www.ebay.com/itm/188792004798?hash=item2bf4e160be:g:yOwAAeSwfoNqfycZ,https://i.ebayimg.com/images/g/yOwAAeSwfoNqfycZ/s-l225.jpg
查无市价,62.0,Leica M6 Classic Body Black - Meter Issues,Leica,Film Cameras,Used,2600.0,USD,"FIXED_PRICE,AUCTION",14,1600,grail:Leica M6;auction,US,jknorton,100.0,2026-08-14T04:13:05.000Z,2026-08-24T04:13:05.000Z,https://www.ebay.com/itm/227475094624?hash=item34f6927c60:g:t7QAAeSwFatqL1z2,https://i.ebayimg.com/images/g/t7QAAeSwFatqL1z2/s-l225.jpg
查无市价,62.0,[Almost Unused] Leica M6 Silver 0.72 Non TTL Rangefinder Camera Body JAPAN #344,Leica,Film Cameras,Used,3299.99,USD,FIXED_PRICE,23,1600,grail:Leica M6,JP,shop-nakasone,99.5,2026-08-15T13:24:27.000Z,,https://www.ebay.com/itm/128027963295?hash=item1dcf0faf9f:g:ELEAAeSwTHhqgGfb,https://i.ebayimg.com/images/g/ELEAAeSwTHhqgGfb/s-l225.jpg
查无市价,62.0,"Final Late Model""S/N 127xxxx UNUSED"" Leica M4 35mm Rangefinder Film Camera JAPAN",Leica,Film Cameras,Used,3999.99,USD,"FIXED_PRICE,BEST_OFFER",14,1600,grail:Leica M4,JP,kawashima-camera,100.0,2026-08-14T21:46:18.000Z,,https://www.ebay.com/itm/147505345539?hash=item225800f403:g:i4oAAeSwnRpolRPD,https://i.ebayimg.com/images/g/i4oAAeSwnRpolRPD/s-l225.jpg
查无市价,62.0,Rare [ Unused in Box ] Leica M4-P 70th Anniversary Silver Chrome Body From JAPAN,Leica,Film Cameras,Used,3999.99,USD,FIXED_PRICE,20,1600,grail:Leica M4,JP,shibainu_camera_japan,100.0,2026-08-14T17:54:44.000Z,,https://www.ebay.com/itm/398285692744?hash=item5cbbad5f48:g:74AAAeSwT0pqf1fI,https://i.ebayimg.com/images/g/74AAAeSwT0pqf1fI/s-l225.jpg
查无市价,62.0,Leica M6 0.85 Black Chrome 35mm Rangefinder Film Camera Body From Japan E0815,Leica,Film Cameras,Used,5477.99,USD,FIXED_PRICE,7,700,grail:Leica M6,JP,kyoto_camera,99.7,2026-08-14T23:00:34.000Z,,https://www.ebay.com/itm/287525619759?hash=item42f1dcc82f:g:cnUAAeSw0Kxqf511,https://i.ebayimg.com/images/g/cnUAAeSw0Kxqf511/s-l225.jpg
查无市价,61.0,"Leica RE 35mm SLR Film Camera Body w/ Leica R 28mm f2.8 Elmerit lens, near mint!",Leica,Film Cameras,Used,0.0,USD,"AUCTION,BEST_OFFER",9,0,good-cond;auction,US,avadon,100.0,2026-08-14T21:57:35.000Z,2026-08-21T21:57:35.000Z,https://www.ebay.com/itm/298588601726?hash=item4585447d7e:g:l-sAAeSwhyNqf4rI,https://i.ebayimg.com/images/g/l-sAAeSwhyNqf4rI/s-l225.jpg
型号不明,61.0,Carl Zeiss S-Planar T* 100/4 (made in Germany) - For Contax Yashica,Zeiss,Lenses,Usato,0.0,USD,AUCTION,4,1600,grail:Planar;mount:contax/yashica;auction,IT,zeneize,100.0,2026-08-14T14:11:28.000Z,2026-08-21T14:11:28.000Z,https://www.ebay.com/itm/307126427846?hash=item47822960c6:g:23kAAOSwtVdnBRV0,https://i.ebayimg.com/images/g/23kAAOSwtVdnBRV0/s-l225.jpg
残件/按现状,61.0,Tamron 28-300mm f/3.5-6.3 AF LD IF MACRO Lens for Canon EF (READ DESCRIPTION!),Tamron,Lenses,For parts or not working,40.0,USD,FIXED_PRICE,8,1600,mount:canon ef;underpriced(med 214),US,timelessmd,100.0,2026-08-14T23:56:47.000Z,,https://www.ebay.com/itm/188793969210?hash=item2bf4ff5a3a:g:0tYAAeSwQElozxuS,https://i.ebayimg.com/images/g/0tYAAeSwQElozxuS/s-l225.jpg
残件/按现状,61.0,VTG Minolta X-370 35mm Film Camera AS IS UNTESTED W Strap,Minolta,Film Cameras,For parts or not working,45.0,USD,"FIXED_PRICE,BEST_OFFER",6,1600,as-is,US,knightofnii,100.0,2026-08-14T16:50:33.000Z,,https://www.ebay.com/itm/287525069543?hash=item42f1d462e7:g:UeMAAeSwWXtqf0a8,https://i.ebayimg.com/images/g/UeMAAeSwWXtqf0a8/s-l225.jpg
残件/按现状,61.0,"Minolta XE-5 35mm Film SLR Camera Body W/Strap, Chrome Untested-For Parts",Minolta,Film Cameras,For parts or not working,49.5,USD,FIXED_PRICE,14,1600,as-is,US,lika531,100.0,2026-08-14T18:23:24.000Z,,https://www.ebay.com/itm/298588188813?hash=item45853e308d:g:UAQAAeSw0VtqVoWM,https://i.ebayimg.com/images/g/UAQAAeSw0VtqVoWM/s-l225.jpg
残件/按现状,61.0,"Minolta XE-5 35mm Film SLR Camera Body, Chrome (For Parts/Repair)",Minolta,Film Cameras,For parts or not working,49.99,USD,"FIXED_PRICE,BEST_OFFER",10,1600,as-is,US,nexgentronics,98.9,2026-08-15T02:28:20.000Z,,https://www.ebay.com/itm/820003630113?hash=itembeec066c21:g:j20AAeSwGnVqI2bs,https://i.ebayimg.com/images/g/j20AAeSwGnVqI2bs/s-l225.jpg
残件/按现状,61.0,Blossom Pink Fujifilm Instax Mini 12 Instant Camera TESTED!! READ DESCRIPTION!!,Fujifilm,Film Cameras,Used,58.5,USD,FIXED_PRICE,10,1200,,US,goodwillomaha,99.8,2026-08-15T09:59:28.000Z,,https://www.ebay.com/itm/278282457372?hash=item40caed511c:g:SQEAAeSwbqVqdgHG,https://i.ebayimg.com/images/g/SQEAAeSwbqVqdgHG/s-l225.jpg
残件/按现状,61.0,🔥 Fuji Film FUJICA Single-8 Z2 & Z-450 Camera Japan W/ Cases Used Untested,Fuji,Vintage Cameras,,59.95,USD,"FIXED_PRICE,BEST_OFFER",22,1600,as-is,US,jjjsn33dfulthings,99.8,2026-08-15T05:30:12.000Z,,https://www.ebay.com/itm/137623125838?hash=item200afa3f4e:g:ChUAAeSwnQ5pyFoC,https://i.ebayimg.com/images/g/ChUAAeSwnQ5pyFoC/s-l225.jpg
残件/按现状,61.0,Minolta SRT 201 35MM Film Camera w/ Minolta MC Macro-f=50mm. Untested,Minolta,Film Cameras,Used,60.0,USD,FIXED_PRICE,23,1600,as-is,US,bellejoyllc,99.8,2026-08-15T03:16:10.000Z,,https://www.ebay.com/itm/407145737283?hash=item5ecbc6ec43:g:g6AAAeSwBXxqf9mk,https://i.ebayimg.com/images/g/g6AAAeSwBXxqf9mk/s-l225.jpg
残件/按现状,61.0,Minolta Hi‑Matic AF2 35mm Film Camera & Leather Case/Strap **Untested**,Minolta,Film Cameras,Used,60.0,USD,"FIXED_PRICE,BEST_OFFER",11,1575,as-is,US,safarisupplyco,100.0,2026-08-14T11:01:06.000Z,,https://www.ebay.com/itm/407143933790?hash=item5ecbab675e:g:vL8AAeSwTF5qfvTU,https://i.ebayimg.com/images/g/vL8AAeSwTF5qfvTU/s-l225.jpg
型号不明,61.0,[Near MINT / Tested] Kyocera Yashica L AF Point & Shoot Film Camera From JAPAN,Yashica,Film Cameras,Used,89.99,USD,FIXED_PRICE,11,1600,good-cond,JP,sagami_camera,99.8,2026-08-15T09:03:06.000Z,,https://www.ebay.com/itm/398288188197?hash=item5cbbd37325:g:9lMAAeSw4U1qgCrM,https://i.ebayimg.com/images/g/9lMAAeSw4U1qgCrM/s-l225.jpg
残件/按现状,61.0,Minolta XD11 35mm SLR Film Camera Body + Auto Winder D Metz 181 Accessories,Minolta,Film Cameras,For parts or not working,97.29,USD,"FIXED_PRICE,BEST_OFFER",6,1600,grail:XD11,CA,friperie-urbaine,100.0,2026-08-14T23:40:40.000Z,,https://www.ebay.com/itm/377419181838?hash=item57dfefaf0e:g:NacAAeSwhP1qfL0w,https://i.ebayimg.com/images/g/NacAAeSwhP1qfL0w/s-l225.jpg
查无市价,61.0,[Top MINT w/Case] Fujifilm FlashFujica Date 35mm F/2.8 Film Camera From JAPAN,Fujifilm,Film Cameras,Used,99.99,USD,FIXED_PRICE,23,0,good-cond,JP,tosh_9804,100.0,2026-08-14T22:01:41.000Z,,https://www.ebay.com/itm/398286321337?hash=item5cbbb6f6b9:g:wKUAAeSwA6tqf5Et,https://i.ebayimg.com/images/g/wKUAAeSwA6tqf5Et/s-l225.jpg
残件/按现状,61.0,Nikon FG SLR Film Camera With Nikon Nikkor 24mm F/2.8 Lens As Is Untested,Nikon,Film Cameras,For parts or not working,139.99,USD,"FIXED_PRICE,BEST_OFFER",14,1600,mount:nikon f;as-is,US,thrivethroughfinds,99.9,2026-08-15T01:28:11.000Z,,https://www.ebay.com/itm/206491945653?hash=item3013e10ab5:g:AcQAAeSwPoZqf8A4,https://i.ebayimg.com/images/g/AcQAAeSwPoZqf8A4/s-l225.jpg
查无市价,61.0,【Exc+5 w/Case】Canon Model VT de luxe Deluxe Rangefinder 35mm Film Camera JAPAN,Canon,Film Cameras,Used,149.99,USD,FIXED_PRICE,12,0,good-cond,JP,takosuke_camera_japan,100.0,2026-08-14T13:50:56.000Z,,https://www.ebay.com/itm/188791859814?hash=item2bf4df2a66:g:DXMAAeSw5M9p7048,https://i.ebayimg.com/images/g/DXMAAeSw5M9p7048/s-l225.jpg
型号不明,61.0,"[Near MINT , Teated , New Seal] Nikon FE Black Body SLR Film Camera From JAPAN",Nikon,Film Cameras,Used,199.99,USD,FIXED_PRICE,11,1600,mount:sony e;good-cond,JP,sagami_camera,99.8,2026-08-15T11:41:14.000Z,,https://www.ebay.com/itm/398288565946?hash=item5cbbd936ba:g:fowAAeSwOLpqgE9p,https://i.ebayimg.com/images/g/fowAAeSwOLpqgE9p/s-l225.jpg
查无市价,61.0,Acute D [Top MINT] Hasselblad 503 CXi Film Camera CF 80mm PME51 A12 IV FromJAPAN,Hasselblad,Film Cameras,Used,4000.0,USD,FIXED_PRICE,23,1600,mount:hasselblad v;good-cond,JP,toyo_camera_japan,99.8,2026-08-14T13:10:19.000Z,,https://www.ebay.com/itm/377418028350?hash=item57dfde153e:g:SKYAAeSwcShqfxS0,https://i.ebayimg.com/images/g/SKYAAeSwcShqfxS0/s-l225.jpg
型号不明,59.0,Sony Wide Conversion Lens VCL-0630X Used,Sony,Lenses,Used,27.71,USD,FIXED_PRICE,6,1280,underpriced(med 357),JP,hard-off-japan-in-au,99.2,2026-08-14T17:37:21.000Z,,https://www.ebay.com/itm/318730127250?hash=item4a35cbc792:g:E2MAAeSwlShqf3SB,https://i.ebayimg.com/images/g/E2MAAeSwlShqf3SB/s-l225.jpg
残件/按现状,59.0,Sigma AF Wide Angle Zoom Lens Zoom-Γ21-35MM F3.5-4.2 Junk Used,Sigma,Lenses,Used,42.05,USD,FIXED_PRICE,4,1280,as-is;underpriced(med 353),JP,hard-off-japan-in-au,99.2,2026-08-14T17:37:47.000Z,,https://www.ebay.com/itm/318730127973?hash=item4a35cbca65:g:X7wAAeSwNtZqf3Si,https://i.ebayimg.com/images/g/X7wAAeSwNtZqf3Si/s-l225.jpg
型号不明,59.0,Nikon Ai TELE CONVERTER 2x IMADO,Nikon,Lenses,Used,79.99,USD,"FIXED_PRICE,BEST_OFFER",16,1600,underpriced(med 249),US,ashes0fyou,99.8,2026-08-14T16:24:28.000Z,,https://www.ebay.com/itm/227475897126?hash=item34f69ebb26:g:SfYAAOSwyT1nKZEJ,https://i.ebayimg.com/images/g/SfYAAOSwyT1nKZEJ/s-l225.jpg
残件/按现状,59.0,Nikon 80-200mm f/2.8 AF-D ED Lens,Nikon,Lenses,For parts or not working,80.0,USD,"FIXED_PRICE,BEST_OFFER",7,1600,underpriced(med 249),US,bacona38,97.1,2026-08-14T14:26:08.000Z,,https://www.ebay.com/itm/168613507633?hash=item274225f231:g:j9gAAeSwCN1qfyPz,https://i.ebayimg.com/images/g/j9gAAeSwCN1qfyPz/s-l225.jpg
型号不明,59.0,Nikon AF-S TC-17E II 1.7x Teleconverter for AF-S / AF-I Lenses – Excellent,Nikon,Lenses,Used,89.0,USD,"FIXED_PRICE,BEST_OFFER",5,687,underpriced(med 249),US,tcaseyrochester,100.0,2026-08-14T17:36:42.000Z,,https://www.ebay.com/itm/206491155711?hash=item3013d4fcff:g:ZV0AAeSwxthqf1DS,https://i.ebayimg.com/images/g/ZV0AAeSwxthqf1DS/s-l225.jpg
型号不明,59.0,Nikon AF-S TC-17E II 1.7x Teleconverter for AF-S / AF-I Lenses – Pristine,Nikon,Lenses,Used,89.99,USD,"FIXED_PRICE,BEST_OFFER",12,1600,underpriced(med 249),US,carepackage23,100.0,2026-08-14T20:28:38.000Z,,https://www.ebay.com/itm/206491451066?hash=item3013d97eba:g:XS0AAeSwTF5qf3pP,https://i.ebayimg.com/images/g/XS0AAeSwTF5qf3pP/s-l225.jpg
打包杂件,59.0,Canon EOS Rebel G 35mm SLR Film Camera Kit w/ 35-80mm Lens - FULLY TESTED BUNDLE,Canon,Film Cameras,Used,95.0,USD,"FIXED_PRICE,AUCTION",17,1600,auction,US,lookout39,100.0,2026-08-14T18:46:33.000Z,2026-08-21T18:46:33.000Z,https://www.ebay.com/itm/137621453890?hash=item200ae0bc42:g:UzgAAeSwCclqf2Ik,https://i.ebayimg.com/images/g/UzgAAeSwCclqf2Ik/s-l225.jpg
型号不明,59.0,Nikon AF-S Teleconverter TC-17E II 1.7x Lens [Mint] w/Caps From Japan,Nikon,Lenses,Used,129.99,USD,"FIXED_PRICE,BEST_OFFER",15,1600,good-cond,JP,jpns95,100.0,2026-08-15T00:35:44.000Z,,https://www.ebay.com/itm/178407886252?hash=item2989f04dac:g:uU0AAeSwli9qfq7B,https://i.ebayimg.com/images/g/uU0AAeSwli9qfq7B/s-l225.jpg
型号不明,59.0,[TOP MINT in/Box] Canon EXTENDER EF 2x II AF Teleconverter for EOS EF Mount #565,Canon,Lenses,Used,169.99,USD,"FIXED_PRICE,BEST_OFFER",11,1600,mount:canon ef;good-cond,JP,*kon_nichiwa*camera-japan,100.0,2026-08-14T04:29:13.000Z,,https://www.ebay.com/itm/318727286289?hash=item4a35a06e11:g:~T8AAOSwAwhnz4nB,https://i.ebayimg.com/images/g/~T8AAOSwAwhnz4nB/s-l225.jpg
残件/按现状,59.0,Vintage Voigtlander Bessa Folding Camera With Case - Untested - See Description,Voigtlander,Film Cameras,Used,225.0,USD,"FIXED_PRICE,BEST_OFFER",22,1600,as-is,US,spigot8,100.0,2026-08-14T20:15:11.000Z,,https://www.ebay.com/itm/307126899855?hash=item478230948f:g:V7AAAOSwRNhkscEM,https://i.ebayimg.com/images/g/V7AAAOSwRNhkscEM/s-l225.jpg
残件/按现状,58.0,MINOLTA X-700 35MM FILM CAMERA 50MM F/1.4 LENS AUTO 360PX FLASH (AS-IS),Minolta,Film Cameras,For parts or not working,0.0,USD,AUCTION,15,1600,grail:X-700;as-is;auction,US,easten1973,99.7,2026-08-15T02:30:01.000Z,2026-08-22T02:30:01.000Z,https://www.ebay.com/itm/318729581933?hash=item4a35c3756d:g:kksAAeSwvFVqfzBN,https://i.ebayimg.com/images/g/kksAAeSwvFVqfzBN/s-l225.jpg
残件/按现状,58.0,Carl Zeiss Planar 80mm F2 T* for Contax ** impact damage **,Zeiss,Lenses,For parts or not working,0.0,USD,AUCTION,23,1600,grail:Planar;auction,US,wendylaurel,100.0,2026-08-15T01:00:01.000Z,2026-08-25T01:00:01.000Z,https://www.ebay.com/itm/278278126905?hash=item40caab3d39:g:l38AAeSw8vVqUFzX,https://i.ebayimg.com/images/g/l38AAeSw8vVqUFzX/s-l225.jpg
打包杂件,58.0,Canon AE-1 Program 35mm SLR Film Camera W/50mm 1:1.8 And Lots Of Extras!,Canon,Film Cameras,Used,0.0,USD,AUCTION,11,1600,grail:AE-1;auction,US,xbassman1944_4,100.0,2026-08-14T23:08:59.000Z,2026-08-21T23:08:59.000Z,https://www.ebay.com/itm/188793806656?hash=item2bf4fcdf40:g:ifAAAeSwt4FqbSaf,https://i.ebayimg.com/images/g/ifAAAeSwt4FqbSaf/s-l225.jpg
残件/按现状,58.0,Olympus Stylus Epic Zoom 80 DLX Camera All Weather .Use for Parts or Repair,Olympus,Film Cameras,For parts or not working,0.0,USD,"AUCTION,BEST_OFFER",5,1600,grail:Stylus Epic;as-is;auction,US,td98,100.0,2026-08-14T21:56:50.000Z,2026-08-21T21:56:50.000Z,https://www.ebay.com/itm/307126987824?hash=item478231ec30:g:TeIAAeSw9jhqf409,https://i.ebayimg.com/images/g/TeIAAeSw9jhqf409/s-l225.jpg
残件/按现状,58.0,"Canon AE-1 35mm Film Camera, Untested, Very Clean. Split In Battery Retainer.",Canon,Film Cameras,Used,0.0,USD,"AUCTION,BEST_OFFER",8,1600,grail:AE-1;as-is;auction,US,karburri0,100.0,2026-08-14T14:39:32.000Z,2026-08-24T14:39:32.000Z,https://www.ebay.com/itm/227475763005?hash=item34f69caf3d:g:o94AAeSwsqlqfyah,https://i.ebayimg.com/images/g/o94AAeSwsqlqfyah/s-l225.jpg
残件/按现状,58.0,Olympus XA 35mm Rangefinder Film Camera w/A11 Flash Point & Shoot PARTS AS IS,Olympus,Film Cameras,For parts or not working,159.0,USD,FIXED_PRICE,16,1600,grail:Olympus XA;as-is,US,vllvvl,99.7,2026-08-14T19:43:16.000Z,,https://www.ebay.com/itm/398286008261?hash=item5cbbb22fc5:g:MHQAAeSwXRhqf2w-,https://i.ebayimg.com/images/g/MHQAAeSwXRhqf2w-/s-l225.jpg
打包杂件,58.0,CANON AE-1 PROGRAM FILM CAMERA BUNDLE,Canon,Film Cameras,Used,195.7,USD,FIXED_PRICE,15,1287,grail:AE-1,US,bookwormtoys,100.0,2026-08-14T10:22:35.000Z,,https://www.ebay.com/itm/327309793299?hash=item4c352f1813:g:W8UAAeSwjPloxs6Y,https://i.ebayimg.com/images/g/W8UAAeSwjPloxs6Y/s-l225.jpg
残件/按现状,58.0,*READ*Pentax Honeywell 6x7 Medium Format Film Camera,Pentax,Film Cameras,For parts or not working,200.0,USD,"FIXED_PRICE,BEST_OFFER",3,1219,grail:6x7,US,nmbregards09,0.0,2026-08-14T20:02:42.000Z,,https://www.ebay.com/itm/168614079807?hash=item27422ead3f:g:~qsAAeSwwyJqf3LW,https://i.ebayimg.com/images/g/~qsAAeSwwyJqf3LW/s-l225.jpg
查无市价,58.0,Honeywell Pentax Spotmatic SP 500 35mm SLR Film Camera Silver w/ Case And Filter,Pentax,Vintage Cameras,,200.0,USD,"FIXED_PRICE,BEST_OFFER",17,0,grail:Spotmatic,US,tammolive-3,0.0,2026-08-14T17:42:00.000Z,,https://www.ebay.com/itm/237006069879?hash=item372ea9a077:g:cn4AAeSwnu5qf1CX,https://i.ebayimg.com/images/g/cn4AAeSwnu5qf1CX/s-l225.jpg
残件/按现状,58.0,"Nikon F5 AF SLR Film Camera Body, Inoperable #569",Nikon,Film Cameras,For parts or not working,214.01,USD,"FIXED_PRICE,BEST_OFFER",5,1600,grail:Nikon F5,US,robertscamera,99.8,2026-08-15T00:02:07.000Z,,https://www.ebay.com/itm/147505508607?hash=item22580370ff:g:dKAAAeSwFz1qf6x7,https://i.ebayimg.com/images/g/dKAAAeSwFz1qf6x7/s-l225.jpg
型号不明,58.0,Olympus XA Film Camera,Olympus,Film Cameras,Used,219.99,USD,FIXED_PRICE,0,1348,grail:Olympus XA,US,lcscamerastore,99.9,2026-08-14T11:47:05.000Z,,https://www.ebay.com/itm/147504380404?hash=item2257f239f4:g:57IAAeSwMCBqfo42,https://i.ebayimg.com/images/g/57IAAeSwMCBqfo42/s-l225.jpg
打包杂件,58.0,PENTAX K1000 ASAHI CAMERA & HUGE LENS LOT KODAK CANON SUPER-TAKUMAR FOCAL W CAPS,Pentax,Vintage Cameras,,325.0,USD,FIXED_PRICE,16,1600,grail:K1000,US,napi_joh,99.3,2026-08-15T02:43:53.000Z,,https://www.ebay.com/itm/117360131262?hash=item1b53357cbe:g:dnwAAeSw2iZpdZc-,https://i.ebayimg.com/images/g/dnwAAeSw2iZpdZc-/s-l225.jpg
残件/按现状,58.0,Canon AE-1 Camera With 3 Canon Lenses And Extras. Untested Parts Only -READ DESC,Canon,Film Cameras,For parts or not working,349.99,USD,FIXED_PRICE,12,1600,grail:AE-1;as-is,US,armstrong07,100.0,2026-08-14T19:48:30.000Z,,https://www.ebay.com/itm/137621633295?hash=item200ae3790f:g:ojEAAeSwPd5qf23c,https://i.ebayimg.com/images/g/ojEAAeSwPd5qf23c/s-l225.jpg
残件/按现状,58.0,Contax T2 35mm Point & Shoot FOR PARTS,Contax,Film Cameras,For parts or not working,650.0,USD,"FIXED_PRICE,BEST_OFFER",6,1200,grail:Contax T2;as-is,US,seawoodphoto,100.0,2026-08-14T23:37:51.000Z,,https://www.ebay.com/itm/287525663868?hash=item42f1dd747c:g:Md0AAeSwkVdqf6bJ,https://i.ebayimg.com/images/g/Md0AAeSwkVdqf6bJ/s-l225.jpg
查无市价,58.0,Nikon F Mount Adapted Leica SUMMICRON-R 35mm f/2 Version 2 MF Lens Near Mint,Nikon,Lenses,Used,1280.5,USD,"FIXED_PRICE,AUCTION",6,1600,grail:SUMMICRON;mount:nikon f;good-cond;auction,US,mogwai711,100.0,2026-08-14T21:34:16.000Z,2026-08-19T21:34:16.000Z,https://www.ebay.com/itm/398286275062?hash=item5cbbb641f6:g:S1EAAeSwsApqTm4r,https://i.ebayimg.com/images/g/S1EAAeSwsApqTm4r/s-l225.jpg
查无市价,58.0,Nikon F3/T HP Camera Body F3THP Black w/DE-4 HP Prism (Titanium) MINT! #230,Nikon,Film Cameras,Excellent - Refurbished,1284.86,USD,"FIXED_PRICE,BEST_OFFER",7,1600,grail:Nikon F3;good-cond,US,robertscamera,99.8,2026-08-14T19:45:14.000Z,,https://www.ebay.com/itm/206491377311?hash=item3013d85e9f:g:58EAAeSwU4Zqf3BE,https://i.ebayimg.com/images/g/58EAAeSwU4Zqf3BE/s-l225.jpg
查无市价,58.0,Leica M6 Classic Body Black - Meter Issues,Leica,Film Cameras,Used,2150.0,USD,FIXED_PRICE,14,0,grail:Leica M6,US,jknorton,100.0,2026-08-14T04:16:35.000Z,,https://www.ebay.com/itm/227475097551?hash=item34f69287cf:g:t7QAAeSwFatqL1z2,https://i.ebayimg.com/images/g/t7QAAeSwFatqL1z2/s-l225.jpg
查无市价,58.0,Leica M6 Black 35mm Rangefinder Film Camera Body - Leica M6 Model,Leica,Vintage Cameras,,2900.0,USD,"FIXED_PRICE,BEST_OFFER",3,1172,grail:Leica M6,US,meekxsimba,100.0,2026-08-15T02:51:28.000Z,,https://www.ebay.com/itm/278281528744?hash=item40cadf25a8:g:bm0AAeSwU79qf9Pm,https://i.ebayimg.com/images/g/bm0AAeSwU79qf9Pm/s-l225.jpg
查无市价,58.0,Rolleiflex Planar 1:2.8 f=80mm Vintage Camera,Rolleiflex,Vintage Cameras,,3000.0,USD,FIXED_PRICE,0,1080,grail:Planar,US,ai_232020,0.0,2026-08-15T11:31:17.000Z,,https://www.ebay.com/itm/128027839564?hash=item1dcf0dcc4c:g:atYAAeSwkNxqgEzC,https://i.ebayimg.com/images/g/atYAAeSwkNxqgEzC/s-l225.jpg
查无市价,58.0,Hasselblad 500CM C/M 30th Gold Edition 80mm F2.8 Lens,Hasselblad,Film Cameras,Used,5499.99,USD,FIXED_PRICE,21,1600,grail:500CM,US,hce,100.0,2026-08-14T19:07:09.000Z,,https://www.ebay.com/itm/206491309512?hash=item3013d755c8:g:fOYAAeSwhP1qf2Uq,https://i.ebayimg.com/images/g/fOYAAeSwhP1qf2Uq/s-l225.jpg
查无市价,58.0,CLA'd [TOP MINT w/ Hood] Fuji Fujifilm GF670W 6x6 6x7 Film Camera From JAPAN,Fuji,Film Cameras,Used,6394.99,USD,FIXED_PRICE,11,1600,grail:6x7;good-cond,JP,ht-smile,100.0,2026-08-14T16:20:56.000Z,,https://www.ebay.com/itm/128026660371?hash=item1dcefbce13:g:WWkAAeSwD~VpldTp,https://i.ebayimg.com/images/g/WWkAAeSwD~VpldTp/s-l225.jpg
残件/按现状,57.0,"Canon ZR45MC MiniDV Camcorder 18x/360x 2.5"" LCD Remote AV Cables Bag",Canon,Camcorders,For parts or not working,25.0,USD,"FIXED_PRICE,BEST_OFFER",4,1600,underpriced(med 125),US,21rollingstones,100.0,2026-08-14T18:03:25.000Z,,https://www.ebay.com/itm/820002186157?hash=itembeebf063ad:g:OIcAAeSwwhdqf1e6,https://i.ebayimg.com/images/g/OIcAAeSwwhdqf1e6/s-l225.jpg
残件/按现状,57.0,Canon VIXIA HF R300 Video Camera Camcorder HD For parts or repair,Canon,Camcorders,For parts or not working,29.0,USD,"FIXED_PRICE,BEST_OFFER",7,1600,as-is;underpriced(med 125),US,retrogames007,100.0,2026-08-15T07:07:50.000Z,,https://www.ebay.com/itm/377419932907?hash=item57dffb24eb:g:4tIAAeSwtEFqgA~J,https://i.ebayimg.com/images/g/4tIAAeSwtEFqgA~J/s-l225.jpg
残件/按现状,57.0,Canon ZR500 A MiniDv Mini Dv Stereo Camcorder UNTESTED NO CHARGER *As Is*,Canon,Camcorders,For parts or not working,30.0,USD,"FIXED_PRICE,BEST_OFFER",7,1600,as-is;underpriced(med 125),US,simple-life92,99.9,2026-08-14T16:20:40.000Z,,https://www.ebay.com/itm/398285439622?hash=item5cbba98286:g:RJAAAOSwSDJkNcKg,https://i.ebayimg.com/images/g/RJAAAOSwSDJkNcKg/s-l225.jpg
残件/按现状,57.0,Canon ES8600 Hi8 8MM Video Transfer Camcorder - For parts/ AS IS,Canon,Camcorders,For parts or not working,35.0,USD,FIXED_PRICE,13,1600,as-is;underpriced(med 125),US,best4less2010,100.0,2026-08-14T21:20:07.000Z,,https://www.ebay.com/itm/198571605813?hash=item2e3bca3f35:g:OWcAAeSwrWBqHHMl,https://i.ebayimg.com/images/g/OWcAAeSwrWBqHHMl/s-l225.jpg
残件/按现状,57.0,"Canon DC220 Mini DVD Camcorder W/ Original Box, Manual & Cords",Canon,Camcorders,For parts or not working,36.59,USD,"FIXED_PRICE,BEST_OFFER",8,1600,underpriced(med 125),US,mediaprospector,100.0,2026-08-14T22:33:49.000Z,,https://www.ebay.com/itm/336742844085?hash=item4e677006b5:g:WUsAAOSw67dmJLke,https://i.ebayimg.com/images/g/WUsAAOSw67dmJLke/s-l225.jpg
残件/按现状,57.0,Minolta Master 8-406 8mm Video Camcorder-6x Zoom-Charger-Case For Parts/Repair,Minolta,Camcorders,For parts or not working,37.31,USD,"FIXED_PRICE,BEST_OFFER",9,1211,as-is;underpriced(med 91),US,coastal_trading_post,99.8,2026-08-14T17:50:45.000Z,,https://www.ebay.com/itm/298588141044?hash=item45853d75f4:g:y8QAAeSwJgVqffik,https://i.ebayimg.com/images/g/y8QAAeSwJgVqffik/s-l225.jpg
残件/按现状,57.0,Canon ZR500 A MiniDv Mini Dv Stereo Camcorder Battery Accessories - Needs Repair,Canon,Camcorders,Used,40.0,USD,FIXED_PRICE,6,980,underpriced(med 125),US,best.deals4u2buy,100.0,2026-08-14T15:05:14.000Z,,https://www.ebay.com/itm/137620843730?hash=item200ad76cd2:g:spQAAeSwYtBqfy2S,https://i.ebayimg.com/images/g/spQAAeSwYtBqfy2S/s-l225.jpg
残件/按现状,57.0,Canon ZR80 Mini DV Camcorder Has Battery Untested,Canon,Camcorders,Used,45.0,USD,"FIXED_PRICE,BEST_OFFER",3,1600,as-is;underpriced(med 125),US,zipswing,100.0,2026-08-14T19:26:34.000Z,,https://www.ebay.com/itm/257680553060?hash=item3bfef53464:g:~lEAAeSwBidqf2uw,https://i.ebayimg.com/images/g/~lEAAeSwBidqf2uw/s-l225.jpg
型号不明,57.0,Camera Lens PENTAX 80-320 Up To 50 Ft,Pentax,Lenses,Used,50.0,USD,"FIXED_PRICE,BEST_OFFER",4,1599,underpriced(med 180);low-feedback,US,ev-9473,96.9,2026-08-14T18:43:38.000Z,,https://www.ebay.com/itm/198571260211?hash=item2e3bc4f933:g:NG8AAeSwUp5qf2AW,https://i.ebayimg.com/images/g/NG8AAeSwUp5qf2AW/s-l225.jpg
残件/按现状,57.0,【AS IS】 FUJIFILM FinePix F460 3x FromJapan #ks983,Fujifilm,Digital Cameras,For parts or not working,58.55,USD,FIXED_PRICE,4,1196,as-is;underpriced(med 238),JP,somtom_9,99.3,2026-08-14T13:07:50.000Z,,https://www.ebay.com/itm/188791686097?hash=item2bf4dc83d1:g:hyYAAeSwtEFqfxPf,https://i.ebayimg.com/images/g/hyYAAeSwtEFqfxPf/s-l225.jpg
残件/按现状,57.0,Tenax Zeiss Ikon Camera Prontormats-5 W/ Zeiss 50MM F2.8 Lens Vintage Untested,Zeiss,Vintage Cameras,,85.0,USD,"FIXED_PRICE,BEST_OFFER",23,1200,as-is,US,neriah316,100.0,2026-08-15T04:38:12.000Z,,https://www.ebay.com/itm/188794959110?hash=item2bf50e7506:g:MvUAAOSwQWZnXkx5,https://i.ebayimg.com/images/g/MvUAAOSwQWZnXkx5/s-l225.jpg
型号不明,57.0,LEICA PL APO 20X /0.60 428 /0.17/B 659320,Leica,Lenses,Used,523.31,USD,FIXED_PRICE,8,1200,underpriced(med 1195),JP,digree_japan,99.7,2026-08-14T23:42:39.000Z,,https://www.ebay.com/itm/307127087159?hash=item4782337037:g:HFwAAeSwtBlqf6ju,https://i.ebayimg.com/images/g/HFwAAeSwtBlqf6ju/s-l225.jpg
型号不明,56.0,SIGMA NIKON AF 18-55MMF2.8 EX DC Used,Sigma,Lenses,Used,109.0,USD,FIXED_PRICE,3,1280,55mm;underpriced(med 353),JP,hard-off-japan-in-au,99.2,2026-08-14T17:37:51.000Z,,https://www.ebay.com/itm/318730128102?hash=item4a35cbcae6:g:LKYAAeSwYVRqf3Sc,https://i.ebayimg.com/images/g/LKYAAeSwYVRqf3Sc/s-l225.jpg
残件/按现状,55.0,Nikon F3 35mm SLR Film Camera Body Only- UNTESTED FOR PARTS,Nikon,Film Cameras,For parts or not working,0.0,USD,AUCTION,9,1600,grail:Nikon F3;as-is;auction,AU,io-34356,100.0,2026-08-15T05:27:52.000Z,2026-08-22T05:27:52.000Z,https://www.ebay.com/itm/188795093961?hash=item2bf51083c9:g:kqsAAeSw65pqf~dI,https://i.ebayimg.com/images/g/kqsAAeSw65pqf~dI/s-l225.jpg
型号不明,55.0,"Leitz/Leica ELMAR 5cm F2.8 lens in Leica thread mount, collapsable",Leitz,Lenses,Used,0.0,USD,AUCTION,2,1600,grail:ELMAR;auction,ZA,kakieboskameras,100.0,2026-08-14T19:49:55.000Z,2026-08-21T19:49:55.000Z,https://www.ebay.com/itm/206491390819?hash=item3013d89363:g:3VkAAeSwa5xqCtGV,https://i.ebayimg.com/images/g/3VkAAeSwa5xqCtGV/s-l225.jpg
型号不明;图片过小,55.0,2X Telephoto Lens For Sony Cybershot DSC-HX400 DSC-H400 DSC-HX300,Sony,Lenses,New,33.99,USD,"FIXED_PRICE,BEST_OFFER",4,618,underpriced(med 357),US,digitalsaleonline,99.9,2026-08-14T19:50:03.000Z,,https://www.ebay.com/itm/137621644890?hash=item200ae3a65a:g:FhkAAeSwJLhoflrd,https://i.ebayimg.com/images/g/FhkAAeSwJLhoflrd/s-l225.jpg
型号不明,55.0,Sony Wide Angle Conversion Lens for DSC-H1/H2/H5 (VCL-DH0758),Sony,Lenses,Used,34.99,USD,"FIXED_PRICE,BEST_OFFER",7,1600,underpriced(med 357),US,tensawc0,100.0,2026-08-14T15:54:19.000Z,,https://www.ebay.com/itm/287525003586?hash=item42f1d36142:g:qFoAAeSwk-9qfzjU,https://i.ebayimg.com/images/g/qFoAAeSwk-9qfzjU/s-l225.jpg
型号不明,55.0,Tamron Adaptall-2 Mount w/ cap | for Rollei/Voigtlander | IB | New | NOS | $35 |,Tamron,Lenses,New,35.0,USD,FIXED_PRICE,0,1432,underpriced(med 214),US,vintagephotographica,99.8,2026-08-14T23:52:26.000Z,,https://www.ebay.com/itm/327310721626?hash=item4c353d425a:g:CzsAAOSwQFBixRCG,https://i.ebayimg.com/images/g/CzsAAOSwQFBixRCG/s-l225.jpg
残件/按现状;图片过小,55.0,Sony SELP1650 16-50mm f/3.5-5.6 OSS Power Zoom E-Mount Lens,Sony,Lenses,For parts or not working,35.0,USD,"FIXED_PRICE,BEST_OFFER",4,547,underpriced(med 357),US,dudam-91,0.0,2026-08-14T15:52:13.000Z,,https://www.ebay.com/itm/407144653552?hash=item5ecbb662f0:g:7isAAeSwnCZqfzks,https://i.ebayimg.com/images/g/7isAAeSwnCZqfzks/s-l225.jpg
残件/按现状,55.0,SIGMA Zoom K III 1:3.5-4.5 f = 75~210mm W/ Skylight Filter And Case Untested,Sigma,Lenses,Used,38.99,USD,FIXED_PRICE,12,1280,as-is;underpriced(med 353),US,johnsoddballz,99.9,2026-08-14T14:21:47.000Z,,https://www.ebay.com/itm/178406461988?hash=item2989da9224:g:JpUAAeSwEi9qfyPH,https://i.ebayimg.com/images/g/JpUAAeSwEi9qfyPH/s-l225.jpg
残件/按现状,55.0,Fujifilm Instax 210 Instant Film Camera - For Parts or Repair,Fujifilm,Film Cameras,Used,65.0,USD,FIXED_PRICE,3,1500,as-is,US,anastigmatf64,99.3,2026-08-14T17:42:10.000Z,,https://www.ebay.com/itm/188792687427?hash=item2bf4ebcb43:g:z-IAAeSwA6tqf1NC,https://i.ebayimg.com/images/g/z-IAAeSwA6tqf1NC/s-l225.jpg
打包杂件,55.0,Fujifilm Instax Mini 40 Camera Blister Bundle with Bonus Film (10-pack of film),Fujifilm,Film Cameras,New,75.0,USD,FIXED_PRICE,5,1166,,US,mminnic1,100.0,2026-08-14T19:26:35.000Z,,https://www.ebay.com/itm/257680553066?hash=item3bfef5346a:g:MIAAAeSwYrtqXgtE,https://i.ebayimg.com/images/g/MIAAAeSwYrtqXgtE/s-l225.jpg
残件/按现状,55.0,Vintage YASHICA ELECTRO 35 GSN Film Camera 1:1.7 f =45 mm w/ Case UNTESTED,Yashica,Film Cameras,For parts or not working,78.84,USD,FIXED_PRICE,7,1600,as-is,US,imbra_24,100.0,2026-08-15T02:43:26.000Z,,https://www.ebay.com/itm/336743100937?hash=item4e6773f209:g:usQAAeSw1~lqf9JI,https://i.ebayimg.com/images/g/usQAAeSw1~lqf9JI/s-l225.jpg
残件/按现状,55.0,Rare Olympus Pen S 3.5 Half Frame 35mm Film Camera Untested,Olympus,Film Cameras,For parts or not working,79.99,USD,FIXED_PRICE,21,1600,as-is,US,jisaladin-0,99.7,2026-08-14T21:07:43.000Z,,https://www.ebay.com/itm/398286188681?hash=item5cbbb4f089:g:ZFsAAeSwr-1qf4Ib,https://i.ebayimg.com/images/g/ZFsAAeSwr-1qf4Ib/s-l225.jpg
残件/按现状,55.0,Olympus OMG 35mm SLR Film Camera w/ 50mm Skylight Lens Extras Untested,Olympus,Film Cameras,For parts or not working,79.99,USD,"FIXED_PRICE,BEST_OFFER",6,0,as-is,US,mendellstore,99.7,2026-08-14T04:36:34.000Z,,https://www.ebay.com/itm/128025823828?hash=item1dceef0a54:g:JPsAAeSwqgRqfpsv,https://i.ebayimg.com/images/g/JPsAAeSwqgRqfpsv/s-l225.jpg
残件/按现状,55.0,Vintage Canon Sureshot Telemax w/Bag & Fujifilm Film TESTED!! READ DESCRIPTION!!,Canon,Film Cameras,Used,85.49,USD,FIXED_PRICE,8,1200,,US,goodwillomaha,99.8,2026-08-15T09:59:28.000Z,,https://www.ebay.com/itm/287526437662?hash=item42f1e9431e:g:VUcAAeSwFJ1qdgMY,https://i.ebayimg.com/images/g/VUcAAeSwFJ1qdgMY/s-l225.jpg
型号不明,55.0,[UNUSED] Sigma APO Tele Converter 1.4x EX DG for Canon EF Mount Teleconverter,Sigma,Lenses,Open box,90.0,USD,"FIXED_PRICE,BEST_OFFER",4,719,mount:canon ef;underpriced(med 353),US,rubixmarket,100.0,2026-08-14T23:27:59.000Z,,https://www.ebay.com/itm/198571761307?hash=item2e3bcc9e9b:g:MIoAAeSwT0pqf6PJ,https://i.ebayimg.com/images/g/MIoAAeSwT0pqf6PJ/s-l225.jpg
残件/按现状,55.0,Vintage Canon Auto Zoom 518 Super 8 Handheld Camcorder For Repair Read Descript,Canon,Vintage Cameras,,97.0,USD,FIXED_PRICE,18,1600,as-is,US,mr_finleys,99.7,2026-08-15T05:06:38.000Z,,https://www.ebay.com/itm/800510751581?hash=itemba6228b35d:g:4kEAAeSwSFFqaQxY,https://i.ebayimg.com/images/g/4kEAAeSwSFFqaQxY/s-l225.jpg
残件/按现状,55.0,Vintage Canon Sure Shot Owl 35mm Camera Marlboro Red Case 1 Broken Zipper,Canon,Film Cameras,Used,98.0,USD,"FIXED_PRICE,BEST_OFFER",8,1600,as-is,US,grahar5,100.0,2026-08-15T02:57:02.000Z,,https://www.ebay.com/itm/147505755562?hash=item22580735aa:g:ffcAAeSwVNpqf9Vz,https://i.ebayimg.com/images/g/ffcAAeSwVNpqf9Vz/s-l225.jpg
残件/按现状,55.0,NON TESTED PARTS ONLY CAMERA Canon EOS Rebel T3i With Zoom Lens,Canon,Film Cameras,For parts or not working,99.0,USD,"FIXED_PRICE,BEST_OFFER",11,1600,as-is,US,carmeljmjmom,100.0,2026-08-15T02:49:40.000Z,,https://www.ebay.com/itm/336743107157?hash=item4e67740a55:g:7EcAAeSwEHxqL3Va,https://i.ebayimg.com/images/g/7EcAAeSwEHxqL3Va/s-l225.jpg
残件/按现状,55.0,Canon AF35M Autoboy Film Camera Untested,Canon,Film Cameras,Used,100.0,USD,"FIXED_PRICE,BEST_OFFER",6,1599,as-is,US,thrifting_34,100.0,2026-08-14T23:09:16.000Z,,https://www.ebay.com/itm/820002993698?hash=itembeebfcb622:g:wrEAAeSwXyBqf5~Q,https://i.ebayimg.com/images/g/wrEAAeSwXyBqf5~Q/s-l225.jpg
残件/按现状,55.0,Nikon Nikkor AF 50mm f/1.4 Prime Lens for F Mount from Japan [AS IS],Nikon,Lenses,Used,117.76,USD,FIXED_PRICE,15,1600,mount:nikon f;as-is,JP,sakura_camera06,100.0,2026-08-14T14:49:47.000Z,,https://www.ebay.com/itm/287524911593?hash=item42f1d1f9e9:g:b90AAeSwpZhqAYwC,https://i.ebayimg.com/images/g/b90AAeSwpZhqAYwC/s-l225.jpg
残件/按现状,55.0,Nikon F100 AF SLR Film Camera Body *Inoperable #600,Nikon,Film Cameras,For parts or not working,120.08,USD,"FIXED_PRICE,BEST_OFFER",5,1600,,US,robertscamera,99.8,2026-08-14T14:17:34.000Z,,https://www.ebay.com/itm/147504637861?hash=item2257f627a5:g:1osAAeSwOT5qfyN5,https://i.ebayimg.com/images/g/1osAAeSwOT5qfyN5/s-l225.jpg
型号不明,55.0,Sigma MC-11 Mount Converter for Canon EF to Sony E Mount #727,Sigma,Lenses,Very Good - Refurbished,129.82,USD,"FIXED_PRICE,BEST_OFFER",5,1600,mount:canon ef;underpriced(med 353),US,robertscamera,99.8,2026-08-14T23:21:17.000Z,,https://www.ebay.com/itm/206491739115?hash=item3013dde3eb:g:jk4AAeSwyShqf6Lp,https://i.ebayimg.com/images/g/jk4AAeSwyShqf6Lp/s-l225.jpg
残件/按现状,55.0,"Topcon Unirex 35mm SLR Film Camera Manual, Case, 4 Lenses Untested",Topcon,Film Cameras,Used,147.98,USD,FIXED_PRICE,17,1600,as-is,US,lklilja,99.7,2026-08-14T15:59:39.000Z,,https://www.ebay.com/itm/227475856754?hash=item34f69e1d72:g:6FIAAeSw1WNqLwMH,https://i.ebayimg.com/images/g/6FIAAeSw1WNqLwMH/s-l225.jpg
残件/按现状,55.0,"Nikon FE 35mm Film SLR Camera With Nikkor 50mm f/1.4 Focus Lens, Untested R-23",Nikon,Film Cameras,Used,160.0,USD,"FIXED_PRICE,BEST_OFFER",7,1600,mount:nikon f;as-is,US,findingforeverthrift,99.2,2026-08-14T19:02:26.000Z,,https://www.ebay.com/itm/318730430768?hash=item4a35d06930:g:m-0AAeSwRT9qf2Qx,https://i.ebayimg.com/images/g/m-0AAeSwRT9qf2Qx/s-l225.jpg
型号不明,55.0,*READ : Near Mint* Yashica-D Yashica D TLR 6x6 Medium Format Film Camera From JP,Yashica,Film Cameras,Used,170.99,USD,FIXED_PRICE,22,0,good-cond,JP,dub0804-55,100.0,2026-08-14T11:34:41.000Z,,https://www.ebay.com/itm/366605134739?hash=item555b5e6b93:g:3jYAAeSwGYJp6v2k,https://i.ebayimg.com/images/g/3jYAAeSwGYJp6v2k/s-l225.jpg
型号不明,55.0,*Rare Black : CLA'd : Almost Mint* Pentax SL Film Camera Body From Japan,Pentax,Film Cameras,Used,171.89,USD,FIXED_PRICE,15,0,good-cond,JP,hitonaga-0,100.0,2026-08-14T11:39:00.000Z,,https://www.ebay.com/itm/407143987977?hash=item5ecbac3b09:g:VgQAAeSwFONqMoHC,https://i.ebayimg.com/images/g/VgQAAeSwFONqMoHC/s-l225.jpg
查无市价,55.0,Meter Works! [Top MINT] Minolta AL-E 35mm Rangefinder Film Camera From Japan,Minolta,Film Cameras,Used,186.0,USD,FIXED_PRICE,11,0,good-cond,JP,ku2ko1_76,100.0,2026-08-14T18:52:40.000Z,,https://www.ebay.com/itm/800508505057?hash=itemba62066be1:g:cB4AAeSwA6tqf2Q-,https://i.ebayimg.com/images/g/cB4AAeSwA6tqf2Q-/s-l225.jpg
型号不明,55.0,*Rare : Near Mint ++* Musahino Koki Wista Shanel 5B-S Shutter w/ Rittreck Board,Wista,Lenses,Used,210.89,USD,FIXED_PRICE,9,1600,good-cond,JP,hitonaga-0,100.0,2026-08-14T11:38:59.000Z,,https://www.ebay.com/itm/407143987935?hash=item5ecbac3adf:g:hKgAAOSw9VRmDMVc,https://i.ebayimg.com/images/g/hKgAAOSw9VRmDMVc/s-l225.jpg
查无市价,55.0,Serviced Excellent condition Beige Canon demi half camera exposure meter OK 1317,Canon,Film Cameras,Used,211.05,USD,"FIXED_PRICE,BEST_OFFER",15,0,good-cond,JP,manmaru42,100.0,2026-08-14T13:54:07.000Z,,https://www.ebay.com/itm/398285052811?hash=item5cbba39b8b:g:C~0AAeSwMwFqfx57,https://i.ebayimg.com/images/g/C~0AAeSwMwFqfx57/s-l225.jpg
型号不明,55.0,*Rare : Near Mint ++* Musahino Koki Wista Shanel 5B-S Shutter w/ Lock Ring / JPN,Wista,Lenses,Used,227.99,USD,FIXED_PRICE,11,1600,good-cond,JP,hitonaga-0,100.0,2026-08-14T11:30:35.000Z,,https://www.ebay.com/itm/407143976179?hash=item5ecbac0cf3:g:jxQAAOSwQvFnZPl5,https://i.ebayimg.com/images/g/jxQAAOSwQvFnZPl5/s-l225.jpg
查无市价,55.0,Read [N MINT] Ricoh GR10 Silver 28mm F2.8 Point & Shoot 35mm Film Camera JAPAN,Ricoh,Film Cameras,Used,299.49,USD,FIXED_PRICE,23,0,good-cond,JP,japan_camera_factory,99.9,2026-08-14T13:52:06.000Z,,https://www.ebay.com/itm/398285049936?hash=item5cbba39050:g:qQUAAeSw7Ddqfx4F,https://i.ebayimg.com/images/g/qQUAAeSw7Ddqfx4F/s-l225.jpg
残件/按现状,55.0,Rolleiflex 3.5 MX-Automat Xenar Lens TLR Film Camera Untested,Rolleiflex,Vintage Cameras,,400.0,USD,"FIXED_PRICE,AUCTION",12,1599,as-is;auction,US,fransfinds93,99.7,2026-08-14T23:02:42.000Z,2026-08-24T23:02:42.000Z,https://www.ebay.com/itm/237006495351?hash=item372eb01e77:g:KZEAAeSwVf1qf56G,https://i.ebayimg.com/images/g/KZEAAeSwVf1qf56G/s-l225.jpg
型号不明,55.0,Meter OK Optics MINT Rollei 35 Germany Compact Film Camera Hood Case From JAPAN,Rollei,Film Cameras,Used,493.99,USD,FIXED_PRICE,16,1600,good-cond,JP,ume-japan,99.7,2026-08-14T22:49:29.000Z,,https://www.ebay.com/itm/128027083618?hash=item1dcf024362:g:bJEAAeSw9VlqAyeH,https://i.ebayimg.com/images/g/bJEAAeSw9VlqAyeH/s-l225.jpg
残件/按现状,55.0,Leica R8 Silver Full Set 35mm DSLR Leitz R - Read Description,Leica,Digital Cameras,Usato,532.1,USD,FIXED_PRICE,16,1600,grail:Leica R8;underpriced(med 1731),IT,www.camistry.eu,99.7,2026-08-14T13:22:43.000Z,,https://www.ebay.com/itm/336742072319?hash=item4e67643fff:g:-VIAAeSwA9FqfxP4,https://i.ebayimg.com/images/g/-VIAAeSwA9FqfxP4/s-l225.jpg
查无市价,55.0,Rollei 35 40mm f/3.5 Singapore -EXC- 0347,Rollei,Film Cameras,Used,658.55,USD,FIXED_PRICE,2,0,good-cond,JP,kitamura_camera,100.0,2026-08-14T04:17:18.000Z,,https://www.ebay.com/itm/358924709881?hash=item5391946ff9:g:iK8AAeSw7Ddqfp8d,https://i.ebayimg.com/images/g/iK8AAeSw7Ddqfp8d/s-l225.jpg
查无市价,55.0,[EXC+5 in Trunk] TOYO VIEW C Film Camera FUJINON W 210mm f/5.6 Lens from JAPAN,Toyo,Film Cameras,Good - Refurbished,768.0,USD,FIXED_PRICE,19,0,good-cond,JP,tessan-camera336,100.0,2026-08-14T05:14:59.000Z,,https://www.ebay.com/itm/198569839856?hash=item2e3baf4cf0:g:P9IAAOSw6yZmypE6,https://i.ebayimg.com/images/g/P9IAAOSw6yZmypE6/s-l225.jpg
查无市价,55.0,[EXC+5 in Trunk] TOYO VIEW G Film Camera + Schneider 180mm f/5.6 Lens from JAPAN,Toyo,Film Cameras,Good - Refurbished,804.0,USD,FIXED_PRICE,20,0,good-cond,JP,tessan-camera336,100.0,2026-08-14T05:14:20.000Z,,https://www.ebay.com/itm/198569839248?hash=item2e3baf4a90:g:Kf4AAOSwHApoFCOu,https://i.ebayimg.com/images/g/Kf4AAOSwHApoFCOu/s-l225.jpg
查无市价,55.0,[EXC+5 in Trunk] TOYO VIEW G Film Camera + Schneider 150mm f/5.6 Lens from JAPAN,Toyo,Film Cameras,Good - Refurbished,816.0,USD,FIXED_PRICE,20,0,good-cond,JP,tessan-camera336,100.0,2026-08-14T05:14:01.000Z,,https://www.ebay.com/itm/198569838743?hash=item2e3baf4897:g:9w4AAOSwaQNoFCX6,https://i.ebayimg.com/images/g/9w4AAOSwaQNoFCX6/s-l225.jpg
查无市价,55.0,Rollei 35 40mm f/3.5 Singapore -Near Mint- 0330,Rollei,Film Cameras,Used,823.32,USD,FIXED_PRICE,2,0,good-cond,JP,kitamura_camera,100.0,2026-08-14T04:17:18.000Z,,https://www.ebay.com/itm/358924709873?hash=item5391946ff1:g:85QAAeSwgYVqfp6n,https://i.ebayimg.com/images/g/85QAAeSwgYVqfp6n/s-l225.jpg
查无市价,55.0,[Exc +5] Graflex Series D Large Format Camera with 6 3/8 in f4.5 Lens From JAPAN,Graflex,Vintage Cameras,,1099.99,USD,"FIXED_PRICE,BEST_OFFER",9,0,good-cond,JP,camera_japan-store88,99.7,2026-08-15T10:47:56.000Z,,https://www.ebay.com/itm/366607116301?hash=item555b7ca80d:g:11UAAeSwWXtqgAwh,https://i.ebayimg.com/images/g/11UAAeSwWXtqgAwh/s-l225.jpg
查无市价,55.0,New Bellows [N MINT] Toyo Field 45AII L 4x5 Schneider Apo 150mm Lens From JAPAN,Toyo,Film Cameras,Used,1798.0,USD,FIXED_PRICE,19,0,good-cond,JP,taabo93,100.0,2026-08-14T11:01:42.000Z,,https://www.ebay.com/itm/137620207231?hash=item200acdb67f:g:fzUAAeSwSKxqfvXW,https://i.ebayimg.com/images/g/fzUAAeSwSKxqfvXW/s-l225.jpg
查无市价,55.0,[Top MINT] Leica Leitz M4-2 35mm Rangefinder Film Camera Black Body Canada JAPAN,Leica,Film Cameras,Used,1949.49,USD,FIXED_PRICE,23,1600,good-cond,JP,kobe_japan_camera,99.2,2026-08-14T14:25:13.000Z,,https://www.ebay.com/itm/318729397496?hash=item4a35c0a4f8:g:y24AAeSwwSNqfyR0,https://i.ebayimg.com/images/g/y24AAeSwwSNqfyR0/s-l225.jpg
查无市价,55.0,[ULTRA RARE/CLA'd] Linhof Technar 4x5 Handy Wide Schneider Super Angulon 75/5.6,Linhof,Film Cameras,Used,4499.99,USD,FIXED_PRICE,22,970,good-cond,JP,camera-lady777,100.0,2026-08-15T03:16:23.000Z,,https://www.ebay.com/itm/158189915896?hash=item24d4da8ef8:g:14wAAeSwzI5qRvDV,https://i.ebayimg.com/images/g/14wAAeSwzI5qRvDV/s-l225.jpg
查无市价,55.0,Made in USA 【MINT】 Deardorff 8x10 Large Format Camera Linhof Adapter from JAPAN,Deardorff,Film Cameras,Used,4999.9,USD,FIXED_PRICE,23,1600,good-cond,JP,japanyuichi,100.0,2026-08-14T23:27:08.000Z,,https://www.ebay.com/itm/298588756306?hash=item458546d952:g:OtgAAeSwiBtqXrDC,https://i.ebayimg.com/images/g/OtgAAeSwiBtqXrDC/s-l225.jpg
残件/按现状,54.0,Canon ES600 with batteries CA-R200 charger manual case powers on,Canon,Camcorders,For parts or not working,25.63,USD,FIXED_PRICE,6,0,underpriced(med 125),GB,aardvarkelectronics,99.9,2026-08-14T13:04:45.000Z,,https://www.ebay.com/itm/128026410694?hash=item1dcef7fec6:g:4PIAAeSwls1qfxJj,https://i.ebayimg.com/images/g/4PIAAeSwls1qfxJj/s-l225.jpg
残件/按现状,54.0,"Miranda Sensorex 35mm Camera With Auto Miranda 1:18 F=50mm Lens. works, untested",Miranda,Film Cameras,Used,40.0,USD,"FIXED_PRICE,AUCTION",4,1600,as-is;auction,CA,zamzam,100.0,2026-08-15T02:03:26.000Z,2026-08-22T02:03:26.000Z,https://www.ebay.com/itm/327310861891?hash=item4c353f6643:g:JTQAAOSwh3RnZxlO,https://i.ebayimg.com/images/g/JTQAAOSwh3RnZxlO/s-l225.jpg
打包杂件,54.0,"Nikon F2 35mm SLR Film Camera Bundle W MB-1 Grip MD-2 , 5 Lense & Bag And More!",Nikon,Film Cameras,Used,799.99,USD,"FIXED_PRICE,BEST_OFFER",19,1600,grail:Nikon F2;mount:minolta md,US,victfu0,97.6,2026-08-14T23:02:14.000Z,,https://www.ebay.com/itm/800509319449?hash=itemba6212d919:g:WZkAAeSwX0Zqf5wM,https://i.ebayimg.com/images/g/WZkAAeSwX0Zqf5wM/s-l225.jpg
打包杂件,54.0,"Nikon F3 with Nikkor Ai 50mm f1.4 Lens, SB-12 Speedlight, and half case bundle",Nikon,Film Cameras,Open box,1099.99,USD,"FIXED_PRICE,BEST_OFFER",10,1600,grail:Nikon F3;mount:nikon f,US,elite_heritage,100.0,2026-08-14T21:47:54.000Z,,https://www.ebay.com/itm/168614246357?hash=item27423137d5:g:t5IAAeSwli9qf4ft,https://i.ebayimg.com/images/g/t5IAAeSwli9qf4ft/s-l225.jpg
查无市价,54.0,"Leica M6 Silver LHSA 1968-1993, Bxd 1938006",Leica,Film Cameras,Used,8555.0,USD,FIXED_PRICE,0,0,grail:Leica M6,US,camerawest,99.0,2026-08-15T00:33:54.000Z,,https://www.ebay.com/itm/287525735596?hash=item42f1de8cac:g:O2gAAeSwxvxqf6vP,https://i.ebayimg.com/images/g/O2gAAeSwxvxqf6vP/s-l225.jpg
残件/按现状,53.0,Nikon Coolpix B500 16MP 40x Zoom Digital Camera Red - For Parts Read,Nikon,Digital Cameras,For parts or not working,25.0,USD,"FIXED_PRICE,BEST_OFFER",5,1600,as-is;underpriced(med 252),US,dakstj56,100.0,2026-08-14T06:03:37.000Z,,https://www.ebay.com/itm/407143367355?hash=item5ecba2c2bb:g:ltMAAeSwqXxqfq9d,https://i.ebayimg.com/images/g/ltMAAeSwqXxqfq9d/s-l225.jpg
残件/按现状,53.0,Canon EOS 20D 8.2MP Digital SLR Photo Camera (Body Only) DSLR w/o Battery / Lens,Canon,Digital Cameras,For parts or not working,26.02,USD,"FIXED_PRICE,BEST_OFFER",11,1600,underpriced(med 330),US,triplerenterprisesllc,99.8,2026-08-14T14:24:10.000Z,,https://www.ebay.com/itm/267757061124?hash=item3e57908404:g:Lq8AAOSwr1Vk4gWj,https://i.ebayimg.com/images/g/Lq8AAOSwr1Vk4gWj/s-l225.jpg
残件/按现状,53.0,Canon EOS Rebel XTi 10.1MP DSLR Digital Camera Body W/ Battery - For Parts,Canon,Digital Cameras,For parts or not working,27.89,USD,FIXED_PRICE,8,1600,as-is;underpriced(med 330),US,e-findsllc,99.8,2026-08-14T12:41:41.000Z,,https://www.ebay.com/itm/298587522330?hash=item458534051a:g:sHQAAeSwJgVqfwzB,https://i.ebayimg.com/images/g/sHQAAeSwJgVqfwzB/s-l225.jpg
残件/按现状,53.0,Canon PowerShot SD450 Digital ELPH Camera FOR PARTS OR REPAIR!!!,Canon,Digital Cameras,Used,29.99,USD,FIXED_PRICE,5,1599,as-is;underpriced(med 330),US,mikeylikey4,100.0,2026-08-14T14:28:00.000Z,,https://www.ebay.com/itm/128026507018?hash=item1dcef9770a:g:REwAAeSwiuJqfyXP,https://i.ebayimg.com/images/g/REwAAeSwiuJqfyXP/s-l225.jpg
残件/按现状,53.0,"""FAULTY"" Nikon CoolPix L330 20.2MP Digital Bridge Camera For Spares Repair Parts",Nikon,Digital Cameras,Used,29.99,USD,"FIXED_PRICE,BEST_OFFER",5,1600,underpriced(med 252),US,mylovedfinds,100.0,2026-08-14T09:28:53.000Z,,https://www.ebay.com/itm/800506456222?hash=itemba61e7289e:g:lzsAAeSwkOdqft-p,https://i.ebayimg.com/images/g/lzsAAeSwkOdqft-p/s-l225.jpg
残件/按现状,53.0,*PARTS/REPAIR* Nikon COOLPIX S8100 12.1MP Digital Camera (LENS ERROR/VERY ROUGH),Nikon,Digital Cameras,For parts or not working,29.99,USD,FIXED_PRICE,8,1600,underpriced(med 252),US,jna_distributions,99.5,2026-08-14T06:11:23.000Z,,https://www.ebay.com/itm/227475198660?hash=item34f69412c4:g:2dgAAeSw1yVqfqzN,https://i.ebayimg.com/images/g/2dgAAeSw1yVqfqzN/s-l225.jpg
残件/按现状,53.0,*PARTS/REPAIR* Nikon COOLPIX S1000pj 12.1 MP Digital Camera (READ),Nikon,Digital Cameras,For parts or not working,29.99,USD,FIXED_PRICE,15,1290,underpriced(med 252),US,jna_distributions,99.5,2026-08-14T06:10:50.000Z,,https://www.ebay.com/itm/227475198066?hash=item34f6941072:g:TO4AAeSwyRFqfrCp,https://i.ebayimg.com/images/g/TO4AAeSwyRFqfrCp/s-l225.jpg
残件/按现状,53.0,Canon PC1431 PowerShot SX120 IS 10MP Digital Camera For PARTS REPAIR Corroded,Canon,Digital Cameras,For parts or not working,33.0,USD,"FIXED_PRICE,BEST_OFFER",12,1600,as-is;underpriced(med 330),US,fay577,99.4,2026-08-14T07:55:48.000Z,,https://www.ebay.com/itm/398284091043?hash=item5cbb94eea3:g:UdMAAeSwPGtqaWGH,https://i.ebayimg.com/images/g/UdMAAeSwPGtqaWGH/s-l225.jpg
残件/按现状,53.0,Nikon Coolpix S210 Plum Camera w Battery Powers On Lens Error For Parts Repair,Nikon,Digital Cameras,For parts or not working,34.98,USD,FIXED_PRICE,9,1600,as-is;underpriced(med 252),US,certifiedtreasurehunter,100.0,2026-08-14T14:31:54.000Z,,https://www.ebay.com/itm/267757067708?hash=item3e57909dbc:g:Yp0AAeSwqpRqKbfa,https://i.ebayimg.com/images/g/Yp0AAeSwqpRqKbfa/s-l225.jpg
残件/按现状,53.0,Nikon Coolpix S3000 Black 12MP 4x Digital Camera BATTERY INCLUDED PARTS *READ*,Nikon,Digital Cameras,For parts or not working,34.99,USD,FIXED_PRICE,9,1577,underpriced(med 252),US,juamannin-0,99.6,2026-08-14T11:31:41.000Z,,https://www.ebay.com/itm/257679850325?hash=item3bfeea7b55:g:-CsAAeSweXxqW9hL,https://i.ebayimg.com/images/g/-CsAAeSweXxqW9hL/s-l225.jpg
打包杂件,53.0,Lot of 3 USSR Cameras: Zorki 6 (2pcs) + Zorki 5 RF Film 35mm Case #21 READ DESC,Zorki,Film Cameras,Used,34.99,USD,"FIXED_PRICE,BEST_OFFER",23,0,mount:canon rf;neg;underpriced(med 90),UA,marsherem-44,100.0,2026-08-14T05:02:44.000Z,,https://www.ebay.com/itm/188790045538?hash=item2bf4c37b62:g:~7QAAeSwHKFqQMiD,https://i.ebayimg.com/images/g/~7QAAeSwHKFqQMiD/s-l225.jpg
残件/按现状,53.0,Nikon D80 DSLR Camera Barely Used 77 Shutter Count Shutter Error Code for Parts,Nikon,Digital Cameras,For parts or not working,39.0,USD,"FIXED_PRICE,BEST_OFFER",10,1600,as-is;underpriced(med 252),US,rich2000animals,99.7,2026-08-14T16:25:30.000Z,,https://www.ebay.com/itm/366605648135?hash=item555b664107:g:NcMAAeSwCz5qf0FM,https://i.ebayimg.com/images/g/NcMAAeSwCz5qf0FM/s-l225.jpg
残件/按现状,53.0,Fujifilm FinePix JX Series JX520 / JX500 14.0MP Black Digital Camera - untested,Fujifilm,Digital Cameras,For parts or not working,39.75,USD,"FIXED_PRICE,BEST_OFFER",6,1600,as-is;underpriced(med 238),US,g2g_liquidators,99.8,2026-08-14T13:33:25.000Z,,https://www.ebay.com/itm/287524799912?hash=item42f1d045a8:g:v2cAAeSwt99qfxkd,https://i.ebayimg.com/images/g/v2cAAeSwt99qfxkd/s-l225.jpg
残件/按现状,53.0,Canon EOS 30D DSLR Body UNTESTED,Canon,Digital Cameras,For parts or not working,39.99,USD,"FIXED_PRICE,BEST_OFFER",16,1600,as-is;underpriced(med 330),US,vice0322,100.0,2026-08-14T16:28:10.000Z,,https://www.ebay.com/itm/327310248868?hash=item4c35360ba4:g:YK0AAeSwAVRpwwko,https://i.ebayimg.com/images/g/YK0AAeSwAVRpwwko/s-l225.jpg
残件/按现状,53.0,Two Nikon COOLPIX S210 8.0MP Digital Cameras FOR PARTS LENS ERROR & BROKE SCREEN,Nikon,Digital Cameras,For parts or not working,39.99,USD,"FIXED_PRICE,BEST_OFFER",7,1600,as-is;underpriced(med 252),US,stevenslab,100.0,2026-08-14T05:24:33.000Z,,https://www.ebay.com/itm/178405240987?hash=item2989c7f09b:g:OQYAAeSwiiFqfqWa,https://i.ebayimg.com/images/g/OQYAAeSwiiFqfqWa/s-l225.jpg
残件/按现状,53.0,Fujifilm FinePix JX Series JX520 / JX500 14.0MP Digital Camera,Fujifilm,Digital Cameras,For parts or not working,42.75,USD,"FIXED_PRICE,BEST_OFFER",7,1600,underpriced(med 238),US,g2g_liquidators,99.8,2026-08-14T13:59:34.000Z,,https://www.ebay.com/itm/287524834480?hash=item42f1d0ccb0:g:TwoAAeSw3T9qfx80,https://i.ebayimg.com/images/g/TwoAAeSw3T9qfx80/s-l225.jpg
残件/按现状,53.0,Canon Digital Camera SX100 Is 10x Optical Zoom Untested PC1256,Canon,Digital Cameras,For parts or not working,44.99,USD,FIXED_PRICE,1,1600,as-is;underpriced(med 330),US,headhunter51,99.7,2026-08-14T15:59:52.000Z,,https://www.ebay.com/itm/278280032277?hash=item40cac85015:g:OAoAAeSwrKZqfztX,https://i.ebayimg.com/images/g/OAoAAeSwrKZqfztX/s-l225.jpg
残件/按现状,53.0,Vintage Yashica Auto Loading Power Zoom 8 Camera w Case - Untested,Yashica,Vintage Cameras,,45.0,USD,FIXED_PRICE,15,1600,as-is,US,danspawn,99.9,2026-08-14T23:42:00.000Z,,https://www.ebay.com/itm/307123202087?hash=item4781f82827:g:zdgAAeSwkVdqe5aW,https://i.ebayimg.com/images/g/zdgAAeSwkVdqe5aW/s-l225.jpg
残件/按现状,53.0,Canon PowerShot S200 Digital ELPH 2.0MP 2x Optical Zoom Compact Silver,Canon,Digital Cameras,For parts or not working,45.0,USD,"FIXED_PRICE,BEST_OFFER",1,1600,underpriced(med 330),US,hotwells3,99.3,2026-08-14T04:19:11.000Z,,https://www.ebay.com/itm/287523974884?hash=item42f1c3aee4:g:ASAAAeSw3DNqfpba,https://i.ebayimg.com/images/g/ASAAAeSw3DNqfpba/s-l225.jpg
残件/按现状,53.0,Canon PowerShot S410 Digital ELPH Camera ~ Untested. d2,Canon,Digital Cameras,For parts or not working,45.0,USD,"FIXED_PRICE,BEST_OFFER",6,1600,as-is;underpriced(med 330),US,hotwells3,99.3,2026-08-14T04:15:32.000Z,,https://www.ebay.com/itm/287523963710?hash=item42f1c3833e:g:IQwAAeSwIGNqfpVl,https://i.ebayimg.com/images/g/IQwAAeSwIGNqfpVl/s-l225.jpg
残件/按现状,53.0,Canon PowerShot S110 Digital ELPH 2.1MP Camera,Canon,Digital Cameras,For parts or not working,45.0,USD,"FIXED_PRICE,BEST_OFFER",3,1599,underpriced(med 330),US,hotwells3,99.3,2026-08-14T04:08:03.000Z,,https://www.ebay.com/itm/287523956119?hash=item42f1c36597:g:8jYAAeSwUcpqfpP8,https://i.ebayimg.com/images/g/8jYAAeSwUcpqfpP8/s-l225.jpg
打包杂件,53.0,Vintage Camera Film Prop Lot Kodak Kodaslide Kodachrome Tri-X Polaroid Boxed,Kodak,Vintage Cameras,,49.0,USD,"FIXED_PRICE,BEST_OFFER",6,1600,good-cond,US,anniemonk,100.0,2026-08-15T01:10:30.000Z,,https://www.ebay.com/itm/407145541263?hash=item5ecbc3ee8f:g:95oAAeSw8fBqVuSS,https://i.ebayimg.com/images/g/95oAAeSw8fBqVuSS/s-l225.jpg
型号不明,53.0,DIY Twin Lens Reflex Camera Kit - Build Your Own Lomo Camera``,Lomo,Vintage Cameras,,49.34,USD,FIXED_PRICE,10,1500,,US,lizfromga31,100.0,2026-08-14T20:13:26.000Z,,https://www.ebay.com/itm/377418866366?hash=item57dfeadebe:g:KeMAAeSwgERpy8fG,https://i.ebayimg.com/images/g/KeMAAeSwgERpy8fG/s-l225.jpg
残件/按现状,53.0,Vintage Minolta Zoom 8 Millimeter Movie Camera Used Leather Case Untested,Minolta,Vintage Cameras,,50.0,USD,"FIXED_PRICE,BEST_OFFER",18,1600,as-is,US,retrowhimsy,99.5,2026-08-15T07:02:07.000Z,,https://www.ebay.com/itm/327311173984?hash=item4c35442960:g:0Q0AAeSwaU9pP~hq,https://i.ebayimg.com/images/g/0Q0AAeSwaU9pP~hq/s-l225.jpg
残件/按现状;打包杂件,53.0,*Lot of 6* Assorted Non-Working Digital Cameras Canon (For Parts or Repair ONLY),Canon,Digital Cameras,For parts or not working,55.0,USD,"FIXED_PRICE,BEST_OFFER",13,1250,as-is;underpriced(med 330),US,jaxpeakllc,100.0,2026-08-14T16:16:30.000Z,,https://www.ebay.com/itm/820001850927?hash=itembeebeb462f:g:Km8AAeSweO1oxG3R,https://i.ebayimg.com/images/g/Km8AAeSweO1oxG3R/s-l225.jpg
型号不明,53.0,Sony Lens SAL55200-2 Used,Sony,Lenses,Used,61.18,USD,FIXED_PRICE,5,1280,underpriced(med 357),JP,hard-off-japan-in-au,99.2,2026-08-14T17:37:51.000Z,,https://www.ebay.com/itm/318730128081?hash=item4a35cbcad1:g:MXsAAeSw~wRqf3T9,https://i.ebayimg.com/images/g/MXsAAeSw~wRqf3T9/s-l225.jpg
型号不明,53.0,TAMRON lens Used,Tamron,Lenses,Used,76.49,USD,FIXED_PRICE,4,1200,underpriced(med 214),JP,beecruise04,98.5,2026-08-14T22:38:33.000Z,,https://www.ebay.com/itm/318731222897?hash=item4a35dc7f71:g:ACQAAeSwtlZqf5lk,https://i.ebayimg.com/images/g/ACQAAeSwtlZqf5lk/s-l225.jpg
型号不明,53.0,Sony Lens 4.5-5.6 75-300 Used,Sony,Lenses,Used,76.49,USD,FIXED_PRICE,7,1200,underpriced(med 357),JP,beecruise04,98.5,2026-08-14T20:38:17.000Z,,https://www.ebay.com/itm/318730734305?hash=item4a35d50ae1:g:cOIAAeSwVnNqf33p,https://i.ebayimg.com/images/g/cOIAAeSwVnNqf33p/s-l225.jpg
残件/按现状,53.0,SIGMA LENS S17-50MM 2.8 EX HSM Junk Used,Sigma,Lenses,Used,89.87,USD,FIXED_PRICE,8,1280,as-is;underpriced(med 353),JP,hard-off-japan-in-au,99.2,2026-08-14T17:37:55.000Z,,https://www.ebay.com/itm/318730128215?hash=item4a35cbcb57:g:QioAAeSww5Nqf3RU,https://i.ebayimg.com/images/g/QioAAeSww5Nqf3RU/s-l225.jpg
型号不明,53.0,SEVEN CRAFTSERS SONY AF 18mmF6.3 Used,Sony,Lenses,Used,89.87,USD,FIXED_PRICE,2,1280,underpriced(med 357),JP,hard-off-japan-in-au,99.2,2026-08-14T17:37:51.000Z,,https://www.ebay.com/itm/318730128080?hash=item4a35cbcad0:g:GEcAAeSwuvdqf3Ta,https://i.ebayimg.com/images/g/GEcAAeSwuvdqf3Ta/s-l225.jpg
残件/按现状,53.0,TAMRON Telephoto Lens AF55-200MM F4-5.6MACRO DIII Junk Used,Tamron,Lenses,Used,89.87,USD,FIXED_PRICE,2,1280,as-is;underpriced(med 214),JP,hard-off-japan-in-au,99.2,2026-08-14T17:37:25.000Z,,https://www.ebay.com/itm/318730127342?hash=item4a35cbc7ee:g:aigAAeSwDjZqf3UF,https://i.ebayimg.com/images/g/aigAAeSwDjZqf3UF/s-l225.jpg
残件/按现状;型号不明,53.0,Sony Lens SAL55300 Junk Used,Sony,Lenses,Used,89.87,USD,FIXED_PRICE,7,1280,as-is;underpriced(med 357),JP,hard-off-japan-in-au,99.2,2026-08-14T17:37:16.000Z,,https://www.ebay.com/itm/318730127143?hash=item4a35cbc727:g:MKgAAeSwVnNqf3Ub,https://i.ebayimg.com/images/g/MKgAAeSwVnNqf3Ub/s-l225.jpg
型号不明,53.0,SONY lens VCL-ECU2 wide conversion Used,Sony,Lenses,Used,97.66,USD,FIXED_PRICE,5,1200,underpriced(med 357),JP,beecruise04,98.5,2026-08-14T22:38:33.000Z,,https://www.ebay.com/itm/318731222909?hash=item4a35dc7f7d:g:dnAAAeSwXRhqf5ng,https://i.ebayimg.com/images/g/dnAAAeSwXRhqf5ng/s-l225.jpg
型号不明,53.0,SIGMA lenses Used,Sigma,Lenses,Used,97.66,USD,FIXED_PRICE,7,1200,underpriced(med 353),JP,beecruise04,98.5,2026-08-14T22:38:33.000Z,,https://www.ebay.com/itm/318731222919?hash=item4a35dc7f87:g:oxMAAeSwAfJqf5oY,https://i.ebayimg.com/images/g/oxMAAeSwAfJqf5oY/s-l225.jpg
型号不明,53.0,SIGMA PENTAX AF DC 18-200MM1:3.5-6.3 Used,Sigma,Lenses,Used,99.44,USD,FIXED_PRICE,4,1280,underpriced(med 353),JP,hard-off-japan-in-au,99.2,2026-08-14T17:37:55.000Z,,https://www.ebay.com/itm/318730128204?hash=item4a35cbcb4c:g:B5oAAeSwQQxqf3SG,https://i.ebayimg.com/images/g/B5oAAeSwQQxqf3SG/s-l225.jpg
型号不明,53.0,Sony Lens SEL16F28 Used,Sony,Lenses,Used,99.44,USD,FIXED_PRICE,3,1280,underpriced(med 357),JP,hard-off-japan-in-au,99.2,2026-08-14T17:37:34.000Z,,https://www.ebay.com/itm/318730127619?hash=item4a35cbc903:g:U5IAAeSwjSBqf3T4,https://i.ebayimg.com/images/g/U5IAAeSwjSBqf3T4/s-l225.jpg
型号不明,53.0,SONY SEL1855 F3.5-F5.6 OSS Camera Lens E-mount Used From Japan,Sony,Lenses,Used,101.88,USD,FIXED_PRICE,6,1200,underpriced(med 357),JP,manekineko-japan,98.4,2026-08-14T10:27:35.000Z,,https://www.ebay.com/itm/206490311286?hash=item3013c81a76:g:O5cAAeSwyedqfu4Z,https://i.ebayimg.com/images/g/O5cAAeSwyedqfu4Z/s-l225.jpg
型号不明,53.0,Authentic SONY E PZ16-50/3.5-5.6OSS #270-004-380-2736,Sony,Lenses,Used,105.16,USD,FIXED_PRICE,9,1200,underpriced(med 357),JP,komehyo,99.5,2026-08-14T23:12:10.000Z,,https://www.ebay.com/itm/298588744837?hash=item458546ac85:g:8RQAAeSwYPFqf6DF,https://i.ebayimg.com/images/g/8RQAAeSwYPFqf6DF/s-l225.jpg
残件/按现状,53.0,Sigma Canon AF Junk 10-20MM F3.5 Used,Sigma,Lenses,Used,109.0,USD,FIXED_PRICE,4,1280,as-is;underpriced(med 353),JP,hard-off-japan-in-au,99.2,2026-08-14T17:37:55.000Z,,https://www.ebay.com/itm/318730128229?hash=item4a35cbcb65:g:RxYAAeSw0hNqf3UJ,https://i.ebayimg.com/images/g/RxYAAeSw0hNqf3UJ/s-l225.jpg
残件/按现状,53.0,Sony E 55-210mm F4.5-6.3 OSS SEL55210 Zoom Lens Silver As-Is Used from Japan,Sony,Lenses,For parts or not working,113.99,USD,FIXED_PRICE,9,1200,as-is;underpriced(med 357),JP,manekineko-japan,98.4,2026-08-14T07:23:50.000Z,,https://www.ebay.com/itm/206490001947?hash=item3013c3621b:g:WeYAAeSwEe9qfsLK,https://i.ebayimg.com/images/g/WeYAAeSwEe9qfsLK/s-l225.jpg
残件/按现状,53.0,Olympus 35 RC Rangefinder 35mm Film Camera Zuiko 42mm f/2.8 Untested,Olympus,Film Cameras,Used,120.0,USD,FIXED_PRICE,9,0,mount:olympus om;as-is,US,janicev25,100.0,2026-08-14T06:42:34.000Z,,https://www.ebay.com/itm/117358632962?hash=item1b531ea002:g:B9QAAeSwgPtqVXXf,https://i.ebayimg.com/images/g/B9QAAeSwgPtqVXXf/s-l225.jpg
型号不明,53.0,PANASONIC Lens H-FS45150 Used,Panasonic,Lenses,Used,128.14,USD,FIXED_PRICE,7,1280,underpriced(med 363),JP,hard-off-japan-in-au,99.2,2026-08-14T17:37:38.000Z,,https://www.ebay.com/itm/318730127723?hash=item4a35cbc96b:g:TJAAAeSw7-lqf3Ui,https://i.ebayimg.com/images/g/TJAAAeSw7-lqf3Ui/s-l225.jpg
残件/按现状,52.0,Canon 514XL-S Super 8 Camera Canosound Untested As-is Condition,Canon,Vintage Cameras,,122.52,USD,"FIXED_PRICE,BEST_OFFER",9,1599,as-is,CA,archivesforyou,100.0,2026-08-14T18:21:13.000Z,,https://www.ebay.com/itm/366605816516?hash=item555b68d2c4:g:Jd4AAeSwIGNqdhL6,https://i.ebayimg.com/images/g/Jd4AAeSwIGNqdhL6/s-l225.jpg
型号不明,52.0,PENTAX 645 Medium Format SLR 120 220 Film Camera Body Only Tested Works,Pentax,Film Cameras,Used,449.95,USD,"FIXED_PRICE,BEST_OFFER",9,1200,grail:645,JP,imotake-japan-selections,100.0,2026-08-14T21:36:04.000Z,,https://www.ebay.com/itm/398286277099?hash=item5cbbb649eb:g:H5IAAeSwJtNqf4r8,https://i.ebayimg.com/images/g/H5IAAeSwJtNqf4r8/s-l225.jpg
型号不明,52.0,[Almost Unused] Pentax 645 Medium Format Camera Body only 120 Film Back Japan,Pentax,Film Cameras,Used,449.99,USD,FIXED_PRICE,13,0,grail:645,JP,yuk1camera-japan,100.0,2026-08-14T05:34:06.000Z,,https://www.ebay.com/itm/366604617880?hash=item555b568898:g:a6oAAeSwGbJqfqn9,https://i.ebayimg.com/images/g/a6oAAeSwGbJqfqn9/s-l225.jpg
查无市价,52.0,ASAHI PENTAX 6x7 Eye-Level Finder Medium Format Film Camera Body Strap Tested,Asahi,Film Cameras,Used,713.89,USD,"FIXED_PRICE,BEST_OFFER",9,0,grail:6x7,JP,imotake-japan-selections,100.0,2026-08-14T21:33:30.000Z,,https://www.ebay.com/itm/398286274268?hash=item5cbbb63edc:g:IesAAeSwqhJqf4nq,https://i.ebayimg.com/images/g/IesAAeSwqhJqf4nq/s-l225.jpg
型号不明,52.0,Carl Zeiss Distagon T* 2/35 ZF Lens Used Excellent From Japan,Zeiss,Lenses,Used,867.27,USD,FIXED_PRICE,7,1200,grail:Distagon,JP,manekineko-japan,98.4,2026-08-14T07:51:25.000Z,,https://www.ebay.com/itm/206490067092?hash=item3013c46094:g:uVcAAeSwvgtqfsn2,https://i.ebayimg.com/images/g/uVcAAeSwvgtqfsn2/s-l225.jpg
型号不明,52.0,Carl Zeiss Milvus Distagon 2.8/15 ZE Camera Lens Used Excellent From Japan,Zeiss,Lenses,Used,1544.69,USD,FIXED_PRICE,7,1200,grail:Distagon,JP,manekineko-japan,98.4,2026-08-14T10:49:46.000Z,,https://www.ebay.com/itm/206490360158?hash=item3013c8d95e:g:XB4AAeSw-zVqfvM5,https://i.ebayimg.com/images/g/XB4AAeSw-zVqfvM5/s-l225.jpg
查无市价,52.0,Ricoh GR1V Black 35mm Compact Film Camera,Ricoh,Film Cameras,Used,1604.0,USD,FIXED_PRICE,9,0,grail:GR1V,JP,ein.japan,99.5,2026-08-14T12:57:17.000Z,,https://www.ebay.com/itm/237005554886?hash=item372ea1c4c6:g:cw0AAeSwT0pqfxHm,https://i.ebayimg.com/images/g/cw0AAeSwT0pqfxHm/s-l225.jpg
型号不明,52.0,Leica Elmarit M90mm F2.8 195282,Leica,Lenses,Used,1869.31,USD,FIXED_PRICE,15,1080,grail:Elmarit,JP,digree_japan,99.7,2026-08-15T00:06:55.000Z,,https://www.ebay.com/itm/307127113861?hash=item478233d885:g:gUYAAeSwS4pqf64Z,https://i.ebayimg.com/images/g/gUYAAeSwS4pqf64Z/s-l225.jpg
残件/按现状,51.0,Dads ROLLEI 35S - Black - 35mm Viewfinder Film Camera - as is,Rollei,Film Cameras,Used,0.0,USD,AUCTION,5,1600,as-is;auction,US,3245green,100.0,2026-08-14T14:49:15.000Z,2026-08-21T14:49:15.000Z,https://www.ebay.com/itm/227475771277?hash=item34f69ccf8d:g:oTcAAeSwIVVqfyq2,https://i.ebayimg.com/images/g/oTcAAeSwIVVqfyq2/s-l225.jpg
残件/按现状,51.0,PARTS/REPAIR/TAPELESS Sony Handycam HDR-HC1 Camcorder HDV MiniDV Video Camera,Sony,Camcorders,For parts or not working,59.99,USD,"FIXED_PRICE,AUCTION",13,0,underpriced(med 160);auction,US,ersch_8559,100.0,2026-08-15T00:00:00.000Z,2026-08-22T00:00:00.000Z,https://www.ebay.com/itm/158187582252?hash=item24d4b6f32c:g:sZwAAeSwtEFqfvx8,https://i.ebayimg.com/images/g/sZwAAeSwtEFqfvx8/s-l225.jpg
残件/按现状,51.0,【AS IS】 RICOH Caplio R6 7.1x FromJapan #R517,Ricoh,Digital Cameras,For parts or not working,71.81,USD,FIXED_PRICE,4,0,as-is;underpriced(med 350),JP,somtom_9,99.3,2026-08-14T13:08:52.000Z,,https://www.ebay.com/itm/188791696730?hash=item2bf4dcad5a:g:01cAAeSw~wRqfxSU,https://i.ebayimg.com/images/g/01cAAeSw~wRqfxSU/s-l225.jpg
残件/按现状,51.0,【AS IS】 FUJIFILM FinePix F480 4X FromJapan #ks992,Fujifilm,Digital Cameras,For parts or not working,80.33,USD,FIXED_PRICE,4,0,as-is;underpriced(med 238),JP,somtom_9,99.3,2026-08-14T13:08:10.000Z,,https://www.ebay.com/itm/188791688975?hash=item2bf4dc8f0f:g:nNkAAeSwtGBqfxQ1,https://i.ebayimg.com/images/g/nNkAAeSwtGBqfxQ1/s-l225.jpg
残件/按现状,51.0,【AS IS】 FUJIFILM FinePix Z100fd 5X FromJapan #ks996,Fujifilm,Digital Cameras,For parts or not working,89.45,USD,FIXED_PRICE,4,0,as-is;underpriced(med 238),JP,somtom_9,99.3,2026-08-14T13:08:18.000Z,,https://www.ebay.com/itm/188791690318?hash=item2bf4dc944e:g:mp4AAeSw~cFqfxRu,https://i.ebayimg.com/images/g/mp4AAeSw~cFqfxRu/s-l225.jpg
残件/按现状,51.0,【For repair】Yashica D TLR 6x6 Film Camera Yashikor 80mm f3.5 From JAPAN #1070,Yashica,Film Cameras,For parts or not working,105.74,USD,FIXED_PRICE,11,1600,as-is,JP,koji_kkjapan,99.7,2026-08-14T23:46:04.000Z,,https://www.ebay.com/itm/227476314535?hash=item34f6a519a7:g:XF0AAeSwdJpqcuez,https://i.ebayimg.com/images/g/XF0AAeSwdJpqcuez/s-l225.jpg
残件/按现状,51.0,Canon EOS Kiss Camera Body Untested Vintage Photography Gear,Canon,Digital Cameras,Used,110.32,USD,"FIXED_PRICE,BEST_OFFER",2,0,as-is;underpriced(med 330),JP,toshiro-eguchi,99.7,2026-08-14T06:52:06.000Z,,https://www.ebay.com/itm/307125757585?hash=item47821f2691:g:pJsAAeSww5NqfrxI,https://i.ebayimg.com/images/g/pJsAAeSww5NqfrxI/s-l225.jpg
残件/按现状,51.0,*Very Rare Black : For Parts* Pentax SV SLR 35mm Film Camera Body From Japan,Pentax,Film Cameras,Used,117.61,USD,FIXED_PRICE,10,0,as-is,JP,hitonaga-0,100.0,2026-08-14T11:30:34.000Z,,https://www.ebay.com/itm/407143976140?hash=item5ecbac0ccc:g:Ng8AAOSwDMJnZgtg,https://i.ebayimg.com/images/g/Ng8AAOSwDMJnZgtg/s-l225.jpg
型号不明,51.0,Canon Camera Set,Canon,Film Cameras,Used,125.49,USD,"FIXED_PRICE,BEST_OFFER",4,1080,,JP,manmaru42,100.0,2026-08-14T13:54:13.000Z,,https://www.ebay.com/itm/398285053054?hash=item5cbba39c7e:g:iWkAAeSw6z1qfx68,https://i.ebayimg.com/images/g/iWkAAeSw6z1qfx68/s-l225.jpg
型号不明,51.0,Canon Film Camera,Canon,Film Cameras,Used,125.49,USD,"FIXED_PRICE,BEST_OFFER",3,1080,,JP,manmaru42,100.0,2026-08-14T13:54:12.000Z,,https://www.ebay.com/itm/398285053033?hash=item5cbba39c69:g:O2YAAeSwgGdqfx74,https://i.ebayimg.com/images/g/O2YAAeSwgGdqfx74/s-l225.jpg
残件/按现状,51.0,[As-is] G YASHICA Electro 35 GS COLOR-YASHINON DX f/1.7 45mm - From JAPAN,Yashica,Film Cameras,Used,126.0,USD,"FIXED_PRICE,BEST_OFFER",11,1600,as-is,JP,blueprint-films_japan,99.1,2026-08-15T13:26:32.000Z,,https://www.ebay.com/itm/206493167154?hash=item3013f3ae32:g:cnMAAeSwNSNqgGjE,https://i.ebayimg.com/images/g/cnMAAeSwNSNqgGjE/s-l225.jpg
型号不明,51.0,Canon Camera,Canon,Film Cameras,Used,138.16,USD,"FIXED_PRICE,BEST_OFFER",5,1080,,JP,manmaru42,100.0,2026-08-14T13:54:10.000Z,,https://www.ebay.com/itm/398285052928?hash=item5cbba39c00:g:fJQAAeSw-V9qfx65,https://i.ebayimg.com/images/g/fJQAAeSw-V9qfx65/s-l225.jpg
残件/按现状,51.0,Canon Camera T80 with Lens and Flash Untested,Canon,Film Cameras,Used,142.6,USD,"FIXED_PRICE,BEST_OFFER",11,1080,as-is,JP,manmaru42,100.0,2026-08-14T13:54:13.000Z,,https://www.ebay.com/itm/398285053052?hash=item5cbba39c7c:g:UkoAAeSwxkhqfx69,https://i.ebayimg.com/images/g/UkoAAeSwxkhqfx69/s-l225.jpg
打包杂件,51.0,Fujifilm Instax Mini LiPlay Blush Gold Hybrid Camera Box Film Bundle Tested USED,Fujifilm,Film Cameras,Used,146.49,USD,FIXED_PRICE,15,0,,JP,tyotti-japan,100.0,2026-08-14T09:05:16.000Z,,https://www.ebay.com/itm/168612943272?hash=item27421d55a8:g:VUEAAeSw5Vxqftj~,https://i.ebayimg.com/images/g/VUEAAeSw5Vxqftj~/s-l225.jpg
型号不明,51.0,Canon Film SLR Camera,Canon,Film Cameras,Used,148.3,USD,"FIXED_PRICE,BEST_OFFER",6,720,,JP,manmaru42,100.0,2026-08-14T13:54:15.000Z,,https://www.ebay.com/itm/398285053186?hash=item5cbba39d02:g:8csAAeSwbspqfx7B,https://i.ebayimg.com/images/g/8csAAeSwbspqfx7B/s-l225.jpg
残件/按现状,51.0,Nikon AF-S NIKKOR 24-120mm 1:4 G ED -LENS FOR PARTS-,Nikon,Lenses,For parts or not working,149.91,USD,"FIXED_PRICE,BEST_OFFER",13,0,mount:nikon f;as-is,US,tech-up1,99.9,2026-08-14T12:10:28.000Z,,https://www.ebay.com/itm/377417849967?hash=item57dfdb5c6f:g:1FIAAOSw3EBnfrm7,https://i.ebayimg.com/images/g/1FIAAOSw3EBnfrm7/s-l225.jpg
残件/按现状,51.0,OLYMPUS Film Camera Showa Retro Untested AFL ZUIKO,Olympus,Film Cameras,Used,198.72,USD,"FIXED_PRICE,BEST_OFFER",7,1080,mount:olympus om;as-is,JP,akira.0930,100.0,2026-08-14T13:19:20.000Z,,https://www.ebay.com/itm/158187748974?hash=item24d4b97e6e:g:CvYAAeSwaRZqfxZY,https://i.ebayimg.com/images/g/CvYAAeSwaRZqfxZY/s-l225.jpg
型号不明,51.0,OLYMPUS M.ZUIKO DIGITAL 1.4x TELECOVERTER MC-14 [Near Mint] #3016334,Olympus,Lenses,Used,199.0,USD,FIXED_PRICE,13,0,mount:olympus om;good-cond,JP,aoscamera_97,100.0,2026-08-14T15:48:54.000Z,,https://www.ebay.com/itm/366605587058?hash=item555b655272:g:2twAAeSw1clqfzih,https://i.ebayimg.com/images/g/2twAAeSw1clqfzih/s-l225.jpg
残件/按现状,51.0,ALMOST UNUSED/NEAR MINT/PARTS ONLY - OLYMPUS OZ 105R Trip Panorama 2,Olympus,Film Cameras,Used,200.0,USD,"FIXED_PRICE,BEST_OFFER",6,1024,good-cond;as-is,US,deadmoonma,100.0,2026-08-15T05:49:05.000Z,,https://www.ebay.com/itm/298589410410?hash=item458550d46a:g:RukAAeSwIGNqeUoM,https://i.ebayimg.com/images/g/RukAAeSwIGNqeUoM/s-l225.jpg
残件/按现状,51.0,Minolta 35 Model IIb Rangefinder 35mm Super Rokkor f/1.8 5cm 082 6457286,Minolta,Film Cameras,For parts or not working,207.0,USD,"FIXED_PRICE,BEST_OFFER",18,1600,mount:minolta md,JP,64-xmjmfccd,100.0,2026-08-15T00:45:44.000Z,,https://www.ebay.com/itm/820003301225?hash=itembeec016769:g:iVQAAeSwMeVqf7ao,https://i.ebayimg.com/images/g/iVQAAeSwMeVqf7ao/s-l225.jpg
型号不明,51.0,【 MINT 】Canon Extender EF 2X III Telephoto Teleconverter Lens Made in JAPAN #465,Canon,Lenses,Used,244.99,USD,FIXED_PRICE,8,1600,mount:canon ef;good-cond,JP,full-moon_camera_tokyo,99.8,2026-08-14T07:04:34.000Z,,https://www.ebay.com/itm/366604736801?hash=item555b585921:g:kkoAAeSwgntqBml0,https://i.ebayimg.com/images/g/kkoAAeSwgntqBml0/s-l225.jpg
型号不明,51.0,CANON RF16mm F2.8 STM for Canon RF mount -EXC- 8447,Canon,Lenses,Good - Refurbished,321.6,USD,FIXED_PRICE,2,1200,mount:canon rf;good-cond,JP,kitamura_camera,100.0,2026-08-14T04:17:18.000Z,,https://www.ebay.com/itm/358924709947?hash=item539194703b:g:DHcAAeSwa2dqfp8v,https://i.ebayimg.com/images/g/DHcAAeSwa2dqfp8v/s-l225.jpg
残件/按现状,51.0,Vintage Rollei B35 Film Camera Triotar Untested As Is Parts or Repair,Rollei,Vintage Cameras,,324.86,USD,"FIXED_PRICE,BEST_OFFER",9,1600,as-is,US,playcho,100.0,2026-08-14T23:47:45.000Z,,https://www.ebay.com/itm/237006543774?hash=item372eb0db9e:g:w-gAAeSw8vxqf6LW,https://i.ebayimg.com/images/g/w-gAAeSw8vxqf6LW/s-l225.jpg
型号不明,51.0,*Rare 1/4000 Mechanical Shutter : Unused* Kenko KF-2N Nikon F Mount Film Camera,Nikon,Film Cameras,Used,341.99,USD,FIXED_PRICE,16,0,mount:nikon f,JP,hitonaga-0,100.0,2026-08-14T11:38:59.000Z,,https://www.ebay.com/itm/407143987957?hash=item5ecbac3af5:g:j6EAAeSwNyhoWdHP,https://i.ebayimg.com/images/g/j6EAAeSwNyhoWdHP/s-l225.jpg
型号不明,51.0,CANON RF16mm F2.8 STM for Canon RF mount -Mint- 9833,Canon,Lenses,Very Good - Refurbished,354.0,USD,FIXED_PRICE,2,1200,mount:canon rf;good-cond,JP,kitamura_camera,100.0,2026-08-14T04:17:18.000Z,,https://www.ebay.com/itm/358924709953?hash=item5391947041:g:U1YAAeSwVopqfp7h,https://i.ebayimg.com/images/g/U1YAAeSwVopqfp7h/s-l225.jpg
型号不明,51.0,[Near MINT] Nikon Reflex Nikkor 1000mm f/11 MF Lens From JAPAN #1161,Nikon,Lenses,Used,359.99,USD,FIXED_PRICE,7,0,mount:nikon f;good-cond,JP,jojig_59_camera_japan,99.7,2026-08-15T00:24:11.000Z,,https://www.ebay.com/itm/137622376221?hash=item200aeecf1d:g:dd4AAeSw3xtqf7Kg,https://i.ebayimg.com/images/g/dd4AAeSw3xtqf7Kg/s-l225.jpg
查无市价,51.0,[Top MINT] Voigtlander MACRO APO LANTHAR 125mm F2.5 SL M42 Mount Lens From JAPAN,Voigtlander,Lenses,Used,919.99,USD,FIXED_PRICE,23,0,mount:m42;good-cond,JP,modern-classics-camera-shop,98.8,2026-08-14T23:36:25.000Z,,https://www.ebay.com/itm/318731381796?hash=item4a35deec24:g:M2sAAeSwJtNqf6dn,https://i.ebayimg.com/images/g/M2sAAeSwJtNqf6dn/s-l225.jpg
查无市价,51.0,Near Mint New Seals w/Strap : Tomiyama Art Panorama 170 Nikkor-SW 90mm f8 JAPAN,Nikkor,Film Cameras,Used,2099.99,USD,FIXED_PRICE,23,0,mount:nikon f;good-cond,JP,naruzo369,100.0,2026-08-14T13:35:43.000Z,,https://www.ebay.com/itm/800507355315?hash=itemba61f4e0b3:g:WjYAAeSwOcNqfxql,https://i.ebayimg.com/images/g/WjYAAeSwOcNqfxql/s-l225.jpg
型号不明,50.0,LEICA 90-280 F2.8 - 4 APO-VARIO ELMARIT,Leica,Lenses,Used,0.0,USD,"AUCTION,BEST_OFFER",3,0,grail:ELMARIT;auction;low-feedback,US,killerb-8702,94.1,2026-08-14T06:09:34.000Z,2026-08-17T06:09:34.000Z,https://www.ebay.com/itm/800505680122?hash=itemba61db50fa:g:iacAAeSwR-Fqfq9m,https://i.ebayimg.com/images/g/iacAAeSwR-Fqfq9m/s-l225.jpg
残件/按现状,50.0,Film Camera 35 mm Fed 5V cameras body For parts or repair,Fed,Film Cameras,Used,27.0,USD,"FIXED_PRICE,BEST_OFFER",6,0,as-is,LV,gennadij46,100.0,2026-08-14T10:07:41.000Z,,https://www.ebay.com/itm/278279130817?hash=item40caba8ec1:g:U-EAAOSwvbtnw24Q,https://i.ebayimg.com/images/g/U-EAAOSwvbtnw24Q/s-l225.jpg
残件/按现状,50.0,Canon Powershot A2000 IS 10.0MP Digital Camera **READ DESCRIPTION**,Canon,Digital Cameras,For parts or not working,31.65,USD,"FIXED_PRICE,BEST_OFFER",9,0,underpriced(med 330),CA,asmatic-80,99.6,2026-08-14T05:49:12.000Z,,https://www.ebay.com/itm/137619364764?hash=item200ac0db9c:g:GMcAAeSw3alqL3SB,https://i.ebayimg.com/images/g/GMcAAeSw3alqL3SB/s-l225.jpg
残件/按现状,50.0,Pentax Optio M30 7.1MP Digital Camera Silver Untested Battery SD Card Case,Pentax,Digital Cameras,Used,40.6,USD,"FIXED_PRICE,BEST_OFFER",4,0,as-is;underpriced(med 229),GB,everythingretro,100.0,2026-08-14T13:07:55.000Z,,https://www.ebay.com/itm/267757015069?hash=item3e578fd01d:g:u5gAAeSwvU5qV5LH,https://i.ebayimg.com/images/g/u5gAAeSwvU5qV5LH/s-l225.jpg
查无市价,50.0,Leica M6 Black Film Rengefinder Camera From Japan Tested [Exc+],Leica,Digital Cameras,Used,3400.0,USD,"FIXED_PRICE,BEST_OFFER",11,0,grail:Leica M6;good-cond,JP,re-camera,99.8,2026-08-14T08:44:24.000Z,,https://www.ebay.com/itm/336741706898?hash=item4e675eac92:g:bM8AAeSwli9qftZe,https://i.ebayimg.com/images/g/bM8AAeSwli9qftZe/s-l225.jpg
查无市价,50.0,126 Shot [ Top MINT w/ Full SET ] Mamiya 645 DF + 80mm f/2.8 + DM 28 From JAPAN,Mamiya,Digital Cameras,Used,4599.9,USD,FIXED_PRICE,13,0,grail:645;good-cond,JP,antique.21,100.0,2026-08-14T13:40:18.000Z,,https://www.ebay.com/itm/407144388214?hash=item5ecbb25676:g:ii4AAeSwXudqfxs9,https://i.ebayimg.com/images/g/ii4AAeSwXudqfxs9/s-l225.jpg
残件/按现状;型号不明,49.0,ASAHI PENTAX Single Focal Lens 1:2.5135 Junk Used,Asahi,Lenses,Used,61.18,USD,FIXED_PRICE,3,0,as-is,JP,hard-off-japan-in-au,99.2,2026-08-14T17:37:51.000Z,,https://www.ebay.com/itm/318730128103?hash=item4a35cbcae7:g:CscAAeSwHiJqf3UV,https://i.ebayimg.com/images/g/CscAAeSwHiJqf3UV/s-l225.jpg
残件/按现状,49.0,MINOLTA LENS AF MCRO 100MM f2.8 Junk Used,Minolta,Lenses,Used,80.31,USD,FIXED_PRICE,7,0,as-is,JP,hard-off-japan-in-au,99.2,2026-08-14T17:37:16.000Z,,https://www.ebay.com/itm/318730127121?hash=item4a35cbc711:g:~ksAAeSwPoZqf3VM,https://i.ebayimg.com/images/g/~ksAAeSwPoZqf3VM/s-l225.jpg
型号不明,49.0,Panasonic DMW-LT55 Lumix Tele Conversion Lens 1.7x For Digital Camera DMC-FZ30,Panasonic,Lenses,Used,108.72,USD,FIXED_PRICE,3,0,underpriced(med 363),US,lombogo5936,99.3,2026-08-14T21:39:13.000Z,,https://www.ebay.com/itm/117359779126?hash=item1b53301d36:g:4tgAAeSw1yVqf4nG,https://i.ebayimg.com/images/g/4tgAAeSw1yVqf4nG/s-l225.jpg
残件/按现状,49.0,Standard Zoom Lens for Olympus Four Thirds 14-42mm F3.5-5.6 EZ ED MSC Junk Used,Olympus,Lenses,Used,109.0,USD,FIXED_PRICE,3,0,as-is,JP,hard-off-japan-in-au,99.2,2026-08-14T17:37:21.000Z,,https://www.ebay.com/itm/318730127235?hash=item4a35cbc783:g:5q0AAeSwtH5qf3SK,https://i.ebayimg.com/images/g/5q0AAeSwtH5qf3SK/s-l225.jpg
型号不明,49.0,PENTAX LENS 18-135MMF3.5-5.6ED ALIF DC W Used,Pentax,Lenses,Used,109.0,USD,FIXED_PRICE,7,0,,JP,hard-off-japan-in-au,99.2,2026-08-14T17:37:16.000Z,,https://www.ebay.com/itm/318730127119?hash=item4a35cbc70f:g:LdgAAeSw~wRqf3SJ,https://i.ebayimg.com/images/g/LdgAAeSw~wRqf3SJ/s-l225.jpg
型号不明,49.0,Nikon TC-301 Teleconverter 2x,Nikon,Lenses,Very Good - Refurbished,121.0,USD,"FIXED_PRICE,BEST_OFFER",10,0,,JP,fivestarcamera,99.9,2026-08-14T15:29:50.000Z,,https://www.ebay.com/itm/307126571619?hash=item47822b9263:g:sWkAAeSwyudqfzRp,https://i.ebayimg.com/images/g/sWkAAeSwyudqfzRp/s-l225.jpg
型号不明,49.0,NIKON MF 28MMF3.5 Used,Nikon,Lenses,Used,128.14,USD,FIXED_PRICE,3,0,,JP,hard-off-japan-in-au,99.2,2026-08-14T17:37:55.000Z,,https://www.ebay.com/itm/318730128209?hash=item4a35cbcb51:g:RSEAAeSwOLpqf3SG,https://i.ebayimg.com/images/g/RSEAAeSwOLpqf3SG/s-l225.jpg
型号不明,49.0,Nikon Telephoto Zoom Lens AF-S DX VR ED 55-200mmf4-5.6g Used,Nikon,Lenses,Used,128.14,USD,FIXED_PRICE,4,0,,JP,hard-off-japan-in-au,99.2,2026-08-14T12:27:28.000Z,,https://www.ebay.com/itm/318728950349?hash=item4a35b9d24d:g:DzcAAeSw1clqf3eh,https://i.ebayimg.com/images/g/DzcAAeSw1clqf3eh/s-l225.jpg
型号不明,49.0,Authentic CANON EF50/1.8STM #270-004-371-4374,Canon,Lenses,Used,134.93,USD,FIXED_PRICE,9,0,,JP,komehyo,99.5,2026-08-14T23:11:41.000Z,,https://www.ebay.com/itm/298588744346?hash=item458546aa9a:g:QH4AAeSwnCZqf6Co,https://i.ebayimg.com/images/g/QH4AAeSwnCZqf6Co/s-l225.jpg
型号不明,49.0,Fujifilm Fujinon XF14mm F2.8 R Mirrorless Lens From Japan Tested [Read Cond],Fujifilm,Lenses,Used,250.0,USD,"FIXED_PRICE,BEST_OFFER",6,0,mount:fuji x,JP,re-camera,99.8,2026-08-14T08:43:59.000Z,,https://www.ebay.com/itm/327309685948?hash=item4c352d74bc:g:Y5gAAeSwG~VqftaE,https://i.ebayimg.com/images/g/Y5gAAeSwG~VqftaE/s-l225.jpg
型号不明,48.0,Salut S Vintage 1979 USSR Soviet SLR 6x6 cm Medium Format Camera copy HASSELBLAD,Hasselblad,Film Cameras,Used,0.0,USD,AUCTION,23,0,auction,UA,artado,100.0,2026-08-14T13:22:24.000Z,2026-08-24T13:22:24.000Z,https://www.ebay.com/itm/158187754189?hash=item24d4b992cd:g:9mwAAeSwqvlqfxaB,https://i.ebayimg.com/images/g/9mwAAeSwqvlqfxaB/s-l225.jpg
残件/按现状,48.0,Vintage Canon AF35M 35mm Film Camera 38mm f2.8 AS-IS,Canon,Film Cameras,For parts or not working,133.19,USD,"FIXED_PRICE,AUCTION",4,0,as-is;auction,AU,cjrileyj1,100.0,2026-08-14T17:46:38.000Z,2026-08-24T17:46:38.000Z,https://www.ebay.com/itm/128026751072?hash=item1dcefd3060:g:31cAAeSwsa1qPVw5,https://i.ebayimg.com/images/g/31cAAeSwsa1qPVw5/s-l225.jpg
打包杂件,48.0,Canon EF-S 18-135mm f/3.5-5.6 IS STM Lens Bundle w/ Hoya 67mm UV CIR Filters Cas,Canon,Lenses,Used,185.0,USD,"FIXED_PRICE,BEST_OFFER",4,0,mount:canon ef;67mm,US,cybercord,100.0,2026-08-15T00:18:57.000Z,,https://www.ebay.com/itm/227476355962?hash=item34f6a5bb7a:g:Tc4AAeSwuvdqf68B,https://i.ebayimg.com/images/g/Tc4AAeSwuvdqf68B/s-l225.jpg
残件/按现状,48.0,Carl Zeiss Planar f2.8 80mm T* Lens for Hasselblad Camera,Zeiss,Lenses,For parts or not working,475.0,USD,FIXED_PRICE,5,0,grail:Planar,US,rossn4,100.0,2026-08-14T15:13:24.000Z,,https://www.ebay.com/itm/206490915094?hash=item3013d15116:g:QgsAAeSwIDhqdNoV,https://i.ebayimg.com/images/g/QgsAAeSwIDhqdNoV/s-l225.jpg
型号不明,48.0,"Leica Vario-Elmarit-SL 24-90/f2.8-4 ASPH Lens, for Leica SL and Leica T Series",Leica,Lenses,Used,3499.0,USD,"FIXED_PRICE,BEST_OFFER",0,0,grail:Elmarit,US,adorwin,99.4,2026-08-14T08:20:02.000Z,,https://www.ebay.com/itm/336741680918?hash=item4e675e4716:i:336741680918,
查无市价,48.0,[ Brand New ] Fuji Fujifilm GF670W 6x6 6x7 Medium Format Film Camera From JAPAN,Fuji,Film Cameras,Used,11999.99,USD,FIXED_PRICE,19,0,grail:6x7,JP,mitshos_0,100.0,2026-08-15T08:01:48.000Z,,https://www.ebay.com/itm/227476753638?hash=item34f6abcce6:g:YqcAAeSw64ZqgB0r,https://i.ebayimg.com/images/g/YqcAAeSw64ZqgB0r/s-l225.jpg
打包杂件,47.0,"Nikon Fm 35mm Film Camera w/ Nikkor 50mm 85-205mm + Filters, Case & a lot more.",Nikon,Film Cameras,Used,0.0,USD,AUCTION,19,0,mount:nikon f;auction,US,young7,100.0,2026-08-14T21:56:03.000Z,2026-08-21T21:56:03.000Z,https://www.ebay.com/itm/336742799481?hash=item4e676f5879:g:L3oAAeSw1yVqdkrF,https://i.ebayimg.com/images/g/L3oAAeSw1yVqdkrF/s-l225.jpg
残件/按现状,47.0,Sony Handycam DCR-TRV250 NTSC Digital-8 Camcorder (For Parts or Repair) C:31:22,Sony,Camcorders,For parts or not working,25.0,USD,FIXED_PRICE,6,0,as-is;underpriced(med 160),US,redbmw328i,99.9,2026-08-15T02:37:11.000Z,,https://www.ebay.com/itm/198572054730?hash=item2e3bd118ca:g:YswAAeSw1clqf9DH,https://i.ebayimg.com/images/g/YswAAeSw1clqf9DH/s-l225.jpg
残件/按现状,47.0,Sony DCR-DVD108 Mini DVD Handycam Digital Camcorder UNTESTED,Sony,Camcorders,For parts or not working,25.43,USD,"FIXED_PRICE,BEST_OFFER",8,0,as-is;underpriced(med 160),US,mediaprospector,100.0,2026-08-14T22:22:30.000Z,,https://www.ebay.com/itm/336742831310?hash=item4e676fd4ce:g:DnEAAeSwxbxpzye1,https://i.ebayimg.com/images/g/DnEAAeSwxbxpzye1/s-l225.jpg
残件/按现状,47.0,Sony CCD-FX620 Black 12x Video 8 Handycam Camcorder w/ Power Adapter for Parts,Sony,Camcorders,For parts or not working,25.49,USD,"FIXED_PRICE,BEST_OFFER",9,0,as-is;underpriced(med 160),US,millerresalephx,99.5,2026-08-14T16:47:01.000Z,,https://www.ebay.com/itm/147504895775?hash=item2257fa171f:g:WZUAAeSwjXdok5Hm,https://i.ebayimg.com/images/g/WZUAAeSwjXdok5Hm/s-l225.jpg
残件/按现状,47.0,Sony Video 8 Model CCD-V8AF,Sony,Camcorders,For parts or not working,25.99,USD,"FIXED_PRICE,BEST_OFFER",8,0,underpriced(med 160),US,texomaconnection,99.1,2026-08-14T17:30:31.000Z,,https://www.ebay.com/itm/198571170226?hash=item2e3bc399b2:g:nU8AAeSwCGNqf1AR,https://i.ebayimg.com/images/g/nU8AAeSwCGNqf1AR/s-l225.jpg
残件/按现状,47.0,Sony Handycam Video 8 CCD-FX420 - Parts only,Sony,Camcorders,For parts or not working,26.99,USD,FIXED_PRICE,1,0,as-is;underpriced(med 160),US,recota,99.9,2026-08-14T09:59:17.000Z,,https://www.ebay.com/itm/366605002999?hash=item555b5c68f7:g:GwQAAeSw-klqfugk,https://i.ebayimg.com/images/g/GwQAAeSw-klqfugk/s-l225.jpg
残件/按现状,47.0,Sony Handycam DCR-DVD103 DVD Camcorder Body ONLY UNTESTED,Sony,Camcorders,For parts or not working,28.21,USD,FIXED_PRICE,5,0,as-is;underpriced(med 160),US,mediaprospector,100.0,2026-08-14T22:22:30.000Z,,https://www.ebay.com/itm/336742831324?hash=item4e676fd4dc:g:~6MAAeSwrJFqd9qb,https://i.ebayimg.com/images/g/~6MAAeSwrJFqd9qb/s-l225.jpg
残件/按现状,47.0,Sony CCD-TR70 8mm Video8 camera Camcorder VCR Player Video For Parts READ,Sony,Camcorders,For parts or not working,28.49,USD,"FIXED_PRICE,BEST_OFFER",8,0,as-is;underpriced(med 160),US,tredos-15,99.8,2026-08-15T02:42:30.000Z,,https://www.ebay.com/itm/820003695471?hash=itembeec076b6f:g:62QAAeSwRxtqBo7Q,https://i.ebayimg.com/images/g/62QAAeSwRxtqBo7Q/s-l225.jpg
残件/按现状,47.0,Sony Handycam NTSC/CCD-TR4 Black Handheld 6x Video8 Camera Recorder **UNTESTED**,Sony,Camcorders,For parts or not working,28.51,USD,"FIXED_PRICE,BEST_OFFER",6,0,as-is;underpriced(med 160),US,mediaprospector,100.0,2026-08-14T22:22:30.000Z,,https://www.ebay.com/itm/237006451840?hash=item372eaf7480:g:UqwAAOSweDBl3OtJ,https://i.ebayimg.com/images/g/UqwAAOSweDBl3OtJ/s-l225.jpg
残件/按现状,47.0,"Sony Handycam DCR-TRV250 Blue 2.5"" LCD 700x Digital Zoom Camcorder - For Parts",Sony,Camcorders,Used,29.99,USD,"FIXED_PRICE,BEST_OFFER",11,0,as-is;underpriced(med 160),US,diaz_electronics,99.8,2026-08-15T00:25:08.000Z,,https://www.ebay.com/itm/318731525773?hash=item4a35e11e8d:g:2pEAAeSwRT9qf1Qu,https://i.ebayimg.com/images/g/2pEAAeSwRT9qf1Qu/s-l225.jpg
残件/按现状,47.0,NONWORKING Sony Handycam Minidv Camcorder DCR-HC85 HC85 85 DV PARTS REPAIR,Sony,Camcorders,For parts or not working,29.99,USD,FIXED_PRICE,5,0,underpriced(med 160),US,dmodeforlife,100.0,2026-08-14T08:29:10.000Z,,https://www.ebay.com/itm/318728110262?hash=item4a35ad00b6:g:OSUAAOSwIJZl3Dxk,https://i.ebayimg.com/images/g/OSUAAOSwIJZl3Dxk/s-l225.jpg
残件/按现状,47.0,SONY Handycam DCR-DVD653E PAL Zoom Digital Video Camera,Sony,Camcorders,For parts or not working,30.0,USD,"FIXED_PRICE,BEST_OFFER",5,0,underpriced(med 160),US,black57fuelie,100.0,2026-08-14T23:28:38.000Z,,https://www.ebay.com/itm/137622235285?hash=item200aeca895:g:OI0AAeSwyudqf6ID,https://i.ebayimg.com/images/g/OI0AAeSwyudqf6ID/s-l225.jpg
残件/按现状,47.0,Sony Handy DCR- DVD101 2 Batteries Included USB Cable- Untested As-Is No Charger,Sony,Camcorders,Used,30.0,USD,"FIXED_PRICE,BEST_OFFER",3,0,as-is;underpriced(med 160),US,dianasm60,100.0,2026-08-14T16:05:35.000Z,,https://www.ebay.com/itm/237005923175?hash=item372ea76367:g:zp8AAeSwPTdqfzu2,https://i.ebayimg.com/images/g/zp8AAeSwPTdqfzu2/s-l225.jpg
残件/按现状,47.0,Sony Handycam DCR-HC38 MiniDV Digital Video Camera Recorder Bag & Accessories,Sony,Camcorders,For parts or not working,32.0,USD,"FIXED_PRICE,BEST_OFFER",8,0,underpriced(med 160),US,justichoyl0,99.9,2026-08-14T11:49:23.000Z,,https://www.ebay.com/itm/237005430664?hash=item372e9fdf88:g:KEAAAeSwj9dphU31,https://i.ebayimg.com/images/g/KEAAAeSwj9dphU31/s-l225.jpg
残件/按现状,47.0,Vintage Panasonic PV 320D OmniMovie VHS Video Camera Camcorder + Remote Untested,Panasonic,Camcorders,For parts or not working,33.99,USD,"FIXED_PRICE,BEST_OFFER",0,0,as-is;underpriced(med 108),US,travis_m_9,100.0,2026-08-14T06:56:25.000Z,,https://www.ebay.com/itm/267756774816?hash=item3e578c25a0:g:42YAAeSwg5hqfprd,https://i.ebayimg.com/images/g/42YAAeSwg5hqfprd/s-l225.jpg
残件/按现状,47.0,Sony Handycam DCR-DVD108 40x Optical Zoom Handheld Digital Video Camcorder PARTS,Sony,Camcorders,For parts or not working,34.98,USD,"FIXED_PRICE,BEST_OFFER",11,0,underpriced(med 160),US,pari0820,100.0,2026-08-15T02:38:47.000Z,,https://www.ebay.com/itm/178408168784?hash=item2989f49d50:g:mHAAAeSwqABoWjqF,https://i.ebayimg.com/images/g/mHAAAeSwqABoWjqF/s-l225.jpg
残件/按现状,47.0,Sony Handycam DCR-TRV27 MiniDV Digital Camcorder Carl Zeiss 120x Zoom For Parts,Sony,Camcorders,Used,34.99,USD,"FIXED_PRICE,BEST_OFFER",6,0,as-is;underpriced(med 160),US,yomr-75,99.5,2026-08-15T01:56:32.000Z,,https://www.ebay.com/itm/307127226684?hash=item478235913c:g:UkkAAeSw5Vxqf8dQ,https://i.ebayimg.com/images/g/UkkAAeSw5Vxqf8dQ/s-l225.jpg
残件/按现状,47.0,VTG Panasonic Palmcorder PalmSight PV-L501D VHS-C Camcorder Untested No Battery,Panasonic,Camcorders,Used,35.0,USD,"FIXED_PRICE,BEST_OFFER",7,0,as-is;underpriced(med 112),US,censweets,100.0,2026-08-14T23:20:51.000Z,,https://www.ebay.com/itm/168614378868?hash=item2742333d74:g:RrsAAeSwjZxqf6KN,https://i.ebayimg.com/images/g/RrsAAeSwjZxqf6KN/s-l225.jpg
残件/按现状,47.0,Panasonic AF X8 CCD OmniMovie VHS Camcorder With Case,Panasonic,Camcorders,For parts or not working,35.0,USD,"FIXED_PRICE,BEST_OFFER",23,0,underpriced(med 112),US,taldarian,99.5,2026-08-14T20:49:03.000Z,,https://www.ebay.com/itm/298588464629?hash=item45854265f5:g:fTEAAeSwtixqf31p,https://i.ebayimg.com/images/g/fTEAAeSwtixqf31p/s-l225.jpg
残件/按现状,47.0,Sony HDR-CX675 Handheld Digital Camcorder (for Parts or Repair),Sony,Camcorders,For parts or not working,36.0,USD,FIXED_PRICE,11,0,as-is;underpriced(med 160),US,timelessmd,100.0,2026-08-14T23:56:47.000Z,,https://www.ebay.com/itm/188793969197?hash=item2bf4ff5a2d:g:FvYAAeSwD8NoXyBi,https://i.ebayimg.com/images/g/FvYAAeSwD8NoXyBi/s-l225.jpg
残件/按现状,47.0,Panasonic PV-D300D VHS-C Camcorder 150x Digital Zoom Untested No Charger AS-IS,Panasonic,Camcorders,Used,36.0,USD,"FIXED_PRICE,BEST_OFFER",5,0,as-is;underpriced(med 112),US,timelesssurprises,99.9,2026-08-14T16:31:17.000Z,,https://www.ebay.com/itm/117359384446?hash=item1b532a177e:g:bSYAAeSwS0poblmz,https://i.ebayimg.com/images/g/bSYAAeSwS0poblmz/s-l225.jpg
残件/按现状,47.0,Sony Handycam Video 8 CCD-TR65 8mm Camcorder And Accessories PARTS/REPAIR,Sony,Camcorders,For parts or not working,37.4,USD,"FIXED_PRICE,BEST_OFFER",16,0,underpriced(med 160),US,2013big-d,99.6,2026-08-14T22:37:30.000Z,,https://www.ebay.com/itm/336742847403?hash=item4e677013ab:g:p5MAAOSwI4lnfsFz,https://i.ebayimg.com/images/g/p5MAAOSwI4lnfsFz/s-l225.jpg
残件/按现状,47.0,Sony Video 8 HandyCam 8mm Camcorder CCD-FX525 - Powers On- Parts or Repair,Sony,Camcorders,For parts or not working,39.88,USD,"FIXED_PRICE,BEST_OFFER",16,0,underpriced(med 160),US,jt_marotta,99.1,2026-08-14T16:58:55.000Z,,https://www.ebay.com/itm/257680337851?hash=item3bfef1ebbb:g:U0YAAeSw-BBqf0h3,https://i.ebayimg.com/images/g/U0YAAeSw-BBqf0h3/s-l225.jpg
残件/按现状,47.0,Panasonic PV-L600D VHSC Camcorder With 3 Batteries. Untested.,Panasonic,Camcorders,For parts or not working,39.99,USD,"FIXED_PRICE,BEST_OFFER",22,0,as-is;underpriced(med 112),US,prv1981,100.0,2026-08-15T00:36:10.000Z,,https://www.ebay.com/itm/128027199837?hash=item1dcf04095d:g:jd4AAeSwT0pqf7D3,https://i.ebayimg.com/images/g/jd4AAeSwT0pqf7D3/s-l225.jpg
残件/按现状,47.0,Sony Handycam DCR-DVD650 Camcorder 60x Optical Zoom DVD-R LCD Silver,Sony,Camcorders,For parts or not working,39.99,USD,"FIXED_PRICE,BEST_OFFER",19,0,underpriced(med 160),US,dahar-6254,100.0,2026-08-14T17:18:22.000Z,,https://www.ebay.com/itm/318730057390?hash=item4a35cab6ae:g:oFcAAeSwiuJqf03A,https://i.ebayimg.com/images/g/oFcAAeSwiuJqf03A/s-l225.jpg
残件/按现状,47.0,Panasonic SV-AV50 D-Snap SD Video Camera Silver (UNTESTED - For Parts),Panasonic,Camcorders,For parts or not working,39.99,USD,"FIXED_PRICE,BEST_OFFER",6,0,as-is;underpriced(med 112),US,lucky_lots,99.7,2026-08-14T16:28:15.000Z,,https://www.ebay.com/itm/407144731648?hash=item5ecbb79400:g:EvEAAeSwJvdqf0IQ,https://i.ebayimg.com/images/g/EvEAAeSwJvdqf0IQ/s-l225.jpg
残件/按现状,47.0,Sony DCR-HC62 Handycam Camera VCR Camcorder,Sony,Camcorders,For parts or not working,39.99,USD,"FIXED_PRICE,BEST_OFFER",7,0,underpriced(med 160),US,g2g_liquidators,99.8,2026-08-14T13:58:09.000Z,,https://www.ebay.com/itm/287524833632?hash=item42f1d0c960:g:UPIAAeSwdSZqfx7i,https://i.ebayimg.com/images/g/UPIAAeSwdSZqfx7i/s-l225.jpg
残件/按现状,47.0,Sony Handycam HDR-CX440 HD Camcorder ZEISS AS IS Parts/Repair LCD works,Sony,Camcorders,For parts or not working,40.0,USD,"FIXED_PRICE,BEST_OFFER",14,0,as-is;underpriced(med 160),US,flippinggenius,99.7,2026-08-15T13:15:01.000Z,,https://www.ebay.com/itm/128027415197?hash=item1dcf07529d:g:1q8AAeSwvmNqf-OQ,https://i.ebayimg.com/images/g/1q8AAeSwvmNqf-OQ/s-l225.jpg
残件/按现状,47.0,Panasonic Palmcorder AFx6 VHS-C Handheld Camcorder 6x Zoom 2.0in Screen Black,Panasonic,Camcorders,For parts or not working,40.0,USD,"FIXED_PRICE,BEST_OFFER",5,0,underpriced(med 112),US,shahiy_68,100.0,2026-08-15T02:28:08.000Z,,https://www.ebay.com/itm/307127252864?hash=item478235f780:g:MhoAAeSw5glqf846,https://i.ebayimg.com/images/g/MhoAAeSw5glqf846/s-l225.jpg
残件/按现状,47.0,Panasonic PV-A216D VHS-C Palmcorder IQ 14X W/ Battery Charger & Case UNTESTED,Panasonic,Camcorders,For parts or not working,42.76,USD,"FIXED_PRICE,BEST_OFFER",6,0,as-is;underpriced(med 112),US,mediaprospector,100.0,2026-08-14T22:35:20.000Z,,https://www.ebay.com/itm/336742845655?hash=item4e67700cd7:g:AxQAAOSwEutl2kDP,https://i.ebayimg.com/images/g/AxQAAOSwEutl2kDP/s-l225.jpg
残件/按现状,47.0,NONWORKING Sony Handycam 8mm XR Camcorder CCD-TR517 517 TR CCD Hi8 PARTS REPAIR,Sony,Camcorders,For parts or not working,44.99,USD,FIXED_PRICE,4,0,underpriced(med 160),US,dmodeforlife,100.0,2026-08-14T08:29:10.000Z,,https://www.ebay.com/itm/168612894063?hash=item27421c956f:g:OsYAAOSwsEZnsDPG,https://i.ebayimg.com/images/g/OsYAAOSwsEZnsDPG/s-l225.jpg
残件/按现状,47.0,Sony Handycam CCD-FX330 Video8 Camcorder 10x Zoom w/ Remotes Accessories,Sony,Camcorders,For parts or not working,50.0,USD,FIXED_PRICE,9,0,underpriced(med 160),US,jamessellsshoes,99.5,2026-08-15T04:23:57.000Z,,https://www.ebay.com/itm/820004042213?hash=itembeec0cb5e5:g:LZoAAeSwU21qf-mB,https://i.ebayimg.com/images/g/LZoAAeSwU21qf-mB/s-l225.jpg
残件/按现状,47.0,panasonic omni movievhs-c camcorder Model PV - 5372 NO BATTERY,Panasonic,Camcorders,For parts or not working,50.0,USD,"FIXED_PRICE,BEST_OFFER",7,0,underpriced(med 112),US,fabiolove2005,100.0,2026-08-14T21:22:32.000Z,,https://www.ebay.com/itm/188793471201?hash=item2bf4f7c0e1:g:N2cAAeSw-h9qf4sX,https://i.ebayimg.com/images/g/N2cAAeSw-h9qf4sX/s-l225.jpg
残件/按现状,47.0,Panasonic Palmcorder IQ VHSC PV-IQ403 UNTESTED,Panasonic,Camcorders,Used,50.0,USD,"FIXED_PRICE,BEST_OFFER",4,0,as-is;underpriced(med 112),US,josexgall0,100.0,2026-08-14T19:29:39.000Z,,https://www.ebay.com/itm/198571315241?hash=item2e3bc5d029:g:5JcAAeSwTF5qf2oU,https://i.ebayimg.com/images/g/5JcAAeSwTF5qf2oU/s-l225.jpg
残件/按现状,47.0,Sony Handycam CCD-TRV37 Vision Video8 Camcorder . PARTS ONLY,Sony,Camcorders,For parts or not working,55.0,USD,FIXED_PRICE,1,0,as-is;underpriced(med 160),US,tinix123,99.4,2026-08-14T04:10:12.000Z,,https://www.ebay.com/itm/178405068978?hash=item2989c550b2:g:8JYAAeSw5UJqfpRE,https://i.ebayimg.com/images/g/8JYAAeSw5UJqfpRE/s-l225.jpg
残件/按现状,47.0,Sony Handycam DCR-SR85 Digital Video Camcorder w/ Battery Black PARTS ONLY,Sony,Camcorders,For parts or not working,59.95,USD,"FIXED_PRICE,BEST_OFFER",13,0,as-is;underpriced(med 160),US,lupilinks3,100.0,2026-08-14T20:49:42.000Z,,https://www.ebay.com/itm/128026954432?hash=item1dcf004ac0:g:q90AAeSwmiFqf32F,https://i.ebayimg.com/images/g/q90AAeSwmiFqf32F/s-l225.jpg
残件/按现状,47.0,Sony Handycam DCR-SR46 40GB HDD 40x Optical Zoom Digital Camcorder,Sony,Camcorders,For parts or not working,60.0,USD,FIXED_PRICE,16,0,underpriced(med 160),US,thegoldcruz,99.4,2026-08-15T01:47:07.000Z,,https://www.ebay.com/itm/298589000335?hash=item45854a928f:g:3HEAAeSwocpqf8R5,https://i.ebayimg.com/images/g/3HEAAeSwocpqf8R5/s-l225.jpg
打包杂件,47.0,Olympus Stylus Digital 400 4.0MP Camera 3x Optical Zoom Silver Gold Y2K Bundle,Olympus,Digital Cameras,Used,64.48,USD,"FIXED_PRICE,BEST_OFFER",9,0,underpriced(med 225),US,morrela58,100.0,2026-08-14T11:01:06.000Z,,https://www.ebay.com/itm/318728699895?hash=item4a35b5fff7:g:itoAAeSwjZxqfvVy,https://i.ebayimg.com/images/g/itoAAeSwjZxqfvVy/s-l225.jpg
残件/按现状,47.0,Nikon COOLPIX AW100 16MP Black Compact Camera 5x Optical Zoom GPS Waterproof HD,Nikon,Digital Cameras,For parts or not working,65.0,USD,FIXED_PRICE,6,0,underpriced(med 252),US,dirt_road_games,99.9,2026-08-14T04:41:11.000Z,,https://www.ebay.com/itm/307125633785?hash=item47821d42f9:g:NcgAAeSwfjZqfpxS,https://i.ebayimg.com/images/g/NcgAAeSwfjZqfpxS/s-l225.jpg
残件/按现状,47.0,MINOLTA AF-Tele QD 35mm Point & Shoot Film Camera From Japan Untested,Minolta,Film Cameras,Used,68.0,USD,"FIXED_PRICE,BEST_OFFER",7,0,as-is,US,thrifting_34,100.0,2026-08-14T23:19:12.000Z,,https://www.ebay.com/itm/820003034843?hash=itembeebfd56db:g:dO0AAeSwwhdqf6I6,https://i.ebayimg.com/images/g/dO0AAeSwwhdqf6I6/s-l225.jpg
打包杂件,47.0,Minolta Maxxum 400si 35mm SLR Camera + 2 Lenses Photography Lot Tested 4 Pieces,Minolta,Vintage Cameras,,69.99,USD,FIXED_PRICE,7,0,,US,goodwillsocalshop,99.7,2026-08-14T13:35:31.000Z,,https://www.ebay.com/itm/267757034148?hash=item3e57901aa4:g:nrsAAeSw-zVqdd-M,https://i.ebayimg.com/images/g/nrsAAeSw-zVqdd-M/s-l225.jpg
残件/按现状,47.0,Broken Canon PowerShot ELPH 310 HS Digital Camera Purple (For Parts/Repair),Canon,Digital Cameras,For parts or not working,69.99,USD,FIXED_PRICE,9,0,as-is;underpriced(med 330),US,walleweeklyfinds,99.9,2026-08-14T10:13:54.000Z,,https://www.ebay.com/itm/267756903985?hash=item3e578e1e31:g:F2MAAeSww5Nqfune,https://i.ebayimg.com/images/g/F2MAAeSww5Nqfune/s-l225.jpg
残件/按现状,47.0,Minolta X-370 35mm SLR Film Camera Untested R-18,Minolta,Film Cameras,Used,70.0,USD,"FIXED_PRICE,BEST_OFFER",6,0,as-is,US,findingforeverthrift,99.2,2026-08-14T19:29:09.000Z,,https://www.ebay.com/itm/318730540675?hash=item4a35d21683:g:meIAAeSwxthqf2sG,https://i.ebayimg.com/images/g/meIAAeSwxthqf2sG/s-l225.jpg
残件/按现状;打包杂件,47.0,"Lot of (3) Nikon Digital Cameras E5400, UNTESTED!",Nikon,Digital Cameras,For parts or not working,75.99,USD,"FIXED_PRICE,BEST_OFFER",23,0,as-is;underpriced(med 252),US,iliquidate360,100.0,2026-08-14T12:04:34.000Z,,https://www.ebay.com/itm/318728852261?hash=item4a35b85325:g:a-IAAeSwUiNqfwRP,https://i.ebayimg.com/images/g/a-IAAeSwUiNqfwRP/s-l225.jpg
打包杂件,47.0,Fujifilm Instax PAL + Mini Link 3 Bundle (Lavender Blue/Clay White),Fujifilm,Vintage Cameras,,80.99,USD,FIXED_PRICE,2,0,,US,philingthrifty,100.0,2026-08-14T23:57:53.000Z,,https://www.ebay.com/itm/257680905859?hash=item3bfefa9683:g:s5kAAeSwU21qf6sH,https://i.ebayimg.com/images/g/s5kAAeSwU21qf6sH/s-l225.jpg
残件/按现状,47.0,VTG Minolta XL-Sound 64 Super 8 Movie Camera Case Manual Accessories Untested,Minolta,Vintage Cameras,,81.96,USD,"FIXED_PRICE,BEST_OFFER",23,0,as-is,US,theretro_78,99.4,2026-08-15T02:46:21.000Z,,https://www.ebay.com/itm/188794580416?hash=item2bf508adc0:g:sUoAAeSw-klqf9I~,https://i.ebayimg.com/images/g/sUoAAeSw-klqf9I~/s-l225.jpg
打包杂件,47.0,Nikon Coolpix S6000 14.2MP Digital Camera Silver w/7x Zoom Bundle - Tested works,Nikon,Digital Cameras,Used,85.0,USD,FIXED_PRICE,6,0,underpriced(med 252),US,bayousidepicker,99.7,2026-08-14T06:18:12.000Z,,https://www.ebay.com/itm/188790287891?hash=item2bf4c72e13:g:DUgAAeSwdSZqfrMW,https://i.ebayimg.com/images/g/DUgAAeSwdSZqfrMW/s-l225.jpg
打包杂件,47.0,FUJIFILM Instax Mini 11 Camera Bundle + 40 Sheets Film + Case Tested Working,Fujifilm,Film Cameras,Used,86.0,USD,FIXED_PRICE,11,0,,US,muglifewest,100.0,2026-08-14T22:48:48.000Z,,https://www.ebay.com/itm/168614334698?hash=item27423290ea:g:5f0AAeSwR01qf5j~,https://i.ebayimg.com/images/g/5f0AAeSwR01qf5j~/s-l225.jpg
残件/按现状,47.0,Yashica Kyocera Samurai Z Half-Frame 35mm Film Camera Nonworking Please Read,Yashica,Film Cameras,For parts or not working,109.99,USD,"FIXED_PRICE,BEST_OFFER",14,0,,US,wailessales,99.6,2026-08-14T19:33:54.000Z,,https://www.ebay.com/itm/407145041526?hash=item5ecbbc4e76:g:mCcAAeSwFWxo3-yM,https://i.ebayimg.com/images/g/mCcAAeSwFWxo3-yM/s-l225.jpg
残件/按现状,47.0,8 PC FUJIFILM Instax Mini 9 Camera - FOR PARTS/ REPAIR Pink Blue Green Yellow,Fujifilm,Film Cameras,For parts or not working,119.99,USD,"FIXED_PRICE,BEST_OFFER",7,0,as-is,US,odyha_0,98.8,2026-08-14T12:11:17.000Z,,https://www.ebay.com/itm/237005470841?hash=item372ea07c79:g:bqoAAeSwaJdqfwPq,https://i.ebayimg.com/images/g/bqoAAeSwaJdqfwPq/s-l225.jpg
打包杂件,47.0,Canon EOS Rebel Ti 35mm SLR Film Camera Silver Built-In Flash AF/MF Bundle READ!,Canon,Film Cameras,Used,120.0,USD,"FIXED_PRICE,BEST_OFFER",5,0,,US,pitkin_pal,100.0,2026-08-14T19:28:41.000Z,,https://www.ebay.com/itm/267757297341?hash=item3e57941ebd:g:5J0AAeSwbiNqf2tD,https://i.ebayimg.com/images/g/5J0AAeSwbiNqf2tD/s-l225.jpg
打包杂件,47.0,Minolta Maxxum 7000 35mm SLR Film Camera Bundle 3-Lenses 28-85 28-80 75-300 Case,Minolta,Film Cameras,Used,124.99,USD,"FIXED_PRICE,BEST_OFFER",23,0,,US,patschu-8199,99.8,2026-08-15T11:51:47.000Z,,https://www.ebay.com/itm/407146543095?hash=item5ecbd337f7:g:87wAAeSwFdNqX9in,https://i.ebayimg.com/images/g/87wAAeSwFdNqX9in/s-l225.jpg
残件/按现状,47.0,Canon FX camera w/50mm/1.4 and 200mm/2.8 Canon lenses. READ,Canon,Film Cameras,For parts or not working,125.0,USD,"FIXED_PRICE,BEST_OFFER",10,0,,US,abc_collectiblesl,99.6,2026-08-15T12:56:03.000Z,,https://www.ebay.com/itm/398288743051?hash=item5cbbdbea8b:g:ATEAAeSw19lqgF6o,https://i.ebayimg.com/images/g/ATEAAeSw19lqgF6o/s-l225.jpg
打包杂件,47.0,Canon EOS Rebel G 35mm Film SLR Camera 70-300mm Lens Flash Bag Accessories Lot,Canon,Film Cameras,Used,125.0,USD,"FIXED_PRICE,BEST_OFFER",4,0,,US,secondhandrust-co,100.0,2026-08-14T19:36:29.000Z,,https://www.ebay.com/itm/366605924253?hash=item555b6a779d:g:uDoAAeSw3Bxqf2tc,https://i.ebayimg.com/images/g/uDoAAeSw3Bxqf2tc/s-l225.jpg
残件/按现状;打包杂件,47.0,"Vintage Canon AT-1 Camera Bundle - Filters, Lenses, C/R, Flash",Canon,Film Cameras,For parts or not working,125.0,USD,"FIXED_PRICE,BEST_OFFER",14,0,,US,pwbb08,100.0,2026-08-14T16:21:58.000Z,,https://www.ebay.com/itm/278280088344?hash=item40cac92b18:g:5nUAAeSwHgFqfz-u,https://i.ebayimg.com/images/g/5nUAAeSwHgFqfz-u/s-l225.jpg
残件/按现状,47.0,Canon FTb QL 35mm Manual Film Camera w/Vivitar 72 mm Macro Lens Untested,Canon,Film Cameras,Used,129.99,USD,FIXED_PRICE,11,0,as-is,US,inthemeadow,99.9,2026-08-14T17:37:34.000Z,,https://www.ebay.com/itm/168613830284?hash=item27422ade8c:g:bQwAAeSwYexqVl45,https://i.ebayimg.com/images/g/bQwAAeSwYexqVl45/s-l225.jpg
残件/按现状,47.0,Canon 310XL Super 8 Zoom Movie Camera Manual Focus Untested Parts Only,Canon,Vintage Cameras,,135.0,USD,FIXED_PRICE,11,0,as-is,US,loot-n-trade,100.0,2026-08-15T04:22:18.000Z,,https://www.ebay.com/itm/820004037892?hash=itembeec0ca504:g:9GUAAeSwEi9qf-lZ,https://i.ebayimg.com/images/g/9GUAAeSwEi9qf-lZ/s-l225.jpg
打包杂件,47.0,Minolta X-370 35mm Film SLR Camera bundle - Everything pictured included,Minolta,Film Cameras,Used,150.0,USD,FIXED_PRICE,13,0,,US,elsol-7372,99.9,2026-08-14T09:03:18.000Z,,https://www.ebay.com/itm/318728261187?hash=item4a35af4e43:g:UkEAAeSwC89oVLaL,https://i.ebayimg.com/images/g/UkEAAeSwC89oVLaL/s-l225.jpg
型号不明,47.0,SIGMA NIKON AF 18-200mmF3.5-6.3D Used,Sigma,Lenses,Used,156.83,USD,FIXED_PRICE,3,0,underpriced(med 353),JP,hard-off-japan-in-au,99.2,2026-08-14T17:37:51.000Z,,https://www.ebay.com/itm/318730128095?hash=item4a35cbcadf:g:YqYAAeSw2SRqf3Qt,https://i.ebayimg.com/images/g/YqYAAeSw2SRqf3Qt/s-l225.jpg
型号不明,47.0,SIGMA LENS FOR NIKON 10-20F4-5.6 EX DC HSM Used,Sigma,Lenses,Used,156.83,USD,FIXED_PRICE,11,0,underpriced(med 353),JP,hard-off-japan-in-au,99.2,2026-08-14T17:37:38.000Z,,https://www.ebay.com/itm/318730127733?hash=item4a35cbc975:g:LzAAAeSwtqtqf3RB,https://i.ebayimg.com/images/g/LzAAAeSwtqtqf3RB/s-l225.jpg
打包杂件,47.0,Vintage Minolta XG-M 35mm SLR Camera Rokkor-X 1:1.7 50mm Lens Bundle,Minolta,Film Cameras,Used,175.0,USD,FIXED_PRICE,0,0,mount:minolta md,US,8weekmethod,100.0,2026-08-14T06:27:56.000Z,,https://www.ebay.com/itm/178405372963?hash=item2989c9f423:g:YZUAAeSwUrdqfrRZ,https://i.ebayimg.com/images/g/YZUAAeSwUrdqfrRZ/s-l225.jpg
型号不明,47.0,Bausch & Lomb Zeiss Protar Series V Telephoto Fixed/Prime Lens f/10,Zeiss,Vintage Lenses,,400.0,USD,"FIXED_PRICE,BEST_OFFER",5,0,,US,upthepath1963-2,97.7,2026-08-14T17:25:03.000Z,,https://www.ebay.com/itm/198571155213?hash=item2e3bc35f0d:g:o~YAAeSw-h9qf07n,https://i.ebayimg.com/images/g/o~YAAeSw-h9qf07n/s-l225.jpg
型号不明,46.0,"VTG rangefinder lens Industar 61 m39 2,8/52 FED Zorki Leica camera 13 blades",Fed,Lenses,Used,57.0,USD,"FIXED_PRICE,BEST_OFFER",9,0,mount:ltm/l39,LV,gennadij46,100.0,2026-08-14T10:07:43.000Z,,https://www.ebay.com/itm/278279131057?hash=item40caba8fb1:g:HesAAOSwG0JndnZI,https://i.ebayimg.com/images/g/HesAAOSwG0JndnZI/s-l225.jpg
型号不明,46.0,YONGNUO YN25mm F1.7M Auto Focus MF Prime Lens Large Aperture For M43 Panasonic,Panasonic,Lenses,New,115.0,USD,"FIXED_PRICE,BEST_OFFER",10,0,underpriced(med 363),CN,xianghuisportcamerasuit,99.4,2026-08-14T07:14:03.000Z,,https://www.ebay.com/itm/278278716578?hash=item40cab43ca2:g:RkAAAOSwtQxk5B9c,https://i.ebayimg.com/images/g/RkAAAOSwtQxk5B9c/s-l225.jpg
查无市价,46.0,Nikon Nikon SP Reissue with W-Nikkor 35mm F1.8 Rengefinder Camera Tested [Exc+],Nikon,Digital Cameras,Used,4200.0,USD,"FIXED_PRICE,BEST_OFFER",11,0,grail:Nikon SP;mount:nikon f;good-cond,JP,re-camera,99.8,2026-08-14T08:44:24.000Z,,https://www.ebay.com/itm/336741706902?hash=item4e675eac96:g:DrUAAeSwRT9qftYk,https://i.ebayimg.com/images/g/DrUAAeSwRT9qftYk/s-l225.jpg
残件/按现状,45.0,PARTS/REPAIR Sony HDR-SR12 HD Camcorder Digital Video Camera + DCRA-C210 RMT-835,Sony,Camcorders,For parts or not working,64.99,USD,"FIXED_PRICE,AUCTION",22,0,underpriced(med 160);auction,US,ersch_8559,100.0,2026-08-15T00:00:00.000Z,2026-08-22T00:00:00.000Z,https://www.ebay.com/itm/158187582256?hash=item24d4b6f330:g:4UQAAeSwGbJqfwEv,https://i.ebayimg.com/images/g/4UQAAeSwGbJqfwEv/s-l225.jpg
残件/按现状,45.0,Konica Zoom-Hexanon AR 35-70mm f/4 Camera Lens w/ Original Case Untested READ,Konica,Lenses,Used,74.99,USD,"FIXED_PRICE,BEST_OFFER",10,0,as-is,US,kozisvyat1,98.9,2026-08-14T22:30:40.000Z,,https://www.ebay.com/itm/158189232717?hash=item24d4d0224d:g:m4kAAeSwfn9qf5aR,https://i.ebayimg.com/images/g/m4kAAeSwfn9qf5aR/s-l225.jpg
型号不明,45.0,"Nikon AF-S TC-17E II 1.7x Teleconverter for AF-S,AF-I Lenses #296",Nikon,Lenses,Excellent - Refurbished,145.52,USD,"FIXED_PRICE,BEST_OFFER",8,0,,US,robertscamera,99.8,2026-08-14T23:15:59.000Z,,https://www.ebay.com/itm/147505459364?hash=item225802b0a4:g:4i8AAeSwMjhqf6Gp,https://i.ebayimg.com/images/g/4i8AAeSwMjhqf6Gp/s-l225.jpg
残件/按现状,45.0,Untested Canon AL 1 Film Single lens Reflex Camera with Lens,Canon,Film Cameras,Used,151.73,USD,"FIXED_PRICE,BEST_OFFER",19,0,as-is,JP,manmaru42,100.0,2026-08-14T13:54:11.000Z,,https://www.ebay.com/itm/398285052963?hash=item5cbba39c23:g:sp0AAeSwThVqfx85,https://i.ebayimg.com/images/g/sp0AAeSwThVqfx85/s-l225.jpg
残件/按现状,45.0,CANON AE 1 PROGRAM For Parts or Repair with OSAWA Lens,Canon,Film Cameras,Used,152.87,USD,"FIXED_PRICE,BEST_OFFER",8,0,as-is,JP,manmaru42,100.0,2026-08-14T13:54:08.000Z,,https://www.ebay.com/itm/398285052859?hash=item5cbba39bbb:g:9y4AAeSwk71qfx5G,https://i.ebayimg.com/images/g/9y4AAeSwk71qfx5G/s-l225.jpg
型号不明,45.0,Canon SLR,Canon,Film Cameras,Used,154.01,USD,"FIXED_PRICE,BEST_OFFER",2,0,,JP,manmaru42,100.0,2026-08-14T13:54:15.000Z,,https://www.ebay.com/itm/398285053183?hash=item5cbba39cff:g:Zn8AAeSw5Tlqfx90,https://i.ebayimg.com/images/g/Zn8AAeSw5Tlqfx90/s-l225.jpg
残件/按现状,45.0,Canon Autoboy 2x2 / 3x2 / AF35M (5-Pack) Compact Film Camera A01 From Japan,Canon,Film Cameras,For parts or not working,159.2,USD,FIXED_PRICE,9,0,,JP,quorefl-53,100.0,2026-08-14T23:36:43.000Z,,https://www.ebay.com/itm/800509447827?hash=itemba6214ce93:g:ZUcAAeSw8Chqf6dE,https://i.ebayimg.com/images/g/ZUcAAeSw8Chqf6dE/s-l225.jpg
型号不明,45.0,Canon camera,Canon,Film Cameras,Used,159.71,USD,"FIXED_PRICE,BEST_OFFER",3,0,,JP,manmaru42,100.0,2026-08-14T13:54:11.000Z,,https://www.ebay.com/itm/398285052988?hash=item5cbba39c3c:g:aKkAAeSw65pqfx65,https://i.ebayimg.com/images/g/aKkAAeSw65pqfx65/s-l225.jpg
残件/按现状,45.0,Canon EOS Kiss X2 Kit Untested,Canon,Film Cameras,Used,159.71,USD,"FIXED_PRICE,BEST_OFFER",17,0,as-is,JP,manmaru42,100.0,2026-08-14T13:54:08.000Z,,https://www.ebay.com/itm/398285052817?hash=item5cbba39b91:g:ngUAAeSwS4pqfx6-,https://i.ebayimg.com/images/g/ngUAAeSwS4pqfx6-/s-l225.jpg
型号不明,45.0,CANON Camera Set,Canon,Film Cameras,Used,159.71,USD,"FIXED_PRICE,BEST_OFFER",3,0,,JP,manmaru42,100.0,2026-08-14T13:54:07.000Z,,https://www.ebay.com/itm/398285052766?hash=item5cbba39b5e:g:YYcAAeSwy0Vqfx7u,https://i.ebayimg.com/images/g/YYcAAeSwy0Vqfx7u/s-l225.jpg
型号不明,45.0,Canon Film Camera,Canon,Film Cameras,Used,168.84,USD,"FIXED_PRICE,BEST_OFFER",3,0,,JP,manmaru42,100.0,2026-08-14T13:54:14.000Z,,https://www.ebay.com/itm/398285053113?hash=item5cbba39cb9:g:M5wAAeSwYtBqfx6F,https://i.ebayimg.com/images/g/M5wAAeSwYtBqfx6F/s-l225.jpg
型号不明,45.0,Canon Camera Set,Canon,Film Cameras,Used,173.4,USD,"FIXED_PRICE,BEST_OFFER",6,0,,JP,manmaru42,100.0,2026-08-14T13:54:08.000Z,,https://www.ebay.com/itm/398285052826?hash=item5cbba39b9a:g:aLAAAeSw65pqfx66,https://i.ebayimg.com/images/g/aLAAAeSw65pqfx66/s-l225.jpg
型号不明,45.0,🎬 [MINT in Box] Olympus TCON-17X Tele Converter Lens From JAPAN,Olympus,Lenses,Used,174.99,USD,"FIXED_PRICE,BEST_OFFER",12,0,good-cond,JP,g.v.international,98.4,2026-08-14T14:36:38.000Z,,https://www.ebay.com/itm/366605476139?hash=item555b63a12b:g:BHwAAeSwB7tpkJ1H,https://i.ebayimg.com/images/g/BHwAAeSwB7tpkJ1H/s-l225.jpg
残件/按现状,45.0,Untested Canon A 1 Film Single Lens Reflex Camera Speedlight Set,Canon,Film Cameras,Used,182.53,USD,"FIXED_PRICE,BEST_OFFER",5,0,as-is,JP,manmaru42,100.0,2026-08-14T13:54:14.000Z,,https://www.ebay.com/itm/398285053135?hash=item5cbba39ccf:g:lfIAAeSwUiNqfx6B,https://i.ebayimg.com/images/g/lfIAAeSwUiNqfx6B/s-l225.jpg
型号不明,45.0,Canon Camera,Canon,Film Cameras,Used,182.53,USD,"FIXED_PRICE,BEST_OFFER",11,0,,JP,manmaru42,100.0,2026-08-14T13:54:14.000Z,,https://www.ebay.com/itm/398285053147?hash=item5cbba39cdb:g:rOYAAeSw5Vxqfx6B,https://i.ebayimg.com/images/g/rOYAAeSw5Vxqfx6B/s-l225.jpg
型号不明,45.0,F1.8 Canon EX QL AUTO Film Camera,Canon,Film Cameras,Used,193.94,USD,"FIXED_PRICE,BEST_OFFER",4,0,,JP,manmaru42,100.0,2026-08-14T13:54:15.000Z,,https://www.ebay.com/itm/398285053171?hash=item5cbba39cf3:g:YeMAAeSwlShqfx69,https://i.ebayimg.com/images/g/YeMAAeSwlShqfx69/s-l225.jpg
残件/按现状,45.0,Showa Retro Olympus Camera OLYMPUS S Untested For parts or repair,Olympus,Film Cameras,Used,217.81,USD,"FIXED_PRICE,BEST_OFFER",15,0,as-is,JP,akira.0930,100.0,2026-08-14T13:19:20.000Z,,https://www.ebay.com/itm/158187748986?hash=item24d4b97e7a:g:Cx8AAeSwCsZqfxZY,https://i.ebayimg.com/images/g/Cx8AAeSwCsZqfxZY/s-l225.jpg
型号不明,45.0,Canon Film Camera,Canon,Film Cameras,Used,233.86,USD,"FIXED_PRICE,BEST_OFFER",4,0,,JP,manmaru42,100.0,2026-08-14T13:54:14.000Z,,https://www.ebay.com/itm/398285053137?hash=item5cbba39cd1:g:NCAAAeSwU21qfx6G,https://i.ebayimg.com/images/g/NCAAAeSwU21qfx6G/s-l225.jpg
型号不明,45.0,Authentic CONTAX VS N70-300/4-5.6 #270-004-380-2705,Contax,Lenses,Used,313.53,USD,FIXED_PRICE,9,0,,JP,komehyo,99.5,2026-08-14T23:05:32.000Z,,https://www.ebay.com/itm/178407693845?hash=item2989ed5e15:g:eMIAAeSwtixqf584,https://i.ebayimg.com/images/g/eMIAAeSwtixqf584/s-l225.jpg
型号不明,45.0,Nikon AF-S Teleconverter TC-14E III 1.4x [TOP MINT in BOX] From Japan,Nikon,Lenses,Used,358.99,USD,"FIXED_PRICE,BEST_OFFER",7,0,good-cond,JP,japanvintage33,100.0,2026-08-14T08:46:58.000Z,,https://www.ebay.com/itm/366604872034?hash=item555b5a6962:g:TjEAAeSwJ2dqfsx6,https://i.ebayimg.com/images/g/TjEAAeSwJ2dqfsx6/s-l225.jpg
型号不明,45.0,Olympus MC-20 Teleconverter -EXC- 7127,Olympus,Lenses,Used,371.59,USD,FIXED_PRICE,2,0,good-cond,JP,kitamura_camera,100.0,2026-08-14T10:47:18.000Z,,https://www.ebay.com/itm/820000815248?hash=itembeebdb7890:g:6lsAAeSwY5dqfvrl,https://i.ebayimg.com/images/g/6lsAAeSwY5dqfvrl/s-l225.jpg
型号不明,45.0,Olympus MC-20 Teleconverter -Mint- 4209,Olympus,Lenses,Used,373.44,USD,FIXED_PRICE,2,0,good-cond,JP,kitamura_camera,100.0,2026-08-14T06:57:40.000Z,,https://www.ebay.com/itm/820000172681?hash=itembeebd1aa89:g:tD8AAeSwF~xqfsH7,https://i.ebayimg.com/images/g/tD8AAeSwF~xqfsH7/s-l225.jpg
型号不明,45.0,*Polished Glossy Gold : CLA'd : Near Mint* Pentax KX Film Camera Body From Japan,Pentax,Film Cameras,Used,414.0,USD,FIXED_PRICE,15,0,good-cond,JP,hitonaga-0,100.0,2026-08-14T11:23:09.000Z,,https://www.ebay.com/itm/407143967917?hash=item5ecbabecad:g:HnsAAeSwhnhpfo7Z,https://i.ebayimg.com/images/g/HnsAAeSwhnhpfo7Z/s-l225.jpg
型号不明,45.0,Carl Zeiss ZEISS Touit 1.8/32 X-mount -EXC- 3523,Zeiss,Lenses,Used,616.9,USD,FIXED_PRICE,2,0,good-cond,JP,kitamura_camera,100.0,2026-08-14T06:47:25.000Z,,https://www.ebay.com/itm/820000140331?hash=itembeebd12c2b:g:XtQAAeSwGbJqfsH5,https://i.ebayimg.com/images/g/XtQAAeSwGbJqfsH5/s-l225.jpg
型号不明,45.0,[Mint] Pentax KF Digital Camera Body w/ Battery Charger Works Tested Japan TB04,Pentax,Film Cameras,Used,740.93,USD,FIXED_PRICE,9,0,good-cond,JP,dannysjapancollectable,100.0,2026-08-15T04:11:04.000Z,,https://www.ebay.com/itm/287525997521?hash=item42f1e28bd1:g:W1EAAeSw7Ddqf-cZ,https://i.ebayimg.com/images/g/W1EAAeSw7Ddqf-cZ/s-l225.jpg
查无市价,45.0,SEIKI KOGAKU CANON S-II SERENAR 50mm f/3.5 [Exc+++ w/Case] #11747,Canon,Film Cameras,Used,996.55,USD,FIXED_PRICE,8,0,good-cond,JP,camera-honpo,99.5,2026-08-15T00:56:44.000Z,,https://www.ebay.com/itm/336742994169?hash=item4e677250f9:g:-IgAAeSwr5tpG6o1,https://i.ebayimg.com/images/g/-IgAAeSwr5tpG6o1/s-l225.jpg
查无市价,45.0,[ TOP MINT ] Fujifilm GA645i Pro Medium Format Film Camera From JAPAN,Fujifilm,Film Cameras,Used,1669.0,USD,"FIXED_PRICE,BEST_OFFER",12,0,good-cond,JP,teriyaki_cam_store,100.0,2026-08-14T15:20:54.000Z,,https://www.ebay.com/itm/820001700741?hash=itembeebe8fb85:g:k2AAAeSwDp1qfzFc,https://i.ebayimg.com/images/g/k2AAAeSwDp1qfzFc/s-l225.jpg
查无市价,45.0,CT002 [Almost MINT] Fuji Fujifilm GA645i Pro Medium Format Camera JAPAN 1400,Fuji,Film Cameras,Used,1849.99,USD,FIXED_PRICE,9,0,good-cond,JP,jojig_59_camera_japan,99.7,2026-08-14T14:05:24.000Z,,https://www.ebay.com/itm/137620699366?hash=item200ad538e6:g:6u4AAeSwHgFqfyHT,https://i.ebayimg.com/images/g/6u4AAeSwHgFqfyHT/s-l225.jpg
描述含糊,45.0,"""MINT+++ w/ Box"" No Name Nikon F2T Titan SLR 35mm Film Camera Black Body JAPAN",Nikon,Film Cameras,Used,2199.99,USD,"FIXED_PRICE,BEST_OFFER",14,0,good-cond,JP,kawashima-camera,100.0,2026-08-15T03:31:50.000Z,,https://www.ebay.com/itm/147505814285?hash=item2258081b0d:g:ePMAAeSwfRBqb-U6,https://i.ebayimg.com/images/g/ePMAAeSwfRBqb-U6/s-l225.jpg
残件/按现状,44.0,Kodak Bantam F.8 CAMERA Original Box ART DECO 1938 Bakelite Untested,Kodak,Vintage Cameras,,32.5,USD,"FIXED_PRICE,AUCTION",6,0,as-is;auction,CA,zamzam,100.0,2026-08-15T02:03:26.000Z,2026-08-22T02:03:26.000Z,https://www.ebay.com/itm/327310861936?hash=item4c353f6670:g:lXAAAOSwNdhnTFWO,https://i.ebayimg.com/images/g/lXAAAOSwNdhnTFWO/s-l225.jpg
残件/按现状,44.0,Sony Handycam DCR-TRV14E Mini Dv Tape Camcorder *For Parts Or Not Working*,Sony,Camcorders,Used,33.78,USD,FIXED_PRICE,14,0,as-is;underpriced(med 160),GB,kiy_star_25,99.7,2026-08-15T00:15:06.000Z,,https://www.ebay.com/itm/168614461637?hash=item27423480c5:g:bB0AAeSwapBqYSHv,https://i.ebayimg.com/images/g/bB0AAeSwapBqYSHv/s-l225.jpg
残件/按现状,44.0,Panasonic VHS Movie Camcorder Kit VW-SHM7 | FOR PARTS / SPARES ONLY vintage,Panasonic,Camcorders,For parts or not working,40.6,USD,"FIXED_PRICE,BEST_OFFER",23,0,as-is;underpriced(med 112),GB,el-emporium,99.8,2026-08-14T16:00:01.000Z,,https://www.ebay.com/itm/287522825433?hash=item42f1b224d9:g:yHAAAeSwGFlqLIhc,https://i.ebayimg.com/images/g/yHAAAeSwGFlqLIhc/s-l225.jpg
残件/按现状,44.0,Sony CCD-F350E Handycam Video8 PAL Camcorder AC-V30 Charger Bag Spares Repair,Sony,Camcorders,For parts or not working,51.15,USD,"FIXED_PRICE,BEST_OFFER",11,0,underpriced(med 160),GB,svetsbargains,100.0,2026-08-14T18:38:33.000Z,,https://www.ebay.com/itm/147505068719?hash=item2257fcbaaf:g:bGsAAeSwmiFqf1~R,https://i.ebayimg.com/images/g/bGsAAeSwmiFqf1~R/s-l225.jpg
打包杂件,44.0,Sony Handycam DCR-DVD105 MiniDVD Camcorder Handycam Bundle Tested,Sony,Camcorders,Used,54.05,USD,"FIXED_PRICE,BEST_OFFER",9,0,underpriced(med 160),CA,brooksie_71,99.6,2026-08-15T12:38:12.000Z,,https://www.ebay.com/itm/287526633306?hash=item42f1ec3f5a:g:k9wAAeSwfGdqV5Of,https://i.ebayimg.com/images/g/k9wAAeSwfGdqV5Of/s-l225.jpg
残件/按现状,44.0,Canon PowerShot A1100 IS Digital Camera 12.1MP - Pink (Lens Error) AS IS,Canon,Digital Cameras,For parts or not working,60.41,USD,"FIXED_PRICE,BEST_OFFER",7,0,as-is;underpriced(med 330),UA,nostalgyua,100.0,2026-08-14T04:50:57.000Z,,https://www.ebay.com/itm/267756696868?hash=item3e578af524:g:udEAAeSwlktqV0ED,https://i.ebayimg.com/images/g/udEAAeSwlktqV0ED/s-l225.jpg
打包杂件,44.0,Olympus CAMEDIA C-750 Ultra Zoom 4MP Digital Camera 10x Optical Zoom Bundle,Olympus,Digital Cameras,Used,67.3,USD,"FIXED_PRICE,BEST_OFFER",15,0,underpriced(med 225),AU,pika.collectibles,99.7,2026-08-14T11:47:39.000Z,,https://www.ebay.com/itm/318728795251?hash=item4a35b77473:g:x7EAAeSwWEBqWY-k,https://i.ebayimg.com/images/g/x7EAAeSwWEBqWY-k/s-l225.jpg
残件/按现状,44.0,Clean Ultra-Bright Yashica Lynx 14 35mm Rangefinder Camera - For Repair,Yashica,Vintage Cameras,,70.63,USD,"FIXED_PRICE,BEST_OFFER",3,0,as-is,CA,intofoc.usmontreal,98.2,2026-08-14T19:42:26.000Z,,https://www.ebay.com/itm/267757307552?hash=item3e579446a0:g:DtcAAeSw4U1qf27e,https://i.ebayimg.com/images/g/DtcAAeSw4U1qf27e/s-l225.jpg
残件/按现状,44.0,2x Fujifilm Digital Camera FinePix XP60 Waterproof Yellow Spares or Repair,Fujifilm,Digital Cameras,For parts or not working,81.21,USD,"FIXED_PRICE,BEST_OFFER",6,0,underpriced(med 238),GB,finity.trading,100.0,2026-08-14T10:31:06.000Z,,https://www.ebay.com/itm/158187362943?hash=item24d4b39a7f:g:MbwAAeSwSLlqfu9m,https://i.ebayimg.com/images/g/MbwAAeSwSLlqfu9m/s-l225.jpg
残件/按现状,44.0,Lens Error PINK Canon PowerShot ELPH 100 HS 12.1 MP Digital Camera Repair Only,Canon,Digital Cameras,For parts or not working,89.73,USD,"FIXED_PRICE,BEST_OFFER",7,0,underpriced(med 330),CA,cymru48,100.0,2026-08-14T04:16:26.000Z,,https://www.ebay.com/itm/178405088672?hash=item2989c59da0:g:KAoAAeSw3T9qfpXu,https://i.ebayimg.com/images/g/KAoAAeSw3T9qfpXu/s-l225.jpg
残件/按现状,44.0,nikon d1x Digital Slr Camera And Lens - Good Condition - Spares Repair,Nikon,Digital Cameras,For parts or not working,106.95,USD,FIXED_PRICE,14,0,underpriced(med 252),GB,old-stuff-75,99.8,2026-08-14T06:57:03.000Z,,https://www.ebay.com/itm/398283921114?hash=item5cbb9256da:g:-vsAAeSwsSFpyluG,https://i.ebayimg.com/images/g/-vsAAeSwsSFpyluG/s-l225.jpg
残件/按现状,44.0,Canon PowerShot TX1 7.1MP Digital Camera parts Only,Canon,Digital Cameras,For parts or not working,129.73,USD,"FIXED_PRICE,BEST_OFFER",5,0,as-is;underpriced(med 330),CA,vintagebandrevolution,100.0,2026-08-14T15:47:04.000Z,,https://www.ebay.com/itm/377418394312?hash=item57dfe3aac8:g:M4sAAeSwsqlqfzcv,https://i.ebayimg.com/images/g/M4sAAeSwsqlqfzcv/s-l225.jpg
型号不明,44.0,MC Carl Zeiss Biometar 2.8/80 lens Medium format Pentacon Six Mount,Zeiss,Vintage Lenses,,235.0,USD,"FIXED_PRICE,BEST_OFFER",13,0,,KZ,vintagecamera,98.7,2026-08-14T20:13:39.000Z,,https://www.ebay.com/itm/336742675094?hash=item4e676d7296:g:BVEAAeSw87Bqf3aE,https://i.ebayimg.com/images/g/BVEAAeSw87Bqf3aE/s-l225.jpg
型号不明,43.0,Eastman Kodak Co,Kodak,Vintage Cameras,,25.0,USD,FIXED_PRICE,2,0,,US,jasocondi-0,100.0,2026-08-14T23:52:45.000Z,,https://www.ebay.com/itm/318731431686?hash=item4a35dfaf06:g:qBMAAeSwseNqf6os,https://i.ebayimg.com/images/g/qBMAAeSwseNqf6os/s-l225.jpg
残件/按现状,43.0,Vintage Kodak Junior Six-16 Folding Camera w/ Kodak Bimat Lens 616 Film Untested,Kodak,Vintage Cameras,,25.0,USD,"FIXED_PRICE,BEST_OFFER",7,0,as-is,US,thrifting_34,100.0,2026-08-14T22:52:29.000Z,,https://www.ebay.com/itm/820002946502?hash=itembeebfbfdc6:g:eUgAAeSw65pqf5ga,https://i.ebayimg.com/images/g/eUgAAeSw65pqf5ga/s-l225.jpg
残件/按现状,43.0,Vintage Kodak Tourist IIFolding Camera w Original Field Case. Untested (A2),Kodak,Vintage Cameras,,25.0,USD,"FIXED_PRICE,BEST_OFFER",8,0,as-is,US,thrifting_34,100.0,2026-08-14T22:25:26.000Z,,https://www.ebay.com/itm/820002874392?hash=itembeebfae418:g:mowAAeSwbqVqf5Wg,https://i.ebayimg.com/images/g/mowAAeSwbqVqf5Wg/s-l225.jpg
残件/按现状,43.0,Polaroid One Step Express Green Instant Film Camera Vintage Untested,Polaroid,Vintage Cameras,,25.0,USD,"FIXED_PRICE,BEST_OFFER",11,0,as-is,US,c_ccollectibles,99.2,2026-08-14T11:54:05.000Z,,https://www.ebay.com/itm/117359031598?hash=item1b5324b52e:g:nOEAAeSwMPVqNrNQ,https://i.ebayimg.com/images/g/nOEAAeSwMPVqNrNQ/s-l225.jpg
残件/按现状,43.0,Polaroid Sun 660 Autofocus SE Instant 600 Land Camera Vintage W/ Strap Untested,Polaroid,Vintage Cameras,,25.99,USD,"FIXED_PRICE,BEST_OFFER",8,0,as-is,US,reeb-76,98.9,2026-08-15T09:17:52.000Z,,https://www.ebay.com/itm/820004941864?hash=itembeec1a7028:g:6SsAAeSwWXtqgC6C,https://i.ebayimg.com/images/g/6SsAAeSwWXtqgC6C/s-l225.jpg
残件/按现状,43.0,Vtg Polaroid One Step Land Camera UNTESTED Rainbow Stripe With Flash Bulbs Sx 70,Polaroid,Vintage Cameras,,26.99,USD,"FIXED_PRICE,BEST_OFFER",16,0,as-is,US,workinghardforaliving,100.0,2026-08-14T08:51:14.000Z,,https://www.ebay.com/itm/188790864473?hash=item2bf4cffa59:g:HtsAAeSwBlRoZF9Q,https://i.ebayimg.com/images/g/HtsAAeSwBlRoZF9Q/s-l225.jpg
残件/按现状,43.0,Vintage Kodak Tele-Ektralite 600 Film Camera w/ Box. Untested. Sylvania Magicube,Kodak,Vintage Cameras,,27.0,USD,"FIXED_PRICE,BEST_OFFER",8,0,as-is,US,researc_77,0.0,2026-08-15T01:36:27.000Z,,https://www.ebay.com/itm/198571957109?hash=item2e3bcf9b75:g:tZoAAeSw4qpqf7ob,https://i.ebayimg.com/images/g/tZoAAeSw4qpqf7ob/s-l225.jpg
残件/按现状,43.0,"Polaroid PZ1710 35mm Film Camera w/ Bag, Manual 2 New Film & Canisters Untested",Polaroid,Film Cameras,Used,29.75,USD,FIXED_PRICE,3,0,as-is,US,powell_j_a,100.0,2026-08-15T10:29:06.000Z,,https://www.ebay.com/itm/128027778811?hash=item1dcf0cdefb:g:1OkAAeSwphVoetOr,https://i.ebayimg.com/images/g/1OkAAeSwphVoetOr/s-l225.jpg
残件/按现状,43.0,Polaroid Pronto Land Camera Sonar One Step with Case & Manuals UNTESTED,Polaroid,Vintage Cameras,,29.95,USD,"FIXED_PRICE,BEST_OFFER",7,0,as-is,US,sunrisepickers,99.7,2026-08-14T16:55:51.000Z,,https://www.ebay.com/itm/307126697955?hash=item47822d7fe3:g:Fy0AAOSwYqlnaHA6,https://i.ebayimg.com/images/g/Fy0AAOSwYqlnaHA6/s-l225.jpg
残件/按现状,43.0,VTG Original Polaroid OneStep 600 Instant Film Camera Untested,Polaroid,Vintage Cameras,,29.99,USD,"FIXED_PRICE,BEST_OFFER",5,0,as-is,US,rubyrockfarm,100.0,2026-08-15T13:07:15.000Z,,https://www.ebay.com/itm/366607313045?hash=item555b7fa895:g:bpEAAeSwq0tptw~k,https://i.ebayimg.com/images/g/bpEAAeSwq0tptw~k/s-l225.jpg
残件/按现状,43.0,Agfa Compact Electronic Winder 35mm Point & Shoot Camera Solinar UNTESTED *READ,Agfa,Film Cameras,For parts or not working,29.99,USD,FIXED_PRICE,7,0,as-is,US,nadsf_51,99.7,2026-08-15T01:58:37.000Z,,https://www.ebay.com/itm/227476426389?hash=item34f6a6ce95:g:O3gAAeSwxRhpohv-,https://i.ebayimg.com/images/g/O3gAAeSwxRhpohv-/s-l225.jpg
残件/按现状,43.0,Vintage Kodak Camera Anastigmat Kodak II No. 0 32 22 16 Case UNTESTED,Kodak,Vintage Cameras,,29.99,USD,"FIXED_PRICE,BEST_OFFER",5,0,as-is,US,avidity6532,100.0,2026-08-15T01:17:25.000Z,,https://www.ebay.com/itm/147505608932?hash=item225804f8e4:g:8DQAAeSwqExoC~Lz,https://i.ebayimg.com/images/g/8DQAAeSwqExoC~Lz/s-l225.jpg
残件/按现状;打包杂件,43.0,Polaroid Digital Camera Lot - 4 Cameras UNTESTED,Polaroid,Vintage Cameras,,29.99,USD,FIXED_PRICE,1,0,as-is,US,denverwills,100.0,2026-08-14T23:01:58.000Z,,https://www.ebay.com/itm/206491710648?hash=item3013dd74b8:g:uNwAAeSwH-Nqf54g,https://i.ebayimg.com/images/g/uNwAAeSwH-Nqf54g/s-l225.jpg
残件/按现状,43.0,Polaroid Model 340 Automatic Land Camera Folding Film - UNTESTED PARTS AS IS,Polaroid,Vintage Cameras,,29.99,USD,FIXED_PRICE,23,0,as-is,US,ashes0fyou,99.8,2026-08-14T16:21:22.000Z,,https://www.ebay.com/itm/227475892057?hash=item34f69ea759:g:PhoAAOSw9cdmtV1V,https://i.ebayimg.com/images/g/PhoAAOSw9cdmtV1V/s-l225.jpg
残件/按现状,43.0,Sony Cyber-shot DSC-S750 7.2MP CCD Digital Camera Silver w/ Battery UNTESTED,Sony,Digital Cameras,Used,29.99,USD,FIXED_PRICE,2,0,as-is;underpriced(med 241),US,tdcurated,100.0,2026-08-14T07:32:06.000Z,,https://www.ebay.com/itm/178405549241?hash=item2989cca4b9:g:dmkAAeSwvgtqfsRP,https://i.ebayimg.com/images/g/dmkAAeSwvgtqfsRP/s-l225.jpg
残件/按现状,43.0,Polaroid 360 Land Camera Electronic Flash w Hard Case + Strap Untested,Polaroid,Vintage Cameras,,30.0,USD,FIXED_PRICE,14,0,as-is,US,jensenbc1026,99.7,2026-08-14T23:35:12.000Z,,https://www.ebay.com/itm/188793904866?hash=item2bf4fe5ee2:g:jD8AAeSw5ctqf6Ta,https://i.ebayimg.com/images/g/jD8AAeSw5ctqf6Ta/s-l225.jpg
残件/按现状,43.0,Vintage Polaroid Square Shooter 2 Instant Land Camera Black 1970s Clean Untested,Polaroid,Vintage Cameras,,30.0,USD,"FIXED_PRICE,BEST_OFFER",2,0,as-is,US,c.m.colle-822,100.0,2026-08-14T18:11:32.000Z,,https://www.ebay.com/itm/318730286446?hash=item4a35ce356e:g:51gAAeSwFkJqf1oo,https://i.ebayimg.com/images/g/51gAAeSwFkJqf1oo/s-l225.jpg
残件/按现状,43.0,Agfa Karat Folding 35mm Film Camera Manual Focus. Not tested/for parts,Agfa,Film Cameras,Used,30.0,USD,"FIXED_PRICE,BEST_OFFER",3,0,as-is,US,carro-8023,100.0,2026-08-14T17:45:44.000Z,,https://www.ebay.com/itm/227475978989?hash=item34f69ffaed:g:21sAAeSwwSNqf1Oi,https://i.ebayimg.com/images/g/21sAAeSwwSNqf1Oi/s-l225.jpg
残件/按现状,43.0,Vintage KODAK POCKET INSTAMATIC 40 CAMERA OUTFIT W/ ORIGINAL BOX USA Untested!,Kodak,Vintage Cameras,,30.0,USD,"FIXED_PRICE,BEST_OFFER",3,0,as-is,US,del919842,99.8,2026-08-14T13:56:49.000Z,,https://www.ebay.com/itm/147504602378?hash=item2257f59d0a:g:m24AAeSwPYBqL0KP,https://i.ebayimg.com/images/g/m24AAeSwPYBqL0KP/s-l225.jpg
残件/按现状,43.0,Rare Vintage Agfa Solinar Silette SLE Camera Prontor 1:2.8 With Case - Untested,Agfa,Vintage Cameras,,31.99,USD,"FIXED_PRICE,BEST_OFFER",23,0,as-is,US,thrillerthrifts,99.9,2026-08-15T05:32:05.000Z,,https://www.ebay.com/itm/168615003935?hash=item27423cc71f:g:lDAAAeSwBEFn1aEv,https://i.ebayimg.com/images/g/lDAAAeSwBEFn1aEv/s-l225.jpg
残件/按现状,43.0,Polaroid Sun 600 LMS Instant Camera with Strap - Black UNTESTED,Polaroid,Vintage Cameras,,31.99,USD,"FIXED_PRICE,BEST_OFFER",1,0,as-is,US,josexgall0,100.0,2026-08-14T18:57:54.000Z,,https://www.ebay.com/itm/198571276154?hash=item2e3bc5377a:g:fxIAAeSw3Bxqf2Sy,https://i.ebayimg.com/images/g/fxIAAeSw3Bxqf2Sy/s-l225.jpg
打包杂件,43.0,Vintage Polaroid OneStep 600 & OneStep Land Camera 2 Piece Instant Camera Lot,Polaroid,Vintage Cameras,,33.99,USD,FIXED_PRICE,6,0,,US,goodwillsocalshop,99.7,2026-08-15T09:51:26.000Z,,https://www.ebay.com/itm/267757887020?hash=item3e579d1e2c:g:-J0AAeSwNKlqW33D,https://i.ebayimg.com/images/g/-J0AAeSwNKlqW33D/s-l225.jpg
残件/按现状,43.0,Vintage Polaroid OneStep Express 600 Green Instant Film Camera Untested,Polaroid,Vintage Cameras,,34.99,USD,"FIXED_PRICE,BEST_OFFER",4,0,as-is,US,wildfindsfl,100.0,2026-08-14T16:57:35.000Z,,https://www.ebay.com/itm/206491088809?hash=item3013d3f7a9:g:aPwAAeSw4U1qfzMO,https://i.ebayimg.com/images/g/aPwAAeSw4U1qfzMO/s-l225.jpg
型号不明,43.0,Polaroid Go Instant Camera Black Tested Working,Polaroid,Vintage Cameras,,35.0,USD,FIXED_PRICE,6,0,,US,sotob-13,100.0,2026-08-15T04:44:42.000Z,,https://www.ebay.com/itm/800510665139?hash=itemba622761b3:g:KkQAAeSw~wRqf-oH,https://i.ebayimg.com/images/g/KkQAAeSw~wRqf-oH/s-l225.jpg
残件/按现状,43.0,Vintage Polaroid Swinger Model 20 Instant Camera w Case - Untested,Polaroid,Vintage Cameras,,35.0,USD,FIXED_PRICE,12,0,as-is,US,danspawn,99.9,2026-08-14T23:39:00.000Z,,https://www.ebay.com/itm/298582859051?hash=item4584ecdd2b:g:7-oAAeSwgGdqe5OO,https://i.ebayimg.com/images/g/7-oAAeSwgGdqe5OO/s-l225.jpg
残件/按现状,43.0,1960s Polaroid Land Camera 900 Electric Eye Instant Camera w Case - Untested!,Polaroid,Vintage Cameras,,35.0,USD,FIXED_PRICE,11,0,as-is,US,danspawn,99.9,2026-08-14T20:24:00.000Z,,https://www.ebay.com/itm/307123202103?hash=item4781f82837:g:wvEAAeSwj0Vqe5Ti,https://i.ebayimg.com/images/g/wvEAAeSwj0Vqe5Ti/s-l225.jpg
残件/按现状;打包杂件,43.0,Lot (3) Polaroid One Step 600 Land Camera Spectra System Untested Vintage,Polaroid,Vintage Cameras,,35.0,USD,"FIXED_PRICE,BEST_OFFER",8,0,as-is,US,leenysboy,99.9,2026-08-14T17:42:27.000Z,,https://www.ebay.com/itm/366605751166?hash=item555b67d37e:g:IM8AAeSw-wlqf1M6,https://i.ebayimg.com/images/g/IM8AAeSw-wlqf1M6/s-l225.jpg
残件/按现状,43.0,Vtg 1940 Brownie Reflex Synchro Model Camera Eastman Kodak USA w/strap UNTESTED,Kodak,Vintage Cameras,,35.0,USD,FIXED_PRICE,7,0,as-is,US,mashlisales818,99.3,2026-08-14T14:45:10.000Z,,https://www.ebay.com/itm/298587760579?hash=item458537a7c3:g:YzQAAeSwv~RpkKZc,https://i.ebayimg.com/images/g/YzQAAeSwv~RpkKZc/s-l225.jpg
残件/按现状,43.0,Sony Alpha 200 Digital SLR Camera Body Only 10.2MP IS HDMI Black,Sony,Digital Cameras,For parts or not working,37.39,USD,"FIXED_PRICE,BEST_OFFER",5,0,underpriced(med 241),US,berrywellpictures15,100.0,2026-08-14T15:59:11.000Z,,https://www.ebay.com/itm/178406686833?hash=item2989de0071:g:0T0AAeSwJvdqfzq9,https://i.ebayimg.com/images/g/0T0AAeSwJvdqfzq9/s-l225.jpg
残件/按现状,43.0,Eastman Kodak No 2A Folding Cartridge Premo Camera Ball Bearing Shutter Untested,Kodak,Vintage Cameras,,38.83,USD,"FIXED_PRICE,BEST_OFFER",11,0,as-is,US,wdcollectibles,100.0,2026-08-14T13:04:13.000Z,,https://www.ebay.com/itm/336742042625?hash=item4e6763cc01:g:hOoAAOSw5mpm0Hrj,https://i.ebayimg.com/images/g/hOoAAOSw5mpm0Hrj/s-l225.jpg
残件/按现状,43.0,"Kodak Retina Reflex IV 35mm Film Camera w/ 50mm Lens, Stuck Shutter, Rough Case",Kodak,Film Cameras,For parts or not working,38.87,USD,"FIXED_PRICE,BEST_OFFER",11,0,,US,drewletch-sales,100.0,2026-08-14T05:45:43.000Z,,https://www.ebay.com/itm/377417103348?hash=item57dfcff7f4:g:0sMAAeSwU79qflOw,https://i.ebayimg.com/images/g/0sMAAeSwU79qflOw/s-l225.jpg
打包杂件,43.0,"Vtg Kodak Brownie Camera Lot Baby, Reflex, Hawkeye Flash, Starmite Great Display",Kodak,Vintage Cameras,,39.95,USD,"FIXED_PRICE,BEST_OFFER",23,0,,US,jjjsn33dfulthings,99.8,2026-08-15T05:10:17.000Z,,https://www.ebay.com/itm/137623069956?hash=item200af96504:g:Q0QAAeSwR-FqdOtN,https://i.ebayimg.com/images/g/Q0QAAeSwR-FqdOtN/s-l225.jpg
残件/按现状,43.0,Kodak Brownie Turret f/2.3 8mm Movie Camera 3 Lens Vintage Untested,Kodak,Vintage Cameras,,39.99,USD,"FIXED_PRICE,BEST_OFFER",15,0,as-is,US,retrojohn,100.0,2026-08-14T22:55:09.000Z,,https://www.ebay.com/itm/407145346006?hash=item5ecbc0f3d6:g:47gAAeSw8vxqf4qN,https://i.ebayimg.com/images/g/47gAAeSw8vxqf4qN/s-l225.jpg
残件/按现状,43.0,Vintage Polaroid 450 Accordion Style Land Camera in Case UNTESTED,Polaroid,Vintage Cameras,,39.99,USD,"FIXED_PRICE,BEST_OFFER",9,0,as-is,US,iliquidate360,100.0,2026-08-14T21:32:12.000Z,,https://www.ebay.com/itm/318730936239?hash=item4a35d81faf:g:JZ4AAeSw-BBqf4lW,https://i.ebayimg.com/images/g/JZ4AAeSw-BBqf4lW/s-l225.jpg
残件/按现状,43.0,Panasonic Lumix DMC-TS30 16.1MP Waterproof Digital Camera w/Battery No Charger,Panasonic,Digital Cameras,For parts or not working,39.99,USD,"FIXED_PRICE,BEST_OFFER",10,0,underpriced(med 192),US,cozierosiecustoms,100.0,2026-08-14T13:23:19.000Z,,https://www.ebay.com/itm/366605339770?hash=item555b618c7a:g:rHEAAeSwU79qfxYV,https://i.ebayimg.com/images/g/rHEAAeSwU79qfxYV/s-l225.jpg
残件/按现状,43.0,- Vintage UNTESTED - Polaroid Land Camera Model J66,Polaroid,Vintage Cameras,,40.0,USD,"FIXED_PRICE,BEST_OFFER",10,0,as-is,US,essinkphotoandvideo,99.2,2026-08-14T14:44:50.000Z,,https://www.ebay.com/itm/336742199508?hash=item4e676630d4:g:TVsAAeSwDp1qfym8,https://i.ebayimg.com/images/g/TVsAAeSwDp1qfym8/s-l225.jpg
残件/按现状,43.0,Polaroid One600 Instant Camera Blue 100mm + Film Spectra Platinum Untested,Polaroid,Vintage Cameras,,40.0,USD,FIXED_PRICE,9,0,as-is,US,terrodr2,99.9,2026-08-14T11:47:29.000Z,,https://www.ebay.com/itm/377417801275?hash=item57dfda9e3b:g:O40AAOSwPDZmt~~y,https://i.ebayimg.com/images/g/O40AAOSwPDZmt~~y/s-l225.jpg
残件/按现状,43.0,VINTAGE Kodak XL342 Movie Camera CAT 110 1856 UNTESTED Beautiful Collection Add,Kodak,Vintage Cameras,,42.0,USD,"FIXED_PRICE,BEST_OFFER",22,0,as-is,US,thriftswiththrills,99.9,2026-08-14T08:57:23.000Z,,https://www.ebay.com/itm/318728252383?hash=item4a35af2bdf:g:iSoAAeSwpOxooWgr,https://i.ebayimg.com/images/g/iSoAAeSwpOxooWgr/s-l225.jpg
残件/按现状,43.0,Vintage 70s Camera Polaroid One Step Rainbow Stripe Land Camera White UNTESTED,Polaroid,Vintage Cameras,,43.0,USD,FIXED_PRICE,4,0,as-is,US,ben.cards_3,100.0,2026-08-14T18:07:23.000Z,,https://www.ebay.com/itm/398285769951?hash=item5cbbae8cdf:g:S50AAeSwm6tqf1jt,https://i.ebayimg.com/images/g/S50AAeSwm6tqf1jt/s-l225.jpg
残件/按现状,43.0,Kodak Duaflex 1947 Vintage TLR Film Camera Untested,Kodak,Vintage Cameras,,44.0,USD,FIXED_PRICE,10,0,as-is,US,2ndchanceeverything,99.5,2026-08-15T02:15:11.000Z,,https://www.ebay.com/itm/307127242204?hash=item478235cddc:g:SpIAAeSwB7tqf80z,https://i.ebayimg.com/images/g/SpIAAeSwB7tqf80z/s-l225.jpg
打包杂件,43.0,Polaroid Originals Polaroid Now I-Type Instant Camera - White PRD009027 Bundle,Polaroid,Film Cameras,Used,45.0,USD,FIXED_PRICE,4,0,,US,kuhse2005,99.8,2026-08-15T09:55:29.000Z,,https://www.ebay.com/itm/128027742235?hash=item1dcf0c501b:g:UeYAAeSwvgtqe03S,https://i.ebayimg.com/images/g/UeYAAeSwvgtqe03S/s-l225.jpg
残件/按现状,43.0,Vintage Kodak Instamatic X-15 Color Outfit Camera in Original Box Untested!,Kodak,Vintage Cameras,,45.0,USD,"FIXED_PRICE,BEST_OFFER",4,0,as-is,US,del919842,99.8,2026-08-14T13:56:19.000Z,,https://www.ebay.com/itm/147504601766?hash=item2257f59aa6:g:qN8AAeSwaYlqL0NU,https://i.ebayimg.com/images/g/qN8AAeSwaYlqL0NU/s-l225.jpg
残件/按现状,43.0,"Vintage Polaroid 210 Automatic Land Camera With Manual, Tri-Pod Untested As Is",Polaroid,Vintage Cameras,,46.19,USD,"FIXED_PRICE,BEST_OFFER",19,0,as-is,US,playcho,100.0,2026-08-14T23:47:39.000Z,,https://www.ebay.com/itm/237006543614?hash=item372eb0dafe:g:C~AAAeSwfn9qf6K6,https://i.ebayimg.com/images/g/C~AAAeSwfn9qf6K6/s-l225.jpg
残件/按现状,43.0,Vintage Agfa Isolette ii 120 Film Folding Camera 85mm F4.5 W/case Untested,Agfa,Film Cameras,Used,49.95,USD,FIXED_PRICE,10,0,as-is,US,henrydavid_777,100.0,2026-08-14T20:42:01.000Z,,https://www.ebay.com/itm/158188960593?hash=item24d4cbfb51:g:drMAAeSw5ctqf31l,https://i.ebayimg.com/images/g/drMAAeSw5ctqf31l/s-l225.jpg
打包杂件,43.0,Vtg Lot 4 Polaroid land camera & Case Flash The Button One Step Big Swinger,Polaroid,Vintage Cameras,,50.0,USD,"FIXED_PRICE,BEST_OFFER",8,0,,US,dejavintage-delights,99.4,2026-08-14T16:58:45.000Z,,https://www.ebay.com/itm/366605692471?hash=item555b66ee37:g:KA4AAeSwuEJpDM~T,https://i.ebayimg.com/images/g/KA4AAeSwuEJpDM~T/s-l225.jpg
残件/按现状,43.0,PANASONIC LUMIX DMC-FZ7 12X ZOOM 6MP DIGITAL BRIDGE CAMERA UNTESTED,Panasonic,Digital Cameras,Used,50.34,USD,"FIXED_PRICE,BEST_OFFER",9,0,as-is;underpriced(med 192),US,thefreebeestore,99.8,2026-08-14T14:49:15.000Z,,https://www.ebay.com/itm/117359245070?hash=item1b5327f70e:g:5p0AAOSwBvBn10LO,https://i.ebayimg.com/images/g/5p0AAOSwBvBn10LO/s-l225.jpg
残件/按现状,43.0,Polaroid Land Camera Model 180 w/Tominon 114mm f4.5 Lens *Inoperable #499,Polaroid,Film Cameras,For parts or not working,53.59,USD,"FIXED_PRICE,BEST_OFFER",5,0,,US,robertscamera,99.8,2026-08-14T14:20:50.000Z,,https://www.ebay.com/itm/206490805456?hash=item3013cfa4d0:g:4g4AAeSwbqVqfyQ9,https://i.ebayimg.com/images/g/4g4AAeSwbqVqfyQ9/s-l225.jpg
打包杂件,43.0,Polaroid Spectra System Vintage Instant Camera F112 w/ Lens Filters Cases Bundle,Polaroid,Vintage Cameras,,54.99,USD,"FIXED_PRICE,BEST_OFFER",13,0,,US,j.atlanmercantile,100.0,2026-08-14T13:39:35.000Z,,https://www.ebay.com/itm/366605376286?hash=item555b621b1e:g:J9cAAeSwBUdqfxYb,https://i.ebayimg.com/images/g/J9cAAeSwBUdqfxYb/s-l225.jpg
型号不明,43.0,Chinon CS film camera Case READ!,Chinon,Film Cameras,Used,55.0,USD,"FIXED_PRICE,BEST_OFFER",9,0,,US,shellyfett529,100.0,2026-08-14T17:54:33.000Z,,https://www.ebay.com/itm/398285690921?hash=item5cbbad5829:g:5~8AAeSwgIBqf1ZC,https://i.ebayimg.com/images/g/5~8AAeSwgIBqf1ZC/s-l225.jpg
打包杂件,43.0,Sony Mavica MVC-FD100 1.2MP Floppy Disk Digital Camera Bundle Tested Y2K Retro,Sony,Digital Cameras,Used,55.97,USD,"FIXED_PRICE,BEST_OFFER",13,0,underpriced(med 241),US,lakesidevintageshop,99.8,2026-08-14T14:05:15.000Z,,https://www.ebay.com/itm/147504612602?hash=item2257f5c4fa:g:oVoAAeSweu9qeccF,https://i.ebayimg.com/images/g/oVoAAeSweu9qeccF/s-l225.jpg
残件/按现状,43.0,Vintage Polaroid OneStep SX-70 Rainbow Camera TESTED + Focal 600 Flash AS-IS,Polaroid,Vintage Cameras,,59.99,USD,"FIXED_PRICE,BEST_OFFER",12,0,as-is,US,erwag-9579,99.8,2026-08-14T15:31:11.000Z,,https://www.ebay.com/itm/206490943576?hash=item3013d1c058:g:vEIAAeSwQGhqfzSt,https://i.ebayimg.com/images/g/vEIAAeSwQGhqfzSt/s-l225.jpg
残件/按现状,43.0,Vintage Canon Canovision 8 E350 Video Photo Camera Recorder UNTESTED NO BATTERY,Canon,Camcorders,Used,60.0,USD,"FIXED_PRICE,BEST_OFFER",10,0,as-is,US,zes_bargains,100.0,2026-08-15T13:30:34.000Z,,https://www.ebay.com/itm/800512743055?hash=itemba6247168f:g:jaEAAeSw3BxqgGmh,https://i.ebayimg.com/images/g/jaEAAeSw3BxqgGmh/s-l225.jpg
描述含糊,43.0,Canon ZR70MC Handheld MiniDV Silver 22x Optical 200x Remote Manual Disc See Pics,Canon,Camcorders,Used,60.0,USD,"FIXED_PRICE,BEST_OFFER",18,0,,US,lazy_susan,99.8,2026-08-15T08:32:18.000Z,,https://www.ebay.com/itm/206492660537?hash=item3013ebf339:g:NYEAAeSwO~1p-nut,https://i.ebayimg.com/images/g/NYEAAeSwO~1p-nut/s-l225.jpg
打包杂件,43.0,Canon DC210 DVD Camcorder with 35x Optical Zoom Bundle W/ Extra Battery + Discs,Canon,Camcorders,Used,60.0,USD,"FIXED_PRICE,BEST_OFFER",3,0,,US,kvenxm,100.0,2026-08-14T20:11:51.000Z,,https://www.ebay.com/itm/147505216947?hash=item2257fefdb3:g:4ZkAAeSwUp5qf3X1,https://i.ebayimg.com/images/g/4ZkAAeSwUp5qf3X1/s-l225.jpg
型号不明,43.0,Canon EF135mm F2.8 DSLR Lens From Japan Tested [Read Cond],Canon,Lenses,Used,180.0,USD,"FIXED_PRICE,BEST_OFFER",7,0,,JP,re-camera,99.8,2026-08-14T08:43:59.000Z,,https://www.ebay.com/itm/336741706489?hash=item4e675eaaf9:g:shgAAeSwXRhqftaA,https://i.ebayimg.com/images/g/shgAAeSwXRhqftaA/s-l225.jpg
残件/按现状,41.0,Vintage Canon EOS IXE APS SLR Film Camera TESTED!!! READ DESCRIPTION!!!,Canon,Film Cameras,Used,0.0,USD,AUCTION,9,0,auction,US,goodwillomaha,99.8,2026-08-15T09:55:20.000Z,2026-08-22T09:55:20.000Z,https://www.ebay.com/itm/278282453342?hash=item40caed415e:g:xwwAAeSw1bNqVnoP,https://i.ebayimg.com/images/g/xwwAAeSw1bNqVnoP/s-l225.jpg
残件/按现状,41.0,Fujifilm Instax Mini 90 Neo Classic Instant Film Camera Parts? - AS IS,Fujifilm,Film Cameras,For parts or not working,0.0,USD,AUCTION,3,0,as-is;auction,US,sneake_1621,99.8,2026-08-15T03:46:18.000Z,2026-08-16T03:46:18.000Z,https://www.ebay.com/itm/336743164900?hash=item4e6774ebe4:g:0X8AAeSwHiJqf-AE,https://i.ebayimg.com/images/g/0X8AAeSwHiJqf-AE/s-l225.jpg
残件/按现状,41.0,Stacking Kalimar Photo Case/Miranda SLR/50&28mm Lenses/283 Vivitar/VF3 Much More,Miranda,Film Cameras,For parts or not working,0.0,USD,AUCTION,22,0,auction,US,ammaafi,100.0,2026-08-15T00:32:43.000Z,2026-08-22T00:32:43.000Z,https://www.ebay.com/itm/398286731161?hash=item5cbbbd3799:g:uI8AAeSwQQxqf7HV,https://i.ebayimg.com/images/g/uI8AAeSwQQxqf7HV/s-l225.jpg
打包杂件,41.0,"Japan Ricoh KR-5 35mm Camera Lot, Camera, Case, Strap, Extra Lens, Hoya Filters",Ricoh,Film Cameras,Used,0.0,USD,AUCTION,12,0,auction,US,marcymommy,99.5,2026-08-14T21:22:04.000Z,2026-08-21T21:22:04.000Z,https://www.ebay.com/itm/128026990507?hash=item1dcf00d7ab:g:hOIAAeSw3lhqf4YU,https://i.ebayimg.com/images/g/hOIAAeSw3lhqf4YU/s-l225.jpg
残件/按现状;型号不明,41.0,Pentax ME SE film camera body (for parts or repair),Pentax,Film Cameras,Used,0.0,USD,"AUCTION,BEST_OFFER",9,0,as-is;auction,US,wegust-10,100.0,2026-08-14T21:00:01.000Z,2026-08-24T21:00:01.000Z,https://www.ebay.com/itm/336742549189?hash=item4e676b86c5:g:nnQAAeSwA9Fqf17t,https://i.ebayimg.com/images/g/nnQAAeSwA9Fqf17t/s-l225.jpg
打包杂件,41.0,Vintage Nikon Coolpix 4200 & 5200 Digital Camera Lot 2 Piece Silver,Nikon,Vintage Cameras,,0.0,USD,AUCTION,5,0,auction,US,goodwillsocalshop,99.7,2026-08-14T20:04:02.000Z,2026-08-21T20:04:02.000Z,https://www.ebay.com/itm/267757330150?hash=item3e57949ee6:g:BscAAeSwxkhqf3Tx,https://i.ebayimg.com/images/g/BscAAeSwxkhqf3Tx/s-l225.jpg
残件/按现状,41.0,Nikon FM2n film camera body black,Nikon,Film Cameras,For parts or not working,0.0,USD,AUCTION,8,0,auction,US,wegust-10,100.0,2026-08-14T19:00:01.000Z,2026-08-24T19:00:01.000Z,https://www.ebay.com/itm/336742345552?hash=item4e67686b50:g:4wsAAeSwBVhqfz~H,https://i.ebayimg.com/images/g/4wsAAeSwBVhqfz~H/s-l225.jpg
残件/按现状,41.0,Vintage ASAHI PENTAX Camera 1932224 Lens Meter Japan Takumar UNTESTED,Asahi,Vintage Cameras,,0.0,USD,AUCTION,15,0,as-is;auction,US,dorchesterhabitat,99.8,2026-08-14T15:43:51.000Z,2026-08-19T15:43:51.000Z,https://www.ebay.com/itm/800507824200?hash=itemba61fc0848:g:Hs0AAeSwPpdqcQ0L,https://i.ebayimg.com/images/g/Hs0AAeSwPpdqcQ0L/s-l225.jpg
残件/按现状,41.0,Exakta VX1000 35mm Film Camera With Travemat Prism NO LENS,Exakta,Film Cameras,For parts or not working,0.0,USD,"AUCTION,BEST_OFFER",15,0,auction,US,fm001,100.0,2026-08-14T10:41:40.000Z,2026-08-19T10:41:40.000Z,https://www.ebay.com/itm/147504292746?hash=item2257f0e38a:g:Sg4AAeSwBEtqV6gH,https://i.ebayimg.com/images/g/Sg4AAeSwBEtqV6gH/s-l225.jpg
打包杂件,41.0,Sony DCR-DVD108 Handycam Camcorder 40X Zoom Charger Case Bundle Tested-PLS READ,Sony,Camcorders,Used,62.99,USD,"FIXED_PRICE,BEST_OFFER",6,0,underpriced(med 160),US,theheirloomdistrict,100.0,2026-08-14T20:10:53.000Z,,https://www.ebay.com/itm/198571376592?hash=item2e3bc6bfd0:g:AM8AAeSwvmNqf3VX,https://i.ebayimg.com/images/g/AM8AAeSwvmNqf3VX/s-l225.jpg
残件/按现状,41.0,Sony 8MM EV-C8 VCR for PARTS REPAIR NONWORKING EV-C8U Video Cassette Player,Sony,Camcorders,For parts or not working,64.99,USD,FIXED_PRICE,3,0,as-is;underpriced(med 160),US,dmodeforlife,100.0,2026-08-14T08:29:09.000Z,,https://www.ebay.com/itm/168612893863?hash=item27421c94a7:g:AN8AAOSwDeVlclVX,https://i.ebayimg.com/images/g/AN8AAOSwDeVlclVX/s-l225.jpg
残件/按现状,41.0,Sony Handycam CCD-TRV41 Video8 Camcorder 15x/30x 3in LCD IS Gray,Sony,Camcorders,For parts or not working,70.0,USD,"FIXED_PRICE,BEST_OFFER",4,0,underpriced(med 160),US,untest67,100.0,2026-08-14T22:39:45.000Z,,https://www.ebay.com/itm/398286415202?hash=item5cbbb86562:g:1gEAAeSw2JtqaCP9,https://i.ebayimg.com/images/g/1gEAAeSw2JtqaCP9/s-l225.jpg
残件/按现状,41.0,"Sony V-3000 Camcorder Viewfinder, Please Read Description!",Sony,Camcorders,For parts or not working,71.99,USD,"FIXED_PRICE,BEST_OFFER",9,0,underpriced(med 160),US,iliquidate360,100.0,2026-08-14T12:04:53.000Z,,https://www.ebay.com/itm/318728853102?hash=item4a35b8566e:g:DZsAAeSwC-FqfwRj,https://i.ebayimg.com/images/g/DZsAAeSwC-FqfwRj/s-l225.jpg
型号不明,41.0,CANON Standard Zoom Lens Camera Lens Used From Japan,Canon,Lenses,Used,133.08,USD,"FIXED_PRICE,BEST_OFFER",5,0,low-feedback,JP,nissn_3,95.0,2026-08-15T00:08:11.000Z,,https://www.ebay.com/itm/366606264873?hash=item555b6faa29:g:e64AAeSwv-Jqf67d,https://i.ebayimg.com/images/g/e64AAeSwv-Jqf67d/s-l225.jpg
型号不明,41.0,CANON Standard Zoom Lens Camera Lens Used From Japan #3260813,Canon,Lenses,Used,133.08,USD,"FIXED_PRICE,BEST_OFFER",5,0,low-feedback,JP,nissn_3,95.0,2026-08-15T00:07:11.000Z,,https://www.ebay.com/itm/366606262993?hash=item555b6fa2d1:g:aw8AAeSwYPFqf63z,https://i.ebayimg.com/images/g/aw8AAeSwYPFqf63z/s-l225.jpg
打包杂件,41.0,"Minolta SRT 201 Camera Lot w/ Lenses, Bag TESTED & WORKS",Minolta,Film Cameras,Used,155.0,USD,"FIXED_PRICE,BEST_OFFER",11,0,,US,smazitty,98.7,2026-08-14T18:51:08.000Z,,https://www.ebay.com/itm/237006177272?hash=item372eab43f8:g:UCsAAeSwYEVqf2La,https://i.ebayimg.com/images/g/UCsAAeSwYEVqf2La/s-l225.jpg
打包杂件,41.0,Minolta Maxxum 7000 35mm Film Camera AF 50mm f1.7 Tokina 28-70mm Bundle *Tested*,Minolta,Film Cameras,Used,158.95,USD,"FIXED_PRICE,BEST_OFFER",18,0,,US,mikegoldman,100.0,2026-08-14T23:03:41.000Z,,https://www.ebay.com/itm/287525621690?hash=item42f1dccfba:g:zQEAAeSwFN5qf5uX,https://i.ebayimg.com/images/g/zQEAAeSwFN5qf5uX/s-l225.jpg
打包杂件,41.0,"Canon AL-1 QF Camera Bundle with 5 Lenses, Bag, Flash",Canon,Film Cameras,Used,170.0,USD,"FIXED_PRICE,BEST_OFFER",12,0,,US,emilmedin-3,100.0,2026-08-15T07:31:24.000Z,,https://www.ebay.com/itm/407146091559?hash=item5ecbcc5427:g:cvQAAeSwaJdqgBQl,https://i.ebayimg.com/images/g/cvQAAeSwaJdqgBQl/s-l225.jpg
打包杂件,41.0,"Minolta XG-1 35mm SLR Camera Bundle w/ 62mm Lens, Bag, Flash, Manuals, Filters",Minolta,Film Cameras,Used,175.0,USD,"FIXED_PRICE,BEST_OFFER",13,0,,US,smazitty,98.7,2026-08-14T14:07:04.000Z,,https://www.ebay.com/itm/237005695135?hash=item372ea3e89f:g:onkAAeSwXI1qfyCd,https://i.ebayimg.com/images/g/onkAAeSwXI1qfyCd/s-l225.jpg
型号不明,41.0,RICOH GW-3 0.75x Wide Conversion Lens with Hood & Adapter Set JP,Ricoh,Vintage Lenses,,189.9,USD,"FIXED_PRICE,BEST_OFFER",4,0,,JP,japan4ever,98.0,2026-08-14T14:43:36.000Z,,https://www.ebay.com/itm/158187985397?hash=item24d4bd19f5:g:A3UAAeSwDRtqfyna,https://i.ebayimg.com/images/g/A3UAAeSwDRtqfyna/s-l225.jpg
型号不明,41.0,Authentic CANON EF-S18-135/3.5-5.6IS STM #270-004-380-2828,Canon,Lenses,Used,194.46,USD,FIXED_PRICE,9,0,mount:canon ef,JP,komehyo,99.5,2026-08-14T23:12:17.000Z,,https://www.ebay.com/itm/407145365107?hash=item5ecbc13e73:g:7BIAAeSwsZdqf6DL,https://i.ebayimg.com/images/g/7BIAAeSwsZdqf6DL/s-l225.jpg
型号不明,41.0,Lens for NIKON S NIKKOR-Q 13.5CM F3.5 Used,Nikkor,Lenses,Used,204.65,USD,FIXED_PRICE,6,0,mount:nikon f,JP,hard-off-japan-in-au,99.2,2026-08-14T17:37:42.000Z,,https://www.ebay.com/itm/318730127832?hash=item4a35cbc9d8:g:INgAAeSwtAZqf3R4,https://i.ebayimg.com/images/g/INgAAeSwtAZqf3R4/s-l225.jpg
型号不明,41.0,NIKON LENS AI NIKKOR 28M f2.8 Used,Nikon,Lenses,Used,223.78,USD,FIXED_PRICE,2,0,mount:nikon f,JP,hard-off-japan-in-au,99.2,2026-08-14T17:37:38.000Z,,https://www.ebay.com/itm/318730127727?hash=item4a35cbc96f:g:UkEAAeSwaJdqf3U~,https://i.ebayimg.com/images/g/UkEAAeSwaJdqf3U~/s-l225.jpg
型号不明,41.0,[Unused /w] CANON Extender EF 1.4x II Tele-converter II for EOS EF From JAPAN,Canon,Lenses,Used,229.99,USD,FIXED_PRICE,9,0,mount:canon ef,JP,priority2007,100.0,2026-08-14T08:49:14.000Z,,https://www.ebay.com/itm/366604876288?hash=item555b5a7a00:g:M1QAAeSwFz1qfte8,https://i.ebayimg.com/images/g/M1QAAeSwFz1qfte8/s-l225.jpg
型号不明,41.0,Authentic CANON EF-S55-250/4-5.6IS STM #270-004-378-8948,Canon,Lenses,Used,231.67,USD,FIXED_PRICE,9,0,mount:canon ef,JP,komehyo,99.5,2026-08-14T23:08:37.000Z,,https://www.ebay.com/itm/407145360749?hash=item5ecbc12d6d:g:CZ8AAeSwRYJqf5~x,https://i.ebayimg.com/images/g/CZ8AAeSwRYJqf5~x/s-l225.jpg
残件/按现状;打包杂件,41.0,Vintage Nikon F 35mm & Lens Lot - Untested -As Pictured,Nikon,Lenses,Used,249.5,USD,"FIXED_PRICE,AUCTION",8,0,mount:nikon f;as-is;auction,US,rmblnwrk,100.0,2026-08-14T17:54:14.000Z,2026-08-21T17:54:14.000Z,https://www.ebay.com/itm/307126767771?hash=item47822e909b:g:xYgAAeSwtlZqf1H8,https://i.ebayimg.com/images/g/xYgAAeSwtlZqf1H8/s-l225.jpg
型号不明,41.0,W-Nikkor 3.5cm F3.5 LTM Good Condition Sample Photos,Nikkor,Lenses,Used,275.0,USD,"FIXED_PRICE,AUCTION",6,0,mount:ltm/l39;auction,US,ervang85,99.4,2026-08-14T16:06:11.000Z,2026-08-21T16:06:11.000Z,https://www.ebay.com/itm/298587941533?hash=item45853a6a9d:g:ucEAAeSwQ0Fqfztu,https://i.ebayimg.com/images/g/ucEAAeSwQ0Fqfztu/s-l225.jpg
残件/按现状;型号不明,41.0,CANON EF 28-70 F2.8 L USM With Problem Junk Used,Canon,Lenses,Used,300.3,USD,FIXED_PRICE,4,0,mount:canon ef;as-is,JP,hard-off-japan-in-au,99.2,2026-08-14T17:37:30.000Z,,https://www.ebay.com/itm/318730127479?hash=item4a35cbc877:g:M8gAAeSwMyRqf3TC,https://i.ebayimg.com/images/g/M8gAAeSwMyRqf3TC/s-l225.jpg
残件/按现状,41.0,CANON Wide Angle Zoom Lens EF 17-35MM f2.8 L Junk Used,Canon,Lenses,Used,300.3,USD,FIXED_PRICE,13,0,mount:canon ef;as-is,JP,hard-off-japan-in-au,99.2,2026-08-14T17:37:30.000Z,,https://www.ebay.com/itm/318730127495?hash=item4a35cbc887:g:9QwAAeSwyudqf3TJ,https://i.ebayimg.com/images/g/9QwAAeSwyudqf3TJ/s-l225.jpg
型号不明,41.0,CANON Extender EF 2x III Used,Canon,Lenses,Used,300.3,USD,FIXED_PRICE,7,0,mount:canon ef,JP,hard-off-japan-in-au,99.2,2026-08-14T17:37:30.000Z,,https://www.ebay.com/itm/318730127502?hash=item4a35cbc88e:g:NlkAAeSw-V9qf3Uw,https://i.ebayimg.com/images/g/NlkAAeSw-V9qf3Uw/s-l225.jpg
残件/按现状,41.0,Nikon NIKKOR 18mm f/3.5 SLR Camera Lens Junk From Japan F11501431,Nikon,Lenses,For parts or not working,307.51,USD,FIXED_PRICE,7,0,mount:nikon f;as-is,JP,manekineko-japan,98.4,2026-08-14T11:30:00.000Z,,https://www.ebay.com/itm/206490433459?hash=item3013c9f7b3:g:Kk0AAeSwThVqfvy9,https://i.ebayimg.com/images/g/Kk0AAeSwThVqfvy9/s-l225.jpg
型号不明,41.0,TAMRON SP70-300mmF4-5.6 Di VC USD (Model A005) for Canon EF -EXC- 5346,Tamron,Lenses,Used,339.19,USD,FIXED_PRICE,2,0,mount:canon ef;good-cond,JP,kitamura_camera,100.0,2026-08-14T15:27:18.000Z,,https://www.ebay.com/itm/820001736926?hash=itembeebe988de:g:jm8AAeSwNtZqfzSP,https://i.ebayimg.com/images/g/jm8AAeSwNtZqfzSP/s-l225.jpg
描述含糊,41.0,Fuji Instax Wide 300 Instant Film Camera Black Silver - WORKS - SEE PHOTOS,Fuji,Film Cameras,Used,371.0,USD,FIXED_PRICE,10,0,,US,sw3499164,100.0,2026-08-15T11:19:16.000Z,,https://www.ebay.com/itm/227476915393?hash=item34f6ae44c1:g:j8IAAeSw5glqgEf8,https://i.ebayimg.com/images/g/j8IAAeSw5glqgEf8/s-l225.jpg
型号不明,41.0,Fujifilm Fujinon XF56mm F1.2 R Mirrorless Lens From Japan Tested [Read Cond],Fujifilm,Lenses,Used,380.0,USD,"FIXED_PRICE,BEST_OFFER",7,0,mount:fuji x,JP,re-camera,99.8,2026-08-14T08:43:59.000Z,,https://www.ebay.com/itm/327309685947?hash=item4c352d74bb:g:Hi4AAeSwMbhqftXR,https://i.ebayimg.com/images/g/Hi4AAeSwMbhqftXR/s-l225.jpg
型号不明,41.0,Nikon Telephoto Zoom Lens Vr-nikkor 80-400 4.5-5.6d ED Used,Nikon,Lenses,Used,395.95,USD,FIXED_PRICE,10,0,mount:nikon f,JP,hard-off-japan-in-au,99.2,2026-08-14T17:37:16.000Z,,https://www.ebay.com/itm/318730127138?hash=item4a35cbc722:g:9u8AAeSwPoZqf3Ri,https://i.ebayimg.com/images/g/9u8AAeSwPoZqf3Ri/s-l225.jpg
残件/按现状,41.0,Yashica T4 35mm Film Camera w/35mm f3.5 Untested Kyocera,Yashica,Film Cameras,For parts or not working,395.99,USD,"FIXED_PRICE,BEST_OFFER",20,0,as-is,US,coachja-74,99.6,2026-08-15T01:41:13.000Z,,https://www.ebay.com/itm/407145582690?hash=item5ecbc49062:g:3L0AAeSwJ2dqf8Mz,https://i.ebayimg.com/images/g/3L0AAeSwJ2dqf8Mz/s-l225.jpg
型号不明,41.0,Nikon AF-S NIKKOR 35mmf1.8 G ED 656385,Nikon,Lenses,Used,397.5,USD,FIXED_PRICE,8,0,mount:nikon f,JP,digree_japan,99.7,2026-08-14T23:10:36.000Z,,https://www.ebay.com/itm/307127054579?hash=item478232f0f3:g:MT4AAeSw8Chqf6Gc,https://i.ebayimg.com/images/g/MT4AAeSw8Chqf6Gc/s-l225.jpg
型号不明,41.0,CANON EF-S35mm F2.8 Macro IS STM for Canon EF-S mount -Near Mint- 4529,Canon,Lenses,Used,462.3,USD,FIXED_PRICE,2,0,mount:canon ef;good-cond,JP,kitamura_camera,100.0,2026-08-14T15:27:18.000Z,,https://www.ebay.com/itm/820001736877?hash=itembeebe988ad:g:sSwAAeSwhyNqfzRT,https://i.ebayimg.com/images/g/sSwAAeSwhyNqfzRT/s-l225.jpg
型号不明,41.0,[MINT] Nikon Reflex Nikkor 1000mm F11 Telephoto Mirror MF Lens From JAPAN,Nikon,Lenses,Used,494.99,USD,FIXED_PRICE,23,0,mount:nikon f;good-cond,JP,miyako_camera_japan,100.0,2026-08-14T06:03:43.000Z,,https://www.ebay.com/itm/128025893682?hash=item1dcef01b32:g:x1QAAeSwqgRqfrA4,https://i.ebayimg.com/images/g/x1QAAeSwqgRqfrA4/s-l225.jpg
型号不明,41.0,CANON EF35mm F2 IS USM for Canon EF mount -Near Mint- 4238,Canon,Lenses,Used,530.81,USD,FIXED_PRICE,2,0,mount:canon ef;good-cond,JP,kitamura_camera,100.0,2026-08-14T15:27:18.000Z,,https://www.ebay.com/itm/820001736868?hash=itembeebe988a4:g:edsAAeSw7-lqfzSR,https://i.ebayimg.com/images/g/edsAAeSw7-lqfzSR/s-l225.jpg
型号不明,41.0,CANON EF200mm F2.8L II USM for Canon EF mount -EXC- 1835,Canon,Lenses,Used,555.8,USD,FIXED_PRICE,2,0,mount:canon ef;good-cond,JP,kitamura_camera,100.0,2026-08-14T06:57:40.000Z,,https://www.ebay.com/itm/820000172700?hash=itembeebd1aa9c:g:COQAAeSwa4FqfxQj,https://i.ebayimg.com/images/g/COQAAeSwa4FqfxQj/s-l225.jpg
型号不明,41.0,Canon Extender RF 1.4x -Near Mint- 0437,Canon,Lenses,Used,620.6,USD,FIXED_PRICE,2,0,mount:canon rf;good-cond,JP,kitamura_camera,100.0,2026-08-14T15:27:18.000Z,,https://www.ebay.com/itm/820001736863?hash=itembeebe9889f:g:F~0AAeSwoTxqfzUF,https://i.ebayimg.com/images/g/F~0AAeSwoTxqfzUF/s-l225.jpg
型号不明,41.0,CANON RF35mm F1.8 Macro IS STM for Canon RF mount -Mint- 9840,Canon,Lenses,Very Good - Refurbished,630.78,USD,FIXED_PRICE,2,0,mount:canon rf;good-cond,JP,kitamura_camera,100.0,2026-08-14T04:17:18.000Z,,https://www.ebay.com/itm/358924709936?hash=item5391947030:g:BvIAAeSw87Bqfp5o,https://i.ebayimg.com/images/g/BvIAAeSw87Bqfp5o/s-l225.jpg
型号不明,41.0,CANON RF35mm F1.8 Macro IS STM for Canon RF mount -Near Mint- 5263,Canon,Lenses,Used,634.48,USD,FIXED_PRICE,2,0,mount:canon rf;good-cond,JP,kitamura_camera,100.0,2026-08-14T15:27:18.000Z,,https://www.ebay.com/itm/820001736911?hash=itembeebe988cf:g:hGIAAeSwPTdqfzQX,https://i.ebayimg.com/images/g/hGIAAeSwPTdqfzQX/s-l225.jpg
型号不明,41.0,CANON RF35mm F1.8 Macro IS STM for Canon RF mount -Near Mint- 9150,Canon,Lenses,Used,634.48,USD,FIXED_PRICE,2,0,mount:canon rf;good-cond,JP,kitamura_camera,100.0,2026-08-14T15:27:18.000Z,,https://www.ebay.com/itm/820001736942?hash=itembeebe988ee:g:fIkAAeSwXI1qfzUJ,https://i.ebayimg.com/images/g/fIkAAeSwXI1qfzUJ/s-l225.jpg
型号不明,41.0,Canon Extender RF 1.4x -Near Mint- 8301,Canon,Lenses,Used,647.44,USD,FIXED_PRICE,2,0,mount:canon rf;good-cond,JP,kitamura_camera,100.0,2026-08-14T08:27:18.000Z,,https://www.ebay.com/itm/820000400756?hash=itembeebd52574:g:d-8AAeSwpAlqftc6,https://i.ebayimg.com/images/g/d-8AAeSwpAlqftc6/s-l225.jpg
型号不明,41.0,CANON EF135mm F2L USM for Canon EF mount from Japan -EXC- 0275,Canon,Lenses,Used,698.36,USD,FIXED_PRICE,2,0,mount:canon ef;good-cond,JP,kitamura_camera,100.0,2026-08-14T11:47:18.000Z,,https://www.ebay.com/itm/820000999904?hash=itembeebde49e0:g:QHYAAeSwqXxqfwmv,https://i.ebayimg.com/images/g/QHYAAeSwqXxqfwmv/s-l225.jpg
型号不明,41.0,CANON EF135mm F2L USM for Canon EF mount from Japan -EXC- 6567,Canon,Lenses,Used,698.36,USD,FIXED_PRICE,2,0,mount:canon ef;good-cond,JP,kitamura_camera,100.0,2026-08-14T09:08:14.000Z,,https://www.ebay.com/itm/820000543620?hash=itembeebd75384:g:udgAAeSwVnNqft2U,https://i.ebayimg.com/images/g/udgAAeSwVnNqft2U/s-l225.jpg
型号不明,41.0,CANON EF200mm F2.8L II USM for Canon EF mount -Near Mint- 7117,Canon,Lenses,Used,727.98,USD,FIXED_PRICE,2,0,mount:canon ef;good-cond,JP,kitamura_camera,100.0,2026-08-14T10:57:18.000Z,,https://www.ebay.com/itm/820000864071?hash=itembeebdc3747:g:7lsAAeSwQ0FqfvpO,https://i.ebayimg.com/images/g/7lsAAeSwQ0FqfvpO/s-l225.jpg
型号不明,41.0,FUJIFILM XF35mm F1.4 R for Fujifilm X mount from Japan -EXC- 9581,Fujifilm,Lenses,Used,731.68,USD,FIXED_PRICE,2,0,mount:fuji x;good-cond,JP,kitamura_camera,100.0,2026-08-14T15:27:18.000Z,,https://www.ebay.com/itm/820001736905?hash=itembeebe988c9:g:YcoAAeSwyedqfzQa,https://i.ebayimg.com/images/g/YcoAAeSwyedqfzQa/s-l225.jpg
型号不明,41.0,CANON EF35mm F1.4L USM for Canon EF mount -Near Mint- 2105,Canon,Lenses,Used,776.11,USD,FIXED_PRICE,2,0,mount:canon ef;good-cond,JP,kitamura_camera,100.0,2026-08-14T10:57:18.000Z,,https://www.ebay.com/itm/820000864073?hash=itembeebdc3749:g:vycAAeSwjZxqfvrP,https://i.ebayimg.com/images/g/vycAAeSwjZxqfvrP/s-l225.jpg
型号不明,41.0,FUJIFILM XF23mm F1.4 R LM WR for Fujifilm X mount -Near Mint- 8553,Fujifilm,Lenses,Very Good - Refurbished,795.55,USD,FIXED_PRICE,2,0,mount:fuji x;good-cond,JP,kitamura_camera,100.0,2026-08-14T04:17:18.000Z,,https://www.ebay.com/itm/358924709966?hash=item539194704e:g:T8MAAeSwT4dqfp7h,https://i.ebayimg.com/images/g/T8MAAeSwT4dqfp7h/s-l225.jpg
型号不明,41.0,CANON RF800mm F11 IS STM for Canon RF mount -Near Mint- 8522,Canon,Lenses,Very Good - Refurbished,854.8,USD,FIXED_PRICE,2,0,mount:canon rf;good-cond,JP,kitamura_camera,100.0,2026-08-14T04:17:18.000Z,,https://www.ebay.com/itm/358924709891?hash=item5391947003:g:VbsAAeSwdUJqfp5t,https://i.ebayimg.com/images/g/VbsAAeSwdUJqfp5t/s-l225.jpg
型号不明,41.0,FUJIFILM XF33mm F1.4 R LM WR for Fujifilm X mount -Near Mint- 8546,Fujifilm,Lenses,Very Good - Refurbished,860.35,USD,FIXED_PRICE,2,0,mount:fuji x;good-cond,JP,kitamura_camera,100.0,2026-08-14T04:17:18.000Z,,https://www.ebay.com/itm/358924709962?hash=item539194704a:g:WnYAAeSwXudqfp5q,https://i.ebayimg.com/images/g/WnYAAeSwXudqfp5q/s-l225.jpg
型号不明,41.0,FUJIFILM XF8mm F3.5 R WR for Fujifilm X mount -Mint- 6530,Fujifilm,Lenses,Used,918.67,USD,FIXED_PRICE,2,0,mount:fuji x;good-cond,JP,kitamura_camera,100.0,2026-08-14T10:37:18.000Z,,https://www.ebay.com/itm/820000793851?hash=itembeebdb24fb:g:oHoAAeSwFz1qfvpX,https://i.ebayimg.com/images/g/oHoAAeSwFz1qfvpX/s-l225.jpg
型号不明,41.0,FUJIFILM XF56mm F1.2 R WR for Fujifilm X mount -Mint- 2953,Fujifilm,Lenses,Used,1145.47,USD,FIXED_PRICE,2,0,mount:fuji x;good-cond,JP,kitamura_camera,100.0,2026-08-14T06:47:25.000Z,,https://www.ebay.com/itm/820000140317?hash=itembeebd12c1d:g:AB0AAeSwQ0FqfsJz,https://i.ebayimg.com/images/g/AB0AAeSwQ0FqfsJz/s-l225.jpg
型号不明,41.0,CANON RF135mm F1.8 L IS USM for Canon RF mount -Near Mint- 3436,Canon,Lenses,Used,2318.32,USD,FIXED_PRICE,2,0,mount:canon rf;good-cond,JP,kitamura_camera,100.0,2026-08-14T06:37:18.000Z,,https://www.ebay.com/itm/820000111899?hash=itembeebd0bd1b:g:ivIAAeSwBUdqfrrZ,https://i.ebayimg.com/images/g/ivIAAeSwBUdqfrrZ/s-l225.jpg
残件/按现状,40.0,Vintage Kodak Brownie 127 Camera Bakelite UK 1950s 127 Film Retro Prop Display,Kodak,Film Cameras,For parts or not working,29.9,USD,"FIXED_PRICE,BEST_OFFER",4,0,,PT,tiimetobeback,0.0,2026-08-14T14:47:46.000Z,,https://www.ebay.com/itm/168609606328?hash=item2741ea6ab8:g:45gAAeSwiiFqfS~W,https://i.ebayimg.com/images/g/45gAAeSwiiFqfS~W/s-l225.jpg
残件/按现状,40.0,Panasonic Lumix DMC-XS1 Digital Camera Selling for Parts,Panasonic,Digital Cameras,For parts or not working,33.85,USD,FIXED_PRICE,4,0,as-is;underpriced(med 192),GB,jonny04,100.0,2026-08-14T06:26:13.000Z,,https://www.ebay.com/itm/800505733528?hash=itemba61dc2198:g:YL8AAeSwwnxqWzwG,https://i.ebayimg.com/images/g/YL8AAeSwwnxqWzwG/s-l225.jpg
残件/按现状,40.0,Sony Cyber-shot DSC-P32 Digital Camera.,Sony,Digital Cameras,For parts or not working,35.42,USD,"FIXED_PRICE,BEST_OFFER",5,0,underpriced(med 241),AU,eme1807,100.0,2026-08-14T06:54:59.000Z,,https://www.ebay.com/itm/198570008332?hash=item2e3bb1df0c:g:SYUAAeSwTHhqfrpb,https://i.ebayimg.com/images/g/SYUAAeSwTHhqfrpb/s-l225.jpg
打包杂件,40.0,Kodak Instamatic X-35 Camera w/ Original Case + 4 Flash Units Bundle - CANADA,Kodak,Vintage Cameras,,36.03,USD,"FIXED_PRICE,BEST_OFFER",19,0,,CA,mychathamkent,99.2,2026-08-14T15:12:07.000Z,,https://www.ebay.com/itm/800507723231?hash=itemba61fa7ddf:g:DLcAAeSwisJp7sBs,https://i.ebayimg.com/images/g/DLcAAeSwisJp7sBs/s-l225.jpg
残件/按现状,40.0,Vintage Polaroid OneStep SX-70 Rainbow Stripe Camera Manual Case Untested,Polaroid,Vintage Cameras,,41.07,USD,"FIXED_PRICE,BEST_OFFER",12,0,as-is,CA,vintage-vault-kent,99.5,2026-08-14T14:39:32.000Z,,https://www.ebay.com/itm/377418258141?hash=item57dfe196dd:g:lHcAAeSwlhpqLZa3,https://i.ebayimg.com/images/g/lHcAAeSwlhpqLZa3/s-l225.jpg
残件/按现状,40.0,PETRI Lens 55mm F1.8 Junk Used,Petri,Lenses,Used,51.61,USD,FIXED_PRICE,3,0,55mm;as-is,JP,hard-off-japan-in-au,99.2,2026-08-14T17:37:47.000Z,,https://www.ebay.com/itm/318730127964?hash=item4a35cbca5c:g:1KIAAeSwUp5qf3Ql,https://i.ebayimg.com/images/g/1KIAAeSwUp5qf3Ql/s-l225.jpg
残件/按现状,40.0,Panasonic Lumix DMC-TZ31 14MP Digital Camera Red 20x Zoom Spares Or Repairs,Panasonic,Digital Cameras,For parts or not working,54.14,USD,"FIXED_PRICE,BEST_OFFER",18,0,underpriced(med 192),GB,southwestsourcing,99.9,2026-08-14T07:37:38.000Z,,https://www.ebay.com/itm/267756802675?hash=item3e578c9273:g:-KEAAeSwwSNqdfz-,https://i.ebayimg.com/images/g/-KEAAeSwwSNqdfz-/s-l225.jpg
型号不明,40.0,Black JUPITER 8 2/50 Soviet Lens for Leica Zorki FED and other M39 cameras,Zorki,Lenses,Used,137.0,USD,"FIXED_PRICE,BEST_OFFER",9,0,mount:ltm/l39,LV,gennadij46,100.0,2026-08-14T10:07:41.000Z,,https://www.ebay.com/itm/278279130836?hash=item40caba8ed4:g:DiYAAOSwLXZlDah9,https://i.ebayimg.com/images/g/DiYAAOSwLXZlDah9/s-l225.jpg
残件/按现状,39.0,Sony Handycam CCD‑TRV52 – 8mm Analog Camcorder – Untested – Vintage Video Camera,Sony,Camcorders,Used,45.99,USD,"FIXED_PRICE,BEST_OFFER",8,0,as-is;underpriced(med 160);low-feedback,US,robtobrb,96.6,2026-08-15T07:02:51.000Z,,https://www.ebay.com/itm/800511243157?hash=itemba62303395:g:BKwAAeSw46tqaX7k,https://i.ebayimg.com/images/g/BKwAAeSw46tqaX7k/s-l225.jpg
型号不明,39.0,TAMRON Wide Angle Single Focus Lens SP AF90MM F2.8 DI MACRO 1:1 Used,Tamron,Lenses,Used,109.0,USD,FIXED_PRICE,7,0,,JP,hard-off-japan-in-au,99.2,2026-08-14T17:37:47.000Z,,https://www.ebay.com/itm/318730127977?hash=item4a35cbca69:g:fdEAAeSwUZFqf3R0,https://i.ebayimg.com/images/g/fdEAAeSwUZFqf3R0/s-l225.jpg
型号不明,39.0,TAMRON Telephoto Zoom Lens AF28-3003.5-6.5 A601N Used,Tamron,Lenses,Used,109.0,USD,FIXED_PRICE,5,0,,JP,hard-off-japan-in-au,99.2,2026-08-14T12:27:27.000Z,,https://www.ebay.com/itm/318728950342?hash=item4a35b9d246:g:a80AAeSwfn9qf3eh,https://i.ebayimg.com/images/g/a80AAeSwfn9qf3eh/s-l225.jpg
打包杂件,39.0,"Canon VIXIA HF R700 HD Camcorder Bundle - Mint Condition, Never Used (NWOB)",Canon,Camcorders,Open box,130.0,USD,"FIXED_PRICE,BEST_OFFER",6,0,good-cond,US,honeyxharvest,100.0,2026-08-14T05:43:38.000Z,,https://www.ebay.com/itm/128025875596?hash=item1dceefd48c:g:xrIAAeSw5UJqfquF,https://i.ebayimg.com/images/g/xrIAAeSw5UJqfquF/s-l225.jpg
残件/按现状;打包杂件,38.0,Minolta 7000 35mm SLR Camera AF Zoom Lens Flash & Case Bundle (Untested),Minolta,Film Cameras,Used,0.0,USD,"AUCTION,BEST_OFFER",6,0,as-is;auction,CA,gees_collectibles,100.0,2026-08-14T12:52:44.000Z,2026-08-21T12:52:44.000Z,https://www.ebay.com/itm/178406247422?hash=item2989d74bfe:g:fvAAAeSwQGhqfw92,https://i.ebayimg.com/images/g/fvAAAeSwQGhqfw92/s-l225.jpg
残件/按现状,38.0,NIKON Camera Lens 55mm F:1.2 Junk Used,Nikon,Lenses,Used,252.47,USD,FIXED_PRICE,2,0,55mm;as-is,JP,hard-off-japan-in-au,99.2,2026-08-14T17:37:51.000Z,,https://www.ebay.com/itm/318730128090?hash=item4a35cbcada:g:aXwAAeSwcShqf3Sk,https://i.ebayimg.com/images/g/aXwAAeSwcShqf3Sk/s-l225.jpg
型号不明,38.0,Nikon Z Teleconverter TC-1.4x (#654) *USED*,Nikon,Lenses,Used,499.95,USD,"FIXED_PRICE,BEST_OFFER",0,0,grail:TC-1,US,usedcameragear,99.9,2026-08-14T14:03:10.000Z,,https://www.ebay.com/itm/147504610398?hash=item2257f5bc5e:g:GH4AAeSw9jhqfxG5,https://i.ebayimg.com/images/g/GH4AAeSw9jhqfxG5/s-l225.jpg
残件/按现状,37.0,NIKON AF-S NIKKOR 28-300mm F3.5-5.6G ED FOR RAPAIR or PARTS READ DESCRIPTION,Nikon,Lenses,For parts or not working,0.0,USD,"AUCTION,BEST_OFFER",8,0,mount:nikon f;auction,US,sterlingcasebox,99.6,2026-08-14T23:59:47.000Z,2026-08-19T23:59:47.000Z,https://www.ebay.com/itm/278281137206?hash=item40cad92c36:g:r2MAAeSwUcpqf6rI,https://i.ebayimg.com/images/g/r2MAAeSwUcpqf6rI/s-l225.jpg
残件/按现状,37.0,Canon EF 24-70mm f/2.8L USM Telephoto Lens,Canon,Lenses,For parts or not working,0.0,USD,AUCTION,8,0,mount:canon ef;auction,US,carl7787,100.0,2026-08-14T21:45:53.000Z,2026-08-21T21:45:53.000Z,https://www.ebay.com/itm/198571638650?hash=item2e3bcabf7a:g:Q1wAAeSwMbhqfkLa,https://i.ebayimg.com/images/g/Q1wAAeSwMbhqfkLa/s-l225.jpg
型号不明,37.0,Canon EF 1.4x III Extender for Canon EF Lens Used Excellent Condition,Canon,Lenses,Used,0.0,USD,AUCTION,10,0,mount:canon ef;auction,US,bozemancamera,100.0,2026-08-14T17:48:16.000Z,2026-08-21T17:48:16.000Z,https://www.ebay.com/itm/327310357152?hash=item4c3537b2a0:g:rFMAAeSwjapqDhg8,https://i.ebayimg.com/images/g/rFMAAeSwjapqDhg8/s-l225.jpg
型号不明,37.0,CANON EF 70-200/2.8L IS 4th Lens Group,Canon,Lenses,Used,0.0,USD,"AUCTION,BEST_OFFER",4,0,mount:canon ef;auction,US,digitalbargain2000,100.0,2026-08-14T16:38:55.000Z,2026-08-21T16:38:55.000Z,https://www.ebay.com/itm/198571083117?hash=item2e3bc2456d:g:d9QAAOSwcSlgNDIo,https://i.ebayimg.com/images/g/d9QAAOSwcSlgNDIo/s-l225.jpg
残件/按现状,37.0,Canon EF 100-400mm f/4.5-5.6L is usm Lens With Case AS IS,Canon,Lenses,For parts or not working,0.0,USD,AUCTION,21,0,mount:canon ef;as-is;auction,US,cumberlandgoodsamaritans931,99.6,2026-08-14T15:42:48.000Z,2026-08-21T15:42:48.000Z,https://www.ebay.com/itm/198570985773?hash=item2e3bc0c92d:g:khIAAeSwUulqfzBs,https://i.ebayimg.com/images/g/khIAAeSwUulqfzBs/s-l225.jpg
型号不明,37.0,Mint Condition Tamron 35-1500mm Lens.. Z Mount.,Tamron,Lenses,Used,0.0,USD,"AUCTION,BEST_OFFER",3,0,mount:nikon z;good-cond;auction,US,mcboy123,100.0,2026-08-14T15:21:00.000Z,2026-08-21T15:21:00.000Z,https://www.ebay.com/itm/227475819913?hash=item34f69d8d89:g:kK8AAeSwtH5qfzGy,https://i.ebayimg.com/images/g/kK8AAeSwtH5qfzGy/s-l225.jpg
残件/按现状;打包杂件,37.0,Canon ZR200 Mini Digital DV Camcorder Camera Bundle Works But... - PARTS REPAIR,Canon,Camcorders,For parts or not working,62.87,USD,"FIXED_PRICE,BEST_OFFER",14,0,,US,allstars-49,99.9,2026-08-15T13:36:10.000Z,,https://www.ebay.com/itm/336743859945?hash=item4e677f86e9:g:mMcAAeSwQI1p3-OE,https://i.ebayimg.com/images/g/mMcAAeSwQI1p3-OE/s-l225.jpg
残件/按现状,37.0,"Vintage Polaroid Land Camera 101 With Case, Flash, Paperwork As Is Parts Repair",Polaroid,Vintage Cameras,,64.79,USD,"FIXED_PRICE,BEST_OFFER",16,0,as-is,US,playcho,100.0,2026-08-14T23:47:42.000Z,,https://www.ebay.com/itm/237006543694?hash=item372eb0db4e:g:0soAAeSwCN1qf6LL,https://i.ebayimg.com/images/g/0soAAeSwCN1qf6LL/s-l225.jpg
残件/按现状,37.0,Vintage Cine-Kodak Eight Model 20 Camera Untested As Is Parts Or Repair,Kodak,Vintage Cameras,,66.99,USD,"FIXED_PRICE,BEST_OFFER",7,0,as-is,US,playcho,100.0,2026-08-14T23:47:52.000Z,,https://www.ebay.com/itm/336742911527?hash=item4e67710e27:g:isUAAeSwIGNqf6Lj,https://i.ebayimg.com/images/g/isUAAeSwIGNqf6Lj/s-l225.jpg
残件/按现状,37.0,Polaroid Instant Camera OneStep Land Camera Q-Light Flash Rainbow Stripe AS IS,Polaroid,Vintage Cameras,,67.49,USD,"FIXED_PRICE,BEST_OFFER",10,0,as-is,US,chezhofs,100.0,2026-08-15T00:38:23.000Z,,https://www.ebay.com/itm/227476371399?hash=item34f6a5f7c7:g:3GoAAeSw6QhqVt2D,https://i.ebayimg.com/images/g/3GoAAeSw6QhqVt2D/s-l225.jpg
残件/按现状,37.0,Canon ZR200 Mini DV Digital Video Camcorder,Canon,Camcorders,For parts or not working,68.99,USD,"FIXED_PRICE,BEST_OFFER",7,0,,US,g2g_liquidators,99.8,2026-08-14T14:13:26.000Z,,https://www.ebay.com/itm/287524849750?hash=item42f1d10856:g:GnAAAeSwuKZqfyJ~,https://i.ebayimg.com/images/g/GnAAAeSwuKZqfyJ~/s-l225.jpg
残件/按现状,37.0,Sony Cyber-shot DSC-W330 14.1MP Digital Camera - Working For Parts Read!!,Sony,Digital Cameras,For parts or not working,69.89,USD,FIXED_PRICE,6,0,as-is;underpriced(med 241),US,e-findsllc,99.8,2026-08-14T12:46:52.000Z,,https://www.ebay.com/itm/298587527995?hash=item4585341b3b:g:mGoAAeSwqgRqfw2s,https://i.ebayimg.com/images/g/mGoAAeSwqgRqfw2s/s-l225.jpg
打包杂件,37.0,Lot 2 3 Pack Boxes Kodak FunSaver Single Use Film Camera New Sealed NOS 2007,Kodak,Film Cameras,New,69.99,USD,"FIXED_PRICE,BEST_OFFER",5,0,,US,stephm143,99.9,2026-08-14T18:57:35.000Z,,https://www.ebay.com/itm/206491301429?hash=item3013d73635:g:dmMAAeSwinpqf2RL,https://i.ebayimg.com/images/g/dmMAAeSwinpqf2RL/s-l225.jpg
残件/按现状,37.0,Polaroid SX-70 Model 2 Land Camera AS-IS,Polaroid,Vintage Cameras,,69.99,USD,"FIXED_PRICE,BEST_OFFER",5,0,as-is,US,abrvin89,100.0,2026-08-14T18:11:29.000Z,,https://www.ebay.com/itm/318730286363?hash=item4a35ce351b:g:HacAAeSwOcNqf1mU,https://i.ebayimg.com/images/g/HacAAeSwOcNqf1mU/s-l225.jpg
残件/按现状,37.0,"Polaroid 440 Automatic Land Camera Gray Black Folding Bellows Manual ""UNTESTED """,Polaroid,Vintage Cameras,,69.99,USD,"FIXED_PRICE,BEST_OFFER",18,0,as-is,US,eskuincle,100.0,2026-08-14T15:30:20.000Z,,https://www.ebay.com/itm/168613615299?hash=item27422796c3:g:EncAAeSwyFxqBfGQ,https://i.ebayimg.com/images/g/EncAAeSwyFxqBfGQ/s-l225.jpg
残件/按现状,37.0,AS IS UNTESTED Canon GL2 3CCD MiniDV Digital Video Camcorder NTSC,Canon,Camcorders,For parts or not working,70.0,USD,FIXED_PRICE,11,0,as-is,US,pdxprinters,100.0,2026-08-14T23:21:30.000Z,,https://www.ebay.com/itm/267757455813?hash=item3e579689c5:g:hfwAAeSwhKZqf6Jl,https://i.ebayimg.com/images/g/hfwAAeSwhKZqf6Jl/s-l225.jpg
打包杂件,37.0,Polaroid Originals Color Instant Film for 600 and i-Type Cameras Bundle with ...,Polaroid,Vintage Cameras,,71.0,USD,FIXED_PRICE,5,0,,US,anma-8284,100.0,2026-08-15T04:01:29.000Z,,https://www.ebay.com/itm/377419647889?hash=item57dff6cb91:g:JC8AAeSwqylqf-SV,https://i.ebayimg.com/images/g/JC8AAeSwqylqf-SV/s-l225.jpg
残件/按现状;打包杂件,37.0,Lot Folding Pocket No 3-A Model C Eastman Kodak & Polaroid 440 Land Camera AS-IS,Kodak,Film Cameras,For parts or not working,72.75,USD,"FIXED_PRICE,BEST_OFFER",20,0,as-is,US,life.transitions,99.9,2026-08-15T11:39:39.000Z,,https://www.ebay.com/itm/377420416745?hash=item57e00286e9:g:TrsAAeSwr9dqBwyA,https://i.ebayimg.com/images/g/TrsAAeSwr9dqBwyA/s-l225.jpg
残件/按现状,37.0,Kodak Retina Reflex III Camera Schneider 50mm F1.9 Lens Case Untested READ,Kodak,Vintage Cameras,,74.99,USD,"FIXED_PRICE,BEST_OFFER",7,0,as-is,US,kozisvyat1,98.9,2026-08-14T22:16:37.000Z,,https://www.ebay.com/itm/158189188485?hash=item24d4cf7585:g:iAYAAeSws3Nqf5M4,https://i.ebayimg.com/images/g/iAYAAeSws3Nqf5M4/s-l225.jpg
残件/按现状,37.0,Polaroid SX-70 Land Camera Folding SLR Instant Film Leather Case UNTESTED,Polaroid,Film Cameras,Used,75.0,USD,"FIXED_PRICE,BEST_OFFER",6,0,as-is,US,bcgw-63,100.0,2026-08-15T13:37:53.000Z,,https://www.ebay.com/itm/820005678458?hash=itembeec25ad7a:g:ozsAAeSwXudqgGuw,https://i.ebayimg.com/images/g/ozsAAeSwXudqgGuw/s-l225.jpg
残件/按现状,37.0,KODAK Retinette 1A 35mm Film Camera Original Case & Film Holders /UNTESTED,Kodak,Vintage Cameras,,75.0,USD,"FIXED_PRICE,BEST_OFFER",9,0,as-is,US,a2ndchancetreasure,99.7,2026-08-15T03:59:29.000Z,,https://www.ebay.com/itm/257681207194?hash=item3bfeff2f9a:g:~UkAAeSwtBlqf-PK,https://i.ebayimg.com/images/g/~UkAAeSwtBlqf-PK/s-l225.jpg
残件/按现状,37.0,Vintage Polaroid SX-70 Land Camera Model 2 Ivory Brown Parts Repair Case,Polaroid,Vintage Cameras,,79.0,USD,"FIXED_PRICE,BEST_OFFER",22,0,,US,jocdan74,100.0,2026-08-15T03:18:34.000Z,,https://www.ebay.com/itm/287525948293?hash=item42f1e1cb85:g:ZmEAAeSw4qpqf4ej,https://i.ebayimg.com/images/g/ZmEAAeSw4qpqf4ej/s-l225.jpg
残件/按现状,37.0,Polaroid SX-70 Land Camera For PARTS Or REPAIR - Film Door Won't Close,Polaroid,Vintage Cameras,,79.98,USD,"FIXED_PRICE,BEST_OFFER",13,0,as-is,US,jsrd20,98.4,2026-08-14T23:54:40.000Z,,https://www.ebay.com/itm/227476319592?hash=item34f6a52d68:g:vqwAAeSwBclqf6pB,https://i.ebayimg.com/images/g/vqwAAeSwBclqf6pB/s-l225.jpg
残件/按现状,37.0,CANON VCL-713BX (1995) 13x Macro TV Zoom Lens 7.5-97.5mm f/1.4 - Untested,Canon,Camcorders,Used,79.99,USD,"FIXED_PRICE,BEST_OFFER",9,0,as-is,US,beyondcontent,100.0,2026-08-14T20:10:47.000Z,,https://www.ebay.com/itm/128026917242?hash=item1dceffb97a:g:78YAAeSwDp1qf3XL,https://i.ebayimg.com/images/g/78YAAeSwDp1qf3XL/s-l225.jpg
残件/按现状;打包杂件,37.0,Vintage Polaroid Instant Film Cameras One Step 600 AS IS UNTESTED Lot of 5,Polaroid,Vintage Cameras,,80.0,USD,"FIXED_PRICE,BEST_OFFER",3,0,as-is,US,faz1234,99.7,2026-08-14T17:26:05.000Z,,https://www.ebay.com/itm/257680371174?hash=item3bfef26de6:g:nUUAAeSwJtNqfqdo,https://i.ebayimg.com/images/g/nUUAAeSwJtNqfqdo/s-l225.jpg
残件/按现状,37.0,Vintage Polaroid Land Camera Automatic 100 Untested As Is Parts Or Repair,Polaroid,Vintage Cameras,,82.81,USD,"FIXED_PRICE,BEST_OFFER",9,0,as-is,US,playcho,100.0,2026-08-14T23:47:49.000Z,,https://www.ebay.com/itm/237006543848?hash=item372eb0dbe8:g:PXYAAeSwyudqf6Lh,https://i.ebayimg.com/images/g/PXYAAeSwyudqf6Lh/s-l225.jpg
残件/按现状;打包杂件,37.0,Vintage Polaroid Cameras Lot Of 5 Untested Come As Is Fast Shipping,Polaroid,Vintage Cameras,,85.0,USD,FIXED_PRICE,10,0,as-is,US,raccthecat,99.7,2026-08-15T12:44:47.000Z,,https://www.ebay.com/itm/398288723321?hash=item5cbbdb9d79:g:IcMAAeSwhrBqgF6L,https://i.ebayimg.com/images/g/IcMAAeSwhrBqgF6L/s-l225.jpg
打包杂件,37.0,Samsung WB1100F Camera + Sony Carry Bag 35x Zoom WiFi Tested Works Red Bundle,Sony,Digital Cameras,Used,89.99,USD,"FIXED_PRICE,BEST_OFFER",12,0,underpriced(med 241),US,theheirloomdistrict,100.0,2026-08-14T07:22:16.000Z,,https://www.ebay.com/itm/198570047307?hash=item2e3bb2774b:g:Kz8AAeSwdhFqcdvq,https://i.ebayimg.com/images/g/Kz8AAeSwdhFqcdvq/s-l225.jpg
残件/按现状,37.0,Panasonic AG-180 VHS Reporter Camcorder AG-HT4 Case Accessories Parts Repair,Panasonic,Vintage Cameras,,99.99,USD,"FIXED_PRICE,BEST_OFFER",22,0,,US,aidastoneham-stei-0,100.0,2026-08-15T07:00:01.000Z,,https://www.ebay.com/itm/178404372257?hash=item2989baaf21:g:CQwAAeSwA9FqfkqR,https://i.ebayimg.com/images/g/CQwAAeSwA9FqfkqR/s-l225.jpg
残件/按现状,37.0,Kodak Retina IIIc 35mm Rangefinder Camera Schneider Xenon 50mm f/2 Case Untested,Kodak,Vintage Cameras,,104.99,USD,"FIXED_PRICE,BEST_OFFER",7,0,as-is,US,kozisvyat1,98.9,2026-08-14T22:00:26.000Z,,https://www.ebay.com/itm/158189142379?hash=item24d4cec16b:g:pq8AAeSwCclqf47Z,https://i.ebayimg.com/images/g/pq8AAeSwCclqf47Z/s-l225.jpg
打包杂件,37.0,"Polaroid Camera Lot OneStep Rainbow SX-70, CloseUp 600, Flash, Manual One Owner",Polaroid,Vintage Cameras,,114.99,USD,"FIXED_PRICE,BEST_OFFER",23,0,,US,thebottomlessbygonebasement,100.0,2026-08-15T06:20:15.000Z,,https://www.ebay.com/itm/307127481277?hash=item47823973bd:g:qusAAeSwMwFqgAQ-,https://i.ebayimg.com/images/g/qusAAeSwMwFqgAQ-/s-l225.jpg
残件/按现状,37.0,Defective Fujifilm FUJI FILM Digital Camera FinePix F11 Silver Made In Japan Use,Fujifilm,Digital Cameras,Used,124.25,USD,"FIXED_PRICE,BEST_OFFER",11,0,as-is,JP,tanigawa-shokai4,100.0,2026-08-14T10:58:04.000Z,,https://www.ebay.com/itm/178406005136?hash=item2989d39990:g:TB0AAeSwk-9qfvV3,https://i.ebayimg.com/images/g/TB0AAeSwk-9qfvV3/s-l225.jpg
残件/按现状,37.0,"Vintage Polaroid SX-70 Land Camera Sonar OneStep, instant camera. UNTESTED",Polaroid,Vintage Cameras,,125.0,USD,FIXED_PRICE,10,0,as-is,US,libbysave,100.0,2026-08-15T02:34:07.000Z,,https://www.ebay.com/itm/168614692827?hash=item27423807db:g:gYkAAeSw~bxqf8ym,https://i.ebayimg.com/images/g/gYkAAeSw~bxqf8ym/s-l225.jpg
残件/按现状,37.0,For parts or repair powered OLYMPUS 35 DC ZGV47 From Japan,Olympus,Digital Cameras,Used,126.39,USD,"FIXED_PRICE,BEST_OFFER",10,0,as-is,JP,tanigawa-shokai4,100.0,2026-08-14T10:58:05.000Z,,https://www.ebay.com/itm/178406005316?hash=item2989d39a44:g:x6IAAeSwT4dqfvXs,https://i.ebayimg.com/images/g/x6IAAeSwT4dqfvXs/s-l225.jpg
型号不明,37.0,Super excellent condition COOLPIX S30 blue digital camera Nikon digital camera b,Nikon,Digital Cameras,Used,137.08,USD,"FIXED_PRICE,BEST_OFFER",2,0,,JP,tanigawa-shokai4,100.0,2026-08-14T10:58:04.000Z,,https://www.ebay.com/itm/178406005238?hash=item2989d399f6:g:veYAAeSwseNqfvXr,https://i.ebayimg.com/images/g/veYAAeSwseNqfvXr/s-l225.jpg
残件/按现状,37.0,Vintage Polaroid Land Camera Model 95 Untested Amazing Old Camera!,Polaroid,Vintage Cameras,,139.96,USD,"FIXED_PRICE,BEST_OFFER",13,0,as-is,US,sweetprice110,100.0,2026-08-14T04:18:00.000Z,,https://www.ebay.com/itm/206489664267?hash=item3013be3b0b:g:IB4AAeSww5NqfpYi,https://i.ebayimg.com/images/g/IB4AAeSww5NqfpYi/s-l225.jpg
型号不明,37.0,FREEWELL 1.5X TELEPHOTO LENS COMPATIBLE WITH FUJI X100VI X100V – - FW-FU-XTP,Fuji,Lenses,Used,141.2,USD,"FIXED_PRICE,BEST_OFFER",3,0,,US,zoematech,99.5,2026-08-15T01:01:04.000Z,,https://www.ebay.com/itm/137622487549?hash=item200af081fd:g:gLIAAeSwocpqf9a4,https://i.ebayimg.com/images/g/gLIAAeSwocpqf9a4/s-l225.jpg
型号不明,37.0,FREEWELL 1.5X TELEPHOTO LENS COMPATIBLE WITH FUJI X100VI X100V – SILVER,Fuji,Lenses,Open box,142.63,USD,"FIXED_PRICE,BEST_OFFER",3,0,,US,retail_king,99.2,2026-08-14T23:06:53.000Z,,https://www.ebay.com/itm/168614357023?hash=item274232e81f:g:iysAAeSwThVqf622,https://i.ebayimg.com/images/g/iysAAeSwThVqf622/s-l225.jpg
型号不明,37.0,Smartphone transfer compatible PENTAX Digital Camera K m with SD card and other,Pentax,Digital Cameras,Used,145.63,USD,"FIXED_PRICE,BEST_OFFER",14,0,,JP,tanigawa-shokai4,100.0,2026-08-14T10:58:06.000Z,,https://www.ebay.com/itm/178406005397?hash=item2989d39a95:g:imEAAeSwn~xqfvU~,https://i.ebayimg.com/images/g/imEAAeSwn~xqfvU~/s-l225.jpg
打包杂件,37.0,BUNDLE: Yongnuo 35mm F/1.8 And 50mm F/1.8 Prime Lenses For Nikon APSC Z MOUNT,Nikon,Lenses,Used,180.0,USD,FIXED_PRICE,7,0,mount:nikon z,US,osval-9269,100.0,2026-08-14T23:37:49.000Z,,https://www.ebay.com/itm/158189371383?hash=item24d4d23ff7:g:YYwAAeSwMwFqf6Yy,https://i.ebayimg.com/images/g/YYwAAeSwMwFqf6Yy/s-l225.jpg
残件/按现状,37.0,"Nikon Nikkor AF-S 70-200mm f4 G VR ED IF Lens AFS, Inoperable #783",Nikon,Lenses,For parts or not working,190.98,USD,"FIXED_PRICE,BEST_OFFER",8,0,mount:nikon f,US,robertscamera,99.8,2026-08-14T23:25:22.000Z,,https://www.ebay.com/itm/147505465085?hash=item225802c6fd:g:3RgAAeSwy0Vqf6Pb,https://i.ebayimg.com/images/g/3RgAAeSwy0Vqf6Pb/s-l225.jpg
残件/按现状,37.0,Canon EF 70-200mm f/4 Telephoto Lens - FOR PARTS or YOU REPAIR ON YOUR OWN,Canon,Lenses,For parts or not working,200.0,USD,FIXED_PRICE,3,0,mount:canon ef;as-is,US,jomor359417,100.0,2026-08-14T05:49:28.000Z,,https://www.ebay.com/itm/198569882734?hash=item2e3baff46e:g:ozUAAeSwiodqfqrr,https://i.ebayimg.com/images/g/ozUAAeSwiodqfqrr/s-l225.jpg
残件/按现状,37.0,"Canon EF 24-105mm f4 L IS USM Lens, Inoperable #023",Canon,Lenses,For parts or not working,206.75,USD,"FIXED_PRICE,BEST_OFFER",6,0,mount:canon ef,US,robertscamera,99.8,2026-08-15T00:39:09.000Z,,https://www.ebay.com/itm/206491876894?hash=item3013dffe1e:g:xLUAAeSw8TRqf7Uo,https://i.ebayimg.com/images/g/xLUAAeSw8TRqf7Uo/s-l225.jpg
残件/按现状,37.0,"Nikon Nikkor AF-S 70-200mm f2.8 G ED VR IF AFS. No Tripod Mount, Inoperable #097",Nikon,Lenses,For parts or not working,210.77,USD,"FIXED_PRICE,BEST_OFFER",6,0,mount:nikon f,US,robertscamera,99.8,2026-08-14T22:58:36.000Z,,https://www.ebay.com/itm/407145349131?hash=item5ecbc1000b:g:5FUAAeSwwSNqf52W,https://i.ebayimg.com/images/g/5FUAAeSwwSNqf52W/s-l225.jpg
型号不明,37.0,FUJIFILM Instant Camera Film Camera Used from Japan #6260812,Fujifilm,Film Cameras,Used,211.29,USD,"FIXED_PRICE,BEST_OFFER",7,0,low-feedback,JP,nissn_3,95.0,2026-08-15T05:16:53.000Z,,https://www.ebay.com/itm/366606671478?hash=item555b75de76:g:l~wAAeSwEx9qf~b~,https://i.ebayimg.com/images/g/l~wAAeSwEx9qf~b~/s-l225.jpg
型号不明,37.0,Nikon Nikkor-H.C 5cm f2 Nippon Kogaku S Rangefinder Lens,Nikon,Lenses,Used,225.0,USD,"FIXED_PRICE,BEST_OFFER",4,0,mount:nikon f,US,abc_collectiblesl,99.6,2026-08-14T22:44:30.000Z,,https://www.ebay.com/itm/398286419736?hash=item5cbbb87718:g:V-oAAeSwxkhqf5do,https://i.ebayimg.com/images/g/V-oAAeSwxkhqf5do/s-l225.jpg
型号不明,37.0,Fujifilm XF 1.4x TC WR Teleconverter X Mount #354,Fujifilm,Lenses,Very Good - Refurbished,307.55,USD,"FIXED_PRICE,BEST_OFFER",6,0,mount:fuji x,US,robertscamera,99.8,2026-08-14T23:54:42.000Z,,https://www.ebay.com/itm/407145411751?hash=item5ecbc1f4a7:g:avQAAeSwRT9qf6q9,https://i.ebayimg.com/images/g/avQAAeSwRT9qf6q9/s-l225.jpg
型号不明,37.0,FUJIFILM Instant Camera Film Camera Used from Japan,Fujifilm,Film Cameras,Used,326.0,USD,"FIXED_PRICE,BEST_OFFER",7,0,low-feedback,JP,nissn_3,95.0,2026-08-15T05:17:35.000Z,,https://www.ebay.com/itm/366606671838?hash=item555b75dfde:g:pgAAAeSwMjhqf~cl,https://i.ebayimg.com/images/g/pgAAAeSwMjhqf~cl/s-l225.jpg
型号不明,37.0,Fujifilm Fujinon XF23mmF2 R WR Aspherical Autofocus Lens Fujifilm,Fujifilm,Lenses,Used,360.0,USD,"FIXED_PRICE,BEST_OFFER",3,0,mount:fuji x,US,observetyl,100.0,2026-08-14T18:06:06.000Z,,https://www.ebay.com/itm/137621352412?hash=item200adf2fdc:g:~I4AAeSwbspqf1jT,https://i.ebayimg.com/images/g/~I4AAeSwbspqf1jT/s-l225.jpg
型号不明,37.0,Canon Extender RF 1.4x Teleconverter for RF Mount Lens [Near Mint],Canon,Lenses,Used,450.0,USD,"FIXED_PRICE,BEST_OFFER",1,0,mount:canon rf;good-cond,US,salvyperez,100.0,2026-08-14T21:24:53.000Z,,https://www.ebay.com/itm/800509024586?hash=itemba620e594a:g:yq8AAeSwJ2dqf4dU,https://i.ebayimg.com/images/g/yq8AAeSwJ2dqf4dU/s-l225.jpg
型号不明,37.0,Leica R Cinevised (EF) 5 Lens Set Late 70s~80s,Leica,Lenses,Used,3499.99,USD,"FIXED_PRICE,BEST_OFFER",20,0,mount:canon ef,US,kyoto1981,100.0,2026-08-14T18:40:35.000Z,,https://www.ebay.com/itm/278280449229?hash=item40caceaccd:g:fz4AAeSw8TRqf2BX,https://i.ebayimg.com/images/g/fz4AAeSw8TRqf2BX/s-l225.jpg
打包杂件,36.0,Canon EOS Rebel T6 18.1MP Digital SLR Camera With EF-S 18-55mm IS Lens Bundle,Canon,Digital Cameras,Used,199.99,USD,FIXED_PRICE,15,0,mount:canon ef;55mm,US,nycamprince,99.8,2026-08-14T16:10:13.000Z,,https://www.ebay.com/itm/128026651042?hash=item1dcefba9a2:g:MLsAAeSwSG9qfz3L,https://i.ebayimg.com/images/g/MLsAAeSwSG9qfz3L/s-l225.jpg
型号不明,35.0,Read![Near MINT] Kyocera LYNX 90 Point & Shoot Black 35mm Film Camera From JAPAN,,Film Cameras,Used,29.99,USD,FIXED_PRICE,17,0,good-cond,JP,taknis-78,100.0,2026-08-15T08:54:32.000Z,,https://www.ebay.com/itm/336743488847?hash=item4e6779dd4f:g:4LUAAeSw-V9qgCs5,https://i.ebayimg.com/images/g/4LUAAeSw-V9qgCs5/s-l225.jpg
型号不明,35.0,[N MINT] BIG mini SUPER COMPACT ZOOM 35-70mm BM-410Z 35mm Film Camera From JAPAN,,Film Cameras,Used,42.99,USD,FIXED_PRICE,21,0,good-cond,JP,dartsl_0,100.0,2026-08-14T14:47:47.000Z,,https://www.ebay.com/itm/366605490891?hash=item555b63dacb:g:DgcAAeSw3C1qfylM,https://i.ebayimg.com/images/g/DgcAAeSw3C1qfylM/s-l225.jpg
型号不明,35.0,**Exc+++++** Vintage SANRIO Hello Kitty Red 35mm Film Camera From Japan J0026,,Film Cameras,Used,49.99,USD,FIXED_PRICE,10,0,good-cond,JP,japan_super-sales,98.9,2026-08-14T08:08:07.000Z,,https://www.ebay.com/itm/227475310189?hash=item34f695c66d:g:kIgAAeSwmZtpZ7ZA,https://i.ebayimg.com/images/g/kIgAAeSwmZtpZ7ZA/s-l225.jpg
残件/按现状,35.0,​Canon VIXIA HF10 HD Camcorder 16GB Dual Flash - Powers On / Tested Working AS-I,Canon,Camcorders,For parts or not working,60.0,USD,"FIXED_PRICE,BEST_OFFER",9,0,low-feedback,US,betterworldfdn,94.1,2026-08-15T07:16:20.000Z,,https://www.ebay.com/itm/137623383753?hash=item200afe2ec9:g:3dwAAeSw1KtqgBH0,https://i.ebayimg.com/images/g/3dwAAeSw1KtqgBH0/s-l225.jpg
型号不明,35.0,[MINT] Yongnuo EF 35mm f/2 From JAPAN,,Film Cameras,Used,119.99,USD,FIXED_PRICE,21,0,mount:canon ef;good-cond,JP,irodori-92,100.0,2026-08-15T04:06:04.000Z,,https://www.ebay.com/itm/377419652528?hash=item57dff6ddb0:g:ZIYAAeSwyRFqf-Xr,https://i.ebayimg.com/images/g/ZIYAAeSwyRFqf-Xr/s-l225.jpg
残件/按现状,35.0,PENTAX Single Focus Lens PENTAX-M F2.8 40MM Junk Used,Pentax,Lenses,Used,156.83,USD,FIXED_PRICE,5,0,as-is,JP,hard-off-japan-in-au,99.2,2026-08-14T17:37:42.000Z,,https://www.ebay.com/itm/318730127846?hash=item4a35cbc9e6:g:LG8AAeSwY5dqf3UT,https://i.ebayimg.com/images/g/LG8AAeSwY5dqf3UT/s-l225.jpg
残件/按现状,35.0,FED Camera Lens INDUSTAR-61 53mm f2.8 Junk Used,Fed,Lenses,Used,156.83,USD,FIXED_PRICE,4,0,as-is,JP,hard-off-japan-in-au,99.2,2026-08-14T17:37:30.000Z,,https://www.ebay.com/itm/318730127494?hash=item4a35cbc886:g:aOwAAeSwUrdqf3S1,https://i.ebayimg.com/images/g/aOwAAeSwUrdqf3S1/s-l225.jpg
型号不明,35.0,Authentic NIKON AF85/1.8 #270-004-377-6938,Nikon,Lenses,Used,179.58,USD,FIXED_PRICE,9,0,,JP,komehyo,99.5,2026-08-14T23:01:37.000Z,,https://www.ebay.com/itm/298588717325?hash=item458546410d:g:6IAAAeSwCGNqf55M,https://i.ebayimg.com/images/g/6IAAAeSwCGNqf55M/s-l225.jpg
型号不明,35.0,Authentic CANON EF50/1.4USM #260-007-532-4087,Canon,Lenses,Used,194.46,USD,FIXED_PRICE,9,0,,JP,komehyo,99.5,2026-08-14T23:10:43.000Z,,https://www.ebay.com/itm/298588741089?hash=item4585469de1:g:BjoAAeSw8fdqf6Bv,https://i.ebayimg.com/images/g/BjoAAeSw8fdqf6Bv/s-l225.jpg
型号不明,35.0,Authentic OLYMPUS ZD ED8/3.5FISHEYE #270-004-378-9013,Olympus,Lenses,Used,194.46,USD,FIXED_PRICE,9,0,,JP,komehyo,99.5,2026-08-14T23:07:58.000Z,,https://www.ebay.com/itm/178407695167?hash=item2989ed633f:g:CZUAAeSwiX5qf5~J,https://i.ebayimg.com/images/g/CZUAAeSwiX5qf5~J/s-l225.jpg
型号不明,35.0,Authentic CANON EF20/2.8 #270-004-377-6709,Canon,Lenses,Used,194.46,USD,FIXED_PRICE,9,0,,JP,komehyo,99.5,2026-08-14T23:06:00.000Z,,https://www.ebay.com/itm/407145357500?hash=item5ecbc120bc:g:HKcAAeSwE-hqf59T,https://i.ebayimg.com/images/g/HKcAAeSwE-hqf59T/s-l225.jpg
型号不明,35.0,Authentic PENTAX HD DA40/2.8LIMITED BK #270-004-378-8108,Pentax,Lenses,Used,209.34,USD,FIXED_PRICE,9,0,,JP,komehyo,99.5,2026-08-14T23:01:43.000Z,,https://www.ebay.com/itm/178407691920?hash=item2989ed5690:g:n1gAAeSwxkhqf55T,https://i.ebayimg.com/images/g/n1gAAeSwxkhqf55T/s-l225.jpg
残件/按现状,35.0,SIGMA DP2 Merrill 46MP Foveon Compact Digital Camera 30mm f/2.8 AS-IS Junk,Sigma,Digital Cameras,For parts or not working,209.99,USD,FIXED_PRICE,5,0,as-is;underpriced(med 845),JP,takkaki-0,99.7,2026-08-14T04:29:24.000Z,,https://www.ebay.com/itm/178405110236?hash=item2989c5f1dc:g:TM8AAeSwzg1qRSko,https://i.ebayimg.com/images/g/TM8AAeSwzg1qRSko/s-l225.jpg
型号不明,35.0,Authentic OLYMPUS MZD ED30/3.5MACRO #270-004-376-7707,Olympus,Lenses,Used,224.23,USD,FIXED_PRICE,9,0,,JP,komehyo,99.5,2026-08-14T23:01:08.000Z,,https://www.ebay.com/itm/298588716994?hash=item4585463fc2:g:5M0AAeSw64Zqf54v,https://i.ebayimg.com/images/g/5M0AAeSw64Zqf54v/s-l225.jpg
型号不明,35.0,Olympus Teleconverter Ec-20 Used,Olympus,Lenses,Used,252.47,USD,FIXED_PRICE,2,0,,JP,hard-off-japan-in-au,99.2,2026-08-14T17:37:47.000Z,,https://www.ebay.com/itm/318730127956?hash=item4a35cbca54:g:GVcAAeSwcflqf3Ue,https://i.ebayimg.com/images/g/GVcAAeSwcflqf3Ue/s-l225.jpg
型号不明,35.0,CANON Single Focus Lens RF50MM F1.8 STM Used,Canon,Lenses,Used,252.47,USD,FIXED_PRICE,6,0,,JP,hard-off-japan-in-au,99.2,2026-08-14T17:37:16.000Z,,https://www.ebay.com/itm/318730127136?hash=item4a35cbc720:g:T4EAAeSw4U1qf3VM,https://i.ebayimg.com/images/g/T4EAAeSw4U1qf3VM/s-l225.jpg
型号不明,35.0,Authentic NIKON Z28/2.8Special Edition #270-004-378-8122,Nikon,Lenses,Used,253.99,USD,FIXED_PRICE,9,0,,JP,komehyo,99.5,2026-08-14T23:04:11.000Z,,https://www.ebay.com/itm/178407693256?hash=item2989ed5bc8:g:6JUAAeSwPZVqf57m,https://i.ebayimg.com/images/g/6JUAAeSwPZVqf57m/s-l225.jpg
型号不明,35.0,Authentic NIKON Z24-50/4-6.3 #270-004-380-2576,Nikon,Lenses,Used,276.32,USD,FIXED_PRICE,9,0,,JP,komehyo,99.5,2026-08-14T23:10:09.000Z,,https://www.ebay.com/itm/178407707974?hash=item2989ed9546:g:JNAAAeSw8Chqf6BN,https://i.ebayimg.com/images/g/JNAAAeSw8Chqf6BN/s-l225.jpg
型号不明,35.0,"SONY 4.5-5.6/70-300 SSM Near MINT w/ Front and Rear Caps, Hood",Sony,Lenses,Used,298.99,USD,FIXED_PRICE,23,0,good-cond,JP,kaz_camera,99.2,2026-08-14T13:42:42.000Z,,https://www.ebay.com/itm/137620624405?hash=item200ad41415:g:MUYAAeSw3jFqcu2-,https://i.ebayimg.com/images/g/MUYAAeSw3jFqcu2-/s-l225.jpg
型号不明,35.0,Fujifilm Teleconverter XF2X TC WR Used,Fujifilm,Lenses,Used,300.3,USD,FIXED_PRICE,4,0,,JP,hard-off-japan-in-au,99.2,2026-08-14T17:37:16.000Z,,https://www.ebay.com/itm/318730127134?hash=item4a35cbc71e:g:IskAAeSwOfRqf3TS,https://i.ebayimg.com/images/g/IskAAeSwOfRqf3TS/s-l225.jpg
型号不明,35.0,CANON T70 W/ ZOOM LENS & LENS CARRY CASE,Canon,Lenses,Used,312.0,USD,"FIXED_PRICE,AUCTION",10,0,auction,US,hockit2me,100.0,2026-08-14T21:20:40.000Z,2026-08-21T21:20:40.000Z,https://www.ebay.com/itm/158189055562?hash=item24d4cd6e4a:g:x-sAAeSwA9Fqf4UH,https://i.ebayimg.com/images/g/x-sAAeSwA9Fqf4UH/s-l225.jpg
型号不明,35.0,Authentic NIKON AF-S35/1.8G ED #270-004-377-6921,Nikon,Lenses,Used,328.41,USD,FIXED_PRICE,9,0,,JP,komehyo,99.5,2026-08-14T23:05:10.000Z,,https://www.ebay.com/itm/298588719974?hash=item4585464b66:g:adgAAeSwlC5qf58i,https://i.ebayimg.com/images/g/adgAAeSwlC5qf58i/s-l225.jpg
型号不明,35.0,Authentic FUJIFILM XF60/2.4R MACRO #270-004-380-3108,Fujifilm,Lenses,Used,350.73,USD,FIXED_PRICE,9,0,,JP,komehyo,99.5,2026-08-14T23:09:44.000Z,,https://www.ebay.com/itm/407145363113?hash=item5ecbc136a9:g:9e0AAeSwsnZqf6Az,https://i.ebayimg.com/images/g/9e0AAeSwsnZqf6Az/s-l225.jpg
型号不明,35.0,[A Unused] Beautiful Nikon AF-S TC-14E III Teleconverter 1.4x TC14EIII JAPAN,Nikon,Lenses,Used,359.99,USD,FIXED_PRICE,23,0,,JP,cloverhaven-treasures-japan,100.0,2026-08-14T05:43:46.000Z,,https://www.ebay.com/itm/398283746153?hash=item5cbb8fab69:g:c0oAAeSwvgtqfqwE,https://i.ebayimg.com/images/g/c0oAAeSwvgtqfqwE/s-l225.jpg
型号不明,35.0,Authentic CANON EF15/2.8FISHEYE #270-004-377-6693,Canon,Lenses,Used,365.62,USD,FIXED_PRICE,9,0,,JP,komehyo,99.5,2026-08-14T23:05:53.000Z,,https://www.ebay.com/itm/298588720269?hash=item4585464c8d:g:5x0AAeSwmE9qf59M,https://i.ebayimg.com/images/g/5x0AAeSwmE9qf59M/s-l225.jpg
型号不明,35.0,Authentic OLYMPUS MZD ED75-300/4.8-6.7II #270-004-380-2835,Olympus,Lenses,Used,387.94,USD,FIXED_PRICE,9,0,,JP,komehyo,99.5,2026-08-14T23:04:30.000Z,,https://www.ebay.com/itm/298588719464?hash=item4585464968:g:M6EAAeSwfDJqf576,https://i.ebayimg.com/images/g/M6EAAeSwfDJqf576/s-l225.jpg
型号不明,35.0,Canon RF16mm F2.8 STM 355789,Canon,Lenses,Used,391.89,USD,FIXED_PRICE,9,0,,JP,digree_japan,99.7,2026-08-14T23:10:36.000Z,,https://www.ebay.com/itm/307127054573?hash=item478232f0ed:g:gYwAAeSwhnxqf6Ej,https://i.ebayimg.com/images/g/gYwAAeSwhnxqf6Ej/s-l225.jpg
型号不明,35.0,FUJIFILM XF16mm F2.8 R WR BLACK -Near Mint- 3191,Fujifilm,Lenses,Used,408.61,USD,FIXED_PRICE,2,0,good-cond,JP,kitamura_camera,100.0,2026-08-14T06:17:27.000Z,,https://www.ebay.com/itm/820000016581?hash=itembeebcf48c5:g:ioAAAeSwNSNqfrrQ,https://i.ebayimg.com/images/g/ioAAAeSwNSNqfrrQ/s-l225.jpg
型号不明,35.0,MINOLTA AF 85/1.4 G for Sony A mount -EXC- 6000,Minolta,Lenses,Used,411.39,USD,FIXED_PRICE,2,0,good-cond,JP,kitamura_camera,100.0,2026-08-14T08:17:46.000Z,,https://www.ebay.com/itm/820000379483?hash=itembeebd4d25b:g:Dt4AAeSwg3NqftaG,https://i.ebayimg.com/images/g/Dt4AAeSwg3NqftaG/s-l225.jpg
型号不明,35.0,Minolta AF 17-35/3.5 G -Near Mint- 5966,Minolta,Lenses,Used,520.62,USD,FIXED_PRICE,2,0,good-cond,JP,kitamura_camera,100.0,2026-08-14T08:17:46.000Z,,https://www.ebay.com/itm/820000379452?hash=itembeebd4d23c:g:JV0AAeSwQOlqftaB,https://i.ebayimg.com/images/g/JV0AAeSwQOlqftaB/s-l225.jpg
型号不明,35.0,MINOLTA AF 80-200/2.8 APO G HS -Near Mint- 6048,Minolta,Lenses,Used,532.66,USD,FIXED_PRICE,2,0,good-cond,JP,kitamura_camera,100.0,2026-08-14T08:17:46.000Z,,https://www.ebay.com/itm/820000379481?hash=itembeebd4d259:g:nSQAAeSwaRZqftZ2,https://i.ebayimg.com/images/g/nSQAAeSwaRZqftZ2/s-l225.jpg
型号不明,35.0,[Excellent+5] Ricoh GR DIGITAL IV Black w/ Charger Works Tested From Japan TB04,Ricoh,Film Cameras,Used,548.79,USD,FIXED_PRICE,9,0,,JP,dannysjapancollectable,100.0,2026-08-14T05:35:32.000Z,,https://www.ebay.com/itm/287524064340?hash=item42f1c50c54:g:60IAAeSwMCBqfqoX,https://i.ebayimg.com/images/g/60IAAeSwMCBqfqoX/s-l225.jpg
型号不明,35.0,[Unused w/ BOX CASE] RICOH GR Compact Digital Black Camera From JAPAN,Ricoh,Film Cameras,Used,999.99,USD,FIXED_PRICE,13,0,,JP,priority2007,100.0,2026-08-14T09:11:22.000Z,,https://www.ebay.com/itm/366604915225?hash=item555b5b1219:g:rTUAAeSwli9qftzw,https://i.ebayimg.com/images/g/rTUAAeSwli9qftzw/s-l225.jpg
型号不明,35.0,CANON RF35mm F1.4 L VCM -Mint- 5175,Canon,Lenses,Used,1911.94,USD,FIXED_PRICE,2,0,good-cond,JP,kitamura_camera,100.0,2026-08-14T10:37:18.000Z,,https://www.ebay.com/itm/820000793836?hash=itembeebdb24ec:g:pn4AAeSw~cFqfvnS,https://i.ebayimg.com/images/g/pn4AAeSw~cFqfvnS/s-l225.jpg
描述含糊,35.0,No Name [Almost Unused] Nikon F2T Titan SLR 35mm Film Camera Body From JAPAN,Nikon,Film Cameras,Used,2269.9,USD,FIXED_PRICE,14,0,,JP,vintagehighqualitycamerashopymmmcamera,100.0,2026-08-15T02:43:55.000Z,,https://www.ebay.com/itm/398287100414?hash=item5cbbc2d9fe:g:Dh4AAeSwDzRqf9Mi,https://i.ebayimg.com/images/g/Dh4AAeSwDzRqf9Mi/s-l225.jpg
型号不明,34.0,Tair 11A f2.8/135 Bokeh Monster NOS Russian KMZ M42 DSLR SLR Lens to Zenit Nikon,Nikon,Lenses,Open box,0.0,USD,"AUCTION,BEST_OFFER",23,0,mount:m42;auction,UA,artado,100.0,2026-08-14T15:12:35.000Z,2026-08-24T15:12:35.000Z,https://www.ebay.com/itm/158188067261?hash=item24d4be59bd:g:A6oAAeSwbspqfyFn,https://i.ebayimg.com/images/g/A6oAAeSwbspqfyFn/s-l225.jpg
残件/按现状,34.0,"Nikon Zoom-NIkkor 24-85mm f/3.5-4.5 AF-S VR IF ED G Lens ""AS IS""",Nikon,Lenses,For parts or not working,0.0,USD,AUCTION,6,0,mount:nikon f;as-is;auction,CA,divetrip,97.3,2026-08-14T13:48:36.000Z,2026-08-19T13:48:36.000Z,https://www.ebay.com/itm/206490723489?hash=item3013ce64a1:g:YU8AAeSwsZdqfxvf,https://i.ebayimg.com/images/g/YU8AAeSwsZdqfxvf/s-l225.jpg
残件/按现状,34.0,MINOLTA Single Focus Lens MC ROKKOR-PG 58MM f1.2 Junk Used,Minolta,Lenses,Used,491.59,USD,FIXED_PRICE,9,0,mount:minolta md;58mm;as-is,JP,hard-off-japan-in-au,99.2,2026-08-14T17:37:42.000Z,,https://www.ebay.com/itm/318730127826?hash=item4a35cbc9d2:g:xXkAAeSwBCJqf3UY,https://i.ebayimg.com/images/g/xXkAAeSwBCJqf3UY/s-l225.jpg
残件/按现状,33.0,NONWORKING Panasonic Minidv Camcorder PV-DV953 953 PV-DV953D 953 DV PARTS REPAIR,Panasonic,Camcorders,For parts or not working,49.99,USD,FIXED_PRICE,6,0,,US,dmodeforlife,100.0,2026-08-14T08:29:09.000Z,,https://www.ebay.com/itm/318728110090?hash=item4a35ad000a:g:rj4AAeSwm2tpHBeL,https://i.ebayimg.com/images/g/rj4AAeSwm2tpHBeL/s-l225.jpg
残件/按现状,33.0,Panasonic HC-V250 HD Digital Camcorder Black UNTESTED,Panasonic,Camcorders,For parts or not working,54.99,USD,"FIXED_PRICE,BEST_OFFER",5,0,as-is,US,g2g_liquidators,99.8,2026-08-14T17:57:23.000Z,,https://www.ebay.com/itm/287525153529?hash=item42f1d5aaf9:g:EEcAAeSwbiNqf1PX,https://i.ebayimg.com/images/g/EEcAAeSwbiNqf1PX/s-l225.jpg
打包杂件,33.0,Panasonic Digital Video DVD Camcorder Camera VDR-D50P Complete Bundle - Tested,Panasonic,Camcorders,Used,59.95,USD,FIXED_PRICE,11,0,,US,apex-liquidations,99.9,2026-08-14T17:37:02.000Z,,https://www.ebay.com/itm/188792682428?hash=item2bf4ebb7bc:g:cGQAAeSwjJxqf1GI,https://i.ebayimg.com/images/g/cGQAAeSwjJxqf1GI/s-l225.jpg
打包杂件,33.0,Panasonic Palmcorder PV-D507 VHS-C Camcorder Bundle TESTED Power Adapter Cables,Panasonic,Camcorders,Used,59.99,USD,"FIXED_PRICE,BEST_OFFER",12,0,,US,thecircuscrappicus,99.8,2026-08-14T22:44:25.000Z,,https://www.ebay.com/itm/178407662206?hash=item2989ece27e:g:YKwAAeSwiuJqe4QD,https://i.ebayimg.com/images/g/YKwAAeSwiuJqe4QD/s-l225.jpg
残件/按现状,33.0,Zenit Helios 44-2 58mm f/2 1:2 Prime lens M42 Screwmount,Zenit,Lenses,For parts or not working,72.04,USD,FIXED_PRICE,3,0,mount:m42;58mm,CA,foto*works,99.9,2026-08-14T14:25:16.000Z,,https://www.ebay.com/itm/267757062067?hash=item3e579087b3:g:hdgAAeSw0hNqfyTn,https://i.ebayimg.com/images/g/hdgAAeSw0hNqfyTn/s-l225.jpg
打包杂件,33.0,[NEAR MINT] Sony Handycam DCR-TRV33 Mini DV Camcorder w/Case & Bundle JAPAN #146,Sony,Camcorders,Used,149.99,USD,"FIXED_PRICE,BEST_OFFER",8,0,good-cond,JP,emk_930,100.0,2026-08-15T13:40:31.000Z,,https://www.ebay.com/itm/198573028775?hash=item2e3bdff5a7:g:H8UAAeSwiodqgC7Q,https://i.ebayimg.com/images/g/H8UAAeSwiodqgC7Q/s-l225.jpg
型号不明,33.0,Genuine Camera Case 008 (2-Way Type) for the Rollei 35,Rollei,Digital Cameras,Used,157.14,USD,"FIXED_PRICE,BEST_OFFER",8,0,,JP,l9531336,100.0,2026-08-14T06:06:53.000Z,,https://www.ebay.com/itm/298586734018?hash=item458527fdc2:g:DI8AAeSwAfJqfrFq,https://i.ebayimg.com/images/g/DI8AAeSwAfJqfrFq/s-l225.jpg
型号不明,33.0,Sony SEL2870 Lens for Digital Used,Sony,Lenses,Used,185.52,USD,FIXED_PRICE,5,0,,JP,hard-off-japan-in-au,99.2,2026-08-14T17:37:38.000Z,,https://www.ebay.com/itm/318730127722?hash=item4a35cbc96a:g:GU4AAeSwYEVqf3T8,https://i.ebayimg.com/images/g/GU4AAeSwYEVqf3T8/s-l225.jpg
型号不明,33.0,Sony Lens SEL30M35 Used,Sony,Lenses,Used,185.52,USD,FIXED_PRICE,12,0,,JP,hard-off-japan-in-au,99.2,2026-08-14T17:37:16.000Z,,https://www.ebay.com/itm/318730127123?hash=item4a35cbc713:g:XBMAAeSws3Nqf3TU,https://i.ebayimg.com/images/g/XBMAAeSws3Nqf3TU/s-l225.jpg
型号不明,33.0,PANASONIC LENS G VARIO 1:3.5-5.614-42 ASPH Used,Panasonic,Lenses,Used,185.52,USD,FIXED_PRICE,13,0,,JP,hard-off-japan-in-au,99.2,2026-08-14T17:37:16.000Z,,https://www.ebay.com/itm/318730127141?hash=item4a35cbc725:g:SEUAAeSwyedqf3TU,https://i.ebayimg.com/images/g/SEUAAeSwyedqf3TU/s-l225.jpg
打包杂件,33.0,Canon EOS Digital SLR Camera EF 28-105mm Ultrasonic Lens Charger Case Bundle,Canon,Digital Cameras,Used,189.99,USD,"FIXED_PRICE,BEST_OFFER",7,0,mount:canon ef,US,yomr-75,99.5,2026-08-14T16:04:06.000Z,,https://www.ebay.com/itm/307126620841?hash=item47822c52a9:g:2xkAAeSwLxRqfzxw,https://i.ebayimg.com/images/g/2xkAAeSwLxRqfzxw/s-l225.jpg
型号不明,33.0,SONY lens SEL55210 Used,Sony,Lenses,Used,203.51,USD,FIXED_PRICE,5,0,,JP,beecruise04,98.5,2026-08-14T20:38:17.000Z,,https://www.ebay.com/itm/318730734306?hash=item4a35d50ae2:g:pKYAAeSw64Zqf32w,https://i.ebayimg.com/images/g/pKYAAeSw64Zqf32w/s-l225.jpg
型号不明,33.0,SIGMA NIKON AF 30MMF1.4 DC HSM Used,Sigma,Lenses,Used,204.65,USD,FIXED_PRICE,4,0,,JP,hard-off-japan-in-au,99.2,2026-08-14T17:37:51.000Z,,https://www.ebay.com/itm/318730128083?hash=item4a35cbcad3:g:4toAAeSwIvJqf3Re,https://i.ebayimg.com/images/g/4toAAeSwIvJqf3Re/s-l225.jpg
型号不明,33.0,TTARTISAN SONY AF 27mmF2.8 Used,Sony,Lenses,Used,204.65,USD,FIXED_PRICE,3,0,,JP,hard-off-japan-in-au,99.2,2026-08-14T17:37:51.000Z,,https://www.ebay.com/itm/318730128100?hash=item4a35cbcae4:g:H0oAAeSw3DNqf3UP,https://i.ebayimg.com/images/g/H0oAAeSw3DNqf3UP/s-l225.jpg
型号不明,33.0,SIGMA Single Focus Lens 30MM1:1.4DC Used,Sigma,Lenses,Used,204.65,USD,FIXED_PRICE,3,0,,JP,hard-off-japan-in-au,99.2,2026-08-14T17:37:38.000Z,,https://www.ebay.com/itm/318730127738?hash=item4a35cbc97a:g:BMEAAeSwfDJqf3VA,https://i.ebayimg.com/images/g/BMEAAeSwfDJqf3VA/s-l225.jpg
打包杂件,33.0,"ASSORTED LOT OF VINTAGE CAMERAS(CANON AE-1)(EXA THAGEE) ,LENS ATTACHMENTS METERS",Canon,Vintage Cameras,,275.0,USD,"FIXED_PRICE,BEST_OFFER",23,0,grail:AE-1;neg,US,buzzbeebargains,100.0,2026-08-15T00:50:09.000Z,,https://www.ebay.com/itm/287525747965?hash=item42f1debcfd:g:goEAAeSwhrBqf7EG,https://i.ebayimg.com/images/g/goEAAeSwhrBqf7EG/s-l225.jpg
残件/按现状;打包杂件,31.0,Vintage Polaroid Land Cameras lot of 9-Mechanically Intact/photographs UNTESTED,Polaroid,Vintage Cameras,,0.0,USD,AUCTION,9,0,as-is;auction,US,rlgraffy,100.0,2026-08-14T22:19:24.000Z,2026-08-24T22:19:24.000Z,https://www.ebay.com/itm/158189191390?hash=item24d4cf80de:g:27wAAeSwG~Vqf49u,https://i.ebayimg.com/images/g/27wAAeSwG~Vqf49u/s-l225.jpg
打包杂件,31.0,"Minolta/Sony AF A-Mount Lens Lot 18-70 3.5-5.6, 100-200 4.5, 50 Prime 1.7",Minolta,Lenses,Used,0.0,USD,AUCTION,21,0,auction,US,blutint,99.4,2026-08-14T21:40:45.000Z,2026-08-21T21:40:45.000Z,https://www.ebay.com/itm/267757396085?hash=item3e5795a075:g:vFYAAeSw9mVqL00Y,https://i.ebayimg.com/images/g/vFYAAeSw9mVqL00Y/s-l225.jpg
残件/按现状,31.0,Polaroid SX-70 Land Camera Vintage Brown Untested￼,Polaroid,Vintage Cameras,,0.0,USD,AUCTION,8,0,as-is;auction,US,barike-22,100.0,2026-08-14T18:21:05.000Z,2026-08-21T18:21:05.000Z,https://www.ebay.com/itm/307126794649?hash=item47822ef999:g:QGEAAeSwQQxqf1xv,https://i.ebayimg.com/images/g/QGEAAeSwQQxqf1xv/s-l225.jpg
型号不明,31.0,Nikon AF-S TC-20E III Teleconverter Used Excellent Condition,Nikon,Lenses,Used,0.0,USD,AUCTION,14,0,auction,US,bozemancamera,100.0,2026-08-14T17:53:25.000Z,2026-08-21T17:53:25.000Z,https://www.ebay.com/itm/327310368752?hash=item4c3537dff0:g:Vi4AAeSwFU5qdLu4,https://i.ebayimg.com/images/g/Vi4AAeSwFU5qdLu4/s-l225.jpg
型号不明,31.0,Nikon TC-17E II 1.7X AF-S E II LensUsed Clean EX Condition,Nikon,Lenses,Used,0.0,USD,AUCTION,12,0,auction,US,bozemancamera,100.0,2026-08-14T17:32:33.000Z,2026-08-21T17:32:33.000Z,https://www.ebay.com/itm/227475964786?hash=item34f69fc372:g:aNQAAeSw6FJqa71p,https://i.ebayimg.com/images/g/aNQAAeSw6FJqa71p/s-l225.jpg
残件/按现状,31.0,Vintage Polaroid 600 Land Camera. Sun 600 UNTESTED W Travel Bag & Manuel,Polaroid,Vintage Cameras,,0.0,USD,"AUCTION,BEST_OFFER",8,0,as-is;auction,US,monticellopawn,99.4,2026-08-14T15:23:44.000Z,2026-08-21T15:23:44.000Z,https://www.ebay.com/itm/188792190807?hash=item2bf4e43757:g:S5QAAeSwgeJplh7X,https://i.ebayimg.com/images/g/S5QAAeSwgeJplh7X/s-l225.jpg
打包杂件,31.0,"Polaroid Instant Film Land Camera Lot, SX-70, oneStep one600 - 8 Cameras, Film",Polaroid,Vintage Cameras,,0.0,USD,"AUCTION,BEST_OFFER",11,0,auction,US,nursebecca1986,99.7,2026-08-14T14:59:44.000Z,2026-08-19T14:59:44.000Z,https://www.ebay.com/itm/287524923345?hash=item42f1d227d1:g:THIAAeSwHgFqfy0N,https://i.ebayimg.com/images/g/THIAAeSwHgFqfy0N/s-l225.jpg
型号不明,31.0,Canon RF50mm F1.8 STM Standard Prime Lens for EOS R-Series Cameras - Black,Canon,Lenses,Open box,0.0,USD,AUCTION,0,0,auction,US,cargolargo,99.7,2026-08-14T13:57:31.000Z,2026-08-19T13:57:31.000Z,https://www.ebay.com/itm/800507437344?hash=itemba61f62120:i:800507437344,
残件/按现状;打包杂件,31.0,Vintage Camera Lot Polaroid Sun 600 Kodak Brownie Hawkeye Untested,Polaroid,Vintage Cameras,,0.0,USD,AUCTION,3,0,as-is;auction,US,ccdg,100.0,2026-08-14T05:15:00.000Z,2026-08-21T05:15:00.000Z,https://www.ebay.com/itm/298584762449?hash=item458509e851:g:6Y8AAeSwIldqKBOZ,https://i.ebayimg.com/images/g/6Y8AAeSwIldqKBOZ/s-l225.jpg
残件/按现状,31.0,"Canon IXY GE Film Camera with Zoom Function, Untested for Film Use",Canon,Digital Cameras,Used,154.99,USD,FIXED_PRICE,7,0,as-is,JP,nico_japan,100.0,2026-08-14T14:26:49.000Z,,https://www.ebay.com/itm/206490812842?hash=item3013cfc1aa:g:uBYAAeSwtAZqfyah,https://i.ebayimg.com/images/g/uBYAAeSwtAZqfyah/s-l225.jpg
残件/按现状,31.0,"Polaroid SX-70 Alpha 1 Model 2 Land Camera, Flash And Case Untested",Polaroid,Vintage Cameras,,175.0,USD,"FIXED_PRICE,BEST_OFFER",17,0,as-is,US,shannan62,100.0,2026-08-15T00:22:43.000Z,,https://www.ebay.com/itm/227476359823?hash=item34f6a5ca8f:g:o-8AAeSwPoZqf7C4,https://i.ebayimg.com/images/g/o-8AAeSwPoZqf7C4/s-l225.jpg
打包杂件,31.0,Polaroid Flip Instant Camera Color Film Bundle +8 Instant Photo,Polaroid,Vintage Cameras,,180.0,USD,FIXED_PRICE,4,0,,US,chacharitasstore,100.0,2026-08-14T05:31:16.000Z,,https://www.ebay.com/itm/137619335837?hash=item200ac06a9d:g:qxcAAeSwXudqfqch,https://i.ebayimg.com/images/g/qxcAAeSwXudqfqch/s-l225.jpg
残件/按现状,31.0,Polaroid SX-70 Land Camera Folding – Brown Leather - Untested,Polaroid,Vintage Cameras,,189.99,USD,FIXED_PRICE,7,0,as-is,US,nine_fingervtg,100.0,2026-08-14T23:38:38.000Z,,https://www.ebay.com/itm/267757463856?hash=item3e5796a930:g:NroAAeSwPd5qf6an,https://i.ebayimg.com/images/g/NroAAeSwPd5qf6an/s-l225.jpg
残件/按现状,31.0,"Canon 16-35mm F/2.8 USM Zoom Lens, Vintage Character - *see description",Canon,Lenses,Used,235.0,USD,FIXED_PRICE,8,0,,US,pottola,100.0,2026-08-14T17:58:32.000Z,,https://www.ebay.com/itm/128026766585?hash=item1dcefd6cf9:g:9n0AAeSw1Ktqf1V5,https://i.ebayimg.com/images/g/9n0AAeSw1Ktqf1V5/s-l225.jpg
残件/按现状,31.0,Canon 24-105mm f4L IS USM Lens *works with flaws*,Canon,Lenses,For parts or not working,245.0,USD,"FIXED_PRICE,BEST_OFFER",7,0,,US,jorfo_45,100.0,2026-08-14T13:08:15.000Z,,https://www.ebay.com/itm/407144261879?hash=item5ecbb068f7:g:tBoAAeSwetZqLxn~,https://i.ebayimg.com/images/g/tBoAAeSwetZqLxn~/s-l225.jpg
残件/按现状,31.0,PENTAX SMC DA* 16-50mm f/2.8 ED AL IF SDM Camera Lens And Filter Read UnTested,Pentax,Lenses,Used,249.99,USD,"FIXED_PRICE,BEST_OFFER",22,0,as-is,US,mwest1701,100.0,2026-08-14T17:37:13.000Z,,https://www.ebay.com/itm/168613829586?hash=item27422adbd2:g:xY4AAeSwEdBpkSpD,https://i.ebayimg.com/images/g/xY4AAeSwEdBpkSpD/s-l225.jpg
型号不明,31.0,Kenko Tokina Teleplus HD 2X DGX for Canon EOS EF/EF-S,Tokina,Lenses,New,270.33,USD,FIXED_PRICE,0,0,mount:canon ef,JP,ohana_95,100.0,2026-08-15T00:33:10.000Z,,https://www.ebay.com/itm/287525731624?hash=item42f1de7d28:g:Au0AAeSw3T9qf7R-,https://i.ebayimg.com/images/g/Au0AAeSw3T9qf7R-/s-l225.jpg
残件/按现状,31.0,1947 Vintage Kodak Medalist II Film Camera Untested As-Is 1940’s Photo Picture,Kodak,Film Cameras,For parts or not working,299.99,USD,FIXED_PRICE,9,0,as-is,US,gusberm-29,97.8,2026-08-14T06:03:06.000Z,,https://www.ebay.com/itm/318727550987?hash=item4a35a4780b:g:duwAAeSwZy5qfq8-,https://i.ebayimg.com/images/g/duwAAeSwZy5qfq8-/s-l225.jpg
型号不明,31.0,SAMYANG SONY AF45MM F1.8 FE Used,Samyang,Lenses,Used,300.3,USD,FIXED_PRICE,4,0,mount:sony e,JP,hard-off-japan-in-au,99.2,2026-08-14T17:37:51.000Z,,https://www.ebay.com/itm/318730128085?hash=item4a35cbcad5:g:RWgAAeSwOLpqf3SO,https://i.ebayimg.com/images/g/RWgAAeSwOLpqf3SO/s-l225.jpg
型号不明,31.0,Nikon AF-S TC-14E III Teleconverter 1.4x TC14EIII #059,Nikon,Lenses,Excellent - Refurbished,323.65,USD,"FIXED_PRICE,BEST_OFFER",8,0,,US,robertscamera,99.8,2026-08-14T15:59:54.000Z,,https://www.ebay.com/itm/147504821706?hash=item2257f8f5ca:g:vWIAAeSw7-lqfztz,https://i.ebayimg.com/images/g/vWIAAeSw7-lqfztz/s-l225.jpg
残件/按现状,31.0,CANON Wide Angle Single Focus Lens EF 14MM F2.8 L Junk Used,Canon,Lenses,Used,491.59,USD,FIXED_PRICE,14,0,mount:canon ef;as-is,JP,hard-off-japan-in-au,99.2,2026-08-14T17:37:30.000Z,,https://www.ebay.com/itm/318730127503?hash=item4a35cbc88f:g:5SUAAeSwR01qf3U0,https://i.ebayimg.com/images/g/5SUAAeSwR01qf3U0/s-l225.jpg
残件/按现状,31.0,Canon FD 24mm f1.4 L HOUSING ONLY READ DESCRIPTION,Canon,Lenses,For parts or not working,500.0,USD,"FIXED_PRICE,AUCTION",13,0,mount:canon fd;auction,US,sterlingcasebox,99.6,2026-08-14T19:01:57.000Z,2026-08-19T19:01:57.000Z,https://www.ebay.com/itm/278280492725?hash=item40cacf56b5:g:a8UAAOSwZpBmCgMq,https://i.ebayimg.com/images/g/a8UAAOSwZpBmCgMq/s-l225.jpg
型号不明,31.0,LAOWA Wide Angle Single Focus Lens 9MMF2.8 CANON RF Used,Canon,Lenses,Used,587.24,USD,FIXED_PRICE,3,0,mount:canon rf,JP,hard-off-japan-in-au,99.2,2026-08-14T17:37:38.000Z,,https://www.ebay.com/itm/318730127731?hash=item4a35cbc973:g:~wUAAeSwHn1qf3Sn,https://i.ebayimg.com/images/g/~wUAAeSwHn1qf3Sn/s-l225.jpg
型号不明,31.0,Canon EF100mm F2.8 Macro USM | Canon EF Mount,Canon,Lenses,Used,589.99,USD,FIXED_PRICE,18,0,mount:canon ef,JP,info_tanikawa,97.8,2026-08-14T20:18:53.000Z,,https://www.ebay.com/itm/227476142265?hash=item34f6a278b9:g:r4MAAeSwVjtqf3kY,https://i.ebayimg.com/images/g/r4MAAeSwVjtqf3kY/s-l225.jpg
型号不明,31.0,[Almost Unused+++] Reflex NIKKOR 1000mm f/11 Telephoto Mirror MF Lens From JAPAN,Nikkor,Lenses,Used,599.99,USD,FIXED_PRICE,23,0,mount:nikon f,JP,yt_camera.japan,100.0,2026-08-14T08:18:04.000Z,,https://www.ebay.com/itm/336741678411?hash=item4e675e3d4b:g:No8AAeSwTF5qftCU,https://i.ebayimg.com/images/g/No8AAeSwTF5qftCU/s-l225.jpg
型号不明,31.0,CANON ef 70 300 4 5.6 is ii usm 538983,Canon,Lenses,Used,603.1,USD,FIXED_PRICE,9,0,mount:canon ef,JP,digree_japan,99.7,2026-08-15T00:02:29.000Z,,https://www.ebay.com/itm/307127105312?hash=item478233b720:g:i1cAAeSwXudqf63G,https://i.ebayimg.com/images/g/i1cAAeSwXudqf63G/s-l225.jpg
型号不明,31.0,Nikon Teleconverter Z TC-2.0 Z Mount 533102,Nikon,Lenses,Used,604.83,USD,FIXED_PRICE,5,0,mount:nikon z,JP,digree_japan,99.7,2026-08-15T00:02:29.000Z,,https://www.ebay.com/itm/307127105310?hash=item478233b71e:g:ag4AAeSwJgVqf6zT,https://i.ebayimg.com/images/g/ag4AAeSwJgVqf6zT/s-l225.jpg
型号不明,31.0,Canon RF35mm F1.8 MACRO IS STM RF Mount 610982,Canon,Lenses,Used,638.6,USD,FIXED_PRICE,9,0,mount:canon rf,JP,digree_japan,99.7,2026-08-15T00:08:18.000Z,,https://www.ebay.com/itm/307127116809?hash=item478233e409:g:jzcAAeSwyudqf67l,https://i.ebayimg.com/images/g/jzcAAeSwyudqf67l/s-l225.jpg
型号不明,31.0,Canon RF35mm F1.8 MACRO IS STM RF Mount 542075,Canon,Lenses,Used,648.62,USD,FIXED_PRICE,9,0,mount:canon rf,JP,digree_japan,99.7,2026-08-15T00:08:17.000Z,,https://www.ebay.com/itm/307127116795?hash=item478233e3fb:g:UEwAAeSw3xtqf64z,https://i.ebayimg.com/images/g/UEwAAeSw3xtqf64z/s-l225.jpg
型号不明,31.0,NIKON Standard Zoom Lens AF-S NIKKOR 24-70MMF2.8G ED Used,Nikon,Lenses,Used,682.88,USD,FIXED_PRICE,6,0,mount:nikon f,JP,hard-off-japan-in-au,99.2,2026-08-14T17:37:30.000Z,,https://www.ebay.com/itm/318730127482?hash=item4a35cbc87a:g:DGcAAeSwKTRqf3UQ,https://i.ebayimg.com/images/g/DGcAAeSwKTRqf3UQ/s-l225.jpg
型号不明,31.0,Canon EF-M32mm F1.4 STM 542797,Canon,Lenses,Used,756.89,USD,FIXED_PRICE,5,0,mount:canon ef,JP,digree_japan,99.7,2026-08-15T00:08:18.000Z,,https://www.ebay.com/itm/307127116804?hash=item478233e404:g:7CsAAeSwk3lqf65s,https://i.ebayimg.com/images/g/7CsAAeSwk3lqf65s/s-l225.jpg
型号不明,31.0,Canon EF24mm F1.4L II USM EF Mount 979926,Canon,Lenses,Used,785.86,USD,FIXED_PRICE,19,0,mount:canon ef,JP,digree_japan,99.7,2026-08-14T22:44:00.000Z,,https://www.ebay.com/itm/307127036320?hash=item478232a9a0:g:wuwAAeSwFN5qf5qs,https://i.ebayimg.com/images/g/wuwAAeSwFN5qf5qs/s-l225.jpg
残件/按现状,30.0,Panasonic NV-GS11 Handheld MiniDV Cassette Camcorder - With Accessories,Panasonic,Camcorders,For parts or not working,51.15,USD,"FIXED_PRICE,BEST_OFFER",20,0,,GB,rugeo6007,100.0,2026-08-14T18:21:45.000Z,,https://www.ebay.com/itm/800508391829?hash=itemba6204b195:g:UmsAAeSwL8lqf1vP,https://i.ebayimg.com/images/g/UmsAAeSwL8lqf1vP/s-l225.jpg
残件/按现状,30.0,FUJI Professional GSW690�U Medium Format Film Camera?As-Is,Fuji,Digital Cameras,Used,1681.32,USD,"FIXED_PRICE,BEST_OFFER",16,0,grail:GSW690;as-is,JP,l9531336,100.0,2026-08-14T06:06:53.000Z,,https://www.ebay.com/itm/298586734167?hash=item458527fe57:g:3AIAAeSw~wRqfrGw,https://i.ebayimg.com/images/g/3AIAAeSw~wRqfrGw/s-l225.jpg
型号不明,29.0,*N Mint* Horseman 180mm Rangefinder Cam for Topcor P.T Lens VH-R 980 985 /JPN,,Film Cameras,Used,62.69,USD,FIXED_PRICE,2,0,good-cond,JP,dub0804-55,100.0,2026-08-14T11:34:40.000Z,,https://www.ebay.com/itm/366605134736?hash=item555b5e6b90:g:eLwAAOSwke9nfJhj,https://i.ebayimg.com/images/g/eLwAAOSwke9nfJhj/s-l225.jpg
型号不明,29.0,*Near Mint* Kyocera 200-AF Film Camera 35-70mm F/3.3-4.5 & 80-200mm F/4-4.8 Lens,,Film Cameras,Used,79.79,USD,FIXED_PRICE,10,0,good-cond,JP,hitonaga-0,100.0,2026-08-14T11:30:35.000Z,,https://www.ebay.com/itm/407143976162?hash=item5ecbac0ce2:g:44MAAOSwdzphgNET,https://i.ebayimg.com/images/g/44MAAOSwdzphgNET/s-l225.jpg
型号不明,29.0,Working[Exc+5] KYOCERA SAMURAI Z2 Blue Half Frame AF Zoom Film Camera From JAPAN,,Film Cameras,Used,84.99,USD,FIXED_PRICE,23,0,good-cond,JP,nippon_vintage_cameras,100.0,2026-08-15T03:11:59.000Z,,https://www.ebay.com/itm/188794699581?hash=item2bf50a7f3d:g:excAAeSwUp5qf9k~,https://i.ebayimg.com/images/g/excAAeSwUp5qf9k~/s-l225.jpg
打包杂件,29.0,"Canon Elura 80 Silver 2.5"" LCD Screen 360x Digital Zoom Camcorder Tested Bundle",Canon,Camcorders,Used,84.99,USD,"FIXED_PRICE,BEST_OFFER",20,0,,US,richanshan,100.0,2026-08-14T22:33:59.000Z,,https://www.ebay.com/itm/398286409551?hash=item5cbbb84f4f:g:KJgAAeSwfjZqf5b9,https://i.ebayimg.com/images/g/KJgAAeSwfjZqf5b9/s-l225.jpg
型号不明,29.0,[Near MINT+++] Fujica Drive Half Frame Fujinon 28mm f/2.8 Film Camera From JAPAN,,Film Cameras,Used,89.99,USD,FIXED_PRICE,19,0,good-cond,JP,taknis-78,100.0,2026-08-14T08:13:09.000Z,,https://www.ebay.com/itm/336741673383?hash=item4e675e29a7:g:9w4AAeSwHn1qfs7O,https://i.ebayimg.com/images/g/9w4AAeSwHn1qfs7O/s-l225.jpg
残件/按现状,29.0,Canon HV20 A Handheld Video Camera *IOB* POWER TESTED!!! READ DESCRIPTION!!!,Canon,Camcorders,Used,98.99,USD,FIXED_PRICE,8,0,,US,goodwillomaha,99.8,2026-08-15T09:59:19.000Z,,https://www.ebay.com/itm/278282457230?hash=item40caed508e:g:V1IAAeSwCQJqdggh,https://i.ebayimg.com/images/g/V1IAAeSwCQJqdggh/s-l225.jpg
型号不明,29.0,Tested!【 Exc+5】Kyocera Samurai X3.0 Red 35mm SLR Half Frame Film Camera JAPAN,,Film Cameras,Used,99.99,USD,"FIXED_PRICE,BEST_OFFER",9,0,good-cond,JP,nacamera_japan,100.0,2026-08-15T03:24:17.000Z,,https://www.ebay.com/itm/800510365759?hash=itemba6222d03f:g:ixwAAeSw~uRqf9g3,https://i.ebayimg.com/images/g/ixwAAeSw~uRqf9g3/s-l225.jpg
型号不明,29.0,Works[Near MINT w/Strap] Kyocera Samurai x3.0 Half Frame Film Camera From JAPAN,,Film Cameras,Used,109.9,USD,FIXED_PRICE,12,0,good-cond,JP,vintagehighqualitycamerashopymmmcamera,100.0,2026-08-15T02:53:17.000Z,,https://www.ebay.com/itm/398287142002?hash=item5cbbc37c72:g:ifMAAeSwr-1qf9Ub,https://i.ebayimg.com/images/g/ifMAAeSwr-1qf9Ub/s-l225.jpg
型号不明,29.0,*LOOK : Mint* GOKO Macromax MAC-10 Z3200 Ultra Close-Up Film Camera From Japan,,Film Cameras,Used,113.99,USD,FIXED_PRICE,17,0,good-cond,JP,dub0804-55,100.0,2026-08-14T11:34:40.000Z,,https://www.ebay.com/itm/366605134710?hash=item555b5e6b76:g:fncAAOSwVkdnT9A4,https://i.ebayimg.com/images/g/fncAAOSwVkdnT9A4/s-l225.jpg
型号不明,29.0,[Exc+4] Flash Fujica Point & Shoot Film Camera FUJINON 38mm f/2.8 - From JAPAN,,Film Cameras,Used,116.0,USD,"FIXED_PRICE,BEST_OFFER",12,0,good-cond,JP,blueprint-films_japan,99.1,2026-08-15T13:13:52.000Z,,https://www.ebay.com/itm/206493141045?hash=item3013f34835:g:S14AAeSwAuVqgGWj,https://i.ebayimg.com/images/g/S14AAeSwAuVqgGWj/s-l225.jpg
型号不明,29.0,*Lens Near Mint ++ : TOMIOKA* Pigeonflex ( Yashimaflex ) TLR 80mm F/3.5 Lens /JP,,Film Cameras,Used,132.99,USD,FIXED_PRICE,11,0,good-cond,JP,dub0804-55,100.0,2026-08-14T11:34:40.000Z,,https://www.ebay.com/itm/366605134721?hash=item555b5e6b81:g:9REAAOSwR2Niv~Jz,https://i.ebayimg.com/images/g/9REAAOSwR2Niv~Jz/s-l225.jpg
型号不明,29.0,*Opt Mint* Aires Airesflex Model IV TLR Film Camera Coral 75mm F/3.5 From Japan,,Film Cameras,Used,135.7,USD,FIXED_PRICE,23,0,good-cond,JP,hitonaga-0,100.0,2026-08-14T11:30:35.000Z,,https://www.ebay.com/itm/407143976171?hash=item5ecbac0ceb:g:mM8AAeSwqX9oIpTT,https://i.ebayimg.com/images/g/mM8AAeSwqX9oIpTT/s-l225.jpg
打包杂件,29.0,"Canon Vixia HF R50 Digital HD Camcorder Black Bundle Kit W Battery, Charger Case",Canon,Camcorders,Used,139.95,USD,FIXED_PRICE,9,0,,US,tazcards,99.6,2026-08-14T18:39:32.000Z,,https://www.ebay.com/itm/407144959913?hash=item5ecbbb0fa9:g:UBYAAeSwCQJqf2BY,https://i.ebayimg.com/images/g/UBYAAeSwCQJqf2BY/s-l225.jpg
残件/按现状,29.0,Nikon COOLPIX S9300 Black Digital Camera Excellent+ w/ Battery Read Description,Nikon,Digital Cameras,Used,139.99,USD,FIXED_PRICE,5,0,low-feedback,JP,poka-poka_hobby_tokyo,96.4,2026-08-14T08:38:30.000Z,,https://www.ebay.com/itm/318728157382?hash=item4a35adb8c6:g:LXYAAeSw8ChqftQB,https://i.ebayimg.com/images/g/LXYAAeSw8ChqftQB/s-l225.jpg
残件/按现状,29.0,OLYMPUS PEN-D F1.9 Half-Frame Camera?Exposure Meter Functions?As-Is Condition,Olympus,Digital Cameras,Used,148.13,USD,"FIXED_PRICE,BEST_OFFER",11,0,as-is,JP,l9531336,100.0,2026-08-14T06:06:53.000Z,,https://www.ebay.com/itm/298586734145?hash=item458527fe41:g:AGQAAeSw3xtqfrE2,https://i.ebayimg.com/images/g/AGQAAeSw3xtqfrE2/s-l225.jpg
残件/按现状,29.0,Original Vintage Canon Optura mini dv mv1-C4B all original accessories - Parts!,Canon,Camcorders,For parts or not working,149.95,USD,"FIXED_PRICE,BEST_OFFER",17,0,,US,keeper.of.the.grumper,98.9,2026-08-14T21:04:54.000Z,,https://www.ebay.com/itm/820002668325?hash=itembeebf7bf25:g:7WoAAeSwCz5qfzjG,https://i.ebayimg.com/images/g/7WoAAeSwCz5qfzjG/s-l225.jpg
型号不明,29.0,Mater Works [MINT] Fujica Mini 35mm Half-frame Camera 25mm f2.8 Lens From JAPAN,,Film Cameras,Used,149.99,USD,FIXED_PRICE,10,0,good-cond,JP,kosod-78,100.0,2026-08-14T23:48:29.000Z,,https://www.ebay.com/itm/147505489496?hash=item2258032658:g:jqAAAeSwCz5qf6mL,https://i.ebayimg.com/images/g/jqAAAeSwCz5qf6mL/s-l225.jpg
型号不明,29.0,[N MINT] Minoltacord Automat Chiyoko TLR Film Camera Rokkor 75mm f3.5 From JAPAN,,Film Cameras,Used,170.99,USD,FIXED_PRICE,18,0,mount:minolta md;good-cond,JP,taknis-78,100.0,2026-08-15T10:49:30.000Z,,https://www.ebay.com/itm/336743645965?hash=item4e677c430d:g:uacAAeSwF~xqgEVv,https://i.ebayimg.com/images/g/uacAAeSwF~xqgEVv/s-l225.jpg
型号不明,29.0,[ Top MINT ] Nicca 3F IIIf Rangefinder 35mm Film Camera L39 LTM Screw From JAPAN,,Film Cameras,Used,199.95,USD,FIXED_PRICE,13,0,mount:ltm/l39;good-cond,JP,shop365tokyo,100.0,2026-08-15T03:16:48.000Z,,https://www.ebay.com/itm/158189916063?hash=item24d4da8f9f:g:~-EAAeSw9jhqf9tG,https://i.ebayimg.com/images/g/~-EAAeSw9jhqf9tG/s-l225.jpg
型号不明,29.0,CLA'd [MINT] Leotax F Rangefinder 35mm Film Camera Body L39 LTM Mount From JAPAN,,Film Cameras,Used,339.99,USD,"FIXED_PRICE,BEST_OFFER",11,0,mount:ltm/l39;good-cond,JP,g.v.international,98.4,2026-08-14T14:36:08.000Z,,https://www.ebay.com/itm/366605475717?hash=item555b639f85:g:1LoAAeSwbKppL5Gw,https://i.ebayimg.com/images/g/1LoAAeSwbKppL5Gw/s-l225.jpg
型号不明,28.0,VINTAGE ANTIQUE AGFA CAMERA + CASE EXCELLENT CONDITION,Agfa,Vintage Cameras,,0.0,USD,"AUCTION,BEST_OFFER",4,0,auction,IT,fecondator,100.0,2026-08-14T18:29:14.000Z,2026-08-24T18:29:14.000Z,https://www.ebay.com/itm/407144949194?hash=item5ecbbae5ca:g:AvwAAOSwl0xecheR,https://i.ebayimg.com/images/g/AvwAAOSwl0xecheR/s-l225.jpg
型号不明,28.0,Jupiter 21M f4/200 USSR Russian EXC!!! SLR Telephoto Lens for camera Zenit Nikon,Zenit,Lenses,Open box,0.0,USD,AUCTION,9,0,good-cond;auction,UA,artado,100.0,2026-08-14T14:06:26.000Z,2026-08-24T14:06:26.000Z,https://www.ebay.com/itm/198570836859?hash=item2e3bbe837b:g:eksAAeSwAfJqfx-L,https://i.ebayimg.com/images/g/eksAAeSwAfJqfx-L/s-l225.jpg
打包杂件,28.0,Fujifilm Instax Mini 7S Instant Film Camera Lot of 2 Pink & White Tested,Fujifilm,Vintage Cameras,,33.99,USD,FIXED_PRICE,7,0,neg,US,goodwillsocalshop,99.7,2026-08-15T09:59:24.000Z,,https://www.ebay.com/itm/267757890131?hash=item3e579d2a53:g:RGUAAeSwhZ9qW32g,https://i.ebayimg.com/images/g/RGUAAeSwhZ9qW32g/s-l225.jpg
型号不明,28.0,Vintage Soviet Kvarz-2M 8mm Movie Camera USSR 1967 Working Boxed Set KMZ,,Vintage Cameras,,60.0,USD,"FIXED_PRICE,BEST_OFFER",18,0,good-cond,UA,market_artifakt_tm,100.0,2026-08-15T12:04:49.000Z,,https://www.ebay.com/itm/198572874402?hash=item2e3bdd9aa2:g:wHQAAeSw3w1p44Kt,https://i.ebayimg.com/images/g/wHQAAeSw3w1p44Kt/s-l225.jpg
型号不明,27.0,Sears KSX Super 35mm Film Camera w/ Auto 50mm 1:1.7 MC Lens K Mount SLR Vtg,,Film Cameras,Used,40.7,USD,"FIXED_PRICE,BEST_OFFER",6,0,mount:pentax k,US,frostsshop,100.0,2026-08-14T04:10:56.000Z,,https://www.ebay.com/itm/398283544503?hash=item5cbb8c97b7:g:9zsAAeSwTrRqfpQ3,https://i.ebayimg.com/images/g/9zsAAeSwTrRqfpQ3/s-l225.jpg
残件/按现状,27.0,"Sony Handycam (CCD-F77) Video 8 Camcorder W/ Case, Charger, Remote, Cords",Sony,Camcorders,For parts or not working,80.0,USD,"FIXED_PRICE,BEST_OFFER",14,0,,US,cmcollectiblesnmore,100.0,2026-08-14T15:58:04.000Z,,https://www.ebay.com/itm/820001821045?hash=itembeebead175:g:86wAAeSwK25nxJsP,https://i.ebayimg.com/images/g/86wAAeSwK25nxJsP/s-l225.jpg
残件/按现状,27.0,Sony Handycam Digital8 DCR-TRV280 Camcorder w/Case TESTED!!! READ DESCRIPTION!!!,Sony,Camcorders,Used,82.61,USD,FIXED_PRICE,11,0,,US,goodwillomaha,99.8,2026-08-14T10:04:33.000Z,,https://www.ebay.com/itm/287524412212?hash=item42f1ca5b34:g:trUAAeSwqmpqX7~B,https://i.ebayimg.com/images/g/trUAAeSwqmpqX7~B/s-l225.jpg
残件/按现状,27.0,"Sony Handycam Vision CCD-TRV67 Hi8 20x/360x Zoom 3.5"" LCD NightShot",Sony,Camcorders,For parts or not working,86.0,USD,"FIXED_PRICE,BEST_OFFER",8,0,,US,buymystuffthankuu,100.0,2026-08-14T18:06:09.000Z,,https://www.ebay.com/itm/188792760276?hash=item2bf4ece7d4:g:yVMAAeSwxthqf1jx,https://i.ebayimg.com/images/g/yVMAAeSwxthqf1jx/s-l225.jpg
残件/按现状,27.0,Sony HDR-XR200V 120GB HD Handycam Camcorder No Charger. Untested (READ),Sony,Camcorders,Used,89.99,USD,"FIXED_PRICE,BEST_OFFER",18,0,as-is,US,buckhorizons,100.0,2026-08-15T13:46:54.000Z,,https://www.ebay.com/itm/206493214117?hash=item3013f465a5:g:iX0AAeSwIvJqgG0Y,https://i.ebayimg.com/images/g/iX0AAeSwIvJqgG0Y/s-l225.jpg
残件/按现状,27.0,Sony Handycam CCD-TR5 Video8 Camcorder 6x Zoom And Extras No Batteries Untested,Sony,Camcorders,Used,99.0,USD,"FIXED_PRICE,BEST_OFFER",7,0,as-is,US,the80sbest,99.1,2026-08-14T07:16:47.000Z,,https://www.ebay.com/itm/298586876886?hash=item45852a2bd6:g:o68AAeSwxkhqfsBi,https://i.ebayimg.com/images/g/o68AAeSwxkhqfsBi/s-l225.jpg
残件/按现状,27.0,2 NONWORKING Sony Handycam 8mm Camcorder CCD-TRV37 37 TRV CCD Hi8 PARTS REPAIR,Sony,Camcorders,For parts or not working,102.99,USD,FIXED_PRICE,11,0,,US,dmodeforlife,100.0,2026-08-14T08:29:09.000Z,,https://www.ebay.com/itm/168612893969?hash=item27421c9511:g:meYAAOSwfDpnsERP,https://i.ebayimg.com/images/g/meYAAOSwfDpnsERP/s-l225.jpg
型号不明,27.0,Super Excellent condition Cyber shot DSC HX5V Gold SONY Digital Camera Body and,Sony,Digital Cameras,Used,119.59,USD,"FIXED_PRICE,BEST_OFFER",2,0,,JP,tanigawa-shokai4,100.0,2026-08-14T10:58:05.000Z,,https://www.ebay.com/itm/178406005335?hash=item2989d39a57:g:tIoAAeSwwSNqfvWw,https://i.ebayimg.com/images/g/tIoAAeSwwSNqfvWw/s-l225.jpg
残件/按现状,27.0,Defective item Panasonic Compact Digital Camera LUMIX DMC SZ7 T Brown Used Good,Panasonic,Digital Cameras,Used,124.25,USD,"FIXED_PRICE,BEST_OFFER",12,0,as-is,JP,tanigawa-shokai4,100.0,2026-08-14T10:58:06.000Z,,https://www.ebay.com/itm/178406005391?hash=item2989d39a8f:g:gq8AAeSwFkJqfvWt,https://i.ebayimg.com/images/g/gq8AAeSwFkJqfvWt/s-l225.jpg
残件/按现状,27.0,as is SONY Cyber shot DSC HX300 20.4MP 50x optical zoom Carl Zeiss shake correct,Sony,Digital Cameras,Used,126.39,USD,"FIXED_PRICE,BEST_OFFER",9,0,as-is,JP,tanigawa-shokai4,100.0,2026-08-14T10:58:04.000Z,,https://www.ebay.com/itm/178406005138?hash=item2989d39992:g:wqwAAeSwDjZqfvVz,https://i.ebayimg.com/images/g/wqwAAeSwDjZqfvVz/s-l225.jpg
残件/按现状,27.0,186000 Tested and working SONY as is Cyber Shot compact digital camera DSC T77 B,Sony,Digital Cameras,Used,134.17,USD,"FIXED_PRICE,BEST_OFFER",9,0,as-is,JP,tanigawa-shokai4,100.0,2026-08-14T10:58:04.000Z,,https://www.ebay.com/itm/178406005203?hash=item2989d399d3:g:vfkAAeSw6glqfvXt,https://i.ebayimg.com/images/g/vfkAAeSw6glqfvXt/s-l225.jpg
残件/按现状,27.0,【AS-IS】Sony Cyber shot DSC-TX30 18.2MP Compact Digital Camera Orange From Japan,Sony,Digital Cameras,Used,149.99,USD,FIXED_PRICE,22,0,as-is,JP,ak-4911,100.0,2026-08-14T09:09:32.000Z,,https://www.ebay.com/itm/318728299221?hash=item4a35afe2d5:g:2HoAAeSwOvFoe4pl,https://i.ebayimg.com/images/g/2HoAAeSwOvFoe4pl/s-l225.jpg
打包杂件,27.0,Canon PowerShot Digital ELPH SD400 / Digital IXUS 50 5.0MP Digital Camera Bundle,Canon,Digital Cameras,Used,164.95,USD,"FIXED_PRICE,BEST_OFFER",13,0,,US,bluesantanasupplyco,100.0,2026-08-14T16:18:37.000Z,,https://www.ebay.com/itm/820001855177?hash=itembeebeb56c9:g:lkgAAeSwGjRp3oQm,https://i.ebayimg.com/images/g/lkgAAeSwGjRp3oQm/s-l225.jpg
残件/按现状,27.0,Canon PowerShot ELPH 190 Is Digital Black Camera,Canon,Digital Cameras,For parts or not working,164.98,USD,"FIXED_PRICE,BEST_OFFER",7,0,,US,g2g_liquidators,99.8,2026-08-14T13:40:03.000Z,,https://www.ebay.com/itm/287524813739?hash=item42f1d07bab:g:ICsAAeSwndBqfxqs,https://i.ebayimg.com/images/g/ICsAAeSwndBqfxqs/s-l225.jpg
残件/按现状,27.0,Canon PowerShot ELPH 160 / IXUS 160 20.0MP Digital Camera In Box - Black Parts!,Canon,Digital Cameras,For parts or not working,179.95,USD,FIXED_PRICE,23,0,,US,killscreengames,100.0,2026-08-14T13:17:52.000Z,,https://www.ebay.com/itm/298587585865?hash=item458534fd49:g:i94AAeSwtqtqfoV7,https://i.ebayimg.com/images/g/i94AAeSwtqtqfoV7/s-l225.jpg
残件/按现状,27.0,Canon PowerShot ELPH 190 Is Black Digital Camera,Canon,Digital Cameras,For parts or not working,180.99,USD,"FIXED_PRICE,BEST_OFFER",7,0,,US,g2g_liquidators,99.8,2026-08-14T14:15:25.000Z,,https://www.ebay.com/itm/287524851761?hash=item42f1d11031:g:haEAAeSw~8JqfyLr,https://i.ebayimg.com/images/g/haEAAeSw~8JqfyLr/s-l225.jpg
打包杂件,27.0,🚨 Canon PowerShot SD960 IS Digital ELPH 12.1MP Camera w/ Charger Bundle Tested,Canon,Digital Cameras,Used,185.0,USD,FIXED_PRICE,16,0,,US,24-7-tradingcompany,99.3,2026-08-14T12:25:03.000Z,,https://www.ebay.com/itm/117359058885?hash=item1b53251fc5:g:oMQAAeSwA9Fqfwj3,https://i.ebayimg.com/images/g/oMQAAeSwA9Fqfwj3/s-l225.jpg
残件/按现状,27.0,Canon EOS 5D Mark III 22.3MP DSLR Camera BODY ONLY! UNTESTED!!! PARTS/REPAIR!!!,Canon,Digital Cameras,For parts or not working,202.49,USD,FIXED_PRICE,7,0,as-is,US,goodwillomaha,99.8,2026-08-14T09:56:02.000Z,,https://www.ebay.com/itm/278279111927?hash=item40caba44f7:g:GRMAAeSw8vVqajE2,https://i.ebayimg.com/images/g/GRMAAeSw8vVqajE2/s-l225.jpg
残件/按现状,27.0,Canon EOS 5D Mark III 22.3MP Digital SLR Camera Body UNTESTED!!! PARTS/REPAIR!!!,Canon,Digital Cameras,For parts or not working,202.49,USD,FIXED_PRICE,9,0,as-is,US,goodwillomaha,99.8,2026-08-14T09:21:56.000Z,,https://www.ebay.com/itm/287524343442?hash=item42f1c94e92:g:jjwAAeSwe4RqajK~,https://i.ebayimg.com/images/g/jjwAAeSwe4RqajK~/s-l225.jpg
型号不明,27.0,Sigma TC-2001 2x Teleconverter for Nikon F #393,Sigma,Lenses,Excellent - Refurbished,234.33,USD,"FIXED_PRICE,BEST_OFFER",6,0,mount:nikon f,US,robertscamera,99.8,2026-08-14T23:09:22.000Z,,https://www.ebay.com/itm/147505449507?hash=item2258028a23:g:bnYAAeSwHk1qNA1l,https://i.ebayimg.com/images/g/bnYAAeSwHk1qNA1l/s-l225.jpg
型号不明,27.0,Nikon Telephoto Zoom Lens Used Japan,Nikon,Lenses,Used,399.54,USD,"FIXED_PRICE,BEST_OFFER",3,0,low-feedback,JP,nissn_3,95.0,2026-08-14T13:26:27.000Z,,https://www.ebay.com/itm/366605344032?hash=item555b619d20:g:HKEAAeSwy0Vqfxia,https://i.ebayimg.com/images/g/HKEAAeSwy0Vqfxia/s-l225.jpg
型号不明,27.0,Canon 4113C002 Extender RF 1.4x Teleconverter,Canon,Lenses,Used,449.0,USD,FIXED_PRICE,4,0,mount:canon rf,US,pixignature,100.0,2026-08-14T05:54:03.000Z,,https://www.ebay.com/itm/407143355937?hash=item5ecba29621:g:Ye8AAeSwv-Jqfq0W,https://i.ebayimg.com/images/g/Ye8AAeSwv-Jqfq0W/s-l225.jpg
残件/按现状,27.0,Nikon AF-S NIKKOR 300mm f/4E PF ED VR *VR is not working*,Nikon,Lenses,Used,449.99,USD,"FIXED_PRICE,BEST_OFFER",4,0,mount:nikon f;as-is,US,genessouthbend,99.8,2026-08-14T15:43:59.000Z,,https://www.ebay.com/itm/227475842488?hash=item34f69de5b8:g:u4QAAeSwg5hqfzao,https://i.ebayimg.com/images/g/u4QAAeSwg5hqfzao/s-l225.jpg
型号不明,27.0,Fine Early Nikon/Nippon Kogaku 5cm f2 Nikkor-S Tick Mark Lens 9 blade Pat.Pend.,Nikon,Lenses,Used,585.0,USD,"FIXED_PRICE,BEST_OFFER",6,0,mount:nikon f,US,abc_collectiblesl,99.6,2026-08-14T15:32:40.000Z,,https://www.ebay.com/itm/398285317069?hash=item5cbba7a3cd:g:kuIAAeSwW4tqfzHa,https://i.ebayimg.com/images/g/kuIAAeSwW4tqfzHa/s-l225.jpg
型号不明,27.0,Canon Extender RF 2x Teleconverter,Canon,Lenses,Used,606.32,USD,FIXED_PRICE,3,0,mount:canon rf,US,dealsdropoutlet,99.3,2026-08-14T19:23:02.000Z,,https://www.ebay.com/itm/278280543535?hash=item40cad01d2f:g:wLwAAeSw7OJqf2sU,https://i.ebayimg.com/images/g/wLwAAeSw7OJqf2sU/s-l225.jpg
型号不明,27.0,CANON RF100mm F2.8 L Macro IS USM for Canon RF mount. Used only for review.,Canon,Lenses,Open box,1150.0,USD,"FIXED_PRICE,BEST_OFFER",3,0,mount:canon rf,US,matias_snapshots,0.0,2026-08-14T14:33:11.000Z,,https://www.ebay.com/itm/278279818215?hash=item40cac50be7:g:Qf8AAeSwjZxqfyaA,https://i.ebayimg.com/images/g/Qf8AAeSwjZxqfyaA/s-l225.jpg
型号不明,27.0,Hasselblad HS Series Lens Set of 5 Rehoused by Whitepoint Optics,Hasselblad,Lenses,Used,55000.0,USD,"FIXED_PRICE,BEST_OFFER",5,0,,US,fjs-international,100.0,2026-08-14T14:24:22.000Z,,https://www.ebay.com/itm/178406464670?hash=item2989da9c9e:g:qVgAAeSwPZVqfyPA,https://i.ebayimg.com/images/g/qVgAAeSwPZVqfyPA/s-l225.jpg
残件/按现状,26.0,Canon Canovision EX1 Hi (Hi8) Video Camera X3 (Untested),Canon,Camcorders,For parts or not working,103.21,USD,FIXED_PRICE,10,0,as-is,GB,chocomelt,100.0,2026-08-14T17:19:19.000Z,,https://www.ebay.com/itm/198571150711?hash=item2e3bc34d77:g:ogIAAeSw5Vxqf03l,https://i.ebayimg.com/images/g/ogIAAeSw5Vxqf03l/s-l225.jpg
打包杂件,26.0,Nikon D3100 DSLR Camera with 18-55mm and 55-200mm Lenses Bundle,Nikon,Digital Cameras,Used,293.79,USD,"FIXED_PRICE,BEST_OFFER",11,0,55mm,JP,toshiro-eguchi,99.7,2026-08-14T11:47:59.000Z,,https://www.ebay.com/itm/307126208432?hash=item47822607b0:g:Pa4AAeSwdUJqfwJb,https://i.ebayimg.com/images/g/Pa4AAeSwdUJqfwJb/s-l225.jpg
残件/按现状,25.0,Nikon COOLPIX L120 14.1MP Digital Camera 21x Zoom NIKKOR Lens Black Untested,Nikon,Digital Cameras,Used,0.0,USD,AUCTION,5,0,mount:nikon f;as-is;auction,US,ccdg,100.0,2026-08-14T06:10:00.000Z,2026-08-21T06:10:00.000Z,https://www.ebay.com/itm/307124482591?hash=item47820bb21f:g:sfIAAeSwrmRqQr57,https://i.ebayimg.com/images/g/sfIAAeSwrmRqQr57/s-l225.jpg
打包杂件,25.0,Vivitar HD Action Waterproof Camera/Camcorder - Silver w/ Accessory Bundle,Vivitar,Camcorders,New,28.99,USD,"FIXED_PRICE,BEST_OFFER",1,0,,US,ritekite,99.8,2026-08-15T02:32:06.000Z,,https://www.ebay.com/itm/257681118726?hash=item3bfefdd606:g:~7gAAOSwBxJgjYmB,https://i.ebayimg.com/images/g/~7gAAOSwBxJgjYmB/s-l225.jpg
型号不明,25.0,[Top MINT] Sea & Sea Wide Conversion Lens 0.6x For DX-5000G From JAPAN,,Lenses,Used,49.99,USD,FIXED_PRICE,23,0,good-cond,JP,authentic.heritage.japan,100.0,2026-08-14T15:56:52.000Z,,https://www.ebay.com/itm/307126613580?hash=item47822c364c:g:vWkAAeSwsnZqfztB,https://i.ebayimg.com/images/g/vWkAAeSwsnZqfztB/s-l225.jpg
残件/按现状,25.0,Vintage Kodak Zoom 8 Reflex Movie Camera w/Case TESTED!!! READ DESCRIPTION!!!,Kodak,Camcorders,Used,58.49,USD,FIXED_PRICE,7,0,,US,goodwillomaha,99.8,2026-08-15T09:59:37.000Z,,https://www.ebay.com/itm/287526437891?hash=item42f1e94403:g:hRwAAeSwCN1qdgdo,https://i.ebayimg.com/images/g/hRwAAeSwCN1qdgdo/s-l225.jpg
型号不明,25.0,1977 Bell & Howell 2123 XL 8mm Movie Camera with original manual & Receipt NIB,,Vintage Cameras,,72.15,USD,"FIXED_PRICE,BEST_OFFER",8,0,good-cond,US,kojos_collection,100.0,2026-08-15T07:36:44.000Z,,https://www.ebay.com/itm/298589585123?hash=item4585537ee3:g:w3IAAeSwbyRoKm~o,https://i.ebayimg.com/images/g/w3IAAeSwbyRoKm~o/s-l225.jpg
型号不明,25.0,Functional GAF S/72 Super 8 Zoom/ Serviced Working+Box Manual +Light Kit +Bulbs,,Vintage Cameras,,90.0,USD,FIXED_PRICE,11,0,good-cond,US,swearingin_photography,100.0,2026-08-14T05:21:44.000Z,,https://www.ebay.com/itm/358924851117?hash=item53919697ad:g:nhwAAeSwD-BqX~X~,https://i.ebayimg.com/images/g/nhwAAeSwD-BqX~X~/s-l225.jpg
型号不明,25.0,🍙 Super Rare Near Mint 🍙 Granada 35mm f2.8 M42 Wide Angle MF Lens Japan,,Lenses,Used,149.99,USD,FIXED_PRICE,10,0,mount:m42;good-cond,JP,nokik_0,99.4,2026-08-14T12:21:51.000Z,,https://www.ebay.com/itm/188791515855?hash=item2bf4d9eacf:g:VksAAeSwMtBqOSwM,https://i.ebayimg.com/images/g/VksAAeSwMtBqOSwM/s-l225.jpg
型号不明,25.0,TAMRON PENTAX AF SP Di 90mmF2.8 MACRO Used,Tamron,Lenses,Used,156.83,USD,FIXED_PRICE,7,0,,JP,hard-off-japan-in-au,99.2,2026-08-14T17:37:55.000Z,,https://www.ebay.com/itm/318730128219?hash=item4a35cbcb5b:g:YmgAAeSwDjZqf3RM,https://i.ebayimg.com/images/g/YmgAAeSwDjZqf3RM/s-l225.jpg
型号不明,25.0,Sony Lens SEL50F18F Used,Sony,Lenses,Used,252.47,USD,FIXED_PRICE,6,0,,JP,hard-off-japan-in-au,99.2,2026-08-14T17:37:42.000Z,,https://www.ebay.com/itm/318730127825?hash=item4a35cbc9d1:g:03QAAeSwSOpqf3Sg,https://i.ebayimg.com/images/g/03QAAeSwSOpqf3Sg/s-l225.jpg
型号不明,25.0,Standard Zoom Lens SEL2860 for SONY αE mount Used,Sony,Lenses,Used,252.47,USD,FIXED_PRICE,3,0,,JP,hard-off-japan-in-au,99.2,2026-08-14T17:37:38.000Z,,https://www.ebay.com/itm/318730127726?hash=item4a35cbc96e:g:AmoAAeSwfDJqf3Tn,https://i.ebayimg.com/images/g/AmoAAeSwfDJqf3Tn/s-l225.jpg
型号不明,25.0,Sony Standard Zoom Lens SEL2870 Used,Sony,Lenses,Used,252.47,USD,FIXED_PRICE,5,0,,JP,hard-off-japan-in-au,99.2,2026-08-14T17:37:21.000Z,,https://www.ebay.com/itm/318730127251?hash=item4a35cbc793:g:RTsAAeSw4U1qf3RU,https://i.ebayimg.com/images/g/RTsAAeSw4U1qf3RU/s-l225.jpg
型号不明,25.0,"[ EXC5+ ] KODAK COMMERCIAL EKTAR LENS 8 1/2"" F6.3 From JP #e17494",Kodak,Lenses,Used,276.99,USD,FIXED_PRICE,23,0,,JP,z1came-0,99.7,2026-08-14T14:10:14.000Z,,https://www.ebay.com/itm/407144451641?hash=item5ecbb34e39:g:QlsAAeSwwplqBzKD,https://i.ebayimg.com/images/g/QlsAAeSwwplqBzKD/s-l225.jpg
型号不明,25.0,SIGMA Replacement Lens DC 17-70mm1:2.8-4.5 MacR Used,Sigma,Lenses,Used,281.17,USD,FIXED_PRICE,12,0,,JP,hard-off-japan-in-au,99.2,2026-08-14T17:37:16.000Z,,https://www.ebay.com/itm/318730127137?hash=item4a35cbc721:g:DbwAAeSwJ2dqf3UV,https://i.ebayimg.com/images/g/DbwAAeSwJ2dqf3UV/s-l225.jpg
型号不明,25.0,Authentic SIGMA EOS(C)17-70/2.8-4DC MACRO #270-004-380-2538,Sigma,Lenses,Used,291.2,USD,FIXED_PRICE,9,0,,JP,komehyo,99.5,2026-08-14T23:12:03.000Z,,https://www.ebay.com/itm/178407714726?hash=item2989edafa6:g:HyEAAeSwW4tqf6C9,https://i.ebayimg.com/images/g/HyEAAeSwW4tqf6C9/s-l225.jpg
型号不明,25.0,PANASONIC Single Focal Lens H-ES045 Used,Panasonic,Lenses,Used,348.12,USD,FIXED_PRICE,3,0,,JP,hard-off-japan-in-au,99.2,2026-08-14T17:37:47.000Z,,https://www.ebay.com/itm/318730127968?hash=item4a35cbca60:g:OWIAAeSwoUJqf3Uk,https://i.ebayimg.com/images/g/OWIAAeSwoUJqf3Uk/s-l225.jpg
型号不明,25.0,TAMRON Telephoto Lens 70-200 2.8 IF MACRO Used,Tamron,Lenses,Used,348.12,USD,FIXED_PRICE,4,0,,JP,hard-off-japan-in-au,99.2,2026-08-14T17:37:47.000Z,,https://www.ebay.com/itm/318730127985?hash=item4a35cbca71:g:G08AAeSwBJRqf3Ql,https://i.ebayimg.com/images/g/G08AAeSwBJRqf3Ql/s-l225.jpg
型号不明,25.0,TOKINA Lens AT-X 16-28 F2.8 PRO Used,Tokina,Lenses,Used,348.12,USD,FIXED_PRICE,3,0,,JP,hard-off-japan-in-au,99.2,2026-08-14T17:37:34.000Z,,https://www.ebay.com/itm/318730127605?hash=item4a35cbc8f5:g:Ma8AAeSwpAlqf3Uu,https://i.ebayimg.com/images/g/Ma8AAeSwpAlqf3Uu/s-l225.jpg
型号不明,25.0,Authentic PANASONIC Discontinued G14-140/3.5-5.6 POWER #270-004-376-7585,Panasonic,Lenses,Used,350.73,USD,FIXED_PRICE,9,0,,JP,komehyo,99.5,2026-08-14T23:01:55.000Z,,https://www.ebay.com/itm/298588717598?hash=item458546421e:g:o18AAeSwFplqf55f,https://i.ebayimg.com/images/g/o18AAeSwFplqf55f/s-l225.jpg
型号不明,25.0,CANON Lens EF15mm F2.8 Fish Eye Single-Focus Used,Canon,Lenses,Used,404.61,USD,FIXED_PRICE,5,0,,JP,beecruise04,98.5,2026-08-14T14:38:49.000Z,,https://www.ebay.com/itm/318729452539?hash=item4a35c17bfb:g:qSEAAeSw0hNqfylu,https://i.ebayimg.com/images/g/qSEAAeSw0hNqfylu/s-l225.jpg
型号不明,25.0,Canon RF28mm F2.8 STM lens 243476,Canon,Lenses,Used,424.94,USD,FIXED_PRICE,9,0,,JP,digree_japan,99.7,2026-08-14T22:44:00.000Z,,https://www.ebay.com/itm/307127036316?hash=item478232a99c:g:0hoAAeSwvnpqf5qt,https://i.ebayimg.com/images/g/0hoAAeSwvnpqf5qt/s-l225.jpg
型号不明,25.0,Canon RF28mm F2.8 STM 984181,Canon,Lenses,Used,446.74,USD,FIXED_PRICE,1,0,,JP,digree_japan,99.7,2026-08-14T22:44:00.000Z,,https://www.ebay.com/itm/307127036329?hash=item478232a9a9:g:xKcAAeSw64Zqf5rn,https://i.ebayimg.com/images/g/xKcAAeSw64Zqf5rn/s-l225.jpg
型号不明,25.0,Canon Extender EF1.4X III,Canon,Lenses,Used,449.99,USD,FIXED_PRICE,17,0,,JP,info_tanikawa,97.8,2026-08-14T20:13:44.000Z,,https://www.ebay.com/itm/227476135548?hash=item34f6a25e7c:g:VdQAAeSw9ZVqX7u0,https://i.ebayimg.com/images/g/VdQAAeSw9ZVqX7u0/s-l225.jpg
型号不明,25.0,Authentic CANON RF45/1.2 STM #260-007-532-4599,Canon,Lenses,Used,462.36,USD,FIXED_PRICE,9,0,,JP,komehyo,99.5,2026-08-14T23:11:20.000Z,,https://www.ebay.com/itm/178407713455?hash=item2989edaaaf:g:Z1wAAeSwiodqf6CU,https://i.ebayimg.com/images/g/Z1wAAeSwiodqf6CU/s-l225.jpg
型号不明,25.0,Authentic CANON EF35/2IS USM #270-004-380-2637,Canon,Lenses,Used,477.24,USD,FIXED_PRICE,9,0,,JP,komehyo,99.5,2026-08-14T23:07:07.000Z,,https://www.ebay.com/itm/298588721355?hash=item45854650cb:g:HXwAAeSwFz1qf5-X,https://i.ebayimg.com/images/g/HXwAAeSwFz1qf5-X/s-l225.jpg
型号不明,25.0,Authentic NIKON Z24-70/4S #260-007-314-4519,Nikon,Lenses,Used,492.12,USD,FIXED_PRICE,9,0,,JP,komehyo,99.5,2026-08-14T23:10:36.000Z,,https://www.ebay.com/itm/407145363813?hash=item5ecbc13965:g:F9kAAeSwBXxqf6Bo,https://i.ebayimg.com/images/g/F9kAAeSwBXxqf6Bo/s-l225.jpg
型号不明,25.0,Canon EF100mm F2.8L Macro IS USM DSLR Lens From Japan Tested [Read Cond],Canon,Lenses,Used,500.0,USD,"FIXED_PRICE,BEST_OFFER",7,0,,JP,re-camera,99.8,2026-08-14T08:43:59.000Z,,https://www.ebay.com/itm/227475347888?hash=item34f69659b0:g:N6QAAeSw1~lqftY-,https://i.ebayimg.com/images/g/N6QAAeSw1~lqftY-/s-l225.jpg
型号不明,25.0,Canon EF300mm F4L IS USM DSLR Lens From Japan Tested [Read Cond],Canon,Lenses,Used,520.0,USD,"FIXED_PRICE,BEST_OFFER",8,0,,JP,re-camera,99.8,2026-08-14T08:43:59.000Z,,https://www.ebay.com/itm/327309685938?hash=item4c352d74b2:g:sgwAAeSwXRhqftZ~,https://i.ebayimg.com/images/g/sgwAAeSwXRhqftZ~/s-l225.jpg
型号不明,25.0,Authentic FUJIFILM XF16-80/4R OIS WR #270-004-380-3023,Fujifilm,Lenses,Used,521.89,USD,FIXED_PRICE,9,0,,JP,komehyo,99.5,2026-08-14T23:07:19.000Z,,https://www.ebay.com/itm/407145358574?hash=item5ecbc124ee:g:6U4AAeSwd3dqf5-k,https://i.ebayimg.com/images/g/6U4AAeSwd3dqf5-k/s-l225.jpg
型号不明,25.0,Authentic CANON RF15-30/4.5-6.3IS STM #270-004-380-2804,Canon,Lenses,Used,521.89,USD,FIXED_PRICE,9,0,,JP,komehyo,99.5,2026-08-14T23:07:14.000Z,,https://www.ebay.com/itm/298588721479?hash=item4585465147:g:rgIAAeSwJ2dqf5-d,https://i.ebayimg.com/images/g/rgIAAeSwJ2dqf5-d/s-l225.jpg
型号不明,25.0,Canon EF400mm F5.6L USM DSLR Lens From Japan Tested [Read Cond],Canon,Lenses,Used,580.0,USD,"FIXED_PRICE,BEST_OFFER",8,0,,JP,re-camera,99.8,2026-08-14T08:43:59.000Z,,https://www.ebay.com/itm/227475347883?hash=item34f69659ab:g:pYkAAeSweEtqftYK,https://i.ebayimg.com/images/g/pYkAAeSweEtqftYK/s-l225.jpg
残件/按现状,25.0,NIKON AF MICRO 200MM F4D ED Junk Used,Nikon,Lenses,Used,587.24,USD,FIXED_PRICE,5,0,as-is,JP,hard-off-japan-in-au,99.2,2026-08-14T17:37:25.000Z,,https://www.ebay.com/itm/318730127351?hash=item4a35cbc7f7:g:SaEAAeSwAuVqf3R5,https://i.ebayimg.com/images/g/SaEAAeSwAuVqf3R5/s-l225.jpg
型号不明,25.0,Authentic CANON EF16-35/2.8LIIUSM #270-004-377-6730,Canon,Lenses,Used,588.86,USD,FIXED_PRICE,9,0,,JP,komehyo,99.5,2026-08-14T23:01:30.000Z,,https://www.ebay.com/itm/298588717283?hash=item45854640e3:g:cmEAAeSw1WFqf55F,https://i.ebayimg.com/images/g/cmEAAeSw1WFqf55F/s-l225.jpg
型号不明,25.0,PENTAX HD PENTAX-D FA MACRO 100mmF2.8ED AW BLACK 539195,Pentax,Lenses,Used,603.1,USD,FIXED_PRICE,5,0,,JP,digree_japan,99.7,2026-08-15T00:02:29.000Z,,https://www.ebay.com/itm/307127105311?hash=item478233b71f:g:c30AAeSw1~Nqf61M,https://i.ebayimg.com/images/g/c30AAeSw1~Nqf61M/s-l225.jpg
型号不明,25.0,Authentic CANON EF70-200/4L IS USM #270-004-377-6747,Canon,Lenses,Used,611.19,USD,FIXED_PRICE,9,0,,JP,komehyo,99.5,2026-08-14T23:08:20.000Z,,https://www.ebay.com/itm/407145359956?hash=item5ecbc12a54:g:JIcAAeSwGbJqf5~f,https://i.ebayimg.com/images/g/JIcAAeSwGbJqf5~f/s-l225.jpg
型号不明,25.0,Canon RF45mm F1.2 STM 315635,Canon,Lenses,Used,678.5,USD,FIXED_PRICE,2,0,,JP,digree_japan,99.7,2026-08-15T00:10:07.000Z,,https://www.ebay.com/itm/307127119755?hash=item478233ef8b:g:YeoAAeSwCYxqf69S,https://i.ebayimg.com/images/g/YeoAAeSwCYxqf69S/s-l225.jpg
型号不明,25.0,Canon RF45mm F1.2 STM 316059,Canon,Lenses,Used,678.5,USD,FIXED_PRICE,5,0,,JP,digree_japan,99.7,2026-08-15T00:08:18.000Z,,https://www.ebay.com/itm/307127116798?hash=item478233e3fe:g:MmwAAeSw8vxqf66x,https://i.ebayimg.com/images/g/MmwAAeSw8vxqf66x/s-l225.jpg
型号不明,25.0,Canon RF45mm F1.2 STM 315850,Canon,Lenses,Used,678.5,USD,FIXED_PRICE,5,0,,JP,digree_japan,99.7,2026-08-15T00:08:18.000Z,,https://www.ebay.com/itm/307127116805?hash=item478233e405:g:htcAAeSwQzFqf68l,https://i.ebayimg.com/images/g/htcAAeSwQzFqf68l/s-l225.jpg
型号不明,25.0,Canon RF45mm F1.2 STM 315954,Canon,Lenses,Used,678.5,USD,FIXED_PRICE,5,0,,JP,digree_japan,99.7,2026-08-15T00:08:18.000Z,,https://www.ebay.com/itm/307127116812?hash=item478233e40c:g:6wEAAeSwFU5qf66q,https://i.ebayimg.com/images/g/6wEAAeSwFU5qf66q/s-l225.jpg
型号不明,25.0,Canon RF45mm F1.2 STM 315472,Canon,Lenses,Used,678.5,USD,FIXED_PRICE,5,0,,JP,digree_japan,99.7,2026-08-15T00:08:18.000Z,,https://www.ebay.com/itm/307127116815?hash=item478233e40f:g:pRUAAeSwQQxqf66p,https://i.ebayimg.com/images/g/pRUAAeSwQQxqf66p/s-l225.jpg
型号不明,25.0,Canon Extender RF2.0X 166286,Canon,Lenses,Used,728.82,USD,FIXED_PRICE,2,0,,JP,digree_japan,99.7,2026-08-15T00:10:07.000Z,,https://www.ebay.com/itm/307127119750?hash=item478233ef86:g:n68AAeSwP~Vqf6-O,https://i.ebayimg.com/images/g/n68AAeSwP~Vqf6-O/s-l225.jpg
型号不明,25.0,Authentic CANON RF100-400/5.6-8 IS USM #270-004-380-2811,Canon,Lenses,Used,774.9,USD,FIXED_PRICE,9,0,,JP,komehyo,99.5,2026-08-14T23:09:30.000Z,,https://www.ebay.com/itm/407145362925?hash=item5ecbc135ed:g:~84AAeSwj0Vqf6Al,https://i.ebayimg.com/images/g/~84AAeSwj0Vqf6Al/s-l225.jpg
型号不明,25.0,Authentic CANON EF24-105/4L IS II USM #270-004-383-2320,Canon,Lenses,Used,812.11,USD,FIXED_PRICE,0,0,,JP,komehyo,99.5,2026-08-14T23:09:55.000Z,,https://www.ebay.com/itm/407145363245?hash=item5ecbc1372d:g:0GgAAeSwEG1qf6BD,https://i.ebayimg.com/images/g/0GgAAeSwEG1qf6BD/s-l225.jpg
型号不明,25.0,Authentic CANON EF50/1.2L USM #270-004-380-2521,Canon,Lenses,Used,812.11,USD,FIXED_PRICE,9,0,,JP,komehyo,99.5,2026-08-14T23:06:36.000Z,,https://www.ebay.com/itm/407145358051?hash=item5ecbc122e3:g:AqgAAeSw9jhqf595,https://i.ebayimg.com/images/g/AqgAAeSw9jhqf595/s-l225.jpg
型号不明,25.0,CANON EF35mm F1.4L USM 423073,Canon,Lenses,Used,827.07,USD,FIXED_PRICE,5,0,,JP,digree_japan,99.7,2026-08-15T00:08:18.000Z,,https://www.ebay.com/itm/307127116808?hash=item478233e408:g:etYAAeSwkOdqf65u,https://i.ebayimg.com/images/g/etYAAeSwkOdqf65u/s-l225.jpg
型号不明,25.0,Fujifilm Fujinon GF23mm F4 R LM WR Mirrorless Lens From Japan Tested [Read Cond],Fujifilm,Lenses,Used,830.0,USD,"FIXED_PRICE,BEST_OFFER",6,0,,JP,re-camera,99.8,2026-08-14T08:43:59.000Z,,https://www.ebay.com/itm/336741706512?hash=item4e675eab10:g:U-8AAeSwnCZqftZI,https://i.ebayimg.com/images/g/U-8AAeSwnCZqftZI/s-l225.jpg
型号不明,25.0,Authentic CANON FD800/5.6L #270-004-380-3139,Canon,Lenses,Used,849.32,USD,FIXED_PRICE,9,0,,JP,komehyo,99.5,2026-08-14T23:12:23.000Z,,https://www.ebay.com/itm/178407715539?hash=item2989edb2d3:g:H7oAAeSwIvJqf6DT,https://i.ebayimg.com/images/g/H7oAAeSwIvJqf6DT/s-l225.jpg
型号不明,25.0,Authentic OLYMPUS MZD45/1.2PRO #270-004-377-7034,Olympus,Lenses,Used,849.32,USD,FIXED_PRICE,9,0,,JP,komehyo,99.5,2026-08-14T23:03:54.000Z,,https://www.ebay.com/itm/298588719067?hash=item45854647db:g:K5EAAeSwPoZqf57W,https://i.ebayimg.com/images/g/K5EAAeSwPoZqf57W/s-l225.jpg
型号不明,25.0,CANON telephoto lens RF800mm F11 IS STM 244332,Canon,Lenses,Used,860.78,USD,FIXED_PRICE,5,0,,JP,digree_japan,99.7,2026-08-14T22:43:01.000Z,,https://www.ebay.com/itm/307127035506?hash=item478232a672:g:XBsAAeSwdSZqf5rk,https://i.ebayimg.com/images/g/XBsAAeSwdSZqf5rk/s-l225.jpg
型号不明,25.0,Canon EF135mm F2L USM 444770,Canon,Lenses,Used,860.78,USD,FIXED_PRICE,15,0,,JP,digree_japan,99.7,2026-08-14T22:43:01.000Z,,https://www.ebay.com/itm/307127035529?hash=item478232a689:g:6LUAAeSw1~lqf5sm,https://i.ebayimg.com/images/g/6LUAAeSw1~lqf5sm/s-l225.jpg
型号不明,25.0,CANON Lens RF800MM F11 IS STM Used,Canon,Lenses,Used,874.18,USD,FIXED_PRICE,11,0,,JP,hard-off-japan-in-au,99.2,2026-08-14T17:37:12.000Z,,https://www.ebay.com/itm/318730127016?hash=item4a35cbc6a8:g:U8MAAeSw1Ktqf3TD,https://i.ebayimg.com/images/g/U8MAAeSw1Ktqf3TD/s-l225.jpg
型号不明,25.0,Canon EF35mm F1.4L II USM DSLR Lens From Japan Tested [Read Cond],Canon,Lenses,Used,880.0,USD,"FIXED_PRICE,BEST_OFFER",7,0,,JP,re-camera,99.8,2026-08-14T08:43:59.000Z,,https://www.ebay.com/itm/227475347895?hash=item34f69659b7:g:QN4AAeSwtlZqftZG,https://i.ebayimg.com/images/g/QN4AAeSwtlZqftZG/s-l225.jpg
型号不明,25.0,Authentic CANON EF100-400/4.5-5.6L IS II #270-004-380-2620,Canon,Lenses,Used,1504.18,USD,FIXED_PRICE,9,0,,JP,komehyo,99.5,2026-08-14T23:09:17.000Z,,https://www.ebay.com/itm/178407702997?hash=item2989ed81d5:g:0xgAAeSwazxqf6AZ,https://i.ebayimg.com/images/g/0xgAAeSwazxqf6AZ/s-l225.jpg
型号不明,25.0,Authentic PENTAX D FA645 25/4SDM #270-004-380-2514,Pentax,Lenses,Used,1891.14,USD,FIXED_PRICE,9,0,,JP,komehyo,99.5,2026-08-14T23:03:48.000Z,,https://www.ebay.com/itm/178407693073?hash=item2989ed5b11:g:5rIAAeSw6qlqf57R,https://i.ebayimg.com/images/g/5rIAAeSw6qlqf57R/s-l225.jpg
型号不明,25.0,Canon RF35mm F1.4 L VCM Lens 43467,Canon,Lenses,Used,2004.34,USD,FIXED_PRICE,5,0,,JP,digree_japan,99.7,2026-08-14T22:48:07.000Z,,https://www.ebay.com/itm/307127038452?hash=item478232b1f4:g:E94AAeSwa2dqf5wc,https://i.ebayimg.com/images/g/E94AAeSwa2dqf5wc/s-l225.jpg
型号不明,25.0,Authentic NIKON Z14-24/2.8S #270-004-355-2679,Nikon,Lenses,Used,2114.39,USD,FIXED_PRICE,9,0,,JP,komehyo,99.5,2026-08-14T20:40:55.000Z,,https://www.ebay.com/itm/178407326234?hash=item2989e7c21a:g:XowAAeSwan9qXWfk,https://i.ebayimg.com/images/g/XowAAeSwan9qXWfk/s-l225.jpg
型号不明,25.0,Canon EF70-200mmF2.8L IS III / EXTENDER EF2×III 691915,Canon,Lenses,Used,2497.25,USD,FIXED_PRICE,3,0,,JP,digree_japan,99.7,2026-08-14T22:43:01.000Z,,https://www.ebay.com/itm/307127035515?hash=item478232a67b:g:vJ4AAeSwOLpqf5px,https://i.ebayimg.com/images/g/vJ4AAeSwOLpqf5px/s-l225.jpg
型号不明,25.0,Canon EF200mm F1.8L USM 985651,Canon,Lenses,Used,5600.0,USD,FIXED_PRICE,14,0,,JP,digree_japan,99.7,2026-08-14T22:44:00.000Z,,https://www.ebay.com/itm/307127036331?hash=item478232a9ab:g:2BwAAeSwMCBqf5p-,https://i.ebayimg.com/images/g/2BwAAeSwMCBqf5p-/s-l225.jpg
残件/按现状,24.0,Sony HVC-4000P Trinicon Colour Video Camera Original Case Manual Untested,Sony,Camcorders,For parts or not working,74.45,USD,FIXED_PRICE,23,0,as-is,GB,lenader-20,99.8,2026-08-14T20:00:21.000Z,,https://www.ebay.com/itm/377418846803?hash=item57dfea9253:g:R04AAeSwPTdqf3J1,https://i.ebayimg.com/images/g/R04AAeSwPTdqf3J1/s-l225.jpg
型号不明,24.0,Canon EF SET Rehouse 37 58 135 Soviet HELIOS MIR JUPITER CINE Prime Lenses EF,Canon,Lenses,New,1799.0,USD,"FIXED_PRICE,BEST_OFFER",23,0,mount:canon ef,UA,btflenses_vintage_lenses_for_video,100.0,2026-08-14T20:56:48.000Z,,https://www.ebay.com/itm/128026960760?hash=item1dcf006378:g:QggAAeSwOjlqf4Bl,https://i.ebayimg.com/images/g/QggAAeSwOjlqf4Bl/s-l225.jpg
残件/按现状,23.0,RARE Nikon Stereo VN-550 Video Camera Recorder AF w/Case Tape Filter - UNTESTED,Nikon,Camcorders,For parts or not working,0.0,USD,"AUCTION,BEST_OFFER",20,0,as-is;auction,US,irgline-0,100.0,2026-08-14T22:27:20.000Z,2026-08-24T22:27:20.000Z,https://www.ebay.com/itm/188793667510?hash=item2bf4fabfb6:g:dfIAAeSwwnxqcmNk,https://i.ebayimg.com/images/g/dfIAAeSwwnxqcmNk/s-l225.jpg
打包杂件,23.0,Canon XL2 Mini DV 3CCD Professional Video Camcorder 24P Bundle,Canon,Camcorders,Used,0.0,USD,AUCTION,7,0,auction,US,jmthrift,98.1,2026-08-14T18:56:42.000Z,2026-08-21T18:56:42.000Z,https://www.ebay.com/itm/188792958372?hash=item2bf4efeda4:g:zccAAeSwaJdqf2SL,https://i.ebayimg.com/images/g/zccAAeSwaJdqf2SL/s-l225.jpg
残件/按现状,23.0,Kodak Ciné-Kodak Eight-90 Camera w/ Case & Accessories *Please Read Description*,Kodak,Vintage Cameras,,0.0,USD,AUCTION,13,0,auction;low-feedback,US,auctionboy620,96.3,2026-08-14T17:49:40.000Z,2026-08-24T17:49:40.000Z,https://www.ebay.com/itm/188792721881?hash=item2bf4ec51d9:g:Fi8AAeSwgSto3CFX,https://i.ebayimg.com/images/g/Fi8AAeSwgSto3CFX/s-l225.jpg
残件/按现状,23.0,PANASONIC Memory Camcorder Hc-v300m Junk Used,Panasonic,Camcorders,Used,92.96,USD,FIXED_PRICE,8,0,as-is,JP,hard-off-japan-in-au,99.2,2026-08-14T12:28:03.000Z,,https://www.ebay.com/itm/318728958542?hash=item4a35b9f24e:g:aOwAAeSwCz5qfwsH,https://i.ebayimg.com/images/g/aOwAAeSwCz5qfwsH/s-l225.jpg
残件/按现状,23.0,Panasonic Lumix DMC-ZS25 16MP Digital Camera (WORKS/READ DESCRIPTION),Panasonic,Digital Cameras,Used,104.99,USD,FIXED_PRICE,12,0,,US,jna_distributions,99.5,2026-08-14T06:11:26.000Z,,https://www.ebay.com/itm/227475198701?hash=item34f69412ed:g:l5gAAeSwa4Fqfk1F,https://i.ebayimg.com/images/g/l5gAAeSwa4Fqfk1F/s-l225.jpg
型号不明,23.0,Serviced Canonet QL19,,Film Cameras,Used,153.78,USD,"FIXED_PRICE,BEST_OFFER",6,0,good-cond,JP,manmaru42,100.0,2026-08-14T13:54:10.000Z,,https://www.ebay.com/itm/398285052949?hash=item5cbba39c15:g:TBAAAeSwyShqfx70,https://i.ebayimg.com/images/g/TBAAAeSwyShqfx70/s-l225.jpg
型号不明,23.0,[Exc+5 w/ Case. Cap] Yashicaflex Model B 6x6 TLR Camera 80mm f/3.5 From JAPAN,,Film Cameras,Used,159.99,USD,FIXED_PRICE,13,0,good-cond,JP,kosod-78,100.0,2026-08-14T23:39:17.000Z,,https://www.ebay.com/itm/147505484279?hash=item22580311f7:g:AFoAAeSwO2lqf6fa,https://i.ebayimg.com/images/g/AFoAAeSwO2lqf6fa/s-l225.jpg
型号不明,23.0,*Rare : TOMIOKA Tri-Lauser Lens : Near Mint* TOGO-DO HACOFLEX TLR Film Camera JP,,Film Cameras,Used,171.89,USD,FIXED_PRICE,22,0,good-cond,JP,hitonaga-0,100.0,2026-08-14T11:30:34.000Z,,https://www.ebay.com/itm/407143976132?hash=item5ecbac0cc4:g:EBcAAeSwu9tofB-W,https://i.ebayimg.com/images/g/EBcAAeSwu9tofB-W/s-l225.jpg
残件/按现状,23.0,Nikon coolpix S9300 Silver As Is Working,Nikon,Digital Cameras,Used,186.14,USD,FIXED_PRICE,6,0,as-is,JP,jajamaru-japan,99.7,2026-08-14T15:41:21.000Z,,https://www.ebay.com/itm/178406648528?hash=item2989dd6ad0:g:ww0AAeSwW4tqfzga,https://i.ebayimg.com/images/g/ww0AAeSwW4tqfzga/s-l225.jpg
型号不明,23.0,[MINT w/case] Nishika N8000 3D 35mm Film Camera Twin Light Flash From JAPAN,,Film Cameras,Used,198.0,USD,FIXED_PRICE,8,0,good-cond,JP,vintage_camera_japan_10,99.4,2026-08-14T16:04:23.000Z,,https://www.ebay.com/itm/128026643189?hash=item1dcefb8af5:g:AtMAAeSwXghqSLvv,https://i.ebayimg.com/images/g/AtMAAeSwXghqSLvv/s-l225.jpg
残件/按现状,23.0,FUJIFILM INSTAX MINI LINK2 Photo Printer Compact Black Damaged,Fujifilm,Digital Cameras,Used,201.99,USD,FIXED_PRICE,8,0,as-is,JP,nico_japan,100.0,2026-08-14T14:27:09.000Z,,https://www.ebay.com/itm/206490813127?hash=item3013cfc2c7:g:LVkAAeSwFz1qfybr,https://i.ebayimg.com/images/g/LVkAAeSwFz1qfybr/s-l225.jpg
型号不明,23.0,[ MINT in Box ] Nishika N8000 3D Quadra Lens 35mm Film Camera From JAPAN,,Film Cameras,Used,209.9,USD,FIXED_PRICE,12,0,good-cond,JP,haneul_2,100.0,2026-08-15T04:22:09.000Z,,https://www.ebay.com/itm/366606615532?hash=item555b7503ec:g:U4cAAeSwBidqf-uU,https://i.ebayimg.com/images/g/U4cAAeSwBidqf-uU/s-l225.jpg
残件/按现状,23.0,Realistic Beauty As Is Working Canon IXY DIGITAL 70 Digital Camera,Canon,Digital Cameras,Used,217.75,USD,FIXED_PRICE,19,0,as-is,JP,hsense1230,100.0,2026-08-14T06:04:26.000Z,,https://www.ebay.com/itm/206489844077?hash=item3013c0f96d:g:hhYAAeSws4lqfrBn,https://i.ebayimg.com/images/g/hhYAAeSws4lqfrBn/s-l225.jpg
残件/按现状,23.0,"Pentax Optio WG-1 Digital Camera - Tough Waterproof, Gray, Needs Repair",Pentax,Digital Cameras,Used,217.99,USD,FIXED_PRICE,11,0,,JP,nico_japan,100.0,2026-08-14T14:29:29.000Z,,https://www.ebay.com/itm/206490824368?hash=item3013cfeeb0:g:ej8AAeSwfjZqfyc-,https://i.ebayimg.com/images/g/ej8AAeSwfjZqfyc-/s-l225.jpg
打包杂件,23.0,Polaroid Now 3rd Generation I-Type Instant Camera + Film Bundle - Arctic blue,Polaroid,Vintage Cameras,,220.0,USD,FIXED_PRICE,7,0,low-feedback,US,everydaysoutlet,60.0,2026-08-15T02:00:56.000Z,,https://www.ebay.com/itm/178408078334?hash=item2989f33bfe:g:JHkAAeSwk71qf8fB,https://i.ebayimg.com/images/g/JHkAAeSwk71qf8fB/s-l225.jpg
型号不明,23.0,[MINT+++] Zero Image Multi-Format Pinhole Camera 6x6 2nd Edition From JAPAN,,Film Cameras,Used,229.9,USD,FIXED_PRICE,23,0,good-cond,JP,tokyosnapshot,99.7,2026-08-14T23:09:22.000Z,,https://www.ebay.com/itm/128027105030?hash=item1dcf029706:g:ygMAAeSwH-Nqf6Ce,https://i.ebayimg.com/images/g/ygMAAeSwH-Nqf6Ce/s-l225.jpg
打包杂件,23.0,Nikon D40 Digital Camera Bundle Great for Beginners with Accessories,Nikon,Digital Cameras,Used,239.45,USD,"FIXED_PRICE,BEST_OFFER",11,0,,JP,toshiro-eguchi,99.7,2026-08-14T11:54:32.000Z,,https://www.ebay.com/itm/307126217786?hash=item4782262c3a:g:7VEAAeSwR01qfwNT,https://i.ebayimg.com/images/g/7VEAAeSwR01qfwNT/s-l225.jpg
残件/按现状,23.0,Nikon Coolpix S02 Digital Camera Untested Error Display Compact Design,Nikon,Digital Cameras,Used,250.48,USD,"FIXED_PRICE,BEST_OFFER",0,0,as-is,JP,toshiro-eguchi,99.7,2026-08-14T11:38:35.000Z,,https://www.ebay.com/itm/307126188798?hash=item478225bafe:g:EasAAeSwQzFqfv7i,https://i.ebayimg.com/images/g/EasAAeSwQzFqfv7i/s-l225.jpg
型号不明,23.0,MINTY CLA'd 1979 Canonet QL17 Camera G-III Converted to 1.5 volt battery,,Film Cameras,Used,258.75,USD,"FIXED_PRICE,AUCTION",8,0,good-cond;auction,US,wolfmancameras,100.0,2026-08-15T00:30:18.000Z,2026-08-22T00:30:18.000Z,https://www.ebay.com/itm/267757497717?hash=item3e57972d75:g:hUwAAeSwU6VqXrgI,https://i.ebayimg.com/images/g/hUwAAeSwU6VqXrgI/s-l225.jpg
打包杂件,23.0,Nikon COOLPIX S6100 Digital Camera Bundle with Battery SD Card Reader,Nikon,Digital Cameras,Used,258.98,USD,"FIXED_PRICE,BEST_OFFER",4,0,,JP,toshiro-eguchi,99.7,2026-08-14T11:53:24.000Z,,https://www.ebay.com/itm/307126217145?hash=item47822629b9:g:AAUAAeSwqXxqfwNO,https://i.ebayimg.com/images/g/AAUAAeSwqXxqfwNO/s-l225.jpg
打包杂件,23.0,Canon EOS Kiss Film Camera Bundle with 2 Lenses and Shoulder Bag,Canon,Digital Cameras,Used,261.36,USD,"FIXED_PRICE,BEST_OFFER",11,0,,JP,toshiro-eguchi,99.7,2026-08-14T06:52:59.000Z,,https://www.ebay.com/itm/307125759326?hash=item47821f2d5e:g:fhwAAeSwEx9qfrw9,https://i.ebayimg.com/images/g/fhwAAeSwEx9qfrw9/s-l225.jpg
打包杂件,23.0,Canon VIXIA HF G20 HD Camcorder Video Camera w/32GB HD BUNDLE BATTERY & Charger,Canon,Camcorders,Used,295.95,USD,FIXED_PRICE,10,0,,US,tazcards,99.6,2026-08-14T15:59:03.000Z,,https://www.ebay.com/itm/407144663209?hash=item5ecbb688a9:g:FPoAAeSwVnNqfzoX,https://i.ebayimg.com/images/g/FPoAAeSwVnNqfzoX/s-l225.jpg
型号不明,23.0,【 MINT 】 Horseman 980 Large Format Film Camera Body From JAPAN,,Film Cameras,Used,299.9,USD,FIXED_PRICE,11,0,good-cond,JP,iseshima_japan_camera,100.0,2026-08-14T13:52:53.000Z,,https://www.ebay.com/itm/188791867534?hash=item2bf4df488e:g:TfUAAeSwtixqfx6n,https://i.ebayimg.com/images/g/TfUAAeSwtixqfx6n/s-l225.jpg
型号不明,23.0,*CLA'd : Mint* Leotax T Rangefinder 35mm Film Camera Body From Japan #C3-10,,Film Cameras,Used,319.19,USD,FIXED_PRICE,16,0,good-cond,JP,hitonaga-0,100.0,2026-08-14T11:39:00.000Z,,https://www.ebay.com/itm/407143987961?hash=item5ecbac3af9:g:~RQAAeSwyENnzm15,https://i.ebayimg.com/images/g/~RQAAeSwyENnzm15/s-l225.jpg
型号不明,23.0,【 Near MINT 】Horseman L45 4x5 Large Format View Type Film Camera Body From Japan,,Film Cameras,Used,322.99,USD,FIXED_PRICE,10,0,good-cond,JP,full-moon_camera_tokyo,99.8,2026-08-14T07:39:04.000Z,,https://www.ebay.com/itm/366604784382?hash=item555b5912fe:g:JHMAAeSwz5hqBm0a,https://i.ebayimg.com/images/g/JHMAAeSwz5hqBm0a/s-l225.jpg
型号不明,23.0,[Near Mint] Horizon 202 Super Wide Panoramic 35mm Film Camera from Japan #7781,,Film Cameras,Used,329.99,USD,"FIXED_PRICE,BEST_OFFER",8,0,good-cond,JP,hirnaga_51,100.0,2026-08-15T02:24:30.000Z,,https://www.ebay.com/itm/336743083361?hash=item4e6773ad61:g:QCgAAeSw3xtqf8z5,https://i.ebayimg.com/images/g/QCgAAeSw3xtqf8z5/s-l225.jpg
型号不明,23.0,[Near MINT] Cambo 4x5 Monorail View Large Format Camera Body From JAPAN,,Film Cameras,Used,329.99,USD,FIXED_PRICE,17,0,good-cond,JP,lc.consu-8,99.9,2026-08-14T12:46:18.000Z,,https://www.ebay.com/itm/398284866996?hash=item5cbba0c5b4:g:7D4AAeSwmiFqfw9N,https://i.ebayimg.com/images/g/7D4AAeSwmiFqfw9N/s-l225.jpg
残件/按现状,23.0,Nikon D700 Full Frame DSLR Camera Body Untested 12.1MP Excellent Condition,Nikon,Digital Cameras,Used,343.9,USD,"FIXED_PRICE,BEST_OFFER",7,0,as-is,JP,toshiro-eguchi,99.7,2026-08-14T11:49:33.000Z,,https://www.ebay.com/itm/307126212613?hash=item4782261805:g:X5QAAeSwaJdqfwKO,https://i.ebayimg.com/images/g/X5QAAeSwaJdqfwKO/s-l225.jpg
型号不明,23.0,[ MINT w/Strap ] Horizon 202 Super Wide Panoramic 35mm Film Camera From JAPAN,,Film Cameras,Used,359.99,USD,"FIXED_PRICE,BEST_OFFER",14,0,good-cond,JP,asami-camerashop-japan,100.0,2026-08-14T10:32:36.000Z,,https://www.ebay.com/itm/800506713717?hash=itemba61eb1675:g:pm0AAeSwK~ZqfqnN,https://i.ebayimg.com/images/g/pm0AAeSwK~ZqfqnN/s-l225.jpg
型号不明,23.0,[Top Mint] Nicca 3-F 3F Repaint Black Rangefinder Film Camera Body From JAPAN,,Film Cameras,Used,399.99,USD,FIXED_PRICE,11,0,good-cond,JP,priority2007,100.0,2026-08-14T08:56:54.000Z,,https://www.ebay.com/itm/366604887484?hash=item555b5aa5bc:g:K8EAAeSwFN5qftkN,https://i.ebayimg.com/images/g/K8EAAeSwFN5qftkN/s-l225.jpg
型号不明,23.0,"Pentax KP Black DSLR Camera Body Shutter Count:2,588 [Top Mint] #2997769",Pentax,Digital Cameras,Used,699.0,USD,FIXED_PRICE,12,0,good-cond,JP,aoscamera_97,100.0,2026-08-14T13:30:06.000Z,,https://www.ebay.com/itm/366605355726?hash=item555b61cace:g:PNoAAeSwJaRqbd35,https://i.ebayimg.com/images/g/PNoAAeSwJaRqbd35/s-l225.jpg
残件/按现状,22.0,Olympus Evolt E-500 8.0MP Zuiko Digital 17.5-45mm Lens Untested,Olympus,Digital Cameras,Used,0.0,USD,"AUCTION,BEST_OFFER",3,0,mount:olympus om;as-is;auction,GB,turkish6377,99.1,2026-08-14T11:56:56.000Z,2026-08-21T11:56:56.000Z,https://www.ebay.com/itm/287524656200?hash=item42f1ce1448:g:SB4AAeSw6z1qfwJ1,https://i.ebayimg.com/images/g/SB4AAeSw6z1qfwJ1/s-l225.jpg
型号不明,22.0,"Bilora Stahl Box Camera, Western Germany",,Vintage Cameras,,32.5,USD,"FIXED_PRICE,AUCTION",3,0,auction,CA,zamzam,100.0,2026-08-15T02:03:26.000Z,2026-08-22T02:03:26.000Z,https://www.ebay.com/itm/327310861908?hash=item4c353f6654:g:xE4AAOSwybZnXclp,https://i.ebayimg.com/images/g/xE4AAOSwybZnXclp/s-l225.jpg
型号不明,22.0,"Eumig 35 F4 camera with case, works",,Vintage Cameras,,40.0,USD,"FIXED_PRICE,AUCTION",5,0,auction,CA,zamzam,100.0,2026-08-15T02:03:27.000Z,2026-08-22T02:03:27.000Z,https://www.ebay.com/itm/327310862016?hash=item4c353f66c0:g:ZHsAAOSwovlnCvJl,https://i.ebayimg.com/images/g/ZHsAAOSwovlnCvJl/s-l225.jpg
型号不明,22.0,Conley Junior folding camera TB Victo uses 122 sized film,,Vintage Cameras,,45.5,USD,"FIXED_PRICE,AUCTION",4,0,auction,CA,zamzam,100.0,2026-08-15T02:03:26.000Z,2026-08-22T02:03:26.000Z,https://www.ebay.com/itm/327310861899?hash=item4c353f664b:g:BKAAAOSwMXlnXdMV,https://i.ebayimg.com/images/g/BKAAAOSwMXlnXdMV/s-l225.jpg
型号不明,22.0,"vintage argus 35mm camera, works",,Vintage Cameras,,52.0,USD,"FIXED_PRICE,AUCTION",7,0,auction,CA,zamzam,100.0,2026-08-15T02:03:02.000Z,2026-08-22T02:03:02.000Z,https://www.ebay.com/itm/327310861004?hash=item4c353f62cc:g:gs8AAOSw7vJnXeNA,https://i.ebayimg.com/images/g/gs8AAOSw7vJnXeNA/s-l225.jpg
型号不明,22.0,[Mint] Kyocera P mini 2 Panorama Point and Shoot 35mm Film Camera Tested F3.8,,Vintage Cameras,Used,95.3,USD,"FIXED_PRICE,BEST_OFFER",7,0,good-cond,AU,melbournecameras,100.0,2026-08-14T06:06:54.000Z,,https://www.ebay.com/itm/237004976216?hash=item372e98f058:g:yxsAAeSwVnNqfq~5,https://i.ebayimg.com/images/g/yxsAAeSwVnNqfq~5/s-l225.jpg
型号不明,22.0,Fujica AZ-1 AZ1 Chrome 35mm Film SLR w/ 55mm f1.8 Lens [EXC+],,Film Cameras,Used,166.95,USD,FIXED_PRICE,0,0,55mm;good-cond,US,victorycamera,99.6,2026-08-14T18:40:52.000Z,,https://www.ebay.com/itm/298588223905?hash=item45853eb9a1:g:PZEAAeSwMbhqf2D8,https://i.ebayimg.com/images/g/PZEAAeSwMbhqf2D8/s-l225.jpg
打包杂件,22.0,Nikon D3100 DSLR Camera Bundle 18-55mm VR Lens Battery Charger Strap,Nikon,Digital Cameras,Used,170.95,USD,"FIXED_PRICE,BEST_OFFER",10,0,55mm,US,airphe,100.0,2026-08-14T05:14:04.000Z,,https://www.ebay.com/itm/358924838051?hash=item53919664a3:g:SK0AAeSwIDhqfqPD,https://i.ebayimg.com/images/g/SK0AAeSwIDhqfqPD/s-l225.jpg
打包杂件,22.0,Nikon D3400 24.2MP Black DSLR Bundle AF-P 18-55mm & 70-300mm f/4.5-6.3,Nikon,Digital Cameras,Used,300.0,USD,"FIXED_PRICE,BEST_OFFER",4,0,55mm,US,pxmanukee,0.0,2026-08-14T10:05:13.000Z,,https://www.ebay.com/itm/307125998588?hash=item478222d3fc:g:-5sAAeSw-BBqfuYv,https://i.ebayimg.com/images/g/-5sAAeSw-BBqfuYv/s-l225.jpg
残件/按现状,21.0,TAMRON SP 15 30mm F2.8 Di VC USD ( Nikon ) FOR REPAIR or PARTS,Tamron,Lenses,For parts or not working,0.0,USD,"AUCTION,BEST_OFFER",16,0,as-is;auction,US,sterlingcasebox,99.6,2026-08-14T23:52:26.000Z,2026-08-19T23:52:26.000Z,https://www.ebay.com/itm/278281133435?hash=item40cad91d7b:g:bDsAAeSwa2dqf6kX,https://i.ebayimg.com/images/g/bDsAAeSwa2dqf6kX/s-l225.jpg
型号不明,21.0,"Panasonic Tele Conversion Lens VW-T4314H x1.4, listed from Japan",Panasonic,Lenses,Open box,0.0,USD,AUCTION,2,0,auction,US,iamzero2242,100.0,2026-08-14T17:01:27.000Z,2026-08-21T17:01:27.000Z,https://www.ebay.com/itm/377418531810?hash=item57dfe5c3e2:g:-l8AAeSw4h1pt1NM,https://i.ebayimg.com/images/g/-l8AAeSw4h1pt1NM/s-l225.jpg
型号不明,21.0,Minaki 35 Ez 35mm camera in Case with Table Top Tripod,,Film Cameras,Used,25.0,USD,"FIXED_PRICE,BEST_OFFER",0,0,,US,riverson-12,97.7,2026-08-15T04:28:15.000Z,,https://www.ebay.com/itm/307127372236?hash=item478237c9cc:g:--oAAeSw~uRqf-td,https://i.ebayimg.com/images/g/--oAAeSw~uRqf-td/s-l225.jpg
残件/按现状;型号不明,21.0,VINTAGE 1950s ANSCO READY FLASH 620 FILM CAMERA Untested,,Vintage Cameras,,25.0,USD,"FIXED_PRICE,BEST_OFFER",4,0,as-is,US,thrifting_34,100.0,2026-08-14T23:11:21.000Z,,https://www.ebay.com/itm/820003009632?hash=itembeebfcf460:g:C~YAAeSw5Vxqf6Bs,https://i.ebayimg.com/images/g/C~YAAeSw5Vxqf6Bs/s-l225.jpg
残件/按现状;型号不明,21.0,Instamatic 104 Camera Untested,,Vintage Cameras,,25.0,USD,"FIXED_PRICE,BEST_OFFER",2,0,as-is,US,bkxxx75,100.0,2026-08-14T17:35:54.000Z,,https://www.ebay.com/itm/800508232008?hash=itemba62024148:g:~u4AAeSwwhdqf1Hg,https://i.ebayimg.com/images/g/~u4AAeSwwhdqf1Hg/s-l225.jpg
型号不明,21.0,Rover Plastic 120 Film Camera,,Film Cameras,Used,25.0,USD,FIXED_PRICE,8,0,,US,photo_bazaar,99.9,2026-08-14T15:41:22.000Z,,https://www.ebay.com/itm/168611513283?hash=item27420783c3:g:QkgAAeSwG5pqfgs9,https://i.ebayimg.com/images/g/QkgAAeSwG5pqfgs9/s-l225.jpg
型号不明,21.0,1940's Vintage Ansco Shur Shot Box Camera,,Vintage Cameras,,25.0,USD,FIXED_PRICE,7,0,,US,benorbri,100.0,2026-08-14T15:12:08.000Z,,https://www.ebay.com/itm/820001676029?hash=itembeebe89afd:g:GwcAAeSw3xtqfy91,https://i.ebayimg.com/images/g/GwcAAeSw3xtqfy91/s-l225.jpg
型号不明,21.0,Vintage Imperial Reflex 620 Duo Lens Black Box Camera Made In USA,,Vintage Cameras,,25.0,USD,FIXED_PRICE,3,0,,US,nickelsandmo4collectibles,100.0,2026-08-14T15:05:45.000Z,,https://www.ebay.com/itm/178406558285?hash=item2989dc0a4d:g:guAAAeSwvgtqfy5X,https://i.ebayimg.com/images/g/guAAAeSwvgtqfy5X/s-l225.jpg
残件/按现状;型号不明,21.0,"Hit Miniature Camera 1950s Vintage, Untested",,Vintage Cameras,,25.0,USD,"FIXED_PRICE,BEST_OFFER",3,0,as-is,US,dmt28,100.0,2026-08-14T13:10:15.000Z,,https://www.ebay.com/itm/257679990913?hash=item3bfeeca081:g:cvIAAeSwjRtqfxNF,https://i.ebayimg.com/images/g/cvIAAeSwjRtqfxNF/s-l225.jpg
型号不明,21.0,Vintage RCA CC004 Video Camera Shotgun Boom Microphone Part With Windscreen,,Vintage Cameras,,25.99,USD,"FIXED_PRICE,BEST_OFFER",11,0,,US,peaceofmind4sale,99.5,2026-08-15T01:21:29.000Z,,https://www.ebay.com/itm/398286867160?hash=item5cbbbf4ad8:g:JogAAeSwL-BqI932,https://i.ebayimg.com/images/g/JogAAeSwL-BqI932/s-l225.jpg
型号不明,21.0,Vintage 1970's IMPERIAL Instant Load 900 for 126 Cartridge Camera Original Box,,Vintage Cameras,,26.09,USD,"FIXED_PRICE,BEST_OFFER",9,0,,US,emikh22,100.0,2026-08-15T01:27:21.000Z,,https://www.ebay.com/itm/168614585040?hash=item27423662d0:g:mWcAAOSwisFkIJKm,https://i.ebayimg.com/images/g/mWcAAOSwisFkIJKm/s-l225.jpg
型号不明,21.0,Vintage Kaskade AquaSnap Disposable Camera New Black Color Film 35mm Photography,,Vintage Cameras,,26.21,USD,"FIXED_PRICE,BEST_OFFER",2,0,,US,million_gems,99.2,2026-08-15T01:35:47.000Z,,https://www.ebay.com/itm/336743035994?hash=item4e6772f45a:g:K-wAAOSwELloXL2d,https://i.ebayimg.com/images/g/K-wAAOSwELloXL2d/s-l225.jpg
型号不明,21.0,Telebar Birns & Sawyer Hollywood Vintage Camera Lens Cases,,Film Cameras,Used,26.95,USD,"FIXED_PRICE,BEST_OFFER",3,0,,US,wefixprintersla,99.4,2026-08-14T17:00:06.000Z,,https://www.ebay.com/itm/327310284267?hash=item4c353695eb:g:vZgAAOSwhgNkm2XB,https://i.ebayimg.com/images/g/vZgAAOSwhgNkm2XB/s-l225.jpg
型号不明,21.0,Vintage Olempia Big Royal View 50mm Film Camera With Flash,,Film Cameras,Open box,26.99,USD,"FIXED_PRICE,BEST_OFFER",5,0,,US,411krony,99.9,2026-08-14T10:41:41.000Z,,https://www.ebay.com/itm/377417687516?hash=item57dfd8e1dc:g:QlMAAeSw7Z9pOt1E,https://i.ebayimg.com/images/g/QlMAAeSw7Z9pOt1E/s-l225.jpg
型号不明,21.0,Ansco Readyflash Compact 120 Film Camera w/ Reflector & Case Not Tested,,Film Cameras,Used,27.0,USD,"FIXED_PRICE,BEST_OFFER",5,0,,US,tictoctimeisrunningout,100.0,2026-08-15T00:30:27.000Z,,https://www.ebay.com/itm/206491854265?hash=item3013dfa5b9:g:DDYAAeSwFU5qf7Kn,https://i.ebayimg.com/images/g/DDYAAeSwFU5qf7Kn/s-l225.jpg
残件/按现状;型号不明,21.0,Polariad Spectra System Instant Camera 📷 UnTested lfdh,,Vintage Cameras,,27.4,USD,FIXED_PRICE,4,0,as-is,US,click-itz,100.0,2026-08-14T12:38:58.000Z,,https://www.ebay.com/itm/227475653905?hash=item34f69b0511:g:KkAAAeSwT4Rn6Z-c,https://i.ebayimg.com/images/g/KkAAAeSwT4Rn6Z-c/s-l225.jpg
型号不明,21.0,Argus LC3 exposure value system,,Vintage Cameras,,28.0,USD,"FIXED_PRICE,BEST_OFFER",3,0,,US,deanthoreau,100.0,2026-08-14T20:46:39.000Z,,https://www.ebay.com/itm/158188968059?hash=item24d4cc187b:g:pcYAAeSwmiFqf3zS,https://i.ebayimg.com/images/g/pcYAAeSwmiFqf3zS/s-l225.jpg
型号不明,21.0,NEW VTG BENTLEY BX-720 SUPER-8 Movie Camera Handheld w Case In Box - Never Used,,Vintage Cameras,,28.45,USD,"FIXED_PRICE,BEST_OFFER",5,0,,US,kubskollection,99.4,2026-08-14T21:33:16.000Z,,https://www.ebay.com/itm/188793528542?hash=item2bf4f8a0de:g:KfQAAeSwoO5o9T3a,https://i.ebayimg.com/images/g/KfQAAeSwoO5o9T3a/s-l225.jpg
残件/按现状;型号不明,21.0,Argus CC Colorcamera 35mm Film Camera As-is 1940's Vintage Antique,,Film Cameras,For parts or not working,28.79,USD,FIXED_PRICE,13,0,as-is,US,2stars,100.0,2026-08-14T18:17:54.000Z,,https://www.ebay.com/itm/257680451062?hash=item3bfef3a5f6:g:Gg8AAeSwjWhqf1sl,https://i.ebayimg.com/images/g/Gg8AAeSwjWhqf1sl/s-l225.jpg
残件/按现状;型号不明,21.0,Vintage Argus 35mm Camera 50mm f/4.5 Anastigmat Untested As-is,,Vintage Cameras,,28.95,USD,FIXED_PRICE,10,0,as-is,US,2stars,100.0,2026-08-14T18:01:30.000Z,,https://www.ebay.com/itm/257680421306?hash=item3bfef331ba:g:w9EAAeSwL~Nqf1dl,https://i.ebayimg.com/images/g/w9EAAeSwL~Nqf1dl/s-l225.jpg
残件/按现状;型号不明,21.0,Century Field Camera red bellows leather | c 1900 | as is | $29 | #26N |,,Vintage Cameras,,29.0,USD,FIXED_PRICE,2,0,as-is,US,vintagephotographica,99.8,2026-08-14T23:52:26.000Z,,https://www.ebay.com/itm/287525680820?hash=item42f1ddb6b4:g:PlEAAeSwOSZpIPTt,https://i.ebayimg.com/images/g/PlEAAeSwOSZpIPTt/s-l225.jpg
残件/按现状;型号不明,21.0,Seneca No. 2A Scout Box Camera 1913 Rochester New York Black Untested,,Vintage Cameras,,29.5,USD,"FIXED_PRICE,BEST_OFFER",15,0,as-is,US,usmicha_g6l2c87,100.0,2026-08-14T17:28:47.000Z,,https://www.ebay.com/itm/188792622126?hash=item2bf4eacc2e:g:2ioAAeSwbiNqf08L,https://i.ebayimg.com/images/g/2ioAAeSwbiNqf08L/s-l225.jpg
型号不明,21.0,Revere Eight Model 50 Cine Movie Camera 8mm Winds and Rolls,,Vintage Cameras,,29.69,USD,"FIXED_PRICE,BEST_OFFER",8,0,,US,therainking,100.0,2026-08-14T16:46:26.000Z,,https://www.ebay.com/itm/178406797269?hash=item2989dfafd5:g:F-MAAOSwXyNnCYyM,https://i.ebayimg.com/images/g/F-MAAOSwXyNnCYyM/s-l225.jpg
残件/按现状;型号不明,21.0,🔥 Vtg 1970's Keystone XL500 Zoom Electric Eye Movie Camera USA W/ Case UNTESTED,,Vintage Cameras,,29.95,USD,"FIXED_PRICE,BEST_OFFER",12,0,as-is,US,jjjsn33dfulthings,99.8,2026-08-15T03:25:49.000Z,,https://www.ebay.com/itm/137622826133?hash=item200af5ac95:g:eXkAAeSwUr5qb9d4,https://i.ebayimg.com/images/g/eXkAAeSwUr5qb9d4/s-l225.jpg
型号不明,21.0,🔥 Vtg 1963 Revere Eye-Matic 8mm Spool Camera Model 118 W/ GM Meter & Cases Used,,Vintage Cameras,,29.95,USD,"FIXED_PRICE,BEST_OFFER",23,0,,US,jjjsn33dfulthings,99.8,2026-08-15T03:25:06.000Z,,https://www.ebay.com/itm/137622825226?hash=item200af5a90a:g:EpsAAeSwahlqb4go,https://i.ebayimg.com/images/g/EpsAAeSwahlqb4go/s-l225.jpg
型号不明,21.0,~60x Heat Seal 3D Stereo Realist slide mounts cardboard Green,,Vintage Cameras,,29.95,USD,"FIXED_PRICE,BEST_OFFER",3,0,,US,3d-drt-3d,100.0,2026-08-14T13:39:36.000Z,,https://www.ebay.com/itm/377418131173?hash=item57dfdfa6e5:g:qR8AAeSwFz1qfxbp,https://i.ebayimg.com/images/g/qR8AAeSwFz1qfxbp/s-l225.jpg
型号不明,21.0,Bell & Howell Electric Eye Standard 8mm Non Reflex Movie Camera Gray w/ Case,,Vintage Cameras,,29.98,USD,"FIXED_PRICE,BEST_OFFER",11,0,,US,nana6_6,100.0,2026-08-14T05:07:31.000Z,,https://www.ebay.com/itm/800505407542?hash=itemba61d72836:g:f2YAAeSwlP5qfqJX,https://i.ebayimg.com/images/g/f2YAAeSwlP5qfqJX/s-l225.jpg
型号不明,21.0,AKA Relle 35mm Viewfinder Camera with Schneider-Kreuznach 50mm f/2.8 Xenar Lens,,Film Cameras,Used,29.99,USD,"FIXED_PRICE,BEST_OFFER",0,0,,US,cameraexchange,100.0,2026-08-15T10:45:49.000Z,,https://www.ebay.com/itm/278282552716?hash=item40caeec58c:g:QKoAAeSw1~Nqfwvk,https://i.ebayimg.com/images/g/QKoAAeSw1~Nqfwvk/s-l225.jpg
型号不明,21.0,Ensign Selfix 16-20 Folding Camera with Epsilon 75mm f/4.5 Ensar Anastigmat Lens,,Film Cameras,Used,29.99,USD,"FIXED_PRICE,BEST_OFFER",1,0,,US,cameraexchange,100.0,2026-08-15T10:45:49.000Z,,https://www.ebay.com/itm/278282552724?hash=item40caeec594:g:T8wAAeSwvFVqfwvW,https://i.ebayimg.com/images/g/T8wAAeSwvFVqfwvW/s-l225.jpg
型号不明,21.0,Ouyama 2000N 50mm Lens Black Film Camera W/ Detachable External Flash Not Tested,,Film Cameras,Used,29.99,USD,FIXED_PRICE,6,0,,US,goodwillsouthflorida,99.6,2026-08-15T03:21:10.000Z,,https://www.ebay.com/itm/800510362340?hash=itemba6222c2e4:g:COoAAeSw-klqf9xQ,https://i.ebayimg.com/images/g/COoAAeSw-klqf9xQ/s-l225.jpg
型号不明,21.0,Heyday BHF01 35mm Focus Free Reusable Point & Shoot Film Camera Not Tested,,Film Cameras,Used,29.99,USD,FIXED_PRICE,7,0,,US,goodwillsouthflorida,99.6,2026-08-15T02:21:23.000Z,,https://www.ebay.com/itm/800510091426?hash=itemba621ea0a2:g:SpkAAeSwSLlqf9AA,https://i.ebayimg.com/images/g/SpkAAeSwSLlqf9AA/s-l225.jpg
型号不明,21.0,Vintage RCA CC004 Video Camera Body Electronic Core Repair Donor Parts Housing,,Vintage Cameras,,29.99,USD,"FIXED_PRICE,BEST_OFFER",9,0,,US,peaceofmind4sale,99.5,2026-08-15T01:21:29.000Z,,https://www.ebay.com/itm/398286867139?hash=item5cbbbf4ac3:g:Zk0AAeSw0GVqJBoK,https://i.ebayimg.com/images/g/Zk0AAeSw0GVqJBoK/s-l225.jpg
型号不明,21.0,Samsung Maxima Zoom 100 GLM 35mm Point & Shoot Film Camera W/Case Battery Tested,,Film Cameras,Used,29.99,USD,"FIXED_PRICE,BEST_OFFER",6,0,,US,tr528936,99.1,2026-08-15T01:18:14.000Z,,https://www.ebay.com/itm/377419371879?hash=item57dff29567:g:yUMAAeSwgUdqVvTm,https://i.ebayimg.com/images/g/yUMAAeSwgUdqVvTm/s-l225.jpg
型号不明,21.0,WORKING Technicolor Super VI (6) TTL Vintage 8mm Movie Camera Smith Victor Light,,Vintage Cameras,,29.99,USD,FIXED_PRICE,15,0,,US,bort2000,100.0,2026-08-14T19:07:29.000Z,,https://www.ebay.com/itm/307126838473?hash=item47822fa4c9:g:EDkAAeSw87xqaSF9,https://i.ebayimg.com/images/g/EDkAAeSw87xqaSF9/s-l225.jpg
型号不明,21.0,Vintage Camera,,Vintage Cameras,,30.0,USD,"FIXED_PRICE,BEST_OFFER",3,0,,US,pizzol719,100.0,2026-08-14T23:34:39.000Z,,https://www.ebay.com/itm/178407754521?hash=item2989ee4b19:g:RyMAAeSws4lqf6Wy,https://i.ebayimg.com/images/g/RyMAAeSws4lqf6Wy/s-l225.jpg
型号不明,21.0,Ciro-Flex Camera Wollensack Lens 85mm Antastigmat Ciro Flex Rapax USA,,Vintage Cameras,,30.0,USD,"FIXED_PRICE,BEST_OFFER",7,0,,US,jezy-4268,0.0,2026-08-14T18:22:00.000Z,,https://www.ebay.com/itm/366605817597?hash=item555b68d6fd:g:LH0AAeSwQzFqf1vs,https://i.ebayimg.com/images/g/LH0AAeSwQzFqf1vs/s-l225.jpg
型号不明,21.0,Keystone Easy Shot 700 35mm Film Camera 2X Tele-Wide Autowind Dual Lens Black,,Film Cameras,Used,30.0,USD,"FIXED_PRICE,BEST_OFFER",0,0,,US,closetgolddigger,99.4,2026-08-14T17:35:58.000Z,,https://www.ebay.com/itm/820002107584?hash=itembeebef30c0:g:0PYAAeSw9jhqf1H9,https://i.ebayimg.com/images/g/0PYAAeSw9jhqf1H9/s-l225.jpg
型号不明,21.0,Vintage Cannon Q8200 35mm Focus Free Film Camera With Motorized Film And Flash,,Film Cameras,Used,32.0,USD,"FIXED_PRICE,BEST_OFFER",14,0,,US,the1vintagecollectors,99.6,2026-08-14T20:09:31.000Z,,https://www.ebay.com/itm/336742668982?hash=item4e676d5ab6:g:Nf4AAeSwwhdqf3VF,https://i.ebayimg.com/images/g/Nf4AAeSwwhdqf3VF/s-l225.jpg
型号不明,21.0,"6 Pack Strut T Plate Hardware for 1-5/8"" Strut Channel,3/16"" Thick | 4 Hole T...",,Vintage Cameras,,32.6,USD,FIXED_PRICE,2,0,,US,shacah304,100.0,2026-08-15T04:33:04.000Z,,https://www.ebay.com/itm/237006952507?hash=item372eb7183b:g:iVAAAeSwcShqf-v~,https://i.ebayimg.com/images/g/iVAAAeSwcShqf-v~/s-l225.jpg
型号不明,21.0,Bell + Howell BF 905 Big Finder 35mm Film Camera w/ Box Auto Focus Tested,,Film Cameras,Used,32.63,USD,FIXED_PRICE,8,0,,US,outlawreseller,99.5,2026-08-15T04:04:27.000Z,,https://www.ebay.com/itm/117360213348?hash=item1b5336bd64:g:N5YAAeSwG2poy~~i,https://i.ebayimg.com/images/g/N5YAAeSwG2poy~~i/s-l225.jpg
型号不明,21.0,Revere Eight Camera Model 77,,Vintage Cameras,,32.95,USD,FIXED_PRICE,1,0,,US,pilolli,100.0,2026-08-14T14:17:31.000Z,,https://www.ebay.com/itm/257680086715?hash=item3bfeee16bb:g:AnwAAOSwT1BnI8lE,https://i.ebayimg.com/images/g/AnwAAOSwT1BnI8lE/s-l225.jpg
型号不明,21.0,Imperial Six-Twenty Snapshot Box Camera Bakelite Art Deco 1950s,,Vintage Cameras,,34.5,USD,"FIXED_PRICE,BEST_OFFER",4,0,,US,zarthormega,100.0,2026-08-15T09:39:51.000Z,,https://www.ebay.com/itm/267757880990?hash=item3e579d069e:g:VCsAAOSwsWBhjEkr,https://i.ebayimg.com/images/g/VCsAAOSwsWBhjEkr/s-l225.jpg
型号不明,21.0,"Albinar MS-2 35mm SLR w/50mm f1.9 & 75-200mm zoom lenses, Thyristor 75AT Flash..",,Film Cameras,Used,34.85,USD,"FIXED_PRICE,BEST_OFFER",15,0,,US,thomariste0,99.5,2026-08-15T10:06:44.000Z,,https://www.ebay.com/itm/188796068763?hash=item2bf51f639b:g:JQsAAeSwTHhqgDY-,https://i.ebayimg.com/images/g/JQsAAeSwTHhqgDY-/s-l225.jpg
型号不明,21.0,Welta Weltax Folding Camera with E. Ludwig 75mm f/3.5 Meritar Lens,,Film Cameras,Used,34.99,USD,"FIXED_PRICE,BEST_OFFER",0,0,,US,cameraexchange,100.0,2026-08-15T10:45:58.000Z,,https://www.ebay.com/itm/318733614337?hash=item4a3600fd01:g:icoAAeSwli9qfwwT,https://i.ebayimg.com/images/g/icoAAeSwli9qfwwT/s-l225.jpg
型号不明,21.0,"Vintage Movie Camera w/ Lens & Wrist Strap, Black/Silver",,Vintage Cameras,,35.0,USD,"FIXED_PRICE,BEST_OFFER",3,0,,US,tearwoodsells,100.0,2026-08-14T21:15:36.000Z,,https://www.ebay.com/itm/227476210613?hash=item34f6a383b5:g:wXUAAeSwMk1qf4VV,https://i.ebayimg.com/images/g/wXUAAeSwMk1qf4VV/s-l225.jpg
型号不明,21.0,Tru-View 120 Plastic Film Camera,,Film Cameras,Used,35.0,USD,FIXED_PRICE,8,0,,US,photo_bazaar,99.9,2026-08-14T15:41:22.000Z,,https://www.ebay.com/itm/168611399202?hash=item274205c622:g:wdEAAeSwUulqff1P,https://i.ebayimg.com/images/g/wdEAAeSwUulqff1P/s-l225.jpg
残件/按现状;型号不明,21.0,Nishika N8000 3D 35mm Film Camera With Strap Needs Battery Spring Worked,,Film Cameras,For parts or not working,35.0,USD,"FIXED_PRICE,BEST_OFFER",3,0,,US,roydagger,100.0,2026-08-14T13:33:16.000Z,,https://www.ebay.com/itm/318729231523?hash=item4a35be1ca3:g:01IAAeSwjZxqfxje,https://i.ebayimg.com/images/g/01IAAeSwjZxqfxje/s-l225.jpg
型号不明,21.0,RBT Stereo Slide mounts 8p (23x33mm full frame) Plastic snap made in Germany,,Vintage Cameras,,35.0,USD,"FIXED_PRICE,BEST_OFFER",4,0,,US,3d-drt-3d,100.0,2026-08-14T11:49:08.000Z,,https://www.ebay.com/itm/377417804582?hash=item57dfdaab26:g:nYgAAeSwQhFpQhKo,https://i.ebayimg.com/images/g/nYgAAeSwQhFpQhKo/s-l225.jpg
型号不明,21.0,HP Super 8 504-t Movie Viewer Editor Working Light Vintage,,Vintage Cameras,,35.99,USD,"FIXED_PRICE,BEST_OFFER",5,0,,US,lu12-deals,99.9,2026-08-15T13:08:55.000Z,,https://www.ebay.com/itm/336743822065?hash=item4e677ef2f1:g:N7IAAeSw4vtqgGLj,https://i.ebayimg.com/images/g/N7IAAeSw4vtqgGLj/s-l225.jpg
型号不明,21.0,Used EKTAR H35 Half Frame Film Camera with case-Brown-Works great,,Film Cameras,Used,37.15,USD,"FIXED_PRICE,BEST_OFFER",4,0,,US,rhmimages,100.0,2026-08-15T00:33:03.000Z,,https://www.ebay.com/itm/307127143831?hash=item4782344d97:g:t-8AAeSwHiJqf7GO,https://i.ebayimg.com/images/g/t-8AAeSwHiJqf7GO/s-l225.jpg
型号不明,21.0,"AELS 8x10 Inch Floral Vintage Picture Frame, Elegant Antique Photo Frames wit...",,Vintage Cameras,,37.54,USD,FIXED_PRICE,6,0,,US,dor_store454,98.6,2026-08-14T18:27:42.000Z,,https://www.ebay.com/itm/137621411967?hash=item200ae0187f:g:OT8AAeSwyudqf14X,https://i.ebayimg.com/images/g/OT8AAeSwyudqf14X/s-l225.jpg
型号不明,21.0,Vintage GAF Anscomatic Cadet Flash 126 Camera 1960s +Flash Cubes WORKING SHUTTER,,Vintage Cameras,,38.0,USD,"FIXED_PRICE,BEST_OFFER",8,0,,US,natst_83,0.0,2026-08-14T17:42:45.000Z,,https://www.ebay.com/itm/800508246320?hash=itemba62027930:g:B-8AAeSwwhdqf1LH,https://i.ebayimg.com/images/g/B-8AAeSwwhdqf1LH/s-l225.jpg
型号不明,21.0,Vintage Sankyo Super 5cm Film Camera With Case,,Vintage Cameras,,38.23,USD,"FIXED_PRICE,BEST_OFFER",20,0,,US,dealacent,99.8,2026-08-14T19:05:38.000Z,,https://www.ebay.com/itm/158188632802?hash=item24d4c6fae2:g:JNwAAOSwHElnnfb0,https://i.ebayimg.com/images/g/JNwAAOSwHElnnfb0/s-l225.jpg
残件/按现状,21.0,Kodak EasyShare P850 Digital Camera 5.1MP 12x Optical Zoom - UNTESTED - AS IS,Kodak,Digital Cameras,Used,38.95,USD,"FIXED_PRICE,BEST_OFFER",4,0,as-is,US,essentialsandcollectibles,98.8,2026-08-14T12:53:39.000Z,,https://www.ebay.com/itm/178406249453?hash=item2989d753ed:g:xDQAAeSwTf1pk8UL,https://i.ebayimg.com/images/g/xDQAAeSwTf1pk8UL/s-l225.jpg
型号不明,21.0,VTG 1948 Bell & Howell Filmo Auto-8 8mm Movie Camera with Case and Instructions,,Vintage Cameras,,39.0,USD,"FIXED_PRICE,BEST_OFFER",18,0,,US,uncle_curtiss,100.0,2026-08-15T11:38:45.000Z,,https://www.ebay.com/itm/206492954155?hash=item3013f06e2b:g:FNYAAeSw46tqW8vz,https://i.ebayimg.com/images/g/FNYAAeSw46tqW8vz/s-l225.jpg
残件/按现状;型号不明,21.0,Vtg 1940’s Era Ansco Brand Shur-Shot Box Camera - Made In New York 519 Untested,,Vintage Cameras,,39.0,USD,"FIXED_PRICE,BEST_OFFER",14,0,as-is,US,2ndchanceeverything,99.5,2026-08-15T02:19:48.000Z,,https://www.ebay.com/itm/307127245728?hash=item478235dba0:g:nX4AAeSwRT1qW4nB,https://i.ebayimg.com/images/g/nX4AAeSwRT1qW4nB/s-l225.jpg
打包杂件,21.0,"Kodak EasyShare C633 6MP Digital Camera Y2K 480p Bags, 3 cards Tripod + more Lot",Kodak,Digital Cameras,Used,39.0,USD,"FIXED_PRICE,BEST_OFFER",14,0,,US,our-sisters-cottage,100.0,2026-08-14T15:08:01.000Z,,https://www.ebay.com/itm/188792122554?hash=item2bf4e32cba:g:xFUAAeSwJ6NqGutS,https://i.ebayimg.com/images/g/xFUAAeSwJ6NqGutS/s-l225.jpg
残件/按现状;型号不明,21.0,Vintage Uniflex 1 Universal Camera Untested,,Vintage Cameras,,39.9,USD,"FIXED_PRICE,BEST_OFFER",6,0,as-is,US,allgooddeals2012,100.0,2026-08-15T12:08:56.000Z,,https://www.ebay.com/itm/198572883256?hash=item2e3bddbd38:g:1FEAAeSwvUBpVn9B,https://i.ebayimg.com/images/g/1FEAAeSwvUBpVn9B/s-l225.jpg
型号不明,21.0,🔥 Argus C3 50mm f/3.5 Coated Cintar Lens 35mm Rangefinder Film Camera Mich DNR,,Vintage Cameras,,39.95,USD,"FIXED_PRICE,BEST_OFFER",23,0,,US,jjjsn33dfulthings,99.8,2026-08-15T05:10:17.000Z,,https://www.ebay.com/itm/137623069963?hash=item200af9650b:g:TcwAAeSwOUVqNJb-,https://i.ebayimg.com/images/g/TcwAAeSwOUVqNJb-/s-l225.jpg
型号不明,21.0,Vintage KOWA SE SLR Camera 1:1.9 F=50mm JAPAN Active Meter Used GUC,,Film Cameras,Used,39.95,USD,"FIXED_PRICE,BEST_OFFER",16,0,,US,ferns_fun_finds,99.8,2026-08-15T02:49:51.000Z,,https://www.ebay.com/itm/178408192119?hash=item2989f4f877:g:uKcAAeSwS~JqXE01,https://i.ebayimg.com/images/g/uKcAAeSwS~JqXE01/s-l225.jpg
型号不明,21.0,Wollensak Model 43 8mm Camera Silver Triple Lens Vintage Gray Not Tested SF3,,Vintage Cameras,,39.95,USD,"FIXED_PRICE,BEST_OFFER",13,0,,US,thethri_26,99.1,2026-08-14T13:34:07.000Z,,https://www.ebay.com/itm/800507352534?hash=itemba61f4d5d6:g:S0AAAeSw0KxqfND5,https://i.ebayimg.com/images/g/S0AAAeSw0KxqfND5/s-l225.jpg
型号不明,21.0,Samsung Fino 70s 35mm Film Point & Shoot Camera with 38-70mm Zoom Lens *WORKING*,,Film Cameras,Used,39.97,USD,"FIXED_PRICE,BEST_OFFER",2,0,,US,zadowrigh0,100.0,2026-08-14T19:34:30.000Z,,https://www.ebay.com/itm/188793100842?hash=item2bf4f21a2a:g:ZxsAAeSwDzRqf22U,https://i.ebayimg.com/images/g/ZxsAAeSwDzRqf22U/s-l225.jpg
残件/按现状;型号不明,21.0,Vintage Revere Model 87 8mm Movie Camera UNTESTED,,Vintage Cameras,,39.99,USD,"FIXED_PRICE,BEST_OFFER",6,0,as-is,US,jacqu2u,99.7,2026-08-15T12:38:22.000Z,,https://www.ebay.com/itm/267757992363?hash=item3e579eb9ab:g:LiAAAeSwWNRpGmur,https://i.ebayimg.com/images/g/LiAAAeSwWNRpGmur/s-l225.jpg
型号不明,21.0,Wards 706/ Super 8mm Vintage Movie Camera w/Sharnan Reflex Zoom Lens,,Vintage Cameras,,39.99,USD,"FIXED_PRICE,BEST_OFFER",6,0,,US,lbt_hive_co,99.9,2026-08-15T11:27:21.000Z,,https://www.ebay.com/itm/128027835998?hash=item1dcf0dbe5e:g:eLQAAeSwnudqMAr1,https://i.ebayimg.com/images/g/eLQAAeSwnudqMAr1/s-l225.jpg
型号不明,21.0,Sharper Image IC2018 Instant Camera - Black/White Compact 60mm Lens,,Film Cameras,Used,39.99,USD,"FIXED_PRICE,BEST_OFFER",4,0,,US,neltay-84,99.2,2026-08-15T02:47:53.000Z,,https://www.ebay.com/itm/128027344286?hash=item1dcf063d9e:g:dEQAAeSw65pqf9NM,https://i.ebayimg.com/images/g/dEQAAeSw65pqf9NM/s-l225.jpg
型号不明,21.0,Paillard Bolex Right-Angle Viewer Attachment For H16 Or H8 Movie Cameras (+) USA,,Film Cameras,Used,39.99,USD,"FIXED_PRICE,BEST_OFFER",4,0,,US,f-stop_shop,100.0,2026-08-14T15:08:53.000Z,,https://www.ebay.com/itm/298587819326?hash=item4585388d3e:g:O30AAeSw8fdqfy8Z,https://i.ebayimg.com/images/g/O30AAeSw8fdqfy8Z/s-l225.jpg
残件/按现状;型号不明,21.0,Minox 35 EL 35mm Compact Film Camera Color Minotar 35mm f/2.8 Lens Parts Repair,,Film Cameras,For parts or not working,39.99,USD,"FIXED_PRICE,BEST_OFFER",6,0,,US,hawk8cubs,100.0,2026-08-14T14:42:50.000Z,,https://www.ebay.com/itm/188792034166?hash=item2bf4e1d376:g:FjIAAeSwFJ1qfylh,https://i.ebayimg.com/images/g/FjIAAeSwFJ1qfylh/s-l225.jpg
型号不明,21.0,Vintage BOLEX Multimatic Super 8 Cartridge Projector,,Vintage Cameras,,39.99,USD,FIXED_PRICE,4,0,,US,2brokepeaches,100.0,2026-08-14T12:23:39.000Z,,https://www.ebay.com/itm/147504442349?hash=item2257f32bed:g:4dcAAOSwQjZljdFe,https://i.ebayimg.com/images/g/4dcAAOSwQjZljdFe/s-l225.jpg
型号不明,21.0,Vintage Argus C3 Range Finder 35mm Camera f/3.5 50mm Argus Cintar Lens w/ Case,,Vintage Cameras,,40.0,USD,"FIXED_PRICE,BEST_OFFER",19,0,,US,kc_rooms_new,100.0,2026-08-15T00:33:53.000Z,,https://www.ebay.com/itm/147505563366?hash=item22580446e6:g:4ykAAeSwlC5qf7Ex,https://i.ebayimg.com/images/g/4ykAAeSwlC5qf7Ex/s-l225.jpg
型号不明,21.0,Vintage New Old Stock Ansco Hot Pix 35mm Camera 1990s Pink Retro Camera,,Vintage Cameras,,40.0,USD,FIXED_PRICE,4,0,,US,vlc700,100.0,2026-08-14T22:47:44.000Z,,https://www.ebay.com/itm/178407664131?hash=item2989ecea03:g:0hwAAeSwKIVqQqjb,https://i.ebayimg.com/images/g/0hwAAeSwKIVqQqjb/s-l225.jpg
型号不明,21.0,Old Timer 108OT Junior 4.7in Traditional Folding Pocket Knife with 3 High Car...,,Vintage Cameras,,40.22,USD,FIXED_PRICE,3,0,,US,qkiy6480,100.0,2026-08-15T04:20:06.000Z,,https://www.ebay.com/itm/820004025232?hash=itembeec0c7390:g:QgAAAeSwls1qf-jz,https://i.ebayimg.com/images/g/QgAAAeSwls1qf-jz/s-l225.jpg
型号不明,21.0,"Vintage WIRGIN DELUXE MODEL 11, HEAVY CHROME VERSION, Meniscar Lens",,Vintage Cameras,,40.49,USD,"FIXED_PRICE,BEST_OFFER",3,0,,US,411krony,99.9,2026-08-14T10:30:35.000Z,,https://www.ebay.com/itm/377417677498?hash=item57dfd8baba:g:e0UAAOSwND1lqSjP,https://i.ebayimg.com/images/g/e0UAAOSwND1lqSjP/s-l225.jpg
型号不明,21.0,Univex AF-2 Appareil Photo Pliant Miniature CE10737 Made in the USA,,Film Cameras,Used,42.5,USD,"FIXED_PRICE,BEST_OFFER",4,0,,US,cjrichards,100.0,2026-08-14T21:10:46.000Z,,https://www.ebay.com/itm/336742739663?hash=item4e676e6ecf:g:otsAAeSwWatqf4Mu,https://i.ebayimg.com/images/g/otsAAeSwWatqf4Mu/s-l225.jpg
残件/按现状,21.0,Kodak EasyShare M763 7.2MP 3x Optical Zoom Digital Camera,Kodak,Digital Cameras,For parts or not working,42.99,USD,"FIXED_PRICE,BEST_OFFER",7,0,,US,g2g_liquidators,99.8,2026-08-14T13:42:43.000Z,,https://www.ebay.com/itm/287524816097?hash=item42f1d084e1:g:OVAAAeSwEx9qfxtF,https://i.ebayimg.com/images/g/OVAAAeSwEx9qfxtF/s-l225.jpg
型号不明,21.0,"Bell & Howell Focus Matic 8 mm Film Camera Directors Series, Bag, Light & More",,Vintage Cameras,,44.0,USD,"FIXED_PRICE,BEST_OFFER",10,0,,US,tigeress-34,100.0,2026-08-14T07:55:37.000Z,,https://www.ebay.com/itm/298586951561?hash=item45852b4f89:g:RHYAAOSwxNBmq78w,https://i.ebayimg.com/images/g/RHYAAOSwxNBmq78w/s-l225.jpg
型号不明,21.0,Welta Weltaflex TLR leather camera case | 1956 | Case only | $45 |,,Vintage Cameras,,45.0,USD,FIXED_PRICE,3,0,,US,vintagephotographica,99.8,2026-08-14T23:53:25.000Z,,https://www.ebay.com/itm/287525681831?hash=item42f1ddbaa7:g:Fe8AAeSwL61ov6tU,https://i.ebayimg.com/images/g/Fe8AAeSwL61ov6tU/s-l225.jpg
型号不明,21.0,Vintage Camera Yashice Lynx-5000E Rangefinder 35mm Film. With Manuel.,,Film Cameras,Used,45.0,USD,FIXED_PRICE,7,0,,US,bigdirtytreasures,99.1,2026-08-14T22:04:31.000Z,,https://www.ebay.com/itm/198571661392?hash=item2e3bcb1850:g:uOoAAeSwC-Fqf4~u,https://i.ebayimg.com/images/g/uOoAAeSwC-Fqf4~u/s-l225.jpg
型号不明,21.0,Quick Snap Waterproof 35Mm Single Use Camera | Floating Foam Strap (Yellow)… (1,,Film Cameras,New,45.44,USD,FIXED_PRICE,11,0,,US,serhat.san,100.0,2026-08-14T07:22:30.000Z,,https://www.ebay.com/itm/820000240243?hash=itembeebd2b273:g:7tYAAeSwJoxqfsIq,https://i.ebayimg.com/images/g/7tYAAeSwJoxqfsIq/s-l225.jpg
型号不明,21.0,Lomography Fisheye No. 2 35mm Point & Shoot Film Camera Pink Tested Working,,Film Cameras,Used,47.0,USD,"FIXED_PRICE,BEST_OFFER",9,0,,US,unique_cat,99.7,2026-08-14T20:51:22.000Z,,https://www.ebay.com/itm/158188997571?hash=item24d4cc8bc3:g:NXoAAeSwSLlqf3-7,https://i.ebayimg.com/images/g/NXoAAeSwSLlqf3-7/s-l225.jpg
残件/按现状,21.0,Kodak EasyShare CD83 14.1MP 3x Zoom Point & Shoot Blue Camera,Kodak,Digital Cameras,For parts or not working,47.5,USD,"FIXED_PRICE,BEST_OFFER",6,0,,US,g2g_liquidators,99.8,2026-08-14T12:26:08.000Z,,https://www.ebay.com/itm/287524705185?hash=item42f1ced3a1:g:jIUAAeSwlP5qfwlU,https://i.ebayimg.com/images/g/jIUAAeSwlP5qfwlU/s-l225.jpg
型号不明,21.0,ELMO Super 8 Sound 350SL MACRO Movie Film Camera 9-27mm f1.2,,Vintage Cameras,,48.99,USD,FIXED_PRICE,12,0,,US,loot-n-trade,100.0,2026-08-15T04:26:36.000Z,,https://www.ebay.com/itm/820004044747?hash=itembeec0cbfcb:g:BTkAAeSw3Bxqf-pd,https://i.ebayimg.com/images/g/BTkAAeSw3Bxqf-pd/s-l225.jpg
残件/按现状;型号不明,21.0,VINTAGE BELL & HOWELL ELECTRIC EYE 8MM MOVIE CAMERA SOLD AS IS,,Vintage Cameras,,48.99,USD,FIXED_PRICE,4,0,as-is,US,wigginton-n-jos,100.0,2026-08-14T16:42:44.000Z,,https://www.ebay.com/itm/800508042207?hash=itemba61ff5bdf:g:iHEAAeSwRQxqf0Tp,https://i.ebayimg.com/images/g/iHEAAeSwRQxqf0Tp/s-l225.jpg
型号不明,21.0,"TJ.MOREE Shadow Box 11x14 Memory Display Case Wooden Picture 11x14, Black",,Vintage Cameras,,48.99,USD,FIXED_PRICE,5,0,,US,sekmencorp,100.0,2026-08-14T16:09:53.000Z,,https://www.ebay.com/itm/407144684741?hash=item5ecbb6dcc5:g:~CAAAeSwa2dqfz3U,https://i.ebayimg.com/images/g/~CAAAeSwa2dqfz3U/s-l225.jpg
型号不明,21.0,Vintage Argus Argoflex Seventy-Five TLR 620 Film Camera 75mm Lumar Lens Case,,Vintage Cameras,,49.0,USD,"FIXED_PRICE,BEST_OFFER",7,0,,US,brickandclickshop,100.0,2026-08-15T05:12:33.000Z,,https://www.ebay.com/itm/158190181667?hash=item24d4de9d23:g:Q1gAAeSwgvRqf~UH,https://i.ebayimg.com/images/g/Q1gAAeSwgvRqf~UH/s-l225.jpg
型号不明,21.0,Vintage Capital MX-II 35mm Film Camera NOS New Old Stock Box Case Manuals,,Vintage Cameras,,49.0,USD,FIXED_PRICE,3,0,,US,olekta_59,99.6,2026-08-14T05:08:24.000Z,,https://www.ebay.com/itm/398283663400?hash=item5cbb8e6828:g:Z-EAAeSw5ctqfqKl,https://i.ebayimg.com/images/g/Z-EAAeSw5ctqfqKl/s-l225.jpg
型号不明,21.0,Vintage Argus C-Four 35mm Film Camera w/ 50mm f/2.8 Lens & Leather Case USA,,Film Cameras,Used,49.49,USD,"FIXED_PRICE,BEST_OFFER",6,0,,US,undergroundretailers,99.6,2026-08-15T13:10:21.000Z,,https://www.ebay.com/itm/287526668713?hash=item42f1ecc9a9:g:SRYAAeSwF9xodvbk,https://i.ebayimg.com/images/g/SRYAAeSwF9xodvbk/s-l225.jpg
型号不明,21.0,~70x Slip-in 4p size stereo 3D slide (half frame) ARMME KWIK mounts Yellow,,Vintage Cameras,,49.95,USD,"FIXED_PRICE,BEST_OFFER",9,0,,US,3d-drt-3d,100.0,2026-08-14T13:39:36.000Z,,https://www.ebay.com/itm/377418131175?hash=item57dfdfa6e7:g:FZQAAeSwwyJqfxiL,https://i.ebayimg.com/images/g/FZQAAeSwwyJqfxiL/s-l225.jpg
残件/按现状;型号不明,21.0,Vintage Argus Zoom 818E Super 8 Instant Load Electric Eye Movie Camera Untested,,Vintage Cameras,,49.99,USD,"FIXED_PRICE,BEST_OFFER",16,0,as-is,US,mambo_sellers,100.0,2026-08-15T08:27:55.000Z,,https://www.ebay.com/itm/366606937317?hash=item555b79ece5:g:dSYAAeSwa6VpGVUo,https://i.ebayimg.com/images/g/dSYAAeSwa6VpGVUo/s-l225.jpg
型号不明,21.0,Vintage 1939 Detrola Model H Camera Anastigmat f/4.5 127 Film w Manual USA,,Vintage Cameras,,49.99,USD,"FIXED_PRICE,BEST_OFFER",6,0,,US,dudeifoundthis,98.7,2026-08-14T06:16:00.000Z,,https://www.ebay.com/itm/307125723995?hash=item47821ea35b:g:m5EAAeSws4lqfrIi,https://i.ebayimg.com/images/g/m5EAAeSws4lqfrIi/s-l225.jpg
型号不明,21.0,Vintage Ciro-flex TLR Camera with Rapax Shutter,,Vintage Cameras,,50.0,USD,"FIXED_PRICE,BEST_OFFER",7,0,,US,firstproductsource,100.0,2026-08-15T10:32:43.000Z,,https://www.ebay.com/itm/287526473247?hash=item42f1e9ce1f:g:ZNwAAeSwDp1qgD~o,https://i.ebayimg.com/images/g/ZNwAAeSwDp1qgD~o/s-l225.jpg
残件/按现状;型号不明,21.0,Welmy Six 6x6 120 Film Folding Camera w/Case Brown Untested,,Film Cameras,For parts or not working,50.0,USD,FIXED_PRICE,12,0,as-is,US,jensenbc1026,99.7,2026-08-15T01:28:40.000Z,,https://www.ebay.com/itm/188794301162?hash=item2bf5046aea:g:MgAAAeSw~bxqf79x,https://i.ebayimg.com/images/g/MgAAAeSw~bxqf79x/s-l225.jpg
残件/按现状;型号不明,21.0,Vintage Argus Super 8 Movie Camera Model 814 w Case - Untested,,Vintage Cameras,,50.0,USD,FIXED_PRICE,23,0,as-is,US,danspawn,99.9,2026-08-14T23:36:00.000Z,,https://www.ebay.com/itm/307123202084?hash=item4781f82824:g:k5MAAeSw1~Nqe5Xo,https://i.ebayimg.com/images/g/k5MAAeSw1~Nqe5Xo/s-l225.jpg
型号不明,21.0,Bell & Howell Autoload 1201 8mm Super8 Film Movie Camera Tested and Working,,Vintage Cameras,,50.0,USD,"FIXED_PRICE,BEST_OFFER",8,0,,US,thrifting_34,100.0,2026-08-14T23:26:35.000Z,,https://www.ebay.com/itm/820003047165?hash=itembeebfd86fd:g:ChQAAeSwYPFqf6P-,https://i.ebayimg.com/images/g/ChQAAeSwYPFqf6P-/s-l225.jpg
型号不明,21.0,Samoca 35 II Viewfinder 35mm Camera C. Ezumar Anastigmat 50mm f3.5 #530386 9+++,,Vintage Cameras,,50.0,USD,FIXED_PRICE,8,0,,US,eastwestphoto,100.0,2026-08-14T23:26:18.000Z,,https://www.ebay.com/itm/158188927855?hash=item24d4cb7b6f:g:-tUAAeSwgYVqf3gF,https://i.ebayimg.com/images/g/-tUAAeSwgYVqf3gF/s-l225.jpg
型号不明,21.0,Vintage Emdeko Cds EM 5000 wind up 8MM camera working Retro Tech Filmmaking,,Vintage Cameras,,50.0,USD,FIXED_PRICE,8,0,,US,mashlisales818,99.3,2026-08-14T14:43:32.000Z,,https://www.ebay.com/itm/307126491086?hash=item47822a57ce:g:W4AAAeSwOAhpkKXT,https://i.ebayimg.com/images/g/W4AAAeSwOAhpkKXT/s-l225.jpg
打包杂件,21.0,"PROMASTER 35mm SLR Manual Focus Film Camera Bundle w/ 2 Lenses, Bag, Accessories",,Film Cameras,Used,52.0,USD,"FIXED_PRICE,BEST_OFFER",0,0,,US,carsnperkins56,97.8,2026-08-14T23:39:01.000Z,,https://www.ebay.com/itm/168614405182?hash=item274233a43e:g:X9cAAeSw1clqf6bt,https://i.ebayimg.com/images/g/X9cAAeSw1clqf6bt/s-l225.jpg
型号不明,21.0,Waterproof Disposable Camera - 35Mm Underwater - 27 Exposures - ASA/ISO400 Color,,Film Cameras,New,52.97,USD,FIXED_PRICE,11,0,,US,serhat.san,100.0,2026-08-14T10:37:16.000Z,,https://www.ebay.com/itm/820000793635?hash=itembeebdb2423:g:qp4AAeSw5fZqfu~R,https://i.ebayimg.com/images/g/qp4AAeSw5fZqfu~R/s-l225.jpg
型号不明,21.0,Vintage Argus C44 35mm Rangefinder Camera Cintar 50mm f/3.5 Lens Case USA,,Vintage Cameras,,52.99,USD,"FIXED_PRICE,BEST_OFFER",10,0,,US,dudeifoundthis,98.7,2026-08-14T05:37:37.000Z,,https://www.ebay.com/itm/307125688296?hash=item47821e17e8:g:mtkAAeSw5ctqfqkh,https://i.ebayimg.com/images/g/mtkAAeSw5ctqfqkh/s-l225.jpg
残件/按现状;型号不明,21.0,Magnavox Movie-Maker VHS Camcorder Recorder With Case etc (vr9244av01) For Parts,,Vintage Cameras,,52.99,USD,FIXED_PRICE,6,0,as-is,US,s.c.company,100.0,2026-08-14T05:03:10.000Z,,https://www.ebay.com/itm/128025842482?hash=item1dceef5332:g:HqAAAeSwnpdpYyC3,https://i.ebayimg.com/images/g/HqAAAeSwnpdpYyC3/s-l225.jpg
型号不明,21.0,Pax M2 Vintage 35MM Film Camera Japan W/Pax Anastigmat Lens & Leather Case,,Vintage Cameras,,53.1,USD,"FIXED_PRICE,BEST_OFFER",3,0,,US,looss-49,98.8,2026-08-14T14:49:41.000Z,,https://www.ebay.com/itm/407144536465?hash=item5ecbb49991:g:aMwAAeSwC-Fqfyr2,https://i.ebayimg.com/images/g/aMwAAeSwC-Fqfyr2/s-l225.jpg
型号不明,21.0,Fujica STX-1 35mm SLR Film Camera W/ Japan Made Macro Lens - Nice - Silver Black,,Film Cameras,Used,53.62,USD,"FIXED_PRICE,BEST_OFFER",22,0,,US,gladdyflips,98.0,2026-08-15T12:24:42.000Z,,https://www.ebay.com/itm/128027897964?hash=item1dcf0eb06c:g:V2kAAeSwUcpqgFqx,https://i.ebayimg.com/images/g/V2kAAeSwUcpqgFqx/s-l225.jpg
型号不明,21.0,Love Serie Ouro TriFoto Tecnologia Sonora Disposable 110 Camera - 1985 Sealed!,,Film Cameras,New,54.94,USD,FIXED_PRICE,10,0,,US,secondhandsellerz,100.0,2026-08-15T02:50:10.000Z,,https://www.ebay.com/itm/800510233788?hash=itemba6220ccbc:g:uh0AAOSwGrJl3YCB,https://i.ebayimg.com/images/g/uh0AAOSwGrJl3YCB/s-l225.jpg
型号不明,21.0,Revlon Focus Free 35mm F5.6 Film Camera Red Vintage,,Film Cameras,Used,55.0,USD,"FIXED_PRICE,BEST_OFFER",4,0,,US,tebri2670,99.5,2026-08-14T19:40:11.000Z,,https://www.ebay.com/itm/800508667295?hash=itemba6208e59f:g:QCwAAeSwTb5pay1G,https://i.ebayimg.com/images/g/QCwAAeSwTb5pay1G/s-l225.jpg
型号不明,21.0,Nishika N8000 camera case Unused in Decent Box,,Film Cameras,Open box,55.0,USD,"FIXED_PRICE,BEST_OFFER",7,0,,US,sonomafinds,99.9,2026-08-14T19:37:10.000Z,,https://www.ebay.com/itm/278280584780?hash=item40cad0be4c:g:4CQAAeSwCz5qf24x,https://i.ebayimg.com/images/g/4CQAAeSwCz5qf24x/s-l225.jpg
型号不明,21.0,Charmy Miniature Camera Yellow,,Vintage Cameras,,55.0,USD,"FIXED_PRICE,BEST_OFFER",3,0,,US,dmt28,100.0,2026-08-14T12:51:56.000Z,,https://www.ebay.com/itm/257679967577?hash=item3bfeec4559:g:p58AAeSwO2lqfw6z,https://i.ebayimg.com/images/g/p58AAeSwO2lqfw6z/s-l225.jpg
打包杂件,21.0,Kodak EasyShare Z1285 12MP 5X Zoom HD Digital Camera Black Bundle Tested Works,Kodak,Digital Cameras,Used,55.0,USD,FIXED_PRICE,11,0,,US,aneye4treasure208,99.9,2026-08-14T11:40:10.000Z,,https://www.ebay.com/itm/278279371490?hash=item40cabe3ae2:g:JXQAAeSwWWdoK2wV,https://i.ebayimg.com/images/g/JXQAAeSwWWdoK2wV/s-l225.jpg
型号不明,21.0,Yunon Deluxe I Film Camera 50MM 1:6 Yellow 35MM Film Rare Used Good Cond,,Film Cameras,Used,58.99,USD,"FIXED_PRICE,BEST_OFFER",7,0,,US,popand_74,99.0,2026-08-15T08:10:50.000Z,,https://www.ebay.com/itm/198572546681?hash=item2e3bd89a79:g:OiUAAeSwVE1obDH6,https://i.ebayimg.com/images/g/OiUAAeSwVE1obDH6/s-l225.jpg
型号不明,21.0,Rainbow Hawk-eye No 2 Folding Model B Green 120 Film Folding Camera 1930s,,Vintage Cameras,,58.99,USD,FIXED_PRICE,6,0,,US,california545,99.9,2026-08-14T23:43:20.000Z,,https://www.ebay.com/itm/227476313130?hash=item34f6a5142a:g:-AsAAeSwa4Fqf57l,https://i.ebayimg.com/images/g/-AsAAeSwa4Fqf57l/s-l225.jpg
型号不明,21.0,Vintage Nishika N8000 3D Stereo 35mm Film Camera Quadra Lens System,,Film Cameras,Used,59.0,USD,FIXED_PRICE,4,0,,US,river-runt84,100.0,2026-08-14T20:52:52.000Z,,https://www.ebay.com/itm/178407366026?hash=item2989e85d8a:g:S4oAAeSwr-1qf359,https://i.ebayimg.com/images/g/S4oAAeSwr-1qf359/s-l225.jpg
型号不明,21.0,MINT Vintage the Fujinon-EP 50mm f/3.5 professional enlarging lens W/ Box,,Lenses,Used,59.0,USD,FIXED_PRICE,9,0,good-cond,US,redwing_1974,98.9,2026-08-14T19:33:45.000Z,,https://www.ebay.com/itm/298588334171?hash=item458540685b:g:1NcAAeSwQQxqf21K,https://i.ebayimg.com/images/g/1NcAAeSwQQxqf21K/s-l225.jpg
型号不明,21.0,Vintage Camera Flash Handle To Scratch-Build Custom Yoda Lightsaber Prop Hilts,,Film Cameras,Used,59.99,USD,"FIXED_PRICE,BEST_OFFER",12,0,,US,bris-quirkyfinds,100.0,2026-08-14T21:08:57.000Z,,https://www.ebay.com/itm/820002677769?hash=itembeebf7e409:g:nNgAAeSwWcdqf4EA,https://i.ebayimg.com/images/g/nNgAAeSwWcdqf4EA/s-l225.jpg
型号不明,21.0,Charmy Miniature Camera Green,,Vintage Cameras,,59.99,USD,"FIXED_PRICE,BEST_OFFER",3,0,,US,dmt28,100.0,2026-08-14T12:59:52.000Z,,https://www.ebay.com/itm/257679972832?hash=item3bfeec59e0:g:wssAAeSwm6tqfxBp,https://i.ebayimg.com/images/g/wssAAeSwm6tqfxBp/s-l225.jpg
型号不明,21.0,Argus Cintar 35mm Rangefinder Film Camera Black w/ Brown Leather Case,,Vintage Cameras,,60.0,USD,"FIXED_PRICE,BEST_OFFER",4,0,,US,fawnsmarketplace,0.0,2026-08-15T01:55:22.000Z,,https://www.ebay.com/itm/237003516703?hash=item372e82ab1f:g:~7cAAeSw1yVqfch9,https://i.ebayimg.com/images/g/~7cAAeSw1yVqfch9/s-l225.jpg
型号不明,21.0,Bentley Super 8 BX-720 Movie Camera Not Tested Vintage,,Vintage Cameras,,60.0,USD,"FIXED_PRICE,BEST_OFFER",4,0,,US,thrifting_34,100.0,2026-08-14T22:20:21.000Z,,https://www.ebay.com/itm/820002864122?hash=itembeebfabbfa:g:HPkAAeSwhKZqf5SD,https://i.ebayimg.com/images/g/HPkAAeSwhKZqf5SD/s-l225.jpg
残件/按现状;型号不明,21.0,Sears SR2000 35mm Film Camera w/ Zoom Lens – K-Mount – Vintage SLR – Untested,,Film Cameras,Used,60.0,USD,FIXED_PRICE,10,0,as-is,US,northwest-curated,99.3,2026-08-14T10:19:22.000Z,,https://www.ebay.com/itm/137620088918?hash=item200acbe856:g:064AAeSwwdppPyfo,https://i.ebayimg.com/images/g/064AAeSwwdppPyfo/s-l225.jpg
残件/按现状;型号不明,21.0,Vintage Sears 35 RF 35mm Rangefinder Film Black Camera Comes w/ Flash Bar. FA,,Film Cameras,For parts or not working,64.99,USD,FIXED_PRICE,6,0,mount:canon rf,US,rayscollectibles,99.9,2026-08-14T17:23:45.000Z,,https://www.ebay.com/itm/820002048978?hash=itembeebee4bd2:g:1cAAAeSwgGdqf03k,https://i.ebayimg.com/images/g/1cAAAeSwgGdqf03k/s-l225.jpg
残件/按现状,21.0,Sigma EX 120-300mm f/2.8 APO HSM DG Lens For Nikon - Parts or repair!,Sigma,Lenses,For parts or not working,250.0,USD,FIXED_PRICE,22,0,,US,samsunguser22,100.0,2026-08-14T04:50:33.000Z,,https://www.ebay.com/itm/178405165009?hash=item2989c6c7d1:g:SBwAAeSwAuVqfp1a,https://i.ebayimg.com/images/g/SBwAAeSwAuVqfp1a/s-l225.jpg
残件/按现状,21.0,Vintage Cine Kodak K-100 Turret 16mm Movie Camera / NOT WORKING,Kodak,Vintage Cameras,,412.0,USD,FIXED_PRICE,6,0,as-is,US,1701-s,100.0,2026-08-14T13:33:32.000Z,,https://www.ebay.com/itm/128026444871?hash=item1dcef88447:g:rJUAAeSwG5pqfxXK,https://i.ebayimg.com/images/g/rJUAAeSwG5pqfxXK/s-l225.jpg
型号不明,21.0,Authentic SONY FE PZ28-135/4G SELP28135G #270-004-380-2910,Sony,Lenses,Used,1891.14,USD,FIXED_PRICE,9,0,mount:sony e,JP,komehyo,99.5,2026-08-14T23:04:37.000Z,,https://www.ebay.com/itm/298588719496?hash=item4585464988:g:gdwAAeSwk3lqf58B,https://i.ebayimg.com/images/g/gdwAAeSwk3lqf58B/s-l225.jpg
残件/按现状,20.0,CANON MV530i DIGITAL VIDEO CAMCORDER & CARRY CASE CHARGER & BATTERY . FAULTY,Canon,Camcorders,For parts or not working,0.0,USD,"AUCTION,BEST_OFFER",10,0,auction,GB,lindspe-93,100.0,2026-08-14T19:24:44.000Z,2026-08-24T19:24:44.000Z,https://www.ebay.com/itm/147505137077?hash=item2257fdc5b5:g:IUgAAeSwz5xpwTOs,https://i.ebayimg.com/images/g/IUgAAeSwz5xpwTOs/s-l225.jpg
型号不明,20.0,Raynox Polaris Auto Zoom 85-205mm f/3.6 M42 Lens Vintage Japan Very Good,,Vintage Lenses,,35.0,USD,"FIXED_PRICE,BEST_OFFER",4,0,mount:m42,UA,evgeniy_zubenko,99.9,2026-08-15T13:45:26.000Z,,https://www.ebay.com/itm/407146781152?hash=item5ecbd6d9e0:g:U9MAAeSwMeVqgG0V,https://i.ebayimg.com/images/g/U9MAAeSwMeVqgG0V/s-l225.jpg
打包杂件,20.0,Sony Cybershot DSC-W210 12.1MP Digital Camera BUNDLE - Black - TESTED,Sony,Digital Cameras,Used,135.37,USD,"FIXED_PRICE,BEST_OFFER",12,0,,GB,tsbitsnbobs,99.9,2026-08-14T10:00:53.000Z,,https://www.ebay.com/itm/137620001094?hash=item200aca9146:g:uCYAAeSw~8JqfubD,https://i.ebayimg.com/images/g/uCYAAeSw~8JqfubD/s-l225.jpg
残件/按现状,20.0,Canon XL1s 3CCD Digital Video Camcorder DM-XL1s 16x Zoom Lens W/battery & Chargr,Canon,Camcorders,For parts or not working,154.95,USD,FIXED_PRICE,19,0,,CA,oldcollectioner,99.1,2026-08-14T18:20:38.000Z,,https://www.ebay.com/itm/407144926419?hash=item5ecbba8cd3:g:LfsAAeSwP~Vqf1up,https://i.ebayimg.com/images/g/LfsAAeSwP~Vqf1up/s-l225.jpg
打包杂件,20.0,Canon LEGRIA HF M300 HD CMOS Digital Video Camera Camcorder Bundle,Canon,Camcorders,Used,199.69,USD,"FIXED_PRICE,BEST_OFFER",4,0,,CN,yilaichuangda,100.0,2026-08-15T07:03:36.000Z,,https://www.ebay.com/itm/287526167192?hash=item42f1e52298:g:wFoAAeSwXI1qgA~B,https://i.ebayimg.com/images/g/wFoAAeSwXI1qgA~B/s-l225.jpg
打包杂件,20.0,Canon VIXIA HF S100 HD Digital Video Camera Camcorder 10x Zoom Bundle,Canon,Camcorders,Used,219.69,USD,"FIXED_PRICE,BEST_OFFER",5,0,,CN,yilaichuangda,100.0,2026-08-14T11:00:35.000Z,,https://www.ebay.com/itm/287524579556?hash=item42f1cce8e4:g:1W8AAeSwNtZqfvWV,https://i.ebayimg.com/images/g/1W8AAeSwNtZqfvWV/s-l225.jpg
打包杂件,20.0,Film Camera CANON SLR Lens SIGMA TAMRON Bulk,Canon,Film Cameras,Used,237.29,USD,"FIXED_PRICE,BEST_OFFER",19,0,neg,JP,manmaru42,100.0,2026-08-14T13:54:15.000Z,,https://www.ebay.com/itm/398285053175?hash=item5cbba39cf7:g:aTAAAeSwxvxqfx6D,https://i.ebayimg.com/images/g/aTAAAeSwxvxqfx6D/s-l225.jpg
打包杂件,20.0,Sony Handycam DCR-SR65E 40GB HDD Video Camcorder Boxed Bundle Carl Zeiss Y2K,Sony,Camcorders,Used,350.0,USD,FIXED_PRICE,19,0,good-cond,UA,ma_ks4912,100.0,2026-08-14T18:02:02.000Z,,https://www.ebay.com/itm/137621332217?hash=item200adee0f9:g:H3EAAeSwG~Vqf1eB,https://i.ebayimg.com/images/g/H3EAAeSwG~Vqf1eB/s-l225.jpg
残件/按现状,19.0,Nikon COOLPIX S8200 Digital Camera 16.1 MP 14x Optical Zoom,Nikon,Digital Cameras,For parts or not working,0.0,USD,AUCTION,9,0,auction,US,advantagesalesii,98.5,2026-08-14T16:10:23.000Z,2026-08-21T16:10:23.000Z,https://www.ebay.com/itm/128026651223?hash=item1dcefbaa57:g:RaIAAeSwBclqfz2a,https://i.ebayimg.com/images/g/RaIAAeSwBclqfz2a/s-l225.jpg
打包杂件,19.0,Nikon Coolpix Digital Camera Lot 3 Pieces S3300 L20 4600 With Charger & Cables,Nikon,Digital Cameras,Used,0.0,USD,AUCTION,5,0,auction,US,shopats,99.6,2026-08-14T12:43:23.000Z,2026-08-17T12:43:23.000Z,https://www.ebay.com/itm/820001204674?hash=itembeebe169c2:g:vmwAAeSwY89qcfPi,https://i.ebayimg.com/images/g/vmwAAeSwY89qcfPi/s-l225.jpg
打包杂件,19.0,Nikon Coolpix P510 42x Superzoom & Coolpix S570 Compact Digital Camera Lot,Nikon,Digital Cameras,Used,0.0,USD,AUCTION,5,0,auction,US,shopats,99.6,2026-08-14T12:43:23.000Z,2026-08-17T12:43:23.000Z,https://www.ebay.com/itm/820001204816?hash=itembeebe16a50:g:Du4AAeSwP19qcgEr,https://i.ebayimg.com/images/g/Du4AAeSwP19qcgEr/s-l225.jpg
打包杂件,19.0,Canon PowerShot Digital Camera Lot G2 SX100 IS SD100 A510 With Box,Canon,Digital Cameras,Used,0.0,USD,AUCTION,8,0,auction,US,shopats,99.6,2026-08-14T12:43:23.000Z,2026-08-17T12:43:23.000Z,https://www.ebay.com/itm/820001204821?hash=itembeebe16a55:g:0voAAeSwHjVqcg-W,https://i.ebayimg.com/images/g/0voAAeSwHjVqcg-W/s-l225.jpg
打包杂件,19.0,Canon PowerShot SD750 Digital ELPH 7.1MP Camera Lot With Battery and 2 Chargers,Canon,Digital Cameras,Used,0.0,USD,AUCTION,5,0,auction,US,shopats,99.6,2026-08-14T12:40:53.000Z,2026-08-17T12:40:53.000Z,https://www.ebay.com/itm/820001190469?hash=itembeebe13245:g:IeUAAeSwhINqcgH3,https://i.ebayimg.com/images/g/IeUAAeSwhINqcgH3/s-l225.jpg
残件/按现状,19.0,"Panasonic AG-EZ50 Digital Video Camera Recorder + DE-859D Adapter, Batteries ++",Panasonic,Camcorders,For parts or not working,74.99,USD,"FIXED_PRICE,BEST_OFFER",7,0,,US,guyusaf,100.0,2026-08-14T09:42:21.000Z,,https://www.ebay.com/itm/327309757994?hash=item4c352e8e2a:g:fiMAAeSw1V5pF6AU,https://i.ebayimg.com/images/g/fiMAAeSw1V5pF6AU/s-l225.jpg
打包杂件,19.0,Panasonic SDR-H100 SD/HDD 80 GB Camcorder Case Bundle Tested/Works,Panasonic,Camcorders,Used,75.0,USD,"FIXED_PRICE,BEST_OFFER",16,0,,US,foundinnwi,100.0,2026-08-14T04:18:49.000Z,,https://www.ebay.com/itm/298586560915?hash=item4585255993:g:Aq4AAeSwQzFqfpVS,https://i.ebayimg.com/images/g/Aq4AAeSwQzFqfpVS/s-l225.jpg
残件/按现状;型号不明,19.0,【For repair】RICOHFLEX MODEL VII 6x6 TLR FILM CAMERA 80mm F3.5 From JAPAN #1069,,Film Cameras,For parts or not working,75.74,USD,FIXED_PRICE,11,0,as-is,JP,koji_kkjapan,99.7,2026-08-14T23:45:39.000Z,,https://www.ebay.com/itm/227476314292?hash=item34f6a518b4:g:VF8AAeSwD-BqcubD,https://i.ebayimg.com/images/g/VF8AAeSwD-BqcubD/s-l225.jpg
残件/按现状;型号不明,19.0,【For repair】Primoflex IA IV TLR Film Camera Toko 75mm f3.5 Lens From JAPAN #1068,,Film Cameras,For parts or not working,75.74,USD,FIXED_PRICE,13,0,as-is,JP,koji_kkjapan,99.7,2026-08-14T23:45:16.000Z,,https://www.ebay.com/itm/227476314091?hash=item34f6a517eb:g:cm4AAeSwwrlqcuX2,https://i.ebayimg.com/images/g/cm4AAeSwwrlqcuX2/s-l225.jpg
型号不明,19.0,Item: Lens 55-200 1:4.5-5.6II,,Film Cameras,Used,82.43,USD,FIXED_PRICE,5,0,,JP,tukemai,100.0,2026-08-15T11:39:56.000Z,,https://www.ebay.com/itm/407146517603?hash=item5ecbd2d463:g:MS4AAeSwhnxqgFDF,https://i.ebayimg.com/images/g/MS4AAeSwhnxqgFDF/s-l225.jpg
打包杂件,19.0,Panasonic SDR-H80 HDD 60gb Camcorder 70X Zoom w/ Charger Battery Bag Bundle,Panasonic,Camcorders,Used,90.0,USD,"FIXED_PRICE,BEST_OFFER",13,0,,US,delgrich,99.4,2026-08-14T21:19:48.000Z,,https://www.ebay.com/itm/257680725018?hash=item3bfef7d41a:g:yXEAAeSwWcdqf4Yh,https://i.ebayimg.com/images/g/yXEAAeSwWcdqf4Yh/s-l225.jpg
型号不明,19.0,RARE!!《VINTAGE》BUDWEISER BEER CAN 35mm FILM CAMERA w/BINOCULAR Empty Can JAPAN🎁,,Film Cameras,Used,98.46,USD,FIXED_PRICE,18,0,,JP,rtmy19,100.0,2026-08-14T16:32:08.000Z,,https://www.ebay.com/itm/800508020720?hash=itemba61ff07f0:g:ii4AAeSwuvdqfzyO,https://i.ebayimg.com/images/g/ii4AAeSwuvdqfzyO/s-l225.jpg
型号不明,19.0,GOKO MacromaX MAC-10 Z3000 35mm Compact Film Camera,,Film Cameras,Used,112.87,USD,FIXED_PRICE,9,0,,JP,woopsshop,99.5,2026-08-14T07:44:54.000Z,,https://www.ebay.com/itm/188790582714?hash=item2bf4cbadba:g:2CIAAeSwL8lqfsgu,https://i.ebayimg.com/images/g/2CIAAeSwL8lqfsgu/s-l225.jpg
型号不明,19.0,Semi Leotax 6x4.5 Medium Format Folding Camera C-Reginon 75mm f3.5 Tested,,Film Cameras,Used,112.91,USD,"FIXED_PRICE,BEST_OFFER",8,0,,JP,imotake-japan-selections,100.0,2026-08-14T21:38:50.000Z,,https://www.ebay.com/itm/398286279518?hash=item5cbbb6535e:g:KlgAAeSwfoNqf4wX,https://i.ebayimg.com/images/g/KlgAAeSwfoNqf4wX/s-l225.jpg
打包杂件,19.0,VTG Sony Handycam CCD-TRV21 Video8 Camcorder (Gray) Bundle Tested,Sony,Camcorders,Used,118.99,USD,"FIXED_PRICE,BEST_OFFER",11,0,,US,sellthatish,99.7,2026-08-14T19:57:40.000Z,,https://www.ebay.com/itm/318730609746?hash=item4a35d32452:g:52EAAeSwB7tqf3JQ,https://i.ebayimg.com/images/g/52EAAeSwB7tqf3JQ/s-l225.jpg
型号不明,19.0,"YashicaFlex Model A TLR 6x6 Camera [Excellent+++ in Box,Overhauled] Japan #8383",,Vintage Cameras,,119.98,USD,"FIXED_PRICE,BEST_OFFER",23,0,,JP,justfocus123,100.0,2026-08-14T14:47:03.000Z,,https://www.ebay.com/itm/298587767258?hash=item458537c1da:g:dOcAAeSwCGNqfx3l,https://i.ebayimg.com/images/g/dOcAAeSwCGNqfx3l/s-l225.jpg
型号不明,19.0,*Rare : Exc+5* G.Rodenstock Munchen Trinar Anastigmat 210mm F/6.3 Barrel Lens,,Lenses,Used,123.49,USD,FIXED_PRICE,10,0,good-cond,JP,hitonaga-0,100.0,2026-08-14T11:30:34.000Z,,https://www.ebay.com/itm/407143976137?hash=item5ecbac0cc9:g:33IAAeSwlTJpoiXh,https://i.ebayimg.com/images/g/33IAAeSwlTJpoiXh/s-l225.jpg
型号不明,19.0,Kyocera TD 35mm Compact Film Camera Point & Shoot Good Condition JP,,Vintage Cameras,,124.9,USD,"FIXED_PRICE,BEST_OFFER",6,0,,JP,japan4ever,98.0,2026-08-14T04:33:46.000Z,,https://www.ebay.com/itm/158186416132?hash=item24d4a52804:g:OpAAAeSwawdqfpue,https://i.ebayimg.com/images/g/OpAAAeSwawdqfpue/s-l225.jpg
残件/按现状,19.0,【AS IS】 POLAROID PDC 2070 AAA battery powered FromJapan #ks959,Polaroid,Digital Cameras,For parts or not working,126.06,USD,FIXED_PRICE,4,0,as-is,JP,somtom_9,99.3,2026-08-14T13:07:26.000Z,,https://www.ebay.com/itm/188791684102?hash=item2bf4dc7c06:g:FP4AAeSwmE9qfxRB,https://i.ebayimg.com/images/g/FP4AAeSwmE9qfxRB/s-l225.jpg
打包杂件,19.0,Sony CCD-TRV46 HI8 8mm Video8 camera Camcorder Bundle tested 30day warranty READ,Sony,Camcorders,Used,129.0,USD,FIXED_PRICE,10,0,,US,alive55,100.0,2026-08-14T14:46:00.000Z,,https://www.ebay.com/itm/800507599890?hash=itemba61f89c12:g:-loAAeSw8TRqfyZu,https://i.ebayimg.com/images/g/-loAAeSw8TRqfyZu/s-l225.jpg
型号不明,19.0,【Exc+4】 Tokyo Kogaku Topcor 75mm f/5.6 Lens Seiko SLV Shutter Camera From Japan,,Lenses,Used,129.99,USD,FIXED_PRICE,12,0,good-cond,JP,came_came_camera_from_japan,100.0,2026-08-14T20:03:45.000Z,,https://www.ebay.com/itm/318730619338?hash=item4a35d349ca:g:YhMAAeSw76lqf3Um,https://i.ebayimg.com/images/g/YhMAAeSw76lqf3Um/s-l225.jpg
型号不明,19.0,GOKO MacromaX MAC-10 Z3200 Compact Film Camera 35mm Zoom,,Film Cameras,Used,130.66,USD,FIXED_PRICE,9,0,,JP,woopsshop,99.5,2026-08-14T07:44:34.000Z,,https://www.ebay.com/itm/188790582223?hash=item2bf4cbabcf:g:mbcAAeSwt99qfsia,https://i.ebayimg.com/images/g/mbcAAeSwt99qfsia/s-l225.jpg
型号不明,19.0,Bell & Howell Filmo 134-E 8mm Movie Camera Taylor Hobson Mytal 12.5mm Tested,,Film Cameras,Used,133.55,USD,"FIXED_PRICE,BEST_OFFER",9,0,,JP,imotake-japan-selections,100.0,2026-08-14T21:28:32.000Z,,https://www.ebay.com/itm/398286250492?hash=item5cbbb5e1fc:g:0TwAAeSwIGNqf4k3,https://i.ebayimg.com/images/g/0TwAAeSwIGNqf4k3/s-l225.jpg
型号不明,19.0,EF50mm f1.8 STM,,Film Cameras,Used,136.06,USD,FIXED_PRICE,1,0,,JP,tukemai,100.0,2026-08-15T11:38:42.000Z,,https://www.ebay.com/itm/407146516145?hash=item5ecbd2ceb1:g:hIcAAeSwmE9qgFDy,https://i.ebayimg.com/images/g/hIcAAeSwmE9qgFDy/s-l225.jpg
型号不明,19.0,Camera with telephoto lens,,Film Cameras,Used,136.9,USD,"FIXED_PRICE,BEST_OFFER",14,0,,JP,manmaru42,100.0,2026-08-14T13:54:09.000Z,,https://www.ebay.com/itm/398285052886?hash=item5cbba39bd6:g:qUAAAeSwThVqfx5B,https://i.ebayimg.com/images/g/qUAAAeSwThVqfx5B/s-l225.jpg
型号不明,19.0,GOKO Macromax AZS 700AF 35mm Point & Shoot Compact Film Camera Good Condition JP,,Vintage Cameras,,139.9,USD,"FIXED_PRICE,BEST_OFFER",7,0,,JP,japan4ever,98.0,2026-08-14T16:26:14.000Z,,https://www.ebay.com/itm/158188244796?hash=item24d4c10f3c:g:AiQAAeSwBUdqf0Ik,https://i.ebayimg.com/images/g/AiQAAeSwBUdqf0Ik/s-l225.jpg
残件/按现状;型号不明,19.0,【 AS-IS 】 Elmo Super 8 Sound 2400AF Macro Vintage Movie Camera From JAPAN,,Vintage Cameras,,139.9,USD,FIXED_PRICE,12,0,as-is,JP,iseshima_japan_camera,100.0,2026-08-14T13:51:45.000Z,,https://www.ebay.com/itm/188791863807?hash=item2bf4df39ff:g:-7cAAeSwA6tqfx4v,https://i.ebayimg.com/images/g/-7cAAeSwA6tqfx4v/s-l225.jpg
打包杂件,19.0,"Panasonic HC-V270 Full HD 50x Optical Zoom Wi-Fi 2.7"" LCD Black Bundle",Panasonic,Camcorders,Used,145.0,USD,"FIXED_PRICE,BEST_OFFER",9,0,,US,fgptrader10-5,100.0,2026-08-14T12:51:58.000Z,,https://www.ebay.com/itm/188791653673?hash=item2bf4dc0529:g:5BIAAeSw64Zqfw9F,https://i.ebayimg.com/images/g/5BIAAeSw64Zqfw9F/s-l225.jpg
型号不明,19.0,SLR camera,,Film Cameras,Used,148.3,USD,"FIXED_PRICE,BEST_OFFER",3,0,,JP,manmaru42,100.0,2026-08-14T13:54:11.000Z,,https://www.ebay.com/itm/398285052995?hash=item5cbba39c43:g:EawAAeSwMwFqfx8x,https://i.ebayimg.com/images/g/EawAAeSwMwFqfx8x/s-l225.jpg
残件/按现状;型号不明,19.0,Kyocera Autofocus Zoom Film Camera 38-140mm Made in Japan Used AS IS,,Film Cameras,Used,148.94,USD,FIXED_PRICE,4,0,as-is,JP,manekineko-japan,98.4,2026-08-14T14:32:12.000Z,,https://www.ebay.com/itm/206490838013?hash=item3013d023fd:g:fbEAAeSwfjZqfyel,https://i.ebayimg.com/images/g/fbEAAeSwfjZqfyel/s-l225.jpg
残件/按现状;打包杂件,19.0,LOT BUNDLE Vintage Camera Bundle w Lenses Lights Old Film *UNTESTED*,,Film Cameras,For parts or not working,150.0,USD,"FIXED_PRICE,AUCTION",12,0,as-is;auction,US,culturealley,100.0,2026-08-15T00:14:38.000Z,2026-08-18T00:14:38.000Z,https://www.ebay.com/itm/267757484108?hash=item3e5796f84c:g:m5oAAeSwR-Fqf67v,https://i.ebayimg.com/images/g/m5oAAeSwR-Fqf67v/s-l225.jpg
型号不明,19.0,item BELLOWS FL with original box Camera 11661,,Film Cameras,New,180.25,USD,"FIXED_PRICE,BEST_OFFER",12,0,mount:canon fd,JP,manmaru42,100.0,2026-08-14T13:54:11.000Z,,https://www.ebay.com/itm/398285052956?hash=item5cbba39c1c:g:OS0AAeSwvLhqfx83,https://i.ebayimg.com/images/g/OS0AAeSwvLhqfx83/s-l225.jpg
打包杂件,19.0,Nikon Coolpix S5200 16.0MP Digital Camera Bundle Plum w/6x Zoom 2 Batteries Case,Nikon,Digital Cameras,Used,189.87,USD,"FIXED_PRICE,BEST_OFFER",16,0,,US,gcfsales,99.8,2026-08-14T05:12:04.000Z,,https://www.ebay.com/itm/257679378626?hash=item3bfee348c2:g:Bn8AAeSw1~NqfqFM,https://i.ebayimg.com/images/g/Bn8AAeSw1~NqfqFM/s-l225.jpg
残件/按现状,19.0,Nikon COOLPIX S9700 16.0MP Compact Digital Camera - Free Shipping,Nikon,Digital Cameras,For parts or not working,199.99,USD,"FIXED_PRICE,BEST_OFFER",4,0,,US,medmart,99.4,2026-08-14T16:32:09.000Z,,https://www.ebay.com/itm/188792459976?hash=item2bf4e852c8:g:if8AAeSwBidqf0OE,https://i.ebayimg.com/images/g/if8AAeSwBidqf0OE/s-l225.jpg
