性价比,价差,参考价,样本数,评分,标题,型号,品牌,类目,成色,价格,币种,购买方式,标记,所在地,卖家,好评率,上架时间,结束时间,链接,图片
抄底,-63%,2549.0,24,121.0,Meter Works [MINT] Leica CL 50th Model Black 35mm Film Camera Body From JAPAN,leica 50th,Leica,Film Cameras,Used,949.99,USD,FIXED_PRICE,grail:Leica CL;good-cond,JP,camera_japan_chiba,100.0,2026-08-20T08:36:32.000Z,,https://www.ebay.com/itm/128035910251?hash=item1dcf88f26b:g:ABQAAeSwehZqhr1I,https://i.ebayimg.com/images/g/ABQAAeSwehZqhr1I/s-l225.jpg
抄底,-47%,849.99,80,116.0,New Seal[Near MINT++ w/Strap] CONTAX G1 Rangefinder 35mm Film Camera From Japan,contax g1,Contax,Film Cameras,Used,449.99,USD,FIXED_PRICE,grail:CONTAX G1;good-cond,JP,kimu_1572,100.0,2026-08-21T03:28:01.000Z,,https://www.ebay.com/itm/137645614859?hash=item200c51670b:g:zR8AAeSwdABqh8as,https://i.ebayimg.com/images/g/zR8AAeSwdABqh8as/s-l225.jpg
抄底,-45%,1099.95,80,116.0,Late [N MINT / Grid Screen] Hasselblad 500C Medium Format Film Camera From JAPAN,hasselblad 500c,Hasselblad,Film Cameras,Used,599.99,USD,FIXED_PRICE,grail:500C;good-cond,JP,hakusan_camera,100.0,2026-08-20T22:22:22.000Z,,https://www.ebay.com/itm/198585235147?hash=item2e3c9a36cb:g:D-0AAeSwS7Zqh39J,https://i.ebayimg.com/images/g/D-0AAeSwS7Zqh39J/s-l225.jpg
抄底,-46%,1111.62,80,116.0,[ Near MINT w/ Grid Screen] Hasselblad 500C Medium Format Film Camera From JAPAN,hasselblad 500c,Hasselblad,Film Cameras,Used,599.99,USD,FIXED_PRICE,grail:500C;good-cond,JP,hakusan_camera,100.0,2026-08-20T07:10:11.000Z,,https://www.ebay.com/itm/198583750120?hash=item2e3c838de8:g:FLYAAeSwo8JqhqiV,https://i.ebayimg.com/images/g/FLYAAeSwo8JqhqiV/s-l225.jpg
抄底,-62%,2749.49,16,116.0,[ Near MINT ] Hasselblad 501C Black Medium Format Body From JAPAN,hasselblad 501c,Hasselblad,Film Cameras,Used,1049.9,USD,FIXED_PRICE,grail:501C;good-cond,JP,rcamera.japan,100.0,2026-08-20T08:09:15.000Z,,https://www.ebay.com/itm/398306867406?hash=item5cbcf078ce:g:SekAAeSwwtVqhrdc,https://i.ebayimg.com/images/g/SekAAeSwwtVqhrdc/s-l225.jpg
抄底,-46%,232.59,80,106.0,【EXC+++】Konica Pearl III Rangefinder 6x4.5 Film Camera Hexar 75mm f/3.5,konica hexar,Konica,Film Cameras,Used,125.99,USD,FIXED_PRICE,grail:Hexar;good-cond,JP,japan_fun_camera,100.0,2026-08-21T01:15:30.000Z,,https://www.ebay.com/itm/188824627162?hash=item2bf6d327da:g:TdwAAOSwmtxoOQP0,https://i.ebayimg.com/images/g/TdwAAOSwmtxoOQP0/s-l225.jpg
超值,-34%,298.68,80,106.0,[Exc+5] Contax Carl Zeiss Sonnar T 90mm f/2.8 MMJ MF Lens C/Y Mount From JAPAN,contax carl zeiss,Contax,Film Cameras,Used,198.0,USD,FIXED_PRICE,grail:Sonnar;mount:contax/yashica;good-cond,JP,ryousui,97.1,2026-08-20T18:03:14.000Z,,https://www.ebay.com/itm/398308517934?hash=item5cbd09a82e:g:nQMAAeSwGatqh0JF,https://i.ebayimg.com/images/g/nQMAAeSwGatqh0JF/s-l225.jpg
抄底,-48%,647.0,80,106.0,Leica IIIc Rangefinder 35mm Film Camera Body From JAPAN #1101,leica iiic,Leica,Film Cameras,Used,332.99,USD,FIXED_PRICE,grail:Leica IIIc,JP,koji_kkjapan,99.7,2026-08-21T00:44:33.000Z,,https://www.ebay.com/itm/227484774318?hash=item34f7262fae:g:ZlYAAeSwsoRqhQdZ,https://i.ebayimg.com/images/g/ZlYAAeSwsoRqhQdZ/s-l225.jpg
抄底,-67%,449.99,25,105.0,[Almost MINT] Voigtlander BESSA L Black L39 LTM Rangefinder Film Camera JAPAN,voigtlander l39,Voigtlander,Film Cameras,Used,149.99,USD,FIXED_PRICE,mount:ltm/l39;good-cond,JP,chunmar_99,100.0,2026-08-21T02:08:58.000Z,,https://www.ebay.com/itm/227484840780?hash=item34f727334c:g:JwkAAeSwjU9qh7Px,https://i.ebayimg.com/images/g/JwkAAeSwjU9qh7Px/s-l225.jpg
抄底,-63%,283.95,71,102.0,OLYMPUS OM-4 Black 35mm Film Camera Body w/ ZUIKO AUTO-W 35mm f/2.8 Lens,olympus om-4,Olympus,Film Cameras,Used,105.0,USD,"FIXED_PRICE,BEST_OFFER",grail:OM-4;mount:olympus om,JP,vintage-watch-store-muuuus.japan,100.0,2026-08-21T02:53:48.000Z,,https://www.ebay.com/itm/800543042777?hash=itemba64156cd9:g:LygAAeSwk7FqhvE8,https://i.ebayimg.com/images/g/LygAAeSwk7FqhvE8/s-l225.jpg
抄底,-59%,294.5,70,102.0,OLYMPUS OM-4 Black 35mm Film Camera Body w/ ZUIKO AUTO-W 35mm f/2.8 Lens,olympus om-4,Olympus,Film Cameras,Used,120.0,USD,"FIXED_PRICE,BEST_OFFER",grail:OM-4;mount:olympus om,JP,vintage-watch-store-muuuus.japan,100.0,2026-08-20T12:47:15.000Z,,https://www.ebay.com/itm/800539896392?hash=itemba63e56a48:g:LygAAeSwk7FqhvE8,https://i.ebayimg.com/images/g/LygAAeSwk7FqhvE8/s-l225.jpg
抄底,-56%,899.99,47,102.0,[NEAR MINT] SMC PENTAX-A 645 75mm F/2.8 Lens for 645 645N 645NII From JAPAN,pentax smc 75mm f2.8,Pentax,Lenses,Used,399.99,USD,FIXED_PRICE,grail:645;mount:pentax k;good-cond,JP,ht-smile,100.0,2026-08-20T16:53:12.000Z,,https://www.ebay.com/itm/128036570619?hash=item1dcf9305fb:g:YpUAAeSwygVqZ2YH,https://i.ebayimg.com/images/g/YpUAAeSwygVqZ2YH/s-l225.jpg
抄底,-47%,5999.45,20,101.0,[Unused in Box] Contax Carl Zeiss Planar T* 80mm f/2 AF Lens for 645 From JAPAN,contax planar 80mm f2,Contax,Lenses,Used,3199.99,USD,FIXED_PRICE,grail:645,JP,ken-ken_camera_japan,100.0,2026-08-20T14:50:02.000Z,,https://www.ebay.com/itm/407158786207?hash=item5ecc8e089f:g:r98AAeSwrj5qhxek,https://i.ebayimg.com/images/g/r98AAeSwrj5qhxek/s-l225.jpg
超值,-34%,499.99,29,100.0,Read![ NEAR MINT ] Rollei 35 Germany 35mm Film Camera Sonnar 40mm F2.8 Japan,rollei sonnar 35mm f2.8,Rollei,Film Cameras,Used,329.99,USD,"FIXED_PRICE,BEST_OFFER",grail:Sonnar;good-cond,JP,yu-na-camera-japan,99.7,2026-08-20T22:03:22.000Z,,https://www.ebay.com/itm/318760669699?hash=item4a379dd203:g:MTkAAeSwFW1qeZLS,https://i.ebayimg.com/images/g/MTkAAeSwFW1qeZLS/s-l225.jpg
超值,-43%,665.5,80,100.0,READ Tested [Exc+5] Leica IIIf Red Dial Self Timer Rangefinder Camera JAPAN,leica iiif red,Leica,Film Cameras,Used,379.99,USD,FIXED_PRICE,grail:Leica IIIf;good-cond,JP,kawamura-camera,99.7,2026-08-20T23:44:52.000Z,,https://www.ebay.com/itm/117370683979?hash=item1b53d6824b:g:S4wAAeSw4VVqcSyH,https://i.ebayimg.com/images/g/S4wAAeSw4VVqcSyH/s-l225.jpg
超值,-41%,849.99,80,100.0,Green Label【MINT w/ Data Back】 Contax G1 Rangefinder 35mm Film Camera JAPAN,contax g1,Contax,Film Cameras,Used,499.99,USD,FIXED_PRICE,grail:Contax G1;good-cond,JP,ichiro-camera-japan,99.6,2026-08-21T07:35:33.000Z,,https://www.ebay.com/itm/237020796335?hash=item372f8a55af:g:IZsAAeSw2AdqZvvC,https://i.ebayimg.com/images/g/IZsAAeSw2AdqZvvC/s-l225.jpg
超值,-38%,849.99,80,100.0,[MINT] Contax G1 Rangefinder body 35mm Film Camera From JAPAN,contax g1,Contax,Film Cameras,Used,529.49,USD,FIXED_PRICE,grail:Contax G1;good-cond,JP,store_matz_japan,100.0,2026-08-21T11:57:47.000Z,,https://www.ebay.com/itm/336754292274?hash=item4e681eb632:g:ymEAAeSwHrZqiD30,https://i.ebayimg.com/images/g/ymEAAeSwHrZqiD30/s-l225.jpg
抄底,-80%,487.0,80,99.0,*Exc+5* Toyo View 45 Deluxe 4x5 Front Standard Large Format Camera From JPN,toyo 45,Toyo,Film Cameras,Used,95.22,USD,FIXED_PRICE,good-cond,JP,dub0804-55,100.0,2026-08-21T11:34:44.000Z,,https://www.ebay.com/itm/366620397064?hash=item555c474e08:g:VUMAAeSwwLZn91ad,https://i.ebayimg.com/images/g/VUMAAeSwwLZn91ad/s-l225.jpg
抄底,-59%,218.7,80,98.0,Leica M 9cm 90mm f/4 Elmar Wetzlar Chrome/Leather Lens,leica elmar 90mm f4,Leica,Lenses,Used,90.0,USD,FIXED_PRICE,grail:Elmar;mount:leica m,US,uscamerapro,100.0,2026-08-20T18:24:53.000Z,,https://www.ebay.com/itm/117370265914?hash=item1b53d0213a:g:0vsAAeSw7F9qh0bx,https://i.ebayimg.com/images/g/0vsAAeSw7F9qh0bx/s-l225.jpg
抄底,-49%,1450.95,8,98.0,Rollei 2.8C Xenotar 1411865,rollei 2.8c xenotar,Rollei,Film Cameras,Used,744.0,USD,FIXED_PRICE,grail:Xenotar,US,camerawest,99.1,2026-08-20T20:10:51.000Z,,https://www.ebay.com/itm/287536848381?hash=item42f2881dfd:g:4dMAAeSwhthqhwSv,https://i.ebayimg.com/images/g/4dMAAeSwhthqhwSv/s-l225.jpg
抄底,-96%,1099.95,80,96.0,Hasselblad Pistol Grip for 500C CM camera with 1/4 in. tripod mt. - Rare - Ex++!,hasselblad 500c,Hasselblad,Film Cameras,Used,38.0,USD,FIXED_PRICE,grail:500C,US,rh-business,100.0,2026-08-21T01:04:13.000Z,,https://www.ebay.com/itm/278300414652?hash=item40cbff52bc:g:RrAAAeSw7BNqh6UD,https://i.ebayimg.com/images/g/RrAAAeSw7BNqh6UD/s-l225.jpg
超值,-30%,379.99,80,96.0,[Near MINT] CONTAX Carl Zeiss Planar 85mm f/1.4 AEG T* C/Y mount MF Lens JAPAN,contax planar 85mm f1.4,Contax,Lenses,Used,265.99,USD,FIXED_PRICE,grail:Planar;mount:contax/yashica;good-cond,JP,lembodeck,99.3,2026-08-20T07:02:01.000Z,,https://www.ebay.com/itm/307134767812?hash=item4782a8a2c4:g:2ssAAeSwrhNqXve-,https://i.ebayimg.com/images/g/2ssAAeSwrhNqXve-/s-l225.jpg
抄底,-53%,750.0,80,96.0,Leica SUMMICRON-M 90mm F2 2nd Generation Canada Black Lenses Tested [Read Cond],leica summicron 90mm f2,Leica,Lenses,Used,350.0,USD,"FIXED_PRICE,BEST_OFFER",grail:SUMMICRON,JP,re-camera,99.8,2026-08-20T14:41:30.000Z,,https://www.ebay.com/itm/327319416066?hash=item4c35c1ed02:g:5QwAAeSwbS9qhxXU,https://i.ebayimg.com/images/g/5QwAAeSwbS9qhxXU/s-l225.jpg
抄底,-53%,1661.42,57,96.0,Leica Elmar 35mm F3.5 L mount 400000 Serial Range Lenses Tested [Read Cond],leica elmar 35mm f3.5,Leica,Lenses,Used,780.0,USD,"FIXED_PRICE,BEST_OFFER",grail:Elmar,JP,re-camera,99.8,2026-08-20T14:41:29.000Z,,https://www.ebay.com/itm/227484163061?hash=item34f71cdbf5:g:JdYAAeSw0yNqhxYA,https://i.ebayimg.com/images/g/JdYAAeSw0yNqhxYA/s-l225.jpg
抄底,-50%,4550.0,18,96.0,Leica TRI-ELMAR 28-35-50mm F4 ASPH E55 Rangefinder Lenses Tested [Read Cond],leica elmar 35-50mm f4,Leica,Lenses,Used,2300.0,USD,"FIXED_PRICE,BEST_OFFER",grail:ELMAR,JP,re-camera,99.8,2026-08-20T14:41:30.000Z,,https://www.ebay.com/itm/227484163081?hash=item34f71cdc09:g:wFIAAeSw8NRqhxXy,https://i.ebayimg.com/images/g/wFIAAeSw8NRqhxXy/s-l225.jpg
抄底,-56%,549.99,35,95.0,[Near MINT] Canon EOS 5D Classic Digital SLR Camera Body EF Mount Tested Japan,canon 5d,Canon,Film Cameras,Used,240.0,USD,FIXED_PRICE,mount:canon ef;good-cond,JP,zencollectr,100.0,2026-08-20T07:39:59.000Z,,https://www.ebay.com/itm/227483622576?hash=item34f7149cb0:g:FUcAAeSwKX9qhqu-,https://i.ebayimg.com/images/g/FUcAAeSwKX9qhqu-/s-l225.jpg
抄底,-50%,656.12,80,95.0,Voigtlander Color Skopar 21mm f/4 P VM Black for Leica M [Top Mint] #8762LJ,voigtlander 21mm f4,Voigtlander,Lenses,Used,328.51,USD,FIXED_PRICE,mount:leica m;good-cond,JP,suns_factory-camera_jp,100.0,2026-08-20T09:45:50.000Z,,https://www.ebay.com/itm/237018635718?hash=item372f695dc6:g:saMAAeSw0HxqhszI,https://i.ebayimg.com/images/g/saMAAeSw0HxqhszI/s-l225.jpg
抄底,-50%,656.12,80,95.0,[Top MINT+++] Voigtlander Color Skopar 21mm f/4 Lens Black VM Leica M From JAPAN,voigtlander 21mm f4,Voigtlander,Lenses,Used,329.0,USD,FIXED_PRICE,mount:leica m;good-cond,JP,classic.camera.japan,100.0,2026-08-20T13:41:24.000Z,,https://www.ebay.com/itm/237019061060?hash=item372f6fdb44:g:QgcAAeSwgqhqhwT5,https://i.ebayimg.com/images/g/QgcAAeSwgqhqhwT5/s-l225.jpg
偏低,-24%,2500.0,33,94.0,[MINT w/Strap] Plaubel Makina 67 Rangefinder Camera Nikkor 80mm f/2.8 From JAPAN,plaubel 67,Plaubel,Film Cameras,Used,1899.99,USD,FIXED_PRICE,grail:Plaubel Makina;mount:nikon f;good-cond,JP,wasatoro_camera_japan,100.0,2026-08-20T06:12:48.000Z,,https://www.ebay.com/itm/198583662168?hash=item2e3c823658:g:2pcAAeSw6xpqhpvW,https://i.ebayimg.com/images/g/2pcAAeSw6xpqhpvW/s-l225.jpg
偏低,-15%,2699.99,80,94.0,LATE ⏯️ [MINT++] Hasselblad 500CM Film Camera Body CF 80mm f2.8 Lens A12 From Jp,hasselblad 80mm f2.8,Hasselblad,Film Cameras,Used,2299.99,USD,FIXED_PRICE,grail:500CM;mount:hasselblad v;good-cond,JP,1st_camera_tokyo,99.2,2026-08-21T00:36:27.000Z,,https://www.ebay.com/itm/377437074506?hash=item57e100b44a:g:aZYAAeSw1qNqh55B,https://i.ebayimg.com/images/g/aZYAAeSw1qNqh55B/s-l225.jpg
偏低,-25%,2524.99,32,93.0,Meter Works 【OPTICS MINT w/ Hood Strap】PLAUBEL Makina 67 6x7 Film Camera JAPAN,plaubel 67,Plaubel,Film Cameras,Used,1899.99,USD,FIXED_PRICE,grail:6x7;good-cond,JP,ichiro-camera-japan,99.6,2026-08-21T06:45:29.000Z,,https://www.ebay.com/itm/237020715918?hash=item372f891b8e:g:nycAAeSwGs1qdC7q,https://i.ebayimg.com/images/g/nycAAeSwGs1qdC7q/s-l225.jpg
合理,+0%,2549.99,8,92.0,Meter works [N MINT] Plaubel Makina W67 6x7 Film Camera Nikkor 55mm f/4.5 JAPAN,plaubel w67,Plaubel,Film Cameras,Used,2549.99,USD,FIXED_PRICE,grail:6x7;mount:nikon f;55mm;good-cond,JP,milyenb_64,100.0,2026-08-21T07:48:21.000Z,,https://www.ebay.com/itm/298606206622?hash=item4586511e9e:g:03EAAeSwqlBqiANH,https://i.ebayimg.com/images/g/03EAAeSwqlBqiANH/s-l225.jpg
合理,+0%,2549.99,8,92.0,[MINT+++ w/Grip] PLAUBEL Makina W67 6x7 Camera Nikkor 55mm f/4.5 Lens From JAPAN,plaubel w67,Plaubel,Film Cameras,Used,2559.99,USD,FIXED_PRICE,grail:6x7;mount:nikon f;55mm;good-cond,JP,mublo_8,100.0,2026-08-21T04:58:04.000Z,,https://www.ebay.com/itm/398310187774?hash=item5cbd2322fe:g:VeAAAeSw5rdqh9uZ,https://i.ebayimg.com/images/g/VeAAAeSw5rdqh9uZ/s-l225.jpg
超值,-38%,116.99,80,90.0,【Exc+5】OLYMPUS μ mju zoom 105 Deluxe Point & shoot Film Camera From JAPAN #950,olympus mju 105,Olympus,Film Cameras,Used,72.99,USD,FIXED_PRICE,grail:mju;good-cond,JP,camera-shop-kiku,100.0,2026-08-21T01:47:53.000Z,,https://www.ebay.com/itm/147518752152?hash=item2258cd8598:g:FAsAAeSwaclqh66b,https://i.ebayimg.com/images/g/FAsAAeSwaclqh66b/s-l225.jpg
超值,-43%,170.0,70,90.0,READ! [Exc+5] Konica BiG mini BM-201 Point & Shoot 35mm Film Camera From JAPAN,konica bm-201,Konica,Film Cameras,Used,97.77,USD,FIXED_PRICE,grail:BiG mini;good-cond,JP,ku2ko1_76,100.0,2026-08-20T13:19:01.000Z,,https://www.ebay.com/itm/800540037038?hash=itemba63e78fae:g:o44AAeSwiCJqhv9C,https://i.ebayimg.com/images/g/o44AAeSwiCJqhv9C/s-l225.jpg
超值,-26%,148.32,80,90.0,[Exc+5] Contax Carl Zeiss Sonnar T* 135mm F2.8 MMJ Lens for CY Mount From JAPAN,contax sonnar 135mm f2.8,Contax,Lenses,Used,109.49,USD,FIXED_PRICE,grail:Sonnar;good-cond,JP,japan_camera_factory,99.9,2026-08-20T17:40:30.000Z,,https://www.ebay.com/itm/398308378329?hash=item5cbd0786d9:g:NpQAAeSwpyFqhz54,https://i.ebayimg.com/images/g/NpQAAeSwpyFqhz54/s-l225.jpg
超值,-36%,219.99,49,90.0,[Exc+5] CONTAX Carl Zeiss Vario Sonnar T* 28-85mm F3.3-4.0 MMJ Lens From JAPAN,contax sonnar 28-85mm f3.3,Contax,Lenses,Used,139.99,USD,FIXED_PRICE,grail:Sonnar;good-cond,JP,japan_camera-vault,100.0,2026-08-20T05:21:33.000Z,,https://www.ebay.com/itm/407157705230?hash=item5ecc7d8a0e:g:Kb4AAeSwxZRqho-U,https://i.ebayimg.com/images/g/Kb4AAeSwxZRqho-U/s-l225.jpg
超值,-38%,232.59,80,90.0,【EXC+++++】Konica Pearl II Rangefinder 6x4.5 Film Camera Hexar 75mm f/3.5,konica hexar,Konica,Film Cameras,Used,143.99,USD,FIXED_PRICE,grail:Hexar;good-cond,JP,japan_fun_camera,100.0,2026-08-21T01:11:07.000Z,,https://www.ebay.com/itm/188824616005?hash=item2bf6d2fc45:g:nSYAAeSwcQBqYuCA,https://i.ebayimg.com/images/g/nSYAAeSwcQBqYuCA/s-l225.jpg
超值,-35%,259.99,16,90.0,[Exc+5] ZENZA BRONICA MACRO ZENZANON PG 110MM F4 Lens for GS-1 From JAPAN,bronica 110mm f4,Bronica,Lenses,Used,169.99,USD,FIXED_PRICE,grail:BRONICA MACRO;good-cond,JP,rebirth_japan,100.0,2026-08-20T10:01:27.000Z,,https://www.ebay.com/itm/237018656157?hash=item372f69ad9d:g:GycAAeSwaclqhtIZ,https://i.ebayimg.com/images/g/GycAAeSwaclqhtIZ/s-l225.jpg
超值,-30%,469.99,43,90.0,S/N 530xxxx [Exc+5] Pentax LX Early FA-1 Finder 35mm SLR Film Camera From JAPAN,pentax fa-1,Pentax,Film Cameras,Used,329.99,USD,FIXED_PRICE,grail:Pentax LX;good-cond,JP,japancamera_au,100.0,2026-08-20T21:30:42.000Z,,https://www.ebay.com/itm/227484590265?hash=item34f72360b9:g:sT0AAeSwMf5qh3Mu,https://i.ebayimg.com/images/g/sT0AAeSwMf5qh3Mu/s-l225.jpg
超值,-32%,547.49,80,90.0,[Almost MINT w/Case] Contax Carl Zeiss Biogon T* 28mm f2.8 Lens G1 G2 From JAPAN,contax biogon 28mm f2.8,Contax,Lenses,Used,369.99,USD,FIXED_PRICE,grail:Biogon;good-cond,JP,honestjapancameras,100.0,2026-08-20T05:13:35.000Z,,https://www.ebay.com/itm/168627238157?hash=item2742f7750d:g:-p4AAeSwZERqho16,https://i.ebayimg.com/images/g/-p4AAeSwZERqho16/s-l225.jpg
超值,-38%,640.49,80,90.0,Tested!【 Exc+5 】Pentax LX Late Model 35mm SLR Film Camera With Viewfinder JAPAN,pentax late model,Pentax,Film Cameras,Used,399.99,USD,"FIXED_PRICE,BEST_OFFER",grail:Pentax LX;good-cond,JP,nacamera_japan,100.0,2026-08-20T22:12:40.000Z,,https://www.ebay.com/itm/800542054133?hash=itemba640656f5:g:eAUAAeSwZl5qZFyG,https://i.ebayimg.com/images/g/eAUAAeSwZl5qZFyG/s-l225.jpg
超值,-30%,597.5,64,90.0,🎦【 Opt MINT w/GF-21mm 】Contax Carl Zeiss Biogon 21mm f/2.8 Lens For G1 G2 JAPAN,contax biogon 21mm f2.8,Contax,Lenses,Used,419.99,USD,FIXED_PRICE,grail:Biogon;good-cond,JP,full-moon_camera_tokyo,99.8,2026-08-20T05:50:59.000Z,,https://www.ebay.com/itm/366617543273?hash=item555c1bc269:g:BO8AAeSwXUppfCOP,https://i.ebayimg.com/images/g/BO8AAeSwXUppfCOP/s-l225.jpg
超值,-29%,750.0,80,90.0,[Almost MINT] Leica Leitz Summicron-R 90mm f/2 Canada R Mount Lens From JAPAN,leica summicron 90mm f2,Leica,Lenses,Used,529.99,USD,FIXED_PRICE,grail:Summicron;good-cond,JP,isshin39,100.0,2026-08-20T11:15:29.000Z,,https://www.ebay.com/itm/198584145871?hash=item2e3c8997cf:g:jxoAAeSwi0pqhuIV,https://i.ebayimg.com/images/g/jxoAAeSwi0pqhuIV/s-l225.jpg
超值,-43%,1289.0,49,90.0,[Near MINT+] Fujifilm Fuji Klasse Silver 35mm Point & Shoot Camera From JAPAN,fujifilm klasse,Fujifilm,Film Cameras,Used,729.99,USD,FIXED_PRICE,grail:Klasse;good-cond,JP,riceball_90,100.0,2026-08-21T11:30:17.000Z,,https://www.ebay.com/itm/128037845244?hash=item1dcfa678fc:g:ufkAAeSwMf5qiDdE,https://i.ebayimg.com/images/g/ufkAAeSwMf5qiDdE/s-l225.jpg
超值,-42%,1438.74,37,90.0,[Almost MINT] Pentax 645N Medium Format Camera Body w/ 120 Film Back From JAPAN,pentax 645n,Pentax,Film Cameras,Used,829.99,USD,FIXED_PRICE,grail:645N;good-cond,JP,kazuar_64,100.0,2026-08-21T12:10:19.000Z,,https://www.ebay.com/itm/227485503304?hash=item34f7314f48:g:1BoAAeSw7DBqiEFo,https://i.ebayimg.com/images/g/1BoAAeSw7DBqiEFo/s-l225.jpg
超值,-33%,2348.99,18,90.0,[MINT] Contax Carl Zeiss Planar T* 85mm f/1.2 MF AEG Lens 50th Anniversary JAPAN,contax planar 85mm f1.2,Contax,Lenses,Used,1574.99,USD,FIXED_PRICE,grail:Planar;good-cond,JP,ban_zai_camera,100.0,2026-08-20T10:33:06.000Z,,https://www.ebay.com/itm/407158252094?hash=item5ecc85e23e:g:RDMAAeSwrj5qhtkQ,https://i.ebayimg.com/images/g/RDMAAeSwrj5qhtkQ/s-l225.jpg
抄底,-77%,282.8,80,89.0,Mamiya Universal Press Black Medium Format Film Camera Body Only Japan Ship Free,mamiya universal press,Mamiya,Film Cameras,Used,64.8,USD,"FIXED_PRICE,BEST_OFFER",,JP,yukikkurod-0,100.0,2026-08-20T14:23:31.000Z,,https://www.ebay.com/itm/257692844238?hash=item3bffb0c0ce:g:9dIAAeSwzVlqhwuz,https://i.ebayimg.com/images/g/9dIAAeSwzVlqhwuz/s-l225.jpg
偏低,-22%,580.78,8,89.0,[N MINT] Graflex XL 6x7 Film Camera Carl Zeiss Tessar 100mm F3.5 Lens From JAPAN,graflex carl,Graflex,Film Cameras,Used,449.9,USD,FIXED_PRICE,grail:6x7;good-cond,JP,rcamera.japan,100.0,2026-08-20T07:18:35.000Z,,https://www.ebay.com/itm/398306742880?hash=item5cbcee9260:g:xCsAAeSwq2Jqhqt9,https://i.ebayimg.com/images/g/xCsAAeSwq2Jqhqt9/s-l225.jpg
偏低,-12%,102.14,80,88.0,CONTAX RTS 35mm SLR Film Camera Body [EXC+5] From Japan,contax rts,Contax,Film Cameras,Used,89.99,USD,FIXED_PRICE,grail:CONTAX RTS;good-cond,JP,amfour_201810,99.2,2026-08-21T06:23:55.000Z,,https://www.ebay.com/itm/407160229507?hash=item5ecca40e83:g:HXQAAeSw6Rlqh-7T,https://i.ebayimg.com/images/g/HXQAAeSw6Rlqh-7T/s-l225.jpg
偏低,-17%,299.99,80,88.0,CLA “EXC+++++ w/ Strap” Rollei 35 Tessar 40mm f/3.5 Silver From JAPAN,rollei tessar f/3.5,Rollei,Film Cameras,Used,249.99,USD,"FIXED_PRICE,BEST_OFFER",grail:Tessar;good-cond,JP,irodori-store,99.7,2026-08-21T02:11:15.000Z,,https://www.ebay.com/itm/227484842110?hash=item34f727387e:g:itIAAeSwYEVqfR7K,https://i.ebayimg.com/images/g/itIAAeSwYEVqfR7K/s-l225.jpg
偏低,-10%,367.5,36,88.0,All Works [ Exc+5 ] Leica Mini Elmar Black Point & Shoot 35mm Film Camera JAPAN,leica mini elmar,Leica,Film Cameras,Used,330.0,USD,"FIXED_PRICE,BEST_OFFER",grail:Elmar;good-cond,JP,tiida_collection_japan,100.0,2026-08-21T08:15:15.000Z,,https://www.ebay.com/itm/820030326660?hash=itembeed9dc784:g:t3sAAeSw2JtqcUHo,https://i.ebayimg.com/images/g/t3sAAeSw2JtqcUHo/s-l225.jpg
偏低,-17%,419.99,80,88.0,Contax TVS 35mm Point & Shoot Film Camera Carl Zeiss Lens [Near MINT] From Japan,contax tvs,Contax,Film Cameras,Used,349.99,USD,FIXED_PRICE,grail:Contax TVS;good-cond,JP,sevenpark,100.0,2026-08-20T22:28:25.000Z,,https://www.ebay.com/itm/178427870404?hash=item298b213cc4:g:9v8AAeSwS7Zqh3yR,https://i.ebayimg.com/images/g/9v8AAeSwS7Zqh3yR/s-l225.jpg
合理,+3%,407.53,80,88.0,[MINT] Zenza Bronica S2 Film Camera Nikkor P 75mm F/2.8 w/ Loupe Hood From JAPAN,bronica s2,Bronica,Film Cameras,Used,419.0,USD,"FIXED_PRICE,BEST_OFFER",grail:Bronica S2;mount:nikon f;good-cond,JP,ab.japan.market,100.0,2026-08-20T18:06:49.000Z,,https://www.ebay.com/itm/318759914783?hash=item4a37924d1f:g:bgcAAeSw3B1qh0Mo,https://i.ebayimg.com/images/g/bgcAAeSw3B1qh0Mo/s-l225.jpg
合理,-1%,499.9,80,88.0,【N MINT+++】Zenza Bronica S2A Late Model Medium Format Nikkor P 75mm f/2.8 Lens,bronica s2a,Bronica,Film Cameras,Used,494.99,USD,FIXED_PRICE,grail:Bronica S2A;mount:nikon f;good-cond,JP,japan_fun_camera,100.0,2026-08-21T01:15:29.000Z,,https://www.ebay.com/itm/188824627142?hash=item2bf6d327c6:g:tEMAAeSwWhJo8EdV,https://i.ebayimg.com/images/g/tEMAAeSwWhJo8EdV/s-l225.jpg
合理,+8%,499.9,80,88.0,【MINT-】Zenza Bronica S2A Late Model Medium Format Nikkor P 75mm f/2.8 Lens,bronica s2a,Bronica,Film Cameras,Used,539.99,USD,FIXED_PRICE,grail:Bronica S2A;mount:nikon f;good-cond,JP,japan_fun_camera,100.0,2026-08-21T01:12:28.000Z,,https://www.ebay.com/itm/188824621497?hash=item2bf6d311b9:g:lBUAAeSwyUdqRySZ,https://i.ebayimg.com/images/g/lBUAAeSwyUdqRySZ/s-l225.jpg
合理,+10%,499.9,80,88.0,[ Mint ] Zenza Bronica S2A Black Camera Nikkor P 75mm 2.8 Lens Japan 412,bronica s2a,Bronica,Film Cameras,Used,549.9,USD,"FIXED_PRICE,BEST_OFFER",grail:Bronica S2A;mount:nikon f;good-cond,JP,takashiharu,100.0,2026-08-20T19:20:09.000Z,,https://www.ebay.com/itm/117370338153?hash=item1b53d13b69:g:mQoAAeSwUmJqIpV0,https://i.ebayimg.com/images/g/mQoAAeSwUmJqIpV0/s-l225.jpg
偏低,-24%,849.99,80,88.0,Green Label [MINT] Contax G1 Rangefinder Film Camera 90mm f/2.8 Lens From JAPAN,contax g1,Contax,Film Cameras,Used,649.9,USD,FIXED_PRICE,grail:Contax G1;good-cond,JP,ham_7373,100.0,2026-08-20T14:42:59.000Z,,https://www.ebay.com/itm/366618419273?hash=item555c292049:g:v08AAeSwOCtqhxYe,https://i.ebayimg.com/images/g/v08AAeSwOCtqhxYe/s-l225.jpg
偏低,-24%,1189.0,71,88.0,[ MINT w/ Case ] Leica Minilux Zoom Point & Shoot 35mm Film Camera From JAPAN,leica minilux,Leica,Film Cameras,Used,899.99,USD,FIXED_PRICE,grail:Minilux;good-cond,JP,miytam_0,100.0,2026-08-20T15:38:08.000Z,,https://www.ebay.com/itm/398308072392?hash=item5cbd02dbc8:g:8UYAAeSw2ZtqhyMU,https://i.ebayimg.com/images/g/8UYAAeSw2ZtqhyMU/s-l225.jpg
偏低,-18%,3489.44,70,88.0,[MINT ] Contax G2 Black Rangefinder Film Camera From JAPAN,contax g2,Contax,Film Cameras,Used,2849.99,USD,FIXED_PRICE,grail:Contax G2;good-cond,JP,tokiocamera,100.0,2026-08-21T04:36:03.000Z,,https://www.ebay.com/itm/318762084343?hash=item4a37b367f7:g:yEgAAeSwaGtpZEAz,https://i.ebayimg.com/images/g/yEgAAeSwaGtpZEAz/s-l225.jpg
偏低,-14%,3499.99,70,88.0,Double Teeth [Exc+5] Contax T3 Silver 35mm Compact Film Camera Body From JAPAN,contax t3,Contax,Film Cameras,Used,2999.99,USD,FIXED_PRICE,grail:Contax T3;good-cond,JP,kuwashiku.05,99.6,2026-08-21T02:40:04.000Z,,https://www.ebay.com/itm/178428446474?hash=item298b2a070a:g:nUkAAeSwgqhqh7sC,https://i.ebayimg.com/images/g/nUkAAeSwgqhqh7sC/s-l225.jpg
合理,+5%,424.73,80,87.0,[Exc+5] Late Zenza Bronica S2 Black 75mm f/2.8 645 Film Back From JAPAN,bronica s2,Bronica,Film Cameras,Used,445.99,USD,FIXED_PRICE,grail:645;good-cond,JP,sat-camera-japan,100.0,2026-08-20T10:51:14.000Z,,https://www.ebay.com/itm/147517349453?hash=item2258b81e4d:g:XKAAAeSw3B1qht2C,https://i.ebayimg.com/images/g/XKAAAeSw3B1qht2C/s-l225.jpg
合理,-6%,899.99,80,87.0,[ N MINT w/ Hood ] Contax G1 35mm Film Camera Biogon 28mm f2.8 Lens From JAPAN,contax g1,Contax,Film Cameras,Used,849.9,USD,FIXED_PRICE,grail:Contax G1;good-cond,JP,rcamera.japan,100.0,2026-08-20T07:26:17.000Z,,https://www.ebay.com/itm/398306758154?hash=item5cbceece0a:g:ucAAAeSwBD9qhq0V,https://i.ebayimg.com/images/g/ucAAAeSwBD9qhq0V/s-l225.jpg
合理,+11%,899.99,80,87.0,[ NEAR MINT ] Contax G1 Film Camera Rangefinder Planar 45mm f/2 Lens From JAPAN,contax g1,Contax,Film Cameras,Used,999.99,USD,"FIXED_PRICE,BEST_OFFER",grail:Contax G1;good-cond,JP,japan_camera_sippo,100.0,2026-08-20T07:44:29.000Z,,https://www.ebay.com/itm/398306809510?hash=item5cbcef96a6:g:H2UAAeSwkUFqQzte,https://i.ebayimg.com/images/g/H2UAAeSwkUFqQzte/s-l225.jpg
超值,-26%,133.95,80,86.0,[ Near MINT ] Nikon UW Nikkor 20mm f2.8 Lens View Finder For Nikonos From JAPAN,nikon nikkor 20mm f2.8,Nikon,Lenses,Used,98.99,USD,FIXED_PRICE,grail:Nikonos;mount:nikon f;good-cond,JP,aga-8114,100.0,2026-08-20T14:46:19.000Z,,https://www.ebay.com/itm/237019182550?hash=item372f71b5d6:g:hHUAAeSwjU9qhxbK,https://i.ebayimg.com/images/g/hHUAAeSwjU9qhxbK/s-l225.jpg
超值,-29%,350.0,80,86.0,Leica Elmar 50mm F3.5 for Leica L39 mount Rangefinder Lenses Tested [Read Cond],leica elmar 50mm f3.5,Leica,Lenses,Used,250.0,USD,"FIXED_PRICE,BEST_OFFER",grail:Elmar;mount:ltm/l39,JP,re-camera,99.8,2026-08-20T14:41:30.000Z,,https://www.ebay.com/itm/336752750251?hash=item4e68072eab:g:aikAAeSwT-hqhxYc,https://i.ebayimg.com/images/g/aikAAeSwT-hqhxYc/s-l225.jpg
超值,-31%,619.26,80,86.0,Voigtlander NOKTON 35mm F/1.2 (for Fujifilm X mount) #306,voigtlander nokton 35mm f1.2,Voigtlander,Lenses,Very Good - Refurbished,426.0,USD,FIXED_PRICE,grail:NOKTON;mount:fuji x,JP,mapcamera,100.0,2026-08-20T07:35:34.000Z,,https://www.ebay.com/itm/327318991005?hash=item4c35bb709d:g:vJYAAeSw7RNqhq48,https://i.ebayimg.com/images/g/vJYAAeSw7RNqhq48/s-l225.jpg
超值,-26%,616.24,24,86.0,Voigtlander NOKTON 23mm F/1.2 ASPH. (for Fujifilm X mount) #304,voigtlander nokton 23mm f1.2,Voigtlander,Lenses,Good - Refurbished,453.15,USD,FIXED_PRICE,grail:NOKTON;mount:fuji x,JP,mapcamera,100.0,2026-08-20T07:35:22.000Z,,https://www.ebay.com/itm/377434654986?hash=item57e0dbc90a:g:NcwAAeSwzkRqhq4u,https://i.ebayimg.com/images/g/NcwAAeSwzkRqhq4u/s-l225.jpg
超值,-35%,997.5,56,86.0,MINT wCase Nikon 35Ti 35 Ti Point Shoot 35mm Film Camera From JAPAN,nikon 35ti,Nikon,Film Cameras,Used,650.0,USD,FIXED_PRICE,grail:35Ti;good-cond,US,shipcycle,98.1,2026-08-20T12:39:14.000Z,,https://www.ebay.com/itm/178426529695?hash=item298b0cc79f:g:UkAAAeSwALdqhvUa,https://i.ebayimg.com/images/g/UkAAAeSwALdqhvUa/s-l225.jpg
偏低,-12%,399.9,80,84.0,[MINT] Voigtlander SUPER-WIDE HELIAR 15mm f/4.5 Aspherical for L39 From JAPAN,voigtlander heliar 15mm f4.5,Voigtlander,Lenses,Used,349.99,USD,FIXED_PRICE,grail:HELIAR;mount:ltm/l39;good-cond,JP,fuku._34,100.0,2026-08-20T09:25:28.000Z,,https://www.ebay.com/itm/206505489386?hash=item3014afb3ea:g:iF8AAeSwdABqhsk~,https://i.ebayimg.com/images/g/iF8AAeSwdABqhsk~/s-l225.jpg
偏低,-20%,552.49,78,84.0,[Opt MINT] Contax Carl Zeiss Distagon T* 18mm F/4 MMJ Lens C/Y Mount JAPAN #407,contax distagon 18mm f4,Contax,Lenses,Used,439.99,USD,FIXED_PRICE,grail:Distagon;mount:contax/yashica;good-cond,JP,japan_otter_camera,99.6,2026-08-20T13:49:29.000Z,,https://www.ebay.com/itm/407158698443?hash=item5ecc8cb1cb:g:L2gAAeSwe-pqhwUk,https://i.ebayimg.com/images/g/L2gAAeSwe-pqhwUk/s-l225.jpg
偏低,-8%,489.99,80,84.0,SN/310xx [MINT w/ Strap] Nikon F5 35mm SLR Film Camera Body F Mount From JAPAN,nikon f5,Nikon,Film Cameras,Used,449.99,USD,FIXED_PRICE,grail:Nikon F5;mount:nikon f;good-cond,JP,camera_japan_chiba,100.0,2026-08-21T00:30:26.000Z,,https://www.ebay.com/itm/128037087492?hash=item1dcf9ae904:g:bwcAAeSwj6Bqh5yi,https://i.ebayimg.com/images/g/bwcAAeSwj6Bqh5yi/s-l225.jpg
偏低,-8%,549.74,80,84.0,Voigtlander NOKTON Vintage Line 50mm F/1.5 ASPH II VM MC Black -Near Mint- #311,voigtlander nokton 50mm f1.5,Voigtlander,Lenses,Very Good - Refurbished,504.45,USD,FIXED_PRICE,grail:NOKTON;mount:leica m;good-cond,JP,mapcamera,100.0,2026-08-20T07:45:33.000Z,,https://www.ebay.com/itm/377434675166?hash=item57e0dc17de:g:F-kAAeSwptdqhrCR,https://i.ebayimg.com/images/g/F-kAAeSwptdqhrCR/s-l225.jpg
偏低,-14%,595.6,80,84.0,Carl Zeiss Planar T* 50mm f/2 ZM Black for Leica M [Top Mint] #7366LJ,zeiss planar 50mm f2,Zeiss,Lenses,Used,511.01,USD,FIXED_PRICE,grail:Planar;mount:leica m;good-cond,JP,suns_factory-camera_jp,100.0,2026-08-20T05:10:16.000Z,,https://www.ebay.com/itm/237018241910?hash=item372f635b76:g:6xsAAeSwyTVqhowr,https://i.ebayimg.com/images/g/6xsAAeSwyTVqhowr/s-l225.jpg
偏低,-19%,1599.99,15,84.0,[ NEAR MINT ] Minolta CLE M-Rokkor 28mm F2.8 Lens 35mm Rangefinder Camera JAPAN,minolta cle m-rokkor,Minolta,Film Cameras,Used,1299.99,USD,FIXED_PRICE,grail:Minolta CLE;mount:minolta md;good-cond,JP,tiida_collection_japan,100.0,2026-08-20T09:00:34.000Z,,https://www.ebay.com/itm/820026101305?hash=itembeed5d4e39:g:fTwAAeSwVJVp91cC,https://i.ebayimg.com/images/g/fTwAAeSwVJVp91cC/s-l225.jpg
超值,-41%,850.0,33,83.0,Meter works Leitz Minolta CL Rangefinder Film Camera From JAPAN Near Mint- #7834,leitz minolta,Leitz,Film Cameras,Used,499.99,USD,FIXED_PRICE,good-cond,JP,harmony_lens_japan,100.0,2026-08-20T18:58:00.000Z,,https://www.ebay.com/itm/398308678050?hash=item5cbd0c19a2:g:7EIAAeSwKX9qh04T,https://i.ebayimg.com/images/g/7EIAAeSwKX9qh04T/s-l225.jpg
超值,-30%,749.99,41,83.0,[Top MINT] Voigtlander BESSA-T Black Rangefinder Film Camera From JAPAN,voigtlander bessa-t,Voigtlander,Film Cameras,Used,524.99,USD,FIXED_PRICE,good-cond,JP,narita-usedcamera-estore,100.0,2026-08-20T23:14:51.000Z,,https://www.ebay.com/itm/168629058442?hash=item2743133b8a:g:3Y4AAeSwu3Zqh4sw,https://i.ebayimg.com/images/g/3Y4AAeSwu3Zqh4sw/s-l225.jpg
超值,-33%,899.99,33,83.0,[Exc+5] Linhof Super Technika V 4x5 Large Format Camera From JAPAN,linhof super technika,Linhof,Film Cameras,Used,599.99,USD,FIXED_PRICE,good-cond,JP,lc.consu-8,99.9,2026-08-20T10:10:50.000Z,,https://www.ebay.com/itm/398307197775?hash=item5cbcf5834f:g:8-QAAeSw7SlqhtQW,https://i.ebayimg.com/images/g/8-QAAeSw7SlqhtQW/s-l225.jpg
合理,-2%,183.42,80,82.0,【N MINT】Mamiya Super 23 6x7 Film Camera Body Black,mamiya 23,Mamiya,Film Cameras,Used,179.99,USD,FIXED_PRICE,grail:6x7;good-cond,JP,japan_fun_camera,100.0,2026-08-21T01:15:31.000Z,,https://www.ebay.com/itm/188824627322?hash=item2bf6d3287a:g:6LYAAeSwVCBpaERX,https://i.ebayimg.com/images/g/6LYAAeSwVCBpaERX/s-l225.jpg
合理,+0%,179.99,80,82.0,[Near MINT] MAMIYA C330 Pro Professional TLR camera Body Medium From JAPAN,mamiya c330,Mamiya,Film Cameras,Used,179.99,USD,FIXED_PRICE,grail:MAMIYA C330;good-cond,JP,nao_reuse_camera_japan,100.0,2026-08-20T16:16:18.000Z,,https://www.ebay.com/itm/147517921423?hash=item2258c0d88f:g:Uy8AAeSwEphqhyrR,https://i.ebayimg.com/images/g/Uy8AAeSwEphqhyrR/s-l225.jpg
合理,-4%,303.49,80,82.0,*NEAR MINT* Rollei 35 Tessar 40mm F3.5 Film Camera From Japan #4619,rollei tessar f3.5,Rollei,Film Cameras,Used,290.0,USD,FIXED_PRICE,grail:Tessar;good-cond,JP,qululu-plus123_jp,100.0,2026-08-20T06:44:30.000Z,,https://www.ebay.com/itm/188820808462?hash=item2bf698e30e:g:dUkAAeSwEOxpGYlG,https://i.ebayimg.com/images/g/dUkAAeSwEOxpGYlG/s-l225.jpg
合理,+3%,289.99,80,82.0,All Works [MINT w/Case] Rollei 35 Silver Film Camera Tessar 40mm f3.5 From JAPAN,rollei tessar,Rollei,Film Cameras,Used,299.99,USD,FIXED_PRICE,grail:Tessar;good-cond,JP,mitsu_64,100.0,2026-08-21T10:46:14.000Z,,https://www.ebay.com/itm/147519579595?hash=item2258da25cb:g:hHwAAeSwbLhqiC26,https://i.ebayimg.com/images/g/hHwAAeSwbLhqiC26/s-l225.jpg
合理,+0%,299.0,35,82.0,[Top MINT w/CASE ] LEICA Z2X Vario-Elmar 35-70mm Point & Shoot Camera From JAPAN,leica z2x,Leica,Film Cameras,Used,300.0,USD,FIXED_PRICE,grail:Elmar;good-cond,JP,syashinkiten_japan,100.0,2026-08-20T13:16:58.000Z,,https://www.ebay.com/itm/327319321401?hash=item4c35c07b39:g:YeEAAeSwEu1qhv9D,https://i.ebayimg.com/images/g/YeEAAeSwEu1qhv9D/s-l225.jpg
合理,+6%,305.99,81,82.0,【N MINT+++Meter Works】Rollei 35 T 35mm Film Camera Tessar 40mm f/3.5 Lens,rollei tessar 35mm f3.5,Rollei,Film Cameras,Used,323.99,USD,FIXED_PRICE,grail:Tessar;good-cond,JP,japan_fun_camera,100.0,2026-08-21T01:15:31.000Z,,https://www.ebay.com/itm/188824627324?hash=item2bf6d3287c:g:FAYAAeSw6W9paZJv,https://i.ebayimg.com/images/g/FAYAAeSw6W9paZJv/s-l225.jpg
超值,-40%,664.0,12,82.0,Voigtlander HELIAR Classic 75mm F/1.8 VM (for Leica M mount) #301,voigtlander heliar 75mm f1.8,Voigtlander,Lenses,Very Good - Refurbished,397.0,USD,FIXED_PRICE,grail:HELIAR;mount:leica m,JP,mapcamera,100.0,2026-08-20T07:25:32.000Z,,https://www.ebay.com/itm/820025861254?hash=itembeed59a486:g:HOMAAeSww45qhqvi,https://i.ebayimg.com/images/g/HOMAAeSww45qhqvi/s-l225.jpg
合理,-5%,419.99,80,82.0,Read [NEAR MINT] Contax TVS Point & Shoot 35mm Film Camera From JAPAN,contax tvs,Contax,Film Cameras,Used,399.99,USD,"FIXED_PRICE,BEST_OFFER",grail:Contax TVS;good-cond,JP,samurai_collection_japan,100.0,2026-08-21T06:49:58.000Z,,https://www.ebay.com/itm/407160262386?hash=item5ecca48ef2:g:JzEAAeSwTtFqh~Qd,https://i.ebayimg.com/images/g/JzEAAeSwTtFqh~Qd/s-l225.jpg
合理,-5%,419.99,80,82.0,[Near MINT+++] Contax TVS 35mm Point & Shoot Film Camera From JAPAN,contax tvs,Contax,Film Cameras,Used,399.99,USD,FIXED_PRICE,grail:Contax TVS;good-cond,JP,mublo_8,100.0,2026-08-21T04:15:26.000Z,,https://www.ebay.com/itm/398310093483?hash=item5cbd21b2ab:g:EdwAAeSwIMRqh9IM,https://i.ebayimg.com/images/g/EdwAAeSwIMRqh9IM/s-l225.jpg
合理,+2%,419.99,80,82.0,Read 【NEAR MINT】 Contax TVS 35mm Point ＆ Shoot Film Camera w/ Data back JAPAN,contax tvs,Contax,Film Cameras,Used,429.0,USD,FIXED_PRICE,grail:Contax TVS;good-cond,JP,ichiro-camera,100.0,2026-08-20T23:28:06.000Z,,https://www.ebay.com/itm/178427998155?hash=item298b232fcb:g:4MAAAeSwQr1pPKRG,https://i.ebayimg.com/images/g/4MAAAeSwQr1pPKRG/s-l225.jpg
合理,+7%,419.99,80,82.0,【N MINT+++】Contax TVS 35mm Point ＆ Shoot Film Camera,contax tvs,Contax,Film Cameras,Used,449.99,USD,FIXED_PRICE,grail:Contax TVS;good-cond,JP,japan_fun_camera,100.0,2026-08-21T01:11:07.000Z,,https://www.ebay.com/itm/188824615989?hash=item2bf6d2fc35:g:DZYAAeSwk8ZqaCMN,https://i.ebayimg.com/images/g/DZYAAeSwk8ZqaCMN/s-l225.jpg
合理,+12%,419.99,80,82.0,LCD NO Leak !! [MINT++] Contax TVS Point & Shoot 35mm Film Camera From JAPAN,contax tvs,Contax,Film Cameras,Used,469.99,USD,FIXED_PRICE,grail:Contax TVS;good-cond,JP,mirai_camera_shop_japan,100.0,2026-08-20T15:07:48.000Z,,https://www.ebay.com/itm/398307982631?hash=item5cbd017d27:g:0acAAeSwNXNqhxt5,https://i.ebayimg.com/images/g/0acAAeSwNXNqhxt5/s-l225.jpg
无基准,,435.23,50,82.0,[Top MINT] Contax Aria 35mm SLR Film Camera Body,contax aria,Contax,Film Cameras,Used,500.0,USD,"FIXED_PRICE,AUCTION",grail:Contax Aria;good-cond;auction,US,brandomoffit0,100.0,2026-08-21T02:32:16.000Z,2026-08-28T02:32:16.000Z,https://www.ebay.com/itm/336753568975?hash=item4e6813accf:g:KB8AAeSwj8Nqh7gv,https://i.ebayimg.com/images/g/KB8AAeSwj8Nqh7gv/s-l225.jpg
超值,-30%,780.69,33,82.0,ZEISS Planar T * 85mm F1.4 ZE Lens for Canon EF Manual Focus USED,zeiss ef 85mm f1.4,Zeiss,Lenses,Used,549.0,USD,"FIXED_PRICE,BEST_OFFER",grail:Planar;mount:canon ef,US,backe-thoma,100.0,2026-08-20T20:37:21.000Z,,https://www.ebay.com/itm/168628810523?hash=item27430f731b:g:32oAAeSwQKZqh2OI,https://i.ebayimg.com/images/g/32oAAeSwQKZqh2OI/s-l225.jpg
合理,+6%,564.99,28,82.0,[Top MINT] Contax TVS II TVSII Point & Shoot Compact 35mm Film Camera From JAPAN,contax tvs tvsii,Contax,Film Cameras,Used,599.99,USD,FIXED_PRICE,grail:Contax TVS;good-cond,JP,hakata_camera_japan,100.0,2026-08-20T14:17:57.000Z,,https://www.ebay.com/itm/800540284227?hash=itemba63eb5543:g:OMsAAeSwu3Zqhw0d,https://i.ebayimg.com/images/g/OMsAAeSwu3Zqhw0d/s-l225.jpg
合理,-6%,799.99,56,82.0,[MINT] Zenza Bronica SQ-A Medium Film Camera AE Finder 80mm f2.8 Lens From JAPAN,bronica sq-a,Bronica,Film Cameras,Used,749.99,USD,FIXED_PRICE,grail:Bronica SQ;good-cond,JP,hrk.k-21,100.0,2026-08-21T06:08:29.000Z,,https://www.ebay.com/itm/298606018627?hash=item45864e4043:g:aNsAAeSw-qlqh~Cq,https://i.ebayimg.com/images/g/aNsAAeSw-qlqh~Cq/s-l225.jpg
合理,+8%,739.99,44,82.0,[ Top MINT ] Contax TVS III Silver Point & Shoot 35mm Film Camera From JAPAN,contax tvs iii,Contax,Film Cameras,Used,799.99,USD,FIXED_PRICE,grail:Contax TVS;good-cond,JP,zen-camera-japan,99.6,2026-08-20T09:43:23.000Z,,https://www.ebay.com/itm/188821475169?hash=item2bf6a30f61:g:vq8AAeSwkAlqhs6M,https://i.ebayimg.com/images/g/vq8AAeSwkAlqhs6M/s-l225.jpg
合理,+1%,799.99,36,82.0,【N MINT+++ BOXED】Zenza Bronica SQ Film Camera 6x6 PS 80mm f/2.8 Lens,bronica 80mm f2.8,Bronica,Film Cameras,Used,809.99,USD,FIXED_PRICE,grail:Bronica SQ;good-cond,JP,japan_fun_camera,100.0,2026-08-21T01:11:07.000Z,,https://www.ebay.com/itm/188824616084?hash=item2bf6d2fc94:g:ZLUAAeSwrptqaAsT,https://i.ebayimg.com/images/g/ZLUAAeSwrptqaAsT/s-l225.jpg
合理,+12%,797.45,30,82.0,[Exc+5] ZENZA BRONICA GS-1 AE Finder Film Camera w/PG 100 lens From Japan #31201,bronica gs-1,Bronica,Film Cameras,Used,889.0,USD,FIXED_PRICE,grail:BRONICA GS;good-cond,JP,aec_jp_net,100.0,2026-08-20T07:01:13.000Z,,https://www.ebay.com/itm/800538491554?hash=itemba63cffaa2:g:DegAAeSw69pqhqJN,https://i.ebayimg.com/images/g/DegAAeSw69pqhqJN/s-l225.jpg
超值,-29%,1413.89,45,82.0,Minolta TC-1 35mm Point & Shoot Film Camera G-Rokkor 28mm f/3.5 Titanium,minolta tc-1,Minolta,Film Cameras,Used,999.0,USD,"FIXED_PRICE,BEST_OFFER",grail:TC-1;mount:minolta md,US,outdoorsaholic,100.0,2026-08-20T17:06:47.000Z,,https://www.ebay.com/itm/287536602644?hash=item42f2845e14:g:rQ0AAeSwMf5qhy71,https://i.ebayimg.com/images/g/rQ0AAeSwMf5qhy71/s-l225.jpg
合理,+0%,999.9,80,82.0,Grit Screen [ Near MINT ] Hasselblad 500C/M CM Medium Format Camera Body JAPAN,hasselblad 500c/m,Hasselblad,Film Cameras,Used,999.9,USD,FIXED_PRICE,grail:500C;good-cond,JP,rcamera.japan,100.0,2026-08-20T08:22:02.000Z,,https://www.ebay.com/itm/398306898202?hash=item5cbcf0f11a:g:qYYAAeSw-qlqhrnh,https://i.ebayimg.com/images/g/qYYAAeSw-qlqhrnh/s-l225.jpg
合理,-2%,1434.99,80,82.0,[Exc+5 w/Strap] Hasselblad 500CM 500C/M Medium Format Film Camera A12 From JAPAN,hasselblad a12,Hasselblad,Film Cameras,Used,1399.99,USD,FIXED_PRICE,grail:500CM;good-cond,JP,kosod-78,100.0,2026-08-21T04:09:21.000Z,,https://www.ebay.com/itm/147518959386?hash=item2258d0af1a:g:FGQAAeSwwTlqh9Ar,https://i.ebayimg.com/images/g/FGQAAeSwwTlqh9Ar/s-l225.jpg
合理,+9%,1434.99,80,82.0,NEAR MINT Hasselblad 500CM C/M Black + A12 II From JAPAN,hasselblad a12,Hasselblad,Film Cameras,Used,1559.99,USD,FIXED_PRICE,grail:500CM;good-cond,JP,freebyfree,100.0,2026-08-21T00:54:20.000Z,,https://www.ebay.com/itm/407159796164?hash=item5ecc9d71c4:g:J4cAAeSwycZqXx9o,https://i.ebayimg.com/images/g/J4cAAeSwycZqXx9o/s-l225.jpg
合理,+8%,1849.95,52,82.0,Meter Works [MINT] Leica M5 Black 3Lug Rangefinder Film Camera From JAPAN,leica m5,Leica,Film Cameras,Used,1999.99,USD,FIXED_PRICE,grail:Leica M5;good-cond,JP,megalithjapancamera,100.0,2026-08-21T00:15:04.000Z,,https://www.ebay.com/itm/398309473481?hash=item5cbd183cc9:g:GZQAAeSwWhdqh5kG,https://i.ebayimg.com/images/g/GZQAAeSwWhdqh5kG/s-l225.jpg
合理,-3%,3489.44,70,82.0,3 Lens [ N MINT w/ TLA 200 ] Contax G2 Film Camera 28mm 45mm 90mm From JAPAN,contax g2,Contax,Film Cameras,Used,3399.99,USD,FIXED_PRICE,grail:Contax G2;good-cond,JP,ohana_camera_tokyo,99.6,2026-08-21T01:18:12.000Z,,https://www.ebay.com/itm/198585537558?hash=item2e3c9ed416:g:tJIAAeSwie9qh6eS,https://i.ebayimg.com/images/g/tJIAAeSwie9qh6eS/s-l225.jpg
超值,-34%,350.0,80,80.0,Leica Elmar 50mm f/3.5 for Leica L mount Rangefinder Lenses Tested [Read Cond],leica elmar 50mm f3.5,Leica,Lenses,Used,230.0,USD,"FIXED_PRICE,BEST_OFFER",grail:Elmar,JP,re-camera,99.8,2026-08-20T14:41:30.000Z,,https://www.ebay.com/itm/336752750249?hash=item4e68072ea9:g:MEAAAeSwcJ1qhxYP,https://i.ebayimg.com/images/g/MEAAAeSwcJ1qhxYP/s-l225.jpg
超值,-31%,350.0,80,80.0,Leica Elmar 50mm F3.5 L mount Rangefinder Camera Lenses Tested [Read Cond],leica elmar 50mm f3.5,Leica,Lenses,Used,240.0,USD,"FIXED_PRICE,BEST_OFFER",grail:Elmar,JP,re-camera,99.8,2026-08-20T14:41:29.000Z,,https://www.ebay.com/itm/336752750239?hash=item4e68072e9f:g:eK0AAeSwLBFqhxXx,https://i.ebayimg.com/images/g/eK0AAeSwLBFqhxXx/s-l225.jpg
偏高,+28%,424.73,80,80.0,LATE [Near MINT w/ Hood] Zenza Bronica S2 S2A NIKKOR P 75mm f2.8 From JAPAN,bronica s2,Bronica,Film Cameras,Used,544.99,USD,FIXED_PRICE,grail:Bronica S2;mount:nikon f;good-cond,JP,osey67,100.0,2026-08-20T05:02:53.000Z,,https://www.ebay.com/itm/307136447865?hash=item4782c24579:g:HRgAAeSwGEZqhots,https://i.ebayimg.com/images/g/HRgAAeSwGEZqhots/s-l225.jpg
偏高,+35%,439.69,80,80.0,【N MINT+++ Meter Works】Zenza Bronica EC TL Medium Format Nikkor PC 75mm f/2.8,bronica nikkor,Bronica,Film Cameras,Used,593.99,USD,FIXED_PRICE,grail:Bronica EC;mount:nikon f;good-cond,JP,japan_fun_camera,100.0,2026-08-21T01:12:28.000Z,,https://www.ebay.com/itm/188824621561?hash=item2bf6d311f9:g:mqcAAeSwkUFqTbbA,https://i.ebayimg.com/images/g/mqcAAeSwkUFqTbbA/s-l225.jpg
偏低,-19%,793.28,76,80.0,Voigtlander NOKTON 40mm F/1.2 ASPH. (Nikon Z mount) [Near Mint] US Stock,voigtlander nokton 40mm f1.2,Voigtlander,Lenses,Used,639.0,USD,FIXED_PRICE,grail:NOKTON;mount:nikon z;good-cond,US,camera-honpo,99.5,2026-08-20T12:45:39.000Z,,https://www.ebay.com/itm/227484046603?hash=item34f71b150b:g:rhcAAeSwG9FqhvXV,https://i.ebayimg.com/images/g/rhcAAeSwG9FqhvXV/s-l225.jpg
超值,-32%,376.99,32,79.0,CONTAX N1 Film SLR Camera Body Good Condition M42 Black JP,contax n1,Contax,Vintage Cameras,,254.9,USD,"FIXED_PRICE,BEST_OFFER",mount:m42,JP,japan4ever,98.0,2026-08-21T04:24:14.000Z,,https://www.ebay.com/itm/158211229826?hash=item24d61fc882:g:FEgAAeSw~gJqh9Qd,https://i.ebayimg.com/images/g/FEgAAeSw~gJqh9Qd/s-l225.jpg
超值,-36%,1072.91,12,79.0,Rare! [VINTAGE MINT] Leitz Leica Standard Black 35mm Film Camera Body From JAPAN,leitz leica standard,Leitz,Film Cameras,Used,689.99,USD,FIXED_PRICE,good-cond,JP,modern-classics-camera-shop,99.2,2026-08-21T00:13:23.000Z,,https://www.ebay.com/itm/318761087734?hash=item4a37a432f6:g:M4QAAeSwzkRqh5hm,https://i.ebayimg.com/images/g/M4QAAeSwzkRqh5hm/s-l225.jpg
偏高,+20%,648.06,22,79.0,【Red Dial N MINT】 Leica IIIf Body Leitz Elmar 5cm 50mm F3.5 Lens from JAPAN N51,leica iiif leitz,Leica,Film Cameras,Used,779.9,USD,FIXED_PRICE,grail:Leica IIIf;good-cond,JP,japanyuichi,100.0,2026-08-20T21:54:54.000Z,,https://www.ebay.com/itm/298605193010?hash=item458641a732:g:fPMAAeSw9fppqKHI,https://i.ebayimg.com/images/g/fPMAAeSw9fppqKHI/s-l225.jpg
偏高,+13%,843.95,38,79.0,Waist Level Finder [MINT] Zenza Bronica GS-1 6x7 Camera PG 100mm f3.5 Lens JAPAN,bronica gs-1,Bronica,Film Cameras,Used,949.99,USD,FIXED_PRICE,grail:6x7;good-cond,JP,ninja-camera,100.0,2026-08-21T07:31:53.000Z,,https://www.ebay.com/itm/820030236135?hash=itembeed9c65e7:g:EiUAAeSw2ZtqiAAj,https://i.ebayimg.com/images/g/EiUAAeSw2ZtqiAAj/s-l225.jpg
偏高,+14%,849.99,80,79.0,[ TOP MINT w/Hood ] Contax G1 Rangefinder Film Camera + Biogon 28mm From JAPAN,contax g1,Contax,Film Cameras,Used,969.99,USD,FIXED_PRICE,grail:Contax G1;good-cond,JP,tarmanpuk_0,99.7,2026-08-21T00:19:57.000Z,,https://www.ebay.com/itm/287537201787?hash=item42f28d827b:g:cUcAAeSwdJpqZg5Q,https://i.ebayimg.com/images/g/cUcAAeSwdJpqZg5Q/s-l225.jpg
偏高,+17%,849.99,80,79.0,[NEAR MINT w/ Box] Contax G1 35mm Rangefinder Camera Planar 45mm Lens From JAPAN,contax g1,Contax,Film Cameras,Used,994.99,USD,FIXED_PRICE,grail:Contax G1;good-cond,JP,ht-smile,100.0,2026-08-20T16:53:12.000Z,,https://www.ebay.com/itm/128036570626?hash=item1dcf930602:g:l8UAAeSwR6hqIZgo,https://i.ebayimg.com/images/g/l8UAAeSwR6hqIZgo/s-l225.jpg
偏高,+18%,849.99,80,79.0,[MINT+++ w/ GD-1] Contax G1 Data 35mm Film Camera Planar 45mm f2 Lens From JAPAN,contax g1,Contax,Film Cameras,Used,999.99,USD,FIXED_PRICE,grail:Contax G1;good-cond,JP,camera_japan_chiba,100.0,2026-08-21T09:18:51.000Z,,https://www.ebay.com/itm/128037685272?hash=item1dcfa40818:g:Ns8AAeSwRUZqiBjd,https://i.ebayimg.com/images/g/Ns8AAeSwRUZqiBjd/s-l225.jpg
偏高,+44%,899.99,80,79.0,Green Label [ MINT w / TLA 140 ] Contax G1 + Planar 35mm f2 Lens From JAPAN,contax g1,Contax,Film Cameras,Used,1299.9,USD,FIXED_PRICE,grail:Contax G1;good-cond,JP,rcamera.japan,100.0,2026-08-20T07:12:18.000Z,,https://www.ebay.com/itm/398306731491?hash=item5cbcee65e3:g:90wAAeSwhDJqhqnD,https://i.ebayimg.com/images/g/90wAAeSwhDJqhqnD/s-l225.jpg
偏高,+15%,2524.99,32,79.0,w/Grip Hand [MINT] All Works Plaubel Makina 67 6x7 Medium Film CameraFrom JAPAN,plaubel 67,Plaubel,Film Cameras,Used,2899.99,USD,FIXED_PRICE,grail:6x7;good-cond,JP,hajimyokoyam_0,100.0,2026-08-20T23:57:48.000Z,,https://www.ebay.com/itm/227484719356?hash=item34f72558fc:g:ZkIAAeSwijdqh5xD,https://i.ebayimg.com/images/g/ZkIAAeSwijdqh5xD/s-l225.jpg
偏低,-11%,53.68,80,78.0,[Exc+5] Konica Big Mini ZOOM TR Stand 28-70mm F3.5-8.4 Point & Shoot Film Camera,konica big mini,Konica,Film Cameras,Used,47.88,USD,FIXED_PRICE,grail:Big Mini;good-cond,JP,manpuku_papa,100.0,2026-08-21T02:35:31.000Z,,https://www.ebay.com/itm/820029375162?hash=itembeed8f42ba:g:HzwAAeSwyIRqh7o7,https://i.ebayimg.com/images/g/HzwAAeSwyIRqh7o7/s-l225.jpg
偏低,-14%,127.0,62,78.0,Olympus μ mju Zoom 70 Deluxe 35mm Point & Shoot Film Camera 【MINT】,olympus mju 70,Olympus,Film Cameras,Used,109.9,USD,FIXED_PRICE,grail:mju;good-cond,JP,tominjp,100.0,2026-08-20T12:15:11.000Z,,https://www.ebay.com/itm/158208945845?hash=item24d5fceeb5:g:U~cAAeSwo5Fqhu-I,https://i.ebayimg.com/images/g/U~cAAeSwo5Fqhu-I/s-l225.jpg
偏低,-15%,129.0,80,78.0,[Near MINT] Olympus Mju μ Zoom 140 Point & Shoot 35mm Film Camera From JAPAN,olympus mju 140,Olympus,Film Cameras,Used,109.99,USD,FIXED_PRICE,grail:Mju;good-cond,JP,forestjapan,100.0,2026-08-21T02:49:25.000Z,,https://www.ebay.com/itm/318761600167?hash=item4a37ac04a7:g:SqwAAeSwGGJqh72u,https://i.ebayimg.com/images/g/SqwAAeSwGGJqh72u/s-l225.jpg
偏低,-22%,159.99,57,78.0,[Near MINT] Mamiya Sekor C 150mm f/3.5 N Telephoto Lens For 645 1000S From JAPAN,mamiya sekor 150mm f3.5,Mamiya,Lenses,Used,124.9,USD,FIXED_PRICE,grail:645;good-cond,JP,shogun-market,100.0,2026-08-20T16:02:21.000Z,,https://www.ebay.com/itm/318759544145?hash=item4a378ca551:g:KAcAAeSwEphqhye8,https://i.ebayimg.com/images/g/KAcAAeSwEphqhye8/s-l225.jpg
偏低,-10%,154.99,58,78.0,MMJ [MINT] Contax Carl Zeiss Vario-Sonnar 80-200mm f/4 Zoom MF Lens From JAPAN,contax sonnar 80-200mm f4,Contax,Lenses,Used,139.49,USD,FIXED_PRICE,grail:Sonnar;good-cond,JP,kobe_japan_camera,99.2,2026-08-20T14:02:11.000Z,,https://www.ebay.com/itm/318759189484?hash=item4a37873bec:g:D34AAeSwKX9qhwjV,https://i.ebayimg.com/images/g/D34AAeSwKX9qhwjV/s-l225.jpg
合理,+0%,199.9,7,78.0,Rare [Top MINT] Sharan Leica IIIf Miniature Camera Swedish Army Model JAPAN,leica iiif miniature,Leica,Film Cameras,Used,199.9,USD,FIXED_PRICE,grail:Leica IIIf;good-cond,JP,samurai_camera,100.0,2026-08-21T10:04:19.000Z,,https://www.ebay.com/itm/298606481042?hash=item4586554e92:g:3z0AAeSw~g5pY2jr,https://i.ebayimg.com/images/g/3z0AAeSw~g5pY2jr/s-l225.jpg
偏低,-13%,229.99,68,78.0,[NEAR MINT w/ Case] Olympus μ mju II 170 VF Point & Shoot 35mm Camera From JAPAN,olympus mju 170,Olympus,Film Cameras,Used,199.99,USD,FIXED_PRICE,grail:mju;good-cond,JP,ht-smile,100.0,2026-08-20T16:53:12.000Z,,https://www.ebay.com/itm/128036570616?hash=item1dcf9305f8:g:xeoAAeSwBb1p7Owe,https://i.ebayimg.com/images/g/xeoAAeSwBb1p7Owe/s-l225.jpg
偏低,-22%,289.99,80,78.0,[Near MINT] Mamiya Sekor 50mm F4.5 MF Wide Angle Lens For RB67 Pro S SD JAPAN,mamiya sekor 50mm f4.5,Mamiya,Lenses,Used,224.9,USD,FIXED_PRICE,grail:RB67;good-cond,JP,shogun-market,100.0,2026-08-20T15:04:25.000Z,,https://www.ebay.com/itm/318759365592?hash=item4a3789ebd8:g:yTkAAeSwMtZqhxrk,https://i.ebayimg.com/images/g/yTkAAeSwMtZqhxrk/s-l225.jpg
偏低,-21%,303.49,80,78.0,Meter Works！Rollei 35 Silver Tessar 40mm F3.5 Film Camera From Japan,rollei tessar f3.5,Rollei,Film Cameras,Used,239.99,USD,FIXED_PRICE,grail:Tessar,JP,rytag50,100.0,2026-08-20T21:58:21.000Z,,https://www.ebay.com/itm/377436739027?hash=item57e0fb95d3:g:HkQAAOSwT2hn9Y9o,https://i.ebayimg.com/images/g/HkQAAOSwT2hn9Y9o/s-l225.jpg
偏低,-18%,339.99,55,78.0,[ MINT+++ w/ Caps ] Mamiya SEKOR Z 90mm F3.5 Lens for RZ67 Pro II D From JAPAN,mamiya sekor 90mm f3.5,Mamiya,Lenses,Used,279.99,USD,FIXED_PRICE,grail:RZ67;good-cond,JP,hakusan_camera,100.0,2026-08-20T12:08:11.000Z,,https://www.ebay.com/itm/198584220951?hash=item2e3c8abd17:g:hgEAAeSwVzdqhu6o,https://i.ebayimg.com/images/g/hgEAAeSwVzdqhu6o/s-l225.jpg
偏低,-18%,363.31,80,78.0,Germany [EXC+5] Leica Leitz Wetzlar ELMARIT-R 135mm f/2.8 Lens 3-Cam from JAPAN,leica elmarit 135mm f2.8,Leica,Lenses,Used,299.9,USD,FIXED_PRICE,grail:ELMARIT;good-cond,JP,oda-japan,100.0,2026-08-20T04:05:52.000Z,,https://www.ebay.com/itm/257691897343?hash=item3bffa24dff:g:oBEAAeSwRQxqeXn7,https://i.ebayimg.com/images/g/oBEAAeSwRQxqeXn7/s-l225.jpg
偏低,-9%,330.0,32,78.0,[Exc.5] Contax Carl Zeiss Sonnar T* 85mm F2.8 MMJ Lens for CY Mount Fm JAPAN#117,contax sonnar 85mm f2.8,Contax,Lenses,Used,299.99,USD,FIXED_PRICE,grail:Sonnar;good-cond,JP,clover-co.japan-camera,100.0,2026-08-20T14:24:34.000Z,,https://www.ebay.com/itm/168628185213?hash=item274305e87d:g:v0MAAeSwVB5pZkf~,https://i.ebayimg.com/images/g/v0MAAeSwVB5pZkf~/s-l225.jpg
合理,-8%,379.99,80,78.0,[MINT] Contax Carl Zeiss Planar T* 85mm F1.4 Lens AEG C/Y From JAPAN,contax planar 85mm f1.4,Contax,Lenses,Used,349.99,USD,FIXED_PRICE,grail:Planar;mount:contax/yashica;good-cond,JP,chieoptixjapan,100.0,2026-08-20T15:18:50.000Z,,https://www.ebay.com/itm/318759424628?hash=item4a378ad274:g:AzwAAeSw9SVqhx3N,https://i.ebayimg.com/images/g/AzwAAeSw9SVqhx3N/s-l225.jpg
合理,+9%,349.99,80,78.0,[MINT] Contax Carl Zeiss Distagon T* 25mm F/2.8 MMJ MF Lens C/Y Mount From JAPAN,contax distagon 25mm f2.8,Contax,Lenses,Used,379.99,USD,FIXED_PRICE,grail:Distagon;mount:contax/yashica;good-cond,JP,hiroshima-camera,100.0,2026-08-20T19:05:30.000Z,,https://www.ebay.com/itm/800541376610?hash=itemba63fc0062:g:jIsAAeSwEu1qh1C6,https://i.ebayimg.com/images/g/jIsAAeSwEu1qh1C6/s-l225.jpg
合理,+3%,379.99,80,78.0,[MINT] Contax Carl Zeiss Planar T* 85mm f1.4 AEG C/Y mount From JAPAN,contax planar 85mm f1.4,Contax,Lenses,Used,389.9,USD,FIXED_PRICE,grail:Planar;mount:contax/yashica;good-cond,JP,cinwa_mt.aso,100.0,2026-08-20T06:34:26.000Z,,https://www.ebay.com/itm/298603354100?hash=item45862597f4:g:AgkAAeSwZPBqhp~V,https://i.ebayimg.com/images/g/AgkAAeSwZPBqhp~V/s-l225.jpg
合理,-7%,432.24,15,78.0,[EXC+++++ w/ Hood] Voigtlander Ultron 35mm F/1.7 Aspherical L39 LTM Lens JAPAN,voigtlander ultron 35mm f1.7,Voigtlander,Lenses,Used,399.99,USD,FIXED_PRICE,grail:Ultron;mount:ltm/l39;good-cond,JP,ht-smile,100.0,2026-08-20T16:53:12.000Z,,https://www.ebay.com/itm/128036570618?hash=item1dcf9305fa:g:UugAAeSwl~tpeLUF,https://i.ebayimg.com/images/g/UugAAeSwl~tpeLUF/s-l225.jpg
偏低,-21%,595.6,80,78.0,[Top MINT] Carl Zeiss Makro Planar T* 50mm F2 ZE Lens For Canon From JAPAN,zeiss planar 50mm f2,Zeiss,Lenses,Used,469.99,USD,FIXED_PRICE,grail:Planar;good-cond,JP,wasabi.camera_825,100.0,2026-08-20T13:53:26.000Z,,https://www.ebay.com/itm/188822352473?hash=item2bf6b07259:g:~OIAAeSwLDFqbwba,https://i.ebayimg.com/images/g/~OIAAeSwLDFqbwba/s-l225.jpg
合理,-4%,499.99,16,78.0,ML Ring [Top MINT BOXed] Voigtlander Ultron 28mm f1.9 Asph Leica M L39 LTM Lens,voigtlander ultron 28mm f1.9,Voigtlander,Lenses,Used,479.9,USD,FIXED_PRICE,grail:Ultron;mount:leica m;good-cond,JP,natane57,100.0,2026-08-20T10:26:12.000Z,,https://www.ebay.com/itm/206505654515?hash=item3014b238f3:g:4BMAAeSw29VogK6g,https://i.ebayimg.com/images/g/4BMAAeSw29VogK6g/s-l225.jpg
偏低,-9%,547.49,80,78.0,[ MINT w/ Hood BOX ] Contax Carl Zeiss Biogon T* 28mm f2.8 Lens From JAPAN,contax biogon 28mm f2.8,Contax,Lenses,Used,499.5,USD,FIXED_PRICE,grail:Biogon;good-cond,JP,rcamera.japan,100.0,2026-08-20T07:20:11.000Z,,https://www.ebay.com/itm/398306745259?hash=item5cbcee9bab:g:jyoAAeSwEphqhqv5,https://i.ebayimg.com/images/g/jyoAAeSwEphqhqv5/s-l225.jpg
超值,-41%,890.0,9,78.0,Zeiss 35mm f/1.4 Distagon T* ZE for Canon EF with Geared Focus Ring.,zeiss ef 35mm f1.4,Zeiss,Lenses,Used,525.0,USD,"FIXED_PRICE,BEST_OFFER",grail:Distagon;mount:canon ef,US,panda_guy,100.0,2026-08-20T09:34:52.000Z,,https://www.ebay.com/itm/336752305663?hash=item4e680065ff:g:kCUAAeSwbp5qhsnF,https://i.ebayimg.com/images/g/kCUAAeSwbp5qhsnF/s-l225.jpg
偏低,-21%,789.0,55,78.0,[ NEAR MINT ] Ricoh GR1 Silver Point & Shoot 35mm Film Camera 28mm From JAPAN,ricoh gr1,Ricoh,Film Cameras,Used,619.99,USD,FIXED_PRICE,grail:GR1;good-cond,JP,tarmanpuk_0,99.7,2026-08-21T00:19:57.000Z,,https://www.ebay.com/itm/287537201786?hash=item42f28d827a:g:je8AAeSwflRqX5b6,https://i.ebayimg.com/images/g/je8AAeSwflRqX5b6/s-l225.jpg
偏低,-24%,899.99,80,78.0,Contax G1 35mm Rangefinder Film Camera Body Only Titanium from Japan E0820,contax g1,Contax,Film Cameras,Used,685.83,USD,FIXED_PRICE,grail:Contax G1,JP,kyoto_camera,99.7,2026-08-20T07:04:17.000Z,,https://www.ebay.com/itm/278298062319?hash=item40cbdb6def:g:AIUAAeSwwS5qhqZY,https://i.ebayimg.com/images/g/AIUAAeSwwS5qhqZY/s-l225.jpg
偏低,-11%,789.0,55,78.0,LCD Works! [Near MINT+++] Ricoh GR1 Silver Point & Shoot 35mm Film Camera JAPAN,ricoh gr1,Ricoh,Film Cameras,Used,699.99,USD,FIXED_PRICE,grail:GR1;good-cond,JP,mublo_8,100.0,2026-08-21T04:02:41.000Z,,https://www.ebay.com/itm/398310055280?hash=item5cbd211d70:g:6NoAAeSwjhxqh85e,https://i.ebayimg.com/images/g/6NoAAeSwjhxqh85e/s-l225.jpg
偏低,-18%,857.99,80,78.0,CLA'd [MINT] Leica Leitz Elmar 50mm f2.8 Collapsible Lens M-L Mount From JAPAN,leica elmar 50mm f2.8,Leica,Lenses,Used,699.99,USD,FIXED_PRICE,grail:Elmar;good-cond,JP,masakeithi,100.0,2026-08-20T06:29:42.000Z,,https://www.ebay.com/itm/178425631233?hash=item298aff1201:g:5dEAAeSwhFRqhqAK,https://i.ebayimg.com/images/g/5dEAAeSwhFRqhqAK/s-l225.jpg
合理,+4%,709.99,26,78.0,Hasselblad Carl Zeiss Sonnar T* CF 180mm f/4 [MINT] Portrait Lens #7424564,hasselblad sonnar 180mm f4,Hasselblad,Lenses,Used,738.0,USD,FIXED_PRICE,grail:Sonnar;mount:hasselblad v;good-cond,JP,tokyoberry-camera,100.0,2026-08-20T06:59:38.000Z,,https://www.ebay.com/itm/407157852765?hash=item5ecc7fca5d:g:jAcAAeSw6SVqKVIL,https://i.ebayimg.com/images/g/jAcAAeSw6SVqKVIL/s-l225.jpg
偏低,-10%,974.24,60,78.0,CT 025 [N MINT] FUJICA Fuji Fujifilm GW690 Pro Medium Format Film Camera JAPAN,fuji gw690,Fuji,Film Cameras,Used,879.99,USD,FIXED_PRICE,grail:GW690;good-cond,JP,dreamers_camera_japan,99.5,2026-08-21T10:19:17.000Z,,https://www.ebay.com/itm/366620277947?hash=item555c457cbb:g:PdIAAeSw9XJqiCaf,https://i.ebayimg.com/images/g/PdIAAeSw9XJqiCaf/s-l225.jpg
偏低,-9%,974.24,60,78.0,RALE! B Type C/T108 [ N MINT ] FUJICA Fuji GW690 6x9 Film Camera 90mm From JAPAN,fuji gw690,Fuji,Film Cameras,Used,889.9,USD,FIXED_PRICE,grail:GW690;good-cond,JP,antique.21,100.0,2026-08-20T15:43:05.000Z,,https://www.ebay.com/itm/407158887760?hash=item5ecc8f9550:g:IfYAAeSwjspqhyQS,https://i.ebayimg.com/images/g/IfYAAeSwjspqhyQS/s-l225.jpg
合理,-6%,958.99,45,78.0,[TOP MINT] Contax Carl Zeiss Planar 135mm F/2 MMG Lens C/Y Mount From JAPAN #351,contax planar 135mm f2,Contax,Lenses,Used,899.99,USD,FIXED_PRICE,grail:Planar;mount:contax/yashica;good-cond,JP,shop-nakasone,99.5,2026-08-20T13:55:08.000Z,,https://www.ebay.com/itm/128036319249?hash=item1dcf8f3011:g:hKQAAeSwxB9qhwb6,https://i.ebayimg.com/images/g/hKQAAeSwxB9qhwb6/s-l225.jpg
偏低,-11%,1049.99,80,78.0,[MINT w/Pro Strap] Nikon FM3A Silver 35mm SLR Film Camera Body From JAPAN,nikon fm3a,Nikon,Film Cameras,Used,929.99,USD,FIXED_PRICE,grail:FM3A;good-cond,JP,modern-classics-camera-shop,99.2,2026-08-21T08:30:56.000Z,,https://www.ebay.com/itm/318762815263?hash=item4a37be8f1f:g:XPwAAeSwTclqiA18,https://i.ebayimg.com/images/g/XPwAAeSwTclqiA18/s-l225.jpg
偏低,-22%,1299.99,53,78.0,【N MINT+++】Minolta CLE 35mm Rangefinder Film Camera Body,minolta cle,Minolta,Film Cameras,Used,1016.99,USD,FIXED_PRICE,grail:Minolta CLE;good-cond,JP,japan_fun_camera,100.0,2026-08-21T01:11:07.000Z,,https://www.ebay.com/itm/188824616088?hash=item2bf6d2fc98:g:GzIAAeSwawtqVZP2,https://i.ebayimg.com/images/g/GzIAAeSwawtqVZP2/s-l225.jpg
偏低,-17%,1438.74,37,78.0,【MINT w/ Box etc】Pentax 645N Film Camera SMC FA Zoom 45-85mm f4.5 Lens JAPAN,pentax 645n,Pentax,Film Cameras,Used,1199.99,USD,FIXED_PRICE,grail:645N;good-cond,JP,hirmim-12,100.0,2026-08-20T15:11:55.000Z,,https://www.ebay.com/itm/398307998311?hash=item5cbd01ba67:g:7yAAAeSwbS9qhxag,https://i.ebayimg.com/images/g/7yAAAeSwbS9qhxag/s-l225.jpg
合理,-3%,1266.58,80,78.0,[Opt Top MINT] Leica Leitz Canada Summicron 35mm f/2 Black M Mount Lens JAPAN,leica summicron 35mm f2,Leica,Lenses,Used,1229.99,USD,FIXED_PRICE,grail:Summicron;mount:leica m;good-cond,JP,wasabi.camera_825,100.0,2026-08-20T13:56:30.000Z,,https://www.ebay.com/itm/188822356633?hash=item2bf6b08299:g:n-0AAeSwRxtp1ljX,https://i.ebayimg.com/images/g/n-0AAeSwRxtp1ljX/s-l225.jpg
偏低,-11%,1399.99,23,78.0,Nikon 28Ti 28 Ti [Top MINT] Black Titanium 35mm Point & Shoot Camera From JAPAN,nikon 28ti,Nikon,Film Cameras,Used,1249.99,USD,FIXED_PRICE,grail:28Ti;good-cond,JP,kaho_camera,100.0,2026-08-21T02:35:32.000Z,,https://www.ebay.com/itm/188824905175?hash=item2bf6d765d7:g:ZS4AAeSwaONqh728,https://i.ebayimg.com/images/g/ZS4AAeSwaONqh728/s-l225.jpg
合理,+8%,1199.99,10,78.0,Special Edition [NEAR MINT] Zenza Bronica ETR Si AE-III PE 75mm Lens From JAPAN,bronica etr ae-iii,Bronica,Film Cameras,Used,1294.99,USD,FIXED_PRICE,grail:Bronica ETR;good-cond,JP,ht-smile,100.0,2026-08-20T16:53:12.000Z,,https://www.ebay.com/itm/128036570624?hash=item1dcf930600:g:NVMAAeSwUg1p8N10,https://i.ebayimg.com/images/g/NVMAAeSwUg1p8N10/s-l225.jpg
合理,-3%,1499.99,6,78.0,[MINT] Hasselblad 500C/M 500CM Black Waist Level Finder Film Camera From JAPAN,hasselblad 500c/m waist,Hasselblad,Film Cameras,Used,1449.99,USD,FIXED_PRICE,grail:500C;good-cond,JP,kosod-78,100.0,2026-08-21T04:17:22.000Z,,https://www.ebay.com/itm/147518971298?hash=item2258d0dda2:g:H4YAAeSwJK9qh9KB,https://i.ebayimg.com/images/g/H4YAAeSwJK9qh9KB/s-l225.jpg
合理,+7%,1449.99,6,78.0,Late Model Black [ Top MINT ] Hasselblad 500C/M + Waist Level Finder From JAPAN,hasselblad 500c/m waist,Hasselblad,Film Cameras,Used,1549.99,USD,FIXED_PRICE,grail:500C;good-cond,JP,rcamera.japan,100.0,2026-08-20T07:56:03.000Z,,https://www.ebay.com/itm/398306841853?hash=item5cbcf014fd:g:dj8AAeSwMtZqhrRJ,https://i.ebayimg.com/images/g/dj8AAeSwMtZqhrRJ/s-l225.jpg
偏低,-16%,1899.99,63,78.0,【MINT+++】 Nikon F6 35mm SLR Film Camera Body From JAPAN,nikon f6,Nikon,Film Cameras,Used,1599.99,USD,FIXED_PRICE,grail:Nikon F6;good-cond,JP,ichiro-camera-japan,99.6,2026-08-21T06:46:06.000Z,,https://www.ebay.com/itm/237020717397?hash=item372f892155:g:fG4AAeSwHgFqf2rN,https://i.ebayimg.com/images/g/fG4AAeSwHgFqf2rN/s-l225.jpg
偏低,-10%,1899.99,63,78.0,New Firmware *N MINT+++ w/ MB-40* Nikon F6 Camera AF 50mm F1.4 D Lens From JAPAN,nikon f6,Nikon,Film Cameras,Used,1699.99,USD,FIXED_PRICE,grail:Nikon F6;good-cond,JP,japan.treasures.camera,100.0,2026-08-21T02:17:58.000Z,,https://www.ebay.com/itm/407159894265?hash=item5ecc9ef0f9:g:MTUAAeSwdABqh7Z-,https://i.ebayimg.com/images/g/MTUAAeSwdABqh7Z-/s-l225.jpg
偏低,-10%,1899.99,71,78.0,Firmware Updated 2026 [ TOP MINT ] Nikon F6 35mm Film Camera Body SLR From JAPAN,nikon f6,Nikon,Film Cameras,Used,1699.99,USD,FIXED_PRICE,grail:Nikon F6;good-cond,JP,ohana_camera_tokyo,99.2,2026-08-20T09:27:44.000Z,,https://www.ebay.com/itm/198583983478?hash=item2e3c871d76:g:nOQAAeSwdABqhsqq,https://i.ebayimg.com/images/g/nOQAAeSwdABqhsqq/s-l225.jpg
合理,+0%,389.94,80,77.0,"""EXC +5"" Pentax 67 6x7 Mirror Up Late Model Medium Format Camera Body JAPAN 5251",pentax 67,Pentax,Film Cameras,Used,389.9,USD,FIXED_PRICE,grail:Pentax 67;good-cond,JP,nexus_h_0,100.0,2026-08-20T22:23:34.000Z,,https://www.ebay.com/itm/377436789938?hash=item57e0fc5cb2:g:9JkAAeSwmKhqh31P,https://i.ebayimg.com/images/g/9JkAAeSwmKhqh31P/s-l225.jpg
合理,+0%,389.94,80,77.0,"""EXC +5"" Pentax 67 6x7 Mirror Up Late Model Medium Format Camera Body JAPAN 5251",pentax 67,Pentax,Film Cameras,Used,389.9,USD,FIXED_PRICE,grail:Pentax 67;good-cond,JP,dimex_llc,98.7,2026-08-20T22:23:24.000Z,,https://www.ebay.com/itm/327319879660?hash=item4c35c8ffec:g:B~YAAeSwicFqh31O,https://i.ebayimg.com/images/g/B~YAAeSwicFqh31O/s-l225.jpg
无基准,,70.73,80,77.0,VINTAGE TLR ROLLEIFLEX 2.8E W/ XENOTAR LENS. WORKS WELL. CLEANING MARKS ON LENS,rolleiflex rolleiflex,Rolleiflex,Vintage Cameras,,475.0,USD,"FIXED_PRICE,AUCTION",grail:ROLLEIFLEX 2.8E;auction,US,smookman,100.0,2026-08-20T16:00:01.000Z,2026-08-27T16:00:01.000Z,https://www.ebay.com/itm/267761137385?hash=item3e57ceb6e9:g:N4YAAeSwrkdqOacU,https://i.ebayimg.com/images/g/N4YAAeSwrkdqOacU/s-l225.jpg
高价,+9173%,48.53,80,77.0,[Top MINT] Hasselblad 903 SWC Camera + CF Biogon 38mm f4.5 Lens from japan,hasselblad swc,Hasselblad,Film Cameras,Used,4499.99,USD,FIXED_PRICE,grail:SWC;mount:hasselblad v;good-cond,JP,masakeithi,100.0,2026-08-20T06:28:34.000Z,,https://www.ebay.com/itm/178425623740?hash=item298afef4bc:g:tNcAAeSwRvdqhp-I,https://i.ebayimg.com/images/g/tNcAAeSwRvdqhp-I/s-l225.jpg
超值,-31%,129.99,80,76.0,SMC Pentax A 645 80-160mm f/4.5 Zoom Lens Medium Format [Ex++] Japan,pentax smc 80-160mm f4.5,Pentax,Lenses,Used,89.0,USD,FIXED_PRICE,grail:645;mount:pentax k,JP,japangoodones,100.0,2026-08-20T12:26:21.000Z,,https://www.ebay.com/itm/188822011790?hash=item2bf6ab3f8e:g:88UAAeSw9Chpy-Co,https://i.ebayimg.com/images/g/88UAAeSw9Chpy-Co/s-l225.jpg
超值,-32%,237.03,14,76.0,"""Near MINT"" Pentax SMC Takumar 6x7 150mm f/2.8 Lens For 6x7 67 67II From JAPAN",pentax takumar 150mm f2.8,Pentax,Lenses,Used,159.99,USD,FIXED_PRICE,grail:6x7;good-cond,JP,cats-camera211,100.0,2026-08-20T20:44:53.000Z,,https://www.ebay.com/itm/336753184768?hash=item4e680dd000:g:NWkAAeSwWihqh2b3,https://i.ebayimg.com/images/g/NWkAAeSwWihqh2b3/s-l225.jpg
超值,-33%,334.15,70,76.0,[Near MINT] Mamiya Sekor C 55mm f/2.8 MF Lens For M645 1000S Super Pro TL JAPAN,mamiya sekor 55mm f2.8,Mamiya,Lenses,Used,224.99,USD,FIXED_PRICE,55mm;good-cond,JP,japan.camera.like,100.0,2026-08-20T14:21:57.000Z,,https://www.ebay.com/itm/178426796154?hash=item298b10d87a:g:UbEAAeSwFh9qhxDZ,https://i.ebayimg.com/images/g/UbEAAeSwFh9qhxDZ/s-l225.jpg
超值,-37%,363.31,80,76.0,"Leica Leitz Canada Elmarit M 135mm f/2.8 Lens w goggles for M2, M3, M4, M6, USA",leica elmarit 135mm f2.8,Leica,Lenses,Used,229.0,USD,"FIXED_PRICE,BEST_OFFER",grail:Elmarit,US,f-stop_shop,100.0,2026-08-20T15:11:09.000Z,,https://www.ebay.com/itm/298604415470?hash=item458635c9ee:g:QigAAeSwjh5qhxbI,https://i.ebayimg.com/images/g/QigAAeSwjh5qhxbI/s-l225.jpg
超值,-31%,386.0,13,75.0,Leica SOFORT Mint 19101 Instant Film Camera [Top Mint] US Stock,leica sofort 19101,Leica,Film Cameras,Excellent - Refurbished,265.05,USD,FIXED_PRICE,good-cond,US,flagshipcamera,99.8,2026-08-21T01:19:56.000Z,,https://www.ebay.com/itm/307138302163?hash=item4782de90d3:g:o4UAAeSw-mxqIRxa,https://i.ebayimg.com/images/g/o4UAAeSw-mxqIRxa/s-l225.jpg
合理,+5%,334.15,70,75.0,[ MINT ] Mamiya Sekor C 55mm f2.8 Lens for 645 1000s Super Pro TL From JAPAN,mamiya sekor 55mm f2.8,Mamiya,Lenses,Used,349.9,USD,FIXED_PRICE,grail:645;55mm;good-cond,JP,rcamera.japan,100.0,2026-08-20T07:02:08.000Z,,https://www.ebay.com/itm/398306695691?hash=item5cbcedda0b:g:1NgAAeSwi55qhqef,https://i.ebayimg.com/images/g/1NgAAeSwi55qhqef/s-l225.jpg
合理,+4%,3274.95,80,75.0,Contax G2 Film Camera with Lens 45mm 35mm 90mmTLA200 Case Strap Mint,contax g2,Contax,Vintage Cameras,,3400.0,USD,"FIXED_PRICE,BEST_OFFER",grail:Contax G2;good-cond,PL,foto-hobby,99.7,2026-08-20T11:21:05.000Z,,https://www.ebay.com/itm/820026483552?hash=itembeed632360:g:nycAAeSwsDVqhuIr,https://i.ebayimg.com/images/g/nycAAeSwsDVqhuIr/s-l225.jpg
偏低,-10%,110.02,80,74.0,Mamiya RB67 Pro Medium Format Camera Body Only 61,mamiya rb67,Mamiya,Film Cameras,Used,99.0,USD,FIXED_PRICE,grail:RB67,US,concourse,99.3,2026-08-20T08:16:32.000Z,,https://www.ebay.com/itm/178425889082?hash=item298b03013a:g:vAUAAeSw-MtqhrfL,https://i.ebayimg.com/images/g/vAUAAeSw-MtqhrfL/s-l225.jpg
偏低,-17%,154.99,58,74.0,Contax Carl Zeiss Vario-Sonnar 80-200mm F4 T* MMJ C/Y mount +Filter [Ex++] Japan,contax sonnar 80-200mm f4,Contax,Lenses,Used,129.0,USD,FIXED_PRICE,grail:Sonnar;mount:contax/yashica,JP,japangoodones,100.0,2026-08-20T12:39:44.000Z,,https://www.ebay.com/itm/188822073388?hash=item2bf6ac302c:g:LF8AAeSwGGJqhqOC,https://i.ebayimg.com/images/g/LF8AAeSwGGJqhqOC/s-l225.jpg
偏低,-21%,188.91,10,74.0,KYOCERA T AF-D Carl Zeiss Tessar 3.5/35 T* Film Camera Shipped from Japan,zeiss tessar 3.5/35,Zeiss,Film Cameras,Used,148.87,USD,FIXED_PRICE,grail:Tessar,JP,xeno260909,100.0,2026-08-20T07:12:57.000Z,,https://www.ebay.com/itm/398306733014?hash=item5cbcee6bd6:g:mV0AAeSwYtNqhqo7,https://i.ebayimg.com/images/g/mV0AAeSwYtNqhqo7/s-l225.jpg
偏低,-19%,229.0,11,74.0,【 NEAR MINT 】Mamiya 645 145mm f4 Sekor SF C Soft Focus Lens M645 From JAPAN,mamiya sekor 145mm f4,Mamiya,Lenses,Used,184.9,USD,FIXED_PRICE,grail:645;good-cond,JP,ykond91-camera-japan,100.0,2026-08-20T07:41:04.000Z,,https://www.ebay.com/itm/800538665683?hash=itemba63d2a2d3:g:AHYAAeSwxsRpdikO,https://i.ebayimg.com/images/g/AHYAAeSwxsRpdikO/s-l225.jpg
偏低,-15%,244.84,22,74.0,Carl Zeiss T Vario Sonnar 70-300mm f/4-5.6 AF Lens Contax N [Exc+2] US Stock,zeiss sonnar 70-300mm f4,Zeiss,Lenses,Used,209.0,USD,FIXED_PRICE,grail:Sonnar;good-cond,US,camera-honpo,99.5,2026-08-20T12:21:32.000Z,,https://www.ebay.com/itm/227484021923?hash=item34f71ab4a3:g:a08AAeSwrkdqOoJd,https://i.ebayimg.com/images/g/a08AAeSwrkdqOoJd/s-l225.jpg
偏低,-20%,269.99,34,74.0,[Near MINT] SMC Pentax-A 645 Zoom 45-85mm F4.5 Lens for 645 N NII From JAPAN,pentax smc 45-85mm f4.5,Pentax,Lenses,Used,214.99,USD,FIXED_PRICE,grail:645;mount:pentax k;good-cond,JP,japan_camera_select,100.0,2026-08-20T06:12:37.000Z,,https://www.ebay.com/itm/398306582123?hash=item5cbcec1e6b:g:UQcAAeSw2npqhpsX,https://i.ebayimg.com/images/g/UQcAAeSw2npqhpsX/s-l225.jpg
偏低,-13%,274.51,41,74.0,w/Hood [MINT] SMC Pentax FA 150-300mm f5.6 ED IF Lens for 645 N NII From JAPAN,pentax smc 150-300mm f5.6,Pentax,Lenses,Used,239.99,USD,FIXED_PRICE,grail:645;mount:pentax k;good-cond,JP,hajimyokoyam_0,100.0,2026-08-20T06:00:11.000Z,,https://www.ebay.com/itm/227483512498?hash=item34f712eeb2:g:CTAAAeSwuxVqhpXS,https://i.ebayimg.com/images/g/CTAAAeSwuxVqhpXS/s-l225.jpg
偏高,+44%,183.42,80,74.0,Mamiya Press Super 23 Film Camera 6x9 Film Back Holder Tested Works Japan【Exc+5】,mamiya 23,Mamiya,Film Cameras,Used,264.0,USD,"FIXED_PRICE,BEST_OFFER",grail:Mamiya Press;good-cond,JP,hana_from_japan,100.0,2026-08-21T10:57:45.000Z,,https://www.ebay.com/itm/168630442545?hash=item2743285a31:g:y4MAAeSwhEBqV1Kg,https://i.ebayimg.com/images/g/y4MAAeSwhEBqV1Kg/s-l225.jpg
偏低,-11%,312.5,72,74.0,[ MINT ] SMC Pentax A 645 120mm f/4 Macro Lens For 645 N NII w/Cap From JAPAN,pentax smc 120mm f4,Pentax,Lenses,Used,279.0,USD,FIXED_PRICE,grail:645;mount:pentax k;good-cond,JP,bgnsc_47,100.0,2026-08-20T17:41:21.000Z,,https://www.ebay.com/itm/398308379089?hash=item5cbd0789d1:g:bGQAAeSwWhdqhz3K,https://i.ebayimg.com/images/g/bGQAAeSwWhdqhz3K/s-l225.jpg
偏低,-9%,350.0,80,74.0,*Read* Leica Elmar 5cm 50mm f/3.5 Collapsible L39 LTM Lens From Japan #4885,leica elmar 50mm f3.5,Leica,Lenses,Used,320.0,USD,FIXED_PRICE,grail:Elmar;mount:ltm/l39,JP,qululu-plus123_jp,100.0,2026-08-20T06:44:30.000Z,,https://www.ebay.com/itm/188820808458?hash=item2bf698e30a:g:xsAAAeSwl~ZplnU0,https://i.ebayimg.com/images/g/xsAAAeSwl~ZplnU0/s-l225.jpg
偏高,+18%,305.99,81,74.0,【N MINT+++ Meter Works】Rollei 35 Black 35mm Film Camera Tessar 40mm f/3.5 Lens,rollei tessar 35mm f3.5,Rollei,Film Cameras,Used,359.99,USD,FIXED_PRICE,grail:Tessar;good-cond,JP,japan_fun_camera,100.0,2026-08-21T01:15:30.000Z,,https://www.ebay.com/itm/188824627203?hash=item2bf6d32803:g:qf0AAeSwdC9pQNj2,https://i.ebayimg.com/images/g/qf0AAeSwdC9pQNj2/s-l225.jpg
偏高,+18%,305.99,81,74.0,【N MINT+++】Rollei 35 Black 35mm Film Camera Tessar 40mm f/3.5 Lens,rollei tessar 35mm f3.5,Rollei,Film Cameras,Used,359.99,USD,FIXED_PRICE,grail:Tessar;good-cond,JP,japan_fun_camera,100.0,2026-08-21T01:12:28.000Z,,https://www.ebay.com/itm/188824621470?hash=item2bf6d3119e:g:NskAAeSwedhpHncS,https://i.ebayimg.com/images/g/NskAAeSwedhpHncS/s-l225.jpg
偏高,+41%,274.99,80,74.0,【N MINT+++】Leica IIIF Rangefinder Film Camera Body,leica iiif,Leica,Film Cameras,Used,386.99,USD,FIXED_PRICE,grail:Leica IIIF;good-cond,JP,japan_fun_camera,100.0,2026-08-21T01:12:28.000Z,,https://www.ebay.com/itm/188824621512?hash=item2bf6d311c8:g:fJwAAeSwsZ5qOf-h,https://i.ebayimg.com/images/g/fJwAAeSwsZ5qOf-h/s-l225.jpg
偏高,+41%,305.99,81,74.0,【N MINT+++ Meter works】Rollei 35 Germany 35mm Film Camera Tessar 40mm F3.5 Lens,rollei tessar 35mm f3.5,Rollei,Film Cameras,Used,431.99,USD,FIXED_PRICE,grail:Tessar;good-cond,JP,japan_fun_camera,100.0,2026-08-21T01:15:30.000Z,,https://www.ebay.com/itm/188824627276?hash=item2bf6d3284c:g:y34AAeSwsQppoSNe,https://i.ebayimg.com/images/g/y34AAeSwsQppoSNe/s-l225.jpg
偏高,+22%,367.5,36,74.0,【N MINT+++】Leica MINI II Black Elmar 35mm f/3.5 Film Camera,leica mini elmar,Leica,Film Cameras,Used,449.99,USD,FIXED_PRICE,grail:Elmar;good-cond,JP,japan_fun_camera,100.0,2026-08-21T01:12:28.000Z,,https://www.ebay.com/itm/188824621465?hash=item2bf6d31199:g:ay0AAeSwWENpzHjc,https://i.ebayimg.com/images/g/ay0AAeSwWENpzHjc/s-l225.jpg
偏低,-24%,616.24,24,74.0,Voigtlander NOKTON 23mm F/1.2 ASPH. (for Fujifilm X mount) #303,voigtlander nokton 23mm f1.2,Voigtlander,Lenses,Very Good - Refurbished,467.4,USD,FIXED_PRICE,grail:NOKTON;mount:fuji x,JP,mapcamera,100.0,2026-08-20T07:48:40.000Z,,https://www.ebay.com/itm/327318999558?hash=item4c35bb9206:g:YPwAAeSwPXdqhrFM,https://i.ebayimg.com/images/g/YPwAAeSwPXdqhrFM/s-l225.jpg
偏低,-25%,639.0,9,74.0,[Near MINT w/ Strap] LATE Model Pentax LX FA-1W SLR 35mm Film Camera From JAPAN,pentax fa-1w,Pentax,Film Cameras,Used,479.99,USD,FIXED_PRICE,grail:Pentax LX;good-cond,JP,milyenb_64,100.0,2026-08-21T07:51:38.000Z,,https://www.ebay.com/itm/298606225258?hash=item458651676a:g:CkQAAeSwSytqiAQL,https://i.ebayimg.com/images/g/CkQAAeSwSytqiAQL/s-l225.jpg
偏高,+19%,419.99,80,74.0,[Near MINT] Contax TVS II D Point & Shoot 35mm Film Camera 122407 From JAPAN,contax tvs,Contax,Film Cameras,Used,499.0,USD,FIXED_PRICE,grail:Contax TVS;good-cond,JP,bgnsc_47,100.0,2026-08-20T17:46:01.000Z,,https://www.ebay.com/itm/398308385268?hash=item5cbd07a1f4:g:VPwAAeSw131qhz~8,https://i.ebayimg.com/images/g/VPwAAeSw131qhz~8/s-l225.jpg
偏高,+23%,407.53,80,74.0,[MINT w/Case] Zenza Bronica S2 late Black Film Camera 75mm f/2.8 From JAPAN,bronica s2,Bronica,Film Cameras,Used,499.99,USD,FIXED_PRICE,grail:Bronica S2;good-cond,JP,fuku._34,100.0,2026-08-21T08:31:08.000Z,,https://www.ebay.com/itm/206508046197?hash=item3014d6b775:g:NvMAAeSwqAhpqowy,https://i.ebayimg.com/images/g/NvMAAeSwqAhpqowy/s-l225.jpg
偏高,+19%,419.99,80,74.0,[Top MINT] Contax TVS Point & Shoot 35mm Film Camera w/Case Box From JAPAN,contax tvs,Contax,Film Cameras,Used,499.99,USD,FIXED_PRICE,grail:Contax TVS;good-cond,JP,nipponsamuraitrading,100.0,2026-08-20T14:54:20.000Z,,https://www.ebay.com/itm/188822560537?hash=item2bf6b39f19:g:VFQAAeSwmKhqhxho,https://i.ebayimg.com/images/g/VFQAAeSwmKhqhxho/s-l225.jpg
偏高,+23%,420.6,80,74.0,[N Mint w/ Strap] Mamiya 645 Pro AE Finder Medium Format Film Camera Body JAPAN,mamiya pro finder,Mamiya,Film Cameras,Used,519.0,USD,FIXED_PRICE,grail:645;good-cond,JP,xincanetstore,100.0,2026-08-20T06:36:59.000Z,,https://www.ebay.com/itm/366617610873?hash=item555c1cca79:g:gEAAAeSw0DZqhp5U,https://i.ebayimg.com/images/g/gEAAAeSw0DZqhp5U/s-l225.jpg
偏高,+18%,464.94,50,74.0,Red Dial Self Timer [ MINT ] Leica IIIf 3f Rangefinder Film Camera From JAPAN,leica 3f,Leica,Film Cameras,Used,549.99,USD,FIXED_PRICE,grail:Leica IIIf;good-cond,JP,mitshos_0,100.0,2026-08-21T00:02:40.000Z,,https://www.ebay.com/itm/227484726219?hash=item34f72573cb:g:aGgAAeSwRvdqh5Zd,https://i.ebayimg.com/images/g/aGgAAeSwRvdqh5Zd/s-l225.jpg
偏高,+38%,399.99,19,74.0,[NEAR MINT] Contax TVS Data Back 35mm Point & Shoot Film Camera From JAPAN #343,contax tvs data,Contax,Film Cameras,Used,549.99,USD,FIXED_PRICE,grail:Contax TVS;good-cond,JP,shop-nakasone,99.5,2026-08-20T13:49:56.000Z,,https://www.ebay.com/itm/128036314358?hash=item1dcf8f1cf6:g:JoIAAeSwmX1qhwU7,https://i.ebayimg.com/images/g/JoIAAeSwmX1qhwU7/s-l225.jpg
合理,+0%,578.0,19,74.0,Hasselblad Carl Zeiss Tele Tessar 250mm FE f/4 T* Lens Mint LN See My Full Store,hasselblad tessar 250mm f4,Hasselblad,Lenses,Used,578.0,USD,"FIXED_PRICE,BEST_OFFER",grail:Tessar;mount:sony e;good-cond,US,marcmiller29,100.0,2026-08-20T20:06:17.000Z,,https://www.ebay.com/itm/117370388354?hash=item1b53d1ff82:g:3bsAAeSwpLBqh1zn,https://i.ebayimg.com/images/g/3bsAAeSwpLBqh1zn/s-l225.jpg
偏高,+40%,419.99,80,74.0,[MINT+++] Contax TVS II Point & Shoot 35mm Film Camera From JAPAN,contax tvs,Contax,Film Cameras,Used,589.99,USD,FIXED_PRICE,grail:Contax TVS;good-cond,JP,modern-classics-camera-shop,99.2,2026-08-21T00:10:38.000Z,,https://www.ebay.com/itm/318761081871?hash=item4a37a41c0f:g:dZUAAeSwja9qh5g0,https://i.ebayimg.com/images/g/dZUAAeSwja9qh5g0/s-l225.jpg
偏高,+43%,419.99,80,74.0,[MINT w/ Box] Contax TVS II Point & Shoot 35mm Film Camera From JAPAN,contax tvs,Contax,Film Cameras,Used,599.99,USD,FIXED_PRICE,grail:Contax TVS;good-cond,JP,forestjapan,100.0,2026-08-21T02:42:21.000Z,,https://www.ebay.com/itm/318761558257?hash=item4a37ab60f1:g:bpkAAeSwT-hqh7wA,https://i.ebayimg.com/images/g/bpkAAeSwT-hqh7wA/s-l225.jpg
偏高,+29%,464.94,50,74.0,Red Dial [MINT] LEICA iiif 3f Self Timer Rangefinder 35mm film Camera from JAPAN,leica 3f,Leica,Film Cameras,Used,599.99,USD,FIXED_PRICE,grail:LEICA iiif;good-cond,JP,cinwa_mt.aso,100.0,2026-08-20T08:18:13.000Z,,https://www.ebay.com/itm/298603557191?hash=item458628b147:g:WbkAAeSw-9Fqhrgp,https://i.ebayimg.com/images/g/WbkAAeSw-9Fqhrgp/s-l225.jpg
偏高,+19%,799.99,56,74.0,[MINT] Zenza Bronica SQ-A Medium Format Film Camera 80mm f2.8 Lens From JAPAN,bronica sq-a,Bronica,Film Cameras,Used,949.99,USD,FIXED_PRICE,grail:Bronica SQ;good-cond,JP,hrk.k-21,100.0,2026-08-21T06:07:05.000Z,,https://www.ebay.com/itm/298606015919?hash=item45864e35af:g:IzwAAeSwyIRqh~DQ,https://i.ebayimg.com/images/g/IzwAAeSwyIRqh~DQ/s-l225.jpg
偏高,+39%,899.99,80,74.0,Green LCD OK [N MINT+] Contax G1 35mm Film Camera 45mm f2 Lens TLA140 JAPAN #357,contax g1,Contax,Film Cameras,Used,1249.99,USD,FIXED_PRICE,grail:Contax G1;good-cond,JP,japan_otter_camera,99.6,2026-08-20T04:58:56.000Z,,https://www.ebay.com/itm/407157658715?hash=item5ecc7cd45b:g:ds0AAeSwwz5qRxl0,https://i.ebayimg.com/images/g/ds0AAeSwwz5qRxl0/s-l225.jpg
合理,+0%,3499.99,70,74.0,CONTAX T3 Silver double teeth Near Mint Japan #3997,contax t3,Contax,Film Cameras,Used,3499.0,USD,"FIXED_PRICE,BEST_OFFER",grail:CONTAX T3;good-cond;low-feedback,JP,shudo._49,95.5,2026-08-21T09:02:27.000Z,,https://www.ebay.com/itm/206508084297?hash=item3014d74c49:g:BZYAAeSwXm5qiBOh,https://i.ebayimg.com/images/g/BZYAAeSwXm5qiBOh/s-l225.jpg
偏高,+29%,3489.44,70,74.0,"Contax G2【TOP MINT w/Rare Bag】35mm Film Camera 28,35-70,45,90 4Lens TLA200 JAPAN",contax g2,Contax,Film Cameras,Used,4499.99,USD,FIXED_PRICE,grail:Contax G2;good-cond,JP,tokiocamera,100.0,2026-08-21T04:36:02.000Z,,https://www.ebay.com/itm/318762084340?hash=item4a37b367f4:g:d-UAAeSwzJ1qBony,https://i.ebayimg.com/images/g/d-UAAeSwzJ1qBony/s-l225.jpg
偏高,+44%,3274.95,80,74.0,4 Lens [ Top MINT In Box w/ TLA200 ] Contax G2 + 21mm 28mm 45mm 90mm From JAPAN,contax g2,Contax,Film Cameras,Used,4699.9,USD,FIXED_PRICE,grail:Contax G2;good-cond,JP,tpjgad67,100.0,2026-08-20T05:42:11.000Z,,https://www.ebay.com/itm/307136488002?hash=item4782c2e242:g:VBQAAeSwdK5qhpSq,https://i.ebayimg.com/images/g/VBQAAeSwdK5qhpSq/s-l225.jpg
偏低,-10%,24387.82,15,74.0,Leica MP Hermes Edition 35mm Rangefinder Film Camera Body From Japan Used H0821,leica hermes edition,Leica,Film Cameras,Used,21836.55,USD,FIXED_PRICE,grail:Leica MP,JP,kyoto_camera,99.7,2026-08-21T01:50:30.000Z,,https://www.ebay.com/itm/287537337615?hash=item42f28f950f:g:5-YAAeSwSytqh65I,https://i.ebayimg.com/images/g/5-YAAeSwSytqh65I/s-l225.jpg
超值,-34%,172.55,18,73.0,【EXC】 MINOLTA α 9xi FromJapan #my1353,minolta 9xi,Minolta,Film Cameras,Used,112.97,USD,FIXED_PRICE,good-cond,JP,somtom_9,99.3,2026-08-20T05:17:46.000Z,,https://www.ebay.com/itm/188820500901?hash=item2bf69431a5:g:IpkAAeSwGDJqho8p,https://i.ebayimg.com/images/g/IpkAAeSwGDJqho8p/s-l225.jpg
超值,-39%,262.38,19,73.0,Near MINT Nikon D90 12.3MP SLR Camera body VR 18-105mm lens kit US Duty Paid,nikon d90,Nikon,Film Cameras,Used,159.0,USD,"FIXED_PRICE,BEST_OFFER",good-cond,JP,akicamerashop,100.0,2026-08-20T13:22:48.000Z,,https://www.ebay.com/itm/198584422540?hash=item2e3c8dd08c:g:6M4AAeSw5BVqQwta,https://i.ebayimg.com/images/g/6M4AAeSw5BVqQwta/s-l225.jpg
超值,-41%,299.99,80,73.0,[MINT] Canon EOS-1N DP 35mm Film Camera Body w/ Battery Pack BP-E1 From JAPAN,canon eos-1n,Canon,Film Cameras,Used,175.99,USD,FIXED_PRICE,good-cond,JP,massa-4656,100.0,2026-08-20T13:32:32.000Z,,https://www.ebay.com/itm/377435574700?hash=item57e0e9d1ac:g:ba8AAeSwYtNqhwKm,https://i.ebayimg.com/images/g/ba8AAeSwYtNqhwKm/s-l225.jpg
合理,+4%,177.5,36,73.0,[MINT] SMC Pentax 67 120mm F/3.5 Soft MF Lens 6x7 67II From JAPAN,pentax smc 120mm f3.5,Pentax,Lenses,Used,184.99,USD,FIXED_PRICE,grail:Pentax 67;mount:pentax k;good-cond,JP,osey67,100.0,2026-08-20T05:06:18.000Z,,https://www.ebay.com/itm/307136450432?hash=item4782c24f80:g:4JUAAeSwM89qhow-,https://i.ebayimg.com/images/g/4JUAAeSwM89qhow-/s-l225.jpg
超值,-34%,499.99,80,73.0,Video! [ EXC+++++ ] Nikon S2 Black Dial Rangefinder Film Camera from Japan #647,nikon s2,Nikon,Film Cameras,Used,329.9,USD,"FIXED_PRICE,BEST_OFFER",good-cond,JP,kyoto.premium,100.0,2026-08-20T14:40:23.000Z,,https://www.ebay.com/itm/800540360467?hash=itemba63ec7f13:g:DnoAAeSwh5lqCEXP,https://i.ebayimg.com/images/g/DnoAAeSwh5lqCEXP/s-l225.jpg
合理,+12%,103.9,80,72.0,OLYMPUS mju ZOOM 105 DELUXE Point & Shoot Film Camera Japan [Tested MINT],olympus mju 105,Olympus,Film Cameras,Used,115.99,USD,FIXED_PRICE,grail:mju;good-cond,JP,slash-rise,100.0,2026-08-20T09:53:24.000Z,,https://www.ebay.com/itm/128036007227?hash=item1dcf8a6d3b:g:vewAAeSwiX5qgQQi,https://i.ebayimg.com/images/g/vewAAeSwiX5qgQQi/s-l225.jpg
合理,-7%,129.0,80,72.0,[Near MINT] OLYMPUS μ Mju ZOOM 140 DELUXE 35mm Point & Shoot from Japan #0897,olympus mju 140,Olympus,Film Cameras,Used,119.99,USD,"FIXED_PRICE,BEST_OFFER",grail:Mju;good-cond,JP,hisagi.camera.marketjp,100.0,2026-08-20T16:22:39.000Z,,https://www.ebay.com/itm/377436023516?hash=item57e0f0aadc:g:UTsAAeSwqX5qhyjU,https://i.ebayimg.com/images/g/UTsAAeSwqX5qhyjU/s-l225.jpg
合理,-1%,129.94,80,72.0,[Top MINT] Olympus Mju μ Zoom 140 Point & Shoot 35mm Film Camera From JAPAN,olympus mju 140,Olympus,Film Cameras,Used,129.0,USD,FIXED_PRICE,grail:Mju;good-cond,JP,forestjapan,100.0,2026-08-20T06:27:22.000Z,,https://www.ebay.com/itm/318757642996?hash=item4a376fa2f4:g:gqQAAeSwi0pqhp90,https://i.ebayimg.com/images/g/gqQAAeSwi0pqhp90/s-l225.jpg
合理,+0%,129.94,80,72.0,[Near MINT w/Strap] Olympus mju μ zoom 140 Point & Shoot film camera From JAPAN,olympus mju 140,Olympus,Film Cameras,Used,129.9,USD,FIXED_PRICE,grail:mju;good-cond,JP,vintagehighqualitycamerashopymmmcamera,100.0,2026-08-20T06:27:42.000Z,,https://www.ebay.com/itm/398306603568?hash=item5cbcec7230:g:eIwAAeSwzkRqhp6e,https://i.ebayimg.com/images/g/eIwAAeSwzkRqhp6e/s-l225.jpg
合理,-7%,139.99,55,72.0,[Near MINT] Olympus mju μ Zoom 130 35mm Compact Film Camera From JAPAN,olympus mju 130,Olympus,Film Cameras,Used,129.99,USD,FIXED_PRICE,grail:mju;good-cond,JP,beppu_onsen_film_camera,100.0,2026-08-21T07:43:33.000Z,,https://www.ebay.com/itm/398310605916?hash=item5cbd29845c:g:5sYAAeSwuTdqiAJf,https://i.ebayimg.com/images/g/5sYAAeSwuTdqiAJf/s-l225.jpg
合理,+1%,129.0,80,72.0,[Top MINT] Olympus Mju μ Zoom 140 Point & Shoot 35mm Film Camera From JAPAN,olympus mju 140,Olympus,Film Cameras,Used,129.99,USD,FIXED_PRICE,grail:Mju;good-cond,JP,forestjapan,100.0,2026-08-21T02:50:56.000Z,,https://www.ebay.com/itm/318761604800?hash=item4a37ac16c0:g:eNUAAeSwtwVqh72S,https://i.ebayimg.com/images/g/eNUAAeSwtwVqh72S/s-l225.jpg
合理,-7%,139.99,55,72.0,[MINT w/ Case] Olympus μ mju zoom 130 Point & Shoot 35mm Film camera From JAPAN,olympus mju 130,Olympus,Film Cameras,Used,129.99,USD,FIXED_PRICE,grail:mju;good-cond,JP,shintaro_fotomart,99.8,2026-08-20T15:07:23.000Z,,https://www.ebay.com/itm/407158829780?hash=item5ecc8eb2d4:g:BfQAAeSwMcdqhxvN,https://i.ebayimg.com/images/g/BfQAAeSwMcdqhxvN/s-l225.jpg
合理,+0%,129.94,80,72.0,[ MINT] Olympus μ mju Zoom 140 Deluxe Point & Shoot 35mm Film Camera From JAPAN,olympus mju 140,Olympus,Film Cameras,Used,129.99,USD,FIXED_PRICE,grail:mju;good-cond,JP,beppu_onsen_film_camera,100.0,2026-08-20T13:09:12.000Z,,https://www.ebay.com/itm/398307660651?hash=item5cbcfc936b:g:nmEAAeSwwTlqhvz1,https://i.ebayimg.com/images/g/nmEAAeSwwTlqhvz1/s-l225.jpg
合理,+0%,129.94,80,72.0,[MINT w/ case] Olympus Mju μ Zoom 140 Point & Shoot 35mm Film Camera From JAPAN,olympus mju 140,Olympus,Film Cameras,Used,129.99,USD,FIXED_PRICE,grail:Mju;good-cond,JP,forestjapan,100.0,2026-08-20T06:24:32.000Z,,https://www.ebay.com/itm/318757636804?hash=item4a376f8ac4:g:zUcAAeSwLOBqhp6a,https://i.ebayimg.com/images/g/zUcAAeSwLOBqhp6a/s-l225.jpg
合理,+5%,126.5,80,72.0,Olympus μ Mju Zoom 115 Film Camera [Near Mint] From Japan sam8177,olympus mju 115,Olympus,Film Cameras,Used,132.99,USD,FIXED_PRICE,grail:Mju;good-cond,JP,mochiz8,99.5,2026-08-20T23:49:49.000Z,,https://www.ebay.com/itm/198585394332?hash=item2e3c9ca49c:g:S4EAAeSwyRhqEJFj,https://i.ebayimg.com/images/g/S4EAAeSwyRhqEJFj/s-l225.jpg
合理,-4%,139.99,55,72.0,[Mint] Olympus μ mju Zoom 130 Point & Shoot 35mm Film Camera From Japan,olympus mju 130,Olympus,Film Cameras,Used,134.99,USD,"FIXED_PRICE,BEST_OFFER",grail:mju;good-cond,JP,ninjacamera.japan,100.0,2026-08-21T08:10:41.000Z,,https://www.ebay.com/itm/227485152099?hash=item34f72bf363:g:VjQAAeSw4vlqiAVp,https://i.ebayimg.com/images/g/VjQAAeSw4vlqiAVp/s-l225.jpg
合理,+9%,124.18,80,72.0,[MINT] Olympus Mju μ Zoom 115 Deluxe Point & Shoot Camera From JAPAN,olympus mju 115,Olympus,Film Cameras,Used,135.99,USD,"FIXED_PRICE,BEST_OFFER",grail:Mju;good-cond,JP,d-camera-tokyo,98.9,2026-08-20T10:49:45.000Z,,https://www.ebay.com/itm/206505708695?hash=item3014b30c97:g:ZM0AAeSwJWtpwmwm,https://i.ebayimg.com/images/g/ZM0AAeSwJWtpwmwm/s-l225.jpg
合理,+8%,129.0,80,72.0,▶️ Olympus μ mju zoom 140 VF Gold 35mm Film Camera [ MINT w/Case ] From JAPAN,olympus mju 140,Olympus,Film Cameras,Used,139.99,USD,FIXED_PRICE,grail:mju;good-cond,JP,nico_camera.japan,100.0,2026-08-21T01:19:16.000Z,,https://www.ebay.com/itm/128037134134?hash=item1dcf9b9f36:g:vcIAAeSwdABqh6dn,https://i.ebayimg.com/images/g/vcIAAeSwdABqh6dn/s-l225.jpg
合理,+6%,139.99,55,72.0,OLYMPUS μ mju ZOOM 130 35mm Film camera [Near Mint] From Japan sam8158,olympus mju 130,Olympus,Film Cameras,Used,147.99,USD,FIXED_PRICE,grail:mju;good-cond,JP,mochiz8,99.5,2026-08-21T07:57:35.000Z,,https://www.ebay.com/itm/198586115955?hash=item2e3ca7a773:g:d-UAAeSwXf5qESum,https://i.ebayimg.com/images/g/d-UAAeSwXf5qESum/s-l225.jpg
合理,-6%,169.99,71,72.0,[Near MINT+++] Konica Big Mini BM-201 Point & Shoot 35mm Film Camera From JAPAN,konica bm-201,Konica,Film Cameras,Used,159.99,USD,FIXED_PRICE,grail:Big Mini;good-cond,JP,kimu_1572,100.0,2026-08-21T02:56:27.000Z,,https://www.ebay.com/itm/137645556996?hash=item200c508504:g:dPEAAeSwNoNqh77d,https://i.ebayimg.com/images/g/dPEAAeSwNoNqh77d/s-l225.jpg
合理,+5%,152.0,80,72.0,[Top MINT w/Hood] Contax Carl Zeiss Sonnar 90mm f2.8 T* Lens for G1 G2 From JP,contax sonnar 90mm f2.8,Contax,Lenses,Used,159.99,USD,FIXED_PRICE,grail:Sonnar;good-cond,JP,kimu_1572,100.0,2026-08-20T14:15:50.000Z,,https://www.ebay.com/itm/137643406118?hash=item200c2fb326:g:1TEAAeSwQe1qhw2w,https://i.ebayimg.com/images/g/1TEAAeSwQe1qhw2w/s-l225.jpg
合理,+0%,170.0,70,72.0,Flash NG [Exc+5] Konica Big Mini BM-201 35mm Point & Shoot Film Camera JAPAN,konica bm-201,Konica,Film Cameras,Used,170.0,USD,FIXED_PRICE,grail:Big Mini;good-cond,JP,inusaki8_japan,100.0,2026-08-20T11:05:01.000Z,,https://www.ebay.com/itm/307136973307?hash=item4782ca49fb:g:jJQAAeSwdABqht~N,https://i.ebayimg.com/images/g/jJQAAeSwdABqht~N/s-l225.jpg
合理,+6%,170.0,70,72.0,[NEAR MINT] Konica Big mini BM-201 Gray Point & Shoot 35mm Film Camera JAPAN,konica bm-201,Konica,Film Cameras,Used,179.99,USD,FIXED_PRICE,grail:Big mini;good-cond,JP,ymmtk_43,100.0,2026-08-20T04:26:47.000Z,,https://www.ebay.com/itm/198583441763?hash=item2e3c7ed963:g:8YgAAeSwyedqdHaj,https://i.ebayimg.com/images/g/8YgAAeSwyedqdHaj/s-l225.jpg
合理,+2%,191.99,69,72.0,[Near MINT /LCD OK!] Konica BiG mini BM-301 35mm f3.5 P&S Film Camera From JAPAN,konica bm-301,Konica,Film Cameras,Used,195.99,USD,FIXED_PRICE,grail:BiG mini;good-cond,JP,hiriiz-66,100.0,2026-08-20T05:11:00.000Z,,https://www.ebay.com/itm/168627232549?hash=item2742f75f25:g:1f8AAeSwRAVqho1S,https://i.ebayimg.com/images/g/1f8AAeSwRAVqho1S/s-l225.jpg
合理,+11%,179.99,80,72.0,[N MINT+++] Pentax MX 35mm SLR Film Camera Body SMC-M 50mm f/1.4 Lens From JAPAN,pentax smc 35mm f1.4,Pentax,Film Cameras,Used,199.99,USD,FIXED_PRICE,grail:Pentax MX;good-cond,JP,zakky-camera-japan,99.8,2026-08-20T21:02:17.000Z,,https://www.ebay.com/itm/800541758212?hash=itemba6401d304:g:VT0AAeSwa1Bqh2wQ,https://i.ebayimg.com/images/g/VT0AAeSwa1Bqh2wQ/s-l225.jpg
合理,+5%,209.99,46,72.0,[Almost MINT] MMJ Contax Carl Zeiss Planar T* 50mm F1.7 Lens CY Mount From JAPAN,contax planar 50mm f1.7,Contax,Lenses,Used,219.99,USD,FIXED_PRICE,grail:Planar;good-cond,JP,japancamerapro,99.3,2026-08-20T07:44:16.000Z,,https://www.ebay.com/itm/398306809072?hash=item5cbcef94f0:g:rAAAAeSwc4tqhrEK,https://i.ebayimg.com/images/g/rAAAAeSwc4tqhrEK/s-l225.jpg
合理,+0%,228.82,80,72.0,[Near MINT] Olympus μ mju II 80 VF Point & Shoot 35mm Film Camera From JAPAN,olympus mju 80,Olympus,Film Cameras,Used,229.99,USD,FIXED_PRICE,grail:mju;good-cond,JP,detsuko-camerashop-jpn,100.0,2026-08-21T07:49:03.000Z,,https://www.ebay.com/itm/398310621585?hash=item5cbd29c191:g:6HEAAeSwehZqiAJK,https://i.ebayimg.com/images/g/6HEAAeSwehZqiAJK/s-l225.jpg
合理,+2%,229.99,68,72.0,【N MINT-】Olympus mju lI 170 VF AF Point & Shoot 35mm Film Camera,olympus mju 170,Olympus,Film Cameras,Used,233.99,USD,FIXED_PRICE,grail:mju;good-cond,JP,japan_fun_camera,100.0,2026-08-21T01:11:06.000Z,,https://www.ebay.com/itm/188824615899?hash=item2bf6d2fbdb:g:QUkAAeSw6wpqXs3H,https://i.ebayimg.com/images/g/QUkAAeSw6wpqXs3H/s-l225.jpg
合理,+4%,229.99,68,72.0,⏯️[TOP MINT] Olympus μ mju II 170 VF Point & Shoot 35mm Film Camera From Japan,olympus mju 170,Olympus,Film Cameras,Used,239.0,USD,"FIXED_PRICE,BEST_OFFER",grail:mju;good-cond,JP,chika_plus_jp,100.0,2026-08-20T22:39:19.000Z,,https://www.ebay.com/itm/800542134406?hash=itemba64079086:g:BToAAeSw75Zqcmdb,https://i.ebayimg.com/images/g/BToAAeSw75Zqcmdb/s-l225.jpg
无基准,,462.66,48,72.0,Leica R3 Electronic 35mm SLR Film Camera Body R Mount Battery TESTED V29,leica r3,Leica,Film Cameras,Used,239.45,USD,"FIXED_PRICE,AUCTION",grail:Leica R3;auction,US,anastasiava,100.0,2026-08-21T04:57:55.000Z,2026-08-28T04:57:55.000Z,https://www.ebay.com/itm/298605926026?hash=item45864cd68a:g:QSsAAeSwRAVqh9qP,https://i.ebayimg.com/images/g/QSsAAeSwRAVqh9qP/s-l225.jpg
合理,+4%,229.99,68,72.0,[MINT w/ Case] Olympus μ mju II 170 VF Point & Shoot 35mm Film Camera From JAPAN,olympus mju 170,Olympus,Film Cameras,Used,239.99,USD,FIXED_PRICE,grail:mju;good-cond,JP,kensei.43,100.0,2026-08-20T20:20:39.000Z,,https://www.ebay.com/itm/206506758877?hash=item3014c312dd:g:oFcAAeSwpfhqh2JP,https://i.ebayimg.com/images/g/oFcAAeSwpfhqh2JP/s-l225.jpg
合理,+5%,228.82,80,72.0,[NEAR MINT] Olympus μ mju II 80 VF Point & Shoot 35mm Film Camera From JAPAN,olympus mju 80,Olympus,Film Cameras,Used,239.99,USD,"FIXED_PRICE,BEST_OFFER",grail:mju;good-cond,JP,betty.camera.tokyo,100.0,2026-08-20T12:02:10.000Z,,https://www.ebay.com/itm/137643011910?hash=item200c29af46:g:in4AAeSw9ZVqbqXc,https://i.ebayimg.com/images/g/in4AAeSw9ZVqbqXc/s-l225.jpg
合理,-7%,299.99,80,72.0,[MINT] Contax Carl Zeiss Tessar T* 45mm F/2.8 AEJ Pancake MF Lens From JAPAN,contax tessar 45mm f2.8,Contax,Lenses,Used,279.99,USD,FIXED_PRICE,grail:Tessar;good-cond,JP,kensei.43,100.0,2026-08-20T12:47:33.000Z,,https://www.ebay.com/itm/206505942885?hash=item3014b69f65:g:yc8AAeSw72hqhvf9,https://i.ebayimg.com/images/g/yc8AAeSw72hqhvf9/s-l225.jpg
合理,+2%,286.44,38,72.0,"[ No Fog, NEAR MINT ] MAMIYA K/L KL 127mm f/3.5 L Lens for RB67 Pro S SD",mamiya 127mm f3.5,Mamiya,Lenses,Used,292.9,USD,FIXED_PRICE,grail:RB67;good-cond,JP,oi_b24,98.8,2026-08-20T04:40:11.000Z,,https://www.ebay.com/itm/800537972078?hash=itemba63c80d6e:g:ifkAAeSwki9qJ5Ng,https://i.ebayimg.com/images/g/ifkAAeSwki9qJ5Ng/s-l225.jpg
合理,-6%,349.99,80,72.0,CONTAX Carl Zeiss Distagon T* 25mm f/2.8 AEG Lens From Japan *Near Mint* #5141,contax distagon 25mm f2.8,Contax,Lenses,Used,330.0,USD,FIXED_PRICE,grail:Distagon;good-cond,JP,qululu-plus123_jp,100.0,2026-08-20T06:44:31.000Z,,https://www.ebay.com/itm/188820808461?hash=item2bf698e30d:g:qrYAAeSwyWlqCvn1,https://i.ebayimg.com/images/g/qrYAAeSwyWlqCvn1/s-l225.jpg
合理,+0%,399.99,80,72.0,[ MINT ] Pentax 6x7 67 Earliest Model Medium Format Camera Body From JAPAN,pentax 67,Pentax,Film Cameras,Used,399.9,USD,FIXED_PRICE,grail:6x7;good-cond,JP,rcamera.japan,100.0,2026-08-20T06:58:53.000Z,,https://www.ebay.com/itm/398306690383?hash=item5cbcedc54f:g:QlsAAeSw~7pqhqbd,https://i.ebayimg.com/images/g/QlsAAeSw~7pqhqbd/s-l225.jpg
合理,-3%,472.49,40,72.0,⏯️[ Near MINT ] Pentax LX FA-1 SLR Film Camera Body SMC 50mm F1.4 From JAPAN,pentax fa-1,Pentax,Film Cameras,Used,459.99,USD,FIXED_PRICE,grail:Pentax LX;good-cond,JP,kid1173,99.7,2026-08-20T12:50:02.000Z,,https://www.ebay.com/itm/188822125345?hash=item2bf6acfb21:g:sTQAAeSw0yNqhvfP,https://i.ebayimg.com/images/g/sTQAAeSw0yNqhvfP/s-l225.jpg
合理,-2%,489.99,80,72.0,[ MINT w/ Original Strap ] Nikon F5 SLR 35mm Film Camera Black Body From JAPAN,nikon f5,Nikon,Film Cameras,Used,479.9,USD,FIXED_PRICE,grail:Nikon F5;good-cond,JP,kanazaway,100.0,2026-08-20T16:42:42.000Z,,https://www.ebay.com/itm/407158999438?hash=item5ecc91498e:g:pMEAAeSwJfhqhy-A,https://i.ebayimg.com/images/g/pMEAAeSwJfhqhy-A/s-l225.jpg
合理,+6%,472.49,40,72.0,*Near Mint* Pentax LX FA-1 SLR Film Camera w/ SMC-M 50mm F1.4 Lens From JAPAN,pentax fa-1,Pentax,Film Cameras,Used,499.0,USD,FIXED_PRICE,grail:Pentax LX;good-cond,JP,yama-store2018,99.7,2026-08-20T12:01:17.000Z,,https://www.ebay.com/itm/168627912605?hash=item274301bf9d:g:MosAAeSwvSNqhuxV,https://i.ebayimg.com/images/g/MosAAeSwvSNqhuxV/s-l225.jpg
合理,-5%,651.33,22,72.0,Leica R7 Silver 35mm SLR Film Camera Body,leica r7,Leica,Film Cameras,Very Good - Refurbished,622.0,USD,"FIXED_PRICE,BEST_OFFER",grail:Leica R7,JP,fivestarcamera,99.9,2026-08-21T04:31:57.000Z,,https://www.ebay.com/itm/307138508824?hash=item4782e1b818:g:NQAAAeSwPdNqh9S4,https://i.ebayimg.com/images/g/NQAAAeSwPdNqh9S4/s-l225.jpg
合理,+0%,699.99,80,72.0,New Bellows [Top MINT] Fuji Fujifilm Fujica GS645 Pro 645 Film Camera From JAPAN,fuji gs645,Fuji,Film Cameras,Used,699.99,USD,FIXED_PRICE,grail:645;good-cond,JP,camera_japan_chiba,100.0,2026-08-20T09:44:20.000Z,,https://www.ebay.com/itm/128035995067?hash=item1dcf8a3dbb:g:ptYAAeSwDqFqhs6S,https://i.ebayimg.com/images/g/ptYAAeSwDqFqhs6S/s-l225.jpg
合理,-6%,774.44,61,72.0,Nikon New FM2/T FM2T Titan 35mm Film SLR Camera [Near MINT] S/N 9014xxx Late,nikon fm2t,Nikon,Film Cameras,Used,727.0,USD,FIXED_PRICE,grail:FM2;good-cond,JP,tokyoberry-camera,100.0,2026-08-20T06:57:33.000Z,,https://www.ebay.com/itm/407157850251?hash=item5ecc7fc08b:g:KTkAAOSwhlNkbFyv,https://i.ebayimg.com/images/g/KTkAAOSwhlNkbFyv/s-l225.jpg
合理,-3%,924.99,58,72.0,[Near MINT w/Strap] Nikon F3/T HP Titan Silver 35mm Film Camera Body From JAPAN,nikon f3/t titan,Nikon,Film Cameras,Used,899.99,USD,FIXED_PRICE,grail:Nikon F3;good-cond,JP,fuku._34,100.0,2026-08-20T07:28:59.000Z,,https://www.ebay.com/itm/206505211291?hash=item3014ab759b:g:u3oAAeSwhEBqct17,https://i.ebayimg.com/images/g/u3oAAeSwhEBqct17/s-l225.jpg
合理,-6%,1049.99,80,72.0,【N MINT+++】Nikon FM3A 35mm SLR Film Camera Silver Body,nikon fm3a,Nikon,Film Cameras,Used,989.99,USD,FIXED_PRICE,grail:FM3A;good-cond,JP,japan_fun_camera,100.0,2026-08-21T01:11:07.000Z,,https://www.ebay.com/itm/188824616120?hash=item2bf6d2fcb8:g:AVEAAeSwseNqdVkc,https://i.ebayimg.com/images/g/AVEAAeSwseNqdVkc/s-l225.jpg
合理,-5%,1049.99,80,72.0,S/N300*** [N MINT w/Case] Nikon FM3A Silver 35mm SLR Film Camera Body From JAPAN,nikon fm3a,Nikon,Film Cameras,Used,999.99,USD,"FIXED_PRICE,BEST_OFFER",grail:FM3A;good-cond,JP,japan_camera_sippo,100.0,2026-08-21T07:07:52.000Z,,https://www.ebay.com/itm/398310498327?hash=item5cbd27e017:g:flUAAeSwS7Zqh~b4,https://i.ebayimg.com/images/g/flUAAeSwS7Zqh~b4/s-l225.jpg
合理,+4%,1198.99,66,72.0,[MINT] Leica Apo Macro Elmarit R 100mm f2.8 ROM E60 Lens For Leica R From JAPAN,leica elmarit 100mm f2.8,Leica,Lenses,Used,1249.99,USD,FIXED_PRICE,grail:Elmarit;good-cond,JP,wasabi.camera_825,100.0,2026-08-20T09:43:11.000Z,,https://www.ebay.com/itm/188821474284?hash=item2bf6a30bec:g:zqoAAeSw5GNqEpJk,https://i.ebayimg.com/images/g/zqoAAeSw5GNqEpJk/s-l225.jpg
无基准,,58.73,80,72.0,Zeiss Ikon Contaflex Pro Tessar 35mm/115mm CBS News Pamela Ilott Rare Collection,zeiss ikon contaflex,Zeiss,Vintage Cameras,,1299.99,USD,"FIXED_PRICE,AUCTION",grail:Tessar;auction,US,aliensrus0720,100.0,2026-08-21T00:26:56.000Z,2026-08-28T00:26:56.000Z,https://www.ebay.com/itm/117370725986?hash=item1b53d72662:g:FDkAAeSwAbdqZj5b,https://i.ebayimg.com/images/g/FDkAAeSwAbdqZj5b/s-l225.jpg
合理,+5%,1899.99,71,72.0,Late S/N 282xx [ Top MINT ] Nikon F6 SLR 35mm Film Camera Body From JAPAN,nikon f6,Nikon,Film Cameras,Used,1998.0,USD,FIXED_PRICE,grail:Nikon F6;good-cond,JP,rcamera.japan,100.0,2026-08-20T06:52:22.000Z,,https://www.ebay.com/itm/398306674070?hash=item5cbced8596:g:YAkAAeSwzf9qhqRm,https://i.ebayimg.com/images/g/YAkAAeSwzf9qhqRm/s-l225.jpg
合理,+0%,3499.99,70,72.0,⏯ [Unused In Box] Contax T3 D Titan Silver Compact 35mm Film Camera From JAPAN,contax t3,Contax,Film Cameras,Used,3499.99,USD,FIXED_PRICE,grail:Contax T3,JP,ninja-camera,100.0,2026-08-21T07:36:17.000Z,,https://www.ebay.com/itm/820030246495?hash=itembeed9c8e5f:g:DmMAAeSwJfhqiABu,https://i.ebayimg.com/images/g/DmMAAeSwJfhqiABu/s-l225.jpg
无基准,,41.07,80,71.0,Canon AE-1 35mm Single-Lens Reflex (SLR) 55mm Soligar 50mm FD Film Camera Works,canon ae-1,Canon,Film Cameras,Used,195.0,USD,"FIXED_PRICE,AUCTION",grail:AE-1;mount:canon fd;55mm;auction,US,pdiddyt,99.9,2026-08-20T17:19:29.000Z,2026-08-30T17:19:29.000Z,https://www.ebay.com/itm/128036600970?hash=item1dcf937c8a:g:qGsAAeSw92lqhy-l,https://i.ebayimg.com/images/g/qGsAAeSw92lqhy-l/s-l225.jpg
偏低,-15%,265.0,63,71.0,【N MINT+++】Leica R4s 35mm SLR Film Camera Body Black,leica r4s,Leica,Film Cameras,Used,224.99,USD,FIXED_PRICE,good-cond,JP,japan_fun_camera,100.0,2026-08-21T01:12:28.000Z,,https://www.ebay.com/itm/188824621611?hash=item2bf6d3122b:g:9bMAAeSwrIhp8r4o,https://i.ebayimg.com/images/g/9bMAAeSwrIhp8r4o/s-l225.jpg
偏低,-17%,539.0,27,71.0,[Exc+5] Wista 45D 45 D 4x5 Large Format Field Film Camera Body From JAPAN,wista 45d,Wista,Film Cameras,Used,449.99,USD,FIXED_PRICE,good-cond,JP,lc.consu-8,99.9,2026-08-20T10:18:16.000Z,,https://www.ebay.com/itm/398307213818?hash=item5cbcf5c1fa:g:~8kAAeSwHrZqhtUe,https://i.ebayimg.com/images/g/~8kAAeSwHrZqhtUe/s-l225.jpg
合理,+9%,460.35,17,71.0,[Almost Unused] Voigtlander NOKTON 58mm f1.4 SL II S Lens for Nikon F Ai-s JAPAN,voigtlander ai-s 58mm f1.4,Voigtlander,Lenses,Used,499.99,USD,FIXED_PRICE,grail:NOKTON;mount:nikon f;58mm,JP,sora2024,100.0,2026-08-20T13:19:07.000Z,,https://www.ebay.com/itm/237019011174?hash=item372f6f1866:g:MA4AAeSwhq5qhv~~,https://i.ebayimg.com/images/g/MA4AAeSwhq5qhv~~/s-l225.jpg
偏低,-19%,999.99,15,71.0,[Near MINT] Contax S2b 35mm SLR Manual Film Camera Body CY Mount From JAPAN,contax s2b,Contax,Film Cameras,Used,809.99,USD,FIXED_PRICE,good-cond,JP,lembodeck,99.3,2026-08-21T08:07:39.000Z,,https://www.ebay.com/itm/307138771822?hash=item4782e5bb6e:g:FY8AAeSwPXdqiAQm,https://i.ebayimg.com/images/g/FY8AAeSwPXdqiAQm/s-l225.jpg
高价,+193%,409.94,80,71.0,[Top MINT] Mamiya RZ67 ProII Body Only MediumFormat 6x7 From JAPAN Pro II,mamiya rz67,Mamiya,Film Cameras,Used,1199.99,USD,FIXED_PRICE,grail:RZ67;good-cond,JP,tictak-niseko,100.0,2026-08-20T16:26:56.000Z,,https://www.ebay.com/itm/298604576455?hash=item4586383ec7:g:vrAAAeSwVppqhyys,https://i.ebayimg.com/images/g/vrAAAeSwVppqhyys/s-l225.jpg
无基准,,39.0,80,71.0,Asahi Pentax Spotmatic SP With 4 Lenses Zeiss Ultron Tomioka Planar SMC Takumar,asahi spotmatic,Asahi,Film Cameras,Used,1250.0,USD,"FIXED_PRICE,AUCTION",grail:Spotmatic;auction,US,robarm_5814,100.0,2026-08-21T05:13:13.000Z,2026-08-28T05:13:13.000Z,https://www.ebay.com/itm/336753770714?hash=item4e6816c0da:g:-gYAAeSwNhhqh9KQ,https://i.ebayimg.com/images/g/-gYAAeSwNhhqh9KQ/s-l225.jpg
高价,+53%,849.99,80,71.0,[ MINT ] Contax G1 35mm Film Camera Planar 45mm F2 Lens TLA140 Flash From JAPAN,contax g1,Contax,Film Cameras,Used,1299.99,USD,FIXED_PRICE,grail:Contax G1;good-cond,JP,ohana_camera_tokyo,99.6,2026-08-21T10:11:00.000Z,,https://www.ebay.com/itm/198586327122?hash=item2e3caae052:g:y5oAAeSwM89qiCSy,https://i.ebayimg.com/images/g/y5oAAeSwM89qiCSy/s-l225.jpg
高价,+200%,499.5,80,71.0,Contax T2 Gold 60th Anniversary Carl Zeiss Sonnar 38mm f2.8 [Top MINT w/Box]READ,contax t2,Contax,Film Cameras,Used,1499.99,USD,FIXED_PRICE,grail:Contax T2;good-cond,JP,camera-lady777,100.0,2026-08-21T00:58:38.000Z,,https://www.ebay.com/itm/158210733581?hash=item24d618360d:g:t2UAAeSw7F9qh6N2,https://i.ebayimg.com/images/g/t2UAAeSw7F9qh6N2/s-l225.jpg
高价,+1969%,159.5,80,71.0,AllWorks [Near MINT ++] Rollei Rolleiflex 2.8F TLR Planar 80/2.8 Film Camera JP,rollei rolleiflex,Rollei,Film Cameras,Used,3299.99,USD,FIXED_PRICE,grail:Rolleiflex 2.8F;good-cond,JP,kimu_1572,100.0,2026-08-20T14:17:08.000Z,,https://www.ebay.com/itm/137643409312?hash=item200c2fbfa0:g:MGAAAeSwN0tqhwy0,https://i.ebayimg.com/images/g/MGAAAeSwN0tqhwy0/s-l225.jpg
高价,+7271%,67.83,80,71.0,White Face S/N 295xxxx [Top MINT & Case ] Rolleiflex 2.8F Xenotar From JAPAN,rolleiflex rolleiflex,Rolleiflex,Film Cameras,Used,4999.9,USD,FIXED_PRICE,grail:Rolleiflex 2.8F;good-cond,JP,rcamera.japan,100.0,2026-08-20T07:31:13.000Z,,https://www.ebay.com/itm/398306783230?hash=item5cbcef2ffe:g:8pcAAeSwzf9qhq4E,https://i.ebayimg.com/images/g/8pcAAeSwzf9qhq4E/s-l225.jpg
偏低,-24%,119.0,61,70.0,Bronica Nikkor-P 75mm F2.8 Lens 75 2.8,bronica nikkor 75mm f2.8,Bronica,Lenses,Used,89.99,USD,FIXED_PRICE,grail:Bronica Nikkor;mount:nikon f,US,concourse,99.3,2026-08-20T07:48:13.000Z,,https://www.ebay.com/itm/178425811564?hash=item298b01d26c:g:9nMAAeSw2HNqhrD9,https://i.ebayimg.com/images/g/9nMAAeSw2HNqhrD9/s-l225.jpg
偏高,+27%,283.95,71,70.0,[N MINT w/Strap] Olympus OM-4 35mm Film Camera Auto-s 50mm f/1.4 Lens From JAPAN,olympus om-4,Olympus,Film Cameras,Used,359.99,USD,FIXED_PRICE,grail:OM-4;mount:olympus om;good-cond,JP,sakura_vintage_camera,100.0,2026-08-20T23:54:38.000Z,,https://www.ebay.com/itm/398309399002?hash=item5cbd1719da:g:3AwAAeSww-Fqh5Q6,https://i.ebayimg.com/images/g/3AwAAeSww-Fqh5Q6/s-l225.jpg
偏高,+18%,356.44,80,70.0,Voigtlander NOKTON Classic 35mm F/1.4 II MC VM (Leica M) -Near Mint- #310,voigtlander nokton 35mm f1.4,Voigtlander,Lenses,Very Good - Refurbished,419.0,USD,FIXED_PRICE,grail:NOKTON;mount:leica m;good-cond,JP,mapcamera,100.0,2026-08-20T07:19:08.000Z,,https://www.ebay.com/itm/820025843186?hash=itembeed595df2:g:uUoAAeSwUkpqhqpg,https://i.ebayimg.com/images/g/uUoAAeSwUkpqhqpg/s-l225.jpg
偏高,+20%,399.9,80,70.0,[Top MINT] Voigtlander Super Wide Heliar 15mm f/4.5 Aspherical III VM Leica Lens,voigtlander heliar 15mm f4.5,Voigtlander,Lenses,Used,479.99,USD,FIXED_PRICE,grail:Heliar;mount:leica m;good-cond,JP,ken-ken_camera_japan,100.0,2026-08-20T15:04:23.000Z,,https://www.ebay.com/itm/407158823850?hash=item5ecc8e9baa:g:d~4AAeSwjh5qhxqm,https://i.ebayimg.com/images/g/d~4AAeSwjh5qhxqm/s-l225.jpg
偏高,+21%,495.0,80,70.0,[Near MINT] Hasselblad Carl Zeiss Distagon CF 50mm f4 T* Lens from JAPAN,hasselblad distagon 50mm f4,Hasselblad,Lenses,Used,599.0,USD,FIXED_PRICE,grail:Distagon;mount:hasselblad v;good-cond,JP,musubiworks,100.0,2026-08-20T15:02:23.000Z,,https://www.ebay.com/itm/307137409328?hash=item4782d0f130:g:h7UAAeSwGDJqhxrw,https://i.ebayimg.com/images/g/h7UAAeSwGDJqhxrw/s-l225.jpg
偏低,-17%,721.37,47,70.0,Voigtlander 28mm f/2.0 Ultron Vintage Aspherical VM Lens Type I for Leica M,voigtlander ultron 28mm f2,Voigtlander,Lenses,Open box,600.0,USD,"FIXED_PRICE,BEST_OFFER",grail:Ultron;mount:leica m,US,panda_guy,100.0,2026-08-20T09:37:54.000Z,,https://www.ebay.com/itm/336752308850?hash=item4e68007272:g:jhsAAeSwhDJqhsrq,https://i.ebayimg.com/images/g/jhsAAeSwhDJqhsrq/s-l225.jpg
偏高,+13%,619.26,80,70.0,Voigtlander NOKTON 35mm F/1.2 ASPH. III VM (for Leica M mount) -Near Mint- #307,voigtlander nokton 35mm f1.2,Voigtlander,Lenses,Very Good - Refurbished,699.0,USD,FIXED_PRICE,grail:NOKTON;mount:leica m;good-cond,JP,mapcamera,100.0,2026-08-20T07:27:12.000Z,,https://www.ebay.com/itm/327318977378?hash=item4c35bb3b62:g:HDYAAeSwhPJqhqxE,https://i.ebayimg.com/images/g/HDYAAeSwhPJqhqxE/s-l225.jpg
偏高,+34%,580.49,30,70.0,[Top MINT] Carl Zeiss Distagon T* 25mm f/2 ZF.2 Lens for Nikon F from Japan,zeiss distagon 25mm f2,Zeiss,Lenses,Used,777.99,USD,FIXED_PRICE,grail:Distagon;mount:nikon f;good-cond,JP,daruma_camera_japan,99.5,2026-08-20T10:17:29.000Z,,https://www.ebay.com/itm/407158211941?hash=item5ecc854565:g:6voAAeSwMf5qhtU-,https://i.ebayimg.com/images/g/6voAAeSwMf5qhtU-/s-l225.jpg
偏高,+23%,2500.0,33,70.0,Good PLAUBEL makina 67 Medium Format Film Camera w/ NIKKOR 80mm F2.8 From Japan,plaubel 67,Plaubel,Film Cameras,Used,3075.9,USD,FIXED_PRICE,grail:PLAUBEL makina;mount:nikon f,JP,samuraipicksjapan,100.0,2026-08-20T10:17:22.000Z,,https://www.ebay.com/itm/178426191714?hash=item298b079f62:g:3WEAAeSwM6BqhtTq,https://i.ebayimg.com/images/g/3WEAAeSwM6BqhtTq/s-l225.jpg
高价,+233%,179.99,80,69.0,New Seal [ MINT w/ Case 55.65mm Screen ] Mamiya C330 Pro + 55mm F4.5 From JAPAN,mamiya c330,Mamiya,Film Cameras,Used,599.9,USD,FIXED_PRICE,grail:Mamiya C330;55mm;good-cond,JP,ryutaka-94,100.0,2026-08-20T21:48:29.000Z,,https://www.ebay.com/itm/318760632659?hash=item4a379d4153:g:kjIAAeSwbS9qh3db,https://i.ebayimg.com/images/g/kjIAAeSwbS9qh3db/s-l225.jpg
高价,+533%,108.12,80,69.0,【N MINT+++】Mamiya RB67 Pro S 90mm f/3.8 Extension Tube Ring No.1 45mm No.2 82mm,mamiya rb67,Mamiya,Film Cameras,Used,683.99,USD,FIXED_PRICE,grail:RB67;82mm;good-cond,JP,japan_fun_camera,100.0,2026-08-21T01:12:28.000Z,,https://www.ebay.com/itm/188824621420?hash=item2bf6d3116c:g:oz0AAeSwZqJp5tb1,https://i.ebayimg.com/images/g/oz0AAeSwZqJp5tb1/s-l225.jpg
合理,+0%,851.0,9,69.0,"Leica IIIc, 5cm f3.5 Elmar 395323",leica iiic f3.5,Leica,Film Cameras,Used,851.0,USD,FIXED_PRICE,grail:Leica IIIc,US,camerawest,99.1,2026-08-20T20:10:51.000Z,,https://www.ebay.com/itm/237019723571?hash=item372f79f733:g:XzwAAeSwQUJqhwS4,https://i.ebayimg.com/images/g/XzwAAeSwQUJqhwS4/s-l225.jpg
合理,-3%,56.95,80,68.0,[Mint w /Finder & 28mm Mask] Nikon UW-Nikkor 28mm f/3.5 lens for Nikonos V Japan,nikon nikkor 28mm f3.5,Nikon,Lenses,Used,54.99,USD,FIXED_PRICE,grail:Nikonos;mount:nikon f;good-cond,JP,camera-shop-kiku,100.0,2026-08-20T06:43:20.000Z,,https://www.ebay.com/itm/147516970174?hash=item2258b254be:g:3roAAeSwhSNpmlDC,https://i.ebayimg.com/images/g/3roAAeSwhSNpmlDC/s-l225.jpg
合理,+8%,110.02,80,68.0,Mamiya RB67 Pro Medium Format Camera Body Only 99,mamiya rb67,Mamiya,Film Cameras,Used,119.0,USD,FIXED_PRICE,grail:RB67,US,concourse,99.3,2026-08-20T08:17:35.000Z,,https://www.ebay.com/itm/178425890666?hash=item298b03076a:g:RA8AAeSwS9dqhrgV,https://i.ebayimg.com/images/g/RA8AAeSwS9dqhrgV/s-l225.jpg
合理,+8%,110.02,80,68.0,Mamiya RB67 Pro Medium Format Camera Body Only 23,mamiya rb67,Mamiya,Film Cameras,Used,119.0,USD,FIXED_PRICE,grail:RB67,US,concourse,99.3,2026-08-20T08:17:08.000Z,,https://www.ebay.com/itm/178425890033?hash=item298b0304f1:g:sFAAAeSw1Llqhrf4,https://i.ebayimg.com/images/g/sFAAAeSw1Llqhrf4/s-l225.jpg
无基准,,41.07,80,68.0,Canon AE-1 Program 35mm SLR Film Camera With FD 50mm f1.8 Lens & Power Winder A,canon ae-1,Canon,Film Cameras,Used,185.0,USD,"FIXED_PRICE,AUCTION",grail:AE-1;mount:canon fd;auction,US,member_5523,99.9,2026-08-20T23:44:01.000Z,2026-08-27T23:44:01.000Z,https://www.ebay.com/itm/178424517999?hash=item298aee156f:g:ppwAAeSwMENpp3oB,https://i.ebayimg.com/images/g/ppwAAeSwMENpp3oB/s-l225.jpg
合理,+3%,289.99,80,68.0,*Near Mint* Mamiya Sekor Z 50mm f/4.5 W RZ67 Pro II IID Wide Angle Lens,mamiya sekor 50mm f4.5,Mamiya,Lenses,Open box,300.0,USD,"FIXED_PRICE,BEST_OFFER",grail:RZ67;good-cond,US,cfury1223,100.0,2026-08-20T17:51:30.000Z,,https://www.ebay.com/itm/198584846549?hash=item2e3c9448d5:g:lzcAAeSwUkpqhz3O,https://i.ebayimg.com/images/g/lzcAAeSwUkpqhz3O/s-l225.jpg
合理,+6%,349.99,80,68.0,[Unused in Box] Voigtlander NOKTON Classic 40mm F/1.4 SC Lens Leica M VM JAPAN,voigtlander nokton 40mm f1.4,Voigtlander,Lenses,Used,369.99,USD,FIXED_PRICE,grail:NOKTON;mount:leica m,JP,drea7370,100.0,2026-08-20T12:22:05.000Z,,https://www.ebay.com/itm/137643083601?hash=item200c2ac751:g:doEAAeSw1PxqhvH5,https://i.ebayimg.com/images/g/doEAAeSw1PxqhvH5/s-l225.jpg
偏高,+13%,349.94,60,68.0,Late Model [MINT] SMC Pentax 67 55mm f/4 Wide Angle Lens 6x7 67 II From JAPAN,pentax smc 55mm f4,Pentax,Lenses,Used,394.99,USD,FIXED_PRICE,grail:Pentax 67;mount:pentax k;55mm;good-cond,JP,ht-smile,100.0,2026-08-20T16:53:12.000Z,,https://www.ebay.com/itm/128036570621?hash=item1dcf9305fd:g:vD0AAeSwWUhqd1Tl,https://i.ebayimg.com/images/g/vD0AAeSwWUhqd1Tl/s-l225.jpg
合理,+0%,419.87,80,68.0,Leica Summicron 50mm F2 Collapsible L39 Rangefinder Lenses Tested [Read Cond],leica summicron 50mm f2,Leica,Lenses,Used,420.0,USD,"FIXED_PRICE,BEST_OFFER",grail:Summicron;mount:ltm/l39,JP,re-camera,99.8,2026-08-20T14:41:29.000Z,,https://www.ebay.com/itm/336752750234?hash=item4e68072e9a:g:PygAAeSw-dlqhxYx,https://i.ebayimg.com/images/g/PygAAeSw-dlqhxYx/s-l225.jpg
偏低,-14%,499.0,80,68.0,MAMIYA SEKOR Z 110mm f/2.8 W Lens for RZ67 Medium Format Ex+ Tested w/Caps Japan,mamiya sekor 110mm f2.8,Mamiya,Lenses,Used,429.0,USD,FIXED_PRICE,grail:RZ67,JP,japangoodones,100.0,2026-08-20T09:51:20.000Z,,https://www.ebay.com/itm/188821500015?hash=item2bf6a3706f:g:0LsAAeSwoJJqKuJd,https://i.ebayimg.com/images/g/0LsAAeSwoJJqKuJd/s-l225.jpg
偏高,+23%,349.94,60,68.0,Late Model [MINT] SMC Pentax 67 55mm f/4 Wide Angle Lens 6x7 67II From JAPAN,pentax smc 55mm f4,Pentax,Lenses,Used,429.99,USD,FIXED_PRICE,grail:Pentax 67;mount:pentax k;55mm;good-cond,JP,japan.camera.like,100.0,2026-08-20T14:20:07.000Z,,https://www.ebay.com/itm/178426791796?hash=item298b10c774:g:yDUAAeSwcXFqhw5D,https://i.ebayimg.com/images/g/yDUAAeSwcXFqhw5D/s-l225.jpg
合理,+2%,505.49,32,68.0,Rollei 35 S Camera Chrome w/40mm f2.8 Sonnar HFT Lens 35S #100,rollei sonnar 40mm f2.8,Rollei,Film Cameras,Excellent - Refurbished,517.69,USD,"FIXED_PRICE,BEST_OFFER",grail:Sonnar,US,robertscamera,99.8,2026-08-20T14:22:12.000Z,,https://www.ebay.com/itm/407158747120?hash=item5ecc8d6ff0:g:v-sAAeSwa1Bqhw2O,https://i.ebayimg.com/images/g/v-sAAeSwa1Bqhw2O/s-l225.jpg
合理,+11%,580.49,30,68.0,Carl Zeiss Distagon T* 25mm F/2 ZF.2 (for Nikon F mount) #100,zeiss distagon 25mm f2,Zeiss,Lenses,Very Good - Refurbished,642.2,USD,FIXED_PRICE,grail:Distagon;mount:nikon f,JP,mapcamera,100.0,2026-08-20T07:58:15.000Z,,https://www.ebay.com/itm/820025940541?hash=itembeed5ada3d:g:qrkAAeSwOCtqhrOL,https://i.ebayimg.com/images/g/qrkAAeSwOCtqhrOL/s-l225.jpg
合理,+9%,599.99,29,68.0,"Zenza Bronica ETR mediumformatcamera zenzanon mc 75mm f/2.8 lens, prism grip 220",bronica etr mediumformatcamera,Bronica,Film Cameras,Used,656.0,USD,"FIXED_PRICE,BEST_OFFER",grail:Bronica ETR,US,nycphonebuyer,100.0,2026-08-20T21:31:38.000Z,,https://www.ebay.com/itm/227484591074?hash=item34f72363e2:g:ImoAAeSwddFqhF04,https://i.ebayimg.com/images/g/ImoAAeSwddFqhF04/s-l225.jpg
合理,-3%,719.94,6,68.0,[Top MINT] Mamiya APO K/L 350mm f5.6 L KL Telephoto Lens For RB67 Pro from JAPAN,mamiya 350mm f5.6,Mamiya,Lenses,Used,699.9,USD,FIXED_PRICE,grail:RB67;good-cond,JP,tokyosnapshot,99.7,2026-08-20T07:09:39.000Z,,https://www.ebay.com/itm/128035784845?hash=item1dcf87088d:g:XfcAAeSwuQVqhqi2,https://i.ebayimg.com/images/g/XfcAAeSwuQVqhqi2/s-l225.jpg
合理,-3%,883.49,58,68.0,[ Brand New ] Voigtlander NOKTON 28mm F/1.5 Aspherical Type II VM From JAPAN,voigtlander nokton 28mm f1.5,Voigtlander,Lenses,New,859.9,USD,FIXED_PRICE,grail:NOKTON;mount:leica m,JP,antique.21,100.0,2026-08-20T15:44:08.000Z,,https://www.ebay.com/itm/407158890892?hash=item5ecc8fa18c:g:IMkAAeSwE~FqhyQl,https://i.ebayimg.com/images/g/IMkAAeSwE~FqhyQl/s-l225.jpg
偏低,-19%,1227.49,26,68.0,Fujifilm FUJI GW690III Pro GW690 III Professional 6x9 Medium Format Film Camera,fujifilm gw690iii,Fujifilm,Film Cameras,Used,988.0,USD,FIXED_PRICE,grail:GW690,JP,tokyoberry-camera,100.0,2026-08-20T06:56:50.000Z,,https://www.ebay.com/itm/407157849534?hash=item5ecc7fbdbe:g:cPMAAeSw9vtqTiBQ,https://i.ebayimg.com/images/g/cPMAAeSw9vtqTiBQ/s-l225.jpg
合理,+0%,24387.82,15,68.0,Leica MP Hermes Edition 35mm Rangefinder Film Camera Body From Japan Used H0821,leica hermes edition,Leica,Film Cameras,Used,24387.82,USD,FIXED_PRICE,grail:Leica MP,JP,kyoto_camera,99.7,2026-08-21T01:47:18.000Z,,https://www.ebay.com/itm/278300496205?hash=item40cc00914d:g:6S4AAeSw7Slqh63R,https://i.ebayimg.com/images/g/6S4AAeSw7Slqh63R/s-l225.jpg
偏低,-12%,102.19,25,67.0,【Exc+5】 Canon FTb-N FTb QL Late Model Camera FD 50mm f1.8 S.C Lens From JAPAN,canon ftb-n ftb,Canon,Film Cameras,Used,89.99,USD,FIXED_PRICE,mount:canon fd;good-cond,JP,amakasu_vintage_japan,100.0,2026-08-20T11:36:00.000Z,,https://www.ebay.com/itm/137642928702?hash=item200c286a3e:g:yq4AAeSwj8NqhuYF,https://i.ebayimg.com/images/g/yq4AAeSwj8NqhuYF/s-l225.jpg
偏低,-22%,178.75,80,67.0,[Exc+5+] Nikon FE Silver AE MF SLR Film Camera + MINT Ai 28mm f/3.5 Lens from JP,nikon 28mm f3.5,Nikon,Film Cameras,Used,139.99,USD,FIXED_PRICE,mount:sony e;good-cond,JP,kimu_1572,100.0,2026-08-21T02:05:41.000Z,,https://www.ebay.com/itm/137645378945?hash=item200c4dcd81:g:OZ0AAeSwja9qh7Ns,https://i.ebayimg.com/images/g/OZ0AAeSwja9qh7Ns/s-l225.jpg
偏低,-24%,236.78,80,67.0,[Exc+5] Nikon FE Silver 35mm SLR Film Camera + Ai NIKKOR 135mm f/2.8 #3844,nikon nikkor 35mm f2.8,Nikon,Film Cameras,Used,179.0,USD,FIXED_PRICE,mount:nikon f;good-cond,JP,bluebirdjapan,100.0,2026-08-21T01:00:00.000Z,,https://www.ebay.com/itm/158196776843?hash=item24d5433f8b:g:k5wAAeSw4qpqgpUi,https://i.ebayimg.com/images/g/k5wAAeSw4qpqgpUi/s-l225.jpg
偏低,-11%,262.5,58,67.0,"CLA'd, FUJINON 50mm 5cm f2.8 L Leica L39 Lens Rare Exc++ From Japan#5550",leica l39 50mm f2.8,Leica,Lenses,Used,233.75,USD,FIXED_PRICE,mount:ltm/l39;good-cond,JP,sonyeric01c,100.0,2026-08-20T10:30:17.000Z,,https://www.ebay.com/itm/298603831513?hash=item45862ce0d9:g:AI0AAeSw4vlqhtc2,https://i.ebayimg.com/images/g/AI0AAeSw4vlqhtc2/s-l225.jpg
偏低,-10%,299.99,80,67.0,Tested [Top MINT] Canon EOS-1N RS 35mm SLR Film Camera Body EF Mount JAPAN A-974,canon eos-1n,Canon,Film Cameras,Used,269.99,USD,FIXED_PRICE,mount:canon ef;good-cond,JP,camera_journey_japan17,100.0,2026-08-20T07:17:44.000Z,,https://www.ebay.com/itm/800538571100?hash=itemba63d1315c:g:9l8AAeSwk1JqhqqN,https://i.ebayimg.com/images/g/9l8AAeSwk1JqhqqN/s-l225.jpg
偏低,-19%,334.15,70,67.0,Mamiya Sekor C 55mm f/2.8 Manual Focus Standard Lens Mamiya 645 55mm,mamiya sekor 55mm f2.8,Mamiya,Lenses,Used,270.0,USD,"FIXED_PRICE,BEST_OFFER",grail:645;55mm,US,gg_n-41,100.0,2026-08-20T04:44:56.000Z,,https://www.ebay.com/itm/366617475430?hash=item555c1ab966:g:lBMAAeSwWaNqhoWe,https://i.ebayimg.com/images/g/lBMAAeSwWaNqhoWe/s-l225.jpg
偏低,-10%,309.99,17,67.0,[MINT] Voigtlander SNAPSHOT SKOPAR 25mm F4 MC L39 LTM lens From JAPAN,voigtlander ltm 25mm f4,Voigtlander,Lenses,Used,279.99,USD,FIXED_PRICE,mount:ltm/l39;good-cond,JP,fujiyamacamera_japan,100.0,2026-08-20T14:57:29.000Z,,https://www.ebay.com/itm/366618457564?hash=item555c29b5dc:g:ZzMAAeSwRHNqhxlq,https://i.ebayimg.com/images/g/ZzMAAeSwRHNqhxlq/s-l225.jpg
偏低,-18%,539.9,27,67.0,Voigtlander COLOR-SKOPAR 50mm F/2.2 VM Black (for Leica M) -Near Mint- #300,voigtlander 50mm f2.2,Voigtlander,Lenses,Very Good - Refurbished,441.0,USD,FIXED_PRICE,mount:leica m;good-cond,JP,mapcamera,100.0,2026-08-20T07:42:11.000Z,,https://www.ebay.com/itm/327318994741?hash=item4c35bb7f35:g:5HIAAeSwy-Zqhq~I,https://i.ebayimg.com/images/g/5HIAAeSwy-Zqhq~I/s-l225.jpg
偏低,-8%,499.99,80,67.0,[Near MINT] Nikon S2 Rangefinder Camera Early + Nikkor S.C 50mm F1.4 Lens JAPAN,nikon s2,Nikon,Film Cameras,Used,459.99,USD,"FIXED_PRICE,BEST_OFFER",mount:nikon f;good-cond,JP,yosuke_camera,99.7,2026-08-20T11:56:00.000Z,,https://www.ebay.com/itm/188821924636?hash=item2bf6a9eb1c:g:ov4AAeSwRfVqJAyY,https://i.ebayimg.com/images/g/ov4AAeSwRfVqJAyY/s-l225.jpg
偏高,+18%,727.5,46,67.0,Leica R8 Film SLR Camera Black boxed #23954,leica r8,Leica,Film Cameras,Used,859.0,USD,FIXED_PRICE,grail:Leica R8;good-cond,HK,mkkcamera,100.0,2026-08-20T07:18:15.000Z,,https://www.ebay.com/itm/206505194436?hash=item3014ab33c4:g:ekYAAeSwjPFqhqou,https://i.ebayimg.com/images/g/ekYAAeSwjPFqhqou/s-l225.jpg
高价,+109%,420.99,15,67.0,[Top MINT] Asahi Pentax 6x7 TTL MUP SMC Pentax 67 From Japan 1166,asahi 67,Asahi,Film Cameras,Used,879.98,USD,FIXED_PRICE,grail:Pentax 67;mount:pentax k;good-cond,JP,kazumula-0,99.8,2026-08-21T01:28:02.000Z,,https://www.ebay.com/itm/820029150916?hash=itembeed8bd6c4:g:fFYAAeSw~gJqh6qX,https://i.ebayimg.com/images/g/fFYAAeSw~gJqh6qX/s-l225.jpg
偏低,-15%,1168.99,24,67.0,[ N MINT ] Nikon F Eye Level Black Motor Drive F-36 35mm SLR Film Camera JAPAN,nikon f-36,Nikon,Film Cameras,Used,999.99,USD,FIXED_PRICE,mount:nikon f;good-cond,JP,ageha.b-48,100.0,2026-08-20T13:04:53.000Z,,https://www.ebay.com/itm/800539979769?hash=itemba63e6aff9:g:XPkAAeSwQzRp9p4X,https://i.ebayimg.com/images/g/XPkAAeSwQzRp9p4X/s-l225.jpg
偏低,-10%,1168.99,24,67.0,BLACK [Near MINT+++] Nikon F Eye Level Finder F-36 Motor Drive SLR Film Camera,nikon f-36,Nikon,Film Cameras,Used,1049.99,USD,FIXED_PRICE,mount:nikon f;good-cond,JP,ken-ken_camera_japan,100.0,2026-08-20T14:39:30.000Z,,https://www.ebay.com/itm/407158771008?hash=item5ecc8dcd40:g:iYEAAeSwicVqhxWD,https://i.ebayimg.com/images/g/iYEAAeSwicVqhxWD/s-l225.jpg
合理,+8%,1024.99,20,67.0,CONTAX 645 Carl Zeiss Distagon 45mm f/2.8 T*,contax distagon 45mm f2.8,Contax,Lenses,Very Good - Refurbished,1103.0,USD,"FIXED_PRICE,BEST_OFFER",grail:645,JP,fivestarcamera,99.9,2026-08-20T05:29:20.000Z,,https://www.ebay.com/itm/298603236127?hash=item458623cb1f:g:GQcAAeSwuQVqhpCs,https://i.ebayimg.com/images/g/GQcAAeSwuQVqhpCs/s-l225.jpg
合理,-3%,1157.13,7,67.0,Leica IIIG Screw mount Film Rangefinder Camera #23999,leica iiig screw,Leica,Film Cameras,Used,1119.0,USD,FIXED_PRICE,grail:Leica IIIG;mount:ltm/l39,HK,mkkcamera,100.0,2026-08-20T07:19:50.000Z,,https://www.ebay.com/itm/327318973934?hash=item4c35bb2dee:g:jEIAAeSwguZqhqqP,https://i.ebayimg.com/images/g/jEIAAeSwguZqhqqP/s-l225.jpg
偏低,-10%,1475.49,6,67.0,[Near MINT] Voigtlander BESSA R2A 35mm Rangefinder Film Camera Black From JAPAN,voigtlander r2a,Voigtlander,Film Cameras,Used,1329.9,USD,FIXED_PRICE,good-cond,JP,rcamera.japan,100.0,2026-08-20T08:04:14.000Z,,https://www.ebay.com/itm/398306856790?hash=item5cbcf04f56:g:VYsAAeSwhVlqhrVB,https://i.ebayimg.com/images/g/VYsAAeSwhVlqhrVB/s-l225.jpg
高价,+66%,102.14,80,66.0,Contax RTS Body (Near Mint) Working Item #22818 From Japan,contax rts,Contax,Film Cameras,Used,169.28,USD,FIXED_PRICE,grail:Contax RTS;good-cond,JP,quorefl-53,100.0,2026-08-21T07:57:09.000Z,,https://www.ebay.com/itm/800544149324?hash=itemba64264f4c:g:DR8AAeSwTtFqiAYP,https://i.ebayimg.com/images/g/DR8AAeSwTtFqiAYP/s-l225.jpg
高价,+146%,89.0,23,66.0,Rollei XF35 Sonnar 40mm F2.3 35mm Rangefinder Camera Tested Serviced w Hood,rollei xf35,Rollei,Film Cameras,Used,219.33,USD,FIXED_PRICE,grail:Sonnar;good-cond,JP,yua21japan,100.0,2026-08-20T06:32:45.000Z,,https://www.ebay.com/itm/198583692469?hash=item2e3c82acb5:g:esIAAeSwE~Fqhp99,https://i.ebayimg.com/images/g/esIAAeSwE~Fqhp99/s-l225.jpg
高价,+130%,102.14,80,66.0,All Works [Top MINT/new Lizard Skin] Contax RTS 35mm SLR Film Camera From JAPAN,contax rts,Contax,Film Cameras,Used,234.99,USD,FIXED_PRICE,grail:Contax RTS;good-cond,JP,tosh_9804,100.0,2026-08-20T14:00:00.000Z,,https://www.ebay.com/itm/398307820465?hash=item5cbcff03b1:g:lJ8AAeSwiX1qhwkc,https://i.ebayimg.com/images/g/lJ8AAeSwiX1qhwkc/s-l225.jpg
高价,+145%,102.14,80,66.0,【 MINT+ w/ INFARED Controller】 Contax RTS SLR 35mm Film Camera Black From JAPAN,contax rts,Contax,Film Cameras,Used,249.99,USD,FIXED_PRICE,grail:Contax RTS;good-cond,JP,osaka-camera-takeuchi,98.2,2026-08-20T16:39:42.000Z,,https://www.ebay.com/itm/257693084637?hash=item3bffb46bdd:g:Au0AAeSwZlJqWjOo,https://i.ebayimg.com/images/g/Au0AAeSwZlJqWjOo/s-l225.jpg
高价,+159%,108.12,80,66.0,[ Near MINT ] Mamiya RB67 Pro S Medium Format Film Camera Body From JAPAN,mamiya rb67,Mamiya,Film Cameras,Used,279.99,USD,FIXED_PRICE,grail:RB67;good-cond,JP,mitshos_0,100.0,2026-08-20T23:51:04.000Z,,https://www.ebay.com/itm/227484715862?hash=item34f7254b56:g:N04AAeSwi55qh5RN,https://i.ebayimg.com/images/g/N04AAeSwi55qh5RN/s-l225.jpg
高价,+177%,108.12,80,66.0,[ MINT ] Mamiya RB67 Pro S Medium Format Film Camera Body Only From JAPAN,mamiya rb67,Mamiya,Film Cameras,Used,299.99,USD,"FIXED_PRICE,BEST_OFFER",grail:RB67;good-cond,JP,tiida_collection_japan,100.0,2026-08-21T08:17:29.000Z,,https://www.ebay.com/itm/820030330290?hash=itembeed9dd5b2:g:iNoAAeSwHPhqElAv,https://i.ebayimg.com/images/g/iNoAAeSwHPhqElAv/s-l225.jpg
高价,+332%,76.45,80,66.0,[N MINT w/Case] CONTAX TVS Point & Shoot Compact Film Camera Carl Zeiss Japan,contax tvs,Contax,Film Cameras,Used,329.99,USD,FIXED_PRICE,grail:CONTAX TVS;good-cond,JP,1st_camera_tokyo,99.2,2026-08-20T12:15:45.000Z,,https://www.ebay.com/itm/377435350840?hash=item57e0e66738:g:W7QAAeSwXm5qhvAz,https://i.ebayimg.com/images/g/W7QAAeSwXm5qhvAz/s-l225.jpg
高价,+209%,110.02,80,66.0,[N MINT++] Mamiya RB67 Pro S Medium Format Film Camera w/120 Filmback From JAPAN,mamiya rb67,Mamiya,Film Cameras,Used,339.99,USD,FIXED_PRICE,grail:RB67;good-cond,JP,fuku._34,100.0,2026-08-20T07:19:47.000Z,,https://www.ebay.com/itm/206505198746?hash=item3014ab449a:g:ZtMAAeSwkvJqMLRb,https://i.ebayimg.com/images/g/ZtMAAeSwkvJqMLRb/s-l225.jpg
高价,+658%,49.99,80,66.0,ALL Works! [Top MINT+++] Contax RX II SLR 35mm Film Camera Black Body From JAPAN,contax 35mm,Contax,Film Cameras,Used,379.0,USD,FIXED_PRICE,grail:Contax RX;good-cond,JP,classic.camera.japan,100.0,2026-08-20T13:42:43.000Z,,https://www.ebay.com/itm/237019065574?hash=item372f6fece6:g:9VMAAeSweAVqhwUL,https://i.ebayimg.com/images/g/9VMAAeSweAVqhwUL/s-l225.jpg
高价,+261%,108.12,80,66.0,[Top MINT] Mamiya RB67 Pro SD Medium Format Camera Body w/ Rotating Adapter,mamiya rb67,Mamiya,Film Cameras,Used,389.99,USD,FIXED_PRICE,grail:RB67;good-cond,JP,isshin39,100.0,2026-08-21T12:12:01.000Z,,https://www.ebay.com/itm/198586563709?hash=item2e3cae7c7d:g:GGoAAeSw3h9qiEDY,https://i.ebayimg.com/images/g/GGoAAeSw3h9qiEDY/s-l225.jpg
高价,+264%,110.02,80,66.0,【Near Mint】Mamiya RB67 Pro S Body Medium Format 120 Film Back From JAPAN #2950,mamiya rb67,Mamiya,Film Cameras,Used,399.99,USD,"FIXED_PRICE,BEST_OFFER",grail:RB67;good-cond,JP,831camera,100.0,2026-08-20T06:24:54.000Z,,https://www.ebay.com/itm/377434506838?hash=item57e0d98656:g:h5gAAeSwFJZqhpub,https://i.ebayimg.com/images/g/h5gAAeSwFJZqhpub/s-l225.jpg
高价,+449%,76.45,80,66.0,All Works [ MINT in Case ] Contax TVS Point & Shoot 35mm Film Camera From JAPAN,contax tvs,Contax,Film Cameras,Used,419.99,USD,FIXED_PRICE,grail:Contax TVS;good-cond,JP,hakusan_camera,100.0,2026-08-20T07:06:02.000Z,,https://www.ebay.com/itm/198583738526?hash=item2e3c83609e:g:lv8AAeSwVppqhqgT,https://i.ebayimg.com/images/g/lv8AAeSwVppqhqgT/s-l225.jpg
高价,+290%,110.02,80,66.0,[ Near MINT ] Mamiya RB67 Pro SD Medium Format Film Camera Body From JAPAN,mamiya rb67,Mamiya,Film Cameras,Used,429.5,USD,FIXED_PRICE,grail:RB67;good-cond,JP,rcamera.japan,100.0,2026-08-20T07:13:37.000Z,,https://www.ebay.com/itm/398306735063?hash=item5cbcee73d7:g:c-8AAeSwJm1qhqmh,https://i.ebayimg.com/images/g/c-8AAeSwJm1qhqmh/s-l225.jpg
高价,+325%,108.12,80,66.0,【Near MINT】Mamiya RB67 Pro Sekor C 250mm f4.5 Lens w/120 Film Back From Japan,mamiya rb67,Mamiya,Film Cameras,Used,459.99,USD,FIXED_PRICE,grail:RB67;good-cond,JP,rytag50,100.0,2026-08-20T21:55:32.000Z,,https://www.ebay.com/itm/377436734864?hash=item57e0fb8590:g:lOcAAeSwJZFobFT7,https://i.ebayimg.com/images/g/lOcAAeSwJZFobFT7/s-l225.jpg
高价,+335%,108.12,80,66.0,[Exc+5] Mamiya RB67 Pro Film Camera Sekor 127mm f3.8 Lens 120 Film Back JAPAN,mamiya rb67,Mamiya,Film Cameras,Used,469.99,USD,"FIXED_PRICE,BEST_OFFER",grail:RB67;good-cond,JP,canamy_camera_japan,100.0,2026-08-21T01:45:23.000Z,,https://www.ebay.com/itm/820029210350?hash=itembeed8cbeee:g:IX0AAeSwFQVqTWVN,https://i.ebayimg.com/images/g/IX0AAeSwFQVqTWVN/s-l225.jpg
高价,+165%,179.99,80,66.0,【N MINT+++】Mamiya C330 Professional TLR Film Camera 105mm f/3.5 Blue Dot Lens,mamiya c330,Mamiya,Film Cameras,Used,476.99,USD,FIXED_PRICE,grail:Mamiya C330;good-cond,JP,japan_fun_camera,100.0,2026-08-21T01:12:27.000Z,,https://www.ebay.com/itm/188824621399?hash=item2bf6d31157:g:GVUAAeSwl8lppjvz,https://i.ebayimg.com/images/g/GVUAAeSwl8lppjvz/s-l225.jpg
高价,+336%,110.02,80,66.0,[Exc+5] Mamiya RB67 Pro S Camera Sekor C 127mm f3.8 Lens 120 Film Back JAPAN,mamiya rb67,Mamiya,Film Cameras,Used,479.99,USD,FIXED_PRICE,grail:RB67;good-cond,JP,camera_japan_chiba,100.0,2026-08-20T08:38:47.000Z,,https://www.ebay.com/itm/128035914009?hash=item1dcf890119:g:PT0AAeSwskFqhr5I,https://i.ebayimg.com/images/g/PT0AAeSwskFqhr5I/s-l225.jpg
高价,+350%,108.12,80,66.0,【N MINT+++】Mamiya rb67 Medium Format Camera 127mm f/3.8,mamiya rb67,Mamiya,Film Cameras,Used,485.99,USD,FIXED_PRICE,grail:rb67;good-cond,JP,japan_fun_camera,100.0,2026-08-21T01:12:28.000Z,,https://www.ebay.com/itm/188824621558?hash=item2bf6d311f6:g:-L0AAeSwBb1p4Zwq,https://i.ebayimg.com/images/g/-L0AAeSwBb1p4Zwq/s-l225.jpg
高价,+554%,76.45,80,66.0,LCD Clear ⏯️[ Top MINT /Hood ] Contax TVS Point & Shoot Film Camera From JAPAN,contax tvs,Contax,Film Cameras,Used,499.9,USD,FIXED_PRICE,grail:Contax TVS;good-cond,JP,kid1173,99.7,2026-08-20T12:46:23.000Z,,https://www.ebay.com/itm/188822086171?hash=item2bf6ac621b:g:aYAAAeSwO6xqhvb~,https://i.ebayimg.com/images/g/aYAAAeSwO6xqhvb~/s-l225.jpg
高价,+362%,108.12,80,66.0,[ NEAR MINT w/Hood ] Mamiya RB67 Pro S Sekor C 127mm f/3.8 Lens 120 From Japan,mamiya rb67,Mamiya,Film Cameras,Used,499.99,USD,"FIXED_PRICE,BEST_OFFER",grail:RB67;good-cond,JP,yu-na-camera-japan,99.7,2026-08-20T22:45:38.000Z,,https://www.ebay.com/itm/318760799302?hash=item4a379fcc46:g:a60AAeSwJaRqbuXe,https://i.ebayimg.com/images/g/a60AAeSwJaRqbuXe/s-l225.jpg
高价,+383%,108.12,80,66.0,【N MINT+++】Mamiya rb67 Medium Format Camera 127mm f/3.8 Lens,mamiya rb67,Mamiya,Film Cameras,Used,521.99,USD,FIXED_PRICE,grail:rb67;good-cond,JP,japan_fun_camera,100.0,2026-08-21T01:12:28.000Z,,https://www.ebay.com/itm/188824621531?hash=item2bf6d311db:g:4w8AAeSwSGtqQxKd,https://i.ebayimg.com/images/g/4w8AAeSwSGtqQxKd/s-l225.jpg
高价,+382%,110.02,80,66.0,w/Hood [Near Mint] Mamiya RB67 Pro S Film Camera C 127mm f3.8 Lens From JAPAN,mamiya rb67,Mamiya,Film Cameras,Used,529.99,USD,FIXED_PRICE,grail:RB67;good-cond,JP,shib5636,100.0,2026-08-20T08:37:08.000Z,,https://www.ebay.com/itm/398306935970?hash=item5cbcf184a2:g:7XgAAeSwX4xqhr2o,https://i.ebayimg.com/images/g/7XgAAeSwX4xqhr2o/s-l225.jpg
高价,+409%,108.12,80,66.0,N MINT Mamiya RB67 Pro S Film Camera Sekor C 127mm f3.8 Lens 120 Back Hood JAPAN,mamiya rb67,Mamiya,Film Cameras,Used,549.9,USD,FIXED_PRICE,grail:RB67;good-cond,JP,milyenb_64,100.0,2026-08-21T07:56:20.000Z,,https://www.ebay.com/itm/298606229714?hash=item45865178d2:g:CJgAAeSwvk9qiAce,https://i.ebayimg.com/images/g/CJgAAeSwvk9qiAce/s-l225.jpg
高价,+400%,110.02,80,66.0,[Near MINT] Red Leather Mamiya RB67 Pro S Sekor NB 127mm f3.8 Lens 120 JAPAN,mamiya rb67,Mamiya,Film Cameras,Used,549.99,USD,FIXED_PRICE,grail:RB67;good-cond,JP,japan_camera_0511,100.0,2026-08-20T06:27:56.000Z,,https://www.ebay.com/itm/227483541963?hash=item34f71361cb:g:2koAAeSwJfhqhp7x,https://i.ebayimg.com/images/g/2koAAeSwJfhqhp7x/s-l225.jpg
高价,+427%,108.12,80,66.0,"CLA'd Lens, New Seals [OPT Near MINT] Mamiya RB67 Pro S NB 90mm f/3.8 From JAPAN",mamiya rb67,Mamiya,Film Cameras,Used,569.95,USD,FIXED_PRICE,grail:RB67;good-cond,JP,shop365tokyo,100.0,2026-08-20T23:42:24.000Z,,https://www.ebay.com/itm/158210542734?hash=item24d6154c8e:g:ybkAAeSw-dlqh5Fb,https://i.ebayimg.com/images/g/ybkAAeSw-dlqh5Fb/s-l225.jpg
高价,+418%,110.02,80,66.0,w/Hood [Near Mint+] Mamiya RB67 Pro S Film Camera C 127mm f3.8 Lens From JAPAN,mamiya rb67,Mamiya,Film Cameras,Used,569.99,USD,FIXED_PRICE,grail:RB67;good-cond,JP,shib5636,100.0,2026-08-20T08:38:18.000Z,,https://www.ebay.com/itm/398306937296?hash=item5cbcf189d0:g:tDEAAeSwxB9qhr4q,https://i.ebayimg.com/images/g/tDEAAeSwxB9qhr4q/s-l225.jpg
高价,+434%,108.12,80,66.0,[Near MINT] Mamiya RB67 Pro Film Camera Sekor NB 127mm f/3.8 Lens 120 From JAPAN,mamiya rb67,Mamiya,Film Cameras,Used,576.9,USD,FIXED_PRICE,grail:RB67;good-cond,JP,shogun-market,100.0,2026-08-20T22:02:19.000Z,,https://www.ebay.com/itm/318760668647?hash=item4a379dcde7:g:5QcAAeSwQe1qh3nm,https://i.ebayimg.com/images/g/5QcAAeSwQe1qh3nm/s-l225.jpg
高价,+155%,234.75,26,66.0,Rare [Top MINT in Box] Rare Contax RTS II Quartz SLR 35mm Film Camera Body JAPAN,contax rts quartz,Contax,Film Cameras,Used,599.0,USD,FIXED_PRICE,grail:Contax RTS;good-cond,JP,camera_connection_tokyo,100.0,2026-08-21T04:12:04.000Z,,https://www.ebay.com/itm/307138487574?hash=item4782e16516:g:H3wAAeSwGDJqh9FD,https://i.ebayimg.com/images/g/H3wAAeSwGDJqh9FD/s-l225.jpg
高价,+454%,108.12,80,66.0,[MINT w/Caps] Mamiya RB67 Pro SD Film Camera Body Waist Level Finder From JAPAN,mamiya rb67,Mamiya,Film Cameras,Used,599.0,USD,FIXED_PRICE,grail:RB67;good-cond,JP,camera_connection_tokyo,100.0,2026-08-21T03:51:02.000Z,,https://www.ebay.com/itm/307138462913?hash=item4782e104c1:g:2kAAAeSwBD9qh8wb,https://i.ebayimg.com/images/g/2kAAAeSwBD9qh8wb/s-l225.jpg
高价,+685%,76.45,80,66.0,All Works!! [TOP MINT] Contax TVS II D Point & Shoot 35mm Film Camera From Japan,contax tvs,Contax,Film Cameras,Used,599.99,USD,FIXED_PRICE,grail:Contax TVS;good-cond,JP,linksjapan,100.0,2026-08-20T12:35:16.000Z,,https://www.ebay.com/itm/318758923711?hash=item4a37832dbf:g:VRYAAeSwxFVqhvN6,https://i.ebayimg.com/images/g/VRYAAeSwxFVqhvN6/s-l225.jpg
高价,+591%,94.04,80,66.0,【NEAR MINT】 Mamiya 645 Pro Film Camera AE Finder Sekor C 80mm F2.8 N Lens JAPAN,mamiya pro,Mamiya,Film Cameras,Used,649.99,USD,FIXED_PRICE,grail:645;good-cond,JP,ichiro-camera-japan,99.6,2026-08-21T07:33:42.000Z,,https://www.ebay.com/itm/237020794898?hash=item372f8a5012:g:CKUAAeSwfwRqcgAq,https://i.ebayimg.com/images/g/CKUAAeSwfwRqcgAq/s-l225.jpg
高价,+501%,108.12,80,66.0,Grid Screen [Top MINT +Strap] Mamiya RB67 Pro SD Film Camera 120 Back From JAPAN,mamiya rb67,Mamiya,Film Cameras,Used,649.99,USD,FIXED_PRICE,grail:RB67;good-cond,JP,miytam_0,100.0,2026-08-20T14:47:38.000Z,,https://www.ebay.com/itm/398307927466?hash=item5cbd00a5aa:g:V1EAAeSw72hqhxcZ,https://i.ebayimg.com/images/g/V1EAAeSw72hqhxcZ/s-l225.jpg
高价,+55%,419.99,80,66.0,[MINT w/Case] Contax TVS II Point & Shoot 35mm Film Camera From JAPAN #352,contax tvs,Contax,Film Cameras,Used,649.99,USD,FIXED_PRICE,grail:Contax TVS;good-cond,JP,shop-nakasone,99.5,2026-08-20T14:00:40.000Z,,https://www.ebay.com/itm/128036324773?hash=item1dcf8f45a5:g:fGUAAeSwcJ1qhwdU,https://i.ebayimg.com/images/g/fGUAAeSwcJ1qhwdU/s-l225.jpg
高价,+491%,110.02,80,66.0,[MINT] Mamiya RB67 Pro S + Sekor C 65mm f/4.5 Lens From JAPAN,mamiya rb67,Mamiya,Film Cameras,Used,649.99,USD,FIXED_PRICE,grail:RB67;good-cond,JP,japan_camera_0511,100.0,2026-08-20T05:40:50.000Z,,https://www.ebay.com/itm/227483498534?hash=item34f712b826:g:nk0AAeSwYtNqhpSV,https://i.ebayimg.com/images/g/nk0AAeSwYtNqhpSV/s-l225.jpg
高价,+547%,108.12,80,66.0,[ Top MINT W/Box ] Mamiya RB67 Pro SD Film Camera body 6x8 Motorized From Japan,mamiya rb67,Mamiya,Film Cameras,Used,699.99,USD,FIXED_PRICE,grail:RB67;good-cond,JP,dreamers_camera_japan,99.5,2026-08-21T10:29:05.000Z,,https://www.ebay.com/itm/366620293570?hash=item555c45b9c2:g:HO0AAeSwgqhqiCkp,https://i.ebayimg.com/images/g/HO0AAeSwgqhqiCkp/s-l225.jpg
高价,+571%,108.12,80,66.0,Split Screen [Top Mint Case] Mamiya RB67 Pro S Film Camera C 127mm f3.8 From JPN,mamiya rb67,Mamiya,Film Cameras,Used,725.99,USD,FIXED_PRICE,grail:RB67;good-cond,JP,shib5636,100.0,2026-08-21T00:16:16.000Z,,https://www.ebay.com/itm/398309476299?hash=item5cbd1847cb:g:hFAAAeSwe-pqh5lK,https://i.ebayimg.com/images/g/hFAAAeSwe-pqh5lK/s-l225.jpg
高价,+68%,444.99,80,66.0,【N MINT+++】 Zenza Bronica ETR Si Film Camera 75mm F2.8 PE Lens AE-III From JAPAN,bronica etr,Bronica,Film Cameras,Used,749.99,USD,FIXED_PRICE,grail:Bronica ETR;good-cond,JP,ichiro-camera-japan,99.6,2026-08-21T07:33:12.000Z,,https://www.ebay.com/itm/237020793747?hash=item372f8a4b93:g:TtMAAeSwYJFqaaW6,https://i.ebayimg.com/images/g/TtMAAeSwYJFqaaW6/s-l225.jpg
高价,+133%,322.49,66,66.0,[MINT+++ w/ Hood] Contax RTS III 35mm Film Camera 50mm f/1.4 AEJ Lens From JAPAN,contax rts iii,Contax,Film Cameras,Used,749.99,USD,FIXED_PRICE,grail:Contax RTS;good-cond,JP,hakata_camera_japan,100.0,2026-08-20T06:54:06.000Z,,https://www.ebay.com/itm/800538472985?hash=itemba63cfb219:g:rz0AAeSwbr9qhqTS,https://i.ebayimg.com/images/g/rz0AAeSwbr9qhqTS/s-l225.jpg
高价,+974%,70.73,80,66.0,Rolleiflex 3.5B Tessar 75mm F3.5 TLR Film Camera [ Near Mint ] Read T686,rolleiflex rolleiflex,Rolleiflex,Vintage Cameras,,759.99,USD,FIXED_PRICE,grail:Tessar;good-cond,JP,nakan_44,100.0,2026-08-21T00:20:17.000Z,,https://www.ebay.com/itm/800542480316?hash=itemba640cd7bc:g:CgAAAeSw-C5pIq4b,https://i.ebayimg.com/images/g/CgAAAeSw-C5pIq4b/s-l225.jpg
高价,+1079%,67.83,80,66.0,[ N MINT ] Rolleiflex T1 Grey Leather TLR Carl Zeiss Tessar 75mm F3.5 From JAPAN,rolleiflex rolleiflex,Rolleiflex,Film Cameras,Used,799.9,USD,FIXED_PRICE,grail:Tessar;good-cond,JP,rcamera.japan,100.0,2026-08-20T07:46:49.000Z,,https://www.ebay.com/itm/398306812462?hash=item5cbcefa22e:g:-nQAAeSwvSNqhrIb,https://i.ebayimg.com/images/g/-nQAAeSwvSNqhrIb/s-l225.jpg
高价,+231%,241.49,80,66.0,[Near MINT] Mamiya 645 Pro SEKOR C 80mm f/2.8 Prism Finder 120 Film Back JAPAN,mamiya pro sekor,Mamiya,Film Cameras,Used,799.99,USD,FIXED_PRICE,grail:645;good-cond,JP,konny_camera_japan,99.8,2026-08-21T09:29:57.000Z,,https://www.ebay.com/itm/318763011488?hash=item4a37c18da0:g:Vy0AAeSwU~lqiBtQ,https://i.ebayimg.com/images/g/Vy0AAeSwU~lqiBtQ/s-l225.jpg
高价,+673%,110.02,80,66.0,w/Rare Bag & Split Screen [Top Mint] Mamiya RB67 Pro S + C 127mm f3.8 From JAPAN,mamiya rb67,Mamiya,Film Cameras,Used,849.99,USD,FIXED_PRICE,grail:RB67;good-cond,JP,shib5636,100.0,2026-08-20T06:59:11.000Z,,https://www.ebay.com/itm/398306690827?hash=item5cbcedc70b:g:ersAAeSwPgVqhqaz,https://i.ebayimg.com/images/g/ersAAeSwPgVqhqaz/s-l225.jpg
高价,+104%,419.49,80,66.0,【MINT-】Leica IIIg 35mm Rangefinder Film Camera Body,leica iiig,Leica,Film Cameras,Used,854.99,USD,FIXED_PRICE,grail:Leica IIIg;good-cond,JP,japan_fun_camera,100.0,2026-08-21T01:11:07.000Z,,https://www.ebay.com/itm/188824616048?hash=item2bf6d2fc70:g:3CkAAeSwRXVqaAAR,https://i.ebayimg.com/images/g/3CkAAeSwRXVqaAAR/s-l225.jpg
高价,+104%,440.0,80,66.0,[ MINT ] Leica IIIG 35mm Rangefinder Film Camera Body From JAPAN,leica iiig,Leica,Film Cameras,Used,899.9,USD,FIXED_PRICE,grail:Leica IIIG;good-cond,JP,rcamera.japan,100.0,2026-08-20T07:51:19.000Z,,https://www.ebay.com/itm/398306835968?hash=item5cbceffe00:g:CFIAAeSwUxNqhrJ1,https://i.ebayimg.com/images/g/CFIAAeSwUxNqhrJ1/s-l225.jpg
高价,+119%,409.94,80,66.0,[Near MINT w/Backs] Mamiya RZ67 Pro Sekor Z 90mm f/3.5 120 Film Back From JAPAN,mamiya rz67,Mamiya,Film Cameras,Used,899.99,USD,FIXED_PRICE,grail:RZ67;good-cond,JP,samurai.japan.18,100.0,2026-08-21T05:59:04.000Z,,https://www.ebay.com/itm/128037446200?hash=item1dcfa06238:g:5usAAeSwKX9qh-61,https://i.ebayimg.com/images/g/5usAAeSwKX9qh-61/s-l225.jpg
高价,+775%,110.02,80,66.0,[ NEAR MINT ] MAMIYA RB67 Pro SD + K/L 90mm f/3.5 L Medium Format Camera,mamiya rb67,Mamiya,Film Cameras,Used,962.9,USD,FIXED_PRICE,grail:RB67;good-cond,JP,oi_b24,98.8,2026-08-20T04:38:37.000Z,,https://www.ebay.com/itm/800537964930?hash=itemba63c7f182:g:legAAeSwukVqJ5al,https://i.ebayimg.com/images/g/legAAeSwukVqJ5al/s-l225.jpg
高价,+100%,499.5,80,66.0,Read ALL WORKS [OPT MINT] Contax T2 Titan 35mm Silver Film Camera From JAPAN,contax t2,Contax,Film Cameras,Used,999.0,USD,FIXED_PRICE,grail:Contax T2;good-cond,JP,syashinkiten_japan,100.0,2026-08-20T15:59:08.000Z,,https://www.ebay.com/itm/327319498948?hash=item4c35c330c4:g:K9AAAeSwA-tqhybx,https://i.ebayimg.com/images/g/K9AAAeSwA-tqhybx/s-l225.jpg
高价,+1427%,70.73,80,66.0,【MINT- CLA'd】Rolleiflex 3.5E TLR Film Camera Planar MX EVS CLAd HAYATA CAMERA,rolleiflex rolleiflex,Rolleiflex,Film Cameras,Used,1079.99,USD,FIXED_PRICE,grail:Planar;good-cond,JP,japan_fun_camera,100.0,2026-08-21T01:11:07.000Z,,https://www.ebay.com/itm/188824616041?hash=item2bf6d2fc69:g:iIYAAeSwSOpqgm~g,https://i.ebayimg.com/images/g/iIYAAeSwSOpqgm~g/s-l225.jpg
高价,+282%,284.94,80,66.0,[MINT] Contax T2 Titan Silver 35mm Point & Shoot Compact Film Camera From JAPAN,contax t2,Contax,Film Cameras,Used,1089.99,USD,FIXED_PRICE,grail:Contax T2;good-cond,JP,nk_camera_japan,100.0,2026-08-20T10:48:15.000Z,,https://www.ebay.com/itm/407158277754?hash=item5ecc86467a:g:XpIAAeSww-FqhtzH,https://i.ebayimg.com/images/g/XpIAAeSww-FqhtzH/s-l225.jpg
高价,+511%,179.99,80,66.0,Pro S *Almost MINT w/ Hood* Mamiya C330 TLR Camera + Sekor S 80mm f/2.8 Lens JPN,mamiya c330,Mamiya,Film Cameras,Used,1099.99,USD,FIXED_PRICE,grail:Mamiya C330;good-cond,JP,harry_camera_japan,100.0,2026-08-21T03:05:49.000Z,,https://www.ebay.com/itm/137645565443?hash=item200c50a603:g:ZSsAAeSwXeFqh7-M,https://i.ebayimg.com/images/g/ZSsAAeSwXeFqh7-M/s-l225.jpg
高价,+298%,284.94,80,66.0,[N MINT] Contax T2 Titan Silver 35mm Point & Shoot Film Camera Japan #2175,contax t2,Contax,Film Cameras,Used,1134.99,USD,FIXED_PRICE,grail:Contax T2;good-cond,JP,sakura_snap_store,100.0,2026-08-20T13:20:08.000Z,,https://www.ebay.com/itm/398307696529?hash=item5cbcfd1f91:g:w~EAAeSw3DNqfsGN,https://i.ebayimg.com/images/g/w~EAAeSw3DNqfsGN/s-l225.jpg
高价,+138%,482.42,80,66.0,[MINT] Mamiya RZ67 Pro Film Camera Sekor Z 65mm f/4 Lens From JAPAN,mamiya rz67,Mamiya,Film Cameras,Used,1149.99,USD,FIXED_PRICE,grail:RZ67;good-cond,JP,japan_camera_0511,100.0,2026-08-20T04:41:33.000Z,,https://www.ebay.com/itm/227483456843?hash=item34f712154b:g:yqcAAeSw0KVqhoX4,https://i.ebayimg.com/images/g/yqcAAeSw0KVqhoX4/s-l225.jpg
高价,+991%,110.02,80,66.0,CLA'd Lens [N MINT] Mamiya RB67 Pro SD Film Camera KL 127mm f/3.5 L 120 Back JPN,mamiya rb67,Mamiya,Film Cameras,Used,1199.9,USD,FIXED_PRICE,grail:RB67;good-cond,JP,milyenb_64,100.0,2026-08-20T06:30:25.000Z,,https://www.ebay.com/itm/298603342619?hash=item4586256b1b:g:-gIAAeSwIK1qhqAw,https://i.ebayimg.com/images/g/-gIAAeSwIK1qhqAw/s-l225.jpg
高价,+140%,499.5,80,66.0,All Work[N MINT] Contax T2 Titan Black Point & Shoot 35mm Film Camera From JAPAN,contax t2,Contax,Film Cameras,Used,1199.99,USD,FIXED_PRICE,grail:Contax T2;good-cond,JP,hrk.k-21,100.0,2026-08-21T08:50:14.000Z,,https://www.ebay.com/itm/298606343595?hash=item45865335ab:g:5DcAAeSwM89qiBHF,https://i.ebayimg.com/images/g/5DcAAeSwM89qiBHF/s-l225.jpg
高价,+53%,849.99,80,66.0,⏯ 2 Lens [MINT] Contax G1 Rangefinder Film Camera 28mm 90mm TLA140 Flash JAPAN,contax g1,Contax,Film Cameras,Used,1299.99,USD,FIXED_PRICE,grail:Contax G1;good-cond,JP,ninja-camera,100.0,2026-08-21T07:30:17.000Z,,https://www.ebay.com/itm/820030230472?hash=itembeed9c4fc8:g:sCQAAeSw04tqh~9F,https://i.ebayimg.com/images/g/sCQAAeSw04tqh~9F/s-l225.jpg
高价,+160%,499.5,80,66.0,ALL works [Top MINT] Contax T2 Titan Silver 35mm Point & Shoot Film Camera JAPAN,contax t2,Contax,Film Cameras,Used,1299.99,USD,FIXED_PRICE,grail:Contax T2;good-cond,JP,zen-camera-japan,99.6,2026-08-21T06:06:53.000Z,,https://www.ebay.com/itm/188825566151?hash=item2bf6e17bc7:g:Cr0AAeSwSUNqh-8Y,https://i.ebayimg.com/images/g/Cr0AAeSwSUNqh-8Y/s-l225.jpg
高价,+62%,849.99,80,66.0,2Lens [MINT w/ Strap] Contax G1 Green Label Film Camera 28mm 90mm TLA140 JAPAN,contax g1,Contax,Film Cameras,Used,1379.99,USD,FIXED_PRICE,grail:Contax G1;good-cond,JP,haramijapan,100.0,2026-08-21T08:36:32.000Z,,https://www.ebay.com/itm/336754033488?hash=item4e681ac350:g:1EUAAeSwyTVqiA9x,https://i.ebayimg.com/images/g/1EUAAeSwyTVqiA9x/s-l225.jpg
高价,+7071%,19.51,80,66.0,Leica M3 Double Stroke Rangefinder Film Camera body from Japan [Exc+3],leica m3,Leica,Film Cameras,Used,1399.0,USD,FIXED_PRICE,grail:Leica M3;good-cond,JP,aa2com,100.0,2026-08-20T05:09:09.000Z,,https://www.ebay.com/itm/237018241153?hash=item372f635881:g:4G8AAeSw1Pxqhorn,https://i.ebayimg.com/images/g/4G8AAeSw1Pxqhorn/s-l225.jpg
高价,+180%,499.5,80,66.0,"[TOP MINT w/BOX, CASE] CONTAX T2 Silver 35mm Point & Shoot Film Camera Japan",contax t2,Contax,Film Cameras,Used,1399.99,USD,FIXED_PRICE,grail:CONTAX T2;good-cond,JP,tokiocamera,100.0,2026-08-21T08:17:02.000Z,,https://www.ebay.com/itm/318762761197?hash=item4a37bdbbed:g:aIkAAeSw2o5qiAhB,https://i.ebayimg.com/images/g/aIkAAeSw2o5qiAhB/s-l225.jpg
高价,+7277%,19.52,80,66.0,【N MINT+++】Leica M3 DS Rangefinder Film Camera Body,leica m3,Leica,Film Cameras,Used,1439.99,USD,FIXED_PRICE,grail:Leica M3;good-cond,JP,japan_fun_camera,100.0,2026-08-21T01:12:28.000Z,,https://www.ebay.com/itm/188824621572?hash=item2bf6d31204:g:WmkAAeSwtZBp9Cjo,https://i.ebayimg.com/images/g/WmkAAeSwtZBp9Cjo/s-l225.jpg
高价,+7277%,19.52,80,66.0,【N MINT+++Meter Works】Leica M3 SS Rangefinder Film Camera Body silver,leica m3,Leica,Film Cameras,Used,1439.99,USD,FIXED_PRICE,grail:Leica M3;good-cond,JP,japan_fun_camera,100.0,2026-08-21T01:11:07.000Z,,https://www.ebay.com/itm/188824616055?hash=item2bf6d2fc77:g:~8UAAeSwjF1qWDEx,https://i.ebayimg.com/images/g/~8UAAeSwjF1qWDEx/s-l225.jpg
高价,+7584%,19.52,80,66.0,[Near MINT-] Leica M3 Double Stroke Rangefinder 35mm Film Camera From JAPAN,leica m3,Leica,Film Cameras,Used,1499.9,USD,FIXED_PRICE,grail:Leica M3;good-cond,JP,shshio-55,99.5,2026-08-20T22:54:49.000Z,,https://www.ebay.com/itm/377436855291?hash=item57e0fd5bfb:g:ucgAAeSwie9qh4Zv,https://i.ebayimg.com/images/g/ucgAAeSwie9qh4Zv/s-l225.jpg
高价,+200%,499.5,80,66.0,[MINT in Box] Contax T2 Titan Silver 35mm Point & Shoot Film Camera From JAPAN,contax t2,Contax,Film Cameras,Used,1499.99,USD,FIXED_PRICE,grail:Contax T2;good-cond,JP,milyenb_64,100.0,2026-08-21T08:25:41.000Z,,https://www.ebay.com/itm/298606287632?hash=item4586525b10:g:x14AAeSwGatqiA7s,https://i.ebayimg.com/images/g/x14AAeSwGatqiA7s/s-l225.jpg
高价,+7584%,19.52,80,66.0,[MINT w/case] Leica M3 Single Stroke SS 35mm Film Camera Body From JAPAN,leica m3,Leica,Film Cameras,Used,1499.99,USD,FIXED_PRICE,grail:Leica M3;good-cond,JP,shima-0201,99.8,2026-08-21T07:22:37.000Z,,https://www.ebay.com/itm/287537746964?hash=item42f295d414:g:1nQAAeSwuQVqh~0G,https://i.ebayimg.com/images/g/1nQAAeSwuQVqh~0G/s-l225.jpg
高价,+7844%,19.51,80,66.0,[ Near MINT ] Leica M3 DS Double Stroke 35mm Rangefinder Film Camera From JAPAN,leica m3,Leica,Film Cameras,Used,1549.9,USD,FIXED_PRICE,grail:Leica M3;good-cond,JP,vintagehighqualitycamerashopymmmcamera,100.0,2026-08-20T06:29:56.000Z,,https://www.ebay.com/itm/398306615605?hash=item5cbceca135:g:snMAAeSwOCtqhp~Y,https://i.ebayimg.com/images/g/snMAAeSwOCtqhp~Y/s-l225.jpg
高价,+461%,284.94,80,66.0,[MINT in BOX] Contax T2 Titan Black Point & Shoot 35mm Film Camera JAPAN #260,contax t2,Contax,Film Cameras,Used,1599.0,USD,FIXED_PRICE,grail:Contax T2;good-cond,JP,japan_otter_camera,99.6,2026-08-20T04:59:41.000Z,,https://www.ebay.com/itm/407157659134?hash=item5ecc7cd5fe:g:3mcAAeSwZPJp4OE~,https://i.ebayimg.com/images/g/3mcAAeSwZPJp4OE~/s-l225.jpg
高价,+1214%,127.75,80,66.0,Rollei Rolleiflex 3.5F TLR White Face PLANAR 75mm f3.5 Prism Finder [Exc] #14589,rollei rolleiflex,Rollei,Film Cameras,Used,1679.0,USD,FIXED_PRICE,grail:PLANAR;good-cond,JP,camera-honpo,99.5,2026-08-20T12:15:27.000Z,,https://www.ebay.com/itm/800539767769?hash=itemba63e373d9:g:NuQAAeSwyBdpjotz,https://i.ebayimg.com/images/g/NuQAAeSwyBdpjotz/s-l225.jpg
高价,+567%,284.94,80,66.0,Tested! Limited Black 2000 [N MINT in Box] Contax T2 35mm Film Camera JAPAN #353,contax t2,Contax,Film Cameras,Used,1899.99,USD,"FIXED_PRICE,BEST_OFFER",grail:Contax T2;good-cond,JP,zenmo.camera-japan,100.0,2026-08-20T11:09:16.000Z,,https://www.ebay.com/itm/800539493189?hash=itemba63df4345:g:lW0AAeSwli9qfGou,https://i.ebayimg.com/images/g/lW0AAeSwli9qfGou/s-l225.jpg
高价,+2848%,67.83,80,66.0,[Near MINT] Rolleiflex 2.8c Xenotar 80mm F 2.8 TLR 6X6 film Camera from JAPAN,rolleiflex rolleiflex,Rolleiflex,Film Cameras,Used,1999.99,USD,FIXED_PRICE,grail:Xenotar;good-cond,JP,cinwa_mt.aso,100.0,2026-08-20T08:29:57.000Z,,https://www.ebay.com/itm/298603577335?hash=item458628fff7:g:deIAAeSw7RNqhrrS,https://i.ebayimg.com/images/g/deIAAeSw7RNqhrrS/s-l225.jpg
高价,+2848%,67.83,80,66.0,[Top MINT] Rolleiflex 2.8C Type 3 + Planar 80mm f/2.8 Film camera From JAPAN,rolleiflex rolleiflex,Rolleiflex,Film Cameras,Used,1999.99,USD,FIXED_PRICE,grail:Planar;good-cond,JP,fuku._34,100.0,2026-08-20T07:17:10.000Z,,https://www.ebay.com/itm/206505189692?hash=item3014ab213c:g:Ms0AAeSwi79pVlK5,https://i.ebayimg.com/images/g/Ms0AAeSwi79pVlK5/s-l225.jpg
高价,+246%,810.0,80,66.0,CLA'd Black [MINT w/ Meter] Hasselblad 500 C/M CM Camera + C 80mm A12 from Japan,hasselblad 500,Hasselblad,Film Cameras,Used,2799.99,USD,FIXED_PRICE,grail:500 C;good-cond,JP,tarmanpuk_0,99.7,2026-08-21T00:19:57.000Z,,https://www.ebay.com/itm/287537201789?hash=item42f28d827d:g:4CYAAeSwUg1p7O78,https://i.ebayimg.com/images/g/4CYAAeSwUg1p7O78/s-l225.jpg
高价,+4175%,67.83,80,66.0,White Face Planar [ MINT w/ Case ] Rolleiflex 3.5F TLR Film Camera From JAPAN,rolleiflex rolleiflex,Rolleiflex,Film Cameras,Used,2899.9,USD,FIXED_PRICE,grail:Planar;good-cond,JP,rcamera.japan,100.0,2026-08-20T08:27:07.000Z,,https://www.ebay.com/itm/398306904592?hash=item5cbcf10a10:g:YMQAAeSwieZqhruK,https://i.ebayimg.com/images/g/YMQAAeSwieZqhruK/s-l225.jpg
高价,+5876%,48.53,80,66.0,READ [MINT] Hasselblad 903 SWC Camera Body 38mm Lens A12 III Back + Strap JAPAN,hasselblad swc,Hasselblad,Film Cameras,Used,2899.99,USD,"FIXED_PRICE,BEST_OFFER",grail:SWC;good-cond,JP,kawamura-camera,99.7,2026-08-21T00:04:42.000Z,,https://www.ebay.com/itm/117370702149?hash=item1b53d6c945:g:G80AAeSwFfJqhus3,https://i.ebayimg.com/images/g/G80AAeSwFfJqhus3/s-l225.jpg
高价,+757%,349.99,80,66.0,AFD Grid Matte [Top MINT] Mamiya 645 Camera Body AF 80mm f/2.8 Lens From JAPAN,mamiya 80mm f2.8,Mamiya,Film Cameras,Used,2999.99,USD,FIXED_PRICE,grail:645;good-cond,JP,kuwashiku.05,99.6,2026-08-21T01:41:51.000Z,,https://www.ebay.com/itm/178428282329?hash=item298b2785d9:g:joIAAeSw0jpqh62Y,https://i.ebayimg.com/images/g/joIAAeSw0jpqh62Y/s-l225.jpg
高价,+6007%,70.73,80,66.0,【MINT】Rolleiflex 2.8FX TLR Film Camera Planar 80mm f/2.8 Lens,rolleiflex rolleiflex,Rolleiflex,Film Cameras,Used,4319.99,USD,FIXED_PRICE,grail:Planar;good-cond,JP,japan_fun_camera,100.0,2026-08-21T01:15:29.000Z,,https://www.ebay.com/itm/188824627149?hash=item2bf6d327cd:g:ClgAAeSwalJotk61,https://i.ebayimg.com/images/g/ClgAAeSwalJotk61/s-l225.jpg
高价,+1813%,240.5,80,66.0,⏯️ALL Works [NEAR MINT] Mamiya 7 Rangefinder 6x7 Body N 80mm F4 L Lens JAPAN,mamiya 7,Mamiya,Film Cameras,Used,4599.99,USD,"FIXED_PRICE,BEST_OFFER",grail:6x7;good-cond,JP,tomooka_49,99.8,2026-08-21T00:24:34.000Z,,https://www.ebay.com/itm/158210659125?hash=item24d6171335:g:jjsAAeSwCMRqILCt,https://i.ebayimg.com/images/g/jjsAAeSwCMRqILCt/s-l225.jpg
合理,-0%,229.99,65,65.0,【EXC】 Mamiya MAMIYA C3 PROFESSIONAL 105mm F3.5 LensCap FromJapan #yk10034,mamiya c3,Mamiya,Film Cameras,Used,229.09,USD,FIXED_PRICE,good-cond,JP,somtom_9,99.3,2026-08-21T08:55:41.000Z,,https://www.ebay.com/itm/188826206192?hash=item2bf6eb3ff0:g:8lYAAeSwndxqiBNE,https://i.ebayimg.com/images/g/8lYAAeSwndxqiBNE/s-l225.jpg
合理,-3%,249.99,62,65.0,【EXC+++++】Mamiya C33 Pro TLR 6x6 Film Camera 105mm f/3.5 Lens,mamiya c33,Mamiya,Film Cameras,Used,242.99,USD,FIXED_PRICE,good-cond,JP,japan_fun_camera,100.0,2026-08-21T01:15:30.000Z,,https://www.ebay.com/itm/188824627310?hash=item2bf6d3286e:g:U6AAAOSwIvVoI-GG,https://i.ebayimg.com/images/g/U6AAAOSwIvVoI-GG/s-l225.jpg
合理,+1%,282.49,24,65.0,［Mint］Contax Tix APS Film Camera Carl Zeiss Lens F2.8 in Box From JAPAN,contax tix aps,Contax,Film Cameras,Used,284.99,USD,"FIXED_PRICE,BEST_OFFER",good-cond,JP,itsuki.japan.camera,100.0,2026-08-21T04:26:28.000Z,,https://www.ebay.com/itm/820029824719?hash=itembeed961ecf:g:E4gAAeSwvA9qVt1y,https://i.ebayimg.com/images/g/E4gAAeSwvA9qVt1y/s-l225.jpg
高价,+655%,41.07,80,65.0,2Lens [MINT] Canon AE-1 SLR Film Camera FD 50mm f1.4 SSC S.S.C.+55mm f/1.2 JAPAN,canon ae-1,Canon,Film Cameras,Used,309.99,USD,"FIXED_PRICE,BEST_OFFER",grail:AE-1;mount:canon fd;55mm;good-cond,JP,asami-camerashop-japan,100.0,2026-08-21T02:05:14.000Z,,https://www.ebay.com/itm/800542839532?hash=itemba641252ec:g:Of0AAeSwPF9o8Pgz,https://i.ebayimg.com/images/g/Of0AAeSwPF9o8Pgz/s-l225.jpg
合理,-3%,649.94,70,65.0,[Near MINT] TOYO FIELD 45A 45 A 4x5 Large Format Film Camera Body From JAPAN,toyo 45a,Toyo,Film Cameras,Used,629.99,USD,"FIXED_PRICE,BEST_OFFER",good-cond,JP,yosuke_camera,99.7,2026-08-20T11:43:50.000Z,,https://www.ebay.com/itm/188821869722?hash=item2bf6a9149a:g:4dIAAeSwEU1qhubx,https://i.ebayimg.com/images/g/4dIAAeSwEU1qhubx/s-l225.jpg
合理,+9%,639.99,74,65.0,【N MINT】 TOYO FIELD 45A 4x5 Large Format Film Camera Body w/ Fidelity From JAPAN,toyo 45a,Toyo,Film Cameras,Used,699.99,USD,FIXED_PRICE,good-cond,JP,atsuin_camera,100.0,2026-08-21T00:48:12.000Z,,https://www.ebay.com/itm/398309547959?hash=item5cbd195fb7:g:N7cAAeSw-9Fqh6DE,https://i.ebayimg.com/images/g/N7cAAeSw-9Fqh6DE/s-l225.jpg
合理,+9%,639.99,74,65.0,[MINT]TOYO Field 45A 4x5 Large Format Film Camera + Linhof Lens Board Adapter JP,toyo 45a,Toyo,Film Cameras,Used,699.99,USD,FIXED_PRICE,good-cond,JP,daruma_camera_japan,99.5,2026-08-20T14:15:39.000Z,,https://www.ebay.com/itm/407158740235?hash=item5ecc8d550b:g:0x0AAeSw7dJqhwzL,https://i.ebayimg.com/images/g/0x0AAeSw7dJqhwzL/s-l225.jpg
合理,+9%,669.0,17,65.0,Leica Leitz Leica R6 Black Body #1745658 Analog Camera,leica r6,Leica,Film Cameras,Used,729.9,USD,"FIXED_PRICE,BEST_OFFER",grail:Leica R6,AT,mintandrare,99.9,2026-08-20T09:10:02.000Z,,https://www.ebay.com/itm/147517202761?hash=item2258b5e149:g:Ps0AAeSwqn9qho18,https://i.ebayimg.com/images/g/Ps0AAeSwqn9qho18/s-l225.jpg
偏高,+44%,665.5,80,65.0,"Leica IIIf Red Dial, Self Timer, 5cm f3.5 Elmar 797939",leica iiif red,Leica,Film Cameras,Used,958.0,USD,FIXED_PRICE,grail:Leica IIIf,US,camerawest,99.1,2026-08-20T20:10:51.000Z,,https://www.ebay.com/itm/287536848384?hash=item42f2881e00:g:-JUAAeSwbp5qhwS3,https://i.ebayimg.com/images/g/-JUAAeSwbp5qhwS3/s-l225.jpg
合理,+8%,1099.99,72,65.0,Leica Minilux Summarit 40mm f/2.4 Black Film Compact Camera #23992,leica minilux,Leica,Film Cameras,Used,1189.0,USD,FIXED_PRICE,grail:Minilux,HK,mkkcamera,100.0,2026-08-20T07:19:30.000Z,,https://www.ebay.com/itm/327318973810?hash=item4c35bb2d72:g:emkAAeSwVsxqhqp3,https://i.ebayimg.com/images/g/emkAAeSwVsxqhqp3/s-l225.jpg
偏高,+22%,3499.99,70,65.0,Contax T3 Titanium Black Double Teeth 35mm Film Camera w/ 35mm Sonnar Lens #815,contax t3,Contax,Film Cameras,Excellent - Refurbished,4279.99,USD,"FIXED_PRICE,BEST_OFFER",grail:Contax T3,US,robertscamera,99.8,2026-08-21T01:17:52.000Z,,https://www.ebay.com/itm/407159825673?hash=item5ecc9de509:g:5cIAAeSwWkZqh6c5,https://i.ebayimg.com/images/g/5cIAAeSwWkZqh6c5/s-l225.jpg
偏高,+40%,53.68,80,64.0,Konica Big Mini Neo-R Point & Shoot 35mm Film Camera [Near MINT] From JAPAN #317,konica big mini,Konica,Film Cameras,Used,74.99,USD,FIXED_PRICE,grail:Big Mini;good-cond,JP,lingenterpr-0,100.0,2026-08-20T13:58:31.000Z,,https://www.ebay.com/itm/178426736029?hash=item298b0fed9d:g:SAIAAeSwMcdqhwhH,https://i.ebayimg.com/images/g/SAIAAeSwMcdqhwhH/s-l225.jpg
偏低,-25%,99.99,80,64.0,Pentax K1000 SE 35mm SLR Film Camera Body Only Tested Working No Lens,pentax k1000,Pentax,Film Cameras,Used,75.0,USD,"FIXED_PRICE,BEST_OFFER",grail:K1000,US,dmydonih-0,100.0,2026-08-20T12:00:51.000Z,,https://www.ebay.com/itm/377435296954?hash=item57e0e594ba:g:HD4AAeSwMDlqbOn8,https://i.ebayimg.com/images/g/HD4AAeSwMDlqbOn8/s-l225.jpg
合理,-6%,90.0,80,64.0,Minolta SRT-202 35mm Film Camera w/ ROKKOR-X 50mm f1.7 & Aetna Rokunar MC Lenses,minolta srt-202,Minolta,Film Cameras,Used,84.95,USD,FIXED_PRICE,grail:SRT-202;mount:minolta md,US,treasuredepot,100.0,2026-08-20T15:52:46.000Z,,https://www.ebay.com/itm/198584669519?hash=item2e3c91954f:g:B28AAeSwE~Fqhwhm,https://i.ebayimg.com/images/g/B28AAeSwE~Fqhwhm/s-l225.jpg
合理,+10%,99.99,80,64.0,Vintage Pentax K1000 35mm SLR Film Camera With 35-70mm f/3.5-4.8 PK Mount Lens,pentax k1000,Pentax,Vintage Cameras,,109.99,USD,FIXED_PRICE,grail:K1000;mount:pentax k,US,goodwillsocalshop,99.7,2026-08-20T13:30:59.000Z,,https://www.ebay.com/itm/267762637572?hash=item3e57e59b04:g:EWQAAeSwJoxqfdZV,https://i.ebayimg.com/images/g/EWQAAeSwJoxqfdZV/s-l225.jpg
高价,+343%,27.1,80,64.0,*READ : Near Mint* Pentax SP Spotmatic Camera Super Takumar 55mm F/1.8 Lens,pentax spotmatic,Pentax,Film Cameras,Used,119.99,USD,FIXED_PRICE,grail:Pentax SP;55mm;good-cond,JP,dub0804-55,100.0,2026-08-20T11:46:01.000Z,,https://www.ebay.com/itm/366618094844?hash=item555c242cfc:g:6ZEAAeSw-8lqhuqO,https://i.ebayimg.com/images/g/6ZEAAeSw-8lqhuqO/s-l225.jpg
偏高,+40%,100.0,80,64.0,[MINT+++] Canon A-1 35mm SLR Film Camera Black Body Only From JAPAN,canon a-1,Canon,Film Cameras,Used,139.99,USD,FIXED_PRICE,grail:Canon A-1;good-cond,JP,mublo_8,100.0,2026-08-21T04:25:42.000Z,,https://www.ebay.com/itm/398310107076?hash=item5cbd21e7c4:g:If0AAeSwGGJqh9PE,https://i.ebayimg.com/images/g/If0AAeSwGGJqh9PE/s-l225.jpg
无基准,,,,64.0,Carl Zeiss Planar T 50mm f/1.7 C/Y Mount Camera Lens for Contax Yashica #6971126,zeiss planar 50mm f1.7,Zeiss,Lenses,Used,139.99,USD,FIXED_PRICE,grail:Planar;mount:contax/yashica,US,electricalboutique,99.2,2026-08-20T17:24:32.000Z,,https://www.ebay.com/itm/327319591140?hash=item4c35c498e4:g:--oAAeSw2npqhzfV,https://i.ebayimg.com/images/g/--oAAeSw2npqhzfV/s-l225.jpg
偏高,+23%,116.99,80,64.0,【EXC】 Olympus μ mju ZOOM 105 DELUXE 38-105mm FromJapan #my1344,olympus mju 105,Olympus,Film Cameras,Used,143.63,USD,FIXED_PRICE,grail:mju;good-cond,JP,somtom_9,99.3,2026-08-21T08:54:48.000Z,,https://www.ebay.com/itm/188826205229?hash=item2bf6eb3c2d:g:vKEAAeSw1nRqiBNH,https://i.ebayimg.com/images/g/vKEAAeSw1nRqiBNH/s-l225.jpg
偏高,+14%,129.0,80,64.0,[N-MINT/in Box Case/Fully Tested] Olympus μ Mju Zoom 140 Deluxe 35mm Film Camera,olympus mju 140,Olympus,Film Cameras,Used,146.99,USD,FIXED_PRICE,grail:Mju;good-cond,JP,kurmas-12,100.0,2026-08-21T06:40:02.000Z,,https://www.ebay.com/itm/336753876277?hash=item4e68185d35:g:9l4AAeSwrBNqceuB,https://i.ebayimg.com/images/g/9l4AAeSwrBNqceuB/s-l225.jpg
偏高,+44%,103.9,80,64.0,[Exc+4] Olympus mju ZOOM 105 DELUXE 35mm Film Camera Fully Tested From Japan,olympus mju 105,Olympus,Film Cameras,Used,150.0,USD,"FIXED_PRICE,BEST_OFFER",grail:mju;good-cond,JP,hanayoridango_japan,0.0,2026-08-20T11:34:27.000Z,,https://www.ebay.com/itm/800539599480?hash=itemba63e0e278:g:H4cAAeSwvSNqhur4,https://i.ebayimg.com/images/g/H4cAAeSwvSNqhur4/s-l225.jpg
偏高,+41%,116.99,80,64.0,【EXC】 Olympus μ mju ZOOM 105 38-105mm FromJapan #my1299,olympus mju 105,Olympus,Film Cameras,Used,164.43,USD,FIXED_PRICE,grail:mju;good-cond,JP,somtom_9,99.3,2026-08-21T08:53:22.000Z,,https://www.ebay.com/itm/188826203641?hash=item2bf6eb35f9:g:k5YAAeSwkhFqiBMt,https://i.ebayimg.com/images/g/k5YAAeSwkhFqiBMt/s-l225.jpg
合理,-5%,189.99,68,64.0,[NEAR MINT] Konica Big Mini BM-301 Point & Shoot Compact 35mm Film Camera Japan,konica bm-301,Konica,Film Cameras,Used,179.99,USD,FIXED_PRICE,grail:Big Mini;good-cond;low-feedback,JP,new_old_japon,91.7,2026-08-20T13:49:44.000Z,,https://www.ebay.com/itm/398307788593?hash=item5cbcfe8731:g:UJgAAeSwhFRqhwRV,https://i.ebayimg.com/images/g/UJgAAeSwhFRqhwRV/s-l225.jpg
偏高,+19%,168.0,41,64.0,[Top MINT] Zenza Bronica Zenzanon S 200mm f4.5 Lens For SQ A Ai Am B From JAPAN,bronica 200mm f4.5,Bronica,Lenses,Used,199.99,USD,FIXED_PRICE,grail:Bronica Zenzanon;good-cond,JP,camera_japan_chiba,100.0,2026-08-20T08:35:19.000Z,,https://www.ebay.com/itm/128035907638?hash=item1dcf88e836:g:nKUAAeSwyIRqhr0A,https://i.ebayimg.com/images/g/nKUAAeSwyIRqhr0A/s-l225.jpg
偏高,+32%,189.99,68,64.0,LCD Works [Top MINT] Konica Big mini BM-301 Black 35mm Film Camera From JAPAN,konica bm-301,Konica,Film Cameras,Used,249.99,USD,FIXED_PRICE,grail:Big mini;good-cond,JP,mublo_8,100.0,2026-08-21T04:09:32.000Z,,https://www.ebay.com/itm/398310077435?hash=item5cbd2173fb:g:88oAAeSwcXFqh8~2,https://i.ebayimg.com/images/g/88oAAeSwcXFqh8~2/s-l225.jpg
高价,+864%,26.97,80,64.0,*Near Mint ++* Pentax SP Spotmatic Camera Super Takumar 55mm F/1.8 Lens From JP,pentax spotmatic,Pentax,Film Cameras,Used,259.99,USD,FIXED_PRICE,grail:Pentax SP;55mm;good-cond,JP,dub0804-55,100.0,2026-08-21T11:34:44.000Z,,https://www.ebay.com/itm/366620397037?hash=item555c474ded:g:qpcAAOSw4JVj8Vsv,https://i.ebayimg.com/images/g/qpcAAOSw4JVj8Vsv/s-l225.jpg
高价,+864%,26.97,80,64.0,*Almost Mint* Pentax SP Spotmatic Camera Super Takumar 55mm F/1.8 Lens / Japan,pentax spotmatic,Pentax,Film Cameras,Used,259.99,USD,FIXED_PRICE,grail:Pentax SP;55mm;good-cond,JP,dub0804-55,100.0,2026-08-21T11:34:44.000Z,,https://www.ebay.com/itm/366620397063?hash=item555c474e07:g:nPIAAeSwcOVoGshn,https://i.ebayimg.com/images/g/nPIAAeSwcOVoGshn/s-l225.jpg
高价,+864%,26.97,80,64.0,*Near Mint ++* Pentax SP Spotmatic Camera SMC Takumar 55mm F/1.8 Lens From Japan,pentax spotmatic,Pentax,Film Cameras,Used,259.99,USD,FIXED_PRICE,grail:Pentax SP;55mm;good-cond,JP,dub0804-55,100.0,2026-08-21T11:34:44.000Z,,https://www.ebay.com/itm/366620397095?hash=item555c474e27:g:8M8AAOSw7iRmMB-u,https://i.ebayimg.com/images/g/8M8AAOSw7iRmMB-u/s-l225.jpg
偏高,+17%,229.99,68,64.0,Olympus μ mju II 170 VF 35mm Point & Shoot Film Camera Near Mint Japan 20260532,olympus mju 170,Olympus,Film Cameras,Used,269.87,USD,"FIXED_PRICE,BEST_OFFER",grail:mju;good-cond,JP,takayu14,100.0,2026-08-20T23:39:22.000Z,,https://www.ebay.com/itm/178428028348?hash=item298b23a5bc:g:H9EAAeSw5mlqJg30,https://i.ebayimg.com/images/g/H9EAAeSw5mlqJg30/s-l225.jpg
偏高,+16%,232.49,80,64.0,DUTY PAID OLYMPUS Mju II 170 VF 35mm Point $ Shoot Compact Film Camera Top Mint,olympus mju 170,Olympus,Film Cameras,Used,269.99,USD,FIXED_PRICE,grail:Mju;good-cond,JP,tokyo_camera_select,99.6,2026-08-20T05:57:44.000Z,,https://www.ebay.com/itm/178425563440?hash=item298afe0930:g:c-MAAeSwo5FqhpdB,https://i.ebayimg.com/images/g/c-MAAeSwo5FqhpdB/s-l225.jpg
偏高,+22%,228.82,80,64.0,Near Mint Olympus μ mju II 80 VF 35mm Film Camera Point & Shoot with Case JAPAN,olympus mju 80,Olympus,Film Cameras,Used,279.99,USD,"FIXED_PRICE,BEST_OFFER",grail:mju;good-cond,JP,itsuki.japan.camera,100.0,2026-08-21T04:12:14.000Z,,https://www.ebay.com/itm/820029804104?hash=itembeed95ce48:g:QGMAAeSwQe1qhUyR,https://i.ebayimg.com/images/g/QGMAAeSwQe1qhUyR/s-l225.jpg
偏高,+32%,227.31,80,64.0,【 NEAR MINT 】 Nikon New FM2 FM2N Silver 35mm Film Camera From Japan #0890,nikon fm2,Nikon,Film Cameras,Used,299.99,USD,"FIXED_PRICE,BEST_OFFER",grail:FM2;good-cond,JP,hisagi.camera.marketjp,100.0,2026-08-20T09:07:50.000Z,,https://www.ebay.com/itm/377434857878?hash=item57e0dee196:g:5pAAAeSwSUNqhsMU,https://i.ebayimg.com/images/g/5pAAAeSwSUNqhsMU/s-l225.jpg
偏高,+14%,306.19,80,64.0,【MINT w/Filter】Hasselblad Carl Zeiss Sonnar C 150mm f4 T* Black Lens From JAPAN,hasselblad sonnar 150mm f4,Hasselblad,Lenses,Used,349.99,USD,FIXED_PRICE,grail:Sonnar;good-cond,JP,classic-camera-japan-harada,100.0,2026-08-20T16:05:03.000Z,,https://www.ebay.com/itm/257693015773?hash=item3bffb35edd:g:HoQAAeSwcLlqOWhv,https://i.ebayimg.com/images/g/HoQAAeSwcLlqOWhv/s-l225.jpg
偏高,+40%,271.9,80,64.0,[Near Mint] Nikon New FM2 FM2N Black 35mm Film Camera Body From JAPAN,nikon fm2,Nikon,Film Cameras,Used,379.99,USD,FIXED_PRICE,grail:FM2;good-cond,JP,samurai-1173-cam,100.0,2026-08-20T20:33:26.000Z,,https://www.ebay.com/itm/318760401908?hash=item4a3799bbf4:g:NsAAAeSwGGJqQ3fV,https://i.ebayimg.com/images/g/NsAAAeSwGGJqQ3fV/s-l225.jpg
偏高,+36%,283.68,80,64.0,Grid Screen [N MINT] Nikon F3 Eye Level 35mm SLR Film Camera MF-14 From JAPAN,nikon f3,Nikon,Film Cameras,Used,385.9,USD,FIXED_PRICE,grail:Nikon F3;good-cond,JP,samurai_camera,100.0,2026-08-21T10:04:19.000Z,,https://www.ebay.com/itm/298606481038?hash=item4586554e8e:g:sR8AAeSwUy9pcsIm,https://i.ebayimg.com/images/g/sR8AAeSwUy9pcsIm/s-l225.jpg
偏高,+41%,283.68,80,64.0,[Exc+5] Nikon F3 HP w/ AS-4 Film Camera Body From JAPAN,nikon f3,Nikon,Film Cameras,Used,399.99,USD,FIXED_PRICE,grail:Nikon F3;good-cond,JP,japan_collects,100.0,2026-08-21T03:58:31.000Z,,https://www.ebay.com/itm/198585761713?hash=item2e3ca23fb1:g:~OEAAeSwicVqh82g,https://i.ebayimg.com/images/g/~OEAAeSwicVqh82g/s-l225.jpg
偏高,+14%,349.99,49,64.0,[Top MINT] Mamiya Sekor C 45mm f2.8 S Lens For M645 645 1000S Pro TL Super JAPAN,mamiya sekor 45mm f2.8,Mamiya,Lenses,Used,399.99,USD,FIXED_PRICE,grail:645;good-cond,JP,ham_7373,100.0,2026-08-20T14:40:24.000Z,,https://www.ebay.com/itm/366618416122?hash=item555c2913fa:g:iQsAAeSwFh9qhxXv,https://i.ebayimg.com/images/g/iQsAAeSwFh9qhxXv/s-l225.jpg
偏高,+12%,399.99,80,64.0,Leica ELMARIT-M 90mm F2.8 Black 1st Rangefinder Camera Lenses Tested [Near Mint],leica elmarit 90mm f2.8,Leica,Lenses,Used,450.0,USD,"FIXED_PRICE,BEST_OFFER",grail:ELMARIT;good-cond,JP,re-camera,99.8,2026-08-20T14:41:30.000Z,,https://www.ebay.com/itm/227484163071?hash=item34f71cdbff:g:ImgAAeSwau1qhxWk,https://i.ebayimg.com/images/g/ImgAAeSwau1qhxWk/s-l225.jpg
偏高,+40%,356.44,80,64.0,[ Top MINT ] Voigtlander NOKTON Classic 35mm F1.4 II MC-Multi Coat From JAPAN,voigtlander nokton 35mm f1.4,Voigtlander,Lenses,Used,499.9,USD,FIXED_PRICE,grail:NOKTON;good-cond,JP,rcamera.japan,100.0,2026-08-20T08:25:32.000Z,,https://www.ebay.com/itm/398306902498?hash=item5cbcf101e2:g:0zEAAeSwUXpqhrq3,https://i.ebayimg.com/images/g/0zEAAeSwUXpqhrq3/s-l225.jpg
偏高,+25%,399.99,80,64.0,Meter Works[NEAR MINT] Pentax 6x7 67 TTL film Camera Body + Magnifier From JAPAN,pentax 67,Pentax,Film Cameras,Used,499.99,USD,FIXED_PRICE,grail:6x7;good-cond,JP,daruma_camera_japan,99.5,2026-08-20T12:43:59.000Z,,https://www.ebay.com/itm/407158553537?hash=item5ecc8a7bc1:g:v0MAAeSwrBFqhvcc,https://i.ebayimg.com/images/g/v0MAAeSwrBFqhvcc/s-l225.jpg
偏低,-15%,595.6,80,64.0,Zeiss 50mm f2 Planar ZM Black 15869519,zeiss planar 50mm f2,Zeiss,Lenses,Used,509.0,USD,FIXED_PRICE,grail:Planar,US,camerawest,99.1,2026-08-20T20:10:48.000Z,,https://www.ebay.com/itm/237019723499?hash=item372f79f6eb:g:s2cAAeSw4C1qh17l,https://i.ebayimg.com/images/g/s2cAAeSw4C1qh17l/s-l225.jpg
无基准,,,,64.0,ZEISS Planar T* 85mm f1.4 ZF.2 Lens for Nikon F 15896717,zeiss planar 85mm f1.4,Zeiss,Lenses,Used,549.0,USD,"FIXED_PRICE,BEST_OFFER",grail:Planar;mount:nikon f,US,gfp_trading,100.0,2026-08-20T16:30:41.000Z,,https://www.ebay.com/itm/307137564825?hash=item4782d35099:g:qScAAeSwZsBqhyui,https://i.ebayimg.com/images/g/qScAAeSwZsBqhyui/s-l225.jpg
偏高,+20%,489.99,80,64.0,S/N314xxxx[Top MINT w/Strap] Nikon F5 AF SLR 35mm Film Camera Black Body From JP,nikon f5,Nikon,Film Cameras,Used,589.99,USD,FIXED_PRICE,grail:Nikon F5;good-cond,JP,kimu_1572,100.0,2026-08-20T14:00:22.000Z,,https://www.ebay.com/itm/137643363488?hash=item200c2f0ca0:g:ivMAAeSwIf9qhwlq,https://i.ebayimg.com/images/g/ivMAAeSwIf9qhwlq/s-l225.jpg
偏高,+21%,489.99,80,64.0,【MINT-】Nikon F5 Black 35mm SLR Film Camera Body SB-26,nikon f5,Nikon,Film Cameras,Used,593.99,USD,FIXED_PRICE,grail:Nikon F5;good-cond,JP,japan_fun_camera,100.0,2026-08-21T01:11:07.000Z,,https://www.ebay.com/itm/188824616080?hash=item2bf6d2fc90:g:XDwAAeSwicFqhkut,https://i.ebayimg.com/images/g/XDwAAeSwicFqhkut/s-l225.jpg
偏高,+29%,489.99,80,64.0,【MINT-S/N 301xxxx 】Nikon F5 SLR Film Camera AF 75-300mm f4.5-5.6 Speedlight,nikon f5,Nikon,Film Cameras,Used,629.99,USD,FIXED_PRICE,grail:Nikon F5;good-cond,JP,japan_fun_camera,100.0,2026-08-21T01:12:28.000Z,,https://www.ebay.com/itm/188824621444?hash=item2bf6d31184:g:trQAAeSwsXNqRHu5,https://i.ebayimg.com/images/g/trQAAeSwsXNqRHu5/s-l225.jpg
偏高,+33%,489.99,80,64.0,*MINT w/MF-28 Strap* Nikon F5 SLR 35mm Film Camera AF 50mm f/1.4 Lens From JAPAN,nikon f5,Nikon,Film Cameras,Used,649.9,USD,FIXED_PRICE,grail:Nikon F5;good-cond,JP,made-1n-japan,100.0,2026-08-21T05:39:37.000Z,,https://www.ebay.com/itm/336753797966?hash=item4e68172b4e:g:ij4AAeSwNhhqh-VW,https://i.ebayimg.com/images/g/ij4AAeSwNhhqh-VW/s-l225.jpg
偏高,+13%,1064.99,32,64.0,[Near MINT] CT38 Fujifilm Fuji GSW690 III 6x9 Camera w/EBC SW 65mm f/5.6 JAPAN,fujifilm gsw690,Fujifilm,Film Cameras,Used,1199.99,USD,FIXED_PRICE,grail:GSW690;good-cond,JP,dreamers_camera_japan,99.5,2026-08-21T10:09:14.000Z,,https://www.ebay.com/itm/366620256632?hash=item555c452978:g:a~gAAeSwvFJqiCSC,https://i.ebayimg.com/images/g/a~gAAeSwvFJqiCSC/s-l225.jpg
偏高,+27%,1099.99,72,64.0,[ Unused in Box ] Leica Minilux Zoom Point & Shoot 35mm Film Camera From JAPAN,leica minilux,Leica,Film Cameras,Used,1399.99,USD,FIXED_PRICE,grail:Minilux,JP,zen-camera-japan,99.6,2026-08-20T09:46:06.000Z,,https://www.ebay.com/itm/188821482501?hash=item2bf6a32c05:g:jgkAAeSw-dlqhs8T,https://i.ebayimg.com/images/g/jgkAAeSw-dlqhs8T/s-l225.jpg
偏高,+21%,1399.99,41,64.0,[MINT w/hood in Box] Fuji Fujifilm KLASSE W Silver 35mm Film Camera From JAPAN,fuji klasse,Fuji,Film Cameras,Used,1699.99,USD,FIXED_PRICE,grail:KLASSE;good-cond,JP,kyoto.camera-japan,99.5,2026-08-21T01:17:00.000Z,,https://www.ebay.com/itm/407159824778?hash=item5ecc9de18a:g:qFIAAeSw3EVqh6eG,https://i.ebayimg.com/images/g/qFIAAeSw3EVqh6eG/s-l225.jpg
偏高,+40%,1281.44,80,64.0,Leica ELMARIT-M 28mm f/2.8 2nd Generation Rangefinder Lenses Tested [Near Mint],leica elmarit 28mm f2.8,Leica,Lenses,Used,1800.0,USD,"FIXED_PRICE,BEST_OFFER",grail:ELMARIT;good-cond,JP,re-camera,99.8,2026-08-20T14:41:31.000Z,,https://www.ebay.com/itm/227484163086?hash=item34f71cdc0e:g:MEgAAeSwdK5qhxWl,https://i.ebayimg.com/images/g/MEgAAeSwdK5qhxWl/s-l225.jpg
偏低,-20%,199.94,14,63.0,Excellent Mamiya-6 Folding Medium Format Film Camera w/ D.Zuiko 75mm F3.5 Black,mamiya mamiya-6 folding,Mamiya,Film Cameras,Used,159.68,USD,FIXED_PRICE,mount:olympus om,JP,samuraipicksjapan,100.0,2026-08-20T10:17:36.000Z,,https://www.ebay.com/itm/178426191956?hash=item298b07a054:g:7vcAAeSw94NqhtU3,https://i.ebayimg.com/images/g/7vcAAeSw94NqhtU3/s-l225.jpg
偏高,+36%,463.94,48,63.0,Voigtlander NOKTON 58mm F1.4 SL II MF Prime Lens for Nikon F Mount From JAPAN,voigtlander nokton 58mm f1.4,Voigtlander,Lenses,Used,629.45,USD,FIXED_PRICE,grail:NOKTON;mount:nikon f;58mm,JP,the_excellent_camera_from_japan,100.0,2026-08-20T04:31:24.000Z,,https://www.ebay.com/itm/820025459609?hash=itembeed538399:g:4P0AAeSwVppqhoRH,https://i.ebayimg.com/images/g/4P0AAeSwVppqhoRH/s-l225.jpg
偏高,+30%,500.0,80,63.0,Zenza Bronica ETRSi Medium Format 120 Film Camera w AE-II Prism & 58mm Lens,bronica etrsi,Bronica,Film Cameras,Used,650.0,USD,"FIXED_PRICE,BEST_OFFER",grail:Bronica ETRSi;58mm,US,wilgeo-29,100.0,2026-08-20T18:41:25.000Z,,https://www.ebay.com/itm/237019599414?hash=item372f781236:g:Dw8AAeSwxKZqh0nr,https://i.ebayimg.com/images/g/Dw8AAeSwxKZqh0nr/s-l225.jpg
高价,+2811%,240.5,80,63.0,CLA'd [TOP MINT] Mamiya 7 II Black 6x7 Film Camera + N 80mm f4 L Lens & Film,mamiya 7,Mamiya,Film Cameras,Used,6999.99,USD,FIXED_PRICE,grail:6x7;good-cond,US,jtaylor19,100.0,2026-08-20T07:15:37.000Z,,https://www.ebay.com/itm/158208198526?hash=item24d5f1877e:g:UwsAAeSwvSNqhqeh,https://i.ebayimg.com/images/g/UwsAAeSwvSNqhqeh/s-l225.jpg
无基准,,19.52,80,62.0,Leica M3 SS Single Stroke Rangefinder 35mm Film Camera Later Version,leica m3,Leica,Film Cameras,Used,0.0,USD,"AUCTION,BEST_OFFER",grail:Leica M3;auction,US,mrplanar,100.0,2026-08-21T02:45:01.000Z,2026-08-24T02:45:01.000Z,https://www.ebay.com/itm/188824539738?hash=item2bf6d1d25a:g:ACIAAeSwYtNqh6AN,https://i.ebayimg.com/images/g/ACIAAeSwYtNqh6AN/s-l225.jpg
无基准,,,,62.0,"Vintage Voigtlander Vitessa 35mm Camera Ultron 1:2/50 Lens, Leather Case, Manual",voigtlander 1,Voigtlander,Vintage Cameras,,0.0,USD,"AUCTION,BEST_OFFER",grail:Ultron;auction,US,woswit,100.0,2026-08-20T18:58:14.000Z,2026-08-27T18:58:14.000Z,https://www.ebay.com/itm/327319696352?hash=item4c35c633e0:g:Ht0AAeSwGFpqh015,https://i.ebayimg.com/images/g/Ht0AAeSwGFpqh015/s-l225.jpg
无基准,,,,62.0,LCD Works KONICA BIG MINI A4 Silver POINT & SHOOT 35mm FILM CAMERA From JAPAN,konica a4,Konica,Film Cameras,Used,79.99,USD,FIXED_PRICE,grail:BIG MINI,JP,peke-japan,100.0,2026-08-20T19:57:01.000Z,,https://www.ebay.com/itm/287536829461?hash=item42f287d415:g:1F0AAeSwaGNqh1yQ,https://i.ebayimg.com/images/g/1F0AAeSwaGNqh1yQ/s-l225.jpg
高价,+77%,56.4,80,62.0,[Near MINT] ❋Near MINT❋ Olympus OM-1 Silver 35mm SLR Film Camera Body From JAPAN,olympus om-1,Olympus,Film Cameras,Used,99.99,USD,FIXED_PRICE,grail:OM-1;mount:olympus om;good-cond,JP,zencamerajp,100.0,2026-08-20T21:34:15.000Z,,https://www.ebay.com/itm/398309073810?hash=item5cbd122392:g:TncAAeSwOCtqh3MY,https://i.ebayimg.com/images/g/TncAAeSwOCtqh3MY/s-l225.jpg
高价,+95%,51.38,80,62.0,Read [N MINT] Olympus OM-1 SLR 35mm Film Camera F.ZUIKO AUTO-S 50mm f/1.8 JAPAN,olympus om-1,Olympus,Film Cameras,Used,99.99,USD,"FIXED_PRICE,BEST_OFFER",grail:OM-1;mount:olympus om;good-cond,JP,japan_camera_sippo,100.0,2026-08-20T07:44:29.000Z,,https://www.ebay.com/itm/398306809515?hash=item5cbcef96ab:g:VtcAAeSwePZqIRBh,https://i.ebayimg.com/images/g/VtcAAeSwePZqIRBh/s-l225.jpg
高价,+170%,40.0,80,62.0,Winder![NEAR MINT] Canon AE-1 Black 35mm Film Camera New FD 50mm f1.8 Lens JAPAN,canon ae-1,Canon,Film Cameras,Used,107.99,USD,"FIXED_PRICE,BEST_OFFER",grail:AE-1;mount:canon fd;good-cond,JP,japan-vintage-cameras-and-watch,99.8,2026-08-20T05:06:57.000Z,,https://www.ebay.com/itm/137641971429?hash=item200c19cee5:g:09MAAeSwvntpZ4O2,https://i.ebayimg.com/images/g/09MAAeSwvntpZ4O2/s-l225.jpg
无基准,,,,62.0,[NEAR MINT] Asahi Super Multi Coated Macro Takumar 135mm F4 6x7 67 JAPAN #2952,asahi takumar 135mm f4,Asahi,Lenses,Used,108.0,USD,"FIXED_PRICE,BEST_OFFER",grail:6x7;good-cond,JP,831camera,100.0,2026-08-20T06:44:13.000Z,,https://www.ebay.com/itm/377434543739?hash=item57e0da167b:g:i7kAAeSwwTlqhqCd,https://i.ebayimg.com/images/g/i7kAAeSwwTlqhqCd/s-l225.jpg
高价,+175%,40.0,80,62.0,Canon AE-1 Program FD 35-105mm F3.5 EXC+5 From JAPAN #C033,canon ae-1,Canon,Film Cameras,Used,110.0,USD,FIXED_PRICE,grail:AE-1;mount:canon fd;good-cond,JP,pirogress_japan,100.0,2026-08-20T12:15:42.000Z,,https://www.ebay.com/itm/227484016887?hash=item34f71aa0f7:g:PWMAAeSwHg9qWriD,https://i.ebayimg.com/images/g/PWMAAeSwHg9qWriD/s-l225.jpg
高价,+131%,56.4,80,62.0,[Exc+5] OLYMPUS OM-1 SLR 35mm Film Camera G.Zuiko 50mm F1.4 Lens from Japan #039,olympus om-1,Olympus,Film Cameras,Used,130.0,USD,FIXED_PRICE,grail:OM-1;mount:olympus om;good-cond,JP,sakiho_store,99.8,2026-08-21T12:18:12.000Z,,https://www.ebay.com/itm/800545151475?hash=itemba643599f3:g:LbIAAeSwHO1qiEO5,https://i.ebayimg.com/images/g/LbIAAeSwHO1qiEO5/s-l225.jpg
高价,+153%,51.38,80,62.0,[Exc+3] Olympus OM-1 Film Black G.ZUIKO AUTO-S 50mm f/1.4 : From JAPAN,olympus om-1,Olympus,Film Cameras,Used,130.0,USD,FIXED_PRICE,grail:OM-1;mount:olympus om;good-cond,JP,e-traize,100.0,2026-08-20T06:08:30.000Z,,https://www.ebay.com/itm/178425576776?hash=item298afe3d48:g:SQsAAeSwxFVqhpl0,https://i.ebayimg.com/images/g/SQsAAeSwxFVqhpl0/s-l225.jpg
高价,+241%,41.07,80,62.0,[ NEAR MINT ] Canon AE-1 Black 35mm Film Camera New FD 50mm f1.4 Lens From JAPAN,canon ae-1,Canon,Film Cameras,Used,139.99,USD,FIXED_PRICE,grail:AE-1;mount:canon fd;good-cond,JP,ky-camera.japan,100.0,2026-08-20T14:53:36.000Z,,https://www.ebay.com/itm/407158793913?hash=item5ecc8e26b9:g:i-oAAeSwrrZqMqEK,https://i.ebayimg.com/images/g/i-oAAeSwrrZqMqEK/s-l225.jpg
无基准,,,,62.0,Pentax MX Sigma MACRO 50mm F2.8 K-mount Body and Lens Set e9259,pentax sigma f2.8,Pentax,Film Cameras,Used,143.44,USD,FIXED_PRICE,grail:Pentax MX,JP,ryoku_54,100.0,2026-08-21T01:37:10.000Z,,https://www.ebay.com/itm/158210833409?hash=item24d619bc01:g:5vMAAeSw92lqh6x5,https://i.ebayimg.com/images/g/5vMAAeSw92lqh6x5/s-l225.jpg
高价,+239%,43.41,80,62.0,[NEAR MINT] Minolta X-700 Black MD Rokkor 50mm f/1.7 Lens 35mm Film Camera JAPAN,minolta x-700,Minolta,Film Cameras,Used,146.99,USD,"FIXED_PRICE,BEST_OFFER",grail:X-700;mount:minolta md;good-cond,JP,kazu-japan-camera,100.0,2026-08-20T07:22:25.000Z,,https://www.ebay.com/itm/287535761826?hash=item42f27789a2:g:0vgAAeSwknFqcwYQ,https://i.ebayimg.com/images/g/0vgAAeSwknFqcwYQ/s-l225.jpg
高价,+265%,41.07,80,62.0,【N MINT+++】 Canon AE-1 Silver 35mm Film Camera FD 50mm f/1.4 S.S.C. from JAPAN,canon ae-1,Canon,Film Cameras,Used,149.99,USD,FIXED_PRICE,grail:AE-1;mount:canon fd;good-cond,JP,camera_japan_kazu,100.0,2026-08-21T04:34:21.000Z,,https://www.ebay.com/itm/800543447719?hash=itemba641b9aa7:g:04IAAOSw2SxmwoF2,https://i.ebayimg.com/images/g/04IAAOSw2SxmwoF2/s-l225.jpg
高价,+500%,24.99,80,62.0,[MINT] Olympus XA 2 XA2 35mm Film Camera D.Zuiko 35mm F3.5 From JAPAN,olympus 2,Olympus,Film Cameras,Used,149.99,USD,FIXED_PRICE,grail:Olympus XA;mount:olympus om;good-cond,JP,manpuku_papa,100.0,2026-08-21T02:45:07.000Z,,https://www.ebay.com/itm/820029411930?hash=itembeed8fd25a:g:SD0AAeSwUjRqh7ym,https://i.ebayimg.com/images/g/SD0AAeSwUjRqh7ym/s-l225.jpg
高价,+195%,50.85,80,62.0,*N MINT w/ Recordata Back 2* Olympus OM-2 Black SLR 35mm Film Camera From JAPAN,olympus om-2,Olympus,Film Cameras,Used,149.99,USD,FIXED_PRICE,grail:OM-2;mount:olympus om;good-cond,JP,japan.treasures.camera,100.0,2026-08-21T02:23:36.000Z,,https://www.ebay.com/itm/407159904445?hash=item5ecc9f18bd:g:CSQAAeSw2bhqh7ck,https://i.ebayimg.com/images/g/CSQAAeSw2bhqh7ck/s-l225.jpg
高价,+265%,41.07,80,62.0,[Exc+5]Canon AE-1 PROGRAM SLR 35mm Film Camera ＋ LENS FD 50mm f/1.8 From JAPAN,canon ae-1,Canon,Film Cameras,Used,149.99,USD,"FIXED_PRICE,BEST_OFFER",grail:AE-1;mount:canon fd;good-cond,JP,himeji-japan-collection,99.4,2026-08-21T01:10:22.000Z,,https://www.ebay.com/itm/366619410620?hash=item555c3840bc:g:gaMAAeSwrmRp2iUF,https://i.ebayimg.com/images/g/gaMAAeSwrmRp2iUF/s-l225.jpg
高价,+265%,41.07,80,62.0,[Near MINT] Canon AE-1 Silver Film Camera New FD 50mm f1.4 Lens Winder A JAPAN,canon ae-1,Canon,Film Cameras,Used,149.99,USD,FIXED_PRICE,grail:AE-1;mount:canon fd;good-cond,JP,echigo-camera-japan,100.0,2026-08-20T17:38:25.000Z,,https://www.ebay.com/itm/318759831468?hash=item4a379107ac:g:YugAAeSwJ9tqhz49,https://i.ebayimg.com/images/g/YugAAeSwJ9tqhz49/s-l225.jpg
高价,+166%,56.4,80,62.0,[N MINT w/Strap] Olympus OM-1 35mm Film Camera G.Zuiko 50mm f1.4 Lens From JAPAN,olympus om-1,Olympus,Film Cameras,Used,149.99,USD,FIXED_PRICE,grail:OM-1;mount:olympus om;good-cond,JP,myu_camera_szok_japan,99.7,2026-08-20T15:44:34.000Z,,https://www.ebay.com/itm/318759494709?hash=item4a378be435:g:-nQAAeSww99qhyQy,https://i.ebayimg.com/images/g/-nQAAeSww99qhyQy/s-l225.jpg
高价,+192%,51.38,80,62.0,[Exc+5] Olympus OM-1 OM1 Black SLR 35mm Film Camera F.zuiko 50mm f1.8 From JAPAN,olympus om-1,Olympus,Film Cameras,Used,149.99,USD,FIXED_PRICE,grail:OM-1;mount:olympus om;good-cond,JP,shengz33,100.0,2026-08-20T11:35:41.000Z,,https://www.ebay.com/itm/407158367957?hash=item5ecc87a6d5:g:1CwAAeSwzadqhucK,https://i.ebayimg.com/images/g/1CwAAeSwzadqhucK/s-l225.jpg
高价,+246%,43.41,80,62.0,[Near MINT+++] Minolta X-700 35mm SLR Film Camera MD 50mm f1.7 Lens From JAPAN,minolta x-700,Minolta,Film Cameras,Used,149.99,USD,FIXED_PRICE,grail:X-700;mount:minolta md;good-cond,JP,camera_japan_chiba,100.0,2026-08-20T08:37:36.000Z,,https://www.ebay.com/itm/128035912387?hash=item1dcf88fac3:g:2R4AAeSw3EVqhr4C,https://i.ebayimg.com/images/g/2R4AAeSw3EVqhr4C/s-l225.jpg
高价,+277%,41.07,80,62.0,[Near MINT] Canon AE-1 PROGRAM 35mm Film Camera FD 50mm f/1.4 S.S.C From JAPAN,canon ae-1,Canon,Film Cameras,Used,154.9,USD,FIXED_PRICE,grail:AE-1;mount:canon fd;good-cond,JP,shogun-market,100.0,2026-08-20T21:45:14.000Z,,https://www.ebay.com/itm/318760620224?hash=item4a379d10c0:g:PRIAAeSwSGdqh3Zg,https://i.ebayimg.com/images/g/PRIAAeSwSGdqh3Zg/s-l225.jpg
高价,+280%,41.07,80,62.0,[Exc+3] Canon AE-1 35mm SLR Film Camera FD 50mm f/1.4 Lens = From JAPAN,canon ae-1,Canon,Film Cameras,Used,156.0,USD,"FIXED_PRICE,BEST_OFFER",grail:AE-1;mount:canon fd;good-cond,JP,altmart3.0,100.0,2026-08-21T01:48:35.000Z,,https://www.ebay.com/itm/227484826365?hash=item34f726fafd:g:4pIAAeSwPgVqh64l,https://i.ebayimg.com/images/g/4pIAAeSwPgVqh64l/s-l225.jpg
高价,+287%,41.07,80,62.0,[Exc+5] Canon AE-1 SLR 35mm Film Camera Silver FD 50mm f/1.8 S.C Lens From JAPAN,canon ae-1,Canon,Film Cameras,Used,159.0,USD,FIXED_PRICE,grail:AE-1;mount:canon fd;good-cond,JP,camera_connection_tokyo,100.0,2026-08-21T04:13:50.000Z,,https://www.ebay.com/itm/307138488849?hash=item4782e16a11:g:I80AAeSwva1qh9Gj,https://i.ebayimg.com/images/g/I80AAeSwva1qh9Gj/s-l225.jpg
高价,+289%,41.07,80,62.0,[Near MINT] Canon AE-1 35mm Film Black Camera SLR New FD 50mm f/1.4 From JAPAN,canon ae-1,Canon,Film Cameras,Used,159.9,USD,FIXED_PRICE,grail:AE-1;mount:canon fd;good-cond,JP,shogun-market,100.0,2026-08-20T15:02:50.000Z,,https://www.ebay.com/itm/318759363114?hash=item4a3789e22a:g:wKIAAeSwi0pqhxqA,https://i.ebayimg.com/images/g/wKIAAeSwi0pqhxqA/s-l225.jpg
高价,+264%,43.98,80,62.0,[ Near MINT ] Minolta New X-700 Film Camera MD 50mm f/1.7 Lens From JAPAN,minolta x-700,Minolta,Film Cameras,Used,159.99,USD,FIXED_PRICE,grail:X-700;mount:minolta md;good-cond,JP,aga-8114,100.0,2026-08-20T14:45:10.000Z,,https://www.ebay.com/itm/237019177769?hash=item372f71a329:g:L~MAAeSwau1qhxZn,https://i.ebayimg.com/images/g/L~MAAeSwau1qhxZn/s-l225.jpg
高价,+264%,43.98,80,62.0,[Exc+5]Minolta X-700 MPS Black film camera MD 50mm f/1.7 Lens From Japan #040,minolta x-700,Minolta,Film Cameras,Used,160.0,USD,FIXED_PRICE,grail:X-700;mount:minolta md;good-cond,JP,sakiho_store,99.8,2026-08-21T10:06:41.000Z,,https://www.ebay.com/itm/800544645378?hash=itemba642de102:g:Qf8AAeSwGFpqiEPj,https://i.ebayimg.com/images/g/Qf8AAeSwGFpqiEPj/s-l225.jpg
无基准,,41.07,80,62.0,Canon AE-1 35mm SLR Film Camera with extras. Japan,canon ae-1,Canon,Film Cameras,Used,162.5,USD,"FIXED_PRICE,AUCTION",grail:AE-1;auction,US,reddragon1222,100.0,2026-08-20T21:28:29.000Z,2026-08-27T21:28:29.000Z,https://www.ebay.com/itm/128036877472?hash=item1dcf97b4a0:g:6oUAAeSw4rJqPZxF,https://i.ebayimg.com/images/g/6oUAAeSw4rJqPZxF/s-l225.jpg
高价,+314%,41.07,80,62.0,tested [ Near MINT ] Canon AE-1 FD 50mm f/1.4 S.S.C From Japan,canon ae-1,Canon,Film Cameras,Used,169.9,USD,FIXED_PRICE,grail:AE-1;mount:canon fd;good-cond,JP,haruharu_2010,100.0,2026-08-21T07:50:20.000Z,,https://www.ebay.com/itm/318762694900?hash=item4a37bcb8f4:g:9rMAAeSw2DJqiAOS,https://i.ebayimg.com/images/g/9rMAAeSw2DJqiAOS/s-l225.jpg
高价,+314%,41.07,80,62.0,[Exc+5] Canon AE-1 35mm Film Camera SLR FD 50mm f1.4 SSC Lens From JAPAN,canon ae-1,Canon,Film Cameras,Used,169.99,USD,"FIXED_PRICE,BEST_OFFER",grail:AE-1;mount:canon fd;good-cond,JP,himeji-japan-collection,99.4,2026-08-21T01:09:30.000Z,,https://www.ebay.com/itm/366619407899?hash=item555c38361b:g:ytYAAeSwO~1p44lj,https://i.ebayimg.com/images/g/ytYAAeSwO~1p44lj/s-l225.jpg
高价,+286%,43.98,80,62.0,"""MINT"" Minolta New X-700 MPS Black SLR 35mm Film Camera w/ MD 50mm f/1.7 JAPAN",minolta x-700,Minolta,Film Cameras,Used,169.99,USD,FIXED_PRICE,grail:X-700;mount:minolta md;good-cond,JP,sakuraya-japan,100.0,2026-08-20T21:12:45.000Z,,https://www.ebay.com/itm/327319811705?hash=item4c35c7f679:g:6q0AAeSww45qh21f,https://i.ebayimg.com/images/g/6q0AAeSww45qh21f/s-l225.jpg
高价,+314%,41.07,80,62.0,[NEAR MINT] Canon AE-1 Program Black 35mm Film Camera NFD New FD 50mm f1.4 JAPAN,canon ae-1,Canon,Film Cameras,Used,169.99,USD,"FIXED_PRICE,BEST_OFFER",grail:AE-1;mount:canon fd;good-cond,JP,shiga-camera-shop.s-japan,100.0,2026-08-20T14:09:49.000Z,,https://www.ebay.com/itm/377435664624?hash=item57e0eb30f0:g:KyIAAeSw-V9qfpl5,https://i.ebayimg.com/images/g/KyIAAeSw-V9qfpl5/s-l225.jpg
高价,+240%,49.99,80,62.0,[N MINT winder] Olympus OM-2 SLR 35mm Film Camera Zuiko 50mm f/1.8 Lens From JP,olympus om-2,Olympus,Film Cameras,Used,169.99,USD,"FIXED_PRICE,BEST_OFFER",grail:OM-2;mount:olympus om;good-cond,JP,d-camera-tokyo,98.9,2026-08-20T10:48:13.000Z,,https://www.ebay.com/itm/206505700367?hash=item3014b2ec0f:g:4lEAAeSwqaJp0Mci,https://i.ebayimg.com/images/g/4lEAAeSwqaJp0Mci/s-l225.jpg
高价,+325%,40.0,80,62.0,[N.MINT] Canon AE-1 Black Film Camera + FD 50mm F1.4 S.S.C. From Japan,canon ae-1,Canon,Film Cameras,Used,170.0,USD,FIXED_PRICE,grail:AE-1;mount:canon fd;good-cond,JP,kenty-store-japan,99.8,2026-08-20T09:55:45.000Z,,https://www.ebay.com/itm/398307145211?hash=item5cbcf4b5fb:g:igYAAeSwpLBqhs7g,https://i.ebayimg.com/images/g/igYAAeSwpLBqhs7g/s-l225.jpg
高价,+305%,43.41,80,62.0,[MINT]Minolta New X-700 35mm Film Camera MD 50mm f1.7 Lens 135mm f3.5 From JAPAN,minolta x-700,Minolta,Film Cameras,Used,175.99,USD,"FIXED_PRICE,BEST_OFFER",grail:X-700;mount:minolta md;good-cond,JP,d-camera-tokyo,98.9,2026-08-20T10:48:58.000Z,,https://www.ebay.com/itm/206505704355?hash=item3014b2fba3:g:usAAAeSwqihptK4Z,https://i.ebayimg.com/images/g/usAAAeSwqihptK4Z/s-l225.jpg
高价,+309%,43.98,80,62.0,[ TOP MINT ] Minolta New X-700 SLR Film Camera MC W.Rokkor-SG 28mm f/3.5 JAPAN,minolta x-700,Minolta,Film Cameras,Used,179.99,USD,"FIXED_PRICE,BEST_OFFER",grail:X-700;mount:minolta md;good-cond,JP,asami-camerashop-japan,100.0,2026-08-21T09:14:36.000Z,,https://www.ebay.com/itm/800544468226?hash=itemba642b2d02:g:7NEAAeSwtcVqPviy,https://i.ebayimg.com/images/g/7NEAAeSwtcVqPviy/s-l225.jpg
高价,+338%,41.07,80,62.0,[Near MINT] Canon AE-1 Black 35mm Film Camera FD 50mm f1.4 ssc s.s.c. from JAPAN,canon ae-1,Canon,Film Cameras,Used,179.99,USD,FIXED_PRICE,grail:AE-1;mount:canon fd;good-cond,JP,aiyama_metsa_camera_japan,100.0,2026-08-21T08:49:27.000Z,,https://www.ebay.com/itm/820030409328?hash=itembeed9f0a70:g:rooAAeSwD~1qiA7H,https://i.ebayimg.com/images/g/rooAAeSwD~1qiA7H/s-l225.jpg
高价,+315%,43.41,80,62.0,[N MINT] Minolta X-700 MPS 35mm Film Camera SLR MD Rokkor 50mm f/1.4 From JAPAN,minolta x-700,Minolta,Film Cameras,Used,179.99,USD,"FIXED_PRICE,BEST_OFFER",grail:X-700;mount:minolta md;good-cond,JP,koumatsu,100.0,2026-08-20T12:40:21.000Z,,https://www.ebay.com/itm/800539877683?hash=itemba63e52133:g:qnEAAeSwS0Bqawak,https://i.ebayimg.com/images/g/qnEAAeSwS0Bqawak/s-l225.jpg
高价,+350%,40.0,80,62.0,[MINT] Canon AE-1 35mm SLR Film Camera FD 50mm f1.8 S.C SC Lens From JAPAN,canon ae-1,Canon,Film Cameras,Used,179.99,USD,FIXED_PRICE,grail:AE-1;mount:canon fd;good-cond,JP,kensei.43,100.0,2026-08-20T12:33:10.000Z,,https://www.ebay.com/itm/206505924752?hash=item3014b65890:g:R-QAAeSwN0tqhvSA,https://i.ebayimg.com/images/g/R-QAAeSwN0tqhvSA/s-l225.jpg
高价,+226%,56.4,80,62.0,[NEAR MINT] Olympus OM-1 F.Zuiko Auto-S 50mm f1.8 35mm Film Camera JAPAN #753,olympus om-1,Olympus,Film Cameras,Used,183.99,USD,"FIXED_PRICE,BEST_OFFER",grail:OM-1;mount:olympus om;good-cond,JP,sawasamurai-camera-japan,100.0,2026-08-21T06:31:48.000Z,,https://www.ebay.com/itm/128037476212?hash=item1dcfa0d774:g:H-MAAeSwQKZqh-7e,https://i.ebayimg.com/images/g/H-MAAeSwQKZqh-7e/s-l225.jpg
高价,+266%,51.38,80,62.0,"[ ALL WORKS, NEAR MINT+ ] Olympus OM-1 MD + F.ZUIKO 50mm f/1.8 SLR Film Camera",olympus om-1,Olympus,Film Cameras,Used,187.9,USD,FIXED_PRICE,grail:OM-1;mount:minolta md;good-cond,JP,oi_b24,98.8,2026-08-20T04:42:13.000Z,,https://www.ebay.com/itm/800537974149?hash=itemba63c81585:g:lqsAAeSwsJZqOi3Y,https://i.ebayimg.com/images/g/lqsAAeSwsJZqOi3Y/s-l225.jpg
高价,+89%,100.0,80,62.0,Canon A-1 SLR 35mm Film Camera NFD New FD 28mm F2.8 [Near MINT] From JAPAN,canon a-1,Canon,Film Cameras,Used,189.0,USD,FIXED_PRICE,grail:Canon A-1;mount:canon fd;good-cond,JP,samura1_camera_japan,99.5,2026-08-21T01:04:58.000Z,,https://www.ebay.com/itm/407159811183?hash=item5ecc9dac6f:g:lyAAAeSwq2Jqh6T2,https://i.ebayimg.com/images/g/lyAAAeSwq2Jqh6T2/s-l225.jpg
高价,+374%,40.0,80,62.0,[MINT] Canon AE-1 Black 35mm Film Camera SLR New FD 50mm f1.8 Lens From JAPAN,canon ae-1,Canon,Film Cameras,Used,189.4,USD,FIXED_PRICE,grail:AE-1;mount:canon fd;good-cond,JP,misak8411,100.0,2026-08-20T07:59:10.000Z,,https://www.ebay.com/itm/800538732581?hash=itemba63d3a825:g:GM0AAeSwcJ1qhrTC,https://i.ebayimg.com/images/g/GM0AAeSwcJ1qhrTC/s-l225.jpg
高价,+237%,56.4,80,62.0,"[ No Prism Corrosion, NEAR MINT+ ] Olympus OM-1 MD + F.ZUIKO AUTO-S 50mm f/1.8",olympus om-1,Olympus,Film Cameras,Used,189.99,USD,FIXED_PRICE,grail:OM-1;mount:minolta md;good-cond,JP,oi_b24,98.8,2026-08-21T02:32:47.000Z,,https://www.ebay.com/itm/800542964006?hash=itemba64143926:g:TKgAAeSwrHNqRI49,https://i.ebayimg.com/images/g/TKgAAeSwrHNqRI49/s-l225.jpg
合理,+12%,170.0,70,62.0,Konica Big Mini BM-201 35mm f/3.5 Point & Shoot Film Camera w/ Case Japan,konica bm-201,Konica,Film Cameras,Used,189.99,USD,"FIXED_PRICE,BEST_OFFER",grail:Big Mini,JP,hokuyou_japan_store,100.0,2026-08-20T06:58:29.000Z,,https://www.ebay.com/itm/147516999276?hash=item2258b2c66c:g:zcsAAeSwA-tqhohz,https://i.ebayimg.com/images/g/zcsAAeSwA-tqhohz/s-l225.jpg
无基准,,41.07,80,62.0,"Canon AE-1 35mm SLR Camera Body w/ 3 Lenses, Vivitar 283 Flash, Bag,instructions",canon ae-1,Canon,Vintage Cameras,,190.0,USD,"FIXED_PRICE,AUCTION",grail:AE-1;auction,US,execcutie,100.0,2026-08-20T15:45:54.000Z,2026-08-27T15:45:54.000Z,https://www.ebay.com/itm/267762730271?hash=item3e57e7051f:g:MGMAAeSwrOpqPUp0,https://i.ebayimg.com/images/g/MGMAAeSwrOpqPUp0/s-l225.jpg
合理,+3%,189.99,68,62.0,Konica BiG mini BM-301 35mm Point & Shoot Film Camera Tested LCD OK From JAPAN,konica bm-301,Konica,Film Cameras,Used,195.0,USD,FIXED_PRICE,grail:BiG mini,JP,ensowa,0.0,2026-08-21T03:52:29.000Z,,https://www.ebay.com/itm/147518936884?hash=item2258d05734:g:3H4AAeSwcZxqh8if,https://i.ebayimg.com/images/g/3H4AAeSwcZxqh8if/s-l225.jpg
高价,+98%,100.0,80,62.0,【 NEAR MINT ++ 】 CANON A-1 + NEW FD NFD 50mm f/1.4 SLR 35mm Film Camera JAPAN,canon a-1,Canon,Film Cameras,Used,197.9,USD,FIXED_PRICE,grail:CANON A-1;mount:canon fd;good-cond,JP,ykond91-camera-japan,100.0,2026-08-20T15:08:43.000Z,,https://www.ebay.com/itm/800540470708?hash=itemba63ee2db4:g:QIYAAeSwU~lqhxb~,https://i.ebayimg.com/images/g/QIYAAeSwU~lqhxb~/s-l225.jpg
高价,+387%,41.07,80,62.0,[Near MINT++] Canon AE-1 Program Silver Film Camera New FD NFD 50mm f1.8 JAPAN,canon ae-1,Canon,Film Cameras,Used,199.99,USD,FIXED_PRICE,grail:AE-1;mount:canon fd;good-cond,JP,aiyama_metsa_camera_japan,100.0,2026-08-21T09:29:42.000Z,,https://www.ebay.com/itm/820030544308?hash=itembeeda119b4:g:T7cAAeSwS9dqiBlQ,https://i.ebayimg.com/images/g/T7cAAeSwS9dqiBlQ/s-l225.jpg
高价,+409%,39.3,80,62.0,OH! 【Near MINT 】Pentax MX 35mm Film Camera SMC PENTAX 50mm F/1.7 From JAPAN #216,pentax smc,Pentax,Film Cameras,Used,199.99,USD,FIXED_PRICE,grail:Pentax MX;mount:pentax k;good-cond,JP,mina_japan_collection,100.0,2026-08-21T06:09:25.000Z,,https://www.ebay.com/itm/206507753993?hash=item3014d24209:g:G2MAAeSwd-5qFoAe,https://i.ebayimg.com/images/g/G2MAAeSwd-5qFoAe/s-l225.jpg
高价,+387%,41.07,80,62.0,Rare! w/MD Canon AE-1 Program SLR Camera FD 50mm F1.4 S.S.C. [N MINT] JAPAN #316,canon ae-1,Canon,Film Cameras,Used,199.99,USD,FIXED_PRICE,grail:AE-1;mount:canon fd;good-cond,JP,lingenterpr-0,100.0,2026-08-20T13:56:52.000Z,,https://www.ebay.com/itm/178426734532?hash=item298b0fe7c4:g:1xMAAeSw-qlqhwjW,https://i.ebayimg.com/images/g/1xMAAeSw-qlqhwjW/s-l225.jpg
高价,+400%,40.0,80,62.0,All Work [N MINT] Canon AE-1 Program Black camera New FD 50mm f1.4 From JAPAN,canon ae-1,Canon,Film Cameras,Used,199.99,USD,FIXED_PRICE,grail:AE-1;mount:canon fd;good-cond,JP,rakuw_21,99.7,2026-08-20T09:51:35.000Z,,https://www.ebay.com/itm/318758339323?hash=item4a377a42fb:g:ligAAeSwsoRqhs~d,https://i.ebayimg.com/images/g/ligAAeSwsoRqhs~d/s-l225.jpg
高价,+387%,41.07,80,62.0,Canon AE-1 Program Silver w/ New FD 50mm f/1.8 Serviced & Tested Fully Working,canon ae-1,Canon,Film Cameras,Used,200.0,USD,"FIXED_PRICE,BEST_OFFER",grail:AE-1;mount:canon fd;good-cond,JP,sakurasaku0401,100.0,2026-08-20T20:25:45.000Z,,https://www.ebay.com/itm/237019748409?hash=item372f7a5839:g:o54AAeSwRAVqh2Kh,https://i.ebayimg.com/images/g/o54AAeSwRAVqh2Kh/s-l225.jpg
高价,+402%,41.07,80,62.0,[ N MINT / Filter ] Canon AE-1 Black Film Camera FD 50mm f/1.4 S.S.C Lens JAPAN,canon ae-1,Canon,Film Cameras,Used,205.99,USD,FIXED_PRICE,grail:AE-1;mount:canon fd;good-cond,JP,sumtak_98,100.0,2026-08-21T07:22:31.000Z,,https://www.ebay.com/itm/188825863431?hash=item2bf6e60507:g:xkUAAeSw0jpqh~2C,https://i.ebayimg.com/images/g/xkUAAeSw0jpqh~2C/s-l225.jpg
高价,+371%,43.98,80,62.0,【N MINT+++】MINOLTA X700 35mm Film Camera MD 50mm f/1.7 Lens,minolta x700,Minolta,Film Cameras,Used,206.99,USD,FIXED_PRICE,grail:X700;mount:minolta md;good-cond,JP,japan_fun_camera,100.0,2026-08-21T01:15:30.000Z,,https://www.ebay.com/itm/188824627221?hash=item2bf6d32815:g:WLoAAOSwAl1n2hCR,https://i.ebayimg.com/images/g/WLoAAOSwAl1n2hCR/s-l225.jpg
高价,+426%,41.07,80,62.0,【N MINT+++】Canon AE1 35mm SLR Film Camera FD 50mm f/1.4 SSC Lens,canon ae1,Canon,Film Cameras,Used,215.99,USD,FIXED_PRICE,grail:AE1;mount:canon fd;good-cond,JP,japan_fun_camera,100.0,2026-08-21T01:11:07.000Z,,https://www.ebay.com/itm/188824616119?hash=item2bf6d2fcb7:g:AlMAAeSw8EFqcpjd,https://i.ebayimg.com/images/g/AlMAAeSw8EFqcpjd/s-l225.jpg
高价,+283%,56.4,80,62.0,【N MINT+++】Olympus OM1 OM-1 35mm Film Camera Silver 50mm f/1.8 Lens,olympus om1,Olympus,Film Cameras,Used,215.99,USD,FIXED_PRICE,grail:OM1;mount:olympus om;good-cond,JP,japan_fun_camera,100.0,2026-08-21T01:11:07.000Z,,https://www.ebay.com/itm/188824616127?hash=item2bf6d2fcbf:g:W0YAAeSwh~xqUFuh,https://i.ebayimg.com/images/g/W0YAAeSwh~xqUFuh/s-l225.jpg
高价,+290%,56.4,80,62.0,tested [ MINT ] Olympus OM-1 35mm + F.ZUIKO AUTO-S 50mm f/1.8 From Japan,olympus om-1,Olympus,Film Cameras,Used,219.9,USD,FIXED_PRICE,grail:OM-1;mount:olympus om;good-cond,JP,haruharu_2010,100.0,2026-08-21T07:51:50.000Z,,https://www.ebay.com/itm/318762696384?hash=item4a37bcbec0:g:NY8AAeSwhFRqiARM,https://i.ebayimg.com/images/g/NY8AAeSwhFRqiARM/s-l225.jpg
高价,+470%,40.0,80,62.0,[Exc+3] Canon AE-1 Black 35mm SLR Camera FD 50mm f/1.4 S.S.C. Lens = From JAPAN,canon ae-1,Canon,Film Cameras,Used,228.0,USD,"FIXED_PRICE,BEST_OFFER",grail:AE-1;mount:canon fd;good-cond,JP,altmart3.0,100.0,2026-08-20T06:27:29.000Z,,https://www.ebay.com/itm/227483541289?hash=item34f7135f29:g:6PYAAeSwG9Fqhp4U,https://i.ebayimg.com/images/g/6PYAAeSwG9Fqhp4U/s-l225.jpg
高价,+460%,41.07,80,62.0,[MINT] Canon AE-1 Program Film Camera Silver New FD 50mm f1.4 Lens From JAPAN,canon ae-1,Canon,Film Cameras,Used,229.99,USD,FIXED_PRICE,grail:AE-1;mount:canon fd;good-cond,JP,yuihitomi,100.0,2026-08-21T01:55:29.000Z,,https://www.ebay.com/itm/206507328958?hash=item3014cbc5be:g:xLMAAeSwKVxqh7EE,https://i.ebayimg.com/images/g/xLMAAeSwKVxqh7EE/s-l225.jpg
高价,+130%,100.0,80,62.0,[MINT] Canon A-1 35mm SLR Film Camera New FD 50mm f/1.4 Tested From JAPAN,canon a-1,Canon,Film Cameras,Used,229.99,USD,FIXED_PRICE,grail:Canon A-1;mount:canon fd;good-cond,JP,tokyolensmarket,100.0,2026-08-20T23:21:49.000Z,,https://www.ebay.com/itm/398309303172?hash=item5cbd15a384:g:1s8AAeSwMk1qh5VR,https://i.ebayimg.com/images/g/1s8AAeSwMk1qh5VR/s-l225.jpg
高价,+315%,56.4,80,62.0,【N MINT+++ 】Olympus OM1 OM-1 Silver 35mm Film Camera 50mm f/1.4 Lens,olympus om1,Olympus,Film Cameras,Used,233.99,USD,FIXED_PRICE,grail:OM1;mount:olympus om;good-cond,JP,japan_fun_camera,100.0,2026-08-21T01:11:06.000Z,,https://www.ebay.com/itm/188824615928?hash=item2bf6d2fbf8:g:WUAAAeSwrj5qhQp8,https://i.ebayimg.com/images/g/WUAAAeSwrj5qhQp8/s-l225.jpg
高价,+488%,40.0,80,62.0,[N MINT] Canon AE-1 Program SLR Film Camera FD 50mm Lens Flash Motor Drive #2070,canon ae-1,Canon,Film Cameras,Used,234.99,USD,FIXED_PRICE,grail:AE-1;mount:canon fd;good-cond,JP,sakura_snap_store,100.0,2026-08-20T13:20:08.000Z,,https://www.ebay.com/itm/398307696530?hash=item5cbcfd1f92:g:UlIAAeSw-MdqgBvo,https://i.ebayimg.com/images/g/UlIAAeSw-MdqgBvo/s-l225.jpg
高价,+472%,41.07,80,62.0,[Exc+5] Canon AE-1 Program Silver 35mm SLR New FD 50mm f1.4 Lens = From JAPAN,canon ae-1,Canon,Film Cameras,Used,235.0,USD,"FIXED_PRICE,BEST_OFFER",grail:AE-1;mount:canon fd;good-cond,JP,altmart3.0,100.0,2026-08-21T01:47:07.000Z,,https://www.ebay.com/itm/227484825604?hash=item34f726f804:g:71kAAeSwqn9qh62f,https://i.ebayimg.com/images/g/71kAAeSwqn9qh62f/s-l225.jpg
高价,+484%,41.07,80,62.0,tested [ Top MINT ] Canon AE-1 Black New FD NFD 50mm f/1.4 From Japan,canon ae-1,Canon,Film Cameras,Used,239.9,USD,FIXED_PRICE,grail:AE-1;mount:canon fd;good-cond,JP,haruharu_2010,100.0,2026-08-21T07:48:52.000Z,,https://www.ebay.com/itm/318762685253?hash=item4a37bc9345:g:1h0AAeSwvDhqiAOe,https://i.ebayimg.com/images/g/1h0AAeSwvDhqiAOe/s-l225.jpg
高价,+500%,40.0,80,62.0,[Near Mint] Canon AE-1 Program Black SLR Film Camera & New FD 50mm F1.4 & FD 28m,canon ae-1,Canon,Film Cameras,Used,239.9,USD,"FIXED_PRICE,BEST_OFFER",grail:AE-1;mount:canon fd;good-cond,JP,wonder_japan,100.0,2026-08-20T12:30:23.000Z,,https://www.ebay.com/itm/168627972213?hash=item274302a875:g:13YAAeSwpNxqTRqU,https://i.ebayimg.com/images/g/13YAAeSwpNxqTRqU/s-l225.jpg
高价,+140%,100.0,80,62.0,【Near MINT】 Canon A-1 SLR 35mm Film camera FD 50mm f3.5 S.S.C. Lens from Japan,canon a-1,Canon,Film Cameras,Used,239.99,USD,"FIXED_PRICE,BEST_OFFER",grail:Canon A-1;mount:canon fd;good-cond,JP,masser2trade,100.0,2026-08-21T01:24:46.000Z,,https://www.ebay.com/itm/800542690178?hash=itemba64100b82:g:YpsAAeSw1XFqHOru,https://i.ebayimg.com/images/g/YpsAAeSw1XFqHOru/s-l225.jpg
高价,+484%,41.07,80,62.0,[N.Mint]Canon AE-1 PROGRAM 35mm Film Camera ＋ LENS FD 50mm f/1.4 S.S.C. 2886553,canon ae-1,Canon,Film Cameras,Used,240.0,USD,"FIXED_PRICE,BEST_OFFER",grail:AE-1;mount:canon fd;good-cond,JP,nomu-86,99.6,2026-08-21T08:10:07.000Z,,https://www.ebay.com/itm/407160384866?hash=item5ecca66d62:g:AXoAAeSwuhVqDuXL,https://i.ebayimg.com/images/g/AXoAAeSwuhVqDuXL/s-l225.jpg
高价,+515%,40.0,80,62.0,[Exc+3] Canon AE-1 Black 35mm SLR Camera FD 50mm f/1.4 S.S.C. Lens : From JAPAN,canon ae-1,Canon,Film Cameras,Used,246.0,USD,"FIXED_PRICE,BEST_OFFER",grail:AE-1;mount:canon fd;good-cond,JP,yamazaki-camera,100.0,2026-08-20T05:16:49.000Z,,https://www.ebay.com/itm/178425463284?hash=item298afc81f4:g:yUcAAeSwddFqho1j,https://i.ebayimg.com/images/g/yUcAAeSwddFqho1j/s-l225.jpg
高价,+394%,49.99,80,62.0,*CLA'd : Near Mint ++* Olympus OM-2 Black Film Camera Zuiko Zoom 35-70mm Lens,olympus om-2,Olympus,Film Cameras,Used,246.99,USD,FIXED_PRICE,grail:OM-2;mount:olympus om;good-cond,JP,dub0804-55,100.0,2026-08-20T11:50:06.000Z,,https://www.ebay.com/itm/366618103492?hash=item555c244ec4:g:IkIAAeSwQKZqhupD,https://i.ebayimg.com/images/g/IkIAAeSwQKZqhupD/s-l225.jpg
高价,+149%,100.0,80,62.0,2 Lens [Near MINT] Canon A-1 35mm Film Camera New FD NFD 50mm 35-70mm From JAPAN,canon a-1,Canon,Film Cameras,Used,249.0,USD,FIXED_PRICE,grail:Canon A-1;mount:canon fd;good-cond,JP,camera_connection_tokyo,100.0,2026-08-21T03:49:28.000Z,,https://www.ebay.com/itm/307138462284?hash=item4782e1024c:g:IN0AAeSwQKZqh8u-,https://i.ebayimg.com/images/g/IN0AAeSwQKZqh8u-/s-l225.jpg
高价,+525%,40.0,80,62.0,[Near Mint] Canon AE-1 Program 35mm SLR Film Camera / New FD 50mm f1.4 Lens 1865,canon ae-1,Canon,Film Cameras,Used,249.9,USD,"FIXED_PRICE,BEST_OFFER",grail:AE-1;mount:canon fd;good-cond,JP,wonder_japan,100.0,2026-08-20T12:28:04.000Z,,https://www.ebay.com/itm/168627965341?hash=item2743028d9d:g:IMUAAeSwii1qJqby,https://i.ebayimg.com/images/g/IMUAAeSwii1qJqby/s-l225.jpg
高价,+317%,59.99,80,62.0,[N MINT+++] Nikon F4 AF NIKKOR 75-300mm f/4.5-5.6 Telephoto Zoom Lens Kit JAPAN,nikon f4,Nikon,Film Cameras,Used,249.99,USD,FIXED_PRICE,grail:Nikon F4;mount:nikon f;good-cond,JP,1st_camera_tokyo,99.2,2026-08-21T11:42:22.000Z,,https://www.ebay.com/itm/377438523963?hash=item57e116d23b:g:0fUAAeSwIf9qiDrR,https://i.ebayimg.com/images/g/0fUAAeSwIf9qiDrR/s-l225.jpg
高价,+509%,41.07,80,62.0,[ MINT w/ Strap ] Canon AE-1 P Program SLR New FD NFD 50mm f/1.4 Lens From JAPAN,canon ae-1,Canon,Film Cameras,Used,249.99,USD,FIXED_PRICE,grail:AE-1;mount:canon fd;good-cond,JP,mitshos_0,100.0,2026-08-20T23:47:53.000Z,,https://www.ebay.com/itm/227484714188?hash=item34f72544cc:g:za4AAeSwEjtqh5Kk,https://i.ebayimg.com/images/g/za4AAeSwEjtqh5Kk/s-l225.jpg
高价,+543%,40.0,80,62.0,[Exc+5] Canon AE-1 Program 35mm SLR Camera New FD 50mm f/1.4 Lens : From JAPAN,canon ae-1,Canon,Film Cameras,Used,257.0,USD,"FIXED_PRICE,BEST_OFFER",grail:AE-1;mount:canon fd;good-cond,JP,yamazaki-camera,100.0,2026-08-20T04:57:40.000Z,,https://www.ebay.com/itm/178425417835?hash=item298afbd06b:g:2eQAAeSw2Ztqhoj8,https://i.ebayimg.com/images/g/2eQAAeSw2Ztqhoj8/s-l225.jpg
高价,+168%,99.0,80,62.0,[Near MINT] Canon F-1 35mm Film Camera FD 50mm f/1.4 ssc s.s.c. Lens From JAPAN,canon f-1,Canon,Film Cameras,Used,264.99,USD,FIXED_PRICE,grail:Canon F-1;mount:canon fd;good-cond,JP,drea7370,100.0,2026-08-20T12:25:13.000Z,,https://www.ebay.com/itm/137643090830?hash=item200c2ae38e:g:f4YAAeSwQKZqhvLv,https://i.ebayimg.com/images/g/f4YAAeSwQKZqhvLv/s-l225.jpg
高价,+110%,128.59,80,62.0,"[Exc+5] Canon F-1 FD 50mm f/1.4 ""O"" Lens 35mm SLR Film Camera From JAPAN",canon f-1,Canon,Film Cameras,Used,269.9,USD,FIXED_PRICE,grail:Canon F-1;mount:canon fd;good-cond,JP,ks.tokyocamera,99.8,2026-08-21T01:21:34.000Z,,https://www.ebay.com/itm/188824635286?hash=item2bf6d34796:g:njEAAeSwk1Jqh6ib,https://i.ebayimg.com/images/g/njEAAeSwk1Jqh6ib/s-l225.jpg
高价,+170%,100.0,80,62.0,【N MINT+++】Canon A-1 A1 35mm SLR Film Camera New FD NFD 50mm f/1.4 Lens,canon a-1,Canon,Film Cameras,Used,269.99,USD,FIXED_PRICE,grail:Canon A-1;mount:canon fd;good-cond,JP,japan_fun_camera,100.0,2026-08-21T01:15:30.000Z,,https://www.ebay.com/itm/188824627307?hash=item2bf6d3286b:g:00AAAeSwHrppDXdS,https://i.ebayimg.com/images/g/00AAAeSwHrppDXdS/s-l225.jpg
高价,+514%,43.98,80,62.0,【MINT-】MINOLTA NEW X-700 MPS 35mm Film Camera MD 50mm f/1.4 Lens,minolta x-700,Minolta,Film Cameras,Used,269.99,USD,FIXED_PRICE,grail:X-700;mount:minolta md;good-cond,JP,japan_fun_camera,100.0,2026-08-21T01:12:28.000Z,,https://www.ebay.com/itm/188824621440?hash=item2bf6d31180:g:HdUAAeSwI3ZqA8xw,https://i.ebayimg.com/images/g/HdUAAeSwI3ZqA8xw/s-l225.jpg
高价,+173%,99.0,80,62.0,[NEAR MINT ] Canon F-1 35mm Film Camera FD 50mm F/1.4 S.S.C. Lens From JAPAN,canon f-1,Canon,Film Cameras,Used,269.99,USD,"FIXED_PRICE,BEST_OFFER",grail:Canon F-1;mount:canon fd;good-cond,JP,d-camera-tokyo,98.9,2026-08-20T10:47:12.000Z,,https://www.ebay.com/itm/206505699168?hash=item3014b2e760:g:H~EAAeSwcjdqJr~k,https://i.ebayimg.com/images/g/H~EAAeSwcjdqJr~k/s-l225.jpg
高价,+575%,40.0,80,62.0,[Exc+4] CANON AE-1 PROGRAM SLR Film NEW FD 50mm f/1.4 Lens = From JAPAN,canon ae-1,Canon,Film Cameras,Used,270.0,USD,"FIXED_PRICE,BEST_OFFER",grail:AE-1;mount:canon fd;good-cond,JP,altmart3.0,100.0,2026-08-20T06:19:12.000Z,,https://www.ebay.com/itm/227483534037?hash=item34f71342d5:g:VdcAAeSwddFqhpvi,https://i.ebayimg.com/images/g/VdcAAeSwddFqhpvi/s-l225.jpg
高价,+572%,41.07,80,62.0,Canon AE-1 Program 35mm Film Camera Black + FD 50mm f/1.4 Lens Japan [Near Mint],canon ae-1,Canon,Film Cameras,Used,276.07,USD,FIXED_PRICE,grail:AE-1;mount:canon fd;good-cond,JP,sakura_camera06,100.0,2026-08-21T07:10:55.000Z,,https://www.ebay.com/itm/287537730929?hash=item42f2959571:g:kpgAAeSwUN9pr-uH,https://i.ebayimg.com/images/g/kpgAAeSwUN9pr-uH/s-l225.jpg
高价,+600%,40.0,80,62.0,[MINT w/Flash] Canon AE-1 Program w/ New FD 35-105mm F3.5 Macro Lens From JAPAN,canon ae-1,Canon,Film Cameras,Used,279.99,USD,FIXED_PRICE,grail:AE-1;mount:canon fd;good-cond,JP,fuku._34,100.0,2026-08-20T06:44:40.000Z,,https://www.ebay.com/itm/206505107077?hash=item3014a9de85:g:asgAAeSwzVlqhqVv,https://i.ebayimg.com/images/g/asgAAeSwzVlqhqVv/s-l225.jpg
高价,+192%,99.0,80,62.0,"""Near Mint"" Canon F-1 Late Model + New FD 50mm F/1.4 35mm SLR Film Camera # 2489",canon f-1,Canon,Film Cameras,Used,289.0,USD,FIXED_PRICE,grail:Canon F-1;mount:canon fd;good-cond,JP,shounan2012,100.0,2026-08-20T12:31:45.000Z,,https://www.ebay.com/itm/206505920137?hash=item3014b64689:g:QdsAAeSw2npqhvLw,https://i.ebayimg.com/images/g/QdsAAeSw2npqhvLw/s-l225.jpg
高价,+607%,41.07,80,62.0,Canon AE-1 Program SLR Black w/ New FD 50mm f/1.4 Lens Japan [Near Mint],canon ae-1,Canon,Film Cameras,Used,290.2,USD,FIXED_PRICE,grail:AE-1;mount:canon fd;good-cond,JP,sakura_camera06,100.0,2026-08-21T07:10:55.000Z,,https://www.ebay.com/itm/287537730968?hash=item42f2959598:g:uEIAAeSw2rxqIOQ2,https://i.ebayimg.com/images/g/uEIAAeSw2rxqIOQ2/s-l225.jpg
高价,+197%,100.0,80,62.0,【N MINT+++ CLA'd】Canon A-1 A1 35mm SLR Film Camera New FD NFD 50mm f/1.4 Lens,canon a-1,Canon,Film Cameras,Used,296.99,USD,FIXED_PRICE,grail:Canon A-1;mount:canon fd;good-cond,JP,japan_fun_camera,100.0,2026-08-21T01:12:28.000Z,,https://www.ebay.com/itm/188824621461?hash=item2bf6d31195:g:FhUAAeSwuMVqDP~s,https://i.ebayimg.com/images/g/FhUAAeSwuMVqDP~s/s-l225.jpg
高价,+518%,48.5,80,62.0,【MINT】 Nikon Nikonos-V 35mm Underwater Film Camera w/ Nikkor 35mm f/2.5 Japan,nikon nikonos,Nikon,Film Cameras,Used,299.99,USD,FIXED_PRICE,grail:Nikonos;mount:nikon f;good-cond,JP,manpuku_papa,100.0,2026-08-21T01:15:20.000Z,,https://www.ebay.com/itm/820029127005?hash=itembeed8b795d:g:yFIAAeSwdy9qh6qe,https://i.ebayimg.com/images/g/yFIAAeSwdy9qh6qe/s-l225.jpg
高价,+630%,41.07,80,62.0,[MINT] Canon AE-1 Program Silver+New FD 50mm f1.4+power winder A2 From JAPAN,canon ae-1,Canon,Film Cameras,Used,299.99,USD,FIXED_PRICE,grail:AE-1;mount:canon fd;good-cond,JP,tosh_9804,100.0,2026-08-20T14:22:04.000Z,,https://www.ebay.com/itm/398307877593?hash=item5cbcffe2d9:g:Sn0AAeSwhthqhxDB,https://i.ebayimg.com/images/g/Sn0AAeSwhthqhxDB/s-l225.jpg
无基准,,59.99,80,62.0,Nikon F4 35mm SLR body with MF-23 multi control back MB-21 grip,nikon f4,Nikon,Film Cameras,Used,300.0,USD,"FIXED_PRICE,AUCTION",grail:Nikon F4;auction,US,florentlacroix,100.0,2026-08-20T07:00:01.000Z,2026-08-30T07:00:01.000Z,https://www.ebay.com/itm/278293906427?hash=item40cb9c03fb:g:IpwAAeSwddFqhN4a,https://i.ebayimg.com/images/g/IpwAAeSwddFqhN4a/s-l225.jpg
无基准,,,,62.0,Hasselblad Carl Zeiss Sonnar C 250mm f/5.6 T* Lens Black Tested,hasselblad sonnar 250mm f5.6,Hasselblad,Lenses,Used,318.0,USD,FIXED_PRICE,grail:Sonnar,JP,tokyoberry-camera,100.0,2026-08-20T07:01:58.000Z,,https://www.ebay.com/itm/407157856225?hash=item5ecc7fd7e1:g:VPIAAeSwiG5pBGF~,https://i.ebayimg.com/images/g/VPIAAeSwiG5pBGF~/s-l225.jpg
高价,+148%,128.59,80,62.0,Meter Work [NEAR MINT] Canon F-1 Early NEW FD 50mm F1.4 SLR 35mm Camera JAPAN,canon f-1,Canon,Film Cameras,Used,319.0,USD,"FIXED_PRICE,BEST_OFFER",grail:Canon F-1;mount:canon fd;good-cond,JP,teriyaki_cam_store,100.0,2026-08-20T22:30:06.000Z,,https://www.ebay.com/itm/820028640026?hash=itembeed840b1a:g:T3IAAeSw86VqYVCN,https://i.ebayimg.com/images/g/T3IAAeSw86VqYVCN/s-l225.jpg
合理,-7%,349.99,30,62.0,CLA'd [Near Mint] Pentax 6x7 SMC Takumar 90mm f2.8 LS Lens For 6x7 67 II JAPAN,pentax takumar 90mm f2.8,Pentax,Lenses,Used,325.99,USD,FIXED_PRICE,grail:6x7;good-cond,JP,shib5636,100.0,2026-08-20T07:46:35.000Z,,https://www.ebay.com/itm/398306812201?hash=item5cbcefa129:g:C6wAAeSw-dlqhrIU,https://i.ebayimg.com/images/g/C6wAAeSw-dlqhrIU/s-l225.jpg
合理,-6%,349.99,30,62.0,Lens Shutter [ N Mint ] Asashi Pentax SMC Takumar 6x7 90mm f2.8 67 II from Japan,pentax takumar 90mm f2.8,Pentax,Lenses,Used,329.9,USD,FIXED_PRICE,grail:6x7;good-cond,JP,yuni_camera_japan,100.0,2026-08-20T14:34:37.000Z,,https://www.ebay.com/itm/820027261261?hash=itembeed6f014d:g:FTYAAeSw~gJqhxTM,https://i.ebayimg.com/images/g/FTYAAeSw~gJqhxTM/s-l225.jpg
高价,+172%,128.59,80,62.0,[MINT] Canon F-1 Late 35mm SLR Film Camera with FD NFD 28mm F2.8 Lens From JAPAN,canon f-1,Canon,Film Cameras,Used,349.99,USD,"FIXED_PRICE,BEST_OFFER",grail:Canon F-1;mount:canon fd;good-cond,JP,kn_camera_japan,100.0,2026-08-21T02:56:06.000Z,,https://www.ebay.com/itm/206507444157?hash=item3014cd87bd:g:ObsAAeSwu7Zqh7vq,https://i.ebayimg.com/images/g/ObsAAeSwu7Zqh7vq/s-l225.jpg
无基准,,,,62.0,Contax Carl Zeiss Vario-Sonnar 70-200mm F/3.5-4.5 AF Lens N Mount Tested and,contax sonnar 70-200mm f3.5,Contax,Lenses,Used,362.67,USD,"FIXED_PRICE,BEST_OFFER",grail:Sonnar,JP,bears2636,99.3,2026-08-20T08:49:35.000Z,,https://www.ebay.com/itm/188821283277?hash=item2bf6a021cd:g:F9gAAeSwvEZqhsDP,https://i.ebayimg.com/images/g/F9gAAeSwvEZqhsDP/s-l225.jpg
合理,+4%,349.99,33,62.0,CONTAX Carl Zeiss Vario-Sonnar 35-70mm F3.4 T*,contax sonnar 35-70mm f3.4,Contax,Lenses,Used,362.67,USD,"FIXED_PRICE,BEST_OFFER",grail:Sonnar,JP,bears2636,99.3,2026-08-20T08:49:34.000Z,,https://www.ebay.com/itm/188821282893?hash=item2bf6a0204d:g:DCoAAeSwOa9qhsBZ,https://i.ebayimg.com/images/g/DCoAAeSwOa9qhsBZ/s-l225.jpg
合理,-8%,399.9,80,62.0,Voigtlander SUPER WIDE-HELIAR 15mm F/4.5 ASPH. III (for Sony E) #314,voigtlander heliar 15mm f4.5,Voigtlander,Lenses,Good - Refurbished,368.0,USD,FIXED_PRICE,grail:HELIAR,JP,mapcamera,100.0,2026-08-20T07:14:57.000Z,,https://www.ebay.com/itm/820025836165?hash=itembeed594285:g:6l4AAeSwRqBqhqll,https://i.ebayimg.com/images/g/6l4AAeSwRqBqhqll/s-l225.jpg
高价,+602%,54.87,80,62.0,[MINT] Nikon F2 35mm SLR Film Camera w/ NIKKOR-H Auto 50mm f/2 Lens From JAPAN,nikon f2,Nikon,Film Cameras,Used,384.99,USD,FIXED_PRICE,grail:Nikon F2;mount:nikon f;good-cond,JP,emmaselect1010,100.0,2026-08-20T12:38:44.000Z,,https://www.ebay.com/itm/407158538474?hash=item5ecc8a40ea:g:854AAeSwLBFqhvaA,https://i.ebayimg.com/images/g/854AAeSwLBFqhvaA/s-l225.jpg
无基准,,,,62.0,Mamiya SEKOR C 65mm f/4.5 for RB67 2026.08 Overhauled!!,mamiya sekor 65mm f4.5,Mamiya,Lenses,Very Good - Refurbished,388.0,USD,"FIXED_PRICE,BEST_OFFER",grail:RB67,JP,fivestarcamera,99.9,2026-08-20T05:31:35.000Z,,https://www.ebay.com/itm/307136476028?hash=item4782c2b37c:g:G8oAAeSwEphqhpEx,https://i.ebayimg.com/images/g/G8oAAeSwEphqhpEx/s-l225.jpg
高价,+61%,249.0,80,62.0,[MINT] Contax Carl Zeiss Planar T* 50mm F/1.4 AEJ MF Lens C/Y Mount JAPAN #350,contax planar 50mm f1.4,Contax,Lenses,Used,399.99,USD,FIXED_PRICE,grail:Planar;mount:contax/yashica;good-cond,JP,shop-nakasone,99.5,2026-08-20T13:53:39.000Z,,https://www.ebay.com/itm/128036317243?hash=item1dcf8f283b:g:c~oAAeSwcJ1qhwaS,https://i.ebayimg.com/images/g/c~oAAeSwcJ1qhwaS/s-l225.jpg
无基准,,,,62.0,CONTAX Carl Zeiss Vario Sonnar T*70-200mm N mount ☆Excellent condition☆,contax sonnar 70-200mm,Contax,Lenses,Used,423.63,USD,"FIXED_PRICE,BEST_OFFER",grail:Sonnar,JP,bears2636,99.3,2026-08-20T08:49:35.000Z,,https://www.ebay.com/itm/178425955509?hash=item298b0404b5:g:FYIAAeSwvEZqhsCZ,https://i.ebayimg.com/images/g/FYIAAeSwvEZqhsCZ/s-l225.jpg
高价,+334%,99.0,80,62.0,[MINT] Canon New F-1 w/ FD 100mm f/2.8 Lens Removable Power Winder FN JAPAN,canon f-1,Canon,Film Cameras,Used,429.99,USD,FIXED_PRICE,grail:New F-1;mount:canon fd;good-cond,JP,isshin39,100.0,2026-08-20T11:26:40.000Z,,https://www.ebay.com/itm/198584157595?hash=item2e3c89c59b:g:wZkAAeSw9fJqhuVk,https://i.ebayimg.com/images/g/wZkAAeSw9fJqhuVk/s-l225.jpg
高价,+121%,195.83,80,62.0,【N MINT+++】Nikon FE2 35mm SLR Film Camera Black Ais AIS 50mm f/1.8 Pancake Lens,nikon fe2,Nikon,Film Cameras,Used,431.99,USD,FIXED_PRICE,grail:FE2;mount:nikon f;good-cond,JP,japan_fun_camera,100.0,2026-08-21T01:11:07.000Z,,https://www.ebay.com/itm/188824616122?hash=item2bf6d2fcba:g:rFcAAeSwo9lqVYkN,https://i.ebayimg.com/images/g/rFcAAeSwo9lqVYkN/s-l225.jpg
高价,+736%,55.0,80,62.0,[MINT] Nikon F2 Photomic DP-1 Film Camera Black MD-2 MB-1 From JAPAN,nikon f2,Nikon,Film Cameras,Used,459.99,USD,FIXED_PRICE,grail:Nikon F2;mount:minolta md;good-cond,JP,modern-classics-camera-shop,99.2,2026-08-21T00:07:53.000Z,,https://www.ebay.com/itm/318761038890?hash=item4a37a3742a:g:crMAAeSwnsNqh5fL,https://i.ebayimg.com/images/g/crMAAeSwnsNqh5fL/s-l225.jpg
高价,+67%,283.68,80,62.0,[ Almost MINT ] Nikon F3 HP SLR 35mm Film Camera w/ MD-4 Japan #2669,nikon f3,Nikon,Film Cameras,Used,474.99,USD,FIXED_PRICE,grail:Nikon F3;mount:minolta md;good-cond,JP,japan-collection-camera-take,100.0,2026-08-21T05:53:39.000Z,,https://www.ebay.com/itm/398310298629?hash=item5cbd24d405:g:BNMAAeSwF~Fppv7B,https://i.ebayimg.com/images/g/BNMAAeSwF~Fppv7B/s-l225.jpg
高价,+71%,283.68,80,62.0,in Case [Near MINT] Nikon F3 Eye Level Film Camera Ai-s Ais 50mm f1.4 From JAPAN,nikon f3,Nikon,Film Cameras,Used,484.99,USD,FIXED_PRICE,grail:Nikon F3;mount:nikon f;good-cond,JP,bingo_camera_japan,100.0,2026-08-21T00:23:14.000Z,,https://www.ebay.com/itm/318761104591?hash=item4a37a474cf:g:Z1MAAeSwc8Fqh5rt,https://i.ebayimg.com/images/g/Z1MAAeSwc8Fqh5rt/s-l225.jpg
高价,+73%,283.68,80,62.0,[ MINT w/MD-4 ] Nikon F3 Eye Level 35mm SLR Film Camera Body From JAPAN,nikon f3,Nikon,Film Cameras,Used,489.99,USD,FIXED_PRICE,grail:Nikon F3;mount:minolta md;good-cond,JP,samurai_cameracollection_japan,100.0,2026-08-21T12:14:36.000Z,,https://www.ebay.com/itm/800545140669?hash=itemba64356fbd:g:010AAeSwu3ZqiD8z,https://i.ebayimg.com/images/g/010AAeSwu3ZqiD8z/s-l225.jpg
高价,+61%,306.19,80,62.0,Hasselblad Carl Zeiss Sonnar T* CF 150mm f/4 [Near MINT] Portrait Lens #7119744,hasselblad sonnar 150mm f4,Hasselblad,Lenses,Used,493.0,USD,FIXED_PRICE,grail:Sonnar;mount:hasselblad v;good-cond,JP,tokyoberry-camera,100.0,2026-08-20T06:59:55.000Z,,https://www.ebay.com/itm/407157853148?hash=item5ecc7fcbdc:g:HboAAeSwnPZpmCD7,https://i.ebayimg.com/images/g/HboAAeSwnPZpmCD7/s-l225.jpg
合理,+0%,495.0,80,62.0,Hasselblad Carl Zeiss C Distagon 50mm f/4 Silver,hasselblad distagon 50mm f4,Hasselblad,Lenses,Used,495.0,USD,"FIXED_PRICE,BEST_OFFER",grail:Distagon,JP,fivestarcamera,99.9,2026-08-20T05:29:34.000Z,,https://www.ebay.com/itm/307136470306?hash=item4782c29d22:g:55UAAeSwzkRqhpC6,https://i.ebayimg.com/images/g/55UAAeSwzkRqhpC6/s-l225.jpg
高价,+74%,287.49,80,62.0,[ Near MINT ] Nikon F3 Eye Level Film Camera + Ai-S 50mm f 1.8 Lens From JAPAN,nikon f3,Nikon,Film Cameras,Used,499.9,USD,FIXED_PRICE,grail:Nikon F3;mount:nikon f;good-cond,JP,rcamera.japan,100.0,2026-08-20T07:54:28.000Z,,https://www.ebay.com/itm/398306839626?hash=item5cbcf00c4a:g:GhAAAeSw2ZtqhrNy,https://i.ebayimg.com/images/g/GhAAAeSw2ZtqhrNy/s-l225.jpg
高价,+100%,249.99,61,62.0,Olympus M-1 35mm SLR Camera G.Zuiko Auto-S 50mm F1.4 Pre-OM-1 MINT++ Rare Early,olympus m-1,Olympus,Film Cameras,Used,499.99,USD,FIXED_PRICE,grail:OM-1;mount:olympus om;good-cond,JP,t.watanabe0811,100.0,2026-08-20T19:24:09.000Z,,https://www.ebay.com/itm/366618874070?hash=item555c3010d6:g:wkEAAeSwZsBqh1Sa,https://i.ebayimg.com/images/g/wkEAAeSwZsBqh1Sa/s-l225.jpg
高价,+809%,55.0,80,62.0,[MINT] Nikon F2 Photomic DP-1 SLR 35mm Film Camera Nikkor 50mm f/1.4 From JAPAN,nikon f2,Nikon,Film Cameras,Used,499.99,USD,FIXED_PRICE,grail:Nikon F2;mount:nikon f;good-cond,JP,nipponsamuraitrading,100.0,2026-08-20T14:36:07.000Z,,https://www.ebay.com/itm/188822489850?hash=item2bf6b28afa:g:HYcAAeSwlyZqhxSc,https://i.ebayimg.com/images/g/HYcAAeSwlyZqhxSc/s-l225.jpg
高价,+76%,283.68,80,62.0,Nikon F3 Eye Level SLR 35mm Film Camera Body MD-4 Strap From JAPAN [Exc+5],nikon f3,Nikon,Film Cameras,Used,500.05,USD,FIXED_PRICE,grail:Nikon F3;mount:minolta md;good-cond,JP,sakura_camera06,100.0,2026-08-21T07:10:55.000Z,,https://www.ebay.com/itm/287537730947?hash=item42f2959583:g:q68AAeSwLfFoeCwe,https://i.ebayimg.com/images/g/q68AAeSwLfFoeCwe/s-l225.jpg
合理,-3%,547.49,80,62.0,CONTAX Carl Zeiss Biogon 28mm f/2.8 T* for G1 / G2,contax biogon 28mm f2.8,Contax,Lenses,Very Good - Refurbished,531.0,USD,"FIXED_PRICE,BEST_OFFER",grail:Biogon,JP,fivestarcamera,99.9,2026-08-20T05:34:03.000Z,,https://www.ebay.com/itm/307136478661?hash=item4782c2bdc5:g:M3gAAeSwyIRqhpHG,https://i.ebayimg.com/images/g/M3gAAeSwyIRqhpHG/s-l225.jpg
合理,+6%,499.0,80,62.0,Mamiya SEKOR Z 110mm f/2.8 W for RZ67 PRO / RZ67 PRO II,mamiya sekor 110mm f2.8,Mamiya,Lenses,Very Good - Refurbished,531.0,USD,"FIXED_PRICE,BEST_OFFER",grail:RZ67,JP,fivestarcamera,99.9,2026-08-20T05:30:31.000Z,,https://www.ebay.com/itm/298603243786?hash=item458623e90a:g:N5EAAeSww-FqhpDz,https://i.ebayimg.com/images/g/N5EAAeSww-FqhpDz/s-l225.jpg
高价,+94%,283.68,80,62.0,SN/190xxx [Lens Top MINT] Nikon F3 35mm SLR Film Camera Ai-s Ais 50mm f1.4 JAPAN,nikon f3,Nikon,Film Cameras,Used,549.99,USD,FIXED_PRICE,grail:Nikon F3;mount:nikon f;good-cond,JP,camera_japan_chiba,100.0,2026-08-21T00:35:43.000Z,,https://www.ebay.com/itm/128037091492?hash=item1dcf9af8a4:g:KVEAAeSw9Idqh53b,https://i.ebayimg.com/images/g/KVEAAeSw9Idqh53b/s-l225.jpg
合理,+11%,499.0,80,62.0,Mamiya SEKOR Z 110mm f/2.8 W for RZ67 PRO / RZ67 PRO II,mamiya sekor 110mm f2.8,Mamiya,Lenses,Very Good - Refurbished,552.0,USD,"FIXED_PRICE,BEST_OFFER",grail:RZ67,JP,fivestarcamera,99.9,2026-08-20T05:28:33.000Z,,https://www.ebay.com/itm/298603234226?hash=item458623c3b2:g:TcMAAeSwislqhpB9,https://i.ebayimg.com/images/g/TcMAAeSwislqhpB9/s-l225.jpg
高价,+1078%,55.0,80,62.0,【MINT-】Nikon F2 AS 35mm SLR Film Camera Black Ais AIS 50mm f/1.8 Pancake Lens,nikon f2,Nikon,Film Cameras,Used,647.99,USD,FIXED_PRICE,grail:Nikon F2;mount:nikon f;good-cond,JP,japan_fun_camera,100.0,2026-08-21T01:11:07.000Z,,https://www.ebay.com/itm/188824616076?hash=item2bf6d2fc8c:g:p3wAAeSwgW9qg9nu,https://i.ebayimg.com/images/g/p3wAAeSwgW9qg9nu/s-l225.jpg
高价,+129%,283.68,80,62.0,[ MINT w/ Strap ] Nikon F3 HP Film Camera + Ai-s Ais 50mm f/1.4 Lens From JAPAN,nikon f3,Nikon,Film Cameras,Used,649.9,USD,FIXED_PRICE,grail:Nikon F3;mount:nikon f;good-cond,JP,tpjgad67,100.0,2026-08-20T16:00:46.000Z,,https://www.ebay.com/itm/307137520041?hash=item4782d2a1a9:g:MjsAAeSwwtVqhydA,https://i.ebayimg.com/images/g/MjsAAeSwwtVqhydA/s-l225.jpg
无基准,,,,62.0,"Contax Carl Zeiss Planar 35mm F2 T* Operation Confirmed, Front/Rear Caps,",contax planar 35mm f2,Contax,Lenses,Used,653.63,USD,"FIXED_PRICE,BEST_OFFER",grail:Planar,JP,bears2636,99.3,2026-08-20T08:49:34.000Z,,https://www.ebay.com/itm/188821283025?hash=item2bf6a020d1:g:HoAAAeSwR7pqhsDP,https://i.ebayimg.com/images/g/HoAAAeSwR7pqhsDP/s-l225.jpg
无基准,,,,62.0,Appearance CONTAX Carl Zeiss Planar T* 35mm F2 G-mount Lens,contax planar 35mm f2,Contax,Lenses,Used,688.53,USD,"FIXED_PRICE,BEST_OFFER",grail:Planar,JP,bears2636,99.3,2026-08-20T08:49:34.000Z,,https://www.ebay.com/itm/188821283021?hash=item2bf6a020cd:g:v9MAAeSwau1qhsDb,https://i.ebayimg.com/images/g/v9MAAeSwau1qhsDb/s-l225.jpg
无基准,,,,62.0,Contax Carl Zeiss Planar T* 45mm F2 G Mount Operation Confirmed Prime Lens,contax planar 45mm f2,Contax,Lenses,Used,728.48,USD,"FIXED_PRICE,BEST_OFFER",grail:Planar,JP,bears2636,99.3,2026-08-20T08:49:35.000Z,,https://www.ebay.com/itm/178425955554?hash=item298b0404e2:g:BU4AAeSwOa9qhr~k,https://i.ebayimg.com/images/g/BU4AAeSwOa9qhr~k/s-l225.jpg
无基准,,,,62.0,Leica ELMARIT-R 24mm f/2.8 3-CAM,leica elmarit 24mm f2.8,Leica,Lenses,Used,740.0,USD,"FIXED_PRICE,BEST_OFFER",grail:ELMARIT,JP,fivestarcamera,99.9,2026-08-20T05:28:27.000Z,,https://www.ebay.com/itm/307136467024?hash=item4782c29050:g:5BkAAeSwc4tqhpB3,https://i.ebayimg.com/images/g/5BkAAeSwc4tqhpB3/s-l225.jpg
无基准,,,,62.0,【Practical Item】CONTAX Carl Zeiss Planar 45mm F2 Contax 【Operation Confirmed】,contax planar 45mm f2,Contax,Lenses,Used,743.52,USD,"FIXED_PRICE,BEST_OFFER",grail:Planar,JP,bears2636,99.3,2026-08-20T08:49:34.000Z,,https://www.ebay.com/itm/188821283028?hash=item2bf6a020d4:g:BlMAAeSwuxVqhsDN,https://i.ebayimg.com/images/g/BlMAAeSwuxVqhsDN/s-l225.jpg
无基准,,,,62.0,Voigtlander HELIAR-HYPER WIDE 10mm F5.6 Aspherical E-mount #1565,voigtlander heliar 10mm f5.6,Voigtlander,Lenses,Used,770.52,USD,"FIXED_PRICE,BEST_OFFER",grail:HELIAR,JP,bears2636,99.3,2026-08-20T08:52:41.000Z,,https://www.ebay.com/itm/178425977364?hash=item298b045a14:g:6TQAAeSw6xpqhsCb,https://i.ebayimg.com/images/g/6TQAAeSw6xpqhsCb/s-l225.jpg
高价,+182%,287.49,80,62.0,[MINT+ w/ MD-4 Cap] Nikon F3 HP Limited Body 35mm Film Camera from Japan Cl50,nikon f3,Nikon,Film Cameras,Used,809.99,USD,FIXED_PRICE,grail:Nikon F3;mount:minolta md;good-cond,JP,cooljapangoods,99.5,2026-08-20T07:54:56.000Z,,https://www.ebay.com/itm/178425839360?hash=item298b023f00:g:h9oAAeSw9WJqJ3C-,https://i.ebayimg.com/images/g/h9oAAeSw9WJqJ3C-/s-l225.jpg
无基准,,,,62.0,LEICA DG VARIO-ELMARIT 8-18mm F2.8-4.0,leica elmarit 8-18mm f2.8,Leica,Lenses,Used,844.1,USD,"FIXED_PRICE,BEST_OFFER",grail:ELMARIT,JP,bears2636,99.3,2026-08-20T08:52:11.000Z,,https://www.ebay.com/itm/178425975154?hash=item298b045172:g:GxcAAeSwvW9qhsFr,https://i.ebayimg.com/images/g/GxcAAeSwvW9qhsFr/s-l225.jpg
无基准,,,,62.0,CONTAX Planar 45mm F2 G [ Number 008494],contax planar 45mm f2,Contax,Lenses,Used,993.38,USD,"FIXED_PRICE,BEST_OFFER",grail:Planar,JP,bears2636,99.3,2026-08-20T08:49:34.000Z,,https://www.ebay.com/itm/206505375631?hash=item3014adf78f:g:C5IAAeSwoxhqhsDQ,https://i.ebayimg.com/images/g/C5IAAeSwoxhqhsDQ/s-l225.jpg
高价,+314%,241.49,80,62.0,"Mamiya 645 Pro, Sekor C 80mm f2.8 N, Waist Level Finder, 120mm Film Back. EXC!",mamiya pro sekor,Mamiya,Film Cameras,Used,1000.0,USD,"FIXED_PRICE,BEST_OFFER",grail:645;good-cond,US,sus-492386,100.0,2026-08-20T14:00:45.000Z,,https://www.ebay.com/itm/366618353478?hash=item555c281f46:g:9NIAAeSwEQFqhwaN,https://i.ebayimg.com/images/g/9NIAAeSwEQFqhwaN/s-l225.jpg
无基准,,,,62.0,"""Roll Count 071"" Fujifilm FUJICA GW690 Professional Medium Format Film Camera",fujifilm gw690,Fujifilm,Film Cameras,Used,1006.0,USD,"FIXED_PRICE,BEST_OFFER",grail:GW690,JP,fivestarcamera,99.9,2026-08-21T04:31:49.000Z,,https://www.ebay.com/itm/298605885418?hash=item45864c37ea:g:Gk8AAeSwhDJqh9Sx,https://i.ebayimg.com/images/g/Gk8AAeSwhDJqh9Sx/s-l225.jpg
无基准,,,,62.0,CONTAX Carl Zeiss Vario-Sonnar 17-35mm f/2.8 T* N Mount,contax sonnar 17-35mm f2.8,Contax,Lenses,Very Good - Refurbished,1096.0,USD,"FIXED_PRICE,BEST_OFFER",grail:Sonnar,JP,fivestarcamera,99.9,2026-08-20T05:32:10.000Z,,https://www.ebay.com/itm/307136477035?hash=item4782c2b76b:g:F-EAAeSw5GRqhpFU,https://i.ebayimg.com/images/g/F-EAAeSw5GRqhpFU/s-l225.jpg
无基准,,,,62.0,#a3017【】 CONTAX Planar T*35mm F2 (G),contax planar 35mm f2,Contax,Lenses,Used,1098.28,USD,"FIXED_PRICE,BEST_OFFER",grail:Planar,JP,bears2636,99.3,2026-08-20T08:49:34.000Z,,https://www.ebay.com/itm/206505375606?hash=item3014adf776:g:HNcAAeSwRAVqhsBW,https://i.ebayimg.com/images/g/HNcAAeSwRAVqhsBW/s-l225.jpg
高价,+459%,232.59,80,62.0,CLA'd【TOP MINT】 Konica Hexar RF Black 35mm Rangefinder Film Camera Body JAPAN,konica hexar,Konica,Film Cameras,Used,1299.99,USD,FIXED_PRICE,grail:Hexar;mount:canon rf;good-cond,JP,camera_japan_kazu,100.0,2026-08-21T05:30:57.000Z,,https://www.ebay.com/itm/800543639119?hash=itemba641e864f:g:oGUAAeSwWhdqh-CR,https://i.ebayimg.com/images/g/oGUAAeSwWhdqh-CR/s-l225.jpg
高价,+1473%,89.0,80,62.0,Mater OK【MINT w/GRIP】 Minolta CLE Rangefinder Camera M-Rokkor 40mm F2 From JAPAN,minolta f2,Minolta,Film Cameras,Used,1399.99,USD,FIXED_PRICE,grail:Minolta CLE;mount:minolta md;good-cond,JP,ichiro-camera-japan,99.6,2026-08-21T06:48:04.000Z,,https://www.ebay.com/itm/237020719116?hash=item372f89280c:g:2w4AAeSwAY9qczms,https://i.ebayimg.com/images/g/2w4AAeSwAY9qczms/s-l225.jpg
高价,+274%,419.49,80,62.0,Leica IIIg 35mm Rangefinder Film Camera Body LTM Screw Mount from Japan E0821,leica iiig,Leica,Film Cameras,Used,1570.26,USD,FIXED_PRICE,grail:Leica IIIg;mount:ltm/l39,JP,kyoto_camera,99.7,2026-08-20T23:51:19.000Z,,https://www.ebay.com/itm/278300263071?hash=item40cbfd029f:g:GWQAAeSwie9qh5IC,https://i.ebayimg.com/images/g/GWQAAeSwie9qh5IC/s-l225.jpg
高价,+1698%,89.0,80,62.0,【MINT+++】 Minolta CLE Lizard Film Camera w/M-Rokkor 40mm f2 Late Lens From JAPAN,minolta f2,Minolta,Film Cameras,Used,1599.99,USD,FIXED_PRICE,grail:Minolta CLE;mount:minolta md;good-cond,JP,jun0-73,100.0,2026-08-20T18:36:41.000Z,,https://www.ebay.com/itm/820028018030?hash=itembeed7a8d6e:g:W54AAeSwvkBqRSjx,https://i.ebayimg.com/images/g/W54AAeSwvkBqRSjx/s-l225.jpg
合理,+10%,1500.0,80,62.0,Leica SUMMILUX-M 50mm F1.4 2nd Rangefinder Camera Lenses Tested [Read Cond],leica summilux 50mm f1.4,Leica,Lenses,Used,1650.0,USD,"FIXED_PRICE,BEST_OFFER",grail:SUMMILUX,JP,re-camera,99.8,2026-08-20T14:41:30.000Z,,https://www.ebay.com/itm/336752750260?hash=item4e68072eb4:g:heIAAeSwoxhqhxWZ,https://i.ebayimg.com/images/g/heIAAeSwoxhqhxWZ/s-l225.jpg
合理,+6%,1599.99,65,62.0,CT:002 [Almost Unused] Fuji Fujifilm GA645 Pro Medium Format Film Camera JAPAN,fuji ga645,Fuji,Film Cameras,Used,1699.99,USD,FIXED_PRICE,grail:GA645,JP,k2g4jp,100.0,2026-08-20T11:51:55.000Z,,https://www.ebay.com/itm/398307451529?hash=item5cbcf96289:g:KcAAAeSwuVhqhurb,https://i.ebayimg.com/images/g/KcAAAeSwuVhqhurb/s-l225.jpg
合理,+5%,1899.99,63,62.0,⏯ Late S/N 20xxx [Unused w/ MB-40] Nikon F6 35mm Film Camera Body From JAPAN,nikon f6,Nikon,Film Cameras,Used,1999.99,USD,FIXED_PRICE,grail:Nikon F6,JP,ninja-camera,100.0,2026-08-21T07:33:28.000Z,,https://www.ebay.com/itm/820030240034?hash=itembeed9c7522:g:HRQAAeSwxB9qiAB9,https://i.ebayimg.com/images/g/HRQAAeSwxB9qiAB9/s-l225.jpg
无基准,,,,62.0,Dead Stock 【BRAND NEW UNUSED IN BOX】 Pentax 645 NII Film Camera Body From JAPAN,pentax nii,Pentax,Film Cameras,Used,2350.0,USD,FIXED_PRICE,grail:645,JP,ichiro-camera-japan,99.6,2026-08-21T06:44:08.000Z,,https://www.ebay.com/itm/237020715046?hash=item372f891826:g:IOgAAeSwwnxqcsUs,https://i.ebayimg.com/images/g/IOgAAeSwwnxqcsUs/s-l225.jpg
无基准,,,,62.0,Leica SUMMILUX-M 35mm F1.4 Canada Rangefinder Camera Lenses Tested [Read Cond],leica summilux 35mm f1.4,Leica,Lenses,Used,2800.0,USD,"FIXED_PRICE,BEST_OFFER",grail:SUMMILUX,JP,re-camera,99.8,2026-08-20T14:41:30.000Z,,https://www.ebay.com/itm/227484163067?hash=item34f71cdbfb:g:nlkAAeSwkAlqhxYh,https://i.ebayimg.com/images/g/nlkAAeSwkAlqhxYh/s-l225.jpg
无基准,,,,62.0,S/N 473xxxx [Unused] Leica Summilux M 35mm F1.4 ASPH. Black 6bit E46 Lens JAPAN,leica summilux 35mm f1.4,Leica,Lenses,Used,3399.99,USD,FIXED_PRICE,grail:Summilux,JP,japancamerapro,99.3,2026-08-20T07:30:39.000Z,,https://www.ebay.com/itm/398306778910?hash=item5cbcef1f1e:g:2MAAAeSw6xpqhq4T,https://i.ebayimg.com/images/g/2MAAAeSw6xpqhq4T/s-l225.jpg
高价,+4483%,80.5,12,62.0,[MINT] Leica Q2 TYPE 4889 Digital Camera SUMMILUX 28mm f/1.7 from Japan,leica q2,Leica,Film Cameras,Used,3688.99,USD,FIXED_PRICE,grail:SUMMILUX;good-cond,JP,nipponsamuraitrading,100.0,2026-08-20T12:00:20.000Z,,https://www.ebay.com/itm/188821931893?hash=item2bf6aa0775:g:PNIAAeSw8NRqhu0R,https://i.ebayimg.com/images/g/PNIAAeSw8NRqhu0R/s-l225.jpg
无基准,,,,61.0,【EXC】 Konica C35 EF 38mm F2.8 FromJapan #my1310,konica c35,Konica,Film Cameras,Used,58.78,USD,FIXED_PRICE,mount:canon ef;good-cond,JP,somtom_9,99.3,2026-08-21T08:53:39.000Z,,https://www.ebay.com/itm/188826203921?hash=item2bf6eb3711:g:is8AAeSw2npqiBKR,https://i.ebayimg.com/images/g/is8AAeSw2npqiBKR/s-l225.jpg
偏低,-16%,77.0,80,61.0,**Exc+++++** Works! Ricoh Auto Half Half Frame 35mm Film Camera From Japan J0069,ricoh half half,Ricoh,Film Cameras,Used,64.99,USD,FIXED_PRICE,good-cond,JP,japan_super-sales,98.9,2026-08-20T11:22:57.000Z,,https://www.ebay.com/itm/227483958368?hash=item34f719bc60:g:pyYAAeSwz0JqhVQY,https://i.ebayimg.com/images/g/pyYAAeSwz0JqhVQY/s-l225.jpg
无基准,,,,61.0,【EXC】 Konica C35 EF 38mm F2.8 AA battery powered FromJapan #my1311,konica c35,Konica,Film Cameras,Used,80.46,USD,FIXED_PRICE,mount:canon ef;good-cond,JP,somtom_9,99.3,2026-08-21T08:53:42.000Z,,https://www.ebay.com/itm/188826203963?hash=item2bf6eb373b:g:KEoAAeSwptdqiBKT,https://i.ebayimg.com/images/g/KEoAAeSwptdqiBKT/s-l225.jpg
偏低,-19%,105.49,64,61.0,[Exc+4] Yashica Kyocera Samurai X3.0 Red 35mm Half Frame Camera From JAPAN,yashica kyocera samurai,Yashica,Film Cameras,Used,85.99,USD,FIXED_PRICE,good-cond,JP,sakura_japan-camera,100.0,2026-08-20T23:01:58.000Z,,https://www.ebay.com/itm/178427950360?hash=item298b227518:g:rTgAAeSwvFJqh4kL,https://i.ebayimg.com/images/g/rTgAAeSwvFJqh4kL/s-l225.jpg
无基准,,,,61.0,Olympus PEN EE-2 Half Frame 35mm Film Camera D.Zuiko 28mm f3.5 Lens Japan【Exc+4】,olympus ee-2,Olympus,Film Cameras,Used,89.44,USD,"FIXED_PRICE,BEST_OFFER",mount:olympus om;good-cond,JP,hana_from_japan,100.0,2026-08-21T10:57:45.000Z,,https://www.ebay.com/itm/168630442540?hash=item2743285a2c:g:wWIAAeSwYudqBBhL,https://i.ebayimg.com/images/g/wWIAAeSwYudqBBhL/s-l225.jpg
偏低,-15%,105.49,64,61.0,[Exc+5] Yashica Kyocera Samurai X3.0 Black 35mm Half Frame Camera From JAPAN,yashica kyocera samurai,Yashica,Film Cameras,Used,89.99,USD,FIXED_PRICE,good-cond,JP,sakura_japan-camera,100.0,2026-08-20T23:03:25.000Z,,https://www.ebay.com/itm/178427953058?hash=item298b227fa2:g:WXkAAeSwWg9qh4h1,https://i.ebayimg.com/images/g/WXkAAeSwWg9qh4h1/s-l225.jpg
无基准,,,,61.0,[Near Mint] Canon EOS Kiss III 35mm Film Camera EF 35-80mm AF Lens From Japan,canon eos kiss,Canon,Film Cameras,Used,93.0,USD,"FIXED_PRICE,BEST_OFFER",mount:canon ef;good-cond,JP,growz9652,100.0,2026-08-20T20:04:02.000Z,,https://www.ebay.com/itm/188823569202?hash=item2bf6c30332:g:Jl0AAeSwlcJqaRKW,https://i.ebayimg.com/images/g/Jl0AAeSwlcJqaRKW/s-l225.jpg
高价,+300%,24.99,80,61.0,Minolta SRT101 35mm SLR Film Camera / MC Rokkor-PF 58mm f1.4 Exc Shape,minolta srt101,Minolta,Film Cameras,Used,99.99,USD,"FIXED_PRICE,BEST_OFFER",grail:SRT101;mount:minolta md;58mm;good-cond,US,pineywoodspicker,99.5,2026-08-20T23:17:42.000Z,,https://www.ebay.com/itm/278300199944?hash=item40cbfc0c08:g:faoAAeSwtkBpmOgg,https://i.ebayimg.com/images/g/faoAAeSwtkBpmOgg/s-l225.jpg
偏低,-17%,120.0,17,61.0,[MINT] LOMO LC-A Minitar 32mm F2.8 Compact 35mm Compact Film Camera From JAPAN,lomo lc-a minitar,Lomo,Film Cameras,Used,99.99,USD,FIXED_PRICE,good-cond,JP,japan_camera-vault,100.0,2026-08-20T05:09:29.000Z,,https://www.ebay.com/itm/407157684305?hash=item5ecc7d3851:g:z8oAAeSwSGdqhozF,https://i.ebayimg.com/images/g/z8oAAeSwSGdqhozF/s-l225.jpg
无基准,,,,61.0,[ MINT ] Olympus OM10 OM-System Zuiko MC Auto-S 50mm F1.8 From JAPAN,olympus om10,Olympus,Film Cameras,Used,109.0,USD,"FIXED_PRICE,BEST_OFFER",mount:olympus om;good-cond,JP,teriyaki_cam_store,100.0,2026-08-20T22:30:41.000Z,,https://www.ebay.com/itm/820028643110?hash=itembeed841726:g:xiIAAeSw3bJqfIsI,https://i.ebayimg.com/images/g/xiIAAeSw3bJqfIsI/s-l225.jpg
无基准,,,,61.0,[Exc+5] Olympus PEN D.Zuiko 2.8cm F3.5 Half Frame Film Camera From JAPAN,olympus pen d.zuiko,Olympus,Film Cameras,Used,109.99,USD,"FIXED_PRICE,BEST_OFFER",mount:olympus om;good-cond,JP,tokyo-county,100.0,2026-08-21T07:33:54.000Z,,https://www.ebay.com/itm/137646179060?hash=item200c5a02f4:g:~WUAAeSwFfJqh~8q,https://i.ebayimg.com/images/g/~WUAAeSwFfJqh~8q/s-l225.jpg
偏低,-15%,130.0,57,61.0,[NEAR MINT] Olympus Superzoom 105G Point & Shoot 35mm Film Camera From JAPAN,olympus 105g,Olympus,Film Cameras,Used,109.99,USD,"FIXED_PRICE,BEST_OFFER",good-cond,JP,koumatsu,100.0,2026-08-20T05:46:56.000Z,,https://www.ebay.com/itm/800538193780?hash=itemba63cb6f74:g:NykAAeSwNm9qam~I,https://i.ebayimg.com/images/g/NykAAeSwNm9qam~I/s-l225.jpg
偏低,-11%,129.99,45,61.0,【EXC】 Nikon F90X AA battery powered FromJapan #my1359,nikon f90x,Nikon,Film Cameras,Used,115.53,USD,FIXED_PRICE,good-cond,JP,somtom_9,99.3,2026-08-20T05:17:53.000Z,,https://www.ebay.com/itm/188820500993?hash=item2bf6943201:g:~R8AAeSwIf9qho5I,https://i.ebayimg.com/images/g/~R8AAeSwIf9qho5I/s-l225.jpg
高价,+325%,27.99,80,61.0,[EXC+5] Canon Canonet QL17 GIII Rangefinder Film Camera 40mm F/1.7 From Japan,canon canonet,Canon,Film Cameras,Used,118.99,USD,FIXED_PRICE,grail:Canonet;good-cond,JP,re.lens,100.0,2026-08-21T01:48:22.000Z,,https://www.ebay.com/itm/800542770601?hash=itemba641145a9:g:i4kAAeSwyTBqDTxX,https://i.ebayimg.com/images/g/i4kAAeSwyTBqDTxX/s-l225.jpg
无基准,,,,61.0,[Near MINT] Konica C35 EF 38mm F2.8 Point & Shoot 35mm Film Camera From JAPAN,konica c35,Konica,Film Cameras,Used,119.99,USD,"FIXED_PRICE,BEST_OFFER",mount:canon ef;good-cond,JP,tokyo-county,100.0,2026-08-21T07:39:01.000Z,,https://www.ebay.com/itm/137646188355?hash=item200c5a2743:g:QDMAAeSwdy9qiAAE,https://i.ebayimg.com/images/g/QDMAAeSwdy9qiAAE/s-l225.jpg
合理,+1%,118.99,57,61.0,Meter ok[MINT] Olympus 35 DC Rangefinder Film Camera F. Zuiko 40mm F1.7 JAPAN,olympus zuiko 40mm f1.7,Olympus,Film Cameras,Used,119.99,USD,FIXED_PRICE,mount:olympus om;good-cond,JP,narita-usedcamera-estore,100.0,2026-08-20T22:46:30.000Z,,https://www.ebay.com/itm/168629007472?hash=item2743127470:g:KvkAAeSw0jpqh4R~,https://i.ebayimg.com/images/g/KvkAAeSw0jpqh4R~/s-l225.jpg
合理,+9%,119.0,25,61.0,Read [ Near MINT in BOX ] Nikon FE10 FE-10 35mm SLR Film Camera Body From JAPAN,nikon fe10,Nikon,Film Cameras,Used,129.9,USD,FIXED_PRICE,mount:sony e;good-cond,JP,kanazaway,100.0,2026-08-20T16:53:36.000Z,,https://www.ebay.com/itm/407159020810?hash=item5ecc919d0a:g:yT4AAeSwvW9qhzJM,https://i.ebayimg.com/images/g/yT4AAeSwvW9qhzJM/s-l225.jpg
无基准,,,,61.0,Read [Near Mint-] Canon EF 35mm SLR Film Camera w/ 50mm f/1.8 SC Lens #89960,canon ef 35mm f35,Canon,Film Cameras,Used,129.99,USD,FIXED_PRICE,mount:canon ef;good-cond,JP,sizukustore,100.0,2026-08-21T01:18:28.000Z,,https://www.ebay.com/itm/206507253401?hash=item3014ca9e99:g:XTQAAeSwJK9qh6TG,https://i.ebayimg.com/images/g/XTQAAeSwJK9qh6TG/s-l225.jpg
偏低,-13%,149.99,80,61.0,[MINT w/ Strap] Pentax Espio 120SW 35mm Point & Shoot Film Camera From JAPAN,pentax 120sw,Pentax,Film Cameras,Used,129.99,USD,FIXED_PRICE,good-cond,JP,futaba-works,100.0,2026-08-20T22:02:08.000Z,,https://www.ebay.com/itm/366619107265?hash=item555c339fc1:g:HloAAeSw5Rdqh3Vw,https://i.ebayimg.com/images/g/HloAAeSw5Rdqh3Vw/s-l225.jpg
无基准,,,,61.0,[Near MINT] Canon EOS 650 35mm Film Camera EF 28-80/3.5-5.6 II AF Lens Japan,canon 650,Canon,Film Cameras,Used,133.3,USD,"FIXED_PRICE,BEST_OFFER",mount:canon ef;good-cond,JP,growz9652,100.0,2026-08-20T20:04:02.000Z,,https://www.ebay.com/itm/188823569219?hash=item2bf6c30343:g:tW8AAeSwK4lqDslm,https://i.ebayimg.com/images/g/tW8AAeSwK4lqDslm/s-l225.jpg
无基准,,,,61.0,【N MINT】Minolta Repo ROKKOR 30mm f/2.8 Film Camera Black,minolta repo rokkor,Minolta,Film Cameras,Used,134.99,USD,FIXED_PRICE,mount:minolta md;good-cond,JP,japan_fun_camera,100.0,2026-08-21T01:12:28.000Z,,https://www.ebay.com/itm/188824621589?hash=item2bf6d31215:g:JywAAeSwmo9qTa0L,https://i.ebayimg.com/images/g/JywAAeSwmo9qTa0L/s-l225.jpg
高价,+436%,27.99,80,61.0,Near Mint Canon Canonet QL17 Silver 35mm Film Camera with Cap From JAPAN,canon canonet,Canon,Film Cameras,Used,149.99,USD,"FIXED_PRICE,BEST_OFFER",grail:Canonet;good-cond,JP,itsuki.japan.camera,100.0,2026-08-21T07:29:17.000Z,,https://www.ebay.com/itm/820030224261?hash=itembeed9c3785:g:UOgAAeSwAr9qRz9X,https://i.ebayimg.com/images/g/UOgAAeSwAr9qRz9X/s-l225.jpg
无基准,,,,61.0,[Near MINT] Canon Model 7 35mm Rangefinder Film Camera L39 LTM Mount From JAPAN,canon 7,Canon,Film Cameras,Used,149.99,USD,FIXED_PRICE,mount:ltm/l39;good-cond,JP,re.lens,100.0,2026-08-21T01:46:57.000Z,,https://www.ebay.com/itm/800542767632?hash=itemba64113a10:g:iTcAAeSwvr5qh6ub,https://i.ebayimg.com/images/g/iTcAAeSwvr5qh6ub/s-l225.jpg
偏低,-25%,199.9,43,61.0,No Sticky [ MINT ] Nikon F80D F80 D Black SLR 35mm Film Camera Body From JAPAN,nikon f80d,Nikon,Film Cameras,Used,149.99,USD,"FIXED_PRICE,BEST_OFFER",good-cond,JP,asami-camerashop-japan,100.0,2026-08-21T01:16:23.000Z,,https://www.ebay.com/itm/800542671880?hash=itemba640fc408:g:W0QAAeSwJfhqh6Tc,https://i.ebayimg.com/images/g/W0QAAeSwJfhqh6Tc/s-l225.jpg
高价,+500%,27.99,80,61.0,[ SERVICED 7.2/10 ] CANON Canonet QL17 Black a sister model to GIII | ALL Works,canon canonet,Canon,Film Cameras,Used,167.9,USD,FIXED_PRICE,grail:Canonet;good-cond,JP,oi_b24,98.8,2026-08-21T02:27:33.000Z,,https://www.ebay.com/itm/800542917325?hash=itemba641382cd:g:lq0AAeSwVktqVuQB,https://i.ebayimg.com/images/g/lq0AAeSwVktqVuQB/s-l225.jpg
高价,+489%,28.88,80,61.0,"[ NEAR MINT, w/ Case ] CANON Canonet QL17 Black a sister model to the GIII",canon canonet,Canon,Film Cameras,Used,169.99,USD,FIXED_PRICE,grail:Canonet;good-cond,JP,oi_b24,98.8,2026-08-20T04:43:06.000Z,,https://www.ebay.com/itm/800537975198?hash=itemba63c8199e:g:J2AAAeSwnWRqRyy-,https://i.ebayimg.com/images/g/J2AAAeSwnWRqRyy-/s-l225.jpg
无基准,,,,61.0,▶️ [Exc.]MAMIYA6 Medium 6x6 Film Camera w/Olympus Zuiko F.C. 7.5cm f/3.5 2886560,olympus mamiya6,Olympus,Film Cameras,Used,175.0,USD,"FIXED_PRICE,BEST_OFFER",mount:olympus om;good-cond,JP,nomu-86,99.6,2026-08-21T08:12:06.000Z,,https://www.ebay.com/itm/407160388270?hash=item5ecca67aae:g:8HoAAeSwB7dqDugu,https://i.ebayimg.com/images/g/8HoAAeSwB7dqDugu/s-l225.jpg
合理,+0%,174.94,80,61.0,[ NEAR MINT ] Canon P Rangefinder 35mm Film Camera Body L39 Mount From Japan,canon l39,Canon,Film Cameras,Used,175.0,USD,"FIXED_PRICE,BEST_OFFER",mount:ltm/l39;good-cond,JP,yu-na-camera-japan,99.7,2026-08-20T12:16:54.000Z,,https://www.ebay.com/itm/318758858386?hash=item4a37822e92:g:ju0AAeSw5ctqfqfM,https://i.ebayimg.com/images/g/ju0AAeSw5ctqfqfM/s-l225.jpg
合理,+0%,179.9,7,61.0,[ MINT ] Leica C11 APS Compact Film Camera Sterling Black Analog From JAPAN,leica c11,Leica,Film Cameras,Used,179.9,USD,FIXED_PRICE,good-cond,JP,rcamera.japan,100.0,2026-08-20T07:23:07.000Z,,https://www.ebay.com/itm/398306753237?hash=item5cbceebad5:g:mBcAAeSwv9NqhqxT,https://i.ebayimg.com/images/g/mBcAAeSwv9NqhqxT/s-l225.jpg
无基准,,,,61.0,【EXC+++++ Meter Works】Nikon FE 35mm SLR Film Camera Body,nikon 35mm,Nikon,Film Cameras,Used,179.99,USD,FIXED_PRICE,mount:sony e;good-cond,JP,japan_fun_camera,100.0,2026-08-21T01:12:28.000Z,,https://www.ebay.com/itm/188824621554?hash=item2bf6d311f2:g:Ag4AAeSwEl1p6vdL,https://i.ebayimg.com/images/g/Ag4AAeSwEl1p6vdL/s-l225.jpg
无基准,,,,61.0,Tested!! [ALOMST MINT] Nikon FA Black 35mm SLR Film Camera Body w/ MD-15 JAPAN,nikon 35mm,Nikon,Film Cameras,Used,184.99,USD,FIXED_PRICE,mount:minolta md;good-cond,JP,honest-jpn,99.7,2026-08-21T02:20:34.000Z,,https://www.ebay.com/itm/377437277295?hash=item57e103cc6f:g:7iQAAeSwD~1qh7bg,https://i.ebayimg.com/images/g/7iQAAeSwD~1qh7bg/s-l225.jpg
合理,+2%,181.5,6,61.0,ZEISS IKON MAXIMAR 207/3 6x9 cm Folding Plate camera Carl Zeiss Tessar 4.5/10.5,zeiss ikon maximar,Zeiss,Film Cameras,Used,185.0,USD,"FIXED_PRICE,BEST_OFFER",grail:Tessar,UA,evgeniy_zubenko,99.9,2026-08-20T15:35:25.000Z,,https://www.ebay.com/itm/278299175617?hash=item40cbec6ac1:g:tBsAAeSwIMRqhx2Y,https://i.ebayimg.com/images/g/tBsAAeSwIMRqhx2Y/s-l225.jpg
无基准,,,,61.0,**NEAR MINT-** Nikon FE Black 35mm SLR Film Camera + Ai 50mm f/1.8 Lens From JPN,nikon 35mm f1.8,Nikon,Film Cameras,Used,199.99,USD,FIXED_PRICE,mount:sony e;good-cond,JP,harry_camera_japan,100.0,2026-08-21T03:40:02.000Z,,https://www.ebay.com/itm/137645644176?hash=item200c51d990:g:2AoAAeSwj6Bqh8gc,https://i.ebayimg.com/images/g/2AoAAeSwj6Bqh8gc/s-l225.jpg
高价,+593%,28.88,80,61.0,Meter Works [Near MINT] Canon Canonet QL17 GIII Rangefinder F Camera From JAPAN,canon canonet,Canon,Film Cameras,Used,199.99,USD,FIXED_PRICE,grail:Canonet;good-cond,JP,yoshkub-0,100.0,2026-08-20T11:35:16.000Z,,https://www.ebay.com/itm/147517421954?hash=item2258b93982:g:2fQAAeSwc8Fqhubv,https://i.ebayimg.com/images/g/2fQAAeSwc8Fqhubv/s-l225.jpg
无基准,,,,61.0,*Almost Mint* Ricoh XR-X Film Camera Rikenon P 50mm F/2 Lens Pentax K Mount /JPN,ricoh xr-x rikenon,Ricoh,Film Cameras,Used,205.46,USD,FIXED_PRICE,mount:pentax k;good-cond,JP,dub0804-55,100.0,2026-08-21T11:34:44.000Z,,https://www.ebay.com/itm/366620397087?hash=item555c474e1f:g:RMIAAOSwuGBmtVoL,https://i.ebayimg.com/images/g/RMIAAOSwuGBmtVoL/s-l225.jpg
无基准,,,,61.0,【N MINT+++】Nikon FE Silver 35mm SLR Film Camera Body,nikon 35mm,Nikon,Film Cameras,Used,206.99,USD,FIXED_PRICE,mount:sony e;good-cond,JP,japan_fun_camera,100.0,2026-08-21T01:12:28.000Z,,https://www.ebay.com/itm/188824621590?hash=item2bf6d31216:g:VuQAAeSwRslqTErN,https://i.ebayimg.com/images/g/VuQAAeSwRslqTErN/s-l225.jpg
无基准,,,,61.0,【EXC+++++】Nikon F Eye Level 35mm SLR Film Camera Body Silver,nikon eye level,Nikon,Film Cameras,Used,206.99,USD,FIXED_PRICE,mount:nikon f;good-cond,JP,japan_fun_camera,100.0,2026-08-21T01:11:07.000Z,,https://www.ebay.com/itm/188824615987?hash=item2bf6d2fc33:g:~yUAAeSw2OBqa~93,https://i.ebayimg.com/images/g/~yUAAeSw2OBqa~93/s-l225.jpg
无基准,,,,61.0,[ NEAR MINT ] Canon P Rangefinder Silver Film Camera body L39 Leica mount JAPAN,canon l39,Canon,Film Cameras,Used,209.99,USD,"FIXED_PRICE,BEST_OFFER",mount:ltm/l39;good-cond,JP,asami-camerashop-japan,100.0,2026-08-21T09:15:05.000Z,,https://www.ebay.com/itm/800544470372?hash=itemba642b3564:g:WUEAAeSw-Bhp7TBU,https://i.ebayimg.com/images/g/WUEAAeSw-Bhp7TBU/s-l225.jpg
高价,+672%,27.99,80,61.0,【EXC+++++ Meter Works】Canon Canonet QL17 GIII Rangefinder 35mm Film Camera,canon canonet,Canon,Film Cameras,Used,215.99,USD,FIXED_PRICE,grail:Canonet;good-cond,JP,japan_fun_camera,100.0,2026-08-21T01:15:30.000Z,,https://www.ebay.com/itm/188824627283?hash=item2bf6d32853:g:zO0AAeSwFXpps3mH,https://i.ebayimg.com/images/g/zO0AAeSwFXpps3mH/s-l225.jpg
无基准,,,,61.0,[N MINT] Olympus OM-1N SLR Film Camera G.Zuiko Auto-w 28mm f3.5 Lens From JAPAN,olympus om-1n,Olympus,Film Cameras,Used,219.9,USD,FIXED_PRICE,mount:olympus om;good-cond,JP,kanazaway,100.0,2026-08-20T16:47:25.000Z,,https://www.ebay.com/itm/407159006164?hash=item5ecc9163d4:g:6dwAAeSw-95qhzBB,https://i.ebayimg.com/images/g/6dwAAeSw-95qhzBB/s-l225.jpg
无基准,,,,61.0,[Exc+3] Early Olympus PEN Sanko Shoji D.Zuiko 2.8cm F3.5 Half Frame JAPAN,olympus pen sanko,Olympus,Film Cameras,Used,229.99,USD,"FIXED_PRICE,BEST_OFFER",mount:olympus om;good-cond,JP,tokyo-county,100.0,2026-08-21T07:32:20.000Z,,https://www.ebay.com/itm/137646177999?hash=item200c59fecf:g:~BoAAeSw-dlqh~6f,https://i.ebayimg.com/images/g/~BoAAeSw-dlqh~6f/s-l225.jpg
无基准,,,,61.0,[NEAR MINT] Nikon FE Black SLR 35mm Film Camera Ai 50mm F1.4 Lens From JAPAN,nikon 35mm f1.4,Nikon,Film Cameras,Used,229.99,USD,"FIXED_PRICE,BEST_OFFER",mount:sony e;good-cond,JP,himeji-japan-collection,99.4,2026-08-21T01:09:02.000Z,,https://www.ebay.com/itm/366619406202?hash=item555c382f7a:g:17QAAeSwZU5p44qj,https://i.ebayimg.com/images/g/17QAAeSwZU5p44qj/s-l225.jpg
无基准,,,,61.0,【N MINT+++】Nikon F Eye Level 35mm SLR Film Camera Body,nikon eye level,Nikon,Film Cameras,Used,233.99,USD,FIXED_PRICE,mount:nikon f;good-cond,JP,japan_fun_camera,100.0,2026-08-21T01:11:07.000Z,,https://www.ebay.com/itm/188824616066?hash=item2bf6d2fc82:g:4LQAAeSwMttqaV~l,https://i.ebayimg.com/images/g/4LQAAeSwMttqaV~l/s-l225.jpg
无基准,,,,61.0,[Exc+3] Olympus OM-2N Silver 35mm SLR Camera Zuiko 50mm f/1.4 = From JAPAN,olympus om-2n,Olympus,Film Cameras,Used,234.0,USD,"FIXED_PRICE,BEST_OFFER",mount:olympus om;good-cond,JP,altmart3.0,100.0,2026-08-21T01:44:35.000Z,,https://www.ebay.com/itm/227484823615?hash=item34f726f03f:g:pvAAAeSw4vlqh6z0,https://i.ebayimg.com/images/g/pvAAAeSw4vlqh6z0/s-l225.jpg
无基准,,,,61.0,[Exc+3] Olympus OM-2N 35mm SLR Camera Zuiko Auto-S 50mm f/1.4 Lens : From JAPAN,olympus om-2n,Olympus,Film Cameras,Used,239.0,USD,FIXED_PRICE,mount:olympus om;good-cond,JP,e-traize,100.0,2026-08-21T02:01:34.000Z,,https://www.ebay.com/itm/178428335023?hash=item298b2853af:g:KXMAAeSwgW9qh7EN,https://i.ebayimg.com/images/g/KXMAAeSwgW9qh7EN/s-l225.jpg
高价,+731%,28.88,80,61.0,Meter Works [ MINT ] CANON Canonet QL17 GIII 35mm Film Camera From JAPAN,canon canonet,Canon,Film Cameras,Used,239.9,USD,FIXED_PRICE,grail:Canonet;good-cond,JP,rcamera.japan,100.0,2026-08-20T07:48:10.000Z,,https://www.ebay.com/itm/398306815181?hash=item5cbcefaccd:g:5p0AAeSwEphqhrG0,https://i.ebayimg.com/images/g/5p0AAeSwEphqhrG0/s-l225.jpg
无基准,,,,61.0,【N MINT+++】Nikon FE 35mm SLR Film Camera Black Ais 50mm f/1.8 Pancake Lens,nikon ais 35mm f1.8,Nikon,Film Cameras,Used,242.99,USD,FIXED_PRICE,mount:nikon f;good-cond,JP,japan_fun_camera,100.0,2026-08-21T01:11:06.000Z,,https://www.ebay.com/itm/188824615919?hash=item2bf6d2fbef:g:EqMAAeSwi1JqaBJO,https://i.ebayimg.com/images/g/EqMAAeSwi1JqaBJO/s-l225.jpg
高价,+765%,28.88,80,61.0,Meter Works! [ MINT ] Canon Canonet QL17 GⅢ 35mm Film Camera From JAPAN,canon canonet,Canon,Film Cameras,Used,249.9,USD,FIXED_PRICE,grail:Canonet;good-cond,JP,asahi_rising_camera_japan,99.6,2026-08-20T13:32:19.000Z,,https://www.ebay.com/itm/137643294733?hash=item200c2e000d:g:Sh0AAeSwCjpqhwMX,https://i.ebayimg.com/images/g/Sh0AAeSwCjpqhwMX/s-l225.jpg
无基准,,,,61.0,[MINT] Canon EOS 7 AF SLR Film Camera Body EF 50mm f/1.8 II Lens From JAPAN,canon 7,Canon,Film Cameras,Used,249.99,USD,FIXED_PRICE,mount:canon ef;good-cond,JP,zakky-camera-japan,99.8,2026-08-20T21:06:30.000Z,,https://www.ebay.com/itm/800541768748?hash=itemba6401fc2c:g:KTgAAeSwQKZqh22F,https://i.ebayimg.com/images/g/KTgAAeSwQKZqh22F/s-l225.jpg
无基准,,,,61.0,[N MINT /BP-300] Canon EOS 7 7E ELAN Film Camera EF 50mm f1.8 II Lens From JAPAN,canon 7,Canon,Film Cameras,Used,249.99,USD,FIXED_PRICE,mount:canon ef;good-cond,JP,myu_camera_szok_japan,99.7,2026-08-20T15:45:42.000Z,,https://www.ebay.com/itm/318759496348?hash=item4a378bea9c:g:AnUAAeSwlyZqhyRq,https://i.ebayimg.com/images/g/AnUAAeSwlyZqhyRq/s-l225.jpg
合理,+0%,249.0,54,61.0,[Exc+5] Olympus M-1 M-System F.Zuiko Auto-S 50mm f/1.8 SLR Camera JAPAN,olympus m-1,Olympus,Film Cameras,Used,249.99,USD,FIXED_PRICE,mount:olympus om;good-cond,JP,isshin39,100.0,2026-08-20T11:34:06.000Z,,https://www.ebay.com/itm/198584172523?hash=item2e3c89ffeb:g:1G4AAeSwKVhqhuat,https://i.ebayimg.com/images/g/1G4AAeSwKVhqhuat/s-l225.jpg
无基准,,,,61.0,Konica C35 FD Black Hexanon 38mm f/1.8 Film Tested Serviced Camera Japan,konica c35,Konica,Film Cameras,Used,251.23,USD,FIXED_PRICE,mount:canon fd;good-cond,JP,yua21japan,100.0,2026-08-21T10:24:40.000Z,,https://www.ebay.com/itm/198586339787?hash=item2e3cab11cb:g:5KoAAeSw4C1qiCdd,https://i.ebayimg.com/images/g/5KoAAeSw4C1qiCdd/s-l225.jpg
无基准,,,,61.0,【N MINT+++】Nikon F Eye Level 35mm SLR Film Camera Body Silver,nikon eye level,Nikon,Film Cameras,Used,251.99,USD,FIXED_PRICE,mount:nikon f;good-cond,JP,japan_fun_camera,100.0,2026-08-21T01:11:07.000Z,,https://www.ebay.com/itm/188824616125?hash=item2bf6d2fcbd:g:mzgAAeSwvw1qaqhp,https://i.ebayimg.com/images/g/mzgAAeSwvw1qaqhp/s-l225.jpg
无基准,,,,61.0,*Exc+5* Canon EF Film Camera FD 50mm F/1.4 Standard Lens From Japan,canon fd 50mm f1.4,Canon,Film Cameras,Used,253.95,USD,FIXED_PRICE,mount:canon fd;good-cond,JP,dub0804-55,100.0,2026-08-21T11:34:44.000Z,,https://www.ebay.com/itm/366620397035?hash=item555c474deb:g:XcsAAeSwpsxoT8Rr,https://i.ebayimg.com/images/g/XcsAAeSwpsxoT8Rr/s-l225.jpg
偏低,-13%,299.99,80,61.0,ALL Works! [ Exc+5 ] Canon EOS-1N EOS 1N 35mm SLR Film Camera Body From JAPAN,canon eos-1n,Canon,Film Cameras,Used,259.9,USD,FIXED_PRICE,good-cond,JP,rcamera.japan,100.0,2026-08-20T04:35:43.000Z,,https://www.ebay.com/itm/398306371734?hash=item5cbce8e896:g:mnMAAeSwo5FqhoUQ,https://i.ebayimg.com/images/g/mnMAAeSwo5FqhoUQ/s-l225.jpg
高价,+865%,27.99,80,61.0,[MINT w/ Hood] Canon Canonet QL17 GIII Rangefinder 35mm Film Camera From JAPAN,canon canonet,Canon,Film Cameras,Used,269.99,USD,FIXED_PRICE,grail:Canonet;good-cond,JP,mitsu_64,100.0,2026-08-21T11:20:19.000Z,,https://www.ebay.com/itm/147519640814?hash=item2258db14ee:g:oSoAAeSwt3xqiDTz,https://i.ebayimg.com/images/g/oSoAAeSwt3xqiDTz/s-l225.jpg
无基准,,,,61.0,【MINT-】Canon Ae1p Program 35mm SLR Camera New FD NFD 50mm f/1.4 Lens,canon ae1p,Canon,Film Cameras,Used,269.99,USD,FIXED_PRICE,mount:canon fd;good-cond,JP,japan_fun_camera,100.0,2026-08-21T01:15:30.000Z,,https://www.ebay.com/itm/188824627316?hash=item2bf6d32874:g:Zs0AAeSwcG1pcFT6,https://i.ebayimg.com/images/g/Zs0AAeSwcG1pcFT6/s-l225.jpg
无基准,,,,61.0,【MINT- CLA'd】Canon Ae1p Program SLR Film Camera New FD 50mm f/1.4 Lens Silver,canon ae1p,Canon,Film Cameras,Used,269.99,USD,FIXED_PRICE,mount:canon fd;good-cond,JP,japan_fun_camera,100.0,2026-08-21T01:12:28.000Z,,https://www.ebay.com/itm/188824621549?hash=item2bf6d311ed:g:BaQAAeSwJy5p9CZ~,https://i.ebayimg.com/images/g/BaQAAeSwJy5p9CZ~/s-l225.jpg
无基准,,,,61.0,【N MINT+++ CLA'd】Canon Ae1p Program SLR Film Camera New FD 50mm f/1.4 Lens Black,canon ae1p,Canon,Film Cameras,Used,269.99,USD,FIXED_PRICE,mount:canon fd;good-cond,JP,japan_fun_camera,100.0,2026-08-21T01:12:28.000Z,,https://www.ebay.com/itm/188824621553?hash=item2bf6d311f1:g:XMIAAeSwJyRp-963,https://i.ebayimg.com/images/g/XMIAAeSwJyRp-963/s-l225.jpg
无基准,,,,61.0,[TOP MINT] Voigtlander Color-Skopar 35mm f/2.5 P II Lens for Leica M VM JAPAN,voigtlander 35mm f2.5,Voigtlander,Lenses,Used,269.99,USD,FIXED_PRICE,mount:leica m;good-cond,JP,happy-cameras-jp,100.0,2026-08-20T09:59:27.000Z,,https://www.ebay.com/itm/407158180511?hash=item5ecc84ca9f:g:pSMAAeSwzbZqhtGu,https://i.ebayimg.com/images/g/pSMAAeSwzbZqhtGu/s-l225.jpg
高价,+892%,27.99,80,61.0,"[ ALL Works, NEAR MINT+ ] CANON Canonet QL17 GIII Black 40mm f/1.7 Film Camera",canon canonet,Canon,Film Cameras,Used,277.77,USD,FIXED_PRICE,grail:Canonet;good-cond,JP,oi_b24,98.8,2026-08-21T02:30:14.000Z,,https://www.ebay.com/itm/800542952741?hash=itemba64140d25:g:lqgAAeSwnx1qOynF,https://i.ebayimg.com/images/g/lqgAAeSwnx1qOynF/s-l225.jpg
合理,-6%,298.83,6,61.0,[Almost MINT] Sinar F 4x5 45 Large Format Monorail View Camera From JAPAN,sinar 45,Sinar,Film Cameras,Used,279.9,USD,FIXED_PRICE,good-cond,JP,tokyosnapshot,99.7,2026-08-20T07:17:18.000Z,,https://www.ebay.com/itm/128035795564?hash=item1dcf87326c:g:~9sAAeSwijdqhqr9,https://i.ebayimg.com/images/g/~9sAAeSwijdqhqr9/s-l225.jpg
无基准,,,,61.0,Nikon F Eye Level Finder + NIKKOR-S Auto 50mm f/1.4 [ NEAR MINT ] From JAPAN,nikon eye level,Nikon,Film Cameras,Used,279.99,USD,FIXED_PRICE,mount:nikon f;good-cond,JP,nico_camera.japan,100.0,2026-08-20T21:46:37.000Z,,https://www.ebay.com/itm/128036895066?hash=item1dcf97f95a:g:acIAAeSwnCZqfTul,https://i.ebayimg.com/images/g/acIAAeSwnCZqfTul/s-l225.jpg
高价,+961%,27.99,80,61.0,【N MINT Meter Works】Canon Canonet QL17 GIII Rangefinder Camera Black,canon canonet,Canon,Film Cameras,Used,296.99,USD,FIXED_PRICE,grail:Canonet;good-cond,JP,japan_fun_camera,100.0,2026-08-21T01:15:31.000Z,,https://www.ebay.com/itm/188824627321?hash=item2bf6d32879:g:bUIAAeSwwBxppk0J,https://i.ebayimg.com/images/g/bUIAAeSwwBxppk0J/s-l225.jpg
无基准,,,,61.0,【MINT-】Nikon FA Film Camera Black Ai Zoom-Nikkor 43-86mm f/3.5 Lens,nikon nikkor 43-86mm f3.5,Nikon,Film Cameras,Used,296.99,USD,FIXED_PRICE,mount:nikon f;good-cond,JP,japan_fun_camera,100.0,2026-08-21T01:12:28.000Z,,https://www.ebay.com/itm/188824621586?hash=item2bf6d31212:g:wZYAAeSwJ99qKLqV,https://i.ebayimg.com/images/g/wZYAAeSwJ99qKLqV/s-l225.jpg
高价,+961%,27.99,80,61.0,【N MINT+++ Meter Works】Canon Canonet QL17 GIII Rangefinder 35mm Film Camera,canon canonet,Canon,Film Cameras,Used,296.99,USD,FIXED_PRICE,grail:Canonet;good-cond,JP,japan_fun_camera,100.0,2026-08-21T01:11:07.000Z,,https://www.ebay.com/itm/188824616000?hash=item2bf6d2fc40:g:nb0AAeSwYwRqYW1Z,https://i.ebayimg.com/images/g/nb0AAeSwYwRqYW1Z/s-l225.jpg
高价,+961%,27.99,80,61.0,【N MINT+++Meter Works】Canon Canonet QL17 GIII Rangefinder 35mm Film Camera,canon canonet,Canon,Film Cameras,Used,296.99,USD,FIXED_PRICE,grail:Canonet;good-cond,JP,japan_fun_camera,100.0,2026-08-21T01:11:07.000Z,,https://www.ebay.com/itm/188824616108?hash=item2bf6d2fcac:g:-LsAAeSw~oJqWDaL,https://i.ebayimg.com/images/g/-LsAAeSw~oJqWDaL/s-l225.jpg
无基准,,,,61.0,Meter Works [ MINT w/ Hood] Canon Model 7 Film Camera + 50mm F1.4 L39 From JAPAN,canon 7,Canon,Film Cameras,Used,299.99,USD,FIXED_PRICE,mount:ltm/l39;good-cond,JP,zeroportjapan,100.0,2026-08-20T23:23:15.000Z,,https://www.ebay.com/itm/237019936587?hash=item372f7d374b:g:1pQAAeSwzkRqh4yo,https://i.ebayimg.com/images/g/1pQAAeSwzkRqh4yo/s-l225.jpg
无基准,,,,61.0,2Lens [N MINT] Nikon FA 35mm Film Camera Ai-s Ais 50mm f1.8 35-70mm From JAPAN,nikon ai-s,Nikon,Film Cameras,Used,299.99,USD,FIXED_PRICE,mount:nikon f;good-cond,JP,myu_camera_szok_japan,99.7,2026-08-20T15:39:06.000Z,,https://www.ebay.com/itm/318759488792?hash=item4a378bcd18:g:Gq4AAeSwislqhyLl,https://i.ebayimg.com/images/g/Gq4AAeSwislqhyLl/s-l225.jpg
无基准,,,,61.0,【N MINT+++】Canon P Leica L LTM L39 Screw Mount Film Camera Body,canon l39,Canon,Film Cameras,Used,305.99,USD,FIXED_PRICE,mount:ltm/l39;good-cond,JP,japan_fun_camera,100.0,2026-08-21T01:11:07.000Z,,https://www.ebay.com/itm/188824615965?hash=item2bf6d2fc1d:g:e4UAAeSwrFJqaVce,https://i.ebayimg.com/images/g/e4UAAeSwrFJqaVce/s-l225.jpg
无基准,,,,61.0,【MINT-】Nikon FE 35mm SLR Film Camera Ai 50mm f/1.8 Lens,nikon 35mm f1.8,Nikon,Film Cameras,Used,305.99,USD,FIXED_PRICE,mount:sony e;good-cond,JP,japan_fun_camera,100.0,2026-08-21T01:11:07.000Z,,https://www.ebay.com/itm/188824616132?hash=item2bf6d2fcc4:g:gkUAAeSwe41qaWb~,https://i.ebayimg.com/images/g/gkUAAeSwe41qaWb~/s-l225.jpg
无基准,,,,61.0,Nikon FE Black 35mm SLR Film Camera w/ Ai 50mm f/1.4 Lens from Japan [Near Mint],nikon 35mm f1.4,Nikon,Film Cameras,Used,316.14,USD,FIXED_PRICE,mount:sony e;good-cond,JP,sakura_camera06,100.0,2026-08-21T07:10:55.000Z,,https://www.ebay.com/itm/287537730971?hash=item42f295959b:g:56gAAeSwDRtqfeXz,https://i.ebayimg.com/images/g/56gAAeSwDRtqfeXz/s-l225.jpg
无基准,,,,61.0,S/N 648xxxx [N MINT] Nikon F Eye Level camera Nikkor-S.C Auto 50mm1.4 From Japan,nikon eye level,Nikon,Film Cameras,Used,329.99,USD,FIXED_PRICE,mount:nikon f;good-cond,JP,rakuw_21,99.7,2026-08-20T14:19:30.000Z,,https://www.ebay.com/itm/318759246480?hash=item4a37881a90:g:FScAAeSwzf9qhw5-,https://i.ebayimg.com/images/g/FScAAeSwzf9qhw5-/s-l225.jpg
无基准,,,,61.0,*Near Mint ++ in Box* Nikon FM10 Film Camera Ai-s Zoom Nikkor 35-70mm F/3.5-4.8,nikon fm10,Nikon,Film Cameras,Used,333.32,USD,FIXED_PRICE,mount:nikon f;good-cond,JP,hitonaga-0,100.0,2026-08-21T11:38:35.000Z,,https://www.ebay.com/itm/407160803299?hash=item5eccaccfe3:g:0RcAAeSwY89qYsSX,https://i.ebayimg.com/images/g/0RcAAeSwY89qYsSX/s-l225.jpg
偏低,-24%,449.99,80,61.0,No Sticky[NEAR MINT w/Strap] Nikon F100 35mm Film Camera From JAPAN #0891,nikon f100,Nikon,Film Cameras,Used,339.99,USD,"FIXED_PRICE,BEST_OFFER",good-cond,JP,hisagi.camera.marketjp,100.0,2026-08-20T08:46:07.000Z,,https://www.ebay.com/itm/377434801778?hash=item57e0de0672:g:r7YAAeSw2G9qhra~,https://i.ebayimg.com/images/g/r7YAAeSw2G9qhra~/s-l225.jpg
无基准,,,,61.0,【N MINT+++ MeterWorks】Canon Model 7 50mm f/1.4 LTM L39 Leica L Screw Mount,canon 7,Canon,Film Cameras,Used,359.99,USD,FIXED_PRICE,mount:ltm/l39;good-cond,JP,japan_fun_camera,100.0,2026-08-21T01:11:07.000Z,,https://www.ebay.com/itm/188824616085?hash=item2bf6d2fc95:g:mvIAAeSwWJxqTvPf,https://i.ebayimg.com/images/g/mvIAAeSwWJxqTvPf/s-l225.jpg
无基准,,,,61.0,*Near Mint w/SB-15* Nikon FE Film Camera Ai Zoom Nikkor 43-86mm F/3.5 Lens / JPN,nikon nikkor 43-86mm f3.5,Nikon,Film Cameras,Used,365.06,USD,FIXED_PRICE,mount:nikon f;good-cond,JP,dub0804-55,100.0,2026-08-21T11:34:44.000Z,,https://www.ebay.com/itm/366620397055?hash=item555c474dff:g:qcUAAeSwkVhn3ksD,https://i.ebayimg.com/images/g/qcUAAeSwkVhn3ksD/s-l225.jpg
无基准,,,,61.0,COSINA Voigtlander COLOR-SKOPAR 35mm F2.5 PII VM -Near Mint- 2416,voigtlander 35mm f2.5,Voigtlander,Lenses,Used,369.73,USD,FIXED_PRICE,mount:leica m;good-cond,JP,kitamura_camera,100.0,2026-08-20T15:27:27.000Z,,https://www.ebay.com/itm/820027433535?hash=itembeed71a23f:g:a-0AAeSwvFJqiA9a,https://i.ebayimg.com/images/g/a-0AAeSwvFJqiA9a/s-l225.jpg
无基准,,,,61.0,*Rare Black : Exc+5* Canon FT QL Film Camera FL 50mm F/1.8 Lens From Japan,canon fl 50mm f1.8,Canon,Film Cameras,Used,369.99,USD,FIXED_PRICE,mount:canon fd;good-cond,JP,hitonaga-0,100.0,2026-08-21T11:38:35.000Z,,https://www.ebay.com/itm/407160803294?hash=item5eccaccfde:g:CPsAAeSwQ19pZxYr,https://i.ebayimg.com/images/g/CPsAAeSwQ19pZxYr/s-l225.jpg
无基准,,,,61.0,[Lens Top MINT] Canon EOS 1N BP-E1 35mm Film Camera EF 50mm f1.8 II From JAPAN,canon 1n,Canon,Film Cameras,Used,369.99,USD,FIXED_PRICE,mount:canon ef;good-cond,JP,camera_japan_chiba,100.0,2026-08-21T00:32:15.000Z,,https://www.ebay.com/itm/128037089108?hash=item1dcf9aef54:g:ZIcAAeSwjU9qh50G,https://i.ebayimg.com/images/g/ZIcAAeSwjU9qh50G/s-l225.jpg
无基准,,,,61.0,[Near MINT] Nikon F Eye Level 35mm SLR Film Camera + 50mm F1.4 135mm F2.8 JAPAN,nikon eye level,Nikon,Film Cameras,Used,369.99,USD,FIXED_PRICE,mount:nikon f;good-cond,JP,japan-camera-kita55,100.0,2026-08-20T13:41:32.000Z,,https://www.ebay.com/itm/800540126969?hash=itemba63e8eef9:g:HsAAAeSwVzdqhvpy,https://i.ebayimg.com/images/g/HsAAAeSwVzdqhvpy/s-l225.jpg
无基准,,,,61.0,[NEAR MINT] Nikon F Eye level Black 35mm SLR Film Camera From Japan #7184,nikon eye level,Nikon,Film Cameras,Used,379.99,USD,"FIXED_PRICE,BEST_OFFER",mount:nikon f;good-cond,JP,camera.fumio.japan,100.0,2026-08-21T06:53:57.000Z,,https://www.ebay.com/itm/398310474411?hash=item5cbd2782ab:g:db0AAeSwrsFqZAgv,https://i.ebayimg.com/images/g/db0AAeSwrsFqZAgv/s-l225.jpg
无基准,,,,61.0,[MINT] Voigtlander Color-Skopar 35mm f/2.5 VM Lens for Leica M Mount From JAPAN,voigtlander 35mm f2.5,Voigtlander,Lenses,Used,389.99,USD,FIXED_PRICE,mount:leica m;good-cond,JP,samurai-1173-cam,100.0,2026-08-20T07:37:47.000Z,,https://www.ebay.com/itm/318757897886?hash=item4a3773869e:g:9RoAAeSw~nRqKHf8,https://i.ebayimg.com/images/g/9RoAAeSw~nRqKHf8/s-l225.jpg
无基准,,,,61.0,【N MINT+++】Nikon F Eye Level 35mm SLR Film Camera Black Body,nikon eye level,Nikon,Film Cameras,Used,395.99,USD,FIXED_PRICE,mount:nikon f;good-cond,JP,japan_fun_camera,100.0,2026-08-21T02:18:04.000Z,,https://www.ebay.com/itm/188824835921?hash=item2bf6d65751:g:IRgAAeSwbp5qh7Rb,https://i.ebayimg.com/images/g/IRgAAeSwbp5qh7Rb/s-l225.jpg
高价,+1285%,28.88,80,61.0,All Works [CLA'D Top MINT] Canon Canonet QL17 GIII Rangefinder Camera From JAPAN,canon canonet,Canon,Film Cameras,Used,399.99,USD,FIXED_PRICE,grail:Canonet;good-cond,JP,yoshkub-0,100.0,2026-08-20T11:37:39.000Z,,https://www.ebay.com/itm/147517423912?hash=item2258b94128:g:yoAAAeSwvW9qhueK,https://i.ebayimg.com/images/g/yoAAAeSwvW9qhueK/s-l225.jpg
无基准,,,,61.0,[Exc+4/Case] Canon P Rangefinder 50mm f1.4 Lens 35mm L39 Light meter From JAPAN,canon l39,Canon,Film Cameras,Used,410.0,USD,FIXED_PRICE,mount:ltm/l39;good-cond,JP,camera_marvey,100.0,2026-08-20T21:05:22.000Z,,https://www.ebay.com/itm/398308991137?hash=item5cbd10e0a1:g:77QAAOSwaAxiZEsz,https://i.ebayimg.com/images/g/77QAAOSwaAxiZEsz/s-l225.jpg
无基准,,,,61.0,[ Near MINT w/ Hood & Case ] Canon P Rangefinder 50mm f1.4 L39 Lens From JAPAN,canon l39,Canon,Film Cameras,Used,429.9,USD,FIXED_PRICE,mount:ltm/l39;good-cond,JP,nbz-jp,100.0,2026-08-21T10:33:54.000Z,,https://www.ebay.com/itm/257694589036?hash=item3bffcb606c:g:CkIAAeSw02JqiCpN,https://i.ebayimg.com/images/g/CkIAAeSw02JqiCpN/s-l225.jpg
高价,+1436%,27.99,80,61.0,[MINT] Canon Canonet QL17 G-III G3 35mm Film Camera Tested From JAPAN,canon canonet,Canon,Film Cameras,Used,429.99,USD,FIXED_PRICE,grail:Canonet;good-cond,JP,dreamers_camera_japan,99.5,2026-08-21T10:12:39.000Z,,https://www.ebay.com/itm/366620262538?hash=item555c45408a:g:fk0AAeSwhDJqiCWK,https://i.ebayimg.com/images/g/fk0AAeSwhDJqiCWK/s-l225.jpg
无基准,,,,61.0,[Top MINT] Canon EOS 7s 7 s Film Camera Body EF 50mm F1.8 II Lens From JAPAN,canon 7s,Canon,Film Cameras,Used,449.99,USD,FIXED_PRICE,mount:canon ef;good-cond,JP,beppu_onsen_film_camera,100.0,2026-08-21T07:36:52.000Z,,https://www.ebay.com/itm/398310592635?hash=item5cbd29507b:g:yU4AAeSwiIVqiADR,https://i.ebayimg.com/images/g/yU4AAeSwiIVqiADR/s-l225.jpg
合理,-6%,499.99,80,61.0,【 N MINT-】Nikon S2 35mm Film Camera Nikkor H.C 5cm 50mm f/2 Lens,nikon s2,Nikon,Film Cameras,Used,467.99,USD,FIXED_PRICE,mount:nikon f;good-cond,JP,japan_fun_camera,100.0,2026-08-21T01:12:28.000Z,,https://www.ebay.com/itm/188824621543?hash=item2bf6d311e7:g:RH0AAeSwrclp6sVU,https://i.ebayimg.com/images/g/RH0AAeSwrclp6sVU/s-l225.jpg
合理,-3%,499.99,80,61.0,【N MINT+++】Nikon S2 Nikkor Black Dial Late Model 35mm Rangefinder 5cm 50mm f/2,nikon s2,Nikon,Film Cameras,Used,485.99,USD,FIXED_PRICE,mount:nikon f;good-cond,JP,japan_fun_camera,100.0,2026-08-21T01:15:30.000Z,,https://www.ebay.com/itm/188824627161?hash=item2bf6d327d9:g:YugAAOSwLqxnTT1q,https://i.ebayimg.com/images/g/YugAAOSwLqxnTT1q/s-l225.jpg
合理,+3%,477.99,59,61.0,Voigtlander SEPTON 40mm F/2 ASPH. (for Sony E mount) -Near Mint- #313,voigtlander 40mm f2,Voigtlander,Lenses,Very Good - Refurbished,494.95,USD,FIXED_PRICE,mount:sony e;good-cond,JP,mapcamera,100.0,2026-08-20T07:29:04.000Z,,https://www.ebay.com/itm/327318978191?hash=item4c35bb3e8f:g:LAIAAeSwie9qhqy1,https://i.ebayimg.com/images/g/LAIAAeSwie9qhqy1/s-l225.jpg
合理,+3%,477.99,59,61.0,Voigtlander SEPTON 40mm F/2 ASPH. (for Nikon Z mount) -Near Mint- #312,voigtlander 40mm f2,Voigtlander,Lenses,Very Good - Refurbished,494.95,USD,FIXED_PRICE,mount:nikon z;good-cond,JP,mapcamera,100.0,2026-08-20T07:26:43.000Z,,https://www.ebay.com/itm/820025864603?hash=itembeed59b19b:g:T5oAAeSwe-pqhqwo,https://i.ebayimg.com/images/g/T5oAAeSwe-pqhqwo/s-l225.jpg
无基准,,,,61.0,[MINT w/Grip] Olympus OM-4Ti Black 35mm SLR Film Camera Body From JAPAN 2929386,olympus om-4ti,Olympus,Film Cameras,Used,508.0,USD,FIXED_PRICE,mount:olympus om;good-cond,JP,praise-the-80,100.0,2026-08-21T04:20:30.000Z,,https://www.ebay.com/itm/800543385729?hash=itemba641aa881:g:~cMAAeSwMHJqMof~,https://i.ebayimg.com/images/g/~cMAAeSwMHJqMof~/s-l225.jpg
无基准,,,,61.0,SN 640xxxx [Exc+5] Nikon F Eye Level Early Model SLR 35mm Film Camera From JAPAN,nikon eye level,Nikon,Film Cameras,Used,549.0,USD,FIXED_PRICE,mount:nikon f;good-cond,JP,camera_connection_tokyo,100.0,2026-08-21T03:46:19.000Z,,https://www.ebay.com/itm/307138460720?hash=item4782e0fc30:g:zfIAAeSwRAVqh8qH,https://i.ebayimg.com/images/g/zfIAAeSwRAVqh8qH/s-l225.jpg
无基准,,,,61.0,Nikon F100 35mm SLR Film Camera Body F Mount Black Near Mint Condition,nikon f100,Nikon,Film Cameras,Used,549.0,USD,"FIXED_PRICE,BEST_OFFER",mount:nikon f;good-cond,JP,sakura1k83,100.0,2026-08-20T17:41:37.000Z,,https://www.ebay.com/itm/407159109594?hash=item5ecc92f7da:g:Oq4AAeSwTtFqhzxH,https://i.ebayimg.com/images/g/Oq4AAeSwTtFqhzxH/s-l225.jpg
偏低,-15%,644.99,18,61.0,[Near MINT+3] Fujifilm Fuji Fotorama FP-1 Professional Instant Camera From JAPAN,fujifilm fp-1,Fujifilm,Film Cameras,Used,549.99,USD,FIXED_PRICE,good-cond,JP,nao_reuse_camera_japan,100.0,2026-08-20T16:11:29.000Z,,https://www.ebay.com/itm/147517916690?hash=item2258c0c612:g:S~cAAeSw~7pqhymh,https://i.ebayimg.com/images/g/S~cAAeSw~7pqhymh/s-l225.jpg
无基准,,,,61.0,Rare E/P [ N MINT ] Canon P Black 35mm Rangefinder Film Camera L39 Japan #2429,canon l39,Canon,Film Cameras,Used,609.99,USD,FIXED_PRICE,mount:ltm/l39;good-cond,JP,japan-collection-camera-take,100.0,2026-08-21T05:40:47.000Z,,https://www.ebay.com/itm/398310276973?hash=item5cbd247f6d:g:75YAAeSwIARpHyp8,https://i.ebayimg.com/images/g/75YAAeSwIARpHyp8/s-l225.jpg
无基准,,,,61.0,[Near MINT] Carl Zeiss Jena DDR MC Flektogon 20mm f/2.8 MF Lens For M42 JAPAN,zeiss flektogon 20mm f2.8,Zeiss,Lenses,Used,609.99,USD,FIXED_PRICE,mount:m42;good-cond,JP,japan_camera-vault,100.0,2026-08-20T05:03:38.000Z,,https://www.ebay.com/itm/407157664537?hash=item5ecc7ceb19:g:7cYAAeSw2Ztqhosl,https://i.ebayimg.com/images/g/7cYAAeSw2Ztqhosl/s-l225.jpg
高价,+80%,389.94,80,61.0,Late [N MINT] Pentax 67 6x7 TTL Mirror Up Medium Format Film Camera Body JAPAN,pentax 67,Pentax,Film Cameras,Used,699.99,USD,FIXED_PRICE,grail:Pentax 67;good-cond,JP,zakky-camera-japan,99.8,2026-08-20T21:00:06.000Z,,https://www.ebay.com/itm/800541752921?hash=itemba6401be59:g:VkgAAeSw61Rqh2uM,https://i.ebayimg.com/images/g/VkgAAeSw61Rqh2uM/s-l225.jpg
无基准,,,,61.0,[ Top MINT w/ Box ] Nikon F100 + AF NIKKOR 50mm f/1.4 Film Camera From JAPAN 446,nikon f100,Nikon,Film Cameras,Used,799.9,USD,FIXED_PRICE,mount:nikon f;good-cond,JP,takashiharu,100.0,2026-08-20T19:33:30.000Z,,https://www.ebay.com/itm/117370355928?hash=item1b53d180d8:g:UaUAAeSwXudqdtwz,https://i.ebayimg.com/images/g/UaUAAeSwXudqdtwz/s-l225.jpg
无基准,,,,61.0,Rare!! [Top MINT w/Filter] Hasselblad Carl Zeiss T* FE 60-120mm F/4.8 Lens JAPAN,hasselblad zeiss 60-120mm f4.8,Hasselblad,Lenses,Used,869.99,USD,FIXED_PRICE,mount:sony e;good-cond,JP,ninnincamera,100.0,2026-08-20T07:07:59.000Z,,https://www.ebay.com/itm/318757766933?hash=item4a37718715:g:c7YAAeSww-Fqhqia,https://i.ebayimg.com/images/g/c7YAAeSww-Fqhqia/s-l225.jpg
高价,+117%,399.99,80,61.0,[Exc+5] Pentax 67 Body 6x7 TTL Prism Finder w/Grip Medium Format From JAPAN,pentax 67,Pentax,Film Cameras,Used,869.99,USD,FIXED_PRICE,grail:Pentax 67;good-cond,JP,samurai-1173-cam,100.0,2026-08-20T07:01:49.000Z,,https://www.ebay.com/itm/318757755795?hash=item4a37715b93:g:LX4AAeSwJ2RqI94i,https://i.ebayimg.com/images/g/LX4AAeSwJ2RqI94i/s-l225.jpg
无基准,,,,61.0,Rare SN744xxxx [Top MINT] Nikon F Eye Level Gold SLR 35mm Film Camera From JAPAN,nikon eye level,Nikon,Film Cameras,Used,1599.0,USD,FIXED_PRICE,mount:nikon f;good-cond,JP,camera_connection_tokyo,100.0,2026-08-21T03:44:45.000Z,,https://www.ebay.com/itm/307138460102?hash=item4782e0f9c6:g:xREAAeSwFLNqh8rY,https://i.ebayimg.com/images/g/xREAAeSwFLNqh8rY/s-l225.jpg
无基准,,,,61.0,Extremely rare [Top MINT] Melcon I Type F Camera Nikkor 5cm f2 Black Belt JAPAN,nikkor f2,Nikkor,Film Cameras,Used,1899.99,USD,FIXED_PRICE,mount:nikon f;good-cond,JP,coral-takesea,100.0,2026-08-21T12:16:10.000Z,,https://www.ebay.com/itm/318763610517?hash=item4a37cab195:g:F30AAeSwp05qiEFT,https://i.ebayimg.com/images/g/F30AAeSwp05qiEFT/s-l225.jpg
偏高,+20%,274.51,41,60.0,In Box [Top Mint w/Hood] SMC Pentax FA 645 150-300mm f5.6 ED IF Lens From JAPAN,pentax smc 150-300mm f5.6,Pentax,Lenses,Used,329.99,USD,FIXED_PRICE,grail:645;mount:pentax k;good-cond,JP,shib5636,100.0,2026-08-20T08:33:37.000Z,,https://www.ebay.com/itm/398306931198?hash=item5cbcf171fe:g:8v0AAeSwkAlqhrxg,https://i.ebayimg.com/images/g/8v0AAeSwkAlqhrxg/s-l225.jpg
偏高,+19%,329.0,55,60.0,[N.MINT] SMC PENTAX 67 45mm f4 Wide Angle Lens From JAPAN #v3516,pentax smc 45mm f4,Pentax,Lenses,Used,392.0,USD,FIXED_PRICE,grail:PENTAX 67;mount:pentax k;good-cond,JP,camelion-japan,99.7,2026-08-20T06:23:13.000Z,,https://www.ebay.com/itm/407157789254?hash=item5ecc7ed246:g:eOUAAeSwbp5qhp0X,https://i.ebayimg.com/images/g/eOUAAeSwbp5qhp0X/s-l225.jpg
偏高,+25%,334.58,80,60.0,SMC PENTAX-A 645 35mm f/3.5 [Near MINT] Ultra-Wide Angle Lens 645N NII SN4111988,pentax smc 35mm f3.5,Pentax,Lenses,Used,418.0,USD,FIXED_PRICE,grail:645;mount:pentax k;good-cond,JP,tokyoberry-camera,100.0,2026-08-20T06:57:50.000Z,,https://www.ebay.com/itm/407157850617?hash=item5ecc7fc1f9:g:OWUAAOSwHYhnmYcL,https://i.ebayimg.com/images/g/OWUAAOSwHYhnmYcL/s-l225.jpg
偏高,+17%,409.94,80,60.0,Mamiya RZ67 Pro Medium Format Camera Body w/ Waist Level Viewfinder #767,mamiya rz67,Mamiya,Film Cameras,Used,479.97,USD,"FIXED_PRICE,BEST_OFFER",grail:RZ67,US,robertscamera,99.8,2026-08-20T19:10:09.000Z,,https://www.ebay.com/itm/407159248430?hash=item5ecc95162e:g:X8gAAeSwMf5qh1EK,https://i.ebayimg.com/images/g/X8gAAeSwMf5qh1EK/s-l225.jpg
偏高,+28%,379.0,25,60.0,Contax Carl Zeiss Sonnar 50mm F1.5 Contax RF-Mount rangefinder,contax rf 50mm f1.5,Contax,Lenses,Used,484.18,USD,"FIXED_PRICE,BEST_OFFER",grail:Sonnar;mount:canon rf,JP,bears2636,99.3,2026-08-20T04:41:30.000Z,,https://www.ebay.com/itm/188820371259?hash=item2bf692373b:g:tKsAAeSw7RNqhoaq,https://i.ebayimg.com/images/g/tKsAAeSw7RNqhoaq/s-l225.jpg
偏高,+38%,419.87,80,60.0,Leica Summicron 50mm F2 Collapsible L39 Mount,leica summicron 50mm f2,Leica,Lenses,Used,579.12,USD,"FIXED_PRICE,BEST_OFFER",grail:Summicron;mount:ltm/l39,JP,bears2636,99.3,2026-08-20T09:57:31.000Z,,https://www.ebay.com/itm/188821515351?hash=item2bf6a3ac57:g:qRsAAeSwS9dqhtGx,https://i.ebayimg.com/images/g/qRsAAeSwS9dqhtGx/s-l225.jpg
偏高,+41%,919.5,16,60.0,Vintage Leica Leicaflex SL2 50 Jahre Camera With Wetzlar Elmarit-R 1:2.8/90 Lens,leica leicaflex 50,Leica,Film Cameras,Used,1299.95,USD,FIXED_PRICE,grail:Elmarit,US,mane13,100.0,2026-08-20T05:59:36.000Z,,https://www.ebay.com/itm/318757557149?hash=item4a376e539d:g:F0UAAeSwuTdqhpeb,https://i.ebayimg.com/images/g/F0UAAeSwuTdqhpeb/s-l225.jpg
偏高,+17%,1477.15,78,60.0,Voigtlander Nokton 50mm f/1 Aspherical VM for Leica M Mount from Japan E0820,voigtlander nokton 50mm f1,Voigtlander,Lenses,Used,1728.63,USD,FIXED_PRICE,grail:Nokton;mount:leica m,JP,kyoto_camera,99.7,2026-08-20T07:10:29.000Z,,https://www.ebay.com/itm/278298087330?hash=item40cbdbcfa2:g:zikAAeSwe9Zqhqd-,https://i.ebayimg.com/images/g/zikAAeSwe9Zqhqd-/s-l225.jpg
偏高,+14%,24387.82,15,60.0,Leica MP Hermes Edition 35mm Rangefinder Film Camera Body From Japan Used H0821,leica hermes edition,Leica,Film Cameras,Used,27861.02,USD,FIXED_PRICE,grail:Leica MP,JP,kyoto_camera,99.7,2026-08-21T01:35:47.000Z,,https://www.ebay.com/itm/278300483873?hash=item40cc006121:g:hywAAeSwGFpqh6sc,https://i.ebayimg.com/images/g/hywAAeSwGFpqh6sc/s-l225.jpg
偏高,+22%,24387.82,15,60.0,Leica MP Hermes Edition 35mm Rangefinder Film Camera Body From Japan Used H0821,leica hermes edition,Leica,Film Cameras,Used,29849.85,USD,FIXED_PRICE,grail:Leica MP,JP,kyoto_camera,99.7,2026-08-21T01:29:09.000Z,,https://www.ebay.com/itm/278300453862?hash=item40cbffebe6:g:zCIAAeSwicVqh6mU,https://i.ebayimg.com/images/g/zCIAAeSwicVqh6mU/s-l225.jpg
高价,+790%,26.97,80,59.0,【NEAR MINT+】Pentax Spotmatic F Black SPF Film Camera w/ 55mm 1.8 Lens From JAPAN,pentax spotmatic,Pentax,Film Cameras,Used,239.99,USD,FIXED_PRICE,grail:Spotmatic;55mm;good-cond,JP,osaka-camera-takeuchi,98.2,2026-08-20T17:27:11.000Z,,https://www.ebay.com/itm/257693143833?hash=item3bffb55319:g:CYoAAeSw94NqhzXi,https://i.ebayimg.com/images/g/CYoAAeSw94NqhzXi/s-l225.jpg
高价,+528%,39.78,80,59.0,CLA'd New Seal [N MINT] PENTAX MX SLR Film Camera SMC 55mm f1.8 Lens From JAPAN,pentax smc,Pentax,Film Cameras,Used,249.9,USD,FIXED_PRICE,grail:PENTAX MX;55mm;good-cond,JP,daisu19,98.9,2026-08-20T08:42:24.000Z,,https://www.ebay.com/itm/800538902318?hash=itemba63d63f2e:g:0goAAeSw6xpqhr7k,https://i.ebayimg.com/images/g/0goAAeSw6xpqhr7k/s-l225.jpg
高价,+846%,26.97,80,59.0,*Almost Mint* Pentax Spotmatic SP Film Camera Super Takumar 55mm F/1.8 From /JPN,pentax spotmatic,Pentax,Film Cameras,Used,254.99,USD,FIXED_PRICE,grail:Spotmatic;55mm;good-cond,JP,hitonaga-0,100.0,2026-08-21T11:38:35.000Z,,https://www.ebay.com/itm/407160803276?hash=item5eccaccfcc:g:ROIAAeSwuPNqOcUJ,https://i.ebayimg.com/images/g/ROIAAeSwuPNqOcUJ/s-l225.jpg
高价,+920%,26.97,80,59.0,*Near Mint w/ Flash* Pentax Spotmatic F SPF Film Camera SMC Takumar 55mm F/1.8,pentax spotmatic,Pentax,Film Cameras,Used,274.99,USD,FIXED_PRICE,grail:Spotmatic;55mm;good-cond,JP,hitonaga-0,100.0,2026-08-21T11:38:35.000Z,,https://www.ebay.com/itm/407160803283?hash=item5eccaccfd3:g:AQoAAeSw6YdqCtYw,https://i.ebayimg.com/images/g/AQoAAeSw6YdqCtYw/s-l225.jpg
高价,+1012%,26.97,80,59.0,*Near Mint ++ w/Panashot* Pentax SPF Spotmatic F Camera SMC 55mm F/1.8 Lens /JPN,pentax spotmatic,Pentax,Film Cameras,Used,299.99,USD,FIXED_PRICE,grail:Spotmatic;55mm;good-cond,JP,dub0804-55,100.0,2026-08-21T11:34:44.000Z,,https://www.ebay.com/itm/366620397044?hash=item555c474df4:g:0rwAAOSwHcdmYRda,https://i.ebayimg.com/images/g/0rwAAOSwHcdmYRda/s-l225.jpg
高价,+1309%,26.97,80,59.0,*Near Mint ++* Pentax SPF Spotmatic F Black Film Camera SMC Takumar 55mm F/1.8,pentax spotmatic,Pentax,Film Cameras,Used,379.99,USD,FIXED_PRICE,grail:Spotmatic;55mm;good-cond,JP,dub0804-55,100.0,2026-08-21T11:34:44.000Z,,https://www.ebay.com/itm/366620397092?hash=item555c474e24:g:m0kAAeSwCPFo8EON,https://i.ebayimg.com/images/g/m0kAAeSwCPFo8EON/s-l225.jpg
高价,+424%,82.5,80,59.0,【N MINT+++】Pentax LX 35mm SLR Film Camera 55mm f/1.8 Lens,pentax 35mm f1.8,Pentax,Film Cameras,Used,431.99,USD,FIXED_PRICE,grail:Pentax LX;55mm;good-cond,JP,japan_fun_camera,100.0,2026-08-21T01:11:06.000Z,,https://www.ebay.com/itm/188824615949?hash=item2bf6d2fc0d:g:RpcAAeSw1~lqgofP,https://i.ebayimg.com/images/g/RpcAAeSw1~lqgofP/s-l225.jpg
偏高,+18%,1999.0,7,59.0,【Top Mint In Box】 Zeiss Ikon ZM Black Leica M Rangefinder 35mm Film Camera Japan,zeiss ikon leica,Zeiss,Film Cameras,Used,2350.0,USD,FIXED_PRICE,mount:leica m;good-cond,JP,ichiro-camera-japan,99.6,2026-08-21T06:43:15.000Z,,https://www.ebay.com/itm/237020714262?hash=item372f891516:g:1QEAAeSwtxVqczfM,https://i.ebayimg.com/images/g/1QEAAeSwtxVqczfM/s-l225.jpg
无基准,,56.4,80,58.0,Olympus OM-1 35mm SLR Film Camera w 50mm f1.8 Prime Lens Vintage Kit,olympus om-1,Olympus,Film Cameras,Used,0.0,USD,"AUCTION,BEST_OFFER",grail:OM-1;mount:olympus om;auction,US,littlejoesstate,98.5,2026-08-20T20:13:37.000Z,2026-08-27T20:13:37.000Z,https://www.ebay.com/itm/407159348086?hash=item5ecc969b76:g:MrAAAeSwOzFqb323,https://i.ebayimg.com/images/g/MrAAAeSwOzFqb323/s-l225.jpg
无基准,,,,58.0,Vintage Schneider-Kreuznach Xenotar 135mm f/3.5 Lens Synchro-Compur Linhof,linhof xenotar 135mm f3.5,Linhof,Vintage Lenses,,0.0,USD,AUCTION,grail:Xenotar;auction,US,goodwillkc,99.8,2026-08-20T14:24:50.000Z,2026-08-25T14:24:50.000Z,https://www.ebay.com/itm/158209251060?hash=item24d60196f4:g:YDMAAeSwhPJqhxH2,https://i.ebayimg.com/images/g/YDMAAeSwhPJqhxH2/s-l225.jpg
合理,-7%,26.97,80,58.0,"Honeywell Pentax Spotmatic H 35mm Film SLR Camera, M42, TESTED [Very Good] #1100",pentax spotmatic,Pentax,Film Cameras,Used,25.0,USD,"FIXED_PRICE,BEST_OFFER",grail:Spotmatic;mount:m42,US,alserge.dct2,99.8,2026-08-21T03:21:58.000Z,,https://www.ebay.com/itm/307138436056?hash=item4782e09bd8:g:pzQAAeSw6o5qh8NP,https://i.ebayimg.com/images/g/pzQAAeSw6o5qh8NP/s-l225.jpg
无基准,,,,58.0,Vintage Minolta SrT201 Film Camera Japan + ProSpec 35-70mm 1:3.5-4.5 lens TESTED,minolta srt201,Minolta,Film Cameras,Used,63.67,USD,"FIXED_PRICE,BEST_OFFER",grail:SrT201,US,chatdad,99.8,2026-08-20T21:22:20.000Z,,https://www.ebay.com/itm/206506864484?hash=item3014c4af64:g:BW8AAeSwGa5pviLf,https://i.ebayimg.com/images/g/BW8AAeSwGa5pviLf/s-l225.jpg
无基准,,,,58.0,Pentax ME Super 35mm SLR Camera w/ 135mm Lens Good Condition,pentax super,Pentax,Film Cameras,Used,75.99,USD,"FIXED_PRICE,BEST_OFFER",grail:Pentax ME Super,US,malbilli57,98.6,2026-08-20T22:02:36.000Z,,https://www.ebay.com/itm/398309130343?hash=item5cbd130067:g:KOIAAOSwQJNjhV4O,https://i.ebayimg.com/images/g/KOIAAOSwQJNjhV4O/s-l225.jpg
无基准,,,,58.0,Minolta Hi-Matic AF-D 35mm Point & Shoot Film Camera Auto Focus - Tested,minolta hi-matic af-d,Minolta,Film Cameras,Used,89.0,USD,FIXED_PRICE,grail:Hi-Matic,US,bboypoop,99.5,2026-08-20T19:54:13.000Z,,https://www.ebay.com/itm/147518268574?hash=item2258c6249e:g:Wo0AAeSwX4xqh1rf,https://i.ebayimg.com/images/g/Wo0AAeSwX4xqh1rf/s-l225.jpg
无基准,,,,58.0,Pentax ME Super 35mm Film Camera + 50mm f/2 Lens + Strap TESTED,pentax super,Pentax,Film Cameras,Used,100.0,USD,"FIXED_PRICE,BEST_OFFER",grail:Pentax ME Super,US,testedcameras,100.0,2026-08-21T01:48:21.000Z,,https://www.ebay.com/itm/800542770551?hash=itemba64114577:g:6LoAAeSwLrNqh63U,https://i.ebayimg.com/images/g/6LoAAeSwLrNqh63U/s-l225.jpg
合理,+1%,99.0,80,58.0,Pentax Asahi K1000 35mm Film Camera/W ALBINAR ADG MC MACRO 80-200MM Lens Tested,pentax k1000,Pentax,Film Cameras,Used,100.0,USD,FIXED_PRICE,grail:K1000,US,nathru7741,100.0,2026-08-20T22:23:18.000Z,,https://www.ebay.com/itm/800542068877?hash=itemba6406908d:g:KrgAAeSwyShqgiUo,https://i.ebayimg.com/images/g/KrgAAeSwyShqgiUo/s-l225.jpg
无基准,,,,58.0,Minolta SRT-101 with 58mm F1.4 Lens 35mm Film Camera Vintage With Original Case,minolta srt-101,Minolta,Film Cameras,Used,108.77,USD,"FIXED_PRICE,BEST_OFFER",grail:SRT-101;58mm,CA,bintheresavedthat,100.0,2026-08-21T00:04:45.000Z,,https://www.ebay.com/itm/820028869556?hash=itembeed878bb4:g:PWAAAeSwZuRqh5R2,https://i.ebayimg.com/images/g/PWAAAeSwZuRqh5R2/s-l225.jpg
无基准,,,,58.0,Asahi Pentax K1000 With 80-200mm Albinar ADG macro zoom Lens and Bag,asahi k1000,Asahi,Film Cameras,Used,125.0,USD,"FIXED_PRICE,BEST_OFFER",grail:K1000,US,jamess9408,99.6,2026-08-21T01:49:05.000Z,,https://www.ebay.com/itm/307138347402?hash=item4782df418a:g:2BIAAeSwTgpqh6vC,https://i.ebayimg.com/images/g/2BIAAeSwTgpqh6vC/s-l225.jpg
无基准,,,,58.0,Asahi Pentax K1000 35mm SLR Film Camera w/ Pentax-M SMC 50mm f/2 Lens & Case,asahi k1000,Asahi,Film Cameras,Used,129.95,USD,FIXED_PRICE,grail:K1000,US,treasuredepot,100.0,2026-08-20T15:57:09.000Z,,https://www.ebay.com/itm/198584672994?hash=item2e3c91a2e2:g:ZDcAAeSwjspqhxN0,https://i.ebayimg.com/images/g/ZDcAAeSwjspqhxN0/s-l225.jpg
无基准,,,,58.0,[Exc+5 w/ Box] Pentax K-30 DSLR 18-55mm Lens Kit From JAPAN,pentax k-30,Pentax,Film Cameras,Used,129.99,USD,FIXED_PRICE,55mm;good-cond,JP,isshin39,100.0,2026-08-21T12:01:54.000Z,,https://www.ebay.com/itm/198586539341?hash=item2e3cae1d4d:g:CgUAAeSwDFZqiD9m,https://i.ebayimg.com/images/g/CgUAAeSwDFZqiD9m/s-l225.jpg
无基准,,,,58.0,Asahi Pentax Auto 110 110 Cartridge Film READ,asahi pentax cartridge,Asahi,Film Cameras,Used,129.99,USD,FIXED_PRICE,grail:Auto 110,US,paymore_gurnee,99.6,2026-08-21T11:03:29.000Z,,https://www.ebay.com/itm/398311207826?hash=item5cbd32b392:g:MHEAAeSwmX1qiAOz,https://i.ebayimg.com/images/g/MHEAAeSwmX1qiAOz/s-l225.jpg
无基准,,,,58.0,Olympus Stylus Epic Zoom 170 Quartz Date 35mm Film Camera Tested Working,olympus stylus epic 170,Olympus,Film Cameras,Used,130.0,USD,"FIXED_PRICE,BEST_OFFER",grail:Stylus Epic,US,ractre-46,100.0,2026-08-21T01:10:25.000Z,,https://www.ebay.com/itm/820029091495?hash=itembeed8aeea7:g:nXsAAeSwIR1qh6V0,https://i.ebayimg.com/images/g/nXsAAeSwIR1qh6V0/s-l225.jpg
无基准,,,,58.0,EXAKTA 500 Vintage Film Camera 35 mm ZEISS JENA TESSAR 2.8 /50 Lens # 8168037,exakta 500,Exakta,Vintage Cameras,,144.95,USD,"FIXED_PRICE,BEST_OFFER",grail:TESSAR,US,blamm,99.7,2026-08-21T10:18:10.000Z,,https://www.ebay.com/itm/206508230248?hash=item3014d98668:g:KPkAAOSw~chjcaai,https://i.ebayimg.com/images/g/KPkAAOSw~chjcaai/s-l225.jpg
无基准,,,,58.0,Asahi Pentax K1000 Silver 35mm SLR,asahi k1000,Asahi,Vintage Cameras,,149.0,USD,"FIXED_PRICE,BEST_OFFER",grail:K1000,US,mij-8048,0.0,2026-08-21T05:22:09.000Z,,https://www.ebay.com/itm/318762196989?hash=item4a37b51ffd:g:1VMAAeSwOa9qh-AN,https://i.ebayimg.com/images/g/1VMAAeSwOa9qh-AN/s-l225.jpg
无基准,,,,58.0,CLEAN! ZEISS HASSELBLAD 150MM F/4 SONNAR +CAPS CHROME V SERIES 500/501/503 USA,zeiss sonnar 150mm f4,Zeiss,Lenses,Used,149.0,USD,"FIXED_PRICE,BEST_OFFER",grail:SONNAR,US,f-stop_shop,100.0,2026-08-20T14:37:42.000Z,,https://www.ebay.com/itm/298604343975?hash=item458634b2a7:g:kE8AAeSw0KVqhxBe,https://i.ebayimg.com/images/g/kE8AAeSw0KVqhxBe/s-l225.jpg
无基准,,,,58.0,[Exc+5] Mamiya Sekor 55mm f/4.5 Lens for C22 C33 C220 C330 TLR From JAPAN,mamiya sekor 55mm f4.5,Mamiya,Lenses,Used,199.99,USD,FIXED_PRICE,55mm;good-cond,JP,nao_reuse_camera_japan,100.0,2026-08-20T16:13:13.000Z,,https://www.ebay.com/itm/147517919117?hash=item2258c0cf8d:g:TFcAAeSwU~lqhynv,https://i.ebayimg.com/images/g/TFcAAeSwU~lqhynv/s-l225.jpg
无基准,,,,58.0,*Near Mint w/ Case* Pentax SL Film Camera Super Takumar 55mm F/1.8 Lens From JPN,pentax super takumar,Pentax,Film Cameras,Used,205.46,USD,FIXED_PRICE,55mm;good-cond,JP,dub0804-55,100.0,2026-08-21T11:34:44.000Z,,https://www.ebay.com/itm/366620397058?hash=item555c474e02:g:oEgAAOSwVrhmZR37,https://i.ebayimg.com/images/g/oEgAAOSwVrhmZR37/s-l225.jpg
无基准,,,,58.0,[Mint] Nikon D3300 Black 24.2 MP Digital SLR 18-55mm VR II Lens From JAPAN,nikon d3300,Nikon,Film Cameras,Used,249.99,USD,FIXED_PRICE,55mm;good-cond,JP,samurai-1173-cam,100.0,2026-08-20T20:48:22.000Z,,https://www.ebay.com/itm/318760437854?hash=item4a379a485e:g:424AAeSwHflqXYPx,https://i.ebayimg.com/images/g/424AAeSwHflqXYPx/s-l225.jpg
无基准,,,,58.0,Olympus Infinity Stylus Epic Zoom 80 Point & Shoot Film 35mm Camera Tested Case,olympus stylus epic 80,Olympus,Film Cameras,Used,249.99,USD,"FIXED_PRICE,BEST_OFFER",grail:Stylus Epic,US,kgmthriftemporium,99.7,2026-08-20T20:34:16.000Z,,https://www.ebay.com/itm/137644541325?hash=item200c41058d:g:Cr0AAeSwIMRqh2ED,https://i.ebayimg.com/images/g/Cr0AAeSwIMRqh2ED/s-l225.jpg
无基准,,,,58.0,【】SMC PENTAX-FA 645 200mm F4 Medium Format AF Telephoto Lens 645 Mount EF-2419,pentax ef 200mm f4,Pentax,Lenses,Used,267.85,USD,"FIXED_PRICE,BEST_OFFER",grail:645;mount:canon ef,JP,bears2636,99.3,2026-08-20T08:51:06.000Z,,https://www.ebay.com/itm/206505386081?hash=item3014ae2061:g:yZ8AAeSwIK1qhsC2,https://i.ebayimg.com/images/g/yZ8AAeSwIK1qhsC2/s-l225.jpg
无基准,,,,58.0,*Near Mint ++ w/ Case* Pentax SV Film Camera Super Takumar 55mm F/1.8 From Japan,pentax super takumar,Pentax,Film Cameras,Used,275.99,USD,FIXED_PRICE,55mm;good-cond,JP,hitonaga-0,100.0,2026-08-21T11:38:35.000Z,,https://www.ebay.com/itm/407160803289?hash=item5eccaccfd9:g:yocAAeSwMQVorN8o,https://i.ebayimg.com/images/g/yocAAeSwMQVorN8o/s-l225.jpg
无基准,,,,58.0,Zeiss Ikon Voigtlander 32mm f2.8 Distagon Contaflex 126 Mount Lens,zeiss distagon 32mm f2.8,Zeiss,Lenses,Used,280.0,USD,"FIXED_PRICE,BEST_OFFER",grail:Distagon,US,syracusecamera,99.8,2026-08-20T18:34:16.000Z,,https://www.ebay.com/itm/307137742374?hash=item4782d60626:g:XvYAAeSwF5Bqh0Ce,https://i.ebayimg.com/images/g/XvYAAeSwF5Bqh0Ce/s-l225.jpg
合理,+4%,269.99,34,58.0,B+ SMC PENTAX-FA Pentax 645 45-85mm F4.5 Poor Condition return 7-7,pentax smc 45-85mm f4.5,Pentax,Lenses,Used,281.72,USD,"FIXED_PRICE,BEST_OFFER",grail:645;mount:pentax k,JP,bears2636,99.3,2026-08-20T08:51:12.000Z,,https://www.ebay.com/itm/188821306830?hash=item2bf6a07dce:g:JkIAAeSw~vdqhsB9,https://i.ebayimg.com/images/g/JkIAAeSw~vdqhsB9/s-l225.jpg
无基准,,,,58.0,[Exc+4] Konica Autorex 35mm SLR Camera w/Hexanon 52mm f/1.8 Lens From JAPAN,konica autorex w/hexanon,Konica,Film Cameras,Used,298.0,USD,FIXED_PRICE,52mm;good-cond,JP,ein.japan,99.5,2026-08-21T09:40:18.000Z,,https://www.ebay.com/itm/237021016573?hash=item372f8db1fd:g:afwAAeSwwS5qiBxK,https://i.ebayimg.com/images/g/afwAAeSwwS5qiBxK/s-l225.jpg
合理,+10%,271.9,80,58.0,Nikon FM2 FM2 Black 35mm SLR Film Camera Body READ,nikon fm2,Nikon,Film Cameras,Used,300.0,USD,"FIXED_PRICE,BEST_OFFER",grail:FM2,US,atticaction,99.9,2026-08-20T20:46:50.000Z,,https://www.ebay.com/itm/278299871012?hash=item40cbf70724:g:Q1EAAeSwjPFqh2ck,https://i.ebayimg.com/images/g/Q1EAAeSwjPFqh2ck/s-l225.jpg
无基准,,,,58.0,"Olympus Mju infinity stylus epic 80 deluxe (comes with original case, read desc)",olympus stylus epic 80,Olympus,Film Cameras,Open box,300.0,USD,"FIXED_PRICE,BEST_OFFER",grail:Mju,US,woodyandy,100.0,2026-08-20T17:01:54.000Z,,https://www.ebay.com/itm/137643913129?hash=item200c376fa9:g:yjkAAeSw-Mtqhy-N,https://i.ebayimg.com/images/g/yjkAAeSw-Mtqhy-N/s-l225.jpg
无基准,,,,58.0,[Mint] Nikon D5600 Black 24.2 MP Digital SLR Camera 18-55mm VR AF-P From JAPAN,nikon d5600,Nikon,Film Cameras,Used,379.99,USD,FIXED_PRICE,55mm;good-cond,JP,samurai-1173-cam,100.0,2026-08-20T20:57:42.000Z,,https://www.ebay.com/itm/318760475412?hash=item4a379adb14:g:~-wAAeSwQBhqRsra,https://i.ebayimg.com/images/g/~-wAAeSwQBhqRsra/s-l225.jpg
无基准,,,,58.0,Leica Macro Elmarit-R 60mm f/2.8mm 3 Cam Lens For R3 R4 R5 R6 R7,leica elmarit 60mm f2.8,Leica,Lenses,Used,475.0,USD,"FIXED_PRICE,BEST_OFFER",grail:Elmarit,US,peacecamera,99.5,2026-08-20T18:33:35.000Z,,https://www.ebay.com/itm/198584918044?hash=item2e3c95601c:g:2UgAAeSwGGJqh0XE,https://i.ebayimg.com/images/g/2UgAAeSwGGJqh0XE/s-l225.jpg
无基准,,,,58.0,Rare Original Black [A MINT] Asahi Pentax S3 35mm Film Camera 55mm f/1.8 JAPAN,asahi s3,Asahi,Film Cameras,Used,495.9,USD,FIXED_PRICE,55mm;good-cond,JP,samurai_camera,100.0,2026-08-21T10:04:19.000Z,,https://www.ebay.com/itm/298606481041?hash=item4586554e91:g:64sAAeSweMVpYiex,https://i.ebayimg.com/images/g/64sAAeSweMVpYiex/s-l225.jpg
合理,+2%,489.99,80,58.0,Nikon F5,nikon f5,Nikon,Film Cameras,Used,499.0,USD,"FIXED_PRICE,BEST_OFFER",grail:Nikon F5,US,dawal-5754,100.0,2026-08-21T02:15:09.000Z,,https://www.ebay.com/itm/227484844766?hash=item34f72742de:g:I70AAeSw2rZqh7YC,https://i.ebayimg.com/images/g/I70AAeSw2rZqh7YC/s-l225.jpg
合理,-8%,649.99,17,58.0,[ Excellent+5 ] SMC PENTAX FISH-EYE 35mm F/4.5 MF Lens for 67 6x7 67II APAN,pentax smc 35mm f4.5,Pentax,Lenses,Used,599.99,USD,"FIXED_PRICE,BEST_OFFER",grail:6x7;mount:pentax k,JP,wazze_camera.jpn,100.0,2026-08-20T13:52:54.000Z,,https://www.ebay.com/itm/820027139973?hash=itembeed6d2785:g:jMkAAeSwqrFqWjQY,https://i.ebayimg.com/images/g/jMkAAeSwqrFqWjQY/s-l225.jpg
无基准,,,,58.0,Asahi Pentax 6x7 Medium Format analog camera TTL Prism Finder Polaroid back,asahi pentax analog,Asahi,Film Cameras,Used,605.0,USD,"FIXED_PRICE,BEST_OFFER",grail:6x7,US,zuzannabutkiewicz,100.0,2026-08-21T02:17:49.000Z,,https://www.ebay.com/itm/117370851466?hash=item1b53d9108a:g:l6sAAeSw-9Fqh6vY,https://i.ebayimg.com/images/g/l6sAAeSw-9Fqh6vY/s-l225.jpg
无基准,,,,58.0,"NEW, UNUSED Nikon FM2N 35mmW/ Titanium Shutter FM2 N We are US Seller",nikon fm2n,Nikon,Film Cameras,Open box,899.0,USD,FIXED_PRICE,grail:FM2,US,rmlxmzd1226,99.5,2026-08-20T15:44:43.000Z,,https://www.ebay.com/itm/287536522910?hash=item42f283269e:g:~rgAAOSwmRtmY1uK,https://i.ebayimg.com/images/g/~rgAAOSwmRtmY1uK/s-l225.jpg
合理,+9%,1049.99,80,58.0,Nikon FM3A 35mm SLR Film Camera Body Chrome Tested Working Excellent,nikon fm3a,Nikon,Film Cameras,Used,1149.0,USD,"FIXED_PRICE,BEST_OFFER",grail:FM3A,US,jacar150842,100.0,2026-08-21T09:40:26.000Z,,https://www.ebay.com/itm/178429518035?hash=item298b3a60d3:g:9eoAAeSwhDJqiBnC,https://i.ebayimg.com/images/g/9eoAAeSwhDJqiBnC/s-l225.jpg
合理,-1%,1266.58,80,58.0,Leica 35mm f2 Summicron-R 11115 Late 3 Cam W/A Lens w/Box/Case/Caps f/SLR NICE!,leica summicron 35mm f2,Leica,Lenses,Used,1250.0,USD,"FIXED_PRICE,BEST_OFFER",grail:Summicron,US,jimmynbetty,100.0,2026-08-20T19:20:59.000Z,,https://www.ebay.com/itm/206506656990?hash=item3014c184de:g:ISgAAeSw3mlqaSTc,https://i.ebayimg.com/images/g/ISgAAeSw3mlqaSTc/s-l225.jpg
无基准,,,,58.0,Pentax SMC Pentax 67 400mm F4 ED M* Star Super Telephoto Lens from Japan D0820,pentax smc 400mm f4,Pentax,Lenses,Used,1403.92,USD,FIXED_PRICE,grail:Pentax 67;mount:pentax k,JP,kyoto_camera,99.7,2026-08-20T08:04:44.000Z,,https://www.ebay.com/itm/278298194693?hash=item40cbdd7305:g:Vx4AAeSwzf9qhrTA,https://i.ebayimg.com/images/g/Vx4AAeSwzf9qhrTA/s-l225.jpg
无基准,,,,58.0,"Pentax 6x7 Medium Format Camera Kit w/ 105mm f2.4 Lens, TTL Finder, & Grip #682",pentax 105mm f2.4,Pentax,Film Cameras,Used,1499.5,USD,"FIXED_PRICE,BEST_OFFER",grail:6x7,US,robertscamera,99.8,2026-08-20T19:23:18.000Z,,https://www.ebay.com/itm/147518210909?hash=item2258c5435d:g:KlYAAeSwTgpqh1Qe,https://i.ebayimg.com/images/g/KlYAAeSwTgpqh1Qe/s-l225.jpg
无基准,,,,58.0,Pentax SMC Pentax 6x7 M* 400mm F4 ED IF Star Telephoto Lens from Japan D0820,pentax smc 400mm f4,Pentax,Lenses,Used,1782.27,USD,FIXED_PRICE,grail:6x7;mount:pentax k,JP,kyoto_camera,99.7,2026-08-20T07:57:36.000Z,,https://www.ebay.com/itm/287535817110?hash=item42f2786196:g:~2cAAeSwdK5qhrMU,https://i.ebayimg.com/images/g/~2cAAeSwdK5qhrMU/s-l225.jpg
合理,+7%,2199.99,7,58.0,CONTAX Carl Zeiss Tele-Apotessar 350mm f/4 T* for 645,contax zeiss 350mm f4,Contax,Lenses,Very Good - Refurbished,2360.0,USD,"FIXED_PRICE,BEST_OFFER",grail:645,JP,fivestarcamera,99.9,2026-08-20T05:29:27.000Z,,https://www.ebay.com/itm/298603236631?hash=item458623cd17:g:2gAAAeSwu7ZqhpCz,https://i.ebayimg.com/images/g/2gAAAeSwu7ZqhpCz/s-l225.jpg
无基准,,,,58.0,Pentax SMC Pentax 67 800mm F6.7 ED M* Super Telephoto Lens from Japan D0820,pentax smc 800mm f6.7,Pentax,Lenses,Used,2420.08,USD,FIXED_PRICE,grail:Pentax 67;mount:pentax k,JP,kyoto_camera,99.7,2026-08-20T07:53:14.000Z,,https://www.ebay.com/itm/278298186127?hash=item40cbdd518f:g:OKUAAeSwIR1qhrID,https://i.ebayimg.com/images/g/OKUAAeSwIR1qhrID/s-l225.jpg
无基准,,27.99,80,57.0,Canon Canonet QL-17 G-III 35mm Rangefinder Film Camera - With Canolite D Flash,canon canonet,Canon,Film Cameras,Used,0.0,USD,"AUCTION,BEST_OFFER",grail:Canonet;auction,US,eragonbroms-0,100.0,2026-08-20T17:09:27.000Z,2026-08-27T17:09:27.000Z,https://www.ebay.com/itm/168628464632?hash=item27430a2bf8:g:9p0AAeSwV5xoOhWW,https://i.ebayimg.com/images/g/9p0AAeSwV5xoOhWW/s-l225.jpg
无基准,,,,57.0,[Near MINT] Konica C35 EF 38mm f/2.8 Point & Shoot Film Camera From JAPAN,konica c35,Konica,Film Cameras,Used,69.0,USD,"FIXED_PRICE,BEST_OFFER",mount:canon ef;good-cond,US,countlessblossoms,100.0,2026-08-20T22:33:32.000Z,,https://www.ebay.com/itm/407159559436?hash=item5ecc99d50c:g:ivsAAeSwE~Fqh4CI,https://i.ebayimg.com/images/g/ivsAAeSwE~Fqh4CI/s-l225.jpg
偏低,-25%,179.99,7,57.0,[Exc+5] Fuji K-35 Heavy Duty Waterproof 35mm Film Camera : From JAPAN,fuji k-35,Fuji,Film Cameras,Used,135.0,USD,FIXED_PRICE,good-cond,JP,e-traize,100.0,2026-08-20T06:05:37.000Z,,https://www.ebay.com/itm/178425573259?hash=item298afe2f8b:g:j3cAAeSwRUZqhpjZ,https://i.ebayimg.com/images/g/j3cAAeSwRUZqhpjZ/s-l225.jpg
偏低,-12%,169.99,14,57.0,Read [Exc+4] Canon L3 Rangefinder 50mm f/1.8 Lens 35mm Film Camera From JAPAN,canon l3,Canon,Film Cameras,Used,149.99,USD,FIXED_PRICE,good-cond,JP,japancamera_au,100.0,2026-08-20T21:19:53.000Z,,https://www.ebay.com/itm/227484583010?hash=item34f7234462:g:luIAAeSwMf5qh3Ax,https://i.ebayimg.com/images/g/luIAAeSwMf5qh3Ax/s-l225.jpg
高价,+98%,79.99,80,57.0,SMC PENTAX 67 300mm F4 [Near MINT] Telephoto Prime Lens for 6x7 67II S/N 8599632,pentax smc 300mm f4,Pentax,Lenses,Used,158.0,USD,FIXED_PRICE,grail:PENTAX 67;mount:pentax k;good-cond,JP,tokyoberry-camera,100.0,2026-08-20T06:58:13.000Z,,https://www.ebay.com/itm/407157850970?hash=item5ecc7fc35a:g:zM4AAOSwyPRmzZg4,https://i.ebayimg.com/images/g/zM4AAOSwyPRmzZg4/s-l225.jpg
高价,+110%,79.99,80,57.0,SMC PENTAX 67 300mm F4 Telephoto Prime Lens for 6x7 67II S/N 8583726 [Opt. MINT],pentax smc 300mm f4,Pentax,Lenses,Used,168.0,USD,FIXED_PRICE,grail:PENTAX 67;mount:pentax k;good-cond,JP,tokyoberry-camera,100.0,2026-08-20T06:59:53.000Z,,https://www.ebay.com/itm/407157853098?hash=item5ecc7fcbaa:g:tVQAAOSwhxNmLkkX,https://i.ebayimg.com/images/g/tVQAAOSwhxNmLkkX/s-l225.jpg
无基准,,,,57.0,Canon T70 35mm FD Film Camera Body w/ 50mm f1.8 Lens [EXC+],canon t70,Canon,Film Cameras,Used,189.95,USD,FIXED_PRICE,mount:canon fd;good-cond,US,victorycamera,99.6,2026-08-21T00:39:20.000Z,,https://www.ebay.com/itm/237020067763?hash=item372f7f37b3:g:h90AAeSwrd5qh374,https://i.ebayimg.com/images/g/h90AAeSwrd5qh374/s-l225.jpg
高价,+704%,27.99,80,57.0,MINT Canon Canonet QL17 GIII Film Camera New Light Seals Battery FILM TESTED,canon canonet,Canon,Film Cameras,Used,224.95,USD,"FIXED_PRICE,BEST_OFFER",grail:Canonet;good-cond,US,fullcirclefinds,100.0,2026-08-20T22:17:14.000Z,,https://www.ebay.com/itm/298605238139?hash=item458642577b:g:e40AAeSw~vdqh3za,https://i.ebayimg.com/images/g/e40AAeSw~vdqh3za/s-l225.jpg
偏低,-19%,309.27,14,57.0,Read [Near MINT] Konica Recorder RED Half Frame Point & Shoot Camera From JAPAN,konica recorder red,Konica,Film Cameras,Used,249.99,USD,FIXED_PRICE,good-cond,JP,crossdym,100.0,2026-08-21T00:38:00.000Z,,https://www.ebay.com/itm/137645205235?hash=item200c4b26f3:g:J14AAeSwguZqh56g,https://i.ebayimg.com/images/g/J14AAeSwguZqh56g/s-l225.jpg
偏低,-19%,309.27,14,57.0,【 NEAR MINT 】 Konica Recorder Red Half Frame Point & Shoot Film camera JAPAN,konica recorder red,Konica,Film Cameras,Used,250.0,USD,FIXED_PRICE,good-cond,JP,ykond91-camera-japan,100.0,2026-08-20T08:17:57.000Z,,https://www.ebay.com/itm/800538803576?hash=itemba63d4bd78:g:xMoAAeSw6qlqezD9,https://i.ebayimg.com/images/g/xMoAAeSw6qlqezD9/s-l225.jpg
偏高,+14%,229.99,65,57.0,【EXC+++++】Mamiya C3 Professional Mamiya Sekor 105mm f/3.5 Lens TLR Camera,mamiya c3,Mamiya,Film Cameras,Used,260.99,USD,FIXED_PRICE,good-cond,JP,japan_fun_camera,100.0,2026-08-21T01:12:28.000Z,,https://www.ebay.com/itm/188824621601?hash=item2bf6d31221:g:OGAAAeSw16pp3um6,https://i.ebayimg.com/images/g/OGAAAeSw16pp3um6/s-l225.jpg
偏高,+22%,229.94,80,57.0,[EXC+5] Mamiya C220 Pro TLR 6x6 Film Camera + Sekor 105mm f3.5 Lens,mamiya c220,Mamiya,Film Cameras,Used,279.99,USD,"FIXED_PRICE,BEST_OFFER",good-cond,JP,prosper-nagoya-japan,99.8,2026-08-21T04:57:09.000Z,,https://www.ebay.com/itm/267763259649?hash=item3e57ef1901:g:VEoAAeSw7Slqh9kG,https://i.ebayimg.com/images/g/VEoAAeSw7Slqh9kG/s-l225.jpg
偏高,+44%,229.94,80,57.0,Blue Dot [Near MINT w/Grip] Mamiya C220 Pro TLR Camera 105mm F3.5 Lens JAPAN,mamiya c220,Mamiya,Film Cameras,Used,329.99,USD,FIXED_PRICE,good-cond,JP,kyoto.camera-japan,99.5,2026-08-21T01:15:34.000Z,,https://www.ebay.com/itm/407159823713?hash=item5ecc9ddd61:g:cAgAAeSwt3xqh6du,https://i.ebayimg.com/images/g/cAgAAeSwt3xqh6du/s-l225.jpg
偏高,+18%,282.8,80,57.0,【N MINT+++】Mamiya Universal Press Film Camera Sekor 100mm f/3.5 Lens,mamiya universal press,Mamiya,Film Cameras,Used,332.99,USD,FIXED_PRICE,good-cond,JP,japan_fun_camera,100.0,2026-08-21T01:11:07.000Z,,https://www.ebay.com/itm/188824616110?hash=item2bf6d2fcae:g:Ld0AAeSwqp1qaqYT,https://i.ebayimg.com/images/g/Ld0AAeSwqp1qaqYT/s-l225.jpg
偏高,+41%,282.8,80,57.0,*NEAR MINT+2* Mamiya Universal Press + Sekor P 127mm f/4.7 + 6x9 Back From Japan,mamiya universal press,Mamiya,Film Cameras,Used,399.99,USD,FIXED_PRICE,good-cond,JP,harry_camera_japan,100.0,2026-08-21T02:13:41.000Z,,https://www.ebay.com/itm/137645422532?hash=item200c4e77c4:g:lQ4AAeSw~vdqhp9f,https://i.ebayimg.com/images/g/lQ4AAeSw~vdqhp9f/s-l225.jpg
无基准,,,,57.0,Voigtlander Color-Skopar 28mm f/2.8 II VM Leica M Mount Wide Prime - MINT Glass,voigtlander 28mm f2.8,Voigtlander,Lenses,Used,499.0,USD,"FIXED_PRICE,BEST_OFFER",mount:leica m;good-cond,US,iceman_47,98.6,2026-08-20T06:33:40.000Z,,https://www.ebay.com/itm/336752037484?hash=item4e67fc4e6c:g:UnYAAeSwvFJqhpv0,https://i.ebayimg.com/images/g/UnYAAeSwvFJqhpv0/s-l225.jpg
偏高,+43%,482.99,15,57.0,[Near MINT+++] Wista 45N 45 N 4x5 Large Format Field Film Camera Body From JAPAN,wista 45n,Wista,Film Cameras,Used,689.99,USD,"FIXED_PRICE,BEST_OFFER",good-cond,JP,hisagi.camera.marketjp,100.0,2026-08-21T11:34:01.000Z,,https://www.ebay.com/itm/377438508467?hash=item57e11695b3:g:BnUAAeSwVJVp7hiZ,https://i.ebayimg.com/images/g/BnUAAeSwVJVp7hiZ/s-l225.jpg
高价,+67%,499.5,80,57.0,Contax T2 35mm Point & Shoot Film Camera Carl Zeiss Sonnar 38mm f/2.8 Gold/Black,contax t2,Contax,Film Cameras,Used,835.0,USD,"FIXED_PRICE,BEST_OFFER",grail:Contax T2,US,evtay-47,0.0,2026-08-21T00:55:56.000Z,,https://www.ebay.com/itm/398309572783?hash=item5cbd19c0af:g:g4kAAeSwijdqh6E1,https://i.ebayimg.com/images/g/g4kAAeSwijdqh6E1/s-l225.jpg
偏高,+22%,962.0,80,57.0,【N MINT New Bellows】Linhof Master Technika 4x5 Large Format Film Camera,linhof master technika,Linhof,Film Cameras,Used,1169.99,USD,FIXED_PRICE,good-cond,JP,japan_fun_camera,100.0,2026-08-21T01:12:28.000Z,,https://www.ebay.com/itm/188824621613?hash=item2bf6d3122d:g:~~QAAeSw6tJqMz~6,https://i.ebayimg.com/images/g/~~QAAeSw6tJqMz~6/s-l225.jpg
偏高,+35%,1777.95,50,57.0,[ Top MINT w / 150mm Rangefinder Cam ] Linhof Master Technika 45 From JAPAN,linhof 45,Linhof,Film Cameras,Used,2399.9,USD,FIXED_PRICE,good-cond,JP,rcamera.japan,100.0,2026-08-20T07:01:05.000Z,,https://www.ebay.com/itm/398306693768?hash=item5cbcedd288:g:ymQAAeSwjhxqhqas,https://i.ebayimg.com/images/g/ymQAAeSwjhxqhqas/s-l225.jpg
偏高,+15%,2308.94,20,57.0,Leica 0 Series Reissue NULL 35mm Film Camera Anastigmat 50mm 1:3.5 Boxed JP,leica 0,Leica,Film Cameras,Used,2659.33,USD,FIXED_PRICE,good-cond,JP,yukiotokosan,100.0,2026-08-20T11:34:49.000Z,,https://www.ebay.com/itm/198584173075?hash=item2e3c8a0213:g:7lMAAeSwsoRqhueQ,https://i.ebayimg.com/images/g/7lMAAeSwsoRqhueQ/s-l225.jpg
无基准,,,,56.0,Asahi Pentax Spotmatic Camera + 2 Soligor Lens + Angle Scope + Extension Tube,asahi spotmatic 2,Asahi,Film Cameras,Used,39.99,USD,"FIXED_PRICE,AUCTION",grail:Spotmatic;auction,US,brassandiron,99.3,2026-08-20T16:03:26.000Z,2026-08-30T16:03:26.000Z,https://www.ebay.com/itm/237019343480?hash=item372f742a78:g:jfYAAeSwWtdpyZS3,https://i.ebayimg.com/images/g/jfYAAeSwWtdpyZS3/s-l225.jpg
高价,+211%,26.99,80,56.0,⏯️ *N MINT* Minolta Hi-Matic E Silver 35mm Film Camera 40mm f1.7 Lens From JAPAN,minolta hi-matic,Minolta,Film Cameras,Used,83.99,USD,FIXED_PRICE,grail:Hi-Matic;good-cond,JP,tokyo_vintage_camera_select,100.0,2026-08-20T23:19:01.000Z,,https://www.ebay.com/itm/398309298716?hash=item5cbd15921c:g:QTUAAeSweHtqJmeW,https://i.ebayimg.com/images/g/QTUAAeSweHtqJmeW/s-l225.jpg
高价,+112%,40.0,80,56.0,Canon AE-1 Program Body Only 35mm SLR Film Near Mint w/Strap From JAPAN #C034,canon ae-1,Canon,Film Cameras,Used,85.0,USD,FIXED_PRICE,grail:AE-1;good-cond,JP,pirogress_japan,100.0,2026-08-20T12:22:25.000Z,,https://www.ebay.com/itm/227484024080?hash=item34f71abd10:g:NkcAAeSwflRqX6fx,https://i.ebayimg.com/images/g/NkcAAeSwflRqX6fx/s-l225.jpg
高价,+123%,40.0,80,56.0,Canon AE-1 35mm Film SLR Camera Silver Body only Near Mint From Japan #C025,canon ae-1,Canon,Film Cameras,Used,89.0,USD,FIXED_PRICE,grail:AE-1;good-cond,JP,pirogress_japan,100.0,2026-08-20T12:29:16.000Z,,https://www.ebay.com/itm/227484030116?hash=item34f71ad4a4:g:su0AAeSwc5lqUAeC,https://i.ebayimg.com/images/g/su0AAeSwc5lqUAeC/s-l225.jpg
高价,+131%,41.07,80,56.0,[NEAR MINT w/Case Strap] Canon AE-1 AE1 PROGRAM Silver SLR Film Camera JAPAN,canon ae-1,Canon,Film Cameras,Used,94.99,USD,"FIXED_PRICE,BEST_OFFER",grail:AE-1;good-cond,JP,shiga-camera-shop.s-japan,100.0,2026-08-20T14:08:09.000Z,,https://www.ebay.com/itm/377435659815?hash=item57e0eb1e27:g:~qIAAeSwur5qCxwZ,https://i.ebayimg.com/images/g/~qIAAeSwur5qCxwZ/s-l225.jpg
高价,+262%,27.1,80,56.0,【EXC】 PENTAX SPOTMATIC F FromJapan #my1375,pentax spotmatic,Pentax,Film Cameras,Used,97.99,USD,FIXED_PRICE,grail:SPOTMATIC;good-cond,JP,somtom_9,99.3,2026-08-20T05:18:26.000Z,,https://www.ebay.com/itm/188820501491?hash=item2bf69433f3:g:BloAAeSwv9Nqho6j,https://i.ebayimg.com/images/g/BloAAeSwv9Nqho6j/s-l225.jpg
高价,+370%,21.3,80,56.0,[Near MINT] OLYMPUS mju Stylus ZOOM PANORAMA 35mm Point & Shoot Film JAPAN #152,olympus stylus,Olympus,Film Cameras,Used,99.99,USD,"FIXED_PRICE,BEST_OFFER",grail:mju;good-cond,JP,emk_930,100.0,2026-08-20T23:12:04.000Z,,https://www.ebay.com/itm/198585355471?hash=item2e3c9c0ccf:g:bsgAAeSwvSNqh4eM,https://i.ebayimg.com/images/g/bsgAAeSwvSNqh4eM/s-l225.jpg
高价,+106%,50.0,80,56.0,[NEAR MINT] Olympus μ mju Zoom Deluxe 35mm Point & Shoot Film Camera From JAPAN,olympus mju,Olympus,Film Cameras,Used,102.99,USD,"FIXED_PRICE,BEST_OFFER",grail:mju;good-cond,JP,koumatsu,100.0,2026-08-20T12:39:53.000Z,,https://www.ebay.com/itm/800539876203?hash=itemba63e51b6b:g:PqMAAeSwMm1qbtgr,https://i.ebayimg.com/images/g/PqMAAeSwMm1qbtgr/s-l225.jpg
高价,+168%,41.07,80,56.0,[Near MINT] Near MINT Canon AE-1 Program Body 35mm Film Camera Black From JAPAN,canon ae-1,Canon,Film Cameras,Used,109.9,USD,FIXED_PRICE,grail:AE-1;good-cond,JP,peke-japan,100.0,2026-08-20T19:47:33.000Z,,https://www.ebay.com/itm/287536815476?hash=item42f2879d74:g:1fsAAeSw1INqh1sQ,https://i.ebayimg.com/images/g/1fsAAeSw1INqh1sQ/s-l225.jpg
高价,+130%,50.0,80,56.0,Olympus μ mju Zoom Panorama Black Point & Shoot 35mm Japan 【N.MINT】,olympus mju,Olympus,Film Cameras,Used,114.9,USD,FIXED_PRICE,grail:mju;good-cond,JP,tominjp,100.0,2026-08-20T12:10:31.000Z,,https://www.ebay.com/itm/158208937050?hash=item24d5fccc5a:g:QFgAAeSwSUNqhu5N,https://i.ebayimg.com/images/g/QFgAAeSwSUNqhu5N/s-l225.jpg
高价,+180%,41.07,80,56.0,[Near MINT+++] Canon AE-1 Program 35mm SLR Film Camera Black From JAPAN,canon ae-1,Canon,Film Cameras,Used,114.99,USD,FIXED_PRICE,grail:AE-1;good-cond,JP,mublo_8,100.0,2026-08-21T04:34:33.000Z,,https://www.ebay.com/itm/398310137298?hash=item5cbd225dd2:g:N~sAAeSw~vdqh9ZP,https://i.ebayimg.com/images/g/N~sAAeSw~vdqh9ZP/s-l225.jpg
高价,+140%,50.0,80,56.0,New Seal! [Exc+5] Olympus XA Black Rangefinder Film Camera 35mm f/2.8 From JAPAN,olympus 35mm f2.8,Olympus,Film Cameras,Used,119.99,USD,FIXED_PRICE,grail:Olympus XA;good-cond,JP,fire_camera9,100.0,2026-08-21T09:27:33.000Z,,https://www.ebay.com/itm/318762976866?hash=item4a37c10662:g:Rg4AAeSw0yNqiBls,https://i.ebayimg.com/images/g/Rg4AAeSw0yNqiBls/s-l225.jpg
高价,+192%,41.07,80,56.0,[Near Mint-] Canon AE-1 35mm SLR Film Camera w/ NFD 35-70mm Lens #89962,canon ae-1,Canon,Film Cameras,Used,119.99,USD,FIXED_PRICE,grail:AE-1;good-cond,JP,sizukustore,100.0,2026-08-21T01:45:49.000Z,,https://www.ebay.com/itm/206507304919?hash=item3014cb67d7:g:-cIAAeSw2o5qh6vL,https://i.ebayimg.com/images/g/-cIAAeSw2o5qh6vL/s-l225.jpg
高价,+140%,50.0,80,56.0,[MINT] Olympus μ mju ZOOM Panorama 35mm Point & Shoot Film Camera From JAPAN,olympus mju,Olympus,Film Cameras,Used,119.99,USD,"FIXED_PRICE,BEST_OFFER",grail:mju;good-cond,JP,d-camera-tokyo,98.9,2026-08-20T10:48:32.000Z,,https://www.ebay.com/itm/206505701292?hash=item3014b2efac:g:vacAAeSw6NJpnanU,https://i.ebayimg.com/images/g/vacAAeSw6NJpnanU/s-l225.jpg
高价,+510%,21.3,80,56.0,[Near MINT] OLYMPUS Stylus μ mju ZOOM 115 DELUXE 38-115mm Film Camera From JP,olympus stylus,Olympus,Film Cameras,Used,129.9,USD,FIXED_PRICE,grail:mju;good-cond,JP,kt_camera_japan,100.0,2026-08-21T06:51:49.000Z,,https://www.ebay.com/itm/377437819832?hash=item57e10c13b8:g:UEkAAeSwTclqh~i9,https://i.ebayimg.com/images/g/UEkAAeSwTclqh~i9/s-l225.jpg
高价,+226%,41.07,80,56.0,Canon AE-1 Program AE-1 P 35mm SLR Film Camera Black Body From JAPAN [Exc+5] #11,canon ae-1,Canon,Film Cameras,Used,134.01,USD,FIXED_PRICE,grail:AE-1;good-cond,JP,sakura_camera06,100.0,2026-08-21T07:10:55.000Z,,https://www.ebay.com/itm/287537730921?hash=item42f2959569:g:OnUAAeSw1FloYjRi,https://i.ebayimg.com/images/g/OnUAAeSw1FloYjRi/s-l225.jpg
高价,+222%,43.41,80,56.0,【Near MINT】 Minolta X-700 SLR 35mm Film Camera + MC 50mm F/1.4 From JAPAN,minolta x-700,Minolta,Film Cameras,Used,139.99,USD,"FIXED_PRICE,BEST_OFFER",grail:X-700;good-cond,JP,himeji-japan-collection,99.4,2026-08-20T09:37:30.000Z,,https://www.ebay.com/itm/366617901784?hash=item555c213ad8:g:tVAAAeSwmX1qhslz,https://i.ebayimg.com/images/g/tVAAAeSwmX1qhslz/s-l225.jpg
高价,+142%,59.9,80,56.0,⭐️Near MINT⭐️ Olympus Mju Deluxe Zoom 140 Point & Shoot 35mm Film Camera Japan,olympus mju,Olympus,Film Cameras,Used,144.99,USD,FIXED_PRICE,grail:Mju;good-cond,JP,orihika-at,100.0,2026-08-21T07:43:10.000Z,,https://www.ebay.com/itm/318762650281?hash=item4a37bc0aa9:g:aKcAAeSwt25qV1hN,https://i.ebayimg.com/images/g/aKcAAeSwt25qV1hN/s-l225.jpg
高价,+256%,41.07,80,56.0,Canon AE-1 Silver 35mm Film SLR Camera Body from Japan [Near Mint],canon ae-1,Canon,Film Cameras,Used,146.19,USD,FIXED_PRICE,grail:AE-1;good-cond,JP,sakura_camera06,100.0,2026-08-21T07:10:55.000Z,,https://www.ebay.com/itm/287537730924?hash=item42f295956c:g:i-sAAeSw6o1pzxnA,https://i.ebayimg.com/images/g/i-sAAeSw6o1pzxnA/s-l225.jpg
高价,+56%,102.14,80,56.0,Kon_t_ax CONTAX RTS I 35mm SLR Film Camera Body Good Condition JP,contax rts,Contax,Vintage Cameras,,159.9,USD,"FIXED_PRICE,BEST_OFFER",grail:CONTAX RTS,JP,japan4ever,98.0,2026-08-21T04:27:24.000Z,,https://www.ebay.com/itm/158211239306?hash=item24d61fed8a:g:MHUAAeSwJK9qh9TT,https://i.ebayimg.com/images/g/MHUAAeSwJK9qh9TT/s-l225.jpg
高价,+290%,41.07,80,56.0,【Near MINT 】Canon AE-1 35mm SLR Film Camera Black 50mm f1.4 S.S.C. SSC,canon ae-1,Canon,Film Cameras,Used,159.99,USD,FIXED_PRICE,grail:AE-1;good-cond,JP,rytag50,100.0,2026-08-20T21:54:36.000Z,,https://www.ebay.com/itm/377436733290?hash=item57e0fb7f6a:g:Z4wAAeSwSltpsLb1,https://i.ebayimg.com/images/g/Z4wAAeSwSltpsLb1/s-l225.jpg
高价,+314%,41.07,80,56.0,[ MINT] Canon AE-1 Black 35mm SLR Film Camera Body From JAPAN,canon ae-1,Canon,Film Cameras,Used,169.99,USD,"FIXED_PRICE,BEST_OFFER",grail:AE-1;good-cond,JP,camera.fumio.japan,100.0,2026-08-21T06:53:39.000Z,,https://www.ebay.com/itm/398310474151?hash=item5cbd2781a7:g:S1EAAeSwRHNqAv6E,https://i.ebayimg.com/images/g/S1EAAeSwRHNqAv6E/s-l225.jpg
高价,+246%,49.15,80,56.0,works! [MINT w/case] Nikon Nikonos II 35mm Film Camera 35mm f2.5 Lens From JAPAN,nikon nikonos,Nikon,Film Cameras,Used,169.99,USD,FIXED_PRICE,grail:Nikonos;good-cond,JP,japan_camera_select,100.0,2026-08-20T06:09:38.000Z,,https://www.ebay.com/itm/398306566485?hash=item5cbcebe155:g:nkoAAeSwEphqhprf,https://i.ebayimg.com/images/g/nkoAAeSwEphqhprf/s-l225.jpg
高价,+242%,49.99,80,56.0,【EXC+++++ MeterWorks】Olympus OM2 SLR 35mm Film Camera Black 50mm f/1.4 Lens,olympus om2,Olympus,Film Cameras,Used,170.99,USD,FIXED_PRICE,grail:OM2;good-cond,JP,japan_fun_camera,100.0,2026-08-21T01:12:28.000Z,,https://www.ebay.com/itm/188824621446?hash=item2bf6d31186:g:64MAAeSwppNp9CwG,https://i.ebayimg.com/images/g/64MAAeSwppNp9CwG/s-l225.jpg
高价,+541%,27.99,80,56.0,BEIGE [A MINT] Canon CANONET QL19 GIII G3 Rangefinder Film Camera From JAPAN,canon canonet,Canon,Film Cameras,Used,179.4,USD,FIXED_PRICE,grail:CANONET;good-cond,JP,misak8411,100.0,2026-08-20T22:15:47.000Z,,https://www.ebay.com/itm/800542057584?hash=itemba64066470:g:U1IAAeSwvFJqh30T,https://i.ebayimg.com/images/g/U1IAAeSwvFJqh30T/s-l225.jpg
高价,+338%,41.07,80,56.0,[N MINT w/Strap] Canon AE-1 35mm SLR Film Camera NED 50mm f/3.5 Lens From JAPAN,canon ae-1,Canon,Film Cameras,Used,179.99,USD,FIXED_PRICE,grail:AE-1;good-cond,JP,sakura_vintage_camera,100.0,2026-08-21T10:04:34.000Z,,https://www.ebay.com/itm/398311037499?hash=item5cbd301a3b:g:xfsAAeSwIK1qiCMu,https://i.ebayimg.com/images/g/xfsAAeSwIK1qiCMu/s-l225.jpg
高价,+260%,49.99,80,56.0,【EXC+++++ 】Olympus OM2 Spot Program SLR 35mm Film Camera Black 50mm f/1.8 Lens,olympus om2,Olympus,Film Cameras,Used,179.99,USD,FIXED_PRICE,grail:OM2;good-cond,JP,japan_fun_camera,100.0,2026-08-21T01:12:28.000Z,,https://www.ebay.com/itm/188824621425?hash=item2bf6d31171:g:hLMAAeSwBe1qAqrP,https://i.ebayimg.com/images/g/hLMAAeSwBe1qAqrP/s-l225.jpg
高价,+567%,26.97,80,56.0,"""Lens MINT SPF"" Pentax Spotmatic SP F BLACK 35mm Film Camera w/ 50mm F1.4 JAPAN",pentax spotmatic,Pentax,Film Cameras,Used,179.99,USD,FIXED_PRICE,grail:Spotmatic;good-cond,JP,cats-camera211,100.0,2026-08-20T20:49:33.000Z,,https://www.ebay.com/itm/336753191345?hash=item4e680de9b1:g:tcAAAeSwuxVqh2gG,https://i.ebayimg.com/images/g/tcAAAeSwuxVqh2gG/s-l225.jpg
高价,+341%,41.07,80,56.0,Canon AE-1 Program Silver 35mm SLR Film Camera from JAPAN [Exc+4],canon ae-1,Canon,Film Cameras,Used,181.0,USD,FIXED_PRICE,grail:AE-1;good-cond,JP,ottoselect,100.0,2026-08-21T12:01:47.000Z,,https://www.ebay.com/itm/147519695248?hash=item2258dbe990:g:kTkAAeSwHrZqhaH5,https://i.ebayimg.com/images/g/kTkAAeSwHrZqhaH5/s-l225.jpg
高价,+360%,41.07,80,56.0,[Exc+4] Canon AE-1 Program Silver 35mm SLR Film Camera = From JAPAN,canon ae-1,Canon,Film Cameras,Used,189.0,USD,"FIXED_PRICE,BEST_OFFER",grail:AE-1;good-cond,JP,altmart3.0,100.0,2026-08-21T02:16:52.000Z,,https://www.ebay.com/itm/227484845982?hash=item34f727479e:g:6x4AAeSwo5Fqh7Sj,https://i.ebayimg.com/images/g/6x4AAeSwo5Fqh7Sj/s-l225.jpg
高价,+90%,100.0,80,56.0,"Canon A-1 35mm SLR Film Camera Black Body ""Near Mint!!!!!!!"" From Japan 20260324",canon a-1,Canon,Film Cameras,Used,189.9,USD,"FIXED_PRICE,BEST_OFFER",grail:Canon A-1;good-cond,JP,takayu14,100.0,2026-08-21T05:44:12.000Z,,https://www.ebay.com/itm/178428888167?hash=item298b30c467:g:vLsAAeSwi2Fp0zL6,https://i.ebayimg.com/images/g/vLsAAeSwi2Fp0zL6/s-l225.jpg
高价,+140%,79.1,80,56.0,Meter OK [ N MINT w/ Strap] Pentax MX film Camera Pentax-M 50mm f/1.7 From Japan,pentax pentax-m,Pentax,Film Cameras,Used,189.99,USD,FIXED_PRICE,grail:Pentax MX;good-cond,JP,joy-in-photography-japan,100.0,2026-08-21T02:08:02.000Z,,https://www.ebay.com/itm/128037188272?hash=item1dcf9c72b0:g:FQ8AAeSwsDVqh7N9,https://i.ebayimg.com/images/g/FQ8AAeSwsDVqh7N9/s-l225.jpg
高价,+90%,99.99,80,56.0,"[ Serviced, NEAR MINT+ ] CANON A-1 + NFD 50mm f1.4 SLR Film Camera | ALL Works",canon a-1,Canon,Film Cameras,Used,189.99,USD,FIXED_PRICE,grail:CANON A-1;good-cond,JP,oi_b24,98.8,2026-08-20T06:13:37.000Z,,https://www.ebay.com/itm/800538325780?hash=itemba63cd7314:g:fmEAAeSwqn9qhpLL,https://i.ebayimg.com/images/g/fmEAAeSwqn9qhpLL/s-l225.jpg
高价,+368%,41.07,80,56.0,[EXC] Canon AE-1 Silver Black SLR Film Camera Tested New Battery - From JAPAN,canon ae-1,Canon,Film Cameras,Used,192.0,USD,"FIXED_PRICE,BEST_OFFER",grail:AE-1;good-cond,JP,hiro1-0,100.0,2026-08-21T00:59:11.000Z,,https://www.ebay.com/itm/287537241701?hash=item42f28e1e65:g:S5EAAeSwicFqh6J0,https://i.ebayimg.com/images/g/S5EAAeSwicFqh6J0/s-l225.jpg
高价,+288%,49.99,80,56.0,CONTAX RX 35mm Film Camera Body Good Condition SLR Japan Black JP,contax 35mm,Contax,Vintage Cameras,,193.9,USD,"FIXED_PRICE,BEST_OFFER",grail:CONTAX RX,JP,japan4ever,98.0,2026-08-21T04:22:39.000Z,,https://www.ebay.com/itm/158211227410?hash=item24d61fbf12:g:GgYAAeSwuQVqh9MN,https://i.ebayimg.com/images/g/GgYAAeSwuQVqh9MN/s-l225.jpg
高价,+375%,41.07,80,56.0,[Exc+4] Canon AE-1 Program Silver 35mm SLR Film Camera Vintage : From JAPAN,canon ae-1,Canon,Film Cameras,Used,195.0,USD,FIXED_PRICE,grail:AE-1;good-cond,JP,e-traize,100.0,2026-08-21T01:57:44.000Z,,https://www.ebay.com/itm/178428323718?hash=item298b282786:g:9RoAAeSwCqtqh7BD,https://i.ebayimg.com/images/g/9RoAAeSwCqtqh7BD/s-l225.jpg
高价,+55%,128.59,80,56.0,[Exc+4 /Fully Working] Canon F-1 35mm SLR Film Camera Body Tested from JAPAN,canon f-1,Canon,Film Cameras,Used,199.0,USD,FIXED_PRICE,grail:Canon F-1;good-cond,JP,zencollectr,100.0,2026-08-21T11:55:11.000Z,,https://www.ebay.com/itm/227485470243?hash=item34f730ce23:g:r1YAAeSw5rdqiDem,https://i.ebayimg.com/images/g/r1YAAeSw5rdqiDem/s-l225.jpg
高价,+58%,126.5,80,56.0,Almost Mint Olympus μ mju Zoom 115 Deluxe 35m Film Camera Point &Shoot Box JAPAN,olympus mju 115,Olympus,Film Cameras,Used,199.99,USD,"FIXED_PRICE,BEST_OFFER",grail:mju;good-cond,JP,itsuki.japan.camera,100.0,2026-08-21T04:25:52.000Z,,https://www.ebay.com/itm/820029824139?hash=itembeed961c8b:g:Ku8AAeSwZsBqhUn7,https://i.ebayimg.com/images/g/Ku8AAeSwZsBqhUn7/s-l225.jpg
高价,+67%,119.99,80,56.0,Tested [Near MINT] Olympus XA 35mm Rangefinder Film Camera A11 Flash From JAPAN,olympus a11,Olympus,Film Cameras,Used,199.99,USD,FIXED_PRICE,grail:Olympus XA;good-cond,JP,kensei.43,100.0,2026-08-20T10:40:10.000Z,,https://www.ebay.com/itm/206505686101?hash=item3014b2b455:g:My8AAeSwiX1qhtp9,https://i.ebayimg.com/images/g/My8AAeSwiX1qhtp9/s-l225.jpg
高价,+718%,24.99,80,56.0,【EXC】 Olympus XA 2 A11 35mm F3.5 FromJapan #my1306,olympus 2,Olympus,Film Cameras,Used,204.54,USD,FIXED_PRICE,grail:Olympus XA;good-cond,JP,somtom_9,99.3,2026-08-21T08:53:34.000Z,,https://www.ebay.com/itm/188826203839?hash=item2bf6eb36bf:g:j2IAAeSwvk9qiBLI,https://i.ebayimg.com/images/g/j2IAAeSwvk9qiBLI/s-l225.jpg
高价,+409%,41.07,80,56.0,[EXC] Canon AE-1 Program Black Film SLR Camera Tested Working Minor - From JAPAN,canon ae-1,Canon,Film Cameras,Used,209.0,USD,"FIXED_PRICE,BEST_OFFER",grail:AE-1;good-cond,JP,hiro1-0,100.0,2026-08-21T00:32:15.000Z,,https://www.ebay.com/itm/287537220432?hash=item42f28dcb50:g:YcYAAeSwqn9qh5wd,https://i.ebayimg.com/images/g/YcYAAeSwqn9qh5wd/s-l225.jpg
高价,+66%,126.5,80,56.0,▶️ Olympus mju μ II 115 VF Point & Shoot AF Zoom Film Camera [ EXC+5 ] JAPAN,olympus mju 115,Olympus,Film Cameras,Used,209.99,USD,FIXED_PRICE,grail:mju;good-cond,JP,nico_camera.japan,100.0,2026-08-21T01:24:01.000Z,,https://www.ebay.com/itm/128037139410?hash=item1dcf9bb3d2:g:R7wAAeSw~wRqe2Dy,https://i.ebayimg.com/images/g/R7wAAeSw~wRqe2Dy/s-l225.jpg
高价,+865%,21.77,80,56.0,Olympus μ Stylus mju Zoom Wide 80 Point & Shoot Film Camera Near Mint From JAPAN,olympus stylus,Olympus,Film Cameras,Used,209.99,USD,FIXED_PRICE,grail:mju;good-cond,JP,choco.camera.japan,100.0,2026-08-20T13:05:07.000Z,,https://www.ebay.com/itm/407158597567?hash=item5ecc8b27bf:g:BVwAAeSwms5qbKus,https://i.ebayimg.com/images/g/BVwAAeSwms5qbKus/s-l225.jpg
高价,+261%,59.9,80,56.0,【N MINT】Olympus mju 35mm f/3.5 Black Point Film Camera Point & Shoot,olympus mju,Olympus,Film Cameras,Used,215.99,USD,FIXED_PRICE,grail:mju;good-cond,JP,japan_fun_camera,100.0,2026-08-21T01:11:07.000Z,,https://www.ebay.com/itm/188824616065?hash=item2bf6d2fc81:g:X80AAeSwddFqhl1A,https://i.ebayimg.com/images/g/X80AAeSwddFqhl1A/s-l225.jpg
高价,+69%,129.0,80,56.0,【EXC】 Olympus μ mju ZOOM 140 DELUXE 38-140mm FromJapan #my1304,olympus mju 140,Olympus,Film Cameras,Used,217.63,USD,FIXED_PRICE,grail:mju;good-cond,JP,somtom_9,99.3,2026-08-21T08:53:30.000Z,,https://www.ebay.com/itm/188826203773?hash=item2bf6eb367d:g:3zgAAeSwFLNqiBL-,https://i.ebayimg.com/images/g/3zgAAeSwFLNqiBL-/s-l225.jpg
高价,+267%,59.92,80,56.0,[N MINT w/Box/case] Olympus μ mju stylus Zoom 115 Deluxe 35mm Film Camera Japan,olympus stylus 115,Olympus,Film Cameras,Used,219.99,USD,"FIXED_PRICE,BEST_OFFER",grail:mju;good-cond,JP,camera.fumio.japan,100.0,2026-08-21T06:55:14.000Z,,https://www.ebay.com/itm/398310475718?hash=item5cbd2787c6:g:TJEAAeSwCy1p4O-k,https://i.ebayimg.com/images/g/TJEAAeSwCy1p4O-k/s-l225.jpg
高价,+267%,59.9,80,56.0,【NEAR MINT】 Olympus µ mju Black AF 35mm Point & Shoot Film Camera From Japan,olympus mju,Olympus,Film Cameras,Used,219.99,USD,"FIXED_PRICE,BEST_OFFER",grail:mju;good-cond,JP,number-xiv,100.0,2026-08-21T04:35:11.000Z,,https://www.ebay.com/itm/178428763026?hash=item298b2edb92:g:cT8AAeSwQ7dqUB~~,https://i.ebayimg.com/images/g/cT8AAeSwQ7dqUB~~/s-l225.jpg
高价,+910%,21.77,80,56.0,[MINT] Olympus μ mju Stylus III 120 Point & Shoot 35mm Film Camera From JAPAN,olympus stylus,Olympus,Film Cameras,Used,219.99,USD,"FIXED_PRICE,BEST_OFFER",grail:mju;good-cond,JP,d-camera-tokyo,98.9,2026-08-20T10:49:18.000Z,,https://www.ebay.com/itm/206505706699?hash=item3014b304cb:g:wyoAAeSwKXZqIAaK,https://i.ebayimg.com/images/g/wyoAAeSwKXZqIAaK/s-l225.jpg
高价,+280%,59.99,80,56.0,LCD No Leak [Near MINT]Nikon F4 35mm SLR Film Camera Body Black DP-20 JP 2972848,nikon f4,Nikon,Film Cameras,Used,228.0,USD,FIXED_PRICE,grail:Nikon F4;good-cond,JP,praise-the-80,100.0,2026-08-20T04:45:00.000Z,,https://www.ebay.com/itm/800537977980?hash=itemba63c8247c:g:M4AAAeSwYexqVlRo,https://i.ebayimg.com/images/g/M4AAAeSwYexqVlRo/s-l225.jpg
高价,+284%,59.9,80,56.0,⏯️ [ MINT ] Olympus μ mju III 120 Point & Shoot 35mm Film Camera From JAPAN,olympus mju,Olympus,Film Cameras,Used,229.99,USD,FIXED_PRICE,grail:mju;good-cond,JP,ky-camera.japan,100.0,2026-08-21T11:47:12.000Z,,https://www.ebay.com/itm/407160816518?hash=item5eccad0386:g:2pMAAeSwiOxqiDou,https://i.ebayimg.com/images/g/2pMAAeSwiOxqiDou/s-l225.jpg
高价,+980%,21.3,80,56.0,LCD Works MINT Olympus Stylus Mju II 110 Point &Shoot 35mm Camera From JAPAN,olympus stylus,Olympus,Film Cameras,Used,229.99,USD,FIXED_PRICE,grail:Mju;good-cond,JP,freebyfree,100.0,2026-08-21T01:18:22.000Z,,https://www.ebay.com/itm/407159826161?hash=item5ecc9de6f1:g:uvEAAeSwzmFqaZpy,https://i.ebayimg.com/images/g/uvEAAeSwzmFqaZpy/s-l225.jpg
高价,+319%,54.87,80,56.0,[Near Mint] Nikon F2 Photomic DP-1 Black SLR 35mm Film Camera Body F From JAPAN,nikon f2,Nikon,Film Cameras,Used,229.99,USD,FIXED_PRICE,grail:Nikon F2;good-cond,JP,samurai-1173-cam,100.0,2026-08-20T06:49:42.000Z,,https://www.ebay.com/itm/318757736872?hash=item4a377111a8:g:FXoAAeSwX8RqD--Q,https://i.ebayimg.com/images/g/FXoAAeSwX8RqD--Q/s-l225.jpg
高价,+360%,50.0,80,56.0,[Near MINT] Olympus mju μ II Zoom VF Point & Shoot 35mm Film Camera From JAPAN,olympus mju,Olympus,Film Cameras,Used,229.99,USD,FIXED_PRICE,grail:mju;good-cond,JP,tokyo-trade,100.0,2026-08-20T06:28:51.000Z,,https://www.ebay.com/itm/128035743865?hash=item1dcf866879:g:JBkAAeSwdy9qhp-X,https://i.ebayimg.com/images/g/JBkAAeSwdy9qhp-X/s-l225.jpg
高价,+77%,129.94,80,56.0,DUTY PAID OLYMPUS μ mju Zoom 140 VF 35mm Compact Film Camera [Top Mint],olympus mju 140,Olympus,Film Cameras,Used,229.99,USD,FIXED_PRICE,grail:mju;good-cond,JP,tokyo_camera_select,99.6,2026-08-20T06:26:41.000Z,,https://www.ebay.com/itm/178425622078?hash=item298afeee3e:g:ddoAAeSwvM9qa~GV,https://i.ebayimg.com/images/g/ddoAAeSwvM9qa~GV/s-l225.jpg
高价,+368%,49.15,80,56.0,Read [Exc+5] Nikon Nikonos V Orange Underwater Camera 35mm f/2.5 Lens From JAPAN,nikon nikonos,Nikon,Film Cameras,Used,229.99,USD,FIXED_PRICE,grail:Nikonos;good-cond,JP,omotenashi-jpn,100.0,2026-08-20T05:04:29.000Z,,https://www.ebay.com/itm/800538042162?hash=itemba63c91f32:g:8qcAAeSwskFqhouY,https://i.ebayimg.com/images/g/8qcAAeSwskFqhouY/s-l225.jpg
高价,+87%,127.99,80,56.0,All Works [ MINT ] Olympus XA Rangefinder Camera A11 From JAPAN,olympus a11,Olympus,Film Cameras,Used,239.9,USD,FIXED_PRICE,grail:Olympus XA;good-cond,JP,haruharu_2010,100.0,2026-08-21T07:47:12.000Z,,https://www.ebay.com/itm/318762657405?hash=item4a37bc267d:g:J8cAAeSw61RqiAM3,https://i.ebayimg.com/images/g/J8cAAeSw61RqiAM3/s-l225.jpg
高价,+88%,127.99,80,56.0,[ NEAR MINT ] Olympus XA Rangefinder 35mm Film Camera f/2.8 A11 Flash From JAPAN,olympus a11,Olympus,Film Cameras,Used,239.99,USD,FIXED_PRICE,grail:Olympus XA;good-cond,JP,tarmanpuk_0,99.7,2026-08-21T00:19:57.000Z,,https://www.ebay.com/itm/287537201788?hash=item42f28d827c:g:Zm0AAeSwUtpqOIsC,https://i.ebayimg.com/images/g/Zm0AAeSwUtpqOIsC/s-l225.jpg
高价,+380%,50.0,80,56.0,N MINT] Olympus Mju II Zoom 38-80mm 35mm Point & Shoot Film Camera Japan #2186,olympus mju,Olympus,Film Cameras,Used,239.99,USD,FIXED_PRICE,grail:Mju;good-cond,JP,sakura_snap_store,100.0,2026-08-20T13:20:08.000Z,,https://www.ebay.com/itm/398307696528?hash=item5cbcfd1f90:g:47cAAeSwjhxqhY7i,https://i.ebayimg.com/images/g/47cAAeSwjhxqhY7i/s-l225.jpg
高价,+500%,40.0,80,56.0,CLA'd [Near MINT] Canon AE-1 program 35mm Film Camera Silver NFD 50mm f1.4 JAPAN,canon ae-1,Canon,Film Cameras,Used,239.99,USD,FIXED_PRICE,grail:AE-1;good-cond,JP,masakeithi,100.0,2026-08-20T06:31:55.000Z,,https://www.ebay.com/itm/178425648073?hash=item298aff53c9:g:mtoAAeSw2G9qhp-b,https://i.ebayimg.com/images/g/mtoAAeSw2G9qhp-b/s-l225.jpg
高价,+144%,99.99,80,56.0,[Exc+4] Canon A-1 35mm SLR Film Camera NewFD 35-105mm f/3.5 Lens : From JAPAN,canon a-1,Canon,Film Cameras,Used,244.0,USD,"FIXED_PRICE,BEST_OFFER",grail:Canon A-1;good-cond,JP,yamazaki-camera,100.0,2026-08-20T09:08:59.000Z,,https://www.ebay.com/itm/178426005877?hash=item298b04c975:g:c~oAAeSw5GRqhsNt,https://i.ebayimg.com/images/g/c~oAAeSw5GRqhsNt/s-l225.jpg
高价,+91%,127.99,80,56.0,[ Near Mint ] OLYMPUS XA A11 35mm Rangefinder Film Camera New Light Seals JAPAN,olympus a11,Olympus,Film Cameras,Used,244.85,USD,FIXED_PRICE,grail:OLYMPUS XA;good-cond,JP,yorozuya_japan.en,100.0,2026-08-20T14:26:00.000Z,,https://www.ebay.com/itm/257692846605?hash=item3bffb0ca0d:g:nxIAAeSwskFqhxJI,https://i.ebayimg.com/images/g/nxIAAeSwskFqhxJI/s-l225.jpg
高价,+317%,59.99,80,56.0,[Near MINT] Nikon F4 SLR 35mm SLR Film Camera Body From JAPAN,nikon f4,Nikon,Film Cameras,Used,249.99,USD,"FIXED_PRICE,BEST_OFFER",grail:Nikon F4;good-cond,JP,himeji-japan-collection,99.4,2026-08-21T01:10:51.000Z,,https://www.ebay.com/itm/366619411652?hash=item555c3844c4:g:sO0AAeSwAaxqI-V-,https://i.ebayimg.com/images/g/sO0AAeSwAaxqI-V-/s-l225.jpg
高价,+415%,48.5,80,56.0,[TOP MINT] NIKON Nikonos V Orange 35mm Film Camera w/ 35mm F/2.5 Lens From Japan,nikon nikonos,Nikon,Film Cameras,Used,249.99,USD,FIXED_PRICE,grail:Nikonos;good-cond,JP,1st_camera_tokyo,99.2,2026-08-21T00:38:54.000Z,,https://www.ebay.com/itm/377437078523?hash=item57e100c3fb:g:Yx4AAeSweAVqh58P,https://i.ebayimg.com/images/g/Yx4AAeSweAVqh58P/s-l225.jpg
高价,+355%,55.0,80,56.0,[Top MINT] Nikon F2 Photomic DP-1 Body Only SLR 35mm Film Camera From JAPAN,nikon f2,Nikon,Film Cameras,Used,249.99,USD,FIXED_PRICE,grail:Nikon F2;good-cond,JP,teriyaki_camera,100.0,2026-08-20T14:57:39.000Z,,https://www.ebay.com/itm/336752772737?hash=item4e68078681:g:v8EAAeSw0DZqhxkY,https://i.ebayimg.com/images/g/v8EAAeSw0DZqhxkY/s-l225.jpg
高价,+415%,48.5,80,56.0,[MINT] Nikon Nikonos III Body Underwater Film Camera + 35mm f2.5 Lens from Japan,nikon nikonos,Nikon,Film Cameras,Used,249.99,USD,FIXED_PRICE,grail:Nikonos;good-cond,JP,teriyaki_camera,100.0,2026-08-20T14:54:53.000Z,,https://www.ebay.com/itm/336752770211?hash=item4e68077ca3:g:n08AAeSwiipqhxi~,https://i.ebayimg.com/images/g/n08AAeSwiipqhxi~/s-l225.jpg
高价,+355%,55.0,80,56.0,[Near MINT] Nikon F2 Photomic A Silver DP-11 35mm SLR Film Camera From JAPAN,nikon f2,Nikon,Film Cameras,Used,249.99,USD,FIXED_PRICE,grail:Nikon F2;good-cond,JP,sevenzee_7g,100.0,2026-08-20T14:30:12.000Z,,https://www.ebay.com/itm/800540327860?hash=itemba63ebffb4:g:RQQAAeSwIR1qhxMg,https://i.ebayimg.com/images/g/RQQAAeSwIR1qhxMg/s-l225.jpg
高价,+1048%,21.77,80,56.0,[EXC+5] Olympus μ mju Stylus Limited Point & Shot Film Camera From JAPAN,olympus stylus,Olympus,Film Cameras,Used,249.99,USD,"FIXED_PRICE,BEST_OFFER",grail:mju;good-cond,JP,betty.camera.tokyo,100.0,2026-08-20T13:32:38.000Z,,https://www.ebay.com/itm/137643296401?hash=item200c2e0691:g:CHgAAeSw7BNqhv6b,https://i.ebayimg.com/images/g/CHgAAeSw7BNqhv6b/s-l225.jpg
高价,+318%,59.9,80,56.0,Olympus μ mju III 120 Point & Shoot 35mm Film Camera from Japan [Exc+5],olympus mju,Olympus,Film Cameras,Used,250.44,USD,FIXED_PRICE,grail:mju;good-cond,JP,sakura_camera06,100.0,2026-08-21T07:10:55.000Z,,https://www.ebay.com/itm/287537731045?hash=item42f29595e5:g:oL4AAeSwmqxqOi1N,https://i.ebayimg.com/images/g/oL4AAeSwmqxqOi1N/s-l225.jpg
高价,+334%,59.9,80,56.0,[Top MINT w/Box] Olympus μ mju II 110 Point & Shoot 35mm Film Camera From JAPAN,olympus mju,Olympus,Film Cameras,Used,259.99,USD,FIXED_PRICE,grail:mju;good-cond,JP,toshi-japan-camera,100.0,2026-08-21T04:36:41.000Z,,https://www.ebay.com/itm/377437554798?hash=item57e108086e:g:ULoAAeSwfKFpt~00,https://i.ebayimg.com/images/g/ULoAAeSwfKFpt~00/s-l225.jpg
高价,+426%,49.38,80,56.0,All Works[MINT] OLYMPUS μ mju II 80 VF Stylus Epic 35mm Film Camera from JAPAN,olympus stylus epic,Olympus,Film Cameras,Used,259.99,USD,FIXED_PRICE,grail:mju;good-cond,JP,cats-camera211,100.0,2026-08-20T20:39:12.000Z,,https://www.ebay.com/itm/336753179037?hash=item4e680db99d:g:r-YAAeSwWaNqh2W4,https://i.ebayimg.com/images/g/r-YAAeSwWaNqh2W4/s-l225.jpg
高价,+391%,55.0,80,56.0,【N MINT】Nikon F2 35mm Film Camera Body Silver,nikon f2,Nikon,Film Cameras,Used,269.99,USD,FIXED_PRICE,grail:Nikon F2;good-cond,JP,japan_fun_camera,100.0,2026-08-21T01:12:28.000Z,,https://www.ebay.com/itm/188824621463?hash=item2bf6d31197:g:K1wAAeSw1URp4a6F,https://i.ebayimg.com/images/g/K1wAAeSw1URp4a6F/s-l225.jpg
高价,+392%,54.87,80,56.0,[Exc+4] Nikon F2 Photomic Silver 35mm SLR 50mm f/1.8 135mm f/2.8 Lens From JAPAN,nikon f2,Nikon,Film Cameras,Used,270.0,USD,"FIXED_PRICE,BEST_OFFER",grail:Nikon F2;good-cond,JP,altmart3.0,100.0,2026-08-20T06:20:53.000Z,,https://www.ebay.com/itm/227483535784?hash=item34f71349a8:g:ATkAAeSwqn9qhpx6,https://i.ebayimg.com/images/g/ATkAAeSwqn9qhpx6/s-l225.jpg
高价,+540%,43.41,80,56.0,MINOLTA X-700 Late Model [Near MINT] SLR 35mm Film Camera Body Only X700,minolta x-700,Minolta,Film Cameras,Used,278.0,USD,FIXED_PRICE,grail:X-700;good-cond,JP,tokyoberry-camera,100.0,2026-08-20T07:01:05.000Z,,https://www.ebay.com/itm/407157854983?hash=item5ecc7fd307:g:C6wAAOSwnJpnvqfX,https://i.ebayimg.com/images/g/C6wAAOSwnJpnvqfX/s-l225.jpg
高价,+66%,168.81,80,56.0,[Near Mint w/Strap] Nikon FE2 Black 35mm SLR Film Camera Body From JAPAN,nikon fe2,Nikon,Film Cameras,Used,279.99,USD,FIXED_PRICE,grail:FE2;good-cond,JP,samurai-1173-cam,100.0,2026-08-20T08:22:14.000Z,,https://www.ebay.com/itm/318758043178?hash=item4a3775be2a:g:-XoAAeSwWz1qEgq7,https://i.ebayimg.com/images/g/-XoAAeSwWz1qEgq7/s-l225.jpg
高价,+72%,168.81,80,56.0,[Near MINT w/Strap] Nikon FE2 Silver 35mm SLR Film Camera Body From JAPAN,nikon fe2,Nikon,Film Cameras,Used,289.99,USD,FIXED_PRICE,grail:FE2;good-cond,JP,yuk1camera-japan,100.0,2026-08-20T07:34:18.000Z,,https://www.ebay.com/itm/366617692259?hash=item555c1e0863:g:0m4AAeSwy-Zqhq7v,https://i.ebayimg.com/images/g/0m4AAeSwy-Zqhq7v/s-l225.jpg
高价,+131%,128.59,80,56.0,【N MINT+++ Meter Works】Canon F-1 F1 35mm SLR Film Camera Body,canon f-1,Canon,Film Cameras,Used,296.99,USD,FIXED_PRICE,grail:Canon F-1;good-cond,JP,japan_fun_camera,100.0,2026-08-21T01:12:28.000Z,,https://www.ebay.com/itm/188824621546?hash=item2bf6d311ea:g:OuwAAeSwA8BqK2YH,https://i.ebayimg.com/images/g/OuwAAeSwA8BqK2YH/s-l225.jpg
高价,+131%,128.59,80,56.0,【N MINT+++】Canon F-1 F1 35mm SLR Film Camera Black Body,canon f-1,Canon,Film Cameras,Used,296.99,USD,FIXED_PRICE,grail:Canon F-1;good-cond,JP,japan_fun_camera,100.0,2026-08-21T01:11:07.000Z,,https://www.ebay.com/itm/188824616032?hash=item2bf6d2fc60:g:AVkAAeSwaTJqUHYf,https://i.ebayimg.com/images/g/AVkAAeSwaTJqUHYf/s-l225.jpg
高价,+626%,41.07,80,56.0,【N.MINT】Canon AE-1 Program SLR Film Camera NFD 50mm f/1.8 Lens w/Hood #3026356,canon ae-1,Canon,Film Cameras,Used,298.0,USD,FIXED_PRICE,grail:AE-1;good-cond,JP,nanairo-7,100.0,2026-08-21T05:39:33.000Z,,https://www.ebay.com/itm/267763272743?hash=item3e57ef4c27:g:c9kAAeSwrWpqh-DI,https://i.ebayimg.com/images/g/c9kAAeSwrWpqh-DI/s-l225.jpg
高价,+401%,59.9,80,56.0,tested [ Top Mint ] Olympus μ mju II ZOOM 35mm Point & Shoot From JAPAN,olympus mju,Olympus,Film Cameras,Used,299.9,USD,FIXED_PRICE,grail:mju;good-cond,JP,haruharu_2010,100.0,2026-08-21T07:54:38.000Z,,https://www.ebay.com/itm/318762699891?hash=item4a37bccc73:g:QfMAAeSwLOBqiAU-,https://i.ebayimg.com/images/g/QfMAAeSwLOBqiAU-/s-l225.jpg
高价,+78%,168.81,80,56.0,[ Near MINT ] Nikon FE2 Black 35mm SLR Film Camera Body From JAPAN,nikon fe2,Nikon,Film Cameras,Used,299.9,USD,FIXED_PRICE,grail:FE2;good-cond,JP,rcamera.japan,100.0,2026-08-20T08:07:27.000Z,,https://www.ebay.com/itm/398306860810?hash=item5cbcf05f0a:g:qRwAAeSwXyxqhrZ5,https://i.ebayimg.com/images/g/qRwAAeSwXyxqhrZ5/s-l225.jpg
高价,+401%,59.9,80,56.0,[Top MINT] Olympus µ Mju II Zoom VF Point& Shoot 35mm From JAPAN,olympus mju,Olympus,Film Cameras,Used,299.99,USD,FIXED_PRICE,grail:Mju;good-cond,JP,forestjapan,100.0,2026-08-21T02:28:03.000Z,,https://www.ebay.com/itm/318761496341?hash=item4a37aa6f15:g:LfgAAeSwVf1qh7jj,https://i.ebayimg.com/images/g/LfgAAeSwVf1qh7jj/s-l225.jpg
高价,+400%,59.99,80,56.0,[ Near MINT w/ MF-23 ] Nikon F4 SLR Film Camera AF 50mm f1.4 D lens From JAPAN,nikon f4,Nikon,Film Cameras,Used,299.99,USD,FIXED_PRICE,grail:Nikon F4;good-cond,JP,fullsun.shop,100.0,2026-08-20T12:28:31.000Z,,https://www.ebay.com/itm/188822018322?hash=item2bf6ab5912:g:U1AAAeSwaONqhvMz,https://i.ebayimg.com/images/g/U1AAAeSwaONqhvMz/s-l225.jpg
高价,+204%,100.0,80,56.0,Canon A-1 Black 35mm SLR Film Camera w/ NFD 50mm f/1.4 from Japan [Exc+5],canon a-1,Canon,Film Cameras,Used,304.42,USD,FIXED_PRICE,grail:Canon A-1;good-cond,JP,sakura_camera06,100.0,2026-08-21T07:10:55.000Z,,https://www.ebay.com/itm/287537730945?hash=item42f2959581:g:oAUAAeSwzbZqhjpM,https://i.ebayimg.com/images/g/oAUAAeSwzbZqhjpM/s-l225.jpg
高价,+423%,59.9,80,56.0,Olympus μ mju III 120 Point & Shoot Film Camera from Japan [Mint],olympus mju,Olympus,Film Cameras,Used,313.51,USD,FIXED_PRICE,grail:mju;good-cond,JP,sakura_camera06,100.0,2026-08-21T07:10:55.000Z,,https://www.ebay.com/itm/287537730957?hash=item42f295958d:g:JzgAAeSwMKdqS~nX,https://i.ebayimg.com/images/g/JzgAAeSwMKdqS~nX/s-l225.jpg
高价,+145%,128.59,80,56.0,Canon New F-1 AE Finder 35mm Film Camera Body Near Mint Japan,canon f-1,Canon,Film Cameras,Used,315.0,USD,FIXED_PRICE,grail:New F-1;good-cond,JP,moneydesign06,98.0,2026-08-21T06:37:52.000Z,,https://www.ebay.com/itm/820030110954?hash=itembeed9a7cea:g:6RAAAeSw13Zp2nE2,https://i.ebayimg.com/images/g/6RAAAeSw13Zp2nE2/s-l225.jpg
高价,+489%,55.0,80,56.0,【N MINT+++】Nikon F2 Eye Level DE-1 finder 35mm Silver Film Camera Body,nikon f2,Nikon,Film Cameras,Used,323.99,USD,FIXED_PRICE,grail:Nikon F2;good-cond,JP,japan_fun_camera,100.0,2026-08-21T01:12:28.000Z,,https://www.ebay.com/itm/188824621416?hash=item2bf6d31168:g:Hn0AAeSwFkhqJ4tC,https://i.ebayimg.com/images/g/Hn0AAeSwFkhqJ4tC/s-l225.jpg
高价,+152%,128.59,80,56.0,【MINT-】Canon F-1 F1 35mm SLR Film Camera Black Body,canon f-1,Canon,Film Cameras,Used,323.99,USD,FIXED_PRICE,grail:Canon F-1;good-cond,JP,japan_fun_camera,100.0,2026-08-21T01:12:28.000Z,,https://www.ebay.com/itm/188824621488?hash=item2bf6d311b0:g:70UAAeSw96pppmLU,https://i.ebayimg.com/images/g/70UAAeSw96pppmLU/s-l225.jpg
高价,+232%,99.0,80,56.0,"""Top Mint"" Canon New F-1 Eye Level AE Finder 35mm Film Camera From Japan #2488 0",canon f-1,Canon,Film Cameras,Used,329.0,USD,FIXED_PRICE,grail:New F-1;good-cond,JP,shounan2012,100.0,2026-08-20T12:26:37.000Z,,https://www.ebay.com/itm/206505900033?hash=item3014b5f801:g:Lu0AAeSwLcVqhvIa,https://i.ebayimg.com/images/g/Lu0AAeSwLcVqhvIa/s-l225.jpg
高价,+3158%,10.12,80,56.0,S/N 5354544 [ Exc+5 ] Pentax LX 35mm Film camera SLR From JAPAN,pentax 35mm,Pentax,Film Cameras,Used,329.9,USD,FIXED_PRICE,grail:Pentax LX;good-cond,JP,haruharu_2010,100.0,2026-08-21T07:56:06.000Z,,https://www.ebay.com/itm/318762701715?hash=item4a37bcd393:g:RoIAAeSwwtVqiAXI,https://i.ebayimg.com/images/g/RoIAAeSwwtVqiAXI/s-l225.jpg
高价,+500%,55.0,80,56.0,Lens MINT [ Near MINT ] Nikon F2 Photomic A Black DP-11 Ai 50mm f1.4 From JAPAN,nikon f2,Nikon,Film Cameras,Used,329.9,USD,FIXED_PRICE,grail:Nikon F2;good-cond,JP,yuni_camera_japan,100.0,2026-08-20T14:36:40.000Z,,https://www.ebay.com/itm/820027265573?hash=itembeed6f1225:g:VI8AAeSwhVlqhxTK,https://i.ebayimg.com/images/g/VI8AAeSwhVlqhxTK/s-l225.jpg
高价,+136%,139.92,80,56.0,[Exc+5] Pentax LX 35mm SLR Film Camera SMC M 50mm f/1.7 Lens From JAPAN,pentax smc 35mm f1.7,Pentax,Film Cameras,Used,329.99,USD,FIXED_PRICE,grail:Pentax LX;good-cond,JP,japancamera_au,100.0,2026-08-20T21:18:19.000Z,,https://www.ebay.com/itm/227484582195?hash=item34f7234133:g:8nMAAeSwbr9qh2~S,https://i.ebayimg.com/images/g/8nMAAeSwbr9qh2~S/s-l225.jpg
高价,+450%,59.99,80,56.0,【NEAR MINT+】Nikon F4 F4S Film Camera Body w/ MB-21 Genuine Strap From JAPAN 4423,nikon f4,Nikon,Film Cameras,Used,329.99,USD,FIXED_PRICE,grail:Nikon F4;good-cond,JP,jun0-73,100.0,2026-08-20T19:24:26.000Z,,https://www.ebay.com/itm/820028121895?hash=itembeed7c2327:g:dXwAAeSwwtVqh1K4,https://i.ebayimg.com/images/g/dXwAAeSwwtVqh1K4/s-l225.jpg
高价,+506%,55.0,80,56.0,【N MINT】Nikon F2 35mm SLR Film Camera DP-1 Ai 50mm f/1.8 Lens silver,nikon f2,Nikon,Film Cameras,Used,332.99,USD,FIXED_PRICE,grail:Nikon F2;good-cond,JP,japan_fun_camera,100.0,2026-08-21T01:11:06.000Z,,https://www.ebay.com/itm/188824615877?hash=item2bf6d2fbc5:g:OKcAAeSwl-1qYXHZ,https://i.ebayimg.com/images/g/OKcAAeSwl-1qYXHZ/s-l225.jpg
高价,+522%,55.0,80,56.0,【N MINT+++】Nikon F2 Eye Level 35mm Silver Film Camera Body,nikon f2,Nikon,Film Cameras,Used,341.99,USD,FIXED_PRICE,grail:Nikon F2;good-cond,JP,japan_fun_camera,100.0,2026-08-21T01:12:28.000Z,,https://www.ebay.com/itm/188824621433?hash=item2bf6d31179:g:ogUAAeSw0mNqA8a7,https://i.ebayimg.com/images/g/ogUAAeSw0mNqA8a7/s-l225.jpg
高价,+107%,168.81,80,56.0,[Top MINT] Nikon FE2 Black 35mm Film Camera Body SLR Serviced From JAPAN,nikon fe2,Nikon,Film Cameras,Used,349.99,USD,"FIXED_PRICE,BEST_OFFER",grail:FE2;good-cond,JP,lilycraft_japan,100.0,2026-08-20T11:16:39.000Z,,https://www.ebay.com/itm/318758661154?hash=item4a377f2c22:g:Un4AAeSwrBFqhtud,https://i.ebayimg.com/images/g/Un4AAeSwrBFqhtud/s-l225.jpg
高价,+84%,195.83,80,56.0,【MINT-】Nikon FE2 35mm SLR Film Camera Body Black,nikon fe2,Nikon,Film Cameras,Used,359.99,USD,FIXED_PRICE,grail:FE2;good-cond,JP,japan_fun_camera,100.0,2026-08-21T01:11:07.000Z,,https://www.ebay.com/itm/188824616086?hash=item2bf6d2fc96:g:Z2sAAeSwSOpqgo7L,https://i.ebayimg.com/images/g/Z2sAAeSwSOpqgo7L/s-l225.jpg
高价,+555%,55.0,80,56.0,【N MINT+++】Nikon F2 DP1 35mm SLR Film Camera Ai 50mm f/1.4 Lens,nikon f2,Nikon,Film Cameras,Used,359.99,USD,FIXED_PRICE,grail:Nikon F2;good-cond,JP,japan_fun_camera,100.0,2026-08-21T01:11:07.000Z,,https://www.ebay.com/itm/188824616104?hash=item2bf6d2fca8:g:ZJ4AAeSwtcBqbCYP,https://i.ebayimg.com/images/g/ZJ4AAeSwtcBqbCYP/s-l225.jpg
高价,+555%,55.0,80,56.0,【N MINT+++】Nikon F2 A F2A 35mm SLR Film Camera,nikon f2,Nikon,Film Cameras,Used,359.99,USD,FIXED_PRICE,grail:Nikon F2;good-cond,JP,japan_fun_camera,100.0,2026-08-21T01:11:06.000Z,,https://www.ebay.com/itm/188824615954?hash=item2bf6d2fc12:g:KI8AAeSwEi9qdUWO,https://i.ebayimg.com/images/g/KI8AAeSwEi9qdUWO/s-l225.jpg
高价,+188%,128.59,80,56.0,[ APP Mint ] Canon New F-1 F1 AE Finder 35mm Film Camera Body from japan #19069,canon f-1,Canon,Film Cameras,Used,369.99,USD,FIXED_PRICE,grail:New F-1;good-cond,JP,z1came-0,99.8,2026-08-21T11:48:38.000Z,,https://www.ebay.com/itm/407160818659?hash=item5eccad0be3:g:20UAAeSwVZ5qiDpA,https://i.ebayimg.com/images/g/20UAAeSwVZ5qiDpA/s-l225.jpg
高价,+573%,55.0,80,56.0,[MINT] Nikon F2 Photomic Black H.C 50mm F2 35mm Film Camera & Lens From Japan,nikon f2,Nikon,Film Cameras,Used,369.99,USD,FIXED_PRICE,grail:Nikon F2;good-cond,JP,leilanipo_65,99.6,2026-08-21T00:25:38.000Z,,https://www.ebay.com/itm/178428120070?hash=item298b250c06:g:bvMAAeSwmmZqh5u7,https://i.ebayimg.com/images/g/bvMAAeSwmmZqh5u7/s-l225.jpg
高价,+63%,227.31,80,56.0,Late S/N 869xxxx【 N MINT 】 Nikon New FM2 FM2N Silver 35mm Film Camera From Japan,nikon fm2,Nikon,Film Cameras,Used,369.99,USD,"FIXED_PRICE,BEST_OFFER",grail:FM2;good-cond,JP,hisagi.camera.marketjp,100.0,2026-08-20T08:08:04.000Z,,https://www.ebay.com/itm/377434722910?hash=item57e0dcd25e:g:5GUAAeSwc4tqhrWT,https://i.ebayimg.com/images/g/5GUAAeSwc4tqhrWT/s-l225.jpg
高价,+653%,49.15,80,56.0,3 Lens set!! [N MINT] Nikon NIKONOS V Orange Film Camera w/35/28/20mm From Japan,nikon nikonos,Nikon,Film Cameras,Used,369.99,USD,"FIXED_PRICE,BEST_OFFER",grail:NIKONOS;good-cond,JP,japan-vintage-cameras-and-watch,99.8,2026-08-20T04:58:46.000Z,,https://www.ebay.com/itm/137641965617?hash=item200c19b831:g:Qc8AAeSwf7JpzMU7,https://i.ebayimg.com/images/g/Qc8AAeSwf7JpzMU7/s-l225.jpg
高价,+604%,55.0,80,56.0,【MINT-】Nikon F2 DP1 35mm SLR Film Camera Ai 50mm f/1.8 Lens,nikon f2,Nikon,Film Cameras,Used,386.99,USD,FIXED_PRICE,grail:Nikon F2;good-cond,JP,japan_fun_camera,100.0,2026-08-21T01:11:07.000Z,,https://www.ebay.com/itm/188824615982?hash=item2bf6d2fc2e:g:Lg0AAeSwRydqXtw8,https://i.ebayimg.com/images/g/Lg0AAeSwRydqXtw8/s-l225.jpg
高价,+208%,128.59,80,56.0,【N MINT+++】Canon New F-1 F1 35mm SLR Film Camera Black Body,canon f-1,Canon,Film Cameras,Used,395.99,USD,FIXED_PRICE,grail:New F-1;good-cond,JP,japan_fun_camera,100.0,2026-08-21T01:11:06.000Z,,https://www.ebay.com/itm/188824615885?hash=item2bf6d2fbcd:g:fCEAAeSw0-1qOeia,https://i.ebayimg.com/images/g/fCEAAeSw0-1qOeia/s-l225.jpg
高价,+211%,128.59,80,56.0,[MINT w/ Strap] Canon New F-1 AE Finder 35mm Film Camera Body From JAPAN,canon f-1,Canon,Film Cameras,Used,399.99,USD,FIXED_PRICE,grail:New F-1;good-cond,JP,yuk1camera-japan,100.0,2026-08-21T04:04:22.000Z,,https://www.ebay.com/itm/366619685676?hash=item555c3c732c:g:CR4AAeSwdABqh891,https://i.ebayimg.com/images/g/CR4AAeSwdABqh891/s-l225.jpg
高价,+627%,55.0,80,56.0,Meter Works [ MINT ] Nikon F2 Photomic DP1 Non SC Auto 50mm f1.4 From JAPAN,nikon f2,Nikon,Film Cameras,Used,399.99,USD,FIXED_PRICE,grail:Nikon F2;good-cond,JP,mitshos_0,100.0,2026-08-20T23:49:30.000Z,,https://www.ebay.com/itm/227484715093?hash=item34f7254855:g:YgwAAeSwL3Vqh5N-,https://i.ebayimg.com/images/g/YgwAAeSwL3Vqh5N-/s-l225.jpg
高价,+725%,48.5,80,56.0,[NEAR MINT] Nikon NIKONOS V Underwater Orange Lens 20mm f2.8 35mm f2.5 JAPAN,nikon nikonos,Nikon,Film Cameras,Used,399.99,USD,"FIXED_PRICE,BEST_OFFER",grail:NIKONOS;good-cond,JP,samurai_collection_japan,100.0,2026-08-20T20:35:46.000Z,,https://www.ebay.com/itm/407159394196?hash=item5ecc974f94:g:1egAAeSwKs5qYuLK,https://i.ebayimg.com/images/g/1egAAeSwKs5qYuLK/s-l225.jpg
高价,+47%,271.9,80,56.0,[MINT] Nikon FM2 35mm SLR Film Camera Body Black From JAPAN,nikon fm2,Nikon,Film Cameras,Used,399.99,USD,FIXED_PRICE,grail:FM2;good-cond,JP,jj0731ssh65,99.7,2026-08-20T14:21:45.000Z,,https://www.ebay.com/itm/407158746456?hash=item5ecc8d6d58:g:RTAAAeSwbr9qhxDJ,https://i.ebayimg.com/images/g/RTAAAeSwbr9qhxDJ/s-l225.jpg
高价,+646%,55.0,80,56.0,[Exc+4] Nikon F2 Photomic Silver 35mm SLR 50mm f/1.8 135mm f/2.8 : From JAPAN,nikon f2,Nikon,Film Cameras,Used,410.0,USD,FIXED_PRICE,grail:Nikon F2;good-cond,JP,e-traize,100.0,2026-08-21T02:05:40.000Z,,https://www.ebay.com/itm/178428339850?hash=item298b28668a:g:Ae4AAeSwptdqh7Ib,https://i.ebayimg.com/images/g/Ae4AAeSwptdqh7Ib/s-l225.jpg
高价,+48%,283.68,80,56.0,Read‼ [Near MINT] NIKON F3 HP 35mm SLR Film Camera Black Body From JAPAN,nikon f3,Nikon,Film Cameras,Used,419.99,USD,FIXED_PRICE,grail:NIKON F3;good-cond,JP,yuk1camera-japan,100.0,2026-08-21T04:06:48.000Z,,https://www.ebay.com/itm/366619687910?hash=item555c3c7be6:g:NAMAAeSw9KNqh8-S,https://i.ebayimg.com/images/g/NAMAAeSw9KNqh8-S/s-l225.jpg
高价,+229%,128.59,80,56.0,【MINT-】Canon New F-1 F1 AE Finder 35mm SLR Film Camera Black Body,canon f-1,Canon,Film Cameras,Used,422.99,USD,FIXED_PRICE,grail:New F-1;good-cond,JP,japan_fun_camera,100.0,2026-08-21T01:11:07.000Z,,https://www.ebay.com/itm/188824616087?hash=item2bf6d2fc97:g:M-EAAeSwFW1qgoqP,https://i.ebayimg.com/images/g/M-EAAeSwFW1qgoqP/s-l225.jpg
高价,+407%,84.75,80,56.0,No Yellow [MINT] PENTAX SMC Takumar 6x7 105mm f2.4 Lens for 6x7 67 II From Japan,pentax smc takumar,Pentax,Film Cameras,Used,429.99,USD,FIXED_PRICE,grail:6x7;good-cond,JP,kawamura-camera,99.7,2026-08-20T23:49:07.000Z,,https://www.ebay.com/itm/117370687971?hash=item1b53d691e3:g:Tm0AAeSwnxdqXH2N,https://i.ebayimg.com/images/g/Tm0AAeSwnxdqXH2N/s-l225.jpg
高价,+58%,271.9,80,56.0,[Top MINT] Nikon New FM2 FM2N Black Body 35mm SLR Film Camera From JAPAN,nikon fm2,Nikon,Film Cameras,Used,429.99,USD,FIXED_PRICE,grail:FM2;good-cond,JP,jj0731ssh65,99.7,2026-08-20T14:14:52.000Z,,https://www.ebay.com/itm/407158739369?hash=item5ecc8d51a9:g:xDUAAeSweY5qhwxa,https://i.ebayimg.com/images/g/xDUAAeSweY5qhwxa/s-l225.jpg
高价,+121%,195.83,80,56.0,【N MINT+++】Nikon FE2 35mm SLR Film Camera Black Ai 50mm f/1.8 Lens,nikon fe2,Nikon,Film Cameras,Used,431.99,USD,FIXED_PRICE,grail:FE2;good-cond,JP,japan_fun_camera,100.0,2026-08-21T01:12:28.000Z,,https://www.ebay.com/itm/188824621503?hash=item2bf6d311bf:g:b4YAAeSwvkJqM1F8,https://i.ebayimg.com/images/g/b4YAAeSwvkJqM1F8/s-l225.jpg
高价,+686%,55.0,80,56.0,【MINT-】Nikon F2 A Black 35mm SLR Film Camera Ai 50mm f/1.8 Lens,nikon f2,Nikon,Film Cameras,Used,431.99,USD,FIXED_PRICE,grail:Nikon F2;good-cond,JP,japan_fun_camera,100.0,2026-08-21T01:11:06.000Z,,https://www.ebay.com/itm/188824615932?hash=item2bf6d2fbfc:g:6FQAAeSwW3hqYsbg,https://i.ebayimg.com/images/g/6FQAAeSwW3hqYsbg/s-l225.jpg
高价,+161%,168.81,80,56.0,[MINT] Nikon FE2 Black 35mm Film Camera Ai 50mm f/1.4 Lens From JAPAN,nikon fe2,Nikon,Film Cameras,Used,439.99,USD,FIXED_PRICE,grail:FE2;good-cond,JP,beppu_onsen_film_camera,100.0,2026-08-20T13:07:22.000Z,,https://www.ebay.com/itm/398307653319?hash=item5cbcfc76c7:g:~XIAAeSwM2lqhvzB,https://i.ebayimg.com/images/g/~XIAAeSwM2lqhvzB/s-l225.jpg
高价,+53%,287.49,80,56.0,[Near MINT+++ w/ Strap] Nikon F3 HP SLR 35mm Film Camera Black Body From JAPAN,nikon f3,Nikon,Film Cameras,Used,439.99,USD,FIXED_PRICE,grail:Nikon F3;good-cond,JP,kensei.43,100.0,2026-08-20T11:04:06.000Z,,https://www.ebay.com/itm/206505730729?hash=item3014b362a9:g:eZIAAeSwE~Fqht~0,https://i.ebayimg.com/images/g/eZIAAeSwE~Fqht~0/s-l225.jpg
高价,+250%,128.59,80,56.0,【MINT】Canon New F-1 F1 AE Finder 35mm SLR Film Camera Black Body,canon f-1,Canon,Film Cameras,Used,449.99,USD,FIXED_PRICE,grail:New F-1;good-cond,JP,japan_fun_camera,100.0,2026-08-21T01:11:06.000Z,,https://www.ebay.com/itm/188824615911?hash=item2bf6d2fbe7:g:ORMAAeSwDqFqhQRJ,https://i.ebayimg.com/images/g/ORMAAeSwDqFqhQRJ/s-l225.jpg
高价,+59%,283.68,80,56.0,Super Rare!! Early [Almost MINT] Nikon F3 Eye Level SLR Film Camera Body JAPAN,nikon f3,Nikon,Film Cameras,Used,449.99,USD,FIXED_PRICE,grail:Nikon F3;good-cond,JP,sugutamo_camera_japan,99.9,2026-08-21T00:22:55.000Z,,https://www.ebay.com/itm/188824441080?hash=item2bf6d050f8:g:F3cAAeSwicFqh5sW,https://i.ebayimg.com/images/g/F3cAAeSwicFqh5sW/s-l225.jpg
高价,+56%,289.25,41,56.0,【MINT+ w/ Hood 】 Carl Zeiss Jena Sonnar 300mm f4 MC Lens Pentacon Six From JAPAN,zeiss sonnar 300mm f4,Zeiss,Lenses,Used,449.99,USD,FIXED_PRICE,grail:Sonnar;good-cond,JP,osaka-camera-takeuchi,98.2,2026-08-20T16:44:46.000Z,,https://www.ebay.com/itm/257693090633?hash=item3bffb48349:g:jwsAAeSwqxlpWeib,https://i.ebayimg.com/images/g/jwsAAeSwqxlpWeib/s-l225.jpg
高价,+59%,283.68,80,56.0,[NEAR MINT] Nikon F3 HP 35mm SLR Film Camera Black Body from JAPAN,nikon f3,Nikon,Film Cameras,Used,449.99,USD,FIXED_PRICE,grail:Nikon F3;good-cond,JP,tictak-niseko,100.0,2026-08-20T16:25:29.000Z,,https://www.ebay.com/itm/298604575052?hash=item458638394c:g:feQAAeSwFfJqhy0E,https://i.ebayimg.com/images/g/feQAAeSwFfJqhy0E/s-l225.jpg
高价,+56%,287.49,80,56.0,Rare Red”D” [NEAR MINT] Nikon F3 HP Late Model SLR 35mm Black Film Camera JAPAN,nikon f3,Nikon,Film Cameras,Used,449.99,USD,"FIXED_PRICE,BEST_OFFER",grail:Nikon F3;good-cond,JP,japan_camera_sippo,100.0,2026-08-20T07:44:29.000Z,,https://www.ebay.com/itm/398306809512?hash=item5cbcef96a8:g:EkEAAeSw8y5pviDX,https://i.ebayimg.com/images/g/EkEAAeSw8y5pviDX/s-l225.jpg
高价,+263%,128.59,80,56.0,Canon New F-1 Film Camera AE Finder NFD 50mm f/1.4 Winder FN Japan [Exc+5],canon f-1,Canon,Film Cameras,Used,467.29,USD,FIXED_PRICE,grail:New F-1;good-cond,JP,sakura_camera06,100.0,2026-08-21T07:10:55.000Z,,https://www.ebay.com/itm/287537730936?hash=item42f2959578:g:QUMAAeSwWOBqg8BB,https://i.ebayimg.com/images/g/QUMAAeSwWOBqg8BB/s-l225.jpg
高价,+66%,283.68,80,56.0,[Exc+5] Nikon F3 HP F3HP SLR 35mm Film Camera 50mm f/1.4 Ai Lens From JAPAN,nikon f3,Nikon,Film Cameras,Used,469.99,USD,FIXED_PRICE,grail:Nikon F3;good-cond,JP,kazunoko_0006,100.0,2026-08-21T08:46:38.000Z,,https://www.ebay.com/itm/407160444851?hash=item5ecca757b3:g:z2UAAeSwlyZqiBEo,https://i.ebayimg.com/images/g/z2UAAeSwlyZqiBEo/s-l225.jpg
高价,+700%,59.99,80,56.0,Read! [MINT in Box] Nikon F4 F4E 3Body 5mm SLR Film Camera Body From JAPAN,nikon f4,Nikon,Film Cameras,Used,479.99,USD,FIXED_PRICE,grail:Nikon F4;good-cond,JP,hiroshima-camera,100.0,2026-08-20T18:52:06.000Z,,https://www.ebay.com/itm/800541320203?hash=itemba63fb240b:g:PcsAAeSwbS9qh02O,https://i.ebayimg.com/images/g/PcsAAeSwbS9qh02O/s-l225.jpg
高价,+67%,287.49,80,56.0,[Near MINT w/ Hood] Nikon F3 Eye Level Film Camera Ai 50mm F/1.4 Lens From JAPAN,nikon f3,Nikon,Film Cameras,Used,479.99,USD,FIXED_PRICE,grail:Nikon F3;good-cond,JP,ckmarket2012,100.0,2026-08-20T11:26:49.000Z,,https://www.ebay.com/itm/287536116363?hash=item42f27cf28b:g:uqAAAeSwdABqhuS7,https://i.ebayimg.com/images/g/uqAAAeSwdABqhuS7/s-l225.jpg
高价,+71%,283.68,80,56.0,【MINT-】Nikon F3 Eye Level 35mm Film Camera Black Body,nikon f3,Nikon,Film Cameras,Used,485.99,USD,FIXED_PRICE,grail:Nikon F3;good-cond,JP,japan_fun_camera,100.0,2026-08-21T01:12:28.000Z,,https://www.ebay.com/itm/188824621415?hash=item2bf6d31167:g:bSMAAeSwg5NqOz9V,https://i.ebayimg.com/images/g/bSMAAeSwg5NqOz9V/s-l225.jpg
高价,+76%,283.68,80,56.0,[ Near MINT ] Nikon F3 35mm Film Camera eye level Ai 50mm f/1.4 Lens From JAPAN,nikon f3,Nikon,Film Cameras,Used,499.99,USD,FIXED_PRICE,grail:Nikon F3;good-cond,JP,aga-8114,100.0,2026-08-20T14:44:00.000Z,,https://www.ebay.com/itm/237019173571?hash=item372f7192c3:g:hWkAAeSw1qNqhxaj,https://i.ebayimg.com/images/g/hWkAAeSw1qNqhxaj/s-l225.jpg
高价,+74%,287.49,80,56.0,Late S/N 198xxxx [ Top MINT ] Nikon F3 Eye Level SLR 35mm Film Camera From JAPAN,nikon f3,Nikon,Film Cameras,Used,499.99,USD,FIXED_PRICE,grail:Nikon F3;good-cond,JP,zen-camera-japan,99.6,2026-08-20T09:44:33.000Z,,https://www.ebay.com/itm/188821479547?hash=item2bf6a3207b:g:erMAAeSwSUlqhs8T,https://i.ebayimg.com/images/g/erMAAeSwSUlqhs8T/s-l225.jpg
高价,+835%,55.0,80,56.0,Nikon F2 Photomic Black DP-1 w/ non AI 50mm f/1.4 Lens from Japan [Mint],nikon f2,Nikon,Film Cameras,Used,514.4,USD,FIXED_PRICE,grail:Nikon F2;good-cond,JP,sakura_camera06,100.0,2026-08-21T07:10:56.000Z,,https://www.ebay.com/itm/287537731077?hash=item42f2959605:g:FIIAAeSw5B5qgstY,https://i.ebayimg.com/images/g/FIIAAeSw5B5qgstY/s-l225.jpg
高价,+312%,128.59,80,56.0,S/N296xxx [MINT] Canon New F-1 AE Finder Film Camera NFD 50mm F1.4 Lens JAPAN,canon f-1,Canon,Film Cameras,Used,529.99,USD,FIXED_PRICE,grail:New F-1;good-cond,JP,mitsu_64,100.0,2026-08-21T11:24:38.000Z,,https://www.ebay.com/itm/147519644063?hash=item2258db219f:g:q6EAAeSwskFqiDZq,https://i.ebayimg.com/images/g/q6EAAeSwskFqiDZq/s-l225.jpg
高价,+864%,55.0,80,56.0,[N MINT] S/N 793xxxx Nikon F2 AS Photomic DP-12 Film Camera Black Body FromJAPAN,nikon f2,Nikon,Film Cameras,Used,529.99,USD,FIXED_PRICE,grail:Nikon F2;good-cond,JP,massa-4656,100.0,2026-08-20T14:04:05.000Z,,https://www.ebay.com/itm/377435653764?hash=item57e0eb0684:g:z6gAAeSwVNVp4PNh,https://i.ebayimg.com/images/g/z6gAAeSwVNVp4PNh/s-l225.jpg
高价,+995%,48.5,80,56.0,【N MINT-】NIKON Nikonos RS Underwater Waterproof 35mm SLR Body,nikon nikonos,Nikon,Film Cameras,Used,530.99,USD,FIXED_PRICE,grail:Nikonos;good-cond,JP,japan_fun_camera,100.0,2026-08-21T01:15:30.000Z,,https://www.ebay.com/itm/188824627207?hash=item2bf6d32807:g:4oMAAOSw0zVnBysU,https://i.ebayimg.com/images/g/4oMAAOSw0zVnBysU/s-l225.jpg
高价,+439%,100.0,80,56.0,CANON A-1 Boby -EXC- 6825,canon a-1,Canon,Film Cameras,Used,539.14,USD,FIXED_PRICE,grail:CANON A-1;good-cond,JP,kitamura_camera,100.0,2026-08-21T07:58:09.000Z,,https://www.ebay.com/itm/820030289338?hash=itembeed9d35ba:g:qXgAAeSw94NqiAr6,https://i.ebayimg.com/images/g/qXgAAeSw94NqiAr6/s-l225.jpg
高价,+2483%,21.3,80,56.0,[MINT] Olympus µ mju II Infinity Stylus 35mm Point & Shoot Camera From JAPAN,olympus stylus,Olympus,Film Cameras,Used,549.99,USD,FIXED_PRICE,grail:mju;good-cond,JP,fire_camera9,100.0,2026-08-21T09:14:23.000Z,,https://www.ebay.com/itm/318762956957?hash=item4a37c0b89d:g:CeoAAeSw529qU43w,https://i.ebayimg.com/images/g/CeoAAeSw529qU43w/s-l225.jpg
高价,+944%,55.0,80,56.0,NIKON F2 eye-level finder BODY SILVER -EXC- 5580,nikon f2,Nikon,Film Cameras,Used,574.31,USD,FIXED_PRICE,grail:NIKON F2;good-cond,JP,kitamura_camera,100.0,2026-08-21T07:58:09.000Z,,https://www.ebay.com/itm/820030289398?hash=itembeed9d35f6:g:k0wAAeSwpN5qiAqB,https://i.ebayimg.com/images/g/k0wAAeSwpN5qiAqB/s-l225.jpg
高价,+112%,271.9,80,56.0,【MINT-】Nikon New FM2 FM2N Silver 35mm SLR Film Camera Ai 50mm f/1.4 Lens,nikon fm2,Nikon,Film Cameras,Used,575.99,USD,FIXED_PRICE,grail:FM2;good-cond,JP,japan_fun_camera,100.0,2026-08-21T01:12:28.000Z,,https://www.ebay.com/itm/188824621534?hash=item2bf6d311de:g:yi4AAeSwUAlqH3TX,https://i.ebayimg.com/images/g/yi4AAeSwUAlqH3TX/s-l225.jpg
高价,+1426%,39.3,80,56.0,**MINT++** Pentax 645 Film Camera SMC A 75mm f/2.8 Lens 120 Film Back From JAPAN,pentax smc,Pentax,Film Cameras,Used,599.9,USD,FIXED_PRICE,grail:645;good-cond,JP,made-1n-japan,100.0,2026-08-21T08:09:40.000Z,,https://www.ebay.com/itm/336753993440?hash=item4e681a26e0:g:HVIAAeSwk7FqiAi3,https://i.ebayimg.com/images/g/HVIAAeSwk7FqiAi3/s-l225.jpg
高价,+161%,229.99,80,56.0,[TOP MINT] Mamiya M 65mm f/4 L-A Floating System Lens for RZ67 Pro Il From JAPAN,mamiya 65mm f4,Mamiya,Lenses,Used,599.99,USD,FIXED_PRICE,grail:RZ67;good-cond,JP,saycheese8,99.8,2026-08-20T13:38:20.000Z,,https://www.ebay.com/itm/407158671253?hash=item5ecc8c4795:g:XocAAeSwBO5qhwSG,https://i.ebayimg.com/images/g/XocAAeSwBO5qhwSG/s-l225.jpg
高价,+56%,384.99,60,56.0,[TOP MINT in BOX] Mamiya K/L 90mm F3.5 L Lens w/ Hood for RB67 Pro SD From JAPAN,mamiya 90mm f3.5,Mamiya,Lenses,Used,599.99,USD,FIXED_PRICE,grail:RB67;good-cond,JP,midorimid_29,100.0,2026-08-20T06:23:16.000Z,,https://www.ebay.com/itm/377434505336?hash=item57e0d98078:g:dDAAAeSw2G9qhpx7,https://i.ebayimg.com/images/g/dDAAAeSw2G9qhpx7/s-l225.jpg
高价,+116%,283.68,80,56.0,【N MINT+++】Nikon F3 HP Film Camera Black ai 50mm f/1.4,nikon f3,Nikon,Film Cameras,Used,611.99,USD,FIXED_PRICE,grail:Nikon F3;good-cond,JP,japan_fun_camera,100.0,2026-08-21T01:11:07.000Z,,https://www.ebay.com/itm/188824616036?hash=item2bf6d2fc64:g:oAAAAeSw-MtqhmLZ,https://i.ebayimg.com/images/g/oAAAAeSw-MtqhmLZ/s-l225.jpg
高价,+1478%,39.3,80,56.0,[MINT wStrap] PENTAX 645 film camera smc A 150mm 3.5 Lens 120 Back From JAPAN,pentax smc,Pentax,Film Cameras,Used,619.99,USD,FIXED_PRICE,grail:645;good-cond,JP,sakura_vintage_camera,100.0,2026-08-21T10:41:17.000Z,,https://www.ebay.com/itm/398311149834?hash=item5cbd31d10a:g:~pcAAeSw9OVqiCx8,https://i.ebayimg.com/images/g/~pcAAeSw9OVqiCx8/s-l225.jpg
高价,+132%,271.9,80,56.0,VERY LATE 869xxxx [Top MINT w/ CASE] Nikon New FM2 FM2N Silver Film Camera JAPAN,nikon fm2,Nikon,Film Cameras,Used,629.99,USD,FIXED_PRICE,grail:FM2;good-cond,JP,sheekstyle,99.7,2026-08-20T15:20:48.000Z,,https://www.ebay.com/itm/237019253937?hash=item372f72ccb1:g:-pwAAeSwTtFqhx7G,https://i.ebayimg.com/images/g/-pwAAeSwTtFqhx7G/s-l225.jpg
高价,+391%,128.59,80,56.0,CANON F-1 Boby -Near Mint- 9320,canon f-1,Canon,Film Cameras,Used,631.71,USD,FIXED_PRICE,grail:CANON F-1;good-cond,JP,kitamura_camera,100.0,2026-08-21T07:58:09.000Z,,https://www.ebay.com/itm/820030289339?hash=itembeed9d35bb:g:NisAAeSwvk9qiAr-,https://i.ebayimg.com/images/g/NisAAeSwvk9qiAr-/s-l225.jpg
高价,+1084%,54.87,80,56.0,S/N792xxxx [ MINT ] Nikon F2 Photomic AS DP-12 Black 35mm Film Camera From JAPAN,nikon f2,Nikon,Film Cameras,Used,649.9,USD,FIXED_PRICE,grail:Nikon F2;good-cond,JP,rcamera.japan,100.0,2026-08-20T07:07:44.000Z,,https://www.ebay.com/itm/398306706967?hash=item5cbcee0617:g:574AAeSwJFFqhqhI,https://i.ebayimg.com/images/g/574AAeSwJFFqhqhI/s-l225.jpg
高价,+721%,79.99,80,56.0,【N MINT-】ASAHI PENTAX TAKUMAR 6x7 Eye Level 105mm f/2.4 SMC,asahi pentax takumar,Asahi,Film Cameras,Used,656.99,USD,FIXED_PRICE,grail:6x7;good-cond,JP,japan_fun_camera,100.0,2026-08-21T01:11:07.000Z,,https://www.ebay.com/itm/188824616073?hash=item2bf6d2fc89:g:tmQAAeSwL~NqdT9C,https://i.ebayimg.com/images/g/tmQAAeSwL~NqdT9C/s-l225.jpg
高价,+1113%,55.0,80,56.0,NIKON F2 eye-level finder BODY SILVER -EXC- 5116,nikon f2,Nikon,Film Cameras,Used,666.88,USD,FIXED_PRICE,grail:NIKON F2;good-cond,JP,kitamura_camera,100.0,2026-08-21T09:17:57.000Z,,https://www.ebay.com/itm/820030511951?hash=itembeeda09b4f:g:BlkAAeSwSGdqiBhc,https://i.ebayimg.com/images/g/BlkAAeSwSGdqiBhc/s-l225.jpg
高价,+1150%,55.0,80,56.0,NIKON F2 eye-level finder BODY SILVER -Near Mint- 3660,nikon f2,Nikon,Film Cameras,Used,687.25,USD,FIXED_PRICE,grail:NIKON F2;good-cond,JP,kitamura_camera,100.0,2026-08-21T07:58:09.000Z,,https://www.ebay.com/itm/820030289389?hash=itembeed9d35ed:g:mP0AAeSwpN5qiAr7,https://i.ebayimg.com/images/g/mP0AAeSwpN5qiAr7/s-l225.jpg
高价,+201%,232.59,80,56.0,⏯ ALL Works [MINT] Konica Hexar AF Black 35mm Rangefinder Film Camera From JAPAN,konica hexar,Konica,Film Cameras,Used,699.99,USD,FIXED_PRICE,grail:Hexar;good-cond,JP,ninja-camera,100.0,2026-08-21T07:37:21.000Z,,https://www.ebay.com/itm/820030248596?hash=itembeed9c9694:g:K1MAAeSwWOBqiAD2,https://i.ebayimg.com/images/g/K1MAAeSwWOBqiAD2/s-l225.jpg
高价,+151%,283.68,80,56.0,Nikon F3 HP High Eyepoint 35mm Film SLR Camera Body from Japan [Mint],nikon f3,Nikon,Film Cameras,Used,710.97,USD,FIXED_PRICE,grail:Nikon F3;good-cond,JP,sakura_camera06,100.0,2026-08-21T07:10:55.000Z,,https://www.ebay.com/itm/287537730961?hash=item42f2959591:g:T5EAAeSwMVhqS8gw,https://i.ebayimg.com/images/g/T5EAAeSwMVhqS8gw/s-l225.jpg
高价,+154%,283.68,80,56.0,Nikon F3 Eye Level Finder 35mm Film Camera Ai 50mm f/1.4 from Japan [Exc+5],nikon f3,Nikon,Film Cameras,Used,721.56,USD,FIXED_PRICE,grail:Nikon F3;good-cond,JP,sakura_camera06,100.0,2026-08-21T07:10:56.000Z,,https://www.ebay.com/itm/287537731069?hash=item42f29595fd:g:P6sAAeSwGvhpUKj-,https://i.ebayimg.com/images/g/P6sAAeSwGvhpUKj-/s-l225.jpg
高价,+1214%,55.0,80,56.0,NIKON F2 eye-level finder Film SLR body BLACK -EXC- 5789,nikon f2,Nikon,Film Cameras,Used,722.42,USD,FIXED_PRICE,grail:NIKON F2;good-cond,JP,kitamura_camera,100.0,2026-08-21T07:58:09.000Z,,https://www.ebay.com/itm/820030289370?hash=itembeed9d35da:g:kZ8AAeSwvr5qiArb,https://i.ebayimg.com/images/g/kZ8AAeSwvr5qiArb/s-l225.jpg
高价,+1248%,54.87,80,56.0,Final S/N795xxxx [MINT] Nikon F2 Photomic AS DP-12 Black Film Camera From JAPAN,nikon f2,Nikon,Film Cameras,Used,739.9,USD,FIXED_PRICE,grail:Nikon F2;good-cond,JP,rcamera.japan,100.0,2026-08-20T04:38:45.000Z,,https://www.ebay.com/itm/398306374580?hash=item5cbce8f3b4:g:pqgAAeSwYQVqhoX~,https://i.ebayimg.com/images/g/pqgAAeSwYQVqhoX~/s-l225.jpg
高价,+161%,283.68,80,56.0,[MINT] Nikon F3 HP F3HP limited 35mm SLR Film Camera Body From JAPAN,nikon f3,Nikon,Film Cameras,Used,739.99,USD,FIXED_PRICE,grail:Nikon F3;good-cond,JP,shintaro_fotomart,99.8,2026-08-20T15:05:55.000Z,,https://www.ebay.com/itm/407158826396?hash=item5ecc8ea59c:g:d7YAAeSwhFRqhxtb,https://i.ebayimg.com/images/g/d7YAAeSwhFRqhxtb/s-l225.jpg
高价,+879%,79.99,80,56.0,【N MINT+++ No Yellowing】ASAHI PENTAX TAKUMAR 6x7 105mm f/2.4 SMC,asahi pentax takumar,Asahi,Film Cameras,Used,782.99,USD,FIXED_PRICE,grail:6x7;good-cond,JP,japan_fun_camera,100.0,2026-08-21T01:12:28.000Z,,https://www.ebay.com/itm/188824621600?hash=item2bf6d31220:g:SOcAAeSwZK1p3uUi,https://i.ebayimg.com/images/g/SOcAAeSwZK1p3uUi/s-l225.jpg
高价,+266%,218.7,80,56.0,Leica Elmar M 90mm f/4 Triplet Rangefinder Camera Lenses Tested [Exc+],leica elmar 90mm f4,Leica,Lenses,Used,800.0,USD,"FIXED_PRICE,BEST_OFFER",grail:Elmar;good-cond,JP,re-camera,99.8,2026-08-20T14:41:30.000Z,,https://www.ebay.com/itm/227484163073?hash=item34f71cdc01:g:eJAAAeSwUkpqhxYc,https://i.ebayimg.com/images/g/eJAAAeSwUkpqhxYc/s-l225.jpg
高价,+100%,420.99,15,56.0,Asahi PENTAX 67 TTL Medium Format Film Camera Body [EXC+5] From Japan,asahi 67,Asahi,Film Cameras,Used,839.99,USD,FIXED_PRICE,grail:PENTAX 67;good-cond,JP,amfour_201810,99.2,2026-08-21T06:28:26.000Z,,https://www.ebay.com/itm/407160236182?hash=item5ecca42896:g:F1cAAeSwhq5qh-~i,https://i.ebayimg.com/images/g/F1cAAeSwhq5qh-~i/s-l225.jpg
高价,+110%,399.99,80,56.0,70th Anniversary [Top MINT] Leica Tele Elmarit M 90mm f/2.8 Jahre Late Thin 2nd,leica elmarit 90mm f2.8,Leica,Lenses,Used,839.99,USD,FIXED_PRICE,grail:Elmarit;good-cond,JP,ken-ken_camera_japan,100.0,2026-08-20T15:02:34.000Z,,https://www.ebay.com/itm/407158820359?hash=item5ecc8e8e07:g:dxoAAeSw69pqhxrt,https://i.ebayimg.com/images/g/dxoAAeSw69pqhxrt/s-l225.jpg
高价,+55%,549.97,80,56.0,[MINT+++ in Box] Fujifilm Natura Black F1.9 Point & Shoot Film Camera From JAPAN,fujifilm natura,Fujifilm,Film Cameras,Used,849.99,USD,FIXED_PRICE,grail:Natura;good-cond,JP,toyo_camera_japan,99.8,2026-08-21T00:30:13.000Z,,https://www.ebay.com/itm/377437059716?hash=item57e1007a84:g:ThYAAeSwVf1qh5yQ,https://i.ebayimg.com/images/g/ThYAAeSwVf1qh5yQ/s-l225.jpg
高价,+207%,283.68,80,56.0,NIKON F3 Body -EXC- 1872,nikon f3,Nikon,Film Cameras,Used,870.54,USD,FIXED_PRICE,grail:NIKON F3;good-cond,JP,kitamura_camera,100.0,2026-08-21T07:58:09.000Z,,https://www.ebay.com/itm/820030289344?hash=itembeed9d35c0:g:mRwAAeSwpN5qiAr-,https://i.ebayimg.com/images/g/mRwAAeSwpN5qiAr-/s-l225.jpg
高价,+124%,389.94,80,56.0,Pentax 6x7 67 TTL SMC Takumar 75mm f/4.5 & 200mm f/4 Lenses From Japan [N Mint],pentax 67,Pentax,Film Cameras,Used,873.14,USD,FIXED_PRICE,grail:6x7;good-cond,JP,sakura_camera06,100.0,2026-08-21T07:10:55.000Z,,https://www.ebay.com/itm/287537731027?hash=item42f29595d3:g:hnAAAeSwN4dovnnQ,https://i.ebayimg.com/images/g/hnAAAeSwN4dovnnQ/s-l225.jpg
高价,+213%,287.49,80,56.0,[ TOP MINT ] Nikon F3/T F3 T HP Titan Black 35mm SLR Film Camera Body from JAPAN,nikon f3,Nikon,Film Cameras,Used,899.97,USD,FIXED_PRICE,grail:Nikon F3;good-cond,JP,ageha.b-48,100.0,2026-08-20T13:04:53.000Z,,https://www.ebay.com/itm/800539979772?hash=itemba63e6affc:g:2aoAAeSwX9xqECQ5,https://i.ebayimg.com/images/g/2aoAAeSwX9xqECQ5/s-l225.jpg
高价,+214%,287.49,80,56.0,Nikon F3/T Titan HP Black [Near Mint] F3 T SLR 35mm Film Camera Body,nikon f3,Nikon,Film Cameras,Used,903.0,USD,FIXED_PRICE,grail:Nikon F3;good-cond,JP,tokyoberry-camera,100.0,2026-08-20T06:59:16.000Z,,https://www.ebay.com/itm/407157852214?hash=item5ecc7fc836:g:khcAAeSwK9RpwLhe,https://i.ebayimg.com/images/g/khcAAeSwK9RpwLhe/s-l225.jpg
高价,+249%,283.68,80,56.0,【MINT- BOXED S/N 852xxxx】Nikon F3 T HP Titan Film Camera Black Body,nikon f3,Nikon,Film Cameras,Used,989.99,USD,FIXED_PRICE,grail:Nikon F3;good-cond,JP,japan_fun_camera,100.0,2026-08-21T01:11:06.000Z,,https://www.ebay.com/itm/188824615897?hash=item2bf6d2fbd9:g:WfoAAeSwizZqVugC,https://i.ebayimg.com/images/g/WfoAAeSwizZqVugC/s-l225.jpg
高价,+252%,283.68,80,56.0,Late S/N 184xxxx [Unused Boxed] Nikon F3 HP 35mm Film Camera Body From JAPAN,nikon f3,Nikon,Film Cameras,Used,999.99,USD,FIXED_PRICE,grail:Nikon F3;good-cond,JP,kimu_1572,100.0,2026-08-20T14:03:30.000Z,,https://www.ebay.com/itm/137643366543?hash=item200c2f188f:g:JaMAAeSwNuRqhwm1,https://i.ebayimg.com/images/g/JaMAAeSwNuRqhwm1/s-l225.jpg
高价,+3568%,29.99,80,56.0,Late [N MINT] Pentax LX Body 35mm SLR Film Camera + 3 Lens + Flash JAPAN #120,pentax 3,Pentax,Film Cameras,Used,1099.99,USD,"FIXED_PRICE,BEST_OFFER",grail:Pentax LX;good-cond,JP,emk_930,100.0,2026-08-20T22:57:42.000Z,,https://www.ebay.com/itm/198585329747?hash=item2e3c9ba853:g:I-kAAeSwrmRqQnO-,https://i.ebayimg.com/images/g/I-kAAeSwrmRqQnO-/s-l225.jpg
高价,+208%,389.94,80,56.0,CLA'd【Top MINT /Grip】 Pentax 6x7 67 Mirror Up TTL Camera T 105mm f2.4 Lens JAPAN,pentax 67,Pentax,Film Cameras,Used,1199.99,USD,FIXED_PRICE,grail:6x7;good-cond,JP,camera_specialty_store-jpn,100.0,2026-08-21T01:26:11.000Z,,https://www.ebay.com/itm/237020149430?hash=item372f8076b6:g:eGMAAeSwaGNqh6on,https://i.ebayimg.com/images/g/eGMAAeSwaGNqh6on/s-l225.jpg
高价,+233%,389.94,80,56.0,Late Model *MINT LENS* Pentax 67 Eye Level Finder Mirror Up + SMC T 105mm f/2.4,pentax 67,Pentax,Film Cameras,Used,1299.99,USD,FIXED_PRICE,grail:Pentax 67;good-cond,JP,ichi_camera_japan,100.0,2026-08-21T02:24:38.000Z,,https://www.ebay.com/itm/227484851922?hash=item34f7275ed2:g:B5UAAeSw72hqh7W~,https://i.ebayimg.com/images/g/B5UAAeSw72hqh7W~/s-l225.jpg
高价,+47%,999.74,56,56.0,NIKON 35Ti (35/2.8) -EXC- 6637,nikon 35ti,Nikon,Film Cameras,Used,1472.24,USD,FIXED_PRICE,grail:35Ti;good-cond,JP,kitamura_camera,100.0,2026-08-20T15:27:27.000Z,,https://www.ebay.com/itm/820027433551?hash=itembeed71a24f:g:YFgAAeSwFh9qiA60,https://i.ebayimg.com/images/g/YFgAAeSwFh9qiA60/s-l225.jpg
高价,+426%,283.68,80,56.0,NIKON F3 T (Titan) Film SLR body -EXC- 1207,nikon f3,Nikon,Film Cameras,Used,1492.6,USD,FIXED_PRICE,grail:NIKON F3;good-cond,JP,kitamura_camera,100.0,2026-08-21T07:58:09.000Z,,https://www.ebay.com/itm/820030289329?hash=itembeed9d35b1:g:YVcAAeSwpfhqiAsC,https://i.ebayimg.com/images/g/YVcAAeSwpfhqiAsC/s-l225.jpg
高价,+8332%,19.52,80,56.0,Leica M2 35mm Rangefinder Film Camera Body,leica m2,Leica,Film Cameras,Used,1646.0,USD,"FIXED_PRICE,BEST_OFFER",grail:Leica M2,JP,fivestarcamera,99.9,2026-08-21T04:25:02.000Z,,https://www.ebay.com/itm/298605862390?hash=item45864bddf6:g:HekAAeSwM6Bqh9Ma,https://i.ebayimg.com/images/g/HekAAeSwM6Bqh9Ma/s-l225.jpg
高价,+57%,1049.99,80,56.0,NIKON FM3A -Near Mint- 7559,nikon fm3a,Nikon,Film Cameras,Used,1651.82,USD,FIXED_PRICE,grail:FM3A;good-cond,JP,kitamura_camera,100.0,2026-08-21T07:58:09.000Z,,https://www.ebay.com/itm/820030289361?hash=itembeed9d35d1:g:rVkAAeSw94NqiAs6,https://i.ebayimg.com/images/g/rVkAAeSw94NqiAs6/s-l225.jpg
高价,+57%,1049.99,80,56.0,NIKON FM3A -Near Mint- 3185,nikon fm3a,Nikon,Film Cameras,Used,1651.82,USD,FIXED_PRICE,grail:FM3A;good-cond,JP,kitamura_camera,100.0,2026-08-21T07:58:09.000Z,,https://www.ebay.com/itm/820030289386?hash=itembeed9d35ea:g:UqIAAeSwsDVqiAr-,https://i.ebayimg.com/images/g/UqIAAeSwsDVqiAr-/s-l225.jpg
高价,+57%,1049.99,80,56.0,NIKON FM3A -Near Mint- 1676,nikon fm3a,Nikon,Film Cameras,Used,1651.82,USD,FIXED_PRICE,grail:FM3A;good-cond,JP,kitamura_camera,100.0,2026-08-21T07:58:09.000Z,,https://www.ebay.com/itm/820030289407?hash=itembeed9d35ff:g:liIAAeSwVsxqiArP,https://i.ebayimg.com/images/g/liIAAeSwVsxqiArP/s-l225.jpg
高价,+8547%,19.51,80,56.0,Leica M3 DS Double Stroke Rangefinder Film Camera Chrome Body Year 1955 SN749417,leica m3,Leica,Film Cameras,Used,1687.0,USD,FIXED_PRICE,grail:Leica M3,JP,tokyoberry-camera,100.0,2026-08-20T06:57:45.000Z,,https://www.ebay.com/itm/407157850534?hash=item5ecc7fc1a6:g:XzEAAOSwWcBoCKb3,https://i.ebayimg.com/images/g/XzEAAOSwWcBoCKb3/s-l225.jpg
高价,+1472%,108.12,80,56.0,Mamiya RB67 Pro SD [Unused] Medium Format Camera K/L KL 127mm f3.5 L From JAPAN,mamiya rb67,Mamiya,Film Cameras,Used,1699.99,USD,FIXED_PRICE,grail:RB67,JP,kaho_camera,100.0,2026-08-21T02:45:28.000Z,,https://www.ebay.com/itm/188824917490?hash=item2bf6d795f2:g:iNQAAeSwXRhqgOcr,https://i.ebayimg.com/images/g/iNQAAeSwXRhqgOcr/s-l225.jpg
高价,+362%,389.94,80,56.0,All Late [Top MINT Grip Hood] Pentax 67 TTL Film Camera P 105mm f2.4 Lens JAPAN,pentax 67,Pentax,Film Cameras,Used,1799.99,USD,FIXED_PRICE,grail:Pentax 67;good-cond,JP,toyo_camera_japan,99.8,2026-08-21T03:27:39.000Z,,https://www.ebay.com/itm/377437408115?hash=item57e105cb73:g:t44AAeSwFfJqh8ba,https://i.ebayimg.com/images/g/t44AAeSwFfJqh8ba/s-l225.jpg
高价,+562%,284.94,80,56.0,CONTAX T2 Titanium Black 35mm Point & Shoot Film Camera,contax t2,Contax,Film Cameras,Very Good - Refurbished,1887.0,USD,"FIXED_PRICE,BEST_OFFER",grail:CONTAX T2,JP,fivestarcamera,99.9,2026-08-20T05:32:15.000Z,,https://www.ebay.com/itm/298603251745?hash=item4586240821:g:6QQAAeSwjhxqhpFc,https://i.ebayimg.com/images/g/6QQAAeSwjhxqhpFc/s-l225.jpg
高价,+598%,284.94,80,56.0,Contax T2 Titanium Gold 35mm Compact Film Camera Carl Zeiss Lens Used from Japan,contax t2,Contax,Film Cameras,Used,1989.0,USD,FIXED_PRICE,grail:Contax T2,JP,jpn.store,99.3,2026-08-20T04:28:40.000Z,,https://www.ebay.com/itm/407157628546?hash=item5ecc7c5e82:g:e28AAeSwSGdqhoJo,https://i.ebayimg.com/images/g/e28AAeSwSGdqhoJo/s-l225.jpg
高价,+1718%,110.02,80,56.0,[UNUSED in Box] Mamiya RB67 Pro SD K/L KL 127mm F/3.5 L 120 SD Lens From JAPAN,mamiya rb67,Mamiya,Film Cameras,Used,1999.99,USD,FIXED_PRICE,grail:RB67,JP,japan-wristwatch-camera,100.0,2026-08-20T06:32:44.000Z,,https://www.ebay.com/itm/227483546236?hash=item34f713727c:g:BysAAeSw6j5pZHcQ,https://i.ebayimg.com/images/g/BysAAeSw6j5pZHcQ/s-l225.jpg
高价,+464%,389.94,80,56.0,[Near MINT+++] PENTAX 67 II AE Finder Medium Format Film Camera Body From JAPAN,pentax 67,Pentax,Film Cameras,Used,2199.99,USD,"FIXED_PRICE,BEST_OFFER",grail:PENTAX 67;good-cond,JP,hisagi.camera.marketjp,100.0,2026-08-21T06:26:25.000Z,,https://www.ebay.com/itm/377437765067?hash=item57e10b3dcb:g:BG0AAeSwUxNqhrIq,https://i.ebayimg.com/images/g/BG0AAeSwUxNqhrIq/s-l225.jpg
高价,+462%,399.99,80,56.0,[Near MINT+++] PENTAX 67 II AE Finder Medium Format Film Camera Body From JAPAN,pentax 67,Pentax,Film Cameras,Used,2249.99,USD,"FIXED_PRICE,BEST_OFFER",grail:PENTAX 67;good-cond,JP,hisagi.camera.marketjp,100.0,2026-08-20T07:55:21.000Z,,https://www.ebay.com/itm/377434699659?hash=item57e0dc778b:g:BG0AAeSwUxNqhrIq,https://i.ebayimg.com/images/g/BG0AAeSwUxNqhrIq/s-l225.jpg
高价,+361%,499.5,80,56.0,[Unused w/ Box] Contax T2 Titan Silver 35mm Point & Shoot Film Camera From JAPAN,contax t2,Contax,Film Cameras,Used,2299.99,USD,FIXED_PRICE,grail:Contax T2,JP,toyo_camera_japan,99.8,2026-08-21T03:32:13.000Z,,https://www.ebay.com/itm/377437426421?hash=item57e10612f5:g:taUAAeSwSUlqh8fr,https://i.ebayimg.com/images/g/taUAAeSwSUlqh8fr/s-l225.jpg
高价,+4297%,55.0,80,56.0,NIKON F2 Titanium Body (with Titan name plate) -Near Mint- 5183,nikon f2,Nikon,Film Cameras,Used,2418.3,USD,FIXED_PRICE,grail:NIKON F2;good-cond,JP,kitamura_camera,100.0,2026-08-21T07:58:09.000Z,,https://www.ebay.com/itm/820030289376?hash=itembeed9d35e0:g:RbAAAeSwVf1qiAq6,https://i.ebayimg.com/images/g/RbAAAeSwVf1qiAq6/s-l225.jpg
高价,+399%,499.5,80,56.0,All Works [Unused] Contax T2 Gold 60th Yaer Anniversary Film Camera From JAPAN,contax t2,Contax,Film Cameras,Used,2489.99,USD,FIXED_PRICE,grail:Contax T2,JP,massa-4656,100.0,2026-08-20T14:06:16.000Z,,https://www.ebay.com/itm/377435657093?hash=item57e0eb1385:g:ozQAAeSwEU1qhwqT,https://i.ebayimg.com/images/g/ozQAAeSwEU1qhwqT/s-l225.jpg
高价,+176%,1266.58,80,56.0,Leica Summicron-M 35mm f2 7 Element Rangefinder Camera Lenses Tested [Near Mint],leica summicron 35mm f2,Leica,Lenses,Used,3500.0,USD,"FIXED_PRICE,BEST_OFFER",grail:Summicron;good-cond,JP,re-camera,99.8,2026-08-20T14:41:31.000Z,,https://www.ebay.com/itm/327319416077?hash=item4c35c1ed0d:g:vqIAAeSwaclqhxWA,https://i.ebayimg.com/images/g/vqIAAeSwaclqhxWA/s-l225.jpg
高价,+19251%,19.52,80,56.0,Good LEICA M3 Rangefinder Film Camera Body from Japan,leica m3,Leica,Film Cameras,Used,3777.3,USD,FIXED_PRICE,grail:LEICA M3,JP,samuraipicksjapan,100.0,2026-08-21T08:51:07.000Z,,https://www.ebay.com/itm/178429393952?hash=item298b387c20:g:jqsAAeSwvFJqiBJv,https://i.ebayimg.com/images/g/jqsAAeSwvFJqiBJv/s-l225.jpg
高价,+153%,1500.0,80,56.0,Leica SUMMILUX-M 50mm F1.4 ASPH 6bit Black Rangefinder Lenses Tested [Near Mint],leica summilux 50mm f1.4,Leica,Lenses,Used,3800.0,USD,"FIXED_PRICE,BEST_OFFER",grail:SUMMILUX;good-cond,JP,re-camera,99.8,2026-08-20T14:41:30.000Z,,https://www.ebay.com/itm/327319416073?hash=item4c35c1ed09:g:bGgAAeSwbLhqhxXU,https://i.ebayimg.com/images/g/bGgAAeSwbLhqhxXU/s-l225.jpg
高价,+295%,1266.58,80,56.0,[Mint Hood] Leica Summicron 35mm f2 ASPH E39 for Leica L Mount from japan,leica summicron 35mm f2,Leica,Lenses,Used,4999.9,USD,FIXED_PRICE,grail:Summicron;good-cond,JP,masakeithi,100.0,2026-08-20T06:27:29.000Z,,https://www.ebay.com/itm/178425622790?hash=item298afef106:g:~EEAAeSwva1qhp8P,https://i.ebayimg.com/images/g/~EEAAeSwva1qhp8P/s-l225.jpg
高价,+1329%,419.87,80,56.0,Leica APO-SUMMICRON-M 50mm f/2 ASPH 11141 Rangefinder Lenses Tested [Near Mint],leica summicron 50mm f2,Leica,Lenses,Used,6000.0,USD,"FIXED_PRICE,BEST_OFFER",grail:SUMMICRON;good-cond,JP,re-camera,99.8,2026-08-20T14:41:30.000Z,,https://www.ebay.com/itm/327319416072?hash=item4c35c1ed08:g:jRYAAeSw131qhxW8,https://i.ebayimg.com/images/g/jRYAAeSw131qhxW8/s-l225.jpg
高价,+1329%,419.87,80,56.0,Leica APO-SUMMICRON-M 50mm f/2 ASPH Rangefinder Camera Lenses Tested [Near Mint],leica summicron 50mm f2,Leica,Lenses,Used,6000.0,USD,"FIXED_PRICE,BEST_OFFER",grail:SUMMICRON;good-cond,JP,re-camera,99.8,2026-08-20T14:41:30.000Z,,https://www.ebay.com/itm/336752750266?hash=item4e68072eba:g:L6gAAeSw-dlqhxU9,https://i.ebayimg.com/images/g/L6gAAeSw-dlqhxU9/s-l225.jpg
无基准,,,,55.0,Zeiss Ikon 400/16 Eyelevel Prism Finder for Ikoflex IIa TLR Camera NEAR MINT V23,zeiss ikon 400/16,Zeiss,Vintage Cameras,,0.0,USD,"AUCTION,BEST_OFFER",good-cond;auction,US,thefamilypickers,100.0,2026-08-20T21:06:22.000Z,2026-08-30T21:06:22.000Z,https://www.ebay.com/itm/117370476696?hash=item1b53d35898:g:8A0AAeSwNuRqh2sX,https://i.ebayimg.com/images/g/8A0AAeSwNuRqh2sX/s-l225.jpg
无基准,,,,55.0,[ MINT w/Strap ] Nikon F-601 QD Quartz Date AF 35mm Film Camera Body Japan,nikon f-601,Nikon,Film Cameras,Used,39.99,USD,FIXED_PRICE,mount:nikon f;good-cond,JP,toshi-japan-camera,100.0,2026-08-21T04:54:27.000Z,,https://www.ebay.com/itm/377437585552?hash=item57e1088090:g:ZQgAAeSwrBNqXrNq,https://i.ebayimg.com/images/g/ZQgAAeSwrBNqXrNq/s-l225.jpg
无基准,,,,55.0,[Exc+5] Fuji Zoom Cardia 800 Date 35mm AF Compact Film Camera JAPAN #371,fuji 800,Fuji,Film Cameras,Used,49.0,USD,"FIXED_PRICE,BEST_OFFER",good-cond,JP,blueprint_3,100.0,2026-08-21T06:21:33.000Z,,https://www.ebay.com/itm/407160227109?hash=item5ecca40525:g:CdwAAeSwNTtppS7w,https://i.ebayimg.com/images/g/CdwAAeSwNTtppS7w/s-l225.jpg
无基准,,,,55.0,🎦 【MINT/Case/Box】Fuji Tele Cardia Super Date Point & Shoot Film Camera JAPAN,fuji tele cardia,Fuji,Film Cameras,Used,49.99,USD,"FIXED_PRICE,BEST_OFFER",good-cond,JP,camera.fumio.japan,100.0,2026-08-21T06:54:14.000Z,,https://www.ebay.com/itm/398310474696?hash=item5cbd2783c8:g:A4QAAeSwzp1p7eYM,https://i.ebayimg.com/images/g/A4QAAeSwzp1p7eYM/s-l225.jpg
无基准,,,,55.0,[Near MINT] Olympus AF-1 TWIN QuartzDate 35mm Point&Shoot Film CameraFrom JAPAN,olympus af-1,Olympus,Film Cameras,Used,59.99,USD,FIXED_PRICE,good-cond,JP,aga-8114,100.0,2026-08-20T14:41:47.000Z,,https://www.ebay.com/itm/237019166470?hash=item372f717706:g:QkYAAeSw6o5qhxYr,https://i.ebayimg.com/images/g/QkYAAeSw6o5qhxYr/s-l225.jpg
无基准,,,,55.0,Red Flag OK [NEAR MINT] Olympus Pen EE-3 Half Film Camera From JAPAN 2868461,olympus ee-3,Olympus,Film Cameras,Used,69.0,USD,FIXED_PRICE,good-cond,JP,praise-the-80,100.0,2026-08-21T04:18:58.000Z,,https://www.ebay.com/itm/800543381481?hash=itemba641a97e9:g:51sAAeSwwelp~fIm,https://i.ebayimg.com/images/g/51sAAeSwwelp~fIm/s-l225.jpg
无基准,,,,55.0,Tested! [Almost MINT] MINOLTA P's PS Point & Shoot Navy 35mm Film Camera JAPAN,minolta 35mm,Minolta,Film Cameras,Used,69.9,USD,FIXED_PRICE,good-cond,JP,tokyosnapshot,99.7,2026-08-21T06:02:59.000Z,,https://www.ebay.com/itm/128037450150?hash=item1dcfa071a6:g:AEcAAeSwpEtqh-7W,https://i.ebayimg.com/images/g/AEcAAeSwpEtqh-7W/s-l225.jpg
无基准,,,,55.0,[Near MINT] Ricoh FF-3 AF RIKENON 35mm f3.2 P&S 35mm Film Camera From JAPAN,ricoh ff-3,Ricoh,Film Cameras,Used,69.99,USD,FIXED_PRICE,good-cond,JP,detsuko-camerashop-jpn,100.0,2026-08-21T09:34:35.000Z,,https://www.ebay.com/itm/398310942982?hash=item5cbd2ea906:g:I5sAAeSwijdqiBr9,https://i.ebayimg.com/images/g/I5sAAeSwijdqiBr9/s-l225.jpg
无基准,,,,55.0,[Near Mint-] Olympus Pen EE-3 35mm Half Frame Film Camera From Japan #89964,olympus ee-3,Olympus,Film Cameras,Used,69.99,USD,FIXED_PRICE,good-cond,JP,sizukustore,100.0,2026-08-21T02:14:16.000Z,,https://www.ebay.com/itm/206507361643?hash=item3014cc456b:g:28AAAeSw72hqh7Hk,https://i.ebayimg.com/images/g/28AAAeSw72hqh7Hk/s-l225.jpg
无基准,,,,55.0,Move [ NEAR MINT] Pentax Espio AF Zoom 35-70mm Full Macro 35mm Film Camera JAPAN,pentax espio full,Pentax,Film Cameras,Used,69.99,USD,"FIXED_PRICE,BEST_OFFER",good-cond,JP,wazze_camera.jpn,100.0,2026-08-20T14:06:09.000Z,,https://www.ebay.com/itm/820027168426?hash=itembeed6d96aa:g:SBMAAeSwvxZptmcZ,https://i.ebayimg.com/images/g/SBMAAeSwvxZptmcZ/s-l225.jpg
无基准,,,,55.0,Minolta Hi-Matic G 35mm Vintage Film Camera + Original Leather Case Strap Japan,minolta hi-matic,Minolta,Vintage Cameras,Used,73.44,USD,"FIXED_PRICE,BEST_OFFER",grail:Hi-Matic,AU,lostpropertyarchive,100.0,2026-08-20T09:29:23.000Z,,https://www.ebay.com/itm/117369519447?hash=item1b53c4bd57:g:qiYAAeSwnsNqhsfs,https://i.ebayimg.com/images/g/qiYAAeSwnsNqhsfs/s-l225.jpg
无基准,,,,55.0,Konica MG/D MG D 35mm Film Camera [Near MINT] Hexanon 35mm f/3.5 From JAPAN,konica mg/d,Konica,Film Cameras,Used,75.99,USD,FIXED_PRICE,good-cond,JP,zero0s1-camera-hub-japan,100.0,2026-08-21T02:21:03.000Z,,https://www.ebay.com/itm/820029331712?hash=itembeed8e9900:g:6GUAAeSw6QhqX~-N,https://i.ebayimg.com/images/g/6GUAAeSw6QhqX~-N/s-l225.jpg
无基准,,,,55.0,[MINT] Konica Tomato Auto Date Red f/4 Point & Shoot 35mm Film Camera From JAPAN,konica tomato date,Konica,Film Cameras,Used,75.99,USD,"FIXED_PRICE,BEST_OFFER",good-cond,JP,asami-camerashop-japan,100.0,2026-08-21T02:06:08.000Z,,https://www.ebay.com/itm/800542845228?hash=itemba6412692c:g:kLEAAeSwtR9pm-hQ,https://i.ebayimg.com/images/g/kLEAAeSwtR9pm-hQ/s-l225.jpg
无基准,,,,55.0,[NEAR MINT] Olympus AF-10 twin QD Quartzdate 35mm Film JAPAN #SALE #A038,olympus af-10,Olympus,Film Cameras,Used,78.81,USD,"FIXED_PRICE,BEST_OFFER",good-cond,JP,japan_lens_market,100.0,2026-08-21T09:04:08.000Z,,https://www.ebay.com/itm/137646395170?hash=item200c5d4f22:g:I2AAAeSwVYVpjryQ,https://i.ebayimg.com/images/g/I2AAAeSwVYVpjryQ/s-l225.jpg
无基准,,,,55.0,[ MINT ] MINOLTA Capios 25 MACRO Point & Shoot 35mm Film Camera FromJAPAN,minolta 25,Minolta,Film Cameras,Used,78.99,USD,"FIXED_PRICE,BEST_OFFER",good-cond,JP,maco0_18,100.0,2026-08-20T13:25:21.000Z,,https://www.ebay.com/itm/800540059498?hash=itemba63e7e76a:g:EekAAeSwxcJqS1lI,https://i.ebayimg.com/images/g/EekAAeSwxcJqS1lI/s-l225.jpg
无基准,,,,55.0,[Near MINT]RICOH Auto Half SE 25㎜ f/2.8 Half 35㎜ Frame Camera From JAPAN 2868465,ricoh 25,Ricoh,Film Cameras,Used,79.0,USD,FIXED_PRICE,good-cond,JP,praise-the-80,100.0,2026-08-21T04:19:48.000Z,,https://www.ebay.com/itm/800543383050?hash=itemba641a9e0a:g:BJQAAeSwNF5p~qeM,https://i.ebayimg.com/images/g/BJQAAeSwNF5p~qeM/s-l225.jpg
无基准,,,,55.0,Nikon Nikomat FTN Black 35mm Film SLR Camera Body Japan [Exc+3],nikon nikomat ftn,Nikon,Film Cameras,Used,79.0,USD,FIXED_PRICE,good-cond,JP,aa2com,100.0,2026-08-21T03:13:06.000Z,,https://www.ebay.com/itm/237020341735?hash=item372f8365e7:g:jpkAAeSw1qNqh4Wf,https://i.ebayimg.com/images/g/jpkAAeSw1qNqh4Wf/s-l225.jpg
无基准,,,,55.0,[Near MINT] Pentax Espio 140 Compact Film Camera 35mm Point & Shoot From JAPAN,pentax 140,Pentax,Film Cameras,Used,79.99,USD,FIXED_PRICE,good-cond,JP,sevenzee_7g,100.0,2026-08-21T12:02:35.000Z,,https://www.ebay.com/itm/800545069234?hash=itemba643458b2:g:SxQAAeSwzf9qiD6k,https://i.ebayimg.com/images/g/SxQAAeSwzf9qiD6k/s-l225.jpg
无基准,,,,55.0,[MINT W/Cap] Canon A35 Datelux 40mm F/2.8 Rangefinder Camera From JAPAN,canon a35,Canon,Film Cameras,Used,79.99,USD,"FIXED_PRICE,BEST_OFFER",good-cond,JP,camera.fumio.japan,100.0,2026-08-21T06:48:45.000Z,,https://www.ebay.com/itm/398310444691?hash=item5cbd270e93:g:JhUAAeSw1INqh~Do,https://i.ebayimg.com/images/g/JhUAAeSw1INqh~Do/s-l225.jpg
无基准,,,,55.0,Red Flag OK!!【NEAR MINT】OLYMPUS PEN EE-3 Half Frame Film Camera From JAPAN,olympus ee-3,Olympus,Film Cameras,Used,79.99,USD,"FIXED_PRICE,BEST_OFFER",good-cond,JP,kazu-japan-camera,100.0,2026-08-21T03:52:39.000Z,,https://www.ebay.com/itm/287537499708?hash=item42f2920e3c:g:a9UAAeSw4JZpu3Nj,https://i.ebayimg.com/images/g/a9UAAeSw4JZpu3Nj/s-l225.jpg
无基准,,,,55.0,[Top MINT] PENTAX ESPIO 105 Mi Point & Shoot Film Camera 38-105mm Zoom From JP,pentax 105,Pentax,Film Cameras,Used,79.99,USD,FIXED_PRICE,good-cond,JP,kimu_1572,100.0,2026-08-21T03:06:55.000Z,,https://www.ebay.com/itm/137645566237?hash=item200c50a91d:g:otEAAeSwSytqh8IB,https://i.ebayimg.com/images/g/otEAAeSwSytqh8IB/s-l225.jpg
无基准,,,,55.0,[Near MINT] Canon Autoboy A Panorama 35mm Point & Shoot Film Camera From JAPAN,canon autoboy panorama,Canon,Film Cameras,Used,79.99,USD,"FIXED_PRICE,BEST_OFFER",good-cond,JP,sakura-zen-japan,100.0,2026-08-21T01:02:00.000Z,,https://www.ebay.com/itm/407159806619?hash=item5ecc9d9a9b:g:fHAAAeSwhDJqh6PH,https://i.ebayimg.com/images/g/fHAAAeSwhDJqh6PH/s-l225.jpg
无基准,,,,55.0,【EXC】 YASHICA Yashicaflex COPAL 80mm F3.5 FromJapan #yk10033,yashica yashicaflex copal,Yashica,Film Cameras,Used,80.46,USD,FIXED_PRICE,good-cond,JP,somtom_9,99.3,2026-08-21T08:55:39.000Z,,https://www.ebay.com/itm/188826206169?hash=item2bf6eb3fd9:g:4YYAAeSwD~1qiBND,https://i.ebayimg.com/images/g/4YYAAeSwD~1qiBND/s-l225.jpg
无基准,,,,55.0,【EXC】 Nikon AF F-501 FromJapan #my1351,nikon f-501,Nikon,Film Cameras,Used,80.46,USD,FIXED_PRICE,good-cond,JP,somtom_9,99.3,2026-08-21T08:55:03.000Z,,https://www.ebay.com/itm/188826205476?hash=item2bf6eb3d24:g:nUkAAeSwTclqiBNl,https://i.ebayimg.com/images/g/nUkAAeSwTclqiBNl/s-l225.jpg
无基准,,,,55.0,【EXC】 PENTAX Z-5P BodyCap FromJapan #my1348,pentax z-5p,Pentax,Film Cameras,Used,80.46,USD,FIXED_PRICE,good-cond,JP,somtom_9,99.3,2026-08-21T08:54:56.000Z,,https://www.ebay.com/itm/188826205369?hash=item2bf6eb3cb9:g:rwIAAeSwsDVqiBMd,https://i.ebayimg.com/images/g/rwIAAeSwsDVqiBMd/s-l225.jpg
无基准,,,,55.0,【EXC】 Canon EOS 55 EYE CONTROL FromJapan #my1333,canon 55,Canon,Film Cameras,Used,80.46,USD,FIXED_PRICE,good-cond,JP,somtom_9,99.3,2026-08-21T08:54:27.000Z,,https://www.ebay.com/itm/188826204845?hash=item2bf6eb3aad:g:v4IAAeSwLcVqiBNy,https://i.ebayimg.com/images/g/v4IAAeSwLcVqiBNy/s-l225.jpg
无基准,,,,55.0,【EXC】 PENTAX Z-20 FromJapan #my1324,pentax z-20,Pentax,Film Cameras,Used,80.46,USD,FIXED_PRICE,good-cond,JP,somtom_9,99.3,2026-08-21T08:54:08.000Z,,https://www.ebay.com/itm/188826204462?hash=item2bf6eb392e:g:nUUAAeSw5RdqiBMm,https://i.ebayimg.com/images/g/nUUAAeSw5RdqiBMm/s-l225.jpg
无基准,,,,55.0,【EXC】 Canon EOS 300 V FromJapan #my1323,canon 300,Canon,Film Cameras,Used,80.46,USD,FIXED_PRICE,good-cond,JP,somtom_9,99.3,2026-08-21T08:54:07.000Z,,https://www.ebay.com/itm/188826204430?hash=item2bf6eb390e:g:lokAAeSw04tqiBJx,https://i.ebayimg.com/images/g/lokAAeSw04tqiBJx/s-l225.jpg
无基准,,,,55.0,【EXC】 Canon EOS Kiss III FromJapan #my1320,canon my1320,Canon,Film Cameras,Used,80.46,USD,FIXED_PRICE,good-cond,JP,somtom_9,99.3,2026-08-21T08:54:00.000Z,,https://www.ebay.com/itm/188826204296?hash=item2bf6eb3888:g:9uQAAeSwxTFqiBJr,https://i.ebayimg.com/images/g/9uQAAeSwxTFqiBJr/s-l225.jpg
无基准,,,,55.0,【EXC】 Nikon AF F-801 AA battery powered FromJapan #my1318,nikon f-801,Nikon,Film Cameras,Used,80.46,USD,FIXED_PRICE,good-cond,JP,somtom_9,99.3,2026-08-21T08:53:57.000Z,,https://www.ebay.com/itm/188826204222?hash=item2bf6eb383e:g:93gAAeSw0yNqiBNT,https://i.ebayimg.com/images/g/93gAAeSw0yNqiBNT/s-l225.jpg
无基准,,,,55.0,【EXC】 RICOH FF-3D AF SUPER 35mm F3.2 AA battery powered FromJapan #my1314,ricoh ff-3d,Ricoh,Film Cameras,Used,80.46,USD,FIXED_PRICE,good-cond,JP,somtom_9,99.3,2026-08-21T08:53:48.000Z,,https://www.ebay.com/itm/188826204067?hash=item2bf6eb37a3:g:vukAAeSwALdqiBLc,https://i.ebayimg.com/images/g/vukAAeSwALdqiBLc/s-l225.jpg
无基准,,,,55.0,【EXC】 Olympus ULTRA COMPACT ZOOM105 38-105mm FromJapan #my1313,olympus zoom105,Olympus,Film Cameras,Used,80.46,USD,FIXED_PRICE,good-cond,JP,somtom_9,99.3,2026-08-21T08:53:45.000Z,,https://www.ebay.com/itm/188826204027?hash=item2bf6eb377b:g:6NEAAeSw1INqiBKV,https://i.ebayimg.com/images/g/6NEAAeSw1INqiBKV/s-l225.jpg
无基准,,,,55.0,*Near Mint ++* Fuji Zoom Cardia 700 DATE Point & Shoot Film Camera 35-70mm Lens,fuji 700,Fuji,Film Cameras,Used,81.11,USD,FIXED_PRICE,good-cond,JP,dub0804-55,100.0,2026-08-21T11:34:44.000Z,,https://www.ebay.com/itm/366620397057?hash=item555c474e01:g:eooAAeSwwlRqPQ~1,https://i.ebayimg.com/images/g/eooAAeSwwlRqPQ~1/s-l225.jpg
无基准,,,,55.0,[N-MINT/Tested] Canon Autoboy AiAF 38-60mm f3.8-5.6 Zoom 35mm film Camera JAPAN,canon autoboy aiaf,Canon,Film Cameras,Used,81.99,USD,FIXED_PRICE,good-cond,JP,kurmas-12,100.0,2026-08-21T06:43:21.000Z,,https://www.ebay.com/itm/336753880462?hash=item4e68186d8e:g:RMwAAeSwhINqX4Oe,https://i.ebayimg.com/images/g/RMwAAeSwhINqX4Oe/s-l225.jpg
无基准,,,,55.0,Canon Autoboy 155 Point & Shoot Compact Film Camera From JAPAN Video [N. Mint],canon 155,Canon,Film Cameras,Used,81.99,USD,"FIXED_PRICE,BEST_OFFER",good-cond,JP,maco0_18,100.0,2026-08-20T13:25:28.000Z,,https://www.ebay.com/itm/800540060219?hash=itemba63e7ea3b:g:MBoAAeSwGqVqN3Y6,https://i.ebayimg.com/images/g/MBoAAeSwGqVqN3Y6/s-l225.jpg
无基准,,,,55.0,【EXC】 Konica C35 38mm F2.8 FromJapan #my1308,konica c35,Konica,Film Cameras,Used,83.94,USD,FIXED_PRICE,good-cond,JP,somtom_9,99.3,2026-08-21T08:53:36.000Z,,https://www.ebay.com/itm/188826203871?hash=item2bf6eb36df:g:vGwAAeSwtFxqiBMI,https://i.ebayimg.com/images/g/vGwAAeSwtFxqiBMI/s-l225.jpg
无基准,,,,55.0,Red Flag OK 【 N MINT 】 Olympus Pen EES-2 35mm Half Frame Film Camera From JAPAN,olympus ees-2,Olympus,Film Cameras,Used,84.99,USD,FIXED_PRICE,good-cond,JP,ykond91-camera-japan,100.0,2026-08-21T08:04:26.000Z,,https://www.ebay.com/itm/800544177169?hash=itemba6426bc11:g:YE4AAeSwxChqFryY,https://i.ebayimg.com/images/g/YE4AAeSwxChqFryY/s-l225.jpg
无基准,,,,55.0,Red Flag Works ![Near MINT] Olympus PEN EE-2 Half Frame Film Camera From Japan,olympus ee-2,Olympus,Film Cameras,Used,84.99,USD,FIXED_PRICE,good-cond,JP,rytag50,100.0,2026-08-20T21:54:54.000Z,,https://www.ebay.com/itm/377436733784?hash=item57e0fb8158:g:hyAAAeSwTIBpb2Ds,https://i.ebayimg.com/images/g/hyAAAeSwTIBpb2Ds/s-l225.jpg
无基准,,,,55.0,[MINT] Pentax Espio P IQZoom 35-70mm Point & Shoot 35mm Film Camera From JAPAN,pentax espio iqzoom,Pentax,Film Cameras,Used,84.99,USD,FIXED_PRICE,good-cond,JP,daishu_0,100.0,2026-08-20T13:55:23.000Z,,https://www.ebay.com/itm/137643359573?hash=item200c2efd55:g:dCYAAeSwieZqhwh8,https://i.ebayimg.com/images/g/dCYAAeSwieZqhwh8/s-l225.jpg
无基准,,,,55.0,[Exc+5] Canon EOS 5 QD 35mm SLR Film Camera Body Canon EOS5 From JAPAN,canon 5,Canon,Film Cameras,Used,84.99,USD,FIXED_PRICE,good-cond,JP,daishu_0,100.0,2026-08-20T13:53:53.000Z,,https://www.ebay.com/itm/137643358103?hash=item200c2ef797:g:d9kAAeSwM6Bqhwc0,https://i.ebayimg.com/images/g/d9kAAeSwM6Bqhwc0/s-l225.jpg
无基准,,,,55.0,[Exc+5] Konica EFJ Auto Date Black 35mm Point & Shoot Camera Tested JAPAN,konica efj date,Konica,Film Cameras,Used,85.99,USD,"FIXED_PRICE,BEST_OFFER",good-cond,JP,tokyo-county,100.0,2026-08-21T07:41:22.000Z,,https://www.ebay.com/itm/137646190747?hash=item200c5a309b:g:vFIAAeSwhPJqiADZ,https://i.ebayimg.com/images/g/vFIAAeSwhPJqiADZ/s-l225.jpg
无基准,,,,55.0,Olympus AF-1 TWIN Quartz Date QD 35mm Film Camera [Near Mint] From Japan sam6392,olympus af-1,Olympus,Film Cameras,Used,87.99,USD,FIXED_PRICE,good-cond,JP,mochiz8,99.5,2026-08-21T06:59:58.000Z,,https://www.ebay.com/itm/198586028254?hash=item2e3ca650de:g:dggAAeSwpLBqh~df,https://i.ebayimg.com/images/g/dggAAeSwpLBqh~df/s-l225.jpg
无基准,,,,55.0,【Near MINT TESTED】 Olympus AF-10 Twin Quartzdate 35mm 70mm Film Camera Japan,olympus af-10,Olympus,Film Cameras,Used,88.88,USD,FIXED_PRICE,good-cond,JP,manpuku_papa,100.0,2026-08-21T02:54:57.000Z,,https://www.ebay.com/itm/820029477250?hash=itembeed90d182:g:f48AAeSwtFxqh78x,https://i.ebayimg.com/images/g/f48AAeSwtFxqh78x/s-l225.jpg
无基准,,,,55.0,【EXC】 Canon EOS RT FromJapan #my1330,canon my1330,Canon,Film Cameras,Used,89.15,USD,FIXED_PRICE,good-cond,JP,somtom_9,99.3,2026-08-21T08:54:21.000Z,,https://www.ebay.com/itm/188826204729?hash=item2bf6eb3a39:g:vGYAAeSwijdqiBL1,https://i.ebayimg.com/images/g/vGYAAeSwijdqiBL1/s-l225.jpg
无基准,,,,55.0,【EXC】 Canon EOS RT FromJapan #my1326,canon my1326,Canon,Film Cameras,Used,89.15,USD,FIXED_PRICE,good-cond,JP,somtom_9,99.3,2026-08-21T08:54:13.000Z,,https://www.ebay.com/itm/188826204546?hash=item2bf6eb3982:g:Qx0AAeSwGEZqiBNl,https://i.ebayimg.com/images/g/Qx0AAeSwGEZqiBNl/s-l225.jpg
无基准,,,,55.0,[N MINT] Olympus μ Zoom Panorama Black Point & Shoot Film Camera From JAPAN,olympus panorama,Olympus,Film Cameras,Used,89.99,USD,"FIXED_PRICE,BEST_OFFER",good-cond,JP,camera.fumio.japan,100.0,2026-08-21T06:53:10.000Z,,https://www.ebay.com/itm/398310473368?hash=item5cbd277e98:g:qwwAAeSwgAxp7zuv,https://i.ebayimg.com/images/g/qwwAAeSwgAxp7zuv/s-l225.jpg
无基准,,,,55.0,Red Flag Works【Mint-】Olympus Pen EE-3 35mm Half Frame Film Camera From Japan,olympus ee-3,Olympus,Film Cameras,Used,89.99,USD,FIXED_PRICE,good-cond,JP,camera-shop-kiku,100.0,2026-08-21T02:55:26.000Z,,https://www.ebay.com/itm/147518854882?hash=item2258cf16e2:g:UUgAAeSw9OVqh7pz,https://i.ebayimg.com/images/g/UUgAAeSw9OVqh7pz/s-l225.jpg
无基准,,,,55.0,Red Flag OK [Near MINT] Olympus Trip 35 Point & Shoot 35mm Film Camera JAPAN,olympus trip,Olympus,Film Cameras,Used,89.99,USD,FIXED_PRICE,good-cond,JP,chunmar_99,100.0,2026-08-21T02:12:00.000Z,,https://www.ebay.com/itm/227484842537?hash=item34f7273a29:g:3~IAAeSwS9dqh7Rw,https://i.ebayimg.com/images/g/3~IAAeSwS9dqh7Rw/s-l225.jpg
无基准,,,,55.0,[NEAR MINT] Olympus AF-1 QUARTZ DATE Point & Shoot 35mm Film Camera From JAPAN,olympus af-1,Olympus,Film Cameras,Used,89.99,USD,FIXED_PRICE,good-cond,JP,sevenseascamera_japan,100.0,2026-08-20T15:52:28.000Z,,https://www.ebay.com/itm/128036496785?hash=item1dcf91e591:g:rlEAAeSwx71qaivR,https://i.ebayimg.com/images/g/rlEAAeSwx71qaivR/s-l225.jpg
无基准,,,,55.0,[NEAR MINT] Canon Autoboy 2 AF35M II Quartz Date QD 35mm Film Camera from JAPAN,canon 2,Canon,Film Cameras,Used,89.99,USD,"FIXED_PRICE,BEST_OFFER",good-cond,JP,shiga-camera-shop.s-japan,100.0,2026-08-20T14:54:15.000Z,,https://www.ebay.com/itm/377435764346?hash=item57e0ecb67a:g:eNIAAeSw7SlqhxQ9,https://i.ebayimg.com/images/g/eNIAAeSw7SlqhxQ9/s-l225.jpg
无基准,,,,55.0,【EXC】 Nikon AF F-801 FromJapan #my1341,nikon f-801,Nikon,Film Cameras,Used,93.5,USD,FIXED_PRICE,good-cond,JP,somtom_9,99.3,2026-08-21T08:54:42.000Z,,https://www.ebay.com/itm/188826205125?hash=item2bf6eb3bc5:g:~FgAAeSwcXFqiBOC,https://i.ebayimg.com/images/g/~FgAAeSwcXFqiBOC/s-l225.jpg
无基准,,,,55.0,[Near MINT w/case] PENTAX Espio 115G Point & Shoot 35mm Film Camera From JAPAN,pentax 115g,Pentax,Film Cameras,Used,94.0,USD,FIXED_PRICE,good-cond,JP,vintage_camera_japan_10,99.4,2026-08-21T06:04:10.000Z,,https://www.ebay.com/itm/128037450722?hash=item1dcfa073e2:g:4QIAAeSwEphqh-lU,https://i.ebayimg.com/images/g/4QIAAeSwEphqh-lU/s-l225.jpg
无基准,,,,55.0,Red Flag OK! [NEAR MINT] OLYMPUS PEN EE-2 EE2 Half Frame 35mm Film Camera JAPAN,olympus ee-2,Olympus,Film Cameras,Used,94.99,USD,FIXED_PRICE,good-cond,JP,nico_camera.japan,100.0,2026-08-20T21:48:16.000Z,,https://www.ebay.com/itm/128036899030?hash=item1dcf9808d6:g:POgAAeSwqXxqfaXN,https://i.ebayimg.com/images/g/POgAAeSwqXxqfaXN/s-l225.jpg
合理,-5%,99.99,80,55.0,Meter Works [ Near MINT ] Canon Demi S Half Frame 35mm Film Camera 30mm F1.7 Red,canon demi half,Canon,Film Cameras,Used,94.99,USD,FIXED_PRICE,good-cond,JP,peke-japan,100.0,2026-08-20T19:46:00.000Z,,https://www.ebay.com/itm/287536813752?hash=item42f28796b8:g:u64AAeSwSUNqh1ox,https://i.ebayimg.com/images/g/u64AAeSwSUNqh1ox/s-l225.jpg
无基准,,,,55.0,【EXC】 Konica Genba Kantoku ZOOM LENS 28-56mm FromJapan #my1339,konica my1339,Konica,Film Cameras,Used,98.71,USD,FIXED_PRICE,good-cond,JP,somtom_9,99.3,2026-08-21T08:54:38.000Z,,https://www.ebay.com/itm/188826205041?hash=item2bf6eb3b71:g:tBMAAeSwoxhqiBKR,https://i.ebayimg.com/images/g/tBMAAeSwoxhqiBKR/s-l225.jpg
无基准,,,,55.0,FUJIFILM FOTORAMA SLIM ACE Film Camera body Instant from Japan [Exc+5],fujifilm fotorama slim,Fujifilm,Film Cameras,Used,99.0,USD,FIXED_PRICE,good-cond,JP,aa2com,100.0,2026-08-21T03:45:02.000Z,,https://www.ebay.com/itm/237020414896?hash=item372f8483b0:g:iasAAeSwiCJqh4Rf,https://i.ebayimg.com/images/g/iasAAeSwiCJqh4Rf/s-l225.jpg
合理,+10%,89.99,61,55.0,[N MINT+] Olympus PEN EES-2 GRAY Meter Works Half Frame Film Camera From JAPAN,olympus ees-2,Olympus,Film Cameras,Used,99.0,USD,FIXED_PRICE,good-cond,JP,studio-nk,100.0,2026-08-20T09:19:27.000Z,,https://www.ebay.com/itm/407158093963?hash=item5ecc83788b:g:HKYAAeSw7BNqhsfN,https://i.ebayimg.com/images/g/HKYAAeSw7BNqhsfN/s-l225.jpg
无基准,,,,55.0,[Near Mint] Canon Autoboy 3 Quartz Date QD Point & Shoot 35mm Film Camera Japan,canon 3,Canon,Film Cameras,Used,99.9,USD,"FIXED_PRICE,BEST_OFFER",good-cond,JP,wonder_japan,100.0,2026-08-21T12:11:57.000Z,,https://www.ebay.com/itm/168630597806?hash=item27432ab8ae:g:KtUAAeSwJAVqRFOh,https://i.ebayimg.com/images/g/KtUAAeSwJAVqRFOh/s-l225.jpg
无基准,,,,55.0,[Near MINT] Minolta Capios 160A 35mm Point & Shoot Film Camera From JAPAN,minolta 160a,Minolta,Film Cameras,Used,99.9,USD,FIXED_PRICE,good-cond,JP,ma88_9646,100.0,2026-08-20T14:32:45.000Z,,https://www.ebay.com/itm/178426825457?hash=item298b114af1:g:DnEAAeSwL7NqGhri,https://i.ebayimg.com/images/g/DnEAAeSwL7NqGhri/s-l225.jpg
无基准,,,,55.0,*Exc+5* RICOH FF-3D AF Super Point & Shoot Film Camera Rikenon 35mm F/3.2 /Japan,ricoh ff-3d,Ricoh,Film Cameras,Used,99.99,USD,FIXED_PRICE,good-cond,JP,hitonaga-0,100.0,2026-08-21T11:38:35.000Z,,https://www.ebay.com/itm/407160803278?hash=item5eccaccfce:g:EgIAAeSwhnhpim9n,https://i.ebayimg.com/images/g/EgIAAeSwhnhpim9n/s-l225.jpg
无基准,,,,55.0,Serviced [ Exc+5 ] Ricoh Auto Half S Half Frame Camera 25mm f/2.8 From JAPAN,ricoh half half,Ricoh,Film Cameras,Used,99.99,USD,FIXED_PRICE,good-cond,JP,takep90,100.0,2026-08-21T07:32:06.000Z,,https://www.ebay.com/itm/398310578404?hash=item5cbd2918e4:g:CasAAeSwkAlqiAUT,https://i.ebayimg.com/images/g/CasAAeSwkAlqiAUT/s-l225.jpg
无基准,,,,55.0,N Mint Canon EOS Kiss III L SLR AF Film Camera 28-80mm F3.5-5.6 Lens W/Cap JAPAN,canon eos kiss,Canon,Film Cameras,Used,99.99,USD,"FIXED_PRICE,BEST_OFFER",good-cond,JP,itsuki.japan.camera,100.0,2026-08-21T04:10:13.000Z,,https://www.ebay.com/itm/820029793140?hash=itembeed95a374:g:TscAAeSwHQBqhU2X,https://i.ebayimg.com/images/g/TscAAeSwHQBqhU2X/s-l225.jpg
合理,-5%,105.49,64,55.0,[Near MINT] Yashica Kyocera Samurai X3.0 Red 35mm Half Frame Camera From JAPAN,yashica kyocera samurai,Yashica,Film Cameras,Used,99.99,USD,FIXED_PRICE,good-cond,JP,sakura_japan-camera,100.0,2026-08-20T23:06:23.000Z,,https://www.ebay.com/itm/178427956428?hash=item298b228ccc:g:tssAAeSwJmhqh4kn,https://i.ebayimg.com/images/g/tssAAeSwJmhqh4kn/s-l225.jpg
无基准,,,,55.0,Konica C35 AF Point & Shoot Film Camera 38mm F2.8 FlashOK [Near MINT] JAPAN #416,konica c35,Konica,Film Cameras,Used,99.99,USD,FIXED_PRICE,good-cond,JP,lingenterpr-0,100.0,2026-08-20T14:03:31.000Z,,https://www.ebay.com/itm/178426743429?hash=item298b100a85:g:KJwAAeSw~vdqhwns,https://i.ebayimg.com/images/g/KJwAAeSw~vdqhwns/s-l225.jpg
无基准,,,,55.0,"VINTAGE TLR ROLLEI MAGIC CAMERA W/XENAR 75mm, f3.5 LENS 4 PARTS OR REPAIR.",rollei 4,Rollei,Vintage Cameras,,100.0,USD,"FIXED_PRICE,AUCTION",auction,US,smookman,100.0,2026-08-20T16:00:01.000Z,2026-08-27T16:00:01.000Z,https://www.ebay.com/itm/257689062674?hash=item3bff770d12:g:W9cAAeSwOT5qelCr,https://i.ebayimg.com/images/g/W9cAAeSwOT5qelCr/s-l225.jpg
无基准,,,,55.0,【EXC】 Canon Autoboy 2 38mm F2.8 AA battery powered FromJapan #my1303,canon 2,Canon,Film Cameras,Used,100.9,USD,FIXED_PRICE,good-cond,JP,somtom_9,99.3,2026-08-21T08:53:28.000Z,,https://www.ebay.com/itm/188826203735?hash=item2bf6eb3657:g:pQMAAeSwTtFqiBM6,https://i.ebayimg.com/images/g/pQMAAeSwTtFqiBM6/s-l225.jpg
无基准,,,,55.0,[MINT] Olympus Pen EE-3 Half Frame 28mm f3.5 From JAPAN #237,olympus ee-3,Olympus,Film Cameras,Used,100.99,USD,FIXED_PRICE,good-cond,JP,samurai_opticscam_jp,99.6,2026-08-20T15:42:56.000Z,,https://www.ebay.com/itm/336752833952?hash=item4e680875a0:g:JwcAAeSwvW9qhyPh,https://i.ebayimg.com/images/g/JwcAAeSwvW9qhyPh/s-l225.jpg
合理,-4%,105.49,64,55.0,[Near MINT] Yashica Kyocera Samurai X3.0 Half Frame Film Camera From JAPAN #234,yashica kyocera samurai,Yashica,Film Cameras,Used,100.99,USD,FIXED_PRICE,good-cond,JP,samurai_opticscam_jp,99.6,2026-08-20T15:34:10.000Z,,https://www.ebay.com/itm/336752822032?hash=item4e68084710:g:4fEAAeSwdK5qhyJL,https://i.ebayimg.com/images/g/4fEAAeSwdK5qhyJL/s-l225.jpg
无基准,,,,55.0,【EXC】 Canon Autoboy Epo 28-90mm FromJapan #my1316,canon my1316,Canon,Film Cameras,Used,103.45,USD,FIXED_PRICE,good-cond,JP,somtom_9,99.3,2026-08-21T08:53:53.000Z,,https://www.ebay.com/itm/188826204144?hash=item2bf6eb37f0:g:v0YAAeSwicVqiBLW,https://i.ebayimg.com/images/g/v0YAAeSwicVqiBLW/s-l225.jpg
无基准,,,,55.0,【EXC】 Canon Autoboy MINI T 38/70mm F3.5/6.0 FromJapan #my1301,canon my1301,Canon,Film Cameras,Used,103.45,USD,FIXED_PRICE,good-cond,JP,somtom_9,99.3,2026-08-21T08:53:26.000Z,,https://www.ebay.com/itm/188826203700?hash=item2bf6eb3634:g:rGIAAeSw2G9qiBKO,https://i.ebayimg.com/images/g/rGIAAeSw2G9qiBKO/s-l225.jpg
无基准,,,,55.0,【EXC】 Olympus TRIP 35 40mm F2.8 FromJapan #my1321,olympus my1321,Olympus,Film Cameras,Used,104.3,USD,FIXED_PRICE,good-cond,JP,somtom_9,99.3,2026-08-21T08:54:02.000Z,,https://www.ebay.com/itm/188826204323?hash=item2bf6eb38a3:g:BW0AAeSwCjpqiBNi,https://i.ebayimg.com/images/g/BW0AAeSwCjpqiBNi/s-l225.jpg
无基准,,,,55.0,[NEAR MINT] Kyocera Yashica Samurai X3.0 Half Frame Film Camera from JAPAN,yashica samurai x3.0,Yashica,Film Cameras,Used,104.99,USD,FIXED_PRICE,good-cond,JP,binden_japanesevintages,100.0,2026-08-21T07:46:58.000Z,,https://www.ebay.com/itm/820030259738?hash=itembeed9cc21a:g:3NEAAeSwcJ1qh~3i,https://i.ebayimg.com/images/g/3NEAAeSwcJ1qh~3i/s-l225.jpg
无基准,,,,55.0,🎬【Near Mint】PENTAX ESPIO 140 Silver 35mm Compact Film Camera from Japan #358,pentax 140,Pentax,Film Cameras,Used,104.99,USD,FIXED_PRICE,good-cond,JP,clover-co.japan-camera,100.0,2026-08-20T13:50:58.000Z,,https://www.ebay.com/itm/168628132034?hash=item27430518c2:g:~vwAAeSw9SVqhwRK,https://i.ebayimg.com/images/g/~vwAAeSw9SVqhwRK/s-l225.jpg
合理,+5%,100.42,80,55.0,[N MINT w/Case] Olympus XA2 XA 2 Black Point & Shoot 35mm Film Camera From JAPAN,olympus xa2,Olympus,Film Cameras,Used,105.0,USD,"FIXED_PRICE,BEST_OFFER",good-cond,JP,morita-camera,99.2,2026-08-20T14:16:55.000Z,,https://www.ebay.com/itm/398307868914?hash=item5cbcffc0f2:g:HdMAAeSwuvdqf6mn,https://i.ebayimg.com/images/g/HdMAAeSwuvdqf6mn/s-l225.jpg
无基准,,,,55.0,【EXC】 Olympus OZ 105 R 38-105mm FromJapan #my1305,olympus 105,Olympus,Film Cameras,Used,105.15,USD,FIXED_PRICE,good-cond,JP,somtom_9,99.3,2026-08-21T08:53:32.000Z,,https://www.ebay.com/itm/188826203802?hash=item2bf6eb369a:g:8F0AAeSwwS5qiBL-,https://i.ebayimg.com/images/g/8F0AAeSwwS5qiBL-/s-l225.jpg
无基准,,,,55.0,Read [N.Exc+4] Mamiya Sekor 65mm f/3.5 TLR Lens For C330 C220 C33 C22 From JAPAN,mamiya sekor 65mm f3.5,Mamiya,Lenses,Used,109.8,USD,FIXED_PRICE,good-cond,JP,shogun-market,100.0,2026-08-20T15:27:38.000Z,,https://www.ebay.com/itm/318759436098?hash=item4a378aff42:g:BXsAAeSwdy9qhyCJ,https://i.ebayimg.com/images/g/BXsAAeSwdy9qhyCJ/s-l225.jpg
无基准,,,,55.0,[MINT+++]Olympus Superzoom 105 35mm Point & Shoot Film Camera From Japan,olympus 105,Olympus,Film Cameras,Used,109.99,USD,FIXED_PRICE,good-cond,JP,origami-camera_japan,100.0,2026-08-21T08:44:46.000Z,,https://www.ebay.com/itm/407160441815?hash=item5ecca74bd7:g:4mQAAeSwjPFqiBDz,https://i.ebayimg.com/images/g/4mQAAeSwjPFqiBDz/s-l225.jpg
无基准,,,,55.0,[Almost MINT] Nikon FM10 SLR 35mm Film Camera w/ 35-70mm f/3.5-4.8 Lens JAPAN,nikon fm10,Nikon,Film Cameras,Used,109.99,USD,FIXED_PRICE,good-cond,JP,n-camera-japan,100.0,2026-08-21T04:27:10.000Z,,https://www.ebay.com/itm/800543401654?hash=itemba641ae6b6:g:IuoAAeSwuQVqh9Ra,https://i.ebayimg.com/images/g/IuoAAeSwuQVqh9Ra/s-l225.jpg
无基准,,,,55.0,[NEAR MINT w/strap] Canon AF35M Autoboy Point & Shoot 35mm Film Camera JAPAN,canon af35m,Canon,Film Cameras,Used,109.99,USD,"FIXED_PRICE,BEST_OFFER",good-cond,JP,akari_camera,100.0,2026-08-21T01:47:42.000Z,,https://www.ebay.com/itm/128037164326?hash=item1dcf9c1526:g:kOoAAeSwjLdprjEm,https://i.ebayimg.com/images/g/kOoAAeSwjLdprjEm/s-l225.jpg
无基准,,,,55.0,▶️ N MINT OLYMPUS TRIP 35 Apple Green Point & Shoot 35mm Film Camera 3027109,olympus trip apple,Olympus,Film Cameras,Used,109.99,USD,FIXED_PRICE,good-cond,JP,momo_and_ai_japan,100.0,2026-08-20T22:33:16.000Z,,https://www.ebay.com/itm/318760787395?hash=item4a379f9dc3:g:dwcAAeSw04tqh4Cd,https://i.ebayimg.com/images/g/dwcAAeSw04tqh4Cd/s-l225.jpg
无基准,,,,55.0,▶️ Near Mint OLYMPUS TRIP 35 Mint Green Point & Shoot 35mm Film Camera 3027108,olympus trip green,Olympus,Film Cameras,Used,109.99,USD,FIXED_PRICE,good-cond,JP,momo_and_ai_japan,100.0,2026-08-20T22:32:24.000Z,,https://www.ebay.com/itm/318760786716?hash=item4a379f9b1c:g:hj0AAeSwiIVqh4Bl,https://i.ebayimg.com/images/g/hj0AAeSwiIVqh4Bl/s-l225.jpg
无基准,,,,55.0,▶️ Near Mint OLYMPUS TRIP 35 Sage Green Point & Shoot 35mm Film Camer 3027107,olympus trip sage,Olympus,Film Cameras,Used,109.99,USD,FIXED_PRICE,good-cond,JP,momo_and_ai_japan,100.0,2026-08-20T22:31:34.000Z,,https://www.ebay.com/itm/318760785920?hash=item4a379f9800:g:I9QAAeSwFfJqh4Ah,https://i.ebayimg.com/images/g/I9QAAeSwFfJqh4Ah/s-l225.jpg
无基准,,,,55.0,【EXC】 Olympus 35 DC 40mm F1.7 FromJapan #my1332,olympus my1332,Olympus,Film Cameras,Used,110.25,USD,FIXED_PRICE,good-cond,JP,somtom_9,99.3,2026-08-21T08:54:25.000Z,,https://www.ebay.com/itm/188826204802?hash=item2bf6eb3a82:g:xacAAeSw0FZqiBN3,https://i.ebayimg.com/images/g/xacAAeSw0FZqiBN3/s-l225.jpg
无基准,,,,55.0,[ Exc ] Canon AF35M Autoboy Sure Shot point & shoot 35mm Film Camera Teste #84,canon af35m,Canon,Film Cameras,Used,113.98,USD,FIXED_PRICE,good-cond,JP,kj-japan,98.1,2026-08-21T06:44:56.000Z,,https://www.ebay.com/itm/307138653098?hash=item4782e3ebaa:g:XzMAAeSw3h9qh~Pj,https://i.ebayimg.com/images/g/XzMAAeSw3h9qh~Pj/s-l225.jpg
无基准,,,,55.0,【EXC】 MINOLTA α Sweet II FromJapan #my1319,minolta my1319,Minolta,Film Cameras,Used,116.2,USD,FIXED_PRICE,good-cond,JP,somtom_9,99.3,2026-08-21T08:53:58.000Z,,https://www.ebay.com/itm/188826204261?hash=item2bf6eb3865:g:z~wAAeSw9SVqiBKj,https://i.ebayimg.com/images/g/z~wAAeSw9SVqiBKj/s-l225.jpg
无基准,,,,55.0,[N-MINT / Fully Tested] Canon AF35ML Point & Shoot 35mm Film Camera From JAPAN,canon af35ml,Canon,Film Cameras,Used,118.99,USD,FIXED_PRICE,good-cond,JP,kurmas-12,100.0,2026-08-21T06:38:04.000Z,,https://www.ebay.com/itm/336753874297?hash=item4e68185579:g:A3YAAeSwpLBqh--c,https://i.ebayimg.com/images/g/A3YAAeSwpLBqh--c/s-l225.jpg
无基准,,,,55.0,[MINT] Canon AF35M Autoboy 35mm Film Camera Point & Shoot From JAPAN,canon af35m,Canon,Film Cameras,Used,119.9,USD,FIXED_PRICE,good-cond,JP,kt_camera_japan,100.0,2026-08-21T06:53:21.000Z,,https://www.ebay.com/itm/377437821368?hash=item57e10c19b8:g:f~sAAeSwxTFqh~Zg,https://i.ebayimg.com/images/g/f~sAAeSwxTFqh~Zg/s-l225.jpg
无基准,,,,55.0,⏯️ [Near MINT] Pentax Espio 80 Gray Point & Shoot 35mm Film Camera From JAPAN,pentax 80,Pentax,Film Cameras,Used,119.9,USD,FIXED_PRICE,good-cond,JP,tmok95_camera_japan,100.0,2026-08-20T14:35:49.000Z,,https://www.ebay.com/itm/168628207030?hash=item2743063db6:g:f6kAAeSwtFxqhxT-,https://i.ebayimg.com/images/g/f6kAAeSwtFxqhxT-/s-l225.jpg
无基准,,,,55.0,Olympus Pen EE-3 Half Frame 35mm Camera [ Almost MINT Red Flag OK! ] JAPAN #420,olympus ee-3,Olympus,Film Cameras,Used,119.99,USD,FIXED_PRICE,good-cond,JP,lingenterpr-0,100.0,2026-08-21T11:30:29.000Z,,https://www.ebay.com/itm/178429791159?hash=item298b3e8bb7:g:ZBcAAeSwW6dqiDeP,https://i.ebayimg.com/images/g/ZBcAAeSwW6dqiDeP/s-l225.jpg
无基准,,,,55.0,[N MINT] Konica Genba Kantoku 28 WB 35mm Film Camera Wide Angle Tested Working,konica 28,Konica,Film Cameras,Used,119.99,USD,"FIXED_PRICE,BEST_OFFER",good-cond,JP,good-price-samurai-finds,99.9,2026-08-21T11:22:30.000Z,,https://www.ebay.com/itm/307139069545?hash=item4782ea4669:g:mtEAAeSwiOxqiDS5,https://i.ebayimg.com/images/g/mtEAAeSwiOxqiDS5/s-l225.jpg
无基准,,,,55.0,[MINT w/Strap] Kyocera TD Yashica T2D Point & Shoot 35mm Film Camera From JAPAN,yashica t2d,Yashica,Film Cameras,Used,119.99,USD,FIXED_PRICE,good-cond,JP,ymmtk_43,100.0,2026-08-21T01:03:27.000Z,,https://www.ebay.com/itm/198585514709?hash=item2e3c9e7ad5:g:inkAAeSweDNp6Xr9,https://i.ebayimg.com/images/g/inkAAeSweDNp6Xr9/s-l225.jpg
合理,+9%,109.98,49,55.0,[Almost MINT] Kyocera Yashica Samurai X3.0 Half frame Film Camera From JAPAN 978,yashica samurai x3.0,Yashica,Film Cameras,Used,119.99,USD,FIXED_PRICE,good-cond,JP,camera_journey_japan17,100.0,2026-08-20T07:25:08.000Z,,https://www.ebay.com/itm/800538589705?hash=itemba63d17a09:g:m5YAAeSwDFZqhqxg,https://i.ebayimg.com/images/g/m5YAAeSwDFZqhqxg/s-l225.jpg
合理,+0%,119.94,80,55.0,[Near Mint-] Pentax ME 35mm SLR Film Camera w/ 50mm f/1.7 Lens #89955,pentax 35mm f1.7,Pentax,Film Cameras,Used,119.99,USD,FIXED_PRICE,good-cond,JP,sizukustore,100.0,2026-08-20T05:38:59.000Z,,https://www.ebay.com/itm/206504999167?hash=item3014a838ff:g:OnoAAeSwwtVqhpIg,https://i.ebayimg.com/images/g/OnoAAeSwwtVqhpIg/s-l225.jpg
无基准,,,,55.0,Meter Works! Nikon Nikomat FTN Silver 35mm SLR Film Camera Body JAPAN【Near Mint】,nikon nikomat ftn,Nikon,Film Cameras,Used,121.0,USD,"FIXED_PRICE,BEST_OFFER",good-cond,JP,hana_from_japan,100.0,2026-08-21T10:57:44.000Z,,https://www.ebay.com/itm/168630442536?hash=item2743285a28:g:7GkAAeSwPsRpqjir,https://i.ebayimg.com/images/g/7GkAAeSwPsRpqjir/s-l225.jpg
无基准,,,,55.0,[ Exc + ] Canon AF35M Autoboy Sure Shot point & shoot 35mm Film Camera Tested,canon af35m,Canon,Film Cameras,Used,125.38,USD,FIXED_PRICE,good-cond,JP,kj-japan,98.1,2026-08-21T03:07:06.000Z,,https://www.ebay.com/itm/307138423892?hash=item4782e06c54:g:pbkAAeSwhVlqh8DR,https://i.ebayimg.com/images/g/pbkAAeSwhVlqh8DR/s-l225.jpg
无基准,,,,55.0,Canon AF35M Autoboy Point & Shoot 35mm Film Camera From JAPAN MINT,canon af35m,Canon,Film Cameras,Used,125.99,USD,FIXED_PRICE,good-cond,JP,slash-rise,100.0,2026-08-21T02:27:43.000Z,,https://www.ebay.com/itm/128037212040?hash=item1dcf9ccf88:g:8qwAAeSwA-tqh7Y1,https://i.ebayimg.com/images/g/8qwAAeSwA-tqh7Y1/s-l225.jpg
无基准,,,,55.0,【EXC】 MINOLTA WEATHERMATIC DUAL 35 FromJapan #my1312,minolta weathermatic,Minolta,Film Cameras,Used,128.67,USD,FIXED_PRICE,good-cond,JP,somtom_9,99.3,2026-08-21T08:53:43.000Z,,https://www.ebay.com/itm/188826203997?hash=item2bf6eb375d:g:r68AAeSwLrNqiBMP,https://i.ebayimg.com/images/g/r68AAeSwLrNqiBMP/s-l225.jpg
无基准,,,,55.0,[Mint] Ricoh MYPORT Zoom Mini Point and shoot Film Camera,ricoh myport mini,Ricoh,Film Cameras,Good - Refurbished,129.0,USD,"FIXED_PRICE,BEST_OFFER",good-cond,JP,bummesasak_0,99.8,2026-08-21T10:36:10.000Z,,https://www.ebay.com/itm/117371423117?hash=item1b53e1c98d:g:LL8AAeSwbS9qiCmv,https://i.ebayimg.com/images/g/LL8AAeSwbS9qiCmv/s-l225.jpg
无基准,,,,55.0,All Work [ Near MINT ] Olympus XA1 35mm Film Camera A9M Flash From JAPAN,olympus xa1,Olympus,Film Cameras,Used,129.9,USD,FIXED_PRICE,good-cond,JP,haruharu_2010,100.0,2026-08-21T07:53:19.000Z,,https://www.ebay.com/itm/318762698101?hash=item4a37bcc575:g:NSgAAeSwcXFqiARx,https://i.ebayimg.com/images/g/NSgAAeSwcXFqiARx/s-l225.jpg
无基准,,,,55.0,Olympus Stylus Zoom 140/Olympus Mju Zoom 140 35mm Point Shoot Film Camera W/Film,olympus stylus,Olympus,Film Cameras,Used,129.99,USD,"FIXED_PRICE,BEST_OFFER",grail:Mju,CA,oxzmanxo,99.0,2026-08-21T10:15:09.000Z,,https://www.ebay.com/itm/327320569029?hash=item4c35d384c5:g:Pe4AAeSwmGpqO-jC,https://i.ebayimg.com/images/g/Pe4AAeSwmGpqO-jC/s-l225.jpg
无基准,,,,55.0,[Near MINT] Pentax ME Black 35mm SLR Film Camera SMC M 50mm f1.4 Lens From JAPAN,pentax smc 35mm f1.4,Pentax,Film Cameras,Used,129.99,USD,FIXED_PRICE,good-cond,JP,camera_japan_chiba,100.0,2026-08-21T09:17:48.000Z,,https://www.ebay.com/itm/128037684606?hash=item1dcfa4057e:g:1uQAAeSw2npqiBiK,https://i.ebayimg.com/images/g/1uQAAeSw2npqiBiK/s-l225.jpg
无基准,,,,55.0,【NEAR MINT】Olympus XA2 35mm Point & Shoot Camera w/ A11 Flash From JAPAN #328,olympus xa2,Olympus,Film Cameras,Used,129.99,USD,FIXED_PRICE,good-cond,JP,mina_japan_collection,100.0,2026-08-21T06:12:47.000Z,,https://www.ebay.com/itm/206507769631?hash=item3014d27f1f:g:xtkAAeSwdjxqTgp-,https://i.ebayimg.com/images/g/xtkAAeSwdjxqTgp-/s-l225.jpg
无基准,,,,55.0,[Near MINT] Olympus Superzoom 70G 35mm Point & Shoot Film Camera From JAPAN,olympus 70g,Olympus,Film Cameras,Used,129.99,USD,FIXED_PRICE,good-cond,JP,sevenzee_7g,100.0,2026-08-20T14:41:56.000Z,,https://www.ebay.com/itm/800540371595?hash=itemba63ecaa8b:g:2HcAAeSwgqhqhxXL,https://i.ebayimg.com/images/g/2HcAAeSwgqhqhxXL/s-l225.jpg
合理,-7%,139.99,20,55.0,[MINT] Nikon U2 35mm SLR Film Camera AF 35-70mm f/3.3-4.5 AF Lens From JAPAN,nikon u2,Nikon,Film Cameras,Used,129.99,USD,FIXED_PRICE,good-cond,JP,zeta-camera,100.0,2026-08-20T14:25:47.000Z,,https://www.ebay.com/itm/178426801440?hash=item298b10ed20:g:byMAAeSwdABqhxKI,https://i.ebayimg.com/images/g/byMAAeSwdABqhxKI/s-l225.jpg
合理,-7%,139.99,20,55.0,[Top MINT w/Strap] Nikon U2 35mm Silver SLR Film Camera Body From JAPAN,nikon u2,Nikon,Film Cameras,Used,129.99,USD,FIXED_PRICE,good-cond,JP,wasatoro_camera_japan,100.0,2026-08-20T05:47:12.000Z,,https://www.ebay.com/itm/198583614607?hash=item2e3c817c8f:g:fAkAAeSw94NqhpXX,https://i.ebayimg.com/images/g/fAkAAeSw94NqhpXX/s-l225.jpg
无基准,,,,55.0,[ MINT ] Minolta PROD 20's Limited Point & Shoot 35mm Film Camera From JAPAN,minolta 20,Minolta,Film Cameras,Used,131.11,USD,FIXED_PRICE,good-cond,JP,mictok_98,99.0,2026-08-21T07:10:37.000Z,,https://www.ebay.com/itm/398310514529?hash=item5cbd281f61:g:IHwAAeSw~gJqhHCj,https://i.ebayimg.com/images/g/IHwAAeSw~gJqhHCj/s-l225.jpg
无基准,,,,55.0,【EXC】 Olympus AF-1 QUARTZ DATE 35mm F2.8 FromJapan #my1345,olympus af-1,Olympus,Film Cameras,Used,135.32,USD,FIXED_PRICE,good-cond,JP,somtom_9,99.3,2026-08-21T08:54:50.000Z,,https://www.ebay.com/itm/188826205262?hash=item2bf6eb3c4e:g:7yQAAeSwwtVqiBNP,https://i.ebayimg.com/images/g/7yQAAeSwwtVqiBNP/s-l225.jpg
无基准,,,,55.0,[Near MINT] Canon Autoboy 2 AF35M II 35mm Point & Shoot Film Camera Japan #384,canon 2,Canon,Film Cameras,Used,136.21,USD,FIXED_PRICE,good-cond,JP,his50s,100.0,2026-08-20T21:52:02.000Z,,https://www.ebay.com/itm/188823961503?hash=item2bf6c8ff9f:g:X5gAAeSw5AhqFPID,https://i.ebayimg.com/images/g/X5gAAeSw5AhqFPID/s-l225.jpg
无基准,,,,55.0,【EXC】 Nikon F90X AA battery powered FromJapan #my1340,nikon f90x,Nikon,Film Cameras,Used,137.81,USD,FIXED_PRICE,good-cond,JP,somtom_9,99.3,2026-08-21T08:54:40.000Z,,https://www.ebay.com/itm/188826205099?hash=item2bf6eb3bab:g:wkwAAeSwijdqiBOA,https://i.ebayimg.com/images/g/wkwAAeSwijdqiBOA/s-l225.jpg
无基准,,,,55.0,【EXC】 MINOLTA Capios 75 28-75mm FromJapan #my1315,minolta 75,Minolta,Film Cameras,Used,137.81,USD,FIXED_PRICE,good-cond,JP,somtom_9,99.3,2026-08-21T08:53:50.000Z,,https://www.ebay.com/itm/188826204108?hash=item2bf6eb37cc:g:rC4AAeSwkAlqiBMQ,https://i.ebayimg.com/images/g/rC4AAeSwkAlqiBMQ/s-l225.jpg
无基准,,,,55.0,[Near MINT] Nikon AW AD AW/AD Blue 35mm F2.8 Film Camera From JAPAN,nikon aw/ad blue,Nikon,Film Cameras,Used,139.37,USD,FIXED_PRICE,good-cond,JP,manpuku_papa,100.0,2026-08-21T01:59:57.000Z,,https://www.ebay.com/itm/820029245990?hash=itembeed8d4a26:g:2ioAAeSwQe1qh7IR,https://i.ebayimg.com/images/g/2ioAAeSwQe1qh7IR/s-l225.jpg
无基准,,,,55.0,Read! Minolta XD Black 35mm SLR Film Camera Body [ Near MINT ] From JAPAN #544,minolta 35mm,Minolta,Film Cameras,Used,139.99,USD,FIXED_PRICE,good-cond,JP,lingenterpr-0,100.0,2026-08-21T11:18:00.000Z,,https://www.ebay.com/itm/178429762398?hash=item298b3e1b5e:g:PPEAAeSwvEZqiDTh,https://i.ebayimg.com/images/g/PPEAAeSwvEZqiDTh/s-l225.jpg
无基准,,,,55.0,[Exc+5] Canon IV Sb 35mm Rangefinder Film Camera Body from Japan,canon 35mm,Canon,Film Cameras,Used,139.99,USD,FIXED_PRICE,good-cond,JP,orihika-at,100.0,2026-08-21T07:43:04.000Z,,https://www.ebay.com/itm/318762650170?hash=item4a37bc0a3a:g:HgkAAeSwZnFqWXj5,https://i.ebayimg.com/images/g/HgkAAeSwZnFqWXj5/s-l225.jpg
无基准,,,,55.0,New Light Seals![Near MINT] Yashica Electro 35 CC Rangefinder Camera From JAPAN,yashica electro,Yashica,Film Cameras,Used,139.99,USD,FIXED_PRICE,good-cond,JP,yorozuya_japan.en,100.0,2026-08-20T14:37:58.000Z,,https://www.ebay.com/itm/257692866397?hash=item3bffb1175d:g:J7QAAeSwS3BqhxVY,https://i.ebayimg.com/images/g/J7QAAeSwS3BqhxVY/s-l225.jpg
无基准,,,,55.0,Canon AF35M Autoboy 35mm Film Camera [Near Mint] From Japan sam8046,canon af35m,Canon,Film Cameras,Used,141.99,USD,FIXED_PRICE,good-cond,JP,mochiz8,99.5,2026-08-21T07:04:13.000Z,,https://www.ebay.com/itm/198586033668?hash=item2e3ca66604:g:1EEAAeSwdy9qh~hb,https://i.ebayimg.com/images/g/1EEAAeSwdy9qh~hb/s-l225.jpg
无基准,,,,55.0,Nikon EM Black SLR 35mm Film Camera Body From JAPAN [Exc+4] 30133,nikon 35mm,Nikon,Film Cameras,Used,143.76,USD,FIXED_PRICE,good-cond,JP,sakura_camera06,100.0,2026-08-21T07:10:55.000Z,,https://www.ebay.com/itm/287537730977?hash=item42f29595a1:g:0RMAAeSwRmJogn-4,https://i.ebayimg.com/images/g/0RMAAeSwRmJogn-4/s-l225.jpg
无基准,,,,55.0,【EXC】 PENTAX ESPIO 120Mi 38-120mm FromJapan #my1347,pentax 120mi,Pentax,Film Cameras,Used,146.95,USD,FIXED_PRICE,good-cond,JP,somtom_9,99.3,2026-08-21T08:54:53.000Z,,https://www.ebay.com/itm/188826205326?hash=item2bf6eb3c8e:g:l68AAeSw3B1qiBLj,https://i.ebayimg.com/images/g/l68AAeSw3B1qiBLj/s-l225.jpg
无基准,,,,55.0,[Near MINT] Nikon FM Silver Body Only 35mm SLR Film Camera From JAPAN,nikon 35mm,Nikon,Film Cameras,Used,149.9,USD,FIXED_PRICE,good-cond,JP,masakeithi,100.0,2026-08-20T14:01:11.000Z,,https://www.ebay.com/itm/178426738829?hash=item298b0ff88d:g:kFEAAeSw0fJqhwjs,https://i.ebayimg.com/images/g/kFEAAeSw0fJqhwjs/s-l225.jpg
无基准,,,,55.0,[Near MINT] Nikon FA 35mm SLR Film Camera Black From JAPAN,nikon 35mm,Nikon,Film Cameras,Used,149.99,USD,FIXED_PRICE,good-cond,JP,ichi_camera_jp,100.0,2026-08-21T11:25:27.000Z,,https://www.ebay.com/itm/820030833081?hash=itembeeda581b9:g:szsAAeSwhq5qiDbW,https://i.ebayimg.com/images/g/szsAAeSwhq5qiDbW/s-l225.jpg
无基准,,,,55.0,Olympus PEN E-P3 12.3MP Mirrorless Digital Camera [ Almost MINT ] JAPAN #545,olympus e-p3,Olympus,Film Cameras,Used,149.99,USD,FIXED_PRICE,good-cond,JP,lingenterpr-0,100.0,2026-08-21T11:24:47.000Z,,https://www.ebay.com/itm/178429773934?hash=item298b3e486e:g:psEAAeSwmKhqiDYE,https://i.ebayimg.com/images/g/psEAAeSwmKhqiDYE/s-l225.jpg
无基准,,,,55.0,[ MINT ] Pentax Espio 80 Zoom Navy Point & Shoot AF 35mm Film Camera From JAPAN,pentax 80,Pentax,Film Cameras,Used,149.99,USD,FIXED_PRICE,good-cond,JP,ohana_camera_tokyo,99.6,2026-08-21T10:37:44.000Z,,https://www.ebay.com/itm/198586419661?hash=item2e3cac49cd:g:2xYAAeSwehZqiCun,https://i.ebayimg.com/images/g/2xYAAeSwehZqiCun/s-l225.jpg
无基准,,,,55.0,Nikon FM Silver Exc+5 35mm SLR Film Camera Body From JAPAN,nikon exc+5,Nikon,Film Cameras,Used,149.99,USD,"FIXED_PRICE,BEST_OFFER",good-cond,JP,itsuki.japan.camera,100.0,2026-08-21T07:28:07.000Z,,https://www.ebay.com/itm/820030221479?hash=itembeed9c2ca7:g:lc4AAeSwupxqRz05,https://i.ebayimg.com/images/g/lc4AAeSwupxqRz05/s-l225.jpg
无基准,,,,55.0,[Near MINT] Pentax PC35 AF-M Date Point & Shoot 35mm Camera From JAPAN,pentax pc35,Pentax,Film Cameras,Used,149.99,USD,FIXED_PRICE,good-cond,JP,mublo_8,100.0,2026-08-21T04:28:40.000Z,,https://www.ebay.com/itm/398310112516?hash=item5cbd21fd04:g:IrUAAeSwSUNqh9R0,https://i.ebayimg.com/images/g/IrUAAeSwSUNqh9R0/s-l225.jpg
无基准,,,,55.0,[Near Mint-] Yashica Electro 35 CCN Wide Rangefinder Film Camera #89961,yashica electro,Yashica,Film Cameras,Used,149.99,USD,FIXED_PRICE,good-cond,JP,sizukustore,100.0,2026-08-21T01:27:52.000Z,,https://www.ebay.com/itm/206507262151?hash=item3014cac0c7:g:7VwAAeSwwS5qh6ft,https://i.ebayimg.com/images/g/7VwAAeSwwS5qh6ft/s-l225.jpg
无基准,,,,55.0,[Near MINT] Yashica A 120 6x6 TLR Twin Lens Film Camera Yashikor 80mm f3.5 JAPAN,yashica twin,Yashica,Film Cameras,Used,149.99,USD,FIXED_PRICE,good-cond,JP,nao_reuse_camera_japan,100.0,2026-08-20T16:14:50.000Z,,https://www.ebay.com/itm/147517920214?hash=item2258c0d3d6:g:beAAAeSwrWpqhyq6,https://i.ebayimg.com/images/g/beAAAeSwrWpqhyq6/s-l225.jpg
合理,-8%,162.99,46,55.0,All Works [Near Mint] Pentax MZ-3 35mm SLR Film Camera body Silver From Japan,pentax mz-3,Pentax,Film Cameras,Used,149.99,USD,"FIXED_PRICE,BEST_OFFER",good-cond,JP,camera.fumio.japan,100.0,2026-08-20T07:17:48.000Z,,https://www.ebay.com/itm/398306741276?hash=item5cbcee8c1c:g:IPMAAeSwuEVpSMjh,https://i.ebayimg.com/images/g/IPMAAeSwuEVpSMjh/s-l225.jpg
无基准,,,,55.0,Meter Works🎦VIDEO👀✨ MINT✨ Olympus Pen EE-3 EE3 Half Frame Film Camera JAPAN,olympus ee-3,Olympus,Film Cameras,Used,151.79,USD,FIXED_PRICE,good-cond,JP,positive_star_camera,99.9,2026-08-20T14:05:13.000Z,,https://www.ebay.com/itm/407158720374?hash=item5ecc8d0776:g:pZkAAeSwd4NpRqKn,https://i.ebayimg.com/images/g/pZkAAeSwd4NpRqKn/s-l225.jpg
无基准,,,,55.0,【Near MINT】Nikon L35 AD2 Pikaichi Point & Shoot 35mm Film Camera,nikon l35,Nikon,Film Cameras,Used,154.99,USD,FIXED_PRICE,good-cond,JP,rytag50,100.0,2026-08-20T21:58:38.000Z,,https://www.ebay.com/itm/377436739297?hash=item57e0fb96e1:g:DaUAAeSwF7Vp89jR,https://i.ebayimg.com/images/g/DaUAAeSwF7Vp89jR/s-l225.jpg
无基准,,,,55.0,New seal[Near MINT+++] YASHICA Electro 35 GSN Spiderman Model 45/1.7 DX From JP,yashica electro,Yashica,Film Cameras,Used,159.99,USD,FIXED_PRICE,good-cond,JP,kimu_1572,100.0,2026-08-21T03:46:33.000Z,,https://www.ebay.com/itm/137645648269?hash=item200c51e98d:g:CysAAeSw3EVqh8rP,https://i.ebayimg.com/images/g/CysAAeSw3EVqh8rP/s-l225.jpg
无基准,,,,55.0,Pentax Espio 140M AF Point & Shoot 35mm Compact Film Camera JAPAN【Near Mint】,pentax 140m,Pentax,Film Cameras,Used,163.0,USD,"FIXED_PRICE,BEST_OFFER",good-cond,JP,hana_from_japan,100.0,2026-08-21T10:57:45.000Z,,https://www.ebay.com/itm/168630442547?hash=item2743285a33:g:UpAAAeSwO6VqD8Jl,https://i.ebayimg.com/images/g/UpAAAeSwO6VqD8Jl/s-l225.jpg
合理,+1%,161.14,80,55.0,[Exc+4] Canon Demi EE17 Half Frame Film Camera Repaint 30mm f/1.7 : From JAPAN,canon ee17,Canon,Film Cameras,Used,163.0,USD,FIXED_PRICE,good-cond,JP,e-traize,100.0,2026-08-20T06:14:32.000Z,,https://www.ebay.com/itm/178425609418?hash=item298afebcca:g:ebAAAeSwja9qhprV,https://i.ebayimg.com/images/g/ebAAAeSwja9qhprV/s-l225.jpg
无基准,,,,55.0,Black [MINT Case] Olympus Ace-E Rangefinder Film camera 45/2.8 Lens From JAPAN,olympus ace-e 45/2.8,Olympus,Film Cameras,Used,165.0,USD,FIXED_PRICE,good-cond,JP,yooz_73,100.0,2026-08-21T01:39:33.000Z,,https://www.ebay.com/itm/407159850284?hash=item5ecc9e452c:g:iyMAAeSwM89qh6yc,https://i.ebayimg.com/images/g/iyMAAeSwM89qh6yc/s-l225.jpg
无基准,,,,55.0,All Works [Exc+5] Canon Demi EE17 Half Frame Film Camera 30mm f1.7 JAPAN #305,canon ee17,Canon,Film Cameras,Used,168.99,USD,FIXED_PRICE,good-cond,JP,mina_japan_collection,100.0,2026-08-21T06:14:51.000Z,,https://www.ebay.com/itm/206507770898?hash=item3014d28412:g:k1cAAeSwXMpqM~ag,https://i.ebayimg.com/images/g/k1cAAeSwXMpqM~ag/s-l225.jpg
无基准,,,,55.0,[Near MINT] Nikon L35 AD2 Pikaichi Point & Shoot 35mm Film Camera From JAPAN,nikon l35,Nikon,Film Cameras,Used,168.99,USD,FIXED_PRICE,good-cond,JP,fujiyamacamera_japan,100.0,2026-08-20T15:00:40.000Z,,https://www.ebay.com/itm/366618461759?hash=item555c29c63f:g:ZcMAAeSwhFRqhxn2,https://i.ebayimg.com/images/g/ZcMAAeSwhFRqhxn2/s-l225.jpg
无基准,,,,55.0,Olympus Stylus Zoom 105 Deluxe Point & Shoot from Japan [Near Mint],olympus stylus 105,Olympus,Film Cameras,Used,169.75,USD,FIXED_PRICE,good-cond,JP,sakura_camera06,100.0,2026-08-21T07:10:55.000Z,,https://www.ebay.com/itm/287537731053?hash=item42f29595ed:g:SCAAAeSwRRNqVFgW,https://i.ebayimg.com/images/g/SCAAAeSwRRNqVFgW/s-l225.jpg
无基准,,,,55.0,Boxed!! [Top MINT] Pentax ESPIO 928 Black Autofocus 35mm Film Camera From JAPAN,pentax 928,Pentax,Film Cameras,Used,169.99,USD,FIXED_PRICE,good-cond,JP,riceball_90,100.0,2026-08-21T11:40:27.000Z,,https://www.ebay.com/itm/128037853374?hash=item1dcfa698be:g:DBkAAeSwislqiDnq,https://i.ebayimg.com/images/g/DBkAAeSwislqiDnq/s-l225.jpg
无基准,,,,55.0,Nikon F4s 35mm SLR Film Camera No LCD leakage No corrosion [EXC+5] From Japan,nikon f4s,Nikon,Film Cameras,Used,169.99,USD,FIXED_PRICE,good-cond,JP,amfour_201810,99.2,2026-08-21T06:14:38.000Z,,https://www.ebay.com/itm/407160216675?hash=item5ecca3dc63:g:ArMAAeSwDFZqh-y2,https://i.ebayimg.com/images/g/ArMAAeSwDFZqh-y2/s-l225.jpg
无基准,,,,55.0,【N MINT+++】YASHICA Yashicaflex C TLR 6x6cm Film Camera 80mm f/3.5,yashica yashicaflex,Yashica,Film Cameras,Used,170.99,USD,FIXED_PRICE,good-cond,JP,japan_fun_camera,100.0,2026-08-21T01:15:31.000Z,,https://www.ebay.com/itm/188824627326?hash=item2bf6d3287e:g:lokAAeSwq3xokqVj,https://i.ebayimg.com/images/g/lokAAeSwq3xokqVj/s-l225.jpg
无基准,,,,55.0,[Near Mint/Fully Tested] Canon Demi EE17 35mm Half Frame Film Camera From JAPAN,canon ee17,Canon,Film Cameras,Used,176.99,USD,FIXED_PRICE,good-cond,JP,kurmas-12,100.0,2026-08-21T06:49:12.000Z,,https://www.ebay.com/itm/336753887023?hash=item4e6818872f:g:2YkAAeSwK8xqYNF6,https://i.ebayimg.com/images/g/2YkAAeSwK8xqYNF6/s-l225.jpg
无基准,,,,55.0,[Top MINT] Pentax ESPIO 80 zoom Blue Navy Black 35mm Film Camera Point & Shoot,pentax 80,Pentax,Film Cameras,Used,179.99,USD,FIXED_PRICE,good-cond,JP,beppu_onsen_film_camera,100.0,2026-08-21T07:38:13.000Z,,https://www.ebay.com/itm/398310595388?hash=item5cbd295b3c:g:RlkAAeSwhVlqiACk,https://i.ebayimg.com/images/g/RlkAAeSwhVlqiACk/s-l225.jpg
合理,+0%,179.6,27,55.0,[Near Mint] Ricoh R1s Silver Point & Shoot Film Camera,ricoh r1s,Ricoh,Film Cameras,Used,179.99,USD,FIXED_PRICE,good-cond,JP,totsuch_0,99.8,2026-08-21T01:14:56.000Z,,https://www.ebay.com/itm/287537265268?hash=item42f28e7a74:g:WpEAAeSwR-1qh6Y-,https://i.ebayimg.com/images/g/WpEAAeSwR-1qh6Y-/s-l225.jpg
无基准,,,,55.0,【N MINT+++】Ricoh Ricohflex New DIA Riconar 80mm f/3.5 TLR Camera,ricoh ricohflex dia,Ricoh,Film Cameras,Used,179.99,USD,FIXED_PRICE,good-cond,JP,japan_fun_camera,100.0,2026-08-21T01:12:28.000Z,,https://www.ebay.com/itm/188824621564?hash=item2bf6d311fc:g:KRoAAeSwp7RqQx43,https://i.ebayimg.com/images/g/KRoAAeSwp7RqQx43/s-l225.jpg
无基准,,,,55.0,Tested!【 MINT / Strap 】Fujifilm Takara Tomy Chiikawa instax mini 12 Camera JAPAN,fujifilm instax 12,Fujifilm,Film Cameras,Used,179.99,USD,"FIXED_PRICE,BEST_OFFER",good-cond,JP,nacamera_japan,100.0,2026-08-20T22:11:57.000Z,,https://www.ebay.com/itm/800542052918?hash=itemba64065236:g:ObUAAeSwfwRqZGLL,https://i.ebayimg.com/images/g/ObUAAeSwfwRqZGLL/s-l225.jpg
合理,+0%,179.6,27,55.0,LCD Works [Exc+5] Ricoh R1s Silver Point & Shoot Film Camera From JAPAN,ricoh r1s,Ricoh,Film Cameras,Used,179.99,USD,FIXED_PRICE,good-cond,JP,nao_reuse_camera_japan,100.0,2026-08-20T17:25:24.000Z,,https://www.ebay.com/itm/147518027830?hash=item2258c27836:g:I88AAeSwPXdqhzoj,https://i.ebayimg.com/images/g/I88AAeSwPXdqhzoj/s-l225.jpg
合理,-3%,186.35,41,55.0,【Near MINT】Nikon AF600 Panorama 35mm Point & Shoot Film Camera Black From Japan,nikon af600,Nikon,Film Cameras,Used,179.99,USD,"FIXED_PRICE,BEST_OFFER",good-cond,JP,japanvintage33,100.0,2026-08-20T07:01:55.000Z,,https://www.ebay.com/itm/366617641100?hash=item555c1d408c:g:flQAAeSw2Mxqavoc,https://i.ebayimg.com/images/g/flQAAeSw2Mxqavoc/s-l225.jpg
无基准,,,,55.0,READ [MINT] Olympus Pen F 35mm Half Frame SLR Film Camera Body From JAPAN,olympus pen half,Olympus,Film Cameras,Used,184.99,USD,FIXED_PRICE,good-cond,JP,teriyaki_camera,100.0,2026-08-20T14:56:09.000Z,,https://www.ebay.com/itm/336752771396?hash=item4e68078144:g:W30AAeSwGFpqhxi7,https://i.ebayimg.com/images/g/W30AAeSwGFpqhxi7/s-l225.jpg
无基准,,,,55.0,[EXC+5] LCD Works RICOH R1s Silver Point & Shoot 35mm Film Camera From JAPAN,ricoh r1s,Ricoh,Film Cameras,Used,185.0,USD,"FIXED_PRICE,BEST_OFFER",good-cond,JP,betty.camera.tokyo,100.0,2026-08-20T12:28:53.000Z,,https://www.ebay.com/itm/137643098277?hash=item200c2b00a5:g:nzMAAeSwbLhqhvDa,https://i.ebayimg.com/images/g/nzMAAeSwbLhqhvDa/s-l225.jpg
无基准,,,,55.0,【N MINT+++】Nikon L35 AD Point & Shoot ISO 35mm Film Camera,nikon l35,Nikon,Film Cameras,Used,188.99,USD,FIXED_PRICE,good-cond,JP,japan_fun_camera,100.0,2026-08-21T01:11:06.000Z,,https://www.ebay.com/itm/188824615869?hash=item2bf6d2fbbd:g:xcoAAeSwRjVqhllF,https://i.ebayimg.com/images/g/xcoAAeSwRjVqhllF/s-l225.jpg
无基准,,,,55.0,Read![Near MINT] Canon EOS-1N 1 N SLR 35mm Film Camera Body Only From JAPAN #793,canon eos-1n,Canon,Film Cameras,Used,189.99,USD,"FIXED_PRICE,BEST_OFFER",good-cond,JP,hisagi.camera.marketjp,100.0,2026-08-20T16:14:28.000Z,,https://www.ebay.com/itm/377436005837?hash=item57e0f065cd:g:0n4AAeSw~klqR-gr,https://i.ebayimg.com/images/g/0n4AAeSw~klqR-gr/s-l225.jpg
无基准,,,,55.0,[Near MINT] MAMIYA SEKOR-C 80mm f/2.8 MF Standard Lens for M645 From JAPAN,mamiya sekor 80mm f2.8,Mamiya,Lenses,Used,189.99,USD,FIXED_PRICE,good-cond,JP,sososee-store,100.0,2026-08-20T13:26:02.000Z,,https://www.ebay.com/itm/198584428400?hash=item2e3c8de770:g:OgQAAeSwGatqhwGf,https://i.ebayimg.com/images/g/OgQAAeSwGatqhwGf/s-l225.jpg
无基准,,,,55.0,ISO 1000[ MINT ] Nikon L35 AD Pikaichi 35mm Point & Shoot Film Camera From JAPAN,nikon l35,Nikon,Film Cameras,Used,195.99,USD,"FIXED_PRICE,BEST_OFFER",good-cond,JP,wazze_camera.jpn,100.0,2026-08-20T14:13:14.000Z,,https://www.ebay.com/itm/820027191245?hash=itembeed6defcd:g:bgIAAeSwVVVpholJ,https://i.ebayimg.com/images/g/bgIAAeSwVVVpholJ/s-l225.jpg
无基准,,,,55.0,【N MINT+++】Nikon L35 AD2 Point & Shoot ISO 35mm Film Camera,nikon l35,Nikon,Film Cameras,Used,197.99,USD,FIXED_PRICE,good-cond,JP,japan_fun_camera,100.0,2026-08-21T01:11:06.000Z,,https://www.ebay.com/itm/188824615958?hash=item2bf6d2fc16:g:lu8AAeSwZuRqhmEz,https://i.ebayimg.com/images/g/lu8AAeSwZuRqhmEz/s-l225.jpg
无基准,,,,55.0,Nikon FA 35mm Film SLR black Camera Body Tested from Japan [Exc+5],nikon 35mm,Nikon,Film Cameras,Used,199.0,USD,FIXED_PRICE,good-cond,JP,aa2com,100.0,2026-08-21T03:10:50.000Z,,https://www.ebay.com/itm/237020337984?hash=item372f835740:g:XUoAAeSwMf5qh4YS,https://i.ebayimg.com/images/g/XUoAAeSwMf5qh4YS/s-l225.jpg
无基准,,,,55.0,[MINT w/ Strap] Canon Demi EE17 Black 35mm Half Film Camera From JAPAN,canon ee17,Canon,Film Cameras,Used,199.0,USD,FIXED_PRICE,good-cond,JP,yooz_73,100.0,2026-08-21T01:41:20.000Z,,https://www.ebay.com/itm/407159851595?hash=item5ecc9e4a4b:g:ykUAAeSwX4xqh617,https://i.ebayimg.com/images/g/ykUAAeSwX4xqh617/s-l225.jpg
合理,+2%,195.0,80,55.0,【Near Mint】 Nikon F4S 35mm SLR Film Camera Body MB-21 From Japan,nikon f4s,Nikon,Film Cameras,Used,199.0,USD,"FIXED_PRICE,BEST_OFFER",good-cond,JP,futaba_japan_0517,100.0,2026-08-20T15:43:51.000Z,,https://www.ebay.com/itm/227484249323?hash=item34f71e2ceb:g:zZIAAeSwGDJqhx~o,https://i.ebayimg.com/images/g/zZIAAeSwGDJqhx~o/s-l225.jpg
无基准,,,,55.0,Tested [ Top Mint ] Nikon FA Black Film Camera Body SLR 35mm From JAPAN,nikon 35mm,Nikon,Film Cameras,Used,199.9,USD,FIXED_PRICE,good-cond,JP,haruharu_2010,100.0,2026-08-21T07:45:43.000Z,,https://www.ebay.com/itm/318762654730?hash=item4a37bc1c0a:g:-q8AAeSwALdqiALe,https://i.ebayimg.com/images/g/-q8AAeSwALdqiALe/s-l225.jpg
无基准,,,,55.0,S/N 502xxx [ Near MINT ] Nikon FA Silver 35mm SLR Film Camera Body From JAPAN,nikon 35mm,Nikon,Film Cameras,Used,199.99,USD,FIXED_PRICE,good-cond,JP,hakusan_camera,100.0,2026-08-21T07:54:47.000Z,,https://www.ebay.com/itm/198586111957?hash=item2e3ca797d5:g:OigAAeSwWIxqiATA,https://i.ebayimg.com/images/g/OigAAeSwWIxqiATA/s-l225.jpg
无基准,,,,55.0,【MINT IN BOX】 Canon EOS7 EOS 7 ELAN SLR 35mm AF Film Camera BP-300 From JAPAN,canon eos7,Canon,Film Cameras,Used,199.99,USD,FIXED_PRICE,good-cond,JP,ichiro-camera-japan,99.6,2026-08-21T07:40:13.000Z,,https://www.ebay.com/itm/237020805567?hash=item372f8a79bf:g:vJcAAeSwnQ5qGsGK,https://i.ebayimg.com/images/g/vJcAAeSwnQ5qGsGK/s-l225.jpg
合理,+7%,186.35,41,55.0,[MINT w/Case] Nikon AF600 Panorama AF 35mm Point & Shoot Film Camera From JAPAN,nikon af600,Nikon,Film Cameras,Used,199.99,USD,FIXED_PRICE,good-cond,JP,joy-in-photography-japan,100.0,2026-08-21T02:18:48.000Z,,https://www.ebay.com/itm/128037200722?hash=item1dcf9ca352:g:7lMAAeSw7zhqh7Z6,https://i.ebayimg.com/images/g/7lMAAeSw7zhqh7Z6/s-l225.jpg
无基准,,,,55.0,New Seals [N MINT] Nikon FM SLR 35mm Film Camera + 50mm f1.4 Ai Lens From JAPAN,nikon 35mm f1,Nikon,Film Cameras,Used,199.99,USD,FIXED_PRICE,good-cond,JP,zeroportjapan,100.0,2026-08-20T23:26:25.000Z,,https://www.ebay.com/itm/237019938843?hash=item372f7d401b:g:lS4AAeSwBD9qh42c,https://i.ebayimg.com/images/g/lS4AAeSwBD9qh42c/s-l225.jpg
无基准,,,,55.0,[Near MINT+++] Canon Autoboy F Panorama Panda White 35mm Film Camera From JAPAN,canon autoboy panorama,Canon,Film Cameras,Used,199.99,USD,FIXED_PRICE,good-cond,JP,japan.camera.like,100.0,2026-08-20T17:11:38.000Z,,https://www.ebay.com/itm/178427167294?hash=item298b16823e:g:9acAAeSw3h9qhzYE,https://i.ebayimg.com/images/g/9acAAeSw3h9qhzYE/s-l225.jpg
合理,+7%,186.39,80,55.0,No Sticky [MINT+++] Nikon F80 D Film Camera AF 24-50mm f/3.5-4.5 Lens From JAPAN,nikon f80,Nikon,Film Cameras,Used,199.99,USD,FIXED_PRICE,good-cond,JP,ty_camera_japan,100.0,2026-08-20T13:25:19.000Z,,https://www.ebay.com/itm/820027060581?hash=itembeed6bf165:g:AMUAAeSwS8tqhwEJ,https://i.ebayimg.com/images/g/AMUAAeSwS8tqhwEJ/s-l225.jpg
无基准,,,,55.0,[ NEAR MINT w/ Case ] MAMIYA SEKOR C 80mm f/2.8 Standard Lens for M645 Super Pro,mamiya sekor 80mm f2.8,Mamiya,Lenses,Used,199.99,USD,FIXED_PRICE,good-cond,JP,oi_b24,98.8,2026-08-20T04:41:01.000Z,,https://www.ebay.com/itm/800537972981?hash=itemba63c810f5:g:w-cAAeSwb4pqKkHb,https://i.ebayimg.com/images/g/w-cAAeSwb4pqKkHb/s-l225.jpg
无基准,,,,55.0,*Working : READ : Near Mint* Fuji Fujica Single 8 P300 Movie Camera From Japan,fuji 8,Fuji,Vintage Cameras,,205.46,USD,FIXED_PRICE,good-cond,JP,hitonaga-0,100.0,2026-08-21T11:38:35.000Z,,https://www.ebay.com/itm/407160803315?hash=item5eccaccff3:g:Lx0AAeSwhINqYgDk,https://i.ebayimg.com/images/g/Lx0AAeSwhINqYgDk/s-l225.jpg
无基准,,,,55.0,【N MINT】Fujifilm FOTORAMA FUJI INSTANT CAMERA MX800 148mm f/12,fujifilm mx800,Fujifilm,Film Cameras,Used,206.99,USD,FIXED_PRICE,good-cond,JP,japan_fun_camera,100.0,2026-08-21T01:15:30.000Z,,https://www.ebay.com/itm/188824627186?hash=item2bf6d327f2:g:W10AAOSw905nJDqQ,https://i.ebayimg.com/images/g/W10AAOSw905nJDqQ/s-l225.jpg
无基准,,,,55.0,【MINT】Nikon L35 AD2 Point & Shoot 35mm Film Camera,nikon l35,Nikon,Film Cameras,Used,206.99,USD,FIXED_PRICE,good-cond,JP,japan_fun_camera,100.0,2026-08-21T01:15:30.000Z,,https://www.ebay.com/itm/188824627198?hash=item2bf6d327fe:g:kwYAAeSwmodpjqGr,https://i.ebayimg.com/images/g/kwYAAeSwmodpjqGr/s-l225.jpg
无基准,,,,55.0,【N MINT】YASHICA 35 GSN ELECTRO Spiderman Model Film Camera,yashica electro,Yashica,Film Cameras,Used,206.99,USD,FIXED_PRICE,good-cond,JP,japan_fun_camera,100.0,2026-08-21T01:12:28.000Z,,https://www.ebay.com/itm/188824621459?hash=item2bf6d31193:g:uSkAAeSw129qA-Xr,https://i.ebayimg.com/images/g/uSkAAeSw129qA-Xr/s-l225.jpg
无基准,,,,55.0,【MINT-】Nikon L35 AD Point & Shoot ISO 35mm Film Camera,nikon l35,Nikon,Film Cameras,Used,206.99,USD,FIXED_PRICE,good-cond,JP,japan_fun_camera,100.0,2026-08-21T01:11:07.000Z,,https://www.ebay.com/itm/188824616010?hash=item2bf6d2fc4a:g:6ggAAeSwndxqhRYa,https://i.ebayimg.com/images/g/6ggAAeSwndxqhRYa/s-l225.jpg
无基准,,,,55.0,【MINT- BOXED】Fujifilm Instax Minion Mini 8 Special Pack Instant Camera,fujifilm instax,Fujifilm,Film Cameras,Used,206.99,USD,FIXED_PRICE,good-cond,JP,japan_fun_camera,100.0,2026-08-21T01:11:06.000Z,,https://www.ebay.com/itm/188824615910?hash=item2bf6d2fbe6:g:J~IAAeSwS7ZqhQYc,https://i.ebayimg.com/images/g/J~IAAeSwS7ZqhQYc/s-l225.jpg
无基准,,,,55.0,[EXC] RICOH R1 30mm Macro 24mm Wide Point & Shoot Film Camera Tested From JAPAN,ricoh r1,Ricoh,Vintage Cameras,,211.0,USD,"FIXED_PRICE,BEST_OFFER",good-cond,JP,hiro1-0,100.0,2026-08-21T02:19:31.000Z,,https://www.ebay.com/itm/287537371240?hash=item42f2901868:g:LXkAAeSwGflqh7VE,https://i.ebayimg.com/images/g/LXkAAeSwGflqh7VE/s-l225.jpg
无基准,,,,55.0,[N MINT w/ case hood] Mamiya Sekor 250mm f/5 Lens for Universal Press From JAPAN,mamiya sekor 250mm f5,Mamiya,Lenses,Used,214.9,USD,FIXED_PRICE,good-cond,JP,camera_port_japan,100.0,2026-08-20T07:29:25.000Z,,https://www.ebay.com/itm/237018416343?hash=item372f6604d7:g:JxAAAeSwijdqhq4A,https://i.ebayimg.com/images/g/JxAAAeSwijdqhq4A/s-l225.jpg
无基准,,,,55.0,*CLA'd: Almost Mint* Olympus 35 DC Late Model Rangefinder Film Camera 40mm F/1.7,olympus late model,Olympus,Film Cameras,Used,216.65,USD,FIXED_PRICE,good-cond,JP,hitonaga-0,100.0,2026-08-21T11:38:35.000Z,,https://www.ebay.com/itm/407160803316?hash=item5eccaccff4:g:zLoAAeSwwMBqLUMo,https://i.ebayimg.com/images/g/zLoAAeSwwMBqLUMo/s-l225.jpg
无基准,,,,55.0,▶️ MINT Canon Demi EE17 Apple Green 35mm Half Film Camera JAPAN 3027112,canon ee17,Canon,Film Cameras,Used,219.99,USD,FIXED_PRICE,good-cond,JP,momo_and_ai_japan,100.0,2026-08-20T22:35:45.000Z,,https://www.ebay.com/itm/318760789335?hash=item4a379fa557:g:IDgAAeSwJ9tqh4E2,https://i.ebayimg.com/images/g/IDgAAeSwJ9tqh4E2/s-l225.jpg
合理,+10%,199.99,16,55.0,All Works [ MINT w/ Case ] Olympus XA3 Film Camera + A11 Flash From JAPAN,olympus xa3,Olympus,Film Cameras,Used,219.99,USD,FIXED_PRICE,good-cond,JP,antique.21,100.0,2026-08-20T09:54:04.000Z,,https://www.ebay.com/itm/407158168749?hash=item5ecc849cad:g:0VMAAeSwRAVqhtAy,https://i.ebayimg.com/images/g/0VMAAeSwRAVqhtAy/s-l225.jpg
无基准,,,,55.0,*Near Mint ++ w/ Case* Olympus Pen EE-3 35mm Half Frame Film Camera From Japan,olympus ee-3,Olympus,Film Cameras,Used,222.22,USD,FIXED_PRICE,good-cond,JP,hitonaga-0,100.0,2026-08-21T11:38:35.000Z,,https://www.ebay.com/itm/407160803279?hash=item5eccaccfcf:g:gAoAAeSwTz5poion,https://i.ebayimg.com/images/g/gAoAAeSwTz5poion/s-l225.jpg
无基准,,,,55.0,*New Seal : Near Mint ++* Olympus Pen EE-3 35mm Half Frame Film Camera From JPN,olympus ee-3,Olympus,Film Cameras,Used,222.22,USD,FIXED_PRICE,good-cond,JP,hitonaga-0,100.0,2026-08-21T11:38:35.000Z,,https://www.ebay.com/itm/407160803332?hash=item5eccacd004:g:cjgAAeSwycZqY1Pq,https://i.ebayimg.com/images/g/cjgAAeSwycZqY1Pq/s-l225.jpg
无基准,,,,55.0,Near MINT Pentax ESPIO 80 35mm Point & Shoot Compact Film Camera From JAPAN,pentax 80,Pentax,Film Cameras,Used,224.99,USD,FIXED_PRICE,good-cond,JP,uummee0,100.0,2026-08-20T22:16:25.000Z,,https://www.ebay.com/itm/147518474142?hash=item2258c9479e:g:9bUAAeSwFU1p~oE0,https://i.ebayimg.com/images/g/9bUAAeSwFU1p~oE0/s-l225.jpg
无基准,,,,55.0,[Exc+3] Canon Autoboy D5 Panorama Waterproof 35mm Point & Shoot - From JAPAN,canon d5,Canon,Film Cameras,Used,228.0,USD,"FIXED_PRICE,BEST_OFFER",good-cond,JP,blueprint-films_japan,99.1,2026-08-21T09:05:15.000Z,,https://www.ebay.com/itm/206508089859?hash=item3014d76203:g:vbsAAeSw2DJqiBPt,https://i.ebayimg.com/images/g/vbsAAeSw2DJqiBPt/s-l225.jpg
无基准,,,,55.0,[Near MINT w/2 Battery] Nikon D7000 16.2MP Digital SLR Camera Body From JAPAN,nikon d7000,Nikon,Film Cameras,Used,229.99,USD,FIXED_PRICE,good-cond,JP,detsuko-camerashop-jpn,100.0,2026-08-21T08:16:21.000Z,,https://www.ebay.com/itm/398310696396?hash=item5cbd2ae5cc:g:Q3MAAeSw2rZqiAi3,https://i.ebayimg.com/images/g/Q3MAAeSw2rZqiAi3/s-l225.jpg
无基准,,,,55.0,[Near MINT] LCD Works RICOH R1 Green 35mm Point & Shoot Film Camera From JAPAN,ricoh r1,Ricoh,Film Cameras,Used,229.99,USD,FIXED_PRICE,good-cond,JP,n-camera-japan,100.0,2026-08-21T04:36:39.000Z,,https://www.ebay.com/itm/800543452027?hash=itemba641bab7b:g:NS0AAeSwR7pqh9cK,https://i.ebayimg.com/images/g/NS0AAeSwR7pqh9cK/s-l225.jpg
无基准,,,,55.0,【N MINT+++ S/N534xxxx】Nikon FA 35mm SLR Film Camera Body,nikon 35mm,Nikon,Film Cameras,Used,233.99,USD,FIXED_PRICE,good-cond,JP,japan_fun_camera,100.0,2026-08-21T01:12:28.000Z,,https://www.ebay.com/itm/188824621495?hash=item2bf6d311b7:g:6nMAAeSwtTNqRcHp,https://i.ebayimg.com/images/g/6nMAAeSwtTNqRcHp/s-l225.jpg
无基准,,,,55.0,【EXC+++++】Olympus Pen FT 35mm Half Frame Camera 38mm f/1.8 Lens,olympus pen half,Olympus,Film Cameras,Used,233.99,USD,FIXED_PRICE,good-cond,JP,japan_fun_camera,100.0,2026-08-21T01:11:07.000Z,,https://www.ebay.com/itm/188824615991?hash=item2bf6d2fc37:g:6hoAAeSwP19qWC6k,https://i.ebayimg.com/images/g/6hoAAeSwP19qWC6k/s-l225.jpg
无基准,,,,55.0,[MINT] Mamiya Sekor C 80mm F/2.8 M645 1000S Super Pro TL From JAPAN,mamiya sekor 80mm f2.8,Mamiya,Lenses,Used,239.99,USD,FIXED_PRICE,good-cond,JP,yutajapan777,99.8,2026-08-20T16:57:03.000Z,,https://www.ebay.com/itm/820027705809?hash=itembeed75c9d1:g:xp4AAeSwsx9qhzMZ,https://i.ebayimg.com/images/g/xp4AAeSwsx9qhzMZ/s-l225.jpg
无基准,,,,55.0,⏯️ All Works! [ Exc +5] Canon Auto Zoom 318M Super 8 8mm Movie Camera From JAPAN,canon 318m,Canon,Vintage Cameras,,239.99,USD,FIXED_PRICE,good-cond,JP,good_time_camera,100.0,2026-08-20T06:44:16.000Z,,https://www.ebay.com/itm/407157824142?hash=item5ecc7f5a8e:g:vvAAAeSwZuRqhqLI,https://i.ebayimg.com/images/g/vvAAAeSwZuRqhqLI/s-l225.jpg
无基准,,,,55.0,Fujifilm Tiara Zoom Point & Shoot 35mm Film Camera From Japan [Exc],fujifilm tiara,Fujifilm,Film Cameras,Used,240.0,USD,"FIXED_PRICE,BEST_OFFER",good-cond,JP,hdeyukiiino,99.7,2026-08-21T09:38:26.000Z,,https://www.ebay.com/itm/298606447570?hash=item458654cbd2:g:wJsAAeSwislqh6o4,https://i.ebayimg.com/images/g/wJsAAeSwislqh6o4/s-l225.jpg
合理,+1%,239.99,24,55.0,【N MINT+++】Konica IIIA III A Rangefinder 35mm Film Camera Hexanon 48mm f/2 Lens,konica iiia iii,Konica,Film Cameras,Used,242.99,USD,FIXED_PRICE,good-cond,JP,japan_fun_camera,100.0,2026-08-21T01:12:28.000Z,,https://www.ebay.com/itm/188824621467?hash=item2bf6d3119b:g:fWEAAeSwDPJqC-di,https://i.ebayimg.com/images/g/fWEAAeSwDPJqC-di/s-l225.jpg
无基准,,,,55.0,【N MINT+++】Fujifilm Tiara Zoom Super-EBC Fujinon Zoom Compact Film Camera,fujifilm tiara super-ebc,Fujifilm,Film Cameras,Used,242.99,USD,FIXED_PRICE,good-cond,JP,japan_fun_camera,100.0,2026-08-21T01:12:28.000Z,,https://www.ebay.com/itm/188824621599?hash=item2bf6d3121f:g:UgIAAeSw7uhqM07D,https://i.ebayimg.com/images/g/UgIAAeSw7uhqM07D/s-l225.jpg
无基准,,,,55.0,【N MINT+++ 】YASHICA Auto TLR 6x6 Film Camera Yashinon 80mm f/3.5,yashica 80mm f3.5,Yashica,Film Cameras,Used,242.99,USD,FIXED_PRICE,good-cond,JP,japan_fun_camera,100.0,2026-08-21T01:11:07.000Z,,https://www.ebay.com/itm/188824616037?hash=item2bf6d2fc65:g:8OcAAeSwyJVqTGAr,https://i.ebayimg.com/images/g/8OcAAeSwyJVqTGAr/s-l225.jpg
无基准,,,,55.0,[MINT] Olympus XA2 Film Camera 35mm Black w/ A11 Flash JAPAN #SALE #A022,olympus xa2,Olympus,Film Cameras,Used,245.2,USD,"FIXED_PRICE,BEST_OFFER",good-cond,JP,japan_lens_market,100.0,2026-08-21T09:04:12.000Z,,https://www.ebay.com/itm/137646395613?hash=item200c5d50dd:g:bmUAAeSwjPRqGbbO,https://i.ebayimg.com/images/g/bmUAAeSwjPRqGbbO/s-l225.jpg
无基准,,,,55.0,[MINT] OLYMPUS Ecru 20000 Limited 35mm Point & Shoot Camera From JAPAN,olympus ecru 20000,Olympus,Film Cameras,Used,249.9,USD,FIXED_PRICE,good-cond,JP,tokyosnapshot,99.7,2026-08-20T21:50:53.000Z,,https://www.ebay.com/itm/128036901839?hash=item1dcf9813cf:g:USkAAeSwNuRqh3fy,https://i.ebayimg.com/images/g/USkAAeSwNuRqh3fy/s-l225.jpg
无基准,,,,55.0,*Near Mint ++ w/ Cap* Ricoh Ricohflex New DIA Riconar 80mm F/3.5 TLR Camera /JPN,ricoh ricohflex dia,Ricoh,Film Cameras,Used,249.99,USD,FIXED_PRICE,good-cond,JP,dub0804-55,100.0,2026-08-21T11:34:44.000Z,,https://www.ebay.com/itm/366620397093?hash=item555c474e25:g:qMQAAeSwaW5oICq5,https://i.ebayimg.com/images/g/qMQAAeSwaW5oICq5/s-l225.jpg
无基准,,,,55.0,Nikon F4S F4 MB-21 35mm SLR Camera [No LCD Leak Near MINT w/Databack] JAPAN #319,nikon f4s,Nikon,Film Cameras,Used,249.99,USD,FIXED_PRICE,good-cond,JP,lingenterpr-0,100.0,2026-08-21T11:33:38.000Z,,https://www.ebay.com/itm/178429801290?hash=item298b3eb34a:g:WbIAAeSwFh9qiDiH,https://i.ebayimg.com/images/g/WbIAAeSwFh9qiDiH/s-l225.jpg
无基准,,,,55.0,[Near MINT/Tested!] Nikon F4S SLR 35mm Film Camera Body MB-21 from JAPAN,nikon f4s,Nikon,Film Cameras,Used,249.99,USD,FIXED_PRICE,good-cond,JP,detsuko-camerashop-jpn,100.0,2026-08-21T09:13:59.000Z,,https://www.ebay.com/itm/398310891264?hash=item5cbd2ddf00:g:FKQAAeSw0fJqiBWv,https://i.ebayimg.com/images/g/FKQAAeSw0fJqiBWv/s-l225.jpg
无基准,,,,55.0,[MINT-] Nikon L35 AD Point & Shoot ISO 1000 35mm Film Camera +Filter1 From JAPAN,nikon l35,Nikon,Film Cameras,Used,249.99,USD,FIXED_PRICE,good-cond,JP,origami-camera_japan,100.0,2026-08-21T08:50:49.000Z,,https://www.ebay.com/itm/407160449847?hash=item5ecca76b37:g:vdYAAeSw7SlqiBKa,https://i.ebayimg.com/images/g/vdYAAeSw7SlqiBKa/s-l225.jpg
无基准,,,,55.0,[Near MINT] OLYMPUS PEN F 35mm Half Frame Film Camera 38mm f/1.8 Lens From JAPAN,olympus pen half,Olympus,Film Cameras,Used,249.99,USD,FIXED_PRICE,good-cond,JP,tochigi-camera-japan,100.0,2026-08-20T16:27:23.000Z,,https://www.ebay.com/itm/407158964775?hash=item5ecc90c227:g:mGkAAeSw7dJqhy1I,https://i.ebayimg.com/images/g/mGkAAeSw7dJqhy1I/s-l225.jpg
无基准,,,,55.0,Read! Contax 137 MA 137MA Quartz Film Camera Black Body From Japan Tested,contax 137,Contax,Film Cameras,Used,258.05,USD,"FIXED_PRICE,BEST_OFFER",,JP,hana_from_japan,100.0,2026-08-21T10:57:45.000Z,,https://www.ebay.com/itm/168630442542?hash=item2743285a2e:g:h4MAAeSwkfRqP5Rt,https://i.ebayimg.com/images/g/h4MAAeSwkfRqP5Rt/s-l225.jpg
无基准,,,,55.0,[EXC+4 Tested] Canon EOS 7 (EOS Elan 7E) 35mm SLR Film Camera Body w/Cap & Strap,canon 7,Canon,Film Cameras,Used,259.49,USD,FIXED_PRICE,good-cond,JP,hirari_japan,100.0,2026-08-21T07:38:34.000Z,,https://www.ebay.com/itm/188825931625?hash=item2bf6e70f69:g:whsAAeSwEQFqiACa,https://i.ebayimg.com/images/g/whsAAeSwEQFqiACa/s-l225.jpg
无基准,,,,55.0,[Near MINT] Nikon S2 Silver Rangefinder 35mm Film Camera Body Only From JAPAN,nikon s2,Nikon,Film Cameras,Used,259.99,USD,FIXED_PRICE,good-cond,JP,n-camera-japan,100.0,2026-08-21T04:46:18.000Z,,https://www.ebay.com/itm/800543477691?hash=itemba641c0fbb:g:THkAAeSwFfJqh9lD,https://i.ebayimg.com/images/g/THkAAeSwFfJqh9lD/s-l225.jpg
无基准,,,,55.0,【N MINT+++】Canon Ae1p Program 35mm SLR Film Camera NFD 50mm f/1.4 Lens,canon ae1p,Canon,Film Cameras,Used,260.99,USD,FIXED_PRICE,good-cond,JP,japan_fun_camera,100.0,2026-08-21T01:15:30.000Z,,https://www.ebay.com/itm/188824627214?hash=item2bf6d3280e:g:qGsAAeSwoS9qTGeH,https://i.ebayimg.com/images/g/qGsAAeSwoS9qTGeH/s-l225.jpg
无基准,,,,55.0,【N MINT+++ 】YASHICA D 6x6 TLR Film Camera Yashikor 80mm f/3.5 Lens,yashica 80mm f3.5,Yashica,Film Cameras,Used,260.99,USD,FIXED_PRICE,good-cond,JP,japan_fun_camera,100.0,2026-08-21T01:11:07.000Z,,https://www.ebay.com/itm/188824616025?hash=item2bf6d2fc59:g:qdsAAeSwvEZqhmWm,https://i.ebayimg.com/images/g/qdsAAeSwvEZqhmWm/s-l225.jpg
无基准,,,,55.0,【MINT-】Nikon New FM Silver 35mm SLR Film Camera Ai 50mm f/1.8 Lens,nikon 35mm f1.8,Nikon,Film Cameras,Used,260.99,USD,FIXED_PRICE,good-cond,JP,japan_fun_camera,100.0,2026-08-21T01:11:06.000Z,,https://www.ebay.com/itm/188824615879?hash=item2bf6d2fbc7:g:ptYAAeSwi55qg8DP,https://i.ebayimg.com/images/g/ptYAAeSwi55qg8DP/s-l225.jpg
无基准,,,,55.0,Canon EOS 7 ELAN 7E 35mm SLR Film Camera Body from Japan [Exc+5],canon 7,Canon,Film Cameras,Used,263.5,USD,FIXED_PRICE,good-cond,JP,sakura_camera06,100.0,2026-08-21T07:10:55.000Z,,https://www.ebay.com/itm/287537731023?hash=item42f29595cf:g:CmYAAeSwS4pqe2V3,https://i.ebayimg.com/images/g/CmYAAeSwS4pqe2V3/s-l225.jpg
无基准,,,,55.0,*Meter Works : Near Mint* Canon 7 Rangefinder Film Camera Body From Japan,canon 7,Canon,Film Cameras,Used,266.65,USD,FIXED_PRICE,good-cond,JP,dub0804-55,100.0,2026-08-21T11:34:44.000Z,,https://www.ebay.com/itm/366620397083?hash=item555c474e1b:g:MykAAeSwD3hpoYEJ,https://i.ebayimg.com/images/g/MykAAeSwD3hpoYEJ/s-l225.jpg
无基准,,,,55.0,[ MINT/Strap ] Pentax MZ-3 Black 35mm Film Camera FA 50mm f1.4 Lens From JAPAN,pentax mz-3,Pentax,Film Cameras,Used,266.66,USD,FIXED_PRICE,good-cond,JP,ku2ko1_76,100.0,2026-08-21T09:34:34.000Z,,https://www.ebay.com/itm/800544531521?hash=itemba642c2441:g:aWEAAeSwJ9tqiBzd,https://i.ebayimg.com/images/g/aWEAAeSwJ9tqiBzd/s-l225.jpg
无基准,,,,55.0,LCD OK [N MINT] Canon EOS-1N RS SLR 35mm Film Camera Black Body From JAPAN,canon eos-1n,Canon,Film Cameras,Used,269.9,USD,FIXED_PRICE,good-cond,JP,kanazaway,100.0,2026-08-20T16:50:31.000Z,,https://www.ebay.com/itm/407159013393?hash=item5ecc918011:g:vD4AAeSwvDhqhzE3,https://i.ebayimg.com/images/g/vD4AAeSwvDhqhzE3/s-l225.jpg
无基准,,,,55.0,【N MINT Meter Works】Olympus Pen FT 35mm Half Frame Camera 38mm f/1.8 LENS,olympus pen half,Olympus,Film Cameras,Used,269.99,USD,FIXED_PRICE,good-cond,JP,japan_fun_camera,100.0,2026-08-21T01:11:07.000Z,,https://www.ebay.com/itm/188824615961?hash=item2bf6d2fc19:g:Cw0AAeSwjYdqVuqw,https://i.ebayimg.com/images/g/Cw0AAeSwjYdqVuqw/s-l225.jpg
无基准,,,,55.0,【N MINT】Olympus Pen F 35mm Half Frame Camera 38mm f/1.8 LENS,olympus pen half,Olympus,Film Cameras,Used,269.99,USD,FIXED_PRICE,good-cond,JP,japan_fun_camera,100.0,2026-08-21T01:11:07.000Z,,https://www.ebay.com/itm/188824616038?hash=item2bf6d2fc66:g:rucAAeSwRQxqYDrn,https://i.ebayimg.com/images/g/rucAAeSwRQxqYDrn/s-l225.jpg
无基准,,,,55.0,【MINT-Meter Works】Yashica 44 LM Grey 127 Film 4x4 TLR Camera 60mm f/3.5 Lens,yashica 44,Yashica,Film Cameras,Used,269.99,USD,FIXED_PRICE,good-cond,JP,japan_fun_camera,100.0,2026-08-21T01:11:07.000Z,,https://www.ebay.com/itm/188824616062?hash=item2bf6d2fc7e:g:q4MAAeSwRTtqbB1D,https://i.ebayimg.com/images/g/q4MAAeSwRTtqbB1D/s-l225.jpg
无基准,,,,55.0,[Near MINT] Canon EOS-1N EOS 1N 35mm SLR Film Camera Body Black From JAPAN,canon eos-1n,Canon,Film Cameras,Used,269.99,USD,FIXED_PRICE,good-cond,JP,shima-0201,99.8,2026-08-20T23:06:35.000Z,,https://www.ebay.com/itm/287537113467?hash=item42f28c297b:g:dc4AAeSwpN5qh4lt,https://i.ebayimg.com/images/g/dc4AAeSwpN5qh4lt/s-l225.jpg
无基准,,,,55.0,[Exc+4] PENTAX ESPIO 120SWⅡ Point & Shoot 35mm Film Camera - From JAPAN,pentax 120sw,Pentax,Film Cameras,Used,272.0,USD,"FIXED_PRICE,BEST_OFFER",good-cond,JP,blueprint-films_japan,99.1,2026-08-21T12:14:37.000Z,,https://www.ebay.com/itm/206508447382?hash=item3014dcd696:g:FcwAAeSw~gJqiEDk,https://i.ebayimg.com/images/g/FcwAAeSw~gJqiEDk/s-l225.jpg
无基准,,400.0,40,55.0,Sinar F 4x5 Monorail Large Format Film Camera Body Manual Focus Black/Silver,sinar monorail,Sinar,Film Cameras,Used,275.0,USD,"FIXED_PRICE,AUCTION",auction,US,lau-9963,100.0,2026-08-20T22:34:01.000Z,2026-08-27T22:34:01.000Z,https://www.ebay.com/itm/318760787898?hash=item4a379f9fba:g:EwMAAeSwMk1qh3~Y,https://i.ebayimg.com/images/g/EwMAAeSwMk1qh3~Y/s-l225.jpg
无基准,,,,55.0,[Near MINT] Canon EOS 5 SLR Camera Body + 28-80mm + 50mm F1.8 II From JAPAN,canon 5,Canon,Film Cameras,Used,279.0,USD,FIXED_PRICE,good-cond,JP,kanazaway,100.0,2026-08-20T16:14:37.000Z,,https://www.ebay.com/itm/407158941911?hash=item5ecc9068d7:g:aXgAAeSwJmhqhyp7,https://i.ebayimg.com/images/g/aXgAAeSwJmhqhyp7/s-l225.jpg
无基准,,,,55.0,*Near Mint* Yashica Yashicaflex Model C TLR 6x6 Camera 80mm F/3.5 Lens From JPN,yashica yashicaflex model,Yashica,Film Cameras,Used,279.99,USD,FIXED_PRICE,good-cond,JP,dub0804-55,100.0,2026-08-21T11:34:44.000Z,,https://www.ebay.com/itm/366620397056?hash=item555c474e00:g:IY0AAeSw2AdqcHk6,https://i.ebayimg.com/images/g/IY0AAeSw2AdqcHk6/s-l225.jpg
无基准,,,,55.0,[Near MINT] Canon EOS-1N EOS 1N 35mm SLR Film Camera Body Black From JAPAN,canon eos-1n,Canon,Film Cameras,Used,279.99,USD,FIXED_PRICE,good-cond,JP,shima-0201,99.8,2026-08-20T23:07:52.000Z,,https://www.ebay.com/itm/287537114614?hash=item42f28c2df6:g:2HAAAeSwNuRqh4kI,https://i.ebayimg.com/images/g/2HAAAeSwNuRqh4kI/s-l225.jpg
无基准,,,,55.0,[NEAR MINT] Nikon FM Black Body SLR Film Camera Ai 50mm F1.8 MF Lens JAPAN,nikon 50mm f1.8,Nikon,Film Cameras,Used,286.87,USD,FIXED_PRICE,good-cond,JP,mictok_98,99.0,2026-08-21T07:10:37.000Z,,https://www.ebay.com/itm/398310514520?hash=item5cbd281f58:g:uVIAAeSwpfhqhHAs,https://i.ebayimg.com/images/g/uVIAAeSwpfhqhHAs/s-l225.jpg
无基准,,,,55.0,【MINT-CLA'd 】Canon Ae1p Program 35mm SLR Film Camera NFD 50mm f/1.4 Lens,canon ae1p,Canon,Film Cameras,Used,287.99,USD,FIXED_PRICE,good-cond,JP,japan_fun_camera,100.0,2026-08-21T01:12:28.000Z,,https://www.ebay.com/itm/188824621545?hash=item2bf6d311e9:g:SXgAAeSw0Plp8BdP,https://i.ebayimg.com/images/g/SXgAAeSw0Plp8BdP/s-l225.jpg
无基准,,,,55.0,Late Model [Near MINT+++] Nikon S2 Black Dial Rangefinder 35mm Film Camera JAPAN,nikon s2,Nikon,Film Cameras,Used,289.99,USD,FIXED_PRICE,good-cond,JP,mublo_8,100.0,2026-08-21T04:16:53.000Z,,https://www.ebay.com/itm/398310094725?hash=item5cbd21b785:g:FOsAAeSwguZqh9Io,https://i.ebayimg.com/images/g/FOsAAeSwguZqh9Io/s-l225.jpg
无基准,,,,55.0,【N MINT+++】Canon P Rangefinder 35mm Film Camera Body,canon 35mm,Canon,Film Cameras,Used,296.99,USD,FIXED_PRICE,good-cond,JP,japan_fun_camera,100.0,2026-08-21T01:11:06.000Z,,https://www.ebay.com/itm/188824615942?hash=item2bf6d2fc06:g:AG8AAeSwLBFqhRST,https://i.ebayimg.com/images/g/AG8AAeSwLBFqhRST/s-l225.jpg
无基准,,,,55.0,Honeycomb [Top MINT] Nikon FA Silver SLR 35mm Film Camera Body Only From JAPAN,nikon 35mm,Nikon,Film Cameras,Used,299.0,USD,FIXED_PRICE,good-cond,JP,camera_connection_tokyo,100.0,2026-08-21T04:10:20.000Z,,https://www.ebay.com/itm/307138483903?hash=item4782e156bf:g:8N8AAeSww45qh9Av,https://i.ebayimg.com/images/g/8N8AAeSww45qh9Av/s-l225.jpg
无基准,,,,55.0,[Exc+5] Olympus XA2 35mm Point & Shoot Camera From JAPAN,olympus xa2,Olympus,Film Cameras,Used,299.99,USD,FIXED_PRICE,good-cond,JP,positive_star_camera,99.9,2026-08-21T12:02:42.000Z,,https://www.ebay.com/itm/407160842973?hash=item5eccad6add:g:vh4AAeSwdABqiD8h,https://i.ebayimg.com/images/g/vh4AAeSwdABqiD8h/s-l225.jpg
无基准,,,,55.0,Flash O.K[Near MINT] Konica Recorder Red Half Frame 35mm Film Camera JAPAN A-983,konica recorder red,Konica,Film Cameras,Used,299.99,USD,FIXED_PRICE,good-cond,JP,camera_journey_japan17,100.0,2026-08-21T07:06:50.000Z,,https://www.ebay.com/itm/800543971686?hash=itemba64239966:g:sGkAAeSwBO5qh~mH,https://i.ebayimg.com/images/g/sGkAAeSwBO5qh~mH/s-l225.jpg
无基准,,,,55.0,Meter Works [READ NEAR MINT] Yashica Mat 124G 6x6 TLR Film Camera From JAPAN,yashica 124g,Yashica,Film Cameras,Used,299.99,USD,FIXED_PRICE,good-cond,JP,ht-smile,100.0,2026-08-20T16:49:03.000Z,,https://www.ebay.com/itm/128036566791?hash=item1dcf92f707:g:jvQAAeSwNoNqhy5R,https://i.ebayimg.com/images/g/jvQAAeSwNoNqhy5R/s-l225.jpg
无基准,,,,55.0,All Works NEAR MINT Canon Auto Zoom 518 SV Super 8 Film Movie Camera From Japan,canon 518,Canon,Vintage Cameras,,302.0,USD,"FIXED_PRICE,BEST_OFFER",good-cond,JP,kss-film,100.0,2026-08-20T13:45:41.000Z,,https://www.ebay.com/itm/206506060070?hash=item3014b86926:g:Js4AAeSwgW9qhwQi,https://i.ebayimg.com/images/g/Js4AAeSwgW9qhwQi/s-l225.jpg
无基准,,,,55.0,Canon EOS 7 ELAN 7E BP-300 Battery Pack Grip from Japan [Mint],canon 7,Canon,Film Cameras,Used,304.42,USD,FIXED_PRICE,good-cond,JP,sakura_camera06,100.0,2026-08-21T07:10:55.000Z,,https://www.ebay.com/itm/287537731033?hash=item42f29595d9:g:kh4AAeSwhP1qdHqI,https://i.ebayimg.com/images/g/kh4AAeSwhP1qdHqI/s-l225.jpg
无基准,,,,55.0,【N MINT+++ Meter Works】Olympus Pen FT 35mm Half Frame Camera 38mm f/1.8 LENS,olympus pen half,Olympus,Film Cameras,Used,305.99,USD,FIXED_PRICE,good-cond,JP,japan_fun_camera,100.0,2026-08-21T01:12:28.000Z,,https://www.ebay.com/itm/188824621596?hash=item2bf6d3121c:g:EjkAAeSwIDZqRcTn,https://i.ebayimg.com/images/g/EjkAAeSwIDZqRcTn/s-l225.jpg
无基准,,,,55.0,Super Rare [MINT] Konica Pearl I RS Medium Format Film Camera from JAPAN,konica pearl,Konica,Film Cameras,Used,319.9,USD,FIXED_PRICE,good-cond,JP,samurai_camera,100.0,2026-08-21T10:04:19.000Z,,https://www.ebay.com/itm/298606481035?hash=item4586554e8b:g:7k4AAeSwGVppcsQb,https://i.ebayimg.com/images/g/7k4AAeSwGVppcsQb/s-l225.jpg
无基准,,,,55.0,[US Duty Paid] Mamiya C3 Professional TLR Film Camera 105mm f3.5 JAPAN #L135,mamiya c3,Mamiya,Film Cameras,Very Good - Refurbished,319.99,USD,FIXED_PRICE,,JP,youhei_camera_japan,100.0,2026-08-21T11:34:13.000Z,,https://www.ebay.com/itm/198586507133?hash=item2e3cad9f7d:g:6kgAAeSw5ZZp3ycW,https://i.ebayimg.com/images/g/6kgAAeSw5ZZp3ycW/s-l225.jpg
无基准,,,,55.0,【MINT+】 Carl Zeiss JENA DDR FLEKTOGON 50mm f4 MC Lens Pentacon Six TL From JAPAN,zeiss flektogon 50mm f4,Zeiss,Lenses,Used,319.99,USD,FIXED_PRICE,good-cond,JP,jun0-73,100.0,2026-08-20T19:12:25.000Z,,https://www.ebay.com/itm/820028103264?hash=itembeed7bda60:g:73IAAeSwVf1qh0-i,https://i.ebayimg.com/images/g/73IAAeSwVf1qh0-i/s-l225.jpg
无基准,,,,55.0,[Exc+4] OLYMPUS XA2 Vintage Retro Point & Shoot 35mm Film Camera - From JAPAN,olympus xa2,Olympus,Film Cameras,Used,327.0,USD,"FIXED_PRICE,BEST_OFFER",good-cond,JP,blueprint-films_japan,99.1,2026-08-21T06:49:44.000Z,,https://www.ebay.com/itm/206507828686?hash=item3014d365ce:g:crQAAeSwva1qh~Sq,https://i.ebayimg.com/images/g/crQAAeSwva1qh~Sq/s-l225.jpg
无基准,,,,55.0,Minolta XD Silver 35mm SLR Film Camera Body Tested Working Near Mint from Japan,minolta 35mm,Minolta,Film Cameras,Used,327.0,USD,"FIXED_PRICE,BEST_OFFER",good-cond,JP,finali40,100.0,2026-08-21T02:31:20.000Z,,https://www.ebay.com/itm/800542960541?hash=itemba64142b9d:g:AiUAAeSwhq5qh7cj,https://i.ebayimg.com/images/g/AiUAAeSwhq5qh7cj/s-l225.jpg
无基准,,,,55.0,[Top MINT] Mamiya Sekor C E 70mm f2.8 Standard Lens M645 1000S Pro TL From JAPAN,mamiya sekor 70mm f2.8,Mamiya,Lenses,Used,329.49,USD,FIXED_PRICE,good-cond,JP,kobe_japan_camera,99.2,2026-08-20T12:38:10.000Z,,https://www.ebay.com/itm/318758931665?hash=item4a37834cd1:g:kUQAAeSw0ttqcJ5H,https://i.ebayimg.com/images/g/kUQAAeSw0ttqcJ5H/s-l225.jpg
无基准,,,,55.0,Read [Near MINT-] LCD Works RICOH GR10 Point & Shoot 35mm Film Camera JAPAN,ricoh gr10,Ricoh,Film Cameras,Used,329.99,USD,FIXED_PRICE,good-cond,JP,n-camera-japan,100.0,2026-08-21T04:33:16.000Z,,https://www.ebay.com/itm/800543445702?hash=itemba641b92c6:g:MH4AAeSwmOBqh9YA,https://i.ebayimg.com/images/g/MH4AAeSwmOBqh9YA/s-l225.jpg
无基准,,,,55.0,【N MINT+++】Olympus Pen FT 35mm Half Frame Camera 38mm f/1.8 Lens,olympus pen half,Olympus,Film Cameras,Used,332.99,USD,FIXED_PRICE,good-cond,JP,japan_fun_camera,100.0,2026-08-21T01:11:07.000Z,,https://www.ebay.com/itm/188824615969?hash=item2bf6d2fc21:g:zFMAAeSwYUhqYs1m,https://i.ebayimg.com/images/g/zFMAAeSwYUhqYs1m/s-l225.jpg
无基准,,,,55.0,【N MINT+++】Nikon L35 AF ISO 1000 Point & Shoot 35mm Film Camera,nikon l35,Nikon,Film Cameras,Used,332.99,USD,FIXED_PRICE,good-cond,JP,japan_fun_camera,100.0,2026-08-21T01:11:07.000Z,,https://www.ebay.com/itm/188824615973?hash=item2bf6d2fc25:g:EaoAAeSw1stqYW9e,https://i.ebayimg.com/images/g/EaoAAeSw1stqYW9e/s-l225.jpg
无基准,,,,55.0,[ TOP MINT ] Canon EOS-1N 35mm Film Camera Body Power Booster E1 From JAPAN,canon eos-1n,Canon,Film Cameras,Used,339.99,USD,FIXED_PRICE,good-cond,JP,toshi-japan-camera,100.0,2026-08-21T04:28:14.000Z,,https://www.ebay.com/itm/377437536672?hash=item57e107c1a0:g:ywwAAeSwZnFqaq6l,https://i.ebayimg.com/images/g/ywwAAeSwZnFqaq6l/s-l225.jpg
合理,-8%,368.44,16,55.0,All Works!! [Top MINT] RICOH FF-9SD Limited Skeleton 35mm Film Camera From JAPAN,ricoh ff-9sd,Ricoh,Film Cameras,Used,339.99,USD,"FIXED_PRICE,BEST_OFFER",good-cond,JP,hisagi.camera.marketjp,100.0,2026-08-20T08:01:56.000Z,,https://www.ebay.com/itm/377434713175?hash=item57e0dcac57:g:rakAAeSwOCtqhrPh,https://i.ebayimg.com/images/g/rakAAeSwOCtqhrPh/s-l225.jpg
无基准,,,,55.0,MAMIYA UNIVERSAL Rangefinder Film Camera SEKOR 100mm f/3.5 Lens Tested JAPAN,mamiya universal sekor,Mamiya,Film Cameras,Used,340.0,USD,"FIXED_PRICE,BEST_OFFER",,JP,hana_from_japan,100.0,2026-08-21T10:57:45.000Z,,https://www.ebay.com/itm/168630442546?hash=item2743285a32:g:pRkAAeSwYttqa0hq,https://i.ebayimg.com/images/g/pRkAAeSwYttqa0hq/s-l225.jpg
无基准,,,,55.0,【N MINT+++ Meter Works】Olympus Pen FV 35mm SLR Film Camera 38mm f/1.8 Lens,olympus pen,Olympus,Film Cameras,Used,341.99,USD,FIXED_PRICE,good-cond,JP,japan_fun_camera,100.0,2026-08-21T01:11:06.000Z,,https://www.ebay.com/itm/188824615930?hash=item2bf6d2fbfa:g:UNUAAeSwmKhqhQig,https://i.ebayimg.com/images/g/UNUAAeSwmKhqhQig/s-l225.jpg
无基准,,,,55.0,*Near Mint* Konica Autoreflex T3 Early Model Film Camera Hexanon AR 50mm F/1.7,konica autoreflex,Konica,Film Cameras,Used,342.45,USD,FIXED_PRICE,good-cond,JP,hitonaga-0,100.0,2026-08-21T11:38:35.000Z,,https://www.ebay.com/itm/407160803275?hash=item5eccaccfcb:g:cDgAAeSwsYtoAxNu,https://i.ebayimg.com/images/g/cDgAAeSwsYtoAxNu/s-l225.jpg
无基准,,,,55.0,【Top MINT】 Kyocera T Zoom Yashica T4 Point & Shoot 35mm Film Camera From JAPAN,yashica t4,Yashica,Film Cameras,Used,349.99,USD,FIXED_PRICE,good-cond,JP,ichiro-camera-japan,99.6,2026-08-21T07:38:23.000Z,,https://www.ebay.com/itm/237020800562?hash=item372f8a6632:g:ctEAAeSwEM5qZv2u,https://i.ebayimg.com/images/g/ctEAAeSwEM5qZv2u/s-l225.jpg
合理,+3%,339.99,61,55.0,[Near MINT] Fujifilm Fuji Rensha Cardia Byu-N 16 35mm Film camera From JAPAN,fujifilm 16,Fujifilm,Film Cameras,Used,349.99,USD,FIXED_PRICE,good-cond,JP,peke-japan,100.0,2026-08-20T19:55:18.000Z,,https://www.ebay.com/itm/287536828290?hash=item42f287cf82:g:0RcAAeSw7BNqh1yZ,https://i.ebayimg.com/images/g/0RcAAeSw7BNqh1yZ/s-l225.jpg
无基准,,,,55.0,ALL Works [NEAR MINT] Canon Auto Zoom 518 SV Super 8 Movie Camera US DUTY PAID,canon 518,Canon,Vintage Cameras,,349.99,USD,"FIXED_PRICE,BEST_OFFER",good-cond,JP,prosper-nagoya-japan,99.8,2026-08-20T15:02:32.000Z,,https://www.ebay.com/itm/267762693550?hash=item3e57e675ae:g:N-kAAeSwJm1qhxWu,https://i.ebayimg.com/images/g/N-kAAeSwJm1qhxWu/s-l225.jpg
无基准,,,,55.0,*Near Mint* Minolta α Maxxum Dynax 7000 Film Camera AF Zoom 35-70mm 100-200mm,minolta 7000,Minolta,Film Cameras,Used,350.86,USD,FIXED_PRICE,good-cond,JP,dub0804-55,100.0,2026-08-21T11:34:44.000Z,,https://www.ebay.com/itm/366620397061?hash=item555c474e05:g:Ge4AAeSwC~ZqY1V0,https://i.ebayimg.com/images/g/Ge4AAeSwC~ZqY1V0/s-l225.jpg
无基准,,,,55.0,DX [MINT w/case] Konica Recorder Point&shoot film Camera From JAPAN,konica recorder,Konica,Film Cameras,Used,359.99,USD,FIXED_PRICE,good-cond,JP,japan_camera_select,100.0,2026-08-21T09:38:00.000Z,,https://www.ebay.com/itm/398310951802?hash=item5cbd2ecb7a:g:FoUAAeSwj8NqiB0w,https://i.ebayimg.com/images/g/FoUAAeSwj8NqiB0w/s-l225.jpg
无基准,,,,55.0,【MINT-】Canon EOS 1N HS SLR 35mm Film Camera Body Black,canon 1n,Canon,Film Cameras,Used,359.99,USD,FIXED_PRICE,good-cond,JP,japan_fun_camera,100.0,2026-08-21T01:11:07.000Z,,https://www.ebay.com/itm/188824616022?hash=item2bf6d2fc56:g:E5cAAeSwwvJqcqPL,https://i.ebayimg.com/images/g/E5cAAeSwwvJqcqPL/s-l225.jpg
